Case number,AER form,Received date,Reporter,Country,Gender,Species,Breed,Drug,Reaction,Animals affected,Animals treated,Animals died
AU-DEBIAHP-2014AU00214,"<a target=""_blank""  href=""/xmlpserver/EVVET3 PW NEW/Subject Area Contents/Public Website/Report (PDF)/AER.xdo?_xpf=&_xpt=1&_params%2FOracle%20BI%20EE%3A%3ADefaultApp%3A%3AEVVET3%20PR%20NEW%2FAER%3A%3Adimension%2FAER%20Id%3A%3Aattribute%3A%3Anoaggr%3A%3Axsd%3Adouble=408606&_xt=AER&_xf=pdf""> AER </a>",2014-08-19 00:00:00,Other health care professional,Australia,MALE,Dog,Maltese,"Anarthron 100 mg/ml Solution for Injection, Cartrophen Vet 100 mg/ml Solution for Injection., Cartrophen Vet. 100 mg/ml injektionsvæske, opløsning, Cartrophen vet, Cartrophen vet. 100 mg/ml Injektionsvätska, lösning, Cartrophen vet. 100 mg/ml injektioneste, liuos, Metacam 1 mg - Chewable tablet (dogs)",Self trauma,1,1,
AU-DEBIAHP-2014AU00282,"<a target=""_blank""  href=""/xmlpserver/EVVET3 PW NEW/Subject Area Contents/Public Website/Report (PDF)/AER.xdo?_xpf=&_xpt=1&_params%2FOracle%20BI%20EE%3A%3ADefaultApp%3A%3AEVVET3%20PR%20NEW%2FAER%3A%3Adimension%2FAER%20Id%3A%3Aattribute%3A%3Anoaggr%3A%3Axsd%3Adouble=418285&_xt=AER&_xf=pdf""> AER </a>",2014-10-31 00:00:00,Veterinarian,Australia,MALE,Dog,Terrier - Fox Smooth,"ALFAXAN 10 mg/ml solution for injection for dogs and cats, Atropine 0,1% pro inj., 1 mg/ml oplossing voor injectie voor honden en katten., Metacam 1 mg - Chewable tablet (dogs), Metacam 2 mg/ml - Solution for injection (cats), Metacam 20 mg/ml - Solution for injection (cattle, pigs, horses), Metacam 40 mg/ml - Solution for injection (cattle, horses), Metacam 5 mg/ml - Solution for injection (cats, dogs), Metacam 5 mg/ml - Solution for injection (cattle, pigs), Metacam 5 mg/ml - Solution for injection (dogs)","Diarrhoea, Inappetence, Lethargy (see also Central nervous system depression in Neurological), Vomiting",1,1,
AU-NAH-AU201400525,"<a target=""_blank""  href=""/xmlpserver/EVVET3 PW NEW/Subject Area Contents/Public Website/Report (PDF)/AER.xdo?_xpf=&_xpt=1&_params%2FOracle%20BI%20EE%3A%3ADefaultApp%3A%3AEVVET3%20PR%20NEW%2FAER%3A%3Adimension%2FAER%20Id%3A%3Aattribute%3A%3Anoaggr%3A%3Axsd%3Adouble=422500&_xt=AER&_xf=pdf""> AER </a>",2014-12-01 00:00:00,Veterinarian,Australia,FEMALE,Dog,Retriever - Golden,"Metacam 0.5 mg/ml - Oral suspension (cats, guinea pigs), Metacam 0.5 mg/ml - Oral suspension (dogs), Metacam 1 mg - Chewable tablet (dogs), Metacam 1.5 mg/ml - Oral suspension (dogs), Metacam 15 mg/ml - Oral suspension (horses), Metacam 15 mg/ml - Oral suspension (pigs), Metacam 2 mg/ml - Solution for injection (cats), Metacam 2.5 mg - Chewable tablet (dogs), Metacam 20 mg/ml - Solution for injection (cattle, pigs, horses), Metacam 40 mg/ml - Solution for injection (cattle, horses), Metacam 5 mg/ml - Solution for injection (cats, dogs), Metacam 5 mg/ml - Solution for injection (cattle, pigs), Metacam 5 mg/ml - Solution for injection (dogs), Onsior 40 mg  - Tablet (dogs)","Acute jaundice, Elevated liver enzymes NOS, Lethargy (see also Central nervous system depression in Neurological), Other abnormal test result NOS, Vomiting",1,1,
BE-DEBIAHP-2014BE00005,"<a target=""_blank""  href=""/xmlpserver/EVVET3 PW NEW/Subject Area Contents/Public Website/Report (PDF)/AER.xdo?_xpf=&_xpt=1&_params%2FOracle%20BI%20EE%3A%3ADefaultApp%3A%3AEVVET3%20PR%20NEW%2FAER%3A%3Adimension%2FAER%20Id%3A%3Aattribute%3A%3Anoaggr%3A%3Axsd%3Adouble=393127&_xt=AER&_xf=pdf""> AER </a>",2014-04-04 00:00:00,Veterinarian,Belgium,FEMALE,Dog,Bichon Frise,"Metacam 5 mg/ml - Solution for injection (cats, dogs), Metacam 5 mg/ml - Solution for injection (cattle, pigs), Metacam 5 mg/ml - Solution for injection (dogs), SYNULOX (200+50)MG/TAB ΔΙΣΚΙΟ, SYNULOX (40+10)MG/TAB ΔΙΣΚΙΟ, SYNULOX 140 mg/ml + 35 mg/ml suspensión inyectable, SYNULOX 200 mg/50 mg tablety pre psy a mačky, SYNULOX 200/50 mg COMPRIMIDOS APETITOSOS PARA PERROS, SYNULOX 250 COMPRIMES POUR CHIENS, SYNULOX 250 mg, SYNULOX 250 mg kramtomosios tabletės šunims ir katėms, SYNULOX 250 mg tablete za pse in mačke, SYNULOX 250mg, δισκία για σκύλους και γάτες, SYNULOX 40 mg/10 mg tablety pre psy a mačky, SYNULOX 40 mg/ml + 10 mg/ml POLVO PARA GOTAS ORALES EN SUSPENSION, SYNULOX 40/10 MG COMPRIMIDOS APETITOSOS PARA PERROS Y GATOS, SYNULOX 400 mg/100 mg tablety pre psy, SYNULOX 400/100 mg COMPRIMIDOS APETITOSOS PARA PERROS, SYNULOX 50 COMPRIMES POUR CHIENS ET CHATS, SYNULOX 50 mg, SYNULOX 50 mg kramtomosios tabletės šunims ir katėms, SYNULOX 50 mg tablete za pse in mačke, SYNULOX 500 COMPRIMES POUR CHIENS, SYNULOX 500 mg kramtomosios tabletės šunims, SYNULOX 500 mg tablete za pse, SYNULOX 500 mg, kramtomosios tabletės šunims, SYNULOX 500MG/TAB ΔΙΣΚΙΟ, SYNULOX 50mg, δισκία για σκύλους και γάτες, SYNULOX OGIVETTES POUR VEAUX, SYNULOX SUSPENSION INJECTABLE POUR BOVINS, SYNULOX VET 140 mg/ml injektioneste, suspensio koiralle, kissalle ja sialle, SYNULOX suspensão injetável para suínos, bovinos, cães e gatos, SYNULOX vet 200 mg/50 mg tabletti, koiralle ja kissalle, SYNULOX vet 40 mg/10 mg tabletti, koiralle ja kissalle, SYNULOX vet 400 mg/100 mg tabletti, koiralle, SYNULOX, 400/100mg, Tableta, Synulox 250 mg Comprimés Appétents, Synulox 250 mg Smakelijke tabletten, Synulox 250 mg tabletes suņiem un kaķiem, Synulox 250 mg, tabletid koertele ja kassidele, Synulox 250 mg, таблетки за кучета и котки, Synulox 250mg (200 mg/50 mg)  Tabletten für Hunde, Synulox 50 mg Comprimés Appétents, Synulox 50 mg Smakelijke Tabletten, Synulox 50 mg tabletes suņiem un kaķiem, Synulox 50 mg, tabletid koertele ja kassidele, Synulox 50 mg, таблетки за кучета и котки, Synulox 500 mg Bolus 400 mg - 100 mg Omhulde tablet, Synulox 500 mg Comprimés Appétents, Synulox 500 mg Smakelijke Tabletten, Synulox 500 mg tabletes suņiem, Synulox 500 mg, tabletid koertele, Synulox 500mg (400 mg/100 mg) Tabletten für Hunde, Synulox 50mg (40 mg/10 mg) Tabletten für Hunde und Katzen, Synulox Bolus 500 mg, 400 mg + 100 mg comprimés enrobés pour veaux, Synulox Lactating Cow Intramammary suspension., Synulox Tabletki 250 mg, Synulox Tabletki 250 mg (200+50) mg/tablete; tabletes suņiem, Synulox Tabletki 50 mg, Synulox Tabletki 50 mg (40+10) mg/ tablete; tabletes suņiem un kaķiem, Synulox Tabletki 500 mg, Synulox Vet. til hund og kat 200 + 50 mg tabletter, Synulox Vet. til hund og kat 40 + 10 mg tabletter, Synulox Vet. til hund tabletter 400 + 100 mg, Synulox Vet. til kalve 400 + 100 mg tabletter, Synulox comprimidos palatáveis 250 mg para cães e gatos, Synulox comprimidos palatáveis 50 mg para cães e gatos, Synulox comprimidos palatáveis 500 mg para cães, Synulox vet 40 mg/ml jauhe oraalisuspensiota varten koiralle ja kissalle, Synulox vet. 200 mg tabletter for hund og katt, Synulox vet. 200 mg/50 mg Tablett, Synulox vet. 40 mg tabletter for hund og katt, Synulox vet. 40 mg/10 mg Tablett, Synulox vet. 400 mg tabletter for hund, Synulox vet. 400 mg/100 mg Tablett, Synulox, 200/50mg, Tableta, Synulox, 40/10mg, Tableta, Synulox-Kalb 400 mg/100 mg Filmtabletten für Rinder (Kälber)","Chronic renal failure, Elevated blood urea nitrogen (BUN), Elevated creatinine, Intestinal haemorrhage, Prolonged bleeding NOS",1,1,
BE-DEBIAHP-2014BE00046,"<a target=""_blank""  href=""/xmlpserver/EVVET3 PW NEW/Subject Area Contents/Public Website/Report (PDF)/AER.xdo?_xpf=&_xpt=1&_params%2FOracle%20BI%20EE%3A%3ADefaultApp%3A%3AEVVET3%20PR%20NEW%2FAER%3A%3Adimension%2FAER%20Id%3A%3Aattribute%3A%3Anoaggr%3A%3Axsd%3Adouble=422779&_xt=AER&_xf=pdf""> AER </a>",2014-12-03 00:00:00,Veterinarian,Belgium,FEMALE,Dog,Greyhound,"Metacam 1.5 mg/ml - Oral suspension (dogs), Metacam 5 mg/ml - Solution for injection (cats, dogs), Metacam 5 mg/ml - Solution for injection (cattle, pigs), Metacam 5 mg/ml - Solution for injection (dogs)","Skin sore, Urticaria",1,1,
BE-OPAH-BE20120004,"<a target=""_blank""  href=""/xmlpserver/EVVET3 PW NEW/Subject Area Contents/Public Website/Report (PDF)/AER.xdo?_xpf=&_xpt=1&_params%2FOracle%20BI%20EE%3A%3ADefaultApp%3A%3AEVVET3%20PR%20NEW%2FAER%3A%3Adimension%2FAER%20Id%3A%3Aattribute%3A%3Anoaggr%3A%3Axsd%3Adouble=385593&_xt=AER&_xf=pdf""> AER </a>",2014-01-20 00:00:00,Other health care professional,Belgium,FEMALE,Dog,Shepherd Dog - Belgian Tervueren,"ANTISEDAN, ANTISEDAN 5 mg/ml SOLUCIÓN INYECTABLE PARA PERROS Y GATOS, ANTISEDAN 5 mg/ml raztopina za injiciranje za pse in mačke, ANTISEDAN 5MG/ML ΕΝΕΣΙΜΟ ΔΙΑΛΥΜΑ, ANTISEDAN SOLUTION INJECTABLE POUR CHIENS ET CHATS, ANTISEDAN, 5 mg/mL, otopina za injekciju, za pse i mačke, Antisedan 5 mg/ 1 ml, roztwór do wstrzykiwań dla psów i kotów, Antisedan 5 mg/ml  Injektionslösung für Hunde und Katzen, Antisedan 5 mg/ml - Injektionslösung für Hunde und Katzen, Antisedan 5 mg/ml Oplossing voor injectie, Antisedan 5 mg/ml Solution injectable, Antisedan 5 mg/ml injekčný roztok pre psy a mačky, Antisedan 5 mg/ml oldatos injekció kutya és macska részére.A.U.V., Antisedan 5 mg/ml solution for injection, Antisedan 5 mg/ml solução injetável para cães e gatos, Antisedan Vet 5 mg/ml injekcinis tirpalas, Antisedan Vet 5 mg/ml šķīdums injekcijām, Antisedan Vet, 5 mg/ml süstelahus, Antisedan Vet. 5 mg/ml injektionsvæske, opløsning, Antisedan vet 5 mg/ml injektioneste, liuos, Antisedan vet. 5 mg/ml Injektionsvätska, lösning, Antisedan vet. 5 mg/ml Stungulyf, lausn Handa hundum og köttum., Antisedan vet. 5 mg/ml injeksjonsvæske, oppløsning, til hund og katt, Antisedan vet., 5 mg/ml, Injektionsvätska, lösning, Antisedan, 5 mg/ml oplossing voor injectie voor honden en katten, Antisedan, 5mg/ml, Injekční roztok, Cerenia 10 mg/ml  - Solution for injection, Cerenia 16 mg  - Tablet, Cerenia 160 mg  - Tablet, Cerenia 24 mg  - Tablet, Cerenia 60 mg - Tablet, Dexdomitor 0.1 mg/ml - Solution for injection, Dexdomitor 0.5 mg/ml - Solution for injection, Dolorex 10 mg/ml Solution for Injection for horse, dog and cat, Duphamox 150 mg/ml Injektionssuspension für Rinder, Schafe, Schweine, Metacam 0.5 mg/ml - Oral suspension (cats, guinea pigs), Metacam 0.5 mg/ml - Oral suspension (dogs), Metacam 1 mg - Chewable tablet (dogs), Metacam 1.5 mg/ml - Oral suspension (dogs), Metacam 15 mg/ml - Oral suspension (horses), Metacam 15 mg/ml - Oral suspension (pigs), Metacam 2 mg/ml - Solution for injection (cats), Metacam 2.5 mg - Chewable tablet (dogs), Metacam 20 mg/ml - Solution for injection (cattle, pigs, horses), Metacam 40 mg/ml - Solution for injection (cattle, horses), Metacam 5 mg/ml - Solution for injection (cats, dogs), Metacam 5 mg/ml - Solution for injection (cattle, pigs), Metacam 5 mg/ml - Solution for injection (dogs), Nembutal 60 mg/ml Oplossing voor injectie, Synuclav 250 mg Tablets for Dogs, Synuclav 50mg Tablets for Dogs and Cats, Synuclav Palatable tablets 500 mg for Dogs, Synuclav Suspension for Injection, АНТИСЕДАН ВЕТ 5 mg/ml инжекционен разтвор",Deafness,1,1,
CA-DEBIAHP-2012CA01030,"<a target=""_blank""  href=""/xmlpserver/EVVET3 PW NEW/Subject Area Contents/Public Website/Report (PDF)/AER.xdo?_xpf=&_xpt=1&_params%2FOracle%20BI%20EE%3A%3ADefaultApp%3A%3AEVVET3%20PR%20NEW%2FAER%3A%3Adimension%2FAER%20Id%3A%3Aattribute%3A%3Anoaggr%3A%3Axsd%3Adouble=393048&_xt=AER&_xf=pdf""> AER </a>",2014-04-03 00:00:00,Veterinarian,Canada,MALE,Dog,Retriever - Nova Scotia Duck Tolling,"Metacam 0.5 mg/ml - Oral suspension (cats, guinea pigs), Metacam 0.5 mg/ml - Oral suspension (dogs), Metacam 1.5 mg/ml - Oral suspension (dogs), Metacam 15 mg/ml - Oral suspension (horses), Metacam 15 mg/ml - Oral suspension (pigs)","Anaemia NOS, Anorexia, Diabetes insipidus, Drinking a lot, Fever, Gastric perforation, Lethargy (see also Central nervous system depression in Neurological), Leukocytosis NOS, Malaise, Neutrophilia, Pale mucous membrane, Pancreatitis NOS, Peritonitis, Polyuria, Prolonged capillary refill time, Stumbling gait",1,1,
CA-DEBIAHP-2013CA00124,"<a target=""_blank""  href=""/xmlpserver/EVVET3 PW NEW/Subject Area Contents/Public Website/Report (PDF)/AER.xdo?_xpf=&_xpt=1&_params%2FOracle%20BI%20EE%3A%3ADefaultApp%3A%3AEVVET3%20PR%20NEW%2FAER%3A%3Adimension%2FAER%20Id%3A%3Aattribute%3A%3Anoaggr%3A%3Axsd%3Adouble=387573&_xt=AER&_xf=pdf""> AER </a>",2014-02-11 00:00:00,Veterinarian,Canada,FEMALE,Dog,Dog (other),"Metacam 0.5 mg/ml - Oral suspension (cats, guinea pigs), Metacam 0.5 mg/ml - Oral suspension (dogs), Metacam 1.5 mg/ml - Oral suspension (dogs), Metacam 15 mg/ml - Oral suspension (horses), Metacam 15 mg/ml - Oral suspension (pigs)","Elevated liver enzymes NOS, Loose stool",1,1,
CA-DEBIAHP-2013CA00311,"<a target=""_blank""  href=""/xmlpserver/EVVET3 PW NEW/Subject Area Contents/Public Website/Report (PDF)/AER.xdo?_xpf=&_xpt=1&_params%2FOracle%20BI%20EE%3A%3ADefaultApp%3A%3AEVVET3%20PR%20NEW%2FAER%3A%3Adimension%2FAER%20Id%3A%3Aattribute%3A%3Anoaggr%3A%3Axsd%3Adouble=400514&_xt=AER&_xf=pdf""> AER </a>",2014-06-11 00:00:00,Veterinarian,Canada,MALE,Dog,Corgi - Welsh Cardigan,"Metacam 0.5 mg/ml - Oral suspension (cats, guinea pigs), Metacam 0.5 mg/ml - Oral suspension (dogs), Metacam 1.5 mg/ml - Oral suspension (dogs), Metacam 15 mg/ml - Oral suspension (horses), Metacam 15 mg/ml - Oral suspension (pigs)","Skin lesion NOS, Vomiting",1,1,
CA-DEBIAHP-2013CA00706,"<a target=""_blank""  href=""/xmlpserver/EVVET3 PW NEW/Subject Area Contents/Public Website/Report (PDF)/AER.xdo?_xpf=&_xpt=1&_params%2FOracle%20BI%20EE%3A%3ADefaultApp%3A%3AEVVET3%20PR%20NEW%2FAER%3A%3Adimension%2FAER%20Id%3A%3Aattribute%3A%3Anoaggr%3A%3Axsd%3Adouble=422019&_xt=AER&_xf=pdf""> AER </a>",2014-11-27 00:00:00,Veterinarian,Canada,FEMALE,Dog,Crossbred Canine/dog,Metacam 0.5 mg/ml - Oral suspension (dogs),"Ear flap oedema, Eyelid oedema, Lymphadenopathy, Swollen mouth",1,1,
CA-DEBIAHP-2013CA00847,"<a target=""_blank""  href=""/xmlpserver/EVVET3 PW NEW/Subject Area Contents/Public Website/Report (PDF)/AER.xdo?_xpf=&_xpt=1&_params%2FOracle%20BI%20EE%3A%3ADefaultApp%3A%3AEVVET3%20PR%20NEW%2FAER%3A%3Adimension%2FAER%20Id%3A%3Aattribute%3A%3Anoaggr%3A%3Axsd%3Adouble=388202&_xt=AER&_xf=pdf""> AER </a>",2014-02-19 00:00:00,Veterinarian,Canada,FEMALE,Dog,Bichon Frise,"Metacam 0.5 mg/ml - Oral suspension (cats, guinea pigs), Metacam 0.5 mg/ml - Oral suspension (dogs), Metacam 1.5 mg/ml - Oral suspension (dogs), Metacam 15 mg/ml - Oral suspension (horses), Metacam 15 mg/ml - Oral suspension (pigs), Stronghold 120 mg - Spot-on solution (12% - dogs), Stronghold 15 mg - Spot-on solution (6% - cats and dogs), Stronghold 240 mg - Spot-on solution (12% - dogs), Stronghold 30 mg - Spot-on solution (12% - dogs), Stronghold 360 mg - Spot-on solution (12% - dogs), Stronghold 45 mg - Spot-on solution (6% - cats), Stronghold 60 mg - Spot-on solution (12% - dogs), Stronghold 60 mg - Spot-on solution (6% - cats)","Anaemia NOS, Anorexia, Elevated liver enzymes NOS, Immune mediated thrombocytopenia, Lethargy (see also Central nervous system depression in Neurological), Loose stool, Lymphopenia, Polydipsia, Polyuria",1,1,
CA-DEBIAHP-2013CA00848,"<a target=""_blank""  href=""/xmlpserver/EVVET3 PW NEW/Subject Area Contents/Public Website/Report (PDF)/AER.xdo?_xpf=&_xpt=1&_params%2FOracle%20BI%20EE%3A%3ADefaultApp%3A%3AEVVET3%20PR%20NEW%2FAER%3A%3Adimension%2FAER%20Id%3A%3Aattribute%3A%3Anoaggr%3A%3Axsd%3Adouble=387512&_xt=AER&_xf=pdf""> AER </a>",2014-02-14 00:00:00,Veterinarian,Canada,MALE,Dog,Poodle - Standard,"Metacam 0.5 mg/ml - Oral suspension (cats, guinea pigs), Metacam 0.5 mg/ml - Oral suspension (dogs), Metacam 1.5 mg/ml - Oral suspension (dogs), Metacam 15 mg/ml - Oral suspension (horses), Metacam 15 mg/ml - Oral suspension (pigs)","Death by euthanasia, Epistaxis, Palpable mass NOS",1,1,1
CA-DEBIAHP-2013CA00854,"<a target=""_blank""  href=""/xmlpserver/EVVET3 PW NEW/Subject Area Contents/Public Website/Report (PDF)/AER.xdo?_xpf=&_xpt=1&_params%2FOracle%20BI%20EE%3A%3ADefaultApp%3A%3AEVVET3%20PR%20NEW%2FAER%3A%3Adimension%2FAER%20Id%3A%3Aattribute%3A%3Anoaggr%3A%3Axsd%3Adouble=388214&_xt=AER&_xf=pdf""> AER </a>",2014-02-19 00:00:00,Veterinarian,Canada,FEMALE,Dog,Greyhound,"Metacam 0.5 mg/ml - Oral suspension (cats, guinea pigs), Metacam 0.5 mg/ml - Oral suspension (dogs), Metacam 1.5 mg/ml - Oral suspension (dogs), Metacam 15 mg/ml - Oral suspension (horses), Metacam 15 mg/ml - Oral suspension (pigs), SYNULOX (200+50)MG/TAB ΔΙΣΚΙΟ, SYNULOX (40+10)MG/TAB ΔΙΣΚΙΟ, SYNULOX 140 mg/ml + 35 mg/ml suspensión inyectable, SYNULOX 200 mg/50 mg tablety pre psy a mačky, SYNULOX 200/50 mg COMPRIMIDOS APETITOSOS PARA PERROS, SYNULOX 250 COMPRIMES POUR CHIENS, SYNULOX 250 mg, SYNULOX 250 mg kramtomosios tabletės šunims ir katėms, SYNULOX 250 mg tablete za pse in mačke, SYNULOX 250mg, δισκία για σκύλους και γάτες, SYNULOX 40 mg/10 mg tablety pre psy a mačky, SYNULOX 40 mg/ml + 10 mg/ml POLVO PARA GOTAS ORALES EN SUSPENSION, SYNULOX 40/10 MG COMPRIMIDOS APETITOSOS PARA PERROS Y GATOS, SYNULOX 400 mg/100 mg tablety pre psy, SYNULOX 400/100 mg COMPRIMIDOS APETITOSOS PARA PERROS, SYNULOX 50 COMPRIMES POUR CHIENS ET CHATS, SYNULOX 50 mg, SYNULOX 50 mg kramtomosios tabletės šunims ir katėms, SYNULOX 50 mg tablete za pse in mačke, SYNULOX 500 COMPRIMES POUR CHIENS, SYNULOX 500 mg kramtomosios tabletės šunims, SYNULOX 500 mg tablete za pse, SYNULOX 500 mg, kramtomosios tabletės šunims, SYNULOX 500MG/TAB ΔΙΣΚΙΟ, SYNULOX 50mg, δισκία για σκύλους και γάτες, SYNULOX OGIVETTES POUR VEAUX, SYNULOX SUSPENSION INJECTABLE POUR BOVINS, SYNULOX VET 140 mg/ml injektioneste, suspensio koiralle, kissalle ja sialle, SYNULOX suspensão injetável para suínos, bovinos, cães e gatos, SYNULOX vet 200 mg/50 mg tabletti, koiralle ja kissalle, SYNULOX vet 40 mg/10 mg tabletti, koiralle ja kissalle, SYNULOX vet 400 mg/100 mg tabletti, koiralle, SYNULOX, 400/100mg, Tableta, Synulox 250 mg Comprimés Appétents, Synulox 250 mg Smakelijke tabletten, Synulox 250 mg tabletes suņiem un kaķiem, Synulox 250 mg, tabletid koertele ja kassidele, Synulox 250 mg, таблетки за кучета и котки, Synulox 250mg (200 mg/50 mg)  Tabletten für Hunde, Synulox 50 mg Comprimés Appétents, Synulox 50 mg Smakelijke Tabletten, Synulox 50 mg tabletes suņiem un kaķiem, Synulox 50 mg, tabletid koertele ja kassidele, Synulox 50 mg, таблетки за кучета и котки, Synulox 500 mg Bolus 400 mg - 100 mg Omhulde tablet, Synulox 500 mg Comprimés Appétents, Synulox 500 mg Smakelijke Tabletten, Synulox 500 mg tabletes suņiem, Synulox 500 mg, tabletid koertele, Synulox 500mg (400 mg/100 mg) Tabletten für Hunde, Synulox 50mg (40 mg/10 mg) Tabletten für Hunde und Katzen, Synulox Bolus 500 mg, 400 mg + 100 mg comprimés enrobés pour veaux, Synulox Lactating Cow Intramammary suspension., Synulox Tabletki 250 mg, Synulox Tabletki 250 mg (200+50) mg/tablete; tabletes suņiem, Synulox Tabletki 50 mg, Synulox Tabletki 50 mg (40+10) mg/ tablete; tabletes suņiem un kaķiem, Synulox Tabletki 500 mg, Synulox Vet. til hund og kat 200 + 50 mg tabletter, Synulox Vet. til hund og kat 40 + 10 mg tabletter, Synulox Vet. til hund tabletter 400 + 100 mg, Synulox Vet. til kalve 400 + 100 mg tabletter, Synulox comprimidos palatáveis 250 mg para cães e gatos, Synulox comprimidos palatáveis 50 mg para cães e gatos, Synulox comprimidos palatáveis 500 mg para cães, Synulox vet 40 mg/ml jauhe oraalisuspensiota varten koiralle ja kissalle, Synulox vet. 200 mg tabletter for hund og katt, Synulox vet. 200 mg/50 mg Tablett, Synulox vet. 40 mg tabletter for hund og katt, Synulox vet. 40 mg/10 mg Tablett, Synulox vet. 400 mg tabletter for hund, Synulox vet. 400 mg/100 mg Tablett, Synulox, 200/50mg, Tableta, Synulox, 40/10mg, Tableta, Synulox-Kalb 400 mg/100 mg Filmtabletten für Rinder (Kälber)","Injection site alopecia, Injection site ulcer, Injection site weeping (see also Skin)",1,1,
CA-DEBIAHP-2013CA01036,"<a target=""_blank""  href=""/xmlpserver/EVVET3 PW NEW/Subject Area Contents/Public Website/Report (PDF)/AER.xdo?_xpf=&_xpt=1&_params%2FOracle%20BI%20EE%3A%3ADefaultApp%3A%3AEVVET3%20PR%20NEW%2FAER%3A%3Adimension%2FAER%20Id%3A%3Aattribute%3A%3Anoaggr%3A%3Axsd%3Adouble=423689&_xt=AER&_xf=pdf""> AER </a>",2014-12-10 00:00:00,Veterinarian,Canada,FEMALE,Dog,Terrier - Jack Russell,"Metacam 0.5 mg/ml - Oral suspension (cats, guinea pigs), Metacam 0.5 mg/ml - Oral suspension (dogs), Metacam 1.5 mg/ml - Oral suspension (dogs), Metacam 15 mg/ml - Oral suspension (horses), Metacam 15 mg/ml - Oral suspension (pigs)","Anorexia, Blindness, Death by euthanasia, Diarrhoea",1,1,1
CA-DEBIAHP-2013CA01382,"<a target=""_blank""  href=""/xmlpserver/EVVET3 PW NEW/Subject Area Contents/Public Website/Report (PDF)/AER.xdo?_xpf=&_xpt=1&_params%2FOracle%20BI%20EE%3A%3ADefaultApp%3A%3AEVVET3%20PR%20NEW%2FAER%3A%3Adimension%2FAER%20Id%3A%3Aattribute%3A%3Anoaggr%3A%3Axsd%3Adouble=384122&_xt=AER&_xf=pdf""> AER </a>",2014-01-08 00:00:00,Veterinarian,Canada,MALE,Dog,Crossbred Canine/dog,"BRONCHI-SHIELD, Metacam 0.5 mg/ml - Oral suspension (cats, guinea pigs), Metacam 0.5 mg/ml - Oral suspension (dogs), Metacam 1.5 mg/ml - Oral suspension (dogs), Metacam 15 mg/ml - Oral suspension (horses), Metacam 15 mg/ml - Oral suspension (pigs), VERSICAN PLUS BB IN LYOPHILISAT ET SOLVANT POUR GOUTTES NASALES, SUSPENSION POUR CHIENS, Versican Plus Bb IN, Lyophilisat et solvant pour suspension nasale en gouttes, pour chiens","Anorexia, Ataxia, Behavioural disorder NOS, Cough, Death by euthanasia, Diarrhoea, Head tilt - ear disorder, Lethargy (see also Central nervous system depression in Neurological), Leukopenia NOS, Seizure NOS, Sneezing, Stiffness NOS",1,1,1
CA-DEBIAHP-2013CA01415,"<a target=""_blank""  href=""/xmlpserver/EVVET3 PW NEW/Subject Area Contents/Public Website/Report (PDF)/AER.xdo?_xpf=&_xpt=1&_params%2FOracle%20BI%20EE%3A%3ADefaultApp%3A%3AEVVET3%20PR%20NEW%2FAER%3A%3Adimension%2FAER%20Id%3A%3Aattribute%3A%3Anoaggr%3A%3Axsd%3Adouble=423688&_xt=AER&_xf=pdf""> AER </a>",2014-12-10 00:00:00,Veterinarian,Canada,MALE,Dog,Chihuahua,"Metacam 0.5 mg/ml - Oral suspension (cats, guinea pigs), Metacam 0.5 mg/ml - Oral suspension (dogs), Metacam 1.5 mg/ml - Oral suspension (dogs), Metacam 15 mg/ml - Oral suspension (horses), Metacam 15 mg/ml - Oral suspension (pigs)","Behavioural disorder NOS, Brain disorder NOS, Death by euthanasia, Polydipsia, Polyuria, Restlessness, Seizure NOS",1,1,1
CA-DEBIAHP-2013CA01513,"<a target=""_blank""  href=""/xmlpserver/EVVET3 PW NEW/Subject Area Contents/Public Website/Report (PDF)/AER.xdo?_xpf=&_xpt=1&_params%2FOracle%20BI%20EE%3A%3ADefaultApp%3A%3AEVVET3%20PR%20NEW%2FAER%3A%3Adimension%2FAER%20Id%3A%3Aattribute%3A%3Anoaggr%3A%3Axsd%3Adouble=383786&_xt=AER&_xf=pdf""> AER </a>",2014-01-01 00:00:00,Veterinarian,Canada,FEMALE,Dog,Retriever - Golden,"Metacam 0.5 mg/ml - Oral suspension (dogs), Rheumocam 0.5 mg/ml - Oral suspension (cats), Rheumocam 1 mg - Chewable tablet (dogs), Rheumocam 1.5 mg/ml - Oral suspension, Rheumocam 15 mg/ml - Oral suspension (horses), Rheumocam 2 mg/ml - Solution for injection, Rheumocam 2.5 mg - Chewable tablet (dogs), Rheumocam 20 mg/ml - Solution for injection (cattle, pigs, horses), Rheumocam 330 mg - granules in sachet, Rheumocam 5 mg/ml  - Solution for injection (cats, dogs), Rheumocam 5 mg/ml - Solution for injection (cattle, pigs)","Anorexia, Blood in urine, Drinking a lot, Elevated renal parameters, Other abnormal test result NOS, Polyuria, Renal failure",1,1,
CA-DEBIAHP-2014CA00035,"<a target=""_blank""  href=""/xmlpserver/EVVET3 PW NEW/Subject Area Contents/Public Website/Report (PDF)/AER.xdo?_xpf=&_xpt=1&_params%2FOracle%20BI%20EE%3A%3ADefaultApp%3A%3AEVVET3%20PR%20NEW%2FAER%3A%3Adimension%2FAER%20Id%3A%3Aattribute%3A%3Anoaggr%3A%3Axsd%3Adouble=386863&_xt=AER&_xf=pdf""> AER </a>",2014-02-04 00:00:00,Veterinarian,Canada,MALE,Dog,Retriever - Labrador,"Ketavet 100 mg/ml Solution for Injection for Dogs, Cats and Horses, Metacam 0.5 mg/ml - Oral suspension (cats, guinea pigs), Metacam 0.5 mg/ml - Oral suspension (dogs), Metacam 1.5 mg/ml - Oral suspension (dogs), Metacam 15 mg/ml - Oral suspension (horses), Metacam 15 mg/ml - Oral suspension (pigs)",Lack of efficacy - NOS,1,1,
CA-DEBIAHP-2014CA00052,"<a target=""_blank""  href=""/xmlpserver/EVVET3 PW NEW/Subject Area Contents/Public Website/Report (PDF)/AER.xdo?_xpf=&_xpt=1&_params%2FOracle%20BI%20EE%3A%3ADefaultApp%3A%3AEVVET3%20PR%20NEW%2FAER%3A%3Adimension%2FAER%20Id%3A%3Aattribute%3A%3Anoaggr%3A%3Axsd%3Adouble=386134&_xt=AER&_xf=pdf""> AER </a>",2014-01-28 00:00:00,Veterinarian,Canada,MALE,Dog,Dog (other),"Metacam 0.5 mg/ml - Oral suspension (cats, guinea pigs), Metacam 0.5 mg/ml - Oral suspension (dogs), Metacam 1.5 mg/ml - Oral suspension (dogs), Metacam 15 mg/ml - Oral suspension (horses), Metacam 15 mg/ml - Oral suspension (pigs)","Anorexia, Diarrhoea, Lethargy (see also Central nervous system depression in Neurological)",1,1,
CA-DEBIAHP-2014CA00065,"<a target=""_blank""  href=""/xmlpserver/EVVET3 PW NEW/Subject Area Contents/Public Website/Report (PDF)/AER.xdo?_xpf=&_xpt=1&_params%2FOracle%20BI%20EE%3A%3ADefaultApp%3A%3AEVVET3%20PR%20NEW%2FAER%3A%3Adimension%2FAER%20Id%3A%3Aattribute%3A%3Anoaggr%3A%3Axsd%3Adouble=386875&_xt=AER&_xf=pdf""> AER </a>",2014-02-03 00:00:00,Veterinarian,Canada,FEMALE,Dog,"Deutsche Dogge, Great Dane","Metacam 0.5 mg/ml - Oral suspension (cats, guinea pigs), Metacam 0.5 mg/ml - Oral suspension (dogs), Metacam 1.5 mg/ml - Oral suspension (dogs), Metacam 15 mg/ml - Oral suspension (horses), Metacam 15 mg/ml - Oral suspension (pigs)","Anorexia, Behavioural disorder NOS, Constipation, Vomiting",1,1,
CA-DEBIAHP-2014CA00096,"<a target=""_blank""  href=""/xmlpserver/EVVET3 PW NEW/Subject Area Contents/Public Website/Report (PDF)/AER.xdo?_xpf=&_xpt=1&_params%2FOracle%20BI%20EE%3A%3ADefaultApp%3A%3AEVVET3%20PR%20NEW%2FAER%3A%3Adimension%2FAER%20Id%3A%3Aattribute%3A%3Anoaggr%3A%3Axsd%3Adouble=422851&_xt=AER&_xf=pdf""> AER </a>",2014-12-03 00:00:00,Veterinarian,Canada,FEMALE,Dog,Retriever - Labrador,"Metacam 0.5 mg/ml - Oral suspension (cats, guinea pigs), Metacam 0.5 mg/ml - Oral suspension (dogs), Metacam 1.5 mg/ml - Oral suspension (dogs), Metacam 15 mg/ml - Oral suspension (horses), Metacam 15 mg/ml - Oral suspension (pigs), RABISIN SUSPENSION INJECTABLE, RABISIN injekčná suspenzia, RABISIN suspenzija za injiciranje, RABISIN vet, injeksjonsvæske, suspensjon Vaksine mot rabies til dyr (inaktivert), RABISIN, Injekční suspenze, RABISIN, injekcinė suspensija, RABISIN, sospensione iniettabile per cani, gatti, equini, bovini, ovini, RABISIN, suspensie injectabilă, RABISIN, ενέσιμο εναιώρημα, RABISIN, ≥ 2,09 log10 OD50 i ≥ 1 I.J., suspenzija za injekciju za pse, mačke, pitome vretice, konje, govedo i ovce, Rabisin, Rabisin  Suspensie voor injectie, Rabisin Glikoproteiny wirusa wścieklizny nie mniej niż 1IU Zawiesina do wstrzykiwań, Rabisin Injektionssuspension für Hunde, Katzen, Marderartige, Pferde, Rinder und Schafe, Rabisin Vet. injektionsvæske, suspension, Rabisin suspensija injekcijām liellopiem, zirgiem, aitām, suņiem, kaķiem un mājas seskiem, Rabisin suspension injectable, Rabisin suspensão injectável, Rabisin vakcina A.U.V., Rabisin vet injektioneste, suspensio, Rabisin vet.  Injektionsvätska, suspension, Rabisin, Injektionssuspension für Hunde, Katzen, Marderartige, Pferde, Rinder und Schafe, Rabisin, suspensie voor injectie voor hond, kat en rund, Rabisin, süstesuspensioon, РАБИЗИН","Anorexia, Elevated blood urea nitrogen (BUN), Elevated creatinine, Elevated renal parameters, Lethargy (see also Central nervous system depression in Neurological), Vomiting",1,1,
CA-DEBIAHP-2014CA00098,"<a target=""_blank""  href=""/xmlpserver/EVVET3 PW NEW/Subject Area Contents/Public Website/Report (PDF)/AER.xdo?_xpf=&_xpt=1&_params%2FOracle%20BI%20EE%3A%3ADefaultApp%3A%3AEVVET3%20PR%20NEW%2FAER%3A%3Adimension%2FAER%20Id%3A%3Aattribute%3A%3Anoaggr%3A%3Axsd%3Adouble=387454&_xt=AER&_xf=pdf""> AER </a>",2014-02-11 00:00:00,Veterinarian,Canada,FEMALE,Dog,Crossbred Canine/dog,"ALFAXAN 10 mg/ml solution for injection for dogs and cats, Cerenia 10 mg/ml  - Solution for injection, Cerenia 16 mg  - Tablet, Cerenia 160 mg  - Tablet, Cerenia 24 mg  - Tablet, Cerenia 60 mg - Tablet, Fuxien vet 1000 mg/g inhalaatiohöyry, neste, ISOFLURANE-Vet 1000 mg/g liquido per inalazione per cani e gatti, ISOFLURIN 1000mg/g ΥΓΡΟ ΓΙΑ ΕΙΣΠΝΕΟΜΕΝΟΥΣ ΑΤΜΟΥΣ, Isoflurane 100% Inhalation Vapour, Liquid, Isoflurane 1000 mg/g Inhalation Vapour, liquid., Metacam 0.5 mg/ml - Oral suspension (cats, guinea pigs), Metacam 0.5 mg/ml - Oral suspension (dogs), Metacam 1.5 mg/ml - Oral suspension (dogs), Metacam 15 mg/ml - Oral suspension (horses), Metacam 15 mg/ml - Oral suspension (pigs)","Diarrhoea, Tarry or black stool (see also haemorrhagic diarrhoea)",1,1,
CA-DEBIAHP-2014CA00143,"<a target=""_blank""  href=""/xmlpserver/EVVET3 PW NEW/Subject Area Contents/Public Website/Report (PDF)/AER.xdo?_xpf=&_xpt=1&_params%2FOracle%20BI%20EE%3A%3ADefaultApp%3A%3AEVVET3%20PR%20NEW%2FAER%3A%3Adimension%2FAER%20Id%3A%3Aattribute%3A%3Anoaggr%3A%3Axsd%3Adouble=390400&_xt=AER&_xf=pdf""> AER </a>",2014-03-11 00:00:00,Veterinarian,Canada,MALE,Dog,Crossbred Canine/dog,"Metacam 0.5 mg/ml - Oral suspension (cats, guinea pigs), Metacam 0.5 mg/ml - Oral suspension (dogs), Metacam 1.5 mg/ml - Oral suspension (dogs), Metacam 15 mg/ml - Oral suspension (horses), Metacam 15 mg/ml - Oral suspension (pigs)","Anorexia, Death, Diarrhoea, Elevated blood urea nitrogen (BUN), Elevated creatinine, Elevated renal parameters, Lethargy (see also Central nervous system depression in Neurological), Not drinking, Vomiting",1,1,
CA-DEBIAHP-2014CA00145,"<a target=""_blank""  href=""/xmlpserver/EVVET3 PW NEW/Subject Area Contents/Public Website/Report (PDF)/AER.xdo?_xpf=&_xpt=1&_params%2FOracle%20BI%20EE%3A%3ADefaultApp%3A%3AEVVET3%20PR%20NEW%2FAER%3A%3Adimension%2FAER%20Id%3A%3Aattribute%3A%3Anoaggr%3A%3Axsd%3Adouble=393190&_xt=AER&_xf=pdf""> AER </a>",2014-04-04 00:00:00,Veterinarian,Canada,MALE,Dog,Retriever - Labrador,"Metacam 0.5 mg/ml - Oral suspension (cats, guinea pigs), Metacam 0.5 mg/ml - Oral suspension (dogs), Metacam 1.5 mg/ml - Oral suspension (dogs), Metacam 15 mg/ml - Oral suspension (horses), Metacam 15 mg/ml - Oral suspension (pigs)",Diarrhoea,1,1,
CA-DEBIAHP-2014CA00165,"<a target=""_blank""  href=""/xmlpserver/EVVET3 PW NEW/Subject Area Contents/Public Website/Report (PDF)/AER.xdo?_xpf=&_xpt=1&_params%2FOracle%20BI%20EE%3A%3ADefaultApp%3A%3AEVVET3%20PR%20NEW%2FAER%3A%3Adimension%2FAER%20Id%3A%3Aattribute%3A%3Anoaggr%3A%3Axsd%3Adouble=388836&_xt=AER&_xf=pdf""> AER </a>",2014-02-26 00:00:00,Veterinarian,Canada,MALE,Dog,Sheepdog - Shetland,"Anarthron 100 mg/ml Solution for Injection, Cartrophen Vet 100 mg/ml Solution for Injection., Cartrophen Vet. 100 mg/ml injektionsvæske, opløsning, Cartrophen vet, Cartrophen vet. 100 mg/ml Injektionsvätska, lösning, Cartrophen vet. 100 mg/ml injektioneste, liuos, Metacam 0.5 mg/ml - Oral suspension (cats, guinea pigs), Metacam 0.5 mg/ml - Oral suspension (dogs), Metacam 1.5 mg/ml - Oral suspension (dogs), Metacam 15 mg/ml - Oral suspension (horses), Metacam 15 mg/ml - Oral suspension (pigs)","Bloody diarrhoea, Diarrhoea",1,1,
CA-DEBIAHP-2014CA00170,"<a target=""_blank""  href=""/xmlpserver/EVVET3 PW NEW/Subject Area Contents/Public Website/Report (PDF)/AER.xdo?_xpf=&_xpt=1&_params%2FOracle%20BI%20EE%3A%3ADefaultApp%3A%3AEVVET3%20PR%20NEW%2FAER%3A%3Adimension%2FAER%20Id%3A%3Aattribute%3A%3Anoaggr%3A%3Axsd%3Adouble=389525&_xt=AER&_xf=pdf""> AER </a>",2014-03-03 00:00:00,Veterinarian,Canada,MALE,Dog,Rottweiler,"CANINSULIN 40 UI/ml SUSPENSION INYECTABLE PARA PERROS Y GATOS, CANINSULIN 40 UI/ml suspensie injectabilă pentru câini și pisici, CANINSULIN 40 UI/ml, sospensione iniettabile per cani e gatti, CANINSULIN 40 i.e./ml suspenzija za injiciranje, CANINSULIN 40IU/ML ΕΝΕΣΙΜΟ ΕΝΑΙΩΡΗΜΑ, CANINSULIN SUSPENSION INJECTABLE POUR CHIENS ET CHATS, Caninsulin 40 IU/ml Suspensie voor injectie, Caninsulin 40 IU/ml Suspension for Injection, Caninsulin 40 IU/ml injekčná suspenzia pre psy a mačky, Caninsulin 40 IU/ml suspensija injekcijām suņiem un kaķiem, Caninsulin 40 NE/ml szuszpenziós injekció kutyák és macskák részére, Caninsulin 40 j.m./ml Zawiesina do wstrzykiwań, Caninsulin Vet. 40 IE/ml injektionsvæske, suspension, Caninsulin vet. 40 TV/ml, injekcinė suspensija šunims ir katėms, Caninsulin, 40 I.E./ml, Caninsulin, 40 I.E./ml, Injektionssuspension für Hunde und Katzen, Caninsulin, 40 I.U./ml, suspension injectable, pour chiens et chats, Caninsulin, 40 IE/ml suspensie voor injectie voor hond en kat, Caninsulin, 40 ui/ml suspensão injetável para cães e gatos, Caninsulin, 40IU/ml, Injekční suspenze, Caninsulin® vet. 40 IU/ml, suspension for injection, Metacam 0.5 mg/ml - Oral suspension (cats, guinea pigs), Metacam 0.5 mg/ml - Oral suspension (dogs), Metacam 1.5 mg/ml - Oral suspension (dogs), Metacam 15 mg/ml - Oral suspension (horses), Metacam 15 mg/ml - Oral suspension (pigs)",Bloody diarrhoea,1,1,
CA-DEBIAHP-2014CA00172,"<a target=""_blank""  href=""/xmlpserver/EVVET3 PW NEW/Subject Area Contents/Public Website/Report (PDF)/AER.xdo?_xpf=&_xpt=1&_params%2FOracle%20BI%20EE%3A%3ADefaultApp%3A%3AEVVET3%20PR%20NEW%2FAER%3A%3Adimension%2FAER%20Id%3A%3Aattribute%3A%3Anoaggr%3A%3Axsd%3Adouble=389667&_xt=AER&_xf=pdf""> AER </a>",2014-03-03 00:00:00,Veterinarian,Canada,MALE,Dog,Terrier - Yorkshire,"Metacam 0.5 mg/ml - Oral suspension (cats, guinea pigs), Metacam 0.5 mg/ml - Oral suspension (dogs), Metacam 1.5 mg/ml - Oral suspension (dogs), Metacam 15 mg/ml - Oral suspension (horses), Metacam 15 mg/ml - Oral suspension (pigs)",Vomiting,1,1,
CA-DEBIAHP-2014CA00222,"<a target=""_blank""  href=""/xmlpserver/EVVET3 PW NEW/Subject Area Contents/Public Website/Report (PDF)/AER.xdo?_xpf=&_xpt=1&_params%2FOracle%20BI%20EE%3A%3ADefaultApp%3A%3AEVVET3%20PR%20NEW%2FAER%3A%3Adimension%2FAER%20Id%3A%3Aattribute%3A%3Anoaggr%3A%3Axsd%3Adouble=395129&_xt=AER&_xf=pdf""> AER </a>",2014-04-22 00:00:00,Veterinarian,Canada,MALE,Dog,Retriever - Labrador,"Metacam 0.5 mg/ml - Oral suspension (cats, guinea pigs), Metacam 0.5 mg/ml - Oral suspension (dogs), Metacam 1.5 mg/ml - Oral suspension (dogs), Metacam 15 mg/ml - Oral suspension (horses), Metacam 15 mg/ml - Oral suspension (pigs)","Anorexia, Anxiety, Drooling, Loose stool, Panting",1,1,
CA-DEBIAHP-2014CA00234,"<a target=""_blank""  href=""/xmlpserver/EVVET3 PW NEW/Subject Area Contents/Public Website/Report (PDF)/AER.xdo?_xpf=&_xpt=1&_params%2FOracle%20BI%20EE%3A%3ADefaultApp%3A%3AEVVET3%20PR%20NEW%2FAER%3A%3Adimension%2FAER%20Id%3A%3Aattribute%3A%3Anoaggr%3A%3Axsd%3Adouble=391161&_xt=AER&_xf=pdf""> AER </a>",2014-03-20 00:00:00,Veterinarian,Canada,FEMALE,Dog,"Deutsche Dogge, Great Dane","BRONCHI-SHIELD, Metacam 0.5 mg/ml - Oral suspension (cats, guinea pigs), Metacam 0.5 mg/ml - Oral suspension (dogs), Metacam 1.5 mg/ml - Oral suspension (dogs), Metacam 15 mg/ml - Oral suspension (horses), Metacam 15 mg/ml - Oral suspension (pigs), STRONGID 152 mg/g pasta per uso orale per cavalli, STRONGID CHEVAUX PATE ORALE, Stronghold 120 mg - Spot-on solution (12% - dogs), Stronghold 15 mg - Spot-on solution (6% - cats and dogs), Stronghold 240 mg - Spot-on solution (12% - dogs), Stronghold 30 mg - Spot-on solution (12% - dogs), Stronghold 360 mg - Spot-on solution (12% - dogs), Stronghold 45 mg - Spot-on solution (6% - cats), Stronghold 60 mg - Spot-on solution (12% - dogs), Stronghold 60 mg - Spot-on solution (6% - cats), Strongid cães pasta oral, Strongid gatos 40 mg/g pasta oral, VERSICAN PLUS BB IN LYOPHILISAT ET SOLVANT POUR GOUTTES NASALES, SUSPENSION POUR CHIENS, Versican Plus Bb IN, Lyophilisat et solvant pour suspension nasale en gouttes, pour chiens","Anorexia, Diarrhoea, Fever, Hypertrophic osteodystrophy, Joint pain, Lateral recumbency, Lethargy (see also Central nervous system depression in Neurological), Leukocytosis NOS, Loose stool, Nasal discharge, Nausea, Neutrophilia, Other abnormal test result NOS, Pain NOS, Shaking, Unable to stand, Urinary tract infection",1,1,
CA-DEBIAHP-2014CA00244,"<a target=""_blank""  href=""/xmlpserver/EVVET3 PW NEW/Subject Area Contents/Public Website/Report (PDF)/AER.xdo?_xpf=&_xpt=1&_params%2FOracle%20BI%20EE%3A%3ADefaultApp%3A%3AEVVET3%20PR%20NEW%2FAER%3A%3Adimension%2FAER%20Id%3A%3Aattribute%3A%3Anoaggr%3A%3Axsd%3Adouble=422860&_xt=AER&_xf=pdf""> AER </a>",2014-12-03 00:00:00,Veterinarian,Canada,MALE,Dog,Terrier - Jack Russell,"ALFAXAN 10 mg/ml solution for injection for dogs and cats, CLAVASEPTIN 40+10 MG ΔΙΣΚΙΟ, CLAVASEPTIN 400+100MG ΔΙΣΚΙΟ, CLAVASEPTIN 500MG PALATABLE TABLETS FOR DOGS, CLAVASEPTIN 50MG PALATABLE TABLETS FOR DOGS AND CATS, CLAVASEPTIN 600+150MG ΔΙΣΚΙΟ, CLAVASEPTIN 62.5 MG PALATABLE TABLETS FOR DOGS AND CATS, CLAVASEPTIN P 250 MG TABLETS FOR DOGS, CLAVASEPTIN P 62,5 MG ΔΙΣΚΙΟ, CLAVASEPTIN P 750 MG TABLETS FOR DOGS, Clavaseptin 250 mg okusne tablete za pse, Clavaseptin 250 mg, tabletid koertele, Clavaseptin 50 mg, tabletid koertele ja kassidele, Clavaseptin 500 mg, tabletid koertele, Clavaseptin 600 mg/150 mg tabletter för hund, Clavaseptin 750 mg Tabletten für Hunde, Clavaseptin 750 mg okusne tablete za pse, Clavaseptin 750 mg palatable tablets for dogs, Dexdomitor 0.1 mg/ml - Solution for injection, Dexdomitor 0.5 mg/ml - Solution for injection, Fuxien vet 1000 mg/g inhalaatiohöyry, neste, ISOFLURANE-Vet 1000 mg/g liquido per inalazione per cani e gatti, ISOFLURIN 1000mg/g ΥΓΡΟ ΓΙΑ ΕΙΣΠΝΕΟΜΕΝΟΥΣ ΑΤΜΟΥΣ, Isoflurane 100% Inhalation Vapour, Liquid, Isoflurane 1000 mg/g Inhalation Vapour, liquid., Metacam 0.5 mg/ml - Oral suspension (cats, guinea pigs), Metacam 0.5 mg/ml - Oral suspension (dogs), Metacam 1.5 mg/ml - Oral suspension (dogs), Metacam 15 mg/ml - Oral suspension (horses), Metacam 15 mg/ml - Oral suspension (pigs), Torbugesic 10 mg/ml Solution for Injection, Torbugesic Vet 10 mg/ml solution injectable pour chevaux, chiens et chats, Torbugesic Vet. 10 mg/ml injektionsvæske, opløsning, Torbuphanol Vet 10 mg/ml solution for injection for injection for horses, dogs and cats, VETERGESIC MULTIDOSE, 0.3MG/ML, SOLUTION FOR INJECTION FOR DOGS AND CATS","Acute renal failure, Anorexia, Elevated blood urea nitrogen (BUN), Elevated creatinine, Lethargy (see also Central nervous system depression in Neurological), Shaking, Vomiting",1,1,
CA-DEBIAHP-2014CA00249,"<a target=""_blank""  href=""/xmlpserver/EVVET3 PW NEW/Subject Area Contents/Public Website/Report (PDF)/AER.xdo?_xpf=&_xpt=1&_params%2FOracle%20BI%20EE%3A%3ADefaultApp%3A%3AEVVET3%20PR%20NEW%2FAER%3A%3Adimension%2FAER%20Id%3A%3Aattribute%3A%3Anoaggr%3A%3Axsd%3Adouble=399708&_xt=AER&_xf=pdf""> AER </a>",2014-06-03 00:00:00,Veterinarian,Canada,FEMALE,Dog,Pug,"Atropine 0,1% pro inj., 1 mg/ml oplossing voor injectie voor honden en katten., DEPOCILLIN 300 mg/ml, DEPOCILLIN 300 mg/ml SUSPENSION INYECTABLE, DEPOCILLIN 300MG/ML ΕΝΕΣΙΜΟ ΕΝΑΙΩΡΗΜΑ, Depocillin 300 mg/ml Suspension for Injection, Metacam 0.5 mg/ml - Oral suspension (cats, guinea pigs), Metacam 0.5 mg/ml - Oral suspension (dogs), Metacam 1.5 mg/ml - Oral suspension (dogs), Metacam 15 mg/ml - Oral suspension (horses), Metacam 15 mg/ml - Oral suspension (pigs), Torbugesic 10 mg/ml Solution for Injection, Torbugesic Vet 10 mg/ml solution injectable pour chevaux, chiens et chats, Torbugesic Vet. 10 mg/ml injektionsvæske, opløsning, Torbuphanol Vet 10 mg/ml solution for injection for injection for horses, dogs and cats","Anorexia, Elevated blood urea nitrogen (BUN), Elevated creatinine, Lethargy (see also Central nervous system depression in Neurological), Leukocytosis NOS, Neutrophilia, Vomiting",1,1,
CA-DEBIAHP-2014CA00257,"<a target=""_blank""  href=""/xmlpserver/EVVET3 PW NEW/Subject Area Contents/Public Website/Report (PDF)/AER.xdo?_xpf=&_xpt=1&_params%2FOracle%20BI%20EE%3A%3ADefaultApp%3A%3AEVVET3%20PR%20NEW%2FAER%3A%3Adimension%2FAER%20Id%3A%3Aattribute%3A%3Anoaggr%3A%3Axsd%3Adouble=391600&_xt=AER&_xf=pdf""> AER </a>",2014-03-24 00:00:00,Veterinarian,Canada,FEMALE,Dog,Terrier - Bull - Staffordshire,"CEPHALEXIN 180 mg/ml suspenzija za injiciranje, DOMITOR 1 mg/ml raztopina za injiciranje za pse in mačke, DOMITOR 1 mg/ml ενέσιμο διάλυμα για σκύλους και γάτες, DOMITOR 1 mg/ml, soluție injectabilă pentru câini și pisici, DOMITOR, 1 mg/mL, otopina za injekciju za pse i mačke, DOMITOR, 1mg/ml, Injekční roztok, DOMITOR, SOLUTION INJECTABLE, Domitor, Domitor 1 mg/1 ml, roztwór do wstrzykiwań dla psów i kotów, Domitor 1 mg/ml - Injektionslösung für Hunde und Katzen, Domitor 1 mg/ml Oplossing voor injectie, Domitor 1 mg/ml Solution injectable, Domitor 1 mg/ml injekčný roztok, Domitor 1 mg/ml oldatos injekció kutyáknak és macskáknak A.U.V., Domitor 1 mg/ml solution for injection, Domitor 1 mg/ml soluzione iniettabile per cani e gatti, Domitor Vet 1 mg/ml injekcinis tirpalas, Domitor Vet 1 mg/ml šķīdums injekcijām, Domitor Vet, 1 mg/ml süstelahus, Domitor Vet. 1 mg/ml injektionsvæske, opløsning, Domitor vet 1 mg/ml injektioneste, liuos, Domitor vet. 1 mg/ml Injektionsvätska, lösning, Domitor vet. 1 mg/ml injeksjonsvæske, oppløsning til hund og katt, Metacam 0.5 mg/ml - Oral suspension (cats, guinea pigs), Metacam 0.5 mg/ml - Oral suspension (dogs), Metacam 1.5 mg/ml - Oral suspension (dogs), Metacam 15 mg/ml - Oral suspension (horses), Metacam 15 mg/ml - Oral suspension (pigs), Домитор Вет 1 mg/ml инжекционен разтвор за кучета и котки","Anorexia, Dehydration, Lethargy (see also Central nervous system depression in Neurological), Vomiting",1,1,
CA-DEBIAHP-2014CA00260,"<a target=""_blank""  href=""/xmlpserver/EVVET3 PW NEW/Subject Area Contents/Public Website/Report (PDF)/AER.xdo?_xpf=&_xpt=1&_params%2FOracle%20BI%20EE%3A%3ADefaultApp%3A%3AEVVET3%20PR%20NEW%2FAER%3A%3Adimension%2FAER%20Id%3A%3Aattribute%3A%3Anoaggr%3A%3Axsd%3Adouble=391314&_xt=AER&_xf=pdf""> AER </a>",2014-03-24 00:00:00,Veterinarian,Canada,FEMALE,Dog,Crossbred Canine/dog,"Metacam 0.5 mg/ml - Oral suspension (cats, guinea pigs), Metacam 0.5 mg/ml - Oral suspension (dogs), Metacam 1.5 mg/ml - Oral suspension (dogs), Metacam 15 mg/ml - Oral suspension (horses), Metacam 15 mg/ml - Oral suspension (pigs)","Anorexia, Lethargy (see also Central nervous system depression in Neurological), Not drinking, Urinary retention, Vomiting",1,1,
CA-DEBIAHP-2014CA00261,"<a target=""_blank""  href=""/xmlpserver/EVVET3 PW NEW/Subject Area Contents/Public Website/Report (PDF)/AER.xdo?_xpf=&_xpt=1&_params%2FOracle%20BI%20EE%3A%3ADefaultApp%3A%3AEVVET3%20PR%20NEW%2FAER%3A%3Adimension%2FAER%20Id%3A%3Aattribute%3A%3Anoaggr%3A%3Axsd%3Adouble=400183&_xt=AER&_xf=pdf""> AER </a>",2014-06-06 00:00:00,Veterinarian,Canada,MALE,Dog,Dog (other),Metacam 0.5 mg/ml - Oral suspension (dogs),"Injection site lump, Injection site sarcoma, Spindle cell tumour, Uncoded sign",1,1,
CA-DEBIAHP-2014CA00325,"<a target=""_blank""  href=""/xmlpserver/EVVET3 PW NEW/Subject Area Contents/Public Website/Report (PDF)/AER.xdo?_xpf=&_xpt=1&_params%2FOracle%20BI%20EE%3A%3ADefaultApp%3A%3AEVVET3%20PR%20NEW%2FAER%3A%3Adimension%2FAER%20Id%3A%3Aattribute%3A%3Anoaggr%3A%3Axsd%3Adouble=393370&_xt=AER&_xf=pdf""> AER </a>",2014-04-04 00:00:00,Veterinarian,Canada,MALE,Dog,Retriever - Labrador,"Fuxien vet 1000 mg/g inhalaatiohöyry, neste, ISOFLURANE-Vet 1000 mg/g liquido per inalazione per cani e gatti, ISOFLURIN 1000mg/g ΥΓΡΟ ΓΙΑ ΕΙΣΠΝΕΟΜΕΝΟΥΣ ΑΤΜΟΥΣ, Isoflurane 100% Inhalation Vapour, Liquid, Isoflurane 1000 mg/g Inhalation Vapour, liquid., Metacam 0.5 mg/ml - Oral suspension (cats, guinea pigs), Metacam 0.5 mg/ml - Oral suspension (dogs), Metacam 1.5 mg/ml - Oral suspension (dogs), Metacam 15 mg/ml - Oral suspension (horses), Metacam 15 mg/ml - Oral suspension (pigs), Torbugesic 10 mg/ml Solution for Injection, Torbugesic Vet 10 mg/ml solution injectable pour chevaux, chiens et chats, Torbugesic Vet. 10 mg/ml injektionsvæske, opløsning, Torbuphanol Vet 10 mg/ml solution for injection for injection for horses, dogs and cats","Anorexia, Bloody diarrhoea, Haemorrhagic diarrhoea, Leukocytosis NOS, Neutrophilia, Tense abdomen, Vomiting",1,1,
CA-DEBIAHP-2014CA00343,"<a target=""_blank""  href=""/xmlpserver/EVVET3 PW NEW/Subject Area Contents/Public Website/Report (PDF)/AER.xdo?_xpf=&_xpt=1&_params%2FOracle%20BI%20EE%3A%3ADefaultApp%3A%3AEVVET3%20PR%20NEW%2FAER%3A%3Adimension%2FAER%20Id%3A%3Aattribute%3A%3Anoaggr%3A%3Axsd%3Adouble=393719&_xt=AER&_xf=pdf""> AER </a>",2014-04-09 00:00:00,Veterinarian,Canada,FEMALE,Dog,Bichon Frise,"Metacam 0.5 mg/ml - Oral suspension (cats, guinea pigs), Metacam 0.5 mg/ml - Oral suspension (dogs), Metacam 1.5 mg/ml - Oral suspension (dogs), Metacam 15 mg/ml - Oral suspension (horses), Metacam 15 mg/ml - Oral suspension (pigs), Vanguard Plus 5 vakcina A.U.V., Vanguard Plus 5, liofilizat i rozpuszczalnik do sporządzania zawiesiny do wstrzykiwań dla psów","Agitation, Anorexia, Balance impaired, Conjunctivitis, Cough, Crying, Death by euthanasia, Hypersalivation, Lethargy (see also Central nervous system depression in Neurological), Loose stool, Nasal discharge, Not drinking, Ocular discharge, Pneumonia, Respiratory sound, Sneezing, Vomiting, Walking difficulty, Weakness",1,1,1
CA-DEBIAHP-2014CA00357,"<a target=""_blank""  href=""/xmlpserver/EVVET3 PW NEW/Subject Area Contents/Public Website/Report (PDF)/AER.xdo?_xpf=&_xpt=1&_params%2FOracle%20BI%20EE%3A%3ADefaultApp%3A%3AEVVET3%20PR%20NEW%2FAER%3A%3Adimension%2FAER%20Id%3A%3Aattribute%3A%3Anoaggr%3A%3Axsd%3Adouble=394596&_xt=AER&_xf=pdf""> AER </a>",2014-04-16 00:00:00,Veterinarian,Canada,FEMALE,Dog,Crossbred Canine/dog,"Isoflurane 100% Inhalation Vapour, Liquid, Metacam 0.5 mg/ml - Oral suspension (dogs)","Anorexia, Blood in urine, Dehydration, Lethargy (see also Central nervous system depression in Neurological), Other abnormal test result NOS, Polydipsia, Vomiting",1,1,
CA-DEBIAHP-2014CA00400,"<a target=""_blank""  href=""/xmlpserver/EVVET3 PW NEW/Subject Area Contents/Public Website/Report (PDF)/AER.xdo?_xpf=&_xpt=1&_params%2FOracle%20BI%20EE%3A%3ADefaultApp%3A%3AEVVET3%20PR%20NEW%2FAER%3A%3Adimension%2FAER%20Id%3A%3Aattribute%3A%3Anoaggr%3A%3Axsd%3Adouble=395861&_xt=AER&_xf=pdf""> AER </a>",2014-04-29 00:00:00,Veterinarian,Canada,FEMALE,Dog,Crossbred Canine/dog,Metacam 0.5 mg/ml - Oral suspension (dogs),"Hyperpigmentation, Injection site alopecia, Injection site erythema",1,1,
CA-DEBIAHP-2014CA00408,"<a target=""_blank""  href=""/xmlpserver/EVVET3 PW NEW/Subject Area Contents/Public Website/Report (PDF)/AER.xdo?_xpf=&_xpt=1&_params%2FOracle%20BI%20EE%3A%3ADefaultApp%3A%3AEVVET3%20PR%20NEW%2FAER%3A%3Adimension%2FAER%20Id%3A%3Aattribute%3A%3Anoaggr%3A%3Axsd%3Adouble=396543&_xt=AER&_xf=pdf""> AER </a>",2014-05-06 00:00:00,Veterinarian,Canada,FEMALE,Dog,Terrier - Yorkshire,"MIPREPOL, oily suspension for dogs and cats, Metacam 0.5 mg/ml - Oral suspension (cats, guinea pigs), Metacam 0.5 mg/ml - Oral suspension (dogs), Metacam 1.5 mg/ml - Oral suspension (dogs), Metacam 15 mg/ml - Oral suspension (horses), Metacam 15 mg/ml - Oral suspension (pigs), SUROLAN, SUROLAN (23MG+5MG+0,5293MG)/ML ΩΤΙΚΕΣ ΣΤΑΓΟΝΕΣ, ΕΝΑΙΩΡΗΜΑ, SUROLAN DROPS 23mg/ml, 5500IU/ml, 5mg/ml ωτικές σταγόνες σε εναιώρημα και δερματικό εναιώρημα για σκύλους και γάτες, SUROLAN sospensione oleosa per cani e gatti, SUROLAN ušné kvapky a dermálna suspenzia, SUROLAN, Kožní/ušní kapky, suspenze, SUROLAN, kapi za uho i suspenzija za kožu za pse i mačke, SUROLAN, picături auriculate si suspensie cutanată, SUROLAN, suspensija šunims ir katėms, SUROLAN, капки за уши и суспензия за кожа за кучета и котки, Surolan, Surolan  Oordruppels, suspensie, Surolan (23 mg + 0,5293 mg + 5 mg )/ml Krople do uszu, zawiesina, Surolan 5,0 mg/0,5293 mg/23,0 mg/ml, Ohrentropfen, Suspension zur Anwendung auf der Haut für Hunde und Katzen, Surolan Ear Drops and Cutaneous Suspension, Surolan Vet. 5 + 23 + 0,529 mg/ml øredråber, suspension og kutansuspension, Surolan külsőleges szuszpenzió A.U.V., Surolan suspensija ārīgai lietošanai suņiem un kaķiem, Surolan vet.  Örondroppar/kutan suspension, Surolan vet., örondroppar/kutan suspension, Surolan, nahasuspensioon koertele ja kassidele, Surolan, suspensie voor cutaan gebruik, bij honden en katten, Surolan, suspension pour application cutanée/suspension auriculaire en gouttes pour chiens et chats, VETERGESIC MULTIDOSE, 0.3MG/ML, SOLUTION FOR INJECTION FOR DOGS AND CATS","Acute renal failure, Anaemia NOS, Anorexia, Azotaemia, Death, Dehydration, Other abnormal test result NOS, Pancreatitis NOS",1,1,
CA-DEBIAHP-2014CA00409,"<a target=""_blank""  href=""/xmlpserver/EVVET3 PW NEW/Subject Area Contents/Public Website/Report (PDF)/AER.xdo?_xpf=&_xpt=1&_params%2FOracle%20BI%20EE%3A%3ADefaultApp%3A%3AEVVET3%20PR%20NEW%2FAER%3A%3Adimension%2FAER%20Id%3A%3Aattribute%3A%3Anoaggr%3A%3Axsd%3Adouble=395860&_xt=AER&_xf=pdf""> AER </a>",2014-04-29 00:00:00,Veterinarian,Canada,MALE,Dog,Terrier - Boston,Metacam 0.5 mg/ml - Oral suspension (dogs),"Anaphylaxis, Bradycardia, Collapse (see also Cardio-vascular and Systemic disorders), Hypotension, Lethargy (see also Central nervous system depression in Neurological), Pale mucous membrane",1,1,
CA-DEBIAHP-2014CA00411,"<a target=""_blank""  href=""/xmlpserver/EVVET3 PW NEW/Subject Area Contents/Public Website/Report (PDF)/AER.xdo?_xpf=&_xpt=1&_params%2FOracle%20BI%20EE%3A%3ADefaultApp%3A%3AEVVET3%20PR%20NEW%2FAER%3A%3Adimension%2FAER%20Id%3A%3Aattribute%3A%3Anoaggr%3A%3Axsd%3Adouble=403852&_xt=AER&_xf=pdf""> AER </a>",2014-07-10 00:00:00,Veterinarian,Canada,MALE,Dog,Cattle Dog - Flanders (Bouvier),"Anarthron 100 mg/ml Solution for Injection, Cartrophen Vet 100 mg/ml Solution for Injection., Cartrophen Vet. 100 mg/ml injektionsvæske, opløsning, Cartrophen vet, Cartrophen vet. 100 mg/ml Injektionsvätska, lösning, Cartrophen vet. 100 mg/ml injektioneste, liuos, Metacam 0.5 mg/ml - Oral suspension (cats, guinea pigs), Metacam 0.5 mg/ml - Oral suspension (dogs), Metacam 1.5 mg/ml - Oral suspension (dogs), Metacam 15 mg/ml - Oral suspension (horses), Metacam 15 mg/ml - Oral suspension (pigs), Tramadog 50 mg tablet for dogs","Anorexia, Blood in vomit, Gastric ulcer, Hypersalivation, Lethargy (see also Central nervous system depression in Neurological), Not drinking, Pneumonia, Tense abdomen, Vomiting, Weight loss",1,1,
CA-DEBIAHP-2014CA00432,"<a target=""_blank""  href=""/xmlpserver/EVVET3 PW NEW/Subject Area Contents/Public Website/Report (PDF)/AER.xdo?_xpf=&_xpt=1&_params%2FOracle%20BI%20EE%3A%3ADefaultApp%3A%3AEVVET3%20PR%20NEW%2FAER%3A%3Adimension%2FAER%20Id%3A%3Aattribute%3A%3Anoaggr%3A%3Axsd%3Adouble=401283&_xt=AER&_xf=pdf""> AER </a>",2014-06-18 00:00:00,Veterinarian,Canada,FEMALE,Dog,Crossbred Canine/dog,"ALFAXAN 10 mg/ml solution for injection for dogs and cats, Dexdomitor 0.1 mg/ml - Solution for injection, Dexdomitor 0.5 mg/ml - Solution for injection, Metacam 0.5 mg/ml - Oral suspension (cats, guinea pigs), Metacam 0.5 mg/ml - Oral suspension (dogs), Metacam 1.5 mg/ml - Oral suspension (dogs), Metacam 15 mg/ml - Oral suspension (horses), Metacam 15 mg/ml - Oral suspension (pigs)","Anorexia, Blood in urine, Decreased urine concentration, Elevated blood urea nitrogen (BUN), Elevated creatinine, Lethargy (see also Central nervous system depression in Neurological), Polydipsia, Polyuria, Uncontrolled micturition, Urinary tract infection",1,1,
CA-DEBIAHP-2014CA00433,"<a target=""_blank""  href=""/xmlpserver/EVVET3 PW NEW/Subject Area Contents/Public Website/Report (PDF)/AER.xdo?_xpf=&_xpt=1&_params%2FOracle%20BI%20EE%3A%3ADefaultApp%3A%3AEVVET3%20PR%20NEW%2FAER%3A%3Adimension%2FAER%20Id%3A%3Aattribute%3A%3Anoaggr%3A%3Axsd%3Adouble=396177&_xt=AER&_xf=pdf""> AER </a>",2014-05-01 00:00:00,Veterinarian,Canada,FEMALE,Dog,Chihuahua,"Metacam 0.5 mg/ml - Oral suspension (cats, guinea pigs), Metacam 0.5 mg/ml - Oral suspension (dogs), Metacam 1.5 mg/ml - Oral suspension (dogs), Metacam 15 mg/ml - Oral suspension (horses), Metacam 15 mg/ml - Oral suspension (pigs)","Anorexia, Hypersalivation, Nausea, Vomiting",1,1,
CA-DEBIAHP-2014CA00451,"<a target=""_blank""  href=""/xmlpserver/EVVET3 PW NEW/Subject Area Contents/Public Website/Report (PDF)/AER.xdo?_xpf=&_xpt=1&_params%2FOracle%20BI%20EE%3A%3ADefaultApp%3A%3AEVVET3%20PR%20NEW%2FAER%3A%3Adimension%2FAER%20Id%3A%3Aattribute%3A%3Anoaggr%3A%3Axsd%3Adouble=396557&_xt=AER&_xf=pdf""> AER </a>",2014-05-06 00:00:00,Veterinarian,Canada,MALE,Dog,Shih Tzu,"Metacam 0.5 mg/ml - Oral suspension (cats, guinea pigs), Metacam 0.5 mg/ml - Oral suspension (dogs), Metacam 1.5 mg/ml - Oral suspension (dogs), Metacam 15 mg/ml - Oral suspension (horses), Metacam 15 mg/ml - Oral suspension (pigs)","Diarrhoea, Lethargy (see also Central nervous system depression in Neurological), Loose stool, Not eating, Tarry or black stool (see also haemorrhagic diarrhoea), Vomiting",1,1,
CA-DEBIAHP-2014CA00456,"<a target=""_blank""  href=""/xmlpserver/EVVET3 PW NEW/Subject Area Contents/Public Website/Report (PDF)/AER.xdo?_xpf=&_xpt=1&_params%2FOracle%20BI%20EE%3A%3ADefaultApp%3A%3AEVVET3%20PR%20NEW%2FAER%3A%3Adimension%2FAER%20Id%3A%3Aattribute%3A%3Anoaggr%3A%3Axsd%3Adouble=396432&_xt=AER&_xf=pdf""> AER </a>",2014-05-05 00:00:00,Veterinarian,Canada,MALE,Dog,Greyhound - Italian,"Metacam 0.5 mg/ml - Oral suspension (dogs), RABISIN SUSPENSION INJECTABLE, RABISIN injekčná suspenzia, RABISIN suspenzija za injiciranje, RABISIN vet, injeksjonsvæske, suspensjon Vaksine mot rabies til dyr (inaktivert), RABISIN, Injekční suspenze, RABISIN, injekcinė suspensija, RABISIN, sospensione iniettabile per cani, gatti, equini, bovini, ovini, RABISIN, suspensie injectabilă, RABISIN, ενέσιμο εναιώρημα, RABISIN, ≥ 2,09 log10 OD50 i ≥ 1 I.J., suspenzija za injekciju za pse, mačke, pitome vretice, konje, govedo i ovce, Rabisin, Rabisin  Suspensie voor injectie, Rabisin Glikoproteiny wirusa wścieklizny nie mniej niż 1IU Zawiesina do wstrzykiwań, Rabisin Injektionssuspension für Hunde, Katzen, Marderartige, Pferde, Rinder und Schafe, Rabisin Vet. injektionsvæske, suspension, Rabisin suspensija injekcijām liellopiem, zirgiem, aitām, suņiem, kaķiem un mājas seskiem, Rabisin suspension injectable, Rabisin suspensão injectável, Rabisin vakcina A.U.V., Rabisin vet injektioneste, suspensio, Rabisin vet.  Injektionsvätska, suspension, Rabisin, Injektionssuspension für Hunde, Katzen, Marderartige, Pferde, Rinder und Schafe, Rabisin, suspensie voor injectie voor hond, kat en rund, Rabisin, süstesuspensioon, РАБИЗИН","Facial oedema, Lethargy (see also Central nervous system depression in Neurological), Urticaria",1,1,
CA-DEBIAHP-2014CA00481,"<a target=""_blank""  href=""/xmlpserver/EVVET3 PW NEW/Subject Area Contents/Public Website/Report (PDF)/AER.xdo?_xpf=&_xpt=1&_params%2FOracle%20BI%20EE%3A%3ADefaultApp%3A%3AEVVET3%20PR%20NEW%2FAER%3A%3Adimension%2FAER%20Id%3A%3Aattribute%3A%3Anoaggr%3A%3Axsd%3Adouble=397011&_xt=AER&_xf=pdf""> AER </a>",2014-05-09 00:00:00,Veterinarian,Canada,FEMALE,Dog,Crossbred Canine/dog,"Drontal Plus 35 kg tabletta A.U.V., Drontal Plus Tablets, Drontal Plus XL Tablets, Drontal Tasty Bone Multi-worm 150/144/50 mg tablets, Drontal Tasty Bone Multi-worm XL 525/504/175 mg tablets, Metacam 0.5 mg/ml - Oral suspension (cats, guinea pigs), Metacam 0.5 mg/ml - Oral suspension (dogs), Metacam 1.5 mg/ml - Oral suspension (dogs), Metacam 15 mg/ml - Oral suspension (horses), Metacam 15 mg/ml - Oral suspension (pigs)","Hyperpigmentation, Injection site alopecia, Injection site crust",1,1,
CA-DEBIAHP-2014CA00504,"<a target=""_blank""  href=""/xmlpserver/EVVET3 PW NEW/Subject Area Contents/Public Website/Report (PDF)/AER.xdo?_xpf=&_xpt=1&_params%2FOracle%20BI%20EE%3A%3ADefaultApp%3A%3AEVVET3%20PR%20NEW%2FAER%3A%3Adimension%2FAER%20Id%3A%3Aattribute%3A%3Anoaggr%3A%3Axsd%3Adouble=398106&_xt=AER&_xf=pdf""> AER </a>",2014-05-20 00:00:00,Veterinarian,Canada,MALE,Dog,Siberian Husky,"ALFAXAN 10 mg/ml solution for injection for dogs and cats, Fuxien vet 1000 mg/g inhalaatiohöyry, neste, ISOFLURANE-Vet 1000 mg/g liquido per inalazione per cani e gatti, ISOFLURIN 1000mg/g ΥΓΡΟ ΓΙΑ ΕΙΣΠΝΕΟΜΕΝΟΥΣ ΑΤΜΟΥΣ, Isoflurane 100% Inhalation Vapour, Liquid, Isoflurane 1000 mg/g Inhalation Vapour, liquid., Metacam 0.5 mg/ml - Oral suspension (cats, guinea pigs), Metacam 0.5 mg/ml - Oral suspension (dogs), Metacam 1.5 mg/ml - Oral suspension (dogs), Metacam 15 mg/ml - Oral suspension (horses), Metacam 15 mg/ml - Oral suspension (pigs), Torbugesic 10 mg/ml Solution for Injection, Torbugesic Vet 10 mg/ml solution injectable pour chevaux, chiens et chats, Torbugesic Vet. 10 mg/ml injektionsvæske, opløsning, Torbuphanol Vet 10 mg/ml solution for injection for injection for horses, dogs and cats","Blood in vomit, Dehydration, Diarrhoea, Elevated blood urea nitrogen (BUN), Elevated creatinine, Hyperphosphataemia, Lethargy (see also Central nervous system depression in Neurological), Melaena",1,1,
CA-DEBIAHP-2014CA00511,"<a target=""_blank""  href=""/xmlpserver/EVVET3 PW NEW/Subject Area Contents/Public Website/Report (PDF)/AER.xdo?_xpf=&_xpt=1&_params%2FOracle%20BI%20EE%3A%3ADefaultApp%3A%3AEVVET3%20PR%20NEW%2FAER%3A%3Adimension%2FAER%20Id%3A%3Aattribute%3A%3Anoaggr%3A%3Axsd%3Adouble=397825&_xt=AER&_xf=pdf""> AER </a>",2014-05-16 00:00:00,Veterinarian,Canada,FEMALE,Dog,Bullmastiff,"AURIZON, AURIZON EAR DROPS, SUSPENSION, Aurizon (3 mg + 10 mg + 1 mg)/ml Krople do uszu, zawiesina, Aurizon Vet. 3+10+0,9 mg/ml øredråber, suspension, Aurizon ausu pilieni, suspensija suņiem, Aurizon, kapi za uho, suspenzija, za pse, Aurizon, ušní kapky, Dexdomitor 0.1 mg/ml - Solution for injection, Dexdomitor 0.5 mg/ml - Solution for injection, LIDOCAINE 2% (w/w) injekčný roztok, LIDOCAINE, 2%, Injekční roztok, Lidocaine 2 inj. (+noradrenaline), injectievloeistof voor honden en katten, Lidocaine 20 mg/ml + adrenaline 10 mcg/ml, oplossing voor injectie voor honden en katten, Lidocaine 4% inj. oplossing voor injectie voor honden en katten, Metacam 0.5 mg/ml - Oral suspension (cats, guinea pigs), Metacam 0.5 mg/ml - Oral suspension (dogs), Metacam 1.5 mg/ml - Oral suspension (dogs), Metacam 15 mg/ml - Oral suspension (horses), Metacam 15 mg/ml - Oral suspension (pigs), АУРИЗОН ВЕТ, капки за уши, суспензия за кучета","Anaemia NOS, Anorexia, Decreased body temperature, Lethargy (see also Central nervous system depression in Neurological), Loose stool, Pale mucous membrane, Tarry or black stool (see also haemorrhagic diarrhoea)",1,1,
CA-DEBIAHP-2014CA00512,"<a target=""_blank""  href=""/xmlpserver/EVVET3 PW NEW/Subject Area Contents/Public Website/Report (PDF)/AER.xdo?_xpf=&_xpt=1&_params%2FOracle%20BI%20EE%3A%3ADefaultApp%3A%3AEVVET3%20PR%20NEW%2FAER%3A%3Adimension%2FAER%20Id%3A%3Aattribute%3A%3Anoaggr%3A%3Axsd%3Adouble=398473&_xt=AER&_xf=pdf""> AER </a>",2014-05-22 00:00:00,Veterinarian,Canada,FEMALE,Dog,Boxer (German Boxer),"Metacam 0.5 mg/ml - Oral suspension (cats, guinea pigs), Metacam 0.5 mg/ml - Oral suspension (dogs), Metacam 1.5 mg/ml - Oral suspension (dogs), Metacam 15 mg/ml - Oral suspension (horses), Metacam 15 mg/ml - Oral suspension (pigs)","Diarrhoea, Lethargy (see also Central nervous system depression in Neurological), Vomiting",1,1,
CA-DEBIAHP-2014CA00522,"<a target=""_blank""  href=""/xmlpserver/EVVET3 PW NEW/Subject Area Contents/Public Website/Report (PDF)/AER.xdo?_xpf=&_xpt=1&_params%2FOracle%20BI%20EE%3A%3ADefaultApp%3A%3AEVVET3%20PR%20NEW%2FAER%3A%3Adimension%2FAER%20Id%3A%3Aattribute%3A%3Anoaggr%3A%3Axsd%3Adouble=397830&_xt=AER&_xf=pdf""> AER </a>",2014-05-16 00:00:00,Veterinarian,Canada,MALE,Dog,Maltese,"Metacam 0.5 mg/ml - Oral suspension (cats, guinea pigs), Metacam 0.5 mg/ml - Oral suspension (dogs), Metacam 1.5 mg/ml - Oral suspension (dogs), Metacam 15 mg/ml - Oral suspension (horses), Metacam 15 mg/ml - Oral suspension (pigs)","Excessive chewing, licking and/or grooming, Falling, Inappropriate urination, Seizure NOS, Stiffness limb, Trembling, Unable to stand, Vomiting",1,1,
CA-DEBIAHP-2014CA00537,"<a target=""_blank""  href=""/xmlpserver/EVVET3 PW NEW/Subject Area Contents/Public Website/Report (PDF)/AER.xdo?_xpf=&_xpt=1&_params%2FOracle%20BI%20EE%3A%3ADefaultApp%3A%3AEVVET3%20PR%20NEW%2FAER%3A%3Adimension%2FAER%20Id%3A%3Aattribute%3A%3Anoaggr%3A%3Axsd%3Adouble=399230&_xt=AER&_xf=pdf""> AER </a>",2014-05-29 00:00:00,Veterinarian,Canada,FEMALE,Dog,Spaniel - King Charles Cavalier,"Metacam 0.5 mg/ml - Oral suspension (cats, guinea pigs), Metacam 0.5 mg/ml - Oral suspension (dogs), Metacam 1.5 mg/ml - Oral suspension (dogs), Metacam 15 mg/ml - Oral suspension (horses), Metacam 15 mg/ml - Oral suspension (pigs), Torbugesic 10 mg/ml Solution for Injection, Torbugesic Vet 10 mg/ml solution injectable pour chevaux, chiens et chats, Torbugesic Vet. 10 mg/ml injektionsvæske, opløsning, Torbuphanol Vet 10 mg/ml solution for injection for injection for horses, dogs and cats","Anorexia, Bloody diarrhoea, Loose bowel, Vomiting",1,1,
CA-DEBIAHP-2014CA00555,"<a target=""_blank""  href=""/xmlpserver/EVVET3 PW NEW/Subject Area Contents/Public Website/Report (PDF)/AER.xdo?_xpf=&_xpt=1&_params%2FOracle%20BI%20EE%3A%3ADefaultApp%3A%3AEVVET3%20PR%20NEW%2FAER%3A%3Adimension%2FAER%20Id%3A%3Aattribute%3A%3Anoaggr%3A%3Axsd%3Adouble=399161&_xt=AER&_xf=pdf""> AER </a>",2014-05-30 00:00:00,Veterinarian,Canada,FEMALE,Dog,Retriever - Labrador,"Metacam 20 mg/ml - Solution for injection (cattle, pigs, horses)","Anorexia, Blood in urine, Decreased urine concentration, Elevated renal parameters, Lethargy (see also Central nervous system depression in Neurological), Polydipsia, Polyuria",1,1,
CA-DEBIAHP-2014CA00566,"<a target=""_blank""  href=""/xmlpserver/EVVET3 PW NEW/Subject Area Contents/Public Website/Report (PDF)/AER.xdo?_xpf=&_xpt=1&_params%2FOracle%20BI%20EE%3A%3ADefaultApp%3A%3AEVVET3%20PR%20NEW%2FAER%3A%3Adimension%2FAER%20Id%3A%3Aattribute%3A%3Anoaggr%3A%3Axsd%3Adouble=399705&_xt=AER&_xf=pdf""> AER </a>",2014-06-03 00:00:00,Veterinarian,Canada,MALE,Dog,Crossbred Canine/dog,Metacam 0.5 mg/ml - Oral suspension (dogs),"Anorexia, Chronic renal failure, Cough, Cyanosis, Death by euthanasia, Dehydration, Dyspnoea, Febrile, Gastric ulceration NOS, Hepatomegaly, Hypothermia, Lethargy (see also Central nervous system depression in Neurological), Low blood pressure, Oral bleeding, Pale mucous membrane, Pallor, Prolonged capillary refill time, Tachypnoea, Tarry or black stool (see also haemorrhagic diarrhoea), Vomiting",1,1,1
CA-DEBIAHP-2014CA00596,"<a target=""_blank""  href=""/xmlpserver/EVVET3 PW NEW/Subject Area Contents/Public Website/Report (PDF)/AER.xdo?_xpf=&_xpt=1&_params%2FOracle%20BI%20EE%3A%3ADefaultApp%3A%3AEVVET3%20PR%20NEW%2FAER%3A%3Adimension%2FAER%20Id%3A%3Aattribute%3A%3Anoaggr%3A%3Axsd%3Adouble=399744&_xt=AER&_xf=pdf""> AER </a>",2014-06-03 00:00:00,Veterinarian,Canada,MALE,Dog,Retriever - Labrador,"DOMITOR 1 mg/ml raztopina za injiciranje za pse in mačke, DOMITOR 1 mg/ml ενέσιμο διάλυμα για σκύλους και γάτες, DOMITOR 1 mg/ml, soluție injectabilă pentru câini și pisici, DOMITOR, 1 mg/mL, otopina za injekciju za pse i mačke, DOMITOR, 1mg/ml, Injekční roztok, DOMITOR, SOLUTION INJECTABLE, Domitor, Domitor 1 mg/1 ml, roztwór do wstrzykiwań dla psów i kotów, Domitor 1 mg/ml - Injektionslösung für Hunde und Katzen, Domitor 1 mg/ml Oplossing voor injectie, Domitor 1 mg/ml Solution injectable, Domitor 1 mg/ml injekčný roztok, Domitor 1 mg/ml oldatos injekció kutyáknak és macskáknak A.U.V., Domitor 1 mg/ml solution for injection, Domitor 1 mg/ml soluzione iniettabile per cani e gatti, Domitor Vet 1 mg/ml injekcinis tirpalas, Domitor Vet 1 mg/ml šķīdums injekcijām, Domitor Vet, 1 mg/ml süstelahus, Domitor Vet. 1 mg/ml injektionsvæske, opløsning, Domitor vet 1 mg/ml injektioneste, liuos, Domitor vet. 1 mg/ml Injektionsvätska, lösning, Domitor vet. 1 mg/ml injeksjonsvæske, oppløsning til hund og katt, Metacam 0.5 mg/ml - Oral suspension (cats, guinea pigs), Metacam 0.5 mg/ml - Oral suspension (dogs), Metacam 1.5 mg/ml - Oral suspension (dogs), Metacam 15 mg/ml - Oral suspension (horses), Metacam 15 mg/ml - Oral suspension (pigs), Torbugesic 10 mg/ml Solution for Injection, Torbugesic Vet 10 mg/ml solution injectable pour chevaux, chiens et chats, Torbugesic Vet. 10 mg/ml injektionsvæske, opløsning, Torbuphanol Vet 10 mg/ml solution for injection for injection for horses, dogs and cats, Домитор Вет 1 mg/ml инжекционен разтвор за кучета и котки","Decreased urine concentration, Elevated blood urea nitrogen (BUN), Elevated creatinine, Lethargy (see also Central nervous system depression in Neurological), Leukocytosis NOS, Neutrophilia, Polydipsia, Polyuria, Pyelonephritis, Sedation, Unable to stand, Vomiting",1,1,
CA-DEBIAHP-2014CA00631,"<a target=""_blank""  href=""/xmlpserver/EVVET3 PW NEW/Subject Area Contents/Public Website/Report (PDF)/AER.xdo?_xpf=&_xpt=1&_params%2FOracle%20BI%20EE%3A%3ADefaultApp%3A%3AEVVET3%20PR%20NEW%2FAER%3A%3Adimension%2FAER%20Id%3A%3Aattribute%3A%3Anoaggr%3A%3Axsd%3Adouble=400358&_xt=AER&_xf=pdf""> AER </a>",2014-06-10 00:00:00,Veterinarian,Canada,MALE,Dog,Shepherd Dog - Australian,"Metacam 0.5 mg/ml - Oral suspension (cats, guinea pigs), Metacam 0.5 mg/ml - Oral suspension (dogs), Metacam 1.5 mg/ml - Oral suspension (dogs), Metacam 15 mg/ml - Oral suspension (horses), Metacam 15 mg/ml - Oral suspension (pigs)","Anorexia, Blood in vomit",1,1,
CA-DEBIAHP-2014CA00637,"<a target=""_blank""  href=""/xmlpserver/EVVET3 PW NEW/Subject Area Contents/Public Website/Report (PDF)/AER.xdo?_xpf=&_xpt=1&_params%2FOracle%20BI%20EE%3A%3ADefaultApp%3A%3AEVVET3%20PR%20NEW%2FAER%3A%3Adimension%2FAER%20Id%3A%3Aattribute%3A%3Anoaggr%3A%3Axsd%3Adouble=400249&_xt=AER&_xf=pdf""> AER </a>",2014-06-09 00:00:00,Veterinarian,Canada,MALE,Dog,Retriever - Labrador,"Fuxien vet 1000 mg/g inhalaatiohöyry, neste, ISOFLURANE-Vet 1000 mg/g liquido per inalazione per cani e gatti, ISOFLURIN 1000mg/g ΥΓΡΟ ΓΙΑ ΕΙΣΠΝΕΟΜΕΝΟΥΣ ΑΤΜΟΥΣ, Isoflurane 100% Inhalation Vapour, Liquid, Isoflurane 1000 mg/g Inhalation Vapour, liquid., LIDOCAINE 2% (w/w) injekčný roztok, LIDOCAINE, 2%, Injekční roztok, Lidocaine 2 inj. (+noradrenaline), injectievloeistof voor honden en katten, Lidocaine 20 mg/ml + adrenaline 10 mcg/ml, oplossing voor injectie voor honden en katten, Lidocaine 4% inj. oplossing voor injectie voor honden en katten, Metacam 0.5 mg/ml - Oral suspension (cats, guinea pigs), Metacam 0.5 mg/ml - Oral suspension (dogs), Metacam 1.5 mg/ml - Oral suspension (dogs), Metacam 15 mg/ml - Oral suspension (horses), Metacam 15 mg/ml - Oral suspension (pigs), Tramadog 50 mg tablet for dogs","Pruritus, Skin lesion NOS",1,1,
CA-DEBIAHP-2014CA00639,"<a target=""_blank""  href=""/xmlpserver/EVVET3 PW NEW/Subject Area Contents/Public Website/Report (PDF)/AER.xdo?_xpf=&_xpt=1&_params%2FOracle%20BI%20EE%3A%3ADefaultApp%3A%3AEVVET3%20PR%20NEW%2FAER%3A%3Adimension%2FAER%20Id%3A%3Aattribute%3A%3Anoaggr%3A%3Axsd%3Adouble=400389&_xt=AER&_xf=pdf""> AER </a>",2014-06-10 00:00:00,Veterinarian,Canada,FEMALE,Dog,Beagle,"Metacam 0.5 mg/ml - Oral suspension (cats, guinea pigs), Metacam 0.5 mg/ml - Oral suspension (dogs), Metacam 1.5 mg/ml - Oral suspension (dogs), Metacam 15 mg/ml - Oral suspension (horses), Metacam 15 mg/ml - Oral suspension (pigs), Tramadog 50 mg tablet for dogs","Anorexia, Diarrhoea, Other abnormal test result NOS, Vomiting",1,1,
CA-DEBIAHP-2014CA00643,"<a target=""_blank""  href=""/xmlpserver/EVVET3 PW NEW/Subject Area Contents/Public Website/Report (PDF)/AER.xdo?_xpf=&_xpt=1&_params%2FOracle%20BI%20EE%3A%3ADefaultApp%3A%3AEVVET3%20PR%20NEW%2FAER%3A%3Adimension%2FAER%20Id%3A%3Aattribute%3A%3Anoaggr%3A%3Axsd%3Adouble=417799&_xt=AER&_xf=pdf""> AER </a>",2014-10-29 00:00:00,Veterinarian,Canada,FEMALE,Dog,Crossbred Canine/dog,"Metacam 0.5 mg/ml - Oral suspension (dogs), Metacam 2.5 mg - Chewable tablet (dogs), Torbugesic 10 mg/ml Solution for Injection, Torbugesic Vet 10 mg/ml solution injectable pour chevaux, chiens et chats, Torbugesic Vet. 10 mg/ml injektionsvæske, opløsning, Torbuphanol Vet 10 mg/ml solution for injection for injection for horses, dogs and cats","Acute renal failure, Decreased appetite, Decreased urine concentration, Elevated blood urea nitrogen (BUN), Elevated creatinine, Lethargy (see also Central nervous system depression in Neurological), Vomiting",1,1,
CA-DEBIAHP-2014CA00661,"<a target=""_blank""  href=""/xmlpserver/EVVET3 PW NEW/Subject Area Contents/Public Website/Report (PDF)/AER.xdo?_xpf=&_xpt=1&_params%2FOracle%20BI%20EE%3A%3ADefaultApp%3A%3AEVVET3%20PR%20NEW%2FAER%3A%3Adimension%2FAER%20Id%3A%3Aattribute%3A%3Anoaggr%3A%3Axsd%3Adouble=405484&_xt=AER&_xf=pdf""> AER </a>",2014-07-24 00:00:00,Veterinarian,Canada,MALE,Dog,Mountain Dog - Bernese,"ALFAXAN 10 mg/ml solution for injection for dogs and cats, Dexdomitor 0.1 mg/ml - Solution for injection, Dexdomitor 0.5 mg/ml - Solution for injection, Metacam 0.5 mg/ml - Oral suspension (cats, guinea pigs), Metacam 0.5 mg/ml - Oral suspension (dogs), Metacam 1.5 mg/ml - Oral suspension (dogs), Metacam 15 mg/ml - Oral suspension (horses), Metacam 15 mg/ml - Oral suspension (pigs), Torbugesic 10 mg/ml Solution for Injection, Torbugesic Vet 10 mg/ml solution injectable pour chevaux, chiens et chats, Torbugesic Vet. 10 mg/ml injektionsvæske, opløsning, Torbuphanol Vet 10 mg/ml solution for injection for injection for horses, dogs and cats, Tramadog 50 mg tablet for dogs","Blood in vomit, Bloody diarrhoea, Diarrhoea, Melaena",1,1,
CA-DEBIAHP-2014CA00663,"<a target=""_blank""  href=""/xmlpserver/EVVET3 PW NEW/Subject Area Contents/Public Website/Report (PDF)/AER.xdo?_xpf=&_xpt=1&_params%2FOracle%20BI%20EE%3A%3ADefaultApp%3A%3AEVVET3%20PR%20NEW%2FAER%3A%3Adimension%2FAER%20Id%3A%3Aattribute%3A%3Anoaggr%3A%3Axsd%3Adouble=401202&_xt=AER&_xf=pdf""> AER </a>",2014-06-17 00:00:00,Veterinarian,Canada,MALE,Dog,Retriever - Golden,"CEPHALEXIN 180 mg/ml suspenzija za injiciranje, Metacam 0.5 mg/ml - Oral suspension (cats, guinea pigs), Metacam 0.5 mg/ml - Oral suspension (dogs), Metacam 1.5 mg/ml - Oral suspension (dogs), Metacam 15 mg/ml - Oral suspension (horses), Metacam 15 mg/ml - Oral suspension (pigs), Torbugesic 10 mg/ml Solution for Injection, Torbugesic Vet 10 mg/ml solution injectable pour chevaux, chiens et chats, Torbugesic Vet. 10 mg/ml injektionsvæske, opløsning, Torbuphanol Vet 10 mg/ml solution for injection for injection for horses, dogs and cats","Diarrhoea, Pruritus, Tarry or black stool (see also haemorrhagic diarrhoea)",1,1,
CA-DEBIAHP-2014CA00696,"<a target=""_blank""  href=""/xmlpserver/EVVET3 PW NEW/Subject Area Contents/Public Website/Report (PDF)/AER.xdo?_xpf=&_xpt=1&_params%2FOracle%20BI%20EE%3A%3ADefaultApp%3A%3AEVVET3%20PR%20NEW%2FAER%3A%3Adimension%2FAER%20Id%3A%3Aattribute%3A%3Anoaggr%3A%3Axsd%3Adouble=401553&_xt=AER&_xf=pdf""> AER </a>",2014-06-20 00:00:00,Veterinarian,Canada,FEMALE,Dog,Maltese,"Metacam 0.5 mg/ml - Oral suspension (cats, guinea pigs), Metacam 0.5 mg/ml - Oral suspension (dogs), Metacam 1.5 mg/ml - Oral suspension (dogs), Metacam 15 mg/ml - Oral suspension (horses), Metacam 15 mg/ml - Oral suspension (pigs)","Depression, Falling, Seizure NOS",1,1,
CA-DEBIAHP-2014CA00700,"<a target=""_blank""  href=""/xmlpserver/EVVET3 PW NEW/Subject Area Contents/Public Website/Report (PDF)/AER.xdo?_xpf=&_xpt=1&_params%2FOracle%20BI%20EE%3A%3ADefaultApp%3A%3AEVVET3%20PR%20NEW%2FAER%3A%3Adimension%2FAER%20Id%3A%3Aattribute%3A%3Anoaggr%3A%3Axsd%3Adouble=401257&_xt=AER&_xf=pdf""> AER </a>",2014-06-18 00:00:00,Veterinarian,Canada,MALE,Dog,Terrier - Yorkshire,"Metacam 0.5 mg/ml - Oral suspension (cats, guinea pigs), Metacam 0.5 mg/ml - Oral suspension (dogs), Metacam 1.5 mg/ml - Oral suspension (dogs), Metacam 15 mg/ml - Oral suspension (horses), Metacam 15 mg/ml - Oral suspension (pigs)","Anorexia, Bloody diarrhoea, Diarrhoea, Tarry or black stool (see also haemorrhagic diarrhoea), Vomiting",1,1,
CA-DEBIAHP-2014CA00708,"<a target=""_blank""  href=""/xmlpserver/EVVET3 PW NEW/Subject Area Contents/Public Website/Report (PDF)/AER.xdo?_xpf=&_xpt=1&_params%2FOracle%20BI%20EE%3A%3ADefaultApp%3A%3AEVVET3%20PR%20NEW%2FAER%3A%3Adimension%2FAER%20Id%3A%3Aattribute%3A%3Anoaggr%3A%3Axsd%3Adouble=403153&_xt=AER&_xf=pdf""> AER </a>",2014-07-03 00:00:00,Veterinarian,Canada,FEMALE,Dog,Dog (other),"Metacam 0.5 mg/ml - Oral suspension (cats, guinea pigs), Metacam 0.5 mg/ml - Oral suspension (dogs), Metacam 1.5 mg/ml - Oral suspension (dogs), Metacam 15 mg/ml - Oral suspension (horses), Metacam 15 mg/ml - Oral suspension (pigs)","Alopecia, Anorexia, Disorientation, Erythematous rash, Lethargy (see also Central nervous system depression in Neurological), Pruritus",1,1,
CA-DEBIAHP-2014CA00743,"<a target=""_blank""  href=""/xmlpserver/EVVET3 PW NEW/Subject Area Contents/Public Website/Report (PDF)/AER.xdo?_xpf=&_xpt=1&_params%2FOracle%20BI%20EE%3A%3ADefaultApp%3A%3AEVVET3%20PR%20NEW%2FAER%3A%3Adimension%2FAER%20Id%3A%3Aattribute%3A%3Anoaggr%3A%3Axsd%3Adouble=403584&_xt=AER&_xf=pdf""> AER </a>",2014-07-07 00:00:00,Veterinarian,Canada,FEMALE,Dog,Shepherd Dog - German,"ALFAXAN 10 mg/ml solution for injection for dogs and cats, Dexdomitor 0.1 mg/ml - Solution for injection, Dexdomitor 0.5 mg/ml - Solution for injection, Metacam 0.5 mg/ml - Oral suspension (dogs)","Anorexia, Fever, Other abnormal test result NOS, Panting, Polydipsia, Polyuria, Renal failure, Vomiting",1,1,
CA-DEBIAHP-2014CA00745,"<a target=""_blank""  href=""/xmlpserver/EVVET3 PW NEW/Subject Area Contents/Public Website/Report (PDF)/AER.xdo?_xpf=&_xpt=1&_params%2FOracle%20BI%20EE%3A%3ADefaultApp%3A%3AEVVET3%20PR%20NEW%2FAER%3A%3Adimension%2FAER%20Id%3A%3Aattribute%3A%3Anoaggr%3A%3Axsd%3Adouble=404641&_xt=AER&_xf=pdf""> AER </a>",2014-07-17 00:00:00,Veterinarian,Canada,MALE,Dog,Poodle - Miniature,"Dexdomitor 0.1 mg/ml - Solution for injection, Dexdomitor 0.5 mg/ml - Solution for injection, Metacam 0.5 mg/ml - Oral suspension (cats, guinea pigs), Metacam 0.5 mg/ml - Oral suspension (dogs), Metacam 1.5 mg/ml - Oral suspension (dogs), Metacam 15 mg/ml - Oral suspension (horses), Metacam 15 mg/ml - Oral suspension (pigs), Torbugesic 10 mg/ml Solution for Injection, Torbugesic Vet 10 mg/ml solution injectable pour chevaux, chiens et chats, Torbugesic Vet. 10 mg/ml injektionsvæske, opløsning, Torbuphanol Vet 10 mg/ml solution for injection for injection for horses, dogs and cats","Loose stool, Vomiting",1,1,
CA-DEBIAHP-2014CA00777,"<a target=""_blank""  href=""/xmlpserver/EVVET3 PW NEW/Subject Area Contents/Public Website/Report (PDF)/AER.xdo?_xpf=&_xpt=1&_params%2FOracle%20BI%20EE%3A%3ADefaultApp%3A%3AEVVET3%20PR%20NEW%2FAER%3A%3Adimension%2FAER%20Id%3A%3Aattribute%3A%3Anoaggr%3A%3Axsd%3Adouble=404337&_xt=AER&_xf=pdf""> AER </a>",2014-07-15 00:00:00,Veterinarian,Canada,MALE,Dog,Crossbred Canine/dog,"Metacam 0.5 mg/ml - Oral suspension (cats, guinea pigs), Metacam 0.5 mg/ml - Oral suspension (dogs), Metacam 1.5 mg/ml - Oral suspension (dogs), Metacam 15 mg/ml - Oral suspension (horses), Metacam 15 mg/ml - Oral suspension (pigs)","Anorexia, Bloody diarrhoea, Suspected infectious agent transmission",1,1,
CA-DEBIAHP-2014CA00781,"<a target=""_blank""  href=""/xmlpserver/EVVET3 PW NEW/Subject Area Contents/Public Website/Report (PDF)/AER.xdo?_xpf=&_xpt=1&_params%2FOracle%20BI%20EE%3A%3ADefaultApp%3A%3AEVVET3%20PR%20NEW%2FAER%3A%3Adimension%2FAER%20Id%3A%3Aattribute%3A%3Anoaggr%3A%3Axsd%3Adouble=404427&_xt=AER&_xf=pdf""> AER </a>",2014-07-15 00:00:00,Veterinarian,Canada,MALE,Dog,Bulldog,Metacam 0.5 mg/ml - Oral suspension (dogs),"Acute renal failure, Decreased urine concentration, Dehydration, Elevated blood urea nitrogen (BUN), Elevated creatinine, Hyperphosphataemia, Not drinking, Polydipsia, Polyuria, Urine abnormalities NOS, Vomiting",1,1,
CA-DEBIAHP-2014CA00788,"<a target=""_blank""  href=""/xmlpserver/EVVET3 PW NEW/Subject Area Contents/Public Website/Report (PDF)/AER.xdo?_xpf=&_xpt=1&_params%2FOracle%20BI%20EE%3A%3ADefaultApp%3A%3AEVVET3%20PR%20NEW%2FAER%3A%3Adimension%2FAER%20Id%3A%3Aattribute%3A%3Anoaggr%3A%3Axsd%3Adouble=405329&_xt=AER&_xf=pdf""> AER </a>",2014-07-24 00:00:00,Veterinarian,Canada,MALE,Dog,Crossbred Canine/dog,"Metacam 0.5 mg/ml - Oral suspension (cats, guinea pigs), Metacam 0.5 mg/ml - Oral suspension (dogs), Metacam 1.5 mg/ml - Oral suspension (dogs), Metacam 15 mg/ml - Oral suspension (horses), Metacam 15 mg/ml - Oral suspension (pigs)","Anorexia, Tarry or black stool (see also haemorrhagic diarrhoea), Vomiting",1,1,
CA-DEBIAHP-2014CA00789,"<a target=""_blank""  href=""/xmlpserver/EVVET3 PW NEW/Subject Area Contents/Public Website/Report (PDF)/AER.xdo?_xpf=&_xpt=1&_params%2FOracle%20BI%20EE%3A%3ADefaultApp%3A%3AEVVET3%20PR%20NEW%2FAER%3A%3Adimension%2FAER%20Id%3A%3Aattribute%3A%3Anoaggr%3A%3Axsd%3Adouble=424411&_xt=AER&_xf=pdf""> AER </a>",2014-12-16 00:00:00,Veterinarian,Canada,FEMALE,Dog,Crossbred Canine/dog,"Metacam 0.5 mg/ml - Oral suspension (dogs), Torbugesic 10 mg/ml Solution for Injection, Torbugesic Vet 10 mg/ml solution injectable pour chevaux, chiens et chats, Torbugesic Vet. 10 mg/ml injektionsvæske, opløsning, Torbuphanol Vet 10 mg/ml solution for injection for injection for horses, dogs and cats",Injection site lump,1,1,
CA-DEBIAHP-2014CA00851,"<a target=""_blank""  href=""/xmlpserver/EVVET3 PW NEW/Subject Area Contents/Public Website/Report (PDF)/AER.xdo?_xpf=&_xpt=1&_params%2FOracle%20BI%20EE%3A%3ADefaultApp%3A%3AEVVET3%20PR%20NEW%2FAER%3A%3Adimension%2FAER%20Id%3A%3Aattribute%3A%3Anoaggr%3A%3Axsd%3Adouble=405331&_xt=AER&_xf=pdf""> AER </a>",2014-07-24 00:00:00,Veterinarian,Canada,MALE,Dog,Dachshund - Standard Wire-haired,"Dexdomitor 0.1 mg/ml - Solution for injection, Dexdomitor 0.5 mg/ml - Solution for injection, Metacam 0.5 mg/ml - Oral suspension (dogs), Torbugesic 10 mg/ml Solution for Injection, Torbugesic Vet 10 mg/ml solution injectable pour chevaux, chiens et chats, Torbugesic Vet. 10 mg/ml injektionsvæske, opløsning, Torbuphanol Vet 10 mg/ml solution for injection for injection for horses, dogs and cats","Anaphylaxis, Lethargy (see also Central nervous system depression in Neurological), Pale mucous membrane",1,1,
CA-DEBIAHP-2014CA00869,"<a target=""_blank""  href=""/xmlpserver/EVVET3 PW NEW/Subject Area Contents/Public Website/Report (PDF)/AER.xdo?_xpf=&_xpt=1&_params%2FOracle%20BI%20EE%3A%3ADefaultApp%3A%3AEVVET3%20PR%20NEW%2FAER%3A%3Adimension%2FAER%20Id%3A%3Aattribute%3A%3Anoaggr%3A%3Axsd%3Adouble=406170&_xt=AER&_xf=pdf""> AER </a>",2014-07-30 00:00:00,Veterinarian,Canada,FEMALE,Dog,Retriever - Golden,"Metacam 0.5 mg/ml - Oral suspension (cats, guinea pigs), Metacam 0.5 mg/ml - Oral suspension (dogs), Metacam 1.5 mg/ml - Oral suspension (dogs), Metacam 15 mg/ml - Oral suspension (horses), Metacam 15 mg/ml - Oral suspension (pigs)","Bloody diarrhoea, Decreased appetite, Lethargy (see also Central nervous system depression in Neurological), Vomiting",1,1,
CA-DEBIAHP-2014CA00901,"<a target=""_blank""  href=""/xmlpserver/EVVET3 PW NEW/Subject Area Contents/Public Website/Report (PDF)/AER.xdo?_xpf=&_xpt=1&_params%2FOracle%20BI%20EE%3A%3ADefaultApp%3A%3AEVVET3%20PR%20NEW%2FAER%3A%3Adimension%2FAER%20Id%3A%3Aattribute%3A%3Anoaggr%3A%3Axsd%3Adouble=407348&_xt=AER&_xf=pdf""> AER </a>",2014-08-08 00:00:00,Veterinarian,Canada,FEMALE,Dog,Ridgeback - Rhodesian,"Levothyroxine Livisto 200 mcg tabletten voor honden en katten, Levothyroxine Vet-Agro 200 microgram tabletten voor honden en katten, Metacam 0.5 mg/ml - Oral suspension (cats, guinea pigs), Metacam 0.5 mg/ml - Oral suspension (dogs), Metacam 1.5 mg/ml - Oral suspension (dogs), Metacam 15 mg/ml - Oral suspension (horses), Metacam 15 mg/ml - Oral suspension (pigs)","Anorexia, Blood in vomit, Bloody diarrhoea, Not drinking",1,1,
CA-DEBIAHP-2014CA00910,"<a target=""_blank""  href=""/xmlpserver/EVVET3 PW NEW/Subject Area Contents/Public Website/Report (PDF)/AER.xdo?_xpf=&_xpt=1&_params%2FOracle%20BI%20EE%3A%3ADefaultApp%3A%3AEVVET3%20PR%20NEW%2FAER%3A%3Adimension%2FAER%20Id%3A%3Aattribute%3A%3Anoaggr%3A%3Axsd%3Adouble=407736&_xt=AER&_xf=pdf""> AER </a>",2014-08-11 00:00:00,Veterinarian,Canada,MALE,Dog,Terrier - Jack Russell,"Dexdomitor 0.1 mg/ml - Solution for injection, Dexdomitor 0.5 mg/ml - Solution for injection, Diazepam 10 mg, tabletten voor honden en katten, Diazepam 2 mg, tabletten voor honden en katten, Diazepam 5 mg, tabletten voor honden en katten, Diazepam 5 mg/ml, oplossing voor injectie voor honden en katten, Ketalin 100 mg/ml oplossing voor injectie voor honden en katten, Metacam 0.5 mg/ml - Oral suspension (cats, guinea pigs), Metacam 0.5 mg/ml - Oral suspension (dogs), Metacam 1.5 mg/ml - Oral suspension (dogs), Metacam 15 mg/ml - Oral suspension (horses), Metacam 15 mg/ml - Oral suspension (pigs), Torbugesic 10 mg/ml Solution for Injection, Torbugesic Vet 10 mg/ml solution injectable pour chevaux, chiens et chats, Torbugesic Vet. 10 mg/ml injektionsvæske, opløsning, Torbuphanol Vet 10 mg/ml solution for injection for injection for horses, dogs and cats, ZIAPAM 5 mg/ml, solution for injection for dogs and cats","Anorexia, Bloody diarrhoea, Dehydration, General pain (see other SOCs for specific pain), Haemorrhagic gastroenteritis, Respiratory sound, Tachycardia, Tense abdomen, Vocalisation, Vomiting",1,1,
CA-DEBIAHP-2014CA00915,"<a target=""_blank""  href=""/xmlpserver/EVVET3 PW NEW/Subject Area Contents/Public Website/Report (PDF)/AER.xdo?_xpf=&_xpt=1&_params%2FOracle%20BI%20EE%3A%3ADefaultApp%3A%3AEVVET3%20PR%20NEW%2FAER%3A%3Adimension%2FAER%20Id%3A%3Aattribute%3A%3Anoaggr%3A%3Axsd%3Adouble=410506&_xt=AER&_xf=pdf""> AER </a>",2014-09-04 00:00:00,Veterinarian,Canada,FEMALE,Dog,Crossbred Canine/dog,"Metacam 0.5 mg/ml - Oral suspension (dogs), Metacam 1 mg - Chewable tablet (dogs)","Acute renal failure, Anorexia, Diarrhoea, Drinking a lot, Elevated blood urea nitrogen (BUN), Elevated creatinine, Hyperphosphataemia, Lethargy (see also Central nervous system depression in Neurological), Polyuria, Vomiting",1,1,
CA-DEBIAHP-2014CA00952,"<a target=""_blank""  href=""/xmlpserver/EVVET3 PW NEW/Subject Area Contents/Public Website/Report (PDF)/AER.xdo?_xpf=&_xpt=1&_params%2FOracle%20BI%20EE%3A%3ADefaultApp%3A%3AEVVET3%20PR%20NEW%2FAER%3A%3Adimension%2FAER%20Id%3A%3Aattribute%3A%3Anoaggr%3A%3Axsd%3Adouble=409875&_xt=AER&_xf=pdf""> AER </a>",2014-08-27 00:00:00,Veterinarian,Canada,MALE,Dog,Sheepdog - Shetland,"ALFAXAN 10 mg/ml solution for injection for dogs and cats, CLINACIN 150 mg, CLINACIN 75 mg, Clinacin 150 mg Tablets for Dogs, Clinacin 150 mg ΔΙΣΚΙΟ, Clinacin 25 mg Tablets, Clinacin 25 mg Tablets for Dogs, Clinacin 25 mg Tablets, tabletid koertele, Clinacin 25 mg/ml belsőleges oldat macskák és kutyák részére A.U.V., Clinacin 300 mg Tablets for Dogs, Clinacin 75 mg Tablets for Dogs, Clindaseptin 150 mg capsules for dogs, Clindaseptin 25 mg capsules for dogs, Clindaseptin 300 mg capsules for dogs, Clindaseptin 75 mg capsules for dogs, Metacam 0.5 mg/ml - Oral suspension (dogs), Tramadog 50 mg tablet for dogs","Acute renal failure, Anorexia, Elevated renal parameters, Vomiting",1,1,
CA-DEBIAHP-2014CA00967,"<a target=""_blank""  href=""/xmlpserver/EVVET3 PW NEW/Subject Area Contents/Public Website/Report (PDF)/AER.xdo?_xpf=&_xpt=1&_params%2FOracle%20BI%20EE%3A%3ADefaultApp%3A%3AEVVET3%20PR%20NEW%2FAER%3A%3Adimension%2FAER%20Id%3A%3Aattribute%3A%3Anoaggr%3A%3Axsd%3Adouble=410900&_xt=AER&_xf=pdf""> AER </a>",2014-09-04 00:00:00,Veterinarian,Canada,MALE,Dog,Shepherd Dog - German,"Metacam 0.5 mg/ml - Oral suspension (cats, guinea pigs), Metacam 0.5 mg/ml - Oral suspension (dogs), Metacam 1.5 mg/ml - Oral suspension (dogs), Metacam 15 mg/ml - Oral suspension (horses), Metacam 15 mg/ml - Oral suspension (pigs)","Anorexia, Blood in faeces, Death by euthanasia, Decreased appetite, Diarrhoea, Eyelid oedema, Lethargy (see also Central nervous system depression in Neurological), Melaena, Oral ulceration, Polydipsia, Polyuria, Weight loss",1,1,1
CA-DEBIAHP-2014CA00994,"<a target=""_blank""  href=""/xmlpserver/EVVET3 PW NEW/Subject Area Contents/Public Website/Report (PDF)/AER.xdo?_xpf=&_xpt=1&_params%2FOracle%20BI%20EE%3A%3ADefaultApp%3A%3AEVVET3%20PR%20NEW%2FAER%3A%3Adimension%2FAER%20Id%3A%3Aattribute%3A%3Anoaggr%3A%3Axsd%3Adouble=425574&_xt=AER&_xf=pdf""> AER </a>",2014-12-23 00:00:00,Veterinarian,Canada,MALE,Dog,Crossbred Canine/dog,"Anarthron 100 mg/ml Solution for Injection, Cartrophen Vet 100 mg/ml Solution for Injection., Cartrophen Vet. 100 mg/ml injektionsvæske, opløsning, Cartrophen vet, Cartrophen vet. 100 mg/ml Injektionsvätska, lösning, Cartrophen vet. 100 mg/ml injektioneste, liuos, Metacam 0.5 mg/ml - Oral suspension (cats, guinea pigs), Metacam 0.5 mg/ml - Oral suspension (dogs), Metacam 1.5 mg/ml - Oral suspension (dogs), Metacam 15 mg/ml - Oral suspension (horses), Metacam 15 mg/ml - Oral suspension (pigs)","Anorexia, Cardiac enlargement, Cough, Gastroenteritis, Lethargy (see also Central nervous system depression in Neurological), Melaena, Miscellaneous eating disorder NOS, Non-regenerative anaemia, Pale mucous membrane, Pleural effusion",1,1,
CA-DEBIAHP-2014CA01010,"<a target=""_blank""  href=""/xmlpserver/EVVET3 PW NEW/Subject Area Contents/Public Website/Report (PDF)/AER.xdo?_xpf=&_xpt=1&_params%2FOracle%20BI%20EE%3A%3ADefaultApp%3A%3AEVVET3%20PR%20NEW%2FAER%3A%3Adimension%2FAER%20Id%3A%3Aattribute%3A%3Anoaggr%3A%3Axsd%3Adouble=411377&_xt=AER&_xf=pdf""> AER </a>",2014-09-09 00:00:00,Veterinarian,Canada,MALE,Dog,Dog (other),"Dexdomitor 0.1 mg/ml - Solution for injection, Dexdomitor 0.5 mg/ml - Solution for injection, Metacam 0.5 mg/ml - Oral suspension (cats, guinea pigs), Metacam 0.5 mg/ml - Oral suspension (dogs), Metacam 1.5 mg/ml - Oral suspension (dogs), Metacam 15 mg/ml - Oral suspension (horses), Metacam 15 mg/ml - Oral suspension (pigs)","Anorexia, Bloody diarrhoea, Diarrhoea, Lethargy (see also Central nervous system depression in Neurological), Loose stool, Pyrexia, Tachycardia, Vomiting",1,1,
CA-DEBIAHP-2014CA01015,"<a target=""_blank""  href=""/xmlpserver/EVVET3 PW NEW/Subject Area Contents/Public Website/Report (PDF)/AER.xdo?_xpf=&_xpt=1&_params%2FOracle%20BI%20EE%3A%3ADefaultApp%3A%3AEVVET3%20PR%20NEW%2FAER%3A%3Adimension%2FAER%20Id%3A%3Aattribute%3A%3Anoaggr%3A%3Axsd%3Adouble=412564&_xt=AER&_xf=pdf""> AER </a>",2014-09-19 00:00:00,Veterinarian,Canada,FEMALE,Dog,Terrier - Jack Russell,"Metacam 0.5 mg/ml - Oral suspension (cats, guinea pigs), Metacam 0.5 mg/ml - Oral suspension (dogs), Metacam 1.5 mg/ml - Oral suspension (dogs), Metacam 15 mg/ml - Oral suspension (horses), Metacam 15 mg/ml - Oral suspension (pigs)","Drooling, Elevated liver enzymes NOS, Neurological signs NOS, Other abnormal test result NOS, Staggering",1,1,
CA-DEBIAHP-2014CA01019,"<a target=""_blank""  href=""/xmlpserver/EVVET3 PW NEW/Subject Area Contents/Public Website/Report (PDF)/AER.xdo?_xpf=&_xpt=1&_params%2FOracle%20BI%20EE%3A%3ADefaultApp%3A%3AEVVET3%20PR%20NEW%2FAER%3A%3Adimension%2FAER%20Id%3A%3Aattribute%3A%3Anoaggr%3A%3Axsd%3Adouble=412107&_xt=AER&_xf=pdf""> AER </a>",2014-09-15 00:00:00,Veterinarian,Canada,FEMALE,Dog,Pug,"Metacam 0.5 mg/ml - Oral suspension (cats, guinea pigs), Metacam 0.5 mg/ml - Oral suspension (dogs), Metacam 1.5 mg/ml - Oral suspension (dogs), Metacam 15 mg/ml - Oral suspension (horses), Metacam 15 mg/ml - Oral suspension (pigs)","Death by euthanasia, Tonic seizure",1,1,1
CA-DEBIAHP-2014CA01022,"<a target=""_blank""  href=""/xmlpserver/EVVET3 PW NEW/Subject Area Contents/Public Website/Report (PDF)/AER.xdo?_xpf=&_xpt=1&_params%2FOracle%20BI%20EE%3A%3ADefaultApp%3A%3AEVVET3%20PR%20NEW%2FAER%3A%3Adimension%2FAER%20Id%3A%3Aattribute%3A%3Anoaggr%3A%3Axsd%3Adouble=416561&_xt=AER&_xf=pdf""> AER </a>",2014-10-21 00:00:00,Veterinarian,Canada,MALE,Dog,Rottweiler,"Metacam 0.5 mg/ml - Oral suspension (cats, guinea pigs), Metacam 0.5 mg/ml - Oral suspension (dogs), Metacam 1.5 mg/ml - Oral suspension (dogs), Metacam 15 mg/ml - Oral suspension (horses), Metacam 15 mg/ml - Oral suspension (pigs)","Anorexia, Bloody diarrhoea, Death, Diarrhoea, Elevated creatinine, Fever, Hyperphosphataemia, Lethargy (see also Central nervous system depression in Neurological), Pyloric ulcer, Recumbency, Suppurative peritonitis, Tachycardia, Vomiting",1,1,1
CA-DEBIAHP-2014CA01024,"<a target=""_blank""  href=""/xmlpserver/EVVET3 PW NEW/Subject Area Contents/Public Website/Report (PDF)/AER.xdo?_xpf=&_xpt=1&_params%2FOracle%20BI%20EE%3A%3ADefaultApp%3A%3AEVVET3%20PR%20NEW%2FAER%3A%3Adimension%2FAER%20Id%3A%3Aattribute%3A%3Anoaggr%3A%3Axsd%3Adouble=411672&_xt=AER&_xf=pdf""> AER </a>",2014-09-10 00:00:00,Animal owner,Canada,FEMALE,Dog,Spaniel - Cocker American,"ANTISEDAN, ANTISEDAN 5 mg/ml SOLUCIÓN INYECTABLE PARA PERROS Y GATOS, ANTISEDAN 5 mg/ml raztopina za injiciranje za pse in mačke, ANTISEDAN 5MG/ML ΕΝΕΣΙΜΟ ΔΙΑΛΥΜΑ, ANTISEDAN SOLUTION INJECTABLE POUR CHIENS ET CHATS, ANTISEDAN, 5 mg/mL, otopina za injekciju, za pse i mačke, Antisedan 5 mg/ 1 ml, roztwór do wstrzykiwań dla psów i kotów, Antisedan 5 mg/ml  Injektionslösung für Hunde und Katzen, Antisedan 5 mg/ml - Injektionslösung für Hunde und Katzen, Antisedan 5 mg/ml Oplossing voor injectie, Antisedan 5 mg/ml Solution injectable, Antisedan 5 mg/ml injekčný roztok pre psy a mačky, Antisedan 5 mg/ml oldatos injekció kutya és macska részére.A.U.V., Antisedan 5 mg/ml solution for injection, Antisedan 5 mg/ml solução injetável para cães e gatos, Antisedan Vet 5 mg/ml injekcinis tirpalas, Antisedan Vet 5 mg/ml šķīdums injekcijām, Antisedan Vet, 5 mg/ml süstelahus, Antisedan Vet. 5 mg/ml injektionsvæske, opløsning, Antisedan vet 5 mg/ml injektioneste, liuos, Antisedan vet. 5 mg/ml Injektionsvätska, lösning, Antisedan vet. 5 mg/ml Stungulyf, lausn Handa hundum og köttum., Antisedan vet. 5 mg/ml injeksjonsvæske, oppløsning, til hund og katt, Antisedan vet., 5 mg/ml, Injektionsvätska, lösning, Antisedan, 5 mg/ml oplossing voor injectie voor honden en katten, Antisedan, 5mg/ml, Injekční roztok, Dexdomitor 0.1 mg/ml - Solution for injection, Dexdomitor 0.5 mg/ml - Solution for injection, Metacam 0.5 mg/ml - Oral suspension (cats, guinea pigs), Metacam 0.5 mg/ml - Oral suspension (dogs), Metacam 1.5 mg/ml - Oral suspension (dogs), Metacam 15 mg/ml - Oral suspension (horses), Metacam 15 mg/ml - Oral suspension (pigs), SYNULOX (200+50)MG/TAB ΔΙΣΚΙΟ, SYNULOX (40+10)MG/TAB ΔΙΣΚΙΟ, SYNULOX 140 mg/ml + 35 mg/ml suspensión inyectable, SYNULOX 200 mg/50 mg tablety pre psy a mačky, SYNULOX 200/50 mg COMPRIMIDOS APETITOSOS PARA PERROS, SYNULOX 250 COMPRIMES POUR CHIENS, SYNULOX 250 mg, SYNULOX 250 mg kramtomosios tabletės šunims ir katėms, SYNULOX 250 mg tablete za pse in mačke, SYNULOX 250mg, δισκία για σκύλους και γάτες, SYNULOX 40 mg/10 mg tablety pre psy a mačky, SYNULOX 40 mg/ml + 10 mg/ml POLVO PARA GOTAS ORALES EN SUSPENSION, SYNULOX 40/10 MG COMPRIMIDOS APETITOSOS PARA PERROS Y GATOS, SYNULOX 400 mg/100 mg tablety pre psy, SYNULOX 400/100 mg COMPRIMIDOS APETITOSOS PARA PERROS, SYNULOX 50 COMPRIMES POUR CHIENS ET CHATS, SYNULOX 50 mg, SYNULOX 50 mg kramtomosios tabletės šunims ir katėms, SYNULOX 50 mg tablete za pse in mačke, SYNULOX 500 COMPRIMES POUR CHIENS, SYNULOX 500 mg kramtomosios tabletės šunims, SYNULOX 500 mg tablete za pse, SYNULOX 500 mg, kramtomosios tabletės šunims, SYNULOX 500MG/TAB ΔΙΣΚΙΟ, SYNULOX 50mg, δισκία για σκύλους και γάτες, SYNULOX OGIVETTES POUR VEAUX, SYNULOX SUSPENSION INJECTABLE POUR BOVINS, SYNULOX VET 140 mg/ml injektioneste, suspensio koiralle, kissalle ja sialle, SYNULOX suspensão injetável para suínos, bovinos, cães e gatos, SYNULOX vet 200 mg/50 mg tabletti, koiralle ja kissalle, SYNULOX vet 40 mg/10 mg tabletti, koiralle ja kissalle, SYNULOX vet 400 mg/100 mg tabletti, koiralle, SYNULOX, 400/100mg, Tableta, Synulox 250 mg Comprimés Appétents, Synulox 250 mg Smakelijke tabletten, Synulox 250 mg tabletes suņiem un kaķiem, Synulox 250 mg, tabletid koertele ja kassidele, Synulox 250 mg, таблетки за кучета и котки, Synulox 250mg (200 mg/50 mg)  Tabletten für Hunde, Synulox 50 mg Comprimés Appétents, Synulox 50 mg Smakelijke Tabletten, Synulox 50 mg tabletes suņiem un kaķiem, Synulox 50 mg, tabletid koertele ja kassidele, Synulox 50 mg, таблетки за кучета и котки, Synulox 500 mg Bolus 400 mg - 100 mg Omhulde tablet, Synulox 500 mg Comprimés Appétents, Synulox 500 mg Smakelijke Tabletten, Synulox 500 mg tabletes suņiem, Synulox 500 mg, tabletid koertele, Synulox 500mg (400 mg/100 mg) Tabletten für Hunde, Synulox 50mg (40 mg/10 mg) Tabletten für Hunde und Katzen, Synulox Bolus 500 mg, 400 mg + 100 mg comprimés enrobés pour veaux, Synulox Lactating Cow Intramammary suspension., Synulox Tabletki 250 mg, Synulox Table","Anorexia, Bloody diarrhoea, Increased bowel movements (frequency), Vomiting",1,1,
CA-DEBIAHP-2014CA01027,"<a target=""_blank""  href=""/xmlpserver/EVVET3 PW NEW/Subject Area Contents/Public Website/Report (PDF)/AER.xdo?_xpf=&_xpt=1&_params%2FOracle%20BI%20EE%3A%3ADefaultApp%3A%3AEVVET3%20PR%20NEW%2FAER%3A%3Adimension%2FAER%20Id%3A%3Aattribute%3A%3Anoaggr%3A%3Axsd%3Adouble=411673&_xt=AER&_xf=pdf""> AER </a>",2014-09-10 00:00:00,Animal owner,Canada,MALE,Dog,Shih Tzu,"Metacam 0.5 mg/ml - Oral suspension (cats, guinea pigs), Metacam 0.5 mg/ml - Oral suspension (dogs), Metacam 1.5 mg/ml - Oral suspension (dogs), Metacam 15 mg/ml - Oral suspension (horses), Metacam 15 mg/ml - Oral suspension (pigs)","Anorexia, Bloody diarrhoea, Death by euthanasia, Disorientation, Drinking a lot, Elevated blood urea nitrogen (BUN), Haemorrhagic diarrhoea, Hyperphosphataemia, Hypotension, Hypothermia, Lateral recumbency, Lethargy (see also Central nervous system depression in Neurological), Leukocytosis NOS, Lymphocytosis, Not drinking, Seizure NOS, Walking difficulty",1,1,1
CA-DEBIAHP-2014CA01029,"<a target=""_blank""  href=""/xmlpserver/EVVET3 PW NEW/Subject Area Contents/Public Website/Report (PDF)/AER.xdo?_xpf=&_xpt=1&_params%2FOracle%20BI%20EE%3A%3ADefaultApp%3A%3AEVVET3%20PR%20NEW%2FAER%3A%3Adimension%2FAER%20Id%3A%3Aattribute%3A%3Anoaggr%3A%3Axsd%3Adouble=411353&_xt=AER&_xf=pdf""> AER </a>",2014-09-09 00:00:00,Veterinarian,Canada,MALE,Dog,Retriever - Labrador,"Metacam 0.5 mg/ml - Oral suspension (cats, guinea pigs), Metacam 0.5 mg/ml - Oral suspension (dogs), Metacam 1.5 mg/ml - Oral suspension (dogs), Metacam 15 mg/ml - Oral suspension (horses), Metacam 15 mg/ml - Oral suspension (pigs), Torbugesic 10 mg/ml Solution for Injection, Torbugesic Vet 10 mg/ml solution injectable pour chevaux, chiens et chats, Torbugesic Vet. 10 mg/ml injektionsvæske, opløsning, Torbuphanol Vet 10 mg/ml solution for injection for injection for horses, dogs and cats","Anorexia, Leukocytosis NOS, Neutrophilia, Vomiting",1,1,
CA-DEBIAHP-2014CA01045,"<a target=""_blank""  href=""/xmlpserver/EVVET3 PW NEW/Subject Area Contents/Public Website/Report (PDF)/AER.xdo?_xpf=&_xpt=1&_params%2FOracle%20BI%20EE%3A%3ADefaultApp%3A%3AEVVET3%20PR%20NEW%2FAER%3A%3Adimension%2FAER%20Id%3A%3Aattribute%3A%3Anoaggr%3A%3Axsd%3Adouble=413949&_xt=AER&_xf=pdf""> AER </a>",2014-10-01 00:00:00,Veterinarian,Canada,MALE,Dog,Rottweiler,"ANTISEDAN, ANTISEDAN 5 mg/ml SOLUCIÓN INYECTABLE PARA PERROS Y GATOS, ANTISEDAN 5 mg/ml raztopina za injiciranje za pse in mačke, ANTISEDAN 5MG/ML ΕΝΕΣΙΜΟ ΔΙΑΛΥΜΑ, ANTISEDAN SOLUTION INJECTABLE POUR CHIENS ET CHATS, ANTISEDAN, 5 mg/mL, otopina za injekciju, za pse i mačke, Antisedan 5 mg/ 1 ml, roztwór do wstrzykiwań dla psów i kotów, Antisedan 5 mg/ml  Injektionslösung für Hunde und Katzen, Antisedan 5 mg/ml - Injektionslösung für Hunde und Katzen, Antisedan 5 mg/ml Oplossing voor injectie, Antisedan 5 mg/ml Solution injectable, Antisedan 5 mg/ml injekčný roztok pre psy a mačky, Antisedan 5 mg/ml oldatos injekció kutya és macska részére.A.U.V., Antisedan 5 mg/ml solution for injection, Antisedan 5 mg/ml solução injetável para cães e gatos, Antisedan Vet 5 mg/ml injekcinis tirpalas, Antisedan Vet 5 mg/ml šķīdums injekcijām, Antisedan Vet, 5 mg/ml süstelahus, Antisedan Vet. 5 mg/ml injektionsvæske, opløsning, Antisedan vet 5 mg/ml injektioneste, liuos, Antisedan vet. 5 mg/ml Injektionsvätska, lösning, Antisedan vet. 5 mg/ml Stungulyf, lausn Handa hundum og köttum., Antisedan vet. 5 mg/ml injeksjonsvæske, oppløsning, til hund og katt, Antisedan vet., 5 mg/ml, Injektionsvätska, lösning, Antisedan, 5 mg/ml oplossing voor injectie voor honden en katten, Antisedan, 5mg/ml, Injekční roztok, Dexdomitor 0.1 mg/ml - Solution for injection, Dexdomitor 0.5 mg/ml - Solution for injection, Metacam 0.5 mg/ml - Oral suspension (dogs), RABISIN SUSPENSION INJECTABLE, RABISIN injekčná suspenzia, RABISIN suspenzija za injiciranje, RABISIN vet, injeksjonsvæske, suspensjon Vaksine mot rabies til dyr (inaktivert), RABISIN, Injekční suspenze, RABISIN, injekcinė suspensija, RABISIN, sospensione iniettabile per cani, gatti, equini, bovini, ovini, RABISIN, suspensie injectabilă, RABISIN, ενέσιμο εναιώρημα, RABISIN, ≥ 2,09 log10 OD50 i ≥ 1 I.J., suspenzija za injekciju za pse, mačke, pitome vretice, konje, govedo i ovce, Rabisin, Rabisin  Suspensie voor injectie, Rabisin Glikoproteiny wirusa wścieklizny nie mniej niż 1IU Zawiesina do wstrzykiwań, Rabisin Injektionssuspension für Hunde, Katzen, Marderartige, Pferde, Rinder und Schafe, Rabisin Vet. injektionsvæske, suspension, Rabisin suspensija injekcijām liellopiem, zirgiem, aitām, suņiem, kaķiem un mājas seskiem, Rabisin suspension injectable, Rabisin suspensão injectável, Rabisin vakcina A.U.V., Rabisin vet injektioneste, suspensio, Rabisin vet.  Injektionsvätska, suspension, Rabisin, Injektionssuspension für Hunde, Katzen, Marderartige, Pferde, Rinder und Schafe, Rabisin, suspensie voor injectie voor hond, kat en rund, Rabisin, süstesuspensioon, АНТИСЕДАН ВЕТ 5 mg/ml инжекционен разтвор, РАБИЗИН","Other abnormal test result NOS, Polydipsia, Polyuria",1,1,
CA-DEBIAHP-2014CA01051,"<a target=""_blank""  href=""/xmlpserver/EVVET3 PW NEW/Subject Area Contents/Public Website/Report (PDF)/AER.xdo?_xpf=&_xpt=1&_params%2FOracle%20BI%20EE%3A%3ADefaultApp%3A%3AEVVET3%20PR%20NEW%2FAER%3A%3Adimension%2FAER%20Id%3A%3Aattribute%3A%3Anoaggr%3A%3Axsd%3Adouble=413373&_xt=AER&_xf=pdf""> AER </a>",2014-09-24 00:00:00,Veterinarian,Canada,FEMALE,Dog,Collie - Border,"LIDOCAINE 2% (w/w) injekčný roztok, LIDOCAINE, 2%, Injekční roztok, Lidocaine 2 inj. (+noradrenaline), injectievloeistof voor honden en katten, Lidocaine 20 mg/ml + adrenaline 10 mcg/ml, oplossing voor injectie voor honden en katten, Lidocaine 4% inj. oplossing voor injectie voor honden en katten, Metacam 0.5 mg/ml - Oral suspension (cats, guinea pigs), Metacam 0.5 mg/ml - Oral suspension (dogs), Metacam 1.5 mg/ml - Oral suspension (dogs), Metacam 15 mg/ml - Oral suspension (horses), Metacam 15 mg/ml - Oral suspension (pigs)","Acute renal failure, Elevated blood urea nitrogen (BUN), Elevated creatinine, Haemoglobinuria, Lethargy (see also Central nervous system depression in Neurological), Polydipsia, Polyuria",1,1,
CA-DEBIAHP-2014CA01054,"<a target=""_blank""  href=""/xmlpserver/EVVET3 PW NEW/Subject Area Contents/Public Website/Report (PDF)/AER.xdo?_xpf=&_xpt=1&_params%2FOracle%20BI%20EE%3A%3ADefaultApp%3A%3AEVVET3%20PR%20NEW%2FAER%3A%3Adimension%2FAER%20Id%3A%3Aattribute%3A%3Anoaggr%3A%3Axsd%3Adouble=411934&_xt=AER&_xf=pdf""> AER </a>",2014-09-13 00:00:00,Veterinarian,Canada,MALE,Dog,Rottweiler,"Metacam 0.5 mg/ml - Oral suspension (cats, guinea pigs), Metacam 0.5 mg/ml - Oral suspension (dogs), Metacam 1.5 mg/ml - Oral suspension (dogs), Metacam 15 mg/ml - Oral suspension (horses), Metacam 15 mg/ml - Oral suspension (pigs)",Throat irritation,1,1,
CA-DEBIAHP-2014CA01075,"<a target=""_blank""  href=""/xmlpserver/EVVET3 PW NEW/Subject Area Contents/Public Website/Report (PDF)/AER.xdo?_xpf=&_xpt=1&_params%2FOracle%20BI%20EE%3A%3ADefaultApp%3A%3AEVVET3%20PR%20NEW%2FAER%3A%3Adimension%2FAER%20Id%3A%3Aattribute%3A%3Anoaggr%3A%3Axsd%3Adouble=414692&_xt=AER&_xf=pdf""> AER </a>",2014-10-07 00:00:00,Veterinarian,Canada,MALE,Dog,Maltese,"Dexdomitor 0.1 mg/ml - Solution for injection, Dexdomitor 0.5 mg/ml - Solution for injection, Metacam 0.5 mg/ml - Oral suspension (dogs), Torbugesic 10 mg/ml Solution for Injection, Torbugesic Vet 10 mg/ml solution injectable pour chevaux, chiens et chats, Torbugesic Vet. 10 mg/ml injektionsvæske, opløsning, Torbuphanol Vet 10 mg/ml solution for injection for injection for horses, dogs and cats","Acute renal failure, Anorexia, Decreased urine concentration, Elevated blood urea nitrogen (BUN), Elevated creatinine, Polydipsia, Polyuria, Trembling, Vomiting",1,1,
CA-DEBIAHP-2014CA01084,"<a target=""_blank""  href=""/xmlpserver/EVVET3 PW NEW/Subject Area Contents/Public Website/Report (PDF)/AER.xdo?_xpf=&_xpt=1&_params%2FOracle%20BI%20EE%3A%3ADefaultApp%3A%3AEVVET3%20PR%20NEW%2FAER%3A%3Adimension%2FAER%20Id%3A%3Aattribute%3A%3Anoaggr%3A%3Axsd%3Adouble=414478&_xt=AER&_xf=pdf""> AER </a>",2014-10-03 00:00:00,Veterinarian,Canada,MALE,Dog,Retriever - Golden,"Fuxien vet 1000 mg/g inhalaatiohöyry, neste, ISOFLURANE-Vet 1000 mg/g liquido per inalazione per cani e gatti, ISOFLURIN 1000mg/g ΥΓΡΟ ΓΙΑ ΕΙΣΠΝΕΟΜΕΝΟΥΣ ΑΤΜΟΥΣ, Isoflurane 100% Inhalation Vapour, Liquid, Isoflurane 1000 mg/g Inhalation Vapour, liquid., Metacam 0.5 mg/ml - Oral suspension (cats, guinea pigs), Metacam 0.5 mg/ml - Oral suspension (dogs), Metacam 1.5 mg/ml - Oral suspension (dogs), Metacam 15 mg/ml - Oral suspension (horses), Metacam 15 mg/ml - Oral suspension (pigs), Torbugesic 10 mg/ml Solution for Injection, Torbugesic Vet 10 mg/ml solution injectable pour chevaux, chiens et chats, Torbugesic Vet. 10 mg/ml injektionsvæske, opløsning, Torbuphanol Vet 10 mg/ml solution for injection for injection for horses, dogs and cats","Blood in vomit, Bloody diarrhoea, Lethargy (see also Central nervous system depression in Neurological)",1,1,
CA-DEBIAHP-2014CA01085,"<a target=""_blank""  href=""/xmlpserver/EVVET3 PW NEW/Subject Area Contents/Public Website/Report (PDF)/AER.xdo?_xpf=&_xpt=1&_params%2FOracle%20BI%20EE%3A%3ADefaultApp%3A%3AEVVET3%20PR%20NEW%2FAER%3A%3Adimension%2FAER%20Id%3A%3Aattribute%3A%3Anoaggr%3A%3Axsd%3Adouble=413663&_xt=AER&_xf=pdf""> AER </a>",2014-09-29 00:00:00,Veterinarian,Canada,MALE,Dog,Irish Wolfhound,"Metacam 0.5 mg/ml - Oral suspension (cats, guinea pigs), Metacam 0.5 mg/ml - Oral suspension (dogs), Metacam 1.5 mg/ml - Oral suspension (dogs), Metacam 15 mg/ml - Oral suspension (horses), Metacam 15 mg/ml - Oral suspension (pigs)","Bloody diarrhoea, Diarrhoea, Vomiting",1,1,
CA-DEBIAHP-2014CA01089,"<a target=""_blank""  href=""/xmlpserver/EVVET3 PW NEW/Subject Area Contents/Public Website/Report (PDF)/AER.xdo?_xpf=&_xpt=1&_params%2FOracle%20BI%20EE%3A%3ADefaultApp%3A%3AEVVET3%20PR%20NEW%2FAER%3A%3Adimension%2FAER%20Id%3A%3Aattribute%3A%3Anoaggr%3A%3Axsd%3Adouble=414879&_xt=AER&_xf=pdf""> AER </a>",2014-10-07 00:00:00,Veterinarian,Canada,FEMALE,Dog,Retriever - Golden,"Metacam 0.5 mg/ml - Oral suspension (cats, guinea pigs), Metacam 0.5 mg/ml - Oral suspension (dogs), Metacam 1.5 mg/ml - Oral suspension (dogs), Metacam 15 mg/ml - Oral suspension (horses), Metacam 15 mg/ml - Oral suspension (pigs)",Diarrhoea,1,1,
CA-DEBIAHP-2014CA01108,"<a target=""_blank""  href=""/xmlpserver/EVVET3 PW NEW/Subject Area Contents/Public Website/Report (PDF)/AER.xdo?_xpf=&_xpt=1&_params%2FOracle%20BI%20EE%3A%3ADefaultApp%3A%3AEVVET3%20PR%20NEW%2FAER%3A%3Adimension%2FAER%20Id%3A%3Aattribute%3A%3Anoaggr%3A%3Axsd%3Adouble=415038&_xt=AER&_xf=pdf""> AER </a>",2014-10-09 00:00:00,Veterinarian,Canada,FEMALE,Dog,Schnauzer (unspecified),"CEPHALEXIN 180 mg/ml suspenzija za injiciranje, FORTEKOR 2,5 COMPRIMES POUR CHATS ET CHIENS, FORTEKOR 2,5 compresse per cani di piccola taglia e gatti, FORTEKOR 2,5 mg comprimés pour chiens et chats, FORTEKOR 20 Compresse rivestite con film per cani, FORTEKOR 5 Compresse rivestite con film per cani e gatti, FORTEKOR F 20 COMPRIMES POUR CHIENS, FORTEKOR F 5 COMPRIMES POUR CHATS ET CHIENS, Fortekor 2,5 mg  Tablet, Fortekor 2,5 mg, tabletten voor honden en katten, Fortekor 2.5 mg tablets for cats and dogs, Fortekor Gourmet 2,5 mg, Fortekor Vet. 2,5 mg tabletter, Fortekor Vet. 20 mg tabletter, Fortekor Vet. 5 mg tabletter, Fortekor vet. 2,5 mg Tablett, Fortekor vet. 2,5 mg tabletit kissoille ja koirille, Fortekor vet. 2,5 mg, tabletter til hund og katt, Fortekor vet. 20 mg Tablett, Fortekor vet. 20 mg tabletit koirille, Fortekor vet. 20 mg, tabletter til hund, Fortekor vet. 5 mg Tablett, Fortekor vet. 5 mg tabletit kissoille ja koirille, Fortekor vet. 5 mg, tabletter til hund og katt, Metacam 0.5 mg/ml - Oral suspension (cats, guinea pigs), Metacam 0.5 mg/ml - Oral suspension (dogs), Metacam 1.5 mg/ml - Oral suspension (dogs), Metacam 15 mg/ml - Oral suspension (horses), Metacam 15 mg/ml - Oral suspension (pigs), Vetmedin 2,5 mg Kautabletten für Hunde","Alopecia local, Crust, Itching",1,1,
CA-DEBIAHP-2014CA01143,"<a target=""_blank""  href=""/xmlpserver/EVVET3 PW NEW/Subject Area Contents/Public Website/Report (PDF)/AER.xdo?_xpf=&_xpt=1&_params%2FOracle%20BI%20EE%3A%3ADefaultApp%3A%3AEVVET3%20PR%20NEW%2FAER%3A%3Adimension%2FAER%20Id%3A%3Aattribute%3A%3Anoaggr%3A%3Axsd%3Adouble=416485&_xt=AER&_xf=pdf""> AER </a>",2014-10-20 00:00:00,Veterinarian,Canada,FEMALE,Dog,Chihuahua,"Metacam 0.5 mg/ml - Oral suspension (dogs), Torbugesic 10 mg/ml Solution for Injection, Torbugesic Vet 10 mg/ml solution injectable pour chevaux, chiens et chats, Torbugesic Vet. 10 mg/ml injektionsvæske, opløsning, Torbuphanol Vet 10 mg/ml solution for injection for injection for horses, dogs and cats","Death by euthanasia, Haemorrhage NOS, Mucosa petechiae, Pale mucous membrane, Skin petechiae, Thrombocytopenia",1,1,1
CA-DEBIAHP-2014CA01152,"<a target=""_blank""  href=""/xmlpserver/EVVET3 PW NEW/Subject Area Contents/Public Website/Report (PDF)/AER.xdo?_xpf=&_xpt=1&_params%2FOracle%20BI%20EE%3A%3ADefaultApp%3A%3AEVVET3%20PR%20NEW%2FAER%3A%3Adimension%2FAER%20Id%3A%3Aattribute%3A%3Anoaggr%3A%3Axsd%3Adouble=416524&_xt=AER&_xf=pdf""> AER </a>",2014-10-20 00:00:00,Veterinarian,Canada,FEMALE,Dog,Lhasa Apso,"CLAVASEPTIN 40+10 MG ΔΙΣΚΙΟ, CLAVASEPTIN 400+100MG ΔΙΣΚΙΟ, CLAVASEPTIN 500MG PALATABLE TABLETS FOR DOGS, CLAVASEPTIN 50MG PALATABLE TABLETS FOR DOGS AND CATS, CLAVASEPTIN 600+150MG ΔΙΣΚΙΟ, CLAVASEPTIN 62.5 MG PALATABLE TABLETS FOR DOGS AND CATS, CLAVASEPTIN P 250 MG TABLETS FOR DOGS, CLAVASEPTIN P 62,5 MG ΔΙΣΚΙΟ, CLAVASEPTIN P 750 MG TABLETS FOR DOGS, Clavaseptin 250 mg okusne tablete za pse, Clavaseptin 250 mg, tabletid koertele, Clavaseptin 50 mg, tabletid koertele ja kassidele, Clavaseptin 500 mg, tabletid koertele, Clavaseptin 600 mg/150 mg tabletter för hund, Clavaseptin 750 mg Tabletten für Hunde, Clavaseptin 750 mg okusne tablete za pse, Clavaseptin 750 mg palatable tablets for dogs, Metacam 0.5 mg/ml - Oral suspension (cats, guinea pigs), Metacam 0.5 mg/ml - Oral suspension (dogs), Metacam 1.5 mg/ml - Oral suspension (dogs), Metacam 15 mg/ml - Oral suspension (horses), Metacam 15 mg/ml - Oral suspension (pigs), Vetmedin 1.25 mg capsules for dogs","Diarrhoea, Vomiting",1,1,
CA-DEBIAHP-2014CA01154,"<a target=""_blank""  href=""/xmlpserver/EVVET3 PW NEW/Subject Area Contents/Public Website/Report (PDF)/AER.xdo?_xpf=&_xpt=1&_params%2FOracle%20BI%20EE%3A%3ADefaultApp%3A%3AEVVET3%20PR%20NEW%2FAER%3A%3Adimension%2FAER%20Id%3A%3Aattribute%3A%3Anoaggr%3A%3Axsd%3Adouble=416580&_xt=AER&_xf=pdf""> AER </a>",2014-10-20 00:00:00,Veterinarian,Canada,FEMALE,Dog,Terrier - Yorkshire,"Metacam 0.5 mg/ml - Oral suspension (cats, guinea pigs), Metacam 0.5 mg/ml - Oral suspension (dogs), Metacam 1.5 mg/ml - Oral suspension (dogs), Metacam 15 mg/ml - Oral suspension (horses), Metacam 15 mg/ml - Oral suspension (pigs)","Apnoea, Coma, Death, Diarrhoea, Hypothermia, Vomiting, Weakness",1,1,1
CA-DEBIAHP-2014CA01244,"<a target=""_blank""  href=""/xmlpserver/EVVET3 PW NEW/Subject Area Contents/Public Website/Report (PDF)/AER.xdo?_xpf=&_xpt=1&_params%2FOracle%20BI%20EE%3A%3ADefaultApp%3A%3AEVVET3%20PR%20NEW%2FAER%3A%3Adimension%2FAER%20Id%3A%3Aattribute%3A%3Anoaggr%3A%3Axsd%3Adouble=419374&_xt=AER&_xf=pdf""> AER </a>",2014-11-07 00:00:00,Veterinarian,Canada,FEMALE,Dog,Terrier - Yorkshire,"Cerenia 10 mg/ml  - Solution for injection, Cerenia 16 mg  - Tablet, Cerenia 160 mg  - Tablet, Cerenia 24 mg  - Tablet, Cerenia 60 mg - Tablet, Metacam 0.5 mg/ml - Oral suspension (cats, guinea pigs), Metacam 0.5 mg/ml - Oral suspension (dogs), Metacam 1.5 mg/ml - Oral suspension (dogs), Metacam 15 mg/ml - Oral suspension (horses), Metacam 15 mg/ml - Oral suspension (pigs)","Anorexia, Cyanosis, Death by euthanasia, Dehydration, Elevated blood urea nitrogen (BUN), Hypoproteinaemia, Lethargy (see also Central nervous system depression in Neurological), Pruritus, Tarry or black stool (see also haemorrhagic diarrhoea), Vomiting",1,1,1
CA-DEBIAHP-2014CA01275,"<a target=""_blank""  href=""/xmlpserver/EVVET3 PW NEW/Subject Area Contents/Public Website/Report (PDF)/AER.xdo?_xpf=&_xpt=1&_params%2FOracle%20BI%20EE%3A%3ADefaultApp%3A%3AEVVET3%20PR%20NEW%2FAER%3A%3Adimension%2FAER%20Id%3A%3Aattribute%3A%3Anoaggr%3A%3Axsd%3Adouble=422176&_xt=AER&_xf=pdf""> AER </a>",2014-11-28 00:00:00,Veterinarian,Canada,FEMALE,Dog,Spaniel - Springer English,"Metacam 0.5 mg/ml - Oral suspension (cats, guinea pigs), Metacam 0.5 mg/ml - Oral suspension (dogs), Metacam 1.5 mg/ml - Oral suspension (dogs), Metacam 15 mg/ml - Oral suspension (horses), Metacam 15 mg/ml - Oral suspension (pigs)","Acute renal failure, Anorexia, Behavioural disorder NOS, Dehydration, Diarrhoea, Elevated blood urea nitrogen (BUN), Elevated creatinine, Lethargy (see also Central nervous system depression in Neurological), Urinary tract infection, Vomiting",1,1,
CA-DEBIAHP-2014CA01293,"<a target=""_blank""  href=""/xmlpserver/EVVET3 PW NEW/Subject Area Contents/Public Website/Report (PDF)/AER.xdo?_xpf=&_xpt=1&_params%2FOracle%20BI%20EE%3A%3ADefaultApp%3A%3AEVVET3%20PR%20NEW%2FAER%3A%3Adimension%2FAER%20Id%3A%3Aattribute%3A%3Anoaggr%3A%3Axsd%3Adouble=419432&_xt=AER&_xf=pdf""> AER </a>",2014-11-08 00:00:00,Veterinarian,Canada,FEMALE,Dog,Beagle,"Metacam 0.5 mg/ml - Oral suspension (cats, guinea pigs), Metacam 0.5 mg/ml - Oral suspension (dogs), Metacam 1.5 mg/ml - Oral suspension (dogs), Metacam 15 mg/ml - Oral suspension (horses), Metacam 15 mg/ml - Oral suspension (pigs)",Vomiting,1,1,
CA-DEBIAHP-2014CA01312,"<a target=""_blank""  href=""/xmlpserver/EVVET3 PW NEW/Subject Area Contents/Public Website/Report (PDF)/AER.xdo?_xpf=&_xpt=1&_params%2FOracle%20BI%20EE%3A%3ADefaultApp%3A%3AEVVET3%20PR%20NEW%2FAER%3A%3Adimension%2FAER%20Id%3A%3Aattribute%3A%3Anoaggr%3A%3Axsd%3Adouble=419430&_xt=AER&_xf=pdf""> AER </a>",2014-11-08 00:00:00,Veterinarian,Canada,MALE,Dog,Terrier - Boston,Metacam 0.5 mg/ml - Oral suspension (dogs),Vomiting,1,1,
CA-DEBIAHP-2014CA01325,"<a target=""_blank""  href=""/xmlpserver/EVVET3 PW NEW/Subject Area Contents/Public Website/Report (PDF)/AER.xdo?_xpf=&_xpt=1&_params%2FOracle%20BI%20EE%3A%3ADefaultApp%3A%3AEVVET3%20PR%20NEW%2FAER%3A%3Adimension%2FAER%20Id%3A%3Aattribute%3A%3Anoaggr%3A%3Axsd%3Adouble=421587&_xt=AER&_xf=pdf""> AER </a>",2014-11-24 00:00:00,Animal owner,Canada,FEMALE,Dog,Sheepdog - Shetland,"Metacam 0.5 mg/ml - Oral suspension (cats, guinea pigs), Metacam 0.5 mg/ml - Oral suspension (dogs), Metacam 1.5 mg/ml - Oral suspension (dogs), Metacam 15 mg/ml - Oral suspension (horses), Metacam 15 mg/ml - Oral suspension (pigs), Soloxine 0.1 mg Tablet, Soloxine 0.2 mg Tablet, Soloxine 0.3 mg Tablet, Soloxine 0.5 mg Tablet, Soloxine 0.8 mg Tablet","Lack of efficacy - NOS, Lameness, Limping",1,1,
CA-DEBIAHP-2014CA01331,"<a target=""_blank""  href=""/xmlpserver/EVVET3 PW NEW/Subject Area Contents/Public Website/Report (PDF)/AER.xdo?_xpf=&_xpt=1&_params%2FOracle%20BI%20EE%3A%3ADefaultApp%3A%3AEVVET3%20PR%20NEW%2FAER%3A%3Adimension%2FAER%20Id%3A%3Aattribute%3A%3Anoaggr%3A%3Axsd%3Adouble=421537&_xt=AER&_xf=pdf""> AER </a>",2014-11-24 00:00:00,Veterinarian,Canada,MALE,Dog,Corgi - Welsh Cardigan,Metacam 0.5 mg/ml - Oral suspension (dogs),"Dehydration, Head tremor, Injection site pain, Lethargy (see also Central nervous system depression in Neurological), Limping, Reduced responses, Reluctant to move, Vomiting",1,1,
CA-DEBIAHP-2014CA01355,"<a target=""_blank""  href=""/xmlpserver/EVVET3 PW NEW/Subject Area Contents/Public Website/Report (PDF)/AER.xdo?_xpf=&_xpt=1&_params%2FOracle%20BI%20EE%3A%3ADefaultApp%3A%3AEVVET3%20PR%20NEW%2FAER%3A%3Adimension%2FAER%20Id%3A%3Aattribute%3A%3Anoaggr%3A%3Axsd%3Adouble=422004&_xt=AER&_xf=pdf""> AER </a>",2014-11-27 00:00:00,Veterinarian,Canada,FEMALE,Dog,Retriever - Labrador,"CLAVASEPTIN 40+10 MG ΔΙΣΚΙΟ, CLAVASEPTIN 400+100MG ΔΙΣΚΙΟ, CLAVASEPTIN 500MG PALATABLE TABLETS FOR DOGS, CLAVASEPTIN 50MG PALATABLE TABLETS FOR DOGS AND CATS, CLAVASEPTIN 600+150MG ΔΙΣΚΙΟ, CLAVASEPTIN 62.5 MG PALATABLE TABLETS FOR DOGS AND CATS, CLAVASEPTIN P 250 MG TABLETS FOR DOGS, CLAVASEPTIN P 62,5 MG ΔΙΣΚΙΟ, CLAVASEPTIN P 750 MG TABLETS FOR DOGS, Clavaseptin 250 mg okusne tablete za pse, Clavaseptin 250 mg, tabletid koertele, Clavaseptin 50 mg, tabletid koertele ja kassidele, Clavaseptin 500 mg, tabletid koertele, Clavaseptin 600 mg/150 mg tabletter för hund, Clavaseptin 750 mg Tabletten für Hunde, Clavaseptin 750 mg okusne tablete za pse, Clavaseptin 750 mg palatable tablets for dogs, Metacam 0.5 mg/ml - Oral suspension (dogs)","Bloated, Gastric perforation, Gastric ulceration NOS, Hypersalivation, Peritonitis, Vomiting",1,1,
CA-DEBIAHP-2014CA01386,"<a target=""_blank""  href=""/xmlpserver/EVVET3 PW NEW/Subject Area Contents/Public Website/Report (PDF)/AER.xdo?_xpf=&_xpt=1&_params%2FOracle%20BI%20EE%3A%3ADefaultApp%3A%3AEVVET3%20PR%20NEW%2FAER%3A%3Adimension%2FAER%20Id%3A%3Aattribute%3A%3Anoaggr%3A%3Axsd%3Adouble=424702&_xt=AER&_xf=pdf""> AER </a>",2014-12-17 00:00:00,Veterinarian,Canada,MALE,Dog,Retriever - Labrador,"Metacam 0.5 mg/ml - Oral suspension (cats, guinea pigs), Metacam 0.5 mg/ml - Oral suspension (dogs), Metacam 1.5 mg/ml - Oral suspension (dogs), Metacam 15 mg/ml - Oral suspension (horses), Metacam 15 mg/ml - Oral suspension (pigs)","Abdominal discomfort, Cough, Fever, Gagging, Gastric ulcer, Increased respiratory rate, Lethargy (see also Central nervous system depression in Neurological), Peritonitis, Vomiting",1,1,
CA-DEBIAHP-2014CA01387,"<a target=""_blank""  href=""/xmlpserver/EVVET3 PW NEW/Subject Area Contents/Public Website/Report (PDF)/AER.xdo?_xpf=&_xpt=1&_params%2FOracle%20BI%20EE%3A%3ADefaultApp%3A%3AEVVET3%20PR%20NEW%2FAER%3A%3Adimension%2FAER%20Id%3A%3Aattribute%3A%3Anoaggr%3A%3Axsd%3Adouble=423227&_xt=AER&_xf=pdf""> AER </a>",2014-12-06 00:00:00,Veterinarian,Canada,FEMALE,Dog,"Cattle Dog - Australian (blue heeler, red heeler, Queensland cattledog)","Metacam 0.5 mg/ml - Oral suspension (cats, guinea pigs), Metacam 0.5 mg/ml - Oral suspension (dogs), Metacam 1.5 mg/ml - Oral suspension (dogs), Metacam 15 mg/ml - Oral suspension (horses), Metacam 15 mg/ml - Oral suspension (pigs)","Anorexia, Diarrhoea, Lethargy (see also Central nervous system depression in Neurological), Neutrophilia, Other abnormal test result NOS, Pale mucous membrane, Vomiting",1,1,
CA-DEBIAHP-2014CA01392,"<a target=""_blank""  href=""/xmlpserver/EVVET3 PW NEW/Subject Area Contents/Public Website/Report (PDF)/AER.xdo?_xpf=&_xpt=1&_params%2FOracle%20BI%20EE%3A%3ADefaultApp%3A%3AEVVET3%20PR%20NEW%2FAER%3A%3Adimension%2FAER%20Id%3A%3Aattribute%3A%3Anoaggr%3A%3Axsd%3Adouble=423606&_xt=AER&_xf=pdf""> AER </a>",2014-12-09 00:00:00,Veterinarian,Canada,MALE,Dog,Schnauzer - Giant,"Metacam 0.5 mg/ml - Oral suspension (cats, guinea pigs), Metacam 0.5 mg/ml - Oral suspension (dogs), Metacam 1.5 mg/ml - Oral suspension (dogs), Metacam 15 mg/ml - Oral suspension (horses), Metacam 15 mg/ml - Oral suspension (pigs)","Anorexia, Gastric ulcer, Vomiting",1,1,
CA-DEBIAHP-2014CA01436,"<a target=""_blank""  href=""/xmlpserver/EVVET3 PW NEW/Subject Area Contents/Public Website/Report (PDF)/AER.xdo?_xpf=&_xpt=1&_params%2FOracle%20BI%20EE%3A%3ADefaultApp%3A%3AEVVET3%20PR%20NEW%2FAER%3A%3Adimension%2FAER%20Id%3A%3Aattribute%3A%3Anoaggr%3A%3Axsd%3Adouble=425428&_xt=AER&_xf=pdf""> AER </a>",2014-12-22 00:00:00,Animal owner,Canada,FEMALE,Dog,Poodle - Miniature,"Metacam 0.5 mg/ml - Oral suspension (cats, guinea pigs), Metacam 0.5 mg/ml - Oral suspension (dogs), Metacam 1.5 mg/ml - Oral suspension (dogs), Metacam 15 mg/ml - Oral suspension (horses), Metacam 15 mg/ml - Oral suspension (pigs)","Anxiety, Neurological signs NOS, Trembling",1,1,
CA-FRMERIAL-14CA000146,"<a target=""_blank""  href=""/xmlpserver/EVVET3 PW NEW/Subject Area Contents/Public Website/Report (PDF)/AER.xdo?_xpf=&_xpt=1&_params%2FOracle%20BI%20EE%3A%3ADefaultApp%3A%3AEVVET3%20PR%20NEW%2FAER%3A%3Adimension%2FAER%20Id%3A%3Aattribute%3A%3Anoaggr%3A%3Axsd%3Adouble=388232&_xt=AER&_xf=pdf""> AER </a>",2014-02-21 00:00:00,Veterinarian,Canada,FEMALE,Dog,Rottweiler,"Metacam 0.5 mg/ml - Oral suspension (cats, guinea pigs), Metacam 0.5 mg/ml - Oral suspension (dogs), Metacam 1 mg - Chewable tablet (dogs), Metacam 1.5 mg/ml - Oral suspension (dogs), Metacam 15 mg/ml - Oral suspension (horses), Metacam 15 mg/ml - Oral suspension (pigs), Metacam 2 mg/ml - Solution for injection (cats), Metacam 2.5 mg - Chewable tablet (dogs), Metacam 20 mg/ml - Solution for injection (cattle, pigs, horses), Metacam 40 mg/ml - Solution for injection (cattle, horses), Metacam 5 mg/ml - Solution for injection (cats, dogs), Metacam 5 mg/ml - Solution for injection (cattle, pigs), Metacam 5 mg/ml - Solution for injection (dogs), Previcox 227 mg - Chewable tablet","Elevated creatinine, Non-regenerative anaemia, Not eating, Other abnormal test result NOS, Proteinuria",1,1,
CA-UKPFIZAH-2014-CA-02216,"<a target=""_blank""  href=""/xmlpserver/EVVET3 PW NEW/Subject Area Contents/Public Website/Report (PDF)/AER.xdo?_xpf=&_xpt=1&_params%2FOracle%20BI%20EE%3A%3ADefaultApp%3A%3AEVVET3%20PR%20NEW%2FAER%3A%3Adimension%2FAER%20Id%3A%3Aattribute%3A%3Anoaggr%3A%3Axsd%3Adouble=414404&_xt=AER&_xf=pdf""> AER </a>",2014-10-02 00:00:00,Veterinarian,Canada,MALE,Dog,Retriever - Labrador,"Metacam 2 mg/ml - Solution for injection (cats), Metacam 20 mg/ml - Solution for injection (cattle, pigs, horses), Metacam 40 mg/ml - Solution for injection (cattle, horses), Metacam 5 mg/ml - Solution for injection (cats, dogs), Metacam 5 mg/ml - Solution for injection (cattle, pigs), Metacam 5 mg/ml - Solution for injection (dogs), Stronghold 120 mg - Spot-on solution (12% - dogs), Stronghold 15 mg - Spot-on solution (6% - cats and dogs), Stronghold 240 mg - Spot-on solution (12% - dogs), Stronghold 30 mg - Spot-on solution (12% - dogs), Stronghold 360 mg - Spot-on solution (12% - dogs), Stronghold 45 mg - Spot-on solution (6% - cats), Stronghold 60 mg - Spot-on solution (12% - dogs), Stronghold 60 mg - Spot-on solution (6% - cats)","Acute renal failure, Death by euthanasia, Dehydration, Disseminated intravascular coagulation, Emesis, Icterus, Lethargy (see also Central nervous system depression in Neurological), Liver failure, Other abnormal test result NOS, Pulmonary oedema",1,1,1
CH-DEBIAHP-2014CH00011,"<a target=""_blank""  href=""/xmlpserver/EVVET3 PW NEW/Subject Area Contents/Public Website/Report (PDF)/AER.xdo?_xpf=&_xpt=1&_params%2FOracle%20BI%20EE%3A%3ADefaultApp%3A%3AEVVET3%20PR%20NEW%2FAER%3A%3Adimension%2FAER%20Id%3A%3Aattribute%3A%3Anoaggr%3A%3Axsd%3Adouble=412519&_xt=AER&_xf=pdf""> AER </a>",2014-09-18 00:00:00,Other health care professional,Switzerland,FEMALE,Dog,Collie - Border,"DOMITOR 1 mg/ml raztopina za injiciranje za pse in mačke, DOMITOR 1 mg/ml ενέσιμο διάλυμα για σκύλους και γάτες, DOMITOR 1 mg/ml, soluție injectabilă pentru câini și pisici, DOMITOR, 1 mg/mL, otopina za injekciju za pse i mačke, DOMITOR, 1mg/ml, Injekční roztok, DOMITOR, SOLUTION INJECTABLE, Domitor, Domitor 1 mg/1 ml, roztwór do wstrzykiwań dla psów i kotów, Domitor 1 mg/ml - Injektionslösung für Hunde und Katzen, Domitor 1 mg/ml Oplossing voor injectie, Domitor 1 mg/ml Solution injectable, Domitor 1 mg/ml injekčný roztok, Domitor 1 mg/ml oldatos injekció kutyáknak és macskáknak A.U.V., Domitor 1 mg/ml solution for injection, Domitor 1 mg/ml soluzione iniettabile per cani e gatti, Domitor Vet 1 mg/ml injekcinis tirpalas, Domitor Vet 1 mg/ml šķīdums injekcijām, Domitor Vet, 1 mg/ml süstelahus, Domitor Vet. 1 mg/ml injektionsvæske, opløsning, Domitor vet 1 mg/ml injektioneste, liuos, Domitor vet. 1 mg/ml Injektionsvätska, lösning, Domitor vet. 1 mg/ml injeksjonsvæske, oppløsning til hund og katt, Metacam 5 mg/ml - Solution for injection (cats, dogs), Metacam 5 mg/ml - Solution for injection (cattle, pigs), Metacam 5 mg/ml - Solution for injection (dogs), Домитор Вет 1 mg/ml инжекционен разтвор за кучета и котки",Facial oedema,1,1,
DE-BVL-2014-0206,"<a target=""_blank""  href=""/xmlpserver/EVVET3 PW NEW/Subject Area Contents/Public Website/Report (PDF)/AER.xdo?_xpf=&_xpt=1&_params%2FOracle%20BI%20EE%3A%3ADefaultApp%3A%3AEVVET3%20PR%20NEW%2FAER%3A%3Adimension%2FAER%20Id%3A%3Aattribute%3A%3Anoaggr%3A%3Axsd%3Adouble=386762&_xt=AER&_xf=pdf""> AER </a>",2014-02-03 00:00:00,Veterinarian,Germany,MALE,Dog,Pointing Dog - Hungarian Short-haired (Vizsla),"Metacam 2.5 mg - Chewable tablet (dogs), Metacam 5 mg/ml - Solution for injection (cats, dogs), Metacam 5 mg/ml - Solution for injection (cattle, pigs), Metacam 5 mg/ml - Solution for injection (dogs)","Hypersalivation, Vomiting",1,1,
DE-BVL-2014-0463,"<a target=""_blank""  href=""/xmlpserver/EVVET3 PW NEW/Subject Area Contents/Public Website/Report (PDF)/AER.xdo?_xpf=&_xpt=1&_params%2FOracle%20BI%20EE%3A%3ADefaultApp%3A%3AEVVET3%20PR%20NEW%2FAER%3A%3Adimension%2FAER%20Id%3A%3Aattribute%3A%3Anoaggr%3A%3Axsd%3Adouble=386716&_xt=AER&_xf=pdf""> AER </a>",2014-02-03 00:00:00,Veterinarian,Germany,MALE,Dog,Crossbred Canine/dog,"CANINSULIN 40 UI/ml SUSPENSION INYECTABLE PARA PERROS Y GATOS, CANINSULIN 40 UI/ml suspensie injectabilă pentru câini și pisici, CANINSULIN 40 UI/ml, sospensione iniettabile per cani e gatti, CANINSULIN 40 i.e./ml suspenzija za injiciranje, CANINSULIN 40IU/ML ΕΝΕΣΙΜΟ ΕΝΑΙΩΡΗΜΑ, CANINSULIN SUSPENSION INJECTABLE POUR CHIENS ET CHATS, Caninsulin 40 IU/ml Suspensie voor injectie, Caninsulin 40 IU/ml Suspension for Injection, Caninsulin 40 IU/ml injekčná suspenzia pre psy a mačky, Caninsulin 40 IU/ml suspensija injekcijām suņiem un kaķiem, Caninsulin 40 NE/ml szuszpenziós injekció kutyák és macskák részére, Caninsulin 40 j.m./ml Zawiesina do wstrzykiwań, Caninsulin Vet. 40 IE/ml injektionsvæske, suspension, Caninsulin vet. 40 TV/ml, injekcinė suspensija šunims ir katėms, Caninsulin, 40 I.E./ml, Caninsulin, 40 I.E./ml, Injektionssuspension für Hunde und Katzen, Caninsulin, 40 I.U./ml, suspension injectable, pour chiens et chats, Caninsulin, 40 IE/ml suspensie voor injectie voor hond en kat, Caninsulin, 40 ui/ml suspensão injetável para cães e gatos, Caninsulin, 40IU/ml, Injekční suspenze, Caninsulin® vet. 40 IU/ml, suspension for injection, Metacam 2.5 mg - Chewable tablet (dogs)","Lethargy (see also Central nervous system depression in Neurological), Tiredness",1,1,
DE-BVL-2014-1230,"<a target=""_blank""  href=""/xmlpserver/EVVET3 PW NEW/Subject Area Contents/Public Website/Report (PDF)/AER.xdo?_xpf=&_xpt=1&_params%2FOracle%20BI%20EE%3A%3ADefaultApp%3A%3AEVVET3%20PR%20NEW%2FAER%3A%3Adimension%2FAER%20Id%3A%3Aattribute%3A%3Anoaggr%3A%3Axsd%3Adouble=391644&_xt=AER&_xf=pdf""> AER </a>",2014-03-25 00:00:00,Veterinarian,Germany,FEMALE,Dog,Shepherd Dog - German,"Metacam 0.5 mg/ml - Oral suspension (cats, guinea pigs), Metacam 0.5 mg/ml - Oral suspension (dogs), Metacam 1 mg - Chewable tablet (dogs), Metacam 1.5 mg/ml - Oral suspension (dogs), Metacam 15 mg/ml - Oral suspension (horses), Metacam 15 mg/ml - Oral suspension (pigs), Metacam 2 mg/ml - Solution for injection (cats), Metacam 2.5 mg - Chewable tablet (dogs), Metacam 20 mg/ml - Solution for injection (cattle, pigs, horses), Metacam 40 mg/ml - Solution for injection (cattle, horses), Metacam 5 mg/ml - Solution for injection (cats, dogs), Metacam 5 mg/ml - Solution for injection (cattle, pigs), Metacam 5 mg/ml - Solution for injection (dogs)","Anaemia NOS, Apathy, Death by euthanasia, Elevated blood urea nitrogen (BUN), Elevated liver enzymes NOS, Elevated total bilirubin, Epistaxis, Inappetence, Leukocytosis NOS, Lymphocytosis, Nasal bleeding, Polydipsia, Polyuria, Reluctant to move, Thrombocytopenia",1,1,1
DE-BVL-2014-2287,"<a target=""_blank""  href=""/xmlpserver/EVVET3 PW NEW/Subject Area Contents/Public Website/Report (PDF)/AER.xdo?_xpf=&_xpt=1&_params%2FOracle%20BI%20EE%3A%3ADefaultApp%3A%3AEVVET3%20PR%20NEW%2FAER%3A%3Adimension%2FAER%20Id%3A%3Aattribute%3A%3Anoaggr%3A%3Axsd%3Adouble=397308&_xt=AER&_xf=pdf""> AER </a>",2014-05-13 00:00:00,Veterinarian,Germany,MALE,Dog,Crossbred Canine/dog,"Cepetor, Cepetor 1 mg/ml Solution for Injection for Dog and Cat, Metacam 5 mg/ml - Solution for injection (cats, dogs), Metacam 5 mg/ml - Solution for injection (cattle, pigs), Metacam 5 mg/ml - Solution for injection (dogs), Ursotamin, Vetmedin 0,75 mg/ml Injektionslösung für Hunde","Haematoma NOS, Profuse bleeding, Prolonged bleeding NOS",1,1,
DE-BVL-2014-2682,"<a target=""_blank""  href=""/xmlpserver/EVVET3 PW NEW/Subject Area Contents/Public Website/Report (PDF)/AER.xdo?_xpf=&_xpt=1&_params%2FOracle%20BI%20EE%3A%3ADefaultApp%3A%3AEVVET3%20PR%20NEW%2FAER%3A%3Adimension%2FAER%20Id%3A%3Aattribute%3A%3Anoaggr%3A%3Axsd%3Adouble=398114&_xt=AER&_xf=pdf""> AER </a>",2014-05-21 00:00:00,Veterinarian,Germany,MALE,Dog,Hovawart,"Metacam 0.5 mg/ml - Oral suspension (cats, guinea pigs), Metacam 0.5 mg/ml - Oral suspension (dogs), Metacam 1 mg - Chewable tablet (dogs), Metacam 1.5 mg/ml - Oral suspension (dogs), Metacam 15 mg/ml - Oral suspension (horses), Metacam 15 mg/ml - Oral suspension (pigs), Metacam 2 mg/ml - Solution for injection (cats), Metacam 2.5 mg - Chewable tablet (dogs), Metacam 20 mg/ml - Solution for injection (cattle, pigs, horses), Metacam 40 mg/ml - Solution for injection (cattle, horses), Metacam 5 mg/ml - Solution for injection (cats, dogs), Metacam 5 mg/ml - Solution for injection (cattle, pigs), Metacam 5 mg/ml - Solution for injection (dogs)",Staggering,1,1,
DE-BVL-2014-4984,"<a target=""_blank""  href=""/xmlpserver/EVVET3 PW NEW/Subject Area Contents/Public Website/Report (PDF)/AER.xdo?_xpf=&_xpt=1&_params%2FOracle%20BI%20EE%3A%3ADefaultApp%3A%3AEVVET3%20PR%20NEW%2FAER%3A%3Adimension%2FAER%20Id%3A%3Aattribute%3A%3Anoaggr%3A%3Axsd%3Adouble=408607&_xt=AER&_xf=pdf""> AER </a>",2014-08-19 00:00:00,Veterinarian,Germany,MALE,Dog,Schnauzer (unspecified),Metacam 2.5 mg - Chewable tablet (dogs),"Diarrhoea, Mucous stool",1,1,
DE-BVL-2014-6787,"<a target=""_blank""  href=""/xmlpserver/EVVET3 PW NEW/Subject Area Contents/Public Website/Report (PDF)/AER.xdo?_xpf=&_xpt=1&_params%2FOracle%20BI%20EE%3A%3ADefaultApp%3A%3AEVVET3%20PR%20NEW%2FAER%3A%3Adimension%2FAER%20Id%3A%3Aattribute%3A%3Anoaggr%3A%3Axsd%3Adouble=419324&_xt=AER&_xf=pdf""> AER </a>",2014-11-07 00:00:00,Veterinarian,Germany,FEMALE,Dog,Collie - Border,"Metacam 0.5 mg/ml - Oral suspension (cats, guinea pigs), Metacam 0.5 mg/ml - Oral suspension (dogs), Metacam 1 mg - Chewable tablet (dogs), Metacam 1.5 mg/ml - Oral suspension (dogs), Metacam 15 mg/ml - Oral suspension (horses), Metacam 15 mg/ml - Oral suspension (pigs), Metacam 2 mg/ml - Solution for injection (cats), Metacam 2.5 mg - Chewable tablet (dogs), Metacam 20 mg/ml - Solution for injection (cattle, pigs, horses), Metacam 40 mg/ml - Solution for injection (cattle, horses), Metacam 5 mg/ml - Solution for injection (cats, dogs), Metacam 5 mg/ml - Solution for injection (cattle, pigs), Metacam 5 mg/ml - Solution for injection (dogs)",Diarrhoea,1,1,
DE-DEBIAHP-2014DE00002,"<a target=""_blank""  href=""/xmlpserver/EVVET3 PW NEW/Subject Area Contents/Public Website/Report (PDF)/AER.xdo?_xpf=&_xpt=1&_params%2FOracle%20BI%20EE%3A%3ADefaultApp%3A%3AEVVET3%20PR%20NEW%2FAER%3A%3Adimension%2FAER%20Id%3A%3Aattribute%3A%3Anoaggr%3A%3Axsd%3Adouble=386027&_xt=AER&_xf=pdf""> AER </a>",2014-01-29 00:00:00,Veterinarian,Germany,FEMALE,Dog,Terrier - Jack Russell,"Metacam 15 mg/ml - Oral suspension (horses), Metacam 15 mg/ml - Oral suspension (pigs)","Diarrhoea, Hypoproteinaemia, Leukocytosis NOS, Melaena, Regenerative anaemia, Vomiting, Weight loss",1,1,
DE-DEBIAHP-2014DE00077,"<a target=""_blank""  href=""/xmlpserver/EVVET3 PW NEW/Subject Area Contents/Public Website/Report (PDF)/AER.xdo?_xpf=&_xpt=1&_params%2FOracle%20BI%20EE%3A%3ADefaultApp%3A%3AEVVET3%20PR%20NEW%2FAER%3A%3Adimension%2FAER%20Id%3A%3Aattribute%3A%3Anoaggr%3A%3Axsd%3Adouble=393471&_xt=AER&_xf=pdf""> AER </a>",2014-04-07 00:00:00,Veterinarian,Germany,MALE,Dog,Dog (other),"ADVANTIX 400 mg + 2000 mg SOLUCION SPOT-ON PARA PERROS (> 25 kg ≤ 40 kg), Advantix 100 mg + 500 mg šķīdums pilināšanai suņiem (> 4 kg ≤ 10 kg), Advantix 250 mg + 1250 mg šķīdums pilināšanai suņiem (> 10 kg ≤ 25 kg), Advantix 40 mg + 200 mg šķīdums pilināšanai suņiem (≤ 4 kg), Advantix 400 mg + 2000 mg šķīdums pilināšanai suņiem (> 10 kg ≤ 25 kg), Advantix 600 mg + 3000 mg šķīdums pilināšanai uz ādas suņiem (> 40 kg ≤ 60 kg), Advantix Spot-on Solution for Dogs up to 4 kg, Advantix Spot-on per cani oltre 40 kg fino a 60 kg, Advantix Spot-on solution for dogs over 10 kg up to 25 kg, Advantix Spot-on solution for dogs over 25 kg up to 40 kg, Advantix Spot-on solution for dogs over 4 kg up to 10 kg, Advantix Spot-on solution for dogs over 40 kg to 60 kg, Advantix Spot-on solution for dogs up to 4 kg, Advantix Spot-on, otopina za nakapavanje, za pse do 4 kg, Advantix Spot-on, otopina za nakapavanje, za pse od 25 do 40 kg, Advantix Spot-on, otopina za nakapavanje, za pse od 4 do 10 kg, Advantix Spot-on, otopina za nakapavanje, za pse od 40 do 60 kg, Bayvantic Vet. til hunde 25-40 kg 500 + 100 mg/ml spot-on, opløsning, Metacam 2.5 mg - Chewable tablet (dogs), Metacam 5 mg/ml - Solution for injection (cats, dogs), Metacam 5 mg/ml - Solution for injection (cattle, pigs), Metacam 5 mg/ml - Solution for injection (dogs)","Anaemia NOS, Cachexia, Death by euthanasia, Diarrhoea, Elevated creatinine, Elevated renal parameters, Emesis, Generalised weakness, Inappetence, Lethargy (see also Central nervous system depression in Neurological), Leukocytosis NOS, Loss of condition, Thrombocytopenia",1,1,1
DE-DEBIAHP-2014DE00079,"<a target=""_blank""  href=""/xmlpserver/EVVET3 PW NEW/Subject Area Contents/Public Website/Report (PDF)/AER.xdo?_xpf=&_xpt=1&_params%2FOracle%20BI%20EE%3A%3ADefaultApp%3A%3AEVVET3%20PR%20NEW%2FAER%3A%3Adimension%2FAER%20Id%3A%3Aattribute%3A%3Anoaggr%3A%3Axsd%3Adouble=395114&_xt=AER&_xf=pdf""> AER </a>",2014-04-22 00:00:00,Veterinarian,Germany,FEMALE,Dog,Shepherd Dog - German,"Cleorobe  150 mg Kapseln für Hunde, Cleorobe  300 mg Kapseln für Hunde, Cleorobe  75 mg Kapseln für Hunde, Cleorobe 25 mg Kapseln für Hunde, Lincomycin 10% pro inj., 100 mg/ml, oplossing voor injectie voor honden en katten., Lincomycin 20% 226,8 mg/ml Injektionslösung für Schwein, Hund und Katze, Lincomycin Lösung, Metacam 0.5 mg/ml - Oral suspension (cats, guinea pigs), Metacam 0.5 mg/ml - Oral suspension (dogs), Metacam 1 mg - Chewable tablet (dogs), Metacam 1.5 mg/ml - Oral suspension (dogs), Metacam 15 mg/ml - Oral suspension (horses), Metacam 15 mg/ml - Oral suspension (pigs), Metacam 2 mg/ml - Solution for injection (cats), Metacam 2.5 mg - Chewable tablet (dogs), Metacam 20 mg/ml - Solution for injection (cattle, pigs, horses), Metacam 40 mg/ml - Solution for injection (cattle, horses), Metacam 5 mg/ml - Solution for injection (cats, dogs), Metacam 5 mg/ml - Solution for injection (cattle, pigs), Metacam 5 mg/ml - Solution for injection (dogs), Линкомицин 222 Спектиномицин 444 водоразтворим прах, Линкомицин 60% водоразтворим прах","Acute renal failure, Anorexia, Blood in vomit, Death, Electrolyte disorder, Elevated creatinine, Elevated liver enzymes NOS, Gastric ulceration NOS, Hyperphosphataemia, Hypoalbuminaemia, Inappetence, Lethargy (see also Central nervous system depression in Neurological), Leukocytosis NOS, Papillary necrosis, Profuse bleeding, Thrombocytopenia, Unable to stand",1,1,1
DE-DEBIAHP-2014DE00098,"<a target=""_blank""  href=""/xmlpserver/EVVET3 PW NEW/Subject Area Contents/Public Website/Report (PDF)/AER.xdo?_xpf=&_xpt=1&_params%2FOracle%20BI%20EE%3A%3ADefaultApp%3A%3AEVVET3%20PR%20NEW%2FAER%3A%3Adimension%2FAER%20Id%3A%3Aattribute%3A%3Anoaggr%3A%3Axsd%3Adouble=395273&_xt=AER&_xf=pdf""> AER </a>",2014-04-23 00:00:00,Veterinarian,Germany,FEMALE,Dog,Chihuahua,"Alvegesic 1,0 % injekció, Alvegesic Vet. 10 mg/ml injektionsvæske, opløsning, Alvegesic vet. 10 mg/ml Injektionslösung für Pferde, Hunde und Katzen, DORMILAN 1 MG/ML SOLUTION FOR INJECTION FOR DOGS AND CATS, Dormilan 1 mg/ml solução injetável para cães e gatos, Isoflurane 100% Inhalation Vapour, Liquid, Metacam 0.5 mg/ml - Oral suspension (cats, guinea pigs), Metacam 0.5 mg/ml - Oral suspension (dogs), Metacam 1 mg - Chewable tablet (dogs), Metacam 1.5 mg/ml - Oral suspension (dogs), Metacam 15 mg/ml - Oral suspension (horses), Metacam 15 mg/ml - Oral suspension (pigs), Metacam 2 mg/ml - Solution for injection (cats), Metacam 2.5 mg - Chewable tablet (dogs), Metacam 20 mg/ml - Solution for injection (cattle, pigs, horses), Metacam 40 mg/ml - Solution for injection (cattle, horses), Metacam 5 mg/ml - Solution for injection (cats, dogs), Metacam 5 mg/ml - Solution for injection (cattle, pigs), Metacam 5 mg/ml - Solution for injection (dogs), Vetofol 10 mg/ml Emulsion for Injection for Cats and Dogs, Vetofol 10 mg/ml emúlziós injekció A.U.V., Vetofol 10mg/ml Emulsion for Injection for cats and dogs","Decreased red blood cell count, Lethargy (see also Central nervous system depression in Neurological), Pale mucous membrane, Profuse bleeding",1,1,
DE-DEBIAHP-2014DE00167,"<a target=""_blank""  href=""/xmlpserver/EVVET3 PW NEW/Subject Area Contents/Public Website/Report (PDF)/AER.xdo?_xpf=&_xpt=1&_params%2FOracle%20BI%20EE%3A%3ADefaultApp%3A%3AEVVET3%20PR%20NEW%2FAER%3A%3Adimension%2FAER%20Id%3A%3Aattribute%3A%3Anoaggr%3A%3Axsd%3Adouble=404175&_xt=AER&_xf=pdf""> AER </a>",2014-07-11 00:00:00,Veterinarian,Germany,UNKNOWN,Dog,Spaniel - King Charles Cavalier,"Cimalgex 80 mg - Chewable tablet, Metacam 5 mg/ml - Solution for injection (cats, dogs), Metacam 5 mg/ml - Solution for injection (cattle, pigs), Metacam 5 mg/ml - Solution for injection (dogs)","Death, Gastric perforation, Systemic disorder NOS",1,1,1
DE-DEBIAHP-2014DE00199,"<a target=""_blank""  href=""/xmlpserver/EVVET3 PW NEW/Subject Area Contents/Public Website/Report (PDF)/AER.xdo?_xpf=&_xpt=1&_params%2FOracle%20BI%20EE%3A%3ADefaultApp%3A%3AEVVET3%20PR%20NEW%2FAER%3A%3Adimension%2FAER%20Id%3A%3Aattribute%3A%3Anoaggr%3A%3Axsd%3Adouble=408732&_xt=AER&_xf=pdf""> AER </a>",2014-08-19 00:00:00,Veterinarian,Germany,FEMALE,Dog,Retriever - Labrador,"Metacam 15 mg/ml - Oral suspension (horses), Metacam 15 mg/ml - Oral suspension (pigs), Prascend 1 mg tablets for horses, Prascend, 1 mg, Tablett, Prascend, 1 mg, tablett","Abdominal pain, Bloody diarrhoea, Death, General illness, Tarry or black stool (see also haemorrhagic diarrhoea)",1,1,1
DE-DEBIAHP-2014DE00207,"<a target=""_blank""  href=""/xmlpserver/EVVET3 PW NEW/Subject Area Contents/Public Website/Report (PDF)/AER.xdo?_xpf=&_xpt=1&_params%2FOracle%20BI%20EE%3A%3ADefaultApp%3A%3AEVVET3%20PR%20NEW%2FAER%3A%3Adimension%2FAER%20Id%3A%3Aattribute%3A%3Anoaggr%3A%3Axsd%3Adouble=412236&_xt=AER&_xf=pdf""> AER </a>",2014-09-17 00:00:00,Veterinarian,Germany,MALE,Dog,Irish Wolfhound,"Metacam 0.5 mg/ml - Oral suspension (cats, guinea pigs), Metacam 0.5 mg/ml - Oral suspension (dogs), Metacam 1 mg - Chewable tablet (dogs), Metacam 1.5 mg/ml - Oral suspension (dogs), Metacam 15 mg/ml - Oral suspension (horses), Metacam 15 mg/ml - Oral suspension (pigs), Metacam 2 mg/ml - Solution for injection (cats), Metacam 2.5 mg - Chewable tablet (dogs), Metacam 20 mg/ml - Solution for injection (cattle, pigs, horses), Metacam 40 mg/ml - Solution for injection (cattle, horses), Metacam 5 mg/ml - Solution for injection (cats, dogs), Metacam 5 mg/ml - Solution for injection (cattle, pigs), Metacam 5 mg/ml - Solution for injection (dogs)","Bloody diarrhoea, Elevated cholesterol (total), Elevated lactic acid dehydrogenase (LDH), Other abnormal test result NOS, Vomiting, Weakness",1,1,
DE-DEBIAHP-2014DE00236,"<a target=""_blank""  href=""/xmlpserver/EVVET3 PW NEW/Subject Area Contents/Public Website/Report (PDF)/AER.xdo?_xpf=&_xpt=1&_params%2FOracle%20BI%20EE%3A%3ADefaultApp%3A%3AEVVET3%20PR%20NEW%2FAER%3A%3Adimension%2FAER%20Id%3A%3Aattribute%3A%3Anoaggr%3A%3Axsd%3Adouble=413701&_xt=AER&_xf=pdf""> AER </a>",2014-09-30 00:00:00,Veterinarian,Germany,FEMALE,Dog,Cattle Dog - Flanders (Bouvier),"CLAVASEPTIN 40+10 MG ΔΙΣΚΙΟ, CLAVASEPTIN 400+100MG ΔΙΣΚΙΟ, CLAVASEPTIN 500MG PALATABLE TABLETS FOR DOGS, CLAVASEPTIN 50MG PALATABLE TABLETS FOR DOGS AND CATS, CLAVASEPTIN 600+150MG ΔΙΣΚΙΟ, CLAVASEPTIN 62.5 MG PALATABLE TABLETS FOR DOGS AND CATS, CLAVASEPTIN P 250 MG TABLETS FOR DOGS, CLAVASEPTIN P 62,5 MG ΔΙΣΚΙΟ, CLAVASEPTIN P 750 MG TABLETS FOR DOGS, Clavaseptin 250 mg okusne tablete za pse, Clavaseptin 250 mg, tabletid koertele, Clavaseptin 50 mg, tabletid koertele ja kassidele, Clavaseptin 500 mg, tabletid koertele, Clavaseptin 600 mg/150 mg tabletter för hund, Clavaseptin 750 mg Tabletten für Hunde, Clavaseptin 750 mg okusne tablete za pse, Clavaseptin 750 mg palatable tablets for dogs, L-Polamivet, L-Polamivet vet injektioneste, liuos, Metacam 0.5 mg/ml - Oral suspension (cats, guinea pigs), Metacam 0.5 mg/ml - Oral suspension (dogs), Metacam 1 mg - Chewable tablet (dogs), Metacam 1.5 mg/ml - Oral suspension (dogs), Metacam 15 mg/ml - Oral suspension (horses), Metacam 15 mg/ml - Oral suspension (pigs), Metacam 2 mg/ml - Solution for injection (cats), Metacam 2.5 mg - Chewable tablet (dogs), Metacam 20 mg/ml - Solution for injection (cattle, pigs, horses), Metacam 40 mg/ml - Solution for injection (cattle, horses), Metacam 5 mg/ml - Solution for injection (cats, dogs), Metacam 5 mg/ml - Solution for injection (cattle, pigs), Metacam 5 mg/ml - Solution for injection (dogs), ROMPUN, ROMPUN 2 %, ROMPUN 20MG/ML ΕΝΕΣΙΜΟ ΔΙΑΛΥΜΑ, Rompun 2%, Rompun 2% 20 mg/ml Oplossing voor injectie, Rompun 2% 20 mg/ml Solution injectable, Rompun 20 mg/ml Injektionslösung für Tiere, Rompun 20 mg/ml solução injetável para bovinos, cavalos, cães e gatos., Rompun Vet. 2 % injektionsvæske, opløsning, Rompun vet 20 mg/ml injektioneste, liuos, Rompun vet. 20 mg/ml Injektionsvätska, lösning, Rompun vet. 20 mg/ml injeksjonsvæske, oppløsning, Rompun vet. 20 mg/ml stungulyf, lausn","Haematuria, Proteinuria, Weakness",1,1,
DE-DEBIAHP-2014DE00256,"<a target=""_blank""  href=""/xmlpserver/EVVET3 PW NEW/Subject Area Contents/Public Website/Report (PDF)/AER.xdo?_xpf=&_xpt=1&_params%2FOracle%20BI%20EE%3A%3ADefaultApp%3A%3AEVVET3%20PR%20NEW%2FAER%3A%3Adimension%2FAER%20Id%3A%3Aattribute%3A%3Anoaggr%3A%3Axsd%3Adouble=420283&_xt=AER&_xf=pdf""> AER </a>",2014-11-14 00:00:00,Animal owner,Germany,FEMALE,Dog,Dog (other),"Metacam 0.5 mg/ml - Oral suspension (cats, guinea pigs), Metacam 0.5 mg/ml - Oral suspension (dogs), Metacam 1 mg - Chewable tablet (dogs), Metacam 1.5 mg/ml - Oral suspension (dogs), Metacam 15 mg/ml - Oral suspension (horses), Metacam 15 mg/ml - Oral suspension (pigs), Metacam 2 mg/ml - Solution for injection (cats), Metacam 2.5 mg - Chewable tablet (dogs), Metacam 20 mg/ml - Solution for injection (cattle, pigs, horses), Metacam 40 mg/ml - Solution for injection (cattle, horses), Metacam 5 mg/ml - Solution for injection (cats, dogs), Metacam 5 mg/ml - Solution for injection (cattle, pigs), Metacam 5 mg/ml - Solution for injection (dogs)","Allergic reaction, Facial swelling (see also Skin), Vomiting",1,1,
DE-DEBIAHP-2014DE00273,"<a target=""_blank""  href=""/xmlpserver/EVVET3 PW NEW/Subject Area Contents/Public Website/Report (PDF)/AER.xdo?_xpf=&_xpt=1&_params%2FOracle%20BI%20EE%3A%3ADefaultApp%3A%3AEVVET3%20PR%20NEW%2FAER%3A%3Adimension%2FAER%20Id%3A%3Aattribute%3A%3Anoaggr%3A%3Axsd%3Adouble=420011&_xt=AER&_xf=pdf""> AER </a>",2014-11-12 00:00:00,Other health care professional,Germany,FEMALE,Dog,Dog (other),"Metacam 5 mg/ml - Solution for injection (cats, dogs), Metacam 5 mg/ml - Solution for injection (cattle, pigs), Metacam 5 mg/ml - Solution for injection (dogs), Metamizol WDT, ProZinc 40 IU/ml - Suspension for injection (cats, dogs), ProZinc 40 IU/ml - Suspension for injection (dogs)","Anaemia NOS, Disorientation, Elevated blood urea nitrogen (BUN), Elevated liver enzymes NOS, Pale mucous membrane, Shivering",1,1,
DE-DEBIAHP-2014DE00283,"<a target=""_blank""  href=""/xmlpserver/EVVET3 PW NEW/Subject Area Contents/Public Website/Report (PDF)/AER.xdo?_xpf=&_xpt=1&_params%2FOracle%20BI%20EE%3A%3ADefaultApp%3A%3AEVVET3%20PR%20NEW%2FAER%3A%3Adimension%2FAER%20Id%3A%3Aattribute%3A%3Anoaggr%3A%3Axsd%3Adouble=424406&_xt=AER&_xf=pdf""> AER </a>",2014-12-16 00:00:00,Veterinarian,Germany,FEMALE,Dog,Doberman Pinscher,"Metacam 15 mg/ml - Oral suspension (horses), Metacam 15 mg/ml - Oral suspension (pigs)","Decreased packed cell volume (PCV), Elevated blood urea nitrogen (BUN), Haematemesis, Hypothermia, Inappetence, Melaena, Pale mucous membrane",1,1,
DE-VEYX-2014-0001,"<a target=""_blank""  href=""/xmlpserver/EVVET3 PW NEW/Subject Area Contents/Public Website/Report (PDF)/AER.xdo?_xpf=&_xpt=1&_params%2FOracle%20BI%20EE%3A%3ADefaultApp%3A%3AEVVET3%20PR%20NEW%2FAER%3A%3Adimension%2FAER%20Id%3A%3Aattribute%3A%3Anoaggr%3A%3Axsd%3Adouble=401386&_xt=AER&_xf=pdf""> AER </a>",2014-06-19 00:00:00,Veterinarian,Germany,FEMALE,Dog,Terrier - Jack Russell,"Ketamin-10%, Metacam 0.5 mg/ml - Oral suspension (cats, guinea pigs), Metacam 0.5 mg/ml - Oral suspension (dogs), Metacam 1 mg - Chewable tablet (dogs), Metacam 1.5 mg/ml - Oral suspension (dogs), Metacam 15 mg/ml - Oral suspension (horses), Metacam 15 mg/ml - Oral suspension (pigs), Metacam 2 mg/ml - Solution for injection (cats), Metacam 2.5 mg - Chewable tablet (dogs), Metacam 20 mg/ml - Solution for injection (cattle, pigs, horses), Metacam 40 mg/ml - Solution for injection (cattle, horses), Metacam 5 mg/ml - Solution for injection (cats, dogs), Metacam 5 mg/ml - Solution for injection (cattle, pigs), Metacam 5 mg/ml - Solution for injection (dogs), VEYXYL LA 20%, Veyx yl LA 20%, 200 mg/ml süstesuspensioon veistele, sigadele, lammastele, koertele ja kassidele","Application site alopecia, Application site hair loss, Application site pyoderma, Cutaneous necrosis, Erosion, Injection site haemorrhage, Skin vascular disorder NOS, Ulceration NOS",1,1,
DE-VEYX-2014-0002,"<a target=""_blank""  href=""/xmlpserver/EVVET3 PW NEW/Subject Area Contents/Public Website/Report (PDF)/AER.xdo?_xpf=&_xpt=1&_params%2FOracle%20BI%20EE%3A%3ADefaultApp%3A%3AEVVET3%20PR%20NEW%2FAER%3A%3Adimension%2FAER%20Id%3A%3Aattribute%3A%3Anoaggr%3A%3Axsd%3Adouble=401388&_xt=AER&_xf=pdf""> AER </a>",2014-06-19 00:00:00,Veterinarian,Germany,FEMALE,Dog,Crossbred Canine/dog,"Ketamin-10%, Metacam 0.5 mg/ml - Oral suspension (cats, guinea pigs), Metacam 0.5 mg/ml - Oral suspension (dogs), Metacam 1 mg - Chewable tablet (dogs), Metacam 1.5 mg/ml - Oral suspension (dogs), Metacam 15 mg/ml - Oral suspension (horses), Metacam 15 mg/ml - Oral suspension (pigs), Metacam 2 mg/ml - Solution for injection (cats), Metacam 2.5 mg - Chewable tablet (dogs), Metacam 20 mg/ml - Solution for injection (cattle, pigs, horses), Metacam 40 mg/ml - Solution for injection (cattle, horses), Metacam 5 mg/ml - Solution for injection (cats, dogs), Metacam 5 mg/ml - Solution for injection (cattle, pigs), Metacam 5 mg/ml - Solution for injection (dogs), SYNULOX (200+50)MG/TAB ΔΙΣΚΙΟ, SYNULOX (40+10)MG/TAB ΔΙΣΚΙΟ, SYNULOX 140 mg/ml + 35 mg/ml suspensión inyectable, SYNULOX 200 mg/50 mg tablety pre psy a mačky, SYNULOX 200/50 mg COMPRIMIDOS APETITOSOS PARA PERROS, SYNULOX 250 COMPRIMES POUR CHIENS, SYNULOX 250 mg, SYNULOX 250 mg kramtomosios tabletės šunims ir katėms, SYNULOX 250 mg tablete za pse in mačke, SYNULOX 250mg, δισκία για σκύλους και γάτες, SYNULOX 40 mg/10 mg tablety pre psy a mačky, SYNULOX 40 mg/ml + 10 mg/ml POLVO PARA GOTAS ORALES EN SUSPENSION, SYNULOX 40/10 MG COMPRIMIDOS APETITOSOS PARA PERROS Y GATOS, SYNULOX 400 mg/100 mg tablety pre psy, SYNULOX 400/100 mg COMPRIMIDOS APETITOSOS PARA PERROS, SYNULOX 50 COMPRIMES POUR CHIENS ET CHATS, SYNULOX 50 mg, SYNULOX 50 mg kramtomosios tabletės šunims ir katėms, SYNULOX 50 mg tablete za pse in mačke, SYNULOX 500 COMPRIMES POUR CHIENS, SYNULOX 500 mg kramtomosios tabletės šunims, SYNULOX 500 mg tablete za pse, SYNULOX 500 mg, kramtomosios tabletės šunims, SYNULOX 500MG/TAB ΔΙΣΚΙΟ, SYNULOX 50mg, δισκία για σκύλους και γάτες, SYNULOX OGIVETTES POUR VEAUX, SYNULOX SUSPENSION INJECTABLE POUR BOVINS, SYNULOX VET 140 mg/ml injektioneste, suspensio koiralle, kissalle ja sialle, SYNULOX suspensão injetável para suínos, bovinos, cães e gatos, SYNULOX vet 200 mg/50 mg tabletti, koiralle ja kissalle, SYNULOX vet 40 mg/10 mg tabletti, koiralle ja kissalle, SYNULOX vet 400 mg/100 mg tabletti, koiralle, SYNULOX, 400/100mg, Tableta, Synulox 250 mg Comprimés Appétents, Synulox 250 mg Smakelijke tabletten, Synulox 250 mg tabletes suņiem un kaķiem, Synulox 250 mg, tabletid koertele ja kassidele, Synulox 250 mg, таблетки за кучета и котки, Synulox 250mg (200 mg/50 mg)  Tabletten für Hunde, Synulox 50 mg Comprimés Appétents, Synulox 50 mg Smakelijke Tabletten, Synulox 50 mg tabletes suņiem un kaķiem, Synulox 50 mg, tabletid koertele ja kassidele, Synulox 50 mg, таблетки за кучета и котки, Synulox 500 mg Bolus 400 mg - 100 mg Omhulde tablet, Synulox 500 mg Comprimés Appétents, Synulox 500 mg Smakelijke Tabletten, Synulox 500 mg tabletes suņiem, Synulox 500 mg, tabletid koertele, Synulox 500mg (400 mg/100 mg) Tabletten für Hunde, Synulox 50mg (40 mg/10 mg) Tabletten für Hunde und Katzen, Synulox Bolus 500 mg, 400 mg + 100 mg comprimés enrobés pour veaux, Synulox Lactating Cow Intramammary suspension., Synulox Tabletki 250 mg, Synulox Tabletki 250 mg (200+50) mg/tablete; tabletes suņiem, Synulox Tabletki 50 mg, Synulox Tabletki 50 mg (40+10) mg/ tablete; tabletes suņiem un kaķiem, Synulox Tabletki 500 mg, Synulox Vet. til hund og kat 200 + 50 mg tabletter, Synulox Vet. til hund og kat 40 + 10 mg tabletter, Synulox Vet. til hund tabletter 400 + 100 mg, Synulox Vet. til kalve 400 + 100 mg tabletter, Synulox comprimidos palatáveis 250 mg para cães e gatos, Synulox comprimidos palatáveis 50 mg para cães e gatos, Synulox comprimidos palatáveis 500 mg para cães, Synulox vet 40 mg/ml jauhe oraalisuspensiota varten koiralle ja kissalle, Synulox vet. 200 mg tabletter for hund og katt, Synulox vet. 200 mg/50 mg Tablett, Synulox vet. 40 mg tabletter for hund og katt, Synulox vet. 40 mg/10 mg Tablett, Synulox vet. 400 mg tabletter for hund, Synulox vet. 400 mg/100 mg Tablett, Synulox, 200/50mg, Tableta, Synulox, 40/10mg, Tableta, Synulox-Kalb 400 mg/100 mg Filmtabletten für Rinder (Kälber), VEYXYL LA 20","Application site pyoderma, Cutaneous necrosis, Ulceration NOS",1,1,
DEU-ZZELANCORG-DE201400157,"<a target=""_blank""  href=""/xmlpserver/EVVET3 PW NEW/Subject Area Contents/Public Website/Report (PDF)/AER.xdo?_xpf=&_xpt=1&_params%2FOracle%20BI%20EE%3A%3ADefaultApp%3A%3AEVVET3%20PR%20NEW%2FAER%3A%3Adimension%2FAER%20Id%3A%3Aattribute%3A%3Anoaggr%3A%3Axsd%3Adouble=412005&_xt=AER&_xf=pdf""> AER </a>",2014-09-15 00:00:00,Veterinarian,Germany,MALE,Dog,Terrier - Jack Russell,"AURIZON, AURIZON EAR DROPS, SUSPENSION, Aurizon (3 mg + 10 mg + 1 mg)/ml Krople do uszu, zawiesina, Aurizon Vet. 3+10+0,9 mg/ml øredråber, suspension, Aurizon ausu pilieni, suspensija suņiem, Aurizon, kapi za uho, suspenzija, za pse, Aurizon, ušní kapky, MIPREPOL, oily suspension for dogs and cats, Metacam 0.5 mg/ml - Oral suspension (cats, guinea pigs), Metacam 0.5 mg/ml - Oral suspension (dogs), Metacam 1 mg - Chewable tablet (dogs), Metacam 1.5 mg/ml - Oral suspension (dogs), Metacam 15 mg/ml - Oral suspension (horses), Metacam 15 mg/ml - Oral suspension (pigs), Metacam 2 mg/ml - Solution for injection (cats), Metacam 2.5 mg - Chewable tablet (dogs), Metacam 20 mg/ml - Solution for injection (cattle, pigs, horses), Metacam 40 mg/ml - Solution for injection (cattle, horses), Metacam 5 mg/ml - Solution for injection (cats, dogs), Metacam 5 mg/ml - Solution for injection (cattle, pigs), Metacam 5 mg/ml - Solution for injection (dogs), SUROLAN, SUROLAN (23MG+5MG+0,5293MG)/ML ΩΤΙΚΕΣ ΣΤΑΓΟΝΕΣ, ΕΝΑΙΩΡΗΜΑ, SUROLAN DROPS 23mg/ml, 5500IU/ml, 5mg/ml ωτικές σταγόνες σε εναιώρημα και δερματικό εναιώρημα για σκύλους και γάτες, SUROLAN sospensione oleosa per cani e gatti, SUROLAN ušné kvapky a dermálna suspenzia, SUROLAN, Kožní/ušní kapky, suspenze, SUROLAN, kapi za uho i suspenzija za kožu za pse i mačke, SUROLAN, picături auriculate si suspensie cutanată, SUROLAN, suspensija šunims ir katėms, SUROLAN, капки за уши и суспензия за кожа за кучета и котки, Surolan, Surolan  Oordruppels, suspensie, Surolan (23 mg + 0,5293 mg + 5 mg )/ml Krople do uszu, zawiesina, Surolan 5,0 mg/0,5293 mg/23,0 mg/ml, Ohrentropfen, Suspension zur Anwendung auf der Haut für Hunde und Katzen, Surolan Ear Drops and Cutaneous Suspension, Surolan Vet. 5 + 23 + 0,529 mg/ml øredråber, suspension og kutansuspension, Surolan külsőleges szuszpenzió A.U.V., Surolan suspensija ārīgai lietošanai suņiem un kaķiem, Surolan vet.  Örondroppar/kutan suspension, Surolan vet., örondroppar/kutan suspension, Surolan, nahasuspensioon koertele ja kassidele, Surolan, suspensie voor cutaan gebruik, bij honden en katten, Surolan, suspension pour application cutanée/suspension auriculaire en gouttes pour chiens et chats, АУРИЗОН ВЕТ, капки за уши, суспензия за кучета",Deafness,1,1,
DK-DEBIAHP-2013DK00027,"<a target=""_blank""  href=""/xmlpserver/EVVET3 PW NEW/Subject Area Contents/Public Website/Report (PDF)/AER.xdo?_xpf=&_xpt=1&_params%2FOracle%20BI%20EE%3A%3ADefaultApp%3A%3AEVVET3%20PR%20NEW%2FAER%3A%3Adimension%2FAER%20Id%3A%3Aattribute%3A%3Anoaggr%3A%3Axsd%3Adouble=384087&_xt=AER&_xf=pdf""> AER </a>",2014-01-07 00:00:00,Veterinarian,Denmark,MALE,Dog,Retriever - Labrador,"Metacam 1.5 mg/ml - Oral suspension (dogs), Suprelorin 4.7 mg  - Implant, Suprelorin 9.4 mg  - Implant","Alopecia, Erythematous rash",1,1,
DK-DEBIAHP-2014DK00010,"<a target=""_blank""  href=""/xmlpserver/EVVET3 PW NEW/Subject Area Contents/Public Website/Report (PDF)/AER.xdo?_xpf=&_xpt=1&_params%2FOracle%20BI%20EE%3A%3ADefaultApp%3A%3AEVVET3%20PR%20NEW%2FAER%3A%3Adimension%2FAER%20Id%3A%3Aattribute%3A%3Anoaggr%3A%3Axsd%3Adouble=403586&_xt=AER&_xf=pdf""> AER </a>",2014-07-08 00:00:00,Veterinarian,Denmark,MALE,Dog,Retriever - Labrador,"Metacam 2.5 mg - Chewable tablet (dogs), Plegicil Vet. 10 mg/ml injektionsvæske, opløsning, Plegicil vet. 10 mg/ml Injektionsvätska, lösning, Relaquine 35 mg/ml oral gel for horses, Torbugesic 10 mg/ml Solution for Injection, Torbugesic Vet 10 mg/ml solution injectable pour chevaux, chiens et chats, Torbugesic Vet. 10 mg/ml injektionsvæske, opløsning, Torbuphanol Vet 10 mg/ml solution for injection for injection for horses, dogs and cats","Bloody diarrhoea, Death",1,1,
DK-DEBIAHP-2014DK00013,"<a target=""_blank""  href=""/xmlpserver/EVVET3 PW NEW/Subject Area Contents/Public Website/Report (PDF)/AER.xdo?_xpf=&_xpt=1&_params%2FOracle%20BI%20EE%3A%3ADefaultApp%3A%3AEVVET3%20PR%20NEW%2FAER%3A%3Adimension%2FAER%20Id%3A%3Aattribute%3A%3Anoaggr%3A%3Axsd%3Adouble=404569&_xt=AER&_xf=pdf""> AER </a>",2014-07-17 00:00:00,Veterinarian,Denmark,UNKNOWN,Dog,Chihuahua,"Atropine 0,1% pro inj., 1 mg/ml oplossing voor injectie voor honden en katten., CLAMOXYL 50G/100G ΚΟΝΙΣ ΓΙΑ ΠΟΣΙΜΟ ΔΙΑΛΥΜΑ, CLAMOXYL COMPRIME INTRA-UTERIN POUR BOVINS, CLAMOXYL COMPRIMES A 400 MG, CLAMOXYL Palatable Tablets 200 mg, CLAMOXYL Palatable Tablets 40 mg, CLAMOXYL Palatable Tablets 400 mg, CLAMOXYL SUSPENSION, CLAMOXYL Soluble Powder 50/100g, κόνις για πόσιμο διάλυμα ,ορνίθια κρεοπαραγωγής., Clamoxyl 200 mg 200 mg Tablet, Clamoxyl 200 mg, comprimés appétents pour chiens et chats, Clamoxyl Vet. 150 mg/ml injektionsvæske, suspension, Clamoxyl Vet. 200 mg tabletter, Clamoxyl vet. 150 mg/ml injeksjonsvæske, suspensjon til hund, katt, storfe inkludert kalv og svin., Clamoxyl vet. 200 mg tabletter, Curamox Prolongatum Vet. injektionsvæske, suspension 150 mg/ml, IsoFlo 100% w/w Inhalation Vapour, Liquid, Metacam 1.5 mg/ml - Oral suspension (dogs), Metacam 5 mg/ml - Solution for injection (cats, dogs), Metacam 5 mg/ml - Solution for injection (cattle, pigs), Metacam 5 mg/ml - Solution for injection (dogs), OXYTOCIN 10 IU/ml injekčný roztok, OXYTOCIN 10 TV/ml, vandeninis injekcinis tirpalas, OXYTOCIN BIO 5 IU/ml injekčný roztok, OXYTOCIN BIO, 5IU/ml, Injekční roztok, OXYTOCIN VET 10 IU/ml injekčný roztok, OXYTOCIN VET 10 UI/ml, OXYTOCIN VET, injekcinis tirpalas, Oxytocin 10 I.E./ml - Injektionslösung für Rinder, Schafe, Ziegen, Pferde, Schweine, Hunde, Katzen, Oxytocin 10 I.E./ml šķīdums injekcijām zirgiem, liellopiem, aitām, kazām, cūkām, suņiem un kaķiem, Oxytocin 10 IE/ml, Oxytocin 10 IU/ml šķīdums injekcijām liellopiem, zirgiem, cūkām, aitām, kazām, suņiem, kaķiem, Oxytocin Albrecht, Oxytocin Bengen, Oxytocin Injektionslösung 10 IE/ml, Oxytocin Solution for Injection, Oxytocin Vet, Oxytocin injectie, 10 IE/ml oplossing voor injectie, Oxytocin „Vana“ 10 IE/ml – Injektionslösung für Tiere, Oxytocin, 10 i.j./mL, otopina za injekciju, za goveda, ovce, koze, svinje, konje, pse i mačke, Окситоцин 10 IU/ml разтвор за инжекции, Окситоцин инжекционен разтвор",Death,6,9,
DK-DEBIAHP-2014DK00023,"<a target=""_blank""  href=""/xmlpserver/EVVET3 PW NEW/Subject Area Contents/Public Website/Report (PDF)/AER.xdo?_xpf=&_xpt=1&_params%2FOracle%20BI%20EE%3A%3ADefaultApp%3A%3AEVVET3%20PR%20NEW%2FAER%3A%3Adimension%2FAER%20Id%3A%3Aattribute%3A%3Anoaggr%3A%3Axsd%3Adouble=417873&_xt=AER&_xf=pdf""> AER </a>",2014-10-30 00:00:00,Veterinarian,Denmark,FEMALE,Dog,Retriever - Golden,"Metacam 1.5 mg/ml - Oral suspension (dogs), Metacam 5 mg/ml - Solution for injection (cats, dogs), Metacam 5 mg/ml - Solution for injection (cattle, pigs), Metacam 5 mg/ml - Solution for injection (dogs)","Malaise, Metritis, Pale mucous membrane, Polydipsia, Uterine disorder NOS, Vaginal haemorrhage",1,1,
DK-UKPFIZAH-2014-DK-00028,"<a target=""_blank""  href=""/xmlpserver/EVVET3 PW NEW/Subject Area Contents/Public Website/Report (PDF)/AER.xdo?_xpf=&_xpt=1&_params%2FOracle%20BI%20EE%3A%3ADefaultApp%3A%3AEVVET3%20PR%20NEW%2FAER%3A%3Adimension%2FAER%20Id%3A%3Aattribute%3A%3Anoaggr%3A%3Axsd%3Adouble=415426&_xt=AER&_xf=pdf""> AER </a>",2014-10-10 00:00:00,Veterinarian,Denmark,FEMALE,Dog,Retriever - Labrador,"Atropine 0,1% pro inj., 1 mg/ml oplossing voor injectie voor honden en katten., Diazepam 10 mg, tabletten voor honden en katten, Diazepam 2 mg, tabletten voor honden en katten, Diazepam 5 mg, tabletten voor honden en katten, Diazepam 5 mg/ml, oplossing voor injectie voor honden en katten, Fuxien vet 1000 mg/g inhalaatiohöyry, neste, ISOFLURANE-Vet 1000 mg/g liquido per inalazione per cani e gatti, ISOFLURIN 1000mg/g ΥΓΡΟ ΓΙΑ ΕΙΣΠΝΕΟΜΕΝΟΥΣ ΑΤΜΟΥΣ, Isoflurane 100% Inhalation Vapour, Liquid, Isoflurane 1000 mg/g Inhalation Vapour, liquid., Metacam 0.5 mg/ml - Oral suspension (cats, guinea pigs), Metacam 0.5 mg/ml - Oral suspension (dogs), Metacam 1 mg - Chewable tablet (dogs), Metacam 1.5 mg/ml - Oral suspension (dogs), Metacam 15 mg/ml - Oral suspension (horses), Metacam 15 mg/ml - Oral suspension (pigs), Metacam 2 mg/ml - Solution for injection (cats), Metacam 2.5 mg - Chewable tablet (dogs), Metacam 20 mg/ml - Solution for injection (cattle, pigs, horses), Metacam 40 mg/ml - Solution for injection (cattle, horses), Metacam 5 mg/ml - Solution for injection (cats, dogs), Metacam 5 mg/ml - Solution for injection (cattle, pigs), Metacam 5 mg/ml - Solution for injection (dogs), Trocoxil 75 mg  - Chewable tablet, ZIAPAM 5 mg/ml, solution for injection for dogs and cats","Anaemia NOS, Anorexia, Bloody diarrhoea, Death by euthanasia, Elevated liver enzymes NOS, Hypoalbuminaemia, Icterus, Liver failure, Tachycardia, Vomiting, Weakness",1,1,1
ES-DEBIAHP-2014ES00014,"<a target=""_blank""  href=""/xmlpserver/EVVET3 PW NEW/Subject Area Contents/Public Website/Report (PDF)/AER.xdo?_xpf=&_xpt=1&_params%2FOracle%20BI%20EE%3A%3ADefaultApp%3A%3AEVVET3%20PR%20NEW%2FAER%3A%3Adimension%2FAER%20Id%3A%3Aattribute%3A%3Anoaggr%3A%3Axsd%3Adouble=397288&_xt=AER&_xf=pdf""> AER </a>",2014-05-13 00:00:00,Veterinarian,Spain,FEMALE,Dog,Shepherd Dog - German,Metacam 2.5 mg - Chewable tablet (dogs),"Death, Decreased appetite, Gastric perforation, Haematemesis",1,1,
ES-DEBIAHP-2014ES00025,"<a target=""_blank""  href=""/xmlpserver/EVVET3 PW NEW/Subject Area Contents/Public Website/Report (PDF)/AER.xdo?_xpf=&_xpt=1&_params%2FOracle%20BI%20EE%3A%3ADefaultApp%3A%3AEVVET3%20PR%20NEW%2FAER%3A%3Adimension%2FAER%20Id%3A%3Aattribute%3A%3Anoaggr%3A%3Axsd%3Adouble=410306&_xt=AER&_xf=pdf""> AER </a>",2014-09-02 00:00:00,Veterinarian,Spain,FEMALE,Dog,Rottweiler,"Metacam 5 mg/ml - Solution for injection (cats, dogs), Metacam 5 mg/ml - Solution for injection (cattle, pigs), Metacam 5 mg/ml - Solution for injection (dogs)","Appetite loss, Death, Haemorrhagic diarrhoea",1,1,1
ES-DEBIAHP-2014ES00036,"<a target=""_blank""  href=""/xmlpserver/EVVET3 PW NEW/Subject Area Contents/Public Website/Report (PDF)/AER.xdo?_xpf=&_xpt=1&_params%2FOracle%20BI%20EE%3A%3ADefaultApp%3A%3AEVVET3%20PR%20NEW%2FAER%3A%3Adimension%2FAER%20Id%3A%3Aattribute%3A%3Anoaggr%3A%3Axsd%3Adouble=423794&_xt=AER&_xf=pdf""> AER </a>",2014-12-11 00:00:00,Veterinarian,Spain,FEMALE,Dog,Pug,"Metacam 1.5 mg/ml - Oral suspension (dogs), Metacam 5 mg/ml - Solution for injection (cats, dogs), Metacam 5 mg/ml - Solution for injection (cattle, pigs), Metacam 5 mg/ml - Solution for injection (dogs)","Death, Haemorrhagic gastroenteritis, Peritonitis, Pyloric ulcer, Trembling, Vomiting",1,1,1
FI-DEBIAHP-2014FI00006,"<a target=""_blank""  href=""/xmlpserver/EVVET3 PW NEW/Subject Area Contents/Public Website/Report (PDF)/AER.xdo?_xpf=&_xpt=1&_params%2FOracle%20BI%20EE%3A%3ADefaultApp%3A%3AEVVET3%20PR%20NEW%2FAER%3A%3Adimension%2FAER%20Id%3A%3Aattribute%3A%3Anoaggr%3A%3Axsd%3Adouble=394285&_xt=AER&_xf=pdf""> AER </a>",2014-04-14 00:00:00,Veterinarian,Finland,MALE,Dog,Terrier - Yorkshire,"Clavoral 250/62.5 mg tablet for dogs and cats (strength 250 mg amoxicillin + 62.5 mg), Clavoral 50/12.5 mg tablet for dogs and cats (strength 50 mg amoxicillin + 12.5 mg, Clavoral 500/125 mg tablet for dogs  (strength 500 mg amoxicillin + 125 mg, Clavubactin 250/62.5 MG tabletes iekšķīgai lietošanai suņiem, Clavubactin 250/62.5 mg tablet, Clavubactin 50/12.5, Clavubactin 50/12.5 MG tabletes iekšķīgai lietošanai suņiem un kaķiem, Clavubactin 500/125 MG tabletes iekšķīgai lietošanai suņiem, Clavubactin 500/125 mg tablet, Metacam 1.5 mg/ml - Oral suspension (dogs)",Vomiting,1,1,
FI-DEBIAHP-2014FI00011,"<a target=""_blank""  href=""/xmlpserver/EVVET3 PW NEW/Subject Area Contents/Public Website/Report (PDF)/AER.xdo?_xpf=&_xpt=1&_params%2FOracle%20BI%20EE%3A%3ADefaultApp%3A%3AEVVET3%20PR%20NEW%2FAER%3A%3Adimension%2FAER%20Id%3A%3Aattribute%3A%3Anoaggr%3A%3Axsd%3Adouble=402579&_xt=AER&_xf=pdf""> AER </a>",2014-06-27 00:00:00,Veterinarian,Finland,MALE,Dog,Chihuahua,Metacam 1.5 mg/ml - Oral suspension (dogs),"Death, Diarrhoea, Onset of lactation",3,3,2
FI-NLINTVINT-2014-FI-00049,"<a target=""_blank""  href=""/xmlpserver/EVVET3 PW NEW/Subject Area Contents/Public Website/Report (PDF)/AER.xdo?_xpf=&_xpt=1&_params%2FOracle%20BI%20EE%3A%3ADefaultApp%3A%3AEVVET3%20PR%20NEW%2FAER%3A%3Adimension%2FAER%20Id%3A%3Aattribute%3A%3Anoaggr%3A%3Axsd%3Adouble=407250&_xt=AER&_xf=pdf""> AER </a>",2014-08-08 00:00:00,Veterinarian,Finland,MIXED,Dog,Beagle,"ANTISEDAN, ANTISEDAN 5 mg/ml SOLUCIÓN INYECTABLE PARA PERROS Y GATOS, ANTISEDAN 5 mg/ml raztopina za injiciranje za pse in mačke, ANTISEDAN 5MG/ML ΕΝΕΣΙΜΟ ΔΙΑΛΥΜΑ, ANTISEDAN SOLUTION INJECTABLE POUR CHIENS ET CHATS, ANTISEDAN, 5 mg/mL, otopina za injekciju, za pse i mačke, Antisedan 5 mg/ 1 ml, roztwór do wstrzykiwań dla psów i kotów, Antisedan 5 mg/ml  Injektionslösung für Hunde und Katzen, Antisedan 5 mg/ml - Injektionslösung für Hunde und Katzen, Antisedan 5 mg/ml Oplossing voor injectie, Antisedan 5 mg/ml Solution injectable, Antisedan 5 mg/ml injekčný roztok pre psy a mačky, Antisedan 5 mg/ml oldatos injekció kutya és macska részére.A.U.V., Antisedan 5 mg/ml solution for injection, Antisedan 5 mg/ml solução injetável para cães e gatos, Antisedan Vet 5 mg/ml injekcinis tirpalas, Antisedan Vet 5 mg/ml šķīdums injekcijām, Antisedan Vet, 5 mg/ml süstelahus, Antisedan Vet. 5 mg/ml injektionsvæske, opløsning, Antisedan vet 5 mg/ml injektioneste, liuos, Antisedan vet. 5 mg/ml Injektionsvätska, lösning, Antisedan vet. 5 mg/ml Stungulyf, lausn Handa hundum og köttum., Antisedan vet. 5 mg/ml injeksjonsvæske, oppløsning, til hund og katt, Antisedan vet., 5 mg/ml, Injektionsvätska, lösning, Antisedan, 5 mg/ml oplossing voor injectie voor honden en katten, Antisedan, 5mg/ml, Injekční roztok, Dolorex 10 mg/ml Solution for Injection for horse, dog and cat, Dorbene vet 1 mg/ml injektioneste, liuos koiralle ja kissalle, Metacam 5 mg/ml - Solution for injection (cats, dogs), Metacam 5 mg/ml - Solution for injection (cattle, pigs), Metacam 5 mg/ml - Solution for injection (dogs), АНТИСЕДАН ВЕТ 5 mg/ml инжекционен разтвор","Bradycardia, Cardiac disorder NOS",8,8,
FR-ANMV-13 CPVL 01346,"<a target=""_blank""  href=""/xmlpserver/EVVET3 PW NEW/Subject Area Contents/Public Website/Report (PDF)/AER.xdo?_xpf=&_xpt=1&_params%2FOracle%20BI%20EE%3A%3ADefaultApp%3A%3AEVVET3%20PR%20NEW%2FAER%3A%3Adimension%2FAER%20Id%3A%3Aattribute%3A%3Anoaggr%3A%3Axsd%3Adouble=393733&_xt=AER&_xf=pdf""> AER </a>",2014-04-10 00:00:00,Veterinarian,France,MALE,Dog,Brittany,"ANTISEDAN, ANTISEDAN 5 mg/ml SOLUCIÓN INYECTABLE PARA PERROS Y GATOS, ANTISEDAN 5 mg/ml raztopina za injiciranje za pse in mačke, ANTISEDAN 5MG/ML ΕΝΕΣΙΜΟ ΔΙΑΛΥΜΑ, ANTISEDAN SOLUTION INJECTABLE POUR CHIENS ET CHATS, ANTISEDAN, 5 mg/mL, otopina za injekciju, za pse i mačke, Antisedan 5 mg/ 1 ml, roztwór do wstrzykiwań dla psów i kotów, Antisedan 5 mg/ml  Injektionslösung für Hunde und Katzen, Antisedan 5 mg/ml - Injektionslösung für Hunde und Katzen, Antisedan 5 mg/ml Oplossing voor injectie, Antisedan 5 mg/ml Solution injectable, Antisedan 5 mg/ml injekčný roztok pre psy a mačky, Antisedan 5 mg/ml oldatos injekció kutya és macska részére.A.U.V., Antisedan 5 mg/ml solution for injection, Antisedan 5 mg/ml solução injetável para cães e gatos, Antisedan Vet 5 mg/ml injekcinis tirpalas, Antisedan Vet 5 mg/ml šķīdums injekcijām, Antisedan Vet, 5 mg/ml süstelahus, Antisedan Vet. 5 mg/ml injektionsvæske, opløsning, Antisedan vet 5 mg/ml injektioneste, liuos, Antisedan vet. 5 mg/ml Injektionsvätska, lösning, Antisedan vet. 5 mg/ml Stungulyf, lausn Handa hundum og köttum., Antisedan vet. 5 mg/ml injeksjonsvæske, oppløsning, til hund og katt, Antisedan vet., 5 mg/ml, Injektionsvätska, lösning, Antisedan, 5 mg/ml oplossing voor injectie voor honden en katten, Antisedan, 5mg/ml, Injekční roztok, DOMITOR 1 mg/ml raztopina za injiciranje za pse in mačke, DOMITOR 1 mg/ml ενέσιμο διάλυμα για σκύλους και γάτες, DOMITOR 1 mg/ml, soluție injectabilă pentru câini și pisici, DOMITOR, 1 mg/mL, otopina za injekciju za pse i mačke, DOMITOR, 1mg/ml, Injekční roztok, DOMITOR, SOLUTION INJECTABLE, Domitor, Domitor 1 mg/1 ml, roztwór do wstrzykiwań dla psów i kotów, Domitor 1 mg/ml - Injektionslösung für Hunde und Katzen, Domitor 1 mg/ml Oplossing voor injectie, Domitor 1 mg/ml Solution injectable, Domitor 1 mg/ml injekčný roztok, Domitor 1 mg/ml oldatos injekció kutyáknak és macskáknak A.U.V., Domitor 1 mg/ml solution for injection, Domitor 1 mg/ml soluzione iniettabile per cani e gatti, Domitor Vet 1 mg/ml injekcinis tirpalas, Domitor Vet 1 mg/ml šķīdums injekcijām, Domitor Vet, 1 mg/ml süstelahus, Domitor Vet. 1 mg/ml injektionsvæske, opløsning, Domitor vet 1 mg/ml injektioneste, liuos, Domitor vet. 1 mg/ml Injektionsvätska, lösning, Domitor vet. 1 mg/ml injeksjonsvæske, oppløsning til hund og katt, IMALGENE 1000, IMALGENE 1000 100MG/ML ΕΝΕΣΙΜΟ ΔΙΑΛΥΜΑ, Imalgene 1000 100 mg/ ml solução injetável para cães e gatos, Metacam 5 mg/ml - Solution for injection (cats, dogs), Metacam 5 mg/ml - Solution for injection (cattle, pigs), Metacam 5 mg/ml - Solution for injection (dogs), VETERGESIC MULTIDOSE, 0.3MG/ML, SOLUTION FOR INJECTION FOR DOGS AND CATS, АНТИСЕДАН ВЕТ 5 mg/ml инжекционен разтвор, Домитор Вет 1 mg/ml инжекционен разтвор за кучета и котки","Amaurosis (see also PT Impaired vision), Ataxia, Coma, Convulsion, Nystagmus, Paddling, Sternoabdominal recumbency, Vocalisation",1,1,
FR-ANMV-13 CPVL 01974,"<a target=""_blank""  href=""/xmlpserver/EVVET3 PW NEW/Subject Area Contents/Public Website/Report (PDF)/AER.xdo?_xpf=&_xpt=1&_params%2FOracle%20BI%20EE%3A%3ADefaultApp%3A%3AEVVET3%20PR%20NEW%2FAER%3A%3Adimension%2FAER%20Id%3A%3Aattribute%3A%3Anoaggr%3A%3Axsd%3Adouble=385346&_xt=AER&_xf=pdf""> AER </a>",2014-01-17 00:00:00,Veterinarian,France,MALE,Dog,Collie - Border,"CLAMOXYL SUSPENSION, KESIUM 200 MG / 50 MG COMPRIMES A CROQUER POUR CHIENS, Metacam 5 mg/ml - Solution for injection (cats, dogs), Metacam 5 mg/ml - Solution for injection (cattle, pigs), Metacam 5 mg/ml - Solution for injection (dogs), Previcox 227 mg - Chewable tablet","Dermatitis, Eruption, Pemphigus, Pyoderma",1,1,
FR-ANMV-13 CPVL 02322,"<a target=""_blank""  href=""/xmlpserver/EVVET3 PW NEW/Subject Area Contents/Public Website/Report (PDF)/AER.xdo?_xpf=&_xpt=1&_params%2FOracle%20BI%20EE%3A%3ADefaultApp%3A%3AEVVET3%20PR%20NEW%2FAER%3A%3Adimension%2FAER%20Id%3A%3Aattribute%3A%3Anoaggr%3A%3Axsd%3Adouble=386113&_xt=AER&_xf=pdf""> AER </a>",2014-01-28 00:00:00,Veterinarian,France,MALE,Dog,Spaniel - Cocker English,"Advocate 250 mg + 62.5 mg - Spot-on solution, CLAVASEPTIN P 250 MG TABLETS FOR DOGS, Metacam 1 mg - Chewable tablet (dogs)","Eyelid oedema, Lip oedema (see also Skin), Papular rash",1,1,
FR-ANMV-14 ANMV 00111,"<a target=""_blank""  href=""/xmlpserver/EVVET3 PW NEW/Subject Area Contents/Public Website/Report (PDF)/AER.xdo?_xpf=&_xpt=1&_params%2FOracle%20BI%20EE%3A%3ADefaultApp%3A%3AEVVET3%20PR%20NEW%2FAER%3A%3Adimension%2FAER%20Id%3A%3Aattribute%3A%3Anoaggr%3A%3Axsd%3Adouble=386115&_xt=AER&_xf=pdf""> AER </a>",2014-01-28 00:00:00,Veterinarian,France,MALE,Dog,Retriever - Labrador,"Metacam 5 mg/ml - Solution for injection (cats, dogs), Metacam 5 mg/ml - Solution for injection (cattle, pigs), Metacam 5 mg/ml - Solution for injection (dogs), Seresto 4.50 g + 2.03 g, collar for dogs > 8 kg, VETERGESIC MULTIDOSE, 0.3MG/ML, SOLUTION FOR INJECTION FOR DOGS AND CATS","Abdominal discomfort, Ptyalism, Spasticity",1,1,
FR-ANMV-14 ANMV 00406,"<a target=""_blank""  href=""/xmlpserver/EVVET3 PW NEW/Subject Area Contents/Public Website/Report (PDF)/AER.xdo?_xpf=&_xpt=1&_params%2FOracle%20BI%20EE%3A%3ADefaultApp%3A%3AEVVET3%20PR%20NEW%2FAER%3A%3Adimension%2FAER%20Id%3A%3Aattribute%3A%3Anoaggr%3A%3Axsd%3Adouble=391670&_xt=AER&_xf=pdf""> AER </a>",2014-03-24 00:00:00,Veterinarian,France,FEMALE,Dog,Crossbred Canine/dog,"Cimalgex 30 mg - Chewable tablet, Metacam 5 mg/ml - Solution for injection (cats, dogs), Metacam 5 mg/ml - Solution for injection (cattle, pigs), Metacam 5 mg/ml - Solution for injection (dogs)","Ascites, Duodenal ulcer, Elevated creatinine, Emesis",1,1,
FR-ANMV-14 ANMV 00429,"<a target=""_blank""  href=""/xmlpserver/EVVET3 PW NEW/Subject Area Contents/Public Website/Report (PDF)/AER.xdo?_xpf=&_xpt=1&_params%2FOracle%20BI%20EE%3A%3ADefaultApp%3A%3AEVVET3%20PR%20NEW%2FAER%3A%3Adimension%2FAER%20Id%3A%3Aattribute%3A%3Anoaggr%3A%3Axsd%3Adouble=392372&_xt=AER&_xf=pdf""> AER </a>",2014-03-28 00:00:00,Veterinarian,France,MALE,Dog,Sheepdog - Beauce (Beauceron),"Metacam 1.5 mg/ml - Oral suspension (dogs), Previcox 227 mg - Chewable tablet, TEVEMYXINE 3 400 UI/ML + 10 000 UI/ML POUDRE ET SOLVANT POUR COLLYRE EN SOLUTION POUR CHIENS ET CHATS, Tevemyxine Collyre","Constipation, Emesis, Fatigue",1,1,
FR-ANMV-14 ANMV 00775,"<a target=""_blank""  href=""/xmlpserver/EVVET3 PW NEW/Subject Area Contents/Public Website/Report (PDF)/AER.xdo?_xpf=&_xpt=1&_params%2FOracle%20BI%20EE%3A%3ADefaultApp%3A%3AEVVET3%20PR%20NEW%2FAER%3A%3Adimension%2FAER%20Id%3A%3Aattribute%3A%3Anoaggr%3A%3Axsd%3Adouble=401411&_xt=AER&_xf=pdf""> AER </a>",2014-06-19 00:00:00,Veterinarian,France,FEMALE,Dog,Mountain Dog - Bernese,Metacam 1.5 mg/ml - Oral suspension (dogs),"Agitation, Behavioural disorder NOS, Diarrhoea",1,1,
FR-ANMV-14 ANMV 01030,"<a target=""_blank""  href=""/xmlpserver/EVVET3 PW NEW/Subject Area Contents/Public Website/Report (PDF)/AER.xdo?_xpf=&_xpt=1&_params%2FOracle%20BI%20EE%3A%3ADefaultApp%3A%3AEVVET3%20PR%20NEW%2FAER%3A%3Adimension%2FAER%20Id%3A%3Aattribute%3A%3Anoaggr%3A%3Axsd%3Adouble=407495&_xt=AER&_xf=pdf""> AER </a>",2014-08-11 00:00:00,Veterinarian,France,MALE,Dog,Terrier - Yorkshire,Metacam 1 mg - Chewable tablet (dogs),Diarrhoea,1,1,
FR-ANMV-14 ANMV 01097,"<a target=""_blank""  href=""/xmlpserver/EVVET3 PW NEW/Subject Area Contents/Public Website/Report (PDF)/AER.xdo?_xpf=&_xpt=1&_params%2FOracle%20BI%20EE%3A%3ADefaultApp%3A%3AEVVET3%20PR%20NEW%2FAER%3A%3Adimension%2FAER%20Id%3A%3Aattribute%3A%3Anoaggr%3A%3Axsd%3Adouble=409768&_xt=AER&_xf=pdf""> AER </a>",2014-09-01 00:00:00,Veterinarian,France,FEMALE,Dog,Unknown,"Metacam 5 mg/ml - Solution for injection (cats, dogs), Metacam 5 mg/ml - Solution for injection (cattle, pigs), Metacam 5 mg/ml - Solution for injection (dogs)","Injection site alopecia, Injection site crust, Injection site mucopurulent discharge, Injection site pruritus, Injection site skin squamosis",1,1,
FR-ANMV-14 ANMV 01125,"<a target=""_blank""  href=""/xmlpserver/EVVET3 PW NEW/Subject Area Contents/Public Website/Report (PDF)/AER.xdo?_xpf=&_xpt=1&_params%2FOracle%20BI%20EE%3A%3ADefaultApp%3A%3AEVVET3%20PR%20NEW%2FAER%3A%3Adimension%2FAER%20Id%3A%3Aattribute%3A%3Anoaggr%3A%3Axsd%3Adouble=411286&_xt=AER&_xf=pdf""> AER </a>",2014-09-08 00:00:00,Veterinarian,France,FEMALE,Dog,Terrier - Jack Russell,Metacam 1 mg - Chewable tablet (dogs),"Allergic reaction, Erythema (for urticaria see Immune SOC), Pruritus",1,1,
FR-ANMV-14 CPVL 00019,"<a target=""_blank""  href=""/xmlpserver/EVVET3 PW NEW/Subject Area Contents/Public Website/Report (PDF)/AER.xdo?_xpf=&_xpt=1&_params%2FOracle%20BI%20EE%3A%3ADefaultApp%3A%3AEVVET3%20PR%20NEW%2FAER%3A%3Adimension%2FAER%20Id%3A%3Aattribute%3A%3Anoaggr%3A%3Axsd%3Adouble=392800&_xt=AER&_xf=pdf""> AER </a>",2014-04-01 00:00:00,Veterinarian,France,FEMALE,Dog,Retriever - Labrador,"Butador 10 mg/ml solution for injection for horses, dogs and cats, Butomidor 10 mg/ml Injektionslösung für Pferde, Hunde und Katzen, Cepetor 1 mg/ml Solution for Injection for Dog and Cat, KETAMINE 1000 VIRBAC FRANCE SOLUTION INJECTABLE, Metacam 5 mg/ml - Solution for injection (cats, dogs), Metacam 5 mg/ml - Solution for injection (cattle, pigs), Metacam 5 mg/ml - Solution for injection (dogs), Revertor 5 mg/ml Solution for Injection for Dogs and Cats","Diarrhoea, Hypersalivation, Prostration, Tense abdomen",1,1,
FR-ANMV-14 CPVL 00270,"<a target=""_blank""  href=""/xmlpserver/EVVET3 PW NEW/Subject Area Contents/Public Website/Report (PDF)/AER.xdo?_xpf=&_xpt=1&_params%2FOracle%20BI%20EE%3A%3ADefaultApp%3A%3AEVVET3%20PR%20NEW%2FAER%3A%3Adimension%2FAER%20Id%3A%3Aattribute%3A%3Anoaggr%3A%3Axsd%3Adouble=400593&_xt=AER&_xf=pdf""> AER </a>",2014-06-12 00:00:00,Animal owner,France,MALE,Dog,Chihuahua,Metacam 1.5 mg/ml - Oral suspension (dogs),Vomiting,1,1,
FR-ANMV-14 CPVL 00383,"<a target=""_blank""  href=""/xmlpserver/EVVET3 PW NEW/Subject Area Contents/Public Website/Report (PDF)/AER.xdo?_xpf=&_xpt=1&_params%2FOracle%20BI%20EE%3A%3ADefaultApp%3A%3AEVVET3%20PR%20NEW%2FAER%3A%3Adimension%2FAER%20Id%3A%3Aattribute%3A%3Anoaggr%3A%3Axsd%3Adouble=396588&_xt=AER&_xf=pdf""> AER </a>",2014-05-06 00:00:00,Veterinarian,France,MALE,Dog,Terrier - Jack Russell,"CaniLeish (--) - Lyophilisate and solvent for suspension for injection, Metacam 5 mg/ml - Solution for injection (cats, dogs), Metacam 5 mg/ml - Solution for injection (cattle, pigs), Metacam 5 mg/ml - Solution for injection (dogs)","Fatigue, Hyperactivity, Pallor, Polypnoea, Recumbency, Reddening of the skin, Vomiting",1,1,
FR-ANMV-14 CPVL 00617,"<a target=""_blank""  href=""/xmlpserver/EVVET3 PW NEW/Subject Area Contents/Public Website/Report (PDF)/AER.xdo?_xpf=&_xpt=1&_params%2FOracle%20BI%20EE%3A%3ADefaultApp%3A%3AEVVET3%20PR%20NEW%2FAER%3A%3Adimension%2FAER%20Id%3A%3Aattribute%3A%3Anoaggr%3A%3Axsd%3Adouble=397978&_xt=AER&_xf=pdf""> AER </a>",2014-05-19 00:00:00,Veterinarian,France,FEMALE,Dog,Pug,"Metacam 5 mg/ml - Solution for injection (cats, dogs), Metacam 5 mg/ml - Solution for injection (cattle, pigs), Metacam 5 mg/ml - Solution for injection (dogs)",Found dead,1,1,1
FR-ANMV-14 CPVL 00735,"<a target=""_blank""  href=""/xmlpserver/EVVET3 PW NEW/Subject Area Contents/Public Website/Report (PDF)/AER.xdo?_xpf=&_xpt=1&_params%2FOracle%20BI%20EE%3A%3ADefaultApp%3A%3AEVVET3%20PR%20NEW%2FAER%3A%3Adimension%2FAER%20Id%3A%3Aattribute%3A%3Anoaggr%3A%3Axsd%3Adouble=404893&_xt=AER&_xf=pdf""> AER </a>",2014-07-21 00:00:00,Veterinarian,France,FEMALE,Dog,Retriever - Labrador,"Metacam 15 mg/ml - Oral suspension (horses), Metacam 15 mg/ml - Oral suspension (pigs)","Diarrhoea, Haemorrhagic diarrhoea, Hypoproteinaemia, Melaena, Vomiting",1,1,
FR-ANMV-14 CPVL 00951,"<a target=""_blank""  href=""/xmlpserver/EVVET3 PW NEW/Subject Area Contents/Public Website/Report (PDF)/AER.xdo?_xpf=&_xpt=1&_params%2FOracle%20BI%20EE%3A%3ADefaultApp%3A%3AEVVET3%20PR%20NEW%2FAER%3A%3Adimension%2FAER%20Id%3A%3Aattribute%3A%3Anoaggr%3A%3Axsd%3Adouble=404735&_xt=AER&_xf=pdf""> AER </a>",2014-07-18 00:00:00,Veterinarian,France,FEMALE,Dog,"Deutsche Dogge, Great Dane","Metacam 15 mg/ml - Oral suspension (horses), Metacam 15 mg/ml - Oral suspension (pigs)","Anorexia, Decreased packed cell volume (PCV), Elevated blood urea nitrogen (BUN), Hypoproteinaemia, Tarry or black stool (see also haemorrhagic diarrhoea)",1,1,
FR-ANMV-14 CPVL 01109,"<a target=""_blank""  href=""/xmlpserver/EVVET3 PW NEW/Subject Area Contents/Public Website/Report (PDF)/AER.xdo?_xpf=&_xpt=1&_params%2FOracle%20BI%20EE%3A%3ADefaultApp%3A%3AEVVET3%20PR%20NEW%2FAER%3A%3Adimension%2FAER%20Id%3A%3Aattribute%3A%3Anoaggr%3A%3Axsd%3Adouble=419309&_xt=AER&_xf=pdf""> AER </a>",2014-11-07 00:00:00,Veterinarian,France,FEMALE,Dog,"Deutsche Dogge, Great Dane","Metacam 5 mg/ml - Solution for injection (cats, dogs), Metacam 5 mg/ml - Solution for injection (cattle, pigs), Metacam 5 mg/ml - Solution for injection (dogs), OXYTETRACYCLINE 5 % VETOQUINOL","Cutaneous oedema, Erythema (for urticaria see Immune SOC)",1,1,
FR-ANMV-14 CPVL 01303,"<a target=""_blank""  href=""/xmlpserver/EVVET3 PW NEW/Subject Area Contents/Public Website/Report (PDF)/AER.xdo?_xpf=&_xpt=1&_params%2FOracle%20BI%20EE%3A%3ADefaultApp%3A%3AEVVET3%20PR%20NEW%2FAER%3A%3Adimension%2FAER%20Id%3A%3Aattribute%3A%3Anoaggr%3A%3Axsd%3Adouble=412525&_xt=AER&_xf=pdf""> AER </a>",2014-09-18 00:00:00,Veterinarian,France,MALE,Dog,Bulldog - French,"Metacam 5 mg/ml - Solution for injection (cats, dogs), Metacam 5 mg/ml - Solution for injection (cattle, pigs), Metacam 5 mg/ml - Solution for injection (dogs), OXYTETRACYCLINE 10 % VETOQUINOL SOLUTION INJECTABLE","Erythema (for urticaria see Immune SOC), Facial oedema, Licking, Pododermatitis, Skin inflammation NOS",1,1,
FR-ANMV-14 CPVL 01477,"<a target=""_blank""  href=""/xmlpserver/EVVET3 PW NEW/Subject Area Contents/Public Website/Report (PDF)/AER.xdo?_xpf=&_xpt=1&_params%2FOracle%20BI%20EE%3A%3ADefaultApp%3A%3AEVVET3%20PR%20NEW%2FAER%3A%3Adimension%2FAER%20Id%3A%3Aattribute%3A%3Anoaggr%3A%3Axsd%3Adouble=415410&_xt=AER&_xf=pdf""> AER </a>",2014-10-10 00:00:00,Veterinarian,France,MALE,Dog,Rottweiler,"ARA 3000 BETA, Carprochem 100 mg Tablets for dogs, Metacam 5 mg/ml - Solution for injection (cats, dogs), Metacam 5 mg/ml - Solution for injection (cattle, pigs), Metacam 5 mg/ml - Solution for injection (dogs)","Agitation, Death, Equilibrium disorder, Prostration, Tachypnoea",1,1,1
FR-ANMV-14 CPVL 01527,"<a target=""_blank""  href=""/xmlpserver/EVVET3 PW NEW/Subject Area Contents/Public Website/Report (PDF)/AER.xdo?_xpf=&_xpt=1&_params%2FOracle%20BI%20EE%3A%3ADefaultApp%3A%3AEVVET3%20PR%20NEW%2FAER%3A%3Adimension%2FAER%20Id%3A%3Aattribute%3A%3Anoaggr%3A%3Axsd%3Adouble=421691&_xt=AER&_xf=pdf""> AER </a>",2014-11-25 00:00:00,Veterinarian,France,FEMALE,Dog,Bulldog - French,"KESIUM 200 MG / 50 MG COMPRIMES A CROQUER POUR CHIENS, Meloxidyl 5 mg/ml  - Solution for injection, Metacam 1 mg - Chewable tablet (dogs), SURAMOX / STABOX 50 % O.S.P. POULTRY, SURAMOX 1000 MG/G POWDER FOR USE IN DRINKING WATER FOR CHICKENS, DUCKS, TURKEYS, SURAMOX 1000mg/G ΚΟΝΙΣ ΓΙΑ ΧΟΡΗΓΗΣΗ ΜΕ ΠΟΣΙΜΟ ΝΕΡΟ, SURAMOX 50 % POS, SURAMOX 50 % POWDER FOR ORAL SOLUTION FOR PIGS, SURAMOX 50 PREMELANGE MEDICAMENTEUX, SURAMOX 50 mg/g πρόμιγμα για φαρμακούχο τροφή για χοιρίδια, SURAMOX 50%, SURAMOX 50%(OSP PIG) ΚΟΝΙΣ ΓΙΑ ΠΟΣΙΜΟ ΔΙΑΛΥΜΑ, SURAMOX 50%(OSP POULTRY) ΚΟΝΙΣ ΓΙΑ ΠΟΣΙΜΟ ΔΙΑΛΥΜΑ, SURAMOX 500 mg/g premix na medikáciu krmiva, SURAMOX, 500 mg/g, milteliai geriamajam tirpalui kiaulėms, SURAMOX, 500 mg/g, milteliai geriamajam tirpalui vištoms, SURAMOX, 500mg/g, Premix pro medikaci krmiva, Suramox 5 % Premix 50 mg/g Premix voor gemedicineerd voer, Suramox 50 g / 100 g Proszek do podania w wodzie do picia, Suramox 500 mg/g gyógypremix sertésnek A.U.V., Suramox 500 mg/g por ivóvízbe keveréshez sertések részére A.U.V., Suramox 500 mg/g pulveris iekšķīgi lietojama šķīduma pagatavošanai vistām, Suramox 500 mg/g pulveris šķīduma iekšķīgai lietošanai pagatavošanai cūkām, Suramox, 500 mg/g suukaudse lahuse pulber kanadele, Suramox, 500 mg/g suukaudse lahuse pulber sigadele, Suramox, 500mg/g, Prášek pro perorální roztok, СУРАМОКС  50% ОСП","Alopecia, Erythema (for urticaria see Immune SOC), Facial rash (For urticaria see Immune SOC)",1,1,
FR-DEBIAHP-2013FR00214,"<a target=""_blank""  href=""/xmlpserver/EVVET3 PW NEW/Subject Area Contents/Public Website/Report (PDF)/AER.xdo?_xpf=&_xpt=1&_params%2FOracle%20BI%20EE%3A%3ADefaultApp%3A%3AEVVET3%20PR%20NEW%2FAER%3A%3Adimension%2FAER%20Id%3A%3Aattribute%3A%3Anoaggr%3A%3Axsd%3Adouble=389835&_xt=AER&_xf=pdf""> AER </a>",2014-03-06 00:00:00,Veterinarian,France,FEMALE,Dog,Boxer (German Boxer),"Metacam 2.5 mg - Chewable tablet (dogs), Pexion 400 mg  - Tablet","Anorexia, Anxiety, Behavioural disorder NOS, Death by euthanasia, Pancreatitis NOS, Prostration, Vomiting",1,1,1
FR-DEBIAHP-2014FR00016,"<a target=""_blank""  href=""/xmlpserver/EVVET3 PW NEW/Subject Area Contents/Public Website/Report (PDF)/AER.xdo?_xpf=&_xpt=1&_params%2FOracle%20BI%20EE%3A%3ADefaultApp%3A%3AEVVET3%20PR%20NEW%2FAER%3A%3Adimension%2FAER%20Id%3A%3Aattribute%3A%3Anoaggr%3A%3Axsd%3Adouble=385933&_xt=AER&_xf=pdf""> AER </a>",2014-01-27 00:00:00,Veterinarian,France,MALE,Dog,Shar Pei,Metacam 1.5 mg/ml - Oral suspension (dogs),"Myositis, Polyarthritis, Polydipsia, Polyuria",1,1,
FR-DEBIAHP-2014FR00035,"<a target=""_blank""  href=""/xmlpserver/EVVET3 PW NEW/Subject Area Contents/Public Website/Report (PDF)/AER.xdo?_xpf=&_xpt=1&_params%2FOracle%20BI%20EE%3A%3ADefaultApp%3A%3AEVVET3%20PR%20NEW%2FAER%3A%3Adimension%2FAER%20Id%3A%3Aattribute%3A%3Anoaggr%3A%3Axsd%3Adouble=387447&_xt=AER&_xf=pdf""> AER </a>",2014-02-11 00:00:00,Veterinarian,France,FEMALE,Dog,Dog (other),Metacam 2.5 mg - Chewable tablet (dogs),Vomiting,2,2,
FR-DEBIAHP-2014FR00074,"<a target=""_blank""  href=""/xmlpserver/EVVET3 PW NEW/Subject Area Contents/Public Website/Report (PDF)/AER.xdo?_xpf=&_xpt=1&_params%2FOracle%20BI%20EE%3A%3ADefaultApp%3A%3AEVVET3%20PR%20NEW%2FAER%3A%3Adimension%2FAER%20Id%3A%3Aattribute%3A%3Anoaggr%3A%3Axsd%3Adouble=392373&_xt=AER&_xf=pdf""> AER </a>",2014-03-28 00:00:00,Unknown,France,MALE,Dog,Dog (other),Metacam 2.5 mg - Chewable tablet (dogs),Unexplained death,1,1,1
FR-DEBIAHP-2014FR00080,"<a target=""_blank""  href=""/xmlpserver/EVVET3 PW NEW/Subject Area Contents/Public Website/Report (PDF)/AER.xdo?_xpf=&_xpt=1&_params%2FOracle%20BI%20EE%3A%3ADefaultApp%3A%3AEVVET3%20PR%20NEW%2FAER%3A%3Adimension%2FAER%20Id%3A%3Aattribute%3A%3Anoaggr%3A%3Axsd%3Adouble=394712&_xt=AER&_xf=pdf""> AER </a>",2014-04-18 00:00:00,Veterinarian,France,MALE,Dog,Retriever - Labrador,Metacam 1.5 mg/ml - Oral suspension (dogs),Drowsiness - neurological disorder,1,1,
FR-DEBIAHP-2014FR00081,"<a target=""_blank""  href=""/xmlpserver/EVVET3 PW NEW/Subject Area Contents/Public Website/Report (PDF)/AER.xdo?_xpf=&_xpt=1&_params%2FOracle%20BI%20EE%3A%3ADefaultApp%3A%3AEVVET3%20PR%20NEW%2FAER%3A%3Adimension%2FAER%20Id%3A%3Aattribute%3A%3Anoaggr%3A%3Axsd%3Adouble=394922&_xt=AER&_xf=pdf""> AER </a>",2014-04-18 00:00:00,Veterinarian,France,FEMALE,Dog,Terrier - Yorkshire,Metacam 1.5 mg/ml - Oral suspension (dogs),Apathy,1,1,
FR-DEBIAHP-2014FR00082,"<a target=""_blank""  href=""/xmlpserver/EVVET3 PW NEW/Subject Area Contents/Public Website/Report (PDF)/AER.xdo?_xpf=&_xpt=1&_params%2FOracle%20BI%20EE%3A%3ADefaultApp%3A%3AEVVET3%20PR%20NEW%2FAER%3A%3Adimension%2FAER%20Id%3A%3Aattribute%3A%3Anoaggr%3A%3Axsd%3Adouble=394807&_xt=AER&_xf=pdf""> AER </a>",2014-04-18 00:00:00,Veterinarian,France,FEMALE,Dog,Dog (other),Metacam 1.5 mg/ml - Oral suspension (dogs),Drowsiness - neurological disorder,1,1,
FR-DEBIAHP-2014FR00101,"<a target=""_blank""  href=""/xmlpserver/EVVET3 PW NEW/Subject Area Contents/Public Website/Report (PDF)/AER.xdo?_xpf=&_xpt=1&_params%2FOracle%20BI%20EE%3A%3ADefaultApp%3A%3AEVVET3%20PR%20NEW%2FAER%3A%3Adimension%2FAER%20Id%3A%3Aattribute%3A%3Anoaggr%3A%3Axsd%3Adouble=397407&_xt=AER&_xf=pdf""> AER </a>",2014-05-13 00:00:00,Veterinarian,France,MALE,Dog,Leonberger,"AURIZON, AURIZON EAR DROPS, SUSPENSION, Aurizon (3 mg + 10 mg + 1 mg)/ml Krople do uszu, zawiesina, Aurizon Vet. 3+10+0,9 mg/ml øredråber, suspension, Aurizon ausu pilieni, suspensija suņiem, Aurizon, kapi za uho, suspenzija, za pse, Aurizon, ušní kapky, Fradexam Collyre, Metacam 1.5 mg/ml - Oral suspension (dogs), АУРИЗОН ВЕТ, капки за уши, суспензия за кучета",Sudden death,1,1,1
FR-DEBIAHP-2014FR00136,"<a target=""_blank""  href=""/xmlpserver/EVVET3 PW NEW/Subject Area Contents/Public Website/Report (PDF)/AER.xdo?_xpf=&_xpt=1&_params%2FOracle%20BI%20EE%3A%3ADefaultApp%3A%3AEVVET3%20PR%20NEW%2FAER%3A%3Adimension%2FAER%20Id%3A%3Aattribute%3A%3Anoaggr%3A%3Axsd%3Adouble=402239&_xt=AER&_xf=pdf""> AER </a>",2014-06-26 00:00:00,Veterinarian,France,MALE,Dog,Dachshund (unspecified),"DEXAFORT, DEXAFORT (1,32+2,67)MG/ML ΕΝΕΣΙΜΟ ΕΝΑΙΩΡΗΜΑ, DEXAFORT SUSPENSION INJECTABLE, Dexafort  Suspensie voor injectie, Dexafort (1,32 mg + 2,67 mg) /ml Zawiesina do wstrzykiwań, Dexafort 2.67 mg/ml + 1.32 mg/ml инжекционна суспензия за говеда, коне, кучета и котки, Dexafort 3 mg/ml injekčná suspenzia pre hovädzí dobytok, kone, psy a mačky, Dexafort Suspension for Injection, Dexafort suspension injectable, Dexafort suspensão injetável para bovinos, equinos e cães, Dexafort suspenzija za injiciranje za govedo, konje, pse in mačke, Dexafort szuszpenziós injekció A.U.V., Dexafort, 3 mg/ml süstesuspensioon veistele, hobustele, koertele ja kassidele, Dexafort, 3mg/ml, Injekční suspenze, Metacam 5 mg/ml - Solution for injection (cats, dogs), Metacam 5 mg/ml - Solution for injection (cattle, pigs), Metacam 5 mg/ml - Solution for injection (dogs)","Pulmonary oedema, Sudden death",1,1,1
FR-DEBIAHP-2014FR00155,"<a target=""_blank""  href=""/xmlpserver/EVVET3 PW NEW/Subject Area Contents/Public Website/Report (PDF)/AER.xdo?_xpf=&_xpt=1&_params%2FOracle%20BI%20EE%3A%3ADefaultApp%3A%3AEVVET3%20PR%20NEW%2FAER%3A%3Adimension%2FAER%20Id%3A%3Aattribute%3A%3Anoaggr%3A%3Axsd%3Adouble=406299&_xt=AER&_xf=pdf""> AER </a>",2014-08-01 00:00:00,Animal owner,France,UNKNOWN,Dog,Terrier - Scottish,"Metacam 1.5 mg/ml - Oral suspension (dogs), Metacam 5 mg/ml - Solution for injection (cats, dogs), Metacam 5 mg/ml - Solution for injection (cattle, pigs), Metacam 5 mg/ml - Solution for injection (dogs)","Diarrhoea, Haemorrhagic diarrhoea, Vomiting",1,1,
FR-DEBIAHP-2014FR00162,"<a target=""_blank""  href=""/xmlpserver/EVVET3 PW NEW/Subject Area Contents/Public Website/Report (PDF)/AER.xdo?_xpf=&_xpt=1&_params%2FOracle%20BI%20EE%3A%3ADefaultApp%3A%3AEVVET3%20PR%20NEW%2FAER%3A%3Adimension%2FAER%20Id%3A%3Aattribute%3A%3Anoaggr%3A%3Axsd%3Adouble=408012&_xt=AER&_xf=pdf""> AER </a>",2014-08-14 00:00:00,Other health care professional,France,FEMALE,Dog,Rottweiler,Metacam 1.5 mg/ml - Oral suspension (dogs),"Anorexia, Diarrhoea, Haematemesis, Haemorrhagic gastroenteritis, Melaena",1,1,
FR-DEBIAHP-2014FR00196,"<a target=""_blank""  href=""/xmlpserver/EVVET3 PW NEW/Subject Area Contents/Public Website/Report (PDF)/AER.xdo?_xpf=&_xpt=1&_params%2FOracle%20BI%20EE%3A%3ADefaultApp%3A%3AEVVET3%20PR%20NEW%2FAER%3A%3Adimension%2FAER%20Id%3A%3Aattribute%3A%3Anoaggr%3A%3Axsd%3Adouble=414286&_xt=AER&_xf=pdf""> AER </a>",2014-10-03 00:00:00,Veterinarian,France,FEMALE,Dog,Retriever - Labrador,"ALIZINE, Metacam 1.5 mg/ml - Oral suspension (dogs)",Appetite loss,1,1,
FR-DEBIAHP-2014FR00232,"<a target=""_blank""  href=""/xmlpserver/EVVET3 PW NEW/Subject Area Contents/Public Website/Report (PDF)/AER.xdo?_xpf=&_xpt=1&_params%2FOracle%20BI%20EE%3A%3ADefaultApp%3A%3AEVVET3%20PR%20NEW%2FAER%3A%3Adimension%2FAER%20Id%3A%3Aattribute%3A%3Anoaggr%3A%3Axsd%3Adouble=419072&_xt=AER&_xf=pdf""> AER </a>",2014-11-06 00:00:00,Veterinarian,France,UNKNOWN,Dog,Mountain Dog - Bernese,Metacam 2.5 mg - Chewable tablet (dogs),"Anorexia, Elevated blood urea nitrogen (BUN)",1,1,
FR-DEBIAHP-2014FR00240,"<a target=""_blank""  href=""/xmlpserver/EVVET3 PW NEW/Subject Area Contents/Public Website/Report (PDF)/AER.xdo?_xpf=&_xpt=1&_params%2FOracle%20BI%20EE%3A%3ADefaultApp%3A%3AEVVET3%20PR%20NEW%2FAER%3A%3Adimension%2FAER%20Id%3A%3Aattribute%3A%3Anoaggr%3A%3Axsd%3Adouble=420818&_xt=AER&_xf=pdf""> AER </a>",2014-11-18 00:00:00,Veterinarian,France,FEMALE,Dog,Shih Tzu,Metacam 1 mg - Chewable tablet (dogs),Diarrhoea,1,1,
FR-DEBIAHP-2014FR00241,"<a target=""_blank""  href=""/xmlpserver/EVVET3 PW NEW/Subject Area Contents/Public Website/Report (PDF)/AER.xdo?_xpf=&_xpt=1&_params%2FOracle%20BI%20EE%3A%3ADefaultApp%3A%3AEVVET3%20PR%20NEW%2FAER%3A%3Adimension%2FAER%20Id%3A%3Aattribute%3A%3Anoaggr%3A%3Axsd%3Adouble=420819&_xt=AER&_xf=pdf""> AER </a>",2014-11-18 00:00:00,Veterinarian,France,MALE,Dog,Poodle - Standard,Metacam 1 mg - Chewable tablet (dogs),"Gastritis, Vomiting",1,1,
FR-DEBIAHP-2014FR00274,"<a target=""_blank""  href=""/xmlpserver/EVVET3 PW NEW/Subject Area Contents/Public Website/Report (PDF)/AER.xdo?_xpf=&_xpt=1&_params%2FOracle%20BI%20EE%3A%3ADefaultApp%3A%3AEVVET3%20PR%20NEW%2FAER%3A%3Adimension%2FAER%20Id%3A%3Aattribute%3A%3Anoaggr%3A%3Axsd%3Adouble=424391&_xt=AER&_xf=pdf""> AER </a>",2014-12-16 00:00:00,Veterinarian,France,UNKNOWN,Dog,Chihuahua,"Metacam 1.5 mg/ml - Oral suspension (dogs), TOLFEDINE 120 MG COMPRIMES CHIENS, TOLFEDINE 20 MG COMPRIMES CHATS-CHIENS, TOLFEDINE 20 mg, TOLFEDINE 4 % SOLUTION INJECTABLE, TOLFEDINE 4%, TOLFEDINE 40 mg/ml SOLUCION INYECTABLE, TOLFEDINE 6 MG COMPRIMES CHATS-PETITS CHIENS, TOLFEDINE 6 mg, TOLFEDINE 60 MG COMPRIMES CHIENS, TOLFEDINE 60 mg, TOLFEDINE 60mg, TOLFEDINE 6mg, TOLFEDINE, 40 mg/ml, soluzione iniettabile per cani e gatti, TOLFEDINE, 6 mg compresse per gatti e cani di piccola taglia, TOLFEDINE, 60 mg compresse per cani, Tolfedine 20 mg tabletta, Tolfedine 4 % 4 % Oplossing voor injectie, Tolfedine 4%, Tolfedine 4% w/v Solution for Injection for dogs and cats, Tolfedine 4%, 40 mg/mL, otopina za injekciju, za pse i mačke, Tolfedine 4%, oplossing voor injectie voor honden en katten, Tolfedine 4%, solução injetável, Tolfedine 4%; 40 mg/ml roztwór do wstrzykiwań dla psów i kotów, Tolfedine 40 mg/ml - Injektionslösung für Tiere, Tolfedine 40 mg/ml oldatos injekció kutyák és macskák részére A.U.V., Tolfedine 6 mg - Tabletten für Hunde und Katzen, Tolfedine 6 mg Tablet, Tolfedine 6 mg comprimidos, Tolfedine 6 mg tablets, Tolfedine 6 mg tabletta, Tolfedine 6 mg tabletten voor honden en katten, Tolfedine 60 mg - Tabletten für Hunde, Tolfedine 60 mg Tablet, Tolfedine 60 mg comprimidos, Tolfedine 60 mg tablets, Tolfedine 60 mg tabletta, Tolfedine 60 mg tabletten voor honden, Tolfedine Vet. 40 mg/ml injektionsvæske, Tolfedine Vet. 6 mg tabletter, Tolfedine Vet. 60 mg tabletter, Tolfedine tabletki 6 mg Tabletka, Tolfedine tabletki 60 mg Tabletka, Tolfedine, 20 mg, tableta, za pse, Tolfedine, 6 mg, tableta, za pse i mačke, Tolfedine, 60 mg, tableta, za pse, Tolfine 80 mg/ml solution for injection for cattle","Death, Respiratory distress",1,1,1
FR-FRMERIAL-14FR000681,"<a target=""_blank""  href=""/xmlpserver/EVVET3 PW NEW/Subject Area Contents/Public Website/Report (PDF)/AER.xdo?_xpf=&_xpt=1&_params%2FOracle%20BI%20EE%3A%3ADefaultApp%3A%3AEVVET3%20PR%20NEW%2FAER%3A%3Adimension%2FAER%20Id%3A%3Aattribute%3A%3Anoaggr%3A%3Axsd%3Adouble=407282&_xt=AER&_xf=pdf""> AER </a>",2014-08-07 00:00:00,Other health care professional,France,FEMALE,Dog,Bichon Frise,"ANTISEDAN, ANTISEDAN 5 mg/ml SOLUCIÓN INYECTABLE PARA PERROS Y GATOS, ANTISEDAN 5 mg/ml raztopina za injiciranje za pse in mačke, ANTISEDAN 5MG/ML ΕΝΕΣΙΜΟ ΔΙΑΛΥΜΑ, ANTISEDAN SOLUTION INJECTABLE POUR CHIENS ET CHATS, ANTISEDAN, 5 mg/mL, otopina za injekciju, za pse i mačke, Antisedan 5 mg/ 1 ml, roztwór do wstrzykiwań dla psów i kotów, Antisedan 5 mg/ml  Injektionslösung für Hunde und Katzen, Antisedan 5 mg/ml - Injektionslösung für Hunde und Katzen, Antisedan 5 mg/ml Oplossing voor injectie, Antisedan 5 mg/ml Solution injectable, Antisedan 5 mg/ml injekčný roztok pre psy a mačky, Antisedan 5 mg/ml oldatos injekció kutya és macska részére.A.U.V., Antisedan 5 mg/ml solution for injection, Antisedan 5 mg/ml solução injetável para cães e gatos, Antisedan Vet 5 mg/ml injekcinis tirpalas, Antisedan Vet 5 mg/ml šķīdums injekcijām, Antisedan Vet, 5 mg/ml süstelahus, Antisedan Vet. 5 mg/ml injektionsvæske, opløsning, Antisedan vet 5 mg/ml injektioneste, liuos, Antisedan vet. 5 mg/ml Injektionsvätska, lösning, Antisedan vet. 5 mg/ml Stungulyf, lausn Handa hundum og köttum., Antisedan vet. 5 mg/ml injeksjonsvæske, oppløsning, til hund og katt, Antisedan vet., 5 mg/ml, Injektionsvätska, lösning, Antisedan, 5 mg/ml oplossing voor injectie voor honden en katten, Antisedan, 5mg/ml, Injekční roztok, DUPHAMOX  LA, 150.0mg/ml, Injekční suspenze, DUPHAMOX LA, Duphamox LA 150 mg/ml Injektionssuspension für Rinder, Schweine, Schafe, Hunde, Katzen, Duphamox LA 150 mg/ml Suspensie voor injectie, Duphamox LA 150 mg/ml injekčná suspenzia, Duphamox Long Acting, 150mg/ml, solution injectable pour bovins, ovins et porcins, IMALGENE 1000, IMALGENE 1000 100MG/ML ΕΝΕΣΙΜΟ ΔΙΑΛΥΜΑ, Imalgene 1000 100 mg/ ml solução injetável para cães e gatos, Metacam 0.5 mg/ml - Oral suspension (cats, guinea pigs), Metacam 0.5 mg/ml - Oral suspension (dogs), Metacam 1 mg - Chewable tablet (dogs), Metacam 1.5 mg/ml - Oral suspension (dogs), Metacam 15 mg/ml - Oral suspension (horses), Metacam 15 mg/ml - Oral suspension (pigs), Metacam 2 mg/ml - Solution for injection (cats), Metacam 2.5 mg - Chewable tablet (dogs), Metacam 20 mg/ml - Solution for injection (cattle, pigs, horses), Metacam 40 mg/ml - Solution for injection (cattle, horses), Metacam 5 mg/ml - Solution for injection (cats, dogs), Metacam 5 mg/ml - Solution for injection (cattle, pigs), Metacam 5 mg/ml - Solution for injection (dogs), АНТИСЕДАН ВЕТ 5 mg/ml инжекционен разтвор","Death, Neurological signs NOS",1,1,1
FRA-CEVAPROD-00148,"<a target=""_blank""  href=""/xmlpserver/EVVET3 PW NEW/Subject Area Contents/Public Website/Report (PDF)/AER.xdo?_xpf=&_xpt=1&_params%2FOracle%20BI%20EE%3A%3ADefaultApp%3A%3AEVVET3%20PR%20NEW%2FAER%3A%3Adimension%2FAER%20Id%3A%3Aattribute%3A%3Anoaggr%3A%3Axsd%3Adouble=400972&_xt=AER&_xf=pdf""> AER </a>",2014-06-16 00:00:00,Veterinarian,France,FEMALE,Dog,Pointing Dog - German Short-haired,"GALASTOP, GALASTOP 50 microgramos/ml SOLUCIÓN ORAL PARA PERROS, GALASTOP 50 µg/ml Lösung zum Eingeben für Hunde, GALASTOP 50 µg/ml perorálny roztok pre psy (suky), GALASTOP 50 µg/ml, geriamasis tirpalas šunims, GALASTOP 5MG/100ML ΠΟΣΙΜΟ ΔΙΑΛΥΜΑ, GALASTOP, 50μg/ml, Perorální roztok, Galastop 50 mcg/1 ml Roztwór doustny, Galastop 50 microgram/ml oplossing voor oraal gebruik, Galastop 50 µg/ml, Galastop 50 µg/ml Drank, Galastop 50 μg/ml solução oral para cães e gatos, Galastop 50 μg/ml šķīdums iekšķīgai lietošanai suņiem, Galastop Vet. 50 mikrogram/ml orale dråber, opløsning, Galastop oldat A.U.V., Galastop vet 50 mikrogram/ml Orala droppar, lösning, Galastop vet. 50 mikrog/ml tipat, liuos, Galastop vet. 50 mikrogram/ml dråper, oppløsning, Galastop, 50 mikrogrammi/ml suukaudne lahus koertele, Metacam 5 mg/ml - Solution for injection (cats, dogs), Metacam 5 mg/ml - Solution for injection (cattle, pigs), Metacam 5 mg/ml - Solution for injection (dogs)","Anisocoria, Appetite loss, Death by euthanasia, Paresis, Tiredness",1,1,1
GB-ATALVETRAP-ALVEGESIC-VET-23-13-UK,"<a target=""_blank""  href=""/xmlpserver/EVVET3 PW NEW/Subject Area Contents/Public Website/Report (PDF)/AER.xdo?_xpf=&_xpt=1&_params%2FOracle%20BI%20EE%3A%3ADefaultApp%3A%3AEVVET3%20PR%20NEW%2FAER%3A%3Adimension%2FAER%20Id%3A%3Aattribute%3A%3Anoaggr%3A%3Axsd%3Adouble=386092&_xt=AER&_xf=pdf""> AER </a>",2014-01-28 00:00:00,Other health care professional,United Kingdom,MALE,Dog,Collie - Border,"Alvegesic vet. 10 mg/ml Injektionslösung für Pferde, Hunde und Katzen, Atipam, 5.0 mg/ml, solution for injection for cats and dogs, Metacam 5 mg/ml - Solution for injection (cats, dogs), Metacam 5 mg/ml - Solution for injection (cattle, pigs), Metacam 5 mg/ml - Solution for injection (dogs), Sedastart 1 mg/ml oplossing voor injectie voor honden en katten, Sedastop 5 mg/ml oplossing voor injectie voor honden en katten","Deafness, Ear pain",1,1,
GB-BAYERBAH-2014-255441,"<a target=""_blank""  href=""/xmlpserver/EVVET3 PW NEW/Subject Area Contents/Public Website/Report (PDF)/AER.xdo?_xpf=&_xpt=1&_params%2FOracle%20BI%20EE%3A%3ADefaultApp%3A%3AEVVET3%20PR%20NEW%2FAER%3A%3Adimension%2FAER%20Id%3A%3Aattribute%3A%3Anoaggr%3A%3Axsd%3Adouble=425938&_xt=AER&_xf=pdf""> AER </a>",2014-12-30 00:00:00,Other health care professional,United Kingdom,FEMALE,Dog,Crossbred Canine/dog,"Advocate 250 mg + 62.5 mg - Spot-on solution, Loxicom 1.5 mg/ml  - Oral suspension (dogs), Metacam 5 mg/ml - Solution for injection (cats, dogs), Metacam 5 mg/ml - Solution for injection (cattle, pigs), Metacam 5 mg/ml - Solution for injection (dogs)","Confusion, Glazed eye, Petit mal epilepsy",1,1,
GB-DEBIAHP-2011UK00213,"<a target=""_blank""  href=""/xmlpserver/EVVET3 PW NEW/Subject Area Contents/Public Website/Report (PDF)/AER.xdo?_xpf=&_xpt=1&_params%2FOracle%20BI%20EE%3A%3ADefaultApp%3A%3AEVVET3%20PR%20NEW%2FAER%3A%3Adimension%2FAER%20Id%3A%3Aattribute%3A%3Anoaggr%3A%3Axsd%3Adouble=421419&_xt=AER&_xf=pdf""> AER </a>",2014-11-24 00:00:00,Other health care professional,United Kingdom,MALE,Dog,Sheepdog - Old English,"Metacam 1.5 mg/ml - Oral suspension (dogs), Metacam 5 mg/ml - Solution for injection (cats, dogs), Metacam 5 mg/ml - Solution for injection (cattle, pigs), Metacam 5 mg/ml - Solution for injection (dogs)","Anorexia, Ascites, Cholangiohepatitis, Gastric ulcer, Gastric ulceration NOS, Gastritis, Haemorrhagic gastroenteritis, Hypoproteinaemia, Peritonitis, Seroma, Vomiting",1,1,
GB-DEBIAHP-2012UK00094,"<a target=""_blank""  href=""/xmlpserver/EVVET3 PW NEW/Subject Area Contents/Public Website/Report (PDF)/AER.xdo?_xpf=&_xpt=1&_params%2FOracle%20BI%20EE%3A%3ADefaultApp%3A%3AEVVET3%20PR%20NEW%2FAER%3A%3Adimension%2FAER%20Id%3A%3Aattribute%3A%3Anoaggr%3A%3Axsd%3Adouble=389279&_xt=AER&_xf=pdf""> AER </a>",2014-02-28 00:00:00,Other health care professional,United Kingdom,MALE,Dog,Retriever - Labrador,"Metacam 1.5 mg/ml - Oral suspension (dogs), RILEXINE COMPRIMES 600 MG","Hepatomegaly, Hepatopathy, Loss of condition, Polydipsia, Polyuria, Poor coat condition",1,1,
GB-DEBIAHP-2012UK00163,"<a target=""_blank""  href=""/xmlpserver/EVVET3 PW NEW/Subject Area Contents/Public Website/Report (PDF)/AER.xdo?_xpf=&_xpt=1&_params%2FOracle%20BI%20EE%3A%3ADefaultApp%3A%3AEVVET3%20PR%20NEW%2FAER%3A%3Adimension%2FAER%20Id%3A%3Aattribute%3A%3Anoaggr%3A%3Axsd%3Adouble=389280&_xt=AER&_xf=pdf""> AER </a>",2014-02-28 00:00:00,Other health care professional,United Kingdom,MALE,Dog,Retriever - Labrador,Metacam 1.5 mg/ml - Oral suspension (dogs),"Anorexia, Arrhythmia, Death, Gastric bloat, Gastric perforation, Lethargy (see also Central nervous system depression in Neurological), Malaise, Vocalisation",1,1,1
GB-DEBIAHP-2013UK00656,"<a target=""_blank""  href=""/xmlpserver/EVVET3 PW NEW/Subject Area Contents/Public Website/Report (PDF)/AER.xdo?_xpf=&_xpt=1&_params%2FOracle%20BI%20EE%3A%3ADefaultApp%3A%3AEVVET3%20PR%20NEW%2FAER%3A%3Adimension%2FAER%20Id%3A%3Aattribute%3A%3Anoaggr%3A%3Axsd%3Adouble=384372&_xt=AER&_xf=pdf""> AER </a>",2014-01-09 00:00:00,Other health care professional,United Kingdom,MALE,Dog,Retriever - Golden,"Cartrophen Vet 100 mg/ml Solution for Injection., Metacam 1.5 mg/ml - Oral suspension (dogs), Pexion 400 mg  - Tablet",Lack of efficacy - NOS,1,1,
GB-DEBIAHP-2013UK00674,"<a target=""_blank""  href=""/xmlpserver/EVVET3 PW NEW/Subject Area Contents/Public Website/Report (PDF)/AER.xdo?_xpf=&_xpt=1&_params%2FOracle%20BI%20EE%3A%3ADefaultApp%3A%3AEVVET3%20PR%20NEW%2FAER%3A%3Adimension%2FAER%20Id%3A%3Aattribute%3A%3Anoaggr%3A%3Axsd%3Adouble=383650&_xt=AER&_xf=pdf""> AER </a>",2014-01-03 00:00:00,Other health care professional,United Kingdom,MALE,Dog,Retriever - Labrador,"Metacam 1.5 mg/ml - Oral suspension (dogs), Vetmedin 5 mg capsule per cani, Vetmedin 5mg","Arrhythmia, Gastroenteritis, Other blood disorder NOS",1,1,
GB-DEBIAHP-2013UK00749,"<a target=""_blank""  href=""/xmlpserver/EVVET3 PW NEW/Subject Area Contents/Public Website/Report (PDF)/AER.xdo?_xpf=&_xpt=1&_params%2FOracle%20BI%20EE%3A%3ADefaultApp%3A%3AEVVET3%20PR%20NEW%2FAER%3A%3Adimension%2FAER%20Id%3A%3Aattribute%3A%3Anoaggr%3A%3Axsd%3Adouble=384845&_xt=AER&_xf=pdf""> AER </a>",2014-01-12 00:00:00,Other health care professional,United Kingdom,MALE,Dog,Retriever - Labrador,Metacam 1.5 mg/ml - Oral suspension (dogs),"Anaemia NOS, Depression, Duodenal ulcer, Hypoalbuminaemia, Peritonitis, Stiffness NOS, Vomiting",1,1,
GB-DEBIAHP-2013UK00751,"<a target=""_blank""  href=""/xmlpserver/EVVET3 PW NEW/Subject Area Contents/Public Website/Report (PDF)/AER.xdo?_xpf=&_xpt=1&_params%2FOracle%20BI%20EE%3A%3ADefaultApp%3A%3AEVVET3%20PR%20NEW%2FAER%3A%3Adimension%2FAER%20Id%3A%3Aattribute%3A%3Anoaggr%3A%3Axsd%3Adouble=384846&_xt=AER&_xf=pdf""> AER </a>",2014-01-12 00:00:00,Other health care professional,United Kingdom,FEMALE,Dog,"Deutsche Dogge, Great Dane","Metacam 5 mg/ml - Solution for injection (cats, dogs), Metacam 5 mg/ml - Solution for injection (cattle, pigs), Metacam 5 mg/ml - Solution for injection (dogs), VETERGESIC MULTIDOSE, 0.3MG/ML, SOLUTION FOR INJECTION FOR DOGS AND CATS","Anaemia NOS, Arrhythmia, Collapse NOS (see also Cardio-vascular and Neurological disorders), Elevated blood urea nitrogen (BUN), Increased heart rate, Not drinking, Not eating, Prolonged bleeding NOS, Recovery prolonged, Urinary retention",1,1,
GB-DEBIAHP-2013UK00793,"<a target=""_blank""  href=""/xmlpserver/EVVET3 PW NEW/Subject Area Contents/Public Website/Report (PDF)/AER.xdo?_xpf=&_xpt=1&_params%2FOracle%20BI%20EE%3A%3ADefaultApp%3A%3AEVVET3%20PR%20NEW%2FAER%3A%3Adimension%2FAER%20Id%3A%3Aattribute%3A%3Anoaggr%3A%3Axsd%3Adouble=386062&_xt=AER&_xf=pdf""> AER </a>",2014-01-31 00:00:00,Other health care professional,United Kingdom,FEMALE,Dog,Crossbred Canine/dog,"IsoFlo 100% w/w Inhalation Vapour, Liquid, Metacam 1.5 mg/ml - Oral suspension (dogs), Metacam 5 mg/ml - Solution for injection (cats, dogs), Metacam 5 mg/ml - Solution for injection (cattle, pigs), Metacam 5 mg/ml - Solution for injection (dogs)","Collapse NOS (see also Cardio-vascular and Neurological disorders), Dehydration, Diarrhoea, Elevated liver enzymes NOS, Haematemesis, Hypotension, Pale mucous membrane, Polydipsia, Shock, Tachycardia",1,1,
GB-DEBIAHP-2013UK00841,"<a target=""_blank""  href=""/xmlpserver/EVVET3 PW NEW/Subject Area Contents/Public Website/Report (PDF)/AER.xdo?_xpf=&_xpt=1&_params%2FOracle%20BI%20EE%3A%3ADefaultApp%3A%3AEVVET3%20PR%20NEW%2FAER%3A%3Adimension%2FAER%20Id%3A%3Aattribute%3A%3Anoaggr%3A%3Axsd%3Adouble=386462&_xt=AER&_xf=pdf""> AER </a>",2014-01-31 00:00:00,Other health care professional,United Kingdom,FEMALE,Dog,Shepherd Dog - German,"Metacam 1.5 mg/ml - Oral suspension (dogs), Pexion 400 mg  - Tablet","Lack of efficacy - NOS, Seizure NOS",1,1,
GB-DEBIAHP-2013UK00877,"<a target=""_blank""  href=""/xmlpserver/EVVET3 PW NEW/Subject Area Contents/Public Website/Report (PDF)/AER.xdo?_xpf=&_xpt=1&_params%2FOracle%20BI%20EE%3A%3ADefaultApp%3A%3AEVVET3%20PR%20NEW%2FAER%3A%3Adimension%2FAER%20Id%3A%3Aattribute%3A%3Anoaggr%3A%3Axsd%3Adouble=386450&_xt=AER&_xf=pdf""> AER </a>",2014-01-31 00:00:00,Other health care professional,United Kingdom,FEMALE,Dog,Spaniel - Springer English,"Metacam 1.5 mg/ml - Oral suspension (dogs), Metacam 5 mg/ml - Solution for injection (cats, dogs), Metacam 5 mg/ml - Solution for injection (cattle, pigs), Metacam 5 mg/ml - Solution for injection (dogs)","Anaemia NOS, Swelling NOS, Thrombocytopenia",1,1,
GB-DEBIAHP-2014UK00044,"<a target=""_blank""  href=""/xmlpserver/EVVET3 PW NEW/Subject Area Contents/Public Website/Report (PDF)/AER.xdo?_xpf=&_xpt=1&_params%2FOracle%20BI%20EE%3A%3ADefaultApp%3A%3AEVVET3%20PR%20NEW%2FAER%3A%3Adimension%2FAER%20Id%3A%3Aattribute%3A%3Anoaggr%3A%3Axsd%3Adouble=388546&_xt=AER&_xf=pdf""> AER </a>",2014-02-24 00:00:00,Other health care professional,United Kingdom,FEMALE,Dog,Chinese Crested Dog – Powder Puff with veil coat,Metacam 1.5 mg/ml - Oral suspension (dogs),"Death by euthanasia, Elevated blood urea nitrogen (BUN), Elevated creatinine, Not eating, Vomiting",1,1,1
GB-DEBIAHP-2014UK00060,"<a target=""_blank""  href=""/xmlpserver/EVVET3 PW NEW/Subject Area Contents/Public Website/Report (PDF)/AER.xdo?_xpf=&_xpt=1&_params%2FOracle%20BI%20EE%3A%3ADefaultApp%3A%3AEVVET3%20PR%20NEW%2FAER%3A%3Adimension%2FAER%20Id%3A%3Aattribute%3A%3Anoaggr%3A%3Axsd%3Adouble=388993&_xt=AER&_xf=pdf""> AER </a>",2014-02-27 00:00:00,Other health care professional,United Kingdom,MALE,Dog,Doberman Pinscher,Metacam 1.5 mg/ml - Oral suspension (dogs),"Acute renal failure, Appetite loss, Azotaemia, Haematuria, Hyperphosphataemia, Proteinuria, Vomiting",1,1,
GB-DEBIAHP-2014UK00073,"<a target=""_blank""  href=""/xmlpserver/EVVET3 PW NEW/Subject Area Contents/Public Website/Report (PDF)/AER.xdo?_xpf=&_xpt=1&_params%2FOracle%20BI%20EE%3A%3ADefaultApp%3A%3AEVVET3%20PR%20NEW%2FAER%3A%3Adimension%2FAER%20Id%3A%3Aattribute%3A%3Anoaggr%3A%3Axsd%3Adouble=388995&_xt=AER&_xf=pdf""> AER </a>",2014-02-27 00:00:00,Other health care professional,United Kingdom,MALE,Dog,Dog (other),"Metacam 5 mg/ml - Solution for injection (cats, dogs), Metacam 5 mg/ml - Solution for injection (cattle, pigs), Metacam 5 mg/ml - Solution for injection (dogs)","Elevated alanine aminotransferase (ALT), Listless, Sedation, Vomiting",1,1,
GB-DEBIAHP-2014UK00097,"<a target=""_blank""  href=""/xmlpserver/EVVET3 PW NEW/Subject Area Contents/Public Website/Report (PDF)/AER.xdo?_xpf=&_xpt=1&_params%2FOracle%20BI%20EE%3A%3ADefaultApp%3A%3AEVVET3%20PR%20NEW%2FAER%3A%3Adimension%2FAER%20Id%3A%3Aattribute%3A%3Anoaggr%3A%3Axsd%3Adouble=389305&_xt=AER&_xf=pdf""> AER </a>",2014-02-28 00:00:00,Other health care professional,United Kingdom,FEMALE,Dog,Retriever - Labrador,Metacam 1.5 mg/ml - Oral suspension (dogs),"Acute renal failure, Death by euthanasia, Diarrhoea, Liver failure, Vomiting",1,1,1
GB-DEBIAHP-2014UK00111,"<a target=""_blank""  href=""/xmlpserver/EVVET3 PW NEW/Subject Area Contents/Public Website/Report (PDF)/AER.xdo?_xpf=&_xpt=1&_params%2FOracle%20BI%20EE%3A%3ADefaultApp%3A%3AEVVET3%20PR%20NEW%2FAER%3A%3Adimension%2FAER%20Id%3A%3Aattribute%3A%3Anoaggr%3A%3Axsd%3Adouble=389278&_xt=AER&_xf=pdf""> AER </a>",2014-02-28 00:00:00,Other health care professional,United Kingdom,MALE,Dog,Retriever - Labrador,Metacam 1.5 mg/ml - Oral suspension (dogs),"Gastric perforation, Gastric ulcer, Haemorrhagic gastroenteritis",1,1,
GB-DEBIAHP-2014UK00133,"<a target=""_blank""  href=""/xmlpserver/EVVET3 PW NEW/Subject Area Contents/Public Website/Report (PDF)/AER.xdo?_xpf=&_xpt=1&_params%2FOracle%20BI%20EE%3A%3ADefaultApp%3A%3AEVVET3%20PR%20NEW%2FAER%3A%3Adimension%2FAER%20Id%3A%3Aattribute%3A%3Anoaggr%3A%3Axsd%3Adouble=389509&_xt=AER&_xf=pdf""> AER </a>",2014-03-03 00:00:00,Other health care professional,United Kingdom,FEMALE,Dog,Schnauzer - Miniature,"Metacam 1.5 mg/ml - Oral suspension (dogs), Metacam 5 mg/ml - Solution for injection (cats, dogs), Metacam 5 mg/ml - Solution for injection (cattle, pigs), Metacam 5 mg/ml - Solution for injection (dogs)","Death, Intestinal haemorrhage, Intestinal perforation",1,6,1
GB-DEBIAHP-2014UK00135,"<a target=""_blank""  href=""/xmlpserver/EVVET3 PW NEW/Subject Area Contents/Public Website/Report (PDF)/AER.xdo?_xpf=&_xpt=1&_params%2FOracle%20BI%20EE%3A%3ADefaultApp%3A%3AEVVET3%20PR%20NEW%2FAER%3A%3Adimension%2FAER%20Id%3A%3Aattribute%3A%3Anoaggr%3A%3Axsd%3Adouble=391908&_xt=AER&_xf=pdf""> AER </a>",2014-03-27 00:00:00,Other health care professional,United Kingdom,MALE,Dog,Collie - Border,"Atopica 50 mg soft capsules for dogs, Metacam 1.5 mg/ml - Oral suspension (dogs), Onsior 40 mg  - Tablet (dogs)","Death, Peritonitis, Vomiting",1,1,1
GB-DEBIAHP-2014UK00168,"<a target=""_blank""  href=""/xmlpserver/EVVET3 PW NEW/Subject Area Contents/Public Website/Report (PDF)/AER.xdo?_xpf=&_xpt=1&_params%2FOracle%20BI%20EE%3A%3ADefaultApp%3A%3AEVVET3%20PR%20NEW%2FAER%3A%3Adimension%2FAER%20Id%3A%3Aattribute%3A%3Anoaggr%3A%3Axsd%3Adouble=390033&_xt=AER&_xf=pdf""> AER </a>",2014-03-11 00:00:00,Other health care professional,United Kingdom,FEMALE,Dog,Shih Tzu,Metacam 1.5 mg/ml - Oral suspension (dogs),"Blood in vomit, Bloody diarrhoea, Haemorrhagic gastroenteritis",1,1,
GB-DEBIAHP-2014UK00210,"<a target=""_blank""  href=""/xmlpserver/EVVET3 PW NEW/Subject Area Contents/Public Website/Report (PDF)/AER.xdo?_xpf=&_xpt=1&_params%2FOracle%20BI%20EE%3A%3ADefaultApp%3A%3AEVVET3%20PR%20NEW%2FAER%3A%3Adimension%2FAER%20Id%3A%3Aattribute%3A%3Anoaggr%3A%3Axsd%3Adouble=391401&_xt=AER&_xf=pdf""> AER </a>",2014-03-21 00:00:00,Other health care professional,United Kingdom,FEMALE,Dog,Deerhound - Scottish,"BAYTRIL 5 % SOLUTION INJECTABLE, Cerenia 10 mg/ml  - Solution for injection, Clamoxyl LA 150 mg/ml injekčná suspenzia, Metacam 5 mg/ml - Solution for injection (cats, dogs), Metacam 5 mg/ml - Solution for injection (cattle, pigs), Metacam 5 mg/ml - Solution for injection (dogs), SYNULOX  RTU, SYNULOX RTU, SYNULOX RTU 140 mg/38,5 mg suspenzija za injiciranje, SYNULOX RTU 140/35 mg/ml injekčná suspenzia, SYNULOX RTU ενέσιμο εναιώρημα για βοοειδή, χοίρους, σκύλους και γάτες, SYNULOX RTU, Injekční suspenze, SYNULOX RTU, injekcinė suspensija galvijams, kiaulėms, šunims ir katėms, SYNULOX® RTU 140/35 mg/ml, Injektionssuspension für Rinder, Schweine (Ferkel, Mastschweine), Hunde und Katzen, Synulox RTU 140/35 mg/ml Injektionssuspension für Rinder, Schweine (Ferkel, Mastschweine), Hunde und Katzen, Synulox RTU 140/35 mg/ml szuszpenziós injekció szarvasmarhák, sertések, kutyák és macskák részére A.U.V., Synulox RTU suspensija injekcijām liellopiem, cūkām, suņiem un kaķiem, Synulox RTU инжекционна суспензия за говеда, свине, кучета и котки, Synulox RTU, süstesuspensioon veistele, sigadele, koertele ja kassidele, Synulox Ready To Use Injection, Synulox Ready to Use Injection, Synulox Ready-To-Use 140 mg/ml Suspensie voor injectie, Synulox Ready-To-Use, 140 mg/ml + 35 mg/ml, suspension injectable pour chiens et chats, VETERGESIC MULTIDOSE, 0.3MG/ML, SOLUTION FOR INJECTION FOR DOGS AND CATS",Death by euthanasia,1,1,1
GB-DEBIAHP-2014UK00212,"<a target=""_blank""  href=""/xmlpserver/EVVET3 PW NEW/Subject Area Contents/Public Website/Report (PDF)/AER.xdo?_xpf=&_xpt=1&_params%2FOracle%20BI%20EE%3A%3ADefaultApp%3A%3AEVVET3%20PR%20NEW%2FAER%3A%3Adimension%2FAER%20Id%3A%3Aattribute%3A%3Anoaggr%3A%3Axsd%3Adouble=391395&_xt=AER&_xf=pdf""> AER </a>",2014-03-21 00:00:00,Other health care professional,United Kingdom,MALE,Dog,Mastiff,"Metacam 1.5 mg/ml - Oral suspension (dogs), Metacam 5 mg/ml - Solution for injection (cats, dogs), Metacam 5 mg/ml - Solution for injection (cattle, pigs), Metacam 5 mg/ml - Solution for injection (dogs)","Diarrhoea, Lethargy (see also Central nervous system depression in Neurological), Sudden death",1,1,1
GB-DEBIAHP-2014UK00326,"<a target=""_blank""  href=""/xmlpserver/EVVET3 PW NEW/Subject Area Contents/Public Website/Report (PDF)/AER.xdo?_xpf=&_xpt=1&_params%2FOracle%20BI%20EE%3A%3ADefaultApp%3A%3AEVVET3%20PR%20NEW%2FAER%3A%3Adimension%2FAER%20Id%3A%3Aattribute%3A%3Anoaggr%3A%3Axsd%3Adouble=394431&_xt=AER&_xf=pdf""> AER </a>",2014-04-16 00:00:00,Veterinarian,United Kingdom,FEMALE,Dog,Dog (other),Metacam 1.5 mg/ml - Oral suspension (dogs),"Bloody diarrhoea, Hypoalbuminaemia",1,1,
GB-DEBIAHP-2014UK00329,"<a target=""_blank""  href=""/xmlpserver/EVVET3 PW NEW/Subject Area Contents/Public Website/Report (PDF)/AER.xdo?_xpf=&_xpt=1&_params%2FOracle%20BI%20EE%3A%3ADefaultApp%3A%3AEVVET3%20PR%20NEW%2FAER%3A%3Adimension%2FAER%20Id%3A%3Aattribute%3A%3Anoaggr%3A%3Axsd%3Adouble=394278&_xt=AER&_xf=pdf""> AER </a>",2014-04-14 00:00:00,Other health care professional,United Kingdom,MALE,Dog,Retriever - Labrador,"Loxicom 1.5 mg/ml  - Oral suspension (dogs), Metacam 1.5 mg/ml - Oral suspension (dogs)","Haematemesis, Haemorrhagic diarrhoea",1,1,
GB-DEBIAHP-2014UK00332,"<a target=""_blank""  href=""/xmlpserver/EVVET3 PW NEW/Subject Area Contents/Public Website/Report (PDF)/AER.xdo?_xpf=&_xpt=1&_params%2FOracle%20BI%20EE%3A%3ADefaultApp%3A%3AEVVET3%20PR%20NEW%2FAER%3A%3Adimension%2FAER%20Id%3A%3Aattribute%3A%3Anoaggr%3A%3Axsd%3Adouble=394513&_xt=AER&_xf=pdf""> AER </a>",2014-04-16 00:00:00,Veterinarian,United Kingdom,FEMALE,Dog,Dog (other),"Metacam 1.5 mg/ml - Oral suspension (dogs), Metacam 5 mg/ml - Solution for injection (cats, dogs), Metacam 5 mg/ml - Solution for injection (cattle, pigs), Metacam 5 mg/ml - Solution for injection (dogs)","Bloody diarrhoea, Vomiting",1,1,
GB-DEBIAHP-2014UK00335,"<a target=""_blank""  href=""/xmlpserver/EVVET3 PW NEW/Subject Area Contents/Public Website/Report (PDF)/AER.xdo?_xpf=&_xpt=1&_params%2FOracle%20BI%20EE%3A%3ADefaultApp%3A%3AEVVET3%20PR%20NEW%2FAER%3A%3Adimension%2FAER%20Id%3A%3Aattribute%3A%3Anoaggr%3A%3Axsd%3Adouble=395047&_xt=AER&_xf=pdf""> AER </a>",2014-04-23 00:00:00,Animal owner,United Kingdom,FEMALE,Dog,Setter - Irish Red,Metacam 1.5 mg/ml - Oral suspension (dogs),"Blood in faeces, Constipation",1,1,
GB-DEBIAHP-2014UK00347,"<a target=""_blank""  href=""/xmlpserver/EVVET3 PW NEW/Subject Area Contents/Public Website/Report (PDF)/AER.xdo?_xpf=&_xpt=1&_params%2FOracle%20BI%20EE%3A%3ADefaultApp%3A%3AEVVET3%20PR%20NEW%2FAER%3A%3Adimension%2FAER%20Id%3A%3Aattribute%3A%3Anoaggr%3A%3Axsd%3Adouble=394123&_xt=AER&_xf=pdf""> AER </a>",2014-04-14 00:00:00,Other health care professional,United Kingdom,FEMALE,Dog,Samoyed,Metacam 1.5 mg/ml - Oral suspension (dogs),"Death by euthanasia, Unable to stand",1,1,1
GB-DEBIAHP-2014UK00348,"<a target=""_blank""  href=""/xmlpserver/EVVET3 PW NEW/Subject Area Contents/Public Website/Report (PDF)/AER.xdo?_xpf=&_xpt=1&_params%2FOracle%20BI%20EE%3A%3ADefaultApp%3A%3AEVVET3%20PR%20NEW%2FAER%3A%3Adimension%2FAER%20Id%3A%3Aattribute%3A%3Anoaggr%3A%3Axsd%3Adouble=396975&_xt=AER&_xf=pdf""> AER </a>",2014-05-09 00:00:00,Other health care professional,United Kingdom,MALE,Dog,Dog (other),Metacam 1.5 mg/ml - Oral suspension (dogs),"Anaemia NOS, Anorexia, Azotaemia, Bloody diarrhoea, Death by euthanasia, Diarrhoea, Elevated blood urea nitrogen (BUN), Elevated creatinine, Haemorrhagic gastroenteritis, Inappropriate defecation",1,1,1
GB-DEBIAHP-2014UK00353,"<a target=""_blank""  href=""/xmlpserver/EVVET3 PW NEW/Subject Area Contents/Public Website/Report (PDF)/AER.xdo?_xpf=&_xpt=1&_params%2FOracle%20BI%20EE%3A%3ADefaultApp%3A%3AEVVET3%20PR%20NEW%2FAER%3A%3Adimension%2FAER%20Id%3A%3Aattribute%3A%3Anoaggr%3A%3Axsd%3Adouble=394136&_xt=AER&_xf=pdf""> AER </a>",2014-04-14 00:00:00,Other health care professional,United Kingdom,FEMALE,Dog,Rottweiler,Metacam 1.5 mg/ml - Oral suspension (dogs),"Haematemesis, Haemorrhagic diarrhoea",1,1,
GB-DEBIAHP-2014UK00359,"<a target=""_blank""  href=""/xmlpserver/EVVET3 PW NEW/Subject Area Contents/Public Website/Report (PDF)/AER.xdo?_xpf=&_xpt=1&_params%2FOracle%20BI%20EE%3A%3ADefaultApp%3A%3AEVVET3%20PR%20NEW%2FAER%3A%3Adimension%2FAER%20Id%3A%3Aattribute%3A%3Anoaggr%3A%3Axsd%3Adouble=394413&_xt=AER&_xf=pdf""> AER </a>",2014-04-15 00:00:00,Other health care professional,United Kingdom,FEMALE,Dog,Terrier - Bull - Staffordshire,"Metacam 1.5 mg/ml - Oral suspension (dogs), Metacam 5 mg/ml - Solution for injection (cats, dogs), Metacam 5 mg/ml - Solution for injection (cattle, pigs), Metacam 5 mg/ml - Solution for injection (dogs), SYNULOX  RTU, SYNULOX RTU, SYNULOX RTU 140 mg/38,5 mg suspenzija za injiciranje, SYNULOX RTU 140/35 mg/ml injekčná suspenzia, SYNULOX RTU ενέσιμο εναιώρημα για βοοειδή, χοίρους, σκύλους και γάτες, SYNULOX RTU, Injekční suspenze, SYNULOX RTU, injekcinė suspensija galvijams, kiaulėms, šunims ir katėms, SYNULOX® RTU 140/35 mg/ml, Injektionssuspension für Rinder, Schweine (Ferkel, Mastschweine), Hunde und Katzen, Synulox Palatable Tablets 250 mg, Synulox RTU 140/35 mg/ml Injektionssuspension für Rinder, Schweine (Ferkel, Mastschweine), Hunde und Katzen, Synulox RTU 140/35 mg/ml szuszpenziós injekció szarvasmarhák, sertések, kutyák és macskák részére A.U.V., Synulox RTU suspensija injekcijām liellopiem, cūkām, suņiem un kaķiem, Synulox RTU инжекционна суспензия за говеда, свине, кучета и котки, Synulox RTU, süstesuspensioon veistele, sigadele, koertele ja kassidele, Synulox Ready To Use Injection, Synulox Ready to Use Injection, Synulox Ready-To-Use 140 mg/ml Suspensie voor injectie, Synulox Ready-To-Use, 140 mg/ml + 35 mg/ml, suspension injectable pour chiens et chats","Septicaemia, Sudden death",7,1,6
GB-DEBIAHP-2014UK00360,"<a target=""_blank""  href=""/xmlpserver/EVVET3 PW NEW/Subject Area Contents/Public Website/Report (PDF)/AER.xdo?_xpf=&_xpt=1&_params%2FOracle%20BI%20EE%3A%3ADefaultApp%3A%3AEVVET3%20PR%20NEW%2FAER%3A%3Adimension%2FAER%20Id%3A%3Aattribute%3A%3Anoaggr%3A%3Axsd%3Adouble=394673&_xt=AER&_xf=pdf""> AER </a>",2014-04-17 00:00:00,Animal owner,United Kingdom,UNKNOWN,Dog,Dog (other),Metacam 1.5 mg/ml - Oral suspension (dogs),"Unable to stand, Weakness",1,1,
GB-DEBIAHP-2014UK00368,"<a target=""_blank""  href=""/xmlpserver/EVVET3 PW NEW/Subject Area Contents/Public Website/Report (PDF)/AER.xdo?_xpf=&_xpt=1&_params%2FOracle%20BI%20EE%3A%3ADefaultApp%3A%3AEVVET3%20PR%20NEW%2FAER%3A%3Adimension%2FAER%20Id%3A%3Aattribute%3A%3Anoaggr%3A%3Axsd%3Adouble=396342&_xt=AER&_xf=pdf""> AER </a>",2014-05-06 00:00:00,Veterinarian,United Kingdom,MALE,Dog,Crossbred Canine/dog,Metacam 1.5 mg/ml - Oral suspension (dogs),Elevated alanine aminotransferase (ALT),1,1,
GB-DEBIAHP-2014UK00370,"<a target=""_blank""  href=""/xmlpserver/EVVET3 PW NEW/Subject Area Contents/Public Website/Report (PDF)/AER.xdo?_xpf=&_xpt=1&_params%2FOracle%20BI%20EE%3A%3ADefaultApp%3A%3AEVVET3%20PR%20NEW%2FAER%3A%3Adimension%2FAER%20Id%3A%3Aattribute%3A%3Anoaggr%3A%3Axsd%3Adouble=396341&_xt=AER&_xf=pdf""> AER </a>",2014-05-06 00:00:00,Veterinarian,United Kingdom,FEMALE,Dog,Terrier - Jack Russell,Metacam 1.5 mg/ml - Oral suspension (dogs),"Drinking a lot, Elevated alanine aminotransferase (ALT), Vomiting",1,1,
GB-DEBIAHP-2014UK00380,"<a target=""_blank""  href=""/xmlpserver/EVVET3 PW NEW/Subject Area Contents/Public Website/Report (PDF)/AER.xdo?_xpf=&_xpt=1&_params%2FOracle%20BI%20EE%3A%3ADefaultApp%3A%3AEVVET3%20PR%20NEW%2FAER%3A%3Adimension%2FAER%20Id%3A%3Aattribute%3A%3Anoaggr%3A%3Axsd%3Adouble=397279&_xt=AER&_xf=pdf""> AER </a>",2014-05-12 00:00:00,Other health care professional,United Kingdom,MALE,Dog,Retriever - Labrador,"Metacam 1.5 mg/ml - Oral suspension (dogs), Pexion 400 mg  - Tablet","Aggression, Death by euthanasia, Lack of efficacy - NOS, Seizure NOS",1,1,1
GB-DEBIAHP-2014UK00403,"<a target=""_blank""  href=""/xmlpserver/EVVET3 PW NEW/Subject Area Contents/Public Website/Report (PDF)/AER.xdo?_xpf=&_xpt=1&_params%2FOracle%20BI%20EE%3A%3ADefaultApp%3A%3AEVVET3%20PR%20NEW%2FAER%3A%3Adimension%2FAER%20Id%3A%3Aattribute%3A%3Anoaggr%3A%3Axsd%3Adouble=394614&_xt=AER&_xf=pdf""> AER </a>",2014-04-17 00:00:00,Veterinarian,United Kingdom,FEMALE,Dog,Spaniel - Cocker American,"Metacam 1.5 mg/ml - Oral suspension (dogs), Metacam 5 mg/ml - Solution for injection (cats, dogs), Metacam 5 mg/ml - Solution for injection (cattle, pigs), Metacam 5 mg/ml - Solution for injection (dogs)","Diarrhoea, Haemorrhagic gastroenteritis, Retching, Vomiting",1,1,
GB-DEBIAHP-2014UK00417,"<a target=""_blank""  href=""/xmlpserver/EVVET3 PW NEW/Subject Area Contents/Public Website/Report (PDF)/AER.xdo?_xpf=&_xpt=1&_params%2FOracle%20BI%20EE%3A%3ADefaultApp%3A%3AEVVET3%20PR%20NEW%2FAER%3A%3Adimension%2FAER%20Id%3A%3Aattribute%3A%3Anoaggr%3A%3Axsd%3Adouble=398025&_xt=AER&_xf=pdf""> AER </a>",2014-05-19 00:00:00,Other health care professional,United Kingdom,UNKNOWN,Dog,"Deutsche Dogge, Great Dane","Metacam 1.5 mg/ml - Oral suspension (dogs), Metacam 5 mg/ml - Solution for injection (cats, dogs), Metacam 5 mg/ml - Solution for injection (cattle, pigs), Metacam 5 mg/ml - Solution for injection (dogs), Oxytocine-S, oplossing voor injectie 10 I.E., VETERGESIC MULTIDOSE, 0.3MG/ML, SOLUTION FOR INJECTION FOR DOGS AND CATS",Sudden death,1,1,1
GB-DEBIAHP-2014UK00420,"<a target=""_blank""  href=""/xmlpserver/EVVET3 PW NEW/Subject Area Contents/Public Website/Report (PDF)/AER.xdo?_xpf=&_xpt=1&_params%2FOracle%20BI%20EE%3A%3ADefaultApp%3A%3AEVVET3%20PR%20NEW%2FAER%3A%3Adimension%2FAER%20Id%3A%3Aattribute%3A%3Anoaggr%3A%3Axsd%3Adouble=399875&_xt=AER&_xf=pdf""> AER </a>",2014-06-05 00:00:00,Other health care professional,United Kingdom,MALE,Dog,Newfoundland,"Metacam 1.5 mg/ml - Oral suspension (dogs), Metacam 5 mg/ml - Solution for injection (cats, dogs), Metacam 5 mg/ml - Solution for injection (cattle, pigs), Metacam 5 mg/ml - Solution for injection (dogs)","Abdominal pain, Collapse (see also Cardio-vascular and Systemic disorders), Death by euthanasia, Other abnormal test result NOS, Peritonitis, Prolonged capillary refill time, Tachycardia, Vomiting",1,1,1
GB-DEBIAHP-2014UK00436,"<a target=""_blank""  href=""/xmlpserver/EVVET3 PW NEW/Subject Area Contents/Public Website/Report (PDF)/AER.xdo?_xpf=&_xpt=1&_params%2FOracle%20BI%20EE%3A%3ADefaultApp%3A%3AEVVET3%20PR%20NEW%2FAER%3A%3Adimension%2FAER%20Id%3A%3Aattribute%3A%3Anoaggr%3A%3Axsd%3Adouble=395250&_xt=AER&_xf=pdf""> AER </a>",2014-04-24 00:00:00,Veterinarian,United Kingdom,FEMALE,Dog,Retriever - Flat-coated,Metacam 1.5 mg/ml - Oral suspension (dogs),"Elevated serum alkaline phosphatase (ALP), Hypoglycaemia",1,1,
GB-DEBIAHP-2014UK00442,"<a target=""_blank""  href=""/xmlpserver/EVVET3 PW NEW/Subject Area Contents/Public Website/Report (PDF)/AER.xdo?_xpf=&_xpt=1&_params%2FOracle%20BI%20EE%3A%3ADefaultApp%3A%3AEVVET3%20PR%20NEW%2FAER%3A%3Adimension%2FAER%20Id%3A%3Aattribute%3A%3Anoaggr%3A%3Axsd%3Adouble=398022&_xt=AER&_xf=pdf""> AER </a>",2014-05-19 00:00:00,Other health care professional,United Kingdom,MALE,Dog,Sheepdog - Old English,"Cartrophen Vet 100 mg/ml Solution for Injection., Metacam 1.5 mg/ml - Oral suspension (dogs)","Abdominal cavity haemorrhage, Death, Hepatic neoplasm, Lethargy (see also Central nervous system depression in Neurological), Vomiting",1,1,1
GB-DEBIAHP-2014UK00443,"<a target=""_blank""  href=""/xmlpserver/EVVET3 PW NEW/Subject Area Contents/Public Website/Report (PDF)/AER.xdo?_xpf=&_xpt=1&_params%2FOracle%20BI%20EE%3A%3ADefaultApp%3A%3AEVVET3%20PR%20NEW%2FAER%3A%3Adimension%2FAER%20Id%3A%3Aattribute%3A%3Anoaggr%3A%3Axsd%3Adouble=399150&_xt=AER&_xf=pdf""> AER </a>",2014-05-30 00:00:00,Other health care professional,United Kingdom,FEMALE,Dog,Collie - Border,Metacam 1.5 mg/ml - Oral suspension (dogs),"Diarrhoea, Immune mediated haemolytic anaemia",1,1,
GB-DEBIAHP-2014UK00445,"<a target=""_blank""  href=""/xmlpserver/EVVET3 PW NEW/Subject Area Contents/Public Website/Report (PDF)/AER.xdo?_xpf=&_xpt=1&_params%2FOracle%20BI%20EE%3A%3ADefaultApp%3A%3AEVVET3%20PR%20NEW%2FAER%3A%3Adimension%2FAER%20Id%3A%3Aattribute%3A%3Anoaggr%3A%3Axsd%3Adouble=395249&_xt=AER&_xf=pdf""> AER </a>",2014-04-24 00:00:00,Veterinarian,United Kingdom,FEMALE,Dog,Rottweiler,Metacam 1.5 mg/ml - Oral suspension (dogs),Diarrhoea,1,1,
GB-DEBIAHP-2014UK00454,"<a target=""_blank""  href=""/xmlpserver/EVVET3 PW NEW/Subject Area Contents/Public Website/Report (PDF)/AER.xdo?_xpf=&_xpt=1&_params%2FOracle%20BI%20EE%3A%3ADefaultApp%3A%3AEVVET3%20PR%20NEW%2FAER%3A%3Adimension%2FAER%20Id%3A%3Aattribute%3A%3Anoaggr%3A%3Axsd%3Adouble=400204&_xt=AER&_xf=pdf""> AER </a>",2014-06-09 00:00:00,Other health care professional,United Kingdom,UNKNOWN,Dog,Dog (other),"Metacam 1.5 mg/ml - Oral suspension (dogs), Metacam 5 mg/ml - Solution for injection (cats, dogs), Metacam 5 mg/ml - Solution for injection (cattle, pigs), Metacam 5 mg/ml - Solution for injection (dogs)",Gastric ulcer,1,1,
GB-DEBIAHP-2014UK00463,"<a target=""_blank""  href=""/xmlpserver/EVVET3 PW NEW/Subject Area Contents/Public Website/Report (PDF)/AER.xdo?_xpf=&_xpt=1&_params%2FOracle%20BI%20EE%3A%3ADefaultApp%3A%3AEVVET3%20PR%20NEW%2FAER%3A%3Adimension%2FAER%20Id%3A%3Aattribute%3A%3Anoaggr%3A%3Axsd%3Adouble=399876&_xt=AER&_xf=pdf""> AER </a>",2014-06-05 00:00:00,Other health care professional,United Kingdom,FEMALE,Dog,Spaniel - Springer English,Metacam 1.5 mg/ml - Oral suspension (dogs),"Blood in faeces, Elevated temperature, Fit, Lethargy (see also Central nervous system depression in Neurological), Not eating, Pale mucous membrane, Sudden death, Unexplained death",1,1,1
GB-DEBIAHP-2014UK00471,"<a target=""_blank""  href=""/xmlpserver/EVVET3 PW NEW/Subject Area Contents/Public Website/Report (PDF)/AER.xdo?_xpf=&_xpt=1&_params%2FOracle%20BI%20EE%3A%3ADefaultApp%3A%3AEVVET3%20PR%20NEW%2FAER%3A%3Adimension%2FAER%20Id%3A%3Aattribute%3A%3Anoaggr%3A%3Axsd%3Adouble=399328&_xt=AER&_xf=pdf""> AER </a>",2014-06-02 00:00:00,Veterinarian,United Kingdom,FEMALE,Dog,Terrier - Jack Russell,"Metacam 5 mg/ml - Solution for injection (cats, dogs), Metacam 5 mg/ml - Solution for injection (cattle, pigs), Metacam 5 mg/ml - Solution for injection (dogs)","Diarrhoea, Vomiting",1,1,
GB-DEBIAHP-2014UK00479,"<a target=""_blank""  href=""/xmlpserver/EVVET3 PW NEW/Subject Area Contents/Public Website/Report (PDF)/AER.xdo?_xpf=&_xpt=1&_params%2FOracle%20BI%20EE%3A%3ADefaultApp%3A%3AEVVET3%20PR%20NEW%2FAER%3A%3Adimension%2FAER%20Id%3A%3Aattribute%3A%3Anoaggr%3A%3Axsd%3Adouble=399363&_xt=AER&_xf=pdf""> AER </a>",2014-06-02 00:00:00,Veterinarian,United Kingdom,MALE,Dog,Shih Tzu,"Metacam 5 mg/ml - Solution for injection (cats, dogs), Metacam 5 mg/ml - Solution for injection (cattle, pigs), Metacam 5 mg/ml - Solution for injection (dogs)","Diarrhoea, Elevated alanine aminotransferase (ALT), Elevated blood urea nitrogen (BUN), Lethargy (see also Central nervous system depression in Neurological), Vomiting",1,1,
GB-DEBIAHP-2014UK00490,"<a target=""_blank""  href=""/xmlpserver/EVVET3 PW NEW/Subject Area Contents/Public Website/Report (PDF)/AER.xdo?_xpf=&_xpt=1&_params%2FOracle%20BI%20EE%3A%3ADefaultApp%3A%3AEVVET3%20PR%20NEW%2FAER%3A%3Adimension%2FAER%20Id%3A%3Aattribute%3A%3Anoaggr%3A%3Axsd%3Adouble=400253&_xt=AER&_xf=pdf""> AER </a>",2014-06-10 00:00:00,Other health care professional,United Kingdom,FEMALE,Dog,Spaniel - Springer English,Metacam 1.5 mg/ml - Oral suspension (dogs),"Bruising, Immune mediated thrombocytopenia, Low platelet count, Oral bleeding, Petechiae NOS",1,1,
GB-DEBIAHP-2014UK00505,"<a target=""_blank""  href=""/xmlpserver/EVVET3 PW NEW/Subject Area Contents/Public Website/Report (PDF)/AER.xdo?_xpf=&_xpt=1&_params%2FOracle%20BI%20EE%3A%3ADefaultApp%3A%3AEVVET3%20PR%20NEW%2FAER%3A%3Adimension%2FAER%20Id%3A%3Aattribute%3A%3Anoaggr%3A%3Axsd%3Adouble=400658&_xt=AER&_xf=pdf""> AER </a>",2014-06-13 00:00:00,Veterinarian,United Kingdom,MALE,Dog,Terrier - Jack Russell,"Metacam 1.5 mg/ml - Oral suspension (dogs), Metacam 5 mg/ml - Solution for injection (cats, dogs), Metacam 5 mg/ml - Solution for injection (cattle, pigs), Metacam 5 mg/ml - Solution for injection (dogs)","Diarrhoea, Elevated lipase, Vomiting",1,1,
GB-DEBIAHP-2014UK00510,"<a target=""_blank""  href=""/xmlpserver/EVVET3 PW NEW/Subject Area Contents/Public Website/Report (PDF)/AER.xdo?_xpf=&_xpt=1&_params%2FOracle%20BI%20EE%3A%3ADefaultApp%3A%3AEVVET3%20PR%20NEW%2FAER%3A%3Adimension%2FAER%20Id%3A%3Aattribute%3A%3Anoaggr%3A%3Axsd%3Adouble=402008&_xt=AER&_xf=pdf""> AER </a>",2014-06-25 00:00:00,Veterinarian,United Kingdom,MALE,Dog,Crossbred Canine/dog,Metacam 1.5 mg/ml - Oral suspension (dogs),"Haemorrhagic diarrhoea, Vomiting",1,1,
GB-DEBIAHP-2014UK00513,"<a target=""_blank""  href=""/xmlpserver/EVVET3 PW NEW/Subject Area Contents/Public Website/Report (PDF)/AER.xdo?_xpf=&_xpt=1&_params%2FOracle%20BI%20EE%3A%3ADefaultApp%3A%3AEVVET3%20PR%20NEW%2FAER%3A%3Adimension%2FAER%20Id%3A%3Aattribute%3A%3Anoaggr%3A%3Axsd%3Adouble=402759&_xt=AER&_xf=pdf""> AER </a>",2014-06-30 00:00:00,Other health care professional,United Kingdom,MALE,Dog,Retriever - Labrador,"Cimalgex 30 mg - Chewable tablet, Metacam 1.5 mg/ml - Oral suspension (dogs)","Blood in vomit, Gastric ulceration NOS, Gastritis, Melaena, Partial lack of efficacy",1,1,
GB-DEBIAHP-2014UK00521,"<a target=""_blank""  href=""/xmlpserver/EVVET3 PW NEW/Subject Area Contents/Public Website/Report (PDF)/AER.xdo?_xpf=&_xpt=1&_params%2FOracle%20BI%20EE%3A%3ADefaultApp%3A%3AEVVET3%20PR%20NEW%2FAER%3A%3Adimension%2FAER%20Id%3A%3Aattribute%3A%3Anoaggr%3A%3Axsd%3Adouble=401929&_xt=AER&_xf=pdf""> AER </a>",2014-06-24 00:00:00,Other health care professional,United Kingdom,MALE,Dog,Terrier - Jack Russell,Metacam 1.5 mg/ml - Oral suspension (dogs),"Death by euthanasia, Elevated renal parameters, Inappetence, Off colour, Renal failure",1,1,1
GB-DEBIAHP-2014UK00550,"<a target=""_blank""  href=""/xmlpserver/EVVET3 PW NEW/Subject Area Contents/Public Website/Report (PDF)/AER.xdo?_xpf=&_xpt=1&_params%2FOracle%20BI%20EE%3A%3ADefaultApp%3A%3AEVVET3%20PR%20NEW%2FAER%3A%3Adimension%2FAER%20Id%3A%3Aattribute%3A%3Anoaggr%3A%3Axsd%3Adouble=403780&_xt=AER&_xf=pdf""> AER </a>",2014-07-08 00:00:00,Veterinarian,United Kingdom,MALE,Dog,Collie - Border,Metacam 1.5 mg/ml - Oral suspension (dogs),"Elevated blood urea nitrogen (BUN), Elevated creatinine",1,1,
GB-DEBIAHP-2014UK00552,"<a target=""_blank""  href=""/xmlpserver/EVVET3 PW NEW/Subject Area Contents/Public Website/Report (PDF)/AER.xdo?_xpf=&_xpt=1&_params%2FOracle%20BI%20EE%3A%3ADefaultApp%3A%3AEVVET3%20PR%20NEW%2FAER%3A%3Adimension%2FAER%20Id%3A%3Aattribute%3A%3Anoaggr%3A%3Axsd%3Adouble=406278&_xt=AER&_xf=pdf""> AER </a>",2014-08-01 00:00:00,Veterinarian,United Kingdom,MALE,Dog,Spaniel - Cocker American,"Carprieve 100 mg Flavoured Tablets for Dogs, Carprieve 100 mg Tablets for Dogs, Carprieve 20 mg Flavoured Tablets for Dogs, Carprieve 20 mg Tablets for Dogs, Carprieve 5 %w/v Small Animal Solution for Injection, Carprieve 50 mg Flavoured Tablets for Dogs, Carprieve 50 mg Tablets for Dogs, Carprieve 50 mg/ml Solution for Injection for Cattle, Combiclav Intramammary Suspension for Lactating Cows, Metacam 5 mg/ml - Solution for injection (cats, dogs), Metacam 5 mg/ml - Solution for injection (cattle, pigs), Metacam 5 mg/ml - Solution for injection (dogs), NOROCLAV 250 mg, comprimate, NOROCLAV INJECTION, NOROCLAV injekčná suspenzia, NOROCLAV, 200/50mg, Tableta, NOROCLAV, 40/10mg, Tableta, NOROCLAV, injekcinė suspensija, Norocarp 50 mg/ml Solution for Injection for Cattle, Norocarp,100 mg, tablet, Noroclav 140/35 mg/ml szuszpenziós injekció szarvasmarhák és kutyák számáraA.U.V., Noroclav 200/50 mg tablety, Noroclav 250 mg Tablets for dogs, Noroclav 250 mg tabletta kutyák részére A.U.V., Noroclav 250 mg, tabletid koertele ja kassidele, Noroclav 40/10 mg tablety, Noroclav 400/100 Ízesített tabletta kutyák részére A.U.V., Noroclav 50 mg Tablets for Dogs and Cats, Noroclav 50 mg tabletta kutyák és macskák részére A.U.V., Noroclav 50 mg, tabletid koertele ja kassidele, Noroclav 500 mg Palatable Tablets for Dogs, Noroclav 500 mg, tabletid koertele, Noroclav Injection for Cattle and Dogs, Noroclav Injection, 140 mg + 35 mg/ml süstesuspensioon veistele, Noroclav Intramammary Suspension for Lactating Cows, Noroclav Suspension zur intramammären Anwendung bei laktierenden Kühen, Noroclav suspensija ievadīšanai tesmenī laktējošām govīm, Noroclav, Injekční suspenze, Reproval 5% Small Animal Injection for Dogs and Cats, Synuclav Suspension for Injection, КАРПРИВ ПЕТ ИНЖЕКТИВЕН инжекционен разтвор за кучета и котки, Нороклав 50 мг, 250 мг таблетки",Injection site swelling,1,1,
GB-DEBIAHP-2014UK00553,"<a target=""_blank""  href=""/xmlpserver/EVVET3 PW NEW/Subject Area Contents/Public Website/Report (PDF)/AER.xdo?_xpf=&_xpt=1&_params%2FOracle%20BI%20EE%3A%3ADefaultApp%3A%3AEVVET3%20PR%20NEW%2FAER%3A%3Adimension%2FAER%20Id%3A%3Aattribute%3A%3Anoaggr%3A%3Axsd%3Adouble=401925&_xt=AER&_xf=pdf""> AER </a>",2014-06-24 00:00:00,Veterinarian,United Kingdom,MALE,Dog,Shih Tzu,"Metacam 1.5 mg/ml - Oral suspension (dogs), Metacam 5 mg/ml - Solution for injection (cats, dogs), Metacam 5 mg/ml - Solution for injection (cattle, pigs), Metacam 5 mg/ml - Solution for injection (dogs)","Lethargy (see also Central nervous system depression in Neurological), Vomiting",1,1,
GB-DEBIAHP-2014UK00592,"<a target=""_blank""  href=""/xmlpserver/EVVET3 PW NEW/Subject Area Contents/Public Website/Report (PDF)/AER.xdo?_xpf=&_xpt=1&_params%2FOracle%20BI%20EE%3A%3ADefaultApp%3A%3AEVVET3%20PR%20NEW%2FAER%3A%3Adimension%2FAER%20Id%3A%3Aattribute%3A%3Anoaggr%3A%3Axsd%3Adouble=406279&_xt=AER&_xf=pdf""> AER </a>",2014-08-01 00:00:00,Veterinarian,United Kingdom,FEMALE,Dog,Dog (other),"ANTIROBE 150 MG GELULES POUR CHIENS, ANTIROBE 150MG/CAP ΚΑΨΑΚΙΟ, ΣΚΛΗΡΟ, ANTIROBE 25 MG GELULES POUR CHIENS, ANTIROBE 300 MG GELULES POUR CHIENS, ANTIROBE 300MG/CAP ΚΑΨΑΚΙΟ, ΣΚΛΗΡΟ, ANTIROBE 75 MG GELULES POUR CHIENS, ANTIROBE 75MG/CAP ΚΑΨΑΚΙΟ, ΣΚΛΗΡΟ, ANTIROBE Capsule da 150 mg per cani, ANTIROBE Capsule da 25 mg per cani e gatti, ANTIROBE Capsule da 300 mg per cani, ANTIROBE Capsule da 75 mg per cani e gatti, ANTIROBE GOUTTES SOLUTION BUVABLE POUR CHIEN ET CHAT, Antirobe 150 mg - Kapseln  für Hunde, Antirobe 150 mg Capsule, hard, Antirobe 150 mg capsules pour chiens, Antirobe 25 mg - Kapseln  für Hunde, Antirobe 25 mg Capsule, hard, Antirobe 25 mg capsules voor honden en katten, Antirobe 25 mg, capsules pour chiens et chats, Antirobe 300 mg - Kapseln für Hunde, Antirobe 300 mg Capsule, hard, Antirobe 300 mg, Capsules pour chiens, Antirobe 75 mg - Kapseln  für Hunde, Antirobe 75 mg Capsule, hard, Antirobe 75 mg, capsules pour chiens, Antirobe Vet. 150 mg kapsler, hårde, Antirobe Vet. 25 mg kapsler, hårde, Antirobe Vet. 300 mg kapsler, hårde, Antirobe Vet. 75 mg kapsler, hårde, Antirobe vet. 150 mg Kapsel, hård, Antirobe vet. 150 mg kapsel, hard til hund, Antirobe vet. 150 mg kapseli, kova koiralle, Antirobe vet. 25 mg Kapsel, hård, Antirobe vet. 25 mg kapseli, kova koiralle ja kissalle, Antirobe vet. 25 mg, kapsel, hard til hund og katt, Antirobe vet. 300 mg Kapsel, hård, Antirobe vet. 300 mg kapseli, kova koiralle, Antirobe vet. 75 mg Kapsel, hård, Antirobe vet. 75 mg kapseli, kova koiralle ja kissalle, Antirobe vet. 75 mg, kapsel, hard til hund og katt, Metacam 1.5 mg/ml - Oral suspension (dogs)","Facial palsy, Hemiparesis (weakness L or R side)",1,1,
GB-DEBIAHP-2014UK00607,"<a target=""_blank""  href=""/xmlpserver/EVVET3 PW NEW/Subject Area Contents/Public Website/Report (PDF)/AER.xdo?_xpf=&_xpt=1&_params%2FOracle%20BI%20EE%3A%3ADefaultApp%3A%3AEVVET3%20PR%20NEW%2FAER%3A%3Adimension%2FAER%20Id%3A%3Aattribute%3A%3Anoaggr%3A%3Axsd%3Adouble=403695&_xt=AER&_xf=pdf""> AER </a>",2014-07-08 00:00:00,Veterinarian,United Kingdom,FEMALE,Dog,Siberian Husky,"Metacam 1.5 mg/ml - Oral suspension (dogs), Metacam 5 mg/ml - Solution for injection (cats, dogs), Metacam 5 mg/ml - Solution for injection (cattle, pigs), Metacam 5 mg/ml - Solution for injection (dogs)","Haemorrhagic diarrhoea, Pyrexia, Vomiting, Weight loss",1,1,
GB-DEBIAHP-2014UK00616,"<a target=""_blank""  href=""/xmlpserver/EVVET3 PW NEW/Subject Area Contents/Public Website/Report (PDF)/AER.xdo?_xpf=&_xpt=1&_params%2FOracle%20BI%20EE%3A%3ADefaultApp%3A%3AEVVET3%20PR%20NEW%2FAER%3A%3Adimension%2FAER%20Id%3A%3Aattribute%3A%3Anoaggr%3A%3Axsd%3Adouble=404485&_xt=AER&_xf=pdf""> AER </a>",2014-07-15 00:00:00,Other health care professional,United Kingdom,FEMALE,Dog,Dog (other),"Metacam 1.5 mg/ml - Oral suspension (dogs), Metacam 5 mg/ml - Solution for injection (cats, dogs), Metacam 5 mg/ml - Solution for injection (cattle, pigs), Metacam 5 mg/ml - Solution for injection (dogs)","Gastritis, Gingivitis, Glossitis, Mouth ulcer, Not eating",1,1,
GB-DEBIAHP-2014UK00621,"<a target=""_blank""  href=""/xmlpserver/EVVET3 PW NEW/Subject Area Contents/Public Website/Report (PDF)/AER.xdo?_xpf=&_xpt=1&_params%2FOracle%20BI%20EE%3A%3ADefaultApp%3A%3AEVVET3%20PR%20NEW%2FAER%3A%3Adimension%2FAER%20Id%3A%3Aattribute%3A%3Anoaggr%3A%3Axsd%3Adouble=403776&_xt=AER&_xf=pdf""> AER </a>",2014-07-08 00:00:00,Animal owner,United Kingdom,MALE,Dog,Terrier - Yorkshire,Metacam 1.5 mg/ml - Oral suspension (dogs),"Bloated, Enteritis, Gastritis, Lethargy (see also Central nervous system depression in Neurological)",1,1,
GB-DEBIAHP-2014UK00626,"<a target=""_blank""  href=""/xmlpserver/EVVET3 PW NEW/Subject Area Contents/Public Website/Report (PDF)/AER.xdo?_xpf=&_xpt=1&_params%2FOracle%20BI%20EE%3A%3ADefaultApp%3A%3AEVVET3%20PR%20NEW%2FAER%3A%3Adimension%2FAER%20Id%3A%3Aattribute%3A%3Anoaggr%3A%3Axsd%3Adouble=404484&_xt=AER&_xf=pdf""> AER </a>",2014-07-15 00:00:00,Other health care professional,United Kingdom,MALE,Dog,Retriever - Labrador,"Metacam 1.5 mg/ml - Oral suspension (dogs), Metacam 5 mg/ml - Solution for injection (cats, dogs), Metacam 5 mg/ml - Solution for injection (cattle, pigs), Metacam 5 mg/ml - Solution for injection (dogs), Onsior 40 mg  - Tablet (dogs), Previcox 227 mg - Chewable tablet","Abdominal effusion, Death, Disseminated intravascular coagulation, Hepatopathy, Lethargy (see also Central nervous system depression in Neurological), Not eating, Palpable mass NOS, Vomiting",1,1,1
GB-DEBIAHP-2014UK00646,"<a target=""_blank""  href=""/xmlpserver/EVVET3 PW NEW/Subject Area Contents/Public Website/Report (PDF)/AER.xdo?_xpf=&_xpt=1&_params%2FOracle%20BI%20EE%3A%3ADefaultApp%3A%3AEVVET3%20PR%20NEW%2FAER%3A%3Adimension%2FAER%20Id%3A%3Aattribute%3A%3Anoaggr%3A%3Axsd%3Adouble=405213&_xt=AER&_xf=pdf""> AER </a>",2014-07-21 00:00:00,Other health care professional,United Kingdom,FEMALE,Dog,Terrier - Scottish,Metacam 1.5 mg/ml - Oral suspension (dogs),"Death by euthanasia, Elevated creatinine, Uraemia, Vomiting",1,1,1
GB-DEBIAHP-2014UK00652,"<a target=""_blank""  href=""/xmlpserver/EVVET3 PW NEW/Subject Area Contents/Public Website/Report (PDF)/AER.xdo?_xpf=&_xpt=1&_params%2FOracle%20BI%20EE%3A%3ADefaultApp%3A%3AEVVET3%20PR%20NEW%2FAER%3A%3Adimension%2FAER%20Id%3A%3Aattribute%3A%3Anoaggr%3A%3Axsd%3Adouble=406112&_xt=AER&_xf=pdf""> AER </a>",2014-08-01 00:00:00,Veterinarian,United Kingdom,FEMALE,Dog,Pug,Metacam 1.5 mg/ml - Oral suspension (dogs),Elevated alanine aminotransferase (ALT),1,1,
GB-DEBIAHP-2014UK00667,"<a target=""_blank""  href=""/xmlpserver/EVVET3 PW NEW/Subject Area Contents/Public Website/Report (PDF)/AER.xdo?_xpf=&_xpt=1&_params%2FOracle%20BI%20EE%3A%3ADefaultApp%3A%3AEVVET3%20PR%20NEW%2FAER%3A%3Adimension%2FAER%20Id%3A%3Aattribute%3A%3Anoaggr%3A%3Axsd%3Adouble=406292&_xt=AER&_xf=pdf""> AER </a>",2014-08-01 00:00:00,Veterinarian,United Kingdom,MALE,Dog,Spaniel - King Charles Cavalier,"Metacam 1.5 mg/ml - Oral suspension (dogs), Metacam 5 mg/ml - Solution for injection (cats, dogs), Metacam 5 mg/ml - Solution for injection (cattle, pigs), Metacam 5 mg/ml - Solution for injection (dogs)",Diarrhoea,1,1,
GB-DEBIAHP-2014UK00671,"<a target=""_blank""  href=""/xmlpserver/EVVET3 PW NEW/Subject Area Contents/Public Website/Report (PDF)/AER.xdo?_xpf=&_xpt=1&_params%2FOracle%20BI%20EE%3A%3ADefaultApp%3A%3AEVVET3%20PR%20NEW%2FAER%3A%3Adimension%2FAER%20Id%3A%3Aattribute%3A%3Anoaggr%3A%3Axsd%3Adouble=406977&_xt=AER&_xf=pdf""> AER </a>",2014-08-06 00:00:00,Veterinarian,United Kingdom,MALE,Dog,Terrier - Jack Russell,"Metacam 5 mg/ml - Solution for injection (cats, dogs), Metacam 5 mg/ml - Solution for injection (cattle, pigs), Metacam 5 mg/ml - Solution for injection (dogs)",Vomiting,1,1,
GB-DEBIAHP-2014UK00673,"<a target=""_blank""  href=""/xmlpserver/EVVET3 PW NEW/Subject Area Contents/Public Website/Report (PDF)/AER.xdo?_xpf=&_xpt=1&_params%2FOracle%20BI%20EE%3A%3ADefaultApp%3A%3AEVVET3%20PR%20NEW%2FAER%3A%3Adimension%2FAER%20Id%3A%3Aattribute%3A%3Anoaggr%3A%3Axsd%3Adouble=407754&_xt=AER&_xf=pdf""> AER </a>",2014-08-12 00:00:00,Veterinarian,United Kingdom,MALE,Dog,Spaniel - King Charles Cavalier,Metacam 1.5 mg/ml - Oral suspension (dogs),"Hyphaemia, Retinal haemorrhage",1,1,
GB-DEBIAHP-2014UK00677,"<a target=""_blank""  href=""/xmlpserver/EVVET3 PW NEW/Subject Area Contents/Public Website/Report (PDF)/AER.xdo?_xpf=&_xpt=1&_params%2FOracle%20BI%20EE%3A%3ADefaultApp%3A%3AEVVET3%20PR%20NEW%2FAER%3A%3Adimension%2FAER%20Id%3A%3Aattribute%3A%3Anoaggr%3A%3Axsd%3Adouble=408225&_xt=AER&_xf=pdf""> AER </a>",2014-08-14 00:00:00,Veterinarian,United Kingdom,MALE,Dog,Retriever - Labrador,"Metacam 5 mg/ml - Solution for injection (cats, dogs), Metacam 5 mg/ml - Solution for injection (cattle, pigs), Metacam 5 mg/ml - Solution for injection (dogs), VETERGESIC MULTIDOSE, 0.3MG/ML, SOLUTION FOR INJECTION FOR DOGS AND CATS","Blood in vomit, Haemorrhagic diarrhoea",1,1,
GB-DEBIAHP-2014UK00683,"<a target=""_blank""  href=""/xmlpserver/EVVET3 PW NEW/Subject Area Contents/Public Website/Report (PDF)/AER.xdo?_xpf=&_xpt=1&_params%2FOracle%20BI%20EE%3A%3ADefaultApp%3A%3AEVVET3%20PR%20NEW%2FAER%3A%3Adimension%2FAER%20Id%3A%3Aattribute%3A%3Anoaggr%3A%3Axsd%3Adouble=406793&_xt=AER&_xf=pdf""> AER </a>",2014-08-05 00:00:00,Other health care professional,United Kingdom,FEMALE,Dog,Retriever - Labrador,Metacam 1.5 mg/ml - Oral suspension (dogs),"Nystagmus, Seizure NOS, Vestibular disorder NOS",1,1,
GB-DEBIAHP-2014UK00685,"<a target=""_blank""  href=""/xmlpserver/EVVET3 PW NEW/Subject Area Contents/Public Website/Report (PDF)/AER.xdo?_xpf=&_xpt=1&_params%2FOracle%20BI%20EE%3A%3ADefaultApp%3A%3AEVVET3%20PR%20NEW%2FAER%3A%3Adimension%2FAER%20Id%3A%3Aattribute%3A%3Anoaggr%3A%3Axsd%3Adouble=408226&_xt=AER&_xf=pdf""> AER </a>",2014-08-14 00:00:00,Veterinarian,United Kingdom,FEMALE,Dog,Spaniel - King Charles Cavalier,Metacam 1.5 mg/ml - Oral suspension (dogs),Sneezing,1,1,
GB-DEBIAHP-2014UK00686,"<a target=""_blank""  href=""/xmlpserver/EVVET3 PW NEW/Subject Area Contents/Public Website/Report (PDF)/AER.xdo?_xpf=&_xpt=1&_params%2FOracle%20BI%20EE%3A%3ADefaultApp%3A%3AEVVET3%20PR%20NEW%2FAER%3A%3Adimension%2FAER%20Id%3A%3Aattribute%3A%3Anoaggr%3A%3Axsd%3Adouble=407691&_xt=AER&_xf=pdf""> AER </a>",2014-08-11 00:00:00,Veterinarian,United Kingdom,MALE,Dog,Collie - Border,"Metacam 5 mg/ml - Solution for injection (cats, dogs), Metacam 5 mg/ml - Solution for injection (cattle, pigs), Metacam 5 mg/ml - Solution for injection (dogs)",Elevated creatinine,1,1,
GB-DEBIAHP-2014UK00699,"<a target=""_blank""  href=""/xmlpserver/EVVET3 PW NEW/Subject Area Contents/Public Website/Report (PDF)/AER.xdo?_xpf=&_xpt=1&_params%2FOracle%20BI%20EE%3A%3ADefaultApp%3A%3AEVVET3%20PR%20NEW%2FAER%3A%3Adimension%2FAER%20Id%3A%3Aattribute%3A%3Anoaggr%3A%3Axsd%3Adouble=408421&_xt=AER&_xf=pdf""> AER </a>",2014-08-15 00:00:00,Other health care professional,United Kingdom,FEMALE,Dog,Schnauzer - Miniature,"ACEPROMAZINE 10%/AGROSEED CANDILIDIS ενέσιμο διάλυμα 10 mg/ml για σκύλο και γάτα, Metacam 1.5 mg/ml - Oral suspension (dogs), Metacam 5 mg/ml - Solution for injection (cats, dogs), Metacam 5 mg/ml - Solution for injection (cattle, pigs), Metacam 5 mg/ml - Solution for injection (dogs), VETERGESIC MULTIDOSE, 0.3MG/ML, SOLUTION FOR INJECTION FOR DOGS AND CATS","Dehydration, Depression, Elevated blood urea nitrogen (BUN), Elevated creatinine, Elevated lipase, Hypercalcaemia, Hyperphosphataemia, Vomiting, Weight loss",1,1,
GB-DEBIAHP-2014UK00700,"<a target=""_blank""  href=""/xmlpserver/EVVET3 PW NEW/Subject Area Contents/Public Website/Report (PDF)/AER.xdo?_xpf=&_xpt=1&_params%2FOracle%20BI%20EE%3A%3ADefaultApp%3A%3AEVVET3%20PR%20NEW%2FAER%3A%3Adimension%2FAER%20Id%3A%3Aattribute%3A%3Anoaggr%3A%3Axsd%3Adouble=408466&_xt=AER&_xf=pdf""> AER </a>",2014-08-18 00:00:00,Other health care professional,United Kingdom,FEMALE,Dog,Beagle,"ALFAXAN 10 mg/ml solution for injection for dogs and cats, Buprecare Multidose 0.3 mg/ml Solution for Injection for Dogs and Cats, Domitor 1 mg/ml solution for injection, Domitor 1 mg/ml soluzione iniettabile per cani e gatti, Metacam 5 mg/ml - Solution for injection (cats, dogs), Metacam 5 mg/ml - Solution for injection (cattle, pigs), Metacam 5 mg/ml - Solution for injection (dogs)","Abdominal cavity haemorrhage, Lethargy (see also Central nervous system depression in Neurological), Pale mucous membrane, Shivering, Thrombocytopenia",1,1,
GB-DEBIAHP-2014UK00705,"<a target=""_blank""  href=""/xmlpserver/EVVET3 PW NEW/Subject Area Contents/Public Website/Report (PDF)/AER.xdo?_xpf=&_xpt=1&_params%2FOracle%20BI%20EE%3A%3ADefaultApp%3A%3AEVVET3%20PR%20NEW%2FAER%3A%3Adimension%2FAER%20Id%3A%3Aattribute%3A%3Anoaggr%3A%3Axsd%3Adouble=409034&_xt=AER&_xf=pdf""> AER </a>",2014-08-21 00:00:00,Animal owner,United Kingdom,MALE,Dog,Ridgeback - Rhodesian,Metacam 1.5 mg/ml - Oral suspension (dogs),Not eating,1,1,
GB-DEBIAHP-2014UK00709,"<a target=""_blank""  href=""/xmlpserver/EVVET3 PW NEW/Subject Area Contents/Public Website/Report (PDF)/AER.xdo?_xpf=&_xpt=1&_params%2FOracle%20BI%20EE%3A%3ADefaultApp%3A%3AEVVET3%20PR%20NEW%2FAER%3A%3Adimension%2FAER%20Id%3A%3Aattribute%3A%3Anoaggr%3A%3Axsd%3Adouble=409449&_xt=AER&_xf=pdf""> AER </a>",2014-08-25 00:00:00,Veterinarian,United Kingdom,MALE,Dog,Spaniel - Springer English,Metacam 1.5 mg/ml - Oral suspension (dogs),"Digestive tract tympany, Haemorrhagic diarrhoea, Loose stool",1,1,
GB-DEBIAHP-2014UK00710,"<a target=""_blank""  href=""/xmlpserver/EVVET3 PW NEW/Subject Area Contents/Public Website/Report (PDF)/AER.xdo?_xpf=&_xpt=1&_params%2FOracle%20BI%20EE%3A%3ADefaultApp%3A%3AEVVET3%20PR%20NEW%2FAER%3A%3Adimension%2FAER%20Id%3A%3Aattribute%3A%3Anoaggr%3A%3Axsd%3Adouble=409452&_xt=AER&_xf=pdf""> AER </a>",2014-08-25 00:00:00,Veterinarian,United Kingdom,MALE,Dog,Dog (other),"Meloxidyl 0.5 mg/ml  - Oral suspension, Meloxidyl 1.5 mg/ml  - Oral suspension, Meloxidyl 20 mg/ml  - Solution for injection, Meloxidyl 20 mg/ml oplossing voor injectie voor runderen en varkens, Meloxidyl 5 mg/ml  - Solution for injection, Metacam 1.5 mg/ml - Oral suspension (dogs)",Lack of efficacy - NOS,1,1,
GB-DEBIAHP-2014UK00717,"<a target=""_blank""  href=""/xmlpserver/EVVET3 PW NEW/Subject Area Contents/Public Website/Report (PDF)/AER.xdo?_xpf=&_xpt=1&_params%2FOracle%20BI%20EE%3A%3ADefaultApp%3A%3AEVVET3%20PR%20NEW%2FAER%3A%3Adimension%2FAER%20Id%3A%3Aattribute%3A%3Anoaggr%3A%3Axsd%3Adouble=409311&_xt=AER&_xf=pdf""> AER </a>",2014-08-25 00:00:00,Veterinarian,United Kingdom,MALE,Dog,Terrier - Jack Russell,"Metacam 15 mg/ml - Oral suspension (horses), Metacam 15 mg/ml - Oral suspension (pigs)","Diarrhoea, Inappetence, Lethargy (see also Central nervous system depression in Neurological), Vomiting",1,1,
GB-DEBIAHP-2014UK00719,"<a target=""_blank""  href=""/xmlpserver/EVVET3 PW NEW/Subject Area Contents/Public Website/Report (PDF)/AER.xdo?_xpf=&_xpt=1&_params%2FOracle%20BI%20EE%3A%3ADefaultApp%3A%3AEVVET3%20PR%20NEW%2FAER%3A%3Adimension%2FAER%20Id%3A%3Aattribute%3A%3Anoaggr%3A%3Axsd%3Adouble=408508&_xt=AER&_xf=pdf""> AER </a>",2014-08-18 00:00:00,Other health care professional,United Kingdom,FEMALE,Dog,Dog (other),Metacam 1.5 mg/ml - Oral suspension (dogs),"Found dead, Off colour, Other abnormal test result NOS, Pale mucous membrane, Tarry or black stool (see also haemorrhagic diarrhoea)",1,1,1
GB-DEBIAHP-2014UK00754,"<a target=""_blank""  href=""/xmlpserver/EVVET3 PW NEW/Subject Area Contents/Public Website/Report (PDF)/AER.xdo?_xpf=&_xpt=1&_params%2FOracle%20BI%20EE%3A%3ADefaultApp%3A%3AEVVET3%20PR%20NEW%2FAER%3A%3Adimension%2FAER%20Id%3A%3Aattribute%3A%3Anoaggr%3A%3Axsd%3Adouble=410386&_xt=AER&_xf=pdf""> AER </a>",2014-09-01 00:00:00,Other health care professional,United Kingdom,MALE,Dog,Terrier - Border,Metacam 1.5 mg/ml - Oral suspension (dogs),"Elevated liver enzymes NOS, Elevated renal parameters, Hyperphosphataemia, Vomiting",1,1,
GB-DEBIAHP-2014UK00761,"<a target=""_blank""  href=""/xmlpserver/EVVET3 PW NEW/Subject Area Contents/Public Website/Report (PDF)/AER.xdo?_xpf=&_xpt=1&_params%2FOracle%20BI%20EE%3A%3ADefaultApp%3A%3AEVVET3%20PR%20NEW%2FAER%3A%3Adimension%2FAER%20Id%3A%3Aattribute%3A%3Anoaggr%3A%3Axsd%3Adouble=410073&_xt=AER&_xf=pdf""> AER </a>",2014-08-29 00:00:00,Animal owner,United Kingdom,FEMALE,Dog,Retriever - Labrador,Metacam 1.5 mg/ml - Oral suspension (dogs),Diarrhoea,1,1,
GB-DEBIAHP-2014UK00762,"<a target=""_blank""  href=""/xmlpserver/EVVET3 PW NEW/Subject Area Contents/Public Website/Report (PDF)/AER.xdo?_xpf=&_xpt=1&_params%2FOracle%20BI%20EE%3A%3ADefaultApp%3A%3AEVVET3%20PR%20NEW%2FAER%3A%3Adimension%2FAER%20Id%3A%3Aattribute%3A%3Anoaggr%3A%3Axsd%3Adouble=409320&_xt=AER&_xf=pdf""> AER </a>",2014-08-25 00:00:00,Animal owner,United Kingdom,MALE,Dog,Shepherd Dog - German,Metacam 1.5 mg/ml - Oral suspension (dogs),Mucous stool,1,1,
GB-DEBIAHP-2014UK00764,"<a target=""_blank""  href=""/xmlpserver/EVVET3 PW NEW/Subject Area Contents/Public Website/Report (PDF)/AER.xdo?_xpf=&_xpt=1&_params%2FOracle%20BI%20EE%3A%3ADefaultApp%3A%3AEVVET3%20PR%20NEW%2FAER%3A%3Adimension%2FAER%20Id%3A%3Aattribute%3A%3Anoaggr%3A%3Axsd%3Adouble=410282&_xt=AER&_xf=pdf""> AER </a>",2014-09-01 00:00:00,Other health care professional,United Kingdom,FEMALE,Dog,Schnauzer - Miniature,"Metacam 1.5 mg/ml - Oral suspension (dogs), Metacam 5 mg/ml - Solution for injection (cats, dogs), Metacam 5 mg/ml - Solution for injection (cattle, pigs), Metacam 5 mg/ml - Solution for injection (dogs)","Balance impaired, Dullness, Eye haemorrhage, Lethargy (see also Central nervous system depression in Neurological), Vomiting",1,1,
GB-DEBIAHP-2014UK00780,"<a target=""_blank""  href=""/xmlpserver/EVVET3 PW NEW/Subject Area Contents/Public Website/Report (PDF)/AER.xdo?_xpf=&_xpt=1&_params%2FOracle%20BI%20EE%3A%3ADefaultApp%3A%3AEVVET3%20PR%20NEW%2FAER%3A%3Adimension%2FAER%20Id%3A%3Aattribute%3A%3Anoaggr%3A%3Axsd%3Adouble=411153&_xt=AER&_xf=pdf""> AER </a>",2014-09-07 00:00:00,Other health care professional,United Kingdom,MALE,Dog,Dog (other),Metacam 1.5 mg/ml - Oral suspension (dogs),"Death by euthanasia, Gastric perforation, Pyloric ulcer, Vomiting",1,1,2
GB-DEBIAHP-2014UK00784,"<a target=""_blank""  href=""/xmlpserver/EVVET3 PW NEW/Subject Area Contents/Public Website/Report (PDF)/AER.xdo?_xpf=&_xpt=1&_params%2FOracle%20BI%20EE%3A%3ADefaultApp%3A%3AEVVET3%20PR%20NEW%2FAER%3A%3Adimension%2FAER%20Id%3A%3Aattribute%3A%3Anoaggr%3A%3Axsd%3Adouble=419439&_xt=AER&_xf=pdf""> AER </a>",2014-11-08 00:00:00,Other health care professional,United Kingdom,FEMALE,Dog,Dog (other),Metacam 1.5 mg/ml - Oral suspension (dogs),"Anaemia NOS, Decreased red blood cell count, Dull, Elevated blood urea nitrogen (BUN), Elevated creatinine, Elevated liver enzymes NOS, Hepatomegaly, Lethargy (see also Central nervous system depression in Neurological), Liver tumour, Low platelet count",1,1,
GB-DEBIAHP-2014UK00786,"<a target=""_blank""  href=""/xmlpserver/EVVET3 PW NEW/Subject Area Contents/Public Website/Report (PDF)/AER.xdo?_xpf=&_xpt=1&_params%2FOracle%20BI%20EE%3A%3ADefaultApp%3A%3AEVVET3%20PR%20NEW%2FAER%3A%3Adimension%2FAER%20Id%3A%3Aattribute%3A%3Anoaggr%3A%3Axsd%3Adouble=412045&_xt=AER&_xf=pdf""> AER </a>",2014-09-16 00:00:00,Other health care professional,United Kingdom,MALE,Dog,Retriever - Labrador,"Metacam 1.5 mg/ml - Oral suspension (dogs), Metacam 5 mg/ml - Solution for injection (cats, dogs), Metacam 5 mg/ml - Solution for injection (cattle, pigs), Metacam 5 mg/ml - Solution for injection (dogs)","Collapse (see also Cardio-vascular and Systemic disorders), Gastric ulcer, Pyrexia, Vomiting, Weak pulse",1,1,
GB-DEBIAHP-2014UK00804,"<a target=""_blank""  href=""/xmlpserver/EVVET3 PW NEW/Subject Area Contents/Public Website/Report (PDF)/AER.xdo?_xpf=&_xpt=1&_params%2FOracle%20BI%20EE%3A%3ADefaultApp%3A%3AEVVET3%20PR%20NEW%2FAER%3A%3Adimension%2FAER%20Id%3A%3Aattribute%3A%3Anoaggr%3A%3Axsd%3Adouble=411209&_xt=AER&_xf=pdf""> AER </a>",2014-09-08 00:00:00,Veterinarian,United Kingdom,MALE,Dog,Collie - Border,"Barbivet vet 30 mg tabletti, Barbivet vet 60 mg tabletti, Metacam 1.5 mg/ml - Oral suspension (dogs), Onsior 10 mg  - Tablet (dogs), Onsior 20 mg  - Tablet (dogs), Onsior 20 mg/ml  - Solution for injection (cats and dogs), Onsior 40 mg  - Tablet (dogs), Onsior 5 mg  - Tablet (dogs), Onsior 6 mg  - Tablet (cats), Pexion 400 mg  - Tablet","Ataxia, Hypersalivation",1,1,
GB-DEBIAHP-2014UK00821,"<a target=""_blank""  href=""/xmlpserver/EVVET3 PW NEW/Subject Area Contents/Public Website/Report (PDF)/AER.xdo?_xpf=&_xpt=1&_params%2FOracle%20BI%20EE%3A%3ADefaultApp%3A%3AEVVET3%20PR%20NEW%2FAER%3A%3Adimension%2FAER%20Id%3A%3Aattribute%3A%3Anoaggr%3A%3Axsd%3Adouble=413966&_xt=AER&_xf=pdf""> AER </a>",2014-10-02 00:00:00,Veterinarian,United Kingdom,MALE,Dog,Terrier - Yorkshire,"Metacam 1.5 mg/ml - Oral suspension (dogs), ZITAC VET 100MG ΔΙΣΚΙΟ, ZITAC VET 200MG ΔΙΣΚΙΟ, Zitac vet 100 mg tablet for dogs, Zitac vet 100 mg tablets for dogs, Zitac vet 200 mg tablet for dogs, Zitac vet 200 mg tablets for dogs","Azotaemia, Diarrhoea, Not eating",1,1,
GB-DEBIAHP-2014UK00848,"<a target=""_blank""  href=""/xmlpserver/EVVET3 PW NEW/Subject Area Contents/Public Website/Report (PDF)/AER.xdo?_xpf=&_xpt=1&_params%2FOracle%20BI%20EE%3A%3ADefaultApp%3A%3AEVVET3%20PR%20NEW%2FAER%3A%3Adimension%2FAER%20Id%3A%3Aattribute%3A%3Anoaggr%3A%3Axsd%3Adouble=413973&_xt=AER&_xf=pdf""> AER </a>",2014-10-01 00:00:00,Veterinarian,United Kingdom,UNKNOWN,Dog,Retriever - Labrador,"CANINSULIN 40 UI/ml SUSPENSION INYECTABLE PARA PERROS Y GATOS, CANINSULIN 40 UI/ml suspensie injectabilă pentru câini și pisici, CANINSULIN 40 UI/ml, sospensione iniettabile per cani e gatti, CANINSULIN 40 i.e./ml suspenzija za injiciranje, CANINSULIN 40IU/ML ΕΝΕΣΙΜΟ ΕΝΑΙΩΡΗΜΑ, CANINSULIN SUSPENSION INJECTABLE POUR CHIENS ET CHATS, Caninsulin 40 IU/ml Suspensie voor injectie, Caninsulin 40 IU/ml Suspension for Injection, Caninsulin 40 IU/ml injekčná suspenzia pre psy a mačky, Caninsulin 40 IU/ml suspensija injekcijām suņiem un kaķiem, Caninsulin 40 NE/ml szuszpenziós injekció kutyák és macskák részére, Caninsulin 40 j.m./ml Zawiesina do wstrzykiwań, Caninsulin Vet. 40 IE/ml injektionsvæske, suspension, Caninsulin vet. 40 TV/ml, injekcinė suspensija šunims ir katėms, Caninsulin, 40 I.E./ml, Caninsulin, 40 I.E./ml, Injektionssuspension für Hunde und Katzen, Caninsulin, 40 I.U./ml, suspension injectable, pour chiens et chats, Caninsulin, 40 IE/ml suspensie voor injectie voor hond en kat, Caninsulin, 40 ui/ml suspensão injetável para cães e gatos, Caninsulin, 40IU/ml, Injekční suspenze, Caninsulin® vet. 40 IU/ml, suspension for injection, Metacam 1.5 mg/ml - Oral suspension (dogs)","Azotaemia, Elevated liver enzymes NOS, Urinary tract infection",1,1,
GB-DEBIAHP-2014UK00852,"<a target=""_blank""  href=""/xmlpserver/EVVET3 PW NEW/Subject Area Contents/Public Website/Report (PDF)/AER.xdo?_xpf=&_xpt=1&_params%2FOracle%20BI%20EE%3A%3ADefaultApp%3A%3AEVVET3%20PR%20NEW%2FAER%3A%3Adimension%2FAER%20Id%3A%3Aattribute%3A%3Anoaggr%3A%3Axsd%3Adouble=413972&_xt=AER&_xf=pdf""> AER </a>",2014-10-01 00:00:00,Veterinarian,United Kingdom,MALE,Dog,Terrier - Yorkshire,Metacam 1.5 mg/ml - Oral suspension (dogs),"Diarrhoea, Vomiting",1,1,
GB-DEBIAHP-2014UK00859,"<a target=""_blank""  href=""/xmlpserver/EVVET3 PW NEW/Subject Area Contents/Public Website/Report (PDF)/AER.xdo?_xpf=&_xpt=1&_params%2FOracle%20BI%20EE%3A%3ADefaultApp%3A%3AEVVET3%20PR%20NEW%2FAER%3A%3Adimension%2FAER%20Id%3A%3Aattribute%3A%3Anoaggr%3A%3Axsd%3Adouble=415147&_xt=AER&_xf=pdf""> AER </a>",2014-10-10 00:00:00,Other health care professional,United Kingdom,MALE,Dog,Shih Tzu,"Comfortan 10 mg/ml solution for injection for dogs and cats, Metacam 5 mg/ml - Solution for injection (cats, dogs), Metacam 5 mg/ml - Solution for injection (cattle, pigs), Metacam 5 mg/ml - Solution for injection (dogs)","Azotaemia, Electrolyte disorder, Elevated amylase, Hyperphosphataemia, Lip licking, Not eating, Renal disorder NOS, Vomiting",1,1,
GB-DEBIAHP-2014UK00860,"<a target=""_blank""  href=""/xmlpserver/EVVET3 PW NEW/Subject Area Contents/Public Website/Report (PDF)/AER.xdo?_xpf=&_xpt=1&_params%2FOracle%20BI%20EE%3A%3ADefaultApp%3A%3AEVVET3%20PR%20NEW%2FAER%3A%3Adimension%2FAER%20Id%3A%3Aattribute%3A%3Anoaggr%3A%3Axsd%3Adouble=413985&_xt=AER&_xf=pdf""> AER </a>",2014-10-01 00:00:00,Veterinarian,United Kingdom,MALE,Dog,Retriever - Golden,Metacam 1.5 mg/ml - Oral suspension (dogs),"Blood in faeces, Diarrhoea",1,1,
GB-DEBIAHP-2014UK00861,"<a target=""_blank""  href=""/xmlpserver/EVVET3 PW NEW/Subject Area Contents/Public Website/Report (PDF)/AER.xdo?_xpf=&_xpt=1&_params%2FOracle%20BI%20EE%3A%3ADefaultApp%3A%3AEVVET3%20PR%20NEW%2FAER%3A%3Adimension%2FAER%20Id%3A%3Aattribute%3A%3Anoaggr%3A%3Axsd%3Adouble=415338&_xt=AER&_xf=pdf""> AER </a>",2014-10-13 00:00:00,Other health care professional,United Kingdom,MALE,Dog,Greyhound,"CLAVASEPTIN 500MG PALATABLE TABLETS FOR DOGS, CLAVASEPTIN 62.5 MG PALATABLE TABLETS FOR DOGS AND CATS, Metacam 1.5 mg/ml - Oral suspension (dogs), Metacam 5 mg/ml - Solution for injection (cats, dogs), Metacam 5 mg/ml - Solution for injection (cattle, pigs), Metacam 5 mg/ml - Solution for injection (dogs), SYNULOX RTU ενέσιμο εναιώρημα για βοοειδή, χοίρους, σκύλους και γάτες, SYNULOX RTU, injekcinė suspensija galvijams, kiaulėms, šunims ir katėms, Synulox RTU suspensija injekcijām liellopiem, cūkām, suņiem un kaķiem, VETERGESIC MULTIDOSE, 0.3MG/ML, SOLUTION FOR INJECTION FOR DOGS AND CATS","Decreased packed cell volume (PCV), Diarrhoea, Haemorrhagic diarrhoea, Low platelet count",1,1,
GB-DEBIAHP-2014UK00862,"<a target=""_blank""  href=""/xmlpserver/EVVET3 PW NEW/Subject Area Contents/Public Website/Report (PDF)/AER.xdo?_xpf=&_xpt=1&_params%2FOracle%20BI%20EE%3A%3ADefaultApp%3A%3AEVVET3%20PR%20NEW%2FAER%3A%3Adimension%2FAER%20Id%3A%3Aattribute%3A%3Anoaggr%3A%3Axsd%3Adouble=413986&_xt=AER&_xf=pdf""> AER </a>",2014-10-01 00:00:00,Veterinarian,United Kingdom,MALE,Dog,Retriever - Labrador,"Metacam 1.5 mg/ml - Oral suspension (dogs), Metacam 5 mg/ml - Solution for injection (cats, dogs), Metacam 5 mg/ml - Solution for injection (cattle, pigs), Metacam 5 mg/ml - Solution for injection (dogs)",Bloody diarrhoea,1,1,
GB-DEBIAHP-2014UK00875,"<a target=""_blank""  href=""/xmlpserver/EVVET3 PW NEW/Subject Area Contents/Public Website/Report (PDF)/AER.xdo?_xpf=&_xpt=1&_params%2FOracle%20BI%20EE%3A%3ADefaultApp%3A%3AEVVET3%20PR%20NEW%2FAER%3A%3Adimension%2FAER%20Id%3A%3Aattribute%3A%3Anoaggr%3A%3Axsd%3Adouble=417574&_xt=AER&_xf=pdf""> AER </a>",2014-10-28 00:00:00,Veterinarian,United Kingdom,MALE,Dog,Spaniel - Cocker American,"AURIZON, AURIZON EAR DROPS, SUSPENSION, Aurizon (3 mg + 10 mg + 1 mg)/ml Krople do uszu, zawiesina, Aurizon Vet. 3+10+0,9 mg/ml øredråber, suspension, Aurizon ausu pilieni, suspensija suņiem, Aurizon, kapi za uho, suspenzija, za pse, Aurizon, ušní kapky, MARBOCYL 10 %, injekcinis tirpalas galvijams ir kiaulėms, MARBOCYL 10%, MARBOCYL 10% 100MG/1ML ΕΝΕΣΙΜΟ ΔΙΑΛΥΜΑ, MARBOCYL 10%, 100 mg/mL, otopina za injekciju za goveda i svinje (krmače), MARBOCYL 100 MG/ML, SOLUTION FOR INJECTION FOR CATTLE AND PIGS, MARBOCYL 100 mg/ml raztopina za injiciranje za goveda in prašiče, MARBOCYL 2 %, injekcinis tirpalas galvijams ir kiaulėms, MARBOCYL 20 MG/ML SOLUTION FOR INJECTION FOR CATTLE AND PIGS, MARBOCYL P 20MG ΔΙΣΚΙΟ, MARBOCYL P 5MG ΔΙΣΚΙΟ, MARBOCYL P 80MG ΔΙΣΚΙΟ, MARBOCYL, 100mg/ml, Injekční roztok, Marbocyl 10 100 mg/ml Roztwór do wstrzykiwań, Marbocyl 10% 100 mg/ml, šķīdums injekcijām liellopiem un cūkām, Marbocyl 10%, 100 mg/ml, süstelahus veistele ja sigadele, Marbocyl 100 mg/ml Solution for Injection, Marbocyl 100 mg/ml injekčný roztok, Marbocyl 100 mg/ml oldatos injekció szarvasmarhák és sertések részére A.U.V., Marbocyl 2% 20 mg/ml, šķīdums injekcijām liellopiem un cūkām, Marbocyl 2%, 20 mg/ml, süstelahus veistele ja sigadele, Marbocyl 20 mg 20 mg Tablet, Marbocyl 20 mg/ml Solution for Injection, Marbocyl 20 mg/ml oldatos injekció szarvasmarhák és sertések részére A.U.V., Marbocyl 5 mg 5 mg Tablet, Marbocyl 80 mg 80 mg Tablet, Marbocyl Vet 20 mg tablets for dogs, Marbocyl Vet 5 mg tablets for dogs and cats, Marbocyl Vet. tabletter 80 mg, Marbocyl palatável 80 mg, Metacam 1.5 mg/ml - Oral suspension (dogs), АУРИЗОН ВЕТ, капки за уши, суспензия за кучета","Petechiae NOS, Thrombocytopenia",1,1,
GB-DEBIAHP-2014UK00877,"<a target=""_blank""  href=""/xmlpserver/EVVET3 PW NEW/Subject Area Contents/Public Website/Report (PDF)/AER.xdo?_xpf=&_xpt=1&_params%2FOracle%20BI%20EE%3A%3ADefaultApp%3A%3AEVVET3%20PR%20NEW%2FAER%3A%3Adimension%2FAER%20Id%3A%3Aattribute%3A%3Anoaggr%3A%3Axsd%3Adouble=415629&_xt=AER&_xf=pdf""> AER </a>",2014-10-13 00:00:00,Other health care professional,United Kingdom,FEMALE,Dog,Shepherd Dog - German,"Metacam 1.5 mg/ml - Oral suspension (dogs), Metacam 5 mg/ml - Solution for injection (cats, dogs), Metacam 5 mg/ml - Solution for injection (cattle, pigs), Metacam 5 mg/ml - Solution for injection (dogs), SEDATOR, 1.0 mg/ml, solution for injection for cats and dogs, Sedator, 1.0 mg/ml, solution for injection for cats and dogs, TRIBRISSEN 40% premix na medikáciu krmiva pre ošípané a ryby, Torbugesic 10 mg/ml Solution for Injection","Acute renal failure, Azotaemia, Collapse (see also Cardio-vascular and Systemic disorders), Death by euthanasia, Electrolyte disorder, Hyperphosphataemia, Recumbency",1,1,1
GB-DEBIAHP-2014UK00880,"<a target=""_blank""  href=""/xmlpserver/EVVET3 PW NEW/Subject Area Contents/Public Website/Report (PDF)/AER.xdo?_xpf=&_xpt=1&_params%2FOracle%20BI%20EE%3A%3ADefaultApp%3A%3AEVVET3%20PR%20NEW%2FAER%3A%3Adimension%2FAER%20Id%3A%3Aattribute%3A%3Anoaggr%3A%3Axsd%3Adouble=416369&_xt=AER&_xf=pdf""> AER </a>",2014-10-19 00:00:00,Other health care professional,United Kingdom,MALE,Dog,Dalmatian,Metacam 2.5 mg - Chewable tablet (dogs),"Bloody diarrhoea, Diarrhoea, Tense abdomen, Vomiting",1,1,
GB-DEBIAHP-2014UK00881,"<a target=""_blank""  href=""/xmlpserver/EVVET3 PW NEW/Subject Area Contents/Public Website/Report (PDF)/AER.xdo?_xpf=&_xpt=1&_params%2FOracle%20BI%20EE%3A%3ADefaultApp%3A%3AEVVET3%20PR%20NEW%2FAER%3A%3Adimension%2FAER%20Id%3A%3Aattribute%3A%3Anoaggr%3A%3Axsd%3Adouble=420274&_xt=AER&_xf=pdf""> AER </a>",2014-11-14 00:00:00,Veterinarian,United Kingdom,FEMALE,Dog,Shepherd Dog - German,"Metacam 1.5 mg/ml - Oral suspension (dogs), Vetmedin 5 mg capsule per cani, Vetmedin 5mg","Anxiety, Increased heart rate",1,1,
GB-DEBIAHP-2014UK00886,"<a target=""_blank""  href=""/xmlpserver/EVVET3 PW NEW/Subject Area Contents/Public Website/Report (PDF)/AER.xdo?_xpf=&_xpt=1&_params%2FOracle%20BI%20EE%3A%3ADefaultApp%3A%3AEVVET3%20PR%20NEW%2FAER%3A%3Adimension%2FAER%20Id%3A%3Aattribute%3A%3Anoaggr%3A%3Axsd%3Adouble=416113&_xt=AER&_xf=pdf""> AER </a>",2014-10-19 00:00:00,Other health care professional,United Kingdom,FEMALE,Dog,Retriever - Golden,"Metacam 5 mg/ml - Solution for injection (cats, dogs), Metacam 5 mg/ml - Solution for injection (cattle, pigs), Metacam 5 mg/ml - Solution for injection (dogs)","Appetite loss, Azotaemia, Depression, Vomiting",1,1,
GB-DEBIAHP-2014UK00902,"<a target=""_blank""  href=""/xmlpserver/EVVET3 PW NEW/Subject Area Contents/Public Website/Report (PDF)/AER.xdo?_xpf=&_xpt=1&_params%2FOracle%20BI%20EE%3A%3ADefaultApp%3A%3AEVVET3%20PR%20NEW%2FAER%3A%3Adimension%2FAER%20Id%3A%3Aattribute%3A%3Anoaggr%3A%3Axsd%3Adouble=418202&_xt=AER&_xf=pdf""> AER </a>",2014-10-31 00:00:00,Veterinarian,United Kingdom,MALE,Dog,Spaniel - Cocker American,Metacam 1.5 mg/ml - Oral suspension (dogs),"Depression, Diarrhoea, Elevated temperature, Pruritus, Reddening of the skin",1,1,
GB-DEBIAHP-2014UK00905,"<a target=""_blank""  href=""/xmlpserver/EVVET3 PW NEW/Subject Area Contents/Public Website/Report (PDF)/AER.xdo?_xpf=&_xpt=1&_params%2FOracle%20BI%20EE%3A%3ADefaultApp%3A%3AEVVET3%20PR%20NEW%2FAER%3A%3Adimension%2FAER%20Id%3A%3Aattribute%3A%3Anoaggr%3A%3Axsd%3Adouble=417065&_xt=AER&_xf=pdf""> AER </a>",2014-10-26 00:00:00,Other health care professional,United Kingdom,FEMALE,Dog,Spaniel - Springer English,"Metacam 1.5 mg/ml - Oral suspension (dogs), Pexion 400 mg  - Tablet","Lethargy (see also Central nervous system depression in Neurological), Unrelated death",1,1,1
GB-DEBIAHP-2014UK00931,"<a target=""_blank""  href=""/xmlpserver/EVVET3 PW NEW/Subject Area Contents/Public Website/Report (PDF)/AER.xdo?_xpf=&_xpt=1&_params%2FOracle%20BI%20EE%3A%3ADefaultApp%3A%3AEVVET3%20PR%20NEW%2FAER%3A%3Adimension%2FAER%20Id%3A%3Aattribute%3A%3Anoaggr%3A%3Axsd%3Adouble=418203&_xt=AER&_xf=pdf""> AER </a>",2014-10-31 00:00:00,Veterinarian,United Kingdom,FEMALE,Dog,Collie - Border,"FRONTLINE 0,25G/100ML ΑΕΡΟΛΥΜΑ ΓΙΑ ΤΟΠΙΚΗ ΧΡΗΣΗ, FRONTLINE 134 mg, solutie spot on pentru caine M, FRONTLINE 268 mg, solutie spot on pentru caine L, FRONTLINE 402 mg, solutie spot on pentru câine XL, FRONTLINE 50 mg, solutie spot on pentru pisica, FRONTLINE 67 mg, solutie spot on pentru caine S, FRONTLINE L, užlašinamasis tirpalas šunims, FRONTLINE M, užlašinamasis tirpalas šunims, FRONTLINE S, užlašinamasis tirpalas šunims, FRONTLINE SPOT ON CANI 100 mg/ml, FRONTLINE SPOT ON CHIEN L, FRONTLINE SPOT ON CHIEN M, FRONTLINE SPOT ON CHIEN S, FRONTLINE SPOT ON DOG  2-10 kg, FRONTLINE SPOT ON DOG, L, Roztok pro nakapání na kůži - spot-on, FRONTLINE SPOT ON DOG, M, Roztok pro nakapání na kůži - spot-on, FRONTLINE SPOT ON DOG, XL, Roztok pro nakapání na kůži - spot-on, FRONTLINE SPOT ON GATO, FRONTLINE SPOT ON GATTI 100 mg/ml, FRONTLINE SPOT ON PERRO 10-20 KG, FRONTLINE SPOT ON PERRO 2-10 KG, FRONTLINE SPOT ON PERRO 20-40 KG, FRONTLINE SPOT ON PERRO > 40 KG, FRONTLINE SPOT ON pro kočky, Roztok pro nakapání na kůži - spot-on, FRONTLINE SPOT PRO PSY, S, Roztok pro nakapání na kůži - spot-on, FRONTLINE SPOT- ON DOG (10-20KG) SOLUTION 10% W/V, FRONTLINE SPOT-ON CAT, FRONTLINE SPOT-ON CHAT, FRONTLINE SPOT-ON CHIEN XL, FRONTLINE SPOT-ON DOG (20-40KG) SOLUTION 10%W/V, FRONTLINE SPRAY (fipronil 0,25%), FRONTLINE SPRAY 2,5 mg/ml SOLUCION PARA PULVERIZACION CUTANEA, FRONTLINE SPRAY POMPE 0,5 ML, FRONTLINE SPRAY POMPE 1,5 ML, FRONTLINE SPRAY, 2.5mg/ml, Kožní sprej, roztok, FRONTLINE SPRAY, sprej za kožu, otopina, za pse i mačke, FRONTLINE Spot-on CAT, 50 mg/0,5 mL, otopina za nakapavanje, za mačke, FRONTLINE Spot-on Dog L, 268 mg/2,68 mL, otopina za nakapavanje, za pse, FRONTLINE Spot-on Dog M, 134 mg/1,34 mL, otopina za nakapavanje, za pse, FRONTLINE Spot-on Dog S, 67 mg/0,67 mL, otopina za nakapavanje, za pse, FRONTLINE Spot-on Dog XL, 402,00 mg/4,02 mL, otopina za nakapavanje, za pse, FRONTLINE Spray, 0.25g/100ml, Αερόλυμα για τοπική χρήση για σκύλους και γάτες, FRONTLINE XL, užlašinamasis tirpalas šunims, FRONTLINE kožni nanos, raztopina za male pse, FRONTLINE kožni nanos, raztopina za mačke, FRONTLINE kožni nanos, raztopina za srednje velike pse, FRONTLINE kožni nanos, raztopina za velike pse, FRONTLINE kožni nanos, raztopina za zelo velike pse, FRONTLINE spot-on pre mačky, FRONTLINE spot-on pre psy (M), FRONTLINE spot-on pre psy (S), FRONTLINE spot-on pre psy (XL), FRONTLINE spot-on pre psy L, FRONTLINE spray 2,5 mg/ml pentru câini şi pisici, FRONTLINE, odos purškalas, tirpalas, FRONTLINE, užlašinamasis tirpalas katėms, Frontline 0,25 g/100 ml külsőleges oldatos spray A.U.V., Frontline 0,5 ml - Pumpspray für Hunde und Katzen, Frontline 1,5 ml - Pumpspray für Hunde und Katzen, Frontline 134 mg/1,34 ml rácsepegtető oldat kutyáknak (M), Frontline 268 mg/2,68 ml rácsepegtető oldat kutyáknak (L), Frontline 402 mg/4,02 ml rácsepegtető oldat kutyáknak (XL), Frontline 50 mg spot on oplossing voor katten, Frontline 50 mg/ 0,5 ml rácsepegtető oldat macskáknak, Frontline 67 mg/0,67 ml rácsepegtető oldat kutyáknak S, Frontline Pour-On Vet. 100 mg/ml kutanopløsning, Frontline Spot On Cat, Frontline Spot On Dog, Frontline Spot On, 134 mg täpilahus koertele, Frontline Spot On, 268 mg täpilahus koertele, Frontline Spot On, 402 mg täpilahus koertele, Frontline Spot On, 50 mg täpilahus kassidele, Frontline Spot On, 67 mg täpilahus koertele, Frontline Spot on Hund L, Frontline Spot on Hund L 268 mg Lösung zum Auftropfen auf die Haut für Hunde, Frontline Spot on Hund M, Frontline Spot on Hund M 134 mg Lösung zum Auftropfen auf die Haut für Hunde, Frontline Spot on Hund S, Frontline Spot on Hund S 67 mg Lösung zum Auftropfen auf die Haut für Hunde, Frontline Spot on Katze, Frontline Spot on Katze 50 mg Lösung zum Auftropfen auf die Haut für Katzen, Frontline Spot-On 50 mg/0,50 ml Roztwór do nakrapiania, Frontline Spot-On L 268 mg/ 2,68 ml Roztwór do nakrapiania, Frontline Spot-On M 134 mg / 1,34 ml Roztwór do nakrapiania, Frontline Spot-On S 67 mg Roztwór do n",Vomiting,1,1,
GB-DEBIAHP-2014UK00935,"<a target=""_blank""  href=""/xmlpserver/EVVET3 PW NEW/Subject Area Contents/Public Website/Report (PDF)/AER.xdo?_xpf=&_xpt=1&_params%2FOracle%20BI%20EE%3A%3ADefaultApp%3A%3AEVVET3%20PR%20NEW%2FAER%3A%3Adimension%2FAER%20Id%3A%3Aattribute%3A%3Anoaggr%3A%3Axsd%3Adouble=419450&_xt=AER&_xf=pdf""> AER </a>",2014-11-08 00:00:00,Other health care professional,United Kingdom,MALE,Dog,Doberman Pinscher,"Dexadreson 2 mg/ml solution for injection, Metacam 5 mg/ml - Solution for injection (cats, dogs), Metacam 5 mg/ml - Solution for injection (cattle, pigs), Metacam 5 mg/ml - Solution for injection (dogs)","Prolonged bleeding NOS, von Willebrands disease",1,1,
GB-DEBIAHP-2014UK00954,"<a target=""_blank""  href=""/xmlpserver/EVVET3 PW NEW/Subject Area Contents/Public Website/Report (PDF)/AER.xdo?_xpf=&_xpt=1&_params%2FOracle%20BI%20EE%3A%3ADefaultApp%3A%3AEVVET3%20PR%20NEW%2FAER%3A%3Adimension%2FAER%20Id%3A%3Aattribute%3A%3Anoaggr%3A%3Axsd%3Adouble=419882&_xt=AER&_xf=pdf""> AER </a>",2014-11-11 00:00:00,Other health care professional,United Kingdom,MALE,Dog,Spaniel - Cocker American,"Metacam 1.5 mg/ml - Oral suspension (dogs), Metacam 5 mg/ml - Solution for injection (cats, dogs), Metacam 5 mg/ml - Solution for injection (cattle, pigs), Metacam 5 mg/ml - Solution for injection (dogs)","Haemorrhagic diarrhoea, Lethargy (see also Central nervous system depression in Neurological), Not eating, Vomiting",1,1,
GB-DEBIAHP-2014UK00956,"<a target=""_blank""  href=""/xmlpserver/EVVET3 PW NEW/Subject Area Contents/Public Website/Report (PDF)/AER.xdo?_xpf=&_xpt=1&_params%2FOracle%20BI%20EE%3A%3ADefaultApp%3A%3AEVVET3%20PR%20NEW%2FAER%3A%3Adimension%2FAER%20Id%3A%3Aattribute%3A%3Anoaggr%3A%3Axsd%3Adouble=418282&_xt=AER&_xf=pdf""> AER </a>",2014-10-31 00:00:00,Veterinarian,United Kingdom,FEMALE,Dog,Dalmatian,Metacam 1.5 mg/ml - Oral suspension (dogs),"Diarrhoea, Tarry or black stool (see also haemorrhagic diarrhoea)",1,1,
GB-DEBIAHP-2014UK00963,"<a target=""_blank""  href=""/xmlpserver/EVVET3 PW NEW/Subject Area Contents/Public Website/Report (PDF)/AER.xdo?_xpf=&_xpt=1&_params%2FOracle%20BI%20EE%3A%3ADefaultApp%3A%3AEVVET3%20PR%20NEW%2FAER%3A%3Adimension%2FAER%20Id%3A%3Aattribute%3A%3Anoaggr%3A%3Axsd%3Adouble=420499&_xt=AER&_xf=pdf""> AER </a>",2014-11-17 00:00:00,Other health care professional,United Kingdom,MALE,Dog,Terrier - Norfolk,"Metacam 1.5 mg/ml - Oral suspension (dogs), Metacam 5 mg/ml - Solution for injection (cats, dogs), Metacam 5 mg/ml - Solution for injection (cattle, pigs), Metacam 5 mg/ml - Solution for injection (dogs)",Elevated liver enzymes NOS,1,1,
GB-DEBIAHP-2014UK00966,"<a target=""_blank""  href=""/xmlpserver/EVVET3 PW NEW/Subject Area Contents/Public Website/Report (PDF)/AER.xdo?_xpf=&_xpt=1&_params%2FOracle%20BI%20EE%3A%3ADefaultApp%3A%3AEVVET3%20PR%20NEW%2FAER%3A%3Adimension%2FAER%20Id%3A%3Aattribute%3A%3Anoaggr%3A%3Axsd%3Adouble=420574&_xt=AER&_xf=pdf""> AER </a>",2014-11-17 00:00:00,Veterinarian,United Kingdom,UNKNOWN,Dog,Dog (other),Metacam 1.5 mg/ml - Oral suspension (dogs),Partial lack of efficacy,1,1,
GB-DEBIAHP-2014UK00969,"<a target=""_blank""  href=""/xmlpserver/EVVET3 PW NEW/Subject Area Contents/Public Website/Report (PDF)/AER.xdo?_xpf=&_xpt=1&_params%2FOracle%20BI%20EE%3A%3ADefaultApp%3A%3AEVVET3%20PR%20NEW%2FAER%3A%3Adimension%2FAER%20Id%3A%3Aattribute%3A%3Anoaggr%3A%3Axsd%3Adouble=421180&_xt=AER&_xf=pdf""> AER </a>",2014-11-21 00:00:00,Other health care professional,United Kingdom,MALE,Dog,Retriever - Labrador,"Advocate 250 mg + 62.5 mg - Spot-on solution, Barbivet vet 30 mg tabletti, Libromide 325 mg tablets for dogs, MILBEMAX 12.5 MG/125 MG CHEWABLE TABLETS FOR DOGS, Metacam 5 mg/ml - Solution for injection (cats, dogs), Metacam 5 mg/ml - Solution for injection (cattle, pigs), Metacam 5 mg/ml - Solution for injection (dogs), Pexion 400 mg  - Tablet","Blood in urine, Conjunctivitis, Death by euthanasia, Lack of efficacy - NOS, Urinary tract infection",1,1,1
GB-DEBIAHP-2014UK00981,"<a target=""_blank""  href=""/xmlpserver/EVVET3 PW NEW/Subject Area Contents/Public Website/Report (PDF)/AER.xdo?_xpf=&_xpt=1&_params%2FOracle%20BI%20EE%3A%3ADefaultApp%3A%3AEVVET3%20PR%20NEW%2FAER%3A%3Adimension%2FAER%20Id%3A%3Aattribute%3A%3Anoaggr%3A%3Axsd%3Adouble=420703&_xt=AER&_xf=pdf""> AER </a>",2014-11-18 00:00:00,Veterinarian,United Kingdom,FEMALE,Dog,Schnauzer - Miniature,"ALFAXAN 10 mg/ml solution for injection for dogs and cats, Metacam 1.5 mg/ml - Oral suspension (dogs), Metacam 5 mg/ml - Solution for injection (cats, dogs), Metacam 5 mg/ml - Solution for injection (cattle, pigs), Metacam 5 mg/ml - Solution for injection (dogs), VETERGESIC MULTIDOSE, 0.3MG/ML, SOLUTION FOR INJECTION FOR DOGS AND CATS","Bloody diarrhoea, Vomiting",1,1,
GB-DEBIAHP-2014UK00982,"<a target=""_blank""  href=""/xmlpserver/EVVET3 PW NEW/Subject Area Contents/Public Website/Report (PDF)/AER.xdo?_xpf=&_xpt=1&_params%2FOracle%20BI%20EE%3A%3ADefaultApp%3A%3AEVVET3%20PR%20NEW%2FAER%3A%3Adimension%2FAER%20Id%3A%3Aattribute%3A%3Anoaggr%3A%3Axsd%3Adouble=420647&_xt=AER&_xf=pdf""> AER </a>",2014-11-17 00:00:00,Veterinarian,United Kingdom,MALE,Dog,Terrier - Bull - Staffordshire,Metacam 1.5 mg/ml - Oral suspension (dogs),"Elevated liver enzymes NOS, Hypoglycaemia",1,1,
GB-DEBIAHP-2014UK00984,"<a target=""_blank""  href=""/xmlpserver/EVVET3 PW NEW/Subject Area Contents/Public Website/Report (PDF)/AER.xdo?_xpf=&_xpt=1&_params%2FOracle%20BI%20EE%3A%3ADefaultApp%3A%3AEVVET3%20PR%20NEW%2FAER%3A%3Adimension%2FAER%20Id%3A%3Aattribute%3A%3Anoaggr%3A%3Axsd%3Adouble=420641&_xt=AER&_xf=pdf""> AER </a>",2014-11-17 00:00:00,Animal owner,United Kingdom,MALE,Dog,Boxer (German Boxer),"Metacam 1.5 mg/ml - Oral suspension (dogs), NORODINE 40 mg/200 mg/ml injekčný roztok, NORODINE, 40/200mg/ml, Injekční roztok, Norodine 240 mg/ml Solution for Injection, Norodine Vet. 200 + 40 mg/ml injektionsvæske, opløsning, Norodine Vet. 288,3 + 58 mg/g oral pasta, Norodine Vet. oralpasta","Blood in faeces, Diarrhoea",1,1,
GB-DEBIAHP-2014UK00996,"<a target=""_blank""  href=""/xmlpserver/EVVET3 PW NEW/Subject Area Contents/Public Website/Report (PDF)/AER.xdo?_xpf=&_xpt=1&_params%2FOracle%20BI%20EE%3A%3ADefaultApp%3A%3AEVVET3%20PR%20NEW%2FAER%3A%3Adimension%2FAER%20Id%3A%3Aattribute%3A%3Anoaggr%3A%3Axsd%3Adouble=420653&_xt=AER&_xf=pdf""> AER </a>",2014-11-17 00:00:00,Veterinarian,United Kingdom,FEMALE,Dog,Crossbred Canine/dog,"Metacam 1.5 mg/ml - Oral suspension (dogs), Metacam 5 mg/ml - Solution for injection (cats, dogs), Metacam 5 mg/ml - Solution for injection (cattle, pigs), Metacam 5 mg/ml - Solution for injection (dogs)","Anorexia, Bilirubinuria, Bruising, Decreased packed cell volume (PCV), Elevated liver enzymes NOS, Lethargy (see also Central nervous system depression in Neurological), Petechiae NOS, Prolonged one stage prothrombin time (OSPT), Regenerative anaemia, Thrombocytopenia",1,1,
GB-DEBIAHP-2014UK00998,"<a target=""_blank""  href=""/xmlpserver/EVVET3 PW NEW/Subject Area Contents/Public Website/Report (PDF)/AER.xdo?_xpf=&_xpt=1&_params%2FOracle%20BI%20EE%3A%3ADefaultApp%3A%3AEVVET3%20PR%20NEW%2FAER%3A%3Adimension%2FAER%20Id%3A%3Aattribute%3A%3Anoaggr%3A%3Axsd%3Adouble=421643&_xt=AER&_xf=pdf""> AER </a>",2014-11-25 00:00:00,Veterinarian,United Kingdom,FEMALE,Dog,Weimaraner,"Metacam 5 mg/ml - Solution for injection (cats, dogs), Metacam 5 mg/ml - Solution for injection (cattle, pigs), Metacam 5 mg/ml - Solution for injection (dogs)","Swollen eye (see also Immune system disorders), Uveitis",1,1,
GB-DEBIAHP-2014UK01000,"<a target=""_blank""  href=""/xmlpserver/EVVET3 PW NEW/Subject Area Contents/Public Website/Report (PDF)/AER.xdo?_xpf=&_xpt=1&_params%2FOracle%20BI%20EE%3A%3ADefaultApp%3A%3AEVVET3%20PR%20NEW%2FAER%3A%3Adimension%2FAER%20Id%3A%3Aattribute%3A%3Anoaggr%3A%3Axsd%3Adouble=420633&_xt=AER&_xf=pdf""> AER </a>",2014-11-17 00:00:00,Other health care professional,United Kingdom,FEMALE,Dog,Rottweiler,"Metacam 1.5 mg/ml - Oral suspension (dogs), Metacam 5 mg/ml - Solution for injection (cats, dogs), Metacam 5 mg/ml - Solution for injection (cattle, pigs), Metacam 5 mg/ml - Solution for injection (dogs)",Vomiting,1,1,
GB-DEBIAHP-2014UK01001,"<a target=""_blank""  href=""/xmlpserver/EVVET3 PW NEW/Subject Area Contents/Public Website/Report (PDF)/AER.xdo?_xpf=&_xpt=1&_params%2FOracle%20BI%20EE%3A%3ADefaultApp%3A%3AEVVET3%20PR%20NEW%2FAER%3A%3Adimension%2FAER%20Id%3A%3Aattribute%3A%3Anoaggr%3A%3Axsd%3Adouble=424347&_xt=AER&_xf=pdf""> AER </a>",2014-12-15 00:00:00,Veterinarian,United Kingdom,MALE,Dog,Rottweiler,"Metacam 1.5 mg/ml - Oral suspension (dogs), Pexion 400 mg  - Tablet",Hyperexcitation,1,1,
GB-DEBIAHP-2014UK01005,"<a target=""_blank""  href=""/xmlpserver/EVVET3 PW NEW/Subject Area Contents/Public Website/Report (PDF)/AER.xdo?_xpf=&_xpt=1&_params%2FOracle%20BI%20EE%3A%3ADefaultApp%3A%3AEVVET3%20PR%20NEW%2FAER%3A%3Adimension%2FAER%20Id%3A%3Aattribute%3A%3Anoaggr%3A%3Axsd%3Adouble=420640&_xt=AER&_xf=pdf""> AER </a>",2014-11-17 00:00:00,Veterinarian,United Kingdom,MALE,Dog,Spaniel - Cocker American,Metacam 1.5 mg/ml - Oral suspension (dogs),Vomiting,1,1,
GB-DEBIAHP-2014UK01006,"<a target=""_blank""  href=""/xmlpserver/EVVET3 PW NEW/Subject Area Contents/Public Website/Report (PDF)/AER.xdo?_xpf=&_xpt=1&_params%2FOracle%20BI%20EE%3A%3ADefaultApp%3A%3AEVVET3%20PR%20NEW%2FAER%3A%3Adimension%2FAER%20Id%3A%3Aattribute%3A%3Anoaggr%3A%3Axsd%3Adouble=420648&_xt=AER&_xf=pdf""> AER </a>",2014-11-17 00:00:00,Veterinarian,United Kingdom,MALE,Dog,Spaniel - Springer English,Metacam 1.5 mg/ml - Oral suspension (dogs),Hypersalivation,1,1,
GB-DEBIAHP-2014UK01041,"<a target=""_blank""  href=""/xmlpserver/EVVET3 PW NEW/Subject Area Contents/Public Website/Report (PDF)/AER.xdo?_xpf=&_xpt=1&_params%2FOracle%20BI%20EE%3A%3ADefaultApp%3A%3AEVVET3%20PR%20NEW%2FAER%3A%3Adimension%2FAER%20Id%3A%3Aattribute%3A%3Anoaggr%3A%3Axsd%3Adouble=421849&_xt=AER&_xf=pdf""> AER </a>",2014-11-26 00:00:00,Veterinarian,United Kingdom,FEMALE,Dog,Dog (other),"Metacam 5 mg/ml - Solution for injection (cats, dogs), Metacam 5 mg/ml - Solution for injection (cattle, pigs), Metacam 5 mg/ml - Solution for injection (dogs), NOBIVAC DHPPI ΚΟΝΙΣ ΚΑΙ ΔΙΑΛΥΤΗΣ ΓΙΑ ΕΝΕΣΙΜΟ ΕΝΑΙΩΡΗΜΑ, NOBIVAC DHPPi, NOBIVAC DHPPi LIOFILIZADO Y DISOLVENTE PARA SUSPENSION INYECTABLE PARA PERROS, NOBIVAC DHPPi, liofilizat i otapalo za suspenziju za injekciju, za pse, NOBIVAC DHPPi, liofilizatas ir skiediklis injekcinei suspensijai ruošti šunims, Nobivac DHPPI  Lyofilisaat voor suspensie voor injectie, Nobivac DHPPi, Nobivac DHPPi Liofilizat i rozpuszczalnik do sporządzania zawiesiny do wstrzykiwań, Nobivac DHPPi Vet. lyofilisat og solvens til injektionsvæske, suspension, Nobivac DHPPi Vet. lyophilisate and solvent for suspension for injection for dogs, Nobivac DHPPi liofilizado e solvente para suspensão injetável para cães, Nobivac DHPPi liofilizāts un šķīdinātājs suspensijas injekcijām pagatavošanai suņiem, Nobivac DHPPi lyofilizát a rozpúšťadlo na injekčnú suspenziu pre psy, Nobivac DHPPi lyophilisat et solvant pour suspension injectable, Nobivac DHPPi vakcina A.U.V., Nobivac DHPPi vet.   Pulver och vätska till injektionsvätska, suspension, Nobivac DHPPi vet. injektiokuiva-aine ja liuotin, suspensiota varten, Nobivac DHPPi vet. lyofilisat og væske til injekssjonsvæske, suspensjon til hund, Nobivac DHPPi vet., Pulver och vätska till injektionsvätska, suspension, Nobivac DHPPi, Lyofilizát pro injekční suspenzi, Nobivac DHPPi, liofilizatas ir skiediklis injekcinei suspensijai ruošti šunims, Nobivac DHPPi, lyofilisaat en suspendeervloeistof voor suspensie voor injectie voor honden, Nobivac DHPPi, süstesuspensiooni lüofilisaat ja lahusti koertele, Nobivac Lepto 2 Suspension for Injection for Dogs, SYNULOX (200+50)MG/TAB ΔΙΣΚΙΟ, SYNULOX (40+10)MG/TAB ΔΙΣΚΙΟ, SYNULOX 140 mg/ml + 35 mg/ml suspensión inyectable, SYNULOX 200 mg/50 mg tablety pre psy a mačky, SYNULOX 200/50 mg COMPRIMIDOS APETITOSOS PARA PERROS, SYNULOX 250 COMPRIMES POUR CHIENS, SYNULOX 250 mg, SYNULOX 250 mg kramtomosios tabletės šunims ir katėms, SYNULOX 250 mg tablete za pse in mačke, SYNULOX 250mg, δισκία για σκύλους και γάτες, SYNULOX 40 mg/10 mg tablety pre psy a mačky, SYNULOX 40 mg/ml + 10 mg/ml POLVO PARA GOTAS ORALES EN SUSPENSION, SYNULOX 40/10 MG COMPRIMIDOS APETITOSOS PARA PERROS Y GATOS, SYNULOX 400 mg/100 mg tablety pre psy, SYNULOX 400/100 mg COMPRIMIDOS APETITOSOS PARA PERROS, SYNULOX 50 COMPRIMES POUR CHIENS ET CHATS, SYNULOX 50 mg, SYNULOX 50 mg kramtomosios tabletės šunims ir katėms, SYNULOX 50 mg tablete za pse in mačke, SYNULOX 500 COMPRIMES POUR CHIENS, SYNULOX 500 mg kramtomosios tabletės šunims, SYNULOX 500 mg tablete za pse, SYNULOX 500 mg, kramtomosios tabletės šunims, SYNULOX 500MG/TAB ΔΙΣΚΙΟ, SYNULOX 50mg, δισκία για σκύλους και γάτες, SYNULOX OGIVETTES POUR VEAUX, SYNULOX SUSPENSION INJECTABLE POUR BOVINS, SYNULOX VET 140 mg/ml injektioneste, suspensio koiralle, kissalle ja sialle, SYNULOX suspensão injetável para suínos, bovinos, cães e gatos, SYNULOX vet 200 mg/50 mg tabletti, koiralle ja kissalle, SYNULOX vet 40 mg/10 mg tabletti, koiralle ja kissalle, SYNULOX vet 400 mg/100 mg tabletti, koiralle, SYNULOX, 400/100mg, Tableta, Synulox 250 mg Comprimés Appétents, Synulox 250 mg Smakelijke tabletten, Synulox 250 mg tabletes suņiem un kaķiem, Synulox 250 mg, tabletid koertele ja kassidele, Synulox 250 mg, таблетки за кучета и котки, Synulox 250mg (200 mg/50 mg)  Tabletten für Hunde, Synulox 50 mg Comprimés Appétents, Synulox 50 mg Smakelijke Tabletten, Synulox 50 mg tabletes suņiem un kaķiem, Synulox 50 mg, tabletid koertele ja kassidele, Synulox 50 mg, таблетки за кучета и котки, Synulox 500 mg Bolus 400 mg - 100 mg Omhulde tablet, Synulox 500 mg Comprimés Appétents, Synulox 500 mg Smakelijke Tabletten, Synulox 500 mg tabletes suņiem, Synulox 500 mg, tabletid koertele, Synulox 500mg (400 mg/100 mg) Tabletten für Hunde, Synulox 50mg (40 mg/10 mg) Tabletten für Hunde und Katzen, Synulox Bolus 500 mg, 400 mg + 100 mg comprimés e","Injection site erythema, Injection site mass NOS, Injection site necrosis",1,1,
GB-DEBIAHP-2014UK01070,"<a target=""_blank""  href=""/xmlpserver/EVVET3 PW NEW/Subject Area Contents/Public Website/Report (PDF)/AER.xdo?_xpf=&_xpt=1&_params%2FOracle%20BI%20EE%3A%3ADefaultApp%3A%3AEVVET3%20PR%20NEW%2FAER%3A%3Adimension%2FAER%20Id%3A%3Aattribute%3A%3Anoaggr%3A%3Axsd%3Adouble=424953&_xt=AER&_xf=pdf""> AER </a>",2014-12-19 00:00:00,Other health care professional,United Kingdom,FEMALE,Dog,Shiba Inu,"ACEPROMAZINE 10%/AGROSEED CANDILIDIS ενέσιμο διάλυμα 10 mg/ml για σκύλο και γάτα, Metacam 1.5 mg/ml - Oral suspension (dogs), Metacam 5 mg/ml - Solution for injection (cats, dogs), Metacam 5 mg/ml - Solution for injection (cattle, pigs), Metacam 5 mg/ml - Solution for injection (dogs), VETERGESIC MULTIDOSE, 0.3MG/ML, SOLUTION FOR INJECTION FOR DOGS AND CATS","Abdominal effusion, Abdominal oedema, Abnormal ultrasound finding, Anuria, Azotaemia, Crystalluria, Death by euthanasia, Decreased urine concentration, Dehydration, Haemoglobinuria, Hypoproteinaemia, Lethargy (see also Central nervous system depression in Neurological), Loose stool, Neutrophilia, Not eating, Oliguria, Pleural effusion, Polydipsia, Polyuria, Proteinuria, Vomiting",1,1,1
GB-DEBIAHP-2014UK01079,"<a target=""_blank""  href=""/xmlpserver/EVVET3 PW NEW/Subject Area Contents/Public Website/Report (PDF)/AER.xdo?_xpf=&_xpt=1&_params%2FOracle%20BI%20EE%3A%3ADefaultApp%3A%3AEVVET3%20PR%20NEW%2FAER%3A%3Adimension%2FAER%20Id%3A%3Aattribute%3A%3Anoaggr%3A%3Axsd%3Adouble=424633&_xt=AER&_xf=pdf""> AER </a>",2014-12-17 00:00:00,Veterinarian,United Kingdom,MALE,Dog,Terrier - Bull - Staffordshire,Metacam 1.5 mg/ml - Oral suspension (dogs),Bloody diarrhoea,1,1,
GB-DEBIAHP-2014UK01083,"<a target=""_blank""  href=""/xmlpserver/EVVET3 PW NEW/Subject Area Contents/Public Website/Report (PDF)/AER.xdo?_xpf=&_xpt=1&_params%2FOracle%20BI%20EE%3A%3ADefaultApp%3A%3AEVVET3%20PR%20NEW%2FAER%3A%3Adimension%2FAER%20Id%3A%3Aattribute%3A%3Anoaggr%3A%3Axsd%3Adouble=423783&_xt=AER&_xf=pdf""> AER </a>",2014-12-11 00:00:00,Veterinarian,United Kingdom,FEMALE,Dog,Weimaraner,"Metacam 1.5 mg/ml - Oral suspension (dogs), Pexion 100 mg  - Tablet, Pexion 400 mg  - Tablet, Soloxine 0.1 mg Tablet, Soloxine 0.2 mg Tablet, Soloxine 0.3 mg Tablet, Soloxine 0.5 mg Tablet, Soloxine 0.8 mg Tablet","Not sleeping, Pacing, Sensory abnormality NOS, Sight affected, Twitching",1,1,
GB-DEBIAHP-2014UK01097,"<a target=""_blank""  href=""/xmlpserver/EVVET3 PW NEW/Subject Area Contents/Public Website/Report (PDF)/AER.xdo?_xpf=&_xpt=1&_params%2FOracle%20BI%20EE%3A%3ADefaultApp%3A%3AEVVET3%20PR%20NEW%2FAER%3A%3Adimension%2FAER%20Id%3A%3Aattribute%3A%3Anoaggr%3A%3Axsd%3Adouble=424959&_xt=AER&_xf=pdf""> AER </a>",2014-12-19 00:00:00,Other health care professional,United Kingdom,FEMALE,Dog,Greyhound,"Cartrophen vet. 100 mg/ml Injektionsvätska, lösning, Metacam 1.5 mg/ml - Oral suspension (dogs)",Seizure NOS,1,1,
GB-DEBIAHP-2014UK01104,"<a target=""_blank""  href=""/xmlpserver/EVVET3 PW NEW/Subject Area Contents/Public Website/Report (PDF)/AER.xdo?_xpf=&_xpt=1&_params%2FOracle%20BI%20EE%3A%3ADefaultApp%3A%3AEVVET3%20PR%20NEW%2FAER%3A%3Adimension%2FAER%20Id%3A%3Aattribute%3A%3Anoaggr%3A%3Axsd%3Adouble=425228&_xt=AER&_xf=pdf""> AER </a>",2014-12-22 00:00:00,Other health care professional,United Kingdom,UNKNOWN,Dog,Unknown,"Metacam 5 mg/ml - Solution for injection (cats, dogs), Metacam 5 mg/ml - Solution for injection (cattle, pigs), Metacam 5 mg/ml - Solution for injection (dogs)","Acute renal failure, Death by euthanasia, Inappetence, Pancreatitis NOS, Vomiting",1,1,1
GB-DEBIAHP-2014UK01113,"<a target=""_blank""  href=""/xmlpserver/EVVET3 PW NEW/Subject Area Contents/Public Website/Report (PDF)/AER.xdo?_xpf=&_xpt=1&_params%2FOracle%20BI%20EE%3A%3ADefaultApp%3A%3AEVVET3%20PR%20NEW%2FAER%3A%3Adimension%2FAER%20Id%3A%3Aattribute%3A%3Anoaggr%3A%3Axsd%3Adouble=424178&_xt=AER&_xf=pdf""> AER </a>",2014-12-15 00:00:00,Veterinarian,United Kingdom,FEMALE,Dog,Retriever - Labrador,Metacam 1.5 mg/ml - Oral suspension (dogs),"Haematemesis, Haemorrhagic diarrhoea",1,1,
GB-NAH-UK201401201,"<a target=""_blank""  href=""/xmlpserver/EVVET3 PW NEW/Subject Area Contents/Public Website/Report (PDF)/AER.xdo?_xpf=&_xpt=1&_params%2FOracle%20BI%20EE%3A%3ADefaultApp%3A%3AEVVET3%20PR%20NEW%2FAER%3A%3Adimension%2FAER%20Id%3A%3Aattribute%3A%3Anoaggr%3A%3Axsd%3Adouble=398003&_xt=AER&_xf=pdf""> AER </a>",2014-05-19 00:00:00,Other health care professional,United Kingdom,MALE,Dog,Retriever - Golden,"Fortekor vet. 20 mg, tabletter til hund, Metacam 1.5 mg/ml - Oral suspension (dogs), Vetmedin 5 mg capsule per cani, Vetmedin 5mg","Allergic dermatitis, Anorexia, Blood in faeces, Death by euthanasia, Diarrhoea, Elevated creatinine, Emesis, Flatulence, Gall bladder & bile duct disorder NOS, Hyperphosphataemia, Jaw disorder, Myositis, Oral pain, Pancreatitis NOS, Pruritus, Spondylosis",1,1,1
GB-NLINTVINT-2014-UK-02791,"<a target=""_blank""  href=""/xmlpserver/EVVET3 PW NEW/Subject Area Contents/Public Website/Report (PDF)/AER.xdo?_xpf=&_xpt=1&_params%2FOracle%20BI%20EE%3A%3ADefaultApp%3A%3AEVVET3%20PR%20NEW%2FAER%3A%3Adimension%2FAER%20Id%3A%3Aattribute%3A%3Anoaggr%3A%3Axsd%3Adouble=409764&_xt=AER&_xf=pdf""> AER </a>",2014-09-01 00:00:00,Other health care professional,United Kingdom,MALE,Dog,Terrier - Bull - Staffordshire,"Metacam 1.5 mg/ml - Oral suspension (dogs), Nobivac Lepto 2 Suspension for Injection for Dogs, Synulox Palatable Tablets 250 mg","Ascites, Azotaemia, Claw / hoof / nail disorder NOS, Cutaneous oedema, Decreased appetite, Ecchymosis, Elevated blood urea nitrogen (BUN), Elevated creatinine, Hepatic disorder NOS, Hyperphosphataemia, Hypoalbuminaemia, Hypoproteinaemia, Lack of efficacy - NOS, Lethargy (see also Central nervous system depression in Neurological), Neutrophilia, Oliguria, Oral ulceration, Other abnormal test result NOS, Prolonged bleeding NOS, Thrombocytopenia, Vomiting",1,1,
GBR-ZZELANCORG-UK201400691,"<a target=""_blank""  href=""/xmlpserver/EVVET3 PW NEW/Subject Area Contents/Public Website/Report (PDF)/AER.xdo?_xpf=&_xpt=1&_params%2FOracle%20BI%20EE%3A%3ADefaultApp%3A%3AEVVET3%20PR%20NEW%2FAER%3A%3Adimension%2FAER%20Id%3A%3Aattribute%3A%3Anoaggr%3A%3Axsd%3Adouble=420551&_xt=AER&_xf=pdf""> AER </a>",2014-11-17 00:00:00,Other health care professional,United Kingdom,MALE,Dog,Unknown,"COLVASONE 2 mg/ml injekčný roztok, Metacam 5 mg/ml - Solution for injection (cats, dogs), Metacam 5 mg/ml - Solution for injection (cattle, pigs), Metacam 5 mg/ml - Solution for injection (dogs)","Bradycardia, Death by euthanasia, Panting, Sedation prolonged",1,1,1
IE-DEBIAHP-2014IE00040,"<a target=""_blank""  href=""/xmlpserver/EVVET3 PW NEW/Subject Area Contents/Public Website/Report (PDF)/AER.xdo?_xpf=&_xpt=1&_params%2FOracle%20BI%20EE%3A%3ADefaultApp%3A%3AEVVET3%20PR%20NEW%2FAER%3A%3Adimension%2FAER%20Id%3A%3Aattribute%3A%3Anoaggr%3A%3Axsd%3Adouble=420720&_xt=AER&_xf=pdf""> AER </a>",2014-11-18 00:00:00,Veterinarian,Ireland,FEMALE,Dog,Terrier - Jack Russell,Metacam 1.5 mg/ml - Oral suspension (dogs),"Anorexia, Dull, Haemorrhagic diarrhoea, Vomiting",1,1,
JP-DEBIAHP-2014JP00007,"<a target=""_blank""  href=""/xmlpserver/EVVET3 PW NEW/Subject Area Contents/Public Website/Report (PDF)/AER.xdo?_xpf=&_xpt=1&_params%2FOracle%20BI%20EE%3A%3ADefaultApp%3A%3AEVVET3%20PR%20NEW%2FAER%3A%3Adimension%2FAER%20Id%3A%3Aattribute%3A%3Anoaggr%3A%3Axsd%3Adouble=407750&_xt=AER&_xf=pdf""> AER </a>",2014-08-12 00:00:00,Veterinarian,Japan,FEMALE,Dog,Dachshund - Miniature,"Metacam 5 mg/ml - Solution for injection (cats, dogs), Metacam 5 mg/ml - Solution for injection (cattle, pigs), Metacam 5 mg/ml - Solution for injection (dogs)","Allergic pruritus, Anaphylactic-type reaction, Behavioural disorder NOS, Cyanosis, Elevated liver enzymes NOS, Fainting, Involuntary defecation, Vomiting",1,1,
NL-NLLEVET-MELOXORAL20140611,"<a target=""_blank""  href=""/xmlpserver/EVVET3 PW NEW/Subject Area Contents/Public Website/Report (PDF)/AER.xdo?_xpf=&_xpt=1&_params%2FOracle%20BI%20EE%3A%3ADefaultApp%3A%3AEVVET3%20PR%20NEW%2FAER%3A%3Adimension%2FAER%20Id%3A%3Aattribute%3A%3Anoaggr%3A%3Axsd%3Adouble=401676&_xt=AER&_xf=pdf""> AER </a>",2014-06-23 00:00:00,Veterinarian,France,MALE,Dog,Bulldog,"DERMIPRED 5 COMPRIMES SECABLES POUR CHIENS ET CHATS, Meloxoral 1.5 mg/ml  - Oral suspension, Metacam 5 mg/ml - Solution for injection (cats, dogs), Metacam 5 mg/ml - Solution for injection (cattle, pigs), Metacam 5 mg/ml - Solution for injection (dogs)","Bloody diarrhoea, Death, Haematemesis, Icterus",1,1,1
NO-ABBOTTAH-058PFLPNO14,"<a target=""_blank""  href=""/xmlpserver/EVVET3 PW NEW/Subject Area Contents/Public Website/Report (PDF)/AER.xdo?_xpf=&_xpt=1&_params%2FOracle%20BI%20EE%3A%3ADefaultApp%3A%3AEVVET3%20PR%20NEW%2FAER%3A%3Adimension%2FAER%20Id%3A%3Aattribute%3A%3Anoaggr%3A%3Axsd%3Adouble=1653672&_xt=AER&_xf=pdf""> AER </a>",2014-11-11 00:00:00,Veterinarian,Norway,MALE,Dog,Pointer - English Pointer,"Cepetor 1 mg/ml Solution for Injection for Dog and Cat, Dolorex 10 mg/ml Solution for Injection for horse, dog and cat, Metacam 0.5 mg/ml - Oral suspension (cats, guinea pigs), Metacam 0.5 mg/ml - Oral suspension (dogs), Metacam 1.5 mg/ml - Oral suspension (dogs), Metacam 15 mg/ml - Oral suspension (horses), Metacam 15 mg/ml - Oral suspension (pigs), Metacam 2 mg/ml - Solution for injection (cats), Metacam 20 mg/ml - Solution for injection (cattle, pigs, horses), Metacam 40 mg/ml - Solution for injection (cattle, horses), Metacam 5 mg/ml - Solution for injection (cats, dogs), Metacam 5 mg/ml - Solution for injection (cattle, pigs), Metacam 5 mg/ml - Solution for injection (dogs), Penovet Vet. 300.000 IE/ml injektionsvæske, suspension, Penovet vet 300 mg/ml (300 000 IU/ml) injektioneste, suspensio, Penovet vet. 300 mg/ml Injektionsvätska, suspension, Penovet vet. 300 mg/ml injeksjonsvæske, suspensjon, Penovet vet. 300.000 a.e./ml stungulyf, dreifa, PropoFlo Plus, 10mg/ml, Emulsion for Injection","Death, Gastric perforation, Pain NOS, Panting, Restlessness, Vocalisation",1,1,1
NO-DEBIAHP-2014NO00007,"<a target=""_blank""  href=""/xmlpserver/EVVET3 PW NEW/Subject Area Contents/Public Website/Report (PDF)/AER.xdo?_xpf=&_xpt=1&_params%2FOracle%20BI%20EE%3A%3ADefaultApp%3A%3AEVVET3%20PR%20NEW%2FAER%3A%3Adimension%2FAER%20Id%3A%3Aattribute%3A%3Anoaggr%3A%3Axsd%3Adouble=396697&_xt=AER&_xf=pdf""> AER </a>",2014-03-25 00:00:00,Veterinarian,Norway,FEMALE,Dog,Terrier - Yorkshire,Metacam 1.5 mg/ml - Oral suspension (dogs),Lethargy (see also Central nervous system depression in Neurological),1,1,
NO-NONOMA-2014-2094,"<a target=""_blank""  href=""/xmlpserver/EVVET3 PW NEW/Subject Area Contents/Public Website/Report (PDF)/AER.xdo?_xpf=&_xpt=1&_params%2FOracle%20BI%20EE%3A%3ADefaultApp%3A%3AEVVET3%20PR%20NEW%2FAER%3A%3Adimension%2FAER%20Id%3A%3Aattribute%3A%3Anoaggr%3A%3Axsd%3Adouble=406413&_xt=AER&_xf=pdf""> AER </a>",2014-08-01 00:00:00,Veterinarian,Norway,MALE,Dog,Spitz - Japanese,Metacam 1.5 mg/ml - Oral suspension (dogs),"Bloody diarrhoea, Elevated creatinine, Vomiting",1,1,
NO-NONOMA-2014-7649,"<a target=""_blank""  href=""/xmlpserver/EVVET3 PW NEW/Subject Area Contents/Public Website/Report (PDF)/AER.xdo?_xpf=&_xpt=1&_params%2FOracle%20BI%20EE%3A%3ADefaultApp%3A%3AEVVET3%20PR%20NEW%2FAER%3A%3Adimension%2FAER%20Id%3A%3Aattribute%3A%3Anoaggr%3A%3Axsd%3Adouble=417353&_xt=AER&_xf=pdf""> AER </a>",2014-10-28 00:00:00,Veterinarian,Norway,MALE,Dog,Spaniel - Tibetan,"Metacam 1 mg - Chewable tablet (dogs), NOBIVAC DHPPI ΚΟΝΙΣ ΚΑΙ ΔΙΑΛΥΤΗΣ ΓΙΑ ΕΝΕΣΙΜΟ ΕΝΑΙΩΡΗΜΑ, NOBIVAC DHPPi, NOBIVAC DHPPi LIOFILIZADO Y DISOLVENTE PARA SUSPENSION INYECTABLE PARA PERROS, NOBIVAC DHPPi, liofilizat i otapalo za suspenziju za injekciju, za pse, NOBIVAC DHPPi, liofilizatas ir skiediklis injekcinei suspensijai ruošti šunims, Nobivac DHPPI  Lyofilisaat voor suspensie voor injectie, Nobivac DHPPi, Nobivac DHPPi Liofilizat i rozpuszczalnik do sporządzania zawiesiny do wstrzykiwań, Nobivac DHPPi Vet. lyofilisat og solvens til injektionsvæske, suspension, Nobivac DHPPi Vet. lyophilisate and solvent for suspension for injection for dogs, Nobivac DHPPi liofilizado e solvente para suspensão injetável para cães, Nobivac DHPPi liofilizāts un šķīdinātājs suspensijas injekcijām pagatavošanai suņiem, Nobivac DHPPi lyofilizát a rozpúšťadlo na injekčnú suspenziu pre psy, Nobivac DHPPi lyophilisat et solvant pour suspension injectable, Nobivac DHPPi vakcina A.U.V., Nobivac DHPPi vet.   Pulver och vätska till injektionsvätska, suspension, Nobivac DHPPi vet. injektiokuiva-aine ja liuotin, suspensiota varten, Nobivac DHPPi vet. lyofilisat og væske til injekssjonsvæske, suspensjon til hund, Nobivac DHPPi vet., Pulver och vätska till injektionsvätska, suspension, Nobivac DHPPi, Lyofilizát pro injekční suspenzi, Nobivac DHPPi, liofilizatas ir skiediklis injekcinei suspensijai ruošti šunims, Nobivac DHPPi, lyofilisaat en suspendeervloeistof voor suspensie voor injectie voor honden, Nobivac DHPPi, süstesuspensiooni lüofilisaat ja lahusti koertele","Death, Shock",1,1,1
NZ-NLINTVINT-2014-NZ-00224,"<a target=""_blank""  href=""/xmlpserver/EVVET3 PW NEW/Subject Area Contents/Public Website/Report (PDF)/AER.xdo?_xpf=&_xpt=1&_params%2FOracle%20BI%20EE%3A%3ADefaultApp%3A%3AEVVET3%20PR%20NEW%2FAER%3A%3Adimension%2FAER%20Id%3A%3Aattribute%3A%3Anoaggr%3A%3Axsd%3Adouble=419178&_xt=AER&_xf=pdf""> AER </a>",2014-11-06 00:00:00,Other health care professional,New Zealand,MALE,Dog,Crossbred Canine/dog,"Bravecto 500 mg - Chewable tablet, Metacam 0.5 mg/ml - Oral suspension (cats, guinea pigs), Metacam 0.5 mg/ml - Oral suspension (dogs), Metacam 1 mg - Chewable tablet (dogs), Metacam 1.5 mg/ml - Oral suspension (dogs), Metacam 15 mg/ml - Oral suspension (horses), Metacam 15 mg/ml - Oral suspension (pigs), Metacam 2 mg/ml - Solution for injection (cats), Metacam 2.5 mg - Chewable tablet (dogs), Metacam 20 mg/ml - Solution for injection (cattle, pigs, horses), Metacam 40 mg/ml - Solution for injection (cattle, horses), Metacam 5 mg/ml - Solution for injection (cats, dogs), Metacam 5 mg/ml - Solution for injection (cattle, pigs), Metacam 5 mg/ml - Solution for injection (dogs)","Anaemia NOS, Blindness, Glaucoma, Hyphaemia, Hypothyroidism",1,1,
SE-DEBIAHP-2014SE00010,"<a target=""_blank""  href=""/xmlpserver/EVVET3 PW NEW/Subject Area Contents/Public Website/Report (PDF)/AER.xdo?_xpf=&_xpt=1&_params%2FOracle%20BI%20EE%3A%3ADefaultApp%3A%3AEVVET3%20PR%20NEW%2FAER%3A%3Adimension%2FAER%20Id%3A%3Aattribute%3A%3Anoaggr%3A%3Axsd%3Adouble=393310&_xt=AER&_xf=pdf""> AER </a>",2014-04-08 00:00:00,Veterinarian,Sweden,MALE,Dog,Lhasa Apso,Metacam 1.5 mg/ml - Oral suspension (dogs),"Facial swelling (see also Skin), Scratching",1,1,
SE-DEBIAHP-2014SE00011,"<a target=""_blank""  href=""/xmlpserver/EVVET3 PW NEW/Subject Area Contents/Public Website/Report (PDF)/AER.xdo?_xpf=&_xpt=1&_params%2FOracle%20BI%20EE%3A%3ADefaultApp%3A%3AEVVET3%20PR%20NEW%2FAER%3A%3Adimension%2FAER%20Id%3A%3Aattribute%3A%3Anoaggr%3A%3Axsd%3Adouble=393447&_xt=AER&_xf=pdf""> AER </a>",2014-04-08 00:00:00,Veterinarian,Sweden,FEMALE,Dog,Boxer (German Boxer),"Bupaq 0,3 mg/ml Injektionslösung für Hunde und Katzen, Isoflurane 100% Inhalation Vapour, Liquid, MIPREPOL, oily suspension for dogs and cats, Metacam 1.5 mg/ml - Oral suspension (dogs), PropoFlo Plus, 10mg/ml, Emulsion for Injection, PropoVet Multidose 10 mg/ml injeksjonsvæske, emulsjon til hund og katt., PropoVet Multidose, 10 mg/ml, émulsion injectable pour chiens et chats, Propovet multidose 10 mg/ml emulsão injetável para cães e gatos, SUROLAN, SUROLAN (23MG+5MG+0,5293MG)/ML ΩΤΙΚΕΣ ΣΤΑΓΟΝΕΣ, ΕΝΑΙΩΡΗΜΑ, SUROLAN DROPS 23mg/ml, 5500IU/ml, 5mg/ml ωτικές σταγόνες σε εναιώρημα και δερματικό εναιώρημα για σκύλους και γάτες, SUROLAN sospensione oleosa per cani e gatti, SUROLAN ušné kvapky a dermálna suspenzia, SUROLAN, Kožní/ušní kapky, suspenze, SUROLAN, kapi za uho i suspenzija za kožu za pse i mačke, SUROLAN, picături auriculate si suspensie cutanată, SUROLAN, suspensija šunims ir katėms, SUROLAN, капки за уши и суспензия за кожа за кучета и котки, Surolan, Surolan  Oordruppels, suspensie, Surolan (23 mg + 0,5293 mg + 5 mg )/ml Krople do uszu, zawiesina, Surolan 5,0 mg/0,5293 mg/23,0 mg/ml, Ohrentropfen, Suspension zur Anwendung auf der Haut für Hunde und Katzen, Surolan Ear Drops and Cutaneous Suspension, Surolan Vet. 5 + 23 + 0,529 mg/ml øredråber, suspension og kutansuspension, Surolan külsőleges szuszpenzió A.U.V., Surolan suspensija ārīgai lietošanai suņiem un kaķiem, Surolan vet.  Örondroppar/kutan suspension, Surolan vet., örondroppar/kutan suspension, Surolan, nahasuspensioon koertele ja kassidele, Surolan, suspensie voor cutaan gebruik, bij honden en katten, Surolan, suspension pour application cutanée/suspension auriculaire en gouttes pour chiens et chats","Behavioural disorder NOS, Falling, Hind limb ataxia",1,1,
SE-DEBIAHP-2014SE00015,"<a target=""_blank""  href=""/xmlpserver/EVVET3 PW NEW/Subject Area Contents/Public Website/Report (PDF)/AER.xdo?_xpf=&_xpt=1&_params%2FOracle%20BI%20EE%3A%3ADefaultApp%3A%3AEVVET3%20PR%20NEW%2FAER%3A%3Adimension%2FAER%20Id%3A%3Aattribute%3A%3Anoaggr%3A%3Axsd%3Adouble=410304&_xt=AER&_xf=pdf""> AER </a>",2014-09-02 00:00:00,Veterinarian,Sweden,UNKNOWN,Dog,Sheepdog - Shetland,Metacam 1.5 mg/ml - Oral suspension (dogs),"Elevated renal parameters, Respiratory sound, Tiredness",1,1,
SE-DEBIAHP-2014SE00018,"<a target=""_blank""  href=""/xmlpserver/EVVET3 PW NEW/Subject Area Contents/Public Website/Report (PDF)/AER.xdo?_xpf=&_xpt=1&_params%2FOracle%20BI%20EE%3A%3ADefaultApp%3A%3AEVVET3%20PR%20NEW%2FAER%3A%3Adimension%2FAER%20Id%3A%3Aattribute%3A%3Anoaggr%3A%3Axsd%3Adouble=398841&_xt=AER&_xf=pdf""> AER </a>",2014-05-27 00:00:00,Other health care professional,Sweden,UNKNOWN,Dog,Dog (other),"Metacam 1.5 mg/ml - Oral suspension (dogs), Metacam 5 mg/ml - Solution for injection (cats, dogs), Metacam 5 mg/ml - Solution for injection (cattle, pigs), Metacam 5 mg/ml - Solution for injection (dogs)",Malaise,1,1,
SE-DEBIAHP-2014SE00019,"<a target=""_blank""  href=""/xmlpserver/EVVET3 PW NEW/Subject Area Contents/Public Website/Report (PDF)/AER.xdo?_xpf=&_xpt=1&_params%2FOracle%20BI%20EE%3A%3ADefaultApp%3A%3AEVVET3%20PR%20NEW%2FAER%3A%3Adimension%2FAER%20Id%3A%3Aattribute%3A%3Anoaggr%3A%3Axsd%3Adouble=399024&_xt=AER&_xf=pdf""> AER </a>",2014-05-28 00:00:00,Veterinarian,Sweden,FEMALE,Dog,Poodle - Toy,Metacam 1.5 mg/ml - Oral suspension (dogs),"Gastric ulcer, Haematemesis, Malaise",1,1,
SE-DEBIAHP-2014SE00024,"<a target=""_blank""  href=""/xmlpserver/EVVET3 PW NEW/Subject Area Contents/Public Website/Report (PDF)/AER.xdo?_xpf=&_xpt=1&_params%2FOracle%20BI%20EE%3A%3ADefaultApp%3A%3AEVVET3%20PR%20NEW%2FAER%3A%3Adimension%2FAER%20Id%3A%3Aattribute%3A%3Anoaggr%3A%3Axsd%3Adouble=399004&_xt=AER&_xf=pdf""> AER </a>",2014-05-28 00:00:00,Veterinarian,Sweden,UNKNOWN,Dog,Dog (other),Metacam 1.5 mg/ml - Oral suspension (dogs),Bloody diarrhoea,1,1,
SE-DEBIAHP-2014SE00030,"<a target=""_blank""  href=""/xmlpserver/EVVET3 PW NEW/Subject Area Contents/Public Website/Report (PDF)/AER.xdo?_xpf=&_xpt=1&_params%2FOracle%20BI%20EE%3A%3ADefaultApp%3A%3AEVVET3%20PR%20NEW%2FAER%3A%3Adimension%2FAER%20Id%3A%3Aattribute%3A%3Anoaggr%3A%3Axsd%3Adouble=399027&_xt=AER&_xf=pdf""> AER </a>",2014-05-28 00:00:00,Veterinarian,Sweden,FEMALE,Dog,Dog (other),"Metacam 1.5 mg/ml - Oral suspension (dogs), Metacam 5 mg/ml - Solution for injection (cats, dogs), Metacam 5 mg/ml - Solution for injection (cattle, pigs), Metacam 5 mg/ml - Solution for injection (dogs)","Bloody diarrhoea, Vomiting",1,1,
SE-DEBIAHP-2014SE00031,"<a target=""_blank""  href=""/xmlpserver/EVVET3 PW NEW/Subject Area Contents/Public Website/Report (PDF)/AER.xdo?_xpf=&_xpt=1&_params%2FOracle%20BI%20EE%3A%3ADefaultApp%3A%3AEVVET3%20PR%20NEW%2FAER%3A%3Adimension%2FAER%20Id%3A%3Aattribute%3A%3Anoaggr%3A%3Axsd%3Adouble=399025&_xt=AER&_xf=pdf""> AER </a>",2014-05-28 00:00:00,Veterinarian,Sweden,FEMALE,Dog,Dog (other),"Metacam 1.5 mg/ml - Oral suspension (dogs), Metacam 5 mg/ml - Solution for injection (cats, dogs), Metacam 5 mg/ml - Solution for injection (cattle, pigs), Metacam 5 mg/ml - Solution for injection (dogs)","Bloody diarrhoea, Vomiting",1,1,
SE-DEBIAHP-2014SE00032,"<a target=""_blank""  href=""/xmlpserver/EVVET3 PW NEW/Subject Area Contents/Public Website/Report (PDF)/AER.xdo?_xpf=&_xpt=1&_params%2FOracle%20BI%20EE%3A%3ADefaultApp%3A%3AEVVET3%20PR%20NEW%2FAER%3A%3Adimension%2FAER%20Id%3A%3Aattribute%3A%3Anoaggr%3A%3Axsd%3Adouble=399028&_xt=AER&_xf=pdf""> AER </a>",2014-05-28 00:00:00,Veterinarian,Sweden,FEMALE,Dog,Dog (other),"Metacam 1.5 mg/ml - Oral suspension (dogs), Metacam 5 mg/ml - Solution for injection (cats, dogs), Metacam 5 mg/ml - Solution for injection (cattle, pigs), Metacam 5 mg/ml - Solution for injection (dogs)","Bloody diarrhoea, Vomiting",1,1,
SE-DEBIAHP-2014SE00033,"<a target=""_blank""  href=""/xmlpserver/EVVET3 PW NEW/Subject Area Contents/Public Website/Report (PDF)/AER.xdo?_xpf=&_xpt=1&_params%2FOracle%20BI%20EE%3A%3ADefaultApp%3A%3AEVVET3%20PR%20NEW%2FAER%3A%3Adimension%2FAER%20Id%3A%3Aattribute%3A%3Anoaggr%3A%3Axsd%3Adouble=399026&_xt=AER&_xf=pdf""> AER </a>",2014-05-28 00:00:00,Veterinarian,Sweden,FEMALE,Dog,Dog (other),"Metacam 1.5 mg/ml - Oral suspension (dogs), Metacam 5 mg/ml - Solution for injection (cats, dogs), Metacam 5 mg/ml - Solution for injection (cattle, pigs), Metacam 5 mg/ml - Solution for injection (dogs)","Diarrhoea, Vomiting",1,1,
SE-DEBIAHP-2014SE00034,"<a target=""_blank""  href=""/xmlpserver/EVVET3 PW NEW/Subject Area Contents/Public Website/Report (PDF)/AER.xdo?_xpf=&_xpt=1&_params%2FOracle%20BI%20EE%3A%3ADefaultApp%3A%3AEVVET3%20PR%20NEW%2FAER%3A%3Adimension%2FAER%20Id%3A%3Aattribute%3A%3Anoaggr%3A%3Axsd%3Adouble=399931&_xt=AER&_xf=pdf""> AER </a>",2014-06-05 00:00:00,Other health care professional,Sweden,MALE,Dog,Schnauzer - Miniature,"Metacam 5 mg/ml - Solution for injection (cats, dogs), Metacam 5 mg/ml - Solution for injection (cattle, pigs), Metacam 5 mg/ml - Solution for injection (dogs)","Abdominal pain, Blood in faeces, Blood in vomit, Drinking a lot, Shivering, Vomiting",1,1,
SE-DEBIAHP-2014SE00077,"<a target=""_blank""  href=""/xmlpserver/EVVET3 PW NEW/Subject Area Contents/Public Website/Report (PDF)/AER.xdo?_xpf=&_xpt=1&_params%2FOracle%20BI%20EE%3A%3ADefaultApp%3A%3AEVVET3%20PR%20NEW%2FAER%3A%3Adimension%2FAER%20Id%3A%3Aattribute%3A%3Anoaggr%3A%3Axsd%3Adouble=423966&_xt=AER&_xf=pdf""> AER </a>",2014-12-12 00:00:00,Other health care professional,Sweden,UNKNOWN,Dog,Dog (other),Metacam 1.5 mg/ml - Oral suspension (dogs),"Acute renal failure, Medication error NOS",1,1,
SE-DEBIAHP-2014SE00078,"<a target=""_blank""  href=""/xmlpserver/EVVET3 PW NEW/Subject Area Contents/Public Website/Report (PDF)/AER.xdo?_xpf=&_xpt=1&_params%2FOracle%20BI%20EE%3A%3ADefaultApp%3A%3AEVVET3%20PR%20NEW%2FAER%3A%3Adimension%2FAER%20Id%3A%3Aattribute%3A%3Anoaggr%3A%3Axsd%3Adouble=425483&_xt=AER&_xf=pdf""> AER </a>",2014-12-23 00:00:00,Animal owner,Sweden,FEMALE,Dog,Poodle - Miniature,Metacam 1.5 mg/ml - Oral suspension (dogs),"Apathy, Confusion, Inappropriate defecation, Inappropriate urination, Not drinking",1,1,
SE-SEMPAV-2014-00075,"<a target=""_blank""  href=""/xmlpserver/EVVET3 PW NEW/Subject Area Contents/Public Website/Report (PDF)/AER.xdo?_xpf=&_xpt=1&_params%2FOracle%20BI%20EE%3A%3ADefaultApp%3A%3AEVVET3%20PR%20NEW%2FAER%3A%3Adimension%2FAER%20Id%3A%3Aattribute%3A%3Anoaggr%3A%3Axsd%3Adouble=405193&_xt=AER&_xf=pdf""> AER </a>",2014-07-21 00:00:00,Veterinarian,Sweden,FEMALE,Dog,Crossbred Canine/dog,"Metacam 2.5 mg - Chewable tablet (dogs), Metacam 5 mg/ml - Solution for injection (cats, dogs), Metacam 5 mg/ml - Solution for injection (cattle, pigs), Metacam 5 mg/ml - Solution for injection (dogs)","Blood in vomit, Bloody diarrhoea, Decreased appetite, Diarrhoea, Vomiting",1,1,
SE-SEMPAV-2014-00107,"<a target=""_blank""  href=""/xmlpserver/EVVET3 PW NEW/Subject Area Contents/Public Website/Report (PDF)/AER.xdo?_xpf=&_xpt=1&_params%2FOracle%20BI%20EE%3A%3ADefaultApp%3A%3AEVVET3%20PR%20NEW%2FAER%3A%3Adimension%2FAER%20Id%3A%3Aattribute%3A%3Anoaggr%3A%3Axsd%3Adouble=414993&_xt=AER&_xf=pdf""> AER </a>",2014-10-08 00:00:00,Veterinarian,Sweden,FEMALE,Dog,Unknown,"Loxicom 5 mg/ml  - Solution for injection (cats, dogs), Metacam 1.5 mg/ml - Oral suspension (dogs)","Bloody diarrhoea, Generalised weakness, Hyperaemic mucous membrane, Increased heart rate, Panting, Vomiting",1,1,
SE-SEMPAV-2014-00128,"<a target=""_blank""  href=""/xmlpserver/EVVET3 PW NEW/Subject Area Contents/Public Website/Report (PDF)/AER.xdo?_xpf=&_xpt=1&_params%2FOracle%20BI%20EE%3A%3ADefaultApp%3A%3AEVVET3%20PR%20NEW%2FAER%3A%3Adimension%2FAER%20Id%3A%3Aattribute%3A%3Anoaggr%3A%3Axsd%3Adouble=398810&_xt=AER&_xf=pdf""> AER </a>",2014-05-27 00:00:00,Veterinarian,Sweden,MALE,Dog,Chihuahua,"ANTISEDAN, ANTISEDAN 5 mg/ml SOLUCIÓN INYECTABLE PARA PERROS Y GATOS, ANTISEDAN 5 mg/ml raztopina za injiciranje za pse in mačke, ANTISEDAN 5MG/ML ΕΝΕΣΙΜΟ ΔΙΑΛΥΜΑ, ANTISEDAN SOLUTION INJECTABLE POUR CHIENS ET CHATS, ANTISEDAN, 5 mg/mL, otopina za injekciju, za pse i mačke, Antisedan 5 mg/ 1 ml, roztwór do wstrzykiwań dla psów i kotów, Antisedan 5 mg/ml  Injektionslösung für Hunde und Katzen, Antisedan 5 mg/ml - Injektionslösung für Hunde und Katzen, Antisedan 5 mg/ml Oplossing voor injectie, Antisedan 5 mg/ml Solution injectable, Antisedan 5 mg/ml injekčný roztok pre psy a mačky, Antisedan 5 mg/ml oldatos injekció kutya és macska részére.A.U.V., Antisedan 5 mg/ml solution for injection, Antisedan 5 mg/ml solução injetável para cães e gatos, Antisedan Vet 5 mg/ml injekcinis tirpalas, Antisedan Vet 5 mg/ml šķīdums injekcijām, Antisedan Vet, 5 mg/ml süstelahus, Antisedan Vet. 5 mg/ml injektionsvæske, opløsning, Antisedan vet 5 mg/ml injektioneste, liuos, Antisedan vet. 5 mg/ml Injektionsvätska, lösning, Antisedan vet. 5 mg/ml Stungulyf, lausn Handa hundum og köttum., Antisedan vet. 5 mg/ml injeksjonsvæske, oppløsning, til hund og katt, Antisedan vet., 5 mg/ml, Injektionsvätska, lösning, Antisedan, 5 mg/ml oplossing voor injectie voor honden en katten, Antisedan, 5mg/ml, Injekční roztok, Borrelym 3, suspension for injection for dogs, DOLOREX, Dexdomitor 0.1 mg/ml - Solution for injection, Dexdomitor 0.5 mg/ml - Solution for injection, Dolorex 10 mg/ml Solution for Injection for horse, dog and cat, Dolorex 10 mg/ml ενέσιμο διάλυμα για άλογο, σκύλο και γάτα, Metacam 0.5 mg/ml - Oral suspension (cats, guinea pigs), Metacam 0.5 mg/ml - Oral suspension (dogs), Metacam 1 mg - Chewable tablet (dogs), Metacam 1.5 mg/ml - Oral suspension (dogs), Metacam 15 mg/ml - Oral suspension (horses), Metacam 15 mg/ml - Oral suspension (pigs), Metacam 2 mg/ml - Solution for injection (cats), Metacam 2.5 mg - Chewable tablet (dogs), Metacam 20 mg/ml - Solution for injection (cattle, pigs, horses), Metacam 40 mg/ml - Solution for injection (cattle, horses), Metacam 5 mg/ml - Solution for injection (cats, dogs), Metacam 5 mg/ml - Solution for injection (cattle, pigs), Metacam 5 mg/ml - Solution for injection (dogs), АНТИСЕДАН ВЕТ 5 mg/ml инжекционен разтвор","Injection site lump, Itching",1,1,
SE-SEMPAV-2014-00279,"<a target=""_blank""  href=""/xmlpserver/EVVET3 PW NEW/Subject Area Contents/Public Website/Report (PDF)/AER.xdo?_xpf=&_xpt=1&_params%2FOracle%20BI%20EE%3A%3ADefaultApp%3A%3AEVVET3%20PR%20NEW%2FAER%3A%3Adimension%2FAER%20Id%3A%3Aattribute%3A%3Anoaggr%3A%3Axsd%3Adouble=414774&_xt=AER&_xf=pdf""> AER </a>",2014-10-06 00:00:00,Veterinarian,Sweden,FEMALE,Dog,Chihuahua,Metacam 1.5 mg/ml - Oral suspension (dogs),Blood in faeces,1,1,
SE-SEMPAV-2014-00395,"<a target=""_blank""  href=""/xmlpserver/EVVET3 PW NEW/Subject Area Contents/Public Website/Report (PDF)/AER.xdo?_xpf=&_xpt=1&_params%2FOracle%20BI%20EE%3A%3ADefaultApp%3A%3AEVVET3%20PR%20NEW%2FAER%3A%3Adimension%2FAER%20Id%3A%3Aattribute%3A%3Anoaggr%3A%3Axsd%3Adouble=417388&_xt=AER&_xf=pdf""> AER </a>",2014-10-28 00:00:00,Veterinarian,Sweden,FEMALE,Dog,Crossbred Canine/dog,"Metacam 0.5 mg/ml - Oral suspension (cats, guinea pigs), Metacam 0.5 mg/ml - Oral suspension (dogs), Metacam 1 mg - Chewable tablet (dogs), Metacam 1.5 mg/ml - Oral suspension (dogs), Metacam 15 mg/ml - Oral suspension (horses), Metacam 15 mg/ml - Oral suspension (pigs), Metacam 2 mg/ml - Solution for injection (cats), Metacam 2.5 mg - Chewable tablet (dogs), Metacam 20 mg/ml - Solution for injection (cattle, pigs, horses), Metacam 40 mg/ml - Solution for injection (cattle, horses), Metacam 5 mg/ml - Solution for injection (cats, dogs), Metacam 5 mg/ml - Solution for injection (cattle, pigs), Metacam 5 mg/ml - Solution for injection (dogs), RIMADYL 100 mg COMPRIMIDOS MASTICABLES PARA PERROS, RIMADYL 100 mg comprimate pentru câini, RIMADYL 100 mg, kramtomosios tabletės šunims, RIMADYL 100MG/TAB ΜΑΣΩΜΕΝΟ ΔΙΣΚΙΟ, RIMADYL 20 mg COMPRIMIDOS MASTICABLES PARA PERROS, RIMADYL 20 mg, kramtomosios tabletės šunims, RIMADYL 20MG/TAB ΜΑΣΩΜΕΝΟ ΔΙΣΚΙΟ, RIMADYL 50 mg COMPRIMIDOS MASTICABLES PARA PERROS, RIMADYL 50 mg comprimate pentru câini, RIMADYL 50 mg, kramtomosios tabletės šunims, RIMADYL 50MG/TAB ΜΑΣΩΜΕΝΟ ΔΙΣΚΙΟ, RIMADYL 50mg/ml ενέσιμο διάλυμα για σκύλους και γάτες, RIMADYL CATTLE 50 mg/ml, injekcinis tirpalas galvijams, RIMADYL Cattle 50 mg/ml Solution for Injection, RIMADYL INJECTABLE SOLUTION INJECTABLE POUR CHATS ET CHIENS, RIMADYL Injection 50mg/ml Διαυγές αποστειρωμένο ενέσιμο διάλυμα για σκύλους και γάτες, RIMADYL SMAKELIJKE TABLETTEN 100 mg voor honden, RIMADYL SMAKELIJKE TABLETTEN 50 mg voor honden, RIMADYL VET 50 mg/ml injektioneste, liuos, RIMADYL vet 100 mg purutabletti, RIMADYL vet 20 mg purutabletti, RIMADYL vet 50 mg purutabletti, Rimadyl 100 mg - Kautabletten für Hunde, Rimadyl 100 mg Comprimés Appétents 100 mg Tablet, Rimadyl 100 mg Kautablette für Hunde, Rimadyl 100 mg comprimidos mastigáveis para cães, Rimadyl 100 mg comprimés appétents, 100 mg, comprimés pour chiens, Rimadyl 100 mg okusne, žvečljive tablete za pse, Rimadyl 100 mg tabletes suņiem, Rimadyl 100 mg ízesített tabletta A.U.V., Rimadyl 20 mg - Kautabletten für Hunde, Rimadyl 20 mg Comprimés Appétents 20 mg Comprimé, Rimadyl 20 mg Comprimés Appétents 20 mg Tablet, Rimadyl 20 mg Kautablette für Hunde, Rimadyl 20 mg okusne, žvečljive tablete za pse, Rimadyl 20 mg ízesített tabletta A.U.V., Rimadyl 20 mg таблетки за кучета/Rimadyl 50 mg таблетки за кучета/Rimadyl 100 mg таблетки за кучета, Rimadyl 50 mg - Kautabletten für Hunde, Rimadyl 50 mg Comprimés Appétents 50 mg Tablet, Rimadyl 50 mg Kautablette für Hunde, Rimadyl 50 mg comprimidos mastigáveis para cães, Rimadyl 50 mg comprimés appétents, 50 mg, comprimés pour chiens, Rimadyl 50 mg košļājamās tabletes suņiem, Rimadyl 50 mg okusne, žvečljive tablete za pse, Rimadyl 50 mg ízesített tabletta A.U.V., Rimadyl 50 mg/ml - Injektionslösung für Hunde und Katzen, Rimadyl 50 mg/ml injekčný roztok, Rimadyl 50mg/ml Injektionslösung für Hunde und Katzen, Rimadyl Cattle, 50 mg/mL, otopina za injekciju, za goveda, Rimadyl Iniettabile 50 mg/ml, soluzione iniettabile per cane e gatto., Rimadyl Palatable 100 mg tablety pre psy, Rimadyl Palatable 20 mg tablety pre psy, Rimadyl Palatable 50 mg tablety pre psy, Rimadyl Palatable Tablets 100, Rimadyl Palatable Tablets 100 mg, Rimadyl Palatable Tablets 100 mg tabletes suņiem, Rimadyl Palatable Tablets 20 mg, Rimadyl Palatable Tablets 20 mg tabletes suņiem, Rimadyl Palatable Tablets 50, Rimadyl Palatable Tablets 50 mg, Rimadyl Palatable Tablets 50 mg tabletes suņiem, Rimadyl Palatable Tablets da 100 mg per cani, Rimadyl Palatable Tablets da 20 mg per cani, Rimadyl Palatable Tablets da 50 mg per cani, Rimadyl Palatable, 100mg, Žvýkací tableta, Rimadyl Palatable, 20mg, Žvýkací tableta, Rimadyl Palatable, 50mg, Žvýkací tableta, Rimadyl Solution for Injection for dogs and cats 50 mg/ml, Rimadyl Vet. 100 mg tyggetabletter, Rimadyl Vet. 20 mg tyggetabletter, Rimadyl Vet. 50 mg tyggetabletter, Rimadyl cattle 50 mg/ml oplossing voor injectie, Rimadyl injectievloeistof, 50 mg/ml voor hon",Bloody diarrhoea,1,1,
SE-SEMPAV.2014-00228,"<a target=""_blank""  href=""/xmlpserver/EVVET3 PW NEW/Subject Area Contents/Public Website/Report (PDF)/AER.xdo?_xpf=&_xpt=1&_params%2FOracle%20BI%20EE%3A%3ADefaultApp%3A%3AEVVET3%20PR%20NEW%2FAER%3A%3Adimension%2FAER%20Id%3A%3Aattribute%3A%3Anoaggr%3A%3Axsd%3Adouble=405705&_xt=AER&_xf=pdf""> AER </a>",2014-07-27 00:00:00,Veterinarian,Sweden,FEMALE,Dog,Spaniel - King Charles Cavalier,"Metacam 0.5 mg/ml - Oral suspension (cats, guinea pigs), Metacam 0.5 mg/ml - Oral suspension (dogs), Metacam 1 mg - Chewable tablet (dogs), Metacam 1.5 mg/ml - Oral suspension (dogs), Metacam 15 mg/ml - Oral suspension (horses), Metacam 15 mg/ml - Oral suspension (pigs), Metacam 2 mg/ml - Solution for injection (cats), Metacam 2.5 mg - Chewable tablet (dogs), Metacam 20 mg/ml - Solution for injection (cattle, pigs, horses), Metacam 40 mg/ml - Solution for injection (cattle, horses), Metacam 5 mg/ml - Solution for injection (cats, dogs), Metacam 5 mg/ml - Solution for injection (cattle, pigs), Metacam 5 mg/ml - Solution for injection (dogs)","Bloody diarrhoea, Death, Generalised weakness",1,1,1
UK-VMD-1754/14,"<a target=""_blank""  href=""/xmlpserver/EVVET3 PW NEW/Subject Area Contents/Public Website/Report (PDF)/AER.xdo?_xpf=&_xpt=1&_params%2FOracle%20BI%20EE%3A%3ADefaultApp%3A%3AEVVET3%20PR%20NEW%2FAER%3A%3Adimension%2FAER%20Id%3A%3Aattribute%3A%3Anoaggr%3A%3Axsd%3Adouble=396567&_xt=AER&_xf=pdf""> AER </a>",2014-05-07 00:00:00,Veterinarian,United Kingdom,MALE,Dog,Terrier - Jack Russell,"Metacam 5 mg/ml - Solution for injection (cats, dogs), Metacam 5 mg/ml - Solution for injection (cattle, pigs), Metacam 5 mg/ml - Solution for injection (dogs), SYNULOX  RTU, SYNULOX RTU, SYNULOX RTU 140 mg/38,5 mg suspenzija za injiciranje, SYNULOX RTU 140/35 mg/ml injekčná suspenzia, SYNULOX RTU ενέσιμο εναιώρημα για βοοειδή, χοίρους, σκύλους και γάτες, SYNULOX RTU, Injekční suspenze, SYNULOX RTU, injekcinė suspensija galvijams, kiaulėms, šunims ir katėms, SYNULOX® RTU 140/35 mg/ml, Injektionssuspension für Rinder, Schweine (Ferkel, Mastschweine), Hunde und Katzen, Synulox RTU 140/35 mg/ml Injektionssuspension für Rinder, Schweine (Ferkel, Mastschweine), Hunde und Katzen, Synulox RTU 140/35 mg/ml szuszpenziós injekció szarvasmarhák, sertések, kutyák és macskák részére A.U.V., Synulox RTU suspensija injekcijām liellopiem, cūkām, suņiem un kaķiem, Synulox RTU инжекционна суспензия за говеда, свине, кучета и котки, Synulox RTU, süstesuspensioon veistele, sigadele, koertele ja kassidele, Synulox Ready To Use Injection, Synulox Ready to Use Injection, Synulox Ready-To-Use 140 mg/ml Suspensie voor injectie, Synulox Ready-To-Use, 140 mg/ml + 35 mg/ml, suspension injectable pour chiens et chats","Alopecia general, Death by euthanasia, Pyoderma, Rash",1,1,1
UK-VMD-1901/14,"<a target=""_blank""  href=""/xmlpserver/EVVET3 PW NEW/Subject Area Contents/Public Website/Report (PDF)/AER.xdo?_xpf=&_xpt=1&_params%2FOracle%20BI%20EE%3A%3ADefaultApp%3A%3AEVVET3%20PR%20NEW%2FAER%3A%3Adimension%2FAER%20Id%3A%3Aattribute%3A%3Anoaggr%3A%3Axsd%3Adouble=397557&_xt=AER&_xf=pdf""> AER </a>",2014-05-15 00:00:00,Veterinarian,United Kingdom,UNKNOWN,Dog,Pointing Dog - Hungarian Short-haired (Vizsla),"ACEPROMAZINE 10%/AGROSEED CANDILIDIS ενέσιμο διάλυμα 10 mg/ml για σκύλο και γάτα, Metacam 5 mg/ml - Solution for injection (cats, dogs), Metacam 5 mg/ml - Solution for injection (cattle, pigs), Metacam 5 mg/ml - Solution for injection (dogs), VETERGESIC MULTIDOSE, 0.3MG/ML, SOLUTION FOR INJECTION FOR DOGS AND CATS, Vetofol 10 mg/ml Emulsion for Injection for Cats and Dogs, Vetofol 10mg/ml Emulsion for Injection for cats and dogs","Cardiac arrest, Death, Diarrhoea, Haemorrhagic diarrhoea, Hypoproteinaemia, Hypotension, Oedema NOS (see other SOCs for specific oedemas), Vomiting",1,1,1
UK-VMD-3266/14,"<a target=""_blank""  href=""/xmlpserver/EVVET3 PW NEW/Subject Area Contents/Public Website/Report (PDF)/AER.xdo?_xpf=&_xpt=1&_params%2FOracle%20BI%20EE%3A%3ADefaultApp%3A%3AEVVET3%20PR%20NEW%2FAER%3A%3Adimension%2FAER%20Id%3A%3Aattribute%3A%3Anoaggr%3A%3Axsd%3Adouble=406780&_xt=AER&_xf=pdf""> AER </a>",2014-08-05 00:00:00,Veterinarian,United Kingdom,MALE,Dog,Retriever - Labrador,"Metacam 0.5 mg/ml - Oral suspension (cats, guinea pigs), Metacam 0.5 mg/ml - Oral suspension (dogs)","Death, Duodenal ulcer, Peritonitis",1,1,1
UK-VMD-3303/14,"<a target=""_blank""  href=""/xmlpserver/EVVET3 PW NEW/Subject Area Contents/Public Website/Report (PDF)/AER.xdo?_xpf=&_xpt=1&_params%2FOracle%20BI%20EE%3A%3ADefaultApp%3A%3AEVVET3%20PR%20NEW%2FAER%3A%3Adimension%2FAER%20Id%3A%3Aattribute%3A%3Anoaggr%3A%3Axsd%3Adouble=406523&_xt=AER&_xf=pdf""> AER </a>",2014-08-05 00:00:00,Veterinarian,United Kingdom,MALE,Dog,Spaniel - Springer English,"Metacam 1.5 mg/ml - Oral suspension (dogs), RILEXINE COMPRIMES 300 MG",Skin necrosis,1,1,
UK-VMD-3446/14,"<a target=""_blank""  href=""/xmlpserver/EVVET3 PW NEW/Subject Area Contents/Public Website/Report (PDF)/AER.xdo?_xpf=&_xpt=1&_params%2FOracle%20BI%20EE%3A%3ADefaultApp%3A%3AEVVET3%20PR%20NEW%2FAER%3A%3Adimension%2FAER%20Id%3A%3Aattribute%3A%3Anoaggr%3A%3Axsd%3Adouble=412602&_xt=AER&_xf=pdf""> AER </a>",2014-09-18 00:00:00,Veterinarian,United Kingdom,MALE,Dog,Shepherd Dog - German,"Metacam 1.5 mg/ml - Oral suspension (dogs), Metacam 5 mg/ml - Solution for injection (cats, dogs), Metacam 5 mg/ml - Solution for injection (cattle, pigs), Metacam 5 mg/ml - Solution for injection (dogs)","Death, Elevated alanine aminotransferase (ALT), Elevated cholesterol (total), Elevated renal parameters, Elevated total bilirubin, Hyperphosphataemia, Lateral recumbency, Muscle rigidity, Neurological signs NOS, Neutrophilia, Prolonged activated partial thrombin time (APTT), Thrombocytopenia",1,1,1
UK-VMD-3460/14,"<a target=""_blank""  href=""/xmlpserver/EVVET3 PW NEW/Subject Area Contents/Public Website/Report (PDF)/AER.xdo?_xpf=&_xpt=1&_params%2FOracle%20BI%20EE%3A%3ADefaultApp%3A%3AEVVET3%20PR%20NEW%2FAER%3A%3Adimension%2FAER%20Id%3A%3Aattribute%3A%3Anoaggr%3A%3Axsd%3Adouble=407631&_xt=AER&_xf=pdf""> AER </a>",2014-08-12 00:00:00,Veterinarian,United Kingdom,FEMALE,Dog,Unknown,"Metacam 5 mg/ml - Solution for injection (cats, dogs), Metacam 5 mg/ml - Solution for injection (cattle, pigs), Metacam 5 mg/ml - Solution for injection (dogs)","Haemorrhagic diarrhoea, Vomiting",1,1,
UK-VMD-3771/14,"<a target=""_blank""  href=""/xmlpserver/EVVET3 PW NEW/Subject Area Contents/Public Website/Report (PDF)/AER.xdo?_xpf=&_xpt=1&_params%2FOracle%20BI%20EE%3A%3ADefaultApp%3A%3AEVVET3%20PR%20NEW%2FAER%3A%3Adimension%2FAER%20Id%3A%3Aattribute%3A%3Anoaggr%3A%3Axsd%3Adouble=410283&_xt=AER&_xf=pdf""> AER </a>",2014-09-01 00:00:00,Veterinarian,United Kingdom,MALE,Dog,Retriever - Labrador,"Cartrophen Vet 100 mg/ml Solution for Injection., Metacam 0.5 mg/ml - Oral suspension (cats, guinea pigs), Metacam 0.5 mg/ml - Oral suspension (dogs)","Anaemia NOS, Azotaemia, Diarrhoea, Elevated amylase, Emesis, Hyperphosphataemia, Inappetence",1,1,
UK-VMD-4019/14,"<a target=""_blank""  href=""/xmlpserver/EVVET3 PW NEW/Subject Area Contents/Public Website/Report (PDF)/AER.xdo?_xpf=&_xpt=1&_params%2FOracle%20BI%20EE%3A%3ADefaultApp%3A%3AEVVET3%20PR%20NEW%2FAER%3A%3Adimension%2FAER%20Id%3A%3Aattribute%3A%3Anoaggr%3A%3Axsd%3Adouble=411851&_xt=AER&_xf=pdf""> AER </a>",2014-09-15 00:00:00,Other health care professional,United Kingdom,MALE,Dog,Weimaraner,Metacam 1.5 mg/ml - Oral suspension (dogs),Tarry or black stool (see also haemorrhagic diarrhoea),1,1,
UK-VMD-4519/14,"<a target=""_blank""  href=""/xmlpserver/EVVET3 PW NEW/Subject Area Contents/Public Website/Report (PDF)/AER.xdo?_xpf=&_xpt=1&_params%2FOracle%20BI%20EE%3A%3ADefaultApp%3A%3AEVVET3%20PR%20NEW%2FAER%3A%3Adimension%2FAER%20Id%3A%3Aattribute%3A%3Anoaggr%3A%3Axsd%3Adouble=415987&_xt=AER&_xf=pdf""> AER </a>",2014-10-16 00:00:00,Veterinarian,United Kingdom,FEMALE,Dog,Schnauzer - Miniature,Metacam 1.5 mg/ml - Oral suspension (dogs),"Collapse NOS (see also Cardio-vascular and Neurological disorders), Emesis, Hypothermia, Pale mucous membrane",1,1,
UK-VMD-4616/14,"<a target=""_blank""  href=""/xmlpserver/EVVET3 PW NEW/Subject Area Contents/Public Website/Report (PDF)/AER.xdo?_xpf=&_xpt=1&_params%2FOracle%20BI%20EE%3A%3ADefaultApp%3A%3AEVVET3%20PR%20NEW%2FAER%3A%3Adimension%2FAER%20Id%3A%3Aattribute%3A%3Anoaggr%3A%3Axsd%3Adouble=416346&_xt=AER&_xf=pdf""> AER </a>",2014-10-19 00:00:00,Veterinarian,United Kingdom,MALE,Dog,Retriever - Labrador,Metacam 2.5 mg - Chewable tablet (dogs),"Diarrhoea, Vomiting",1,1,
UK-VMD-4714/14,"<a target=""_blank""  href=""/xmlpserver/EVVET3 PW NEW/Subject Area Contents/Public Website/Report (PDF)/AER.xdo?_xpf=&_xpt=1&_params%2FOracle%20BI%20EE%3A%3ADefaultApp%3A%3AEVVET3%20PR%20NEW%2FAER%3A%3Adimension%2FAER%20Id%3A%3Aattribute%3A%3Anoaggr%3A%3Axsd%3Adouble=417106&_xt=AER&_xf=pdf""> AER </a>",2014-10-27 00:00:00,Veterinarian,United Kingdom,FEMALE,Dog,Crossbred Canine/dog,Metacam 1.5 mg/ml - Oral suspension (dogs),"Abdominal discomfort, Gut sounds increased",1,1,
UK-VMD-4869/14,"<a target=""_blank""  href=""/xmlpserver/EVVET3 PW NEW/Subject Area Contents/Public Website/Report (PDF)/AER.xdo?_xpf=&_xpt=1&_params%2FOracle%20BI%20EE%3A%3ADefaultApp%3A%3AEVVET3%20PR%20NEW%2FAER%3A%3Adimension%2FAER%20Id%3A%3Aattribute%3A%3Anoaggr%3A%3Axsd%3Adouble=418894&_xt=AER&_xf=pdf""> AER </a>",2014-11-05 00:00:00,Veterinarian,United Kingdom,FEMALE,Dog,Terrier - Jack Russell,Metacam 1 mg - Chewable tablet (dogs),"Behavioural disorder NOS, Haemorrhagic diarrhoea, Vomiting",1,1,
UK-VMD-4894/14,"<a target=""_blank""  href=""/xmlpserver/EVVET3 PW NEW/Subject Area Contents/Public Website/Report (PDF)/AER.xdo?_xpf=&_xpt=1&_params%2FOracle%20BI%20EE%3A%3ADefaultApp%3A%3AEVVET3%20PR%20NEW%2FAER%3A%3Adimension%2FAER%20Id%3A%3Aattribute%3A%3Anoaggr%3A%3Axsd%3Adouble=419457&_xt=AER&_xf=pdf""> AER </a>",2014-11-08 00:00:00,Veterinarian,United Kingdom,FEMALE,Dog,Collie - Border,"Metacam 5 mg/ml - Solution for injection (cats, dogs), Metacam 5 mg/ml - Solution for injection (cattle, pigs), Metacam 5 mg/ml - Solution for injection (dogs)",Acute renal failure,1,1,
UK-VMD-4960/14,"<a target=""_blank""  href=""/xmlpserver/EVVET3 PW NEW/Subject Area Contents/Public Website/Report (PDF)/AER.xdo?_xpf=&_xpt=1&_params%2FOracle%20BI%20EE%3A%3ADefaultApp%3A%3AEVVET3%20PR%20NEW%2FAER%3A%3Adimension%2FAER%20Id%3A%3Aattribute%3A%3Anoaggr%3A%3Axsd%3Adouble=419669&_xt=AER&_xf=pdf""> AER </a>",2014-11-10 00:00:00,Veterinarian,United Kingdom,MALE,Dog,Terrier - Tibetan,Metacam 1.5 mg/ml - Oral suspension (dogs),"Ascites, Immune mediated thrombocytopenia, Oedema NOS (see other SOCs for specific oedemas), Pyrexia",1,1,
UK-VMD-4972/14,"<a target=""_blank""  href=""/xmlpserver/EVVET3 PW NEW/Subject Area Contents/Public Website/Report (PDF)/AER.xdo?_xpf=&_xpt=1&_params%2FOracle%20BI%20EE%3A%3ADefaultApp%3A%3AEVVET3%20PR%20NEW%2FAER%3A%3Adimension%2FAER%20Id%3A%3Aattribute%3A%3Anoaggr%3A%3Axsd%3Adouble=419787&_xt=AER&_xf=pdf""> AER </a>",2014-11-11 00:00:00,Veterinarian,United Kingdom,FEMALE,Dog,Pug,"ACEPROMAZINE 10%/AGROSEED CANDILIDIS ενέσιμο διάλυμα 10 mg/ml για σκύλο και γάτα, Buprecare 0.3 mg/ml Solution for Injection for Dogs and Cats, Metacam 5 mg/ml - Solution for injection (cats, dogs), Metacam 5 mg/ml - Solution for injection (cattle, pigs), Metacam 5 mg/ml - Solution for injection (dogs)","Conjunctivitis, Ocular discharge, Urticaria",1,1,
UK-VMD-5081/14,"<a target=""_blank""  href=""/xmlpserver/EVVET3 PW NEW/Subject Area Contents/Public Website/Report (PDF)/AER.xdo?_xpf=&_xpt=1&_params%2FOracle%20BI%20EE%3A%3ADefaultApp%3A%3AEVVET3%20PR%20NEW%2FAER%3A%3Adimension%2FAER%20Id%3A%3Aattribute%3A%3Anoaggr%3A%3Axsd%3Adouble=420622&_xt=AER&_xf=pdf""> AER </a>",2014-11-17 00:00:00,Veterinarian,United Kingdom,FEMALE,Dog,Terrier - West Highland White,"Incurin 1 mg - Tablet, Metacam 1.5 mg/ml - Oral suspension (dogs)",Swollen vulva,1,1,
UK-VMD-5128/14,"<a target=""_blank""  href=""/xmlpserver/EVVET3 PW NEW/Subject Area Contents/Public Website/Report (PDF)/AER.xdo?_xpf=&_xpt=1&_params%2FOracle%20BI%20EE%3A%3ADefaultApp%3A%3AEVVET3%20PR%20NEW%2FAER%3A%3Adimension%2FAER%20Id%3A%3Aattribute%3A%3Anoaggr%3A%3Axsd%3Adouble=420764&_xt=AER&_xf=pdf""> AER </a>",2014-11-18 00:00:00,Animal owner,United Kingdom,MALE,Dog,Retriever - Labrador,Metacam 1.5 mg/ml - Oral suspension (dogs),"Anorexia, Blood in faeces, Emesis, Gastric ulceration NOS, Haemorrhagic diarrhoea",1,1,
UK-VMD-5219/14,"<a target=""_blank""  href=""/xmlpserver/EVVET3 PW NEW/Subject Area Contents/Public Website/Report (PDF)/AER.xdo?_xpf=&_xpt=1&_params%2FOracle%20BI%20EE%3A%3ADefaultApp%3A%3AEVVET3%20PR%20NEW%2FAER%3A%3Adimension%2FAER%20Id%3A%3Aattribute%3A%3Anoaggr%3A%3Axsd%3Adouble=421812&_xt=AER&_xf=pdf""> AER </a>",2014-11-25 00:00:00,Veterinarian,United Kingdom,FEMALE,Dog,Retriever - Labrador,"CLAVASEPTIN 500MG PALATABLE TABLETS FOR DOGS, CLAVASEPTIN P 250 MG TABLETS FOR DOGS, Metacam 0.5 mg/ml - Oral suspension (cats, guinea pigs), Metacam 0.5 mg/ml - Oral suspension (dogs)","Skin lesion NOS, Skin ulcer",1,1,
UK-VMD-5383/14,"<a target=""_blank""  href=""/xmlpserver/EVVET3 PW NEW/Subject Area Contents/Public Website/Report (PDF)/AER.xdo?_xpf=&_xpt=1&_params%2FOracle%20BI%20EE%3A%3ADefaultApp%3A%3AEVVET3%20PR%20NEW%2FAER%3A%3Adimension%2FAER%20Id%3A%3Aattribute%3A%3Anoaggr%3A%3Axsd%3Adouble=422988&_xt=AER&_xf=pdf""> AER </a>",2014-12-04 00:00:00,Veterinarian,United Kingdom,MALE,Dog,Spaniel - King Charles Cavalier,Metacam 1.5 mg/ml - Oral suspension (dogs),"Bullous disorder NOS, Dyspnoea, Local swelling (not application site), Oral swelling, Pharyngeal oedema",1,1,
UK-VMD-5429/14,"<a target=""_blank""  href=""/xmlpserver/EVVET3 PW NEW/Subject Area Contents/Public Website/Report (PDF)/AER.xdo?_xpf=&_xpt=1&_params%2FOracle%20BI%20EE%3A%3ADefaultApp%3A%3AEVVET3%20PR%20NEW%2FAER%3A%3Adimension%2FAER%20Id%3A%3Aattribute%3A%3Anoaggr%3A%3Axsd%3Adouble=423419&_xt=AER&_xf=pdf""> AER </a>",2014-12-08 00:00:00,Veterinarian,United Kingdom,FEMALE,Dog,Unknown,"Metacam 5 mg/ml - Solution for injection (cats, dogs), Metacam 5 mg/ml - Solution for injection (cattle, pigs), Metacam 5 mg/ml - Solution for injection (dogs), Vetofol 10 mg/ml Emulsion for Injection for Cats and Dogs, Vetofol 10mg/ml Emulsion for Injection for cats and dogs","Allergic reaction, Eyelid erythema, Eyelid oedema, Papular rash, Periorbital oedema (see also Immune system disorders)",1,1,
UK-VMD-5474/14,"<a target=""_blank""  href=""/xmlpserver/EVVET3 PW NEW/Subject Area Contents/Public Website/Report (PDF)/AER.xdo?_xpf=&_xpt=1&_params%2FOracle%20BI%20EE%3A%3ADefaultApp%3A%3AEVVET3%20PR%20NEW%2FAER%3A%3Adimension%2FAER%20Id%3A%3Aattribute%3A%3Anoaggr%3A%3Axsd%3Adouble=424000&_xt=AER&_xf=pdf""> AER </a>",2014-12-12 00:00:00,Veterinarian,United Kingdom,MALE,Dog,Retriever - Golden,Metacam 1.5 mg/ml - Oral suspension (dogs),"Agitation, Behavioural disorder NOS, Diarrhoea, Restlessness, Tachypnoea",1,1,
UK-VMD-5560/14,"<a target=""_blank""  href=""/xmlpserver/EVVET3 PW NEW/Subject Area Contents/Public Website/Report (PDF)/AER.xdo?_xpf=&_xpt=1&_params%2FOracle%20BI%20EE%3A%3ADefaultApp%3A%3AEVVET3%20PR%20NEW%2FAER%3A%3Adimension%2FAER%20Id%3A%3Aattribute%3A%3Anoaggr%3A%3Axsd%3Adouble=424580&_xt=AER&_xf=pdf""> AER </a>",2014-12-17 00:00:00,Veterinarian,United Kingdom,FEMALE,Dog,Greyhound,Metacam 1.5 mg/ml - Oral suspension (dogs),"Anorexia, Vomiting",1,1,
UK-VMD-5844/14,"<a target=""_blank""  href=""/xmlpserver/EVVET3 PW NEW/Subject Area Contents/Public Website/Report (PDF)/AER.xdo?_xpf=&_xpt=1&_params%2FOracle%20BI%20EE%3A%3ADefaultApp%3A%3AEVVET3%20PR%20NEW%2FAER%3A%3Adimension%2FAER%20Id%3A%3Aattribute%3A%3Anoaggr%3A%3Axsd%3Adouble=425935&_xt=AER&_xf=pdf""> AER </a>",2014-12-30 00:00:00,Veterinarian,United Kingdom,FEMALE,Dog,Collie - Rough-haired,"CLAVASEPTIN 500MG PALATABLE TABLETS FOR DOGS, CLAVASEPTIN P 250 MG TABLETS FOR DOGS, Metacam 1.5 mg/ml - Oral suspension (dogs)","Abdominal pain, Decreased appetite, Dehydration, Diarrhoea, Emesis (multiple), Lethargy (see also Central nervous system depression in Neurological), Pancreatitis NOS",1,1,
US-DEBIAHP-2013US12959,"<a target=""_blank""  href=""/xmlpserver/EVVET3 PW NEW/Subject Area Contents/Public Website/Report (PDF)/AER.xdo?_xpf=&_xpt=1&_params%2FOracle%20BI%20EE%3A%3ADefaultApp%3A%3AEVVET3%20PR%20NEW%2FAER%3A%3Adimension%2FAER%20Id%3A%3Aattribute%3A%3Anoaggr%3A%3Axsd%3Adouble=385360&_xt=AER&_xf=pdf""> AER </a>",2014-01-17 00:00:00,Animal owner,United States,FEMALE,Dog,Boxer (German Boxer),"Metacam 1.5 mg/ml - Oral suspension (dogs), SYNULOX (200+50)MG/TAB ΔΙΣΚΙΟ, SYNULOX (40+10)MG/TAB ΔΙΣΚΙΟ, SYNULOX 140 mg/ml + 35 mg/ml suspensión inyectable, SYNULOX 200 mg/50 mg tablety pre psy a mačky, SYNULOX 200/50 mg COMPRIMIDOS APETITOSOS PARA PERROS, SYNULOX 250 COMPRIMES POUR CHIENS, SYNULOX 250 mg, SYNULOX 250 mg kramtomosios tabletės šunims ir katėms, SYNULOX 250 mg tablete za pse in mačke, SYNULOX 250mg, δισκία για σκύλους και γάτες, SYNULOX 40 mg/10 mg tablety pre psy a mačky, SYNULOX 40 mg/ml + 10 mg/ml POLVO PARA GOTAS ORALES EN SUSPENSION, SYNULOX 40/10 MG COMPRIMIDOS APETITOSOS PARA PERROS Y GATOS, SYNULOX 400 mg/100 mg tablety pre psy, SYNULOX 400/100 mg COMPRIMIDOS APETITOSOS PARA PERROS, SYNULOX 50 COMPRIMES POUR CHIENS ET CHATS, SYNULOX 50 mg, SYNULOX 50 mg kramtomosios tabletės šunims ir katėms, SYNULOX 50 mg tablete za pse in mačke, SYNULOX 500 COMPRIMES POUR CHIENS, SYNULOX 500 mg kramtomosios tabletės šunims, SYNULOX 500 mg tablete za pse, SYNULOX 500 mg, kramtomosios tabletės šunims, SYNULOX 500MG/TAB ΔΙΣΚΙΟ, SYNULOX 50mg, δισκία για σκύλους και γάτες, SYNULOX OGIVETTES POUR VEAUX, SYNULOX SUSPENSION INJECTABLE POUR BOVINS, SYNULOX VET 140 mg/ml injektioneste, suspensio koiralle, kissalle ja sialle, SYNULOX suspensão injetável para suínos, bovinos, cães e gatos, SYNULOX vet 200 mg/50 mg tabletti, koiralle ja kissalle, SYNULOX vet 40 mg/10 mg tabletti, koiralle ja kissalle, SYNULOX vet 400 mg/100 mg tabletti, koiralle, SYNULOX, 400/100mg, Tableta, Synulox 250 mg Comprimés Appétents, Synulox 250 mg Smakelijke tabletten, Synulox 250 mg tabletes suņiem un kaķiem, Synulox 250 mg, tabletid koertele ja kassidele, Synulox 250 mg, таблетки за кучета и котки, Synulox 250mg (200 mg/50 mg)  Tabletten für Hunde, Synulox 50 mg Comprimés Appétents, Synulox 50 mg Smakelijke Tabletten, Synulox 50 mg tabletes suņiem un kaķiem, Synulox 50 mg, tabletid koertele ja kassidele, Synulox 50 mg, таблетки за кучета и котки, Synulox 500 mg Bolus 400 mg - 100 mg Omhulde tablet, Synulox 500 mg Comprimés Appétents, Synulox 500 mg Smakelijke Tabletten, Synulox 500 mg tabletes suņiem, Synulox 500 mg, tabletid koertele, Synulox 500mg (400 mg/100 mg) Tabletten für Hunde, Synulox 50mg (40 mg/10 mg) Tabletten für Hunde und Katzen, Synulox Bolus 500 mg, 400 mg + 100 mg comprimés enrobés pour veaux, Synulox Lactating Cow Intramammary suspension., Synulox Tabletki 250 mg, Synulox Tabletki 250 mg (200+50) mg/tablete; tabletes suņiem, Synulox Tabletki 50 mg, Synulox Tabletki 50 mg (40+10) mg/ tablete; tabletes suņiem un kaķiem, Synulox Tabletki 500 mg, Synulox Vet. til hund og kat 200 + 50 mg tabletter, Synulox Vet. til hund og kat 40 + 10 mg tabletter, Synulox Vet. til hund tabletter 400 + 100 mg, Synulox Vet. til kalve 400 + 100 mg tabletter, Synulox comprimidos palatáveis 250 mg para cães e gatos, Synulox comprimidos palatáveis 50 mg para cães e gatos, Synulox comprimidos palatáveis 500 mg para cães, Synulox vet 40 mg/ml jauhe oraalisuspensiota varten koiralle ja kissalle, Synulox vet. 200 mg tabletter for hund og katt, Synulox vet. 200 mg/50 mg Tablett, Synulox vet. 40 mg tabletter for hund og katt, Synulox vet. 40 mg/10 mg Tablett, Synulox vet. 400 mg tabletter for hund, Synulox vet. 400 mg/100 mg Tablett, Synulox, 200/50mg, Tableta, Synulox, 40/10mg, Tableta, Synulox-Kalb 400 mg/100 mg Filmtabletten für Rinder (Kälber)","Blood in vomit, Lethargy (see also Central nervous system depression in Neurological), Melaena, Vomiting",1,1,
US-DEBIAHP-2013US13568,"<a target=""_blank""  href=""/xmlpserver/EVVET3 PW NEW/Subject Area Contents/Public Website/Report (PDF)/AER.xdo?_xpf=&_xpt=1&_params%2FOracle%20BI%20EE%3A%3ADefaultApp%3A%3AEVVET3%20PR%20NEW%2FAER%3A%3Adimension%2FAER%20Id%3A%3Aattribute%3A%3Anoaggr%3A%3Axsd%3Adouble=387729&_xt=AER&_xf=pdf""> AER </a>",2014-02-13 00:00:00,Animal owner,United States,MALE,Dog,Retriever - Labrador,Metacam 1.5 mg/ml - Oral suspension (dogs),Scratching,1,1,
US-DEBIAHP-2013US13607,"<a target=""_blank""  href=""/xmlpserver/EVVET3 PW NEW/Subject Area Contents/Public Website/Report (PDF)/AER.xdo?_xpf=&_xpt=1&_params%2FOracle%20BI%20EE%3A%3ADefaultApp%3A%3AEVVET3%20PR%20NEW%2FAER%3A%3Adimension%2FAER%20Id%3A%3Aattribute%3A%3Anoaggr%3A%3Axsd%3Adouble=386850&_xt=AER&_xf=pdf""> AER </a>",2014-02-04 00:00:00,Veterinarian,United States,MALE,Dog,Chihuahua,Metacam 1.5 mg/ml - Oral suspension (dogs),"Blood in vomit, Unexplained death",1,1,
US-DEBIAHP-2013US13882,"<a target=""_blank""  href=""/xmlpserver/EVVET3 PW NEW/Subject Area Contents/Public Website/Report (PDF)/AER.xdo?_xpf=&_xpt=1&_params%2FOracle%20BI%20EE%3A%3ADefaultApp%3A%3AEVVET3%20PR%20NEW%2FAER%3A%3Adimension%2FAER%20Id%3A%3Aattribute%3A%3Anoaggr%3A%3Axsd%3Adouble=385452&_xt=AER&_xf=pdf""> AER </a>",2014-01-21 00:00:00,Veterinarian,United States,MALE,Dog,Akita,Metacam 1.5 mg/ml - Oral suspension (dogs),"Diarrhoea, Gastric perforation, Impaired gastric function, Vomiting",1,1,
US-DEBIAHP-2013US14099,"<a target=""_blank""  href=""/xmlpserver/EVVET3 PW NEW/Subject Area Contents/Public Website/Report (PDF)/AER.xdo?_xpf=&_xpt=1&_params%2FOracle%20BI%20EE%3A%3ADefaultApp%3A%3AEVVET3%20PR%20NEW%2FAER%3A%3Adimension%2FAER%20Id%3A%3Aattribute%3A%3Anoaggr%3A%3Axsd%3Adouble=413498&_xt=AER&_xf=pdf""> AER </a>",2014-09-25 00:00:00,Other health care professional,United States,FEMALE,Dog,Bichon Frise,"Loxicom 0.5 mg/ml  - Oral suspension (cats), Loxicom 0.5 mg/ml  - Oral suspension (dogs), Loxicom 1 mg  - Chewable tablet (dogs), Loxicom 1.5 mg/ml  - Oral suspension (dogs), Loxicom 2.5 mg  - Chewable tablet (dogs), Loxicom 20 mg/ml - Solution for injection (cattle, pigs, horses), Loxicom 5 mg/ml  - Solution for injection (cats, dogs), Loxicom 50 mg/g  - Oral paste (horses), Metacam 0.5 mg/ml - Oral suspension (cats, guinea pigs), Metacam 0.5 mg/ml - Oral suspension (dogs), SYNULOX (200+50)MG/TAB ΔΙΣΚΙΟ, SYNULOX (40+10)MG/TAB ΔΙΣΚΙΟ, SYNULOX 140 mg/ml + 35 mg/ml suspensión inyectable, SYNULOX 200 mg/50 mg tablety pre psy a mačky, SYNULOX 200/50 mg COMPRIMIDOS APETITOSOS PARA PERROS, SYNULOX 250 COMPRIMES POUR CHIENS, SYNULOX 250 mg, SYNULOX 250 mg kramtomosios tabletės šunims ir katėms, SYNULOX 250 mg tablete za pse in mačke, SYNULOX 250mg, δισκία για σκύλους και γάτες, SYNULOX 40 mg/10 mg tablety pre psy a mačky, SYNULOX 40 mg/ml + 10 mg/ml POLVO PARA GOTAS ORALES EN SUSPENSION, SYNULOX 40/10 MG COMPRIMIDOS APETITOSOS PARA PERROS Y GATOS, SYNULOX 400 mg/100 mg tablety pre psy, SYNULOX 400/100 mg COMPRIMIDOS APETITOSOS PARA PERROS, SYNULOX 50 COMPRIMES POUR CHIENS ET CHATS, SYNULOX 50 mg, SYNULOX 50 mg kramtomosios tabletės šunims ir katėms, SYNULOX 50 mg tablete za pse in mačke, SYNULOX 500 COMPRIMES POUR CHIENS, SYNULOX 500 mg kramtomosios tabletės šunims, SYNULOX 500 mg tablete za pse, SYNULOX 500 mg, kramtomosios tabletės šunims, SYNULOX 500MG/TAB ΔΙΣΚΙΟ, SYNULOX 50mg, δισκία για σκύλους και γάτες, SYNULOX OGIVETTES POUR VEAUX, SYNULOX SUSPENSION INJECTABLE POUR BOVINS, SYNULOX VET 140 mg/ml injektioneste, suspensio koiralle, kissalle ja sialle, SYNULOX suspensão injetável para suínos, bovinos, cães e gatos, SYNULOX vet 200 mg/50 mg tabletti, koiralle ja kissalle, SYNULOX vet 40 mg/10 mg tabletti, koiralle ja kissalle, SYNULOX vet 400 mg/100 mg tabletti, koiralle, SYNULOX, 400/100mg, Tableta, Synulox 250 mg Comprimés Appétents, Synulox 250 mg Smakelijke tabletten, Synulox 250 mg tabletes suņiem un kaķiem, Synulox 250 mg, tabletid koertele ja kassidele, Synulox 250 mg, таблетки за кучета и котки, Synulox 250mg (200 mg/50 mg)  Tabletten für Hunde, Synulox 50 mg Comprimés Appétents, Synulox 50 mg Smakelijke Tabletten, Synulox 50 mg tabletes suņiem un kaķiem, Synulox 50 mg, tabletid koertele ja kassidele, Synulox 50 mg, таблетки за кучета и котки, Synulox 500 mg Bolus 400 mg - 100 mg Omhulde tablet, Synulox 500 mg Comprimés Appétents, Synulox 500 mg Smakelijke Tabletten, Synulox 500 mg tabletes suņiem, Synulox 500 mg, tabletid koertele, Synulox 500mg (400 mg/100 mg) Tabletten für Hunde, Synulox 50mg (40 mg/10 mg) Tabletten für Hunde und Katzen, Synulox Bolus 500 mg, 400 mg + 100 mg comprimés enrobés pour veaux, Synulox Lactating Cow Intramammary suspension., Synulox Tabletki 250 mg, Synulox Tabletki 250 mg (200+50) mg/tablete; tabletes suņiem, Synulox Tabletki 50 mg, Synulox Tabletki 50 mg (40+10) mg/ tablete; tabletes suņiem un kaķiem, Synulox Tabletki 500 mg, Synulox Vet. til hund og kat 200 + 50 mg tabletter, Synulox Vet. til hund og kat 40 + 10 mg tabletter, Synulox Vet. til hund tabletter 400 + 100 mg, Synulox Vet. til kalve 400 + 100 mg tabletter, Synulox comprimidos palatáveis 250 mg para cães e gatos, Synulox comprimidos palatáveis 50 mg para cães e gatos, Synulox comprimidos palatáveis 500 mg para cães, Synulox vet 40 mg/ml jauhe oraalisuspensiota varten koiralle ja kissalle, Synulox vet. 200 mg tabletter for hund og katt, Synulox vet. 200 mg/50 mg Tablett, Synulox vet. 40 mg tabletter for hund og katt, Synulox vet. 40 mg/10 mg Tablett, Synulox vet. 400 mg tabletter for hund, Synulox vet. 400 mg/100 mg Tablett, Synulox, 200/50mg, Tableta, Synulox, 40/10mg, Tableta, Synulox-Kalb 400 mg/100 mg Filmtabletten für Rinder (Kälber)","Anaemia NOS, Anorexia, Other abnormal test result NOS",1,1,
US-DEBIAHP-2013US14111,"<a target=""_blank""  href=""/xmlpserver/EVVET3 PW NEW/Subject Area Contents/Public Website/Report (PDF)/AER.xdo?_xpf=&_xpt=1&_params%2FOracle%20BI%20EE%3A%3ADefaultApp%3A%3AEVVET3%20PR%20NEW%2FAER%3A%3Adimension%2FAER%20Id%3A%3Aattribute%3A%3Anoaggr%3A%3Axsd%3Adouble=409803&_xt=AER&_xf=pdf""> AER </a>",2014-08-27 00:00:00,Veterinarian,United States,MALE,Dog,Spaniel - King Charles Cavalier,"Metacam 1.5 mg/ml - Oral suspension (dogs), Tramadog 50 mg tablet for dogs","Diarrhoea, Vomiting",1,1,
US-DEBIAHP-2013US14150,"<a target=""_blank""  href=""/xmlpserver/EVVET3 PW NEW/Subject Area Contents/Public Website/Report (PDF)/AER.xdo?_xpf=&_xpt=1&_params%2FOracle%20BI%20EE%3A%3ADefaultApp%3A%3AEVVET3%20PR%20NEW%2FAER%3A%3Adimension%2FAER%20Id%3A%3Aattribute%3A%3Anoaggr%3A%3Axsd%3Adouble=385913&_xt=AER&_xf=pdf""> AER </a>",2014-01-24 00:00:00,Other health care professional,United States,FEMALE,Dog,Spitz - German Pomeranian,"Metacam 0.5 mg/ml - Oral suspension (cats, guinea pigs), Metacam 0.5 mg/ml - Oral suspension (dogs)","Elevated blood urea nitrogen (BUN), Hypercalcaemia, Other abnormal test result NOS",1,1,
US-DEBIAHP-2013US14226,"<a target=""_blank""  href=""/xmlpserver/EVVET3 PW NEW/Subject Area Contents/Public Website/Report (PDF)/AER.xdo?_xpf=&_xpt=1&_params%2FOracle%20BI%20EE%3A%3ADefaultApp%3A%3AEVVET3%20PR%20NEW%2FAER%3A%3Adimension%2FAER%20Id%3A%3Aattribute%3A%3Anoaggr%3A%3Axsd%3Adouble=390745&_xt=AER&_xf=pdf""> AER </a>",2014-03-14 00:00:00,Veterinarian,United States,UNKNOWN,Dog,Dog (other),Metacam 1.5 mg/ml - Oral suspension (dogs),Blood in urine,1,1,
US-DEBIAHP-2013US14345,"<a target=""_blank""  href=""/xmlpserver/EVVET3 PW NEW/Subject Area Contents/Public Website/Report (PDF)/AER.xdo?_xpf=&_xpt=1&_params%2FOracle%20BI%20EE%3A%3ADefaultApp%3A%3AEVVET3%20PR%20NEW%2FAER%3A%3Adimension%2FAER%20Id%3A%3Aattribute%3A%3Anoaggr%3A%3Axsd%3Adouble=394932&_xt=AER&_xf=pdf""> AER </a>",2014-04-18 00:00:00,Other health care professional,United States,MALE,Dog,Dog (other),Metacam 1.5 mg/ml - Oral suspension (dogs),"Discoloured urine, Urinary tract infection",1,1,
US-DEBIAHP-2013US14429,"<a target=""_blank""  href=""/xmlpserver/EVVET3 PW NEW/Subject Area Contents/Public Website/Report (PDF)/AER.xdo?_xpf=&_xpt=1&_params%2FOracle%20BI%20EE%3A%3ADefaultApp%3A%3AEVVET3%20PR%20NEW%2FAER%3A%3Adimension%2FAER%20Id%3A%3Aattribute%3A%3Anoaggr%3A%3Axsd%3Adouble=383989&_xt=AER&_xf=pdf""> AER </a>",2014-01-03 00:00:00,Veterinarian,United States,FEMALE,Dog,Spitz - German Pomeranian,"Metacam 0.5 mg/ml - Oral suspension (cats, guinea pigs), Metacam 0.5 mg/ml - Oral suspension (dogs)",Emesis,1,1,
US-DEBIAHP-2013US14529,"<a target=""_blank""  href=""/xmlpserver/EVVET3 PW NEW/Subject Area Contents/Public Website/Report (PDF)/AER.xdo?_xpf=&_xpt=1&_params%2FOracle%20BI%20EE%3A%3ADefaultApp%3A%3AEVVET3%20PR%20NEW%2FAER%3A%3Adimension%2FAER%20Id%3A%3Aattribute%3A%3Anoaggr%3A%3Axsd%3Adouble=384179&_xt=AER&_xf=pdf""> AER </a>",2014-01-06 00:00:00,Other health care professional,United States,UNKNOWN,Dog,Dog (other),"Metacam 0.5 mg/ml - Oral suspension (cats, guinea pigs), Metacam 0.5 mg/ml - Oral suspension (dogs)",Incoordination,1,1,
US-DEBIAHP-2014US00131,"<a target=""_blank""  href=""/xmlpserver/EVVET3 PW NEW/Subject Area Contents/Public Website/Report (PDF)/AER.xdo?_xpf=&_xpt=1&_params%2FOracle%20BI%20EE%3A%3ADefaultApp%3A%3AEVVET3%20PR%20NEW%2FAER%3A%3Adimension%2FAER%20Id%3A%3Aattribute%3A%3Anoaggr%3A%3Axsd%3Adouble=385219&_xt=AER&_xf=pdf""> AER </a>",2014-01-16 00:00:00,Other health care professional,United States,FEMALE,Dog,Bichon Frise,"Metacam 0.5 mg/ml - Oral suspension (cats, guinea pigs), Metacam 0.5 mg/ml - Oral suspension (dogs)",Vomiting,1,1,
US-DEBIAHP-2014US00242,"<a target=""_blank""  href=""/xmlpserver/EVVET3 PW NEW/Subject Area Contents/Public Website/Report (PDF)/AER.xdo?_xpf=&_xpt=1&_params%2FOracle%20BI%20EE%3A%3ADefaultApp%3A%3AEVVET3%20PR%20NEW%2FAER%3A%3Adimension%2FAER%20Id%3A%3Aattribute%3A%3Anoaggr%3A%3Axsd%3Adouble=385703&_xt=AER&_xf=pdf""> AER </a>",2014-01-22 00:00:00,Other health care professional,United States,FEMALE,Dog,Rottweiler,Metacam 1.5 mg/ml - Oral suspension (dogs),"Anaemia NOS, Anorexia, Lethargy (see also Central nervous system depression in Neurological), Loose stool, Lymphoma, Weight loss",1,1,
US-DEBIAHP-2014US00336,"<a target=""_blank""  href=""/xmlpserver/EVVET3 PW NEW/Subject Area Contents/Public Website/Report (PDF)/AER.xdo?_xpf=&_xpt=1&_params%2FOracle%20BI%20EE%3A%3ADefaultApp%3A%3AEVVET3%20PR%20NEW%2FAER%3A%3Adimension%2FAER%20Id%3A%3Aattribute%3A%3Anoaggr%3A%3Axsd%3Adouble=385704&_xt=AER&_xf=pdf""> AER </a>",2014-01-22 00:00:00,Other health care professional,United States,MALE,Dog,Dog (other),"Metacam 0.5 mg/ml - Oral suspension (cats, guinea pigs), Metacam 0.5 mg/ml - Oral suspension (dogs)","Anorexia, Elevated serum alkaline phosphatase (ALP), General pain (see other SOCs for specific pain), Leukocytosis NOS, Vocalisation",1,1,
US-DEBIAHP-2014US00404,"<a target=""_blank""  href=""/xmlpserver/EVVET3 PW NEW/Subject Area Contents/Public Website/Report (PDF)/AER.xdo?_xpf=&_xpt=1&_params%2FOracle%20BI%20EE%3A%3ADefaultApp%3A%3AEVVET3%20PR%20NEW%2FAER%3A%3Adimension%2FAER%20Id%3A%3Aattribute%3A%3Anoaggr%3A%3Axsd%3Adouble=385905&_xt=AER&_xf=pdf""> AER </a>",2014-01-24 00:00:00,Animal owner,United States,FEMALE,Dog,Poodle - Toy,"Metacam 0.5 mg/ml - Oral suspension (cats, guinea pigs), Metacam 0.5 mg/ml - Oral suspension (dogs)","Decreased appetite, Vomiting",1,1,
US-DEBIAHP-2014US00491,"<a target=""_blank""  href=""/xmlpserver/EVVET3 PW NEW/Subject Area Contents/Public Website/Report (PDF)/AER.xdo?_xpf=&_xpt=1&_params%2FOracle%20BI%20EE%3A%3ADefaultApp%3A%3AEVVET3%20PR%20NEW%2FAER%3A%3Adimension%2FAER%20Id%3A%3Aattribute%3A%3Anoaggr%3A%3Axsd%3Adouble=385964&_xt=AER&_xf=pdf""> AER </a>",2014-01-27 00:00:00,Animal owner,United States,FEMALE,Dog,Schnauzer - Miniature,"Metacam 0.5 mg/ml - Oral suspension (cats, guinea pigs), Metacam 0.5 mg/ml - Oral suspension (dogs)","Lethargy (see also Central nervous system depression in Neurological), Not eating",1,1,
US-DEBIAHP-2014US00604,"<a target=""_blank""  href=""/xmlpserver/EVVET3 PW NEW/Subject Area Contents/Public Website/Report (PDF)/AER.xdo?_xpf=&_xpt=1&_params%2FOracle%20BI%20EE%3A%3ADefaultApp%3A%3AEVVET3%20PR%20NEW%2FAER%3A%3Adimension%2FAER%20Id%3A%3Aattribute%3A%3Anoaggr%3A%3Axsd%3Adouble=386295&_xt=AER&_xf=pdf""> AER </a>",2014-01-29 00:00:00,Veterinarian,United States,MALE,Dog,Akita,Metacam 1.5 mg/ml - Oral suspension (dogs),"Anal sac disorder, Cough, Localised itching, Pyoderma, Skin tumour NOS",1,1,
US-DEBIAHP-2014US00621,"<a target=""_blank""  href=""/xmlpserver/EVVET3 PW NEW/Subject Area Contents/Public Website/Report (PDF)/AER.xdo?_xpf=&_xpt=1&_params%2FOracle%20BI%20EE%3A%3ADefaultApp%3A%3AEVVET3%20PR%20NEW%2FAER%3A%3Adimension%2FAER%20Id%3A%3Aattribute%3A%3Anoaggr%3A%3Axsd%3Adouble=386297&_xt=AER&_xf=pdf""> AER </a>",2014-01-29 00:00:00,Veterinarian,United States,UNKNOWN,Dog,Dog (other),Metacam 1.5 mg/ml - Oral suspension (dogs),Hyperglycaemia,1,1,
US-DEBIAHP-2014US00670,"<a target=""_blank""  href=""/xmlpserver/EVVET3 PW NEW/Subject Area Contents/Public Website/Report (PDF)/AER.xdo?_xpf=&_xpt=1&_params%2FOracle%20BI%20EE%3A%3ADefaultApp%3A%3AEVVET3%20PR%20NEW%2FAER%3A%3Adimension%2FAER%20Id%3A%3Aattribute%3A%3Anoaggr%3A%3Axsd%3Adouble=386689&_xt=AER&_xf=pdf""> AER </a>",2014-01-31 00:00:00,Veterinarian,United States,FEMALE,Dog,Dog (other),"Metacam 1.5 mg/ml - Oral suspension (dogs), Metacam 5 mg/ml - Solution for injection (cats, dogs), Metacam 5 mg/ml - Solution for injection (cattle, pigs), Metacam 5 mg/ml - Solution for injection (dogs)","Death by euthanasia, Lethargy (see also Central nervous system depression in Neurological), Pain NOS, Vocalisation",1,1,1
US-DEBIAHP-2014US00740,"<a target=""_blank""  href=""/xmlpserver/EVVET3 PW NEW/Subject Area Contents/Public Website/Report (PDF)/AER.xdo?_xpf=&_xpt=1&_params%2FOracle%20BI%20EE%3A%3ADefaultApp%3A%3AEVVET3%20PR%20NEW%2FAER%3A%3Adimension%2FAER%20Id%3A%3Aattribute%3A%3Anoaggr%3A%3Axsd%3Adouble=388647&_xt=AER&_xf=pdf""> AER </a>",2014-02-24 00:00:00,Veterinarian,United States,MALE,Dog,Shepherd Dog - German,Metacam 1.5 mg/ml - Oral suspension (dogs),Diarrhoea,1,1,
US-DEBIAHP-2014US00881,"<a target=""_blank""  href=""/xmlpserver/EVVET3 PW NEW/Subject Area Contents/Public Website/Report (PDF)/AER.xdo?_xpf=&_xpt=1&_params%2FOracle%20BI%20EE%3A%3ADefaultApp%3A%3AEVVET3%20PR%20NEW%2FAER%3A%3Adimension%2FAER%20Id%3A%3Aattribute%3A%3Anoaggr%3A%3Axsd%3Adouble=387211&_xt=AER&_xf=pdf""> AER </a>",2014-02-10 00:00:00,Other health care professional,United States,MALE,Dog,Crossbred Canine/dog,Metacam 1.5 mg/ml - Oral suspension (dogs),Emesis,1,1,
US-DEBIAHP-2014US00885,"<a target=""_blank""  href=""/xmlpserver/EVVET3 PW NEW/Subject Area Contents/Public Website/Report (PDF)/AER.xdo?_xpf=&_xpt=1&_params%2FOracle%20BI%20EE%3A%3ADefaultApp%3A%3AEVVET3%20PR%20NEW%2FAER%3A%3Adimension%2FAER%20Id%3A%3Aattribute%3A%3Anoaggr%3A%3Axsd%3Adouble=394477&_xt=AER&_xf=pdf""> AER </a>",2014-04-15 00:00:00,Veterinarian,United States,FEMALE,Dog,Maltese,Metacam 1.5 mg/ml - Oral suspension (dogs),"Bone marrow disorder NOS, Death, Haemorrhagic gastroenteritis, Immune mediated thrombocytopenia, Oral bleeding, Palpable mass NOS",1,1,
US-DEBIAHP-2014US00906,"<a target=""_blank""  href=""/xmlpserver/EVVET3 PW NEW/Subject Area Contents/Public Website/Report (PDF)/AER.xdo?_xpf=&_xpt=1&_params%2FOracle%20BI%20EE%3A%3ADefaultApp%3A%3AEVVET3%20PR%20NEW%2FAER%3A%3Adimension%2FAER%20Id%3A%3Aattribute%3A%3Anoaggr%3A%3Axsd%3Adouble=386907&_xt=AER&_xf=pdf""> AER </a>",2014-02-05 00:00:00,Veterinarian,United States,FEMALE,Dog,Retriever - Labrador,Metacam 1.5 mg/ml - Oral suspension (dogs),"Diarrhoea, Vomiting",1,1,
US-DEBIAHP-2014US00984,"<a target=""_blank""  href=""/xmlpserver/EVVET3 PW NEW/Subject Area Contents/Public Website/Report (PDF)/AER.xdo?_xpf=&_xpt=1&_params%2FOracle%20BI%20EE%3A%3ADefaultApp%3A%3AEVVET3%20PR%20NEW%2FAER%3A%3Adimension%2FAER%20Id%3A%3Aattribute%3A%3Anoaggr%3A%3Axsd%3Adouble=390464&_xt=AER&_xf=pdf""> AER </a>",2014-03-13 00:00:00,Veterinarian,United States,FEMALE,Dog,Bichon Frise,"Loxicom 20 mg/ml - Solution for injection (cattle, pigs, horses), Loxicom 5 mg/ml  - Solution for injection (cats, dogs), Metacam 0.5 mg/ml - Oral suspension (cats, guinea pigs), Metacam 0.5 mg/ml - Oral suspension (dogs), SYNULOX (200+50)MG/TAB ΔΙΣΚΙΟ, SYNULOX (40+10)MG/TAB ΔΙΣΚΙΟ, SYNULOX 140 mg/ml + 35 mg/ml suspensión inyectable, SYNULOX 200 mg/50 mg tablety pre psy a mačky, SYNULOX 200/50 mg COMPRIMIDOS APETITOSOS PARA PERROS, SYNULOX 250 COMPRIMES POUR CHIENS, SYNULOX 250 mg, SYNULOX 250 mg kramtomosios tabletės šunims ir katėms, SYNULOX 250 mg tablete za pse in mačke, SYNULOX 250mg, δισκία για σκύλους και γάτες, SYNULOX 40 mg/10 mg tablety pre psy a mačky, SYNULOX 40 mg/ml + 10 mg/ml POLVO PARA GOTAS ORALES EN SUSPENSION, SYNULOX 40/10 MG COMPRIMIDOS APETITOSOS PARA PERROS Y GATOS, SYNULOX 400 mg/100 mg tablety pre psy, SYNULOX 400/100 mg COMPRIMIDOS APETITOSOS PARA PERROS, SYNULOX 50 COMPRIMES POUR CHIENS ET CHATS, SYNULOX 50 mg, SYNULOX 50 mg kramtomosios tabletės šunims ir katėms, SYNULOX 50 mg tablete za pse in mačke, SYNULOX 500 COMPRIMES POUR CHIENS, SYNULOX 500 mg kramtomosios tabletės šunims, SYNULOX 500 mg tablete za pse, SYNULOX 500 mg, kramtomosios tabletės šunims, SYNULOX 500MG/TAB ΔΙΣΚΙΟ, SYNULOX 50mg, δισκία για σκύλους και γάτες, SYNULOX OGIVETTES POUR VEAUX, SYNULOX SUSPENSION INJECTABLE POUR BOVINS, SYNULOX VET 140 mg/ml injektioneste, suspensio koiralle, kissalle ja sialle, SYNULOX suspensão injetável para suínos, bovinos, cães e gatos, SYNULOX vet 200 mg/50 mg tabletti, koiralle ja kissalle, SYNULOX vet 40 mg/10 mg tabletti, koiralle ja kissalle, SYNULOX vet 400 mg/100 mg tabletti, koiralle, SYNULOX, 400/100mg, Tableta, Synulox 250 mg Comprimés Appétents, Synulox 250 mg Smakelijke tabletten, Synulox 250 mg tabletes suņiem un kaķiem, Synulox 250 mg, tabletid koertele ja kassidele, Synulox 250 mg, таблетки за кучета и котки, Synulox 250mg (200 mg/50 mg)  Tabletten für Hunde, Synulox 50 mg Comprimés Appétents, Synulox 50 mg Smakelijke Tabletten, Synulox 50 mg tabletes suņiem un kaķiem, Synulox 50 mg, tabletid koertele ja kassidele, Synulox 50 mg, таблетки за кучета и котки, Synulox 500 mg Bolus 400 mg - 100 mg Omhulde tablet, Synulox 500 mg Comprimés Appétents, Synulox 500 mg Smakelijke Tabletten, Synulox 500 mg tabletes suņiem, Synulox 500 mg, tabletid koertele, Synulox 500mg (400 mg/100 mg) Tabletten für Hunde, Synulox 50mg (40 mg/10 mg) Tabletten für Hunde und Katzen, Synulox Bolus 500 mg, 400 mg + 100 mg comprimés enrobés pour veaux, Synulox Lactating Cow Intramammary suspension., Synulox Tabletki 250 mg, Synulox Tabletki 250 mg (200+50) mg/tablete; tabletes suņiem, Synulox Tabletki 50 mg, Synulox Tabletki 50 mg (40+10) mg/ tablete; tabletes suņiem un kaķiem, Synulox Tabletki 500 mg, Synulox Vet. til hund og kat 200 + 50 mg tabletter, Synulox Vet. til hund og kat 40 + 10 mg tabletter, Synulox Vet. til hund tabletter 400 + 100 mg, Synulox Vet. til kalve 400 + 100 mg tabletter, Synulox comprimidos palatáveis 250 mg para cães e gatos, Synulox comprimidos palatáveis 50 mg para cães e gatos, Synulox comprimidos palatáveis 500 mg para cães, Synulox vet 40 mg/ml jauhe oraalisuspensiota varten koiralle ja kissalle, Synulox vet. 200 mg tabletter for hund og katt, Synulox vet. 200 mg/50 mg Tablett, Synulox vet. 40 mg tabletter for hund og katt, Synulox vet. 40 mg/10 mg Tablett, Synulox vet. 400 mg tabletter for hund, Synulox vet. 400 mg/100 mg Tablett, Synulox, 200/50mg, Tableta, Synulox, 40/10mg, Tableta, Synulox-Kalb 400 mg/100 mg Filmtabletten für Rinder (Kälber)","Acute renal failure, Death by euthanasia, Decreased appetite, Elevated blood urea nitrogen (BUN), Elevated creatinine, Hyperkalaemia, Neutrophilia, Other abnormal test result NOS, Shaking, Vomiting",1,1,1
US-DEBIAHP-2014US01056,"<a target=""_blank""  href=""/xmlpserver/EVVET3 PW NEW/Subject Area Contents/Public Website/Report (PDF)/AER.xdo?_xpf=&_xpt=1&_params%2FOracle%20BI%20EE%3A%3ADefaultApp%3A%3AEVVET3%20PR%20NEW%2FAER%3A%3Adimension%2FAER%20Id%3A%3Aattribute%3A%3Anoaggr%3A%3Axsd%3Adouble=387641&_xt=AER&_xf=pdf""> AER </a>",2014-02-12 00:00:00,Veterinarian,United States,UNKNOWN,Dog,Spaniel - Springer English,Metacam 1.5 mg/ml - Oral suspension (dogs),"Anaemia NOS, Bloody diarrhoea, Elevated total bilirubin",1,1,
US-DEBIAHP-2014US01201,"<a target=""_blank""  href=""/xmlpserver/EVVET3 PW NEW/Subject Area Contents/Public Website/Report (PDF)/AER.xdo?_xpf=&_xpt=1&_params%2FOracle%20BI%20EE%3A%3ADefaultApp%3A%3AEVVET3%20PR%20NEW%2FAER%3A%3Adimension%2FAER%20Id%3A%3Aattribute%3A%3Anoaggr%3A%3Axsd%3Adouble=387822&_xt=AER&_xf=pdf""> AER </a>",2014-02-14 00:00:00,Other health care professional,United States,FEMALE,Dog,Chihuahua,"Loxicom 0.5 mg/ml  - Oral suspension (cats), Loxicom 0.5 mg/ml  - Oral suspension (dogs), Loxicom 1 mg  - Chewable tablet (dogs), Loxicom 1.5 mg/ml  - Oral suspension (dogs), Loxicom 2.5 mg  - Chewable tablet (dogs), Loxicom 20 mg/ml - Solution for injection (cattle, pigs, horses), Loxicom 5 mg/ml  - Solution for injection (cats, dogs), Loxicom 50 mg/g  - Oral paste (horses), Metacam 0.5 mg/ml - Oral suspension (cats, guinea pigs), Metacam 0.5 mg/ml - Oral suspension (dogs)","Blood in vomit, Dehydration, Hypoproteinaemia, Lethargy (see also Central nervous system depression in Neurological), Not eating, Tarry or black stool (see also haemorrhagic diarrhoea)",1,1,
US-DEBIAHP-2014US01322,"<a target=""_blank""  href=""/xmlpserver/EVVET3 PW NEW/Subject Area Contents/Public Website/Report (PDF)/AER.xdo?_xpf=&_xpt=1&_params%2FOracle%20BI%20EE%3A%3ADefaultApp%3A%3AEVVET3%20PR%20NEW%2FAER%3A%3Adimension%2FAER%20Id%3A%3Aattribute%3A%3Anoaggr%3A%3Axsd%3Adouble=404754&_xt=AER&_xf=pdf""> AER </a>",2014-07-18 00:00:00,Veterinarian,United States,FEMALE,Dog,Retriever - Labrador,Metacam 1.5 mg/ml - Oral suspension (dogs),"Elevated blood urea nitrogen (BUN), Loose stool",1,1,
US-DEBIAHP-2014US01331,"<a target=""_blank""  href=""/xmlpserver/EVVET3 PW NEW/Subject Area Contents/Public Website/Report (PDF)/AER.xdo?_xpf=&_xpt=1&_params%2FOracle%20BI%20EE%3A%3ADefaultApp%3A%3AEVVET3%20PR%20NEW%2FAER%3A%3Adimension%2FAER%20Id%3A%3Aattribute%3A%3Anoaggr%3A%3Axsd%3Adouble=404755&_xt=AER&_xf=pdf""> AER </a>",2014-07-18 00:00:00,Animal owner,United States,MALE,Dog,Terrier - Airedale,Metacam 1.5 mg/ml - Oral suspension (dogs),"Blood in urine, Loose stool",1,1,
US-DEBIAHP-2014US01387,"<a target=""_blank""  href=""/xmlpserver/EVVET3 PW NEW/Subject Area Contents/Public Website/Report (PDF)/AER.xdo?_xpf=&_xpt=1&_params%2FOracle%20BI%20EE%3A%3ADefaultApp%3A%3AEVVET3%20PR%20NEW%2FAER%3A%3Adimension%2FAER%20Id%3A%3Aattribute%3A%3Anoaggr%3A%3Axsd%3Adouble=388211&_xt=AER&_xf=pdf""> AER </a>",2014-02-19 00:00:00,Animal owner,United States,MALE,Dog,Dog (other),Metacam 1.5 mg/ml - Oral suspension (dogs),"Anaemia NOS, Anorexia, Blood in urine, Death by euthanasia, Dehydration, Lethargy (see also Central nervous system depression in Neurological), Palpable mass NOS, Vomiting",1,1,1
US-DEBIAHP-2014US01407,"<a target=""_blank""  href=""/xmlpserver/EVVET3 PW NEW/Subject Area Contents/Public Website/Report (PDF)/AER.xdo?_xpf=&_xpt=1&_params%2FOracle%20BI%20EE%3A%3ADefaultApp%3A%3AEVVET3%20PR%20NEW%2FAER%3A%3Adimension%2FAER%20Id%3A%3Aattribute%3A%3Anoaggr%3A%3Axsd%3Adouble=389598&_xt=AER&_xf=pdf""> AER </a>",2014-02-28 00:00:00,Veterinarian,United States,FEMALE,Dog,Dog (other),Metacam 1.5 mg/ml - Oral suspension (dogs),"Haematoma NOS, Urinary bladder disorder NOS",1,1,
US-DEBIAHP-2014US01428,"<a target=""_blank""  href=""/xmlpserver/EVVET3 PW NEW/Subject Area Contents/Public Website/Report (PDF)/AER.xdo?_xpf=&_xpt=1&_params%2FOracle%20BI%20EE%3A%3ADefaultApp%3A%3AEVVET3%20PR%20NEW%2FAER%3A%3Adimension%2FAER%20Id%3A%3Aattribute%3A%3Anoaggr%3A%3Axsd%3Adouble=387818&_xt=AER&_xf=pdf""> AER </a>",2014-02-14 00:00:00,Veterinarian,United States,FEMALE,Dog,Sheepdog - Old English,"BAYTRIL 0,5% W/V ΠΟΣΙΜΟ ΔΙΑΛΥΜΑ, BAYTRIL 0,5% πόσιμο διάλυμα ενροφλοξακίνης για ορνίθια και γαλοπούλες, BAYTRIL 10 % SOLUTION BUVABLE, BAYTRIL 10 % SOLUTION INJECTABLE, BAYTRIL 10% W/V ΠΟΣΙΜΟ ΔΙΑΛΥΜΑ, BAYTRIL 100 mg/ml - soluţie orală, BAYTRIL 100 mg/ml SOLUCION INYECTABLE, BAYTRIL 100 mg/ml soluție injectabilă, BAYTRIL 15 mg δισκία για γάτες και σκύλους, BAYTRIL 150 mg δισκία για γάτες και σκύλους, BAYTRIL 2,5 % SOLUTION BUVABLE, BAYTRIL 2,5 % SOLUTION INJECTABLE, BAYTRIL 2,5% W/V ΕΝΕΣΙΜΟ ΔΙΑΛΥΜΑ, BAYTRIL 2,5% W/V ΠΟΣΙΜΟ ΔΙΑΛΥΜΑ, BAYTRIL 25 mg/ml SOLUCION INYECTABLE, BAYTRIL 25 mg/ml SOLUCION ORAL, BAYTRIL 5 % SOLUTION INJECTABLE, BAYTRIL 5 mg/ml SOLUCION ORAL, BAYTRIL 50 mg δισκία για γάτες και σκύλους, BAYTRIL 50 mg/ml SOLUCION INYECTABLE, BAYTRIL 50mg/ml ενέσιμο διάλυμα, BAYTRIL, 25mg/ml, Injekční roztok, BAYTRIL, 5% ενέσιμο διάλυμα για μόσχους, χοίρους, πρόβατα, αίγες, σκύλους και γάτες, BAYTRIL, 50mg/ml, Injekční roztok, Baytril  100 mg/ml Oplossing voor injectie, Baytril  100 mg/ml Solution injectable, Baytril - Das Original - 100 mg/ml Injektionslösung, Baytril - Das Original - 25 mg/ml Injektionslösung, Baytril - Das Original - 50 mg/ml Injektionslösung, Baytril 0,5 % solução oral para leitões, Baytril 0,5%, Baytril 10 % solução oral, Baytril 10%, Baytril 10% O.L., Baytril 10% Oral Solution, Baytril 100 mg/mL, otopina za injekciju, za goveda, ovce, koze i svinje, Baytril 100 mg/mL, otopina za primjenu u vodi za piće, za kokoši, purane i kuniće, Baytril 100 mg/ml - Injektionslösung für Tiere, Baytril 100 mg/ml - Lösung zum Eingeben für Hühner, Puten und Kaninchen, Baytril 100 mg/ml Oplossing voor gebruik in drinkwater, Baytril 100 mg/ml Solution buvable, Baytril 100 mg/ml Solution for Injection, Baytril 100 mg/ml koncentrat za peroralno raztopino za piščance, purane in kunce, Baytril 100 mg/ml oldat ivóvízbe keveréshez A.U.V., Baytril 100 mg/ml oplossing voor gebruik in drinkwater voor kippen, kalkoenen en konijnen, Baytril 100 mg/ml oplossing voor injectie, Baytril 100 mg/ml raztopina za injiciranje, Baytril 100 mg/ml solution for injection, Baytril 100 mg/ml soluzione iniettabile, Baytril 100 mg/ml solução injetável, Baytril 150 mg tabletta A.U.V., Baytril 2,5%, 25 mg/mL, otopina za injekciju za pse, mačke, prasad, kuniće, glodavce, gmazove i ukrasne ptice, Baytril 25 mg/ml - Injektionslösung für Tiere, Baytril 25 mg/ml - Lösung zum Eingeben für Kälber und Lämmer, Baytril 25 mg/ml Lösung zum Eingeben für Rinder (Kälber), Baytril 25 mg/ml Oplossing voor injectie, Baytril 25 mg/ml Oral Solution, Baytril 25 mg/ml Solution injectable, Baytril 25 mg/ml injekčný roztok, Baytril 25 mg/ml oldatos injekció A.U.V., Baytril 25 mg/ml oplossing voor injectie, Baytril 25 mg/ml roztwór do wstrzykiwań, Baytril 25 mg/ml solution for injection, Baytril 25 mg/ml soluzione iniettabile, Baytril 25 mg/ml soluzione iniettabile per cani, gatti, roditori e conigli da compagnia, rettili e uccelli ornamentali, Baytril 25 mg/ml soluzione orale per vitelli, ovini, caprini, suini, Baytril 25 mg/ml solução injetável, Baytril 5 mg/ml - Lösung zum Eingeben für Schweine, Baytril 5 mg/ml belsőleges oldat sertések részére A.U.V., Baytril 50 mg tabletta A.U.V., Baytril 50 mg/mL, otopina za injekciju, za telad, ovce, koze, svinje, pse i mačke, Baytril 50 mg/ml - Injektionslösung für Tiere, Baytril 50 mg/ml Oplossing voor injectie, Baytril 50 mg/ml Solution for Injection, Baytril 50 mg/ml Solution injectable, Baytril 50 mg/ml injekčný roztok, Baytril 50 mg/ml oldatos injekció A.U.V., Baytril 50 mg/ml oplossing voor injectie, Baytril 50 mg/ml raztopina za injiciranje, Baytril 50 mg/ml soluzione iniettabile, Baytril 50 mg/ml solução injetável, Baytril 50 mg/ml soluție injectabilă, Baytril Direct 100 mg/ml Injektionslösung für Rinder und Schweine, Baytril Piglet Doser 0.5% Oral Solution, Baytril Vet. 100 mg/ml injektionsvæske, opløsning, Baytril Vet. 150 mg tabletter, Baytril Vet. 25 mg/ml oral opløsning, Baytril Vet. 50 mg tabletter, Baytril Vet. 50 mg/ml i","Death by euthanasia, Hypotension",1,1,1
US-DEBIAHP-2014US01523,"<a target=""_blank""  href=""/xmlpserver/EVVET3 PW NEW/Subject Area Contents/Public Website/Report (PDF)/AER.xdo?_xpf=&_xpt=1&_params%2FOracle%20BI%20EE%3A%3ADefaultApp%3A%3AEVVET3%20PR%20NEW%2FAER%3A%3Adimension%2FAER%20Id%3A%3Aattribute%3A%3Anoaggr%3A%3Axsd%3Adouble=388780&_xt=AER&_xf=pdf""> AER </a>",2014-02-25 00:00:00,Other health care professional,United States,MALE,Dog,Dachshund - Standard Wire-haired,"Metacam 0.5 mg/ml - Oral suspension (cats, guinea pigs), Metacam 0.5 mg/ml - Oral suspension (dogs)",Vomiting,1,1,
US-DEBIAHP-2014US01633,"<a target=""_blank""  href=""/xmlpserver/EVVET3 PW NEW/Subject Area Contents/Public Website/Report (PDF)/AER.xdo?_xpf=&_xpt=1&_params%2FOracle%20BI%20EE%3A%3ADefaultApp%3A%3AEVVET3%20PR%20NEW%2FAER%3A%3Adimension%2FAER%20Id%3A%3Aattribute%3A%3Anoaggr%3A%3Axsd%3Adouble=388887&_xt=AER&_xf=pdf""> AER </a>",2014-02-25 00:00:00,Veterinarian,United States,FEMALE,Dog,Crossbred Canine/dog,Metacam 1.5 mg/ml - Oral suspension (dogs),Decreased urine concentration,1,1,
US-DEBIAHP-2014US01685,"<a target=""_blank""  href=""/xmlpserver/EVVET3 PW NEW/Subject Area Contents/Public Website/Report (PDF)/AER.xdo?_xpf=&_xpt=1&_params%2FOracle%20BI%20EE%3A%3ADefaultApp%3A%3AEVVET3%20PR%20NEW%2FAER%3A%3Adimension%2FAER%20Id%3A%3Aattribute%3A%3Anoaggr%3A%3Axsd%3Adouble=388888&_xt=AER&_xf=pdf""> AER </a>",2014-02-25 00:00:00,Veterinarian,United States,FEMALE,Dog,Terrier - Jack Russell,"BAYTRIL 0,5% W/V ΠΟΣΙΜΟ ΔΙΑΛΥΜΑ, BAYTRIL 0,5% πόσιμο διάλυμα ενροφλοξακίνης για ορνίθια και γαλοπούλες, BAYTRIL 10 % SOLUTION BUVABLE, BAYTRIL 10 % SOLUTION INJECTABLE, BAYTRIL 10% W/V ΠΟΣΙΜΟ ΔΙΑΛΥΜΑ, BAYTRIL 100 mg/ml - soluţie orală, BAYTRIL 100 mg/ml SOLUCION INYECTABLE, BAYTRIL 100 mg/ml soluție injectabilă, BAYTRIL 15 mg δισκία για γάτες και σκύλους, BAYTRIL 150 mg δισκία για γάτες και σκύλους, BAYTRIL 2,5 % SOLUTION BUVABLE, BAYTRIL 2,5 % SOLUTION INJECTABLE, BAYTRIL 2,5% W/V ΕΝΕΣΙΜΟ ΔΙΑΛΥΜΑ, BAYTRIL 2,5% W/V ΠΟΣΙΜΟ ΔΙΑΛΥΜΑ, BAYTRIL 25 mg/ml SOLUCION INYECTABLE, BAYTRIL 25 mg/ml SOLUCION ORAL, BAYTRIL 5 % SOLUTION INJECTABLE, BAYTRIL 5 mg/ml SOLUCION ORAL, BAYTRIL 50 mg δισκία για γάτες και σκύλους, BAYTRIL 50 mg/ml SOLUCION INYECTABLE, BAYTRIL 50mg/ml ενέσιμο διάλυμα, BAYTRIL, 25mg/ml, Injekční roztok, BAYTRIL, 5% ενέσιμο διάλυμα για μόσχους, χοίρους, πρόβατα, αίγες, σκύλους και γάτες, BAYTRIL, 50mg/ml, Injekční roztok, Baytril  100 mg/ml Oplossing voor injectie, Baytril  100 mg/ml Solution injectable, Baytril - Das Original - 100 mg/ml Injektionslösung, Baytril - Das Original - 25 mg/ml Injektionslösung, Baytril - Das Original - 50 mg/ml Injektionslösung, Baytril 0,5 % solução oral para leitões, Baytril 0,5%, Baytril 10 % solução oral, Baytril 10%, Baytril 10% O.L., Baytril 10% Oral Solution, Baytril 100 mg/mL, otopina za injekciju, za goveda, ovce, koze i svinje, Baytril 100 mg/mL, otopina za primjenu u vodi za piće, za kokoši, purane i kuniće, Baytril 100 mg/ml - Injektionslösung für Tiere, Baytril 100 mg/ml - Lösung zum Eingeben für Hühner, Puten und Kaninchen, Baytril 100 mg/ml Oplossing voor gebruik in drinkwater, Baytril 100 mg/ml Solution buvable, Baytril 100 mg/ml Solution for Injection, Baytril 100 mg/ml koncentrat za peroralno raztopino za piščance, purane in kunce, Baytril 100 mg/ml oldat ivóvízbe keveréshez A.U.V., Baytril 100 mg/ml oplossing voor gebruik in drinkwater voor kippen, kalkoenen en konijnen, Baytril 100 mg/ml oplossing voor injectie, Baytril 100 mg/ml raztopina za injiciranje, Baytril 100 mg/ml solution for injection, Baytril 100 mg/ml soluzione iniettabile, Baytril 100 mg/ml solução injetável, Baytril 150 mg tabletta A.U.V., Baytril 2,5%, 25 mg/mL, otopina za injekciju za pse, mačke, prasad, kuniće, glodavce, gmazove i ukrasne ptice, Baytril 25 mg/ml - Injektionslösung für Tiere, Baytril 25 mg/ml - Lösung zum Eingeben für Kälber und Lämmer, Baytril 25 mg/ml Lösung zum Eingeben für Rinder (Kälber), Baytril 25 mg/ml Oplossing voor injectie, Baytril 25 mg/ml Oral Solution, Baytril 25 mg/ml Solution injectable, Baytril 25 mg/ml injekčný roztok, Baytril 25 mg/ml oldatos injekció A.U.V., Baytril 25 mg/ml oplossing voor injectie, Baytril 25 mg/ml roztwór do wstrzykiwań, Baytril 25 mg/ml solution for injection, Baytril 25 mg/ml soluzione iniettabile, Baytril 25 mg/ml soluzione iniettabile per cani, gatti, roditori e conigli da compagnia, rettili e uccelli ornamentali, Baytril 25 mg/ml soluzione orale per vitelli, ovini, caprini, suini, Baytril 25 mg/ml solução injetável, Baytril 5 mg/ml - Lösung zum Eingeben für Schweine, Baytril 5 mg/ml belsőleges oldat sertések részére A.U.V., Baytril 50 mg tabletta A.U.V., Baytril 50 mg/mL, otopina za injekciju, za telad, ovce, koze, svinje, pse i mačke, Baytril 50 mg/ml - Injektionslösung für Tiere, Baytril 50 mg/ml Oplossing voor injectie, Baytril 50 mg/ml Solution for Injection, Baytril 50 mg/ml Solution injectable, Baytril 50 mg/ml injekčný roztok, Baytril 50 mg/ml oldatos injekció A.U.V., Baytril 50 mg/ml oplossing voor injectie, Baytril 50 mg/ml raztopina za injiciranje, Baytril 50 mg/ml soluzione iniettabile, Baytril 50 mg/ml solução injetável, Baytril 50 mg/ml soluție injectabilă, Baytril Direct 100 mg/ml Injektionslösung für Rinder und Schweine, Baytril Piglet Doser 0.5% Oral Solution, Baytril Vet. 100 mg/ml injektionsvæske, opløsning, Baytril Vet. 150 mg tabletter, Baytril Vet. 25 mg/ml oral opløsning, Baytril Vet. 50 mg tabletter, Baytril Vet. 50 mg/ml i","Anaemia NOS, Decreased activity, Decreased appetite, Diarrhoea, Elevated liver enzymes NOS, General pain (see other SOCs for specific pain), Hypoalbuminaemia, Leukopenia NOS, Lymphocytosis, Ocular discharge, Polyuria",1,1,
US-DEBIAHP-2014US01764,"<a target=""_blank""  href=""/xmlpserver/EVVET3 PW NEW/Subject Area Contents/Public Website/Report (PDF)/AER.xdo?_xpf=&_xpt=1&_params%2FOracle%20BI%20EE%3A%3ADefaultApp%3A%3AEVVET3%20PR%20NEW%2FAER%3A%3Adimension%2FAER%20Id%3A%3Aattribute%3A%3Anoaggr%3A%3Axsd%3Adouble=389432&_xt=AER&_xf=pdf""> AER </a>",2014-03-04 00:00:00,Veterinarian,United States,MALE,Dog,Schnauzer (unspecified),Metacam 1.5 mg/ml - Oral suspension (dogs),"Dermal thickening, Injection site pain",1,1,
US-DEBIAHP-2014US01779,"<a target=""_blank""  href=""/xmlpserver/EVVET3 PW NEW/Subject Area Contents/Public Website/Report (PDF)/AER.xdo?_xpf=&_xpt=1&_params%2FOracle%20BI%20EE%3A%3ADefaultApp%3A%3AEVVET3%20PR%20NEW%2FAER%3A%3Adimension%2FAER%20Id%3A%3Aattribute%3A%3Anoaggr%3A%3Axsd%3Adouble=389524&_xt=AER&_xf=pdf""> AER </a>",2014-03-03 00:00:00,Other health care professional,United States,MALE,Dog,Chihuahua,Metacam 1.5 mg/ml - Oral suspension (dogs),Vomiting,1,1,
US-DEBIAHP-2014US01930,"<a target=""_blank""  href=""/xmlpserver/EVVET3 PW NEW/Subject Area Contents/Public Website/Report (PDF)/AER.xdo?_xpf=&_xpt=1&_params%2FOracle%20BI%20EE%3A%3ADefaultApp%3A%3AEVVET3%20PR%20NEW%2FAER%3A%3Adimension%2FAER%20Id%3A%3Aattribute%3A%3Anoaggr%3A%3Axsd%3Adouble=389730&_xt=AER&_xf=pdf""> AER </a>",2014-03-05 00:00:00,Animal owner,United States,FEMALE,Dog,Retriever - Labrador,Metacam 1.5 mg/ml - Oral suspension (dogs),"Anorexia, Vomiting",1,1,
US-DEBIAHP-2014US01993,"<a target=""_blank""  href=""/xmlpserver/EVVET3 PW NEW/Subject Area Contents/Public Website/Report (PDF)/AER.xdo?_xpf=&_xpt=1&_params%2FOracle%20BI%20EE%3A%3ADefaultApp%3A%3AEVVET3%20PR%20NEW%2FAER%3A%3Adimension%2FAER%20Id%3A%3Aattribute%3A%3Anoaggr%3A%3Axsd%3Adouble=389829&_xt=AER&_xf=pdf""> AER </a>",2014-03-05 00:00:00,Animal owner,United States,FEMALE,Dog,Retriever - Labrador,Metacam 1.5 mg/ml - Oral suspension (dogs),Behavioural disorder NOS,1,1,
US-DEBIAHP-2014US02014,"<a target=""_blank""  href=""/xmlpserver/EVVET3 PW NEW/Subject Area Contents/Public Website/Report (PDF)/AER.xdo?_xpf=&_xpt=1&_params%2FOracle%20BI%20EE%3A%3ADefaultApp%3A%3AEVVET3%20PR%20NEW%2FAER%3A%3Adimension%2FAER%20Id%3A%3Aattribute%3A%3Anoaggr%3A%3Axsd%3Adouble=390164&_xt=AER&_xf=pdf""> AER </a>",2014-03-10 00:00:00,Other health care professional,United States,MALE,Dog,Retriever - Labrador,Metacam 1.5 mg/ml - Oral suspension (dogs),Emesis,1,1,
US-DEBIAHP-2014US02023,"<a target=""_blank""  href=""/xmlpserver/EVVET3 PW NEW/Subject Area Contents/Public Website/Report (PDF)/AER.xdo?_xpf=&_xpt=1&_params%2FOracle%20BI%20EE%3A%3ADefaultApp%3A%3AEVVET3%20PR%20NEW%2FAER%3A%3Adimension%2FAER%20Id%3A%3Aattribute%3A%3Anoaggr%3A%3Axsd%3Adouble=390337&_xt=AER&_xf=pdf""> AER </a>",2014-03-10 00:00:00,Animal owner,United States,FEMALE,Dog,Chihuahua,"Metacam 0.5 mg/ml - Oral suspension (cats, guinea pigs), Metacam 0.5 mg/ml - Oral suspension (dogs), Tramadog 50 mg tablet for dogs","Abnormal breathing, Erythematous rash, Facial swelling (see also Skin), Pruritus, Urticaria",1,1,
US-DEBIAHP-2014US02130,"<a target=""_blank""  href=""/xmlpserver/EVVET3 PW NEW/Subject Area Contents/Public Website/Report (PDF)/AER.xdo?_xpf=&_xpt=1&_params%2FOracle%20BI%20EE%3A%3ADefaultApp%3A%3AEVVET3%20PR%20NEW%2FAER%3A%3Adimension%2FAER%20Id%3A%3Aattribute%3A%3Anoaggr%3A%3Axsd%3Adouble=394676&_xt=AER&_xf=pdf""> AER </a>",2014-04-17 00:00:00,Veterinarian,United States,FEMALE,Dog,Retriever - Labrador,Metacam 1.5 mg/ml - Oral suspension (dogs),"Balance problem, Death by euthanasia, Muscle wasting, Nystagmus, Otitis externa, Proprioception loss, Recumbency, Seizure NOS",1,1,1
US-DEBIAHP-2014US02201,"<a target=""_blank""  href=""/xmlpserver/EVVET3 PW NEW/Subject Area Contents/Public Website/Report (PDF)/AER.xdo?_xpf=&_xpt=1&_params%2FOracle%20BI%20EE%3A%3ADefaultApp%3A%3AEVVET3%20PR%20NEW%2FAER%3A%3Adimension%2FAER%20Id%3A%3Aattribute%3A%3Anoaggr%3A%3Axsd%3Adouble=390529&_xt=AER&_xf=pdf""> AER </a>",2014-03-13 00:00:00,Other health care professional,United States,MALE,Dog,Terrier - Yorkshire,"Metacam 0.5 mg/ml - Oral suspension (cats, guinea pigs), Metacam 0.5 mg/ml - Oral suspension (dogs)","Elevated alanine aminotransferase (ALT), Elevated blood urea nitrogen (BUN), Emesis, Leukopenia NOS, Low platelet count, Other abnormal test result NOS",1,1,
US-DEBIAHP-2014US02223,"<a target=""_blank""  href=""/xmlpserver/EVVET3 PW NEW/Subject Area Contents/Public Website/Report (PDF)/AER.xdo?_xpf=&_xpt=1&_params%2FOracle%20BI%20EE%3A%3ADefaultApp%3A%3AEVVET3%20PR%20NEW%2FAER%3A%3Adimension%2FAER%20Id%3A%3Aattribute%3A%3Anoaggr%3A%3Axsd%3Adouble=390496&_xt=AER&_xf=pdf""> AER </a>",2014-03-12 00:00:00,Veterinarian,United States,FEMALE,Dog,Pekingese,"ADEQUAN IM 500 MG/5 ML SOLUTION FOR INJECTION, Adequan, Adequan 100 mg/ml Solution for Injection, Adequan 250 mg/ml Solution for Injection, Metacam 1.5 mg/ml - Oral suspension (dogs)","Anorexia, Diarrhoea, Emesis, Lethargy (see also Central nervous system depression in Neurological)",1,1,
US-DEBIAHP-2014US02231,"<a target=""_blank""  href=""/xmlpserver/EVVET3 PW NEW/Subject Area Contents/Public Website/Report (PDF)/AER.xdo?_xpf=&_xpt=1&_params%2FOracle%20BI%20EE%3A%3ADefaultApp%3A%3AEVVET3%20PR%20NEW%2FAER%3A%3Adimension%2FAER%20Id%3A%3Aattribute%3A%3Anoaggr%3A%3Axsd%3Adouble=390501&_xt=AER&_xf=pdf""> AER </a>",2014-03-12 00:00:00,Other health care professional,United States,FEMALE,Dog,Poodle - Standard,Metacam 1.5 mg/ml - Oral suspension (dogs),"Anaemia NOS, Gastric ulceration NOS",1,1,
US-DEBIAHP-2014US02394,"<a target=""_blank""  href=""/xmlpserver/EVVET3 PW NEW/Subject Area Contents/Public Website/Report (PDF)/AER.xdo?_xpf=&_xpt=1&_params%2FOracle%20BI%20EE%3A%3ADefaultApp%3A%3AEVVET3%20PR%20NEW%2FAER%3A%3Adimension%2FAER%20Id%3A%3Aattribute%3A%3Anoaggr%3A%3Axsd%3Adouble=390592&_xt=AER&_xf=pdf""> AER </a>",2014-03-14 00:00:00,Animal owner,United States,MALE,Dog,Dog (other),Metacam 1.5 mg/ml - Oral suspension (dogs),"Death, Epistaxis, Loose bowel, Panting, Restlessness, Vomiting",1,1,
US-DEBIAHP-2014US02396,"<a target=""_blank""  href=""/xmlpserver/EVVET3 PW NEW/Subject Area Contents/Public Website/Report (PDF)/AER.xdo?_xpf=&_xpt=1&_params%2FOracle%20BI%20EE%3A%3ADefaultApp%3A%3AEVVET3%20PR%20NEW%2FAER%3A%3Adimension%2FAER%20Id%3A%3Aattribute%3A%3Anoaggr%3A%3Axsd%3Adouble=391281&_xt=AER&_xf=pdf""> AER </a>",2014-03-21 00:00:00,Veterinarian,United States,MALE,Dog,Chihuahua,"Loxicom 0.5 mg/ml  - Oral suspension (cats), Loxicom 0.5 mg/ml  - Oral suspension (dogs), Loxicom 1 mg  - Chewable tablet (dogs), Loxicom 1.5 mg/ml  - Oral suspension (dogs), Loxicom 2.5 mg  - Chewable tablet (dogs), Loxicom 20 mg/ml - Solution for injection (cattle, pigs, horses), Loxicom 5 mg/ml  - Solution for injection (cats, dogs), Loxicom 50 mg/g  - Oral paste (horses), Metacam 0.5 mg/ml - Oral suspension (cats, guinea pigs), Metacam 0.5 mg/ml - Oral suspension (dogs)","Bloody diarrhoea, Death, Dehydration, Depression, Hypoglycaemia, Hypotension, Leukopenia NOS, Vomiting",1,1,
US-DEBIAHP-2014US02807,"<a target=""_blank""  href=""/xmlpserver/EVVET3 PW NEW/Subject Area Contents/Public Website/Report (PDF)/AER.xdo?_xpf=&_xpt=1&_params%2FOracle%20BI%20EE%3A%3ADefaultApp%3A%3AEVVET3%20PR%20NEW%2FAER%3A%3Adimension%2FAER%20Id%3A%3Aattribute%3A%3Anoaggr%3A%3Axsd%3Adouble=391881&_xt=AER&_xf=pdf""> AER </a>",2014-03-26 00:00:00,Other health care professional,United States,FEMALE,Dog,Corgi - Welsh Pembroke,Metacam 1.5 mg/ml - Oral suspension (dogs),Vomiting,1,1,
US-DEBIAHP-2014US02810,"<a target=""_blank""  href=""/xmlpserver/EVVET3 PW NEW/Subject Area Contents/Public Website/Report (PDF)/AER.xdo?_xpf=&_xpt=1&_params%2FOracle%20BI%20EE%3A%3ADefaultApp%3A%3AEVVET3%20PR%20NEW%2FAER%3A%3Adimension%2FAER%20Id%3A%3Aattribute%3A%3Anoaggr%3A%3Axsd%3Adouble=392195&_xt=AER&_xf=pdf""> AER </a>",2014-03-28 00:00:00,Other health care professional,United States,MALE,Dog,Terrier - Yorkshire,Metacam 1.5 mg/ml - Oral suspension (dogs),"Feeling sick, Vomiting",1,1,
US-DEBIAHP-2014US02814,"<a target=""_blank""  href=""/xmlpserver/EVVET3 PW NEW/Subject Area Contents/Public Website/Report (PDF)/AER.xdo?_xpf=&_xpt=1&_params%2FOracle%20BI%20EE%3A%3ADefaultApp%3A%3AEVVET3%20PR%20NEW%2FAER%3A%3Adimension%2FAER%20Id%3A%3Aattribute%3A%3Anoaggr%3A%3Axsd%3Adouble=392045&_xt=AER&_xf=pdf""> AER </a>",2014-03-26 00:00:00,Other health care professional,United States,MALE,Dog,Pekingese,Metacam 1.5 mg/ml - Oral suspension (dogs),"Facial swelling (see also Skin), Hives (see also Skin)",1,1,
US-DEBIAHP-2014US02956,"<a target=""_blank""  href=""/xmlpserver/EVVET3 PW NEW/Subject Area Contents/Public Website/Report (PDF)/AER.xdo?_xpf=&_xpt=1&_params%2FOracle%20BI%20EE%3A%3ADefaultApp%3A%3AEVVET3%20PR%20NEW%2FAER%3A%3Adimension%2FAER%20Id%3A%3Aattribute%3A%3Anoaggr%3A%3Axsd%3Adouble=413903&_xt=AER&_xf=pdf""> AER </a>",2014-09-30 00:00:00,Veterinarian,United States,MALE,Dog,Crossbred Canine/dog,Metacam 1.5 mg/ml - Oral suspension (dogs),"Blood in faeces, Emesis",1,1,
US-DEBIAHP-2014US02991,"<a target=""_blank""  href=""/xmlpserver/EVVET3 PW NEW/Subject Area Contents/Public Website/Report (PDF)/AER.xdo?_xpf=&_xpt=1&_params%2FOracle%20BI%20EE%3A%3ADefaultApp%3A%3AEVVET3%20PR%20NEW%2FAER%3A%3Adimension%2FAER%20Id%3A%3Aattribute%3A%3Anoaggr%3A%3Axsd%3Adouble=392482&_xt=AER&_xf=pdf""> AER </a>",2014-03-28 00:00:00,Other health care professional,United States,UNKNOWN,Dog,Sheepdog - Shetland,Metacam 1.5 mg/ml - Oral suspension (dogs),Increased appetite,1,1,
US-DEBIAHP-2014US03161,"<a target=""_blank""  href=""/xmlpserver/EVVET3 PW NEW/Subject Area Contents/Public Website/Report (PDF)/AER.xdo?_xpf=&_xpt=1&_params%2FOracle%20BI%20EE%3A%3ADefaultApp%3A%3AEVVET3%20PR%20NEW%2FAER%3A%3Adimension%2FAER%20Id%3A%3Aattribute%3A%3Anoaggr%3A%3Axsd%3Adouble=395894&_xt=AER&_xf=pdf""> AER </a>",2014-04-29 00:00:00,Animal owner,United States,FEMALE,Dog,Maltese,"Metacam 1.5 mg/ml - Oral suspension (dogs), Metacam 5 mg/ml - Solution for injection (cats, dogs), Metacam 5 mg/ml - Solution for injection (cattle, pigs), Metacam 5 mg/ml - Solution for injection (dogs), Tramadog 50 mg tablet for dogs","Anorexia, Bloody diarrhoea, Diarrhoea, Lethargy (see also Central nervous system depression in Neurological), Vomiting",1,1,
US-DEBIAHP-2014US03189,"<a target=""_blank""  href=""/xmlpserver/EVVET3 PW NEW/Subject Area Contents/Public Website/Report (PDF)/AER.xdo?_xpf=&_xpt=1&_params%2FOracle%20BI%20EE%3A%3ADefaultApp%3A%3AEVVET3%20PR%20NEW%2FAER%3A%3Adimension%2FAER%20Id%3A%3Aattribute%3A%3Anoaggr%3A%3Axsd%3Adouble=398007&_xt=AER&_xf=pdf""> AER </a>",2014-05-19 00:00:00,Veterinarian,United States,MALE,Dog,Collie - Border,Metacam 1.5 mg/ml - Oral suspension (dogs),"Diarrhoea, Melaena, Regenerative anaemia, Vomiting",1,1,
US-DEBIAHP-2014US03211,"<a target=""_blank""  href=""/xmlpserver/EVVET3 PW NEW/Subject Area Contents/Public Website/Report (PDF)/AER.xdo?_xpf=&_xpt=1&_params%2FOracle%20BI%20EE%3A%3ADefaultApp%3A%3AEVVET3%20PR%20NEW%2FAER%3A%3Adimension%2FAER%20Id%3A%3Aattribute%3A%3Anoaggr%3A%3Axsd%3Adouble=392997&_xt=AER&_xf=pdf""> AER </a>",2014-04-02 00:00:00,Veterinarian,United States,MALE,Dog,Chihuahua,Metacam 1.5 mg/ml - Oral suspension (dogs),"Vomiting, Weight loss",1,1,
US-DEBIAHP-2014US03256,"<a target=""_blank""  href=""/xmlpserver/EVVET3 PW NEW/Subject Area Contents/Public Website/Report (PDF)/AER.xdo?_xpf=&_xpt=1&_params%2FOracle%20BI%20EE%3A%3ADefaultApp%3A%3AEVVET3%20PR%20NEW%2FAER%3A%3Adimension%2FAER%20Id%3A%3Aattribute%3A%3Anoaggr%3A%3Axsd%3Adouble=395073&_xt=AER&_xf=pdf""> AER </a>",2014-04-21 00:00:00,Veterinarian,United States,FEMALE,Dog,Boxer (German Boxer),Metacam 1.5 mg/ml - Oral suspension (dogs),"Diarrhoea, Fluid in abdomen NOS, Heart murmur, Hypoalbuminaemia, Lethargy (see also Central nervous system depression in Neurological), Nasal discharge, Polydipsia, Polyuria, Vomiting",1,1,
US-DEBIAHP-2014US03273,"<a target=""_blank""  href=""/xmlpserver/EVVET3 PW NEW/Subject Area Contents/Public Website/Report (PDF)/AER.xdo?_xpf=&_xpt=1&_params%2FOracle%20BI%20EE%3A%3ADefaultApp%3A%3AEVVET3%20PR%20NEW%2FAER%3A%3Adimension%2FAER%20Id%3A%3Aattribute%3A%3Anoaggr%3A%3Axsd%3Adouble=392968&_xt=AER&_xf=pdf""> AER </a>",2014-04-02 00:00:00,Other health care professional,United States,FEMALE,Dog,Shar Pei,Metacam 1.5 mg/ml - Oral suspension (dogs),"Allergic pruritus, Restlessness",1,1,
US-DEBIAHP-2014US03337,"<a target=""_blank""  href=""/xmlpserver/EVVET3 PW NEW/Subject Area Contents/Public Website/Report (PDF)/AER.xdo?_xpf=&_xpt=1&_params%2FOracle%20BI%20EE%3A%3ADefaultApp%3A%3AEVVET3%20PR%20NEW%2FAER%3A%3Adimension%2FAER%20Id%3A%3Aattribute%3A%3Anoaggr%3A%3Axsd%3Adouble=393165&_xt=AER&_xf=pdf""> AER </a>",2014-04-04 00:00:00,Veterinarian,United States,MALE,Dog,Retriever - Labrador,Metacam 1.5 mg/ml - Oral suspension (dogs),"Depression, Diarrhoea, Not eating",1,1,
US-DEBIAHP-2014US03368,"<a target=""_blank""  href=""/xmlpserver/EVVET3 PW NEW/Subject Area Contents/Public Website/Report (PDF)/AER.xdo?_xpf=&_xpt=1&_params%2FOracle%20BI%20EE%3A%3ADefaultApp%3A%3AEVVET3%20PR%20NEW%2FAER%3A%3Adimension%2FAER%20Id%3A%3Aattribute%3A%3Anoaggr%3A%3Axsd%3Adouble=395519&_xt=AER&_xf=pdf""> AER </a>",2014-04-24 00:00:00,Veterinarian,United States,FEMALE,Dog,Dachshund - Miniature,Metacam 1.5 mg/ml - Oral suspension (dogs),"Cough, Lethargy (see also Central nervous system depression in Neurological), Nasal discharge",1,1,
US-DEBIAHP-2014US03397,"<a target=""_blank""  href=""/xmlpserver/EVVET3 PW NEW/Subject Area Contents/Public Website/Report (PDF)/AER.xdo?_xpf=&_xpt=1&_params%2FOracle%20BI%20EE%3A%3ADefaultApp%3A%3AEVVET3%20PR%20NEW%2FAER%3A%3Adimension%2FAER%20Id%3A%3Aattribute%3A%3Anoaggr%3A%3Axsd%3Adouble=393421&_xt=AER&_xf=pdf""> AER </a>",2014-04-07 00:00:00,Veterinarian,United States,FEMALE,Dog,Poodle - Toy,"Ketavet 100 mg/ml Solution for Injection for Dogs, Cats and Horses, Metacam 1.5 mg/ml - Oral suspension (dogs), SYNULOX (200+50)MG/TAB ΔΙΣΚΙΟ, SYNULOX (40+10)MG/TAB ΔΙΣΚΙΟ, SYNULOX 140 mg/ml + 35 mg/ml suspensión inyectable, SYNULOX 200 mg/50 mg tablety pre psy a mačky, SYNULOX 200/50 mg COMPRIMIDOS APETITOSOS PARA PERROS, SYNULOX 250 COMPRIMES POUR CHIENS, SYNULOX 250 mg, SYNULOX 250 mg kramtomosios tabletės šunims ir katėms, SYNULOX 250 mg tablete za pse in mačke, SYNULOX 250mg, δισκία για σκύλους και γάτες, SYNULOX 40 mg/10 mg tablety pre psy a mačky, SYNULOX 40 mg/ml + 10 mg/ml POLVO PARA GOTAS ORALES EN SUSPENSION, SYNULOX 40/10 MG COMPRIMIDOS APETITOSOS PARA PERROS Y GATOS, SYNULOX 400 mg/100 mg tablety pre psy, SYNULOX 400/100 mg COMPRIMIDOS APETITOSOS PARA PERROS, SYNULOX 50 COMPRIMES POUR CHIENS ET CHATS, SYNULOX 50 mg, SYNULOX 50 mg kramtomosios tabletės šunims ir katėms, SYNULOX 50 mg tablete za pse in mačke, SYNULOX 500 COMPRIMES POUR CHIENS, SYNULOX 500 mg kramtomosios tabletės šunims, SYNULOX 500 mg tablete za pse, SYNULOX 500 mg, kramtomosios tabletės šunims, SYNULOX 500MG/TAB ΔΙΣΚΙΟ, SYNULOX 50mg, δισκία για σκύλους και γάτες, SYNULOX OGIVETTES POUR VEAUX, SYNULOX SUSPENSION INJECTABLE POUR BOVINS, SYNULOX VET 140 mg/ml injektioneste, suspensio koiralle, kissalle ja sialle, SYNULOX suspensão injetável para suínos, bovinos, cães e gatos, SYNULOX vet 200 mg/50 mg tabletti, koiralle ja kissalle, SYNULOX vet 40 mg/10 mg tabletti, koiralle ja kissalle, SYNULOX vet 400 mg/100 mg tabletti, koiralle, SYNULOX, 400/100mg, Tableta, Synulox 250 mg Comprimés Appétents, Synulox 250 mg Smakelijke tabletten, Synulox 250 mg tabletes suņiem un kaķiem, Synulox 250 mg, tabletid koertele ja kassidele, Synulox 250 mg, таблетки за кучета и котки, Synulox 250mg (200 mg/50 mg)  Tabletten für Hunde, Synulox 50 mg Comprimés Appétents, Synulox 50 mg Smakelijke Tabletten, Synulox 50 mg tabletes suņiem un kaķiem, Synulox 50 mg, tabletid koertele ja kassidele, Synulox 50 mg, таблетки за кучета и котки, Synulox 500 mg Bolus 400 mg - 100 mg Omhulde tablet, Synulox 500 mg Comprimés Appétents, Synulox 500 mg Smakelijke Tabletten, Synulox 500 mg tabletes suņiem, Synulox 500 mg, tabletid koertele, Synulox 500mg (400 mg/100 mg) Tabletten für Hunde, Synulox 50mg (40 mg/10 mg) Tabletten für Hunde und Katzen, Synulox Bolus 500 mg, 400 mg + 100 mg comprimés enrobés pour veaux, Synulox Lactating Cow Intramammary suspension., Synulox Tabletki 250 mg, Synulox Tabletki 250 mg (200+50) mg/tablete; tabletes suņiem, Synulox Tabletki 50 mg, Synulox Tabletki 50 mg (40+10) mg/ tablete; tabletes suņiem un kaķiem, Synulox Tabletki 500 mg, Synulox Vet. til hund og kat 200 + 50 mg tabletter, Synulox Vet. til hund og kat 40 + 10 mg tabletter, Synulox Vet. til hund tabletter 400 + 100 mg, Synulox Vet. til kalve 400 + 100 mg tabletter, Synulox comprimidos palatáveis 250 mg para cães e gatos, Synulox comprimidos palatáveis 50 mg para cães e gatos, Synulox comprimidos palatáveis 500 mg para cães, Synulox vet 40 mg/ml jauhe oraalisuspensiota varten koiralle ja kissalle, Synulox vet. 200 mg tabletter for hund og katt, Synulox vet. 200 mg/50 mg Tablett, Synulox vet. 40 mg tabletter for hund og katt, Synulox vet. 40 mg/10 mg Tablett, Synulox vet. 400 mg tabletter for hund, Synulox vet. 400 mg/100 mg Tablett, Synulox, 200/50mg, Tableta, Synulox, 40/10mg, Tableta, Synulox-Kalb 400 mg/100 mg Filmtabletten für Rinder (Kälber)","Bruising, Reddening of the skin, Skin necrosis",1,1,
US-DEBIAHP-2014US03505,"<a target=""_blank""  href=""/xmlpserver/EVVET3 PW NEW/Subject Area Contents/Public Website/Report (PDF)/AER.xdo?_xpf=&_xpt=1&_params%2FOracle%20BI%20EE%3A%3ADefaultApp%3A%3AEVVET3%20PR%20NEW%2FAER%3A%3Adimension%2FAER%20Id%3A%3Aattribute%3A%3Anoaggr%3A%3Axsd%3Adouble=393781&_xt=AER&_xf=pdf""> AER </a>",2014-04-09 00:00:00,Animal owner,United States,MALE,Dog,Pug,Metacam 1.5 mg/ml - Oral suspension (dogs),"Emesis, Lethargy (see also Central nervous system depression in Neurological)",1,1,
US-DEBIAHP-2014US03537,"<a target=""_blank""  href=""/xmlpserver/EVVET3 PW NEW/Subject Area Contents/Public Website/Report (PDF)/AER.xdo?_xpf=&_xpt=1&_params%2FOracle%20BI%20EE%3A%3ADefaultApp%3A%3AEVVET3%20PR%20NEW%2FAER%3A%3Adimension%2FAER%20Id%3A%3Aattribute%3A%3Anoaggr%3A%3Axsd%3Adouble=393755&_xt=AER&_xf=pdf""> AER </a>",2014-04-10 00:00:00,Veterinarian,United States,MALE,Dog,Terrier - Yorkshire,"Metacam 0.5 mg/ml - Oral suspension (cats, guinea pigs), Metacam 0.5 mg/ml - Oral suspension (dogs)","Abdominal pain, Death, Gastric perforation, Gastritis, Peritonitis, Vomiting",1,1,
US-DEBIAHP-2014US03600,"<a target=""_blank""  href=""/xmlpserver/EVVET3 PW NEW/Subject Area Contents/Public Website/Report (PDF)/AER.xdo?_xpf=&_xpt=1&_params%2FOracle%20BI%20EE%3A%3ADefaultApp%3A%3AEVVET3%20PR%20NEW%2FAER%3A%3Adimension%2FAER%20Id%3A%3Aattribute%3A%3Anoaggr%3A%3Axsd%3Adouble=394406&_xt=AER&_xf=pdf""> AER </a>",2014-04-15 00:00:00,Animal owner,United States,UNKNOWN,Dog,Dog (other),Metacam 1.5 mg/ml - Oral suspension (dogs),Vomiting,1,1,
US-DEBIAHP-2014US03625,"<a target=""_blank""  href=""/xmlpserver/EVVET3 PW NEW/Subject Area Contents/Public Website/Report (PDF)/AER.xdo?_xpf=&_xpt=1&_params%2FOracle%20BI%20EE%3A%3ADefaultApp%3A%3AEVVET3%20PR%20NEW%2FAER%3A%3Adimension%2FAER%20Id%3A%3Aattribute%3A%3Anoaggr%3A%3Axsd%3Adouble=394148&_xt=AER&_xf=pdf""> AER </a>",2014-04-14 00:00:00,Veterinarian,United States,MALE,Dog,Shih Tzu,"Metacam 0.5 mg/ml - Oral suspension (cats, guinea pigs), Metacam 0.5 mg/ml - Oral suspension (dogs), Metacam 5 mg/ml - Solution for injection (cats, dogs), Metacam 5 mg/ml - Solution for injection (cattle, pigs), Metacam 5 mg/ml - Solution for injection (dogs)",Diarrhoea,1,1,
US-DEBIAHP-2014US03734,"<a target=""_blank""  href=""/xmlpserver/EVVET3 PW NEW/Subject Area Contents/Public Website/Report (PDF)/AER.xdo?_xpf=&_xpt=1&_params%2FOracle%20BI%20EE%3A%3ADefaultApp%3A%3AEVVET3%20PR%20NEW%2FAER%3A%3Adimension%2FAER%20Id%3A%3Aattribute%3A%3Anoaggr%3A%3Axsd%3Adouble=401801&_xt=AER&_xf=pdf""> AER </a>",2014-06-23 00:00:00,Veterinarian,United States,MALE,Dog,Dachshund - Miniature,"Convenia 80 mg/ml  - Powder and solvent for solution for injection, Metacam 0.5 mg/ml - Oral suspension (cats, guinea pigs), Metacam 0.5 mg/ml - Oral suspension (dogs), Metacam 5 mg/ml - Solution for injection (cats, dogs), Metacam 5 mg/ml - Solution for injection (cattle, pigs), Metacam 5 mg/ml - Solution for injection (dogs), SevoFlo 100%  - Inhalation vapour, liquid","Alopecia local, Localised rash, Skin ulcer",1,1,
US-DEBIAHP-2014US03863,"<a target=""_blank""  href=""/xmlpserver/EVVET3 PW NEW/Subject Area Contents/Public Website/Report (PDF)/AER.xdo?_xpf=&_xpt=1&_params%2FOracle%20BI%20EE%3A%3ADefaultApp%3A%3AEVVET3%20PR%20NEW%2FAER%3A%3Adimension%2FAER%20Id%3A%3Aattribute%3A%3Anoaggr%3A%3Axsd%3Adouble=393419&_xt=AER&_xf=pdf""> AER </a>",2014-04-07 00:00:00,Veterinarian,United States,FEMALE,Dog,Chihuahua,"Metacam 5 mg/ml - Solution for injection (cats, dogs), Metacam 5 mg/ml - Solution for injection (cattle, pigs), Metacam 5 mg/ml - Solution for injection (dogs)","Anorexia, Blue eye, Corneal ulcer, Weight loss",1,1,
US-DEBIAHP-2014US03936,"<a target=""_blank""  href=""/xmlpserver/EVVET3 PW NEW/Subject Area Contents/Public Website/Report (PDF)/AER.xdo?_xpf=&_xpt=1&_params%2FOracle%20BI%20EE%3A%3ADefaultApp%3A%3AEVVET3%20PR%20NEW%2FAER%3A%3Adimension%2FAER%20Id%3A%3Aattribute%3A%3Anoaggr%3A%3Axsd%3Adouble=395091&_xt=AER&_xf=pdf""> AER </a>",2014-04-21 00:00:00,Veterinarian,United States,FEMALE,Dog,Terrier - Yorkshire,"Metacam 0.5 mg/ml - Oral suspension (cats, guinea pigs), Metacam 0.5 mg/ml - Oral suspension (dogs)",Vomiting,1,1,
US-DEBIAHP-2014US03988,"<a target=""_blank""  href=""/xmlpserver/EVVET3 PW NEW/Subject Area Contents/Public Website/Report (PDF)/AER.xdo?_xpf=&_xpt=1&_params%2FOracle%20BI%20EE%3A%3ADefaultApp%3A%3AEVVET3%20PR%20NEW%2FAER%3A%3Adimension%2FAER%20Id%3A%3Aattribute%3A%3Anoaggr%3A%3Axsd%3Adouble=395522&_xt=AER&_xf=pdf""> AER </a>",2014-04-24 00:00:00,Veterinarian,United States,FEMALE,Dog,Shih Tzu,Metacam 1.5 mg/ml - Oral suspension (dogs),"Dehydration, Fever, Lethargy (see also Central nervous system depression in Neurological), Leukopenia NOS, Thrombocytopenia",1,1,
US-DEBIAHP-2014US04068,"<a target=""_blank""  href=""/xmlpserver/EVVET3 PW NEW/Subject Area Contents/Public Website/Report (PDF)/AER.xdo?_xpf=&_xpt=1&_params%2FOracle%20BI%20EE%3A%3ADefaultApp%3A%3AEVVET3%20PR%20NEW%2FAER%3A%3Adimension%2FAER%20Id%3A%3Aattribute%3A%3Anoaggr%3A%3Axsd%3Adouble=396200&_xt=AER&_xf=pdf""> AER </a>",2014-05-02 00:00:00,Veterinarian,United States,FEMALE,Dog,Crossbred Canine/dog,"Metacam 0.5 mg/ml - Oral suspension (cats, guinea pigs), Metacam 0.5 mg/ml - Oral suspension (dogs)","Chronic renal failure, Death by euthanasia, Elevated renal parameters",1,1,1
US-DEBIAHP-2014US04070,"<a target=""_blank""  href=""/xmlpserver/EVVET3 PW NEW/Subject Area Contents/Public Website/Report (PDF)/AER.xdo?_xpf=&_xpt=1&_params%2FOracle%20BI%20EE%3A%3ADefaultApp%3A%3AEVVET3%20PR%20NEW%2FAER%3A%3Adimension%2FAER%20Id%3A%3Aattribute%3A%3Anoaggr%3A%3Axsd%3Adouble=395041&_xt=AER&_xf=pdf""> AER </a>",2014-04-22 00:00:00,Animal owner,United States,FEMALE,Dog,Maltese,Metacam 1.5 mg/ml - Oral suspension (dogs),"Abnormal breathing, Not sleeping, Vomiting",1,1,
US-DEBIAHP-2014US04084,"<a target=""_blank""  href=""/xmlpserver/EVVET3 PW NEW/Subject Area Contents/Public Website/Report (PDF)/AER.xdo?_xpf=&_xpt=1&_params%2FOracle%20BI%20EE%3A%3ADefaultApp%3A%3AEVVET3%20PR%20NEW%2FAER%3A%3Adimension%2FAER%20Id%3A%3Aattribute%3A%3Anoaggr%3A%3Axsd%3Adouble=397819&_xt=AER&_xf=pdf""> AER </a>",2014-05-16 00:00:00,Veterinarian,United States,FEMALE,Dog,Chihuahua,"Cerenia 10 mg/ml  - Solution for injection, Cerenia 16 mg  - Tablet, Cerenia 160 mg  - Tablet, Cerenia 24 mg  - Tablet, Cerenia 60 mg - Tablet, Metacam 0.5 mg/ml - Oral suspension (cats, guinea pigs), Metacam 0.5 mg/ml - Oral suspension (dogs), SYNULOX (200+50)MG/TAB ΔΙΣΚΙΟ, SYNULOX (40+10)MG/TAB ΔΙΣΚΙΟ, SYNULOX 140 mg/ml + 35 mg/ml suspensión inyectable, SYNULOX 200 mg/50 mg tablety pre psy a mačky, SYNULOX 200/50 mg COMPRIMIDOS APETITOSOS PARA PERROS, SYNULOX 250 COMPRIMES POUR CHIENS, SYNULOX 250 mg, SYNULOX 250 mg kramtomosios tabletės šunims ir katėms, SYNULOX 250 mg tablete za pse in mačke, SYNULOX 250mg, δισκία για σκύλους και γάτες, SYNULOX 40 mg/10 mg tablety pre psy a mačky, SYNULOX 40 mg/ml + 10 mg/ml POLVO PARA GOTAS ORALES EN SUSPENSION, SYNULOX 40/10 MG COMPRIMIDOS APETITOSOS PARA PERROS Y GATOS, SYNULOX 400 mg/100 mg tablety pre psy, SYNULOX 400/100 mg COMPRIMIDOS APETITOSOS PARA PERROS, SYNULOX 50 COMPRIMES POUR CHIENS ET CHATS, SYNULOX 50 mg, SYNULOX 50 mg kramtomosios tabletės šunims ir katėms, SYNULOX 50 mg tablete za pse in mačke, SYNULOX 500 COMPRIMES POUR CHIENS, SYNULOX 500 mg kramtomosios tabletės šunims, SYNULOX 500 mg tablete za pse, SYNULOX 500 mg, kramtomosios tabletės šunims, SYNULOX 500MG/TAB ΔΙΣΚΙΟ, SYNULOX 50mg, δισκία για σκύλους και γάτες, SYNULOX OGIVETTES POUR VEAUX, SYNULOX SUSPENSION INJECTABLE POUR BOVINS, SYNULOX VET 140 mg/ml injektioneste, suspensio koiralle, kissalle ja sialle, SYNULOX suspensão injetável para suínos, bovinos, cães e gatos, SYNULOX vet 200 mg/50 mg tabletti, koiralle ja kissalle, SYNULOX vet 40 mg/10 mg tabletti, koiralle ja kissalle, SYNULOX vet 400 mg/100 mg tabletti, koiralle, SYNULOX, 400/100mg, Tableta, Synulox 250 mg Comprimés Appétents, Synulox 250 mg Smakelijke tabletten, Synulox 250 mg tabletes suņiem un kaķiem, Synulox 250 mg, tabletid koertele ja kassidele, Synulox 250 mg, таблетки за кучета и котки, Synulox 250mg (200 mg/50 mg)  Tabletten für Hunde, Synulox 50 mg Comprimés Appétents, Synulox 50 mg Smakelijke Tabletten, Synulox 50 mg tabletes suņiem un kaķiem, Synulox 50 mg, tabletid koertele ja kassidele, Synulox 50 mg, таблетки за кучета и котки, Synulox 500 mg Bolus 400 mg - 100 mg Omhulde tablet, Synulox 500 mg Comprimés Appétents, Synulox 500 mg Smakelijke Tabletten, Synulox 500 mg tabletes suņiem, Synulox 500 mg, tabletid koertele, Synulox 500mg (400 mg/100 mg) Tabletten für Hunde, Synulox 50mg (40 mg/10 mg) Tabletten für Hunde und Katzen, Synulox Bolus 500 mg, 400 mg + 100 mg comprimés enrobés pour veaux, Synulox Lactating Cow Intramammary suspension., Synulox Tabletki 250 mg, Synulox Tabletki 250 mg (200+50) mg/tablete; tabletes suņiem, Synulox Tabletki 50 mg, Synulox Tabletki 50 mg (40+10) mg/ tablete; tabletes suņiem un kaķiem, Synulox Tabletki 500 mg, Synulox Vet. til hund og kat 200 + 50 mg tabletter, Synulox Vet. til hund og kat 40 + 10 mg tabletter, Synulox Vet. til hund tabletter 400 + 100 mg, Synulox Vet. til kalve 400 + 100 mg tabletter, Synulox comprimidos palatáveis 250 mg para cães e gatos, Synulox comprimidos palatáveis 50 mg para cães e gatos, Synulox comprimidos palatáveis 500 mg para cães, Synulox vet 40 mg/ml jauhe oraalisuspensiota varten koiralle ja kissalle, Synulox vet. 200 mg tabletter for hund og katt, Synulox vet. 200 mg/50 mg Tablett, Synulox vet. 40 mg tabletter for hund og katt, Synulox vet. 40 mg/10 mg Tablett, Synulox vet. 400 mg tabletter for hund, Synulox vet. 400 mg/100 mg Tablett, Synulox, 200/50mg, Tableta, Synulox, 40/10mg, Tableta, Synulox-Kalb 400 mg/100 mg Filmtabletten für Rinder (Kälber)","Pinnal irritation, Ulcerative dermatitis",1,1,
US-DEBIAHP-2014US04146,"<a target=""_blank""  href=""/xmlpserver/EVVET3 PW NEW/Subject Area Contents/Public Website/Report (PDF)/AER.xdo?_xpf=&_xpt=1&_params%2FOracle%20BI%20EE%3A%3ADefaultApp%3A%3AEVVET3%20PR%20NEW%2FAER%3A%3Adimension%2FAER%20Id%3A%3Aattribute%3A%3Anoaggr%3A%3Axsd%3Adouble=396734&_xt=AER&_xf=pdf""> AER </a>",2014-05-07 00:00:00,Veterinarian,United States,FEMALE,Dog,Chihuahua,"Metacam 0.5 mg/ml - Oral suspension (cats, guinea pigs), Metacam 0.5 mg/ml - Oral suspension (dogs)",Elevated alanine aminotransferase (ALT),1,1,
US-DEBIAHP-2014US04254,"<a target=""_blank""  href=""/xmlpserver/EVVET3 PW NEW/Subject Area Contents/Public Website/Report (PDF)/AER.xdo?_xpf=&_xpt=1&_params%2FOracle%20BI%20EE%3A%3ADefaultApp%3A%3AEVVET3%20PR%20NEW%2FAER%3A%3Adimension%2FAER%20Id%3A%3Aattribute%3A%3Anoaggr%3A%3Axsd%3Adouble=395516&_xt=AER&_xf=pdf""> AER </a>",2014-04-24 00:00:00,Veterinarian,United States,MALE,Dog,Pinscher - Miniature,"Metacam 0.5 mg/ml - Oral suspension (cats, guinea pigs), Metacam 0.5 mg/ml - Oral suspension (dogs), Tramadog 50 mg tablet for dogs","Dehydration, Haemorrhagic diarrhoea, Hypoalbuminaemia, Hypoglycaemia, Hypoproteinaemia, Leukopenia NOS, Other abnormal test result NOS, Vocalisation, Vomiting",1,1,
US-DEBIAHP-2014US04328,"<a target=""_blank""  href=""/xmlpserver/EVVET3 PW NEW/Subject Area Contents/Public Website/Report (PDF)/AER.xdo?_xpf=&_xpt=1&_params%2FOracle%20BI%20EE%3A%3ADefaultApp%3A%3AEVVET3%20PR%20NEW%2FAER%3A%3Adimension%2FAER%20Id%3A%3Aattribute%3A%3Anoaggr%3A%3Axsd%3Adouble=395992&_xt=AER&_xf=pdf""> AER </a>",2014-04-29 00:00:00,Veterinarian,United States,MALE,Dog,Retriever - Golden,Metacam 1.5 mg/ml - Oral suspension (dogs),Lack of efficacy - NOS,1,1,
US-DEBIAHP-2014US04364,"<a target=""_blank""  href=""/xmlpserver/EVVET3 PW NEW/Subject Area Contents/Public Website/Report (PDF)/AER.xdo?_xpf=&_xpt=1&_params%2FOracle%20BI%20EE%3A%3ADefaultApp%3A%3AEVVET3%20PR%20NEW%2FAER%3A%3Adimension%2FAER%20Id%3A%3Aattribute%3A%3Anoaggr%3A%3Axsd%3Adouble=395891&_xt=AER&_xf=pdf""> AER </a>",2014-04-29 00:00:00,Animal owner,United States,FEMALE,Dog,Pinscher - Miniature,"Metacam 0.5 mg/ml - Oral suspension (cats, guinea pigs), Metacam 0.5 mg/ml - Oral suspension (dogs)","Anorexia, Constipation, Diarrhoea, Lethargy (see also Central nervous system depression in Neurological), Vomiting",1,1,
US-DEBIAHP-2014US04407,"<a target=""_blank""  href=""/xmlpserver/EVVET3 PW NEW/Subject Area Contents/Public Website/Report (PDF)/AER.xdo?_xpf=&_xpt=1&_params%2FOracle%20BI%20EE%3A%3ADefaultApp%3A%3AEVVET3%20PR%20NEW%2FAER%3A%3Adimension%2FAER%20Id%3A%3Aattribute%3A%3Anoaggr%3A%3Axsd%3Adouble=395987&_xt=AER&_xf=pdf""> AER </a>",2014-04-29 00:00:00,Other health care professional,United States,MALE,Dog,Spaniel - King Charles Cavalier,"Metacam 0.5 mg/ml - Oral suspension (cats, guinea pigs), Metacam 0.5 mg/ml - Oral suspension (dogs)","Bloody diarrhoea, Vomiting",1,1,
US-DEBIAHP-2014US04408,"<a target=""_blank""  href=""/xmlpserver/EVVET3 PW NEW/Subject Area Contents/Public Website/Report (PDF)/AER.xdo?_xpf=&_xpt=1&_params%2FOracle%20BI%20EE%3A%3ADefaultApp%3A%3AEVVET3%20PR%20NEW%2FAER%3A%3Adimension%2FAER%20Id%3A%3Aattribute%3A%3Anoaggr%3A%3Axsd%3Adouble=395944&_xt=AER&_xf=pdf""> AER </a>",2014-04-30 00:00:00,Other health care professional,United States,FEMALE,Dog,Pug,"Metacam 0.5 mg/ml - Oral suspension (cats, guinea pigs), Metacam 0.5 mg/ml - Oral suspension (dogs)",Bloody diarrhoea,1,1,
US-DEBIAHP-2014US04409,"<a target=""_blank""  href=""/xmlpserver/EVVET3 PW NEW/Subject Area Contents/Public Website/Report (PDF)/AER.xdo?_xpf=&_xpt=1&_params%2FOracle%20BI%20EE%3A%3ADefaultApp%3A%3AEVVET3%20PR%20NEW%2FAER%3A%3Adimension%2FAER%20Id%3A%3Aattribute%3A%3Anoaggr%3A%3Axsd%3Adouble=395990&_xt=AER&_xf=pdf""> AER </a>",2014-04-29 00:00:00,Other health care professional,United States,FEMALE,Dog,Shih Tzu,"Metacam 0.5 mg/ml - Oral suspension (cats, guinea pigs), Metacam 0.5 mg/ml - Oral suspension (dogs)","Bloody diarrhoea, Vomiting",1,1,
US-DEBIAHP-2014US04552,"<a target=""_blank""  href=""/xmlpserver/EVVET3 PW NEW/Subject Area Contents/Public Website/Report (PDF)/AER.xdo?_xpf=&_xpt=1&_params%2FOracle%20BI%20EE%3A%3ADefaultApp%3A%3AEVVET3%20PR%20NEW%2FAER%3A%3Adimension%2FAER%20Id%3A%3Aattribute%3A%3Anoaggr%3A%3Axsd%3Adouble=396195&_xt=AER&_xf=pdf""> AER </a>",2014-05-02 00:00:00,Other health care professional,United States,MALE,Dog,Maltese,Metacam 1.5 mg/ml - Oral suspension (dogs),"Involuntary defecation, Lethargy (see also Central nervous system depression in Neurological), Pale mucous membrane, Stumbling gait",1,1,
US-DEBIAHP-2014US04576,"<a target=""_blank""  href=""/xmlpserver/EVVET3 PW NEW/Subject Area Contents/Public Website/Report (PDF)/AER.xdo?_xpf=&_xpt=1&_params%2FOracle%20BI%20EE%3A%3ADefaultApp%3A%3AEVVET3%20PR%20NEW%2FAER%3A%3Adimension%2FAER%20Id%3A%3Aattribute%3A%3Anoaggr%3A%3Axsd%3Adouble=396117&_xt=AER&_xf=pdf""> AER </a>",2014-05-01 00:00:00,Veterinarian,United States,FEMALE,Dog,Terrier - Boston,Metacam 1.5 mg/ml - Oral suspension (dogs),Eyelid inflammation,1,1,
US-DEBIAHP-2014US04586,"<a target=""_blank""  href=""/xmlpserver/EVVET3 PW NEW/Subject Area Contents/Public Website/Report (PDF)/AER.xdo?_xpf=&_xpt=1&_params%2FOracle%20BI%20EE%3A%3ADefaultApp%3A%3AEVVET3%20PR%20NEW%2FAER%3A%3Adimension%2FAER%20Id%3A%3Aattribute%3A%3Anoaggr%3A%3Axsd%3Adouble=396116&_xt=AER&_xf=pdf""> AER </a>",2014-05-01 00:00:00,Animal owner,United States,MALE,Dog,Dog (other),Metacam 1.5 mg/ml - Oral suspension (dogs),"Abdominal cramp, Hind limb paralysis, Lethargy (see also Central nervous system depression in Neurological), Vomiting",1,1,
US-DEBIAHP-2014US04611,"<a target=""_blank""  href=""/xmlpserver/EVVET3 PW NEW/Subject Area Contents/Public Website/Report (PDF)/AER.xdo?_xpf=&_xpt=1&_params%2FOracle%20BI%20EE%3A%3ADefaultApp%3A%3AEVVET3%20PR%20NEW%2FAER%3A%3Adimension%2FAER%20Id%3A%3Aattribute%3A%3Anoaggr%3A%3Axsd%3Adouble=396183&_xt=AER&_xf=pdf""> AER </a>",2014-05-01 00:00:00,Other health care professional,United States,FEMALE,Dog,Retriever - Labrador,Metacam 1.5 mg/ml - Oral suspension (dogs),"Feeling sick, Loose stool, Vomiting",1,1,
US-DEBIAHP-2014US04689,"<a target=""_blank""  href=""/xmlpserver/EVVET3 PW NEW/Subject Area Contents/Public Website/Report (PDF)/AER.xdo?_xpf=&_xpt=1&_params%2FOracle%20BI%20EE%3A%3ADefaultApp%3A%3AEVVET3%20PR%20NEW%2FAER%3A%3Adimension%2FAER%20Id%3A%3Aattribute%3A%3Anoaggr%3A%3Axsd%3Adouble=400179&_xt=AER&_xf=pdf""> AER </a>",2014-06-06 00:00:00,Animal owner,United States,MALE,Dog,"Cattle Dog - Australian (blue heeler, red heeler, Queensland cattledog)","Metacam 1.5 mg/ml - Oral suspension (dogs), Proin 15 mg chewable tablets for dogs, Proin 50 mg chewable tablets for dogs","Anaemia NOS, Death by euthanasia, Diarrhoea, Elevated alanine aminotransferase (ALT), Enteritis, Gastric ulcer, Hyperglycaemia, Not eating, Oesophagitis, Vomiting",1,1,1
US-DEBIAHP-2014US04842,"<a target=""_blank""  href=""/xmlpserver/EVVET3 PW NEW/Subject Area Contents/Public Website/Report (PDF)/AER.xdo?_xpf=&_xpt=1&_params%2FOracle%20BI%20EE%3A%3ADefaultApp%3A%3AEVVET3%20PR%20NEW%2FAER%3A%3Adimension%2FAER%20Id%3A%3Aattribute%3A%3Anoaggr%3A%3Axsd%3Adouble=399760&_xt=AER&_xf=pdf""> AER </a>",2014-06-04 00:00:00,Other health care professional,United States,FEMALE,Dog,Crossbred Canine/dog,"Metacam 0.5 mg/ml - Oral suspension (cats, guinea pigs), Metacam 0.5 mg/ml - Oral suspension (dogs)","Injection site scab, Injection site serous discharge",1,1,
US-DEBIAHP-2014US04844,"<a target=""_blank""  href=""/xmlpserver/EVVET3 PW NEW/Subject Area Contents/Public Website/Report (PDF)/AER.xdo?_xpf=&_xpt=1&_params%2FOracle%20BI%20EE%3A%3ADefaultApp%3A%3AEVVET3%20PR%20NEW%2FAER%3A%3Adimension%2FAER%20Id%3A%3Aattribute%3A%3Anoaggr%3A%3Axsd%3Adouble=396781&_xt=AER&_xf=pdf""> AER </a>",2014-05-07 00:00:00,Veterinarian,United States,FEMALE,Dog,Terrier - West Highland White,Metacam 1.5 mg/ml - Oral suspension (dogs),"Anaemia NOS, Death by euthanasia, Decreased appetite, Decreased urine concentration, Elevated blood urea nitrogen (BUN), Elevated creatinine, Hyperphosphataemia, Lethargy (see also Central nervous system depression in Neurological), Other abnormal test result NOS, Proteinuria, Renal failure, Urinary tract infection, Vomiting, Weight loss",1,1,1
US-DEBIAHP-2014US05008,"<a target=""_blank""  href=""/xmlpserver/EVVET3 PW NEW/Subject Area Contents/Public Website/Report (PDF)/AER.xdo?_xpf=&_xpt=1&_params%2FOracle%20BI%20EE%3A%3ADefaultApp%3A%3AEVVET3%20PR%20NEW%2FAER%3A%3Adimension%2FAER%20Id%3A%3Aattribute%3A%3Anoaggr%3A%3Axsd%3Adouble=398221&_xt=AER&_xf=pdf""> AER </a>",2014-05-20 00:00:00,Veterinarian,United States,FEMALE,Dog,Retriever - Labrador,"Metacam 5 mg/ml - Solution for injection (cats, dogs), Metacam 5 mg/ml - Solution for injection (cattle, pigs), Metacam 5 mg/ml - Solution for injection (dogs)","Fever, Local swelling (not application site), Skin abscess",1,1,
US-DEBIAHP-2014US05067,"<a target=""_blank""  href=""/xmlpserver/EVVET3 PW NEW/Subject Area Contents/Public Website/Report (PDF)/AER.xdo?_xpf=&_xpt=1&_params%2FOracle%20BI%20EE%3A%3ADefaultApp%3A%3AEVVET3%20PR%20NEW%2FAER%3A%3Adimension%2FAER%20Id%3A%3Aattribute%3A%3Anoaggr%3A%3Axsd%3Adouble=397467&_xt=AER&_xf=pdf""> AER </a>",2014-05-13 00:00:00,Other health care professional,United States,FEMALE,Dog,Papillon - Spaniel - Continental Toy (with erect ears or with dropped ears (Phaléne)),"Metacam 0.5 mg/ml - Oral suspension (cats, guinea pigs), Metacam 0.5 mg/ml - Oral suspension (dogs)","Blood in vomit, Bloody diarrhoea, Elevated blood urea nitrogen (BUN), Elevated liver enzymes NOS, Not eating, Other abnormal test result NOS",1,1,
US-DEBIAHP-2014US05172,"<a target=""_blank""  href=""/xmlpserver/EVVET3 PW NEW/Subject Area Contents/Public Website/Report (PDF)/AER.xdo?_xpf=&_xpt=1&_params%2FOracle%20BI%20EE%3A%3ADefaultApp%3A%3AEVVET3%20PR%20NEW%2FAER%3A%3Adimension%2FAER%20Id%3A%3Aattribute%3A%3Anoaggr%3A%3Axsd%3Adouble=397469&_xt=AER&_xf=pdf""> AER </a>",2014-05-13 00:00:00,Veterinarian,United States,FEMALE,Dog,Beagle,"Metacam 0.5 mg/ml - Oral suspension (cats, guinea pigs), Metacam 0.5 mg/ml - Oral suspension (dogs)",Hives (see also Skin),1,1,
US-DEBIAHP-2014US05194,"<a target=""_blank""  href=""/xmlpserver/EVVET3 PW NEW/Subject Area Contents/Public Website/Report (PDF)/AER.xdo?_xpf=&_xpt=1&_params%2FOracle%20BI%20EE%3A%3ADefaultApp%3A%3AEVVET3%20PR%20NEW%2FAER%3A%3Adimension%2FAER%20Id%3A%3Aattribute%3A%3Anoaggr%3A%3Axsd%3Adouble=399845&_xt=AER&_xf=pdf""> AER </a>",2014-06-05 00:00:00,Other health care professional,United States,FEMALE,Dog,Shiba Inu,"BAYTRIL 0,5% W/V ΠΟΣΙΜΟ ΔΙΑΛΥΜΑ, BAYTRIL 0,5% πόσιμο διάλυμα ενροφλοξακίνης για ορνίθια και γαλοπούλες, BAYTRIL 10 % SOLUTION BUVABLE, BAYTRIL 10 % SOLUTION INJECTABLE, BAYTRIL 10% W/V ΠΟΣΙΜΟ ΔΙΑΛΥΜΑ, BAYTRIL 100 mg/ml - soluţie orală, BAYTRIL 100 mg/ml SOLUCION INYECTABLE, BAYTRIL 100 mg/ml soluție injectabilă, BAYTRIL 15 mg δισκία για γάτες και σκύλους, BAYTRIL 150 mg δισκία για γάτες και σκύλους, BAYTRIL 2,5 % SOLUTION BUVABLE, BAYTRIL 2,5 % SOLUTION INJECTABLE, BAYTRIL 2,5% W/V ΕΝΕΣΙΜΟ ΔΙΑΛΥΜΑ, BAYTRIL 2,5% W/V ΠΟΣΙΜΟ ΔΙΑΛΥΜΑ, BAYTRIL 25 mg/ml SOLUCION INYECTABLE, BAYTRIL 25 mg/ml SOLUCION ORAL, BAYTRIL 5 % SOLUTION INJECTABLE, BAYTRIL 5 mg/ml SOLUCION ORAL, BAYTRIL 50 mg δισκία για γάτες και σκύλους, BAYTRIL 50 mg/ml SOLUCION INYECTABLE, BAYTRIL 50mg/ml ενέσιμο διάλυμα, BAYTRIL, 25mg/ml, Injekční roztok, BAYTRIL, 5% ενέσιμο διάλυμα για μόσχους, χοίρους, πρόβατα, αίγες, σκύλους και γάτες, BAYTRIL, 50mg/ml, Injekční roztok, Baytril  100 mg/ml Oplossing voor injectie, Baytril  100 mg/ml Solution injectable, Baytril - Das Original - 100 mg/ml Injektionslösung, Baytril - Das Original - 25 mg/ml Injektionslösung, Baytril - Das Original - 50 mg/ml Injektionslösung, Baytril 0,5 % solução oral para leitões, Baytril 0,5%, Baytril 10 % solução oral, Baytril 10%, Baytril 10% O.L., Baytril 10% Oral Solution, Baytril 100 mg/mL, otopina za injekciju, za goveda, ovce, koze i svinje, Baytril 100 mg/mL, otopina za primjenu u vodi za piće, za kokoši, purane i kuniće, Baytril 100 mg/ml - Injektionslösung für Tiere, Baytril 100 mg/ml - Lösung zum Eingeben für Hühner, Puten und Kaninchen, Baytril 100 mg/ml Oplossing voor gebruik in drinkwater, Baytril 100 mg/ml Solution buvable, Baytril 100 mg/ml Solution for Injection, Baytril 100 mg/ml koncentrat za peroralno raztopino za piščance, purane in kunce, Baytril 100 mg/ml oldat ivóvízbe keveréshez A.U.V., Baytril 100 mg/ml oplossing voor gebruik in drinkwater voor kippen, kalkoenen en konijnen, Baytril 100 mg/ml oplossing voor injectie, Baytril 100 mg/ml raztopina za injiciranje, Baytril 100 mg/ml solution for injection, Baytril 100 mg/ml soluzione iniettabile, Baytril 100 mg/ml solução injetável, Baytril 150 mg tabletta A.U.V., Baytril 2,5%, 25 mg/mL, otopina za injekciju za pse, mačke, prasad, kuniće, glodavce, gmazove i ukrasne ptice, Baytril 25 mg/ml - Injektionslösung für Tiere, Baytril 25 mg/ml - Lösung zum Eingeben für Kälber und Lämmer, Baytril 25 mg/ml Lösung zum Eingeben für Rinder (Kälber), Baytril 25 mg/ml Oplossing voor injectie, Baytril 25 mg/ml Oral Solution, Baytril 25 mg/ml Solution injectable, Baytril 25 mg/ml injekčný roztok, Baytril 25 mg/ml oldatos injekció A.U.V., Baytril 25 mg/ml oplossing voor injectie, Baytril 25 mg/ml roztwór do wstrzykiwań, Baytril 25 mg/ml solution for injection, Baytril 25 mg/ml soluzione iniettabile, Baytril 25 mg/ml soluzione iniettabile per cani, gatti, roditori e conigli da compagnia, rettili e uccelli ornamentali, Baytril 25 mg/ml soluzione orale per vitelli, ovini, caprini, suini, Baytril 25 mg/ml solução injetável, Baytril 5 mg/ml - Lösung zum Eingeben für Schweine, Baytril 5 mg/ml belsőleges oldat sertések részére A.U.V., Baytril 50 mg tabletta A.U.V., Baytril 50 mg/mL, otopina za injekciju, za telad, ovce, koze, svinje, pse i mačke, Baytril 50 mg/ml - Injektionslösung für Tiere, Baytril 50 mg/ml Oplossing voor injectie, Baytril 50 mg/ml Solution for Injection, Baytril 50 mg/ml Solution injectable, Baytril 50 mg/ml injekčný roztok, Baytril 50 mg/ml oldatos injekció A.U.V., Baytril 50 mg/ml oplossing voor injectie, Baytril 50 mg/ml raztopina za injiciranje, Baytril 50 mg/ml soluzione iniettabile, Baytril 50 mg/ml solução injetável, Baytril 50 mg/ml soluție injectabilă, Baytril Direct 100 mg/ml Injektionslösung für Rinder und Schweine, Baytril Piglet Doser 0.5% Oral Solution, Baytril Vet. 100 mg/ml injektionsvæske, opløsning, Baytril Vet. 150 mg tabletter, Baytril Vet. 25 mg/ml oral opløsning, Baytril Vet. 50 mg tabletter, Baytril Vet. 50 mg/ml i","Leukocytosis NOS, Other abnormal test result NOS",1,1,
US-DEBIAHP-2014US05225,"<a target=""_blank""  href=""/xmlpserver/EVVET3 PW NEW/Subject Area Contents/Public Website/Report (PDF)/AER.xdo?_xpf=&_xpt=1&_params%2FOracle%20BI%20EE%3A%3ADefaultApp%3A%3AEVVET3%20PR%20NEW%2FAER%3A%3Adimension%2FAER%20Id%3A%3Aattribute%3A%3Anoaggr%3A%3Axsd%3Adouble=397678&_xt=AER&_xf=pdf""> AER </a>",2014-05-15 00:00:00,Other health care professional,United States,FEMALE,Dog,Retriever - Labrador,Metacam 1.5 mg/ml - Oral suspension (dogs),"Decreased appetite, Diarrhoea, Gastric ulcer, Vomiting",1,1,
US-DEBIAHP-2014US05373,"<a target=""_blank""  href=""/xmlpserver/EVVET3 PW NEW/Subject Area Contents/Public Website/Report (PDF)/AER.xdo?_xpf=&_xpt=1&_params%2FOracle%20BI%20EE%3A%3ADefaultApp%3A%3AEVVET3%20PR%20NEW%2FAER%3A%3Adimension%2FAER%20Id%3A%3Aattribute%3A%3Anoaggr%3A%3Axsd%3Adouble=397816&_xt=AER&_xf=pdf""> AER </a>",2014-05-16 00:00:00,Animal owner,United States,MALE,Dog,Dog (other),Metacam 1.5 mg/ml - Oral suspension (dogs),Aggression,1,1,
US-DEBIAHP-2014US05413,"<a target=""_blank""  href=""/xmlpserver/EVVET3 PW NEW/Subject Area Contents/Public Website/Report (PDF)/AER.xdo?_xpf=&_xpt=1&_params%2FOracle%20BI%20EE%3A%3ADefaultApp%3A%3AEVVET3%20PR%20NEW%2FAER%3A%3Adimension%2FAER%20Id%3A%3Aattribute%3A%3Anoaggr%3A%3Axsd%3Adouble=399296&_xt=AER&_xf=pdf""> AER </a>",2014-05-30 00:00:00,Veterinarian,United States,MALE,Dog,Chihuahua,"Metacam 0.5 mg/ml - Oral suspension (cats, guinea pigs), Metacam 0.5 mg/ml - Oral suspension (dogs)","Acute renal failure, Anorexia, Death by euthanasia, Elevated blood urea nitrogen (BUN), Elevated creatinine, Hyperphosphataemia, Lethargy (see also Central nervous system depression in Neurological), Vomiting",1,1,1
US-DEBIAHP-2014US05566,"<a target=""_blank""  href=""/xmlpserver/EVVET3 PW NEW/Subject Area Contents/Public Website/Report (PDF)/AER.xdo?_xpf=&_xpt=1&_params%2FOracle%20BI%20EE%3A%3ADefaultApp%3A%3AEVVET3%20PR%20NEW%2FAER%3A%3Adimension%2FAER%20Id%3A%3Aattribute%3A%3Anoaggr%3A%3Axsd%3Adouble=399846&_xt=AER&_xf=pdf""> AER </a>",2014-06-05 00:00:00,Other health care professional,United States,FEMALE,Dog,Retriever - Labrador,Metacam 1.5 mg/ml - Oral suspension (dogs),"Bloody diarrhoea, Vomiting",1,1,
US-DEBIAHP-2014US05764,"<a target=""_blank""  href=""/xmlpserver/EVVET3 PW NEW/Subject Area Contents/Public Website/Report (PDF)/AER.xdo?_xpf=&_xpt=1&_params%2FOracle%20BI%20EE%3A%3ADefaultApp%3A%3AEVVET3%20PR%20NEW%2FAER%3A%3Adimension%2FAER%20Id%3A%3Aattribute%3A%3Anoaggr%3A%3Axsd%3Adouble=398974&_xt=AER&_xf=pdf""> AER </a>",2014-05-27 00:00:00,Veterinarian,United States,MALE,Dog,Chihuahua,"Metacam 0.5 mg/ml - Oral suspension (cats, guinea pigs), Metacam 0.5 mg/ml - Oral suspension (dogs)","Diarrhoea, Vomiting",1,1,
US-DEBIAHP-2014US05835,"<a target=""_blank""  href=""/xmlpserver/EVVET3 PW NEW/Subject Area Contents/Public Website/Report (PDF)/AER.xdo?_xpf=&_xpt=1&_params%2FOracle%20BI%20EE%3A%3ADefaultApp%3A%3AEVVET3%20PR%20NEW%2FAER%3A%3Adimension%2FAER%20Id%3A%3Aattribute%3A%3Anoaggr%3A%3Axsd%3Adouble=398967&_xt=AER&_xf=pdf""> AER </a>",2014-05-28 00:00:00,Animal owner,United States,MALE,Dog,Maltese,"Metacam 0.5 mg/ml - Oral suspension (cats, guinea pigs), Metacam 0.5 mg/ml - Oral suspension (dogs)",Lack of efficacy - NOS,1,1,
US-DEBIAHP-2014US05875,"<a target=""_blank""  href=""/xmlpserver/EVVET3 PW NEW/Subject Area Contents/Public Website/Report (PDF)/AER.xdo?_xpf=&_xpt=1&_params%2FOracle%20BI%20EE%3A%3ADefaultApp%3A%3AEVVET3%20PR%20NEW%2FAER%3A%3Adimension%2FAER%20Id%3A%3Aattribute%3A%3Anoaggr%3A%3Axsd%3Adouble=401427&_xt=AER&_xf=pdf""> AER </a>",2014-06-19 00:00:00,Veterinarian,United States,MALE,Dog,Crossbred Canine/dog,"Metacam 0.5 mg/ml - Oral suspension (cats, guinea pigs), Metacam 0.5 mg/ml - Oral suspension (dogs)","Limping, Localised hair loss, Swollen lymph node, Trembling",1,1,
US-DEBIAHP-2014US05994,"<a target=""_blank""  href=""/xmlpserver/EVVET3 PW NEW/Subject Area Contents/Public Website/Report (PDF)/AER.xdo?_xpf=&_xpt=1&_params%2FOracle%20BI%20EE%3A%3ADefaultApp%3A%3AEVVET3%20PR%20NEW%2FAER%3A%3Adimension%2FAER%20Id%3A%3Aattribute%3A%3Anoaggr%3A%3Axsd%3Adouble=398969&_xt=AER&_xf=pdf""> AER </a>",2014-05-28 00:00:00,Other health care professional,United States,MALE,Dog,Crossbred Canine/dog,Metacam 1.5 mg/ml - Oral suspension (dogs),"Bloated stomach, Gastric bloat",1,1,
US-DEBIAHP-2014US06045,"<a target=""_blank""  href=""/xmlpserver/EVVET3 PW NEW/Subject Area Contents/Public Website/Report (PDF)/AER.xdo?_xpf=&_xpt=1&_params%2FOracle%20BI%20EE%3A%3ADefaultApp%3A%3AEVVET3%20PR%20NEW%2FAER%3A%3Adimension%2FAER%20Id%3A%3Aattribute%3A%3Anoaggr%3A%3Axsd%3Adouble=409804&_xt=AER&_xf=pdf""> AER </a>",2014-08-27 00:00:00,Veterinarian,United States,MALE,Dog,Shar Pei,"Cerenia 10 mg/ml  - Solution for injection, Cerenia 16 mg  - Tablet, Cerenia 160 mg  - Tablet, Cerenia 24 mg  - Tablet, Cerenia 60 mg - Tablet, Dexamethasone 2 mg/mL, Dexamethasone 2 mg/ml, Dexamethasone 2 mg/ml 2 mg/ml šķīdums injekcijām zirgiem, liellopiem, aitām, kazām, cūkām, suņiem un kaķiem, Dexamethasone 2 mg/ml solution for injection for dogs, cats, cattle and horses, Dexamethasone pro inj, 2 mg/ml oplossing voor injectie voor honden en katten, Metacam 0.5 mg/ml - Oral suspension (cats, guinea pigs), Metacam 0.5 mg/ml - Oral suspension (dogs), SYNULOX (200+50)MG/TAB ΔΙΣΚΙΟ, SYNULOX (40+10)MG/TAB ΔΙΣΚΙΟ, SYNULOX 140 mg/ml + 35 mg/ml suspensión inyectable, SYNULOX 200 mg/50 mg tablety pre psy a mačky, SYNULOX 200/50 mg COMPRIMIDOS APETITOSOS PARA PERROS, SYNULOX 250 COMPRIMES POUR CHIENS, SYNULOX 250 mg, SYNULOX 250 mg kramtomosios tabletės šunims ir katėms, SYNULOX 250 mg tablete za pse in mačke, SYNULOX 250mg, δισκία για σκύλους και γάτες, SYNULOX 40 mg/10 mg tablety pre psy a mačky, SYNULOX 40 mg/ml + 10 mg/ml POLVO PARA GOTAS ORALES EN SUSPENSION, SYNULOX 40/10 MG COMPRIMIDOS APETITOSOS PARA PERROS Y GATOS, SYNULOX 400 mg/100 mg tablety pre psy, SYNULOX 400/100 mg COMPRIMIDOS APETITOSOS PARA PERROS, SYNULOX 50 COMPRIMES POUR CHIENS ET CHATS, SYNULOX 50 mg, SYNULOX 50 mg kramtomosios tabletės šunims ir katėms, SYNULOX 50 mg tablete za pse in mačke, SYNULOX 500 COMPRIMES POUR CHIENS, SYNULOX 500 mg kramtomosios tabletės šunims, SYNULOX 500 mg tablete za pse, SYNULOX 500 mg, kramtomosios tabletės šunims, SYNULOX 500MG/TAB ΔΙΣΚΙΟ, SYNULOX 50mg, δισκία για σκύλους και γάτες, SYNULOX OGIVETTES POUR VEAUX, SYNULOX SUSPENSION INJECTABLE POUR BOVINS, SYNULOX VET 140 mg/ml injektioneste, suspensio koiralle, kissalle ja sialle, SYNULOX suspensão injetável para suínos, bovinos, cães e gatos, SYNULOX vet 200 mg/50 mg tabletti, koiralle ja kissalle, SYNULOX vet 40 mg/10 mg tabletti, koiralle ja kissalle, SYNULOX vet 400 mg/100 mg tabletti, koiralle, SYNULOX, 400/100mg, Tableta, Synulox 250 mg Comprimés Appétents, Synulox 250 mg Smakelijke tabletten, Synulox 250 mg tabletes suņiem un kaķiem, Synulox 250 mg, tabletid koertele ja kassidele, Synulox 250 mg, таблетки за кучета и котки, Synulox 250mg (200 mg/50 mg)  Tabletten für Hunde, Synulox 50 mg Comprimés Appétents, Synulox 50 mg Smakelijke Tabletten, Synulox 50 mg tabletes suņiem un kaķiem, Synulox 50 mg, tabletid koertele ja kassidele, Synulox 50 mg, таблетки за кучета и котки, Synulox 500 mg Bolus 400 mg - 100 mg Omhulde tablet, Synulox 500 mg Comprimés Appétents, Synulox 500 mg Smakelijke Tabletten, Synulox 500 mg tabletes suņiem, Synulox 500 mg, tabletid koertele, Synulox 500mg (400 mg/100 mg) Tabletten für Hunde, Synulox 50mg (40 mg/10 mg) Tabletten für Hunde und Katzen, Synulox Bolus 500 mg, 400 mg + 100 mg comprimés enrobés pour veaux, Synulox Lactating Cow Intramammary suspension., Synulox Tabletki 250 mg, Synulox Tabletki 250 mg (200+50) mg/tablete; tabletes suņiem, Synulox Tabletki 50 mg, Synulox Tabletki 50 mg (40+10) mg/ tablete; tabletes suņiem un kaķiem, Synulox Tabletki 500 mg, Synulox Vet. til hund og kat 200 + 50 mg tabletter, Synulox Vet. til hund og kat 40 + 10 mg tabletter, Synulox Vet. til hund tabletter 400 + 100 mg, Synulox Vet. til kalve 400 + 100 mg tabletter, Synulox comprimidos palatáveis 250 mg para cães e gatos, Synulox comprimidos palatáveis 50 mg para cães e gatos, Synulox comprimidos palatáveis 500 mg para cães, Synulox vet 40 mg/ml jauhe oraalisuspensiota varten koiralle ja kissalle, Synulox vet. 200 mg tabletter for hund og katt, Synulox vet. 200 mg/50 mg Tablett, Synulox vet. 40 mg tabletter for hund og katt, Synulox vet. 40 mg/10 mg Tablett, Synulox vet. 400 mg tabletter for hund, Synulox vet. 400 mg/100 mg Tablett, Synulox, 200/50mg, Tableta, Synulox, 40/10mg, Tableta, Synulox-Kalb 400 mg/100 mg Filmtabletten für Rinder (Kälber), ДЕКСАМЕТАЗОН 2 mg/ml инжекционен разтвор","Congestion of mucous membrane, Generalised skin slough, Pain NOS, Tachycardia, Tachypnoea, Toxic epidermal necrolysis, Vasculitis",1,1,
US-DEBIAHP-2014US06088,"<a target=""_blank""  href=""/xmlpserver/EVVET3 PW NEW/Subject Area Contents/Public Website/Report (PDF)/AER.xdo?_xpf=&_xpt=1&_params%2FOracle%20BI%20EE%3A%3ADefaultApp%3A%3AEVVET3%20PR%20NEW%2FAER%3A%3Adimension%2FAER%20Id%3A%3Aattribute%3A%3Anoaggr%3A%3Axsd%3Adouble=399604&_xt=AER&_xf=pdf""> AER </a>",2014-06-03 00:00:00,Veterinarian,United States,FEMALE,Dog,Retriever - Labrador,Metacam 1.5 mg/ml - Oral suspension (dogs),"Elevated alanine aminotransferase (ALT), Elevated aspartate aminotransferase (AST)",1,1,
US-DEBIAHP-2014US06114,"<a target=""_blank""  href=""/xmlpserver/EVVET3 PW NEW/Subject Area Contents/Public Website/Report (PDF)/AER.xdo?_xpf=&_xpt=1&_params%2FOracle%20BI%20EE%3A%3ADefaultApp%3A%3AEVVET3%20PR%20NEW%2FAER%3A%3Adimension%2FAER%20Id%3A%3Aattribute%3A%3Anoaggr%3A%3Axsd%3Adouble=400871&_xt=AER&_xf=pdf""> AER </a>",2014-06-13 00:00:00,Veterinarian,United States,MALE,Dog,Brittany,"Metacam 1.5 mg/ml - Oral suspension (dogs), Metacam 5 mg/ml - Solution for injection (cats, dogs), Metacam 5 mg/ml - Solution for injection (cattle, pigs), Metacam 5 mg/ml - Solution for injection (dogs)","Elevated creatinine, Hyperphosphataemia, Hypoalbuminaemia, Not eating, Urine abnormalities NOS, Vomiting",1,1,
US-DEBIAHP-2014US06162,"<a target=""_blank""  href=""/xmlpserver/EVVET3 PW NEW/Subject Area Contents/Public Website/Report (PDF)/AER.xdo?_xpf=&_xpt=1&_params%2FOracle%20BI%20EE%3A%3ADefaultApp%3A%3AEVVET3%20PR%20NEW%2FAER%3A%3Adimension%2FAER%20Id%3A%3Aattribute%3A%3Anoaggr%3A%3Axsd%3Adouble=399768&_xt=AER&_xf=pdf""> AER </a>",2014-06-04 00:00:00,Veterinarian,United States,MALE,Dog,Retriever - Golden,Metacam 1.5 mg/ml - Oral suspension (dogs),"Anorexia, Death by euthanasia, Elevated blood urea nitrogen (BUN), Elevated creatinine, Hypercalcaemia",1,1,1
US-DEBIAHP-2014US06280,"<a target=""_blank""  href=""/xmlpserver/EVVET3 PW NEW/Subject Area Contents/Public Website/Report (PDF)/AER.xdo?_xpf=&_xpt=1&_params%2FOracle%20BI%20EE%3A%3ADefaultApp%3A%3AEVVET3%20PR%20NEW%2FAER%3A%3Adimension%2FAER%20Id%3A%3Aattribute%3A%3Anoaggr%3A%3Axsd%3Adouble=399701&_xt=AER&_xf=pdf""> AER </a>",2014-06-03 00:00:00,Veterinarian,United States,FEMALE,Dog,Terrier - Yorkshire,"Metacam 1.5 mg/ml - Oral suspension (dogs), Tramadog 50 mg tablet for dogs",Hyperactivity,1,1,
US-DEBIAHP-2014US06351,"<a target=""_blank""  href=""/xmlpserver/EVVET3 PW NEW/Subject Area Contents/Public Website/Report (PDF)/AER.xdo?_xpf=&_xpt=1&_params%2FOracle%20BI%20EE%3A%3ADefaultApp%3A%3AEVVET3%20PR%20NEW%2FAER%3A%3Adimension%2FAER%20Id%3A%3Aattribute%3A%3Anoaggr%3A%3Axsd%3Adouble=400369&_xt=AER&_xf=pdf""> AER </a>",2014-06-10 00:00:00,Veterinarian,United States,MALE,Dog,Corgi - Welsh Cardigan,Metacam 1.5 mg/ml - Oral suspension (dogs),Prolonged bleeding NOS,1,1,
US-DEBIAHP-2014US06353,"<a target=""_blank""  href=""/xmlpserver/EVVET3 PW NEW/Subject Area Contents/Public Website/Report (PDF)/AER.xdo?_xpf=&_xpt=1&_params%2FOracle%20BI%20EE%3A%3ADefaultApp%3A%3AEVVET3%20PR%20NEW%2FAER%3A%3Adimension%2FAER%20Id%3A%3Aattribute%3A%3Anoaggr%3A%3Axsd%3Adouble=400020&_xt=AER&_xf=pdf""> AER </a>",2014-06-06 00:00:00,Veterinarian,United States,UNKNOWN,Dog,Dog (other),Metacam 1.5 mg/ml - Oral suspension (dogs),Prolonged bleeding NOS,1,1,
US-DEBIAHP-2014US06590,"<a target=""_blank""  href=""/xmlpserver/EVVET3 PW NEW/Subject Area Contents/Public Website/Report (PDF)/AER.xdo?_xpf=&_xpt=1&_params%2FOracle%20BI%20EE%3A%3ADefaultApp%3A%3AEVVET3%20PR%20NEW%2FAER%3A%3Adimension%2FAER%20Id%3A%3Aattribute%3A%3Anoaggr%3A%3Axsd%3Adouble=400591&_xt=AER&_xf=pdf""> AER </a>",2014-06-11 00:00:00,Veterinarian,United States,MALE,Dog,Terrier - Yorkshire,Metacam 1.5 mg/ml - Oral suspension (dogs),"Anorexia, Bloody diarrhoea, Dehydration, Hypoalbuminaemia, Hypoproteinaemia, Neutropenia, Vomiting",1,1,
US-DEBIAHP-2014US06667,"<a target=""_blank""  href=""/xmlpserver/EVVET3 PW NEW/Subject Area Contents/Public Website/Report (PDF)/AER.xdo?_xpf=&_xpt=1&_params%2FOracle%20BI%20EE%3A%3ADefaultApp%3A%3AEVVET3%20PR%20NEW%2FAER%3A%3Adimension%2FAER%20Id%3A%3Aattribute%3A%3Anoaggr%3A%3Axsd%3Adouble=401169&_xt=AER&_xf=pdf""> AER </a>",2014-06-17 00:00:00,Veterinarian,United States,MALE,Dog,Poodle - Toy,"Metacam 0.5 mg/ml - Oral suspension (cats, guinea pigs), Metacam 0.5 mg/ml - Oral suspension (dogs), Vetmedin 1,25 mg Kautabletten für Hunde","Alopecia general, Hyperpigmentation",1,1,
US-DEBIAHP-2014US06675,"<a target=""_blank""  href=""/xmlpserver/EVVET3 PW NEW/Subject Area Contents/Public Website/Report (PDF)/AER.xdo?_xpf=&_xpt=1&_params%2FOracle%20BI%20EE%3A%3ADefaultApp%3A%3AEVVET3%20PR%20NEW%2FAER%3A%3Adimension%2FAER%20Id%3A%3Aattribute%3A%3Anoaggr%3A%3Axsd%3Adouble=403954&_xt=AER&_xf=pdf""> AER </a>",2014-07-11 00:00:00,Veterinarian,United States,FEMALE,Dog,Bulldog - French,Metacam 1.5 mg/ml - Oral suspension (dogs),"Emesis, Facial swelling (see also Skin), Lameness, Loose stool, Myopathy, Weight loss",1,1,
US-DEBIAHP-2014US06732,"<a target=""_blank""  href=""/xmlpserver/EVVET3 PW NEW/Subject Area Contents/Public Website/Report (PDF)/AER.xdo?_xpf=&_xpt=1&_params%2FOracle%20BI%20EE%3A%3ADefaultApp%3A%3AEVVET3%20PR%20NEW%2FAER%3A%3Adimension%2FAER%20Id%3A%3Aattribute%3A%3Anoaggr%3A%3Axsd%3Adouble=401128&_xt=AER&_xf=pdf""> AER </a>",2014-06-16 00:00:00,Veterinarian,United States,MALE,Dog,Shepherd Dog - German,Metacam 1.5 mg/ml - Oral suspension (dogs),Nasal bleeding,1,1,
US-DEBIAHP-2014US06740,"<a target=""_blank""  href=""/xmlpserver/EVVET3 PW NEW/Subject Area Contents/Public Website/Report (PDF)/AER.xdo?_xpf=&_xpt=1&_params%2FOracle%20BI%20EE%3A%3ADefaultApp%3A%3AEVVET3%20PR%20NEW%2FAER%3A%3Adimension%2FAER%20Id%3A%3Aattribute%3A%3Anoaggr%3A%3Axsd%3Adouble=403312&_xt=AER&_xf=pdf""> AER </a>",2014-07-03 00:00:00,Animal owner,United States,MALE,Dog,Weimaraner,"Convenia 80 mg/ml  - Powder and solvent for solution for injection, Metacam 1.5 mg/ml - Oral suspension (dogs)","Anorexia, Elevated serum alkaline phosphatase (ALP), Falling, Hyperphosphataemia, Hypoalbuminaemia, Inappropriate urination, Lethargy (see also Central nervous system depression in Neurological), Leukocytosis NOS, Lymphocytosis, Neutrophilia, Other abnormal test result NOS, Weakness",1,1,
US-DEBIAHP-2014US06771,"<a target=""_blank""  href=""/xmlpserver/EVVET3 PW NEW/Subject Area Contents/Public Website/Report (PDF)/AER.xdo?_xpf=&_xpt=1&_params%2FOracle%20BI%20EE%3A%3ADefaultApp%3A%3AEVVET3%20PR%20NEW%2FAER%3A%3Adimension%2FAER%20Id%3A%3Aattribute%3A%3Anoaggr%3A%3Axsd%3Adouble=412682&_xt=AER&_xf=pdf""> AER </a>",2014-09-18 00:00:00,Veterinarian,United States,FEMALE,Dog,Terrier - Yorkshire,Metacam 1.5 mg/ml - Oral suspension (dogs),"Anaemia NOS, Coagulopathy, Elevated blood urea nitrogen (BUN), Oral bleeding, Seizure NOS",1,1,
US-DEBIAHP-2014US06838,"<a target=""_blank""  href=""/xmlpserver/EVVET3 PW NEW/Subject Area Contents/Public Website/Report (PDF)/AER.xdo?_xpf=&_xpt=1&_params%2FOracle%20BI%20EE%3A%3ADefaultApp%3A%3AEVVET3%20PR%20NEW%2FAER%3A%3Adimension%2FAER%20Id%3A%3Aattribute%3A%3Anoaggr%3A%3Axsd%3Adouble=400942&_xt=AER&_xf=pdf""> AER </a>",2014-06-18 00:00:00,Other health care professional,United States,FEMALE,Dog,Retriever - Labrador,"Metacam 1.5 mg/ml - Oral suspension (dogs), Tramadog 50 mg tablet for dogs","Diarrhoea, Vomiting",1,1,
US-DEBIAHP-2014US06859,"<a target=""_blank""  href=""/xmlpserver/EVVET3 PW NEW/Subject Area Contents/Public Website/Report (PDF)/AER.xdo?_xpf=&_xpt=1&_params%2FOracle%20BI%20EE%3A%3ADefaultApp%3A%3AEVVET3%20PR%20NEW%2FAER%3A%3Adimension%2FAER%20Id%3A%3Aattribute%3A%3Anoaggr%3A%3Axsd%3Adouble=401420&_xt=AER&_xf=pdf""> AER </a>",2014-06-19 00:00:00,Veterinarian,United States,FEMALE,Dog,Brittany,"Metacam 1.5 mg/ml - Oral suspension (dogs), Metacam 5 mg/ml - Solution for injection (cats, dogs), Metacam 5 mg/ml - Solution for injection (cattle, pigs), Metacam 5 mg/ml - Solution for injection (dogs)","Hyperalbuminaemia, Hyperkalaemia, Other abnormal test result NOS, Vomiting",1,1,
US-DEBIAHP-2014US06997,"<a target=""_blank""  href=""/xmlpserver/EVVET3 PW NEW/Subject Area Contents/Public Website/Report (PDF)/AER.xdo?_xpf=&_xpt=1&_params%2FOracle%20BI%20EE%3A%3ADefaultApp%3A%3AEVVET3%20PR%20NEW%2FAER%3A%3Adimension%2FAER%20Id%3A%3Aattribute%3A%3Anoaggr%3A%3Axsd%3Adouble=404750&_xt=AER&_xf=pdf""> AER </a>",2014-07-18 00:00:00,Animal owner,United States,FEMALE,Dog,Retriever - Golden,Metacam 1.5 mg/ml - Oral suspension (dogs),"Anorexia, Immune mediated haemolytic anaemia, Lethargy (see also Central nervous system depression in Neurological)",1,1,
US-DEBIAHP-2014US07014,"<a target=""_blank""  href=""/xmlpserver/EVVET3 PW NEW/Subject Area Contents/Public Website/Report (PDF)/AER.xdo?_xpf=&_xpt=1&_params%2FOracle%20BI%20EE%3A%3ADefaultApp%3A%3AEVVET3%20PR%20NEW%2FAER%3A%3Adimension%2FAER%20Id%3A%3Aattribute%3A%3Anoaggr%3A%3Axsd%3Adouble=401536&_xt=AER&_xf=pdf""> AER </a>",2014-06-20 00:00:00,Other health care professional,United States,MALE,Dog,Poodle - Miniature,"Metacam 5 mg/ml - Solution for injection (cats, dogs), Metacam 5 mg/ml - Solution for injection (cattle, pigs), Metacam 5 mg/ml - Solution for injection (dogs)",Lethargy (see also Central nervous system depression in Neurological),1,1,
US-DEBIAHP-2014US07047,"<a target=""_blank""  href=""/xmlpserver/EVVET3 PW NEW/Subject Area Contents/Public Website/Report (PDF)/AER.xdo?_xpf=&_xpt=1&_params%2FOracle%20BI%20EE%3A%3ADefaultApp%3A%3AEVVET3%20PR%20NEW%2FAER%3A%3Adimension%2FAER%20Id%3A%3Aattribute%3A%3Anoaggr%3A%3Axsd%3Adouble=401737&_xt=AER&_xf=pdf""> AER </a>",2014-06-23 00:00:00,Veterinarian,United States,MALE,Dog,Dog (other),Metacam 1.5 mg/ml - Oral suspension (dogs),Elevated alanine aminotransferase (ALT),1,1,
US-DEBIAHP-2014US07137,"<a target=""_blank""  href=""/xmlpserver/EVVET3 PW NEW/Subject Area Contents/Public Website/Report (PDF)/AER.xdo?_xpf=&_xpt=1&_params%2FOracle%20BI%20EE%3A%3ADefaultApp%3A%3AEVVET3%20PR%20NEW%2FAER%3A%3Adimension%2FAER%20Id%3A%3Aattribute%3A%3Anoaggr%3A%3Axsd%3Adouble=402170&_xt=AER&_xf=pdf""> AER </a>",2014-06-25 00:00:00,Animal owner,United States,MALE,Dog,Siberian Husky,Metacam 1.5 mg/ml - Oral suspension (dogs),"Anorexia, Lethargy (see also Central nervous system depression in Neurological), Vomiting, Weight loss",1,1,
US-DEBIAHP-2014US07236,"<a target=""_blank""  href=""/xmlpserver/EVVET3 PW NEW/Subject Area Contents/Public Website/Report (PDF)/AER.xdo?_xpf=&_xpt=1&_params%2FOracle%20BI%20EE%3A%3ADefaultApp%3A%3AEVVET3%20PR%20NEW%2FAER%3A%3Adimension%2FAER%20Id%3A%3Aattribute%3A%3Anoaggr%3A%3Axsd%3Adouble=401957&_xt=AER&_xf=pdf""> AER </a>",2014-06-24 00:00:00,Veterinarian,United States,MALE,Dog,Shepherd Dog - German,"Metacam 1.5 mg/ml - Oral suspension (dogs), Metacam 5 mg/ml - Solution for injection (cats, dogs), Metacam 5 mg/ml - Solution for injection (cattle, pigs), Metacam 5 mg/ml - Solution for injection (dogs)",Lack of efficacy - NOS,1,1,
US-DEBIAHP-2014US07311,"<a target=""_blank""  href=""/xmlpserver/EVVET3 PW NEW/Subject Area Contents/Public Website/Report (PDF)/AER.xdo?_xpf=&_xpt=1&_params%2FOracle%20BI%20EE%3A%3ADefaultApp%3A%3AEVVET3%20PR%20NEW%2FAER%3A%3Adimension%2FAER%20Id%3A%3Aattribute%3A%3Anoaggr%3A%3Axsd%3Adouble=401967&_xt=AER&_xf=pdf""> AER </a>",2014-06-24 00:00:00,Animal owner,United States,FEMALE,Dog,Retriever - Labrador,Metacam 1.5 mg/ml - Oral suspension (dogs),Anorexia,1,1,
US-DEBIAHP-2014US07367,"<a target=""_blank""  href=""/xmlpserver/EVVET3 PW NEW/Subject Area Contents/Public Website/Report (PDF)/AER.xdo?_xpf=&_xpt=1&_params%2FOracle%20BI%20EE%3A%3ADefaultApp%3A%3AEVVET3%20PR%20NEW%2FAER%3A%3Adimension%2FAER%20Id%3A%3Aattribute%3A%3Anoaggr%3A%3Axsd%3Adouble=402096&_xt=AER&_xf=pdf""> AER </a>",2014-06-25 00:00:00,Animal owner,United States,MALE,Dog,Spaniel - Cocker American,Metacam 1.5 mg/ml - Oral suspension (dogs),Agitation,1,1,
US-DEBIAHP-2014US07424,"<a target=""_blank""  href=""/xmlpserver/EVVET3 PW NEW/Subject Area Contents/Public Website/Report (PDF)/AER.xdo?_xpf=&_xpt=1&_params%2FOracle%20BI%20EE%3A%3ADefaultApp%3A%3AEVVET3%20PR%20NEW%2FAER%3A%3Adimension%2FAER%20Id%3A%3Aattribute%3A%3Anoaggr%3A%3Axsd%3Adouble=402793&_xt=AER&_xf=pdf""> AER </a>",2014-06-30 00:00:00,Animal owner,United States,FEMALE,Dog,Chihuahua,Metacam 1.5 mg/ml - Oral suspension (dogs),Lethargy (see also Central nervous system depression in Neurological),1,1,
US-DEBIAHP-2014US07433,"<a target=""_blank""  href=""/xmlpserver/EVVET3 PW NEW/Subject Area Contents/Public Website/Report (PDF)/AER.xdo?_xpf=&_xpt=1&_params%2FOracle%20BI%20EE%3A%3ADefaultApp%3A%3AEVVET3%20PR%20NEW%2FAER%3A%3Adimension%2FAER%20Id%3A%3Aattribute%3A%3Anoaggr%3A%3Axsd%3Adouble=402375&_xt=AER&_xf=pdf""> AER </a>",2014-06-26 00:00:00,Veterinarian,United States,FEMALE,Dog,Retriever - Labrador,"Metacam 1.5 mg/ml - Oral suspension (dogs), Proin 15 mg chewable tablets for dogs, Proin 50 mg chewable tablets for dogs",Emesis,1,1,
US-DEBIAHP-2014US07661,"<a target=""_blank""  href=""/xmlpserver/EVVET3 PW NEW/Subject Area Contents/Public Website/Report (PDF)/AER.xdo?_xpf=&_xpt=1&_params%2FOracle%20BI%20EE%3A%3ADefaultApp%3A%3AEVVET3%20PR%20NEW%2FAER%3A%3Adimension%2FAER%20Id%3A%3Aattribute%3A%3Anoaggr%3A%3Axsd%3Adouble=405016&_xt=AER&_xf=pdf""> AER </a>",2014-07-22 00:00:00,Other health care professional,United States,MALE,Dog,Retriever - Labrador,Metacam 1.5 mg/ml - Oral suspension (dogs),"Other abnormal test result NOS, Vomiting",1,1,
US-DEBIAHP-2014US07710,"<a target=""_blank""  href=""/xmlpserver/EVVET3 PW NEW/Subject Area Contents/Public Website/Report (PDF)/AER.xdo?_xpf=&_xpt=1&_params%2FOracle%20BI%20EE%3A%3ADefaultApp%3A%3AEVVET3%20PR%20NEW%2FAER%3A%3Adimension%2FAER%20Id%3A%3Aattribute%3A%3Anoaggr%3A%3Axsd%3Adouble=407366&_xt=AER&_xf=pdf""> AER </a>",2014-08-08 00:00:00,Veterinarian,United States,MALE,Dog,Terrier - Yorkshire,"Metacam 5 mg/ml - Solution for injection (cats, dogs), Metacam 5 mg/ml - Solution for injection (cattle, pigs), Metacam 5 mg/ml - Solution for injection (dogs), TYLAN 100 PREMIX, TYLAN 200 000 UI/ML SOLUTION INJECTABLE, TYLAN 200, 200 mg/ml soluzione iniettabile, per bovini e suini, TYLAN 200MG/ML, ενέσιμο διάλυμα για βοοειδή και χοίρους, TYLAN SOLUBILE polvere per soluzione orale per polli da carne e galline ovaiole, tacchini, suini e vitelli, TYLAN SOLUBLE 100 %, TYLAN vet. jauhe oraaliliuosta varten, Tylan 100 Granules 100 mg/g Granulaat, Tylan 100 Vet Premix 100 mg/g Premix voor gemedicineerd voer, Tylan 100 g/Kg Pré mistura medicamentosa, Tylan 2% topdressing poeder voor oraal gebruik voor varkens, Tylan 20 mg/g - Arzneimittel-Vormischung zur Herstellung von Fütterungsarzneimitteln für Schweine, Tylan 200, Tylan 200 200 mg/ml Oplossing voor injectie, Tylan 200 injectie, oplossing voor injectie voor rund, kalf en varken, Tylan 200 mg/ml - Injektionslösung für Rinder und Schweine, Tylan 200 mg/ml Solução injetável para bovinos e suínos, Tylan 200, 200 mg/ml Solution for Injection, Tylan 250 g/Kg Pré mistura medicamentosa para alimento medicamentoso para suínos e frangos de carne, reprodutoras e poedeiras, Tylan Premix vet 20 mg/g esisekoite lääkerehua varten, Tylan Pó para solução oral para administração na água de bebida, Tylan Soluble 100 % 1000 mg/g Poeder voor toediening in het drinkwater/in de melk, Tylan Soluble Powder 1000 g/ 1 kg Proszek do sporządzania roztworu doustnego, Tylan Soluble Powder for Oral Solution, Tylan Vet. 1 g/g pulver, vandopløseligt, Tylan Vet. 10% oralt pulver, Tylan Vet. 2% oralt pulver, Tylan Vet. 200 mg/ml injektionsvæske, opløsning, Tylan por belsőleges oldathoz A.U.V., Tylan vet. 10 % Premix till medicinfoder, Tylan vet. 2 % Premix till medicinfoder, Tylan vet. 200 mg/ml Injektionsvätska, lösning, Tylan vet. 200 mg/ml injektioneste, liuos, Tylan vet. 83 % Pulver till oral lösning, Tylan, 100mg/g, Premix pro medikaci krmiva, Tylan, κόνις για πόσιμο διάλυμα",Diarrhoea,1,1,
US-DEBIAHP-2014US07779,"<a target=""_blank""  href=""/xmlpserver/EVVET3 PW NEW/Subject Area Contents/Public Website/Report (PDF)/AER.xdo?_xpf=&_xpt=1&_params%2FOracle%20BI%20EE%3A%3ADefaultApp%3A%3AEVVET3%20PR%20NEW%2FAER%3A%3Adimension%2FAER%20Id%3A%3Aattribute%3A%3Anoaggr%3A%3Axsd%3Adouble=405014&_xt=AER&_xf=pdf""> AER </a>",2014-07-22 00:00:00,Animal owner,United States,FEMALE,Dog,Chow Chow,"Metacam 1.5 mg/ml - Oral suspension (dogs), Tramadog 50 mg tablet for dogs","Anorexia, Blood in vomit, Death, Diarrhoea, Gastric ulceration NOS, Pancreatitis NOS, Vomiting",1,1,
US-DEBIAHP-2014US07917,"<a target=""_blank""  href=""/xmlpserver/EVVET3 PW NEW/Subject Area Contents/Public Website/Report (PDF)/AER.xdo?_xpf=&_xpt=1&_params%2FOracle%20BI%20EE%3A%3ADefaultApp%3A%3AEVVET3%20PR%20NEW%2FAER%3A%3Adimension%2FAER%20Id%3A%3Aattribute%3A%3Anoaggr%3A%3Axsd%3Adouble=405688&_xt=AER&_xf=pdf""> AER </a>",2014-07-25 00:00:00,Veterinarian,United States,FEMALE,Dog,Rottweiler,Metacam 1.5 mg/ml - Oral suspension (dogs),"Abdominal discomfort, Anorexia, Elevated lipase, Lethargy (see also Central nervous system depression in Neurological)",1,1,
US-DEBIAHP-2014US08039,"<a target=""_blank""  href=""/xmlpserver/EVVET3 PW NEW/Subject Area Contents/Public Website/Report (PDF)/AER.xdo?_xpf=&_xpt=1&_params%2FOracle%20BI%20EE%3A%3ADefaultApp%3A%3AEVVET3%20PR%20NEW%2FAER%3A%3Adimension%2FAER%20Id%3A%3Aattribute%3A%3Anoaggr%3A%3Axsd%3Adouble=410492&_xt=AER&_xf=pdf""> AER </a>",2014-09-03 00:00:00,Other health care professional,United States,MALE,Dog,Dog (other),Metacam 1.5 mg/ml - Oral suspension (dogs),"Elevated alanine aminotransferase (ALT), Elevated liver enzymes NOS, Lethargy (see also Central nervous system depression in Neurological), Vomiting",1,1,
US-DEBIAHP-2014US08088,"<a target=""_blank""  href=""/xmlpserver/EVVET3 PW NEW/Subject Area Contents/Public Website/Report (PDF)/AER.xdo?_xpf=&_xpt=1&_params%2FOracle%20BI%20EE%3A%3ADefaultApp%3A%3AEVVET3%20PR%20NEW%2FAER%3A%3Adimension%2FAER%20Id%3A%3Aattribute%3A%3Anoaggr%3A%3Axsd%3Adouble=404523&_xt=AER&_xf=pdf""> AER </a>",2014-07-15 00:00:00,Veterinarian,United States,MALE,Dog,Boxer (German Boxer),"Metacam 0.5 mg/ml - Oral suspension (cats, guinea pigs), Metacam 0.5 mg/ml - Oral suspension (dogs)","Central nervous system infection NOS, Death by euthanasia, Pain NOS, Twitching",1,1,1
US-DEBIAHP-2014US08159,"<a target=""_blank""  href=""/xmlpserver/EVVET3 PW NEW/Subject Area Contents/Public Website/Report (PDF)/AER.xdo?_xpf=&_xpt=1&_params%2FOracle%20BI%20EE%3A%3ADefaultApp%3A%3AEVVET3%20PR%20NEW%2FAER%3A%3Adimension%2FAER%20Id%3A%3Aattribute%3A%3Anoaggr%3A%3Axsd%3Adouble=404538&_xt=AER&_xf=pdf""> AER </a>",2014-07-15 00:00:00,Veterinarian,United States,MALE,Dog,Shepherd Dog - German,Metacam 1.5 mg/ml - Oral suspension (dogs),Lethargy (see also Central nervous system depression in Neurological),1,1,
US-DEBIAHP-2014US08160,"<a target=""_blank""  href=""/xmlpserver/EVVET3 PW NEW/Subject Area Contents/Public Website/Report (PDF)/AER.xdo?_xpf=&_xpt=1&_params%2FOracle%20BI%20EE%3A%3ADefaultApp%3A%3AEVVET3%20PR%20NEW%2FAER%3A%3Adimension%2FAER%20Id%3A%3Aattribute%3A%3Anoaggr%3A%3Axsd%3Adouble=403314&_xt=AER&_xf=pdf""> AER </a>",2014-07-03 00:00:00,Veterinarian,United States,FEMALE,Dog,Shih Tzu,Metacam 1.5 mg/ml - Oral suspension (dogs),"Decreased appetite, Elevated liver enzymes NOS, Elevated total bilirubin, Hepatitis, Liver failure, Other abnormal test result NOS, Pancreatitis NOS",1,1,
US-DEBIAHP-2014US08429,"<a target=""_blank""  href=""/xmlpserver/EVVET3 PW NEW/Subject Area Contents/Public Website/Report (PDF)/AER.xdo?_xpf=&_xpt=1&_params%2FOracle%20BI%20EE%3A%3ADefaultApp%3A%3AEVVET3%20PR%20NEW%2FAER%3A%3Adimension%2FAER%20Id%3A%3Aattribute%3A%3Anoaggr%3A%3Axsd%3Adouble=407365&_xt=AER&_xf=pdf""> AER </a>",2014-08-08 00:00:00,Other health care professional,United States,FEMALE,Dog,Terrier - Boston,"Metacam 0.5 mg/ml - Oral suspension (cats, guinea pigs), Metacam 0.5 mg/ml - Oral suspension (dogs)",Hypoglycaemia,1,1,
US-DEBIAHP-2014US08615,"<a target=""_blank""  href=""/xmlpserver/EVVET3 PW NEW/Subject Area Contents/Public Website/Report (PDF)/AER.xdo?_xpf=&_xpt=1&_params%2FOracle%20BI%20EE%3A%3ADefaultApp%3A%3AEVVET3%20PR%20NEW%2FAER%3A%3Adimension%2FAER%20Id%3A%3Aattribute%3A%3Anoaggr%3A%3Axsd%3Adouble=405460&_xt=AER&_xf=pdf""> AER </a>",2014-07-25 00:00:00,Other health care professional,United States,FEMALE,Dog,Chihuahua,"Metacam 0.5 mg/ml - Oral suspension (cats, guinea pigs), Metacam 0.5 mg/ml - Oral suspension (dogs)","Anorexia, Elevated blood urea nitrogen (BUN), Elevated creatinine, Vomiting",1,1,
US-DEBIAHP-2014US08662,"<a target=""_blank""  href=""/xmlpserver/EVVET3 PW NEW/Subject Area Contents/Public Website/Report (PDF)/AER.xdo?_xpf=&_xpt=1&_params%2FOracle%20BI%20EE%3A%3ADefaultApp%3A%3AEVVET3%20PR%20NEW%2FAER%3A%3Adimension%2FAER%20Id%3A%3Aattribute%3A%3Anoaggr%3A%3Axsd%3Adouble=405509&_xt=AER&_xf=pdf""> AER </a>",2014-07-28 00:00:00,Veterinarian,United States,UNKNOWN,Dog,Dog (other),Metacam 1.5 mg/ml - Oral suspension (dogs),Death,1,1,
US-DEBIAHP-2014US08739,"<a target=""_blank""  href=""/xmlpserver/EVVET3 PW NEW/Subject Area Contents/Public Website/Report (PDF)/AER.xdo?_xpf=&_xpt=1&_params%2FOracle%20BI%20EE%3A%3ADefaultApp%3A%3AEVVET3%20PR%20NEW%2FAER%3A%3Adimension%2FAER%20Id%3A%3Aattribute%3A%3Anoaggr%3A%3Axsd%3Adouble=405635&_xt=AER&_xf=pdf""> AER </a>",2014-07-28 00:00:00,Veterinarian,United States,MALE,Dog,Sheepdog - Shetland,"Metacam 5 mg/ml - Solution for injection (cats, dogs), Metacam 5 mg/ml - Solution for injection (cattle, pigs), Metacam 5 mg/ml - Solution for injection (dogs)","Diarrhoea, Lethargy (see also Central nervous system depression in Neurological), Vomiting",1,1,
US-DEBIAHP-2014US09072,"<a target=""_blank""  href=""/xmlpserver/EVVET3 PW NEW/Subject Area Contents/Public Website/Report (PDF)/AER.xdo?_xpf=&_xpt=1&_params%2FOracle%20BI%20EE%3A%3ADefaultApp%3A%3AEVVET3%20PR%20NEW%2FAER%3A%3Adimension%2FAER%20Id%3A%3Aattribute%3A%3Anoaggr%3A%3Axsd%3Adouble=407287&_xt=AER&_xf=pdf""> AER </a>",2014-08-07 00:00:00,Veterinarian,United States,FEMALE,Dog,Dog (other),Metacam 1.5 mg/ml - Oral suspension (dogs),"Anaemia NOS, Ear flapping/twitching, Elevated alanine aminotransferase (ALT), Elevated serum alkaline phosphatase (ALP), Elevated total bilirubin, Hypoalbuminaemia, Lethargy (see also Central nervous system depression in Neurological), Leukocytosis NOS, Lymphocytosis, Mucous stool, Other abnormal test result NOS, Pale mucous membrane, Thrombocytopenia, Vomiting",1,1,
US-DEBIAHP-2014US09153,"<a target=""_blank""  href=""/xmlpserver/EVVET3 PW NEW/Subject Area Contents/Public Website/Report (PDF)/AER.xdo?_xpf=&_xpt=1&_params%2FOracle%20BI%20EE%3A%3ADefaultApp%3A%3AEVVET3%20PR%20NEW%2FAER%3A%3Adimension%2FAER%20Id%3A%3Aattribute%3A%3Anoaggr%3A%3Axsd%3Adouble=408844&_xt=AER&_xf=pdf""> AER </a>",2014-08-20 00:00:00,Veterinarian,United States,FEMALE,Dog,Retriever - Labrador,Metacam 1.5 mg/ml - Oral suspension (dogs),"Abnormal breathing, Impaired consciousness, Sudden death, Vomiting",1,1,
US-DEBIAHP-2014US09173,"<a target=""_blank""  href=""/xmlpserver/EVVET3 PW NEW/Subject Area Contents/Public Website/Report (PDF)/AER.xdo?_xpf=&_xpt=1&_params%2FOracle%20BI%20EE%3A%3ADefaultApp%3A%3AEVVET3%20PR%20NEW%2FAER%3A%3Adimension%2FAER%20Id%3A%3Aattribute%3A%3Anoaggr%3A%3Axsd%3Adouble=407249&_xt=AER&_xf=pdf""> AER </a>",2014-08-07 00:00:00,Other health care professional,United States,FEMALE,Dog,Dachshund - Standard Wire-haired,"Metacam 0.5 mg/ml - Oral suspension (cats, guinea pigs), Metacam 0.5 mg/ml - Oral suspension (dogs)","Periorbital oedema (see also Immune system disorders), Vomiting",1,1,
US-DEBIAHP-2014US09181,"<a target=""_blank""  href=""/xmlpserver/EVVET3 PW NEW/Subject Area Contents/Public Website/Report (PDF)/AER.xdo?_xpf=&_xpt=1&_params%2FOracle%20BI%20EE%3A%3ADefaultApp%3A%3AEVVET3%20PR%20NEW%2FAER%3A%3Adimension%2FAER%20Id%3A%3Aattribute%3A%3Anoaggr%3A%3Axsd%3Adouble=407246&_xt=AER&_xf=pdf""> AER </a>",2014-08-07 00:00:00,Other health care professional,United States,FEMALE,Dog,Pekingese,Metacam 1.5 mg/ml - Oral suspension (dogs),Seizure NOS,1,1,
US-DEBIAHP-2014US09282,"<a target=""_blank""  href=""/xmlpserver/EVVET3 PW NEW/Subject Area Contents/Public Website/Report (PDF)/AER.xdo?_xpf=&_xpt=1&_params%2FOracle%20BI%20EE%3A%3ADefaultApp%3A%3AEVVET3%20PR%20NEW%2FAER%3A%3Adimension%2FAER%20Id%3A%3Aattribute%3A%3Anoaggr%3A%3Axsd%3Adouble=422533&_xt=AER&_xf=pdf""> AER </a>",2014-12-01 00:00:00,Veterinarian,United States,FEMALE,Dog,Chihuahua,"Metacam 1.5 mg/ml - Oral suspension (dogs), Metacam 5 mg/ml - Solution for injection (cats, dogs), Metacam 5 mg/ml - Solution for injection (cattle, pigs), Metacam 5 mg/ml - Solution for injection (dogs), Tramadog 50 mg tablet for dogs","Aggression, Elevated alanine aminotransferase (ALT), Elevated serum alkaline phosphatase (ALP), Elevated total bilirubin, Fever, Hepatitis, Inappetence, Jaundice, Lethargy (see also Central nervous system depression in Neurological), Leukocytosis NOS, Other abnormal test result NOS, Polydipsia, Polyuria, Vomiting",1,1,
US-DEBIAHP-2014US09298,"<a target=""_blank""  href=""/xmlpserver/EVVET3 PW NEW/Subject Area Contents/Public Website/Report (PDF)/AER.xdo?_xpf=&_xpt=1&_params%2FOracle%20BI%20EE%3A%3ADefaultApp%3A%3AEVVET3%20PR%20NEW%2FAER%3A%3Adimension%2FAER%20Id%3A%3Aattribute%3A%3Anoaggr%3A%3Axsd%3Adouble=411330&_xt=AER&_xf=pdf""> AER </a>",2014-09-08 00:00:00,Animal owner,United States,FEMALE,Dog,Dog (other),"Metacam 0.5 mg/ml - Oral suspension (cats, guinea pigs), Metacam 0.5 mg/ml - Oral suspension (dogs), Metacam 5 mg/ml - Solution for injection (cats, dogs), Metacam 5 mg/ml - Solution for injection (cattle, pigs), Metacam 5 mg/ml - Solution for injection (dogs)","Bloody diarrhoea, Diarrhoea, Elevated creatinine, Elevated serum alkaline phosphatase (ALP), Hyperphosphataemia, Hypoalbuminaemia, Hypoglycaemia, Hypoproteinaemia, Leukopenia NOS, Melaena, Neutropenia, Not eating, Other abnormal test result NOS, Vomiting",1,1,
US-DEBIAHP-2014US09327,"<a target=""_blank""  href=""/xmlpserver/EVVET3 PW NEW/Subject Area Contents/Public Website/Report (PDF)/AER.xdo?_xpf=&_xpt=1&_params%2FOracle%20BI%20EE%3A%3ADefaultApp%3A%3AEVVET3%20PR%20NEW%2FAER%3A%3Adimension%2FAER%20Id%3A%3Aattribute%3A%3Anoaggr%3A%3Axsd%3Adouble=407661&_xt=AER&_xf=pdf""> AER </a>",2014-08-12 00:00:00,Veterinarian,United States,FEMALE,Dog,Rottweiler,Metacam 1.5 mg/ml - Oral suspension (dogs),"Anorexia, Lethargy (see also Central nervous system depression in Neurological)",1,1,
US-DEBIAHP-2014US09340,"<a target=""_blank""  href=""/xmlpserver/EVVET3 PW NEW/Subject Area Contents/Public Website/Report (PDF)/AER.xdo?_xpf=&_xpt=1&_params%2FOracle%20BI%20EE%3A%3ADefaultApp%3A%3AEVVET3%20PR%20NEW%2FAER%3A%3Adimension%2FAER%20Id%3A%3Aattribute%3A%3Anoaggr%3A%3Axsd%3Adouble=412140&_xt=AER&_xf=pdf""> AER </a>",2014-09-16 00:00:00,Veterinarian,United States,FEMALE,Dog,Bichon Frise,Metacam 1.5 mg/ml - Oral suspension (dogs),"Abdominal pain, Anorexia, Bloody diarrhoea, Dehydration, Vomiting",1,1,
US-DEBIAHP-2014US09383,"<a target=""_blank""  href=""/xmlpserver/EVVET3 PW NEW/Subject Area Contents/Public Website/Report (PDF)/AER.xdo?_xpf=&_xpt=1&_params%2FOracle%20BI%20EE%3A%3ADefaultApp%3A%3AEVVET3%20PR%20NEW%2FAER%3A%3Adimension%2FAER%20Id%3A%3Aattribute%3A%3Anoaggr%3A%3Axsd%3Adouble=409735&_xt=AER&_xf=pdf""> AER </a>",2014-08-29 00:00:00,Veterinarian,United States,FEMALE,Dog,Terrier - Boston,Metacam 1.5 mg/ml - Oral suspension (dogs),"Anaemia NOS, Anorexia, Azotaemia, Buccal ulceration, Death by euthanasia, Dehydration, Diarrhoea, Electrolyte disorder, Elevated aspartate aminotransferase (AST), Elevated creatinine, Elevated lipase, Elevated serum alkaline phosphatase (ALP), Emesis, Generalised weakness, Heart murmur, Hypercalcaemia, Hypoalbuminaemia, Hypocalcaemic condition, Hypoproteinaemia, Lethargy (see also Central nervous system depression in Neurological), Lymphopenia, Other abnormal test result NOS, Pancreatitis NOS, Renal failure, Tense abdomen, Thyroid gland disorder NOS, Tongue ulceration, Urolithiasis, Weight loss",1,1,1
US-DEBIAHP-2014US09402,"<a target=""_blank""  href=""/xmlpserver/EVVET3 PW NEW/Subject Area Contents/Public Website/Report (PDF)/AER.xdo?_xpf=&_xpt=1&_params%2FOracle%20BI%20EE%3A%3ADefaultApp%3A%3AEVVET3%20PR%20NEW%2FAER%3A%3Adimension%2FAER%20Id%3A%3Aattribute%3A%3Anoaggr%3A%3Axsd%3Adouble=406134&_xt=AER&_xf=pdf""> AER </a>",2014-08-01 00:00:00,Other health care professional,United States,MALE,Dog,Retriever - Labrador,Metacam 1.5 mg/ml - Oral suspension (dogs),"Adipsia, Anorexia, Injection site abscess, Injection site swelling, Lameness, Lethargy (see also Central nervous system depression in Neurological), Vocalisation",1,1,
US-DEBIAHP-2014US09495,"<a target=""_blank""  href=""/xmlpserver/EVVET3 PW NEW/Subject Area Contents/Public Website/Report (PDF)/AER.xdo?_xpf=&_xpt=1&_params%2FOracle%20BI%20EE%3A%3ADefaultApp%3A%3AEVVET3%20PR%20NEW%2FAER%3A%3Adimension%2FAER%20Id%3A%3Aattribute%3A%3Anoaggr%3A%3Axsd%3Adouble=408331&_xt=AER&_xf=pdf""> AER </a>",2014-08-14 00:00:00,Veterinarian,United States,MALE,Dog,Retriever - Labrador,Metacam 1.5 mg/ml - Oral suspension (dogs),Seizure NOS,1,1,
US-DEBIAHP-2014US09528,"<a target=""_blank""  href=""/xmlpserver/EVVET3 PW NEW/Subject Area Contents/Public Website/Report (PDF)/AER.xdo?_xpf=&_xpt=1&_params%2FOracle%20BI%20EE%3A%3ADefaultApp%3A%3AEVVET3%20PR%20NEW%2FAER%3A%3Adimension%2FAER%20Id%3A%3Aattribute%3A%3Anoaggr%3A%3Axsd%3Adouble=408337&_xt=AER&_xf=pdf""> AER </a>",2014-08-14 00:00:00,Veterinarian,United States,MALE,Dog,Dog (other),Metacam 1.5 mg/ml - Oral suspension (dogs),Lack of efficacy - NOS,1,1,
US-DEBIAHP-2014US09550,"<a target=""_blank""  href=""/xmlpserver/EVVET3 PW NEW/Subject Area Contents/Public Website/Report (PDF)/AER.xdo?_xpf=&_xpt=1&_params%2FOracle%20BI%20EE%3A%3ADefaultApp%3A%3AEVVET3%20PR%20NEW%2FAER%3A%3Adimension%2FAER%20Id%3A%3Aattribute%3A%3Anoaggr%3A%3Axsd%3Adouble=408483&_xt=AER&_xf=pdf""> AER </a>",2014-08-15 00:00:00,Veterinarian,United States,FEMALE,Dog,Terrier - Scottish,"Convenia 80 mg/ml  - Powder and solvent for solution for injection, Dexdomitor 0.1 mg/ml - Solution for injection, Dexdomitor 0.5 mg/ml - Solution for injection, Metacam 0.5 mg/ml - Oral suspension (cats, guinea pigs), Metacam 0.5 mg/ml - Oral suspension (dogs), Tramadog 50 mg tablet for dogs","Anorexia, Death by euthanasia, Elevated alanine aminotransferase (ALT), Elevated liver enzymes NOS, Elevated total bilirubin, Hepatic jaundice, Liver disorder NOS, Other abnormal test result NOS",1,1,1
US-DEBIAHP-2014US09605,"<a target=""_blank""  href=""/xmlpserver/EVVET3 PW NEW/Subject Area Contents/Public Website/Report (PDF)/AER.xdo?_xpf=&_xpt=1&_params%2FOracle%20BI%20EE%3A%3ADefaultApp%3A%3AEVVET3%20PR%20NEW%2FAER%3A%3Adimension%2FAER%20Id%3A%3Aattribute%3A%3Anoaggr%3A%3Axsd%3Adouble=409085&_xt=AER&_xf=pdf""> AER </a>",2014-08-20 00:00:00,Other health care professional,United States,FEMALE,Dog,Boxer (German Boxer),Metacam 1.5 mg/ml - Oral suspension (dogs),Diarrhoea,1,1,
US-DEBIAHP-2014US09815,"<a target=""_blank""  href=""/xmlpserver/EVVET3 PW NEW/Subject Area Contents/Public Website/Report (PDF)/AER.xdo?_xpf=&_xpt=1&_params%2FOracle%20BI%20EE%3A%3ADefaultApp%3A%3AEVVET3%20PR%20NEW%2FAER%3A%3Adimension%2FAER%20Id%3A%3Aattribute%3A%3Anoaggr%3A%3Axsd%3Adouble=408975&_xt=AER&_xf=pdf""> AER </a>",2014-08-19 00:00:00,Animal owner,United States,MALE,Dog,Dachshund - Miniature,"Metacam 1.5 mg/ml - Oral suspension (dogs), Tramadog 50 mg tablet for dogs",Emesis,1,1,
US-DEBIAHP-2014US09933,"<a target=""_blank""  href=""/xmlpserver/EVVET3 PW NEW/Subject Area Contents/Public Website/Report (PDF)/AER.xdo?_xpf=&_xpt=1&_params%2FOracle%20BI%20EE%3A%3ADefaultApp%3A%3AEVVET3%20PR%20NEW%2FAER%3A%3Adimension%2FAER%20Id%3A%3Aattribute%3A%3Anoaggr%3A%3Axsd%3Adouble=408924&_xt=AER&_xf=pdf""> AER </a>",2014-08-19 00:00:00,Veterinarian,United States,MALE,Dog,Spitz - German Pomeranian,"Metacam 0.5 mg/ml - Oral suspension (cats, guinea pigs), Metacam 0.5 mg/ml - Oral suspension (dogs), Metacam 5 mg/ml - Solution for injection (cats, dogs), Metacam 5 mg/ml - Solution for injection (cattle, pigs), Metacam 5 mg/ml - Solution for injection (dogs)","Anorexia, Distension of abdomen, Emesis, Eosinophilia, Fluid in abdomen NOS, Hypoalbuminaemia, Lethargy (see also Central nervous system depression in Neurological)",1,1,
US-DEBIAHP-2014US09956,"<a target=""_blank""  href=""/xmlpserver/EVVET3 PW NEW/Subject Area Contents/Public Website/Report (PDF)/AER.xdo?_xpf=&_xpt=1&_params%2FOracle%20BI%20EE%3A%3ADefaultApp%3A%3AEVVET3%20PR%20NEW%2FAER%3A%3Adimension%2FAER%20Id%3A%3Aattribute%3A%3Anoaggr%3A%3Axsd%3Adouble=415911&_xt=AER&_xf=pdf""> AER </a>",2014-10-15 00:00:00,Veterinarian,United States,FEMALE,Dog,Pointing Dog - Hungarian Wire-haired (Vizsla),Metacam 1.5 mg/ml - Oral suspension (dogs),"Ataxia, Lethargy (see also Central nervous system depression in Neurological), Urinary incontinence, Vomiting",1,1,
US-DEBIAHP-2014US10009,"<a target=""_blank""  href=""/xmlpserver/EVVET3 PW NEW/Subject Area Contents/Public Website/Report (PDF)/AER.xdo?_xpf=&_xpt=1&_params%2FOracle%20BI%20EE%3A%3ADefaultApp%3A%3AEVVET3%20PR%20NEW%2FAER%3A%3Adimension%2FAER%20Id%3A%3Aattribute%3A%3Anoaggr%3A%3Axsd%3Adouble=408845&_xt=AER&_xf=pdf""> AER </a>",2014-08-20 00:00:00,Veterinarian,United States,MALE,Dog,Retriever - Labrador,Metacam 1.5 mg/ml - Oral suspension (dogs),Vomiting,1,1,
US-DEBIAHP-2014US10111,"<a target=""_blank""  href=""/xmlpserver/EVVET3 PW NEW/Subject Area Contents/Public Website/Report (PDF)/AER.xdo?_xpf=&_xpt=1&_params%2FOracle%20BI%20EE%3A%3ADefaultApp%3A%3AEVVET3%20PR%20NEW%2FAER%3A%3Adimension%2FAER%20Id%3A%3Aattribute%3A%3Anoaggr%3A%3Axsd%3Adouble=409655&_xt=AER&_xf=pdf""> AER </a>",2014-08-26 00:00:00,Veterinarian,United States,MALE,Dog,Chihuahua,Metacam 1.5 mg/ml - Oral suspension (dogs),"Dehydration, Drooling, Lethargy (see also Central nervous system depression in Neurological), Oral ulceration, Smelly breath, Stomatitis, Vomiting",1,1,
US-DEBIAHP-2014US10259,"<a target=""_blank""  href=""/xmlpserver/EVVET3 PW NEW/Subject Area Contents/Public Website/Report (PDF)/AER.xdo?_xpf=&_xpt=1&_params%2FOracle%20BI%20EE%3A%3ADefaultApp%3A%3AEVVET3%20PR%20NEW%2FAER%3A%3Adimension%2FAER%20Id%3A%3Aattribute%3A%3Anoaggr%3A%3Axsd%3Adouble=410697&_xt=AER&_xf=pdf""> AER </a>",2014-09-03 00:00:00,Veterinarian,United States,MALE,Dog,Terrier - Boston,"Metacam 1.5 mg/ml - Oral suspension (dogs), SYNULOX (200+50)MG/TAB ΔΙΣΚΙΟ, SYNULOX (40+10)MG/TAB ΔΙΣΚΙΟ, SYNULOX 140 mg/ml + 35 mg/ml suspensión inyectable, SYNULOX 200 mg/50 mg tablety pre psy a mačky, SYNULOX 200/50 mg COMPRIMIDOS APETITOSOS PARA PERROS, SYNULOX 250 COMPRIMES POUR CHIENS, SYNULOX 250 mg, SYNULOX 250 mg kramtomosios tabletės šunims ir katėms, SYNULOX 250 mg tablete za pse in mačke, SYNULOX 250mg, δισκία για σκύλους και γάτες, SYNULOX 40 mg/10 mg tablety pre psy a mačky, SYNULOX 40 mg/ml + 10 mg/ml POLVO PARA GOTAS ORALES EN SUSPENSION, SYNULOX 40/10 MG COMPRIMIDOS APETITOSOS PARA PERROS Y GATOS, SYNULOX 400 mg/100 mg tablety pre psy, SYNULOX 400/100 mg COMPRIMIDOS APETITOSOS PARA PERROS, SYNULOX 50 COMPRIMES POUR CHIENS ET CHATS, SYNULOX 50 mg, SYNULOX 50 mg kramtomosios tabletės šunims ir katėms, SYNULOX 50 mg tablete za pse in mačke, SYNULOX 500 COMPRIMES POUR CHIENS, SYNULOX 500 mg kramtomosios tabletės šunims, SYNULOX 500 mg tablete za pse, SYNULOX 500 mg, kramtomosios tabletės šunims, SYNULOX 500MG/TAB ΔΙΣΚΙΟ, SYNULOX 50mg, δισκία για σκύλους και γάτες, SYNULOX OGIVETTES POUR VEAUX, SYNULOX SUSPENSION INJECTABLE POUR BOVINS, SYNULOX VET 140 mg/ml injektioneste, suspensio koiralle, kissalle ja sialle, SYNULOX suspensão injetável para suínos, bovinos, cães e gatos, SYNULOX vet 200 mg/50 mg tabletti, koiralle ja kissalle, SYNULOX vet 40 mg/10 mg tabletti, koiralle ja kissalle, SYNULOX vet 400 mg/100 mg tabletti, koiralle, SYNULOX, 400/100mg, Tableta, Synulox 250 mg Comprimés Appétents, Synulox 250 mg Smakelijke tabletten, Synulox 250 mg tabletes suņiem un kaķiem, Synulox 250 mg, tabletid koertele ja kassidele, Synulox 250 mg, таблетки за кучета и котки, Synulox 250mg (200 mg/50 mg)  Tabletten für Hunde, Synulox 50 mg Comprimés Appétents, Synulox 50 mg Smakelijke Tabletten, Synulox 50 mg tabletes suņiem un kaķiem, Synulox 50 mg, tabletid koertele ja kassidele, Synulox 50 mg, таблетки за кучета и котки, Synulox 500 mg Bolus 400 mg - 100 mg Omhulde tablet, Synulox 500 mg Comprimés Appétents, Synulox 500 mg Smakelijke Tabletten, Synulox 500 mg tabletes suņiem, Synulox 500 mg, tabletid koertele, Synulox 500mg (400 mg/100 mg) Tabletten für Hunde, Synulox 50mg (40 mg/10 mg) Tabletten für Hunde und Katzen, Synulox Bolus 500 mg, 400 mg + 100 mg comprimés enrobés pour veaux, Synulox Lactating Cow Intramammary suspension., Synulox Tabletki 250 mg, Synulox Tabletki 250 mg (200+50) mg/tablete; tabletes suņiem, Synulox Tabletki 50 mg, Synulox Tabletki 50 mg (40+10) mg/ tablete; tabletes suņiem un kaķiem, Synulox Tabletki 500 mg, Synulox Vet. til hund og kat 200 + 50 mg tabletter, Synulox Vet. til hund og kat 40 + 10 mg tabletter, Synulox Vet. til hund tabletter 400 + 100 mg, Synulox Vet. til kalve 400 + 100 mg tabletter, Synulox comprimidos palatáveis 250 mg para cães e gatos, Synulox comprimidos palatáveis 50 mg para cães e gatos, Synulox comprimidos palatáveis 500 mg para cães, Synulox vet 40 mg/ml jauhe oraalisuspensiota varten koiralle ja kissalle, Synulox vet. 200 mg tabletter for hund og katt, Synulox vet. 200 mg/50 mg Tablett, Synulox vet. 40 mg tabletter for hund og katt, Synulox vet. 40 mg/10 mg Tablett, Synulox vet. 400 mg tabletter for hund, Synulox vet. 400 mg/100 mg Tablett, Synulox, 200/50mg, Tableta, Synulox, 40/10mg, Tableta, Synulox-Kalb 400 mg/100 mg Filmtabletten für Rinder (Kälber)",Facial swelling (see also Skin),1,1,
US-DEBIAHP-2014US10493,"<a target=""_blank""  href=""/xmlpserver/EVVET3 PW NEW/Subject Area Contents/Public Website/Report (PDF)/AER.xdo?_xpf=&_xpt=1&_params%2FOracle%20BI%20EE%3A%3ADefaultApp%3A%3AEVVET3%20PR%20NEW%2FAER%3A%3Adimension%2FAER%20Id%3A%3Aattribute%3A%3Anoaggr%3A%3Axsd%3Adouble=411279&_xt=AER&_xf=pdf""> AER </a>",2014-09-07 00:00:00,Veterinarian,United States,MALE,Dog,Pug,Metacam 1.5 mg/ml - Oral suspension (dogs),Vomiting,1,1,
US-DEBIAHP-2014US10546,"<a target=""_blank""  href=""/xmlpserver/EVVET3 PW NEW/Subject Area Contents/Public Website/Report (PDF)/AER.xdo?_xpf=&_xpt=1&_params%2FOracle%20BI%20EE%3A%3ADefaultApp%3A%3AEVVET3%20PR%20NEW%2FAER%3A%3Adimension%2FAER%20Id%3A%3Aattribute%3A%3Anoaggr%3A%3Axsd%3Adouble=411184&_xt=AER&_xf=pdf""> AER </a>",2014-09-05 00:00:00,Veterinarian,United States,MALE,Dog,Retriever - Golden,Metacam 1.5 mg/ml - Oral suspension (dogs),"Abnormal radiograph finding, Anaemia NOS, Death by euthanasia, Decreased appetite, Decreased urine concentration, Elevated creatinine, Elevated liver enzymes NOS, Hypercalcaemia, Lymphoma, Polydipsia, Polyuria, Red blood cell disorder",1,1,1
US-DEBIAHP-2014US10563,"<a target=""_blank""  href=""/xmlpserver/EVVET3 PW NEW/Subject Area Contents/Public Website/Report (PDF)/AER.xdo?_xpf=&_xpt=1&_params%2FOracle%20BI%20EE%3A%3ADefaultApp%3A%3AEVVET3%20PR%20NEW%2FAER%3A%3Adimension%2FAER%20Id%3A%3Aattribute%3A%3Anoaggr%3A%3Axsd%3Adouble=411219&_xt=AER&_xf=pdf""> AER </a>",2014-09-08 00:00:00,Animal owner,United States,MALE,Dog,Terrier - Yorkshire,"Metacam 0.5 mg/ml - Oral suspension (cats, guinea pigs), Metacam 0.5 mg/ml - Oral suspension (dogs)","Decreased appetite, Tiredness",1,1,
US-DEBIAHP-2014US10605,"<a target=""_blank""  href=""/xmlpserver/EVVET3 PW NEW/Subject Area Contents/Public Website/Report (PDF)/AER.xdo?_xpf=&_xpt=1&_params%2FOracle%20BI%20EE%3A%3ADefaultApp%3A%3AEVVET3%20PR%20NEW%2FAER%3A%3Adimension%2FAER%20Id%3A%3Aattribute%3A%3Anoaggr%3A%3Axsd%3Adouble=415730&_xt=AER&_xf=pdf""> AER </a>",2014-10-14 00:00:00,Veterinarian,United States,MALE,Dog,Retriever - Labrador,Metacam 1.5 mg/ml - Oral suspension (dogs),"Bruising, Death, Eye neoplasm NOS, Petechiae NOS, Prolonged bleeding NOS, Thrombocytopenia",1,1,1
US-DEBIAHP-2014US10639,"<a target=""_blank""  href=""/xmlpserver/EVVET3 PW NEW/Subject Area Contents/Public Website/Report (PDF)/AER.xdo?_xpf=&_xpt=1&_params%2FOracle%20BI%20EE%3A%3ADefaultApp%3A%3AEVVET3%20PR%20NEW%2FAER%3A%3Adimension%2FAER%20Id%3A%3Aattribute%3A%3Anoaggr%3A%3Axsd%3Adouble=411356&_xt=AER&_xf=pdf""> AER </a>",2014-09-09 00:00:00,Animal owner,United States,MALE,Dog,Chihuahua,"Metacam 0.5 mg/ml - Oral suspension (cats, guinea pigs), Metacam 0.5 mg/ml - Oral suspension (dogs)",Skin irritation,1,1,
US-DEBIAHP-2014US10655,"<a target=""_blank""  href=""/xmlpserver/EVVET3 PW NEW/Subject Area Contents/Public Website/Report (PDF)/AER.xdo?_xpf=&_xpt=1&_params%2FOracle%20BI%20EE%3A%3ADefaultApp%3A%3AEVVET3%20PR%20NEW%2FAER%3A%3Adimension%2FAER%20Id%3A%3Aattribute%3A%3Anoaggr%3A%3Axsd%3Adouble=411677&_xt=AER&_xf=pdf""> AER </a>",2014-09-10 00:00:00,Animal owner,United States,FEMALE,Dog,Bulldog,"Metacam 1.5 mg/ml - Oral suspension (dogs), Soloxine 0.1 mg Tablet, Soloxine 0.2 mg Tablet, Soloxine 0.3 mg Tablet, Soloxine 0.5 mg Tablet, Soloxine 0.8 mg Tablet, TRESADERM soluzione oto-dermatologica per cani e gatti","Seizure NOS, Tachycardia, Tachypnoea",1,1,
US-DEBIAHP-2014US10849,"<a target=""_blank""  href=""/xmlpserver/EVVET3 PW NEW/Subject Area Contents/Public Website/Report (PDF)/AER.xdo?_xpf=&_xpt=1&_params%2FOracle%20BI%20EE%3A%3ADefaultApp%3A%3AEVVET3%20PR%20NEW%2FAER%3A%3Adimension%2FAER%20Id%3A%3Aattribute%3A%3Anoaggr%3A%3Axsd%3Adouble=412255&_xt=AER&_xf=pdf""> AER </a>",2014-09-17 00:00:00,Veterinarian,United States,MALE,Dog,Crossbred Canine/dog,Metacam 1.5 mg/ml - Oral suspension (dogs),"Hypotension, Shock, Vomiting",1,1,
US-DEBIAHP-2014US10856,"<a target=""_blank""  href=""/xmlpserver/EVVET3 PW NEW/Subject Area Contents/Public Website/Report (PDF)/AER.xdo?_xpf=&_xpt=1&_params%2FOracle%20BI%20EE%3A%3ADefaultApp%3A%3AEVVET3%20PR%20NEW%2FAER%3A%3Adimension%2FAER%20Id%3A%3Aattribute%3A%3Anoaggr%3A%3Axsd%3Adouble=412257&_xt=AER&_xf=pdf""> AER </a>",2014-09-17 00:00:00,Other health care professional,United States,MALE,Dog,Retriever - Labrador,"Metacam 1.5 mg/ml - Oral suspension (dogs), Metacam 5 mg/ml - Solution for injection (cats, dogs), Metacam 5 mg/ml - Solution for injection (cattle, pigs), Metacam 5 mg/ml - Solution for injection (dogs)","Haematuria, Polyuria",1,1,
US-DEBIAHP-2014US10923,"<a target=""_blank""  href=""/xmlpserver/EVVET3 PW NEW/Subject Area Contents/Public Website/Report (PDF)/AER.xdo?_xpf=&_xpt=1&_params%2FOracle%20BI%20EE%3A%3ADefaultApp%3A%3AEVVET3%20PR%20NEW%2FAER%3A%3Adimension%2FAER%20Id%3A%3Aattribute%3A%3Anoaggr%3A%3Axsd%3Adouble=416596&_xt=AER&_xf=pdf""> AER </a>",2014-10-21 00:00:00,Other health care professional,United States,MALE,Dog,Chihuahua,"Metacam 0.5 mg/ml - Oral suspension (cats, guinea pigs), Metacam 0.5 mg/ml - Oral suspension (dogs)","Bacterial skin infection NOS, General hair loss, Pruritus",1,1,
US-DEBIAHP-2014US10929,"<a target=""_blank""  href=""/xmlpserver/EVVET3 PW NEW/Subject Area Contents/Public Website/Report (PDF)/AER.xdo?_xpf=&_xpt=1&_params%2FOracle%20BI%20EE%3A%3ADefaultApp%3A%3AEVVET3%20PR%20NEW%2FAER%3A%3Adimension%2FAER%20Id%3A%3Aattribute%3A%3Anoaggr%3A%3Axsd%3Adouble=416624&_xt=AER&_xf=pdf""> AER </a>",2014-10-22 00:00:00,Veterinarian,United States,MALE,Dog,Terrier - Yorkshire,"Metacam 0.5 mg/ml - Oral suspension (cats, guinea pigs), Metacam 0.5 mg/ml - Oral suspension (dogs)","Elevated blood urea nitrogen (BUN), Vomiting",1,1,
US-DEBIAHP-2014US10980,"<a target=""_blank""  href=""/xmlpserver/EVVET3 PW NEW/Subject Area Contents/Public Website/Report (PDF)/AER.xdo?_xpf=&_xpt=1&_params%2FOracle%20BI%20EE%3A%3ADefaultApp%3A%3AEVVET3%20PR%20NEW%2FAER%3A%3Adimension%2FAER%20Id%3A%3Aattribute%3A%3Anoaggr%3A%3Axsd%3Adouble=412789&_xt=AER&_xf=pdf""> AER </a>",2014-09-19 00:00:00,Animal owner,United States,MALE,Dog,Poodle - Miniature,"Metacam 0.5 mg/ml - Oral suspension (cats, guinea pigs), Metacam 0.5 mg/ml - Oral suspension (dogs)",Aggression,1,1,
US-DEBIAHP-2014US11105,"<a target=""_blank""  href=""/xmlpserver/EVVET3 PW NEW/Subject Area Contents/Public Website/Report (PDF)/AER.xdo?_xpf=&_xpt=1&_params%2FOracle%20BI%20EE%3A%3ADefaultApp%3A%3AEVVET3%20PR%20NEW%2FAER%3A%3Adimension%2FAER%20Id%3A%3Aattribute%3A%3Anoaggr%3A%3Axsd%3Adouble=412847&_xt=AER&_xf=pdf""> AER </a>",2014-09-22 00:00:00,Veterinarian,United States,FEMALE,Dog,Poodle - Miniature,Metacam 1.5 mg/ml - Oral suspension (dogs),"Ataxia, Hyperaesthesia, Hypermetria",1,1,
US-DEBIAHP-2014US11225,"<a target=""_blank""  href=""/xmlpserver/EVVET3 PW NEW/Subject Area Contents/Public Website/Report (PDF)/AER.xdo?_xpf=&_xpt=1&_params%2FOracle%20BI%20EE%3A%3ADefaultApp%3A%3AEVVET3%20PR%20NEW%2FAER%3A%3Adimension%2FAER%20Id%3A%3Aattribute%3A%3Anoaggr%3A%3Axsd%3Adouble=413497&_xt=AER&_xf=pdf""> AER </a>",2014-09-25 00:00:00,Animal owner,United States,FEMALE,Dog,Collie - Border,Metacam 1.5 mg/ml - Oral suspension (dogs),"Behavioural disorder NOS, Fever, Lethargy (see also Central nervous system depression in Neurological), Musculoskeletal pain, Tonic-clonic seizure",1,1,
US-DEBIAHP-2014US11280,"<a target=""_blank""  href=""/xmlpserver/EVVET3 PW NEW/Subject Area Contents/Public Website/Report (PDF)/AER.xdo?_xpf=&_xpt=1&_params%2FOracle%20BI%20EE%3A%3ADefaultApp%3A%3AEVVET3%20PR%20NEW%2FAER%3A%3Adimension%2FAER%20Id%3A%3Aattribute%3A%3Anoaggr%3A%3Axsd%3Adouble=413543&_xt=AER&_xf=pdf""> AER </a>",2014-09-26 00:00:00,Veterinarian,United States,FEMALE,Dog,Poodle - Toy,"Incurin 1 mg - Tablet, Metacam 0.5 mg/ml - Oral suspension (cats, guinea pigs), Metacam 0.5 mg/ml - Oral suspension (dogs)",Seizure NOS,1,1,
US-DEBIAHP-2014US11345,"<a target=""_blank""  href=""/xmlpserver/EVVET3 PW NEW/Subject Area Contents/Public Website/Report (PDF)/AER.xdo?_xpf=&_xpt=1&_params%2FOracle%20BI%20EE%3A%3ADefaultApp%3A%3AEVVET3%20PR%20NEW%2FAER%3A%3Adimension%2FAER%20Id%3A%3Aattribute%3A%3Anoaggr%3A%3Axsd%3Adouble=414466&_xt=AER&_xf=pdf""> AER </a>",2014-10-03 00:00:00,Veterinarian,United States,FEMALE,Dog,Spitz - German Pomeranian,"Metacam 0.5 mg/ml - Oral suspension (cats, guinea pigs), Metacam 0.5 mg/ml - Oral suspension (dogs)","Death, Pulmonary oedema, Tachypnoea",1,1,
US-DEBIAHP-2014US11355,"<a target=""_blank""  href=""/xmlpserver/EVVET3 PW NEW/Subject Area Contents/Public Website/Report (PDF)/AER.xdo?_xpf=&_xpt=1&_params%2FOracle%20BI%20EE%3A%3ADefaultApp%3A%3AEVVET3%20PR%20NEW%2FAER%3A%3Adimension%2FAER%20Id%3A%3Aattribute%3A%3Anoaggr%3A%3Axsd%3Adouble=413434&_xt=AER&_xf=pdf""> AER </a>",2014-09-25 00:00:00,Animal owner,United States,UNKNOWN,Dog,Boxer (German Boxer),"Metacam 0.5 mg/ml - Oral suspension (cats, guinea pigs), Metacam 0.5 mg/ml - Oral suspension (dogs)",Death by euthanasia,1,1,1
US-DEBIAHP-2014US11365,"<a target=""_blank""  href=""/xmlpserver/EVVET3 PW NEW/Subject Area Contents/Public Website/Report (PDF)/AER.xdo?_xpf=&_xpt=1&_params%2FOracle%20BI%20EE%3A%3ADefaultApp%3A%3AEVVET3%20PR%20NEW%2FAER%3A%3Adimension%2FAER%20Id%3A%3Aattribute%3A%3Anoaggr%3A%3Axsd%3Adouble=413495&_xt=AER&_xf=pdf""> AER </a>",2014-09-25 00:00:00,Veterinarian,United States,FEMALE,Dog,Dog (other),"Metacam 5 mg/ml - Solution for injection (cats, dogs), Metacam 5 mg/ml - Solution for injection (cattle, pigs), Metacam 5 mg/ml - Solution for injection (dogs)","Alopecia, Pustules",1,1,
US-DEBIAHP-2014US11366,"<a target=""_blank""  href=""/xmlpserver/EVVET3 PW NEW/Subject Area Contents/Public Website/Report (PDF)/AER.xdo?_xpf=&_xpt=1&_params%2FOracle%20BI%20EE%3A%3ADefaultApp%3A%3AEVVET3%20PR%20NEW%2FAER%3A%3Adimension%2FAER%20Id%3A%3Aattribute%3A%3Anoaggr%3A%3Axsd%3Adouble=413547&_xt=AER&_xf=pdf""> AER </a>",2014-09-26 00:00:00,Animal owner,United States,MALE,Dog,Retriever - Golden,Metacam 1.5 mg/ml - Oral suspension (dogs),Incoordination,1,1,
US-DEBIAHP-2014US11398,"<a target=""_blank""  href=""/xmlpserver/EVVET3 PW NEW/Subject Area Contents/Public Website/Report (PDF)/AER.xdo?_xpf=&_xpt=1&_params%2FOracle%20BI%20EE%3A%3ADefaultApp%3A%3AEVVET3%20PR%20NEW%2FAER%3A%3Adimension%2FAER%20Id%3A%3Aattribute%3A%3Anoaggr%3A%3Axsd%3Adouble=413971&_xt=AER&_xf=pdf""> AER </a>",2014-09-30 00:00:00,Other health care professional,United States,FEMALE,Dog,Retriever - Golden,Metacam 1.5 mg/ml - Oral suspension (dogs),Vomiting,1,1,
US-DEBIAHP-2014US11403,"<a target=""_blank""  href=""/xmlpserver/EVVET3 PW NEW/Subject Area Contents/Public Website/Report (PDF)/AER.xdo?_xpf=&_xpt=1&_params%2FOracle%20BI%20EE%3A%3ADefaultApp%3A%3AEVVET3%20PR%20NEW%2FAER%3A%3Adimension%2FAER%20Id%3A%3Aattribute%3A%3Anoaggr%3A%3Axsd%3Adouble=413850&_xt=AER&_xf=pdf""> AER </a>",2014-09-30 00:00:00,Other health care professional,United States,FEMALE,Dog,Bichon Frise,Metacam 1.5 mg/ml - Oral suspension (dogs),"Lethargy (see also Central nervous system depression in Neurological), Pale mucous membrane, Pruritus, Vomiting",1,1,
US-DEBIAHP-2014US11467,"<a target=""_blank""  href=""/xmlpserver/EVVET3 PW NEW/Subject Area Contents/Public Website/Report (PDF)/AER.xdo?_xpf=&_xpt=1&_params%2FOracle%20BI%20EE%3A%3ADefaultApp%3A%3AEVVET3%20PR%20NEW%2FAER%3A%3Adimension%2FAER%20Id%3A%3Aattribute%3A%3Anoaggr%3A%3Axsd%3Adouble=413965&_xt=AER&_xf=pdf""> AER </a>",2014-10-01 00:00:00,Veterinarian,United States,MALE,Dog,Terrier - Yorkshire,"Metacam 1.5 mg/ml - Oral suspension (dogs), Metacam 5 mg/ml - Solution for injection (cats, dogs), Metacam 5 mg/ml - Solution for injection (cattle, pigs), Metacam 5 mg/ml - Solution for injection (dogs)","General pain (see other SOCs for specific pain), Unexplained death, Vocalisation",1,1,
US-DEBIAHP-2014US11493,"<a target=""_blank""  href=""/xmlpserver/EVVET3 PW NEW/Subject Area Contents/Public Website/Report (PDF)/AER.xdo?_xpf=&_xpt=1&_params%2FOracle%20BI%20EE%3A%3ADefaultApp%3A%3AEVVET3%20PR%20NEW%2FAER%3A%3Adimension%2FAER%20Id%3A%3Aattribute%3A%3Anoaggr%3A%3Axsd%3Adouble=414282&_xt=AER&_xf=pdf""> AER </a>",2014-10-02 00:00:00,Veterinarian,United States,FEMALE,Dog,Collie - Border,Metacam 1.5 mg/ml - Oral suspension (dogs),"Bloody diarrhoea, Diarrhoea, Vomiting",1,1,
US-DEBIAHP-2014US11523,"<a target=""_blank""  href=""/xmlpserver/EVVET3 PW NEW/Subject Area Contents/Public Website/Report (PDF)/AER.xdo?_xpf=&_xpt=1&_params%2FOracle%20BI%20EE%3A%3ADefaultApp%3A%3AEVVET3%20PR%20NEW%2FAER%3A%3Adimension%2FAER%20Id%3A%3Aattribute%3A%3Anoaggr%3A%3Axsd%3Adouble=414278&_xt=AER&_xf=pdf""> AER </a>",2014-10-02 00:00:00,Veterinarian,United States,MALE,Dog,Shepherd Dog - German,"Metacam 5 mg/ml - Solution for injection (cats, dogs), Metacam 5 mg/ml - Solution for injection (cattle, pigs), Metacam 5 mg/ml - Solution for injection (dogs)","Anorexia, Diarrhoea, Lameness, Lethargy (see also Central nervous system depression in Neurological), Localised pain NOS (see other SOCs for specific pain), Polydipsia, Polyuria, Stumbling gait, Vomiting",1,1,
US-DEBIAHP-2014US11559,"<a target=""_blank""  href=""/xmlpserver/EVVET3 PW NEW/Subject Area Contents/Public Website/Report (PDF)/AER.xdo?_xpf=&_xpt=1&_params%2FOracle%20BI%20EE%3A%3ADefaultApp%3A%3AEVVET3%20PR%20NEW%2FAER%3A%3Adimension%2FAER%20Id%3A%3Aattribute%3A%3Anoaggr%3A%3Axsd%3Adouble=414463&_xt=AER&_xf=pdf""> AER </a>",2014-10-03 00:00:00,Veterinarian,United States,UNKNOWN,Dog,Dog (other),Metacam 1.5 mg/ml - Oral suspension (dogs),Duodenal ulcer,1,1,
US-DEBIAHP-2014US11564,"<a target=""_blank""  href=""/xmlpserver/EVVET3 PW NEW/Subject Area Contents/Public Website/Report (PDF)/AER.xdo?_xpf=&_xpt=1&_params%2FOracle%20BI%20EE%3A%3ADefaultApp%3A%3AEVVET3%20PR%20NEW%2FAER%3A%3Adimension%2FAER%20Id%3A%3Aattribute%3A%3Anoaggr%3A%3Axsd%3Adouble=414570&_xt=AER&_xf=pdf""> AER </a>",2014-10-03 00:00:00,Other health care professional,United States,FEMALE,Dog,Terrier - Yorkshire,"BRONCHI-SHIELD, Metacam 1.5 mg/ml - Oral suspension (dogs), VERSICAN PLUS BB IN LYOPHILISAT ET SOLVANT POUR GOUTTES NASALES, SUSPENSION POUR CHIENS, Versican Plus Bb IN, Lyophilisat et solvant pour suspension nasale en gouttes, pour chiens",Vomiting,1,1,
US-DEBIAHP-2014US11727,"<a target=""_blank""  href=""/xmlpserver/EVVET3 PW NEW/Subject Area Contents/Public Website/Report (PDF)/AER.xdo?_xpf=&_xpt=1&_params%2FOracle%20BI%20EE%3A%3ADefaultApp%3A%3AEVVET3%20PR%20NEW%2FAER%3A%3Adimension%2FAER%20Id%3A%3Aattribute%3A%3Anoaggr%3A%3Axsd%3Adouble=418681&_xt=AER&_xf=pdf""> AER </a>",2014-11-04 00:00:00,Other health care professional,United States,MALE,Dog,Doberman Pinscher,Metacam 1.5 mg/ml - Oral suspension (dogs),"Dry skin, Otitis externa, Pruritus, Pustules, Skin lesion NOS, Skin scab",1,1,
US-DEBIAHP-2014US11738,"<a target=""_blank""  href=""/xmlpserver/EVVET3 PW NEW/Subject Area Contents/Public Website/Report (PDF)/AER.xdo?_xpf=&_xpt=1&_params%2FOracle%20BI%20EE%3A%3ADefaultApp%3A%3AEVVET3%20PR%20NEW%2FAER%3A%3Adimension%2FAER%20Id%3A%3Aattribute%3A%3Anoaggr%3A%3Axsd%3Adouble=414731&_xt=AER&_xf=pdf""> AER </a>",2014-10-07 00:00:00,Veterinarian,United States,MALE,Dog,Boxer (German Boxer),"Metacam 5 mg/ml - Solution for injection (cats, dogs), Metacam 5 mg/ml - Solution for injection (cattle, pigs), Metacam 5 mg/ml - Solution for injection (dogs)","Chewing - oral cavity disorder (see also Pruritus), Death by euthanasia, Foaming at the mouth, Hyperthermia, Hypothermia, Paddling",1,1,1
US-DEBIAHP-2014US11797,"<a target=""_blank""  href=""/xmlpserver/EVVET3 PW NEW/Subject Area Contents/Public Website/Report (PDF)/AER.xdo?_xpf=&_xpt=1&_params%2FOracle%20BI%20EE%3A%3ADefaultApp%3A%3AEVVET3%20PR%20NEW%2FAER%3A%3Adimension%2FAER%20Id%3A%3Aattribute%3A%3Anoaggr%3A%3Axsd%3Adouble=414831&_xt=AER&_xf=pdf""> AER </a>",2014-10-07 00:00:00,Veterinarian,United States,FEMALE,Dog,Crossbred Canine/dog,Metacam 1.5 mg/ml - Oral suspension (dogs),"Elevated alanine aminotransferase (ALT), Other abnormal test result NOS",1,1,
US-DEBIAHP-2014US11805,"<a target=""_blank""  href=""/xmlpserver/EVVET3 PW NEW/Subject Area Contents/Public Website/Report (PDF)/AER.xdo?_xpf=&_xpt=1&_params%2FOracle%20BI%20EE%3A%3ADefaultApp%3A%3AEVVET3%20PR%20NEW%2FAER%3A%3Adimension%2FAER%20Id%3A%3Aattribute%3A%3Anoaggr%3A%3Axsd%3Adouble=415094&_xt=AER&_xf=pdf""> AER </a>",2014-10-08 00:00:00,Veterinarian,United States,FEMALE,Dog,Poodle - Standard,"Metacam 0.5 mg/ml - Oral suspension (cats, guinea pigs), Metacam 0.5 mg/ml - Oral suspension (dogs)",Anorexia,1,1,
US-DEBIAHP-2014US11848,"<a target=""_blank""  href=""/xmlpserver/EVVET3 PW NEW/Subject Area Contents/Public Website/Report (PDF)/AER.xdo?_xpf=&_xpt=1&_params%2FOracle%20BI%20EE%3A%3ADefaultApp%3A%3AEVVET3%20PR%20NEW%2FAER%3A%3Adimension%2FAER%20Id%3A%3Aattribute%3A%3Anoaggr%3A%3Axsd%3Adouble=415098&_xt=AER&_xf=pdf""> AER </a>",2014-10-08 00:00:00,Other health care professional,United States,FEMALE,Dog,Retriever - Labrador,Metacam 1.5 mg/ml - Oral suspension (dogs),"Erythematous rash, Pinnal oedema",1,1,
US-DEBIAHP-2014US11862,"<a target=""_blank""  href=""/xmlpserver/EVVET3 PW NEW/Subject Area Contents/Public Website/Report (PDF)/AER.xdo?_xpf=&_xpt=1&_params%2FOracle%20BI%20EE%3A%3ADefaultApp%3A%3AEVVET3%20PR%20NEW%2FAER%3A%3Adimension%2FAER%20Id%3A%3Aattribute%3A%3Anoaggr%3A%3Axsd%3Adouble=415103&_xt=AER&_xf=pdf""> AER </a>",2014-10-08 00:00:00,Veterinarian,United States,FEMALE,Dog,Beagle,Metacam 1.5 mg/ml - Oral suspension (dogs),"Acute renal failure, Anorexia, Decreased urine concentration, Elevated blood urea nitrogen (BUN), Elevated creatinine, Emesis, Hyperphosphataemia",1,1,
US-DEBIAHP-2014US11918,"<a target=""_blank""  href=""/xmlpserver/EVVET3 PW NEW/Subject Area Contents/Public Website/Report (PDF)/AER.xdo?_xpf=&_xpt=1&_params%2FOracle%20BI%20EE%3A%3ADefaultApp%3A%3AEVVET3%20PR%20NEW%2FAER%3A%3Adimension%2FAER%20Id%3A%3Aattribute%3A%3Anoaggr%3A%3Axsd%3Adouble=415490&_xt=AER&_xf=pdf""> AER </a>",2014-10-10 00:00:00,Veterinarian,United States,FEMALE,Dog,Shih Tzu,"Metacam 0.5 mg/ml - Oral suspension (cats, guinea pigs), Metacam 0.5 mg/ml - Oral suspension (dogs)","Elevated liver enzymes NOS, Emesis",1,1,
US-DEBIAHP-2014US11930,"<a target=""_blank""  href=""/xmlpserver/EVVET3 PW NEW/Subject Area Contents/Public Website/Report (PDF)/AER.xdo?_xpf=&_xpt=1&_params%2FOracle%20BI%20EE%3A%3ADefaultApp%3A%3AEVVET3%20PR%20NEW%2FAER%3A%3Adimension%2FAER%20Id%3A%3Aattribute%3A%3Anoaggr%3A%3Axsd%3Adouble=415051&_xt=AER&_xf=pdf""> AER </a>",2014-10-09 00:00:00,Animal owner,United States,FEMALE,Dog,Pug,"ADEQUAN IM 500 MG/5 ML SOLUTION FOR INJECTION, Adequan, Adequan 100 mg/ml Solution for Injection, Adequan 250 mg/ml Solution for Injection, Metacam 1.5 mg/ml - Oral suspension (dogs)","Constipation, Involuntary defecation",1,1,
US-DEBIAHP-2014US11953,"<a target=""_blank""  href=""/xmlpserver/EVVET3 PW NEW/Subject Area Contents/Public Website/Report (PDF)/AER.xdo?_xpf=&_xpt=1&_params%2FOracle%20BI%20EE%3A%3ADefaultApp%3A%3AEVVET3%20PR%20NEW%2FAER%3A%3Adimension%2FAER%20Id%3A%3Aattribute%3A%3Anoaggr%3A%3Axsd%3Adouble=415003&_xt=AER&_xf=pdf""> AER </a>",2014-10-08 00:00:00,Veterinarian,United States,FEMALE,Dog,Poodle - Miniature,"Convenia 80 mg/ml  - Powder and solvent for solution for injection, Metacam 0.5 mg/ml - Oral suspension (cats, guinea pigs), Metacam 0.5 mg/ml - Oral suspension (dogs), Metacam 5 mg/ml - Solution for injection (cats, dogs), Metacam 5 mg/ml - Solution for injection (cattle, pigs), Metacam 5 mg/ml - Solution for injection (dogs), Tramadog 50 mg tablet for dogs, Vetmedin 5 mg Kautabletten für Hunde",Unexplained death,1,1,1
US-DEBIAHP-2014US11973,"<a target=""_blank""  href=""/xmlpserver/EVVET3 PW NEW/Subject Area Contents/Public Website/Report (PDF)/AER.xdo?_xpf=&_xpt=1&_params%2FOracle%20BI%20EE%3A%3ADefaultApp%3A%3AEVVET3%20PR%20NEW%2FAER%3A%3Adimension%2FAER%20Id%3A%3Aattribute%3A%3Anoaggr%3A%3Axsd%3Adouble=424269&_xt=AER&_xf=pdf""> AER </a>",2014-12-15 00:00:00,Other health care professional,United States,FEMALE,Dog,Dog (other),"Metacam 0.5 mg/ml - Oral suspension (cats, guinea pigs), Metacam 0.5 mg/ml - Oral suspension (dogs)","Bloody diarrhoea, Colitis, Diarrhoea, Fever",1,1,
US-DEBIAHP-2014US12018,"<a target=""_blank""  href=""/xmlpserver/EVVET3 PW NEW/Subject Area Contents/Public Website/Report (PDF)/AER.xdo?_xpf=&_xpt=1&_params%2FOracle%20BI%20EE%3A%3ADefaultApp%3A%3AEVVET3%20PR%20NEW%2FAER%3A%3Adimension%2FAER%20Id%3A%3Aattribute%3A%3Anoaggr%3A%3Axsd%3Adouble=415731&_xt=AER&_xf=pdf""> AER </a>",2014-10-14 00:00:00,Veterinarian,United States,MALE,Dog,Retriever - Labrador,Metacam 1.5 mg/ml - Oral suspension (dogs),"Bloody diarrhoea, Elevated aspartate aminotransferase (AST), Elevated cholesterol (total), Elevated serum alkaline phosphatase (ALP), Hyperphosphataemia, Hyperthermia, Lack of efficacy - NOS, Lethargy (see also Central nervous system depression in Neurological), Low platelet count, Other abnormal test result NOS, Vomiting",1,1,
US-DEBIAHP-2014US12079,"<a target=""_blank""  href=""/xmlpserver/EVVET3 PW NEW/Subject Area Contents/Public Website/Report (PDF)/AER.xdo?_xpf=&_xpt=1&_params%2FOracle%20BI%20EE%3A%3ADefaultApp%3A%3AEVVET3%20PR%20NEW%2FAER%3A%3Adimension%2FAER%20Id%3A%3Aattribute%3A%3Anoaggr%3A%3Axsd%3Adouble=415551&_xt=AER&_xf=pdf""> AER </a>",2014-10-15 00:00:00,Veterinarian,United States,MALE,Dog,Retriever - Golden,"Metacam 5 mg/ml - Solution for injection (cats, dogs), Metacam 5 mg/ml - Solution for injection (cattle, pigs), Metacam 5 mg/ml - Solution for injection (dogs)","Ataxia, Haemoconcentration, Hyperalbuminaemia, Hypotension, Lateral recumbency, Tachypnoea, Tarry or black stool (see also haemorrhagic diarrhoea), Vomiting, Weakness",1,1,
US-DEBIAHP-2014US12088,"<a target=""_blank""  href=""/xmlpserver/EVVET3 PW NEW/Subject Area Contents/Public Website/Report (PDF)/AER.xdo?_xpf=&_xpt=1&_params%2FOracle%20BI%20EE%3A%3ADefaultApp%3A%3AEVVET3%20PR%20NEW%2FAER%3A%3Adimension%2FAER%20Id%3A%3Aattribute%3A%3Anoaggr%3A%3Axsd%3Adouble=415886&_xt=AER&_xf=pdf""> AER </a>",2014-10-15 00:00:00,Veterinarian,United States,FEMALE,Dog,Maltese,"Metacam 0.5 mg/ml - Oral suspension (cats, guinea pigs), Metacam 0.5 mg/ml - Oral suspension (dogs)","Breathing difficulty, Reverse sneezing",1,1,
US-DEBIAHP-2014US12105,"<a target=""_blank""  href=""/xmlpserver/EVVET3 PW NEW/Subject Area Contents/Public Website/Report (PDF)/AER.xdo?_xpf=&_xpt=1&_params%2FOracle%20BI%20EE%3A%3ADefaultApp%3A%3AEVVET3%20PR%20NEW%2FAER%3A%3Adimension%2FAER%20Id%3A%3Aattribute%3A%3Anoaggr%3A%3Axsd%3Adouble=415887&_xt=AER&_xf=pdf""> AER </a>",2014-10-15 00:00:00,Animal owner,United States,MALE,Dog,Dog (other),"Metacam 0.5 mg/ml - Oral suspension (cats, guinea pigs), Metacam 0.5 mg/ml - Oral suspension (dogs)",Vomiting,1,1,
US-DEBIAHP-2014US12175,"<a target=""_blank""  href=""/xmlpserver/EVVET3 PW NEW/Subject Area Contents/Public Website/Report (PDF)/AER.xdo?_xpf=&_xpt=1&_params%2FOracle%20BI%20EE%3A%3ADefaultApp%3A%3AEVVET3%20PR%20NEW%2FAER%3A%3Adimension%2FAER%20Id%3A%3Aattribute%3A%3Anoaggr%3A%3Axsd%3Adouble=416015&_xt=AER&_xf=pdf""> AER </a>",2014-10-16 00:00:00,Animal owner,United States,FEMALE,Dog,Chihuahua,"Metacam 0.5 mg/ml - Oral suspension (cats, guinea pigs), Metacam 0.5 mg/ml - Oral suspension (dogs)","Anorexia, Pruritus, Vomiting",1,1,
US-DEBIAHP-2014US12213,"<a target=""_blank""  href=""/xmlpserver/EVVET3 PW NEW/Subject Area Contents/Public Website/Report (PDF)/AER.xdo?_xpf=&_xpt=1&_params%2FOracle%20BI%20EE%3A%3ADefaultApp%3A%3AEVVET3%20PR%20NEW%2FAER%3A%3Adimension%2FAER%20Id%3A%3Aattribute%3A%3Anoaggr%3A%3Axsd%3Adouble=416016&_xt=AER&_xf=pdf""> AER </a>",2014-10-16 00:00:00,Animal owner,United States,FEMALE,Dog,Retriever - Labrador,Metacam 1.5 mg/ml - Oral suspension (dogs),"Anaemia NOS, Death by euthanasia, Jaundice",1,1,1
US-DEBIAHP-2014US12312,"<a target=""_blank""  href=""/xmlpserver/EVVET3 PW NEW/Subject Area Contents/Public Website/Report (PDF)/AER.xdo?_xpf=&_xpt=1&_params%2FOracle%20BI%20EE%3A%3ADefaultApp%3A%3AEVVET3%20PR%20NEW%2FAER%3A%3Adimension%2FAER%20Id%3A%3Aattribute%3A%3Anoaggr%3A%3Axsd%3Adouble=416018&_xt=AER&_xf=pdf""> AER </a>",2014-10-16 00:00:00,Veterinarian,United States,FEMALE,Dog,Chihuahua,"Convenia 80 mg/ml  - Powder and solvent for solution for injection, Metacam 0.5 mg/ml - Oral suspension (cats, guinea pigs), Metacam 0.5 mg/ml - Oral suspension (dogs), RIMADYL 100 mg COMPRIMIDOS MASTICABLES PARA PERROS, RIMADYL 100 mg comprimate pentru câini, RIMADYL 100 mg, kramtomosios tabletės šunims, RIMADYL 100MG/TAB ΜΑΣΩΜΕΝΟ ΔΙΣΚΙΟ, RIMADYL 20 mg COMPRIMIDOS MASTICABLES PARA PERROS, RIMADYL 20 mg, kramtomosios tabletės šunims, RIMADYL 20MG/TAB ΜΑΣΩΜΕΝΟ ΔΙΣΚΙΟ, RIMADYL 50 mg COMPRIMIDOS MASTICABLES PARA PERROS, RIMADYL 50 mg comprimate pentru câini, RIMADYL 50 mg, kramtomosios tabletės šunims, RIMADYL 50MG/TAB ΜΑΣΩΜΕΝΟ ΔΙΣΚΙΟ, RIMADYL 50mg/ml ενέσιμο διάλυμα για σκύλους και γάτες, RIMADYL CATTLE 50 mg/ml, injekcinis tirpalas galvijams, RIMADYL Cattle 50 mg/ml Solution for Injection, RIMADYL INJECTABLE SOLUTION INJECTABLE POUR CHATS ET CHIENS, RIMADYL Injection 50mg/ml Διαυγές αποστειρωμένο ενέσιμο διάλυμα για σκύλους και γάτες, RIMADYL SMAKELIJKE TABLETTEN 100 mg voor honden, RIMADYL SMAKELIJKE TABLETTEN 50 mg voor honden, RIMADYL VET 50 mg/ml injektioneste, liuos, RIMADYL vet 100 mg purutabletti, RIMADYL vet 20 mg purutabletti, RIMADYL vet 50 mg purutabletti, Rimadyl 100 mg - Kautabletten für Hunde, Rimadyl 100 mg Comprimés Appétents 100 mg Tablet, Rimadyl 100 mg Kautablette für Hunde, Rimadyl 100 mg comprimidos mastigáveis para cães, Rimadyl 100 mg comprimés appétents, 100 mg, comprimés pour chiens, Rimadyl 100 mg okusne, žvečljive tablete za pse, Rimadyl 100 mg tabletes suņiem, Rimadyl 100 mg ízesített tabletta A.U.V., Rimadyl 20 mg - Kautabletten für Hunde, Rimadyl 20 mg Comprimés Appétents 20 mg Comprimé, Rimadyl 20 mg Comprimés Appétents 20 mg Tablet, Rimadyl 20 mg Kautablette für Hunde, Rimadyl 20 mg okusne, žvečljive tablete za pse, Rimadyl 20 mg ízesített tabletta A.U.V., Rimadyl 20 mg таблетки за кучета/Rimadyl 50 mg таблетки за кучета/Rimadyl 100 mg таблетки за кучета, Rimadyl 50 mg - Kautabletten für Hunde, Rimadyl 50 mg Comprimés Appétents 50 mg Tablet, Rimadyl 50 mg Kautablette für Hunde, Rimadyl 50 mg comprimidos mastigáveis para cães, Rimadyl 50 mg comprimés appétents, 50 mg, comprimés pour chiens, Rimadyl 50 mg košļājamās tabletes suņiem, Rimadyl 50 mg okusne, žvečljive tablete za pse, Rimadyl 50 mg ízesített tabletta A.U.V., Rimadyl 50 mg/ml - Injektionslösung für Hunde und Katzen, Rimadyl 50 mg/ml injekčný roztok, Rimadyl 50mg/ml Injektionslösung für Hunde und Katzen, Rimadyl Cattle, 50 mg/mL, otopina za injekciju, za goveda, Rimadyl Iniettabile 50 mg/ml, soluzione iniettabile per cane e gatto., Rimadyl Palatable 100 mg tablety pre psy, Rimadyl Palatable 20 mg tablety pre psy, Rimadyl Palatable 50 mg tablety pre psy, Rimadyl Palatable Tablets 100, Rimadyl Palatable Tablets 100 mg, Rimadyl Palatable Tablets 100 mg tabletes suņiem, Rimadyl Palatable Tablets 20 mg, Rimadyl Palatable Tablets 20 mg tabletes suņiem, Rimadyl Palatable Tablets 50, Rimadyl Palatable Tablets 50 mg, Rimadyl Palatable Tablets 50 mg tabletes suņiem, Rimadyl Palatable Tablets da 100 mg per cani, Rimadyl Palatable Tablets da 20 mg per cani, Rimadyl Palatable Tablets da 50 mg per cani, Rimadyl Palatable, 100mg, Žvýkací tableta, Rimadyl Palatable, 20mg, Žvýkací tableta, Rimadyl Palatable, 50mg, Žvýkací tableta, Rimadyl Solution for Injection for dogs and cats 50 mg/ml, Rimadyl Vet. 100 mg tyggetabletter, Rimadyl Vet. 20 mg tyggetabletter, Rimadyl Vet. 50 mg tyggetabletter, Rimadyl cattle 50 mg/ml oplossing voor injectie, Rimadyl injectievloeistof, 50 mg/ml voor honden en katten, Rimadyl smakelijke tabletten 100 mg voor honden, Rimadyl smakelijke tabletten 20 mg voor honden, Rimadyl smakelijke tabletten 50 mg voor honden, Rimadyl vet. 100 mg Tuggtablett, Rimadyl vet. 100 mg tyggetabletter, Rimadyl vet. 20 mg Tuggtablett, Rimadyl vet. 20 mg tyggetabletter, Rimadyl vet. 50 mg Tuggtablett, Rimadyl vet. 50 mg tyggetabletter, Rimadyl vet., 100 mg, Tuggtablett, Rimadyl Μασώμενο Δισκίο 100mg για σκύλους, Rimadyl Μασώμενο Δισκίο 20mg για σκύλου","Diarrhoea, Weight loss",1,1,
US-DEBIAHP-2014US12332,"<a target=""_blank""  href=""/xmlpserver/EVVET3 PW NEW/Subject Area Contents/Public Website/Report (PDF)/AER.xdo?_xpf=&_xpt=1&_params%2FOracle%20BI%20EE%3A%3ADefaultApp%3A%3AEVVET3%20PR%20NEW%2FAER%3A%3Adimension%2FAER%20Id%3A%3Aattribute%3A%3Anoaggr%3A%3Axsd%3Adouble=420254&_xt=AER&_xf=pdf""> AER </a>",2014-11-13 00:00:00,Other health care professional,United States,MALE,Dog,Boxer (German Boxer),"Cerenia 10 mg/ml  - Solution for injection, Cerenia 16 mg  - Tablet, Cerenia 160 mg  - Tablet, Cerenia 24 mg  - Tablet, Cerenia 60 mg - Tablet, Metacam 5 mg/ml - Solution for injection (cats, dogs), Metacam 5 mg/ml - Solution for injection (cattle, pigs), Metacam 5 mg/ml - Solution for injection (dogs)","Injection site hair loss, Injection site pruritus, Injection site pyoderma, Injection site swelling, Piloerection",1,1,
US-DEBIAHP-2014US12357,"<a target=""_blank""  href=""/xmlpserver/EVVET3 PW NEW/Subject Area Contents/Public Website/Report (PDF)/AER.xdo?_xpf=&_xpt=1&_params%2FOracle%20BI%20EE%3A%3ADefaultApp%3A%3AEVVET3%20PR%20NEW%2FAER%3A%3Adimension%2FAER%20Id%3A%3Aattribute%3A%3Anoaggr%3A%3Axsd%3Adouble=420654&_xt=AER&_xf=pdf""> AER </a>",2014-11-17 00:00:00,Other health care professional,United States,MALE,Dog,Crossbred Canine/dog,"Metacam 5 mg/ml - Solution for injection (cats, dogs), Metacam 5 mg/ml - Solution for injection (cattle, pigs), Metacam 5 mg/ml - Solution for injection (dogs)","Injection site skin change NOS, Piloerection",1,1,
US-DEBIAHP-2014US12358,"<a target=""_blank""  href=""/xmlpserver/EVVET3 PW NEW/Subject Area Contents/Public Website/Report (PDF)/AER.xdo?_xpf=&_xpt=1&_params%2FOracle%20BI%20EE%3A%3ADefaultApp%3A%3AEVVET3%20PR%20NEW%2FAER%3A%3Adimension%2FAER%20Id%3A%3Aattribute%3A%3Anoaggr%3A%3Axsd%3Adouble=420681&_xt=AER&_xf=pdf""> AER </a>",2014-11-17 00:00:00,Other health care professional,United States,FEMALE,Dog,Dog (other),"Metacam 5 mg/ml - Solution for injection (cats, dogs), Metacam 5 mg/ml - Solution for injection (cattle, pigs), Metacam 5 mg/ml - Solution for injection (dogs)","Injection site abscess, Injection site hair loss",1,1,
US-DEBIAHP-2014US12359,"<a target=""_blank""  href=""/xmlpserver/EVVET3 PW NEW/Subject Area Contents/Public Website/Report (PDF)/AER.xdo?_xpf=&_xpt=1&_params%2FOracle%20BI%20EE%3A%3ADefaultApp%3A%3AEVVET3%20PR%20NEW%2FAER%3A%3Adimension%2FAER%20Id%3A%3Aattribute%3A%3Anoaggr%3A%3Axsd%3Adouble=420685&_xt=AER&_xf=pdf""> AER </a>",2014-11-17 00:00:00,Other health care professional,United States,FEMALE,Dog,Boxer (German Boxer),"Metacam 5 mg/ml - Solution for injection (cats, dogs), Metacam 5 mg/ml - Solution for injection (cattle, pigs), Metacam 5 mg/ml - Solution for injection (dogs)","Dermal thickening, Injection site abscess, Injection site swelling, Local swelling (not application site)",1,1,
US-DEBIAHP-2014US12424,"<a target=""_blank""  href=""/xmlpserver/EVVET3 PW NEW/Subject Area Contents/Public Website/Report (PDF)/AER.xdo?_xpf=&_xpt=1&_params%2FOracle%20BI%20EE%3A%3ADefaultApp%3A%3AEVVET3%20PR%20NEW%2FAER%3A%3Adimension%2FAER%20Id%3A%3Aattribute%3A%3Anoaggr%3A%3Axsd%3Adouble=416525&_xt=AER&_xf=pdf""> AER </a>",2014-10-20 00:00:00,Veterinarian,United States,FEMALE,Dog,Dog (other),Metacam 1.5 mg/ml - Oral suspension (dogs),"Elevated alanine aminotransferase (ALT), Gastric ulceration NOS, Haematemesis, Lymphopenia, Other abnormal test result NOS, Vomiting",1,1,
US-DEBIAHP-2014US12595,"<a target=""_blank""  href=""/xmlpserver/EVVET3 PW NEW/Subject Area Contents/Public Website/Report (PDF)/AER.xdo?_xpf=&_xpt=1&_params%2FOracle%20BI%20EE%3A%3ADefaultApp%3A%3AEVVET3%20PR%20NEW%2FAER%3A%3Adimension%2FAER%20Id%3A%3Aattribute%3A%3Anoaggr%3A%3Axsd%3Adouble=419719&_xt=AER&_xf=pdf""> AER </a>",2014-11-10 00:00:00,Veterinarian,United States,MALE,Dog,Chihuahua,"Metacam 0.5 mg/ml - Oral suspension (cats, guinea pigs), Metacam 0.5 mg/ml - Oral suspension (dogs)",Elevated alanine aminotransferase (ALT),1,1,
US-DEBIAHP-2014US12716,"<a target=""_blank""  href=""/xmlpserver/EVVET3 PW NEW/Subject Area Contents/Public Website/Report (PDF)/AER.xdo?_xpf=&_xpt=1&_params%2FOracle%20BI%20EE%3A%3ADefaultApp%3A%3AEVVET3%20PR%20NEW%2FAER%3A%3Adimension%2FAER%20Id%3A%3Aattribute%3A%3Anoaggr%3A%3Axsd%3Adouble=417851&_xt=AER&_xf=pdf""> AER </a>",2014-10-29 00:00:00,Veterinarian,United States,FEMALE,Dog,Terrier - Yorkshire,"Metacam 5 mg/ml - Solution for injection (cats, dogs), Metacam 5 mg/ml - Solution for injection (cattle, pigs), Metacam 5 mg/ml - Solution for injection (dogs)","Excoriation, Injection site alopecia, Injection site erythema, Leukocytosis NOS, Neutrophilia",1,1,
US-DEBIAHP-2014US12791,"<a target=""_blank""  href=""/xmlpserver/EVVET3 PW NEW/Subject Area Contents/Public Website/Report (PDF)/AER.xdo?_xpf=&_xpt=1&_params%2FOracle%20BI%20EE%3A%3ADefaultApp%3A%3AEVVET3%20PR%20NEW%2FAER%3A%3Adimension%2FAER%20Id%3A%3Aattribute%3A%3Anoaggr%3A%3Axsd%3Adouble=417862&_xt=AER&_xf=pdf""> AER </a>",2014-10-29 00:00:00,Other health care professional,United States,FEMALE,Dog,Pinscher - Miniature,Metacam 1.5 mg/ml - Oral suspension (dogs),Vomiting,1,1,
US-DEBIAHP-2014US12792,"<a target=""_blank""  href=""/xmlpserver/EVVET3 PW NEW/Subject Area Contents/Public Website/Report (PDF)/AER.xdo?_xpf=&_xpt=1&_params%2FOracle%20BI%20EE%3A%3ADefaultApp%3A%3AEVVET3%20PR%20NEW%2FAER%3A%3Adimension%2FAER%20Id%3A%3Aattribute%3A%3Anoaggr%3A%3Axsd%3Adouble=422531&_xt=AER&_xf=pdf""> AER </a>",2014-12-01 00:00:00,Other health care professional,United States,FEMALE,Dog,Bulldog,Metacam 1.5 mg/ml - Oral suspension (dogs),"Anorexia, Lethargy (see also Central nervous system depression in Neurological)",1,1,
US-DEBIAHP-2014US12806,"<a target=""_blank""  href=""/xmlpserver/EVVET3 PW NEW/Subject Area Contents/Public Website/Report (PDF)/AER.xdo?_xpf=&_xpt=1&_params%2FOracle%20BI%20EE%3A%3ADefaultApp%3A%3AEVVET3%20PR%20NEW%2FAER%3A%3Adimension%2FAER%20Id%3A%3Aattribute%3A%3Anoaggr%3A%3Axsd%3Adouble=418185&_xt=AER&_xf=pdf""> AER </a>",2014-10-30 00:00:00,Veterinarian,United States,MALE,Dog,Maltese,Metacam 1.5 mg/ml - Oral suspension (dogs),Hair coat discolouration,1,1,
US-DEBIAHP-2014US12896,"<a target=""_blank""  href=""/xmlpserver/EVVET3 PW NEW/Subject Area Contents/Public Website/Report (PDF)/AER.xdo?_xpf=&_xpt=1&_params%2FOracle%20BI%20EE%3A%3ADefaultApp%3A%3AEVVET3%20PR%20NEW%2FAER%3A%3Adimension%2FAER%20Id%3A%3Aattribute%3A%3Anoaggr%3A%3Axsd%3Adouble=418330&_xt=AER&_xf=pdf""> AER </a>",2014-10-31 00:00:00,Veterinarian,United States,MALE,Dog,Spitz - German Pomeranian,"Cerenia 10 mg/ml  - Solution for injection, Cerenia 16 mg  - Tablet, Cerenia 160 mg  - Tablet, Cerenia 24 mg  - Tablet, Cerenia 60 mg - Tablet, Metacam 5 mg/ml - Solution for injection (cats, dogs), Metacam 5 mg/ml - Solution for injection (cattle, pigs), Metacam 5 mg/ml - Solution for injection (dogs)","Death, Pneumonia, Respiratory arrest, Vomiting",1,1,1
US-DEBIAHP-2014US12931,"<a target=""_blank""  href=""/xmlpserver/EVVET3 PW NEW/Subject Area Contents/Public Website/Report (PDF)/AER.xdo?_xpf=&_xpt=1&_params%2FOracle%20BI%20EE%3A%3ADefaultApp%3A%3AEVVET3%20PR%20NEW%2FAER%3A%3Adimension%2FAER%20Id%3A%3Aattribute%3A%3Anoaggr%3A%3Axsd%3Adouble=418332&_xt=AER&_xf=pdf""> AER </a>",2014-10-31 00:00:00,Other health care professional,United States,FEMALE,Dog,Sheepdog - Shetland,"Metacam 0.5 mg/ml - Oral suspension (cats, guinea pigs), Metacam 0.5 mg/ml - Oral suspension (dogs)",Vomiting,1,1,
US-DEBIAHP-2014US12950,"<a target=""_blank""  href=""/xmlpserver/EVVET3 PW NEW/Subject Area Contents/Public Website/Report (PDF)/AER.xdo?_xpf=&_xpt=1&_params%2FOracle%20BI%20EE%3A%3ADefaultApp%3A%3AEVVET3%20PR%20NEW%2FAER%3A%3Adimension%2FAER%20Id%3A%3Aattribute%3A%3Anoaggr%3A%3Axsd%3Adouble=418322&_xt=AER&_xf=pdf""> AER </a>",2014-10-31 00:00:00,Other health care professional,United States,MALE,Dog,Dog (other),Metacam 1.5 mg/ml - Oral suspension (dogs),"Death by euthanasia, Diarrhoea, Dyspnoea",1,1,1
US-DEBIAHP-2014US12953,"<a target=""_blank""  href=""/xmlpserver/EVVET3 PW NEW/Subject Area Contents/Public Website/Report (PDF)/AER.xdo?_xpf=&_xpt=1&_params%2FOracle%20BI%20EE%3A%3ADefaultApp%3A%3AEVVET3%20PR%20NEW%2FAER%3A%3Adimension%2FAER%20Id%3A%3Aattribute%3A%3Anoaggr%3A%3Axsd%3Adouble=418331&_xt=AER&_xf=pdf""> AER </a>",2014-10-31 00:00:00,Veterinarian,United States,FEMALE,Dog,Retriever - Golden,Metacam 1.5 mg/ml - Oral suspension (dogs),"Behavioural disorder NOS, Hyperactivity, Pacing",1,1,
US-DEBIAHP-2014US12986,"<a target=""_blank""  href=""/xmlpserver/EVVET3 PW NEW/Subject Area Contents/Public Website/Report (PDF)/AER.xdo?_xpf=&_xpt=1&_params%2FOracle%20BI%20EE%3A%3ADefaultApp%3A%3AEVVET3%20PR%20NEW%2FAER%3A%3Adimension%2FAER%20Id%3A%3Aattribute%3A%3Anoaggr%3A%3Axsd%3Adouble=422532&_xt=AER&_xf=pdf""> AER </a>",2014-12-01 00:00:00,Animal owner,United States,MALE,Dog,Dog (other),Metacam 1.5 mg/ml - Oral suspension (dogs),"Disorientation, Hypertension, Impaired vision",1,1,
US-DEBIAHP-2014US12991,"<a target=""_blank""  href=""/xmlpserver/EVVET3 PW NEW/Subject Area Contents/Public Website/Report (PDF)/AER.xdo?_xpf=&_xpt=1&_params%2FOracle%20BI%20EE%3A%3ADefaultApp%3A%3AEVVET3%20PR%20NEW%2FAER%3A%3Adimension%2FAER%20Id%3A%3Aattribute%3A%3Anoaggr%3A%3Axsd%3Adouble=422534&_xt=AER&_xf=pdf""> AER </a>",2014-12-01 00:00:00,Other health care professional,United States,FEMALE,Dog,Crossbred Canine/dog,Metacam 1.5 mg/ml - Oral suspension (dogs),Lack of efficacy - NOS,1,1,
US-DEBIAHP-2014US13043,"<a target=""_blank""  href=""/xmlpserver/EVVET3 PW NEW/Subject Area Contents/Public Website/Report (PDF)/AER.xdo?_xpf=&_xpt=1&_params%2FOracle%20BI%20EE%3A%3ADefaultApp%3A%3AEVVET3%20PR%20NEW%2FAER%3A%3Adimension%2FAER%20Id%3A%3Aattribute%3A%3Anoaggr%3A%3Axsd%3Adouble=418985&_xt=AER&_xf=pdf""> AER </a>",2014-11-05 00:00:00,Animal owner,United States,FEMALE,Dog,Bulldog,Metacam 1.5 mg/ml - Oral suspension (dogs),"Blood in urine, Elevated blood urea nitrogen (BUN), Elevated creatinine, Head tremor, Hyperphosphataemia, Leukocytosis NOS, Urine abnormalities NOS, Vomiting",1,1,
US-DEBIAHP-2014US13108,"<a target=""_blank""  href=""/xmlpserver/EVVET3 PW NEW/Subject Area Contents/Public Website/Report (PDF)/AER.xdo?_xpf=&_xpt=1&_params%2FOracle%20BI%20EE%3A%3ADefaultApp%3A%3AEVVET3%20PR%20NEW%2FAER%3A%3Adimension%2FAER%20Id%3A%3Aattribute%3A%3Anoaggr%3A%3Axsd%3Adouble=416658&_xt=AER&_xf=pdf""> AER </a>",2014-10-22 00:00:00,Veterinarian,United States,MALE,Dog,Spaniel - King Charles Cavalier,Metacam 1.5 mg/ml - Oral suspension (dogs),Dyspnoea,1,1,
US-DEBIAHP-2014US13354,"<a target=""_blank""  href=""/xmlpserver/EVVET3 PW NEW/Subject Area Contents/Public Website/Report (PDF)/AER.xdo?_xpf=&_xpt=1&_params%2FOracle%20BI%20EE%3A%3ADefaultApp%3A%3AEVVET3%20PR%20NEW%2FAER%3A%3Adimension%2FAER%20Id%3A%3Aattribute%3A%3Anoaggr%3A%3Axsd%3Adouble=419972&_xt=AER&_xf=pdf""> AER </a>",2014-11-11 00:00:00,Animal owner,United States,MALE,Dog,Chihuahua,Metacam 1.5 mg/ml - Oral suspension (dogs),"Seizure NOS, Unexplained death",1,1,1
US-DEBIAHP-2014US13367,"<a target=""_blank""  href=""/xmlpserver/EVVET3 PW NEW/Subject Area Contents/Public Website/Report (PDF)/AER.xdo?_xpf=&_xpt=1&_params%2FOracle%20BI%20EE%3A%3ADefaultApp%3A%3AEVVET3%20PR%20NEW%2FAER%3A%3Adimension%2FAER%20Id%3A%3Aattribute%3A%3Anoaggr%3A%3Axsd%3Adouble=424016&_xt=AER&_xf=pdf""> AER </a>",2014-12-12 00:00:00,Veterinarian,United States,MALE,Dog,Retriever - Labrador,Metacam 1.5 mg/ml - Oral suspension (dogs),"Bloody diarrhoea, Death, Decreased appetite, Elevated blood urea nitrogen (BUN), Elevated creatinine, Elevated gamma-glutamyl transferase (GGT), Haematemesis, Hyperphosphataemia, Proteinuria, Seizure NOS, Tenesmus, Vomiting",1,1,1
US-DEBIAHP-2014US13407,"<a target=""_blank""  href=""/xmlpserver/EVVET3 PW NEW/Subject Area Contents/Public Website/Report (PDF)/AER.xdo?_xpf=&_xpt=1&_params%2FOracle%20BI%20EE%3A%3ADefaultApp%3A%3AEVVET3%20PR%20NEW%2FAER%3A%3Adimension%2FAER%20Id%3A%3Aattribute%3A%3Anoaggr%3A%3Axsd%3Adouble=419744&_xt=AER&_xf=pdf""> AER </a>",2014-11-10 00:00:00,Animal owner,United States,UNKNOWN,Dog,Dog (other),"Metacam 0.5 mg/ml - Oral suspension (cats, guinea pigs), Metacam 0.5 mg/ml - Oral suspension (dogs)","Abnormal posture NOS, Polydipsia, Unable to stand",1,1,
US-DEBIAHP-2014US13411,"<a target=""_blank""  href=""/xmlpserver/EVVET3 PW NEW/Subject Area Contents/Public Website/Report (PDF)/AER.xdo?_xpf=&_xpt=1&_params%2FOracle%20BI%20EE%3A%3ADefaultApp%3A%3AEVVET3%20PR%20NEW%2FAER%3A%3Adimension%2FAER%20Id%3A%3Aattribute%3A%3Anoaggr%3A%3Axsd%3Adouble=420265&_xt=AER&_xf=pdf""> AER </a>",2014-11-13 00:00:00,Veterinarian,United States,MALE,Dog,Shih Tzu,"Metacam 0.5 mg/ml - Oral suspension (cats, guinea pigs), Metacam 0.5 mg/ml - Oral suspension (dogs)","Anorexia, Elevated alanine aminotransferase (ALT), Elevated aspartate aminotransferase (AST), Elevated cholesterol (total), Elevated gamma-glutamyl transferase (GGT), Elevated serum alkaline phosphatase (ALP), Elevated total bilirubin, Lethargy (see also Central nervous system depression in Neurological), Vomiting, Weight loss",1,1,
US-DEBIAHP-2014US13480,"<a target=""_blank""  href=""/xmlpserver/EVVET3 PW NEW/Subject Area Contents/Public Website/Report (PDF)/AER.xdo?_xpf=&_xpt=1&_params%2FOracle%20BI%20EE%3A%3ADefaultApp%3A%3AEVVET3%20PR%20NEW%2FAER%3A%3Adimension%2FAER%20Id%3A%3Aattribute%3A%3Anoaggr%3A%3Axsd%3Adouble=420229&_xt=AER&_xf=pdf""> AER </a>",2014-11-13 00:00:00,Veterinarian,United States,MALE,Dog,Chihuahua,Metacam 1.5 mg/ml - Oral suspension (dogs),"Anorexia, Death by euthanasia, Decreased red blood cell count, Diarrhoea, Elevated alanine aminotransferase (ALT), Elevated blood urea nitrogen (BUN), Elevated creatinine, Elevated gamma-glutamyl transferase (GGT), Hyperglycaemia, Hyperphosphataemia, Leukocytosis NOS, Other abnormal test result NOS, Vomiting",1,1,1
US-DEBIAHP-2014US13500,"<a target=""_blank""  href=""/xmlpserver/EVVET3 PW NEW/Subject Area Contents/Public Website/Report (PDF)/AER.xdo?_xpf=&_xpt=1&_params%2FOracle%20BI%20EE%3A%3ADefaultApp%3A%3AEVVET3%20PR%20NEW%2FAER%3A%3Adimension%2FAER%20Id%3A%3Aattribute%3A%3Anoaggr%3A%3Axsd%3Adouble=419749&_xt=AER&_xf=pdf""> AER </a>",2014-11-10 00:00:00,Veterinarian,United States,FEMALE,Dog,Retriever - Golden,"Metacam 5 mg/ml - Solution for injection (cats, dogs), Metacam 5 mg/ml - Solution for injection (cattle, pigs), Metacam 5 mg/ml - Solution for injection (dogs)",Injection site scab,1,1,
US-DEBIAHP-2014US13508,"<a target=""_blank""  href=""/xmlpserver/EVVET3 PW NEW/Subject Area Contents/Public Website/Report (PDF)/AER.xdo?_xpf=&_xpt=1&_params%2FOracle%20BI%20EE%3A%3ADefaultApp%3A%3AEVVET3%20PR%20NEW%2FAER%3A%3Adimension%2FAER%20Id%3A%3Aattribute%3A%3Anoaggr%3A%3Axsd%3Adouble=420124&_xt=AER&_xf=pdf""> AER </a>",2014-11-12 00:00:00,Other health care professional,United States,FEMALE,Dog,Bichon Frise,Metacam 1.5 mg/ml - Oral suspension (dogs),"Lack of efficacy - NOS, Polydipsia",1,1,
US-DEBIAHP-2014US13576,"<a target=""_blank""  href=""/xmlpserver/EVVET3 PW NEW/Subject Area Contents/Public Website/Report (PDF)/AER.xdo?_xpf=&_xpt=1&_params%2FOracle%20BI%20EE%3A%3ADefaultApp%3A%3AEVVET3%20PR%20NEW%2FAER%3A%3Adimension%2FAER%20Id%3A%3Aattribute%3A%3Anoaggr%3A%3Axsd%3Adouble=420384&_xt=AER&_xf=pdf""> AER </a>",2014-11-14 00:00:00,Other health care professional,United States,MALE,Dog,Maltese,"Convenia 80 mg/ml  - Powder and solvent for solution for injection, Metacam 0.5 mg/ml - Oral suspension (cats, guinea pigs), Metacam 0.5 mg/ml - Oral suspension (dogs), Vanguard Plus 5 vakcina A.U.V., Vanguard Plus 5, liofilizat i rozpuszczalnik do sporządzania zawiesiny do wstrzykiwań dla psów","Abnormal menace reflex test, Ataxia, Circling - neurological disorder (see also Behavioural disorders), Decreased appetite, Encephalitis, Gait abnormality, Head tilt - ear disorder, Hemiparesis (weakness L or R side), Hyperreflexia, Hyporeflexia, Impaired proprioception, Leukopenia NOS, Other abnormal test result NOS, Panting, Proprioception loss, Seizure NOS, Tremor, Twitching, Vomiting",1,1,
US-DEBIAHP-2014US13612,"<a target=""_blank""  href=""/xmlpserver/EVVET3 PW NEW/Subject Area Contents/Public Website/Report (PDF)/AER.xdo?_xpf=&_xpt=1&_params%2FOracle%20BI%20EE%3A%3ADefaultApp%3A%3AEVVET3%20PR%20NEW%2FAER%3A%3Adimension%2FAER%20Id%3A%3Aattribute%3A%3Anoaggr%3A%3Axsd%3Adouble=423547&_xt=AER&_xf=pdf""> AER </a>",2014-12-08 00:00:00,Veterinarian,United States,MALE,Dog,Schnauzer - Miniature,"Fuxien vet 1000 mg/g inhalaatiohöyry, neste, ISOFLURANE-Vet 1000 mg/g liquido per inalazione per cani e gatti, ISOFLURIN 1000mg/g ΥΓΡΟ ΓΙΑ ΕΙΣΠΝΕΟΜΕΝΟΥΣ ΑΤΜΟΥΣ, Isoflurane 100% Inhalation Vapour, Liquid, Isoflurane 1000 mg/g Inhalation Vapour, liquid., Metacam 1.5 mg/ml - Oral suspension (dogs), Metacam 5 mg/ml - Solution for injection (cats, dogs), Metacam 5 mg/ml - Solution for injection (cattle, pigs), Metacam 5 mg/ml - Solution for injection (dogs)","Decreased urine concentration, Dehydration, Elevated blood urea nitrogen (BUN), Elevated creatinine, Emesis, Lethargy (see also Central nervous system depression in Neurological), Pain NOS, Weight loss",1,1,
US-DEBIAHP-2014US13679,"<a target=""_blank""  href=""/xmlpserver/EVVET3 PW NEW/Subject Area Contents/Public Website/Report (PDF)/AER.xdo?_xpf=&_xpt=1&_params%2FOracle%20BI%20EE%3A%3ADefaultApp%3A%3AEVVET3%20PR%20NEW%2FAER%3A%3Adimension%2FAER%20Id%3A%3Aattribute%3A%3Anoaggr%3A%3Axsd%3Adouble=420882&_xt=AER&_xf=pdf""> AER </a>",2014-11-18 00:00:00,Other health care professional,United States,FEMALE,Dog,Retriever - Labrador,Metacam 1.5 mg/ml - Oral suspension (dogs),Vomiting,1,1,
US-DEBIAHP-2014US13762,"<a target=""_blank""  href=""/xmlpserver/EVVET3 PW NEW/Subject Area Contents/Public Website/Report (PDF)/AER.xdo?_xpf=&_xpt=1&_params%2FOracle%20BI%20EE%3A%3ADefaultApp%3A%3AEVVET3%20PR%20NEW%2FAER%3A%3Adimension%2FAER%20Id%3A%3Aattribute%3A%3Anoaggr%3A%3Axsd%3Adouble=420971&_xt=AER&_xf=pdf""> AER </a>",2014-11-19 00:00:00,Other health care professional,United States,FEMALE,Dog,Shih Tzu,Metacam 1.5 mg/ml - Oral suspension (dogs),Vomiting,1,1,
US-DEBIAHP-2014US13796,"<a target=""_blank""  href=""/xmlpserver/EVVET3 PW NEW/Subject Area Contents/Public Website/Report (PDF)/AER.xdo?_xpf=&_xpt=1&_params%2FOracle%20BI%20EE%3A%3ADefaultApp%3A%3AEVVET3%20PR%20NEW%2FAER%3A%3Adimension%2FAER%20Id%3A%3Aattribute%3A%3Anoaggr%3A%3Axsd%3Adouble=420970&_xt=AER&_xf=pdf""> AER </a>",2014-11-19 00:00:00,Veterinarian,United States,FEMALE,Dog,Spitz - German Pomeranian,Metacam 1.5 mg/ml - Oral suspension (dogs),Diarrhoea,1,1,
US-DEBIAHP-2014US13830,"<a target=""_blank""  href=""/xmlpserver/EVVET3 PW NEW/Subject Area Contents/Public Website/Report (PDF)/AER.xdo?_xpf=&_xpt=1&_params%2FOracle%20BI%20EE%3A%3ADefaultApp%3A%3AEVVET3%20PR%20NEW%2FAER%3A%3Adimension%2FAER%20Id%3A%3Aattribute%3A%3Anoaggr%3A%3Axsd%3Adouble=421134&_xt=AER&_xf=pdf""> AER </a>",2014-11-20 00:00:00,Veterinarian,United States,FEMALE,Dog,Dachshund - Miniature,"Metacam 0.5 mg/ml - Oral suspension (cats, guinea pigs), Metacam 0.5 mg/ml - Oral suspension (dogs)","Acute renal failure, Anorexia, Constipation, Elevated blood urea nitrogen (BUN), Elevated creatinine, Elevated serum alkaline phosphatase (ALP), Gastric ulceration NOS, Hyperphosphataemia, Neutrophilia, Other abnormal test result NOS, Tarry or black stool (see also haemorrhagic diarrhoea), Vomiting",1,1,
US-DEBIAHP-2014US13894,"<a target=""_blank""  href=""/xmlpserver/EVVET3 PW NEW/Subject Area Contents/Public Website/Report (PDF)/AER.xdo?_xpf=&_xpt=1&_params%2FOracle%20BI%20EE%3A%3ADefaultApp%3A%3AEVVET3%20PR%20NEW%2FAER%3A%3Adimension%2FAER%20Id%3A%3Aattribute%3A%3Anoaggr%3A%3Axsd%3Adouble=421299&_xt=AER&_xf=pdf""> AER </a>",2014-11-21 00:00:00,Animal owner,United States,FEMALE,Dog,Poodle - Toy,"Metacam 5 mg/ml - Solution for injection (cats, dogs), Metacam 5 mg/ml - Solution for injection (cattle, pigs), Metacam 5 mg/ml - Solution for injection (dogs)",Hyperactivity,1,1,
US-DEBIAHP-2014US13900,"<a target=""_blank""  href=""/xmlpserver/EVVET3 PW NEW/Subject Area Contents/Public Website/Report (PDF)/AER.xdo?_xpf=&_xpt=1&_params%2FOracle%20BI%20EE%3A%3ADefaultApp%3A%3AEVVET3%20PR%20NEW%2FAER%3A%3Adimension%2FAER%20Id%3A%3Aattribute%3A%3Anoaggr%3A%3Axsd%3Adouble=421347&_xt=AER&_xf=pdf""> AER </a>",2014-11-21 00:00:00,Veterinarian,United States,FEMALE,Dog,Retriever - Golden,"Gentocin Vet. 5 mg/dosis oral opløsning, Metacam 1.5 mg/ml - Oral suspension (dogs), Metacam 5 mg/ml - Solution for injection (cats, dogs), Metacam 5 mg/ml - Solution for injection (cattle, pigs), Metacam 5 mg/ml - Solution for injection (dogs)","Acute renal failure, Death by euthanasia, Not eating",1,1,1
US-DEBIAHP-2014US14054,"<a target=""_blank""  href=""/xmlpserver/EVVET3 PW NEW/Subject Area Contents/Public Website/Report (PDF)/AER.xdo?_xpf=&_xpt=1&_params%2FOracle%20BI%20EE%3A%3ADefaultApp%3A%3AEVVET3%20PR%20NEW%2FAER%3A%3Adimension%2FAER%20Id%3A%3Aattribute%3A%3Anoaggr%3A%3Axsd%3Adouble=421893&_xt=AER&_xf=pdf""> AER </a>",2014-11-26 00:00:00,Other health care professional,United States,FEMALE,Dog,Shih Tzu,Metacam 1.5 mg/ml - Oral suspension (dogs),"Diarrhoea, Vomiting",1,1,
US-DEBIAHP-2014US14176,"<a target=""_blank""  href=""/xmlpserver/EVVET3 PW NEW/Subject Area Contents/Public Website/Report (PDF)/AER.xdo?_xpf=&_xpt=1&_params%2FOracle%20BI%20EE%3A%3ADefaultApp%3A%3AEVVET3%20PR%20NEW%2FAER%3A%3Adimension%2FAER%20Id%3A%3Aattribute%3A%3Anoaggr%3A%3Axsd%3Adouble=421818&_xt=AER&_xf=pdf""> AER </a>",2014-11-25 00:00:00,Veterinarian,United States,UNKNOWN,Dog,Dog (other),"Metacam 0.5 mg/ml - Oral suspension (cats, guinea pigs), Metacam 0.5 mg/ml - Oral suspension (dogs)","Death, Immune mediated haemolytic anaemia, Vomiting, Weakness",1,1,1
US-DEBIAHP-2014US14406,"<a target=""_blank""  href=""/xmlpserver/EVVET3 PW NEW/Subject Area Contents/Public Website/Report (PDF)/AER.xdo?_xpf=&_xpt=1&_params%2FOracle%20BI%20EE%3A%3ADefaultApp%3A%3AEVVET3%20PR%20NEW%2FAER%3A%3Adimension%2FAER%20Id%3A%3Aattribute%3A%3Anoaggr%3A%3Axsd%3Adouble=422856&_xt=AER&_xf=pdf""> AER </a>",2014-12-03 00:00:00,Animal owner,United States,FEMALE,Dog,Dachshund - Standard Wire-haired,"Metacam 1.5 mg/ml - Oral suspension (dogs), Metacam 5 mg/ml - Solution for injection (cats, dogs), Metacam 5 mg/ml - Solution for injection (cattle, pigs), Metacam 5 mg/ml - Solution for injection (dogs)","Abnormal breathing, Blood in faeces, Death, Hypothermia, Lethargy (see also Central nervous system depression in Neurological)",1,1,1
US-DEBIAHP-2014US14487,"<a target=""_blank""  href=""/xmlpserver/EVVET3 PW NEW/Subject Area Contents/Public Website/Report (PDF)/AER.xdo?_xpf=&_xpt=1&_params%2FOracle%20BI%20EE%3A%3ADefaultApp%3A%3AEVVET3%20PR%20NEW%2FAER%3A%3Adimension%2FAER%20Id%3A%3Aattribute%3A%3Anoaggr%3A%3Axsd%3Adouble=422937&_xt=AER&_xf=pdf""> AER </a>",2014-12-04 00:00:00,Other health care professional,United States,FEMALE,Dog,Terrier - Yorkshire,"Metacam 0.5 mg/ml - Oral suspension (cats, guinea pigs), Metacam 0.5 mg/ml - Oral suspension (dogs)","Application site pain, Vocalisation",1,1,
US-DEBIAHP-2014US14666,"<a target=""_blank""  href=""/xmlpserver/EVVET3 PW NEW/Subject Area Contents/Public Website/Report (PDF)/AER.xdo?_xpf=&_xpt=1&_params%2FOracle%20BI%20EE%3A%3ADefaultApp%3A%3AEVVET3%20PR%20NEW%2FAER%3A%3Adimension%2FAER%20Id%3A%3Aattribute%3A%3Anoaggr%3A%3Axsd%3Adouble=423719&_xt=AER&_xf=pdf""> AER </a>",2014-12-10 00:00:00,Other health care professional,United States,MALE,Dog,Dog (other),Metacam 1.5 mg/ml - Oral suspension (dogs),"Anaemia NOS, Bloody diarrhoea, Decreased haemoglobin, Decreased red blood cell count, Electrolyte disorder, Elevated serum alkaline phosphatase (ALP), Hyperglycaemia, Hyperphosphataemia, Hypoalbuminaemia, Hypoproteinaemia, Leukopenia NOS, Lymphopenia, Other abnormal test result NOS, Vomiting",1,1,
US-DEBIAHP-2014US14774,"<a target=""_blank""  href=""/xmlpserver/EVVET3 PW NEW/Subject Area Contents/Public Website/Report (PDF)/AER.xdo?_xpf=&_xpt=1&_params%2FOracle%20BI%20EE%3A%3ADefaultApp%3A%3AEVVET3%20PR%20NEW%2FAER%3A%3Adimension%2FAER%20Id%3A%3Aattribute%3A%3Anoaggr%3A%3Axsd%3Adouble=423880&_xt=AER&_xf=pdf""> AER </a>",2014-12-11 00:00:00,Other health care professional,United States,MALE,Dog,Chihuahua,"Metacam 0.5 mg/ml - Oral suspension (cats, guinea pigs), Metacam 0.5 mg/ml - Oral suspension (dogs)","Diarrhoea, Vomiting",1,1,
US-DEBIAHP-2014US14813,"<a target=""_blank""  href=""/xmlpserver/EVVET3 PW NEW/Subject Area Contents/Public Website/Report (PDF)/AER.xdo?_xpf=&_xpt=1&_params%2FOracle%20BI%20EE%3A%3ADefaultApp%3A%3AEVVET3%20PR%20NEW%2FAER%3A%3Adimension%2FAER%20Id%3A%3Aattribute%3A%3Anoaggr%3A%3Axsd%3Adouble=423883&_xt=AER&_xf=pdf""> AER </a>",2014-12-11 00:00:00,Animal owner,United States,MALE,Dog,Dog (other),Metacam 1.5 mg/ml - Oral suspension (dogs),Gagging,1,1,
US-DEBIAHP-2014US14936,"<a target=""_blank""  href=""/xmlpserver/EVVET3 PW NEW/Subject Area Contents/Public Website/Report (PDF)/AER.xdo?_xpf=&_xpt=1&_params%2FOracle%20BI%20EE%3A%3ADefaultApp%3A%3AEVVET3%20PR%20NEW%2FAER%3A%3Adimension%2FAER%20Id%3A%3Aattribute%3A%3Anoaggr%3A%3Axsd%3Adouble=425580&_xt=AER&_xf=pdf""> AER </a>",2014-12-23 00:00:00,Veterinarian,United States,MALE,Dog,Crossbred Canine/dog,Metacam 1.5 mg/ml - Oral suspension (dogs),Elevated alanine aminotransferase (ALT),1,1,
US-DEBIAHP-2014US14966,"<a target=""_blank""  href=""/xmlpserver/EVVET3 PW NEW/Subject Area Contents/Public Website/Report (PDF)/AER.xdo?_xpf=&_xpt=1&_params%2FOracle%20BI%20EE%3A%3ADefaultApp%3A%3AEVVET3%20PR%20NEW%2FAER%3A%3Adimension%2FAER%20Id%3A%3Aattribute%3A%3Anoaggr%3A%3Axsd%3Adouble=424502&_xt=AER&_xf=pdf""> AER </a>",2014-12-16 00:00:00,Other health care professional,United States,MALE,Dog,Shiba Inu,Metacam 1.5 mg/ml - Oral suspension (dogs),Injection site lump,1,1,
US-DEBIAHP-2014US15255,"<a target=""_blank""  href=""/xmlpserver/EVVET3 PW NEW/Subject Area Contents/Public Website/Report (PDF)/AER.xdo?_xpf=&_xpt=1&_params%2FOracle%20BI%20EE%3A%3ADefaultApp%3A%3AEVVET3%20PR%20NEW%2FAER%3A%3Adimension%2FAER%20Id%3A%3Aattribute%3A%3Anoaggr%3A%3Axsd%3Adouble=424887&_xt=AER&_xf=pdf""> AER </a>",2014-12-18 00:00:00,Other health care professional,United States,MALE,Dog,Retriever - Labrador,Metacam 1.5 mg/ml - Oral suspension (dogs),"Decreased appetite, Elevated blood urea nitrogen (BUN), Elevated creatinine, Elevated serum alkaline phosphatase (ALP), Intestinal perforation, Lethargy (see also Central nervous system depression in Neurological), Leukopenia NOS, Vomiting",1,1,
US-DEBIAHP-2014US15497,"<a target=""_blank""  href=""/xmlpserver/EVVET3 PW NEW/Subject Area Contents/Public Website/Report (PDF)/AER.xdo?_xpf=&_xpt=1&_params%2FOracle%20BI%20EE%3A%3ADefaultApp%3A%3AEVVET3%20PR%20NEW%2FAER%3A%3Adimension%2FAER%20Id%3A%3Aattribute%3A%3Anoaggr%3A%3Axsd%3Adouble=425069&_xt=AER&_xf=pdf""> AER </a>",2014-12-19 00:00:00,Other health care professional,United States,FEMALE,Dog,Pinscher - Miniature,"Metacam 0.5 mg/ml - Oral suspension (cats, guinea pigs), Metacam 0.5 mg/ml - Oral suspension (dogs), ProZinc 40 IU/ml - Suspension for injection (cats, dogs), ProZinc 40 IU/ml - Suspension for injection (dogs)","Depression, Ocular discharge",1,1,
US-FRMERIAL-14US002836,"<a target=""_blank""  href=""/xmlpserver/EVVET3 PW NEW/Subject Area Contents/Public Website/Report (PDF)/AER.xdo?_xpf=&_xpt=1&_params%2FOracle%20BI%20EE%3A%3ADefaultApp%3A%3AEVVET3%20PR%20NEW%2FAER%3A%3Adimension%2FAER%20Id%3A%3Aattribute%3A%3Anoaggr%3A%3Axsd%3Adouble=386757&_xt=AER&_xf=pdf""> AER </a>",2014-02-03 00:00:00,Other health care professional,United States,FEMALE,Dog,"Dog (other), Hound - Swiss - (Lucerne Hound (Luzerner Laufhund), Schwyz Hound (Schweizer Laufhund), Bernese Hound, Jura Hound)","Dexdomitor 0.1 mg/ml - Solution for injection, Dexdomitor 0.5 mg/ml - Solution for injection, IMMITICIDE, IMMITICIDE 25 mg/ml pó e solvente para solução injetável para cães, Ivermectin Entwurmung 12mg/g - Gel zum Eingeben für Pferde, Metacam 0.5 mg/ml - Oral suspension (cats, guinea pigs), Metacam 0.5 mg/ml - Oral suspension (dogs), Metacam 1 mg - Chewable tablet (dogs), Metacam 1.5 mg/ml - Oral suspension (dogs), Metacam 15 mg/ml - Oral suspension (horses), Metacam 15 mg/ml - Oral suspension (pigs), Metacam 2 mg/ml - Solution for injection (cats), Metacam 2.5 mg - Chewable tablet (dogs), Metacam 20 mg/ml - Solution for injection (cattle, pigs, horses), Metacam 40 mg/ml - Solution for injection (cattle, horses), Metacam 5 mg/ml - Solution for injection (cats, dogs), Metacam 5 mg/ml - Solution for injection (cattle, pigs), Metacam 5 mg/ml - Solution for injection (dogs), Torbugesic 10 mg/ml Solution for Injection, Torbugesic Vet 10 mg/ml solution injectable pour chevaux, chiens et chats, Torbugesic Vet. 10 mg/ml injektionsvæske, opløsning, Torbuphanol Vet 10 mg/ml solution for injection for injection for horses, dogs and cats","Cardiac disorder NOS, Lack of efficacy - NOS",1,1,
US-FRMERIAL-14US033786,"<a target=""_blank""  href=""/xmlpserver/EVVET3 PW NEW/Subject Area Contents/Public Website/Report (PDF)/AER.xdo?_xpf=&_xpt=1&_params%2FOracle%20BI%20EE%3A%3ADefaultApp%3A%3AEVVET3%20PR%20NEW%2FAER%3A%3Adimension%2FAER%20Id%3A%3Aattribute%3A%3Anoaggr%3A%3Axsd%3Adouble=400796&_xt=AER&_xf=pdf""> AER </a>",2014-06-13 00:00:00,Veterinarian,United States,FEMALE,Dog,Rottweiler,"ACEPROMAZINE 10%/AGROSEED CANDILIDIS ενέσιμο διάλυμα 10 mg/ml για σκύλο και γάτα, Atropine 0,1% pro inj., 1 mg/ml oplossing voor injectie voor honden en katten., LIDOCAINE 2% (w/w) injekčný roztok, LIDOCAINE, 2%, Injekční roztok, Lidocaine 2 inj. (+noradrenaline), injectievloeistof voor honden en katten, Lidocaine 20 mg/ml + adrenaline 10 mcg/ml, oplossing voor injectie voor honden en katten, Lidocaine 4% inj. oplossing voor injectie voor honden en katten, Metacam 0.5 mg/ml - Oral suspension (cats, guinea pigs), Metacam 0.5 mg/ml - Oral suspension (dogs), Metacam 1 mg - Chewable tablet (dogs), Metacam 1.5 mg/ml - Oral suspension (dogs), Metacam 15 mg/ml - Oral suspension (horses), Metacam 15 mg/ml - Oral suspension (pigs), Metacam 2 mg/ml - Solution for injection (cats), Metacam 2.5 mg - Chewable tablet (dogs), Metacam 20 mg/ml - Solution for injection (cattle, pigs, horses), Metacam 40 mg/ml - Solution for injection (cattle, horses), Metacam 5 mg/ml - Solution for injection (cats, dogs), Metacam 5 mg/ml - Solution for injection (cattle, pigs), Metacam 5 mg/ml - Solution for injection (dogs), NOBI VAC LEPTO, NOBIVAC LEPTO, NOBIVAC LEPTO, suspenzija za injekciju, za pse, Nobivac Lepto, Nobivac Lepto Mais suspensão injetável para cães, Nobivac Lepto injekcinė suspensija šunims, Nobivac Lepto injekčná suspenzia pre psy, Nobivac Lepto suspensija injekcijām suņiem, Nobivac Lepto suspenzija za injiciranje za pse, Nobivac Lepto vakcina A.U.V., Nobivac Lepto zawiesina do wstrzykiwań dla psów, Nobivac Lepto ενέσιμο εναιώρημα για σκύλους, Nobivac Lepto, Injektionssuspension für Hunde, Nobivac Lepto, Injekční suspenze, Nobivac Lepto, sospensione iniettabile per cani, Nobivac Lepto, süstesuspensioon koertele, Nobivac Lepto, ενέσιμο εναιώρημα για σκύλους, Previcox 227 mg - Chewable tablet, RABISIN SUSPENSION INJECTABLE, RABISIN injekčná suspenzia, RABISIN suspenzija za injiciranje, RABISIN vet, injeksjonsvæske, suspensjon Vaksine mot rabies til dyr (inaktivert), RABISIN, Injekční suspenze, RABISIN, injekcinė suspensija, RABISIN, sospensione iniettabile per cani, gatti, equini, bovini, ovini, RABISIN, suspensie injectabilă, RABISIN, ενέσιμο εναιώρημα, RABISIN, ≥ 2,09 log10 OD50 i ≥ 1 I.J., suspenzija za injekciju za pse, mačke, pitome vretice, konje, govedo i ovce, Rabisin, Rabisin  Suspensie voor injectie, Rabisin Glikoproteiny wirusa wścieklizny nie mniej niż 1IU Zawiesina do wstrzykiwań, Rabisin Injektionssuspension für Hunde, Katzen, Marderartige, Pferde, Rinder und Schafe, Rabisin Vet. injektionsvæske, suspension, Rabisin suspensija injekcijām liellopiem, zirgiem, aitām, suņiem, kaķiem un mājas seskiem, Rabisin suspension injectable, Rabisin suspensão injectável, Rabisin vakcina A.U.V., Rabisin vet injektioneste, suspensio, Rabisin vet.  Injektionsvätska, suspension, Rabisin, Injektionssuspension für Hunde, Katzen, Marderartige, Pferde, Rinder und Schafe, Rabisin, suspensie voor injectie voor hond, kat en rund, Rabisin, süstesuspensioon, РАБИЗИН","Abdominal mass, Abdominal pain, Abnormal radiograph finding, Ascites, Behavioural disorder NOS, Duodenal ulcer, Enteritis, Fever, Hepatitis, Hepatomegaly, Intestinal perforation, Other abnormal test result NOS, Pain NOS, Panting, Proteinuria, Pyloric ulcer, Spleen hypertrophy, Splenomegaly, Thoracic cavity disorder NOS, Vomiting",1,1,
US-FRMERIAL-14US069412,"<a target=""_blank""  href=""/xmlpserver/EVVET3 PW NEW/Subject Area Contents/Public Website/Report (PDF)/AER.xdo?_xpf=&_xpt=1&_params%2FOracle%20BI%20EE%3A%3ADefaultApp%3A%3AEVVET3%20PR%20NEW%2FAER%3A%3Adimension%2FAER%20Id%3A%3Aattribute%3A%3Anoaggr%3A%3Axsd%3Adouble=414804&_xt=AER&_xf=pdf""> AER </a>",2014-10-06 00:00:00,Other health care professional,United States,MALE,Dog,Dog (other),"BAYTRIL 0,5% W/V ΠΟΣΙΜΟ ΔΙΑΛΥΜΑ, BAYTRIL 0,5% πόσιμο διάλυμα ενροφλοξακίνης για ορνίθια και γαλοπούλες, BAYTRIL 10 % SOLUTION BUVABLE, BAYTRIL 10 % SOLUTION INJECTABLE, BAYTRIL 10% W/V ΠΟΣΙΜΟ ΔΙΑΛΥΜΑ, BAYTRIL 100 mg/ml - soluţie orală, BAYTRIL 100 mg/ml SOLUCION INYECTABLE, BAYTRIL 100 mg/ml soluție injectabilă, BAYTRIL 15 mg δισκία για γάτες και σκύλους, BAYTRIL 150 mg δισκία για γάτες και σκύλους, BAYTRIL 2,5 % SOLUTION BUVABLE, BAYTRIL 2,5 % SOLUTION INJECTABLE, BAYTRIL 2,5% W/V ΕΝΕΣΙΜΟ ΔΙΑΛΥΜΑ, BAYTRIL 2,5% W/V ΠΟΣΙΜΟ ΔΙΑΛΥΜΑ, BAYTRIL 25 mg/ml SOLUCION INYECTABLE, BAYTRIL 25 mg/ml SOLUCION ORAL, BAYTRIL 5 % SOLUTION INJECTABLE, BAYTRIL 5 mg/ml SOLUCION ORAL, BAYTRIL 50 mg δισκία για γάτες και σκύλους, BAYTRIL 50 mg/ml SOLUCION INYECTABLE, BAYTRIL 50mg/ml ενέσιμο διάλυμα, BAYTRIL, 25mg/ml, Injekční roztok, BAYTRIL, 5% ενέσιμο διάλυμα για μόσχους, χοίρους, πρόβατα, αίγες, σκύλους και γάτες, BAYTRIL, 50mg/ml, Injekční roztok, Baytril  100 mg/ml Oplossing voor injectie, Baytril  100 mg/ml Solution injectable, Baytril - Das Original - 100 mg/ml Injektionslösung, Baytril - Das Original - 25 mg/ml Injektionslösung, Baytril - Das Original - 50 mg/ml Injektionslösung, Baytril 0,5 % solução oral para leitões, Baytril 0,5%, Baytril 10 % solução oral, Baytril 10%, Baytril 10% O.L., Baytril 10% Oral Solution, Baytril 100 mg/mL, otopina za injekciju, za goveda, ovce, koze i svinje, Baytril 100 mg/mL, otopina za primjenu u vodi za piće, za kokoši, purane i kuniće, Baytril 100 mg/ml - Injektionslösung für Tiere, Baytril 100 mg/ml - Lösung zum Eingeben für Hühner, Puten und Kaninchen, Baytril 100 mg/ml Oplossing voor gebruik in drinkwater, Baytril 100 mg/ml Solution buvable, Baytril 100 mg/ml Solution for Injection, Baytril 100 mg/ml koncentrat za peroralno raztopino za piščance, purane in kunce, Baytril 100 mg/ml oldat ivóvízbe keveréshez A.U.V., Baytril 100 mg/ml oplossing voor gebruik in drinkwater voor kippen, kalkoenen en konijnen, Baytril 100 mg/ml oplossing voor injectie, Baytril 100 mg/ml raztopina za injiciranje, Baytril 100 mg/ml solution for injection, Baytril 100 mg/ml soluzione iniettabile, Baytril 100 mg/ml solução injetável, Baytril 150 mg tabletta A.U.V., Baytril 2,5%, 25 mg/mL, otopina za injekciju za pse, mačke, prasad, kuniće, glodavce, gmazove i ukrasne ptice, Baytril 25 mg/ml - Injektionslösung für Tiere, Baytril 25 mg/ml - Lösung zum Eingeben für Kälber und Lämmer, Baytril 25 mg/ml Lösung zum Eingeben für Rinder (Kälber), Baytril 25 mg/ml Oplossing voor injectie, Baytril 25 mg/ml Oral Solution, Baytril 25 mg/ml Solution injectable, Baytril 25 mg/ml injekčný roztok, Baytril 25 mg/ml oldatos injekció A.U.V., Baytril 25 mg/ml oplossing voor injectie, Baytril 25 mg/ml roztwór do wstrzykiwań, Baytril 25 mg/ml solution for injection, Baytril 25 mg/ml soluzione iniettabile, Baytril 25 mg/ml soluzione iniettabile per cani, gatti, roditori e conigli da compagnia, rettili e uccelli ornamentali, Baytril 25 mg/ml soluzione orale per vitelli, ovini, caprini, suini, Baytril 25 mg/ml solução injetável, Baytril 5 mg/ml - Lösung zum Eingeben für Schweine, Baytril 5 mg/ml belsőleges oldat sertések részére A.U.V., Baytril 50 mg tabletta A.U.V., Baytril 50 mg/mL, otopina za injekciju, za telad, ovce, koze, svinje, pse i mačke, Baytril 50 mg/ml - Injektionslösung für Tiere, Baytril 50 mg/ml Oplossing voor injectie, Baytril 50 mg/ml Solution for Injection, Baytril 50 mg/ml Solution injectable, Baytril 50 mg/ml injekčný roztok, Baytril 50 mg/ml oldatos injekció A.U.V., Baytril 50 mg/ml oplossing voor injectie, Baytril 50 mg/ml raztopina za injiciranje, Baytril 50 mg/ml soluzione iniettabile, Baytril 50 mg/ml solução injetável, Baytril 50 mg/ml soluție injectabilă, Baytril Direct 100 mg/ml Injektionslösung für Rinder und Schweine, Baytril Piglet Doser 0.5% Oral Solution, Baytril Vet. 100 mg/ml injektionsvæske, opløsning, Baytril Vet. 150 mg tabletter, Baytril Vet. 25 mg/ml oral opløsning, Baytril Vet. 50 mg tabletter, Baytril Vet. 50 mg/ml i","Abnormal radiograph finding, Cardiac murmur, Cutaneous emphysema, Elevated alanine aminotransferase (ALT), Gastric dilation, Intestinal perforation, Leukocytosis NOS, Melaena, Neutrophilia, Other abnormal test result NOS, Pancreas disorder, Regenerative anaemia, Vomiting",1,1,
US-NLINTVINT-2014-US-01199,"<a target=""_blank""  href=""/xmlpserver/EVVET3 PW NEW/Subject Area Contents/Public Website/Report (PDF)/AER.xdo?_xpf=&_xpt=1&_params%2FOracle%20BI%20EE%3A%3ADefaultApp%3A%3AEVVET3%20PR%20NEW%2FAER%3A%3Adimension%2FAER%20Id%3A%3Aattribute%3A%3Anoaggr%3A%3Axsd%3Adouble=398840&_xt=AER&_xf=pdf""> AER </a>",2014-05-27 00:00:00,Veterinarian,United States,FEMALE,Dog,Dachshund - Miniature,"Ketamin 10 % šķīdums injekcijām suņiem un kaķiem, Ketamin 10%, Ketamin 100 mg/ml, Ketamine 10% oplossing voor injectie voor honden en katten, Ketamine 10% pro inj., oplossing voor injectie voor honden en katten, Ketamine 10% šķīdums injekcijām suņiem un kaķiem, Ketamine 10%, oplossing voor injectie voor honden en katten, Metacam 0.5 mg/ml - Oral suspension (cats, guinea pigs), Metacam 0.5 mg/ml - Oral suspension (dogs), Metacam 1 mg - Chewable tablet (dogs), Metacam 1.5 mg/ml - Oral suspension (dogs), Metacam 15 mg/ml - Oral suspension (horses), Metacam 15 mg/ml - Oral suspension (pigs), Metacam 2 mg/ml - Solution for injection (cats), Metacam 2.5 mg - Chewable tablet (dogs), Metacam 20 mg/ml - Solution for injection (cattle, pigs, horses), Metacam 40 mg/ml - Solution for injection (cattle, horses), Metacam 5 mg/ml - Solution for injection (cats, dogs), Metacam 5 mg/ml - Solution for injection (cattle, pigs), Metacam 5 mg/ml - Solution for injection (dogs), Tramadog 50 mg tablet for dogs, Vitamine B12 Pro Inj, 30 µg/ml oplossing voor injectie, КЕТАМИН 10 %",Generalised skin slough,1,1,
US-NLINTVINT-2014-US-03593,"<a target=""_blank""  href=""/xmlpserver/EVVET3 PW NEW/Subject Area Contents/Public Website/Report (PDF)/AER.xdo?_xpf=&_xpt=1&_params%2FOracle%20BI%20EE%3A%3ADefaultApp%3A%3AEVVET3%20PR%20NEW%2FAER%3A%3Adimension%2FAER%20Id%3A%3Aattribute%3A%3Anoaggr%3A%3Axsd%3Adouble=401370&_xt=AER&_xf=pdf""> AER </a>",2014-06-18 00:00:00,Veterinarian,United States,MALE,Dog,Lhasa Apso,"ACEPROMAZINE 10%/AGROSEED CANDILIDIS ενέσιμο διάλυμα 10 mg/ml για σκύλο και γάτα, Fuxien vet 1000 mg/g inhalaatiohöyry, neste, ISOFLURANE-Vet 1000 mg/g liquido per inalazione per cani e gatti, ISOFLURIN 1000mg/g ΥΓΡΟ ΓΙΑ ΕΙΣΠΝΕΟΜΕΝΟΥΣ ΑΤΜΟΥΣ, Isoflurane 100% Inhalation Vapour, Liquid, Isoflurane 1000 mg/g Inhalation Vapour, liquid., Ketamin 10 % šķīdums injekcijām suņiem un kaķiem, Ketamin 10%, Ketamin 100 mg/ml, Ketamine 10% oplossing voor injectie voor honden en katten, Ketamine 10% pro inj., oplossing voor injectie voor honden en katten, Ketamine 10% šķīdums injekcijām suņiem un kaķiem, Ketamine 10%, oplossing voor injectie voor honden en katten, Metacam 0.5 mg/ml - Oral suspension (cats, guinea pigs), Metacam 0.5 mg/ml - Oral suspension (dogs), Metacam 1 mg - Chewable tablet (dogs), Metacam 1.5 mg/ml - Oral suspension (dogs), Metacam 15 mg/ml - Oral suspension (horses), Metacam 15 mg/ml - Oral suspension (pigs), Metacam 2 mg/ml - Solution for injection (cats), Metacam 2.5 mg - Chewable tablet (dogs), Metacam 20 mg/ml - Solution for injection (cattle, pigs, horses), Metacam 40 mg/ml - Solution for injection (cattle, horses), Metacam 5 mg/ml - Solution for injection (cats, dogs), Metacam 5 mg/ml - Solution for injection (cattle, pigs), Metacam 5 mg/ml - Solution for injection (dogs), OTOMAX EAR DROPS SUSPENSION, OTOMAX ear drops, OTOMAX ušná suspenzia pre psy, OTOMAX, Ušní kapky, suspenze, OTOMAX, kapi za uho, suspenzija, za pse, Otomax (2640 j.m. + 0,88 mg + 8,8 mg)/ml Zawiesina do uszu, Otomax 2640 NE / 0,88 mg / 8,8 mg / ml szuszpenziós fülcsepp kutyák számára, Otomax gotas auriculares, suspensão, Otomax kapljice za uho, suspenzija, Torbugesic 10 mg/ml Solution for Injection, Torbugesic Vet 10 mg/ml solution injectable pour chevaux, chiens et chats, Torbugesic Vet. 10 mg/ml injektionsvæske, opløsning, Torbuphanol Vet 10 mg/ml solution for injection for injection for horses, dogs and cats, КЕТАМИН 10 %","Anorexia, Ataxia, Diarrhoea, Lethargy (see also Central nervous system depression in Neurological), Partial blindness, Partial deafness, Seizure NOS",1,1,
US-NLINTVINT-2014-US-08435,"<a target=""_blank""  href=""/xmlpserver/EVVET3 PW NEW/Subject Area Contents/Public Website/Report (PDF)/AER.xdo?_xpf=&_xpt=1&_params%2FOracle%20BI%20EE%3A%3ADefaultApp%3A%3AEVVET3%20PR%20NEW%2FAER%3A%3Adimension%2FAER%20Id%3A%3Aattribute%3A%3Anoaggr%3A%3Axsd%3Adouble=413279&_xt=AER&_xf=pdf""> AER </a>",2014-09-24 00:00:00,Veterinarian,United States,FEMALE,Dog,Collie - Border,"Incurin 1 mg - Tablet, Metacam 0.5 mg/ml - Oral suspension (cats, guinea pigs), Metacam 0.5 mg/ml - Oral suspension (dogs), Metacam 1 mg - Chewable tablet (dogs), Metacam 1.5 mg/ml - Oral suspension (dogs), Metacam 15 mg/ml - Oral suspension (horses), Metacam 15 mg/ml - Oral suspension (pigs), Metacam 2 mg/ml - Solution for injection (cats), Metacam 2.5 mg - Chewable tablet (dogs), Metacam 20 mg/ml - Solution for injection (cattle, pigs, horses), Metacam 40 mg/ml - Solution for injection (cattle, horses), Metacam 5 mg/ml - Solution for injection (cats, dogs), Metacam 5 mg/ml - Solution for injection (cattle, pigs), Metacam 5 mg/ml - Solution for injection (dogs)",Epistaxis,1,1,
US-UKPFIZAH-2014-US-01786,"<a target=""_blank""  href=""/xmlpserver/EVVET3 PW NEW/Subject Area Contents/Public Website/Report (PDF)/AER.xdo?_xpf=&_xpt=1&_params%2FOracle%20BI%20EE%3A%3ADefaultApp%3A%3AEVVET3%20PR%20NEW%2FAER%3A%3Adimension%2FAER%20Id%3A%3Aattribute%3A%3Anoaggr%3A%3Axsd%3Adouble=388438&_xt=AER&_xf=pdf""> AER </a>",2014-02-20 00:00:00,Other health care professional,United States,FEMALE,Dog,Dog (other),"Cerenia 10 mg/ml  - Solution for injection, Cerenia 16 mg  - Tablet, Cerenia 160 mg  - Tablet, Cerenia 24 mg  - Tablet, Cerenia 60 mg - Tablet, Dexamethasone 2 mg/mL, Dexamethasone 2 mg/ml, Dexamethasone 2 mg/ml 2 mg/ml šķīdums injekcijām zirgiem, liellopiem, aitām, kazām, cūkām, suņiem un kaķiem, Dexamethasone 2 mg/ml solution for injection for dogs, cats, cattle and horses, Dexamethasone pro inj, 2 mg/ml oplossing voor injectie voor honden en katten, Metacam 0.5 mg/ml - Oral suspension (cats, guinea pigs), Metacam 0.5 mg/ml - Oral suspension (dogs), Metacam 1 mg - Chewable tablet (dogs), Metacam 1.5 mg/ml - Oral suspension (dogs), Metacam 15 mg/ml - Oral suspension (horses), Metacam 15 mg/ml - Oral suspension (pigs), Metacam 2 mg/ml - Solution for injection (cats), Metacam 2.5 mg - Chewable tablet (dogs), Metacam 20 mg/ml - Solution for injection (cattle, pigs, horses), Metacam 40 mg/ml - Solution for injection (cattle, horses), Metacam 5 mg/ml - Solution for injection (cats, dogs), Metacam 5 mg/ml - Solution for injection (cattle, pigs), Metacam 5 mg/ml - Solution for injection (dogs), SYNULOX (200+50)MG/TAB ΔΙΣΚΙΟ, SYNULOX (40+10)MG/TAB ΔΙΣΚΙΟ, SYNULOX 140 mg/ml + 35 mg/ml suspensión inyectable, SYNULOX 200 mg/50 mg tablety pre psy a mačky, SYNULOX 200/50 mg COMPRIMIDOS APETITOSOS PARA PERROS, SYNULOX 250 COMPRIMES POUR CHIENS, SYNULOX 250 mg, SYNULOX 250 mg kramtomosios tabletės šunims ir katėms, SYNULOX 250 mg tablete za pse in mačke, SYNULOX 250mg, δισκία για σκύλους και γάτες, SYNULOX 40 mg/10 mg tablety pre psy a mačky, SYNULOX 40 mg/ml + 10 mg/ml POLVO PARA GOTAS ORALES EN SUSPENSION, SYNULOX 40/10 MG COMPRIMIDOS APETITOSOS PARA PERROS Y GATOS, SYNULOX 400 mg/100 mg tablety pre psy, SYNULOX 400/100 mg COMPRIMIDOS APETITOSOS PARA PERROS, SYNULOX 50 COMPRIMES POUR CHIENS ET CHATS, SYNULOX 50 mg, SYNULOX 50 mg kramtomosios tabletės šunims ir katėms, SYNULOX 50 mg tablete za pse in mačke, SYNULOX 500 COMPRIMES POUR CHIENS, SYNULOX 500 mg kramtomosios tabletės šunims, SYNULOX 500 mg tablete za pse, SYNULOX 500 mg, kramtomosios tabletės šunims, SYNULOX 500MG/TAB ΔΙΣΚΙΟ, SYNULOX 50mg, δισκία για σκύλους και γάτες, SYNULOX OGIVETTES POUR VEAUX, SYNULOX SUSPENSION INJECTABLE POUR BOVINS, SYNULOX VET 140 mg/ml injektioneste, suspensio koiralle, kissalle ja sialle, SYNULOX suspensão injetável para suínos, bovinos, cães e gatos, SYNULOX vet 200 mg/50 mg tabletti, koiralle ja kissalle, SYNULOX vet 40 mg/10 mg tabletti, koiralle ja kissalle, SYNULOX vet 400 mg/100 mg tabletti, koiralle, SYNULOX, 400/100mg, Tableta, Synulox 250 mg Comprimés Appétents, Synulox 250 mg Smakelijke tabletten, Synulox 250 mg tabletes suņiem un kaķiem, Synulox 250 mg, tabletid koertele ja kassidele, Synulox 250 mg, таблетки за кучета и котки, Synulox 250mg (200 mg/50 mg)  Tabletten für Hunde, Synulox 50 mg Comprimés Appétents, Synulox 50 mg Smakelijke Tabletten, Synulox 50 mg tabletes suņiem un kaķiem, Synulox 50 mg, tabletid koertele ja kassidele, Synulox 50 mg, таблетки за кучета и котки, Synulox 500 mg Bolus 400 mg - 100 mg Omhulde tablet, Synulox 500 mg Comprimés Appétents, Synulox 500 mg Smakelijke Tabletten, Synulox 500 mg tabletes suņiem, Synulox 500 mg, tabletid koertele, Synulox 500mg (400 mg/100 mg) Tabletten für Hunde, Synulox 50mg (40 mg/10 mg) Tabletten für Hunde und Katzen, Synulox Bolus 500 mg, 400 mg + 100 mg comprimés enrobés pour veaux, Synulox Lactating Cow Intramammary suspension., Synulox Tabletki 250 mg, Synulox Tabletki 250 mg (200+50) mg/tablete; tabletes suņiem, Synulox Tabletki 50 mg, Synulox Tabletki 50 mg (40+10) mg/ tablete; tabletes suņiem un kaķiem, Synulox Tabletki 500 mg, Synulox Vet. til hund og kat 200 + 50 mg tabletter, Synulox Vet. til hund og kat 40 + 10 mg tabletter, Synulox Vet. til hund tabletter 400 + 100 mg, Synulox Vet. til kalve 400 + 100 mg tabletter, Synulox comprimidos palatáveis 250 mg para cães e gatos, Synulox comprimidos palatáveis 50 mg para cães e gatos, Synulox comprimidos palatáveis 500 mg para cães,","Abnormal radiograph finding, Anorexia, Febrile, Lack of efficacy - NOS, Lethargy (see also Central nervous system depression in Neurological), Leukopenia NOS, Oral ulceration, Splenomegaly, Weight loss",1,1,
US-UKPFIZAH-2014-US-11812,"<a target=""_blank""  href=""/xmlpserver/EVVET3 PW NEW/Subject Area Contents/Public Website/Report (PDF)/AER.xdo?_xpf=&_xpt=1&_params%2FOracle%20BI%20EE%3A%3ADefaultApp%3A%3AEVVET3%20PR%20NEW%2FAER%3A%3Adimension%2FAER%20Id%3A%3Aattribute%3A%3Anoaggr%3A%3Axsd%3Adouble=394775&_xt=AER&_xf=pdf""> AER </a>",2014-04-17 00:00:00,Other health care professional,United States,FEMALE,Dog,Retriever - Labrador,"Cerenia 10 mg/ml  - Solution for injection, Cerenia 16 mg  - Tablet, Cerenia 160 mg  - Tablet, Cerenia 24 mg  - Tablet, Cerenia 60 mg - Tablet, FUROSEMIDE 5%/AGROSEED CANDILIDIS ενέσιμο διάλυμα 50 mg/ml για σκύλο και γάτα, Furosemide 40 mg, tabletten voor honden en katten., Furosemide 5% 50 mg/ml šķīdums injekcijām liellopiem, zirgiem, suņiem un kaķiem, Furosemide 5% pro inj., 50 mg/ml oplossing voor injectie, Furosemide 5%, injekcinis tirpalas galvijams, arkliams, šunims ir katėms, Metacam 0.5 mg/ml - Oral suspension (cats, guinea pigs), Metacam 0.5 mg/ml - Oral suspension (dogs), Metacam 1 mg - Chewable tablet (dogs), Metacam 1.5 mg/ml - Oral suspension (dogs), Metacam 15 mg/ml - Oral suspension (horses), Metacam 15 mg/ml - Oral suspension (pigs), Metacam 2 mg/ml - Solution for injection (cats), Metacam 2.5 mg - Chewable tablet (dogs), Metacam 20 mg/ml - Solution for injection (cattle, pigs, horses), Metacam 40 mg/ml - Solution for injection (cattle, horses), Metacam 5 mg/ml - Solution for injection (cats, dogs), Metacam 5 mg/ml - Solution for injection (cattle, pigs), Metacam 5 mg/ml - Solution for injection (dogs), Rimadyl vet. 100 mg Tuggtablett, Rimadyl vet. 20 mg Tuggtablett, Rimadyl vet. 50 mg Tuggtablett, Rimadyl vet., 100 mg, Tuggtablett, АМПИЦИЛИН шприц-канюли, Фуроземид 5 %","Anorexia, Anuria, Blood in urine, Bloody diarrhoea, Death by euthanasia, Dehydration, Discoloured urine, Elevated alanine aminotransferase (ALT), Elevated blood urea nitrogen (BUN), Elevated creatinine, Elevated total bilirubin, Emesis, Haematemesis, Hypoalbuminaemia, Hypoproteinaemia, Icterus, Proteinuria, Renal failure, Small liver, Urine abnormalities NOS",1,1,1
US-UKPFIZAH-2014-US-23453,"<a target=""_blank""  href=""/xmlpserver/EVVET3 PW NEW/Subject Area Contents/Public Website/Report (PDF)/AER.xdo?_xpf=&_xpt=1&_params%2FOracle%20BI%20EE%3A%3ADefaultApp%3A%3AEVVET3%20PR%20NEW%2FAER%3A%3Adimension%2FAER%20Id%3A%3Aattribute%3A%3Anoaggr%3A%3Axsd%3Adouble=406239&_xt=AER&_xf=pdf""> AER </a>",2014-07-31 00:00:00,Veterinarian,United States,MALE,Dog,Beagle,"Baytril vet. 15 mg Tablett, Baytril vet. 150 mg Tablett, Baytril vet. 50 mg Tablett, Baytril vet., 150 mg, Tablett, Cerenia 10 mg/ml  - Solution for injection, Cerenia 16 mg  - Tablet, Cerenia 160 mg  - Tablet, Cerenia 24 mg  - Tablet, Cerenia 60 mg - Tablet, DFV DOXIVET 200 mg/ml, solution for use in drinking water for pigs and chickens, DFV DOXIVET 500 mg/g, powder for use in drinking water for pigs and chickens, Doxycycline 100 mg tablet, voor honden en katten, Doxycycline 15 mg tabletten voor honden en katten, Doxycycline 20% W.O., Doxycycline 20% W.O. poeder voor toediening via drinkwater voor vleeskuikens, Doxycycline 50% WSP, 500 mg/g, prašak za primjenu u vodi za piće/mliječnoj zamjenici, za goveda, svinje i kokoši, Doxycycline 500 mg/kg, poeder voor gebruik in drinkwater voor varken en kip, Doxycycline 75 mg tabletten voor honden, Doxycycline tabletten 20 mg voor honden en katten, FRONTLINE 0,25G/100ML ΑΕΡΟΛΥΜΑ ΓΙΑ ΤΟΠΙΚΗ ΧΡΗΣΗ, FRONTLINE 134 mg, solutie spot on pentru caine M, FRONTLINE 268 mg, solutie spot on pentru caine L, FRONTLINE 402 mg, solutie spot on pentru câine XL, FRONTLINE 50 mg, solutie spot on pentru pisica, FRONTLINE 67 mg, solutie spot on pentru caine S, FRONTLINE L, užlašinamasis tirpalas šunims, FRONTLINE M, užlašinamasis tirpalas šunims, FRONTLINE S, užlašinamasis tirpalas šunims, FRONTLINE SPOT ON CANI 100 mg/ml, FRONTLINE SPOT ON CHIEN L, FRONTLINE SPOT ON CHIEN M, FRONTLINE SPOT ON CHIEN S, FRONTLINE SPOT ON DOG  2-10 kg, FRONTLINE SPOT ON DOG, L, Roztok pro nakapání na kůži - spot-on, FRONTLINE SPOT ON DOG, M, Roztok pro nakapání na kůži - spot-on, FRONTLINE SPOT ON DOG, XL, Roztok pro nakapání na kůži - spot-on, FRONTLINE SPOT ON GATO, FRONTLINE SPOT ON GATTI 100 mg/ml, FRONTLINE SPOT ON PERRO 10-20 KG, FRONTLINE SPOT ON PERRO 2-10 KG, FRONTLINE SPOT ON PERRO 20-40 KG, FRONTLINE SPOT ON PERRO > 40 KG, FRONTLINE SPOT ON pro kočky, Roztok pro nakapání na kůži - spot-on, FRONTLINE SPOT PRO PSY, S, Roztok pro nakapání na kůži - spot-on, FRONTLINE SPOT- ON DOG (10-20KG) SOLUTION 10% W/V, FRONTLINE SPOT-ON CAT, FRONTLINE SPOT-ON CHAT, FRONTLINE SPOT-ON CHIEN XL, FRONTLINE SPOT-ON DOG (20-40KG) SOLUTION 10%W/V, FRONTLINE SPRAY (fipronil 0,25%), FRONTLINE SPRAY 2,5 mg/ml SOLUCION PARA PULVERIZACION CUTANEA, FRONTLINE SPRAY POMPE 0,5 ML, FRONTLINE SPRAY POMPE 1,5 ML, FRONTLINE SPRAY, 2.5mg/ml, Kožní sprej, roztok, FRONTLINE SPRAY, sprej za kožu, otopina, za pse i mačke, FRONTLINE Spot-on CAT, 50 mg/0,5 mL, otopina za nakapavanje, za mačke, FRONTLINE Spot-on Dog L, 268 mg/2,68 mL, otopina za nakapavanje, za pse, FRONTLINE Spot-on Dog M, 134 mg/1,34 mL, otopina za nakapavanje, za pse, FRONTLINE Spot-on Dog S, 67 mg/0,67 mL, otopina za nakapavanje, za pse, FRONTLINE Spot-on Dog XL, 402,00 mg/4,02 mL, otopina za nakapavanje, za pse, FRONTLINE Spray, 0.25g/100ml, Αερόλυμα για τοπική χρήση για σκύλους και γάτες, FRONTLINE XL, užlašinamasis tirpalas šunims, FRONTLINE kožni nanos, raztopina za male pse, FRONTLINE kožni nanos, raztopina za mačke, FRONTLINE kožni nanos, raztopina za srednje velike pse, FRONTLINE kožni nanos, raztopina za velike pse, FRONTLINE kožni nanos, raztopina za zelo velike pse, FRONTLINE spot-on pre mačky, FRONTLINE spot-on pre psy (M), FRONTLINE spot-on pre psy (S), FRONTLINE spot-on pre psy (XL), FRONTLINE spot-on pre psy L, FRONTLINE spray 2,5 mg/ml pentru câini şi pisici, FRONTLINE, odos purškalas, tirpalas, FRONTLINE, užlašinamasis tirpalas katėms, Frontline 0,25 g/100 ml külsőleges oldatos spray A.U.V., Frontline 0,5 ml - Pumpspray für Hunde und Katzen, Frontline 1,5 ml - Pumpspray für Hunde und Katzen, Frontline 134 mg/1,34 ml rácsepegtető oldat kutyáknak (M), Frontline 268 mg/2,68 ml rácsepegtető oldat kutyáknak (L), Frontline 402 mg/4,02 ml rácsepegtető oldat kutyáknak (XL), Frontline 50 mg spot on oplossing voor katten, Frontline 50 mg/ 0,5 ml rácsepegtető oldat macskáknak, Frontline 67 mg/0,67 ml rácsepegtető oldat kutyáknak S, Frontline Pour-On Vet. 100 mg/ml kutanopløsning,","Abnormal radiograph finding, Abnormal ultrasound finding, Anorexia, Arrhythmia, Cardiac enlargement, Cyanosis, Death by euthanasia, Decreased appetite, Dehydration, Fever, Fluid in abdomen NOS, Hepatic disorder NOS, Infarction, Joint effusion, Lameness, Lethargy (see also Central nervous system depression in Neurological), Leukocytosis NOS, Limping, Oedema NOS (see other SOCs for specific oedemas), Other abnormal test result NOS, Pain NOS, Pancreatitis NOS, Peritonitis, Renal disorder NOS, Stiff gait, Tachycardia, Tachypnoea, Tense abdomen, Thrombocytopenia, Vocalisation",1,1,1
US-ZZELANCORG-US201404058,"<a target=""_blank""  href=""/xmlpserver/EVVET3 PW NEW/Subject Area Contents/Public Website/Report (PDF)/AER.xdo?_xpf=&_xpt=1&_params%2FOracle%20BI%20EE%3A%3ADefaultApp%3A%3AEVVET3%20PR%20NEW%2FAER%3A%3Adimension%2FAER%20Id%3A%3Aattribute%3A%3Anoaggr%3A%3Axsd%3Adouble=390755&_xt=AER&_xf=pdf""> AER </a>",2014-03-14 00:00:00,Other health care professional,United States,FEMALE,Dog,"Dog (other), Hound - Swiss - (Lucerne Hound (Luzerner Laufhund), Schwyz Hound (Schweizer Laufhund), Bernese Hound, Jura Hound)","Metacam 0.5 mg/ml - Oral suspension (cats, guinea pigs), Metacam 0.5 mg/ml - Oral suspension (dogs), Metacam 1 mg - Chewable tablet (dogs), Metacam 1.5 mg/ml - Oral suspension (dogs), Metacam 15 mg/ml - Oral suspension (horses), Metacam 15 mg/ml - Oral suspension (pigs), Metacam 2 mg/ml - Solution for injection (cats), Metacam 2.5 mg - Chewable tablet (dogs), Metacam 20 mg/ml - Solution for injection (cattle, pigs, horses), Metacam 40 mg/ml - Solution for injection (cattle, horses), Metacam 5 mg/ml - Solution for injection (cats, dogs), Metacam 5 mg/ml - Solution for injection (cattle, pigs), Metacam 5 mg/ml - Solution for injection (dogs)","Itching, Lethargy (see also Central nervous system depression in Neurological), Seizure NOS, Skin and tissue infection NOS",1,1,
US-ZZELANCORG-US201405177,"<a target=""_blank""  href=""/xmlpserver/EVVET3 PW NEW/Subject Area Contents/Public Website/Report (PDF)/AER.xdo?_xpf=&_xpt=1&_params%2FOracle%20BI%20EE%3A%3ADefaultApp%3A%3AEVVET3%20PR%20NEW%2FAER%3A%3Adimension%2FAER%20Id%3A%3Aattribute%3A%3Anoaggr%3A%3Axsd%3Adouble=391892&_xt=AER&_xf=pdf""> AER </a>",2014-03-26 00:00:00,Other health care professional,United States,FEMALE,Dog,Maltese,"Metacam 0.5 mg/ml - Oral suspension (cats, guinea pigs), Metacam 0.5 mg/ml - Oral suspension (dogs), Metacam 1 mg - Chewable tablet (dogs), Metacam 1.5 mg/ml - Oral suspension (dogs), Metacam 15 mg/ml - Oral suspension (horses), Metacam 15 mg/ml - Oral suspension (pigs), Metacam 2 mg/ml - Solution for injection (cats), Metacam 2.5 mg - Chewable tablet (dogs), Metacam 20 mg/ml - Solution for injection (cattle, pigs, horses), Metacam 40 mg/ml - Solution for injection (cattle, horses), Metacam 5 mg/ml - Solution for injection (cats, dogs), Metacam 5 mg/ml - Solution for injection (cattle, pigs), Metacam 5 mg/ml - Solution for injection (dogs)","Anxiety, Behavioural disorder NOS, Hypothermia, Lethargy (see also Central nervous system depression in Neurological), Not eating, Panting, Restlessness, Vomiting",1,1,
US-ZZELANCORG-US201406534,"<a target=""_blank""  href=""/xmlpserver/EVVET3 PW NEW/Subject Area Contents/Public Website/Report (PDF)/AER.xdo?_xpf=&_xpt=1&_params%2FOracle%20BI%20EE%3A%3ADefaultApp%3A%3AEVVET3%20PR%20NEW%2FAER%3A%3Adimension%2FAER%20Id%3A%3Aattribute%3A%3Anoaggr%3A%3Axsd%3Adouble=394265&_xt=AER&_xf=pdf""> AER </a>",2014-04-15 00:00:00,Other health care professional,United States,MALE,Dog,Spaniel - King Charles Cavalier,"Metacam 0.5 mg/ml - Oral suspension (cats, guinea pigs), Metacam 0.5 mg/ml - Oral suspension (dogs), Metacam 1 mg - Chewable tablet (dogs), Metacam 1.5 mg/ml - Oral suspension (dogs), Metacam 15 mg/ml - Oral suspension (horses), Metacam 15 mg/ml - Oral suspension (pigs), Metacam 2 mg/ml - Solution for injection (cats), Metacam 2.5 mg - Chewable tablet (dogs), Metacam 20 mg/ml - Solution for injection (cattle, pigs, horses), Metacam 40 mg/ml - Solution for injection (cattle, horses), Metacam 5 mg/ml - Solution for injection (cats, dogs), Metacam 5 mg/ml - Solution for injection (cattle, pigs), Metacam 5 mg/ml - Solution for injection (dogs), RIMADYL 100 mg COMPRIMIDOS MASTICABLES PARA PERROS, RIMADYL 100 mg comprimate pentru câini, RIMADYL 100 mg, kramtomosios tabletės šunims, RIMADYL 100MG/TAB ΜΑΣΩΜΕΝΟ ΔΙΣΚΙΟ, RIMADYL 20 mg COMPRIMIDOS MASTICABLES PARA PERROS, RIMADYL 20 mg, kramtomosios tabletės šunims, RIMADYL 20MG/TAB ΜΑΣΩΜΕΝΟ ΔΙΣΚΙΟ, RIMADYL 50 mg COMPRIMIDOS MASTICABLES PARA PERROS, RIMADYL 50 mg comprimate pentru câini, RIMADYL 50 mg, kramtomosios tabletės šunims, RIMADYL 50MG/TAB ΜΑΣΩΜΕΝΟ ΔΙΣΚΙΟ, RIMADYL 50mg/ml ενέσιμο διάλυμα για σκύλους και γάτες, RIMADYL CATTLE 50 mg/ml, injekcinis tirpalas galvijams, RIMADYL Cattle 50 mg/ml Solution for Injection, RIMADYL INJECTABLE SOLUTION INJECTABLE POUR CHATS ET CHIENS, RIMADYL Injection 50mg/ml Διαυγές αποστειρωμένο ενέσιμο διάλυμα για σκύλους και γάτες, RIMADYL SMAKELIJKE TABLETTEN 100 mg voor honden, RIMADYL SMAKELIJKE TABLETTEN 50 mg voor honden, RIMADYL VET 50 mg/ml injektioneste, liuos, RIMADYL vet 100 mg purutabletti, RIMADYL vet 20 mg purutabletti, RIMADYL vet 50 mg purutabletti, Rimadyl 100 mg - Kautabletten für Hunde, Rimadyl 100 mg Comprimés Appétents 100 mg Tablet, Rimadyl 100 mg Kautablette für Hunde, Rimadyl 100 mg comprimidos mastigáveis para cães, Rimadyl 100 mg comprimés appétents, 100 mg, comprimés pour chiens, Rimadyl 100 mg okusne, žvečljive tablete za pse, Rimadyl 100 mg tabletes suņiem, Rimadyl 100 mg ízesített tabletta A.U.V., Rimadyl 20 mg - Kautabletten für Hunde, Rimadyl 20 mg Comprimés Appétents 20 mg Comprimé, Rimadyl 20 mg Comprimés Appétents 20 mg Tablet, Rimadyl 20 mg Kautablette für Hunde, Rimadyl 20 mg okusne, žvečljive tablete za pse, Rimadyl 20 mg ízesített tabletta A.U.V., Rimadyl 20 mg таблетки за кучета/Rimadyl 50 mg таблетки за кучета/Rimadyl 100 mg таблетки за кучета, Rimadyl 50 mg - Kautabletten für Hunde, Rimadyl 50 mg Comprimés Appétents 50 mg Tablet, Rimadyl 50 mg Kautablette für Hunde, Rimadyl 50 mg comprimidos mastigáveis para cães, Rimadyl 50 mg comprimés appétents, 50 mg, comprimés pour chiens, Rimadyl 50 mg košļājamās tabletes suņiem, Rimadyl 50 mg okusne, žvečljive tablete za pse, Rimadyl 50 mg ízesített tabletta A.U.V., Rimadyl 50 mg/ml - Injektionslösung für Hunde und Katzen, Rimadyl 50 mg/ml injekčný roztok, Rimadyl 50mg/ml Injektionslösung für Hunde und Katzen, Rimadyl Cattle, 50 mg/mL, otopina za injekciju, za goveda, Rimadyl Iniettabile 50 mg/ml, soluzione iniettabile per cane e gatto., Rimadyl Palatable 100 mg tablety pre psy, Rimadyl Palatable 20 mg tablety pre psy, Rimadyl Palatable 50 mg tablety pre psy, Rimadyl Palatable Tablets 100, Rimadyl Palatable Tablets 100 mg, Rimadyl Palatable Tablets 100 mg tabletes suņiem, Rimadyl Palatable Tablets 20 mg, Rimadyl Palatable Tablets 20 mg tabletes suņiem, Rimadyl Palatable Tablets 50, Rimadyl Palatable Tablets 50 mg, Rimadyl Palatable Tablets 50 mg tabletes suņiem, Rimadyl Palatable Tablets da 100 mg per cani, Rimadyl Palatable Tablets da 20 mg per cani, Rimadyl Palatable Tablets da 50 mg per cani, Rimadyl Palatable, 100mg, Žvýkací tableta, Rimadyl Palatable, 20mg, Žvýkací tableta, Rimadyl Palatable, 50mg, Žvýkací tableta, Rimadyl Solution for Injection for dogs and cats 50 mg/ml, Rimadyl Vet. 100 mg tyggetabletter, Rimadyl Vet. 20 mg tyggetabletter, Rimadyl Vet. 50 mg tyggetabletter, Rimadyl cattle 50 mg/ml oplossing voor injectie, Rimadyl injectievloeistof, 50 mg/ml voor hon","Adipsia, Anaemia NOS, Cough, Digestive tract disorder NOS, Elevated liver enzymes NOS, Heart murmur, Hepatomegaly, Immune mediated haemolytic anaemia, Lethargy (see also Central nervous system depression in Neurological), Neutrophilia, Not eating, Other abnormal test result NOS, Pale mucous membrane, Red blood cell disorder, Splenomegaly, Weight gain",1,1,1
US-ZZELANCORG-US201411401,"<a target=""_blank""  href=""/xmlpserver/EVVET3 PW NEW/Subject Area Contents/Public Website/Report (PDF)/AER.xdo?_xpf=&_xpt=1&_params%2FOracle%20BI%20EE%3A%3ADefaultApp%3A%3AEVVET3%20PR%20NEW%2FAER%3A%3Adimension%2FAER%20Id%3A%3Aattribute%3A%3Anoaggr%3A%3Axsd%3Adouble=409562&_xt=AER&_xf=pdf""> AER </a>",2014-08-22 00:00:00,Other health care professional,United States,MALE,Dog,Sheepdog - Shetland,"Metacam 0.5 mg/ml - Oral suspension (cats, guinea pigs), Metacam 0.5 mg/ml - Oral suspension (dogs), Metacam 1 mg - Chewable tablet (dogs), Metacam 1.5 mg/ml - Oral suspension (dogs), Metacam 15 mg/ml - Oral suspension (horses), Metacam 15 mg/ml - Oral suspension (pigs), Metacam 2 mg/ml - Solution for injection (cats), Metacam 2.5 mg - Chewable tablet (dogs), Metacam 20 mg/ml - Solution for injection (cattle, pigs, horses), Metacam 40 mg/ml - Solution for injection (cattle, horses), Metacam 5 mg/ml - Solution for injection (cats, dogs), Metacam 5 mg/ml - Solution for injection (cattle, pigs), Metacam 5 mg/ml - Solution for injection (dogs)","Anorexia, Behavioural disorder NOS, Bradycardia, Death, Dilated pupils, Disorientation, Dullness, Elevated liver enzymes NOS, Emesis, Hyperphosphataemia, Hypoglycaemia, Icterus, Inappropriate defecation, Inappropriate urination, Lateral recumbency, Leukocytosis NOS, Listless, Liver failure, Other abnormal test result NOS, Petechiae NOS, Twitching, Unable to stand",1,1,1
USA-BAYERBAH-2014-US0041720,"<a target=""_blank""  href=""/xmlpserver/EVVET3 PW NEW/Subject Area Contents/Public Website/Report (PDF)/AER.xdo?_xpf=&_xpt=1&_params%2FOracle%20BI%20EE%3A%3ADefaultApp%3A%3AEVVET3%20PR%20NEW%2FAER%3A%3Adimension%2FAER%20Id%3A%3Aattribute%3A%3Anoaggr%3A%3Axsd%3Adouble=410315&_xt=AER&_xf=pdf""> AER </a>",2014-09-02 00:00:00,Animal owner,United States,MALE,Dog,Retriever - Labrador,"Metacam 0.5 mg/ml - Oral suspension (cats, guinea pigs), Metacam 0.5 mg/ml - Oral suspension (dogs), Metacam 1 mg - Chewable tablet (dogs), Metacam 1.5 mg/ml - Oral suspension (dogs), Metacam 15 mg/ml - Oral suspension (horses), Metacam 15 mg/ml - Oral suspension (pigs), Metacam 2 mg/ml - Solution for injection (cats), Metacam 2.5 mg - Chewable tablet (dogs), Metacam 20 mg/ml - Solution for injection (cattle, pigs, horses), Metacam 40 mg/ml - Solution for injection (cattle, horses), Metacam 5 mg/ml - Solution for injection (cats, dogs), Metacam 5 mg/ml - Solution for injection (cattle, pigs), Metacam 5 mg/ml - Solution for injection (dogs), Seresto 4.50 g + 2.03 g, collar for dogs > 8 kg","Ataxia, Disorientation, Panting, Pica NOS, Seizure NOS, Vomiting",1,1,
USA-PFZRCVMP-2014-US-04958,"<a target=""_blank""  href=""/xmlpserver/EVVET3 PW NEW/Subject Area Contents/Public Website/Report (PDF)/AER.xdo?_xpf=&_xpt=1&_params%2FOracle%20BI%20EE%3A%3ADefaultApp%3A%3AEVVET3%20PR%20NEW%2FAER%3A%3Adimension%2FAER%20Id%3A%3Aattribute%3A%3Anoaggr%3A%3Axsd%3Adouble=389098&_xt=AER&_xf=pdf""> AER </a>",2014-02-27 00:00:00,Animal owner,United States,MALE,Dog,Terrier - Yorkshire,"Baytril vet. 100 mg/ml Injektionsvätska, lösning, Baytril vet. 25 mg/ml Injektionsvätska, lösning, Convenia 80 mg/ml  - Powder and solvent for solution for injection, Metacam 0.5 mg/ml - Oral suspension (cats, guinea pigs), Metacam 0.5 mg/ml - Oral suspension (dogs), Metacam 1 mg - Chewable tablet (dogs), Metacam 1.5 mg/ml - Oral suspension (dogs), Metacam 15 mg/ml - Oral suspension (horses), Metacam 15 mg/ml - Oral suspension (pigs), Metacam 2 mg/ml - Solution for injection (cats), Metacam 2.5 mg - Chewable tablet (dogs), Metacam 20 mg/ml - Solution for injection (cattle, pigs, horses), Metacam 40 mg/ml - Solution for injection (cattle, horses), Metacam 5 mg/ml - Solution for injection (cats, dogs), Metacam 5 mg/ml - Solution for injection (cattle, pigs), Metacam 5 mg/ml - Solution for injection (dogs), Previcox 227 mg - Chewable tablet, Previcox 57 mg - Chewable tablet, Previcox 8.2 mg/g - Oral paste, SYNULOX (200+50)MG/TAB ΔΙΣΚΙΟ, SYNULOX (40+10)MG/TAB ΔΙΣΚΙΟ, SYNULOX 140 mg/ml + 35 mg/ml suspensión inyectable, SYNULOX 200 mg/50 mg tablety pre psy a mačky, SYNULOX 200/50 mg COMPRIMIDOS APETITOSOS PARA PERROS, SYNULOX 250 COMPRIMES POUR CHIENS, SYNULOX 250 mg, SYNULOX 250 mg kramtomosios tabletės šunims ir katėms, SYNULOX 250 mg tablete za pse in mačke, SYNULOX 250mg, δισκία για σκύλους και γάτες, SYNULOX 40 mg/10 mg tablety pre psy a mačky, SYNULOX 40 mg/ml + 10 mg/ml POLVO PARA GOTAS ORALES EN SUSPENSION, SYNULOX 40/10 MG COMPRIMIDOS APETITOSOS PARA PERROS Y GATOS, SYNULOX 400 mg/100 mg tablety pre psy, SYNULOX 400/100 mg COMPRIMIDOS APETITOSOS PARA PERROS, SYNULOX 50 COMPRIMES POUR CHIENS ET CHATS, SYNULOX 50 mg, SYNULOX 50 mg kramtomosios tabletės šunims ir katėms, SYNULOX 50 mg tablete za pse in mačke, SYNULOX 500 COMPRIMES POUR CHIENS, SYNULOX 500 mg kramtomosios tabletės šunims, SYNULOX 500 mg tablete za pse, SYNULOX 500 mg, kramtomosios tabletės šunims, SYNULOX 500MG/TAB ΔΙΣΚΙΟ, SYNULOX 50mg, δισκία για σκύλους και γάτες, SYNULOX OGIVETTES POUR VEAUX, SYNULOX SUSPENSION INJECTABLE POUR BOVINS, SYNULOX VET 140 mg/ml injektioneste, suspensio koiralle, kissalle ja sialle, SYNULOX suspensão injetável para suínos, bovinos, cães e gatos, SYNULOX vet 200 mg/50 mg tabletti, koiralle ja kissalle, SYNULOX vet 40 mg/10 mg tabletti, koiralle ja kissalle, SYNULOX vet 400 mg/100 mg tabletti, koiralle, SYNULOX, 400/100mg, Tableta, Synulox 250 mg Comprimés Appétents, Synulox 250 mg Smakelijke tabletten, Synulox 250 mg tabletes suņiem un kaķiem, Synulox 250 mg, tabletid koertele ja kassidele, Synulox 250 mg, таблетки за кучета и котки, Synulox 250mg (200 mg/50 mg)  Tabletten für Hunde, Synulox 50 mg Comprimés Appétents, Synulox 50 mg Smakelijke Tabletten, Synulox 50 mg tabletes suņiem un kaķiem, Synulox 50 mg, tabletid koertele ja kassidele, Synulox 50 mg, таблетки за кучета и котки, Synulox 500 mg Bolus 400 mg - 100 mg Omhulde tablet, Synulox 500 mg Comprimés Appétents, Synulox 500 mg Smakelijke Tabletten, Synulox 500 mg tabletes suņiem, Synulox 500 mg, tabletid koertele, Synulox 500mg (400 mg/100 mg) Tabletten für Hunde, Synulox 50mg (40 mg/10 mg) Tabletten für Hunde und Katzen, Synulox Bolus 500 mg, 400 mg + 100 mg comprimés enrobés pour veaux, Synulox Lactating Cow Intramammary suspension., Synulox Tabletki 250 mg, Synulox Tabletki 250 mg (200+50) mg/tablete; tabletes suņiem, Synulox Tabletki 50 mg, Synulox Tabletki 50 mg (40+10) mg/ tablete; tabletes suņiem un kaķiem, Synulox Tabletki 500 mg, Synulox Vet. til hund og kat 200 + 50 mg tabletter, Synulox Vet. til hund og kat 40 + 10 mg tabletter, Synulox Vet. til hund tabletter 400 + 100 mg, Synulox Vet. til kalve 400 + 100 mg tabletter, Synulox comprimidos palatáveis 250 mg para cães e gatos, Synulox comprimidos palatáveis 50 mg para cães e gatos, Synulox comprimidos palatáveis 500 mg para cães, Synulox vet 40 mg/ml jauhe oraalisuspensiota varten koiralle ja kissalle, Synulox vet. 200 mg tabletter for hund og katt, Synulox vet. 200 mg/50 mg Tablett, Synulox vet. 40 mg tabletter fo","Anaemia NOS, Anorexia, Bruising, Elevated serum alkaline phosphatase (ALP), Haematemesis, Haematuria, Haemorrhage NOS, Melaena, Oedema NOS (see other SOCs for specific oedemas), Thrombocytopenia",1,1,
USA-PFZRCVMP-2014-US-10271,"<a target=""_blank""  href=""/xmlpserver/EVVET3 PW NEW/Subject Area Contents/Public Website/Report (PDF)/AER.xdo?_xpf=&_xpt=1&_params%2FOracle%20BI%20EE%3A%3ADefaultApp%3A%3AEVVET3%20PR%20NEW%2FAER%3A%3Adimension%2FAER%20Id%3A%3Aattribute%3A%3Anoaggr%3A%3Axsd%3Adouble=409412&_xt=AER&_xf=pdf""> AER </a>",2014-08-25 00:00:00,Other health care professional,United States,MALE,Dog,Retriever - Labrador,"Apoquel 16 mg - Chewable tablet, Apoquel 16 mg - Film-coated tablet, Apoquel 3.6 mg - Chewable tablet, Apoquel 3.6 mg - Film-coated tablet, Apoquel 5.4 mg - Chewable tablet, Apoquel 5.4 mg - Film-coated tablet, Dexamethasone 2 mg/mL, Dexamethasone 2 mg/ml, Dexamethasone 2 mg/ml 2 mg/ml šķīdums injekcijām zirgiem, liellopiem, aitām, kazām, cūkām, suņiem un kaķiem, Dexamethasone 2 mg/ml solution for injection for dogs, cats, cattle and horses, Dexamethasone pro inj, 2 mg/ml oplossing voor injectie voor honden en katten, Metacam 0.5 mg/ml - Oral suspension (cats, guinea pigs), Metacam 0.5 mg/ml - Oral suspension (dogs), Metacam 1 mg - Chewable tablet (dogs), Metacam 1.5 mg/ml - Oral suspension (dogs), Metacam 15 mg/ml - Oral suspension (horses), Metacam 15 mg/ml - Oral suspension (pigs), Metacam 2 mg/ml - Solution for injection (cats), Metacam 2.5 mg - Chewable tablet (dogs), Metacam 20 mg/ml - Solution for injection (cattle, pigs, horses), Metacam 40 mg/ml - Solution for injection (cattle, horses), Metacam 5 mg/ml - Solution for injection (cats, dogs), Metacam 5 mg/ml - Solution for injection (cattle, pigs), Metacam 5 mg/ml - Solution for injection (dogs), Tramadog 50 mg tablet for dogs, ДЕКСАМЕТАЗОН 2 mg/ml инжекционен разтвор",Death,1,1,1
USA-PFZRCVMP-2014-US-20840,"<a target=""_blank""  href=""/xmlpserver/EVVET3 PW NEW/Subject Area Contents/Public Website/Report (PDF)/AER.xdo?_xpf=&_xpt=1&_params%2FOracle%20BI%20EE%3A%3ADefaultApp%3A%3AEVVET3%20PR%20NEW%2FAER%3A%3Adimension%2FAER%20Id%3A%3Aattribute%3A%3Anoaggr%3A%3Axsd%3Adouble=405859&_xt=AER&_xf=pdf""> AER </a>",2014-07-28 00:00:00,Veterinarian,United States,FEMALE,Dog,Chihuahua,"Convenia 80 mg/ml  - Powder and solvent for solution for injection, Metacam 0.5 mg/ml - Oral suspension (cats, guinea pigs), Metacam 0.5 mg/ml - Oral suspension (dogs), Metacam 1 mg - Chewable tablet (dogs), Metacam 1.5 mg/ml - Oral suspension (dogs), Metacam 15 mg/ml - Oral suspension (horses), Metacam 15 mg/ml - Oral suspension (pigs), Metacam 2 mg/ml - Solution for injection (cats), Metacam 2.5 mg - Chewable tablet (dogs), Metacam 20 mg/ml - Solution for injection (cattle, pigs, horses), Metacam 40 mg/ml - Solution for injection (cattle, horses), Metacam 5 mg/ml - Solution for injection (cats, dogs), Metacam 5 mg/ml - Solution for injection (cattle, pigs), Metacam 5 mg/ml - Solution for injection (dogs), Proin 50 mg chewable tablets for dogs","Death by euthanasia, Enlarged liver, Lameness, Listless, Pain NOS, Panting, Tachycardia, Tense abdomen, Vocalisation",1,1,1
USA-PFZRCVMP-2014-US-29644,"<a target=""_blank""  href=""/xmlpserver/EVVET3 PW NEW/Subject Area Contents/Public Website/Report (PDF)/AER.xdo?_xpf=&_xpt=1&_params%2FOracle%20BI%20EE%3A%3ADefaultApp%3A%3AEVVET3%20PR%20NEW%2FAER%3A%3Adimension%2FAER%20Id%3A%3Aattribute%3A%3Anoaggr%3A%3Axsd%3Adouble=414397&_xt=AER&_xf=pdf""> AER </a>",2014-10-02 00:00:00,Veterinarian,United States,FEMALE,Dog,Dog (other),"Baytril vet. 15 mg Tablett, Baytril vet. 150 mg Tablett, Baytril vet. 50 mg Tablett, Baytril vet., 150 mg, Tablett, Convenia 80 mg/ml  - Powder and solvent for solution for injection, Dexamethasone 2 mg/mL, Dexamethasone 2 mg/ml, Dexamethasone 2 mg/ml 2 mg/ml šķīdums injekcijām zirgiem, liellopiem, aitām, kazām, cūkām, suņiem un kaķiem, Dexamethasone 2 mg/ml solution for injection for dogs, cats, cattle and horses, Dexamethasone pro inj, 2 mg/ml oplossing voor injectie voor honden en katten, Metacam 0.5 mg/ml - Oral suspension (cats, guinea pigs), Metacam 0.5 mg/ml - Oral suspension (dogs), Metacam 1 mg - Chewable tablet (dogs), Metacam 1.5 mg/ml - Oral suspension (dogs), Metacam 15 mg/ml - Oral suspension (horses), Metacam 15 mg/ml - Oral suspension (pigs), Metacam 2 mg/ml - Solution for injection (cats), Metacam 2.5 mg - Chewable tablet (dogs), Metacam 20 mg/ml - Solution for injection (cattle, pigs, horses), Metacam 40 mg/ml - Solution for injection (cattle, horses), Metacam 5 mg/ml - Solution for injection (cats, dogs), Metacam 5 mg/ml - Solution for injection (cattle, pigs), Metacam 5 mg/ml - Solution for injection (dogs), Metronidazole VET-AGRO 250 mg tabletten voor honden en katten, Vitamine k 10 mg/ml pro inj., oplossing voor injectie., ДЕКСАМЕТАЗОН 2 mg/ml инжекционен разтвор","Anaemia NOS, Bruising, Death, Diarrhoea, Fever, Haemorrhage NOS, Inappetence, Lethargy (see also Central nervous system depression in Neurological), Leukopenia NOS, Thrombocytopenia",1,1,1
USA-PFZRCVMP-2014-US-42524,"<a target=""_blank""  href=""/xmlpserver/EVVET3 PW NEW/Subject Area Contents/Public Website/Report (PDF)/AER.xdo?_xpf=&_xpt=1&_params%2FOracle%20BI%20EE%3A%3ADefaultApp%3A%3AEVVET3%20PR%20NEW%2FAER%3A%3Adimension%2FAER%20Id%3A%3Aattribute%3A%3Anoaggr%3A%3Axsd%3Adouble=423499&_xt=AER&_xf=pdf""> AER </a>",2014-12-08 00:00:00,Animal owner,United States,FEMALE,Dog,Retriever - Labrador,"Cerenia 10 mg/ml  - Solution for injection, Cerenia 16 mg  - Tablet, Cerenia 160 mg  - Tablet, Cerenia 24 mg  - Tablet, Cerenia 60 mg - Tablet, Metacam 0.5 mg/ml - Oral suspension (cats, guinea pigs), Metacam 0.5 mg/ml - Oral suspension (dogs), Metacam 1 mg - Chewable tablet (dogs), Metacam 1.5 mg/ml - Oral suspension (dogs), Metacam 15 mg/ml - Oral suspension (horses), Metacam 15 mg/ml - Oral suspension (pigs), Metacam 2 mg/ml - Solution for injection (cats), Metacam 2.5 mg - Chewable tablet (dogs), Metacam 20 mg/ml - Solution for injection (cattle, pigs, horses), Metacam 40 mg/ml - Solution for injection (cattle, horses), Metacam 5 mg/ml - Solution for injection (cats, dogs), Metacam 5 mg/ml - Solution for injection (cattle, pigs), Metacam 5 mg/ml - Solution for injection (dogs), Metronidazole VET-AGRO 250 mg tabletten voor honden en katten","Agitation, Anorexia, Collapse NOS (see also Cardio-vascular and Neurological disorders), Confusion, Death, Diarrhoea, Eye disorder NOS (for Photophobia see neurological), Hyperaemic mucosae, Lethargy (see also Central nervous system depression in Neurological), Musculoskeletal disorder NOS, Neurological signs NOS, Panting, Reduced responses, Seizure NOS, Stumbling gait, Urinary bladder disorder NOS",1,1,1
USA-USBVFDAP-2014US12032,"<a target=""_blank""  href=""/xmlpserver/EVVET3 PW NEW/Subject Area Contents/Public Website/Report (PDF)/AER.xdo?_xpf=&_xpt=1&_params%2FOracle%20BI%20EE%3A%3ADefaultApp%3A%3AEVVET3%20PR%20NEW%2FAER%3A%3Adimension%2FAER%20Id%3A%3Aattribute%3A%3Anoaggr%3A%3Axsd%3Adouble=420256&_xt=AER&_xf=pdf""> AER </a>",2014-11-13 00:00:00,Other health care professional,United States,FEMALE,Dog,Dog (other),"Dexdomitor 0.1 mg/ml - Solution for injection, Dexdomitor 0.5 mg/ml - Solution for injection, Ketamin 10 % šķīdums injekcijām suņiem un kaķiem, Ketamin 10%, Ketamin 100 mg/ml, Ketamine 10% oplossing voor injectie voor honden en katten, Ketamine 10% pro inj., oplossing voor injectie voor honden en katten, Ketamine 10% šķīdums injekcijām suņiem un kaķiem, Ketamine 10%, oplossing voor injectie voor honden en katten, Metacam 5 mg/ml - Solution for injection (cats, dogs), Metacam 5 mg/ml - Solution for injection (cattle, pigs), Metacam 5 mg/ml - Solution for injection (dogs), КЕТАМИН 10 %","Injection site inflammation, Injection site lesion",1,1,
USA-USBVFDAP-2014US12036,"<a target=""_blank""  href=""/xmlpserver/EVVET3 PW NEW/Subject Area Contents/Public Website/Report (PDF)/AER.xdo?_xpf=&_xpt=1&_params%2FOracle%20BI%20EE%3A%3ADefaultApp%3A%3AEVVET3%20PR%20NEW%2FAER%3A%3Adimension%2FAER%20Id%3A%3Aattribute%3A%3Anoaggr%3A%3Axsd%3Adouble=415728&_xt=AER&_xf=pdf""> AER </a>",2014-10-14 00:00:00,Veterinarian,United States,FEMALE,Dog,Terrier - Jack Russell,"Metacam 0.5 mg/ml - Oral suspension (cats, guinea pigs), Metacam 0.5 mg/ml - Oral suspension (dogs), Metacam 5 mg/ml - Solution for injection (cats, dogs), Metacam 5 mg/ml - Solution for injection (cattle, pigs), Metacam 5 mg/ml - Solution for injection (dogs), SYNULOX (200+50)MG/TAB ΔΙΣΚΙΟ, SYNULOX (40+10)MG/TAB ΔΙΣΚΙΟ, SYNULOX 140 mg/ml + 35 mg/ml suspensión inyectable, SYNULOX 200 mg/50 mg tablety pre psy a mačky, SYNULOX 200/50 mg COMPRIMIDOS APETITOSOS PARA PERROS, SYNULOX 250 COMPRIMES POUR CHIENS, SYNULOX 250 mg, SYNULOX 250 mg kramtomosios tabletės šunims ir katėms, SYNULOX 250 mg tablete za pse in mačke, SYNULOX 250mg, δισκία για σκύλους και γάτες, SYNULOX 40 mg/10 mg tablety pre psy a mačky, SYNULOX 40 mg/ml + 10 mg/ml POLVO PARA GOTAS ORALES EN SUSPENSION, SYNULOX 40/10 MG COMPRIMIDOS APETITOSOS PARA PERROS Y GATOS, SYNULOX 400 mg/100 mg tablety pre psy, SYNULOX 400/100 mg COMPRIMIDOS APETITOSOS PARA PERROS, SYNULOX 50 COMPRIMES POUR CHIENS ET CHATS, SYNULOX 50 mg, SYNULOX 50 mg kramtomosios tabletės šunims ir katėms, SYNULOX 50 mg tablete za pse in mačke, SYNULOX 500 COMPRIMES POUR CHIENS, SYNULOX 500 mg kramtomosios tabletės šunims, SYNULOX 500 mg tablete za pse, SYNULOX 500 mg, kramtomosios tabletės šunims, SYNULOX 500MG/TAB ΔΙΣΚΙΟ, SYNULOX 50mg, δισκία για σκύλους και γάτες, SYNULOX OGIVETTES POUR VEAUX, SYNULOX SUSPENSION INJECTABLE POUR BOVINS, SYNULOX VET 140 mg/ml injektioneste, suspensio koiralle, kissalle ja sialle, SYNULOX suspensão injetável para suínos, bovinos, cães e gatos, SYNULOX vet 200 mg/50 mg tabletti, koiralle ja kissalle, SYNULOX vet 40 mg/10 mg tabletti, koiralle ja kissalle, SYNULOX vet 400 mg/100 mg tabletti, koiralle, SYNULOX, 400/100mg, Tableta, Synulox 250 mg Comprimés Appétents, Synulox 250 mg Smakelijke tabletten, Synulox 250 mg tabletes suņiem un kaķiem, Synulox 250 mg, tabletid koertele ja kassidele, Synulox 250 mg, таблетки за кучета и котки, Synulox 250mg (200 mg/50 mg)  Tabletten für Hunde, Synulox 50 mg Comprimés Appétents, Synulox 50 mg Smakelijke Tabletten, Synulox 50 mg tabletes suņiem un kaķiem, Synulox 50 mg, tabletid koertele ja kassidele, Synulox 50 mg, таблетки за кучета и котки, Synulox 500 mg Bolus 400 mg - 100 mg Omhulde tablet, Synulox 500 mg Comprimés Appétents, Synulox 500 mg Smakelijke Tabletten, Synulox 500 mg tabletes suņiem, Synulox 500 mg, tabletid koertele, Synulox 500mg (400 mg/100 mg) Tabletten für Hunde, Synulox 50mg (40 mg/10 mg) Tabletten für Hunde und Katzen, Synulox Bolus 500 mg, 400 mg + 100 mg comprimés enrobés pour veaux, Synulox Lactating Cow Intramammary suspension., Synulox Tabletki 250 mg, Synulox Tabletki 250 mg (200+50) mg/tablete; tabletes suņiem, Synulox Tabletki 50 mg, Synulox Tabletki 50 mg (40+10) mg/ tablete; tabletes suņiem un kaķiem, Synulox Tabletki 500 mg, Synulox Vet. til hund og kat 200 + 50 mg tabletter, Synulox Vet. til hund og kat 40 + 10 mg tabletter, Synulox Vet. til hund tabletter 400 + 100 mg, Synulox Vet. til kalve 400 + 100 mg tabletter, Synulox comprimidos palatáveis 250 mg para cães e gatos, Synulox comprimidos palatáveis 50 mg para cães e gatos, Synulox comprimidos palatáveis 500 mg para cães, Synulox vet 40 mg/ml jauhe oraalisuspensiota varten koiralle ja kissalle, Synulox vet. 200 mg tabletter for hund og katt, Synulox vet. 200 mg/50 mg Tablett, Synulox vet. 40 mg tabletter for hund og katt, Synulox vet. 40 mg/10 mg Tablett, Synulox vet. 400 mg tabletter for hund, Synulox vet. 400 mg/100 mg Tablett, Synulox, 200/50mg, Tableta, Synulox, 40/10mg, Tableta, Synulox-Kalb 400 mg/100 mg Filmtabletten für Rinder (Kälber)","Elevated alanine aminotransferase (ALT), Lethargy (see also Central nervous system depression in Neurological)",1,1,
USA-USBVFDAP-2014US12062,"<a target=""_blank""  href=""/xmlpserver/EVVET3 PW NEW/Subject Area Contents/Public Website/Report (PDF)/AER.xdo?_xpf=&_xpt=1&_params%2FOracle%20BI%20EE%3A%3ADefaultApp%3A%3AEVVET3%20PR%20NEW%2FAER%3A%3Adimension%2FAER%20Id%3A%3Aattribute%3A%3Anoaggr%3A%3Axsd%3Adouble=418690&_xt=AER&_xf=pdf""> AER </a>",2014-11-04 00:00:00,Other health care professional,United States,FEMALE,Dog,Retriever - Golden,"Metacam 0.5 mg/ml - Oral suspension (cats, guinea pigs), Metacam 0.5 mg/ml - Oral suspension (dogs)","Diarrhoea, Hyperphosphataemia",1,1,
USA-USMERIAL-14US005521,"<a target=""_blank""  href=""/xmlpserver/EVVET3 PW NEW/Subject Area Contents/Public Website/Report (PDF)/AER.xdo?_xpf=&_xpt=1&_params%2FOracle%20BI%20EE%3A%3ADefaultApp%3A%3AEVVET3%20PR%20NEW%2FAER%3A%3Adimension%2FAER%20Id%3A%3Aattribute%3A%3Anoaggr%3A%3Axsd%3Adouble=388371&_xt=AER&_xf=pdf""> AER </a>",2014-02-19 00:00:00,Veterinarian,United States,FEMALE,Dog,Chihuahua,"IMMITICIDE, IMMITICIDE 25 mg/ml pó e solvente para solução injetável para cães, Metacam 0.5 mg/ml - Oral suspension (cats, guinea pigs), Metacam 0.5 mg/ml - Oral suspension (dogs), Metacam 1 mg - Chewable tablet (dogs), Metacam 1.5 mg/ml - Oral suspension (dogs), Metacam 15 mg/ml - Oral suspension (horses), Metacam 15 mg/ml - Oral suspension (pigs), Metacam 2 mg/ml - Solution for injection (cats), Metacam 2.5 mg - Chewable tablet (dogs), Metacam 20 mg/ml - Solution for injection (cattle, pigs, horses), Metacam 40 mg/ml - Solution for injection (cattle, horses), Metacam 5 mg/ml - Solution for injection (cats, dogs), Metacam 5 mg/ml - Solution for injection (cattle, pigs), Metacam 5 mg/ml - Solution for injection (dogs)","Collapse (see also Cardio-vascular and Systemic disorders), Death, Diarrhoea, Hypotension, Hypothermia, Other abnormal test result NOS, Tachycardia, Vomiting",1,1,1
USA-USMERIAL-14US019820,"<a target=""_blank""  href=""/xmlpserver/EVVET3 PW NEW/Subject Area Contents/Public Website/Report (PDF)/AER.xdo?_xpf=&_xpt=1&_params%2FOracle%20BI%20EE%3A%3ADefaultApp%3A%3AEVVET3%20PR%20NEW%2FAER%3A%3Adimension%2FAER%20Id%3A%3Aattribute%3A%3Anoaggr%3A%3Axsd%3Adouble=395942&_xt=AER&_xf=pdf""> AER </a>",2014-04-30 00:00:00,Veterinarian,United States,FEMALE,Dog,Crossbred Canine/dog,"Metacam 0.5 mg/ml - Oral suspension (cats, guinea pigs), Metacam 0.5 mg/ml - Oral suspension (dogs), Metacam 1 mg - Chewable tablet (dogs), Metacam 1.5 mg/ml - Oral suspension (dogs), Metacam 15 mg/ml - Oral suspension (horses), Metacam 15 mg/ml - Oral suspension (pigs), Metacam 2 mg/ml - Solution for injection (cats), Metacam 2.5 mg - Chewable tablet (dogs), Metacam 20 mg/ml - Solution for injection (cattle, pigs, horses), Metacam 40 mg/ml - Solution for injection (cattle, horses), Metacam 5 mg/ml - Solution for injection (cats, dogs), Metacam 5 mg/ml - Solution for injection (cattle, pigs), Metacam 5 mg/ml - Solution for injection (dogs), Previcox 57 mg - Chewable tablet","Decreased bowel movements, Elevated blood urea nitrogen (BUN), Elevated creatinine, Hyperglycaemia, Lethargy (see also Central nervous system depression in Neurological), Not eating, Other abnormal test result NOS, Shaking, Vomiting",1,1,
USA-USMERIAL-14US092411,"<a target=""_blank""  href=""/xmlpserver/EVVET3 PW NEW/Subject Area Contents/Public Website/Report (PDF)/AER.xdo?_xpf=&_xpt=1&_params%2FOracle%20BI%20EE%3A%3ADefaultApp%3A%3AEVVET3%20PR%20NEW%2FAER%3A%3Adimension%2FAER%20Id%3A%3Aattribute%3A%3Anoaggr%3A%3Axsd%3Adouble=422662&_xt=AER&_xf=pdf""> AER </a>",2014-12-02 00:00:00,Veterinarian,United States,MALE,Dog,Dog (other),"Metacam 0.5 mg/ml - Oral suspension (cats, guinea pigs), Metacam 0.5 mg/ml - Oral suspension (dogs), Metacam 1 mg - Chewable tablet (dogs), Metacam 1.5 mg/ml - Oral suspension (dogs), Metacam 15 mg/ml - Oral suspension (horses), Metacam 15 mg/ml - Oral suspension (pigs), Metacam 2 mg/ml - Solution for injection (cats), Metacam 2.5 mg - Chewable tablet (dogs), Metacam 20 mg/ml - Solution for injection (cattle, pigs, horses), Metacam 40 mg/ml - Solution for injection (cattle, horses), Metacam 5 mg/ml - Solution for injection (cats, dogs), Metacam 5 mg/ml - Solution for injection (cattle, pigs), Metacam 5 mg/ml - Solution for injection (dogs), NexGard 28.3 mg - Chewable tablet","Abdominal pain, Adrenal gland disorder NOS, Appetite loss, Bloody diarrhoea, Cardiac disorder NOS, Death, Elevated blood urea nitrogen (BUN), Elevated serum alkaline phosphatase (ALP), Febrile, Hepatic fibrosis, Hepatic vascular disorder, Hypertrophic concentric cardiomyopathy, Hypoglycaemia, Lethargy (see also Central nervous system depression in Neurological), Liver disorder NOS, Lymphoplasmacytic enteritis, Multiple organ haemorrhage, Necropsy performed, Other abnormal test result NOS, Pulmonary congestion, Pulmonary haemorrhage, Renal disorder NOS, Renal tubular disorder, Renal vascular disorder, Spleen and reticulo-endothelial system disorder NOS, Ventricular arrhythmia, Vomiting",1,1,1
USA-ZZELANCO-US201404230,"<a target=""_blank""  href=""/xmlpserver/EVVET3 PW NEW/Subject Area Contents/Public Website/Report (PDF)/AER.xdo?_xpf=&_xpt=1&_params%2FOracle%20BI%20EE%3A%3ADefaultApp%3A%3AEVVET3%20PR%20NEW%2FAER%3A%3Adimension%2FAER%20Id%3A%3Aattribute%3A%3Anoaggr%3A%3Axsd%3Adouble=391230&_xt=AER&_xf=pdf""> AER </a>",2014-03-20 00:00:00,Veterinarian,United States,FEMALE,Dog,Bulldog - French,"Metacam 0.5 mg/ml - Oral suspension (cats, guinea pigs), Metacam 0.5 mg/ml - Oral suspension (dogs), Metacam 1 mg - Chewable tablet (dogs), Metacam 1.5 mg/ml - Oral suspension (dogs), Metacam 15 mg/ml - Oral suspension (horses), Metacam 15 mg/ml - Oral suspension (pigs), Metacam 2 mg/ml - Solution for injection (cats), Metacam 2.5 mg - Chewable tablet (dogs), Metacam 20 mg/ml - Solution for injection (cattle, pigs, horses), Metacam 40 mg/ml - Solution for injection (cattle, horses), Metacam 5 mg/ml - Solution for injection (cats, dogs), Metacam 5 mg/ml - Solution for injection (cattle, pigs), Metacam 5 mg/ml - Solution for injection (dogs)","Emesis, Facial oedema, Hives (see also Skin), Localised itching",1,1,
USA-ZZELANCO-US201427794,"<a target=""_blank""  href=""/xmlpserver/EVVET3 PW NEW/Subject Area Contents/Public Website/Report (PDF)/AER.xdo?_xpf=&_xpt=1&_params%2FOracle%20BI%20EE%3A%3ADefaultApp%3A%3AEVVET3%20PR%20NEW%2FAER%3A%3Adimension%2FAER%20Id%3A%3Aattribute%3A%3Anoaggr%3A%3Axsd%3Adouble=422670&_xt=AER&_xf=pdf""> AER </a>",2014-12-02 00:00:00,Other health care professional,United States,FEMALE,Dog,Retriever - Labrador,"Metacam 0.5 mg/ml - Oral suspension (cats, guinea pigs), Metacam 0.5 mg/ml - Oral suspension (dogs), Metacam 1 mg - Chewable tablet (dogs), Metacam 1.5 mg/ml - Oral suspension (dogs), Metacam 15 mg/ml - Oral suspension (horses), Metacam 15 mg/ml - Oral suspension (pigs), Metacam 2 mg/ml - Solution for injection (cats), Metacam 2.5 mg - Chewable tablet (dogs), Metacam 20 mg/ml - Solution for injection (cattle, pigs, horses), Metacam 40 mg/ml - Solution for injection (cattle, horses), Metacam 5 mg/ml - Solution for injection (cats, dogs), Metacam 5 mg/ml - Solution for injection (cattle, pigs), Metacam 5 mg/ml - Solution for injection (dogs)","Adipsia, Anorexia, Hypothermia, Sedation prolonged, Weight loss",1,1,
USA-ZZELANCORG-US201417165,"<a target=""_blank""  href=""/xmlpserver/EVVET3 PW NEW/Subject Area Contents/Public Website/Report (PDF)/AER.xdo?_xpf=&_xpt=1&_params%2FOracle%20BI%20EE%3A%3ADefaultApp%3A%3AEVVET3%20PR%20NEW%2FAER%3A%3Adimension%2FAER%20Id%3A%3Aattribute%3A%3Anoaggr%3A%3Axsd%3Adouble=407236&_xt=AER&_xf=pdf""> AER </a>",2014-08-07 00:00:00,Veterinarian,United States,MALE,Dog,Chihuahua,"Metacam 0.5 mg/ml - Oral suspension (cats, guinea pigs), Metacam 0.5 mg/ml - Oral suspension (dogs), Metacam 1 mg - Chewable tablet (dogs), Metacam 1.5 mg/ml - Oral suspension (dogs), Metacam 15 mg/ml - Oral suspension (horses), Metacam 15 mg/ml - Oral suspension (pigs), Metacam 2 mg/ml - Solution for injection (cats), Metacam 2.5 mg - Chewable tablet (dogs), Metacam 20 mg/ml - Solution for injection (cattle, pigs, horses), Metacam 40 mg/ml - Solution for injection (cattle, horses), Metacam 5 mg/ml - Solution for injection (cats, dogs), Metacam 5 mg/ml - Solution for injection (cattle, pigs), Metacam 5 mg/ml - Solution for injection (dogs)","Anaemia NOS, Bruising, Found dead, Necropsy performed, Neutrophilia, Other abnormal test result NOS",1,1,1
USA-ZZELANCORG-US201422861,"<a target=""_blank""  href=""/xmlpserver/EVVET3 PW NEW/Subject Area Contents/Public Website/Report (PDF)/AER.xdo?_xpf=&_xpt=1&_params%2FOracle%20BI%20EE%3A%3ADefaultApp%3A%3AEVVET3%20PR%20NEW%2FAER%3A%3Adimension%2FAER%20Id%3A%3Aattribute%3A%3Anoaggr%3A%3Axsd%3Adouble=413489&_xt=AER&_xf=pdf""> AER </a>",2014-09-25 00:00:00,Other health care professional,United States,FEMALE,Dog,Siberian Husky,"Metacam 0.5 mg/ml - Oral suspension (cats, guinea pigs), Metacam 0.5 mg/ml - Oral suspension (dogs), Metacam 1 mg - Chewable tablet (dogs), Metacam 1.5 mg/ml - Oral suspension (dogs), Metacam 15 mg/ml - Oral suspension (horses), Metacam 15 mg/ml - Oral suspension (pigs), Metacam 2 mg/ml - Solution for injection (cats), Metacam 2.5 mg - Chewable tablet (dogs), Metacam 20 mg/ml - Solution for injection (cattle, pigs, horses), Metacam 40 mg/ml - Solution for injection (cattle, horses), Metacam 5 mg/ml - Solution for injection (cats, dogs), Metacam 5 mg/ml - Solution for injection (cattle, pigs), Metacam 5 mg/ml - Solution for injection (dogs)","Behavioural disorder NOS, Diarrhoea, Emesis (multiple), Heart block NOS, Pacing, Panting, Vocalisation",1,1,
USA-ZZELANCORG-US201427335,"<a target=""_blank""  href=""/xmlpserver/EVVET3 PW NEW/Subject Area Contents/Public Website/Report (PDF)/AER.xdo?_xpf=&_xpt=1&_params%2FOracle%20BI%20EE%3A%3ADefaultApp%3A%3AEVVET3%20PR%20NEW%2FAER%3A%3Adimension%2FAER%20Id%3A%3Aattribute%3A%3Anoaggr%3A%3Axsd%3Adouble=421331&_xt=AER&_xf=pdf""> AER </a>",2014-11-21 00:00:00,Veterinarian,United States,MALE,Dog,Chihuahua,"Metacam 0.5 mg/ml - Oral suspension (cats, guinea pigs), Metacam 0.5 mg/ml - Oral suspension (dogs), Metacam 1 mg - Chewable tablet (dogs), Metacam 1.5 mg/ml - Oral suspension (dogs), Metacam 15 mg/ml - Oral suspension (horses), Metacam 15 mg/ml - Oral suspension (pigs), Metacam 2 mg/ml - Solution for injection (cats), Metacam 2.5 mg - Chewable tablet (dogs), Metacam 20 mg/ml - Solution for injection (cattle, pigs, horses), Metacam 40 mg/ml - Solution for injection (cattle, horses), Metacam 5 mg/ml - Solution for injection (cats, dogs), Metacam 5 mg/ml - Solution for injection (cattle, pigs), Metacam 5 mg/ml - Solution for injection (dogs)","Anorexia, Hypoglycaemia, Hypothermia, Lethargy (see also Central nervous system depression in Neurological), Recumbency, Reduced responses",1,1,
USA-ZZELANCORG-US201428046,"<a target=""_blank""  href=""/xmlpserver/EVVET3 PW NEW/Subject Area Contents/Public Website/Report (PDF)/AER.xdo?_xpf=&_xpt=1&_params%2FOracle%20BI%20EE%3A%3ADefaultApp%3A%3AEVVET3%20PR%20NEW%2FAER%3A%3Adimension%2FAER%20Id%3A%3Aattribute%3A%3Anoaggr%3A%3Axsd%3Adouble=423463&_xt=AER&_xf=pdf""> AER </a>",2014-12-08 00:00:00,Veterinarian,United States,MALE,Dog,Chihuahua,"BAYTRIL 0,5% W/V ΠΟΣΙΜΟ ΔΙΑΛΥΜΑ, BAYTRIL 0,5% πόσιμο διάλυμα ενροφλοξακίνης για ορνίθια και γαλοπούλες, BAYTRIL 10 % SOLUTION BUVABLE, BAYTRIL 10 % SOLUTION INJECTABLE, BAYTRIL 10% W/V ΠΟΣΙΜΟ ΔΙΑΛΥΜΑ, BAYTRIL 100 mg/ml - soluţie orală, BAYTRIL 100 mg/ml SOLUCION INYECTABLE, BAYTRIL 100 mg/ml soluție injectabilă, BAYTRIL 15 mg δισκία για γάτες και σκύλους, BAYTRIL 150 mg δισκία για γάτες και σκύλους, BAYTRIL 2,5 % SOLUTION BUVABLE, BAYTRIL 2,5 % SOLUTION INJECTABLE, BAYTRIL 2,5% W/V ΕΝΕΣΙΜΟ ΔΙΑΛΥΜΑ, BAYTRIL 2,5% W/V ΠΟΣΙΜΟ ΔΙΑΛΥΜΑ, BAYTRIL 25 mg/ml SOLUCION INYECTABLE, BAYTRIL 25 mg/ml SOLUCION ORAL, BAYTRIL 5 % SOLUTION INJECTABLE, BAYTRIL 5 mg/ml SOLUCION ORAL, BAYTRIL 50 mg δισκία για γάτες και σκύλους, BAYTRIL 50 mg/ml SOLUCION INYECTABLE, BAYTRIL 50mg/ml ενέσιμο διάλυμα, BAYTRIL, 25mg/ml, Injekční roztok, BAYTRIL, 5% ενέσιμο διάλυμα για μόσχους, χοίρους, πρόβατα, αίγες, σκύλους και γάτες, BAYTRIL, 50mg/ml, Injekční roztok, Baytril  100 mg/ml Oplossing voor injectie, Baytril  100 mg/ml Solution injectable, Baytril - Das Original - 100 mg/ml Injektionslösung, Baytril - Das Original - 25 mg/ml Injektionslösung, Baytril - Das Original - 50 mg/ml Injektionslösung, Baytril 0,5 % solução oral para leitões, Baytril 0,5%, Baytril 10 % solução oral, Baytril 10%, Baytril 10% O.L., Baytril 10% Oral Solution, Baytril 100 mg/mL, otopina za injekciju, za goveda, ovce, koze i svinje, Baytril 100 mg/mL, otopina za primjenu u vodi za piće, za kokoši, purane i kuniće, Baytril 100 mg/ml - Injektionslösung für Tiere, Baytril 100 mg/ml - Lösung zum Eingeben für Hühner, Puten und Kaninchen, Baytril 100 mg/ml Oplossing voor gebruik in drinkwater, Baytril 100 mg/ml Solution buvable, Baytril 100 mg/ml Solution for Injection, Baytril 100 mg/ml koncentrat za peroralno raztopino za piščance, purane in kunce, Baytril 100 mg/ml oldat ivóvízbe keveréshez A.U.V., Baytril 100 mg/ml oplossing voor gebruik in drinkwater voor kippen, kalkoenen en konijnen, Baytril 100 mg/ml oplossing voor injectie, Baytril 100 mg/ml raztopina za injiciranje, Baytril 100 mg/ml solution for injection, Baytril 100 mg/ml soluzione iniettabile, Baytril 100 mg/ml solução injetável, Baytril 150 mg tabletta A.U.V., Baytril 2,5%, 25 mg/mL, otopina za injekciju za pse, mačke, prasad, kuniće, glodavce, gmazove i ukrasne ptice, Baytril 25 mg/ml - Injektionslösung für Tiere, Baytril 25 mg/ml - Lösung zum Eingeben für Kälber und Lämmer, Baytril 25 mg/ml Lösung zum Eingeben für Rinder (Kälber), Baytril 25 mg/ml Oplossing voor injectie, Baytril 25 mg/ml Oral Solution, Baytril 25 mg/ml Solution injectable, Baytril 25 mg/ml injekčný roztok, Baytril 25 mg/ml oldatos injekció A.U.V., Baytril 25 mg/ml oplossing voor injectie, Baytril 25 mg/ml roztwór do wstrzykiwań, Baytril 25 mg/ml solution for injection, Baytril 25 mg/ml soluzione iniettabile, Baytril 25 mg/ml soluzione iniettabile per cani, gatti, roditori e conigli da compagnia, rettili e uccelli ornamentali, Baytril 25 mg/ml soluzione orale per vitelli, ovini, caprini, suini, Baytril 25 mg/ml solução injetável, Baytril 5 mg/ml - Lösung zum Eingeben für Schweine, Baytril 5 mg/ml belsőleges oldat sertések részére A.U.V., Baytril 50 mg tabletta A.U.V., Baytril 50 mg/mL, otopina za injekciju, za telad, ovce, koze, svinje, pse i mačke, Baytril 50 mg/ml - Injektionslösung für Tiere, Baytril 50 mg/ml Oplossing voor injectie, Baytril 50 mg/ml Solution for Injection, Baytril 50 mg/ml Solution injectable, Baytril 50 mg/ml injekčný roztok, Baytril 50 mg/ml oldatos injekció A.U.V., Baytril 50 mg/ml oplossing voor injectie, Baytril 50 mg/ml raztopina za injiciranje, Baytril 50 mg/ml soluzione iniettabile, Baytril 50 mg/ml solução injetável, Baytril 50 mg/ml soluție injectabilă, Baytril Direct 100 mg/ml Injektionslösung für Rinder und Schweine, Baytril Piglet Doser 0.5% Oral Solution, Baytril Vet. 100 mg/ml injektionsvæske, opløsning, Baytril Vet. 150 mg tabletter, Baytril Vet. 25 mg/ml oral opløsning, Baytril Vet. 50 mg tabletter, Baytril Vet. 50 mg/ml i","Anaemia NOS, Anorexia, Death by euthanasia, Depression, Disturbance in attention, Elevated alanine aminotransferase (ALT), Elevated serum alkaline phosphatase (ALP), Elevated total bilirubin, Hepatic necrosis, Hypoalbuminaemia, Hypothermia, Icterus, Impaired consciousness, Leukocytosis NOS, Low platelet count, Lymphopenia, Neutrophilia, Other abnormal test result NOS, Pacing, Recumbency, Vocalisation",1,1,1
USA-ZZELANCORG-US201429142,"<a target=""_blank""  href=""/xmlpserver/EVVET3 PW NEW/Subject Area Contents/Public Website/Report (PDF)/AER.xdo?_xpf=&_xpt=1&_params%2FOracle%20BI%20EE%3A%3ADefaultApp%3A%3AEVVET3%20PR%20NEW%2FAER%3A%3Adimension%2FAER%20Id%3A%3Aattribute%3A%3Anoaggr%3A%3Axsd%3Adouble=424845&_xt=AER&_xf=pdf""> AER </a>",2014-12-18 00:00:00,Veterinarian,United States,FEMALE,Dog,Terrier - Yorkshire,"Metacam 0.5 mg/ml - Oral suspension (cats, guinea pigs), Metacam 0.5 mg/ml - Oral suspension (dogs), Metacam 1 mg - Chewable tablet (dogs), Metacam 1.5 mg/ml - Oral suspension (dogs), Metacam 15 mg/ml - Oral suspension (horses), Metacam 15 mg/ml - Oral suspension (pigs), Metacam 2 mg/ml - Solution for injection (cats), Metacam 2.5 mg - Chewable tablet (dogs), Metacam 20 mg/ml - Solution for injection (cattle, pigs, horses), Metacam 40 mg/ml - Solution for injection (cattle, horses), Metacam 5 mg/ml - Solution for injection (cats, dogs), Metacam 5 mg/ml - Solution for injection (cattle, pigs), Metacam 5 mg/ml - Solution for injection (dogs)","Cardiac arrest, Decreased heart rate, Hypothermia, Respiratory arrest, Unexplained death",1,1,1
ZA-DEBIAHP-2014ZA00001,"<a target=""_blank""  href=""/xmlpserver/EVVET3 PW NEW/Subject Area Contents/Public Website/Report (PDF)/AER.xdo?_xpf=&_xpt=1&_params%2FOracle%20BI%20EE%3A%3ADefaultApp%3A%3AEVVET3%20PR%20NEW%2FAER%3A%3Adimension%2FAER%20Id%3A%3Aattribute%3A%3Anoaggr%3A%3Axsd%3Adouble=385750&_xt=AER&_xf=pdf""> AER </a>",2014-01-23 00:00:00,Veterinarian,South Africa,MALE,Dog,Ridgeback - Rhodesian,"Metacam 0.5 mg/ml - Oral suspension (cats, guinea pigs), Metacam 0.5 mg/ml - Oral suspension (dogs), Metacam 1.5 mg/ml - Oral suspension (dogs), Metacam 15 mg/ml - Oral suspension (horses), Metacam 15 mg/ml - Oral suspension (pigs)",Vomiting,1,1,