Case number,AER form,Received date,Reporter,Country,Gender,Species,Breed,Drug,Reaction,Animals affected,Animals treated,Animals died
AT-DEBIAHP-2015AT00006,"<a target=""_blank""  href=""/xmlpserver/EVVET3 PW NEW/Subject Area Contents/Public Website/Report (PDF)/AER.xdo?_xpf=&_xpt=1&_params%2FOracle%20BI%20EE%3A%3ADefaultApp%3A%3AEVVET3%20PR%20NEW%2FAER%3A%3Adimension%2FAER%20Id%3A%3Aattribute%3A%3Anoaggr%3A%3Axsd%3Adouble=536577&_xt=AER&_xf=pdf""> AER </a>",2015-11-05 00:00:00,Animal owner,Austria,MALE,Dog,Pug,Metacam 1.5 mg/ml - Oral suspension (dogs),Reduced responses,1,1,
AU-BAYERBAH-2014-255442,"<a target=""_blank""  href=""/xmlpserver/EVVET3 PW NEW/Subject Area Contents/Public Website/Report (PDF)/AER.xdo?_xpf=&_xpt=1&_params%2FOracle%20BI%20EE%3A%3ADefaultApp%3A%3AEVVET3%20PR%20NEW%2FAER%3A%3Adimension%2FAER%20Id%3A%3Aattribute%3A%3Anoaggr%3A%3Axsd%3Adouble=426988&_xt=AER&_xf=pdf""> AER </a>",2015-01-12 00:00:00,Veterinarian,Australia,MALE,Dog,Chihuahua,"Advocate 100 mg + 25 mg - Spot-on solution, Advocate 250 mg + 62.5 mg - Spot-on solution, Advocate 40 mg + 10 mg - Spot-on solution, Advocate 40 mg + 4 mg - Spot-on solution, Advocate 400 mg + 100 mg - Spot-on solution, Advocate 80 mg + 8 mg - Spot-on solution, Combiclav Intramammary Suspension for Lactating Cows, Metacam 0.5 mg/ml - Oral suspension (cats, guinea pigs), Metacam 0.5 mg/ml - Oral suspension (dogs), Metacam 1 mg - Chewable tablet (dogs), Metacam 1.5 mg/ml - Oral suspension (dogs), Metacam 15 mg/ml - Oral suspension (horses), Metacam 15 mg/ml - Oral suspension (pigs), Metacam 2 mg/ml - Solution for injection (cats), Metacam 2.5 mg - Chewable tablet (dogs), Metacam 20 mg/ml - Solution for injection (cattle, pigs, horses), Metacam 40 mg/ml - Solution for injection (cattle, horses), Metacam 5 mg/ml - Solution for injection (cats, dogs), Metacam 5 mg/ml - Solution for injection (cattle, pigs), Metacam 5 mg/ml - Solution for injection (dogs), NOROCLAV 250 mg, comprimate, NOROCLAV INJECTION, NOROCLAV injekčná suspenzia, NOROCLAV, 200/50mg, Tableta, NOROCLAV, 40/10mg, Tableta, NOROCLAV, injekcinė suspensija, Noroclav 140/35 mg/ml szuszpenziós injekció szarvasmarhák és kutyák számáraA.U.V., Noroclav 200/50 mg tablety, Noroclav 250 mg Tablets for dogs, Noroclav 250 mg tabletta kutyák részére A.U.V., Noroclav 250 mg, tabletid koertele ja kassidele, Noroclav 40/10 mg tablety, Noroclav 400/100 Ízesített tabletta kutyák részére A.U.V., Noroclav 50 mg Tablets for Dogs and Cats, Noroclav 50 mg tabletta kutyák és macskák részére A.U.V., Noroclav 50 mg, tabletid koertele ja kassidele, Noroclav 500 mg Palatable Tablets for Dogs, Noroclav 500 mg, tabletid koertele, Noroclav Injection for Cattle and Dogs, Noroclav Injection, 140 mg + 35 mg/ml süstesuspensioon veistele, Noroclav Intramammary Suspension for Lactating Cows, Noroclav Suspension zur intramammären Anwendung bei laktierenden Kühen, Noroclav suspensija ievadīšanai tesmenī laktējošām govīm, Noroclav, Injekční suspenze, Synuclav Suspension for Injection, Нороклав 50 мг, 250 мг таблетки","Anxiety, Death by euthanasia, Pacing, Restlessness, Trembling, Vomiting",1,1,1
AU-DEBIAHP-2014AU00339,"<a target=""_blank""  href=""/xmlpserver/EVVET3 PW NEW/Subject Area Contents/Public Website/Report (PDF)/AER.xdo?_xpf=&_xpt=1&_params%2FOracle%20BI%20EE%3A%3ADefaultApp%3A%3AEVVET3%20PR%20NEW%2FAER%3A%3Adimension%2FAER%20Id%3A%3Aattribute%3A%3Anoaggr%3A%3Axsd%3Adouble=426574&_xt=AER&_xf=pdf""> AER </a>",2015-01-06 00:00:00,Animal owner,Australia,MALE,Dog,Retriever - Labrador,Metacam 2.5 mg - Chewable tablet (dogs),"Agitation, Disoriented state, Hiding, Irritability",1,1,
AU-DEBIAHP-2015AU00020,"<a target=""_blank""  href=""/xmlpserver/EVVET3 PW NEW/Subject Area Contents/Public Website/Report (PDF)/AER.xdo?_xpf=&_xpt=1&_params%2FOracle%20BI%20EE%3A%3ADefaultApp%3A%3AEVVET3%20PR%20NEW%2FAER%3A%3Adimension%2FAER%20Id%3A%3Aattribute%3A%3Anoaggr%3A%3Axsd%3Adouble=432493&_xt=AER&_xf=pdf""> AER </a>",2015-02-13 00:00:00,Veterinarian,Australia,FEMALE,Dog,Collie - Border,"Metacam 0.5 mg/ml - Oral suspension (cats, guinea pigs), Metacam 0.5 mg/ml - Oral suspension (dogs), Metacam 1.5 mg/ml - Oral suspension (dogs), Metacam 15 mg/ml - Oral suspension (horses), Metacam 15 mg/ml - Oral suspension (pigs)",Partial lack of efficacy,1,1,
AU-DEBIAHP-2015AU00067,"<a target=""_blank""  href=""/xmlpserver/EVVET3 PW NEW/Subject Area Contents/Public Website/Report (PDF)/AER.xdo?_xpf=&_xpt=1&_params%2FOracle%20BI%20EE%3A%3ADefaultApp%3A%3AEVVET3%20PR%20NEW%2FAER%3A%3Adimension%2FAER%20Id%3A%3Aattribute%3A%3Anoaggr%3A%3Axsd%3Adouble=438149&_xt=AER&_xf=pdf""> AER </a>",2015-03-26 00:00:00,Veterinarian,Australia,MALE,Dog,"Cattle Dog - Australian (blue heeler, red heeler, Queensland cattledog)",Metacam 1 mg - Chewable tablet (dogs),"Bruising, Death by euthanasia, Disseminated intravascular coagulation, Lateral recumbency, Lethargy (see also Central nervous system depression in Neurological), Mucosa petechiae, Seizure NOS, Skin petechiae",1,1,1
AU-DEBIAHP-2015AU00073,"<a target=""_blank""  href=""/xmlpserver/EVVET3 PW NEW/Subject Area Contents/Public Website/Report (PDF)/AER.xdo?_xpf=&_xpt=1&_params%2FOracle%20BI%20EE%3A%3ADefaultApp%3A%3AEVVET3%20PR%20NEW%2FAER%3A%3Adimension%2FAER%20Id%3A%3Aattribute%3A%3Anoaggr%3A%3Axsd%3Adouble=439019&_xt=AER&_xf=pdf""> AER </a>",2015-03-30 00:00:00,Veterinarian,Australia,MALE,Dog,Retriever - Labrador,"Metacam 0.5 mg/ml - Oral suspension (cats, guinea pigs), Metacam 0.5 mg/ml - Oral suspension (dogs), Metacam 1.5 mg/ml - Oral suspension (dogs), Metacam 15 mg/ml - Oral suspension (horses), Metacam 15 mg/ml - Oral suspension (pigs)","Hives (see also Skin), Vomiting",1,1,
AU-DEBIAHP-2015AU00103,"<a target=""_blank""  href=""/xmlpserver/EVVET3 PW NEW/Subject Area Contents/Public Website/Report (PDF)/AER.xdo?_xpf=&_xpt=1&_params%2FOracle%20BI%20EE%3A%3ADefaultApp%3A%3AEVVET3%20PR%20NEW%2FAER%3A%3Adimension%2FAER%20Id%3A%3Aattribute%3A%3Anoaggr%3A%3Axsd%3Adouble=451458&_xt=AER&_xf=pdf""> AER </a>",2015-05-07 00:00:00,Other health care professional,Australia,MALE,Dog,Dog (other),"Metacam 1 mg - Chewable tablet (dogs), Metacam 2 mg/ml - Solution for injection (cats), Metacam 20 mg/ml - Solution for injection (cattle, pigs, horses), Metacam 40 mg/ml - Solution for injection (cattle, horses), Metacam 5 mg/ml - Solution for injection (cats, dogs), Metacam 5 mg/ml - Solution for injection (cattle, pigs), Metacam 5 mg/ml - Solution for injection (dogs)","Anorexia, Diarrhoea, Vomiting",1,1,
AU-DEBIAHP-2015AU00164,"<a target=""_blank""  href=""/xmlpserver/EVVET3 PW NEW/Subject Area Contents/Public Website/Report (PDF)/AER.xdo?_xpf=&_xpt=1&_params%2FOracle%20BI%20EE%3A%3ADefaultApp%3A%3AEVVET3%20PR%20NEW%2FAER%3A%3Adimension%2FAER%20Id%3A%3Aattribute%3A%3Anoaggr%3A%3Axsd%3Adouble=494625&_xt=AER&_xf=pdf""> AER </a>",2015-07-30 00:00:00,Veterinarian,Australia,FEMALE,Dog,Pointing Dog - Hungarian Wire-haired (Vizsla),"Metacam 2 mg/ml - Solution for injection (cats), Metacam 20 mg/ml - Solution for injection (cattle, pigs, horses), Metacam 40 mg/ml - Solution for injection (cattle, horses), Metacam 5 mg/ml - Solution for injection (cats, dogs), Metacam 5 mg/ml - Solution for injection (cattle, pigs), Metacam 5 mg/ml - Solution for injection (dogs), NexGard 11.3 mg - Chewable tablet, NexGard 136 mg - Chewable tablet, NexGard 28.3 mg - Chewable tablet, NexGard 68 mg - Chewable tablet","Anorexia, Diarrhoea, Joint pain, Joint swelling, Lameness, Pyrexia, Shivering",1,1,
AU-DEBIAHP-2015AU00169,"<a target=""_blank""  href=""/xmlpserver/EVVET3 PW NEW/Subject Area Contents/Public Website/Report (PDF)/AER.xdo?_xpf=&_xpt=1&_params%2FOracle%20BI%20EE%3A%3ADefaultApp%3A%3AEVVET3%20PR%20NEW%2FAER%3A%3Adimension%2FAER%20Id%3A%3Aattribute%3A%3Anoaggr%3A%3Axsd%3Adouble=495972&_xt=AER&_xf=pdf""> AER </a>",2015-08-03 00:00:00,Veterinarian,Australia,MALE,Dog,Maltese,"Canex vet 2,2 % oraalipasta, Metacam 0.5 mg/ml - Oral suspension (cats, guinea pigs), Metacam 0.5 mg/ml - Oral suspension (dogs), Metacam 1.5 mg/ml - Oral suspension (dogs), Metacam 15 mg/ml - Oral suspension (horses), Metacam 15 mg/ml - Oral suspension (pigs), Metacam 2 mg/ml - Solution for injection (cats), Metacam 20 mg/ml - Solution for injection (cattle, pigs, horses), Metacam 40 mg/ml - Solution for injection (cattle, horses), Metacam 5 mg/ml - Solution for injection (cats, dogs), Metacam 5 mg/ml - Solution for injection (cattle, pigs), Metacam 5 mg/ml - Solution for injection (dogs)","Hyperaesthesia, Lethargy (see also Central nervous system depression in Neurological), Tachypnoea, Vomiting",1,1,
AU-DEBIAHP-2015AU00174,"<a target=""_blank""  href=""/xmlpserver/EVVET3 PW NEW/Subject Area Contents/Public Website/Report (PDF)/AER.xdo?_xpf=&_xpt=1&_params%2FOracle%20BI%20EE%3A%3ADefaultApp%3A%3AEVVET3%20PR%20NEW%2FAER%3A%3Adimension%2FAER%20Id%3A%3Aattribute%3A%3Anoaggr%3A%3Axsd%3Adouble=505815&_xt=AER&_xf=pdf""> AER </a>",2015-09-01 00:00:00,Veterinarian,Australia,MALE,Dog,Chihuahua,Metacam 1 mg - Chewable tablet (dogs),"Electrolyte disorder, Hypoglycaemia, Hypoproteinaemia, Inappetence, Neutrophilia, Tarry or black stool (see also haemorrhagic diarrhoea), Vomiting",1,1,
AU-DEBIAHP-2015AU00194,"<a target=""_blank""  href=""/xmlpserver/EVVET3 PW NEW/Subject Area Contents/Public Website/Report (PDF)/AER.xdo?_xpf=&_xpt=1&_params%2FOracle%20BI%20EE%3A%3ADefaultApp%3A%3AEVVET3%20PR%20NEW%2FAER%3A%3Adimension%2FAER%20Id%3A%3Aattribute%3A%3Anoaggr%3A%3Axsd%3Adouble=521274&_xt=AER&_xf=pdf""> AER </a>",2015-10-07 00:00:00,Veterinarian,Australia,MALE,Dog,Terrier - Jack Russell,Metacam 1 mg - Chewable tablet (dogs),"Blood in vomit, Musculoskeletal pain",1,1,
AU-FRMERIAL-15AU000255,"<a target=""_blank""  href=""/xmlpserver/EVVET3 PW NEW/Subject Area Contents/Public Website/Report (PDF)/AER.xdo?_xpf=&_xpt=1&_params%2FOracle%20BI%20EE%3A%3ADefaultApp%3A%3AEVVET3%20PR%20NEW%2FAER%3A%3Adimension%2FAER%20Id%3A%3Aattribute%3A%3Anoaggr%3A%3Axsd%3Adouble=484477&_xt=AER&_xf=pdf""> AER </a>",2015-06-29 00:00:00,Veterinarian,Australia,MALE,Dog,Terrier - Fox Smooth,"ACEPROMAZINE 10%/AGROSEED CANDILIDIS ενέσιμο διάλυμα 10 mg/ml για σκύλο και γάτα, Convenia 80 mg/ml  - Powder and solvent for solution for injection, Metacam 2 mg/ml - Solution for injection (cats), Metacam 20 mg/ml - Solution for injection (cattle, pigs, horses), Metacam 40 mg/ml - Solution for injection (cattle, horses), Metacam 5 mg/ml - Solution for injection (cats, dogs), Metacam 5 mg/ml - Solution for injection (cattle, pigs), Metacam 5 mg/ml - Solution for injection (dogs), Previcox 57 mg - Chewable tablet","Anaemia NOS, Azotaemia, Death by euthanasia, Hypocalcaemic condition, Inappetence, Isosthenuria, Lethargy (see also Central nervous system depression in Neurological), Leukopenia NOS, Lymphopenia, Other abnormal test result NOS, Proteinuria, Renal failure, Thrombocytopenia, Vomiting, Weight loss",1,1,1
BE-BAYERBAH-2015-295124,"<a target=""_blank""  href=""/xmlpserver/EVVET3 PW NEW/Subject Area Contents/Public Website/Report (PDF)/AER.xdo?_xpf=&_xpt=1&_params%2FOracle%20BI%20EE%3A%3ADefaultApp%3A%3AEVVET3%20PR%20NEW%2FAER%3A%3Adimension%2FAER%20Id%3A%3Aattribute%3A%3Anoaggr%3A%3Axsd%3Adouble=505480&_xt=AER&_xf=pdf""> AER </a>",2015-08-31 00:00:00,Veterinarian,Belgium,MALE,Dog,Sheepdog - Shetland,"Baytril 25 mg/ml injekčný roztok, Metacam 0.5 mg/ml - Oral suspension (cats, guinea pigs), Metacam 0.5 mg/ml - Oral suspension (dogs), Metacam 1 mg - Chewable tablet (dogs), Metacam 1.5 mg/ml - Oral suspension (dogs), Metacam 15 mg/ml - Oral suspension (horses), Metacam 15 mg/ml - Oral suspension (pigs), Metacam 2 mg/ml - Solution for injection (cats), Metacam 2.5 mg - Chewable tablet (dogs), Metacam 20 mg/ml - Solution for injection (cattle, pigs, horses), Metacam 40 mg/ml - Solution for injection (cattle, horses), Metacam 5 mg/ml - Solution for injection (cats, dogs), Metacam 5 mg/ml - Solution for injection (cattle, pigs), Metacam 5 mg/ml - Solution for injection (dogs)","Anaphylactic shock, Colitis, Death by euthanasia, Mucous stool",1,1,1
BE-DEBIAHP-2015BE00020,"<a target=""_blank""  href=""/xmlpserver/EVVET3 PW NEW/Subject Area Contents/Public Website/Report (PDF)/AER.xdo?_xpf=&_xpt=1&_params%2FOracle%20BI%20EE%3A%3ADefaultApp%3A%3AEVVET3%20PR%20NEW%2FAER%3A%3Adimension%2FAER%20Id%3A%3Aattribute%3A%3Anoaggr%3A%3Axsd%3Adouble=518185&_xt=AER&_xf=pdf""> AER </a>",2015-10-01 00:00:00,Veterinarian,Belgium,FEMALE,Dog,Terrier - Jack Russell,"Metacam 1 mg - Chewable tablet (dogs), Pexion 100 mg  - Tablet","Anxiety, Ataxia, Hyperactivity",1,1,
CA-DEBIAHP-2014CA00318,"<a target=""_blank""  href=""/xmlpserver/EVVET3 PW NEW/Subject Area Contents/Public Website/Report (PDF)/AER.xdo?_xpf=&_xpt=1&_params%2FOracle%20BI%20EE%3A%3ADefaultApp%3A%3AEVVET3%20PR%20NEW%2FAER%3A%3Adimension%2FAER%20Id%3A%3Aattribute%3A%3Anoaggr%3A%3Axsd%3Adouble=515281&_xt=AER&_xf=pdf""> AER </a>",2015-09-24 00:00:00,Veterinarian,Canada,MALE,Dog,Dog (other),"CLAVASEPTIN 40+10 MG ΔΙΣΚΙΟ, CLAVASEPTIN 400+100MG ΔΙΣΚΙΟ, CLAVASEPTIN 500MG PALATABLE TABLETS FOR DOGS, CLAVASEPTIN 50MG PALATABLE TABLETS FOR DOGS AND CATS, CLAVASEPTIN 600+150MG ΔΙΣΚΙΟ, CLAVASEPTIN 62.5 MG PALATABLE TABLETS FOR DOGS AND CATS, CLAVASEPTIN P 250 MG TABLETS FOR DOGS, CLAVASEPTIN P 62,5 MG ΔΙΣΚΙΟ, CLAVASEPTIN P 750 MG TABLETS FOR DOGS, Clavaseptin 250 mg okusne tablete za pse, Clavaseptin 250 mg, tabletid koertele, Clavaseptin 50 mg, tabletid koertele ja kassidele, Clavaseptin 500 mg, tabletid koertele, Clavaseptin 600 mg/150 mg tabletter för hund, Clavaseptin 750 mg Tabletten für Hunde, Clavaseptin 750 mg okusne tablete za pse, Clavaseptin 750 mg palatable tablets for dogs, Metacam 0.5 mg/ml - Oral suspension (cats, guinea pigs), Metacam 0.5 mg/ml - Oral suspension (dogs), Metacam 1.5 mg/ml - Oral suspension (dogs), Metacam 15 mg/ml - Oral suspension (horses), Metacam 15 mg/ml - Oral suspension (pigs)","Injection site inflammation, Injection site lump",1,1,
CA-DEBIAHP-2014CA01049,"<a target=""_blank""  href=""/xmlpserver/EVVET3 PW NEW/Subject Area Contents/Public Website/Report (PDF)/AER.xdo?_xpf=&_xpt=1&_params%2FOracle%20BI%20EE%3A%3ADefaultApp%3A%3AEVVET3%20PR%20NEW%2FAER%3A%3Adimension%2FAER%20Id%3A%3Aattribute%3A%3Anoaggr%3A%3Axsd%3Adouble=503908&_xt=AER&_xf=pdf""> AER </a>",2015-08-26 00:00:00,Veterinarian,Canada,FEMALE,Dog,Dog (other),"Ketalin 100 mg/ml oplossing voor injectie voor honden en katten, Metacam 0.5 mg/ml - Oral suspension (cats, guinea pigs), Metacam 0.5 mg/ml - Oral suspension (dogs), Metacam 1.5 mg/ml - Oral suspension (dogs), Metacam 15 mg/ml - Oral suspension (horses), Metacam 15 mg/ml - Oral suspension (pigs)","Injection site crust, Injection site erythema, Injection site necrosis, Injection site panniculitis",1,1,
CA-DEBIAHP-2014CA01397,"<a target=""_blank""  href=""/xmlpserver/EVVET3 PW NEW/Subject Area Contents/Public Website/Report (PDF)/AER.xdo?_xpf=&_xpt=1&_params%2FOracle%20BI%20EE%3A%3ADefaultApp%3A%3AEVVET3%20PR%20NEW%2FAER%3A%3Adimension%2FAER%20Id%3A%3Aattribute%3A%3Anoaggr%3A%3Axsd%3Adouble=511229&_xt=AER&_xf=pdf""> AER </a>",2015-09-16 00:00:00,Veterinarian,Canada,MALE,Dog,Schipperke,"ANTIROBE 150 MG GELULES POUR CHIENS, ANTIROBE 150MG/CAP ΚΑΨΑΚΙΟ, ΣΚΛΗΡΟ, ANTIROBE 25 MG GELULES POUR CHIENS, ANTIROBE 300 MG GELULES POUR CHIENS, ANTIROBE 300MG/CAP ΚΑΨΑΚΙΟ, ΣΚΛΗΡΟ, ANTIROBE 75 MG GELULES POUR CHIENS, ANTIROBE 75MG/CAP ΚΑΨΑΚΙΟ, ΣΚΛΗΡΟ, ANTIROBE Capsule da 150 mg per cani, ANTIROBE Capsule da 25 mg per cani e gatti, ANTIROBE Capsule da 300 mg per cani, ANTIROBE Capsule da 75 mg per cani e gatti, ANTIROBE GOUTTES SOLUTION BUVABLE POUR CHIEN ET CHAT, ANTISEDAN, ANTISEDAN 5 mg/ml SOLUCIÓN INYECTABLE PARA PERROS Y GATOS, ANTISEDAN 5 mg/ml raztopina za injiciranje za pse in mačke, ANTISEDAN 5MG/ML ΕΝΕΣΙΜΟ ΔΙΑΛΥΜΑ, ANTISEDAN SOLUTION INJECTABLE POUR CHIENS ET CHATS, ANTISEDAN, 5 mg/mL, otopina za injekciju, za pse i mačke, Antirobe 150 mg - Kapseln  für Hunde, Antirobe 150 mg Capsule, hard, Antirobe 150 mg capsules pour chiens, Antirobe 25 mg - Kapseln  für Hunde, Antirobe 25 mg Capsule, hard, Antirobe 25 mg capsules voor honden en katten, Antirobe 25 mg, capsules pour chiens et chats, Antirobe 300 mg - Kapseln für Hunde, Antirobe 300 mg Capsule, hard, Antirobe 300 mg, Capsules pour chiens, Antirobe 75 mg - Kapseln  für Hunde, Antirobe 75 mg Capsule, hard, Antirobe 75 mg, capsules pour chiens, Antirobe Vet. 150 mg kapsler, hårde, Antirobe Vet. 25 mg kapsler, hårde, Antirobe Vet. 300 mg kapsler, hårde, Antirobe Vet. 75 mg kapsler, hårde, Antirobe vet. 150 mg Kapsel, hård, Antirobe vet. 150 mg kapsel, hard til hund, Antirobe vet. 150 mg kapseli, kova koiralle, Antirobe vet. 25 mg Kapsel, hård, Antirobe vet. 25 mg kapseli, kova koiralle ja kissalle, Antirobe vet. 25 mg, kapsel, hard til hund og katt, Antirobe vet. 300 mg Kapsel, hård, Antirobe vet. 300 mg kapseli, kova koiralle, Antirobe vet. 75 mg Kapsel, hård, Antirobe vet. 75 mg kapseli, kova koiralle ja kissalle, Antirobe vet. 75 mg, kapsel, hard til hund og katt, Antisedan 5 mg/ 1 ml, roztwór do wstrzykiwań dla psów i kotów, Antisedan 5 mg/ml  Injektionslösung für Hunde und Katzen, Antisedan 5 mg/ml - Injektionslösung für Hunde und Katzen, Antisedan 5 mg/ml Oplossing voor injectie, Antisedan 5 mg/ml Solution injectable, Antisedan 5 mg/ml injekčný roztok pre psy a mačky, Antisedan 5 mg/ml oldatos injekció kutya és macska részére.A.U.V., Antisedan 5 mg/ml solution for injection, Antisedan 5 mg/ml solução injetável para cães e gatos, Antisedan Vet 5 mg/ml injekcinis tirpalas, Antisedan Vet 5 mg/ml šķīdums injekcijām, Antisedan Vet, 5 mg/ml süstelahus, Antisedan Vet. 5 mg/ml injektionsvæske, opløsning, Antisedan vet 5 mg/ml injektioneste, liuos, Antisedan vet. 5 mg/ml Injektionsvätska, lösning, Antisedan vet. 5 mg/ml Stungulyf, lausn Handa hundum og köttum., Antisedan vet. 5 mg/ml injeksjonsvæske, oppløsning, til hund og katt, Antisedan vet., 5 mg/ml, Injektionsvätska, lösning, Antisedan, 5 mg/ml oplossing voor injectie voor honden en katten, Antisedan, 5mg/ml, Injekční roztok, CLAVASEPTIN 40+10 MG ΔΙΣΚΙΟ, CLAVASEPTIN 400+100MG ΔΙΣΚΙΟ, CLAVASEPTIN 500MG PALATABLE TABLETS FOR DOGS, CLAVASEPTIN 50MG PALATABLE TABLETS FOR DOGS AND CATS, CLAVASEPTIN 600+150MG ΔΙΣΚΙΟ, CLAVASEPTIN 62.5 MG PALATABLE TABLETS FOR DOGS AND CATS, CLAVASEPTIN P 250 MG TABLETS FOR DOGS, CLAVASEPTIN P 62,5 MG ΔΙΣΚΙΟ, CLAVASEPTIN P 750 MG TABLETS FOR DOGS, Clavaseptin 250 mg okusne tablete za pse, Clavaseptin 250 mg, tabletid koertele, Clavaseptin 50 mg, tabletid koertele ja kassidele, Clavaseptin 500 mg, tabletid koertele, Clavaseptin 600 mg/150 mg tabletter för hund, Clavaseptin 750 mg Tabletten für Hunde, Clavaseptin 750 mg okusne tablete za pse, Clavaseptin 750 mg palatable tablets for dogs, Dexdomitor 0.1 mg/ml - Solution for injection, Dexdomitor 0.5 mg/ml - Solution for injection, Metacam 0.5 mg/ml - Oral suspension (cats, guinea pigs), Metacam 0.5 mg/ml - Oral suspension (dogs), Metacam 1.5 mg/ml - Oral suspension (dogs), Metacam 15 mg/ml - Oral suspension (horses), Metacam 15 mg/ml - Oral suspension (pigs), АНТИСЕДАН ВЕТ 5 mg/ml инжекционен разтвор","Anorexia, Anuria, Elevated blood urea nitrogen (BUN), Elevated creatinine, Elevated liver enzymes NOS, Elevated total bilirubin, Fever, Hyperphosphataemia, Hypoalbuminaemia, Hypocalcaemic condition, Inversion of albumin/globulin ratio, Lethargy (see also Central nervous system depression in Neurological), Leukocytosis NOS, Loose stool, Lymph node abscess, Nasal discharge, Not drinking, Renal failure, Swollen lymph node, Urinary tract infection, Vomiting",1,1,
CA-DEBIAHP-2014CA01446,"<a target=""_blank""  href=""/xmlpserver/EVVET3 PW NEW/Subject Area Contents/Public Website/Report (PDF)/AER.xdo?_xpf=&_xpt=1&_params%2FOracle%20BI%20EE%3A%3ADefaultApp%3A%3AEVVET3%20PR%20NEW%2FAER%3A%3Adimension%2FAER%20Id%3A%3Aattribute%3A%3Anoaggr%3A%3Axsd%3Adouble=489401&_xt=AER&_xf=pdf""> AER </a>",2015-07-14 00:00:00,Veterinarian,Canada,FEMALE,Dog,Shepherd Dog - German,Metacam 0.5 mg/ml - Oral suspension (dogs),"Anorexia, Dehydration, Diarrhoea, Elevated blood urea nitrogen (BUN), Elevated creatinine, Hyperphosphataemia, Lethargy (see also Central nervous system depression in Neurological), Polydipsia, Polyuria, Renal insufficiency, Vomiting",1,1,
CA-DEBIAHP-2014CA01470,"<a target=""_blank""  href=""/xmlpserver/EVVET3 PW NEW/Subject Area Contents/Public Website/Report (PDF)/AER.xdo?_xpf=&_xpt=1&_params%2FOracle%20BI%20EE%3A%3ADefaultApp%3A%3AEVVET3%20PR%20NEW%2FAER%3A%3Adimension%2FAER%20Id%3A%3Aattribute%3A%3Anoaggr%3A%3Axsd%3Adouble=426814&_xt=AER&_xf=pdf""> AER </a>",2015-01-08 00:00:00,Animal owner,Canada,MALE,Dog,Beagle,"Metacam 0.5 mg/ml - Oral suspension (cats, guinea pigs), Metacam 0.5 mg/ml - Oral suspension (dogs), Metacam 1.5 mg/ml - Oral suspension (dogs), Metacam 15 mg/ml - Oral suspension (horses), Metacam 15 mg/ml - Oral suspension (pigs)","Aggression, Confusion, Death by euthanasia, Lack of efficacy - NOS, Lethargy (see also Central nervous system depression in Neurological), Urinary incontinence",1,1,1
CA-DEBIAHP-2015CA00024,"<a target=""_blank""  href=""/xmlpserver/EVVET3 PW NEW/Subject Area Contents/Public Website/Report (PDF)/AER.xdo?_xpf=&_xpt=1&_params%2FOracle%20BI%20EE%3A%3ADefaultApp%3A%3AEVVET3%20PR%20NEW%2FAER%3A%3Adimension%2FAER%20Id%3A%3Aattribute%3A%3Anoaggr%3A%3Axsd%3Adouble=428029&_xt=AER&_xf=pdf""> AER </a>",2015-01-20 00:00:00,Veterinarian,Canada,MALE,Dog,Beagle,"ANTISEDAN, ANTISEDAN 5 mg/ml SOLUCIÓN INYECTABLE PARA PERROS Y GATOS, ANTISEDAN 5 mg/ml raztopina za injiciranje za pse in mačke, ANTISEDAN 5MG/ML ΕΝΕΣΙΜΟ ΔΙΑΛΥΜΑ, ANTISEDAN SOLUTION INJECTABLE POUR CHIENS ET CHATS, ANTISEDAN, 5 mg/mL, otopina za injekciju, za pse i mačke, Antisedan 5 mg/ 1 ml, roztwór do wstrzykiwań dla psów i kotów, Antisedan 5 mg/ml  Injektionslösung für Hunde und Katzen, Antisedan 5 mg/ml - Injektionslösung für Hunde und Katzen, Antisedan 5 mg/ml Oplossing voor injectie, Antisedan 5 mg/ml Solution injectable, Antisedan 5 mg/ml injekčný roztok pre psy a mačky, Antisedan 5 mg/ml oldatos injekció kutya és macska részére.A.U.V., Antisedan 5 mg/ml solution for injection, Antisedan 5 mg/ml solução injetável para cães e gatos, Antisedan Vet 5 mg/ml injekcinis tirpalas, Antisedan Vet 5 mg/ml šķīdums injekcijām, Antisedan Vet, 5 mg/ml süstelahus, Antisedan Vet. 5 mg/ml injektionsvæske, opløsning, Antisedan vet 5 mg/ml injektioneste, liuos, Antisedan vet. 5 mg/ml Injektionsvätska, lösning, Antisedan vet. 5 mg/ml Stungulyf, lausn Handa hundum og köttum., Antisedan vet. 5 mg/ml injeksjonsvæske, oppløsning, til hund og katt, Antisedan vet., 5 mg/ml, Injektionsvätska, lösning, Antisedan, 5 mg/ml oplossing voor injectie voor honden en katten, Antisedan, 5mg/ml, Injekční roztok, Dexdomitor 0.1 mg/ml - Solution for injection, Dexdomitor 0.5 mg/ml - Solution for injection, Metacam 0.5 mg/ml - Oral suspension (cats, guinea pigs), Metacam 0.5 mg/ml - Oral suspension (dogs), Metacam 1.5 mg/ml - Oral suspension (dogs), Metacam 15 mg/ml - Oral suspension (horses), Metacam 15 mg/ml - Oral suspension (pigs), АНТИСЕДАН ВЕТ 5 mg/ml инжекционен разтвор","Bloody diarrhoea, Leukocytosis NOS, Neutrophilia",1,1,
CA-DEBIAHP-2015CA00069,"<a target=""_blank""  href=""/xmlpserver/EVVET3 PW NEW/Subject Area Contents/Public Website/Report (PDF)/AER.xdo?_xpf=&_xpt=1&_params%2FOracle%20BI%20EE%3A%3ADefaultApp%3A%3AEVVET3%20PR%20NEW%2FAER%3A%3Adimension%2FAER%20Id%3A%3Aattribute%3A%3Anoaggr%3A%3Axsd%3Adouble=429174&_xt=AER&_xf=pdf""> AER </a>",2015-01-27 00:00:00,Veterinarian,Canada,MALE,Dog,Retriever - Labrador,"Metacam 0.5 mg/ml - Oral suspension (cats, guinea pigs), Metacam 0.5 mg/ml - Oral suspension (dogs), Metacam 1.5 mg/ml - Oral suspension (dogs), Metacam 15 mg/ml - Oral suspension (horses), Metacam 15 mg/ml - Oral suspension (pigs), RABISIN SUSPENSION INJECTABLE, RABISIN injekčná suspenzia, RABISIN suspenzija za injiciranje, RABISIN vet, injeksjonsvæske, suspensjon Vaksine mot rabies til dyr (inaktivert), RABISIN, Injekční suspenze, RABISIN, injekcinė suspensija, RABISIN, sospensione iniettabile per cani, gatti, equini, bovini, ovini, RABISIN, suspensie injectabilă, RABISIN, ενέσιμο εναιώρημα, RABISIN, ≥ 2,09 log10 OD50 i ≥ 1 I.J., suspenzija za injekciju za pse, mačke, pitome vretice, konje, govedo i ovce, Rabisin, Rabisin  Suspensie voor injectie, Rabisin Glikoproteiny wirusa wścieklizny nie mniej niż 1IU Zawiesina do wstrzykiwań, Rabisin Injektionssuspension für Hunde, Katzen, Marderartige, Pferde, Rinder und Schafe, Rabisin Vet. injektionsvæske, suspension, Rabisin suspensija injekcijām liellopiem, zirgiem, aitām, suņiem, kaķiem un mājas seskiem, Rabisin suspension injectable, Rabisin suspensão injectável, Rabisin vakcina A.U.V., Rabisin vet injektioneste, suspensio, Rabisin vet.  Injektionsvätska, suspension, Rabisin, Injektionssuspension für Hunde, Katzen, Marderartige, Pferde, Rinder und Schafe, Rabisin, suspensie voor injectie voor hond, kat en rund, Rabisin, süstesuspensioon, РАБИЗИН","Abdominal pain, Anorexia, Blood in vomit, Bloody diarrhoea, Weight loss",1,1,
CA-DEBIAHP-2015CA00081,"<a target=""_blank""  href=""/xmlpserver/EVVET3 PW NEW/Subject Area Contents/Public Website/Report (PDF)/AER.xdo?_xpf=&_xpt=1&_params%2FOracle%20BI%20EE%3A%3ADefaultApp%3A%3AEVVET3%20PR%20NEW%2FAER%3A%3Adimension%2FAER%20Id%3A%3Aattribute%3A%3Anoaggr%3A%3Axsd%3Adouble=429276&_xt=AER&_xf=pdf""> AER </a>",2015-01-28 00:00:00,Veterinarian,Canada,FEMALE,Dog,Shih Tzu,"Metacam 0.5 mg/ml - Oral suspension (dogs), Tramadog 50 mg tablet for dogs",Injection site alopecia,1,1,
CA-DEBIAHP-2015CA00093,"<a target=""_blank""  href=""/xmlpserver/EVVET3 PW NEW/Subject Area Contents/Public Website/Report (PDF)/AER.xdo?_xpf=&_xpt=1&_params%2FOracle%20BI%20EE%3A%3ADefaultApp%3A%3AEVVET3%20PR%20NEW%2FAER%3A%3Adimension%2FAER%20Id%3A%3Aattribute%3A%3Anoaggr%3A%3Axsd%3Adouble=506499&_xt=AER&_xf=pdf""> AER </a>",2015-09-03 00:00:00,Veterinarian,Canada,MALE,Dog,Shepherd Dog - German,"DUPLOCILLINE, Diazepam 10 mg, tabletten voor honden en katten, Diazepam 2 mg, tabletten voor honden en katten, Diazepam 5 mg, tabletten voor honden en katten, Diazepam 5 mg/ml, oplossing voor injectie voor honden en katten, Fuxien vet 1000 mg/g inhalaatiohöyry, neste, ISOFLURANE-Vet 1000 mg/g liquido per inalazione per cani e gatti, ISOFLURIN 1000mg/g ΥΓΡΟ ΓΙΑ ΕΙΣΠΝΕΟΜΕΝΟΥΣ ΑΤΜΟΥΣ, Isoflurane 100% Inhalation Vapour, Liquid, Isoflurane 1000 mg/g Inhalation Vapour, liquid., Ketalin 100 mg/ml oplossing voor injectie voor honden en katten, Metacam 0.5 mg/ml - Oral suspension (dogs), ZIAPAM 5 mg/ml, solution for injection for dogs and cats",Injection site necrosis,1,1,
CA-DEBIAHP-2015CA00105,"<a target=""_blank""  href=""/xmlpserver/EVVET3 PW NEW/Subject Area Contents/Public Website/Report (PDF)/AER.xdo?_xpf=&_xpt=1&_params%2FOracle%20BI%20EE%3A%3ADefaultApp%3A%3AEVVET3%20PR%20NEW%2FAER%3A%3Adimension%2FAER%20Id%3A%3Aattribute%3A%3Anoaggr%3A%3Axsd%3Adouble=436281&_xt=AER&_xf=pdf""> AER </a>",2015-03-12 00:00:00,Veterinarian,Canada,FEMALE,Dog,Retriever - Labrador,"ALFAXAN 10 mg/ml solution for injection for dogs and cats, Dexdomitor 0.1 mg/ml - Solution for injection, Dexdomitor 0.5 mg/ml - Solution for injection, Metacam 0.5 mg/ml - Oral suspension (dogs), Onsior 10 mg  - Tablet (dogs), Onsior 20 mg  - Tablet (dogs), Onsior 20 mg/ml  - Solution for injection (cats and dogs), Onsior 40 mg  - Tablet (dogs), Onsior 5 mg  - Tablet (dogs), Onsior 6 mg  - Tablet (cats), Torbugesic 10 mg/ml Solution for Injection, Torbugesic Vet 10 mg/ml solution injectable pour chevaux, chiens et chats, Torbugesic Vet. 10 mg/ml injektionsvæske, opløsning, Torbuphanol Vet 10 mg/ml solution for injection for injection for horses, dogs and cats, Tramadog 50 mg tablet for dogs","Anaemia NOS, Anorexia, Depression, Gastric perforation, Gastric ulcer, Peritonitis, Vomiting",1,1,
CA-DEBIAHP-2015CA00136,"<a target=""_blank""  href=""/xmlpserver/EVVET3 PW NEW/Subject Area Contents/Public Website/Report (PDF)/AER.xdo?_xpf=&_xpt=1&_params%2FOracle%20BI%20EE%3A%3ADefaultApp%3A%3AEVVET3%20PR%20NEW%2FAER%3A%3Adimension%2FAER%20Id%3A%3Aattribute%3A%3Anoaggr%3A%3Axsd%3Adouble=433881&_xt=AER&_xf=pdf""> AER </a>",2015-02-23 00:00:00,Veterinarian,Canada,UNKNOWN,Dog,Crossbred Canine/dog,"Metacam 0.5 mg/ml - Oral suspension (cats, guinea pigs), Metacam 0.5 mg/ml - Oral suspension (dogs), Metacam 1.5 mg/ml - Oral suspension (dogs), Metacam 15 mg/ml - Oral suspension (horses), Metacam 15 mg/ml - Oral suspension (pigs)","Bloody diarrhoea, Diarrhoea",1,1,
CA-DEBIAHP-2015CA00163,"<a target=""_blank""  href=""/xmlpserver/EVVET3 PW NEW/Subject Area Contents/Public Website/Report (PDF)/AER.xdo?_xpf=&_xpt=1&_params%2FOracle%20BI%20EE%3A%3ADefaultApp%3A%3AEVVET3%20PR%20NEW%2FAER%3A%3Adimension%2FAER%20Id%3A%3Aattribute%3A%3Anoaggr%3A%3Axsd%3Adouble=433352&_xt=AER&_xf=pdf""> AER </a>",2015-02-18 00:00:00,Veterinarian,Canada,MALE,Dog,Retriever - Labrador,"Anarthron 100 mg/ml Solution for Injection, Cartrophen Vet 100 mg/ml Solution for Injection., Cartrophen Vet. 100 mg/ml injektionsvæske, opløsning, Cartrophen vet, Cartrophen vet. 100 mg/ml Injektionsvätska, lösning, Cartrophen vet. 100 mg/ml injektioneste, liuos, Metacam 0.5 mg/ml - Oral suspension (cats, guinea pigs), Metacam 0.5 mg/ml - Oral suspension (dogs), Metacam 1.5 mg/ml - Oral suspension (dogs), Metacam 15 mg/ml - Oral suspension (horses), Metacam 15 mg/ml - Oral suspension (pigs)","Diarrhoea, Vomiting",1,1,
CA-DEBIAHP-2015CA00216,"<a target=""_blank""  href=""/xmlpserver/EVVET3 PW NEW/Subject Area Contents/Public Website/Report (PDF)/AER.xdo?_xpf=&_xpt=1&_params%2FOracle%20BI%20EE%3A%3ADefaultApp%3A%3AEVVET3%20PR%20NEW%2FAER%3A%3Adimension%2FAER%20Id%3A%3Aattribute%3A%3Anoaggr%3A%3Axsd%3Adouble=434441&_xt=AER&_xf=pdf""> AER </a>",2015-02-27 00:00:00,Veterinarian,Canada,MALE,Dog,Crossbred Canine/dog,"Metacam 0.5 mg/ml - Oral suspension (cats, guinea pigs), Metacam 0.5 mg/ml - Oral suspension (dogs), Metacam 1.5 mg/ml - Oral suspension (dogs), Metacam 15 mg/ml - Oral suspension (horses), Metacam 15 mg/ml - Oral suspension (pigs)",Vomiting,1,1,
CA-DEBIAHP-2015CA00231,"<a target=""_blank""  href=""/xmlpserver/EVVET3 PW NEW/Subject Area Contents/Public Website/Report (PDF)/AER.xdo?_xpf=&_xpt=1&_params%2FOracle%20BI%20EE%3A%3ADefaultApp%3A%3AEVVET3%20PR%20NEW%2FAER%3A%3Adimension%2FAER%20Id%3A%3Aattribute%3A%3Anoaggr%3A%3Axsd%3Adouble=436716&_xt=AER&_xf=pdf""> AER </a>",2015-03-16 00:00:00,Veterinarian,Canada,MALE,Dog,"Hound - Swiss - (Lucerne Hound (Luzerner Laufhund), Schwyz Hound (Schweizer Laufhund), Bernese Hound, Jura Hound)","Metacam 0.5 mg/ml - Oral suspension (cats, guinea pigs), Metacam 0.5 mg/ml - Oral suspension (dogs), Metacam 1.5 mg/ml - Oral suspension (dogs), Metacam 15 mg/ml - Oral suspension (horses), Metacam 15 mg/ml - Oral suspension (pigs)",Not drinking,1,1,
CA-DEBIAHP-2015CA00257,"<a target=""_blank""  href=""/xmlpserver/EVVET3 PW NEW/Subject Area Contents/Public Website/Report (PDF)/AER.xdo?_xpf=&_xpt=1&_params%2FOracle%20BI%20EE%3A%3ADefaultApp%3A%3AEVVET3%20PR%20NEW%2FAER%3A%3Adimension%2FAER%20Id%3A%3Aattribute%3A%3Anoaggr%3A%3Axsd%3Adouble=438042&_xt=AER&_xf=pdf""> AER </a>",2015-03-25 00:00:00,Veterinarian,Canada,FEMALE,Dog,"Hound - Swiss - (Lucerne Hound (Luzerner Laufhund), Schwyz Hound (Schweizer Laufhund), Bernese Hound, Jura Hound)","Metacam 0.5 mg/ml - Oral suspension (cats, guinea pigs), Metacam 0.5 mg/ml - Oral suspension (dogs), Metacam 1.5 mg/ml - Oral suspension (dogs), Metacam 15 mg/ml - Oral suspension (horses), Metacam 15 mg/ml - Oral suspension (pigs)","Decreased appetite, Decreased urine concentration, Elevated blood urea nitrogen (BUN), Frequent urination, Polydipsia, Polyuria",1,1,
CA-DEBIAHP-2015CA00286,"<a target=""_blank""  href=""/xmlpserver/EVVET3 PW NEW/Subject Area Contents/Public Website/Report (PDF)/AER.xdo?_xpf=&_xpt=1&_params%2FOracle%20BI%20EE%3A%3ADefaultApp%3A%3AEVVET3%20PR%20NEW%2FAER%3A%3Adimension%2FAER%20Id%3A%3Aattribute%3A%3Anoaggr%3A%3Axsd%3Adouble=437954&_xt=AER&_xf=pdf""> AER </a>",2015-03-24 00:00:00,Veterinarian,Canada,FEMALE,Dog,Schnauzer - Miniature,"ANTISEDAN, ANTISEDAN 5 mg/ml SOLUCIÓN INYECTABLE PARA PERROS Y GATOS, ANTISEDAN 5 mg/ml raztopina za injiciranje za pse in mačke, ANTISEDAN 5MG/ML ΕΝΕΣΙΜΟ ΔΙΑΛΥΜΑ, ANTISEDAN SOLUTION INJECTABLE POUR CHIENS ET CHATS, ANTISEDAN, 5 mg/mL, otopina za injekciju, za pse i mačke, Antisedan 5 mg/ 1 ml, roztwór do wstrzykiwań dla psów i kotów, Antisedan 5 mg/ml  Injektionslösung für Hunde und Katzen, Antisedan 5 mg/ml - Injektionslösung für Hunde und Katzen, Antisedan 5 mg/ml Oplossing voor injectie, Antisedan 5 mg/ml Solution injectable, Antisedan 5 mg/ml injekčný roztok pre psy a mačky, Antisedan 5 mg/ml oldatos injekció kutya és macska részére.A.U.V., Antisedan 5 mg/ml solution for injection, Antisedan 5 mg/ml solução injetável para cães e gatos, Antisedan Vet 5 mg/ml injekcinis tirpalas, Antisedan Vet 5 mg/ml šķīdums injekcijām, Antisedan Vet, 5 mg/ml süstelahus, Antisedan Vet. 5 mg/ml injektionsvæske, opløsning, Antisedan vet 5 mg/ml injektioneste, liuos, Antisedan vet. 5 mg/ml Injektionsvätska, lösning, Antisedan vet. 5 mg/ml Stungulyf, lausn Handa hundum og köttum., Antisedan vet. 5 mg/ml injeksjonsvæske, oppløsning, til hund og katt, Antisedan vet., 5 mg/ml, Injektionsvätska, lösning, Antisedan, 5 mg/ml oplossing voor injectie voor honden en katten, Antisedan, 5mg/ml, Injekční roztok, Dexdomitor 0.1 mg/ml - Solution for injection, Dexdomitor 0.5 mg/ml - Solution for injection, Metacam 0.5 mg/ml - Oral suspension (cats, guinea pigs), Metacam 0.5 mg/ml - Oral suspension (dogs), Metacam 1.5 mg/ml - Oral suspension (dogs), Metacam 15 mg/ml - Oral suspension (horses), Metacam 15 mg/ml - Oral suspension (pigs), Torbugesic 10 mg/ml Solution for Injection, Torbugesic Vet 10 mg/ml solution injectable pour chevaux, chiens et chats, Torbugesic Vet. 10 mg/ml injektionsvæske, opløsning, Torbuphanol Vet 10 mg/ml solution for injection for injection for horses, dogs and cats, АНТИСЕДАН ВЕТ 5 mg/ml инжекционен разтвор","Anorexia, Calculi, Dehydration, Elevated amylase, Elevated blood urea nitrogen (BUN), Elevated creatinine, Elevated lipase, Isosthenuria, Lethargy (see also Central nervous system depression in Neurological), Pancreas disorder, Vomiting",1,1,
CA-DEBIAHP-2015CA00296,"<a target=""_blank""  href=""/xmlpserver/EVVET3 PW NEW/Subject Area Contents/Public Website/Report (PDF)/AER.xdo?_xpf=&_xpt=1&_params%2FOracle%20BI%20EE%3A%3ADefaultApp%3A%3AEVVET3%20PR%20NEW%2FAER%3A%3Adimension%2FAER%20Id%3A%3Aattribute%3A%3Anoaggr%3A%3Axsd%3Adouble=543587&_xt=AER&_xf=pdf""> AER </a>",2015-11-24 00:00:00,Veterinarian,Canada,FEMALE,Dog,Bulldog,"Baytril vet. 100 mg/ml Injektionsvätska, lösning, Baytril vet. 15 mg Tablett, Baytril vet. 150 mg Tablett, Baytril vet. 25 mg/ml Injektionsvätska, lösning, Baytril vet. 50 mg Tablett, Baytril vet., 150 mg, Tablett, Metacam 0.5 mg/ml - Oral suspension (dogs), Torbugesic 10 mg/ml Solution for Injection, Torbugesic Vet 10 mg/ml solution injectable pour chevaux, chiens et chats, Torbugesic Vet. 10 mg/ml injektionsvæske, opløsning, Torbuphanol Vet 10 mg/ml solution for injection for injection for horses, dogs and cats","Injection site lesion, Injection site skin change NOS",1,1,
CA-DEBIAHP-2015CA00350,"<a target=""_blank""  href=""/xmlpserver/EVVET3 PW NEW/Subject Area Contents/Public Website/Report (PDF)/AER.xdo?_xpf=&_xpt=1&_params%2FOracle%20BI%20EE%3A%3ADefaultApp%3A%3AEVVET3%20PR%20NEW%2FAER%3A%3Adimension%2FAER%20Id%3A%3Aattribute%3A%3Anoaggr%3A%3Axsd%3Adouble=438096&_xt=AER&_xf=pdf""> AER </a>",2015-03-25 00:00:00,Veterinarian,Canada,MALE,Dog,Shih Tzu,"Metacam 0.5 mg/ml - Oral suspension (cats, guinea pigs), Metacam 0.5 mg/ml - Oral suspension (dogs), Metacam 1.5 mg/ml - Oral suspension (dogs), Metacam 15 mg/ml - Oral suspension (horses), Metacam 15 mg/ml - Oral suspension (pigs)","Bloody diarrhoea, Diarrhoea, Inappetence, Lethargy (see also Central nervous system depression in Neurological), Mucous stool, Vomiting",1,1,
CA-DEBIAHP-2015CA00369,"<a target=""_blank""  href=""/xmlpserver/EVVET3 PW NEW/Subject Area Contents/Public Website/Report (PDF)/AER.xdo?_xpf=&_xpt=1&_params%2FOracle%20BI%20EE%3A%3ADefaultApp%3A%3AEVVET3%20PR%20NEW%2FAER%3A%3Adimension%2FAER%20Id%3A%3Aattribute%3A%3Anoaggr%3A%3Axsd%3Adouble=441577&_xt=AER&_xf=pdf""> AER </a>",2015-04-08 00:00:00,Veterinarian,Canada,FEMALE,Dog,Retriever - Labrador,"Metacam 0.5 mg/ml - Oral suspension (cats, guinea pigs), Metacam 0.5 mg/ml - Oral suspension (dogs), Metacam 1.5 mg/ml - Oral suspension (dogs), Metacam 15 mg/ml - Oral suspension (horses), Metacam 15 mg/ml - Oral suspension (pigs), Tramadog 50 mg tablet for dogs","Abdominal pain, Acute renal failure, Anorexia, Death, Decreased urine concentration, Diarrhoea, Elevated blood urea nitrogen (BUN), Elevated creatinine, Lethargy (see also Central nervous system depression in Neurological), Non-regenerative anaemia, Not drinking, Tense abdomen, Vomiting",1,1,1
CA-DEBIAHP-2015CA00371,"<a target=""_blank""  href=""/xmlpserver/EVVET3 PW NEW/Subject Area Contents/Public Website/Report (PDF)/AER.xdo?_xpf=&_xpt=1&_params%2FOracle%20BI%20EE%3A%3ADefaultApp%3A%3AEVVET3%20PR%20NEW%2FAER%3A%3Adimension%2FAER%20Id%3A%3Aattribute%3A%3Anoaggr%3A%3Axsd%3Adouble=439376&_xt=AER&_xf=pdf""> AER </a>",2015-03-31 00:00:00,Veterinarian,Canada,FEMALE,Dog,Retriever - Labrador,"Dexdomitor 0.1 mg/ml - Solution for injection, Dexdomitor 0.5 mg/ml - Solution for injection, Metacam 0.5 mg/ml - Oral suspension (dogs)","Anorexia, Vomiting",1,1,
CA-DEBIAHP-2015CA00387,"<a target=""_blank""  href=""/xmlpserver/EVVET3 PW NEW/Subject Area Contents/Public Website/Report (PDF)/AER.xdo?_xpf=&_xpt=1&_params%2FOracle%20BI%20EE%3A%3ADefaultApp%3A%3AEVVET3%20PR%20NEW%2FAER%3A%3Adimension%2FAER%20Id%3A%3Aattribute%3A%3Anoaggr%3A%3Axsd%3Adouble=443585&_xt=AER&_xf=pdf""> AER </a>",2015-04-15 00:00:00,Veterinarian,Canada,FEMALE,Dog,Dachshund - Miniature,"CLAVASEPTIN 40+10 MG ΔΙΣΚΙΟ, CLAVASEPTIN 400+100MG ΔΙΣΚΙΟ, CLAVASEPTIN 500MG PALATABLE TABLETS FOR DOGS, CLAVASEPTIN 50MG PALATABLE TABLETS FOR DOGS AND CATS, CLAVASEPTIN 600+150MG ΔΙΣΚΙΟ, CLAVASEPTIN 62.5 MG PALATABLE TABLETS FOR DOGS AND CATS, CLAVASEPTIN P 250 MG TABLETS FOR DOGS, CLAVASEPTIN P 62,5 MG ΔΙΣΚΙΟ, CLAVASEPTIN P 750 MG TABLETS FOR DOGS, Cerenia 10 mg/ml  - Solution for injection, Cerenia 16 mg  - Tablet, Cerenia 160 mg  - Tablet, Cerenia 24 mg  - Tablet, Cerenia 60 mg - Tablet, Clavaseptin 250 mg okusne tablete za pse, Clavaseptin 250 mg, tabletid koertele, Clavaseptin 50 mg, tabletid koertele ja kassidele, Clavaseptin 500 mg, tabletid koertele, Clavaseptin 600 mg/150 mg tabletter för hund, Clavaseptin 750 mg Tabletten für Hunde, Clavaseptin 750 mg okusne tablete za pse, Clavaseptin 750 mg palatable tablets for dogs, Metacam 0.5 mg/ml - Oral suspension (cats, guinea pigs), Metacam 0.5 mg/ml - Oral suspension (dogs), Metacam 1.5 mg/ml - Oral suspension (dogs), Metacam 15 mg/ml - Oral suspension (horses), Metacam 15 mg/ml - Oral suspension (pigs)","Acute renal failure, Appetite loss, Death by euthanasia, Decreased appetite, Dehydration, Elevated blood urea nitrogen (BUN), Elevated creatinine, Endocardiosis, Eye pain, Eyeball protrusion, Eyesight trouble, Facial swelling (see also Skin), Hyperphosphataemia, Hypoproteinaemia, Lethargy (see also Central nervous system depression in Neurological), Leukocytosis NOS, Muscle weakness NOS, Necropsy performed, Vomiting",1,1,1
CA-DEBIAHP-2015CA00390,"<a target=""_blank""  href=""/xmlpserver/EVVET3 PW NEW/Subject Area Contents/Public Website/Report (PDF)/AER.xdo?_xpf=&_xpt=1&_params%2FOracle%20BI%20EE%3A%3ADefaultApp%3A%3AEVVET3%20PR%20NEW%2FAER%3A%3Adimension%2FAER%20Id%3A%3Aattribute%3A%3Anoaggr%3A%3Axsd%3Adouble=443115&_xt=AER&_xf=pdf""> AER </a>",2015-04-13 00:00:00,Veterinarian,Canada,MALE,Dog,Pointing Dog - German Short-haired,"Metacam 0.5 mg/ml - Oral suspension (cats, guinea pigs), Metacam 0.5 mg/ml - Oral suspension (dogs), Metacam 1.5 mg/ml - Oral suspension (dogs), Metacam 15 mg/ml - Oral suspension (horses), Metacam 15 mg/ml - Oral suspension (pigs), Tramadog 50 mg tablet for dogs","Anorexia, Elevated blood urea nitrogen (BUN), Elevated creatinine, Haematuria, Isosthenuria, Lethargy (see also Central nervous system depression in Neurological), Proteinuria, Vomiting",1,1,
CA-DEBIAHP-2015CA00406,"<a target=""_blank""  href=""/xmlpserver/EVVET3 PW NEW/Subject Area Contents/Public Website/Report (PDF)/AER.xdo?_xpf=&_xpt=1&_params%2FOracle%20BI%20EE%3A%3ADefaultApp%3A%3AEVVET3%20PR%20NEW%2FAER%3A%3Adimension%2FAER%20Id%3A%3Aattribute%3A%3Anoaggr%3A%3Axsd%3Adouble=442313&_xt=AER&_xf=pdf""> AER </a>",2015-04-10 00:00:00,Other health care professional,Canada,MALE,Dog,Spitz - German Pomeranian,"Metacam 0.5 mg/ml - Oral suspension (cats, guinea pigs), Metacam 0.5 mg/ml - Oral suspension (dogs), Metacam 1.5 mg/ml - Oral suspension (dogs), Metacam 15 mg/ml - Oral suspension (horses), Metacam 15 mg/ml - Oral suspension (pigs)","Anorexia, Injection site pain, Not drinking, Vomiting",1,1,
CA-DEBIAHP-2015CA00417,"<a target=""_blank""  href=""/xmlpserver/EVVET3 PW NEW/Subject Area Contents/Public Website/Report (PDF)/AER.xdo?_xpf=&_xpt=1&_params%2FOracle%20BI%20EE%3A%3ADefaultApp%3A%3AEVVET3%20PR%20NEW%2FAER%3A%3Adimension%2FAER%20Id%3A%3Aattribute%3A%3Anoaggr%3A%3Axsd%3Adouble=457890&_xt=AER&_xf=pdf""> AER </a>",2015-05-20 00:00:00,Veterinarian,Canada,MALE,Dog,Chihuahua,"ANTISEDAN, ANTISEDAN 5 mg/ml SOLUCIÓN INYECTABLE PARA PERROS Y GATOS, ANTISEDAN 5 mg/ml raztopina za injiciranje za pse in mačke, ANTISEDAN 5MG/ML ΕΝΕΣΙΜΟ ΔΙΑΛΥΜΑ, ANTISEDAN SOLUTION INJECTABLE POUR CHIENS ET CHATS, ANTISEDAN, 5 mg/mL, otopina za injekciju, za pse i mačke, Antisedan 5 mg/ 1 ml, roztwór do wstrzykiwań dla psów i kotów, Antisedan 5 mg/ml  Injektionslösung für Hunde und Katzen, Antisedan 5 mg/ml - Injektionslösung für Hunde und Katzen, Antisedan 5 mg/ml Oplossing voor injectie, Antisedan 5 mg/ml Solution injectable, Antisedan 5 mg/ml injekčný roztok pre psy a mačky, Antisedan 5 mg/ml oldatos injekció kutya és macska részére.A.U.V., Antisedan 5 mg/ml solution for injection, Antisedan 5 mg/ml solução injetável para cães e gatos, Antisedan Vet 5 mg/ml injekcinis tirpalas, Antisedan Vet 5 mg/ml šķīdums injekcijām, Antisedan Vet, 5 mg/ml süstelahus, Antisedan Vet. 5 mg/ml injektionsvæske, opløsning, Antisedan vet 5 mg/ml injektioneste, liuos, Antisedan vet. 5 mg/ml Injektionsvätska, lösning, Antisedan vet. 5 mg/ml Stungulyf, lausn Handa hundum og köttum., Antisedan vet. 5 mg/ml injeksjonsvæske, oppløsning, til hund og katt, Antisedan vet., 5 mg/ml, Injektionsvätska, lösning, Antisedan, 5 mg/ml oplossing voor injectie voor honden en katten, Antisedan, 5mg/ml, Injekční roztok, Dexdomitor 0.1 mg/ml - Solution for injection, Dexdomitor 0.5 mg/ml - Solution for injection, Metacam 0.5 mg/ml - Oral suspension (cats, guinea pigs), Metacam 0.5 mg/ml - Oral suspension (dogs), Metacam 1.5 mg/ml - Oral suspension (dogs), Metacam 15 mg/ml - Oral suspension (horses), Metacam 15 mg/ml - Oral suspension (pigs), АНТИСЕДАН ВЕТ 5 mg/ml инжекционен разтвор","Anorexia, Bloody diarrhoea, Vomiting",1,1,
CA-DEBIAHP-2015CA00434,"<a target=""_blank""  href=""/xmlpserver/EVVET3 PW NEW/Subject Area Contents/Public Website/Report (PDF)/AER.xdo?_xpf=&_xpt=1&_params%2FOracle%20BI%20EE%3A%3ADefaultApp%3A%3AEVVET3%20PR%20NEW%2FAER%3A%3Adimension%2FAER%20Id%3A%3Aattribute%3A%3Anoaggr%3A%3Axsd%3Adouble=512222&_xt=AER&_xf=pdf""> AER </a>",2015-09-18 00:00:00,Veterinarian,Canada,FEMALE,Dog,Retriever - Labrador,"ANTISEDAN, ANTISEDAN 5 mg/ml SOLUCIÓN INYECTABLE PARA PERROS Y GATOS, ANTISEDAN 5 mg/ml raztopina za injiciranje za pse in mačke, ANTISEDAN 5MG/ML ΕΝΕΣΙΜΟ ΔΙΑΛΥΜΑ, ANTISEDAN SOLUTION INJECTABLE POUR CHIENS ET CHATS, ANTISEDAN, 5 mg/mL, otopina za injekciju, za pse i mačke, Antisedan 5 mg/ 1 ml, roztwór do wstrzykiwań dla psów i kotów, Antisedan 5 mg/ml  Injektionslösung für Hunde und Katzen, Antisedan 5 mg/ml - Injektionslösung für Hunde und Katzen, Antisedan 5 mg/ml Oplossing voor injectie, Antisedan 5 mg/ml Solution injectable, Antisedan 5 mg/ml injekčný roztok pre psy a mačky, Antisedan 5 mg/ml oldatos injekció kutya és macska részére.A.U.V., Antisedan 5 mg/ml solution for injection, Antisedan 5 mg/ml solução injetável para cães e gatos, Antisedan Vet 5 mg/ml injekcinis tirpalas, Antisedan Vet 5 mg/ml šķīdums injekcijām, Antisedan Vet, 5 mg/ml süstelahus, Antisedan Vet. 5 mg/ml injektionsvæske, opløsning, Antisedan vet 5 mg/ml injektioneste, liuos, Antisedan vet. 5 mg/ml Injektionsvätska, lösning, Antisedan vet. 5 mg/ml Stungulyf, lausn Handa hundum og köttum., Antisedan vet. 5 mg/ml injeksjonsvæske, oppløsning, til hund og katt, Antisedan vet., 5 mg/ml, Injektionsvätska, lösning, Antisedan, 5 mg/ml oplossing voor injectie voor honden en katten, Antisedan, 5mg/ml, Injekční roztok, Dexdomitor 0.1 mg/ml - Solution for injection, Dexdomitor 0.5 mg/ml - Solution for injection, Metacam 0.5 mg/ml - Oral suspension (cats, guinea pigs), Metacam 0.5 mg/ml - Oral suspension (dogs), Metacam 1.5 mg/ml - Oral suspension (dogs), Metacam 15 mg/ml - Oral suspension (horses), Metacam 15 mg/ml - Oral suspension (pigs), Torbugesic 10 mg/ml Solution for Injection, Torbugesic Vet 10 mg/ml solution injectable pour chevaux, chiens et chats, Torbugesic Vet. 10 mg/ml injektionsvæske, opløsning, Torbuphanol Vet 10 mg/ml solution for injection for injection for horses, dogs and cats, АНТИСЕДАН ВЕТ 5 mg/ml инжекционен разтвор","Cough, productive, Foaming at the mouth",1,1,
CA-DEBIAHP-2015CA00474,"<a target=""_blank""  href=""/xmlpserver/EVVET3 PW NEW/Subject Area Contents/Public Website/Report (PDF)/AER.xdo?_xpf=&_xpt=1&_params%2FOracle%20BI%20EE%3A%3ADefaultApp%3A%3AEVVET3%20PR%20NEW%2FAER%3A%3Adimension%2FAER%20Id%3A%3Aattribute%3A%3Anoaggr%3A%3Axsd%3Adouble=446409&_xt=AER&_xf=pdf""> AER </a>",2015-04-24 00:00:00,Veterinarian,Canada,FEMALE,Dog,Alaskan Malamute,"ANTISEDAN, ANTISEDAN 5 mg/ml SOLUCIÓN INYECTABLE PARA PERROS Y GATOS, ANTISEDAN 5 mg/ml raztopina za injiciranje za pse in mačke, ANTISEDAN 5MG/ML ΕΝΕΣΙΜΟ ΔΙΑΛΥΜΑ, ANTISEDAN SOLUTION INJECTABLE POUR CHIENS ET CHATS, ANTISEDAN, 5 mg/mL, otopina za injekciju, za pse i mačke, Antisedan 5 mg/ 1 ml, roztwór do wstrzykiwań dla psów i kotów, Antisedan 5 mg/ml  Injektionslösung für Hunde und Katzen, Antisedan 5 mg/ml - Injektionslösung für Hunde und Katzen, Antisedan 5 mg/ml Oplossing voor injectie, Antisedan 5 mg/ml Solution injectable, Antisedan 5 mg/ml injekčný roztok pre psy a mačky, Antisedan 5 mg/ml oldatos injekció kutya és macska részére.A.U.V., Antisedan 5 mg/ml solution for injection, Antisedan 5 mg/ml solução injetável para cães e gatos, Antisedan Vet 5 mg/ml injekcinis tirpalas, Antisedan Vet 5 mg/ml šķīdums injekcijām, Antisedan Vet, 5 mg/ml süstelahus, Antisedan Vet. 5 mg/ml injektionsvæske, opløsning, Antisedan vet 5 mg/ml injektioneste, liuos, Antisedan vet. 5 mg/ml Injektionsvätska, lösning, Antisedan vet. 5 mg/ml Stungulyf, lausn Handa hundum og köttum., Antisedan vet. 5 mg/ml injeksjonsvæske, oppløsning, til hund og katt, Antisedan vet., 5 mg/ml, Injektionsvätska, lösning, Antisedan, 5 mg/ml oplossing voor injectie voor honden en katten, Antisedan, 5mg/ml, Injekční roztok, Dexdomitor 0.1 mg/ml - Solution for injection, Dexdomitor 0.5 mg/ml - Solution for injection, Diazepam 10 mg, tabletten voor honden en katten, Diazepam 2 mg, tabletten voor honden en katten, Diazepam 5 mg, tabletten voor honden en katten, Diazepam 5 mg/ml, oplossing voor injectie voor honden en katten, Ketavet 100 mg/ml Solution for Injection for Dogs, Cats and Horses, Metacam 0.5 mg/ml - Oral suspension (cats, guinea pigs), Metacam 0.5 mg/ml - Oral suspension (dogs), Metacam 1.5 mg/ml - Oral suspension (dogs), Metacam 15 mg/ml - Oral suspension (horses), Metacam 15 mg/ml - Oral suspension (pigs), Torbugesic 10 mg/ml Solution for Injection, Torbugesic Vet 10 mg/ml solution injectable pour chevaux, chiens et chats, Torbugesic Vet. 10 mg/ml injektionsvæske, opløsning, Torbuphanol Vet 10 mg/ml solution for injection for injection for horses, dogs and cats, Tramadog 50 mg tablet for dogs, ZIAPAM 5 mg/ml, solution for injection for dogs and cats, АНТИСЕДАН ВЕТ 5 mg/ml инжекционен разтвор","Diarrhoea, Vocalisation, Vomiting",1,1,
CA-DEBIAHP-2015CA00519,"<a target=""_blank""  href=""/xmlpserver/EVVET3 PW NEW/Subject Area Contents/Public Website/Report (PDF)/AER.xdo?_xpf=&_xpt=1&_params%2FOracle%20BI%20EE%3A%3ADefaultApp%3A%3AEVVET3%20PR%20NEW%2FAER%3A%3Adimension%2FAER%20Id%3A%3Aattribute%3A%3Anoaggr%3A%3Axsd%3Adouble=451492&_xt=AER&_xf=pdf""> AER </a>",2015-05-05 00:00:00,Veterinarian,Canada,MALE,Dog,Chihuahua,"Convenia 80 mg/ml  - Powder and solvent for solution for injection, Metacam 0.5 mg/ml - Oral suspension (cats, guinea pigs), Metacam 0.5 mg/ml - Oral suspension (dogs), Metacam 1.5 mg/ml - Oral suspension (dogs), Metacam 15 mg/ml - Oral suspension (horses), Metacam 15 mg/ml - Oral suspension (pigs)","Anorexia, Bacterial skin infection NOS, Erythematous rash, Vasculitis, Vomiting, Weight loss",1,1,
CA-DEBIAHP-2015CA00598,"<a target=""_blank""  href=""/xmlpserver/EVVET3 PW NEW/Subject Area Contents/Public Website/Report (PDF)/AER.xdo?_xpf=&_xpt=1&_params%2FOracle%20BI%20EE%3A%3ADefaultApp%3A%3AEVVET3%20PR%20NEW%2FAER%3A%3Adimension%2FAER%20Id%3A%3Aattribute%3A%3Anoaggr%3A%3Axsd%3Adouble=456376&_xt=AER&_xf=pdf""> AER </a>",2015-05-15 00:00:00,Veterinarian,Canada,FEMALE,Dog,Chihuahua,"ALFAXAN 10 mg/ml solution for injection for dogs and cats, CLAVASEPTIN 40+10 MG ΔΙΣΚΙΟ, CLAVASEPTIN 400+100MG ΔΙΣΚΙΟ, CLAVASEPTIN 500MG PALATABLE TABLETS FOR DOGS, CLAVASEPTIN 50MG PALATABLE TABLETS FOR DOGS AND CATS, CLAVASEPTIN 600+150MG ΔΙΣΚΙΟ, CLAVASEPTIN 62.5 MG PALATABLE TABLETS FOR DOGS AND CATS, CLAVASEPTIN P 250 MG TABLETS FOR DOGS, CLAVASEPTIN P 62,5 MG ΔΙΣΚΙΟ, CLAVASEPTIN P 750 MG TABLETS FOR DOGS, Clavaseptin 250 mg okusne tablete za pse, Clavaseptin 250 mg, tabletid koertele, Clavaseptin 50 mg, tabletid koertele ja kassidele, Clavaseptin 500 mg, tabletid koertele, Clavaseptin 600 mg/150 mg tabletter för hund, Clavaseptin 750 mg Tabletten für Hunde, Clavaseptin 750 mg okusne tablete za pse, Clavaseptin 750 mg palatable tablets for dogs, Metacam 0.5 mg/ml - Oral suspension (cats, guinea pigs), Metacam 0.5 mg/ml - Oral suspension (dogs), Metacam 1.5 mg/ml - Oral suspension (dogs), Metacam 15 mg/ml - Oral suspension (horses), Metacam 15 mg/ml - Oral suspension (pigs), Torbugesic 10 mg/ml Solution for Injection, Torbugesic Vet 10 mg/ml solution injectable pour chevaux, chiens et chats, Torbugesic Vet. 10 mg/ml injektionsvæske, opløsning, Torbuphanol Vet 10 mg/ml solution for injection for injection for horses, dogs and cats","Alopecia, Injection site erythema",1,1,
CA-DEBIAHP-2015CA00633,"<a target=""_blank""  href=""/xmlpserver/EVVET3 PW NEW/Subject Area Contents/Public Website/Report (PDF)/AER.xdo?_xpf=&_xpt=1&_params%2FOracle%20BI%20EE%3A%3ADefaultApp%3A%3AEVVET3%20PR%20NEW%2FAER%3A%3Adimension%2FAER%20Id%3A%3Aattribute%3A%3Anoaggr%3A%3Axsd%3Adouble=458972&_xt=AER&_xf=pdf""> AER </a>",2015-05-22 00:00:00,Veterinarian,Canada,MALE,Dog,Crossbred Canine/dog,"Metacam 0.5 mg/ml - Oral suspension (cats, guinea pigs), Metacam 0.5 mg/ml - Oral suspension (dogs), Metacam 1.5 mg/ml - Oral suspension (dogs), Metacam 15 mg/ml - Oral suspension (horses), Metacam 15 mg/ml - Oral suspension (pigs)","Anorexia, Diarrhoea, Lethargy (see also Central nervous system depression in Neurological), Tarry or black stool (see also haemorrhagic diarrhoea)",1,1,
CA-DEBIAHP-2015CA00682,"<a target=""_blank""  href=""/xmlpserver/EVVET3 PW NEW/Subject Area Contents/Public Website/Report (PDF)/AER.xdo?_xpf=&_xpt=1&_params%2FOracle%20BI%20EE%3A%3ADefaultApp%3A%3AEVVET3%20PR%20NEW%2FAER%3A%3Adimension%2FAER%20Id%3A%3Aattribute%3A%3Anoaggr%3A%3Axsd%3Adouble=460635&_xt=AER&_xf=pdf""> AER </a>",2015-05-27 00:00:00,Veterinarian,Canada,FEMALE,Dog,Crossbred Canine/dog,"Metacam 0.5 mg/ml - Oral suspension (cats, guinea pigs), Metacam 0.5 mg/ml - Oral suspension (dogs), Metacam 1.5 mg/ml - Oral suspension (dogs), Metacam 15 mg/ml - Oral suspension (horses), Metacam 15 mg/ml - Oral suspension (pigs)","Vocalisation, Wheezing",1,1,
CA-DEBIAHP-2015CA00697,"<a target=""_blank""  href=""/xmlpserver/EVVET3 PW NEW/Subject Area Contents/Public Website/Report (PDF)/AER.xdo?_xpf=&_xpt=1&_params%2FOracle%20BI%20EE%3A%3ADefaultApp%3A%3AEVVET3%20PR%20NEW%2FAER%3A%3Adimension%2FAER%20Id%3A%3Aattribute%3A%3Anoaggr%3A%3Axsd%3Adouble=464956&_xt=AER&_xf=pdf""> AER </a>",2015-06-09 00:00:00,Veterinarian,Canada,FEMALE,Dog,Saint Bernard Dog,"Metacam 0.5 mg/ml - Oral suspension (cats, guinea pigs), Metacam 0.5 mg/ml - Oral suspension (dogs), Metacam 1.5 mg/ml - Oral suspension (dogs), Metacam 15 mg/ml - Oral suspension (horses), Metacam 15 mg/ml - Oral suspension (pigs)","Anorexia, Blood in urine, Elevated amylase, Elevated blood urea nitrogen (BUN), Elevated creatinine, Hyperphosphataemia, Vomiting",1,1,
CA-DEBIAHP-2015CA00716,"<a target=""_blank""  href=""/xmlpserver/EVVET3 PW NEW/Subject Area Contents/Public Website/Report (PDF)/AER.xdo?_xpf=&_xpt=1&_params%2FOracle%20BI%20EE%3A%3ADefaultApp%3A%3AEVVET3%20PR%20NEW%2FAER%3A%3Adimension%2FAER%20Id%3A%3Aattribute%3A%3Anoaggr%3A%3Axsd%3Adouble=463678&_xt=AER&_xf=pdf""> AER </a>",2015-06-02 00:00:00,Veterinarian,Canada,MALE,Dog,Retriever - Labrador,"ANTISEDAN, ANTISEDAN 5 mg/ml SOLUCIÓN INYECTABLE PARA PERROS Y GATOS, ANTISEDAN 5 mg/ml raztopina za injiciranje za pse in mačke, ANTISEDAN 5MG/ML ΕΝΕΣΙΜΟ ΔΙΑΛΥΜΑ, ANTISEDAN SOLUTION INJECTABLE POUR CHIENS ET CHATS, ANTISEDAN, 5 mg/mL, otopina za injekciju, za pse i mačke, Antisedan 5 mg/ 1 ml, roztwór do wstrzykiwań dla psów i kotów, Antisedan 5 mg/ml  Injektionslösung für Hunde und Katzen, Antisedan 5 mg/ml - Injektionslösung für Hunde und Katzen, Antisedan 5 mg/ml Oplossing voor injectie, Antisedan 5 mg/ml Solution injectable, Antisedan 5 mg/ml injekčný roztok pre psy a mačky, Antisedan 5 mg/ml oldatos injekció kutya és macska részére.A.U.V., Antisedan 5 mg/ml solution for injection, Antisedan 5 mg/ml solução injetável para cães e gatos, Antisedan Vet 5 mg/ml injekcinis tirpalas, Antisedan Vet 5 mg/ml šķīdums injekcijām, Antisedan Vet, 5 mg/ml süstelahus, Antisedan Vet. 5 mg/ml injektionsvæske, opløsning, Antisedan vet 5 mg/ml injektioneste, liuos, Antisedan vet. 5 mg/ml Injektionsvätska, lösning, Antisedan vet. 5 mg/ml Stungulyf, lausn Handa hundum og köttum., Antisedan vet. 5 mg/ml injeksjonsvæske, oppløsning, til hund og katt, Antisedan vet., 5 mg/ml, Injektionsvätska, lösning, Antisedan, 5 mg/ml oplossing voor injectie voor honden en katten, Antisedan, 5mg/ml, Injekční roztok, Dexdomitor 0.1 mg/ml - Solution for injection, Dexdomitor 0.5 mg/ml - Solution for injection, Metacam 0.5 mg/ml - Oral suspension (cats, guinea pigs), Metacam 0.5 mg/ml - Oral suspension (dogs), Metacam 1.5 mg/ml - Oral suspension (dogs), Metacam 15 mg/ml - Oral suspension (horses), Metacam 15 mg/ml - Oral suspension (pigs), Torbugesic 10 mg/ml Solution for Injection, Torbugesic Vet 10 mg/ml solution injectable pour chevaux, chiens et chats, Torbugesic Vet. 10 mg/ml injektionsvæske, opløsning, Torbuphanol Vet 10 mg/ml solution for injection for injection for horses, dogs and cats, АНТИСЕДАН ВЕТ 5 mg/ml инжекционен разтвор","Anorexia, Blood in faeces, Diarrhoea, Vomiting",1,1,
CA-DEBIAHP-2015CA00721,"<a target=""_blank""  href=""/xmlpserver/EVVET3 PW NEW/Subject Area Contents/Public Website/Report (PDF)/AER.xdo?_xpf=&_xpt=1&_params%2FOracle%20BI%20EE%3A%3ADefaultApp%3A%3AEVVET3%20PR%20NEW%2FAER%3A%3Adimension%2FAER%20Id%3A%3Aattribute%3A%3Anoaggr%3A%3Axsd%3Adouble=468629&_xt=AER&_xf=pdf""> AER </a>",2015-06-16 00:00:00,Veterinarian,Canada,FEMALE,Dog,Papillon - Spaniel - Continental Toy (with erect ears or with dropped ears (Phaléne)),"Metacam 0.5 mg/ml - Oral suspension (cats, guinea pigs), Metacam 0.5 mg/ml - Oral suspension (dogs), Metacam 1.5 mg/ml - Oral suspension (dogs), Metacam 15 mg/ml - Oral suspension (horses), Metacam 15 mg/ml - Oral suspension (pigs)","Abnormal menace reflex test, Acute renal failure, Anorexia, Death by euthanasia, Decreased urine concentration, Dehydration, Dull, Electrolyte disorder, Elevated renal parameters, Hyperphosphataemia, Hypoalbuminaemia, Hypoproteinaemia, Hypothermia, Leukocytosis NOS, Limb weakness, Loose bowel, Tense abdomen, Vomiting",1,1,1
CA-DEBIAHP-2015CA00726,"<a target=""_blank""  href=""/xmlpserver/EVVET3 PW NEW/Subject Area Contents/Public Website/Report (PDF)/AER.xdo?_xpf=&_xpt=1&_params%2FOracle%20BI%20EE%3A%3ADefaultApp%3A%3AEVVET3%20PR%20NEW%2FAER%3A%3Adimension%2FAER%20Id%3A%3Aattribute%3A%3Anoaggr%3A%3Axsd%3Adouble=466278&_xt=AER&_xf=pdf""> AER </a>",2015-06-08 00:00:00,Veterinarian,Canada,FEMALE,Dog,Terrier - Yorkshire,"Metacam 0.5 mg/ml - Oral suspension (cats, guinea pigs), Metacam 0.5 mg/ml - Oral suspension (dogs), Metacam 1.5 mg/ml - Oral suspension (dogs), Metacam 15 mg/ml - Oral suspension (horses), Metacam 15 mg/ml - Oral suspension (pigs), SYNULOX (200+50)MG/TAB ΔΙΣΚΙΟ, SYNULOX (40+10)MG/TAB ΔΙΣΚΙΟ, SYNULOX 140 mg/ml + 35 mg/ml suspensión inyectable, SYNULOX 200 mg/50 mg tablety pre psy a mačky, SYNULOX 200/50 mg COMPRIMIDOS APETITOSOS PARA PERROS, SYNULOX 250 COMPRIMES POUR CHIENS, SYNULOX 250 mg, SYNULOX 250 mg kramtomosios tabletės šunims ir katėms, SYNULOX 250 mg tablete za pse in mačke, SYNULOX 250mg, δισκία για σκύλους και γάτες, SYNULOX 40 mg/10 mg tablety pre psy a mačky, SYNULOX 40 mg/ml + 10 mg/ml POLVO PARA GOTAS ORALES EN SUSPENSION, SYNULOX 40/10 MG COMPRIMIDOS APETITOSOS PARA PERROS Y GATOS, SYNULOX 400 mg/100 mg tablety pre psy, SYNULOX 400/100 mg COMPRIMIDOS APETITOSOS PARA PERROS, SYNULOX 50 COMPRIMES POUR CHIENS ET CHATS, SYNULOX 50 mg, SYNULOX 50 mg kramtomosios tabletės šunims ir katėms, SYNULOX 50 mg tablete za pse in mačke, SYNULOX 500 COMPRIMES POUR CHIENS, SYNULOX 500 mg kramtomosios tabletės šunims, SYNULOX 500 mg tablete za pse, SYNULOX 500 mg, kramtomosios tabletės šunims, SYNULOX 500MG/TAB ΔΙΣΚΙΟ, SYNULOX 50mg, δισκία για σκύλους και γάτες, SYNULOX OGIVETTES POUR VEAUX, SYNULOX SUSPENSION INJECTABLE POUR BOVINS, SYNULOX VET 140 mg/ml injektioneste, suspensio koiralle, kissalle ja sialle, SYNULOX suspensão injetável para suínos, bovinos, cães e gatos, SYNULOX vet 200 mg/50 mg tabletti, koiralle ja kissalle, SYNULOX vet 40 mg/10 mg tabletti, koiralle ja kissalle, SYNULOX vet 400 mg/100 mg tabletti, koiralle, SYNULOX, 400/100mg, Tableta, Synulox 250 mg Comprimés Appétents, Synulox 250 mg Smakelijke tabletten, Synulox 250 mg tabletes suņiem un kaķiem, Synulox 250 mg, tabletid koertele ja kassidele, Synulox 250 mg, таблетки за кучета и котки, Synulox 250mg (200 mg/50 mg)  Tabletten für Hunde, Synulox 50 mg Comprimés Appétents, Synulox 50 mg Smakelijke Tabletten, Synulox 50 mg tabletes suņiem un kaķiem, Synulox 50 mg, tabletid koertele ja kassidele, Synulox 50 mg, таблетки за кучета и котки, Synulox 500 mg Bolus 400 mg - 100 mg Omhulde tablet, Synulox 500 mg Comprimés Appétents, Synulox 500 mg Smakelijke Tabletten, Synulox 500 mg tabletes suņiem, Synulox 500 mg, tabletid koertele, Synulox 500mg (400 mg/100 mg) Tabletten für Hunde, Synulox 50mg (40 mg/10 mg) Tabletten für Hunde und Katzen, Synulox Bolus 500 mg, 400 mg + 100 mg comprimés enrobés pour veaux, Synulox Lactating Cow Intramammary suspension., Synulox Tabletki 250 mg, Synulox Tabletki 250 mg (200+50) mg/tablete; tabletes suņiem, Synulox Tabletki 50 mg, Synulox Tabletki 50 mg (40+10) mg/ tablete; tabletes suņiem un kaķiem, Synulox Tabletki 500 mg, Synulox Vet. til hund og kat 200 + 50 mg tabletter, Synulox Vet. til hund og kat 40 + 10 mg tabletter, Synulox Vet. til hund tabletter 400 + 100 mg, Synulox Vet. til kalve 400 + 100 mg tabletter, Synulox comprimidos palatáveis 250 mg para cães e gatos, Synulox comprimidos palatáveis 50 mg para cães e gatos, Synulox comprimidos palatáveis 500 mg para cães, Synulox vet 40 mg/ml jauhe oraalisuspensiota varten koiralle ja kissalle, Synulox vet. 200 mg tabletter for hund og katt, Synulox vet. 200 mg/50 mg Tablett, Synulox vet. 40 mg tabletter for hund og katt, Synulox vet. 40 mg/10 mg Tablett, Synulox vet. 400 mg tabletter for hund, Synulox vet. 400 mg/100 mg Tablett, Synulox, 200/50mg, Tableta, Synulox, 40/10mg, Tableta, Synulox-Kalb 400 mg/100 mg Filmtabletten für Rinder (Kälber)","Acute renal failure, Azotaemia, Diarrhoea, Hyperphosphataemia, Inappetence, Isosthenuria, Vomiting",1,1,
CA-DEBIAHP-2015CA00745,"<a target=""_blank""  href=""/xmlpserver/EVVET3 PW NEW/Subject Area Contents/Public Website/Report (PDF)/AER.xdo?_xpf=&_xpt=1&_params%2FOracle%20BI%20EE%3A%3ADefaultApp%3A%3AEVVET3%20PR%20NEW%2FAER%3A%3Adimension%2FAER%20Id%3A%3Aattribute%3A%3Anoaggr%3A%3Axsd%3Adouble=469081&_xt=AER&_xf=pdf""> AER </a>",2015-06-15 00:00:00,Veterinarian,Canada,MALE,Dog,Dog (other),"Dexdomitor 0.1 mg/ml - Solution for injection, Dexdomitor 0.5 mg/ml - Solution for injection, Metacam 0.5 mg/ml - Oral suspension (cats, guinea pigs), Metacam 0.5 mg/ml - Oral suspension (dogs), Metacam 1.5 mg/ml - Oral suspension (dogs), Metacam 15 mg/ml - Oral suspension (horses), Metacam 15 mg/ml - Oral suspension (pigs)","Anorexia, Bloody diarrhoea, Dehydration, Diarrhoea, Vomiting",1,1,
CA-DEBIAHP-2015CA00746,"<a target=""_blank""  href=""/xmlpserver/EVVET3 PW NEW/Subject Area Contents/Public Website/Report (PDF)/AER.xdo?_xpf=&_xpt=1&_params%2FOracle%20BI%20EE%3A%3ADefaultApp%3A%3AEVVET3%20PR%20NEW%2FAER%3A%3Adimension%2FAER%20Id%3A%3Aattribute%3A%3Anoaggr%3A%3Axsd%3Adouble=515679&_xt=AER&_xf=pdf""> AER </a>",2015-09-25 00:00:00,Veterinarian,Canada,FEMALE,Dog,Terrier - Cairn,"Dexdomitor 0.1 mg/ml - Solution for injection, Dexdomitor 0.5 mg/ml - Solution for injection, LIDOCAINE 2% (w/w) injekčný roztok, LIDOCAINE, 2%, Injekční roztok, Lidocaine 2 inj. (+noradrenaline), injectievloeistof voor honden en katten, Lidocaine 20 mg/ml + adrenaline 10 mcg/ml, oplossing voor injectie voor honden en katten, Lidocaine 4% inj. oplossing voor injectie voor honden en katten, Metacam 0.5 mg/ml - Oral suspension (cats, guinea pigs), Metacam 0.5 mg/ml - Oral suspension (dogs), Metacam 1.5 mg/ml - Oral suspension (dogs), Metacam 15 mg/ml - Oral suspension (horses), Metacam 15 mg/ml - Oral suspension (pigs), Tramadog 50 mg tablet for dogs","Acute renal failure, Anorexia, Elevated blood urea nitrogen (BUN), Elevated creatinine, Pain NOS, Polyuria, Trembling, Vomiting",1,1,
CA-DEBIAHP-2015CA00800,"<a target=""_blank""  href=""/xmlpserver/EVVET3 PW NEW/Subject Area Contents/Public Website/Report (PDF)/AER.xdo?_xpf=&_xpt=1&_params%2FOracle%20BI%20EE%3A%3ADefaultApp%3A%3AEVVET3%20PR%20NEW%2FAER%3A%3Adimension%2FAER%20Id%3A%3Aattribute%3A%3Anoaggr%3A%3Axsd%3Adouble=469531&_xt=AER&_xf=pdf""> AER </a>",2015-06-16 00:00:00,Veterinarian,Canada,FEMALE,Dog,Spitz - German Pomeranian,"Metacam 0.5 mg/ml - Oral suspension (cats, guinea pigs), Metacam 0.5 mg/ml - Oral suspension (dogs), Metacam 1.5 mg/ml - Oral suspension (dogs), Metacam 15 mg/ml - Oral suspension (horses), Metacam 15 mg/ml - Oral suspension (pigs)","Anorexia, Diarrhoea, Vomiting",1,1,
CA-DEBIAHP-2015CA00801,"<a target=""_blank""  href=""/xmlpserver/EVVET3 PW NEW/Subject Area Contents/Public Website/Report (PDF)/AER.xdo?_xpf=&_xpt=1&_params%2FOracle%20BI%20EE%3A%3ADefaultApp%3A%3AEVVET3%20PR%20NEW%2FAER%3A%3Adimension%2FAER%20Id%3A%3Aattribute%3A%3Anoaggr%3A%3Axsd%3Adouble=469172&_xt=AER&_xf=pdf""> AER </a>",2015-06-16 00:00:00,Veterinarian,Canada,FEMALE,Dog,Shih Tzu,"Dexdomitor 0.1 mg/ml - Solution for injection, Dexdomitor 0.5 mg/ml - Solution for injection, Metacam 0.5 mg/ml - Oral suspension (cats, guinea pigs), Metacam 0.5 mg/ml - Oral suspension (dogs), Metacam 1.5 mg/ml - Oral suspension (dogs), Metacam 15 mg/ml - Oral suspension (horses), Metacam 15 mg/ml - Oral suspension (pigs), SYNULOX (200+50)MG/TAB ΔΙΣΚΙΟ, SYNULOX (40+10)MG/TAB ΔΙΣΚΙΟ, SYNULOX 140 mg/ml + 35 mg/ml suspensión inyectable, SYNULOX 200 mg/50 mg tablety pre psy a mačky, SYNULOX 200/50 mg COMPRIMIDOS APETITOSOS PARA PERROS, SYNULOX 250 COMPRIMES POUR CHIENS, SYNULOX 250 mg, SYNULOX 250 mg kramtomosios tabletės šunims ir katėms, SYNULOX 250 mg tablete za pse in mačke, SYNULOX 250mg, δισκία για σκύλους και γάτες, SYNULOX 40 mg/10 mg tablety pre psy a mačky, SYNULOX 40 mg/ml + 10 mg/ml POLVO PARA GOTAS ORALES EN SUSPENSION, SYNULOX 40/10 MG COMPRIMIDOS APETITOSOS PARA PERROS Y GATOS, SYNULOX 400 mg/100 mg tablety pre psy, SYNULOX 400/100 mg COMPRIMIDOS APETITOSOS PARA PERROS, SYNULOX 50 COMPRIMES POUR CHIENS ET CHATS, SYNULOX 50 mg, SYNULOX 50 mg kramtomosios tabletės šunims ir katėms, SYNULOX 50 mg tablete za pse in mačke, SYNULOX 500 COMPRIMES POUR CHIENS, SYNULOX 500 mg kramtomosios tabletės šunims, SYNULOX 500 mg tablete za pse, SYNULOX 500 mg, kramtomosios tabletės šunims, SYNULOX 500MG/TAB ΔΙΣΚΙΟ, SYNULOX 50mg, δισκία για σκύλους και γάτες, SYNULOX OGIVETTES POUR VEAUX, SYNULOX SUSPENSION INJECTABLE POUR BOVINS, SYNULOX VET 140 mg/ml injektioneste, suspensio koiralle, kissalle ja sialle, SYNULOX suspensão injetável para suínos, bovinos, cães e gatos, SYNULOX vet 200 mg/50 mg tabletti, koiralle ja kissalle, SYNULOX vet 40 mg/10 mg tabletti, koiralle ja kissalle, SYNULOX vet 400 mg/100 mg tabletti, koiralle, SYNULOX, 400/100mg, Tableta, Synulox 250 mg Comprimés Appétents, Synulox 250 mg Smakelijke tabletten, Synulox 250 mg tabletes suņiem un kaķiem, Synulox 250 mg, tabletid koertele ja kassidele, Synulox 250 mg, таблетки за кучета и котки, Synulox 250mg (200 mg/50 mg)  Tabletten für Hunde, Synulox 50 mg Comprimés Appétents, Synulox 50 mg Smakelijke Tabletten, Synulox 50 mg tabletes suņiem un kaķiem, Synulox 50 mg, tabletid koertele ja kassidele, Synulox 50 mg, таблетки за кучета и котки, Synulox 500 mg Bolus 400 mg - 100 mg Omhulde tablet, Synulox 500 mg Comprimés Appétents, Synulox 500 mg Smakelijke Tabletten, Synulox 500 mg tabletes suņiem, Synulox 500 mg, tabletid koertele, Synulox 500mg (400 mg/100 mg) Tabletten für Hunde, Synulox 50mg (40 mg/10 mg) Tabletten für Hunde und Katzen, Synulox Bolus 500 mg, 400 mg + 100 mg comprimés enrobés pour veaux, Synulox Lactating Cow Intramammary suspension., Synulox Tabletki 250 mg, Synulox Tabletki 250 mg (200+50) mg/tablete; tabletes suņiem, Synulox Tabletki 50 mg, Synulox Tabletki 50 mg (40+10) mg/ tablete; tabletes suņiem un kaķiem, Synulox Tabletki 500 mg, Synulox Vet. til hund og kat 200 + 50 mg tabletter, Synulox Vet. til hund og kat 40 + 10 mg tabletter, Synulox Vet. til hund tabletter 400 + 100 mg, Synulox Vet. til kalve 400 + 100 mg tabletter, Synulox comprimidos palatáveis 250 mg para cães e gatos, Synulox comprimidos palatáveis 50 mg para cães e gatos, Synulox comprimidos palatáveis 500 mg para cães, Synulox vet 40 mg/ml jauhe oraalisuspensiota varten koiralle ja kissalle, Synulox vet. 200 mg tabletter for hund og katt, Synulox vet. 200 mg/50 mg Tablett, Synulox vet. 40 mg tabletter for hund og katt, Synulox vet. 40 mg/10 mg Tablett, Synulox vet. 400 mg tabletter for hund, Synulox vet. 400 mg/100 mg Tablett, Synulox, 200/50mg, Tableta, Synulox, 40/10mg, Tableta, Synulox-Kalb 400 mg/100 mg Filmtabletten für Rinder (Kälber), VETERGESIC MULTIDOSE, 0.3MG/ML, SOLUTION FOR INJECTION FOR DOGS AND CATS","Decreased appetite, Lethargy (see also Central nervous system depression in Neurological)",1,1,
CA-DEBIAHP-2015CA00809,"<a target=""_blank""  href=""/xmlpserver/EVVET3 PW NEW/Subject Area Contents/Public Website/Report (PDF)/AER.xdo?_xpf=&_xpt=1&_params%2FOracle%20BI%20EE%3A%3ADefaultApp%3A%3AEVVET3%20PR%20NEW%2FAER%3A%3Adimension%2FAER%20Id%3A%3Aattribute%3A%3Anoaggr%3A%3Axsd%3Adouble=472032&_xt=AER&_xf=pdf""> AER </a>",2015-06-19 00:00:00,Veterinarian,Canada,MALE,Dog,Crossbred Canine/dog,"ANTIROBE 150 MG GELULES POUR CHIENS, ANTIROBE 150MG/CAP ΚΑΨΑΚΙΟ, ΣΚΛΗΡΟ, ANTIROBE 25 MG GELULES POUR CHIENS, ANTIROBE 300 MG GELULES POUR CHIENS, ANTIROBE 300MG/CAP ΚΑΨΑΚΙΟ, ΣΚΛΗΡΟ, ANTIROBE 75 MG GELULES POUR CHIENS, ANTIROBE 75MG/CAP ΚΑΨΑΚΙΟ, ΣΚΛΗΡΟ, ANTIROBE Capsule da 150 mg per cani, ANTIROBE Capsule da 25 mg per cani e gatti, ANTIROBE Capsule da 300 mg per cani, ANTIROBE Capsule da 75 mg per cani e gatti, ANTIROBE GOUTTES SOLUTION BUVABLE POUR CHIEN ET CHAT, Antirobe 150 mg - Kapseln  für Hunde, Antirobe 150 mg Capsule, hard, Antirobe 150 mg capsules pour chiens, Antirobe 25 mg - Kapseln  für Hunde, Antirobe 25 mg Capsule, hard, Antirobe 25 mg capsules voor honden en katten, Antirobe 25 mg, capsules pour chiens et chats, Antirobe 300 mg - Kapseln für Hunde, Antirobe 300 mg Capsule, hard, Antirobe 300 mg, Capsules pour chiens, Antirobe 75 mg - Kapseln  für Hunde, Antirobe 75 mg Capsule, hard, Antirobe 75 mg, capsules pour chiens, Antirobe Vet. 150 mg kapsler, hårde, Antirobe Vet. 25 mg kapsler, hårde, Antirobe Vet. 300 mg kapsler, hårde, Antirobe Vet. 75 mg kapsler, hårde, Antirobe vet. 150 mg Kapsel, hård, Antirobe vet. 150 mg kapsel, hard til hund, Antirobe vet. 150 mg kapseli, kova koiralle, Antirobe vet. 25 mg Kapsel, hård, Antirobe vet. 25 mg kapseli, kova koiralle ja kissalle, Antirobe vet. 25 mg, kapsel, hard til hund og katt, Antirobe vet. 300 mg Kapsel, hård, Antirobe vet. 300 mg kapseli, kova koiralle, Antirobe vet. 75 mg Kapsel, hård, Antirobe vet. 75 mg kapseli, kova koiralle ja kissalle, Antirobe vet. 75 mg, kapsel, hard til hund og katt, Dexdomitor 0.1 mg/ml - Solution for injection, Dexdomitor 0.5 mg/ml - Solution for injection, Metacam 0.5 mg/ml - Oral suspension (cats, guinea pigs), Metacam 0.5 mg/ml - Oral suspension (dogs), Metacam 1.5 mg/ml - Oral suspension (dogs), Metacam 15 mg/ml - Oral suspension (horses), Metacam 15 mg/ml - Oral suspension (pigs)","Allergic pruritus, Urticaria",1,1,
CA-DEBIAHP-2015CA00824,"<a target=""_blank""  href=""/xmlpserver/EVVET3 PW NEW/Subject Area Contents/Public Website/Report (PDF)/AER.xdo?_xpf=&_xpt=1&_params%2FOracle%20BI%20EE%3A%3ADefaultApp%3A%3AEVVET3%20PR%20NEW%2FAER%3A%3Adimension%2FAER%20Id%3A%3Aattribute%3A%3Anoaggr%3A%3Axsd%3Adouble=484693&_xt=AER&_xf=pdf""> AER </a>",2015-06-30 00:00:00,Veterinarian,Canada,FEMALE,Dog,Retriever - Labrador,"Metacam 0.5 mg/ml - Oral suspension (cats, guinea pigs), Metacam 0.5 mg/ml - Oral suspension (dogs), Metacam 1.5 mg/ml - Oral suspension (dogs), Metacam 15 mg/ml - Oral suspension (horses), Metacam 15 mg/ml - Oral suspension (pigs)","Pacing, Tarry or black stool (see also haemorrhagic diarrhoea), Vomiting",1,1,
CA-DEBIAHP-2015CA00825,"<a target=""_blank""  href=""/xmlpserver/EVVET3 PW NEW/Subject Area Contents/Public Website/Report (PDF)/AER.xdo?_xpf=&_xpt=1&_params%2FOracle%20BI%20EE%3A%3ADefaultApp%3A%3AEVVET3%20PR%20NEW%2FAER%3A%3Adimension%2FAER%20Id%3A%3Aattribute%3A%3Anoaggr%3A%3Axsd%3Adouble=485187&_xt=AER&_xf=pdf""> AER </a>",2015-06-30 00:00:00,Veterinarian,Canada,MALE,Dog,Shepherd Dog - Australian,"Metacam 0.5 mg/ml - Oral suspension (cats, guinea pigs), Metacam 0.5 mg/ml - Oral suspension (dogs), Metacam 1.5 mg/ml - Oral suspension (dogs), Metacam 15 mg/ml - Oral suspension (horses), Metacam 15 mg/ml - Oral suspension (pigs)",Vomiting,1,1,
CA-DEBIAHP-2015CA00840,"<a target=""_blank""  href=""/xmlpserver/EVVET3 PW NEW/Subject Area Contents/Public Website/Report (PDF)/AER.xdo?_xpf=&_xpt=1&_params%2FOracle%20BI%20EE%3A%3ADefaultApp%3A%3AEVVET3%20PR%20NEW%2FAER%3A%3Adimension%2FAER%20Id%3A%3Aattribute%3A%3Anoaggr%3A%3Axsd%3Adouble=486227&_xt=AER&_xf=pdf""> AER </a>",2015-07-06 00:00:00,Veterinarian,Canada,MALE,Dog,Shih Tzu,"Metacam 0.5 mg/ml - Oral suspension (cats, guinea pigs), Metacam 0.5 mg/ml - Oral suspension (dogs), Metacam 1.5 mg/ml - Oral suspension (dogs), Metacam 15 mg/ml - Oral suspension (horses), Metacam 15 mg/ml - Oral suspension (pigs)","Anorexia, Dehydration, Lethargy (see also Central nervous system depression in Neurological), Not drinking, Stomach upset, Tarry or black stool (see also haemorrhagic diarrhoea), Tense abdomen, Trembling, Vomiting",1,1,
CA-DEBIAHP-2015CA00844,"<a target=""_blank""  href=""/xmlpserver/EVVET3 PW NEW/Subject Area Contents/Public Website/Report (PDF)/AER.xdo?_xpf=&_xpt=1&_params%2FOracle%20BI%20EE%3A%3ADefaultApp%3A%3AEVVET3%20PR%20NEW%2FAER%3A%3Adimension%2FAER%20Id%3A%3Aattribute%3A%3Anoaggr%3A%3Axsd%3Adouble=487975&_xt=AER&_xf=pdf""> AER </a>",2015-07-08 00:00:00,Veterinarian,Canada,FEMALE,Dog,Retriever - Labrador,"Metacam 0.5 mg/ml - Oral suspension (cats, guinea pigs), Metacam 0.5 mg/ml - Oral suspension (dogs), Metacam 1.5 mg/ml - Oral suspension (dogs), Metacam 15 mg/ml - Oral suspension (horses), Metacam 15 mg/ml - Oral suspension (pigs)","Diarrhoea, Vomiting",1,1,
CA-DEBIAHP-2015CA00855,"<a target=""_blank""  href=""/xmlpserver/EVVET3 PW NEW/Subject Area Contents/Public Website/Report (PDF)/AER.xdo?_xpf=&_xpt=1&_params%2FOracle%20BI%20EE%3A%3ADefaultApp%3A%3AEVVET3%20PR%20NEW%2FAER%3A%3Adimension%2FAER%20Id%3A%3Aattribute%3A%3Anoaggr%3A%3Axsd%3Adouble=505767&_xt=AER&_xf=pdf""> AER </a>",2015-09-02 00:00:00,Veterinarian,Canada,MALE,Dog,Shepherd Dog - German,"ALFAXAN 10 mg/ml solution for injection for dogs and cats, Metacam 0.5 mg/ml - Oral suspension (cats, guinea pigs), Metacam 0.5 mg/ml - Oral suspension (dogs), Metacam 1.5 mg/ml - Oral suspension (dogs), Metacam 15 mg/ml - Oral suspension (horses), Metacam 15 mg/ml - Oral suspension (pigs), Stronghold 120 mg - Spot-on solution (12% - dogs), Stronghold 15 mg - Spot-on solution (6% - cats and dogs), Stronghold 240 mg - Spot-on solution (12% - dogs), Stronghold 30 mg - Spot-on solution (12% - dogs), Stronghold 360 mg - Spot-on solution (12% - dogs), Stronghold 45 mg - Spot-on solution (6% - cats), Stronghold 60 mg - Spot-on solution (12% - dogs), Stronghold 60 mg - Spot-on solution (6% - cats), Tramadog 50 mg tablet for dogs","Blood in urine, Elevated blood urea nitrogen (BUN), Elevated creatinine, Polydipsia, Polyuria",1,1,
CA-DEBIAHP-2015CA00860,"<a target=""_blank""  href=""/xmlpserver/EVVET3 PW NEW/Subject Area Contents/Public Website/Report (PDF)/AER.xdo?_xpf=&_xpt=1&_params%2FOracle%20BI%20EE%3A%3ADefaultApp%3A%3AEVVET3%20PR%20NEW%2FAER%3A%3Adimension%2FAER%20Id%3A%3Aattribute%3A%3Anoaggr%3A%3Axsd%3Adouble=487233&_xt=AER&_xf=pdf""> AER </a>",2015-07-06 00:00:00,Veterinarian,Canada,FEMALE,Dog,Shih Tzu,"Metacam 0.5 mg/ml - Oral suspension (cats, guinea pigs), Metacam 0.5 mg/ml - Oral suspension (dogs), Metacam 1.5 mg/ml - Oral suspension (dogs), Metacam 15 mg/ml - Oral suspension (horses), Metacam 15 mg/ml - Oral suspension (pigs), RABISIN SUSPENSION INJECTABLE, RABISIN injekčná suspenzia, RABISIN suspenzija za injiciranje, RABISIN vet, injeksjonsvæske, suspensjon Vaksine mot rabies til dyr (inaktivert), RABISIN, Injekční suspenze, RABISIN, injekcinė suspensija, RABISIN, sospensione iniettabile per cani, gatti, equini, bovini, ovini, RABISIN, suspensie injectabilă, RABISIN, ενέσιμο εναιώρημα, RABISIN, ≥ 2,09 log10 OD50 i ≥ 1 I.J., suspenzija za injekciju za pse, mačke, pitome vretice, konje, govedo i ovce, Rabisin, Rabisin  Suspensie voor injectie, Rabisin Glikoproteiny wirusa wścieklizny nie mniej niż 1IU Zawiesina do wstrzykiwań, Rabisin Injektionssuspension für Hunde, Katzen, Marderartige, Pferde, Rinder und Schafe, Rabisin Vet. injektionsvæske, suspension, Rabisin suspensija injekcijām liellopiem, zirgiem, aitām, suņiem, kaķiem un mājas seskiem, Rabisin suspension injectable, Rabisin suspensão injectável, Rabisin vakcina A.U.V., Rabisin vet injektioneste, suspensio, Rabisin vet.  Injektionsvätska, suspension, Rabisin, Injektionssuspension für Hunde, Katzen, Marderartige, Pferde, Rinder und Schafe, Rabisin, suspensie voor injectie voor hond, kat en rund, Rabisin, süstesuspensioon, РАБИЗИН","Behavioural disorder NOS, Vomiting",1,1,
CA-DEBIAHP-2015CA00956,"<a target=""_blank""  href=""/xmlpserver/EVVET3 PW NEW/Subject Area Contents/Public Website/Report (PDF)/AER.xdo?_xpf=&_xpt=1&_params%2FOracle%20BI%20EE%3A%3ADefaultApp%3A%3AEVVET3%20PR%20NEW%2FAER%3A%3Adimension%2FAER%20Id%3A%3Aattribute%3A%3Anoaggr%3A%3Axsd%3Adouble=494672&_xt=AER&_xf=pdf""> AER </a>",2015-07-30 00:00:00,Veterinarian,Canada,MALE,Dog,Spaniel - Cocker American,"Metacam 0.5 mg/ml - Oral suspension (cats, guinea pigs), Metacam 0.5 mg/ml - Oral suspension (dogs), Metacam 1.5 mg/ml - Oral suspension (dogs), Metacam 15 mg/ml - Oral suspension (horses), Metacam 15 mg/ml - Oral suspension (pigs)","Depression, Inappetence, Lethargy (see also Central nervous system depression in Neurological), Trembling",1,1,
CA-DEBIAHP-2015CA00991,"<a target=""_blank""  href=""/xmlpserver/EVVET3 PW NEW/Subject Area Contents/Public Website/Report (PDF)/AER.xdo?_xpf=&_xpt=1&_params%2FOracle%20BI%20EE%3A%3ADefaultApp%3A%3AEVVET3%20PR%20NEW%2FAER%3A%3Adimension%2FAER%20Id%3A%3Aattribute%3A%3Anoaggr%3A%3Axsd%3Adouble=501718&_xt=AER&_xf=pdf""> AER </a>",2015-08-19 00:00:00,Veterinarian,Canada,MALE,Dog,Shiba Inu,"Metacam 0.5 mg/ml - Oral suspension (cats, guinea pigs), Metacam 0.5 mg/ml - Oral suspension (dogs), Metacam 1.5 mg/ml - Oral suspension (dogs), Metacam 15 mg/ml - Oral suspension (horses), Metacam 15 mg/ml - Oral suspension (pigs)","Anorexia, Dehydration, Elevated liver enzymes NOS, Lethargy (see also Central nervous system depression in Neurological), Vomiting",1,1,
CA-DEBIAHP-2015CA01002,"<a target=""_blank""  href=""/xmlpserver/EVVET3 PW NEW/Subject Area Contents/Public Website/Report (PDF)/AER.xdo?_xpf=&_xpt=1&_params%2FOracle%20BI%20EE%3A%3ADefaultApp%3A%3AEVVET3%20PR%20NEW%2FAER%3A%3Adimension%2FAER%20Id%3A%3Aattribute%3A%3Anoaggr%3A%3Axsd%3Adouble=499310&_xt=AER&_xf=pdf""> AER </a>",2015-08-13 00:00:00,Veterinarian,Canada,FEMALE,Dog,Chihuahua,"Metacam 0.5 mg/ml - Oral suspension (cats, guinea pigs), Metacam 0.5 mg/ml - Oral suspension (dogs), Metacam 1.5 mg/ml - Oral suspension (dogs), Metacam 15 mg/ml - Oral suspension (horses), Metacam 15 mg/ml - Oral suspension (pigs)","Abdominal pain, Aggression, Anorexia, Appetite loss, Diarrhoea, Distress, Lethargy (see also Central nervous system depression in Neurological), Other abnormal test result NOS, Shaking, Tarry or black stool (see also haemorrhagic diarrhoea), Vomiting, Weight loss",1,1,
CA-DEBIAHP-2015CA01031,"<a target=""_blank""  href=""/xmlpserver/EVVET3 PW NEW/Subject Area Contents/Public Website/Report (PDF)/AER.xdo?_xpf=&_xpt=1&_params%2FOracle%20BI%20EE%3A%3ADefaultApp%3A%3AEVVET3%20PR%20NEW%2FAER%3A%3Adimension%2FAER%20Id%3A%3Aattribute%3A%3Anoaggr%3A%3Axsd%3Adouble=502604&_xt=AER&_xf=pdf""> AER </a>",2015-08-21 00:00:00,Veterinarian,Canada,FEMALE,Dog,Retriever - Labrador,"Metacam 0.5 mg/ml - Oral suspension (cats, guinea pigs), Metacam 0.5 mg/ml - Oral suspension (dogs), Metacam 1.5 mg/ml - Oral suspension (dogs), Metacam 15 mg/ml - Oral suspension (horses), Metacam 15 mg/ml - Oral suspension (pigs)",Diarrhoea,1,1,
CA-DEBIAHP-2015CA01036,"<a target=""_blank""  href=""/xmlpserver/EVVET3 PW NEW/Subject Area Contents/Public Website/Report (PDF)/AER.xdo?_xpf=&_xpt=1&_params%2FOracle%20BI%20EE%3A%3ADefaultApp%3A%3AEVVET3%20PR%20NEW%2FAER%3A%3Adimension%2FAER%20Id%3A%3Aattribute%3A%3Anoaggr%3A%3Axsd%3Adouble=503136&_xt=AER&_xf=pdf""> AER </a>",2015-08-24 00:00:00,Veterinarian,Canada,MALE,Dog,Unknown,"Metacam 0.5 mg/ml - Oral suspension (cats, guinea pigs), Metacam 0.5 mg/ml - Oral suspension (dogs), Metacam 1.5 mg/ml - Oral suspension (dogs), Metacam 15 mg/ml - Oral suspension (horses), Metacam 15 mg/ml - Oral suspension (pigs)",Panting,1,1,
CA-DEBIAHP-2015CA01043,"<a target=""_blank""  href=""/xmlpserver/EVVET3 PW NEW/Subject Area Contents/Public Website/Report (PDF)/AER.xdo?_xpf=&_xpt=1&_params%2FOracle%20BI%20EE%3A%3ADefaultApp%3A%3AEVVET3%20PR%20NEW%2FAER%3A%3Adimension%2FAER%20Id%3A%3Aattribute%3A%3Anoaggr%3A%3Axsd%3Adouble=503129&_xt=AER&_xf=pdf""> AER </a>",2015-08-24 00:00:00,Veterinarian,Canada,FEMALE,Dog,Crossbred Canine/dog,"Metacam 0.5 mg/ml - Oral suspension (cats, guinea pigs), Metacam 0.5 mg/ml - Oral suspension (dogs), Metacam 1.5 mg/ml - Oral suspension (dogs), Metacam 15 mg/ml - Oral suspension (horses), Metacam 15 mg/ml - Oral suspension (pigs)",Vomiting,1,1,
CA-DEBIAHP-2015CA01051,"<a target=""_blank""  href=""/xmlpserver/EVVET3 PW NEW/Subject Area Contents/Public Website/Report (PDF)/AER.xdo?_xpf=&_xpt=1&_params%2FOracle%20BI%20EE%3A%3ADefaultApp%3A%3AEVVET3%20PR%20NEW%2FAER%3A%3Adimension%2FAER%20Id%3A%3Aattribute%3A%3Anoaggr%3A%3Axsd%3Adouble=513089&_xt=AER&_xf=pdf""> AER </a>",2015-09-21 00:00:00,Veterinarian,Canada,FEMALE,Dog,Shih Tzu,Metacam 0.5 mg/ml - Oral suspension (dogs),"Anorexia, Anxiety, Bloody diarrhoea, Haemorrhagic diarrhoea, Vomiting",1,1,
CA-DEBIAHP-2015CA01065,"<a target=""_blank""  href=""/xmlpserver/EVVET3 PW NEW/Subject Area Contents/Public Website/Report (PDF)/AER.xdo?_xpf=&_xpt=1&_params%2FOracle%20BI%20EE%3A%3ADefaultApp%3A%3AEVVET3%20PR%20NEW%2FAER%3A%3Adimension%2FAER%20Id%3A%3Aattribute%3A%3Anoaggr%3A%3Axsd%3Adouble=504311&_xt=AER&_xf=pdf""> AER </a>",2015-08-26 00:00:00,Veterinarian,Canada,MALE,Dog,Schnauzer (unspecified),"Metacam 0.5 mg/ml - Oral suspension (cats, guinea pigs), Metacam 0.5 mg/ml - Oral suspension (dogs), Metacam 1.5 mg/ml - Oral suspension (dogs), Metacam 15 mg/ml - Oral suspension (horses), Metacam 15 mg/ml - Oral suspension (pigs)","Blood in faeces, Diarrhoea, Vomiting",1,1,
CA-DEBIAHP-2015CA01070,"<a target=""_blank""  href=""/xmlpserver/EVVET3 PW NEW/Subject Area Contents/Public Website/Report (PDF)/AER.xdo?_xpf=&_xpt=1&_params%2FOracle%20BI%20EE%3A%3ADefaultApp%3A%3AEVVET3%20PR%20NEW%2FAER%3A%3Adimension%2FAER%20Id%3A%3Aattribute%3A%3Anoaggr%3A%3Axsd%3Adouble=507233&_xt=AER&_xf=pdf""> AER </a>",2015-09-09 00:00:00,Veterinarian,Canada,MALE,Dog,Terrier - Jack Russell,"Metacam 0.5 mg/ml - Oral suspension (dogs), Rheumocam 0.5 mg/ml - Oral suspension (cats), Rheumocam 1 mg - Chewable tablet (dogs), Rheumocam 1.5 mg/ml - Oral suspension, Rheumocam 15 mg/ml - Oral suspension (horses), Rheumocam 2 mg/ml - Solution for injection, Rheumocam 2.5 mg - Chewable tablet (dogs), Rheumocam 20 mg/ml - Solution for injection (cattle, pigs, horses), Rheumocam 330 mg - granules in sachet, Rheumocam 5 mg/ml  - Solution for injection (cats, dogs), Rheumocam 5 mg/ml - Solution for injection (cattle, pigs)","Injection site abscess, Injection site bleeding, Injection site lump, Self mutilation",1,1,
CA-DEBIAHP-2015CA01075,"<a target=""_blank""  href=""/xmlpserver/EVVET3 PW NEW/Subject Area Contents/Public Website/Report (PDF)/AER.xdo?_xpf=&_xpt=1&_params%2FOracle%20BI%20EE%3A%3ADefaultApp%3A%3AEVVET3%20PR%20NEW%2FAER%3A%3Adimension%2FAER%20Id%3A%3Aattribute%3A%3Anoaggr%3A%3Axsd%3Adouble=507206&_xt=AER&_xf=pdf""> AER </a>",2015-09-08 00:00:00,Veterinarian,Canada,FEMALE,Dog,Retriever - Labrador,"Metacam 0.5 mg/ml - Oral suspension (cats, guinea pigs), Metacam 0.5 mg/ml - Oral suspension (dogs), Metacam 1.5 mg/ml - Oral suspension (dogs), Metacam 15 mg/ml - Oral suspension (horses), Metacam 15 mg/ml - Oral suspension (pigs)","Tarry or black stool (see also haemorrhagic diarrhoea), Vomiting",1,1,
CA-DEBIAHP-2015CA01080,"<a target=""_blank""  href=""/xmlpserver/EVVET3 PW NEW/Subject Area Contents/Public Website/Report (PDF)/AER.xdo?_xpf=&_xpt=1&_params%2FOracle%20BI%20EE%3A%3ADefaultApp%3A%3AEVVET3%20PR%20NEW%2FAER%3A%3Adimension%2FAER%20Id%3A%3Aattribute%3A%3Anoaggr%3A%3Axsd%3Adouble=506613&_xt=AER&_xf=pdf""> AER </a>",2015-09-04 00:00:00,Veterinarian,Canada,FEMALE,Dog,Retriever - Labrador,"Metacam 0.5 mg/ml - Oral suspension (cats, guinea pigs), Metacam 0.5 mg/ml - Oral suspension (dogs), Metacam 1.5 mg/ml - Oral suspension (dogs), Metacam 15 mg/ml - Oral suspension (horses), Metacam 15 mg/ml - Oral suspension (pigs), Vanguard Plus 5 vakcina A.U.V., Vanguard Plus 5, liofilizat i rozpuszczalnik do sporządzania zawiesiny do wstrzykiwań dla psów","Diarrhoea, Head bobbing, Head tremor",1,1,
CA-DEBIAHP-2015CA01084,"<a target=""_blank""  href=""/xmlpserver/EVVET3 PW NEW/Subject Area Contents/Public Website/Report (PDF)/AER.xdo?_xpf=&_xpt=1&_params%2FOracle%20BI%20EE%3A%3ADefaultApp%3A%3AEVVET3%20PR%20NEW%2FAER%3A%3Adimension%2FAER%20Id%3A%3Aattribute%3A%3Anoaggr%3A%3Axsd%3Adouble=507905&_xt=AER&_xf=pdf""> AER </a>",2015-09-09 00:00:00,Animal owner,Canada,MALE,Dog,Bichon Frise,Metacam 0.5 mg/ml - Oral suspension (dogs),"Aggression, Decreased appetite, Diarrhoea, Head shake - ear disorder, Head tremor, Lack of coordination (see also Ear - vestibular disorder), Lethargy (see also Central nervous system depression in Neurological), Other abnormal test result NOS, Restlessness, Shivering, Unable to focus",1,1,
CA-DEBIAHP-2015CA01088,"<a target=""_blank""  href=""/xmlpserver/EVVET3 PW NEW/Subject Area Contents/Public Website/Report (PDF)/AER.xdo?_xpf=&_xpt=1&_params%2FOracle%20BI%20EE%3A%3ADefaultApp%3A%3AEVVET3%20PR%20NEW%2FAER%3A%3Adimension%2FAER%20Id%3A%3Aattribute%3A%3Anoaggr%3A%3Axsd%3Adouble=510190&_xt=AER&_xf=pdf""> AER </a>",2015-09-15 00:00:00,Veterinarian,Canada,MALE,Dog,Crossbred Canine/dog,"Metacam 0.5 mg/ml - Oral suspension (cats, guinea pigs), Metacam 0.5 mg/ml - Oral suspension (dogs), Metacam 1.5 mg/ml - Oral suspension (dogs), Metacam 15 mg/ml - Oral suspension (horses), Metacam 15 mg/ml - Oral suspension (pigs)","Abdominal pain, Appetite loss, Death, Drinking a lot, Dull, Elevated liver enzymes NOS, Gastric perforation, Gastritis, Necropsy performed, Pale mucous membrane, Peritonitis, Tense abdomen, Vomiting",1,1,1
CA-DEBIAHP-2015CA01089,"<a target=""_blank""  href=""/xmlpserver/EVVET3 PW NEW/Subject Area Contents/Public Website/Report (PDF)/AER.xdo?_xpf=&_xpt=1&_params%2FOracle%20BI%20EE%3A%3ADefaultApp%3A%3AEVVET3%20PR%20NEW%2FAER%3A%3Adimension%2FAER%20Id%3A%3Aattribute%3A%3Anoaggr%3A%3Axsd%3Adouble=506824&_xt=AER&_xf=pdf""> AER </a>",2015-09-04 00:00:00,Veterinarian,Canada,FEMALE,Dog,Retriever - Labrador,"CLAVASEPTIN 40+10 MG ΔΙΣΚΙΟ, CLAVASEPTIN 400+100MG ΔΙΣΚΙΟ, CLAVASEPTIN 500MG PALATABLE TABLETS FOR DOGS, CLAVASEPTIN 50MG PALATABLE TABLETS FOR DOGS AND CATS, CLAVASEPTIN 600+150MG ΔΙΣΚΙΟ, CLAVASEPTIN 62.5 MG PALATABLE TABLETS FOR DOGS AND CATS, CLAVASEPTIN P 250 MG TABLETS FOR DOGS, CLAVASEPTIN P 62,5 MG ΔΙΣΚΙΟ, CLAVASEPTIN P 750 MG TABLETS FOR DOGS, Clavaseptin 250 mg okusne tablete za pse, Clavaseptin 250 mg, tabletid koertele, Clavaseptin 50 mg, tabletid koertele ja kassidele, Clavaseptin 500 mg, tabletid koertele, Clavaseptin 600 mg/150 mg tabletter för hund, Clavaseptin 750 mg Tabletten für Hunde, Clavaseptin 750 mg okusne tablete za pse, Clavaseptin 750 mg palatable tablets for dogs, Metacam 2.5 mg - Chewable tablet (dogs)","Eyelid oedema, Lethargy (see also Central nervous system depression in Neurological), Licking, Pruritus, Urticaria",1,1,
CA-DEBIAHP-2015CA01129,"<a target=""_blank""  href=""/xmlpserver/EVVET3 PW NEW/Subject Area Contents/Public Website/Report (PDF)/AER.xdo?_xpf=&_xpt=1&_params%2FOracle%20BI%20EE%3A%3ADefaultApp%3A%3AEVVET3%20PR%20NEW%2FAER%3A%3Adimension%2FAER%20Id%3A%3Aattribute%3A%3Anoaggr%3A%3Axsd%3Adouble=510375&_xt=AER&_xf=pdf""> AER </a>",2015-09-15 00:00:00,Veterinarian,Canada,MALE,Dog,Retriever - Golden,"Anarthron 100 mg/ml Solution for Injection, Cartrophen Vet 100 mg/ml Solution for Injection., Cartrophen Vet. 100 mg/ml injektionsvæske, opløsning, Cartrophen vet, Cartrophen vet. 100 mg/ml Injektionsvätska, lösning, Cartrophen vet. 100 mg/ml injektioneste, liuos, Metacam 0.5 mg/ml - Oral suspension (cats, guinea pigs), Metacam 0.5 mg/ml - Oral suspension (dogs), Metacam 1.5 mg/ml - Oral suspension (dogs), Metacam 15 mg/ml - Oral suspension (horses), Metacam 15 mg/ml - Oral suspension (pigs)","Bloody diarrhoea, Decreased appetite, Dehydration, Weight loss",1,1,
CA-DEBIAHP-2015CA01131,"<a target=""_blank""  href=""/xmlpserver/EVVET3 PW NEW/Subject Area Contents/Public Website/Report (PDF)/AER.xdo?_xpf=&_xpt=1&_params%2FOracle%20BI%20EE%3A%3ADefaultApp%3A%3AEVVET3%20PR%20NEW%2FAER%3A%3Adimension%2FAER%20Id%3A%3Aattribute%3A%3Anoaggr%3A%3Axsd%3Adouble=513676&_xt=AER&_xf=pdf""> AER </a>",2015-09-22 00:00:00,Veterinarian,Canada,FEMALE,Dog,Retriever - Labrador,"Advocate 100 mg + 25 mg - Spot-on solution, Advocate 250 mg + 62.5 mg - Spot-on solution, Advocate 40 mg + 10 mg - Spot-on solution, Advocate 40 mg + 4 mg - Spot-on solution, Advocate 400 mg + 100 mg - Spot-on solution, Advocate 80 mg + 8 mg - Spot-on solution, Dexdomitor 0.1 mg/ml - Solution for injection, Dexdomitor 0.5 mg/ml - Solution for injection, Diazepam 10 mg, tabletten voor honden en katten, Diazepam 2 mg, tabletten voor honden en katten, Diazepam 5 mg, tabletten voor honden en katten, Diazepam 5 mg/ml, oplossing voor injectie voor honden en katten, Metacam 0.5 mg/ml - Oral suspension (cats, guinea pigs), Metacam 0.5 mg/ml - Oral suspension (dogs), Metacam 1.5 mg/ml - Oral suspension (dogs), Metacam 15 mg/ml - Oral suspension (horses), Metacam 15 mg/ml - Oral suspension (pigs), TRESADERM soluzione oto-dermatologica per cani e gatti, Torbugesic 10 mg/ml Solution for Injection, Torbugesic Vet 10 mg/ml solution injectable pour chevaux, chiens et chats, Torbugesic Vet. 10 mg/ml injektionsvæske, opløsning, Torbuphanol Vet 10 mg/ml solution for injection for injection for horses, dogs and cats, ZIAPAM 5 mg/ml, solution for injection for dogs and cats","Anorexia, Bilirubinuria, Elevated liver enzymes NOS, Elevated total bilirubin, Hepatopathy, Icterus, Proteinuria, Vomiting",1,1,
CA-DEBIAHP-2015CA01133,"<a target=""_blank""  href=""/xmlpserver/EVVET3 PW NEW/Subject Area Contents/Public Website/Report (PDF)/AER.xdo?_xpf=&_xpt=1&_params%2FOracle%20BI%20EE%3A%3ADefaultApp%3A%3AEVVET3%20PR%20NEW%2FAER%3A%3Adimension%2FAER%20Id%3A%3Aattribute%3A%3Anoaggr%3A%3Axsd%3Adouble=511207&_xt=AER&_xf=pdf""> AER </a>",2015-09-16 00:00:00,Veterinarian,Canada,MALE,Dog,Bulldog,"BRONCHI-SHIELD, Metacam 0.5 mg/ml - Oral suspension (cats, guinea pigs), Metacam 0.5 mg/ml - Oral suspension (dogs), Metacam 1.5 mg/ml - Oral suspension (dogs), Metacam 15 mg/ml - Oral suspension (horses), Metacam 15 mg/ml - Oral suspension (pigs), VERSICAN PLUS BB IN LYOPHILISAT ET SOLVANT POUR GOUTTES NASALES, SUSPENSION POUR CHIENS, Versican Plus Bb IN, Lyophilisat et solvant pour suspension nasale en gouttes, pour chiens","Anorexia, Cough, Lethargy (see also Central nervous system depression in Neurological), Nasal congestion, Nasal discharge, Pneumonia, Sneezing",1,1,
CA-DEBIAHP-2015CA01218,"<a target=""_blank""  href=""/xmlpserver/EVVET3 PW NEW/Subject Area Contents/Public Website/Report (PDF)/AER.xdo?_xpf=&_xpt=1&_params%2FOracle%20BI%20EE%3A%3ADefaultApp%3A%3AEVVET3%20PR%20NEW%2FAER%3A%3Adimension%2FAER%20Id%3A%3Aattribute%3A%3Anoaggr%3A%3Axsd%3Adouble=519283&_xt=AER&_xf=pdf""> AER </a>",2015-10-02 00:00:00,Veterinarian,Canada,FEMALE,Dog,Crossbred Canine/dog,"Bravecto 1000 mg - Chewable tablet, Bravecto 1000 mg - Spot-on solution, Bravecto 112.5 mg - Chewable tablet, Bravecto 112.5 mg - Spot-on solution (cats), Bravecto 112.5 mg - Spot-on solution (dogs), Bravecto 1400 mg - Chewable tablet, Bravecto 1400 mg - Spot-on solution, Bravecto 150 mg/ml - Powder and solvent for suspension for injection, Bravecto 250 mg  Chewable tablet, Bravecto 250 mg - Spot-on solution (cats), Bravecto 250 mg - Spot-on solution (dogs), Bravecto 500 mg - Chewable tablet, Bravecto 500 mg - Spot-on solution (cats), Bravecto 500 mg - Spot-on solution (dogs), HIBITANE 5 % VETERINAIRE SOLUTION POUR APPLICATION CUTANEE, HIBITANE IRRIGATION, Metacam 0.5 mg/ml - Oral suspension (dogs), OTOMAX EAR DROPS SUSPENSION, OTOMAX ear drops, OTOMAX ušná suspenzia pre psy, OTOMAX, Ušní kapky, suspenze, OTOMAX, kapi za uho, suspenzija, za pse, Otomax (2640 j.m. + 0,88 mg + 8,8 mg)/ml Zawiesina do uszu, Otomax 2640 NE / 0,88 mg / 8,8 mg / ml szuszpenziós fülcsepp kutyák számára, Otomax gotas auriculares, suspensão, Otomax kapljice za uho, suspenzija","Hyperpigmentation, Injection site alopecia, Injection site skin discolouration",1,1,
CA-DEBIAHP-2015CA01222,"<a target=""_blank""  href=""/xmlpserver/EVVET3 PW NEW/Subject Area Contents/Public Website/Report (PDF)/AER.xdo?_xpf=&_xpt=1&_params%2FOracle%20BI%20EE%3A%3ADefaultApp%3A%3AEVVET3%20PR%20NEW%2FAER%3A%3Adimension%2FAER%20Id%3A%3Aattribute%3A%3Anoaggr%3A%3Axsd%3Adouble=527319&_xt=AER&_xf=pdf""> AER </a>",2015-10-15 00:00:00,Veterinarian,Canada,FEMALE,Dog,Crossbred Canine/dog,"CEPHALEXIN 180 mg/ml suspenzija za injiciranje, Metacam 0.5 mg/ml - Oral suspension (cats, guinea pigs), Metacam 0.5 mg/ml - Oral suspension (dogs), Metacam 1.5 mg/ml - Oral suspension (dogs), Metacam 15 mg/ml - Oral suspension (horses), Metacam 15 mg/ml - Oral suspension (pigs)","Abdominal discomfort, Acute renal failure, Anaemia NOS, Anorexia, Blood in urine, Circulatory shock, Death by euthanasia, Dehydration, Drinking a lot, Elevated blood urea nitrogen (BUN), Elevated creatinine, Elevated lipase, Haemoconcentration, Hyperphosphataemia, Hypotension, Hypothermia, Increased respiratory rate, Lethargy (see also Central nervous system depression in Neurological), Leukocytosis NOS, Proteinuria, Tachycardia, Tachypnoea, Tarry or black stool (see also haemorrhagic diarrhoea), Thrombocytopenia, Urinary tract infection, Weakness, Weight loss",1,1,1
CA-DEBIAHP-2015CA01229,"<a target=""_blank""  href=""/xmlpserver/EVVET3 PW NEW/Subject Area Contents/Public Website/Report (PDF)/AER.xdo?_xpf=&_xpt=1&_params%2FOracle%20BI%20EE%3A%3ADefaultApp%3A%3AEVVET3%20PR%20NEW%2FAER%3A%3Adimension%2FAER%20Id%3A%3Aattribute%3A%3Anoaggr%3A%3Axsd%3Adouble=521709&_xt=AER&_xf=pdf""> AER </a>",2015-10-07 00:00:00,Veterinarian,Canada,MALE,Dog,Crossbred Canine/dog,"Metacam 0.5 mg/ml - Oral suspension (cats, guinea pigs), Metacam 0.5 mg/ml - Oral suspension (dogs), Metacam 1.5 mg/ml - Oral suspension (dogs), Metacam 15 mg/ml - Oral suspension (horses), Metacam 15 mg/ml - Oral suspension (pigs)","Anorexia, Blood in vomit, Bloody diarrhoea, Dehydration, Lethargy (see also Central nervous system depression in Neurological)",1,1,
CA-DEBIAHP-2015CA01232,"<a target=""_blank""  href=""/xmlpserver/EVVET3 PW NEW/Subject Area Contents/Public Website/Report (PDF)/AER.xdo?_xpf=&_xpt=1&_params%2FOracle%20BI%20EE%3A%3ADefaultApp%3A%3AEVVET3%20PR%20NEW%2FAER%3A%3Adimension%2FAER%20Id%3A%3Aattribute%3A%3Anoaggr%3A%3Axsd%3Adouble=521878&_xt=AER&_xf=pdf""> AER </a>",2015-10-07 00:00:00,Veterinarian,Canada,FEMALE,Dog,Siberian Husky,"Metacam 0.5 mg/ml - Oral suspension (cats, guinea pigs), Metacam 0.5 mg/ml - Oral suspension (dogs), Metacam 1.5 mg/ml - Oral suspension (dogs), Metacam 15 mg/ml - Oral suspension (horses), Metacam 15 mg/ml - Oral suspension (pigs)",Seizure NOS,1,1,
CA-DEBIAHP-2015CA01251,"<a target=""_blank""  href=""/xmlpserver/EVVET3 PW NEW/Subject Area Contents/Public Website/Report (PDF)/AER.xdo?_xpf=&_xpt=1&_params%2FOracle%20BI%20EE%3A%3ADefaultApp%3A%3AEVVET3%20PR%20NEW%2FAER%3A%3Adimension%2FAER%20Id%3A%3Aattribute%3A%3Anoaggr%3A%3Axsd%3Adouble=521887&_xt=AER&_xf=pdf""> AER </a>",2015-10-07 00:00:00,Veterinarian,Canada,MALE,Dog,Shih Tzu,"Metacam 0.5 mg/ml - Oral suspension (cats, guinea pigs), Metacam 0.5 mg/ml - Oral suspension (dogs), Metacam 1.5 mg/ml - Oral suspension (dogs), Metacam 15 mg/ml - Oral suspension (horses), Metacam 15 mg/ml - Oral suspension (pigs)","Diarrhoea, Vomiting",1,1,
CA-DEBIAHP-2015CA01259,"<a target=""_blank""  href=""/xmlpserver/EVVET3 PW NEW/Subject Area Contents/Public Website/Report (PDF)/AER.xdo?_xpf=&_xpt=1&_params%2FOracle%20BI%20EE%3A%3ADefaultApp%3A%3AEVVET3%20PR%20NEW%2FAER%3A%3Adimension%2FAER%20Id%3A%3Aattribute%3A%3Anoaggr%3A%3Axsd%3Adouble=523573&_xt=AER&_xf=pdf""> AER </a>",2015-10-09 00:00:00,Veterinarian,Canada,FEMALE,Dog,Crossbred Canine/dog,"Metacam 0.5 mg/ml - Oral suspension (cats, guinea pigs), Metacam 0.5 mg/ml - Oral suspension (dogs), Metacam 1.5 mg/ml - Oral suspension (dogs), Metacam 15 mg/ml - Oral suspension (horses), Metacam 15 mg/ml - Oral suspension (pigs)","Inappetence, Stomach upset",1,1,
CA-DEBIAHP-2015CA01277,"<a target=""_blank""  href=""/xmlpserver/EVVET3 PW NEW/Subject Area Contents/Public Website/Report (PDF)/AER.xdo?_xpf=&_xpt=1&_params%2FOracle%20BI%20EE%3A%3ADefaultApp%3A%3AEVVET3%20PR%20NEW%2FAER%3A%3Adimension%2FAER%20Id%3A%3Aattribute%3A%3Anoaggr%3A%3Axsd%3Adouble=526099&_xt=AER&_xf=pdf""> AER </a>",2015-10-13 00:00:00,Veterinarian,Canada,MALE,Dog,Dog (other),"Metacam 0.5 mg/ml - Oral suspension (cats, guinea pigs), Metacam 0.5 mg/ml - Oral suspension (dogs), Metacam 1.5 mg/ml - Oral suspension (dogs), Metacam 15 mg/ml - Oral suspension (horses), Metacam 15 mg/ml - Oral suspension (pigs)","Anorexia, Dehydration, Diarrhoea, Gastroenteritis, Lethargy (see also Central nervous system depression in Neurological), Urticaria, Vomiting",1,1,
CA-DEBIAHP-2015CA01283,"<a target=""_blank""  href=""/xmlpserver/EVVET3 PW NEW/Subject Area Contents/Public Website/Report (PDF)/AER.xdo?_xpf=&_xpt=1&_params%2FOracle%20BI%20EE%3A%3ADefaultApp%3A%3AEVVET3%20PR%20NEW%2FAER%3A%3Adimension%2FAER%20Id%3A%3Aattribute%3A%3Anoaggr%3A%3Axsd%3Adouble=526989&_xt=AER&_xf=pdf""> AER </a>",2015-10-14 00:00:00,Veterinarian,Canada,MALE,Dog,Doberman Pinscher,Metacam 0.5 mg/ml - Oral suspension (dogs),"Anaphylaxis, Angioedema, Urticaria",1,1,
CA-DEBIAHP-2015CA01292,"<a target=""_blank""  href=""/xmlpserver/EVVET3 PW NEW/Subject Area Contents/Public Website/Report (PDF)/AER.xdo?_xpf=&_xpt=1&_params%2FOracle%20BI%20EE%3A%3ADefaultApp%3A%3AEVVET3%20PR%20NEW%2FAER%3A%3Adimension%2FAER%20Id%3A%3Aattribute%3A%3Anoaggr%3A%3Axsd%3Adouble=531420&_xt=AER&_xf=pdf""> AER </a>",2015-10-22 00:00:00,Veterinarian,Canada,MALE,Dog,Bichon Frise,"Dexdomitor 0.1 mg/ml - Solution for injection, Dexdomitor 0.5 mg/ml - Solution for injection, Metacam 0.5 mg/ml - Oral suspension (cats, guinea pigs), Metacam 0.5 mg/ml - Oral suspension (dogs), Metacam 1.5 mg/ml - Oral suspension (dogs), Metacam 15 mg/ml - Oral suspension (horses), Metacam 15 mg/ml - Oral suspension (pigs)","Bloody diarrhoea, Lethargy (see also Central nervous system depression in Neurological), Not eating, Vomiting",1,1,
CA-DEBIAHP-2015CA01295,"<a target=""_blank""  href=""/xmlpserver/EVVET3 PW NEW/Subject Area Contents/Public Website/Report (PDF)/AER.xdo?_xpf=&_xpt=1&_params%2FOracle%20BI%20EE%3A%3ADefaultApp%3A%3AEVVET3%20PR%20NEW%2FAER%3A%3Adimension%2FAER%20Id%3A%3Aattribute%3A%3Anoaggr%3A%3Axsd%3Adouble=530584&_xt=AER&_xf=pdf""> AER </a>",2015-10-20 00:00:00,Veterinarian,Canada,FEMALE,Dog,Shepherd Dog - Australian,"Dexdomitor 0.1 mg/ml - Solution for injection, Dexdomitor 0.5 mg/ml - Solution for injection, Metacam 0.5 mg/ml - Oral suspension (cats, guinea pigs), Metacam 0.5 mg/ml - Oral suspension (dogs), Metacam 1.5 mg/ml - Oral suspension (dogs), Metacam 15 mg/ml - Oral suspension (horses), Metacam 15 mg/ml - Oral suspension (pigs), PANACUR 10 % SUSPENSION BUVABLE POUR BOVINS ET EQUINS, PANACUR 10%, PANACUR 10% Sospensione orale 100 mg/ml per equini e bovini, PANACUR 100 mg/ml SUSPENSION ORAL, PANACUR 187,5 mg/g pasta per uso orale per cani e gatti, PANACUR 187,5 mg/g perorálna pasta, PANACUR 187,5MG/G ΣΤΟΜΑΤΙΚΗ ΠΑΣΤΑ, PANACUR 2,5 % SUSPENSION BUVABLE POUR BOVINS OVINS ET CAPRINS, PANACUR 2,5% Sospensione orale 25 mg/ml per ovini e caprini, PANACUR 2,5% ΠΟΣΙΜΟ ΕΝΑΙΩΡΗΜΑ, PANACUR 2.5%, PANACUR 25 mg/ml SUSPENSION ORAL, PANACUR 250 COMPRIMES POUR CHIENS, PANACUR 250 mg COMPRIMIDOS PARA PERROS Y GATOS, PANACUR 250mg/tab ΔΙΣΚΙΟ, PANACUR 4 % POUDRE ORALE, PANACUR 4%, PANACUR 4% ΠΡΟΜΙΓΜΑ ΥΠΟ ΜΟΡΦΗ ΣΚΟΝΗΣ ΓΙΑ ΦΑΡΜΑΚΟΥΧΟ ΤΡΟΦΗ, PANACUR 500 COMPRIMES POUR CHIENS, PANACUR 500 mg COMPRIMIDOS PARA PERROS, PANACUR ΒΩΛΟΙ 250MG, Panacur 10 % (100 mg/ml), suspensão oral para bovinos e equinos, Panacur 10% Suspension BG, перорална суспензия за говеда, коне, кучета и котки, Panacur 100 mg/ml - Suspension zum Eingeben für Pferde und Rinder, Panacur 100 mg/ml belsőleges szuszpenzió szarvasmarhák és lovak részére A.U.V., Panacur 100 mg/ml oral suspension for cattle and horses, Panacur 187,5 mg peroralna pasta za konje in druge ekvide, Panacur 2,5% (25 mg/ml) suspensão oral para ovinos e caprinos, Panacur 2,5% - Suspension zum Eingeben für Schafe, Panacur 250 mg - Tabletten  für Schafe, Panacur 250 mg Tablet, Panacur 250 mg Tabletten für Hunde und Katzen, Panacur 4 % - Pulver für Schweine, Panacur 4 % Premix 40 mg/g Premix voor gemedicineerd voer, Panacur 40 mg/g, prašak za oralnu primjenu, za svinje, Panacur 500 mg Tablet, Panacur 500 mg Tabletten für Hunde, Panacur Vet. 10% oral suspension, Panacur Vet. 18,75% oral pasta, Panacur Vet. 250 mg tabletter, Panacur Vet. 4% oralt pulver, Panacur Vet. 500 mg tabletter, Panacur vet. 18,75% oralpasta til hest, Panacur vet. 187,5 mg/g oralpasta til hund og katt., Panacur vet. 250 mg tabletter til småfe., Panacur vet. granulat 222 mg/g, Panacur vet. mikstur 25 mg/ml, Panacur vet. pulver 40 mg/g, Panacur vet. tabletter 250 mg, Panacur vet. tabletter 500 mg, Panacur, 100mg/ml, Perorální suspenze, Panacur, 187.5mg/g, Perorální pasta, Panacur, 222mg/g, Granule, Panacur, 250mg, Tableta, Panacur, 25mg/ml, Perorální suspenze, RABISIN SUSPENSION INJECTABLE, RABISIN injekčná suspenzia, RABISIN suspenzija za injiciranje, RABISIN vet, injeksjonsvæske, suspensjon Vaksine mot rabies til dyr (inaktivert), RABISIN, Injekční suspenze, RABISIN, injekcinė suspensija, RABISIN, sospensione iniettabile per cani, gatti, equini, bovini, ovini, RABISIN, suspensie injectabilă, RABISIN, ενέσιμο εναιώρημα, RABISIN, ≥ 2,09 log10 OD50 i ≥ 1 I.J., suspenzija za injekciju za pse, mačke, pitome vretice, konje, govedo i ovce, Rabisin, Rabisin  Suspensie voor injectie, Rabisin Glikoproteiny wirusa wścieklizny nie mniej niż 1IU Zawiesina do wstrzykiwań, Rabisin Injektionssuspension für Hunde, Katzen, Marderartige, Pferde, Rinder und Schafe, Rabisin Vet. injektionsvæske, suspension, Rabisin suspensija injekcijām liellopiem, zirgiem, aitām, suņiem, kaķiem un mājas seskiem, Rabisin suspension injectable, Rabisin suspensão injectável, Rabisin vakcina A.U.V., Rabisin vet injektioneste, suspensio, Rabisin vet.  Injektionsvätska, suspension, Rabisin, Injektionssuspension für Hunde, Katzen, Marderartige, Pferde, Rinder und Schafe, Rabisin, suspensie voor injectie voor hond, kat en rund, Rabisin, süstesuspensioon, Torbugesic 10 mg/ml Solution for Injection, Torbugesic Vet 10 mg/ml solution injectable pour chevaux, chiens et chats, Torbugesic Vet. 10 mg/ml injektionsvæske, opløsning, Torbuphanol Vet 10 mg/ml solution for injection for injection for horses, do","Allergy NOS, Cough, Cough, productive, Eosinophilia, Gagging, Ocular discharge, Respiratory tract infection NOS, Retching, Vomiting",2,2,
CA-DEBIAHP-2015CA01321,"<a target=""_blank""  href=""/xmlpserver/EVVET3 PW NEW/Subject Area Contents/Public Website/Report (PDF)/AER.xdo?_xpf=&_xpt=1&_params%2FOracle%20BI%20EE%3A%3ADefaultApp%3A%3AEVVET3%20PR%20NEW%2FAER%3A%3Adimension%2FAER%20Id%3A%3Aattribute%3A%3Anoaggr%3A%3Axsd%3Adouble=540747&_xt=AER&_xf=pdf""> AER </a>",2015-11-11 00:00:00,Veterinarian,Canada,FEMALE,Dog,Pointing Dog - Hungarian Wire-haired (Vizsla),"CLAVASEPTIN 50MG PALATABLE TABLETS FOR DOGS AND CATS, Metacam 0.5 mg/ml - Oral suspension (cats, guinea pigs), Metacam 0.5 mg/ml - Oral suspension (dogs), Metacam 1.5 mg/ml - Oral suspension (dogs), Metacam 15 mg/ml - Oral suspension (horses), Metacam 15 mg/ml - Oral suspension (pigs)","Anxiety, Decreased appetite, Decreased urine concentration, Elevated blood urea nitrogen (BUN), Elevated creatinine, Haematuria, Polydipsia, Polyuria, Urinary tract infection, Vomiting",1,1,
CA-DEBIAHP-2015CA01325,"<a target=""_blank""  href=""/xmlpserver/EVVET3 PW NEW/Subject Area Contents/Public Website/Report (PDF)/AER.xdo?_xpf=&_xpt=1&_params%2FOracle%20BI%20EE%3A%3ADefaultApp%3A%3AEVVET3%20PR%20NEW%2FAER%3A%3Adimension%2FAER%20Id%3A%3Aattribute%3A%3Anoaggr%3A%3Axsd%3Adouble=531880&_xt=AER&_xf=pdf""> AER </a>",2015-10-23 00:00:00,Veterinarian,Canada,MALE,Dog,Pug,"Metacam 0.5 mg/ml - Oral suspension (cats, guinea pigs), Metacam 0.5 mg/ml - Oral suspension (dogs), Metacam 1.5 mg/ml - Oral suspension (dogs), Metacam 15 mg/ml - Oral suspension (horses), Metacam 15 mg/ml - Oral suspension (pigs), Revertor 5 mg/ml Solution for Injection for Dogs and Cats","Anorexia, Blood in vomit, Dehydration, Diarrhoea, Duodenal ulcer, Lethargy (see also Central nervous system depression in Neurological), Pyloric ulcer, Tense abdomen, Vomiting",1,1,
CA-DEBIAHP-2015CA01328,"<a target=""_blank""  href=""/xmlpserver/EVVET3 PW NEW/Subject Area Contents/Public Website/Report (PDF)/AER.xdo?_xpf=&_xpt=1&_params%2FOracle%20BI%20EE%3A%3ADefaultApp%3A%3AEVVET3%20PR%20NEW%2FAER%3A%3Adimension%2FAER%20Id%3A%3Aattribute%3A%3Anoaggr%3A%3Axsd%3Adouble=531406&_xt=AER&_xf=pdf""> AER </a>",2015-10-22 00:00:00,Veterinarian,Canada,MALE,Dog,Shih Tzu,"Metacam 0.5 mg/ml - Oral suspension (cats, guinea pigs), Metacam 0.5 mg/ml - Oral suspension (dogs), Metacam 1.5 mg/ml - Oral suspension (dogs), Metacam 15 mg/ml - Oral suspension (horses), Metacam 15 mg/ml - Oral suspension (pigs)","Anorexia, Diarrhoea, Drinking a lot, Frequent urination, Lethargy (see also Central nervous system depression in Neurological), Vomiting, Weight loss",1,1,
CA-DEBIAHP-2015CA01334,"<a target=""_blank""  href=""/xmlpserver/EVVET3 PW NEW/Subject Area Contents/Public Website/Report (PDF)/AER.xdo?_xpf=&_xpt=1&_params%2FOracle%20BI%20EE%3A%3ADefaultApp%3A%3AEVVET3%20PR%20NEW%2FAER%3A%3Adimension%2FAER%20Id%3A%3Aattribute%3A%3Anoaggr%3A%3Axsd%3Adouble=533980&_xt=AER&_xf=pdf""> AER </a>",2015-10-29 00:00:00,Veterinarian,Canada,FEMALE,Dog,Retriever - Labrador,"ALFAXAN 10 mg/ml solution for injection for dogs and cats, LIDOCAINE 2% (w/w) injekčný roztok, LIDOCAINE, 2%, Injekční roztok, Lidocaine 2 inj. (+noradrenaline), injectievloeistof voor honden en katten, Lidocaine 20 mg/ml + adrenaline 10 mcg/ml, oplossing voor injectie voor honden en katten, Lidocaine 4% inj. oplossing voor injectie voor honden en katten, Metacam 0.5 mg/ml - Oral suspension (cats, guinea pigs), Metacam 0.5 mg/ml - Oral suspension (dogs), Metacam 1.5 mg/ml - Oral suspension (dogs), Metacam 15 mg/ml - Oral suspension (horses), Metacam 15 mg/ml - Oral suspension (pigs), Torbugesic 10 mg/ml Solution for Injection, Torbugesic Vet 10 mg/ml solution injectable pour chevaux, chiens et chats, Torbugesic Vet. 10 mg/ml injektionsvæske, opløsning, Torbuphanol Vet 10 mg/ml solution for injection for injection for horses, dogs and cats","Drooling, Elevated renal parameters, Loose stool, Polydipsia, Polyuria, Restlessness, Vomiting",1,1,
CA-DEBIAHP-2015CA01362,"<a target=""_blank""  href=""/xmlpserver/EVVET3 PW NEW/Subject Area Contents/Public Website/Report (PDF)/AER.xdo?_xpf=&_xpt=1&_params%2FOracle%20BI%20EE%3A%3ADefaultApp%3A%3AEVVET3%20PR%20NEW%2FAER%3A%3Adimension%2FAER%20Id%3A%3Aattribute%3A%3Anoaggr%3A%3Axsd%3Adouble=536477&_xt=AER&_xf=pdf""> AER </a>",2015-11-04 00:00:00,Veterinarian,Canada,MALE,Dog,Chihuahua,"Metacam 0.5 mg/ml - Oral suspension (cats, guinea pigs), Metacam 0.5 mg/ml - Oral suspension (dogs), Metacam 1.5 mg/ml - Oral suspension (dogs), Metacam 15 mg/ml - Oral suspension (horses), Metacam 15 mg/ml - Oral suspension (pigs)","Dermal thickening, Erythema (for urticaria see Immune SOC), Injection site alopecia, Injection site swelling",1,1,
CA-DEBIAHP-2015CA01366,"<a target=""_blank""  href=""/xmlpserver/EVVET3 PW NEW/Subject Area Contents/Public Website/Report (PDF)/AER.xdo?_xpf=&_xpt=1&_params%2FOracle%20BI%20EE%3A%3ADefaultApp%3A%3AEVVET3%20PR%20NEW%2FAER%3A%3Adimension%2FAER%20Id%3A%3Aattribute%3A%3Anoaggr%3A%3Axsd%3Adouble=540909&_xt=AER&_xf=pdf""> AER </a>",2015-11-11 00:00:00,Veterinarian,Canada,MALE,Dog,Shepherd Dog - German,"BRONCHI-SHIELD, Metacam 0.5 mg/ml - Oral suspension (cats, guinea pigs), Metacam 0.5 mg/ml - Oral suspension (dogs), Metacam 1.5 mg/ml - Oral suspension (dogs), Metacam 15 mg/ml - Oral suspension (horses), Metacam 15 mg/ml - Oral suspension (pigs), RABISIN SUSPENSION INJECTABLE, RABISIN injekčná suspenzia, RABISIN suspenzija za injiciranje, RABISIN vet, injeksjonsvæske, suspensjon Vaksine mot rabies til dyr (inaktivert), RABISIN, Injekční suspenze, RABISIN, injekcinė suspensija, RABISIN, sospensione iniettabile per cani, gatti, equini, bovini, ovini, RABISIN, suspensie injectabilă, RABISIN, ενέσιμο εναιώρημα, RABISIN, ≥ 2,09 log10 OD50 i ≥ 1 I.J., suspenzija za injekciju za pse, mačke, pitome vretice, konje, govedo i ovce, Rabisin, Rabisin  Suspensie voor injectie, Rabisin Glikoproteiny wirusa wścieklizny nie mniej niż 1IU Zawiesina do wstrzykiwań, Rabisin Injektionssuspension für Hunde, Katzen, Marderartige, Pferde, Rinder und Schafe, Rabisin Vet. injektionsvæske, suspension, Rabisin suspensija injekcijām liellopiem, zirgiem, aitām, suņiem, kaķiem un mājas seskiem, Rabisin suspension injectable, Rabisin suspensão injectável, Rabisin vakcina A.U.V., Rabisin vet injektioneste, suspensio, Rabisin vet.  Injektionsvätska, suspension, Rabisin, Injektionssuspension für Hunde, Katzen, Marderartige, Pferde, Rinder und Schafe, Rabisin, suspensie voor injectie voor hond, kat en rund, Rabisin, süstesuspensioon, VERSICAN PLUS BB IN LYOPHILISAT ET SOLVANT POUR GOUTTES NASALES, SUSPENSION POUR CHIENS, Versican Plus Bb IN, Lyophilisat et solvant pour suspension nasale en gouttes, pour chiens, РАБИЗИН","Aggression, Alopecia, Generalised itching, Skin sore",1,1,
CA-DEBIAHP-2015CA01374,"<a target=""_blank""  href=""/xmlpserver/EVVET3 PW NEW/Subject Area Contents/Public Website/Report (PDF)/AER.xdo?_xpf=&_xpt=1&_params%2FOracle%20BI%20EE%3A%3ADefaultApp%3A%3AEVVET3%20PR%20NEW%2FAER%3A%3Adimension%2FAER%20Id%3A%3Aattribute%3A%3Anoaggr%3A%3Axsd%3Adouble=536880&_xt=AER&_xf=pdf""> AER </a>",2015-11-05 00:00:00,Veterinarian,Canada,MALE,Dog,Dog (other),"Dexdomitor 0.1 mg/ml - Solution for injection, Dexdomitor 0.5 mg/ml - Solution for injection, Metacam 0.5 mg/ml - Oral suspension (dogs)",Injection site lesion,1,1,
CA-DEBIAHP-2015CA01392,"<a target=""_blank""  href=""/xmlpserver/EVVET3 PW NEW/Subject Area Contents/Public Website/Report (PDF)/AER.xdo?_xpf=&_xpt=1&_params%2FOracle%20BI%20EE%3A%3ADefaultApp%3A%3AEVVET3%20PR%20NEW%2FAER%3A%3Adimension%2FAER%20Id%3A%3Aattribute%3A%3Anoaggr%3A%3Axsd%3Adouble=540936&_xt=AER&_xf=pdf""> AER </a>",2015-11-13 00:00:00,Veterinarian,Canada,FEMALE,Dog,Terrier - Jack Russell,"ALFAXAN 10 mg/ml solution for injection for dogs and cats, Cerenia 10 mg/ml  - Solution for injection, Cerenia 16 mg  - Tablet, Cerenia 160 mg  - Tablet, Cerenia 24 mg  - Tablet, Cerenia 60 mg - Tablet, Metacam 0.5 mg/ml - Oral suspension (cats, guinea pigs), Metacam 0.5 mg/ml - Oral suspension (dogs), Metacam 1.5 mg/ml - Oral suspension (dogs), Metacam 15 mg/ml - Oral suspension (horses), Metacam 15 mg/ml - Oral suspension (pigs)",Vomiting,1,1,
CA-DEBIAHP-2015CA01397,"<a target=""_blank""  href=""/xmlpserver/EVVET3 PW NEW/Subject Area Contents/Public Website/Report (PDF)/AER.xdo?_xpf=&_xpt=1&_params%2FOracle%20BI%20EE%3A%3ADefaultApp%3A%3AEVVET3%20PR%20NEW%2FAER%3A%3Adimension%2FAER%20Id%3A%3Aattribute%3A%3Anoaggr%3A%3Axsd%3Adouble=553899&_xt=AER&_xf=pdf""> AER </a>",2015-12-23 00:00:00,Veterinarian,Canada,FEMALE,Dog,Boxer (German Boxer),"Dexdomitor 0.1 mg/ml - Solution for injection, Dexdomitor 0.5 mg/ml - Solution for injection, Metacam 0.5 mg/ml - Oral suspension (dogs), Metacam 2.5 mg - Chewable tablet (dogs)","Abdominal discomfort, Anorexia, Bloody diarrhoea, Decreased appetite, Dehydration, Lethargy (see also Central nervous system depression in Neurological), Vomiting",1,1,
CA-DEBIAHP-2015CA01443,"<a target=""_blank""  href=""/xmlpserver/EVVET3 PW NEW/Subject Area Contents/Public Website/Report (PDF)/AER.xdo?_xpf=&_xpt=1&_params%2FOracle%20BI%20EE%3A%3ADefaultApp%3A%3AEVVET3%20PR%20NEW%2FAER%3A%3Adimension%2FAER%20Id%3A%3Aattribute%3A%3Anoaggr%3A%3Axsd%3Adouble=541399&_xt=AER&_xf=pdf""> AER </a>",2015-11-18 00:00:00,Veterinarian,Canada,FEMALE,Dog,Terrier - Boston,"Diazepam 10 mg, tabletten voor honden en katten, Diazepam 2 mg, tabletten voor honden en katten, Diazepam 5 mg, tabletten voor honden en katten, Diazepam 5 mg/ml, oplossing voor injectie voor honden en katten, Metacam 0.5 mg/ml - Oral suspension (dogs), ZIAPAM 5 mg/ml, solution for injection for dogs and cats","Death, Hypertrophic dilated cardiomyopathy",1,1,1
CA-DEBIAHP-2015CA01448,"<a target=""_blank""  href=""/xmlpserver/EVVET3 PW NEW/Subject Area Contents/Public Website/Report (PDF)/AER.xdo?_xpf=&_xpt=1&_params%2FOracle%20BI%20EE%3A%3ADefaultApp%3A%3AEVVET3%20PR%20NEW%2FAER%3A%3Adimension%2FAER%20Id%3A%3Aattribute%3A%3Anoaggr%3A%3Axsd%3Adouble=544575&_xt=AER&_xf=pdf""> AER </a>",2015-11-27 00:00:00,Veterinarian,Canada,MALE,Dog,Shepherd Dog - Australian,"Diazepam 10 mg, tabletten voor honden en katten, Diazepam 2 mg, tabletten voor honden en katten, Diazepam 5 mg, tabletten voor honden en katten, Diazepam 5 mg/ml, oplossing voor injectie voor honden en katten, Metacam 0.5 mg/ml - Oral suspension (cats, guinea pigs), Metacam 0.5 mg/ml - Oral suspension (dogs), Metacam 1.5 mg/ml - Oral suspension (dogs), Metacam 15 mg/ml - Oral suspension (horses), Metacam 15 mg/ml - Oral suspension (pigs), ZIAPAM 5 mg/ml, solution for injection for dogs and cats","Diarrhoea, Vomiting",1,1,
CA-DEBIAHP-2015CA01497,"<a target=""_blank""  href=""/xmlpserver/EVVET3 PW NEW/Subject Area Contents/Public Website/Report (PDF)/AER.xdo?_xpf=&_xpt=1&_params%2FOracle%20BI%20EE%3A%3ADefaultApp%3A%3AEVVET3%20PR%20NEW%2FAER%3A%3Adimension%2FAER%20Id%3A%3Aattribute%3A%3Anoaggr%3A%3Axsd%3Adouble=550075&_xt=AER&_xf=pdf""> AER </a>",2015-12-11 00:00:00,Veterinarian,Canada,FEMALE,Dog,Shepherd Dog - German,"Metacam 0.5 mg/ml - Oral suspension (cats, guinea pigs), Metacam 0.5 mg/ml - Oral suspension (dogs), Metacam 1.5 mg/ml - Oral suspension (dogs), Metacam 15 mg/ml - Oral suspension (horses), Metacam 15 mg/ml - Oral suspension (pigs)","Dehydration, Elevated blood urea nitrogen (BUN), Elevated creatinine, Enlarged kidney(s), Hyperphosphataemia, Inappropriate defecation, Inappropriate urination, Lethargy (see also Central nervous system depression in Neurological), Polydipsia, Polyuria, Stranguria, Vomiting, Weight loss",1,1,
CA-DEBIAHP-2015CA01506,"<a target=""_blank""  href=""/xmlpserver/EVVET3 PW NEW/Subject Area Contents/Public Website/Report (PDF)/AER.xdo?_xpf=&_xpt=1&_params%2FOracle%20BI%20EE%3A%3ADefaultApp%3A%3AEVVET3%20PR%20NEW%2FAER%3A%3Adimension%2FAER%20Id%3A%3Aattribute%3A%3Anoaggr%3A%3Axsd%3Adouble=546078&_xt=AER&_xf=pdf""> AER </a>",2015-12-02 00:00:00,Veterinarian,Canada,MALE,Dog,"Deutsche Dogge, Great Dane","Metacam 0.5 mg/ml - Oral suspension (cats, guinea pigs), Metacam 0.5 mg/ml - Oral suspension (dogs), Metacam 1.5 mg/ml - Oral suspension (dogs), Metacam 15 mg/ml - Oral suspension (horses), Metacam 15 mg/ml - Oral suspension (pigs)",Diarrhoea,1,1,
CA-DEBIAHP-2015CA01511,"<a target=""_blank""  href=""/xmlpserver/EVVET3 PW NEW/Subject Area Contents/Public Website/Report (PDF)/AER.xdo?_xpf=&_xpt=1&_params%2FOracle%20BI%20EE%3A%3ADefaultApp%3A%3AEVVET3%20PR%20NEW%2FAER%3A%3Adimension%2FAER%20Id%3A%3Aattribute%3A%3Anoaggr%3A%3Axsd%3Adouble=546775&_xt=AER&_xf=pdf""> AER </a>",2015-12-03 00:00:00,Veterinarian,Canada,MALE,Dog,Retriever - Golden,"Metacam 0.5 mg/ml - Oral suspension (cats, guinea pigs), Metacam 0.5 mg/ml - Oral suspension (dogs), Metacam 1.5 mg/ml - Oral suspension (dogs), Metacam 15 mg/ml - Oral suspension (horses), Metacam 15 mg/ml - Oral suspension (pigs)",Lethargy (see also Central nervous system depression in Neurological),1,1,
CA-DEBIAHP-2015CA01519,"<a target=""_blank""  href=""/xmlpserver/EVVET3 PW NEW/Subject Area Contents/Public Website/Report (PDF)/AER.xdo?_xpf=&_xpt=1&_params%2FOracle%20BI%20EE%3A%3ADefaultApp%3A%3AEVVET3%20PR%20NEW%2FAER%3A%3Adimension%2FAER%20Id%3A%3Aattribute%3A%3Anoaggr%3A%3Axsd%3Adouble=551274&_xt=AER&_xf=pdf""> AER </a>",2015-12-16 00:00:00,Veterinarian,Canada,MALE,Dog,Pointing Dog - German Short-haired,"Metacam 0.5 mg/ml - Oral suspension (cats, guinea pigs), Metacam 0.5 mg/ml - Oral suspension (dogs), Metacam 1.5 mg/ml - Oral suspension (dogs), Metacam 15 mg/ml - Oral suspension (horses), Metacam 15 mg/ml - Oral suspension (pigs)","Oral bleeding, Oral ulceration",1,1,
CA-DEBIAHP-2015CA01558,"<a target=""_blank""  href=""/xmlpserver/EVVET3 PW NEW/Subject Area Contents/Public Website/Report (PDF)/AER.xdo?_xpf=&_xpt=1&_params%2FOracle%20BI%20EE%3A%3ADefaultApp%3A%3AEVVET3%20PR%20NEW%2FAER%3A%3Adimension%2FAER%20Id%3A%3Aattribute%3A%3Anoaggr%3A%3Axsd%3Adouble=551720&_xt=AER&_xf=pdf""> AER </a>",2015-12-17 00:00:00,Veterinarian,Canada,MALE,Dog,Crossbred Canine/dog,"Dexdomitor 0.1 mg/ml - Solution for injection, Dexdomitor 0.5 mg/ml - Solution for injection, Diazepam 10 mg, tabletten voor honden en katten, Diazepam 2 mg, tabletten voor honden en katten, Diazepam 5 mg, tabletten voor honden en katten, Diazepam 5 mg/ml, oplossing voor injectie voor honden en katten, Metacam 0.5 mg/ml - Oral suspension (cats, guinea pigs), Metacam 0.5 mg/ml - Oral suspension (dogs), Metacam 1.5 mg/ml - Oral suspension (dogs), Metacam 15 mg/ml - Oral suspension (horses), Metacam 15 mg/ml - Oral suspension (pigs), ZIAPAM 5 mg/ml, solution for injection for dogs and cats","Blood in vomit, Dehydration, Diarrhoea, Haemorrhagic diarrhoea, Lethargy (see also Central nervous system depression in Neurological), Vomiting, Weakness",1,1,
CA-DEBIAHP-2015CA01560,"<a target=""_blank""  href=""/xmlpserver/EVVET3 PW NEW/Subject Area Contents/Public Website/Report (PDF)/AER.xdo?_xpf=&_xpt=1&_params%2FOracle%20BI%20EE%3A%3ADefaultApp%3A%3AEVVET3%20PR%20NEW%2FAER%3A%3Adimension%2FAER%20Id%3A%3Aattribute%3A%3Anoaggr%3A%3Axsd%3Adouble=552798&_xt=AER&_xf=pdf""> AER </a>",2015-12-21 00:00:00,Veterinarian,Canada,FEMALE,Dog,Boxer (German Boxer),"Metacam 0.5 mg/ml - Oral suspension (cats, guinea pigs), Metacam 0.5 mg/ml - Oral suspension (dogs), Metacam 1.5 mg/ml - Oral suspension (dogs), Metacam 15 mg/ml - Oral suspension (horses), Metacam 15 mg/ml - Oral suspension (pigs)",Urticaria,1,1,
CA-DEBIAHP-2015CA01580,"<a target=""_blank""  href=""/xmlpserver/EVVET3 PW NEW/Subject Area Contents/Public Website/Report (PDF)/AER.xdo?_xpf=&_xpt=1&_params%2FOracle%20BI%20EE%3A%3ADefaultApp%3A%3AEVVET3%20PR%20NEW%2FAER%3A%3Adimension%2FAER%20Id%3A%3Aattribute%3A%3Anoaggr%3A%3Axsd%3Adouble=554276&_xt=AER&_xf=pdf""> AER </a>",2015-12-24 00:00:00,Veterinarian,Canada,FEMALE,Dog,Retriever - Golden,"Metacam 0.5 mg/ml - Oral suspension (cats, guinea pigs), Metacam 0.5 mg/ml - Oral suspension (dogs), Metacam 1.5 mg/ml - Oral suspension (dogs), Metacam 15 mg/ml - Oral suspension (horses), Metacam 15 mg/ml - Oral suspension (pigs)","Anorexia, Elevated renal parameters, Hyperkalaemia, Hypothermia, Lethargy (see also Central nervous system depression in Neurological), Vomiting",1,1,
CA-DEBIAHP-2015CA01589,"<a target=""_blank""  href=""/xmlpserver/EVVET3 PW NEW/Subject Area Contents/Public Website/Report (PDF)/AER.xdo?_xpf=&_xpt=1&_params%2FOracle%20BI%20EE%3A%3ADefaultApp%3A%3AEVVET3%20PR%20NEW%2FAER%3A%3Adimension%2FAER%20Id%3A%3Aattribute%3A%3Anoaggr%3A%3Axsd%3Adouble=553358&_xt=AER&_xf=pdf""> AER </a>",2015-12-22 00:00:00,Veterinarian,Canada,MALE,Dog,Dog (other),"CEPHALEXIN 180 mg/ml suspenzija za injiciranje, Metacam 0.5 mg/ml - Oral suspension (cats, guinea pigs), Metacam 0.5 mg/ml - Oral suspension (dogs), Metacam 1.5 mg/ml - Oral suspension (dogs), Metacam 15 mg/ml - Oral suspension (horses), Metacam 15 mg/ml - Oral suspension (pigs)","Anorexia, Decreased appetite, Vomiting",1,1,
CA-DEBIAHP-2015US09741,"<a target=""_blank""  href=""/xmlpserver/EVVET3 PW NEW/Subject Area Contents/Public Website/Report (PDF)/AER.xdo?_xpf=&_xpt=1&_params%2FOracle%20BI%20EE%3A%3ADefaultApp%3A%3AEVVET3%20PR%20NEW%2FAER%3A%3Adimension%2FAER%20Id%3A%3Aattribute%3A%3Anoaggr%3A%3Axsd%3Adouble=490283&_xt=AER&_xf=pdf""> AER </a>",2015-07-17 00:00:00,Other health care professional,Canada,MALE,Dog,Unknown,"Metacam 0.5 mg/ml - Oral suspension (cats, guinea pigs), Metacam 0.5 mg/ml - Oral suspension (dogs), Metacam 1.5 mg/ml - Oral suspension (dogs), Metacam 15 mg/ml - Oral suspension (horses), Metacam 15 mg/ml - Oral suspension (pigs)","Abdominal effusion, Abnormal radiograph finding, Blood in urine, Death by euthanasia, Distension of abdomen, Drooling, Elevated amylase, Elevated blood urea nitrogen (BUN), Elevated liver enzymes NOS, Icterus, Neutropenia, Pancreas disorder, Renal disorder NOS, Thrombocytopenia, Urinary tract infection, Urine leakage",1,1,1
CA-IECHAN-1505072,"<a target=""_blank""  href=""/xmlpserver/EVVET3 PW NEW/Subject Area Contents/Public Website/Report (PDF)/AER.xdo?_xpf=&_xpt=1&_params%2FOracle%20BI%20EE%3A%3ADefaultApp%3A%3AEVVET3%20PR%20NEW%2FAER%3A%3Adimension%2FAER%20Id%3A%3Aattribute%3A%3Anoaggr%3A%3Axsd%3Adouble=506778&_xt=AER&_xf=pdf""> AER </a>",2015-09-04 00:00:00,Veterinarian,Canada,FEMALE,Dog,Retriever - Labrador,"Dexdomitor 0.1 mg/ml - Solution for injection, Dexdomitor 0.5 mg/ml - Solution for injection, Ketamin 10 % šķīdums injekcijām suņiem un kaķiem, Ketamin 10%, Ketamin 100 mg/ml, Ketamine 10% oplossing voor injectie voor honden en katten, Ketamine 10% pro inj., oplossing voor injectie voor honden en katten, Ketamine 10% šķīdums injekcijām suņiem un kaķiem, Ketamine 10%, oplossing voor injectie voor honden en katten, Metacam 0.5 mg/ml - Oral suspension (cats, guinea pigs), Metacam 0.5 mg/ml - Oral suspension (dogs), Metacam 1 mg - Chewable tablet (dogs), Metacam 1.5 mg/ml - Oral suspension (dogs), Metacam 15 mg/ml - Oral suspension (horses), Metacam 15 mg/ml - Oral suspension (pigs), Metacam 2 mg/ml - Solution for injection (cats), Metacam 2.5 mg - Chewable tablet (dogs), Metacam 20 mg/ml - Solution for injection (cattle, pigs, horses), Metacam 40 mg/ml - Solution for injection (cattle, horses), Metacam 5 mg/ml - Solution for injection (cats, dogs), Metacam 5 mg/ml - Solution for injection (cattle, pigs), Metacam 5 mg/ml - Solution for injection (dogs), Rheumocam 0.5 mg/ml - Oral suspension (cats), Rheumocam 1 mg - Chewable tablet (dogs), Rheumocam 1.5 mg/ml - Oral suspension, Rheumocam 15 mg/ml - Oral suspension (horses), Rheumocam 2 mg/ml - Solution for injection, Rheumocam 2.5 mg - Chewable tablet (dogs), Rheumocam 20 mg/ml - Solution for injection (cattle, pigs, horses), Rheumocam 330 mg - granules in sachet, Rheumocam 5 mg/ml  - Solution for injection (cats, dogs), Rheumocam 5 mg/ml - Solution for injection (cattle, pigs), КЕТАМИН 10 %","Acute renal failure, Azotaemia, Hyponatremia, Lethargy (see also Central nervous system depression in Neurological)",1,1,
CA-NLINTVINT-2015-CA-00892,"<a target=""_blank""  href=""/xmlpserver/EVVET3 PW NEW/Subject Area Contents/Public Website/Report (PDF)/AER.xdo?_xpf=&_xpt=1&_params%2FOracle%20BI%20EE%3A%3ADefaultApp%3A%3AEVVET3%20PR%20NEW%2FAER%3A%3Adimension%2FAER%20Id%3A%3Aattribute%3A%3Anoaggr%3A%3Axsd%3Adouble=494914&_xt=AER&_xf=pdf""> AER </a>",2015-07-30 00:00:00,Veterinarian,Canada,FEMALE,Dog,Crossbred Canine/dog,"Bravecto 250 mg  Chewable tablet, Metacam 0.5 mg/ml - Oral suspension (cats, guinea pigs), Metacam 0.5 mg/ml - Oral suspension (dogs), Metacam 1 mg - Chewable tablet (dogs), Metacam 1.5 mg/ml - Oral suspension (dogs), Metacam 15 mg/ml - Oral suspension (horses), Metacam 15 mg/ml - Oral suspension (pigs), Metacam 2 mg/ml - Solution for injection (cats), Metacam 2.5 mg - Chewable tablet (dogs), Metacam 20 mg/ml - Solution for injection (cattle, pigs, horses), Metacam 40 mg/ml - Solution for injection (cattle, horses), Metacam 5 mg/ml - Solution for injection (cats, dogs), Metacam 5 mg/ml - Solution for injection (cattle, pigs), Metacam 5 mg/ml - Solution for injection (dogs), Vanguard Pup","Abnormal menace reflex test, Abnormal pupil light reflex, Blindness, Death by euthanasia, Elevated alanine aminotransferase (ALT), Gall bladder & bile duct disorder NOS, Gingivitis, Hind limb ataxia, Inappetence, Increased skin sensitivity, Jaw disorder, Optic nerve disorder, Slow reflexes, Sore mouth, Tooth disorder, Vomiting",1,1,1
CA-OPAH-CA20140041,"<a target=""_blank""  href=""/xmlpserver/EVVET3 PW NEW/Subject Area Contents/Public Website/Report (PDF)/AER.xdo?_xpf=&_xpt=1&_params%2FOracle%20BI%20EE%3A%3ADefaultApp%3A%3AEVVET3%20PR%20NEW%2FAER%3A%3Adimension%2FAER%20Id%3A%3Aattribute%3A%3Anoaggr%3A%3Axsd%3Adouble=426167&_xt=AER&_xf=pdf""> AER </a>",2015-01-02 00:00:00,Veterinarian,Canada,FEMALE,Dog,Spaniel - Cocker American,"CLAVASEPTIN 40+10 MG ΔΙΣΚΙΟ, CLAVASEPTIN 400+100MG ΔΙΣΚΙΟ, CLAVASEPTIN 500MG PALATABLE TABLETS FOR DOGS, CLAVASEPTIN 50MG PALATABLE TABLETS FOR DOGS AND CATS, CLAVASEPTIN 600+150MG ΔΙΣΚΙΟ, CLAVASEPTIN 62.5 MG PALATABLE TABLETS FOR DOGS AND CATS, CLAVASEPTIN P 250 MG TABLETS FOR DOGS, CLAVASEPTIN P 62,5 MG ΔΙΣΚΙΟ, CLAVASEPTIN P 750 MG TABLETS FOR DOGS, Clavaseptin 250 mg okusne tablete za pse, Clavaseptin 250 mg, tabletid koertele, Clavaseptin 50 mg, tabletid koertele ja kassidele, Clavaseptin 500 mg, tabletid koertele, Clavaseptin 600 mg/150 mg tabletter för hund, Clavaseptin 750 mg Tabletten für Hunde, Clavaseptin 750 mg okusne tablete za pse, Clavaseptin 750 mg palatable tablets for dogs, Dexdomitor 0.5 mg/ml - Solution for injection, Metacam 0.5 mg/ml - Oral suspension (cats, guinea pigs), Metacam 0.5 mg/ml - Oral suspension (dogs), Metacam 1 mg - Chewable tablet (dogs), Metacam 1.5 mg/ml - Oral suspension (dogs), Metacam 15 mg/ml - Oral suspension (horses), Metacam 15 mg/ml - Oral suspension (pigs), Metacam 2 mg/ml - Solution for injection (cats), Metacam 2.5 mg - Chewable tablet (dogs), Metacam 20 mg/ml - Solution for injection (cattle, pigs, horses), Metacam 40 mg/ml - Solution for injection (cattle, horses), Metacam 5 mg/ml - Solution for injection (cats, dogs), Metacam 5 mg/ml - Solution for injection (cattle, pigs), Metacam 5 mg/ml - Solution for injection (dogs)","Elevated liver enzymes NOS, Facial paralysis, Purulent lesion(s), Skin and tissue infection NOS, Skin inflammation NOS",1,1,
CAN-ZZELANCORG-CA201500033,"<a target=""_blank""  href=""/xmlpserver/EVVET3 PW NEW/Subject Area Contents/Public Website/Report (PDF)/AER.xdo?_xpf=&_xpt=1&_params%2FOracle%20BI%20EE%3A%3ADefaultApp%3A%3AEVVET3%20PR%20NEW%2FAER%3A%3Adimension%2FAER%20Id%3A%3Aattribute%3A%3Anoaggr%3A%3Axsd%3Adouble=446576&_xt=AER&_xf=pdf""> AER </a>",2015-04-23 00:00:00,Veterinarian,Canada,FEMALE,Dog,Retriever - Labrador,"MIPREPOL, oily suspension for dogs and cats, Metacam 0.5 mg/ml - Oral suspension (cats, guinea pigs), Metacam 0.5 mg/ml - Oral suspension (dogs), Metacam 1 mg - Chewable tablet (dogs), Metacam 1.5 mg/ml - Oral suspension (dogs), Metacam 15 mg/ml - Oral suspension (horses), Metacam 15 mg/ml - Oral suspension (pigs), Metacam 2 mg/ml - Solution for injection (cats), Metacam 2.5 mg - Chewable tablet (dogs), Metacam 20 mg/ml - Solution for injection (cattle, pigs, horses), Metacam 40 mg/ml - Solution for injection (cattle, horses), Metacam 5 mg/ml - Solution for injection (cats, dogs), Metacam 5 mg/ml - Solution for injection (cattle, pigs), Metacam 5 mg/ml - Solution for injection (dogs), SUROLAN, SUROLAN (23MG+5MG+0,5293MG)/ML ΩΤΙΚΕΣ ΣΤΑΓΟΝΕΣ, ΕΝΑΙΩΡΗΜΑ, SUROLAN DROPS 23mg/ml, 5500IU/ml, 5mg/ml ωτικές σταγόνες σε εναιώρημα και δερματικό εναιώρημα για σκύλους και γάτες, SUROLAN sospensione oleosa per cani e gatti, SUROLAN ušné kvapky a dermálna suspenzia, SUROLAN, Kožní/ušní kapky, suspenze, SUROLAN, kapi za uho i suspenzija za kožu za pse i mačke, SUROLAN, picături auriculate si suspensie cutanată, SUROLAN, suspensija šunims ir katėms, SUROLAN, капки за уши и суспензия за кожа за кучета и котки, Surolan, Surolan  Oordruppels, suspensie, Surolan (23 mg + 0,5293 mg + 5 mg )/ml Krople do uszu, zawiesina, Surolan 5,0 mg/0,5293 mg/23,0 mg/ml, Ohrentropfen, Suspension zur Anwendung auf der Haut für Hunde und Katzen, Surolan Ear Drops and Cutaneous Suspension, Surolan Vet. 5 + 23 + 0,529 mg/ml øredråber, suspension og kutansuspension, Surolan külsőleges szuszpenzió A.U.V., Surolan suspensija ārīgai lietošanai suņiem un kaķiem, Surolan vet.  Örondroppar/kutan suspension, Surolan vet., örondroppar/kutan suspension, Surolan, nahasuspensioon koertele ja kassidele, Surolan, suspensie voor cutaan gebruik, bij honden en katten, Surolan, suspension pour application cutanée/suspension auriculaire en gouttes pour chiens et chats","Elevated serum alkaline phosphatase (ALP), Hypothyroidism, Loss of hearing, Lymphopenia",1,1,
CAN-ZZELANCORG-CA201500107,"<a target=""_blank""  href=""/xmlpserver/EVVET3 PW NEW/Subject Area Contents/Public Website/Report (PDF)/AER.xdo?_xpf=&_xpt=1&_params%2FOracle%20BI%20EE%3A%3ADefaultApp%3A%3AEVVET3%20PR%20NEW%2FAER%3A%3Adimension%2FAER%20Id%3A%3Aattribute%3A%3Anoaggr%3A%3Axsd%3Adouble=451367&_xt=AER&_xf=pdf""> AER </a>",2015-05-04 00:00:00,Veterinarian,Canada,MALE,Dog,Retriever - Labrador,"MIPREPOL, oily suspension for dogs and cats, Metacam 0.5 mg/ml - Oral suspension (cats, guinea pigs), Metacam 0.5 mg/ml - Oral suspension (dogs), Metacam 1 mg - Chewable tablet (dogs), Metacam 1.5 mg/ml - Oral suspension (dogs), Metacam 15 mg/ml - Oral suspension (horses), Metacam 15 mg/ml - Oral suspension (pigs), Metacam 2 mg/ml - Solution for injection (cats), Metacam 2.5 mg - Chewable tablet (dogs), Metacam 20 mg/ml - Solution for injection (cattle, pigs, horses), Metacam 40 mg/ml - Solution for injection (cattle, horses), Metacam 5 mg/ml - Solution for injection (cats, dogs), Metacam 5 mg/ml - Solution for injection (cattle, pigs), Metacam 5 mg/ml - Solution for injection (dogs), SUROLAN, SUROLAN (23MG+5MG+0,5293MG)/ML ΩΤΙΚΕΣ ΣΤΑΓΟΝΕΣ, ΕΝΑΙΩΡΗΜΑ, SUROLAN DROPS 23mg/ml, 5500IU/ml, 5mg/ml ωτικές σταγόνες σε εναιώρημα και δερματικό εναιώρημα για σκύλους και γάτες, SUROLAN sospensione oleosa per cani e gatti, SUROLAN ušné kvapky a dermálna suspenzia, SUROLAN, Kožní/ušní kapky, suspenze, SUROLAN, kapi za uho i suspenzija za kožu za pse i mačke, SUROLAN, picături auriculate si suspensie cutanată, SUROLAN, suspensija šunims ir katėms, SUROLAN, капки за уши и суспензия за кожа за кучета и котки, Surolan, Surolan  Oordruppels, suspensie, Surolan (23 mg + 0,5293 mg + 5 mg )/ml Krople do uszu, zawiesina, Surolan 5,0 mg/0,5293 mg/23,0 mg/ml, Ohrentropfen, Suspension zur Anwendung auf der Haut für Hunde und Katzen, Surolan Ear Drops and Cutaneous Suspension, Surolan Vet. 5 + 23 + 0,529 mg/ml øredråber, suspension og kutansuspension, Surolan külsőleges szuszpenzió A.U.V., Surolan suspensija ārīgai lietošanai suņiem un kaķiem, Surolan vet.  Örondroppar/kutan suspension, Surolan vet., örondroppar/kutan suspension, Surolan, nahasuspensioon koertele ja kassidele, Surolan, suspensie voor cutaan gebruik, bij honden en katten, Surolan, suspension pour application cutanée/suspension auriculaire en gouttes pour chiens et chats",Deafness,1,1,
CH-NAH-CH201500012,"<a target=""_blank""  href=""/xmlpserver/EVVET3 PW NEW/Subject Area Contents/Public Website/Report (PDF)/AER.xdo?_xpf=&_xpt=1&_params%2FOracle%20BI%20EE%3A%3ADefaultApp%3A%3AEVVET3%20PR%20NEW%2FAER%3A%3Adimension%2FAER%20Id%3A%3Aattribute%3A%3Anoaggr%3A%3Axsd%3Adouble=464510&_xt=AER&_xf=pdf""> AER </a>",2015-06-03 00:00:00,Veterinarian,Switzerland,FEMALE,Dog,Setter - Irish Red,"Metacam 0.5 mg/ml - Oral suspension (cats, guinea pigs), Metacam 0.5 mg/ml - Oral suspension (dogs), Metacam 1 mg - Chewable tablet (dogs), Metacam 1.5 mg/ml - Oral suspension (dogs), Metacam 15 mg/ml - Oral suspension (horses), Metacam 15 mg/ml - Oral suspension (pigs), Metacam 2 mg/ml - Solution for injection (cats), Metacam 2.5 mg - Chewable tablet (dogs), Metacam 20 mg/ml - Solution for injection (cattle, pigs, horses), Metacam 40 mg/ml - Solution for injection (cattle, horses), Metacam 5 mg/ml - Solution for injection (cats, dogs), Metacam 5 mg/ml - Solution for injection (cattle, pigs), Metacam 5 mg/ml - Solution for injection (dogs), Onsior 10 mg  - Tablet (dogs), Onsior 20 mg  - Tablet (dogs), Onsior 20 mg/ml  - Solution for injection (cats and dogs), Onsior 40 mg  - Tablet (dogs), Onsior 5 mg  - Tablet (dogs), Onsior 6 mg  - Tablet (cats)","Apathy, Gastric perforation, Sudden death, Tense abdomen, Vomiting",1,1,1
DE-BVL-2014-4985,"<a target=""_blank""  href=""/xmlpserver/EVVET3 PW NEW/Subject Area Contents/Public Website/Report (PDF)/AER.xdo?_xpf=&_xpt=1&_params%2FOracle%20BI%20EE%3A%3ADefaultApp%3A%3AEVVET3%20PR%20NEW%2FAER%3A%3Adimension%2FAER%20Id%3A%3Aattribute%3A%3Anoaggr%3A%3Axsd%3Adouble=426304&_xt=AER&_xf=pdf""> AER </a>",2015-01-05 00:00:00,Veterinarian,Germany,FEMALE,Dog,Crossbred Canine/dog,"BAYTRIL 2,5% W/V ΕΝΕΣΙΜΟ ΔΙΑΛΥΜΑ, Baytril 100 mg/ml soluzione iniettabile, Baytril 25 mg/ml soluzione iniettabile, Baytril 25 mg/ml soluzione iniettabile per cani, gatti, roditori e conigli da compagnia, rettili e uccelli ornamentali, Baytril 50 mg/ml soluzione iniettabile, Baytril Flavour 50 mg Tablet, Baytril flavour 50mg Tablette, Metacam 1 mg - Chewable tablet (dogs)",Vomiting,1,1,
DE-BVL-2015-0644,"<a target=""_blank""  href=""/xmlpserver/EVVET3 PW NEW/Subject Area Contents/Public Website/Report (PDF)/AER.xdo?_xpf=&_xpt=1&_params%2FOracle%20BI%20EE%3A%3ADefaultApp%3A%3AEVVET3%20PR%20NEW%2FAER%3A%3Adimension%2FAER%20Id%3A%3Aattribute%3A%3Anoaggr%3A%3Axsd%3Adouble=431597&_xt=AER&_xf=pdf""> AER </a>",2015-02-09 00:00:00,Veterinarian,Germany,MALE,Dog,Crossbred Canine/dog,"Metacam 0.5 mg/ml - Oral suspension (cats, guinea pigs), Metacam 0.5 mg/ml - Oral suspension (dogs), Metacam 1 mg - Chewable tablet (dogs), Metacam 1.5 mg/ml - Oral suspension (dogs), Metacam 15 mg/ml - Oral suspension (horses), Metacam 15 mg/ml - Oral suspension (pigs), Metacam 2 mg/ml - Solution for injection (cats), Metacam 2.5 mg - Chewable tablet (dogs), Metacam 20 mg/ml - Solution for injection (cattle, pigs, horses), Metacam 40 mg/ml - Solution for injection (cattle, horses), Metacam 5 mg/ml - Solution for injection (cats, dogs), Metacam 5 mg/ml - Solution for injection (cattle, pigs), Metacam 5 mg/ml - Solution for injection (dogs)","Bloody diarrhoea, Vomiting",1,1,
DE-BVL-2015-0758,"<a target=""_blank""  href=""/xmlpserver/EVVET3 PW NEW/Subject Area Contents/Public Website/Report (PDF)/AER.xdo?_xpf=&_xpt=1&_params%2FOracle%20BI%20EE%3A%3ADefaultApp%3A%3AEVVET3%20PR%20NEW%2FAER%3A%3Adimension%2FAER%20Id%3A%3Aattribute%3A%3Anoaggr%3A%3Axsd%3Adouble=431938&_xt=AER&_xf=pdf""> AER </a>",2015-02-10 00:00:00,Veterinarian,Germany,FEMALE,Dog,Sheepdog - Pyrenean Smooth-faced,"Metacam 0.5 mg/ml - Oral suspension (cats, guinea pigs), Metacam 0.5 mg/ml - Oral suspension (dogs), Metacam 1 mg - Chewable tablet (dogs), Metacam 1.5 mg/ml - Oral suspension (dogs), Metacam 15 mg/ml - Oral suspension (horses), Metacam 15 mg/ml - Oral suspension (pigs), Metacam 2 mg/ml - Solution for injection (cats), Metacam 2.5 mg - Chewable tablet (dogs), Metacam 20 mg/ml - Solution for injection (cattle, pigs, horses), Metacam 40 mg/ml - Solution for injection (cattle, horses), Metacam 5 mg/ml - Solution for injection (cats, dogs), Metacam 5 mg/ml - Solution for injection (cattle, pigs), Metacam 5 mg/ml - Solution for injection (dogs)","Apathy, Appetite loss, Vomiting",1,1,
DE-DEBIAHP-2014DE00265,"<a target=""_blank""  href=""/xmlpserver/EVVET3 PW NEW/Subject Area Contents/Public Website/Report (PDF)/AER.xdo?_xpf=&_xpt=1&_params%2FOracle%20BI%20EE%3A%3ADefaultApp%3A%3AEVVET3%20PR%20NEW%2FAER%3A%3Adimension%2FAER%20Id%3A%3Aattribute%3A%3Anoaggr%3A%3Axsd%3Adouble=430328&_xt=AER&_xf=pdf""> AER </a>",2015-02-03 00:00:00,Other health care professional,Germany,MALE,Dog,Crossbred Canine/dog,"CANINSULIN 40 UI/ml SUSPENSION INYECTABLE PARA PERROS Y GATOS, CANINSULIN 40 UI/ml suspensie injectabilă pentru câini și pisici, CANINSULIN 40 UI/ml, sospensione iniettabile per cani e gatti, CANINSULIN 40 i.e./ml suspenzija za injiciranje, CANINSULIN 40IU/ML ΕΝΕΣΙΜΟ ΕΝΑΙΩΡΗΜΑ, CANINSULIN SUSPENSION INJECTABLE POUR CHIENS ET CHATS, Caninsulin 40 IU/ml Suspensie voor injectie, Caninsulin 40 IU/ml Suspension for Injection, Caninsulin 40 IU/ml injekčná suspenzia pre psy a mačky, Caninsulin 40 IU/ml suspensija injekcijām suņiem un kaķiem, Caninsulin 40 NE/ml szuszpenziós injekció kutyák és macskák részére, Caninsulin 40 j.m./ml Zawiesina do wstrzykiwań, Caninsulin Vet. 40 IE/ml injektionsvæske, suspension, Caninsulin vet. 40 TV/ml, injekcinė suspensija šunims ir katėms, Caninsulin, 40 I.E./ml, Caninsulin, 40 I.E./ml, Injektionssuspension für Hunde und Katzen, Caninsulin, 40 I.U./ml, suspension injectable, pour chiens et chats, Caninsulin, 40 IE/ml suspensie voor injectie voor hond en kat, Caninsulin, 40 ui/ml suspensão injetável para cães e gatos, Caninsulin, 40IU/ml, Injekční suspenze, Caninsulin® vet. 40 IU/ml, suspension for injection, Metacam 2.5 mg - Chewable tablet (dogs)","Digestive tract neoplasm NOS, Licking, Localised itching",1,1,
DE-DEBIAHP-2015DE00016,"<a target=""_blank""  href=""/xmlpserver/EVVET3 PW NEW/Subject Area Contents/Public Website/Report (PDF)/AER.xdo?_xpf=&_xpt=1&_params%2FOracle%20BI%20EE%3A%3ADefaultApp%3A%3AEVVET3%20PR%20NEW%2FAER%3A%3Adimension%2FAER%20Id%3A%3Aattribute%3A%3Anoaggr%3A%3Axsd%3Adouble=449089&_xt=AER&_xf=pdf""> AER </a>",2015-04-29 00:00:00,Animal owner,Germany,FEMALE,Dog,Crossbred Canine/dog,"Metacam 0.5 mg/ml - Oral suspension (cats, guinea pigs), Metacam 0.5 mg/ml - Oral suspension (dogs), Metacam 1 mg - Chewable tablet (dogs), Metacam 1.5 mg/ml - Oral suspension (dogs), Metacam 15 mg/ml - Oral suspension (horses), Metacam 15 mg/ml - Oral suspension (pigs), Metacam 2 mg/ml - Solution for injection (cats), Metacam 2.5 mg - Chewable tablet (dogs), Metacam 20 mg/ml - Solution for injection (cattle, pigs, horses), Metacam 40 mg/ml - Solution for injection (cattle, horses), Metacam 5 mg/ml - Solution for injection (cats, dogs), Metacam 5 mg/ml - Solution for injection (cattle, pigs), Metacam 5 mg/ml - Solution for injection (dogs), SYNULOX 50 mg","Behavioural disorder NOS, Blindness, Disorientation, Lethargy (see also Central nervous system depression in Neurological), Mydriasis",1,1,
DE-DEBIAHP-2015DE00060,"<a target=""_blank""  href=""/xmlpserver/EVVET3 PW NEW/Subject Area Contents/Public Website/Report (PDF)/AER.xdo?_xpf=&_xpt=1&_params%2FOracle%20BI%20EE%3A%3ADefaultApp%3A%3AEVVET3%20PR%20NEW%2FAER%3A%3Adimension%2FAER%20Id%3A%3Aattribute%3A%3Anoaggr%3A%3Axsd%3Adouble=531435&_xt=AER&_xf=pdf""> AER </a>",2015-10-23 00:00:00,Animal owner,Germany,FEMALE,Dog,Shepherd Dog - German,Metacam 1.5 mg/ml - Oral suspension (dogs),"Panting, Restlessness",1,1,
DE-DEBIAHP-2015DE00079,"<a target=""_blank""  href=""/xmlpserver/EVVET3 PW NEW/Subject Area Contents/Public Website/Report (PDF)/AER.xdo?_xpf=&_xpt=1&_params%2FOracle%20BI%20EE%3A%3ADefaultApp%3A%3AEVVET3%20PR%20NEW%2FAER%3A%3Adimension%2FAER%20Id%3A%3Aattribute%3A%3Anoaggr%3A%3Axsd%3Adouble=448688&_xt=AER&_xf=pdf""> AER </a>",2015-04-28 00:00:00,Veterinarian,Germany,FEMALE,Dog,Dog (other),"Metacam 0.5 mg/ml - Oral suspension (cats, guinea pigs), Metacam 0.5 mg/ml - Oral suspension (dogs), Metacam 1 mg - Chewable tablet (dogs), Metacam 1.5 mg/ml - Oral suspension (dogs), Metacam 15 mg/ml - Oral suspension (horses), Metacam 15 mg/ml - Oral suspension (pigs), Metacam 2 mg/ml - Solution for injection (cats), Metacam 2.5 mg - Chewable tablet (dogs), Metacam 20 mg/ml - Solution for injection (cattle, pigs, horses), Metacam 40 mg/ml - Solution for injection (cattle, horses), Metacam 5 mg/ml - Solution for injection (cats, dogs), Metacam 5 mg/ml - Solution for injection (cattle, pigs), Metacam 5 mg/ml - Solution for injection (dogs)","Gut sounds increased, Malaise, Mucous stool, Nausea",1,1,
DE-DEBIAHP-2015DE00156,"<a target=""_blank""  href=""/xmlpserver/EVVET3 PW NEW/Subject Area Contents/Public Website/Report (PDF)/AER.xdo?_xpf=&_xpt=1&_params%2FOracle%20BI%20EE%3A%3ADefaultApp%3A%3AEVVET3%20PR%20NEW%2FAER%3A%3Adimension%2FAER%20Id%3A%3Aattribute%3A%3Anoaggr%3A%3Axsd%3Adouble=489176&_xt=AER&_xf=pdf""> AER </a>",2015-07-13 00:00:00,Veterinarian,Germany,FEMALE,Dog,Unknown,"Metacam 5 mg/ml - Solution for injection (cats, dogs), Metacam 5 mg/ml - Solution for injection (cattle, pigs), Metacam 5 mg/ml - Solution for injection (dogs)",Renal insufficiency,1,1,
DE-DEBIAHP-2015DE00200,"<a target=""_blank""  href=""/xmlpserver/EVVET3 PW NEW/Subject Area Contents/Public Website/Report (PDF)/AER.xdo?_xpf=&_xpt=1&_params%2FOracle%20BI%20EE%3A%3ADefaultApp%3A%3AEVVET3%20PR%20NEW%2FAER%3A%3Adimension%2FAER%20Id%3A%3Aattribute%3A%3Anoaggr%3A%3Axsd%3Adouble=551175&_xt=AER&_xf=pdf""> AER </a>",2015-12-16 00:00:00,Animal owner,Germany,FEMALE,Dog,Shar Pei,"Metacam 0.5 mg/ml - Oral suspension (cats, guinea pigs), Metacam 0.5 mg/ml - Oral suspension (dogs), Metacam 1 mg - Chewable tablet (dogs), Metacam 1.5 mg/ml - Oral suspension (dogs), Metacam 15 mg/ml - Oral suspension (horses), Metacam 15 mg/ml - Oral suspension (pigs), Metacam 2 mg/ml - Solution for injection (cats), Metacam 2.5 mg - Chewable tablet (dogs), Metacam 20 mg/ml - Solution for injection (cattle, pigs, horses), Metacam 40 mg/ml - Solution for injection (cattle, horses), Metacam 5 mg/ml - Solution for injection (cats, dogs), Metacam 5 mg/ml - Solution for injection (cattle, pigs), Metacam 5 mg/ml - Solution for injection (dogs)","Apathy, Inappetence, Vomiting",1,1,
DE-DEBIAHP-2015DE00202,"<a target=""_blank""  href=""/xmlpserver/EVVET3 PW NEW/Subject Area Contents/Public Website/Report (PDF)/AER.xdo?_xpf=&_xpt=1&_params%2FOracle%20BI%20EE%3A%3ADefaultApp%3A%3AEVVET3%20PR%20NEW%2FAER%3A%3Adimension%2FAER%20Id%3A%3Aattribute%3A%3Anoaggr%3A%3Axsd%3Adouble=502325&_xt=AER&_xf=pdf""> AER </a>",2015-08-21 00:00:00,Veterinarian,Germany,MALE,Dog,Boxer (German Boxer),"Metacam 0.5 mg/ml - Oral suspension (cats, guinea pigs), Metacam 0.5 mg/ml - Oral suspension (dogs), Metacam 1 mg - Chewable tablet (dogs), Metacam 1.5 mg/ml - Oral suspension (dogs), Metacam 15 mg/ml - Oral suspension (horses), Metacam 15 mg/ml - Oral suspension (pigs), Metacam 2 mg/ml - Solution for injection (cats), Metacam 2.5 mg - Chewable tablet (dogs), Metacam 20 mg/ml - Solution for injection (cattle, pigs, horses), Metacam 40 mg/ml - Solution for injection (cattle, horses), Metacam 5 mg/ml - Solution for injection (cats, dogs), Metacam 5 mg/ml - Solution for injection (cattle, pigs), Metacam 5 mg/ml - Solution for injection (dogs)","Anorexia, Ascites, Death, Distension of abdomen, Dull, Elevated liver enzymes NOS, Fever, Gastric perforation, Other abnormal test result NOS",1,1,1
DE-DEBIAHP-2015DE00246,"<a target=""_blank""  href=""/xmlpserver/EVVET3 PW NEW/Subject Area Contents/Public Website/Report (PDF)/AER.xdo?_xpf=&_xpt=1&_params%2FOracle%20BI%20EE%3A%3ADefaultApp%3A%3AEVVET3%20PR%20NEW%2FAER%3A%3Adimension%2FAER%20Id%3A%3Aattribute%3A%3Anoaggr%3A%3Axsd%3Adouble=521768&_xt=AER&_xf=pdf""> AER </a>",2015-10-08 00:00:00,Veterinarian,Germany,FEMALE,Dog,Crossbred Canine/dog,"DUPHAMOX  LA, 150.0mg/ml, Injekční suspenze, DUPHAMOX LA, Duphamox LA 150 mg/ml Injektionssuspension für Rinder, Schweine, Schafe, Hunde, Katzen, Duphamox LA 150 mg/ml Suspensie voor injectie, Duphamox LA 150 mg/ml injekčná suspenzia, Duphamox Long Acting, 150mg/ml, solution injectable pour bovins, ovins et porcins, Metacam 5 mg/ml - Solution for injection (cats, dogs), Metacam 5 mg/ml - Solution for injection (cattle, pigs), Metacam 5 mg/ml - Solution for injection (dogs), Narcofol","Adipsia, Anorexia, Death by euthanasia, Electrolyte disorder, Elevated renal parameters, Hypoalbuminaemia, Listless, Malaise, Oedema NOS (see other SOCs for specific oedemas), Proteinuria",1,1,1
DE-DEBIAHP-2015DE00249,"<a target=""_blank""  href=""/xmlpserver/EVVET3 PW NEW/Subject Area Contents/Public Website/Report (PDF)/AER.xdo?_xpf=&_xpt=1&_params%2FOracle%20BI%20EE%3A%3ADefaultApp%3A%3AEVVET3%20PR%20NEW%2FAER%3A%3Adimension%2FAER%20Id%3A%3Aattribute%3A%3Anoaggr%3A%3Axsd%3Adouble=522272&_xt=AER&_xf=pdf""> AER </a>",2015-10-08 00:00:00,Animal owner,Germany,FEMALE,Dog,Retriever - Labrador,"Metacam 0.5 mg/ml - Oral suspension (cats, guinea pigs), Metacam 0.5 mg/ml - Oral suspension (dogs), Metacam 1 mg - Chewable tablet (dogs), Metacam 1.5 mg/ml - Oral suspension (dogs), Metacam 15 mg/ml - Oral suspension (horses), Metacam 15 mg/ml - Oral suspension (pigs), Metacam 2 mg/ml - Solution for injection (cats), Metacam 2.5 mg - Chewable tablet (dogs), Metacam 20 mg/ml - Solution for injection (cattle, pigs, horses), Metacam 40 mg/ml - Solution for injection (cattle, horses), Metacam 5 mg/ml - Solution for injection (cats, dogs), Metacam 5 mg/ml - Solution for injection (cattle, pigs), Metacam 5 mg/ml - Solution for injection (dogs), Vetmedin 10 mg Kapseln für Hunde","Abdominal discomfort, Bloody diarrhoea, Convulsive disorder NOS, Dehydration, Diarrhoea, Eyes rolling back, Muscle shaking, Muscle stiffness, Neuromuscular disorder NOS, Opisthotonus, Proprioception deficit, Staggering, Star-gazing",1,1,
DE-DEBIAHP-2015DE00253,"<a target=""_blank""  href=""/xmlpserver/EVVET3 PW NEW/Subject Area Contents/Public Website/Report (PDF)/AER.xdo?_xpf=&_xpt=1&_params%2FOracle%20BI%20EE%3A%3ADefaultApp%3A%3AEVVET3%20PR%20NEW%2FAER%3A%3Adimension%2FAER%20Id%3A%3Aattribute%3A%3Anoaggr%3A%3Axsd%3Adouble=533587&_xt=AER&_xf=pdf""> AER </a>",2015-10-29 00:00:00,Other health care professional,Germany,UNKNOWN,Dog,Unknown,"Metacam 0.5 mg/ml - Oral suspension (cats, guinea pigs), Metacam 0.5 mg/ml - Oral suspension (dogs), Metacam 1 mg - Chewable tablet (dogs), Metacam 1.5 mg/ml - Oral suspension (dogs), Metacam 15 mg/ml - Oral suspension (horses), Metacam 15 mg/ml - Oral suspension (pigs), Metacam 2 mg/ml - Solution for injection (cats), Metacam 2.5 mg - Chewable tablet (dogs), Metacam 20 mg/ml - Solution for injection (cattle, pigs, horses), Metacam 40 mg/ml - Solution for injection (cattle, horses), Metacam 5 mg/ml - Solution for injection (cats, dogs), Metacam 5 mg/ml - Solution for injection (cattle, pigs), Metacam 5 mg/ml - Solution for injection (dogs)",Bloody diarrhoea,1,1,
DE-DEBIAHP-2015DE00254,"<a target=""_blank""  href=""/xmlpserver/EVVET3 PW NEW/Subject Area Contents/Public Website/Report (PDF)/AER.xdo?_xpf=&_xpt=1&_params%2FOracle%20BI%20EE%3A%3ADefaultApp%3A%3AEVVET3%20PR%20NEW%2FAER%3A%3Adimension%2FAER%20Id%3A%3Aattribute%3A%3Anoaggr%3A%3Axsd%3Adouble=533531&_xt=AER&_xf=pdf""> AER </a>",2015-10-29 00:00:00,Other health care professional,Germany,UNKNOWN,Dog,Retriever - Labrador,"Metacam 0.5 mg/ml - Oral suspension (cats, guinea pigs), Metacam 0.5 mg/ml - Oral suspension (dogs), Metacam 1 mg - Chewable tablet (dogs), Metacam 1.5 mg/ml - Oral suspension (dogs), Metacam 15 mg/ml - Oral suspension (horses), Metacam 15 mg/ml - Oral suspension (pigs), Metacam 2 mg/ml - Solution for injection (cats), Metacam 2.5 mg - Chewable tablet (dogs), Metacam 20 mg/ml - Solution for injection (cattle, pigs, horses), Metacam 40 mg/ml - Solution for injection (cattle, horses), Metacam 5 mg/ml - Solution for injection (cats, dogs), Metacam 5 mg/ml - Solution for injection (cattle, pigs), Metacam 5 mg/ml - Solution for injection (dogs)",Bloody diarrhoea,1,1,
DE-DEBIAHP-2015DE00270,"<a target=""_blank""  href=""/xmlpserver/EVVET3 PW NEW/Subject Area Contents/Public Website/Report (PDF)/AER.xdo?_xpf=&_xpt=1&_params%2FOracle%20BI%20EE%3A%3ADefaultApp%3A%3AEVVET3%20PR%20NEW%2FAER%3A%3Adimension%2FAER%20Id%3A%3Aattribute%3A%3Anoaggr%3A%3Axsd%3Adouble=536985&_xt=AER&_xf=pdf""> AER </a>",2015-11-06 00:00:00,Veterinarian,Germany,MALE,Dog,Ridgeback - Rhodesian,"Metacam 0.5 mg/ml - Oral suspension (cats, guinea pigs), Metacam 0.5 mg/ml - Oral suspension (dogs), Metacam 1 mg - Chewable tablet (dogs), Metacam 1.5 mg/ml - Oral suspension (dogs), Metacam 15 mg/ml - Oral suspension (horses), Metacam 15 mg/ml - Oral suspension (pigs), Metacam 2 mg/ml - Solution for injection (cats), Metacam 2.5 mg - Chewable tablet (dogs), Metacam 20 mg/ml - Solution for injection (cattle, pigs, horses), Metacam 40 mg/ml - Solution for injection (cattle, horses), Metacam 5 mg/ml - Solution for injection (cats, dogs), Metacam 5 mg/ml - Solution for injection (cattle, pigs), Metacam 5 mg/ml - Solution for injection (dogs)","Bloody diarrhoea, Diarrhoea, Elevated liver enzymes NOS, Shivering, Thrombocytopenia",1,1,
DE-DEBIAHP-2015DE00283,"<a target=""_blank""  href=""/xmlpserver/EVVET3 PW NEW/Subject Area Contents/Public Website/Report (PDF)/AER.xdo?_xpf=&_xpt=1&_params%2FOracle%20BI%20EE%3A%3ADefaultApp%3A%3AEVVET3%20PR%20NEW%2FAER%3A%3Adimension%2FAER%20Id%3A%3Aattribute%3A%3Anoaggr%3A%3Axsd%3Adouble=550293&_xt=AER&_xf=pdf""> AER </a>",2015-12-14 00:00:00,Veterinarian,Germany,FEMALE,Dog,Retriever - Labrador,"Metacam 15 mg/ml - Oral suspension (horses), Metacam 15 mg/ml - Oral suspension (pigs)",Diarrhoea,1,1,
DE-FRMERIAL-15DE000137,"<a target=""_blank""  href=""/xmlpserver/EVVET3 PW NEW/Subject Area Contents/Public Website/Report (PDF)/AER.xdo?_xpf=&_xpt=1&_params%2FOracle%20BI%20EE%3A%3ADefaultApp%3A%3AEVVET3%20PR%20NEW%2FAER%3A%3Adimension%2FAER%20Id%3A%3Aattribute%3A%3Anoaggr%3A%3Axsd%3Adouble=439091&_xt=AER&_xf=pdf""> AER </a>",2015-03-30 00:00:00,Veterinarian,Germany,FEMALE,Dog,Irish Wolfhound,"Metacam 2 mg/ml - Solution for injection (cats), Metacam 20 mg/ml - Solution for injection (cattle, pigs, horses), Metacam 40 mg/ml - Solution for injection (cattle, horses), Metacam 5 mg/ml - Solution for injection (cats, dogs), Metacam 5 mg/ml - Solution for injection (cattle, pigs), Metacam 5 mg/ml - Solution for injection (dogs), Previcox 227 mg - Chewable tablet, SYNULOX (200+50)MG/TAB ΔΙΣΚΙΟ, SYNULOX (40+10)MG/TAB ΔΙΣΚΙΟ, SYNULOX 140 mg/ml + 35 mg/ml suspensión inyectable, SYNULOX 200 mg/50 mg tablety pre psy a mačky, SYNULOX 200/50 mg COMPRIMIDOS APETITOSOS PARA PERROS, SYNULOX 250 COMPRIMES POUR CHIENS, SYNULOX 250 mg, SYNULOX 250 mg kramtomosios tabletės šunims ir katėms, SYNULOX 250 mg tablete za pse in mačke, SYNULOX 250mg, δισκία για σκύλους και γάτες, SYNULOX 40 mg/10 mg tablety pre psy a mačky, SYNULOX 40 mg/ml + 10 mg/ml POLVO PARA GOTAS ORALES EN SUSPENSION, SYNULOX 40/10 MG COMPRIMIDOS APETITOSOS PARA PERROS Y GATOS, SYNULOX 400 mg/100 mg tablety pre psy, SYNULOX 400/100 mg COMPRIMIDOS APETITOSOS PARA PERROS, SYNULOX 50 COMPRIMES POUR CHIENS ET CHATS, SYNULOX 50 mg, SYNULOX 50 mg kramtomosios tabletės šunims ir katėms, SYNULOX 50 mg tablete za pse in mačke, SYNULOX 500 COMPRIMES POUR CHIENS, SYNULOX 500 mg kramtomosios tabletės šunims, SYNULOX 500 mg tablete za pse, SYNULOX 500 mg, kramtomosios tabletės šunims, SYNULOX 500MG/TAB ΔΙΣΚΙΟ, SYNULOX 50mg, δισκία για σκύλους και γάτες, SYNULOX OGIVETTES POUR VEAUX, SYNULOX SUSPENSION INJECTABLE POUR BOVINS, SYNULOX VET 140 mg/ml injektioneste, suspensio koiralle, kissalle ja sialle, SYNULOX suspensão injetável para suínos, bovinos, cães e gatos, SYNULOX vet 200 mg/50 mg tabletti, koiralle ja kissalle, SYNULOX vet 40 mg/10 mg tabletti, koiralle ja kissalle, SYNULOX vet 400 mg/100 mg tabletti, koiralle, SYNULOX, 400/100mg, Tableta, Synulox 250 mg Comprimés Appétents, Synulox 250 mg Smakelijke tabletten, Synulox 250 mg tabletes suņiem un kaķiem, Synulox 250 mg, tabletid koertele ja kassidele, Synulox 250 mg, таблетки за кучета и котки, Synulox 250mg (200 mg/50 mg)  Tabletten für Hunde, Synulox 50 mg Comprimés Appétents, Synulox 50 mg Smakelijke Tabletten, Synulox 50 mg tabletes suņiem un kaķiem, Synulox 50 mg, tabletid koertele ja kassidele, Synulox 50 mg, таблетки за кучета и котки, Synulox 500 mg Bolus 400 mg - 100 mg Omhulde tablet, Synulox 500 mg Comprimés Appétents, Synulox 500 mg Smakelijke Tabletten, Synulox 500 mg tabletes suņiem, Synulox 500 mg, tabletid koertele, Synulox 500mg (400 mg/100 mg) Tabletten für Hunde, Synulox 50mg (40 mg/10 mg) Tabletten für Hunde und Katzen, Synulox Bolus 500 mg, 400 mg + 100 mg comprimés enrobés pour veaux, Synulox Lactating Cow Intramammary suspension., Synulox Tabletki 250 mg, Synulox Tabletki 250 mg (200+50) mg/tablete; tabletes suņiem, Synulox Tabletki 50 mg, Synulox Tabletki 50 mg (40+10) mg/ tablete; tabletes suņiem un kaķiem, Synulox Tabletki 500 mg, Synulox Vet. til hund og kat 200 + 50 mg tabletter, Synulox Vet. til hund og kat 40 + 10 mg tabletter, Synulox Vet. til hund tabletter 400 + 100 mg, Synulox Vet. til kalve 400 + 100 mg tabletter, Synulox comprimidos palatáveis 250 mg para cães e gatos, Synulox comprimidos palatáveis 50 mg para cães e gatos, Synulox comprimidos palatáveis 500 mg para cães, Synulox vet 40 mg/ml jauhe oraalisuspensiota varten koiralle ja kissalle, Synulox vet. 200 mg tabletter for hund og katt, Synulox vet. 200 mg/50 mg Tablett, Synulox vet. 40 mg tabletter for hund og katt, Synulox vet. 40 mg/10 mg Tablett, Synulox vet. 400 mg tabletter for hund, Synulox vet. 400 mg/100 mg Tablett, Synulox, 200/50mg, Tableta, Synulox, 40/10mg, Tableta, Synulox-Kalb 400 mg/100 mg Filmtabletten für Rinder (Kälber)","Acute renal failure, Staggering",1,1,
DK-DEBIAHP-2014DK00025,"<a target=""_blank""  href=""/xmlpserver/EVVET3 PW NEW/Subject Area Contents/Public Website/Report (PDF)/AER.xdo?_xpf=&_xpt=1&_params%2FOracle%20BI%20EE%3A%3ADefaultApp%3A%3AEVVET3%20PR%20NEW%2FAER%3A%3Adimension%2FAER%20Id%3A%3Aattribute%3A%3Anoaggr%3A%3Axsd%3Adouble=427637&_xt=AER&_xf=pdf""> AER </a>",2015-01-17 00:00:00,Veterinarian,Denmark,FEMALE,Dog,Retriever - Labrador,"Metacam 15 mg/ml - Oral suspension (horses), Metacam 15 mg/ml - Oral suspension (pigs)","Abdominal pain, Blood in faeces, Blood in vomit, Death by euthanasia, Gastric perforation, Medication error NOS, Neutrophilia, Prolonged capillary refill time, Vomiting",1,1,1
DK-DEBIAHP-2014DK00026,"<a target=""_blank""  href=""/xmlpserver/EVVET3 PW NEW/Subject Area Contents/Public Website/Report (PDF)/AER.xdo?_xpf=&_xpt=1&_params%2FOracle%20BI%20EE%3A%3ADefaultApp%3A%3AEVVET3%20PR%20NEW%2FAER%3A%3Adimension%2FAER%20Id%3A%3Aattribute%3A%3Anoaggr%3A%3Axsd%3Adouble=426776&_xt=AER&_xf=pdf""> AER </a>",2015-01-08 00:00:00,Veterinarian,Denmark,MALE,Dog,Spaniel - King Charles Cavalier,"Metacam 5 mg/ml - Solution for injection (cats, dogs), Metacam 5 mg/ml - Solution for injection (cattle, pigs), Metacam 5 mg/ml - Solution for injection (dogs)",Injection site pain,1,1,
DK-DEBIAHP-2015DK00028,"<a target=""_blank""  href=""/xmlpserver/EVVET3 PW NEW/Subject Area Contents/Public Website/Report (PDF)/AER.xdo?_xpf=&_xpt=1&_params%2FOracle%20BI%20EE%3A%3ADefaultApp%3A%3AEVVET3%20PR%20NEW%2FAER%3A%3Adimension%2FAER%20Id%3A%3Aattribute%3A%3Anoaggr%3A%3Axsd%3Adouble=540712&_xt=AER&_xf=pdf""> AER </a>",2015-11-11 00:00:00,Veterinarian,Denmark,MALE,Dog,Shih Tzu,"Metacam 1.5 mg/ml - Oral suspension (dogs), Metacam 5 mg/ml - Solution for injection (cats, dogs), Metacam 5 mg/ml - Solution for injection (cattle, pigs), Metacam 5 mg/ml - Solution for injection (dogs)","Anorexia, Appetite loss, Diarrhoea, Vomiting",1,1,
DK-DEBIAHP-2015DK00037,"<a target=""_blank""  href=""/xmlpserver/EVVET3 PW NEW/Subject Area Contents/Public Website/Report (PDF)/AER.xdo?_xpf=&_xpt=1&_params%2FOracle%20BI%20EE%3A%3ADefaultApp%3A%3AEVVET3%20PR%20NEW%2FAER%3A%3Adimension%2FAER%20Id%3A%3Aattribute%3A%3Anoaggr%3A%3Axsd%3Adouble=545323&_xt=AER&_xf=pdf""> AER </a>",2015-12-01 00:00:00,Veterinarian,Denmark,MALE,Dog,Dachshund - Miniature,"Metacam 5 mg/ml - Solution for injection (cats, dogs), Metacam 5 mg/ml - Solution for injection (cattle, pigs), Metacam 5 mg/ml - Solution for injection (dogs)","Hypersensitivity reaction, Pale mucous membrane, Panting, Shivering",1,1,
DK-DKMA-V20140207,"<a target=""_blank""  href=""/xmlpserver/EVVET3 PW NEW/Subject Area Contents/Public Website/Report (PDF)/AER.xdo?_xpf=&_xpt=1&_params%2FOracle%20BI%20EE%3A%3ADefaultApp%3A%3AEVVET3%20PR%20NEW%2FAER%3A%3Adimension%2FAER%20Id%3A%3Aattribute%3A%3Anoaggr%3A%3Axsd%3Adouble=514576&_xt=AER&_xf=pdf""> AER </a>",2015-09-23 00:00:00,Veterinarian,Denmark,MALE,Dog,Shepherd Dog - German,Metacam 1.5 mg/ml - Oral suspension (dogs),"Death, Gastric perforation, Gastric ulcer",1,1,1
ES-AGEMEDV-ADR-0489-2015,"<a target=""_blank""  href=""/xmlpserver/EVVET3 PW NEW/Subject Area Contents/Public Website/Report (PDF)/AER.xdo?_xpf=&_xpt=1&_params%2FOracle%20BI%20EE%3A%3ADefaultApp%3A%3AEVVET3%20PR%20NEW%2FAER%3A%3Adimension%2FAER%20Id%3A%3Aattribute%3A%3Anoaggr%3A%3Axsd%3Adouble=471695&_xt=AER&_xf=pdf""> AER </a>",2015-06-19 00:00:00,Veterinarian,Spain,MALE,Dog,Chihuahua,"CaniLeish (--) - Lyophilisate and solvent for suspension for injection, Metacam 5 mg/ml - Solution for injection (cats, dogs), Metacam 5 mg/ml - Solution for injection (cattle, pigs), Metacam 5 mg/ml - Solution for injection (dogs)","Anaphylactic-type reaction, Facial oedema, Pruritus, Urticaria, Vomiting",1,1,
ES-DEBIAHP-2015ES00008,"<a target=""_blank""  href=""/xmlpserver/EVVET3 PW NEW/Subject Area Contents/Public Website/Report (PDF)/AER.xdo?_xpf=&_xpt=1&_params%2FOracle%20BI%20EE%3A%3ADefaultApp%3A%3AEVVET3%20PR%20NEW%2FAER%3A%3Adimension%2FAER%20Id%3A%3Aattribute%3A%3Anoaggr%3A%3Axsd%3Adouble=464931&_xt=AER&_xf=pdf""> AER </a>",2015-06-08 00:00:00,Veterinarian,Spain,UNKNOWN,Dog,Dog (other),Metacam 2.5 mg - Chewable tablet (dogs),"Death, Generalised red spot",2,4,1
ES-DEBIAHP-2015ES00011,"<a target=""_blank""  href=""/xmlpserver/EVVET3 PW NEW/Subject Area Contents/Public Website/Report (PDF)/AER.xdo?_xpf=&_xpt=1&_params%2FOracle%20BI%20EE%3A%3ADefaultApp%3A%3AEVVET3%20PR%20NEW%2FAER%3A%3Adimension%2FAER%20Id%3A%3Aattribute%3A%3Anoaggr%3A%3Axsd%3Adouble=482000&_xt=AER&_xf=pdf""> AER </a>",2015-06-25 00:00:00,Veterinarian,Spain,FEMALE,Dog,Pinscher - Miniature,"Metacam 5 mg/ml - Solution for injection (cats, dogs), Metacam 5 mg/ml - Solution for injection (cattle, pigs), Metacam 5 mg/ml - Solution for injection (dogs)","Convulsive disorder NOS, Drowsiness - neurological disorder, Incoordination, Loose stool",1,1,
FI-DEBIAHP-2015FI00002,"<a target=""_blank""  href=""/xmlpserver/EVVET3 PW NEW/Subject Area Contents/Public Website/Report (PDF)/AER.xdo?_xpf=&_xpt=1&_params%2FOracle%20BI%20EE%3A%3ADefaultApp%3A%3AEVVET3%20PR%20NEW%2FAER%3A%3Adimension%2FAER%20Id%3A%3Aattribute%3A%3Anoaggr%3A%3Axsd%3Adouble=434687&_xt=AER&_xf=pdf""> AER </a>",2015-03-02 00:00:00,Animal owner,Finland,FEMALE,Dog,Retriever - Nova Scotia Duck Tolling,Metacam 1.5 mg/ml - Oral suspension (dogs),"Elevated alanine aminotransferase (ALT), Elevated serum alkaline phosphatase (ALP), Elevated total bilirubin, Hyperglycaemia, Icterus, Vomiting",1,1,
FI-DEBIAHP-2015FI00015,"<a target=""_blank""  href=""/xmlpserver/EVVET3 PW NEW/Subject Area Contents/Public Website/Report (PDF)/AER.xdo?_xpf=&_xpt=1&_params%2FOracle%20BI%20EE%3A%3ADefaultApp%3A%3AEVVET3%20PR%20NEW%2FAER%3A%3Adimension%2FAER%20Id%3A%3Aattribute%3A%3Anoaggr%3A%3Axsd%3Adouble=541464&_xt=AER&_xf=pdf""> AER </a>",2015-11-19 00:00:00,Veterinarian,Finland,MALE,Dog,Unknown,"ALZANE 5 mg/ml Solution for injection for dogs and cats, DOMITOR 1 mg/ml raztopina za injiciranje za pse in mačke, DOMITOR 1 mg/ml ενέσιμο διάλυμα για σκύλους και γάτες, DOMITOR 1 mg/ml, soluție injectabilă pentru câini și pisici, DOMITOR, 1 mg/mL, otopina za injekciju za pse i mačke, DOMITOR, 1mg/ml, Injekční roztok, DOMITOR, SOLUTION INJECTABLE, Dolorex 10 mg/ml Solution for Injection for horse, dog and cat, Domitor, Domitor 1 mg/1 ml, roztwór do wstrzykiwań dla psów i kotów, Domitor 1 mg/ml - Injektionslösung für Hunde und Katzen, Domitor 1 mg/ml Oplossing voor injectie, Domitor 1 mg/ml Solution injectable, Domitor 1 mg/ml injekčný roztok, Domitor 1 mg/ml oldatos injekció kutyáknak és macskáknak A.U.V., Domitor 1 mg/ml solution for injection, Domitor 1 mg/ml soluzione iniettabile per cani e gatti, Domitor Vet 1 mg/ml injekcinis tirpalas, Domitor Vet 1 mg/ml šķīdums injekcijām, Domitor Vet, 1 mg/ml süstelahus, Domitor Vet. 1 mg/ml injektionsvæske, opløsning, Domitor vet 1 mg/ml injektioneste, liuos, Domitor vet. 1 mg/ml Injektionsvätska, lösning, Domitor vet. 1 mg/ml injeksjonsvæske, oppløsning til hund og katt, LIDOCAINE 2% (w/w) injekčný roztok, LIDOCAINE, 2%, Injekční roztok, Lidocaine 2 inj. (+noradrenaline), injectievloeistof voor honden en katten, Lidocaine 20 mg/ml + adrenaline 10 mcg/ml, oplossing voor injectie voor honden en katten, Lidocaine 4% inj. oplossing voor injectie voor honden en katten, Metacam 2.5 mg - Chewable tablet (dogs), Metacam 5 mg/ml - Solution for injection (cats, dogs), Metacam 5 mg/ml - Solution for injection (cattle, pigs), Metacam 5 mg/ml - Solution for injection (dogs), VETERGESIC MULTIDOSE, 0.3MG/ML, SOLUTION FOR INJECTION FOR DOGS AND CATS, Vetofol 10 mg/ml Emulsion for Injection for Cats and Dogs, Vetofol 10 mg/ml emúlziós injekció A.U.V., Vetofol 10mg/ml Emulsion for Injection for cats and dogs, Домитор Вет 1 mg/ml инжекционен разтвор за кучета и котки","Abdominal pain, Bloody diarrhoea, Death, Diarrhoea, Emesis, Lethargy (see also Central nervous system depression in Neurological)",1,1,1
FI-DEBIAHP-2015FI00016,"<a target=""_blank""  href=""/xmlpserver/EVVET3 PW NEW/Subject Area Contents/Public Website/Report (PDF)/AER.xdo?_xpf=&_xpt=1&_params%2FOracle%20BI%20EE%3A%3ADefaultApp%3A%3AEVVET3%20PR%20NEW%2FAER%3A%3Adimension%2FAER%20Id%3A%3Aattribute%3A%3Anoaggr%3A%3Axsd%3Adouble=534480&_xt=AER&_xf=pdf""> AER </a>",2015-10-30 00:00:00,Veterinarian,Finland,MALE,Dog,Spitz - Dutch (Keeshond),"ANTISEDAN, ANTISEDAN 5 mg/ml SOLUCIÓN INYECTABLE PARA PERROS Y GATOS, ANTISEDAN 5 mg/ml raztopina za injiciranje za pse in mačke, ANTISEDAN 5MG/ML ΕΝΕΣΙΜΟ ΔΙΑΛΥΜΑ, ANTISEDAN SOLUTION INJECTABLE POUR CHIENS ET CHATS, ANTISEDAN, 5 mg/mL, otopina za injekciju, za pse i mačke, Antisedan 5 mg/ 1 ml, roztwór do wstrzykiwań dla psów i kotów, Antisedan 5 mg/ml  Injektionslösung für Hunde und Katzen, Antisedan 5 mg/ml - Injektionslösung für Hunde und Katzen, Antisedan 5 mg/ml Oplossing voor injectie, Antisedan 5 mg/ml Solution injectable, Antisedan 5 mg/ml injekčný roztok pre psy a mačky, Antisedan 5 mg/ml oldatos injekció kutya és macska részére.A.U.V., Antisedan 5 mg/ml solution for injection, Antisedan 5 mg/ml solução injetável para cães e gatos, Antisedan Vet 5 mg/ml injekcinis tirpalas, Antisedan Vet 5 mg/ml šķīdums injekcijām, Antisedan Vet, 5 mg/ml süstelahus, Antisedan Vet. 5 mg/ml injektionsvæske, opløsning, Antisedan vet 5 mg/ml injektioneste, liuos, Antisedan vet. 5 mg/ml Injektionsvätska, lösning, Antisedan vet. 5 mg/ml Stungulyf, lausn Handa hundum og köttum., Antisedan vet. 5 mg/ml injeksjonsvæske, oppløsning, til hund og katt, Antisedan vet., 5 mg/ml, Injektionsvätska, lösning, Antisedan, 5 mg/ml oplossing voor injectie voor honden en katten, Antisedan, 5mg/ml, Injekční roztok, DOMITOR 1 mg/ml raztopina za injiciranje za pse in mačke, DOMITOR 1 mg/ml ενέσιμο διάλυμα για σκύλους και γάτες, DOMITOR 1 mg/ml, soluție injectabilă pentru câini și pisici, DOMITOR, 1 mg/mL, otopina za injekciju za pse i mačke, DOMITOR, 1mg/ml, Injekční roztok, DOMITOR, SOLUTION INJECTABLE, Dolorex 10 mg/ml Solution for Injection for horse, dog and cat, Domitor, Domitor 1 mg/1 ml, roztwór do wstrzykiwań dla psów i kotów, Domitor 1 mg/ml - Injektionslösung für Hunde und Katzen, Domitor 1 mg/ml Oplossing voor injectie, Domitor 1 mg/ml Solution injectable, Domitor 1 mg/ml injekčný roztok, Domitor 1 mg/ml oldatos injekció kutyáknak és macskáknak A.U.V., Domitor 1 mg/ml solution for injection, Domitor 1 mg/ml soluzione iniettabile per cani e gatti, Domitor Vet 1 mg/ml injekcinis tirpalas, Domitor Vet 1 mg/ml šķīdums injekcijām, Domitor Vet, 1 mg/ml süstelahus, Domitor Vet. 1 mg/ml injektionsvæske, opløsning, Domitor vet 1 mg/ml injektioneste, liuos, Domitor vet. 1 mg/ml Injektionsvätska, lösning, Domitor vet. 1 mg/ml injeksjonsvæske, oppløsning til hund og katt, Metacam 1 mg - Chewable tablet (dogs), АНТИСЕДАН ВЕТ 5 mg/ml инжекционен разтвор, Домитор Вет 1 mg/ml инжекционен разтвор за кучета и котки",Diarrhoea,1,1,
FI-DEBIAHP-2015FI00017,"<a target=""_blank""  href=""/xmlpserver/EVVET3 PW NEW/Subject Area Contents/Public Website/Report (PDF)/AER.xdo?_xpf=&_xpt=1&_params%2FOracle%20BI%20EE%3A%3ADefaultApp%3A%3AEVVET3%20PR%20NEW%2FAER%3A%3Adimension%2FAER%20Id%3A%3Aattribute%3A%3Anoaggr%3A%3Axsd%3Adouble=552997&_xt=AER&_xf=pdf""> AER </a>",2015-12-22 00:00:00,Veterinarian,Finland,MALE,Dog,Terrier - Cairn,"ANTISEDAN, ANTISEDAN 5 mg/ml SOLUCIÓN INYECTABLE PARA PERROS Y GATOS, ANTISEDAN 5 mg/ml raztopina za injiciranje za pse in mačke, ANTISEDAN 5MG/ML ΕΝΕΣΙΜΟ ΔΙΑΛΥΜΑ, ANTISEDAN SOLUTION INJECTABLE POUR CHIENS ET CHATS, ANTISEDAN, 5 mg/mL, otopina za injekciju, za pse i mačke, Antisedan 5 mg/ 1 ml, roztwór do wstrzykiwań dla psów i kotów, Antisedan 5 mg/ml  Injektionslösung für Hunde und Katzen, Antisedan 5 mg/ml - Injektionslösung für Hunde und Katzen, Antisedan 5 mg/ml Oplossing voor injectie, Antisedan 5 mg/ml Solution injectable, Antisedan 5 mg/ml injekčný roztok pre psy a mačky, Antisedan 5 mg/ml oldatos injekció kutya és macska részére.A.U.V., Antisedan 5 mg/ml solution for injection, Antisedan 5 mg/ml solução injetável para cães e gatos, Antisedan Vet 5 mg/ml injekcinis tirpalas, Antisedan Vet 5 mg/ml šķīdums injekcijām, Antisedan Vet, 5 mg/ml süstelahus, Antisedan Vet. 5 mg/ml injektionsvæske, opløsning, Antisedan vet 5 mg/ml injektioneste, liuos, Antisedan vet. 5 mg/ml Injektionsvätska, lösning, Antisedan vet. 5 mg/ml Stungulyf, lausn Handa hundum og köttum., Antisedan vet. 5 mg/ml injeksjonsvæske, oppløsning, til hund og katt, Antisedan vet., 5 mg/ml, Injektionsvätska, lösning, Antisedan, 5 mg/ml oplossing voor injectie voor honden en katten, Antisedan, 5mg/ml, Injekční roztok, DOMITOR 1 mg/ml raztopina za injiciranje za pse in mačke, DOMITOR 1 mg/ml ενέσιμο διάλυμα για σκύλους και γάτες, DOMITOR 1 mg/ml, soluție injectabilă pentru câini și pisici, DOMITOR, 1 mg/mL, otopina za injekciju za pse i mačke, DOMITOR, 1mg/ml, Injekční roztok, DOMITOR, SOLUTION INJECTABLE, Dolorex 10 mg/ml Solution for Injection for horse, dog and cat, Domitor, Domitor 1 mg/1 ml, roztwór do wstrzykiwań dla psów i kotów, Domitor 1 mg/ml - Injektionslösung für Hunde und Katzen, Domitor 1 mg/ml Oplossing voor injectie, Domitor 1 mg/ml Solution injectable, Domitor 1 mg/ml injekčný roztok, Domitor 1 mg/ml oldatos injekció kutyáknak és macskáknak A.U.V., Domitor 1 mg/ml solution for injection, Domitor 1 mg/ml soluzione iniettabile per cani e gatti, Domitor Vet 1 mg/ml injekcinis tirpalas, Domitor Vet 1 mg/ml šķīdums injekcijām, Domitor Vet, 1 mg/ml süstelahus, Domitor Vet. 1 mg/ml injektionsvæske, opløsning, Domitor vet 1 mg/ml injektioneste, liuos, Domitor vet. 1 mg/ml Injektionsvätska, lösning, Domitor vet. 1 mg/ml injeksjonsvæske, oppløsning til hund og katt, Metacam 1.5 mg/ml - Oral suspension (dogs), Metacam 5 mg/ml - Solution for injection (cats, dogs), Metacam 5 mg/ml - Solution for injection (cattle, pigs), Metacam 5 mg/ml - Solution for injection (dogs), Vetofol 10 mg/ml Emulsion for Injection for Cats and Dogs, Vetofol 10 mg/ml emúlziós injekció A.U.V., Vetofol 10mg/ml Emulsion for Injection for cats and dogs, АНТИСЕДАН ВЕТ 5 mg/ml инжекционен разтвор, Домитор Вет 1 mg/ml инжекционен разтвор за кучета и котки","Bloody diarrhoea, Vomiting",1,1,
FI-DEBIAHP-2015FI00020,"<a target=""_blank""  href=""/xmlpserver/EVVET3 PW NEW/Subject Area Contents/Public Website/Report (PDF)/AER.xdo?_xpf=&_xpt=1&_params%2FOracle%20BI%20EE%3A%3ADefaultApp%3A%3AEVVET3%20PR%20NEW%2FAER%3A%3Adimension%2FAER%20Id%3A%3Aattribute%3A%3Anoaggr%3A%3Axsd%3Adouble=553519&_xt=AER&_xf=pdf""> AER </a>",2015-12-23 00:00:00,Other health care professional,Finland,MALE,Dog,Dog (other),"Alvegesic vet. 10 mg/ml Injektionslösung für Pferde, Hunde und Katzen, Dexdomitor 0.1 mg/ml - Solution for injection, Dexdomitor 0.5 mg/ml - Solution for injection, LIDOCAINE 2% (w/w) injekčný roztok, LIDOCAINE, 2%, Injekční roztok, Lidocaine 2 inj. (+noradrenaline), injectievloeistof voor honden en katten, Lidocaine 20 mg/ml + adrenaline 10 mcg/ml, oplossing voor injectie voor honden en katten, Lidocaine 4% inj. oplossing voor injectie voor honden en katten, Metacam 5 mg/ml - Solution for injection (cats, dogs), Metacam 5 mg/ml - Solution for injection (cattle, pigs), Metacam 5 mg/ml - Solution for injection (dogs), Vetofol 10 mg/ml Emulsion for Injection for Cats and Dogs, Vetofol 10 mg/ml emúlziós injekció A.U.V., Vetofol 10mg/ml Emulsion for Injection for cats and dogs","Anaphylactic-type reaction, Swelling around eye (see also Immune system disorders)",1,1,
FI-VETOQUINOL-15VTQL00202,"<a target=""_blank""  href=""/xmlpserver/EVVET3 PW NEW/Subject Area Contents/Public Website/Report (PDF)/AER.xdo?_xpf=&_xpt=1&_params%2FOracle%20BI%20EE%3A%3ADefaultApp%3A%3AEVVET3%20PR%20NEW%2FAER%3A%3Adimension%2FAER%20Id%3A%3Aattribute%3A%3Anoaggr%3A%3Axsd%3Adouble=493158&_xt=AER&_xf=pdf""> AER </a>",2015-07-29 00:00:00,Animal owner,Finland,FEMALE,Dog,Corgi - Welsh Cardigan,"BAYTRIL 0,5% W/V ΠΟΣΙΜΟ ΔΙΑΛΥΜΑ, BAYTRIL 0,5% πόσιμο διάλυμα ενροφλοξακίνης για ορνίθια και γαλοπούλες, BAYTRIL 10 % SOLUTION BUVABLE, BAYTRIL 10 % SOLUTION INJECTABLE, BAYTRIL 10% W/V ΠΟΣΙΜΟ ΔΙΑΛΥΜΑ, BAYTRIL 100 mg/ml - soluţie orală, BAYTRIL 100 mg/ml SOLUCION INYECTABLE, BAYTRIL 100 mg/ml soluție injectabilă, BAYTRIL 15 mg δισκία για γάτες και σκύλους, BAYTRIL 150 mg δισκία για γάτες και σκύλους, BAYTRIL 2,5 % SOLUTION BUVABLE, BAYTRIL 2,5 % SOLUTION INJECTABLE, BAYTRIL 2,5% W/V ΕΝΕΣΙΜΟ ΔΙΑΛΥΜΑ, BAYTRIL 2,5% W/V ΠΟΣΙΜΟ ΔΙΑΛΥΜΑ, BAYTRIL 25 mg/ml SOLUCION INYECTABLE, BAYTRIL 25 mg/ml SOLUCION ORAL, BAYTRIL 5 % SOLUTION INJECTABLE, BAYTRIL 5 mg/ml SOLUCION ORAL, BAYTRIL 50 mg δισκία για γάτες και σκύλους, BAYTRIL 50 mg/ml SOLUCION INYECTABLE, BAYTRIL 50mg/ml ενέσιμο διάλυμα, BAYTRIL, 25mg/ml, Injekční roztok, BAYTRIL, 5% ενέσιμο διάλυμα για μόσχους, χοίρους, πρόβατα, αίγες, σκύλους και γάτες, BAYTRIL, 50mg/ml, Injekční roztok, Baytril  100 mg/ml Oplossing voor injectie, Baytril  100 mg/ml Solution injectable, Baytril - Das Original - 100 mg/ml Injektionslösung, Baytril - Das Original - 25 mg/ml Injektionslösung, Baytril - Das Original - 50 mg/ml Injektionslösung, Baytril 0,5 % solução oral para leitões, Baytril 0,5%, Baytril 10 % solução oral, Baytril 10%, Baytril 10% O.L., Baytril 10% Oral Solution, Baytril 100 mg/mL, otopina za injekciju, za goveda, ovce, koze i svinje, Baytril 100 mg/mL, otopina za primjenu u vodi za piće, za kokoši, purane i kuniće, Baytril 100 mg/ml - Injektionslösung für Tiere, Baytril 100 mg/ml - Lösung zum Eingeben für Hühner, Puten und Kaninchen, Baytril 100 mg/ml Oplossing voor gebruik in drinkwater, Baytril 100 mg/ml Solution buvable, Baytril 100 mg/ml Solution for Injection, Baytril 100 mg/ml koncentrat za peroralno raztopino za piščance, purane in kunce, Baytril 100 mg/ml oldat ivóvízbe keveréshez A.U.V., Baytril 100 mg/ml oplossing voor gebruik in drinkwater voor kippen, kalkoenen en konijnen, Baytril 100 mg/ml oplossing voor injectie, Baytril 100 mg/ml raztopina za injiciranje, Baytril 100 mg/ml solution for injection, Baytril 100 mg/ml soluzione iniettabile, Baytril 100 mg/ml solução injetável, Baytril 150 mg tabletta A.U.V., Baytril 2,5%, 25 mg/mL, otopina za injekciju za pse, mačke, prasad, kuniće, glodavce, gmazove i ukrasne ptice, Baytril 25 mg/ml - Injektionslösung für Tiere, Baytril 25 mg/ml - Lösung zum Eingeben für Kälber und Lämmer, Baytril 25 mg/ml Lösung zum Eingeben für Rinder (Kälber), Baytril 25 mg/ml Oplossing voor injectie, Baytril 25 mg/ml Oral Solution, Baytril 25 mg/ml Solution injectable, Baytril 25 mg/ml injekčný roztok, Baytril 25 mg/ml oldatos injekció A.U.V., Baytril 25 mg/ml oplossing voor injectie, Baytril 25 mg/ml roztwór do wstrzykiwań, Baytril 25 mg/ml solution for injection, Baytril 25 mg/ml soluzione iniettabile, Baytril 25 mg/ml soluzione iniettabile per cani, gatti, roditori e conigli da compagnia, rettili e uccelli ornamentali, Baytril 25 mg/ml soluzione orale per vitelli, ovini, caprini, suini, Baytril 25 mg/ml solução injetável, Baytril 5 mg/ml - Lösung zum Eingeben für Schweine, Baytril 5 mg/ml belsőleges oldat sertések részére A.U.V., Baytril 50 mg tabletta A.U.V., Baytril 50 mg/mL, otopina za injekciju, za telad, ovce, koze, svinje, pse i mačke, Baytril 50 mg/ml - Injektionslösung für Tiere, Baytril 50 mg/ml Oplossing voor injectie, Baytril 50 mg/ml Solution for Injection, Baytril 50 mg/ml Solution injectable, Baytril 50 mg/ml injekčný roztok, Baytril 50 mg/ml oldatos injekció A.U.V., Baytril 50 mg/ml oplossing voor injectie, Baytril 50 mg/ml raztopina za injiciranje, Baytril 50 mg/ml soluzione iniettabile, Baytril 50 mg/ml solução injetável, Baytril 50 mg/ml soluție injectabilă, Baytril Direct 100 mg/ml Injektionslösung für Rinder und Schweine, Baytril Piglet Doser 0.5% Oral Solution, Baytril Vet. 100 mg/ml injektionsvæske, opløsning, Baytril Vet. 150 mg tabletter, Baytril Vet. 25 mg/ml oral opløsning, Baytril Vet. 50 mg tabletter, Baytril Vet. 50 mg/ml i","Alkaline urine, Blood and lymphatic system disorder NOS, Death by euthanasia, Eyesight trouble, Falling, Impaired vision, Lymphopenia, Mydriasis, Neurological signs NOS, Pupil disorder, Tremor, Urinary bladder disorder NOS, Urine abnormalities NOS",1,1,1
FR-ANMV-14 CPVL 01959,"<a target=""_blank""  href=""/xmlpserver/EVVET3 PW NEW/Subject Area Contents/Public Website/Report (PDF)/AER.xdo?_xpf=&_xpt=1&_params%2FOracle%20BI%20EE%3A%3ADefaultApp%3A%3AEVVET3%20PR%20NEW%2FAER%3A%3Adimension%2FAER%20Id%3A%3Aattribute%3A%3Anoaggr%3A%3Axsd%3Adouble=438327&_xt=AER&_xf=pdf""> AER </a>",2015-03-27 00:00:00,Veterinarian,France,FEMALE,Dog,Unknown,Metacam 1.5 mg/ml - Oral suspension (dogs),"Dehydration, Elevated blood urea nitrogen (BUN), Vomiting",1,1,
FR-ANMV-15 ANMV 00050,"<a target=""_blank""  href=""/xmlpserver/EVVET3 PW NEW/Subject Area Contents/Public Website/Report (PDF)/AER.xdo?_xpf=&_xpt=1&_params%2FOracle%20BI%20EE%3A%3ADefaultApp%3A%3AEVVET3%20PR%20NEW%2FAER%3A%3Adimension%2FAER%20Id%3A%3Aattribute%3A%3Anoaggr%3A%3Axsd%3Adouble=427182&_xt=AER&_xf=pdf""> AER </a>",2015-01-13 00:00:00,Veterinarian,France,MALE,Dog,Dachshund (unspecified),"CLAMOXYL L.A. Инжекционен, CLAMOXYL L.A., Injekční suspenze, CLAMOXYL LA, CLAMOXYL LA Sospensione iniettabile, 150 mg/ml , per cani e gatti, CLAMOXYL LA ΕΝΕΣΙΜΟ ΕΝΑΙΩΡΗΜΑ, Clamoxyl L.A. 150 mg/ml Zawiesina do wstrzykiwań, Clamoxyl LA, Clamoxyl LA 150 mg/ ml suspensão injetável para bovinos, ovinos, caprinos, suínos, cães e gatos, Clamoxyl LA 150 mg/ml injekčná suspenzia, IMALGENE 1000, IMALGENE 1000 100MG/ML ΕΝΕΣΙΜΟ ΔΙΑΛΥΜΑ, Imalgene 1000 100 mg/ ml solução injetável para cães e gatos, IsoFlo 100% w/w Inhalation Vapour, Liquid, Metacam 5 mg/ml - Solution for injection (cats, dogs), Metacam 5 mg/ml - Solution for injection (cattle, pigs), Metacam 5 mg/ml - Solution for injection (dogs), Nerfasin 20 mg/ml, solution for injection for cattle, horses, dogs and cats, VETERGESIC MULTIDOSE, 0.3MG/ML, SOLUTION FOR INJECTION FOR DOGS AND CATS",Hypothermia,1,1,
FR-ANMV-15 ANMV 00051,"<a target=""_blank""  href=""/xmlpserver/EVVET3 PW NEW/Subject Area Contents/Public Website/Report (PDF)/AER.xdo?_xpf=&_xpt=1&_params%2FOracle%20BI%20EE%3A%3ADefaultApp%3A%3AEVVET3%20PR%20NEW%2FAER%3A%3Adimension%2FAER%20Id%3A%3Aattribute%3A%3Anoaggr%3A%3Axsd%3Adouble=427183&_xt=AER&_xf=pdf""> AER </a>",2015-01-13 00:00:00,Veterinarian,France,FEMALE,Dog,Unknown,"CLAMOXYL L.A. Инжекционен, CLAMOXYL L.A., Injekční suspenze, CLAMOXYL LA, CLAMOXYL LA Sospensione iniettabile, 150 mg/ml , per cani e gatti, CLAMOXYL LA ΕΝΕΣΙΜΟ ΕΝΑΙΩΡΗΜΑ, Clamoxyl L.A. 150 mg/ml Zawiesina do wstrzykiwań, Clamoxyl LA, Clamoxyl LA 150 mg/ ml suspensão injetável para bovinos, ovinos, caprinos, suínos, cães e gatos, Clamoxyl LA 150 mg/ml injekčná suspenzia, IMALGENE 1000, IMALGENE 1000 100MG/ML ΕΝΕΣΙΜΟ ΔΙΑΛΥΜΑ, Imalgene 1000 100 mg/ ml solução injetável para cães e gatos, IsoFlo 100% w/w Inhalation Vapour, Liquid, Metacam 5 mg/ml - Solution for injection (cats, dogs), Metacam 5 mg/ml - Solution for injection (cattle, pigs), Metacam 5 mg/ml - Solution for injection (dogs), Nerfasin 20 mg/ml, solution for injection for cattle, horses, dogs and cats, VETERGESIC MULTIDOSE, 0.3MG/ML, SOLUTION FOR INJECTION FOR DOGS AND CATS",Hypothermia,1,1,
FR-ANMV-15 ANMV 00374,"<a target=""_blank""  href=""/xmlpserver/EVVET3 PW NEW/Subject Area Contents/Public Website/Report (PDF)/AER.xdo?_xpf=&_xpt=1&_params%2FOracle%20BI%20EE%3A%3ADefaultApp%3A%3AEVVET3%20PR%20NEW%2FAER%3A%3Adimension%2FAER%20Id%3A%3Aattribute%3A%3Anoaggr%3A%3Axsd%3Adouble=436427&_xt=AER&_xf=pdf""> AER </a>",2015-03-13 00:00:00,Veterinarian,France,MALE,Dog,Shepherd Dog - German,Metacam 1.5 mg/ml - Oral suspension (dogs),Urinary incontinence,1,1,
FR-ANMV-15 ANMV 00610,"<a target=""_blank""  href=""/xmlpserver/EVVET3 PW NEW/Subject Area Contents/Public Website/Report (PDF)/AER.xdo?_xpf=&_xpt=1&_params%2FOracle%20BI%20EE%3A%3ADefaultApp%3A%3AEVVET3%20PR%20NEW%2FAER%3A%3Adimension%2FAER%20Id%3A%3Aattribute%3A%3Anoaggr%3A%3Axsd%3Adouble=445916&_xt=AER&_xf=pdf""> AER </a>",2015-04-23 00:00:00,Veterinarian,France,MALE,Dog,Spaniel - Cocker American,"ANTISEDAN, ANTISEDAN 5 mg/ml SOLUCIÓN INYECTABLE PARA PERROS Y GATOS, ANTISEDAN 5 mg/ml raztopina za injiciranje za pse in mačke, ANTISEDAN 5MG/ML ΕΝΕΣΙΜΟ ΔΙΑΛΥΜΑ, ANTISEDAN SOLUTION INJECTABLE POUR CHIENS ET CHATS, ANTISEDAN, 5 mg/mL, otopina za injekciju, za pse i mačke, Antisedan 5 mg/ 1 ml, roztwór do wstrzykiwań dla psów i kotów, Antisedan 5 mg/ml  Injektionslösung für Hunde und Katzen, Antisedan 5 mg/ml - Injektionslösung für Hunde und Katzen, Antisedan 5 mg/ml Oplossing voor injectie, Antisedan 5 mg/ml Solution injectable, Antisedan 5 mg/ml injekčný roztok pre psy a mačky, Antisedan 5 mg/ml oldatos injekció kutya és macska részére.A.U.V., Antisedan 5 mg/ml solution for injection, Antisedan 5 mg/ml solução injetável para cães e gatos, Antisedan Vet 5 mg/ml injekcinis tirpalas, Antisedan Vet 5 mg/ml šķīdums injekcijām, Antisedan Vet, 5 mg/ml süstelahus, Antisedan Vet. 5 mg/ml injektionsvæske, opløsning, Antisedan vet 5 mg/ml injektioneste, liuos, Antisedan vet. 5 mg/ml Injektionsvätska, lösning, Antisedan vet. 5 mg/ml Stungulyf, lausn Handa hundum og köttum., Antisedan vet. 5 mg/ml injeksjonsvæske, oppløsning, til hund og katt, Antisedan vet., 5 mg/ml, Injektionsvätska, lösning, Antisedan, 5 mg/ml oplossing voor injectie voor honden en katten, Antisedan, 5mg/ml, Injekční roztok, CALMIVET SOLUTION INJECTABLE, DOMITOR 1 mg/ml raztopina za injiciranje za pse in mačke, DOMITOR 1 mg/ml ενέσιμο διάλυμα για σκύλους και γάτες, DOMITOR 1 mg/ml, soluție injectabilă pentru câini și pisici, DOMITOR, 1 mg/mL, otopina za injekciju za pse i mačke, DOMITOR, 1mg/ml, Injekční roztok, DOMITOR, SOLUTION INJECTABLE, Domitor, Domitor 1 mg/1 ml, roztwór do wstrzykiwań dla psów i kotów, Domitor 1 mg/ml - Injektionslösung für Hunde und Katzen, Domitor 1 mg/ml Oplossing voor injectie, Domitor 1 mg/ml Solution injectable, Domitor 1 mg/ml injekčný roztok, Domitor 1 mg/ml oldatos injekció kutyáknak és macskáknak A.U.V., Domitor 1 mg/ml solution for injection, Domitor 1 mg/ml soluzione iniettabile per cani e gatti, Domitor Vet 1 mg/ml injekcinis tirpalas, Domitor Vet 1 mg/ml šķīdums injekcijām, Domitor Vet, 1 mg/ml süstelahus, Domitor Vet. 1 mg/ml injektionsvæske, opløsning, Domitor vet 1 mg/ml injektioneste, liuos, Domitor vet. 1 mg/ml Injektionsvätska, lösning, Domitor vet. 1 mg/ml injeksjonsvæske, oppløsning til hund og katt, IMALGENE 1000, IMALGENE 1000 100MG/ML ΕΝΕΣΙΜΟ ΔΙΑΛΥΜΑ, Imalgene 1000 100 mg/ ml solução injetável para cães e gatos, Metacam 20 mg/ml - Solution for injection (cattle, pigs, horses), АНТИСЕДАН ВЕТ 5 mg/ml инжекционен разтвор, Домитор Вет 1 mg/ml инжекционен разтвор за кучета и котки","Death, Haemorrhagic diarrhoea, Increased coagulation time, Lethargy (see also Central nervous system depression in Neurological)",1,1,1
FR-ANMV-15 ANMV 00648,"<a target=""_blank""  href=""/xmlpserver/EVVET3 PW NEW/Subject Area Contents/Public Website/Report (PDF)/AER.xdo?_xpf=&_xpt=1&_params%2FOracle%20BI%20EE%3A%3ADefaultApp%3A%3AEVVET3%20PR%20NEW%2FAER%3A%3Adimension%2FAER%20Id%3A%3Aattribute%3A%3Anoaggr%3A%3Axsd%3Adouble=449975&_xt=AER&_xf=pdf""> AER </a>",2015-04-30 00:00:00,Veterinarian,France,FEMALE,Dog,Boxer (German Boxer),"Metacam 2.5 mg - Chewable tablet (dogs), Metacam 5 mg/ml - Solution for injection (cats, dogs), Metacam 5 mg/ml - Solution for injection (cattle, pigs), Metacam 5 mg/ml - Solution for injection (dogs)","Anorexia, Decreased activity, Elevated creatinine, Renal insufficiency",1,1,
FR-ANMV-15 ANMV 01793,"<a target=""_blank""  href=""/xmlpserver/EVVET3 PW NEW/Subject Area Contents/Public Website/Report (PDF)/AER.xdo?_xpf=&_xpt=1&_params%2FOracle%20BI%20EE%3A%3ADefaultApp%3A%3AEVVET3%20PR%20NEW%2FAER%3A%3Adimension%2FAER%20Id%3A%3Aattribute%3A%3Anoaggr%3A%3Axsd%3Adouble=544764&_xt=AER&_xf=pdf""> AER </a>",2015-11-30 00:00:00,Veterinarian,France,FEMALE,Dog,Terrier - Jack Russell,"Buprecare Multidose 0.3 mg/ml Solution for Injection for Dogs and Cats, DUPHAMOX  LA, 150.0mg/ml, Injekční suspenze, DUPHAMOX LA, Duphamox LA 150 mg/ml Injektionssuspension für Rinder, Schweine, Schafe, Hunde, Katzen, Duphamox LA 150 mg/ml Suspensie voor injectie, Duphamox LA 150 mg/ml injekčná suspenzia, Duphamox Long Acting, 150mg/ml, solution injectable pour bovins, ovins et porcins, Metacam 1 mg - Chewable tablet (dogs), Metacam 1.5 mg/ml - Oral suspension (dogs)","Anorexia, Hyperthermia, Lethargy (see also Central nervous system depression in Neurological)",1,1,
FR-ANMV-15 CPVL 00031,"<a target=""_blank""  href=""/xmlpserver/EVVET3 PW NEW/Subject Area Contents/Public Website/Report (PDF)/AER.xdo?_xpf=&_xpt=1&_params%2FOracle%20BI%20EE%3A%3ADefaultApp%3A%3AEVVET3%20PR%20NEW%2FAER%3A%3Adimension%2FAER%20Id%3A%3Aattribute%3A%3Anoaggr%3A%3Axsd%3Adouble=446798&_xt=AER&_xf=pdf""> AER </a>",2015-04-24 00:00:00,Veterinarian,France,FEMALE,Dog,Retriever - Labrador,"ALIZINE, Clavoral 500/125 mg tablet for dogs  (strength 500 mg amoxicillin + 125 mg, Metacam 1.5 mg/ml - Oral suspension (dogs)","Eruption, Lip oedema (see also Skin)",1,1,
FR-ANMV-15 CPVL 00046,"<a target=""_blank""  href=""/xmlpserver/EVVET3 PW NEW/Subject Area Contents/Public Website/Report (PDF)/AER.xdo?_xpf=&_xpt=1&_params%2FOracle%20BI%20EE%3A%3ADefaultApp%3A%3AEVVET3%20PR%20NEW%2FAER%3A%3Adimension%2FAER%20Id%3A%3Aattribute%3A%3Anoaggr%3A%3Axsd%3Adouble=427586&_xt=AER&_xf=pdf""> AER </a>",2015-01-16 00:00:00,Veterinarian,France,FEMALE,Dog,Terrier - Yorkshire,Metacam 1.5 mg/ml - Oral suspension (dogs),"Elevated blood urea nitrogen (BUN), Elevated creatinine, Renal insufficiency",1,1,
FR-ANMV-15 CPVL 00104,"<a target=""_blank""  href=""/xmlpserver/EVVET3 PW NEW/Subject Area Contents/Public Website/Report (PDF)/AER.xdo?_xpf=&_xpt=1&_params%2FOracle%20BI%20EE%3A%3ADefaultApp%3A%3AEVVET3%20PR%20NEW%2FAER%3A%3Adimension%2FAER%20Id%3A%3Aattribute%3A%3Anoaggr%3A%3Axsd%3Adouble=429784&_xt=AER&_xf=pdf""> AER </a>",2015-01-30 00:00:00,Veterinarian,France,FEMALE,Dog,Dogue de Bordeaux,"Bupaq Multidose 0,3 mg/ml Injektionslösung für Hunde und Katzen, INTRAMICINE, INTRAMICINE injekčná suspenzia, Intramicine suspensija injekcijām zirgiem, liellopiem, aitām, kazām, cūkām, suņiem un kaķiem, Intramicine инжекционна суспензия за говеда и свине, IsoFlo 100% w/w Inhalation Vapour, Liquid, Metacam 5 mg/ml - Solution for injection (cats, dogs), Metacam 5 mg/ml - Solution for injection (cattle, pigs), Metacam 5 mg/ml - Solution for injection (dogs), ZOLETIL 100, ZOLETIL 100 (50 MG/ML + 50 MG/ML) LYOPHILISATE AND SOLVENT FOR SOLUTION FOR INJECTION FOR DOGS AND CATS, ZOLETIL 100 (50 mg/mL + 50 mg/mL), ZOLETIL 100 (50 mg/ml+50 mg/ml) Liofilizado e solvente para solução injetável para cães e gatos, ZOLETIL 100, ΚΟΝΙΣ ΚΑΙ ΔΙΑΛΥΤΗΣ ΓΙΑ ΕΝΕΣΙΜΟ ΔΙΑΛΥΜΑ, Zoletil 100 (50 mg/ml tiletamin és 50 mg/ml zolazepam) liofilizátum és oldószer oldatos injekcióhoz A.U.V., Zoletil 100 - 250 mg Lyophilisat et solvant pour solution injectable, Zoletil 100 250 mg - 250 mg Lyophilisat et solvant pour solution injectable, Zoletil 100 Vet. 50 + 50 mg/ml pulver og solvens til injektionsvæske, opløsning, Zoletil 100 liofilizāts un šķīdinātājs šķīduma injekcijām pagatavošanai suņiem un kaķiem, Zoletil 100 lyofilizát a rozpúšťadlo na prípravu injekčného roztoku, Zoletil 100, 250 mg + 250 mg, liofilizatas ir tirpiklis injekciniam tirpalui ruošti šunims ir katėms, Zoletil 100, süstelahuse pulber ja lahusti, koertele ja kassidele, Zoletil, 100, Prášek a rozpouštědlo pro injekční roztok, ЗОЛЕТИЛ 100","Death, Recovery prolonged, Stupor",1,1,1
FR-ANMV-15 CPVL 00242,"<a target=""_blank""  href=""/xmlpserver/EVVET3 PW NEW/Subject Area Contents/Public Website/Report (PDF)/AER.xdo?_xpf=&_xpt=1&_params%2FOracle%20BI%20EE%3A%3ADefaultApp%3A%3AEVVET3%20PR%20NEW%2FAER%3A%3Adimension%2FAER%20Id%3A%3Aattribute%3A%3Anoaggr%3A%3Axsd%3Adouble=471679&_xt=AER&_xf=pdf""> AER </a>",2015-06-19 00:00:00,Veterinarian,France,FEMALE,Dog,Poodle - Medium size,Metacam 1.5 mg/ml - Oral suspension (dogs),Diarrhoea,1,1,
FR-ANMV-15 CPVL 00276,"<a target=""_blank""  href=""/xmlpserver/EVVET3 PW NEW/Subject Area Contents/Public Website/Report (PDF)/AER.xdo?_xpf=&_xpt=1&_params%2FOracle%20BI%20EE%3A%3ADefaultApp%3A%3AEVVET3%20PR%20NEW%2FAER%3A%3Adimension%2FAER%20Id%3A%3Aattribute%3A%3Anoaggr%3A%3Axsd%3Adouble=472009&_xt=AER&_xf=pdf""> AER </a>",2015-06-19 00:00:00,Animal owner,France,MALE,Dog,Crossbred Canine/dog,Metacam 1.5 mg/ml - Oral suspension (dogs),"Appetite loss, Diarrhoea, Vomiting",1,1,
FR-ANMV-15 CPVL 00668,"<a target=""_blank""  href=""/xmlpserver/EVVET3 PW NEW/Subject Area Contents/Public Website/Report (PDF)/AER.xdo?_xpf=&_xpt=1&_params%2FOracle%20BI%20EE%3A%3ADefaultApp%3A%3AEVVET3%20PR%20NEW%2FAER%3A%3Adimension%2FAER%20Id%3A%3Aattribute%3A%3Anoaggr%3A%3Axsd%3Adouble=489866&_xt=AER&_xf=pdf""> AER </a>",2015-07-17 00:00:00,Veterinarian,France,FEMALE,Dog,Shepherd Dog - Australian,"Metacam 5 mg/ml - Solution for injection (cats, dogs), Metacam 5 mg/ml - Solution for injection (cattle, pigs), Metacam 5 mg/ml - Solution for injection (dogs), OXYTETRACYCLINE 5 % VETOQUINOL",Facial oedema,1,1,
FR-ANMV-15 CPVL 01035,"<a target=""_blank""  href=""/xmlpserver/EVVET3 PW NEW/Subject Area Contents/Public Website/Report (PDF)/AER.xdo?_xpf=&_xpt=1&_params%2FOracle%20BI%20EE%3A%3ADefaultApp%3A%3AEVVET3%20PR%20NEW%2FAER%3A%3Adimension%2FAER%20Id%3A%3Aattribute%3A%3Anoaggr%3A%3Axsd%3Adouble=543143&_xt=AER&_xf=pdf""> AER </a>",2015-11-24 00:00:00,Veterinarian,France,MALE,Dog,Chihuahua,"Alvegesic vet. 10 mg/ml Injektionslösung für Pferde, Hunde und Katzen, Atipam 5.0 mg/ml solution for injection for Cats and Dogs - atipamezole hydrochloride, Atipam, 5.0 mg/ml, solution for injection for cats and dogs, Metacam 5 mg/ml - Solution for injection (cats, dogs), Metacam 5 mg/ml - Solution for injection (cattle, pigs), Metacam 5 mg/ml - Solution for injection (dogs), SEDATOR, 1.0 mg/ml, solution for injection for cats and dogs, Sedator, 1.0 mg/ml, solution for injection for cats and dogs, Vetofol 10 mg/ml Emulsion for Injection for Cats and Dogs","Circling - neurological disorder (see also Behavioural disorders), Crying, Facial oedema, Facial rash (For urticaria see Immune SOC), Head pressing, Impaired vision",1,1,
FR-ANMV-15 CPVL 01337,"<a target=""_blank""  href=""/xmlpserver/EVVET3 PW NEW/Subject Area Contents/Public Website/Report (PDF)/AER.xdo?_xpf=&_xpt=1&_params%2FOracle%20BI%20EE%3A%3ADefaultApp%3A%3AEVVET3%20PR%20NEW%2FAER%3A%3Adimension%2FAER%20Id%3A%3Aattribute%3A%3Anoaggr%3A%3Axsd%3Adouble=550625&_xt=AER&_xf=pdf""> AER </a>",2015-12-15 00:00:00,Veterinarian,France,FEMALE,Dog,Pug,Metacam 1.5 mg/ml - Oral suspension (dogs),Vomiting,1,1,
FR-ANMV-15 CPVL 01346,"<a target=""_blank""  href=""/xmlpserver/EVVET3 PW NEW/Subject Area Contents/Public Website/Report (PDF)/AER.xdo?_xpf=&_xpt=1&_params%2FOracle%20BI%20EE%3A%3ADefaultApp%3A%3AEVVET3%20PR%20NEW%2FAER%3A%3Adimension%2FAER%20Id%3A%3Aattribute%3A%3Anoaggr%3A%3Axsd%3Adouble=512776&_xt=AER&_xf=pdf""> AER </a>",2015-09-21 00:00:00,Veterinarian,France,FEMALE,Dog,Shepherd Dog - German,"DORMILAN 1 MG/ML SOLUTION FOR INJECTION FOR DOGS AND CATS, IsoFlo 100% w/w Inhalation Vapour, Liquid, LONGAMOX SUSPENSION INJECTABLE, Longamox 150 mg/ml Suspension injectable, Longamox 150 mg/ml Zawiesina do wstrzykiwań, Longamox 150 mg/ml suspensão injetável para bovinos, ovinos e suínos, Metacam 20 mg/ml - Solution for injection (cattle, pigs, horses)","Anorexia, Elevated blood urea nitrogen (BUN), Elevated creatinine, Hyperthermia, Lethargy (see also Central nervous system depression in Neurological), Polydipsia, Polyuria, Vomiting",1,1,
FR-ANMV-15 CPVL 01422,"<a target=""_blank""  href=""/xmlpserver/EVVET3 PW NEW/Subject Area Contents/Public Website/Report (PDF)/AER.xdo?_xpf=&_xpt=1&_params%2FOracle%20BI%20EE%3A%3ADefaultApp%3A%3AEVVET3%20PR%20NEW%2FAER%3A%3Adimension%2FAER%20Id%3A%3Aattribute%3A%3Anoaggr%3A%3Axsd%3Adouble=520474&_xt=AER&_xf=pdf""> AER </a>",2015-10-06 00:00:00,Veterinarian,France,MALE,Dog,Sheepdog - Long-haired Pyrenean,"Cerenia 60 mg - Tablet, Metacam 5 mg/ml - Solution for injection (cats, dogs), Metacam 5 mg/ml - Solution for injection (cattle, pigs), Metacam 5 mg/ml - Solution for injection (dogs), PHOSPHALUVET GEL ORAL, RILEXINE COMPRIMES 600 MG, Zitac vet 200 mg tablets for dogs","Ataxia, Convulsion, Hypersalivation, Hyperthermia, Leukocytosis NOS, Muscle tremor",1,1,
FR-DEBIAHP-2014FR00286,"<a target=""_blank""  href=""/xmlpserver/EVVET3 PW NEW/Subject Area Contents/Public Website/Report (PDF)/AER.xdo?_xpf=&_xpt=1&_params%2FOracle%20BI%20EE%3A%3ADefaultApp%3A%3AEVVET3%20PR%20NEW%2FAER%3A%3Adimension%2FAER%20Id%3A%3Aattribute%3A%3Anoaggr%3A%3Axsd%3Adouble=426678&_xt=AER&_xf=pdf""> AER </a>",2015-01-07 00:00:00,Veterinarian,France,UNKNOWN,Dog,"Hound - Swiss - (Lucerne Hound (Luzerner Laufhund), Schwyz Hound (Schweizer Laufhund), Bernese Hound, Jura Hound)",Metacam 1.5 mg/ml - Oral suspension (dogs),Vomiting,1,1,
FR-DEBIAHP-2015FR00039,"<a target=""_blank""  href=""/xmlpserver/EVVET3 PW NEW/Subject Area Contents/Public Website/Report (PDF)/AER.xdo?_xpf=&_xpt=1&_params%2FOracle%20BI%20EE%3A%3ADefaultApp%3A%3AEVVET3%20PR%20NEW%2FAER%3A%3Adimension%2FAER%20Id%3A%3Aattribute%3A%3Anoaggr%3A%3Axsd%3Adouble=434494&_xt=AER&_xf=pdf""> AER </a>",2015-03-02 00:00:00,Veterinarian,France,UNKNOWN,Dog,Corso Dog,"CARBESIA, CARBESIA SOLUTION INJECTABLE POUR BOVINS ET CHIENS, Metacam 2.5 mg - Chewable tablet (dogs), Metacam 5 mg/ml - Solution for injection (cats, dogs), Metacam 5 mg/ml - Solution for injection (cattle, pigs), Metacam 5 mg/ml - Solution for injection (dogs)",Joint pain,1,1,
FR-DEBIAHP-2015FR00072,"<a target=""_blank""  href=""/xmlpserver/EVVET3 PW NEW/Subject Area Contents/Public Website/Report (PDF)/AER.xdo?_xpf=&_xpt=1&_params%2FOracle%20BI%20EE%3A%3ADefaultApp%3A%3AEVVET3%20PR%20NEW%2FAER%3A%3Adimension%2FAER%20Id%3A%3Aattribute%3A%3Anoaggr%3A%3Axsd%3Adouble=443317&_xt=AER&_xf=pdf""> AER </a>",2015-04-16 00:00:00,Veterinarian,France,FEMALE,Dog,Dog (other),"Metacam 15 mg/ml - Oral suspension (horses), Metacam 15 mg/ml - Oral suspension (pigs)","Behavioural disorder NOS, Death, Gastric ulcer, Haemorrhagic gastroenteritis, Vomiting",1,1,1
FR-DEBIAHP-2015FR00082,"<a target=""_blank""  href=""/xmlpserver/EVVET3 PW NEW/Subject Area Contents/Public Website/Report (PDF)/AER.xdo?_xpf=&_xpt=1&_params%2FOracle%20BI%20EE%3A%3ADefaultApp%3A%3AEVVET3%20PR%20NEW%2FAER%3A%3Adimension%2FAER%20Id%3A%3Aattribute%3A%3Anoaggr%3A%3Axsd%3Adouble=446000&_xt=AER&_xf=pdf""> AER </a>",2015-04-23 00:00:00,Veterinarian,France,FEMALE,Dog,Rottweiler,"HEMOCED, Metacam 5 mg/ml - Solution for injection (cats, dogs), Metacam 5 mg/ml - Solution for injection (cattle, pigs), Metacam 5 mg/ml - Solution for injection (dogs)","Apathy, Duodenal ulcer, Vomiting",1,1,
FR-DEBIAHP-2015FR00115,"<a target=""_blank""  href=""/xmlpserver/EVVET3 PW NEW/Subject Area Contents/Public Website/Report (PDF)/AER.xdo?_xpf=&_xpt=1&_params%2FOracle%20BI%20EE%3A%3ADefaultApp%3A%3AEVVET3%20PR%20NEW%2FAER%3A%3Adimension%2FAER%20Id%3A%3Aattribute%3A%3Anoaggr%3A%3Axsd%3Adouble=462675&_xt=AER&_xf=pdf""> AER </a>",2015-06-01 00:00:00,Veterinarian,France,FEMALE,Dog,Corso Dog,"Bupaq Multidose 0,3 mg/ml Injektionslösung für Hunde und Katzen, CLAMOXYL L.A. Инжекционен, CLAMOXYL L.A., Injekční suspenze, CLAMOXYL LA, CLAMOXYL LA Sospensione iniettabile, 150 mg/ml , per cani e gatti, CLAMOXYL LA ΕΝΕΣΙΜΟ ΕΝΑΙΩΡΗΜΑ, Cepetor 1 mg/ml Solution for Injection for Dog and Cat, Clamoxyl L.A. 150 mg/ml Zawiesina do wstrzykiwań, Clamoxyl LA, Clamoxyl LA 150 mg/ ml suspensão injetável para bovinos, ovinos, caprinos, suínos, cães e gatos, Clamoxyl LA 150 mg/ml injekčná suspenzia, KETAMINE 1000 VIRBAC FRANCE SOLUTION INJECTABLE, Metacam 1.5 mg/ml - Oral suspension (dogs), Metacam 5 mg/ml - Solution for injection (cats, dogs), Metacam 5 mg/ml - Solution for injection (cattle, pigs), Metacam 5 mg/ml - Solution for injection (dogs)","Anaemia NOS, Apathy, Blood in vomit, Death by euthanasia, Elevated renal parameters, Pale mucous membrane, Tarry or black stool (see also haemorrhagic diarrhoea), Thrombocytopenia",1,1,1
FR-DEBIAHP-2015FR00147,"<a target=""_blank""  href=""/xmlpserver/EVVET3 PW NEW/Subject Area Contents/Public Website/Report (PDF)/AER.xdo?_xpf=&_xpt=1&_params%2FOracle%20BI%20EE%3A%3ADefaultApp%3A%3AEVVET3%20PR%20NEW%2FAER%3A%3Adimension%2FAER%20Id%3A%3Aattribute%3A%3Anoaggr%3A%3Axsd%3Adouble=487736&_xt=AER&_xf=pdf""> AER </a>",2015-07-08 00:00:00,Veterinarian,France,FEMALE,Dog,Shepherd Dog - German,Metacam 1.5 mg/ml - Oral suspension (dogs),"Abdominal effusion, Blood in vomit, Distension of abdomen, Enlarged liver, Haemorrhagic diarrhoea, Hyperalbuminaemia, Proteinuria",1,1,
FR-DEBIAHP-2015FR00181,"<a target=""_blank""  href=""/xmlpserver/EVVET3 PW NEW/Subject Area Contents/Public Website/Report (PDF)/AER.xdo?_xpf=&_xpt=1&_params%2FOracle%20BI%20EE%3A%3ADefaultApp%3A%3AEVVET3%20PR%20NEW%2FAER%3A%3Adimension%2FAER%20Id%3A%3Aattribute%3A%3Anoaggr%3A%3Axsd%3Adouble=502030&_xt=AER&_xf=pdf""> AER </a>",2015-08-21 00:00:00,Other health care professional,France,FEMALE,Dog,Spaniel - King Charles Cavalier,"Cardalis 2.5 mg benazepril hydrochloride + 20 mg spironolactone - Chewable Tablet, Metacam 1.5 mg/ml - Oral suspension (dogs), Metacam 5 mg/ml - Solution for injection (cats, dogs), Metacam 5 mg/ml - Solution for injection (cattle, pigs), Metacam 5 mg/ml - Solution for injection (dogs)","Abdominal pain, Ascites, Death, Gall bladder & bile duct disorder NOS",1,1,1
FR-DEBIAHP-2015FR00185,"<a target=""_blank""  href=""/xmlpserver/EVVET3 PW NEW/Subject Area Contents/Public Website/Report (PDF)/AER.xdo?_xpf=&_xpt=1&_params%2FOracle%20BI%20EE%3A%3ADefaultApp%3A%3AEVVET3%20PR%20NEW%2FAER%3A%3Adimension%2FAER%20Id%3A%3Aattribute%3A%3Anoaggr%3A%3Axsd%3Adouble=507286&_xt=AER&_xf=pdf""> AER </a>",2015-09-07 00:00:00,Veterinarian,France,FEMALE,Dog,Brittany,"Metacam 5 mg/ml - Solution for injection (cats, dogs), Metacam 5 mg/ml - Solution for injection (cattle, pigs), Metacam 5 mg/ml - Solution for injection (dogs)","Death by euthanasia, Elevated liver enzymes NOS, Renal failure, Vomiting",1,1,1
FR-SOGEVAL-15 SGVL 00060,"<a target=""_blank""  href=""/xmlpserver/EVVET3 PW NEW/Subject Area Contents/Public Website/Report (PDF)/AER.xdo?_xpf=&_xpt=1&_params%2FOracle%20BI%20EE%3A%3ADefaultApp%3A%3AEVVET3%20PR%20NEW%2FAER%3A%3Adimension%2FAER%20Id%3A%3Aattribute%3A%3Anoaggr%3A%3Axsd%3Adouble=487731&_xt=AER&_xf=pdf""> AER </a>",2015-07-08 00:00:00,Veterinarian,France,FEMALE,Dog,Rottweiler,"DOXYVAL 250 MG COMPRIME QUADRISECABLE POUR CHIEN, Metacam 5 mg/ml - Solution for injection (cats, dogs), Metacam 5 mg/ml - Solution for injection (cattle, pigs), Metacam 5 mg/ml - Solution for injection (dogs)","Elevated alanine aminotransferase (ALT), Elevated serum alkaline phosphatase (ALP), Hyperthermia, Prostration, Weight loss",1,1,
FR-UKPFIZAH-2015-FR-00054,"<a target=""_blank""  href=""/xmlpserver/EVVET3 PW NEW/Subject Area Contents/Public Website/Report (PDF)/AER.xdo?_xpf=&_xpt=1&_params%2FOracle%20BI%20EE%3A%3ADefaultApp%3A%3AEVVET3%20PR%20NEW%2FAER%3A%3Adimension%2FAER%20Id%3A%3Aattribute%3A%3Anoaggr%3A%3Axsd%3Adouble=432308&_xt=AER&_xf=pdf""> AER </a>",2015-02-12 00:00:00,Veterinarian,France,UNKNOWN,Dog,Dog (other),"Metacam 0.5 mg/ml - Oral suspension (cats, guinea pigs), Metacam 0.5 mg/ml - Oral suspension (dogs), Metacam 1 mg - Chewable tablet (dogs), Metacam 1.5 mg/ml - Oral suspension (dogs), Metacam 15 mg/ml - Oral suspension (horses), Metacam 15 mg/ml - Oral suspension (pigs), Metacam 2 mg/ml - Solution for injection (cats), Metacam 2.5 mg - Chewable tablet (dogs), Metacam 20 mg/ml - Solution for injection (cattle, pigs, horses), Metacam 40 mg/ml - Solution for injection (cattle, horses), Metacam 5 mg/ml - Solution for injection (cats, dogs), Metacam 5 mg/ml - Solution for injection (cattle, pigs), Metacam 5 mg/ml - Solution for injection (dogs), Versican Plus DHPPi (--) - Lyophilisate and solvent for suspension for injection","Abnormal menace reflex test, Abnormal pupil light reflex, Blindness, Cataract, Dilated pupils, Injection site inflammation, Weakness",1,1,
FR-VETOQUINOL-8594/8785/NL/14 VTQL 00389,"<a target=""_blank""  href=""/xmlpserver/EVVET3 PW NEW/Subject Area Contents/Public Website/Report (PDF)/AER.xdo?_xpf=&_xpt=1&_params%2FOracle%20BI%20EE%3A%3ADefaultApp%3A%3AEVVET3%20PR%20NEW%2FAER%3A%3Adimension%2FAER%20Id%3A%3Aattribute%3A%3Anoaggr%3A%3Axsd%3Adouble=501074&_xt=AER&_xf=pdf""> AER </a>",2015-08-18 00:00:00,Veterinarian,Netherlands,UNKNOWN,Dog,Retriever - Labrador,"Cimalgex 80 mg - Chewable tablet, Metacam 0.5 mg/ml - Oral suspension (cats, guinea pigs), Metacam 0.5 mg/ml - Oral suspension (dogs), Metacam 1 mg - Chewable tablet (dogs), Metacam 1.5 mg/ml - Oral suspension (dogs), Metacam 15 mg/ml - Oral suspension (horses), Metacam 15 mg/ml - Oral suspension (pigs), Metacam 2 mg/ml - Solution for injection (cats), Metacam 2.5 mg - Chewable tablet (dogs), Metacam 20 mg/ml - Solution for injection (cattle, pigs, horses), Metacam 40 mg/ml - Solution for injection (cattle, horses), Metacam 5 mg/ml - Solution for injection (cats, dogs), Metacam 5 mg/ml - Solution for injection (cattle, pigs), Metacam 5 mg/ml - Solution for injection (dogs)","Melaena, Other abnormal test result NOS, Polydipsia, Polyuria, Renal failure, Vomiting",1,1,
GB-ABBOTTAH-028SEVPGB15,"<a target=""_blank""  href=""/xmlpserver/EVVET3 PW NEW/Subject Area Contents/Public Website/Report (PDF)/AER.xdo?_xpf=&_xpt=1&_params%2FOracle%20BI%20EE%3A%3ADefaultApp%3A%3AEVVET3%20PR%20NEW%2FAER%3A%3Adimension%2FAER%20Id%3A%3Aattribute%3A%3Anoaggr%3A%3Axsd%3Adouble=450789&_xt=AER&_xf=pdf""> AER </a>",2015-05-01 00:00:00,Other health care professional,United Kingdom,FEMALE,Dog,Crossbred Canine/dog,"Buprecare 0.3 mg/ml Solution for Injection for Dogs and Cats, Domitor 1 mg/ml solution for injection, Domitor 1 mg/ml soluzione iniettabile per cani e gatti, Metacam 5 mg/ml - Solution for injection (cats, dogs), Metacam 5 mg/ml - Solution for injection (cattle, pigs), Metacam 5 mg/ml - Solution for injection (dogs), SevoFlo 100%  - Inhalation vapour, liquid","Cardiac arrest, Increased heart rate",1,1,
GB-DEBIAHP-2013UK00515,"<a target=""_blank""  href=""/xmlpserver/EVVET3 PW NEW/Subject Area Contents/Public Website/Report (PDF)/AER.xdo?_xpf=&_xpt=1&_params%2FOracle%20BI%20EE%3A%3ADefaultApp%3A%3AEVVET3%20PR%20NEW%2FAER%3A%3Adimension%2FAER%20Id%3A%3Aattribute%3A%3Anoaggr%3A%3Axsd%3Adouble=436405&_xt=AER&_xf=pdf""> AER </a>",2015-03-13 00:00:00,Other health care professional,United Kingdom,FEMALE,Dog,Crossbred Canine/dog,Metacam 1.5 mg/ml - Oral suspension (dogs),Diarrhoea,1,1,
GB-DEBIAHP-2013UK00520,"<a target=""_blank""  href=""/xmlpserver/EVVET3 PW NEW/Subject Area Contents/Public Website/Report (PDF)/AER.xdo?_xpf=&_xpt=1&_params%2FOracle%20BI%20EE%3A%3ADefaultApp%3A%3AEVVET3%20PR%20NEW%2FAER%3A%3Adimension%2FAER%20Id%3A%3Aattribute%3A%3Anoaggr%3A%3Axsd%3Adouble=436406&_xt=AER&_xf=pdf""> AER </a>",2015-03-13 00:00:00,Other health care professional,United Kingdom,MALE,Dog,"Hound - Swiss - (Lucerne Hound (Luzerner Laufhund), Schwyz Hound (Schweizer Laufhund), Bernese Hound, Jura Hound)","Metacam 0.5 mg/ml - Oral suspension (cats, guinea pigs), Metacam 0.5 mg/ml - Oral suspension (dogs), Metacam 1.5 mg/ml - Oral suspension (dogs)","Blood in vomit, Haemorrhagic diarrhoea",1,1,
GB-DEBIAHP-2014UK00703,"<a target=""_blank""  href=""/xmlpserver/EVVET3 PW NEW/Subject Area Contents/Public Website/Report (PDF)/AER.xdo?_xpf=&_xpt=1&_params%2FOracle%20BI%20EE%3A%3ADefaultApp%3A%3AEVVET3%20PR%20NEW%2FAER%3A%3Adimension%2FAER%20Id%3A%3Aattribute%3A%3Anoaggr%3A%3Axsd%3Adouble=429252&_xt=AER&_xf=pdf""> AER </a>",2015-01-28 00:00:00,Animal owner,United Kingdom,FEMALE,Dog,Spaniel - Cocker American,Metacam 1.5 mg/ml - Oral suspension (dogs),Partial lack of efficacy,1,1,
GB-DEBIAHP-2014UK01060,"<a target=""_blank""  href=""/xmlpserver/EVVET3 PW NEW/Subject Area Contents/Public Website/Report (PDF)/AER.xdo?_xpf=&_xpt=1&_params%2FOracle%20BI%20EE%3A%3ADefaultApp%3A%3AEVVET3%20PR%20NEW%2FAER%3A%3Adimension%2FAER%20Id%3A%3Aattribute%3A%3Anoaggr%3A%3Axsd%3Adouble=427502&_xt=AER&_xf=pdf""> AER </a>",2015-01-16 00:00:00,Other health care professional,United Kingdom,FEMALE,Dog,Terrier - Jack Russell,Metacam 1.5 mg/ml - Oral suspension (dogs),"Bruising, Death by euthanasia, Haematoma NOS, Increased coagulation time, Increased percentage reticulocytes, Low platelet count, Monocytosis, Neoplasia NOS, Skin lump, Skin vascular disorder NOS",1,1,1
GB-DEBIAHP-2014UK01087,"<a target=""_blank""  href=""/xmlpserver/EVVET3 PW NEW/Subject Area Contents/Public Website/Report (PDF)/AER.xdo?_xpf=&_xpt=1&_params%2FOracle%20BI%20EE%3A%3ADefaultApp%3A%3AEVVET3%20PR%20NEW%2FAER%3A%3Adimension%2FAER%20Id%3A%3Aattribute%3A%3Anoaggr%3A%3Axsd%3Adouble=427037&_xt=AER&_xf=pdf""> AER </a>",2015-01-12 00:00:00,Other health care professional,United Kingdom,FEMALE,Dog,Spitz - German Pomeranian,"Metacam 1.5 mg/ml - Oral suspension (dogs), Metacam 5 mg/ml - Solution for injection (cats, dogs), Metacam 5 mg/ml - Solution for injection (cattle, pigs), Metacam 5 mg/ml - Solution for injection (dogs)",Elevated blood urea nitrogen (BUN),1,1,
GB-DEBIAHP-2014UK01088,"<a target=""_blank""  href=""/xmlpserver/EVVET3 PW NEW/Subject Area Contents/Public Website/Report (PDF)/AER.xdo?_xpf=&_xpt=1&_params%2FOracle%20BI%20EE%3A%3ADefaultApp%3A%3AEVVET3%20PR%20NEW%2FAER%3A%3Adimension%2FAER%20Id%3A%3Aattribute%3A%3Anoaggr%3A%3Axsd%3Adouble=427073&_xt=AER&_xf=pdf""> AER </a>",2015-01-12 00:00:00,Other health care professional,United Kingdom,MALE,Dog,Chihuahua,Metacam 1.5 mg/ml - Oral suspension (dogs),"Elevated blood urea nitrogen (BUN), Elevated creatinine, Inappetence, Polydipsia, Vomiting",1,1,
GB-DEBIAHP-2014UK01094,"<a target=""_blank""  href=""/xmlpserver/EVVET3 PW NEW/Subject Area Contents/Public Website/Report (PDF)/AER.xdo?_xpf=&_xpt=1&_params%2FOracle%20BI%20EE%3A%3ADefaultApp%3A%3AEVVET3%20PR%20NEW%2FAER%3A%3Adimension%2FAER%20Id%3A%3Aattribute%3A%3Anoaggr%3A%3Axsd%3Adouble=426480&_xt=AER&_xf=pdf""> AER </a>",2015-01-06 00:00:00,Veterinarian,United Kingdom,MALE,Dog,Pointing Dog - Hungarian Wire-haired (Vizsla),"Metacam 5 mg/ml - Solution for injection (cats, dogs), Metacam 5 mg/ml - Solution for injection (cattle, pigs), Metacam 5 mg/ml - Solution for injection (dogs)",Vomiting,1,1,
GB-DEBIAHP-2014UK01135,"<a target=""_blank""  href=""/xmlpserver/EVVET3 PW NEW/Subject Area Contents/Public Website/Report (PDF)/AER.xdo?_xpf=&_xpt=1&_params%2FOracle%20BI%20EE%3A%3ADefaultApp%3A%3AEVVET3%20PR%20NEW%2FAER%3A%3Adimension%2FAER%20Id%3A%3Aattribute%3A%3Anoaggr%3A%3Axsd%3Adouble=426599&_xt=AER&_xf=pdf""> AER </a>",2015-01-06 00:00:00,Veterinarian,United Kingdom,FEMALE,Dog,Boxer (German Boxer),"Metacam 5 mg/ml - Solution for injection (cats, dogs), Metacam 5 mg/ml - Solution for injection (cattle, pigs), Metacam 5 mg/ml - Solution for injection (dogs)","Diarrhoea, Vomiting",1,1,
GB-DEBIAHP-2014UK01136,"<a target=""_blank""  href=""/xmlpserver/EVVET3 PW NEW/Subject Area Contents/Public Website/Report (PDF)/AER.xdo?_xpf=&_xpt=1&_params%2FOracle%20BI%20EE%3A%3ADefaultApp%3A%3AEVVET3%20PR%20NEW%2FAER%3A%3Adimension%2FAER%20Id%3A%3Aattribute%3A%3Anoaggr%3A%3Axsd%3Adouble=426598&_xt=AER&_xf=pdf""> AER </a>",2015-01-06 00:00:00,Veterinarian,United Kingdom,MALE,Dog,"Hound - Swiss - (Lucerne Hound (Luzerner Laufhund), Schwyz Hound (Schweizer Laufhund), Bernese Hound, Jura Hound)","Metacam 1.5 mg/ml - Oral suspension (dogs), Metacam 5 mg/ml - Solution for injection (cats, dogs), Metacam 5 mg/ml - Solution for injection (cattle, pigs), Metacam 5 mg/ml - Solution for injection (dogs)",Diarrhoea,1,1,
GB-DEBIAHP-2014UK01137,"<a target=""_blank""  href=""/xmlpserver/EVVET3 PW NEW/Subject Area Contents/Public Website/Report (PDF)/AER.xdo?_xpf=&_xpt=1&_params%2FOracle%20BI%20EE%3A%3ADefaultApp%3A%3AEVVET3%20PR%20NEW%2FAER%3A%3Adimension%2FAER%20Id%3A%3Aattribute%3A%3Anoaggr%3A%3Axsd%3Adouble=426605&_xt=AER&_xf=pdf""> AER </a>",2015-01-06 00:00:00,Veterinarian,United Kingdom,MALE,Dog,"Hound - Swiss - (Lucerne Hound (Luzerner Laufhund), Schwyz Hound (Schweizer Laufhund), Bernese Hound, Jura Hound)","Metacam 1.5 mg/ml - Oral suspension (dogs), Metacam 5 mg/ml - Solution for injection (cats, dogs), Metacam 5 mg/ml - Solution for injection (cattle, pigs), Metacam 5 mg/ml - Solution for injection (dogs)",Diarrhoea,1,1,
GB-DEBIAHP-2014UK01138,"<a target=""_blank""  href=""/xmlpserver/EVVET3 PW NEW/Subject Area Contents/Public Website/Report (PDF)/AER.xdo?_xpf=&_xpt=1&_params%2FOracle%20BI%20EE%3A%3ADefaultApp%3A%3AEVVET3%20PR%20NEW%2FAER%3A%3Adimension%2FAER%20Id%3A%3Aattribute%3A%3Anoaggr%3A%3Axsd%3Adouble=426604&_xt=AER&_xf=pdf""> AER </a>",2015-01-06 00:00:00,Veterinarian,United Kingdom,FEMALE,Dog,Retriever - Golden,"Metacam 1.5 mg/ml - Oral suspension (dogs), Metacam 5 mg/ml - Solution for injection (cats, dogs), Metacam 5 mg/ml - Solution for injection (cattle, pigs), Metacam 5 mg/ml - Solution for injection (dogs)","Diarrhoea, Vomiting",1,1,
GB-DEBIAHP-2014UK01139,"<a target=""_blank""  href=""/xmlpserver/EVVET3 PW NEW/Subject Area Contents/Public Website/Report (PDF)/AER.xdo?_xpf=&_xpt=1&_params%2FOracle%20BI%20EE%3A%3ADefaultApp%3A%3AEVVET3%20PR%20NEW%2FAER%3A%3Adimension%2FAER%20Id%3A%3Aattribute%3A%3Anoaggr%3A%3Axsd%3Adouble=426607&_xt=AER&_xf=pdf""> AER </a>",2015-01-06 00:00:00,Veterinarian,United Kingdom,MALE,Dog,Terrier - Bull,"Metacam 1.5 mg/ml - Oral suspension (dogs), Metacam 5 mg/ml - Solution for injection (cats, dogs), Metacam 5 mg/ml - Solution for injection (cattle, pigs), Metacam 5 mg/ml - Solution for injection (dogs)","Diarrhoea, Vomiting",1,1,
GB-DEBIAHP-2014UK01140,"<a target=""_blank""  href=""/xmlpserver/EVVET3 PW NEW/Subject Area Contents/Public Website/Report (PDF)/AER.xdo?_xpf=&_xpt=1&_params%2FOracle%20BI%20EE%3A%3ADefaultApp%3A%3AEVVET3%20PR%20NEW%2FAER%3A%3Adimension%2FAER%20Id%3A%3Aattribute%3A%3Anoaggr%3A%3Axsd%3Adouble=428509&_xt=AER&_xf=pdf""> AER </a>",2015-01-23 00:00:00,Other health care professional,United Kingdom,FEMALE,Dog,Collie - Border,"Metacam 1.5 mg/ml - Oral suspension (dogs), Metacam 5 mg/ml - Solution for injection (cats, dogs), Metacam 5 mg/ml - Solution for injection (cattle, pigs), Metacam 5 mg/ml - Solution for injection (dogs)","Cyanosis, Death, Haematemesis, Haemorrhagic gastroenteritis, Oral haemorrhage, Pallor, Vomiting",1,1,1
GB-DEBIAHP-2014UK01144,"<a target=""_blank""  href=""/xmlpserver/EVVET3 PW NEW/Subject Area Contents/Public Website/Report (PDF)/AER.xdo?_xpf=&_xpt=1&_params%2FOracle%20BI%20EE%3A%3ADefaultApp%3A%3AEVVET3%20PR%20NEW%2FAER%3A%3Adimension%2FAER%20Id%3A%3Aattribute%3A%3Anoaggr%3A%3Axsd%3Adouble=426799&_xt=AER&_xf=pdf""> AER </a>",2015-01-08 00:00:00,Animal owner,United Kingdom,MALE,Dog,Terrier - Jack Russell,"Apoquel 16 mg - Chewable tablet, Apoquel 16 mg - Film-coated tablet, Apoquel 3.6 mg - Chewable tablet, Apoquel 3.6 mg - Film-coated tablet, Apoquel 5.4 mg - Chewable tablet, Apoquel 5.4 mg - Film-coated tablet, Benamax Flavour 2.5 mg tablets for cats and dogs, Benamax Flavour 20 mg tablets for dogs, Benamax Flavour 5 mg tablets for cats and dogs, Metacam 1.5 mg/ml - Oral suspension (dogs), VETMEDIN 0,75 MG/ML SOLUTION INJECTABLE POUR CHIENS, VETMEDIN 2,5 mg capsule pentru câini, VETMEDIN 2,5 mg kietos kapsulės šunims, VETMEDIN 5 MG GELULES POUR CHIENS, VETMEDIN 5 mg capsule pentru câini, VETMEDIN 5 mg kietos kapsulės šunims, VETMEDIN 5 mg, 5mg, Tvrdá tobolka, VETMEDIN, 2.5mg, Tvrdá tobolka, Vetmedin 0,75 mg/ml Injektionslösung für Hunde, Vetmedin 0.75 mg/ml ενέσιμο διάλυμα για σκύλους, Vetmedin 1,25 mg - Kapseln für Hunde, Vetmedin 1,25 mg Kautabletten für Hunde, Vetmedin 1,25 mg capsule per cani, Vetmedin 1,25 mg gélules pour chiens, Vetmedin 1,25 mg kapszula kutyáknak A.U.V., Vetmedin 1,5 mg/ml Lösung zum Eingeben für Hunde, Vetmedin 1.25 mg Capsule, hard, Vetmedin 1.25 mg capsules for dogs, Vetmedin 1.25mg, Vetmedin 10 mg  Kapsułka, twarda, Vetmedin 10 mg Kapseln für Hunde, Vetmedin 10 mg Kautabletten für Hunde, Vetmedin 2,5 mg - Kapseln für Hunde, Vetmedin 2,5 mg Kapsułka, twarda, Vetmedin 2,5 mg Kautabletten für Hunde, Vetmedin 2,5 mg capsule per cani, Vetmedin 2,5 mg kapsulas suņiem, Vetmedin 2,5 mg kapsuly pre psy, Vetmedin 2,5 mg kapszula kutyáknak A.U.V., Vetmedin 2,5 mg, kõvakapslid koertele, Vetmedin 2,5mg, Vetmedin 2.5 mg Capsule, hard, Vetmedin 2.5 mg capsules for dogs, Vetmedin 2.5 mg gélules pour chiens, Vetmedin 5 mg - Kapseln für Hunde, Vetmedin 5 mg Capsule, hard, Vetmedin 5 mg Kapsułki twarde, Vetmedin 5 mg Kautabletten für Hunde, Vetmedin 5 mg capsule per cani, Vetmedin 5 mg capsules, Vetmedin 5 mg capsules for dogs, Vetmedin 5 mg gélules pour chiens, Vetmedin 5 mg kapsulas suņiem, Vetmedin 5 mg kapsuly pre psy, Vetmedin 5 mg kapszula kutyáknak A.U.V., Vetmedin 5 mg, kõvakapslid koertele., Vetmedin 5mg, Vetmedin Chew 1,25 mg Kautabletten für Hunde, Vetmedin Chew 10 mg Kautabletten für Hunde, Vetmedin Chew 2,5 mg Kautabletten für Hunde, Vetmedin Chew 5 mg Kautabletten für Hunde, Vetmedin Vet. 10 mg tyggetabletter, Vetmedin Vet. 5 mg tyggetabletter, Vetmedin vet., 5 mg, Tuggtablett",Azotaemia,1,1,
GB-DEBIAHP-2015UK00022,"<a target=""_blank""  href=""/xmlpserver/EVVET3 PW NEW/Subject Area Contents/Public Website/Report (PDF)/AER.xdo?_xpf=&_xpt=1&_params%2FOracle%20BI%20EE%3A%3ADefaultApp%3A%3AEVVET3%20PR%20NEW%2FAER%3A%3Adimension%2FAER%20Id%3A%3Aattribute%3A%3Anoaggr%3A%3Axsd%3Adouble=456705&_xt=AER&_xf=pdf""> AER </a>",2015-05-18 00:00:00,Other health care professional,United Kingdom,MALE,Dog,Terrier - Jack Russell,"ACEPROMAZINE 10%/AGROSEED CANDILIDIS ενέσιμο διάλυμα 10 mg/ml για σκύλο και γάτα, Metacam 5 mg/ml - Solution for injection (cats, dogs), Metacam 5 mg/ml - Solution for injection (cattle, pigs), Metacam 5 mg/ml - Solution for injection (dogs)","Circulatory collapse (see also Neurological and Systemic disorders), Death, Depression, Endocardiosis, Pale mucous membrane, Pancreas disorder, Prolonged capillary refill time, Recovery prolonged, Tachycardia, Vascular disorder NOS (see also endocarditis)",1,1,1
GB-DEBIAHP-2015UK00024,"<a target=""_blank""  href=""/xmlpserver/EVVET3 PW NEW/Subject Area Contents/Public Website/Report (PDF)/AER.xdo?_xpf=&_xpt=1&_params%2FOracle%20BI%20EE%3A%3ADefaultApp%3A%3AEVVET3%20PR%20NEW%2FAER%3A%3Adimension%2FAER%20Id%3A%3Aattribute%3A%3Anoaggr%3A%3Axsd%3Adouble=428239&_xt=AER&_xf=pdf""> AER </a>",2015-01-23 00:00:00,Veterinarian,United Kingdom,FEMALE,Dog,Spaniel - Springer English,"Advocate 100 mg + 25 mg - Spot-on solution, Advocate 250 mg + 62.5 mg - Spot-on solution, Advocate 40 mg + 10 mg - Spot-on solution, Advocate 40 mg + 4 mg - Spot-on solution, Advocate 400 mg + 100 mg - Spot-on solution, Advocate 80 mg + 8 mg - Spot-on solution, Metacam 1.5 mg/ml - Oral suspension (dogs)",Pyoderma,1,1,
GB-DEBIAHP-2015UK00026,"<a target=""_blank""  href=""/xmlpserver/EVVET3 PW NEW/Subject Area Contents/Public Website/Report (PDF)/AER.xdo?_xpf=&_xpt=1&_params%2FOracle%20BI%20EE%3A%3ADefaultApp%3A%3AEVVET3%20PR%20NEW%2FAER%3A%3Adimension%2FAER%20Id%3A%3Aattribute%3A%3Anoaggr%3A%3Axsd%3Adouble=429231&_xt=AER&_xf=pdf""> AER </a>",2015-01-28 00:00:00,Other health care professional,United Kingdom,MALE,Dog,Terrier - Tibetan,"Metacam 5 mg/ml - Solution for injection (cats, dogs), Metacam 5 mg/ml - Solution for injection (cattle, pigs), Metacam 5 mg/ml - Solution for injection (dogs)","Anaphylaxis, Bradycardia, Collapse (see also Cardio-vascular and Systemic disorders), Death, Hypotension, Pale mucous membrane, Vomiting",1,1,1
GB-DEBIAHP-2015UK00034,"<a target=""_blank""  href=""/xmlpserver/EVVET3 PW NEW/Subject Area Contents/Public Website/Report (PDF)/AER.xdo?_xpf=&_xpt=1&_params%2FOracle%20BI%20EE%3A%3ADefaultApp%3A%3AEVVET3%20PR%20NEW%2FAER%3A%3Adimension%2FAER%20Id%3A%3Aattribute%3A%3Anoaggr%3A%3Axsd%3Adouble=429655&_xt=AER&_xf=pdf""> AER </a>",2015-01-30 00:00:00,Veterinarian,United Kingdom,FEMALE,Dog,Spaniel - King Charles Cavalier,Metacam 1 mg - Chewable tablet (dogs),Haematuria,1,1,
GB-DEBIAHP-2015UK00036,"<a target=""_blank""  href=""/xmlpserver/EVVET3 PW NEW/Subject Area Contents/Public Website/Report (PDF)/AER.xdo?_xpf=&_xpt=1&_params%2FOracle%20BI%20EE%3A%3ADefaultApp%3A%3AEVVET3%20PR%20NEW%2FAER%3A%3Adimension%2FAER%20Id%3A%3Aattribute%3A%3Anoaggr%3A%3Axsd%3Adouble=428241&_xt=AER&_xf=pdf""> AER </a>",2015-01-23 00:00:00,Veterinarian,United Kingdom,MALE,Dog,Weimaraner,"Metacam 1.5 mg/ml - Oral suspension (dogs), Onsior 10 mg  - Tablet (dogs), Onsior 20 mg  - Tablet (dogs), Onsior 20 mg/ml  - Solution for injection (cats and dogs), Onsior 40 mg  - Tablet (dogs), Onsior 5 mg  - Tablet (dogs), Onsior 6 mg  - Tablet (cats)","Behavioural disorder NOS, Blood in vomit, Dilated pupils, Hyperactivity",1,1,
GB-DEBIAHP-2015UK00047,"<a target=""_blank""  href=""/xmlpserver/EVVET3 PW NEW/Subject Area Contents/Public Website/Report (PDF)/AER.xdo?_xpf=&_xpt=1&_params%2FOracle%20BI%20EE%3A%3ADefaultApp%3A%3AEVVET3%20PR%20NEW%2FAER%3A%3Adimension%2FAER%20Id%3A%3Aattribute%3A%3Anoaggr%3A%3Axsd%3Adouble=429874&_xt=AER&_xf=pdf""> AER </a>",2015-01-30 00:00:00,Veterinarian,United Kingdom,MALE,Dog,Spitz - German Pomeranian,Metacam 1.5 mg/ml - Oral suspension (dogs),"Anorexia, Haemorrhagic diarrhoea, Vomiting",1,1,
GB-DEBIAHP-2015UK00048,"<a target=""_blank""  href=""/xmlpserver/EVVET3 PW NEW/Subject Area Contents/Public Website/Report (PDF)/AER.xdo?_xpf=&_xpt=1&_params%2FOracle%20BI%20EE%3A%3ADefaultApp%3A%3AEVVET3%20PR%20NEW%2FAER%3A%3Adimension%2FAER%20Id%3A%3Aattribute%3A%3Anoaggr%3A%3Axsd%3Adouble=433390&_xt=AER&_xf=pdf""> AER </a>",2015-02-19 00:00:00,Other health care professional,United Kingdom,FEMALE,Dog,Retriever - Golden,"Metacam 1.5 mg/ml - Oral suspension (dogs), Metacam 5 mg/ml - Solution for injection (cats, dogs), Metacam 5 mg/ml - Solution for injection (cattle, pigs), Metacam 5 mg/ml - Solution for injection (dogs)","Azotaemia, Hyperphosphataemia, Inappetence, Lethargy (see also Central nervous system depression in Neurological), Vomiting",1,1,
GB-DEBIAHP-2015UK00051,"<a target=""_blank""  href=""/xmlpserver/EVVET3 PW NEW/Subject Area Contents/Public Website/Report (PDF)/AER.xdo?_xpf=&_xpt=1&_params%2FOracle%20BI%20EE%3A%3ADefaultApp%3A%3AEVVET3%20PR%20NEW%2FAER%3A%3Adimension%2FAER%20Id%3A%3Aattribute%3A%3Anoaggr%3A%3Axsd%3Adouble=430881&_xt=AER&_xf=pdf""> AER </a>",2015-02-05 00:00:00,Veterinarian,United Kingdom,MALE,Dog,Retriever - Labrador,Metacam 1.5 mg/ml - Oral suspension (dogs),"Azotaemia, Diarrhoea, Lethargy (see also Central nervous system depression in Neurological), Pyrexia, Vomiting",1,1,
GB-DEBIAHP-2015UK00052,"<a target=""_blank""  href=""/xmlpserver/EVVET3 PW NEW/Subject Area Contents/Public Website/Report (PDF)/AER.xdo?_xpf=&_xpt=1&_params%2FOracle%20BI%20EE%3A%3ADefaultApp%3A%3AEVVET3%20PR%20NEW%2FAER%3A%3Adimension%2FAER%20Id%3A%3Aattribute%3A%3Anoaggr%3A%3Axsd%3Adouble=430880&_xt=AER&_xf=pdf""> AER </a>",2015-02-05 00:00:00,Veterinarian,United Kingdom,FEMALE,Dog,Retriever - Labrador,Metacam 1.5 mg/ml - Oral suspension (dogs),"Erythema (for urticaria see Immune SOC), Facial oedema, Lethargy (see also Central nervous system depression in Neurological), Muscle tremor",1,1,
GB-DEBIAHP-2015UK00056,"<a target=""_blank""  href=""/xmlpserver/EVVET3 PW NEW/Subject Area Contents/Public Website/Report (PDF)/AER.xdo?_xpf=&_xpt=1&_params%2FOracle%20BI%20EE%3A%3ADefaultApp%3A%3AEVVET3%20PR%20NEW%2FAER%3A%3Adimension%2FAER%20Id%3A%3Aattribute%3A%3Anoaggr%3A%3Axsd%3Adouble=432956&_xt=AER&_xf=pdf""> AER </a>",2015-02-16 00:00:00,Other health care professional,United Kingdom,FEMALE,Dog,Pointing Dog - German Short-haired,Metacam 1.5 mg/ml - Oral suspension (dogs),"Azotaemia, Collapse NOS (see also Cardio-vascular and Neurological disorders), Collapse of leg, Distension of abdomen, Electrolyte disorder, Elevated liver enzymes NOS, Hyperaemic mucous membrane, Hyperphosphataemia, Hyporeflexia, Increased heart rate, Swelling NOS",1,1,
GB-DEBIAHP-2015UK00058,"<a target=""_blank""  href=""/xmlpserver/EVVET3 PW NEW/Subject Area Contents/Public Website/Report (PDF)/AER.xdo?_xpf=&_xpt=1&_params%2FOracle%20BI%20EE%3A%3ADefaultApp%3A%3AEVVET3%20PR%20NEW%2FAER%3A%3Adimension%2FAER%20Id%3A%3Aattribute%3A%3Anoaggr%3A%3Axsd%3Adouble=432032&_xt=AER&_xf=pdf""> AER </a>",2015-02-11 00:00:00,Veterinarian,United Kingdom,FEMALE,Dog,Shih Tzu,"Metacam 1.5 mg/ml - Oral suspension (dogs), Metacam 5 mg/ml - Solution for injection (cats, dogs), Metacam 5 mg/ml - Solution for injection (cattle, pigs), Metacam 5 mg/ml - Solution for injection (dogs)","Elevated creatinine, Urinary retention",1,1,
GB-DEBIAHP-2015UK00062,"<a target=""_blank""  href=""/xmlpserver/EVVET3 PW NEW/Subject Area Contents/Public Website/Report (PDF)/AER.xdo?_xpf=&_xpt=1&_params%2FOracle%20BI%20EE%3A%3ADefaultApp%3A%3AEVVET3%20PR%20NEW%2FAER%3A%3Adimension%2FAER%20Id%3A%3Aattribute%3A%3Anoaggr%3A%3Axsd%3Adouble=431958&_xt=AER&_xf=pdf""> AER </a>",2015-02-10 00:00:00,Veterinarian,United Kingdom,MALE,Dog,Spaniel - King Charles Cavalier,"Metacam 1.5 mg/ml - Oral suspension (dogs), Metacam 5 mg/ml - Solution for injection (cats, dogs), Metacam 5 mg/ml - Solution for injection (cattle, pigs), Metacam 5 mg/ml - Solution for injection (dogs), VETERGESIC MULTIDOSE, 0.3MG/ML, SOLUTION FOR INJECTION FOR DOGS AND CATS","Blood in faeces, Blood in vomit",1,1,
GB-DEBIAHP-2015UK00063,"<a target=""_blank""  href=""/xmlpserver/EVVET3 PW NEW/Subject Area Contents/Public Website/Report (PDF)/AER.xdo?_xpf=&_xpt=1&_params%2FOracle%20BI%20EE%3A%3ADefaultApp%3A%3AEVVET3%20PR%20NEW%2FAER%3A%3Adimension%2FAER%20Id%3A%3Aattribute%3A%3Anoaggr%3A%3Axsd%3Adouble=434347&_xt=AER&_xf=pdf""> AER </a>",2015-02-26 00:00:00,Other health care professional,United Kingdom,MALE,Dog,Retriever - Labrador,"Metacam 5 mg/ml - Solution for injection (cats, dogs), Metacam 5 mg/ml - Solution for injection (cattle, pigs), Metacam 5 mg/ml - Solution for injection (dogs)","Cyanosis, Facial oedema, Haemorrhagic diarrhoea, Hypothermia, Increased respiratory rate, Tachycardia, Weakness",1,1,
GB-DEBIAHP-2015UK00065,"<a target=""_blank""  href=""/xmlpserver/EVVET3 PW NEW/Subject Area Contents/Public Website/Report (PDF)/AER.xdo?_xpf=&_xpt=1&_params%2FOracle%20BI%20EE%3A%3ADefaultApp%3A%3AEVVET3%20PR%20NEW%2FAER%3A%3Adimension%2FAER%20Id%3A%3Aattribute%3A%3Anoaggr%3A%3Axsd%3Adouble=432623&_xt=AER&_xf=pdf""> AER </a>",2015-02-13 00:00:00,Veterinarian,United Kingdom,MALE,Dog,Mountain Dog - Bernese,Metacam 1.5 mg/ml - Oral suspension (dogs),Elevated alanine aminotransferase (ALT),1,1,
GB-DEBIAHP-2015UK00067,"<a target=""_blank""  href=""/xmlpserver/EVVET3 PW NEW/Subject Area Contents/Public Website/Report (PDF)/AER.xdo?_xpf=&_xpt=1&_params%2FOracle%20BI%20EE%3A%3ADefaultApp%3A%3AEVVET3%20PR%20NEW%2FAER%3A%3Adimension%2FAER%20Id%3A%3Aattribute%3A%3Anoaggr%3A%3Axsd%3Adouble=433508&_xt=AER&_xf=pdf""> AER </a>",2015-02-23 00:00:00,Other health care professional,United Kingdom,MALE,Dog,Schnauzer - Miniature,Metacam 1.5 mg/ml - Oral suspension (dogs),"Abdominal discomfort, Diarrhoea, Elevated lipase, Haematochezia, Painful defecation, Pancreatitis NOS, Vomiting",1,1,
GB-DEBIAHP-2015UK00078,"<a target=""_blank""  href=""/xmlpserver/EVVET3 PW NEW/Subject Area Contents/Public Website/Report (PDF)/AER.xdo?_xpf=&_xpt=1&_params%2FOracle%20BI%20EE%3A%3ADefaultApp%3A%3AEVVET3%20PR%20NEW%2FAER%3A%3Adimension%2FAER%20Id%3A%3Aattribute%3A%3Anoaggr%3A%3Axsd%3Adouble=433195&_xt=AER&_xf=pdf""> AER </a>",2015-02-17 00:00:00,Other health care professional,United Kingdom,MALE,Dog,Dachshund - Miniature,"Metacam 1.5 mg/ml - Oral suspension (dogs), Pexion 100 mg  - Tablet","Drinking a lot, Lack of efficacy - NOS, Pancreatitis NOS, Polyphagia, Polyuria, Seizure NOS, Sleepiness - neurological disorder, Weight gain",1,1,
GB-DEBIAHP-2015UK00086,"<a target=""_blank""  href=""/xmlpserver/EVVET3 PW NEW/Subject Area Contents/Public Website/Report (PDF)/AER.xdo?_xpf=&_xpt=1&_params%2FOracle%20BI%20EE%3A%3ADefaultApp%3A%3AEVVET3%20PR%20NEW%2FAER%3A%3Adimension%2FAER%20Id%3A%3Aattribute%3A%3Anoaggr%3A%3Axsd%3Adouble=433922&_xt=AER&_xf=pdf""> AER </a>",2015-02-24 00:00:00,Veterinarian,United Kingdom,UNKNOWN,Dog,Chihuahua,Metacam 1.5 mg/ml - Oral suspension (dogs),"Constipation, Elevated amylase, Inappetence, Nausea, Vomiting",1,1,
GB-DEBIAHP-2015UK00108,"<a target=""_blank""  href=""/xmlpserver/EVVET3 PW NEW/Subject Area Contents/Public Website/Report (PDF)/AER.xdo?_xpf=&_xpt=1&_params%2FOracle%20BI%20EE%3A%3ADefaultApp%3A%3AEVVET3%20PR%20NEW%2FAER%3A%3Adimension%2FAER%20Id%3A%3Aattribute%3A%3Anoaggr%3A%3Axsd%3Adouble=435416&_xt=AER&_xf=pdf""> AER </a>",2015-03-06 00:00:00,Other health care professional,United Kingdom,FEMALE,Dog,Retriever - Labrador,Metacam 1.5 mg/ml - Oral suspension (dogs),"Acute renal failure, Azotaemia, Elevated alanine aminotransferase (ALT), Elevated liver enzymes NOS, Elevated total bilirubin, Hepatic failure, Hyperphosphataemia, Melaena, Skin lesion NOS, Thrombocytopenia, Vomiting",1,1,
GB-DEBIAHP-2015UK00111,"<a target=""_blank""  href=""/xmlpserver/EVVET3 PW NEW/Subject Area Contents/Public Website/Report (PDF)/AER.xdo?_xpf=&_xpt=1&_params%2FOracle%20BI%20EE%3A%3ADefaultApp%3A%3AEVVET3%20PR%20NEW%2FAER%3A%3Adimension%2FAER%20Id%3A%3Aattribute%3A%3Anoaggr%3A%3Axsd%3Adouble=436220&_xt=AER&_xf=pdf""> AER </a>",2015-03-12 00:00:00,Veterinarian,United Kingdom,MALE,Dog,"Hound - Swiss - (Lucerne Hound (Luzerner Laufhund), Schwyz Hound (Schweizer Laufhund), Bernese Hound, Jura Hound)","Metacam 5 mg/ml - Solution for injection (cats, dogs), Metacam 5 mg/ml - Solution for injection (cattle, pigs), Metacam 5 mg/ml - Solution for injection (dogs), VETERGESIC MULTIDOSE, 0.3MG/ML, SOLUTION FOR INJECTION FOR DOGS AND CATS","Anorexia, Diarrhoea, Off colour, Vomiting",1,1,
GB-DEBIAHP-2015UK00119,"<a target=""_blank""  href=""/xmlpserver/EVVET3 PW NEW/Subject Area Contents/Public Website/Report (PDF)/AER.xdo?_xpf=&_xpt=1&_params%2FOracle%20BI%20EE%3A%3ADefaultApp%3A%3AEVVET3%20PR%20NEW%2FAER%3A%3Adimension%2FAER%20Id%3A%3Aattribute%3A%3Anoaggr%3A%3Axsd%3Adouble=436424&_xt=AER&_xf=pdf""> AER </a>",2015-03-13 00:00:00,Other health care professional,United Kingdom,MALE,Dog,Crossbred Canine/dog,"ACEPROMAZINE 10%/AGROSEED CANDILIDIS ενέσιμο διάλυμα 10 mg/ml για σκύλο και γάτα, Metacam 5 mg/ml - Solution for injection (cats, dogs), Metacam 5 mg/ml - Solution for injection (cattle, pigs), Metacam 5 mg/ml - Solution for injection (dogs), SevoFlo 100%  - Inhalation vapour, liquid","Decreased appetite, Elevated blood urea nitrogen (BUN), Elevated creatinine, Elevated liver enzymes NOS, Epistaxis, Haemorrhagic diarrhoea, Hyperalbuminaemia, Hyperphosphataemia, Low platelet count, Prolonged activated partial thrombin time (APTT)",1,1,
GB-DEBIAHP-2015UK00123,"<a target=""_blank""  href=""/xmlpserver/EVVET3 PW NEW/Subject Area Contents/Public Website/Report (PDF)/AER.xdo?_xpf=&_xpt=1&_params%2FOracle%20BI%20EE%3A%3ADefaultApp%3A%3AEVVET3%20PR%20NEW%2FAER%3A%3Adimension%2FAER%20Id%3A%3Aattribute%3A%3Anoaggr%3A%3Axsd%3Adouble=436116&_xt=AER&_xf=pdf""> AER </a>",2015-03-12 00:00:00,Veterinarian,United Kingdom,MALE,Dog,Terrier - Jack Russell,"Metacam 1.5 mg/ml - Oral suspension (dogs), Metacam 5 mg/ml - Solution for injection (cats, dogs), Metacam 5 mg/ml - Solution for injection (cattle, pigs), Metacam 5 mg/ml - Solution for injection (dogs), VETERGESIC MULTIDOSE, 0.3MG/ML, SOLUTION FOR INJECTION FOR DOGS AND CATS","Diarrhoea, Haemorrhagic diarrhoea, Vomiting",1,1,
GB-DEBIAHP-2015UK00136,"<a target=""_blank""  href=""/xmlpserver/EVVET3 PW NEW/Subject Area Contents/Public Website/Report (PDF)/AER.xdo?_xpf=&_xpt=1&_params%2FOracle%20BI%20EE%3A%3ADefaultApp%3A%3AEVVET3%20PR%20NEW%2FAER%3A%3Adimension%2FAER%20Id%3A%3Aattribute%3A%3Anoaggr%3A%3Axsd%3Adouble=435866&_xt=AER&_xf=pdf""> AER </a>",2015-03-12 00:00:00,Veterinarian,United Kingdom,MALE,Dog,Retriever - Labrador,Metacam 1.5 mg/ml - Oral suspension (dogs),Elevated alanine aminotransferase (ALT),1,1,
GB-DEBIAHP-2015UK00137,"<a target=""_blank""  href=""/xmlpserver/EVVET3 PW NEW/Subject Area Contents/Public Website/Report (PDF)/AER.xdo?_xpf=&_xpt=1&_params%2FOracle%20BI%20EE%3A%3ADefaultApp%3A%3AEVVET3%20PR%20NEW%2FAER%3A%3Adimension%2FAER%20Id%3A%3Aattribute%3A%3Anoaggr%3A%3Axsd%3Adouble=436115&_xt=AER&_xf=pdf""> AER </a>",2015-03-12 00:00:00,Veterinarian,United Kingdom,UNKNOWN,Dog,"Hound - Swiss - (Lucerne Hound (Luzerner Laufhund), Schwyz Hound (Schweizer Laufhund), Bernese Hound, Jura Hound)",Metacam 1.5 mg/ml - Oral suspension (dogs),"Elevated alanine aminotransferase (ALT), Elevated serum alkaline phosphatase (ALP)",1,1,
GB-DEBIAHP-2015UK00140,"<a target=""_blank""  href=""/xmlpserver/EVVET3 PW NEW/Subject Area Contents/Public Website/Report (PDF)/AER.xdo?_xpf=&_xpt=1&_params%2FOracle%20BI%20EE%3A%3ADefaultApp%3A%3AEVVET3%20PR%20NEW%2FAER%3A%3Adimension%2FAER%20Id%3A%3Aattribute%3A%3Anoaggr%3A%3Axsd%3Adouble=446010&_xt=AER&_xf=pdf""> AER </a>",2015-04-23 00:00:00,Veterinarian,United Kingdom,UNKNOWN,Dog,Dog (other),Metacam 1.5 mg/ml - Oral suspension (dogs),"Gastroenteritis, Vomiting",2,2,
GB-DEBIAHP-2015UK00141,"<a target=""_blank""  href=""/xmlpserver/EVVET3 PW NEW/Subject Area Contents/Public Website/Report (PDF)/AER.xdo?_xpf=&_xpt=1&_params%2FOracle%20BI%20EE%3A%3ADefaultApp%3A%3AEVVET3%20PR%20NEW%2FAER%3A%3Adimension%2FAER%20Id%3A%3Aattribute%3A%3Anoaggr%3A%3Axsd%3Adouble=445178&_xt=AER&_xf=pdf""> AER </a>",2015-04-22 00:00:00,Veterinarian,United Kingdom,MALE,Dog,Shih Tzu,"Metacam 1.5 mg/ml - Oral suspension (dogs), Metacam 5 mg/ml - Solution for injection (cats, dogs), Metacam 5 mg/ml - Solution for injection (cattle, pigs), Metacam 5 mg/ml - Solution for injection (dogs)",Vomiting,1,1,
GB-DEBIAHP-2015UK00145,"<a target=""_blank""  href=""/xmlpserver/EVVET3 PW NEW/Subject Area Contents/Public Website/Report (PDF)/AER.xdo?_xpf=&_xpt=1&_params%2FOracle%20BI%20EE%3A%3ADefaultApp%3A%3AEVVET3%20PR%20NEW%2FAER%3A%3Adimension%2FAER%20Id%3A%3Aattribute%3A%3Anoaggr%3A%3Axsd%3Adouble=437996&_xt=AER&_xf=pdf""> AER </a>",2015-03-25 00:00:00,Other health care professional,United Kingdom,FEMALE,Dog,Boxer (German Boxer),"Metacam 1.5 mg/ml - Oral suspension (dogs), Metacam 2.5 mg - Chewable tablet (dogs), Metacam 5 mg/ml - Solution for injection (cats, dogs), Metacam 5 mg/ml - Solution for injection (cattle, pigs), Metacam 5 mg/ml - Solution for injection (dogs)","Behavioural disorder NOS, Lateral recumbency",1,1,
GB-DEBIAHP-2015UK00153,"<a target=""_blank""  href=""/xmlpserver/EVVET3 PW NEW/Subject Area Contents/Public Website/Report (PDF)/AER.xdo?_xpf=&_xpt=1&_params%2FOracle%20BI%20EE%3A%3ADefaultApp%3A%3AEVVET3%20PR%20NEW%2FAER%3A%3Adimension%2FAER%20Id%3A%3Aattribute%3A%3Anoaggr%3A%3Axsd%3Adouble=443205&_xt=AER&_xf=pdf""> AER </a>",2015-04-14 00:00:00,Other health care professional,United Kingdom,MALE,Dog,Spitz - German Pomeranian,"Metacam 5 mg/ml - Solution for injection (cats, dogs), Metacam 5 mg/ml - Solution for injection (cattle, pigs), Metacam 5 mg/ml - Solution for injection (dogs)","Abscess NOS, Anaemia NOS, Azotaemia, Collapse NOS (see also Cardio-vascular and Neurological disorders), Congested mucous membrane, Death, Diarrhoea, Hyperphosphataemia, Hypothermia, Lethargy (see also Central nervous system depression in Neurological), Melaena, Mucosa petechiae, Oral ulceration, Other blood disorder NOS, Pale mucous membrane, Pancreatitis NOS, Renal disorder NOS, Vomiting, Weight loss",1,1,1
GB-DEBIAHP-2015UK00166,"<a target=""_blank""  href=""/xmlpserver/EVVET3 PW NEW/Subject Area Contents/Public Website/Report (PDF)/AER.xdo?_xpf=&_xpt=1&_params%2FOracle%20BI%20EE%3A%3ADefaultApp%3A%3AEVVET3%20PR%20NEW%2FAER%3A%3Adimension%2FAER%20Id%3A%3Aattribute%3A%3Anoaggr%3A%3Axsd%3Adouble=446014&_xt=AER&_xf=pdf""> AER </a>",2015-04-23 00:00:00,Veterinarian,United Kingdom,UNKNOWN,Dog,Dog (other),Metacam 1.5 mg/ml - Oral suspension (dogs),"Elevated blood urea nitrogen (BUN), Elevated creatinine, Polydipsia",1,1,
GB-DEBIAHP-2015UK00169,"<a target=""_blank""  href=""/xmlpserver/EVVET3 PW NEW/Subject Area Contents/Public Website/Report (PDF)/AER.xdo?_xpf=&_xpt=1&_params%2FOracle%20BI%20EE%3A%3ADefaultApp%3A%3AEVVET3%20PR%20NEW%2FAER%3A%3Adimension%2FAER%20Id%3A%3Aattribute%3A%3Anoaggr%3A%3Axsd%3Adouble=446972&_xt=AER&_xf=pdf""> AER </a>",2015-04-24 00:00:00,Veterinarian,United Kingdom,FEMALE,Dog,Schnauzer - Giant,Metacam 1.5 mg/ml - Oral suspension (dogs),"Arrhythmia, Cardiomyopathy",1,1,
GB-DEBIAHP-2015UK00170,"<a target=""_blank""  href=""/xmlpserver/EVVET3 PW NEW/Subject Area Contents/Public Website/Report (PDF)/AER.xdo?_xpf=&_xpt=1&_params%2FOracle%20BI%20EE%3A%3ADefaultApp%3A%3AEVVET3%20PR%20NEW%2FAER%3A%3Adimension%2FAER%20Id%3A%3Aattribute%3A%3Anoaggr%3A%3Axsd%3Adouble=446390&_xt=AER&_xf=pdf""> AER </a>",2015-04-24 00:00:00,Veterinarian,United Kingdom,FEMALE,Dog,Retriever - Labrador,Metacam 1.5 mg/ml - Oral suspension (dogs),Diarrhoea,1,1,
GB-DEBIAHP-2015UK00194,"<a target=""_blank""  href=""/xmlpserver/EVVET3 PW NEW/Subject Area Contents/Public Website/Report (PDF)/AER.xdo?_xpf=&_xpt=1&_params%2FOracle%20BI%20EE%3A%3ADefaultApp%3A%3AEVVET3%20PR%20NEW%2FAER%3A%3Adimension%2FAER%20Id%3A%3Aattribute%3A%3Anoaggr%3A%3Axsd%3Adouble=447173&_xt=AER&_xf=pdf""> AER </a>",2015-04-24 00:00:00,Veterinarian,United Kingdom,MALE,Dog,Dog (other),"ANTISEDAN, ANTISEDAN 5 mg/ml SOLUCIÓN INYECTABLE PARA PERROS Y GATOS, ANTISEDAN 5 mg/ml raztopina za injiciranje za pse in mačke, ANTISEDAN 5MG/ML ΕΝΕΣΙΜΟ ΔΙΑΛΥΜΑ, ANTISEDAN SOLUTION INJECTABLE POUR CHIENS ET CHATS, ANTISEDAN, 5 mg/mL, otopina za injekciju, za pse i mačke, Antisedan 5 mg/ 1 ml, roztwór do wstrzykiwań dla psów i kotów, Antisedan 5 mg/ml  Injektionslösung für Hunde und Katzen, Antisedan 5 mg/ml - Injektionslösung für Hunde und Katzen, Antisedan 5 mg/ml Oplossing voor injectie, Antisedan 5 mg/ml Solution injectable, Antisedan 5 mg/ml injekčný roztok pre psy a mačky, Antisedan 5 mg/ml oldatos injekció kutya és macska részére.A.U.V., Antisedan 5 mg/ml solution for injection, Antisedan 5 mg/ml solução injetável para cães e gatos, Antisedan Vet 5 mg/ml injekcinis tirpalas, Antisedan Vet 5 mg/ml šķīdums injekcijām, Antisedan Vet, 5 mg/ml süstelahus, Antisedan Vet. 5 mg/ml injektionsvæske, opløsning, Antisedan vet 5 mg/ml injektioneste, liuos, Antisedan vet. 5 mg/ml Injektionsvätska, lösning, Antisedan vet. 5 mg/ml Stungulyf, lausn Handa hundum og köttum., Antisedan vet. 5 mg/ml injeksjonsvæske, oppløsning, til hund og katt, Antisedan vet., 5 mg/ml, Injektionsvätska, lösning, Antisedan, 5 mg/ml oplossing voor injectie voor honden en katten, Antisedan, 5mg/ml, Injekční roztok, DOMITOR 1 mg/ml raztopina za injiciranje za pse in mačke, DOMITOR 1 mg/ml ενέσιμο διάλυμα για σκύλους και γάτες, DOMITOR 1 mg/ml, soluție injectabilă pentru câini și pisici, DOMITOR, 1 mg/mL, otopina za injekciju za pse i mačke, DOMITOR, 1mg/ml, Injekční roztok, DOMITOR, SOLUTION INJECTABLE, Domitor, Domitor 1 mg/1 ml, roztwór do wstrzykiwań dla psów i kotów, Domitor 1 mg/ml - Injektionslösung für Hunde und Katzen, Domitor 1 mg/ml Oplossing voor injectie, Domitor 1 mg/ml Solution injectable, Domitor 1 mg/ml injekčný roztok, Domitor 1 mg/ml oldatos injekció kutyáknak és macskáknak A.U.V., Domitor 1 mg/ml solution for injection, Domitor 1 mg/ml soluzione iniettabile per cani e gatti, Domitor Vet 1 mg/ml injekcinis tirpalas, Domitor Vet 1 mg/ml šķīdums injekcijām, Domitor Vet, 1 mg/ml süstelahus, Domitor Vet. 1 mg/ml injektionsvæske, opløsning, Domitor vet 1 mg/ml injektioneste, liuos, Domitor vet. 1 mg/ml Injektionsvätska, lösning, Domitor vet. 1 mg/ml injeksjonsvæske, oppløsning til hund og katt, Metacam 1.5 mg/ml - Oral suspension (dogs), Metacam 5 mg/ml - Solution for injection (cats, dogs), Metacam 5 mg/ml - Solution for injection (cattle, pigs), Metacam 5 mg/ml - Solution for injection (dogs), VETERGESIC MULTIDOSE, 0.3MG/ML, SOLUTION FOR INJECTION FOR DOGS AND CATS, АНТИСЕДАН ВЕТ 5 mg/ml инжекционен разтвор, Домитор Вет 1 mg/ml инжекционен разтвор за кучета и котки","Diarrhoea, Haemorrhagic diarrhoea, Vomiting",1,1,
GB-DEBIAHP-2015UK00199,"<a target=""_blank""  href=""/xmlpserver/EVVET3 PW NEW/Subject Area Contents/Public Website/Report (PDF)/AER.xdo?_xpf=&_xpt=1&_params%2FOracle%20BI%20EE%3A%3ADefaultApp%3A%3AEVVET3%20PR%20NEW%2FAER%3A%3Adimension%2FAER%20Id%3A%3Aattribute%3A%3Anoaggr%3A%3Axsd%3Adouble=446977&_xt=AER&_xf=pdf""> AER </a>",2015-04-24 00:00:00,Veterinarian,United Kingdom,MALE,Dog,Retriever - Labrador,Metacam 1.5 mg/ml - Oral suspension (dogs),"Otitis externa, Pruritus, Pyoderma, Scaly condition NOS, Skin irritation",1,1,
GB-DEBIAHP-2015UK00200,"<a target=""_blank""  href=""/xmlpserver/EVVET3 PW NEW/Subject Area Contents/Public Website/Report (PDF)/AER.xdo?_xpf=&_xpt=1&_params%2FOracle%20BI%20EE%3A%3ADefaultApp%3A%3AEVVET3%20PR%20NEW%2FAER%3A%3Adimension%2FAER%20Id%3A%3Aattribute%3A%3Anoaggr%3A%3Axsd%3Adouble=439238&_xt=AER&_xf=pdf""> AER </a>",2015-03-31 00:00:00,Other health care professional,United Kingdom,MALE,Dog,Bichon Frise,"ALFAXAN 10 mg/ml solution for injection for dogs and cats, Metacam 1.5 mg/ml - Oral suspension (dogs), Metacam 5 mg/ml - Solution for injection (cats, dogs), Metacam 5 mg/ml - Solution for injection (cattle, pigs), Metacam 5 mg/ml - Solution for injection (dogs)","Anorexia, Circulatory shock, Dehydration, Diarrhoea, Haemorrhagic diarrhoea, Hyperglycaemia, Hypothermia, Lethargy (see also Central nervous system depression in Neurological), Other blood disorder NOS, Slow heart rate",1,1,
GB-DEBIAHP-2015UK00205,"<a target=""_blank""  href=""/xmlpserver/EVVET3 PW NEW/Subject Area Contents/Public Website/Report (PDF)/AER.xdo?_xpf=&_xpt=1&_params%2FOracle%20BI%20EE%3A%3ADefaultApp%3A%3AEVVET3%20PR%20NEW%2FAER%3A%3Adimension%2FAER%20Id%3A%3Aattribute%3A%3Anoaggr%3A%3Axsd%3Adouble=437979&_xt=AER&_xf=pdf""> AER </a>",2015-03-25 00:00:00,Veterinarian,United Kingdom,UNKNOWN,Dog,Retriever - Labrador,Metacam 1.5 mg/ml - Oral suspension (dogs),"Lipoma, Neoplasia NOS, Other coagulation investigation abnormality, Petechiae NOS, Prolonged activated partial thrombin time (APTT), Swelling NOS",1,1,
GB-DEBIAHP-2015UK00225,"<a target=""_blank""  href=""/xmlpserver/EVVET3 PW NEW/Subject Area Contents/Public Website/Report (PDF)/AER.xdo?_xpf=&_xpt=1&_params%2FOracle%20BI%20EE%3A%3ADefaultApp%3A%3AEVVET3%20PR%20NEW%2FAER%3A%3Adimension%2FAER%20Id%3A%3Aattribute%3A%3Anoaggr%3A%3Axsd%3Adouble=447174&_xt=AER&_xf=pdf""> AER </a>",2015-04-24 00:00:00,Veterinarian,United Kingdom,MALE,Dog,Retriever - Labrador,"Metacam 1.5 mg/ml - Oral suspension (dogs), RIMADYL 100 mg COMPRIMIDOS MASTICABLES PARA PERROS, RIMADYL 100 mg comprimate pentru câini, RIMADYL 100 mg, kramtomosios tabletės šunims, RIMADYL 100MG/TAB ΜΑΣΩΜΕΝΟ ΔΙΣΚΙΟ, RIMADYL 20 mg COMPRIMIDOS MASTICABLES PARA PERROS, RIMADYL 20 mg, kramtomosios tabletės šunims, RIMADYL 20MG/TAB ΜΑΣΩΜΕΝΟ ΔΙΣΚΙΟ, RIMADYL 50 mg COMPRIMIDOS MASTICABLES PARA PERROS, RIMADYL 50 mg comprimate pentru câini, RIMADYL 50 mg, kramtomosios tabletės šunims, RIMADYL 50MG/TAB ΜΑΣΩΜΕΝΟ ΔΙΣΚΙΟ, RIMADYL 50mg/ml ενέσιμο διάλυμα για σκύλους και γάτες, RIMADYL CATTLE 50 mg/ml, injekcinis tirpalas galvijams, RIMADYL Cattle 50 mg/ml Solution for Injection, RIMADYL INJECTABLE SOLUTION INJECTABLE POUR CHATS ET CHIENS, RIMADYL Injection 50mg/ml Διαυγές αποστειρωμένο ενέσιμο διάλυμα για σκύλους και γάτες, RIMADYL SMAKELIJKE TABLETTEN 100 mg voor honden, RIMADYL SMAKELIJKE TABLETTEN 50 mg voor honden, RIMADYL VET 50 mg/ml injektioneste, liuos, RIMADYL vet 100 mg purutabletti, RIMADYL vet 20 mg purutabletti, RIMADYL vet 50 mg purutabletti, Rimadyl 100 mg - Kautabletten für Hunde, Rimadyl 100 mg Comprimés Appétents 100 mg Tablet, Rimadyl 100 mg Kautablette für Hunde, Rimadyl 100 mg comprimidos mastigáveis para cães, Rimadyl 100 mg comprimés appétents, 100 mg, comprimés pour chiens, Rimadyl 100 mg okusne, žvečljive tablete za pse, Rimadyl 100 mg tabletes suņiem, Rimadyl 100 mg ízesített tabletta A.U.V., Rimadyl 20 mg - Kautabletten für Hunde, Rimadyl 20 mg Comprimés Appétents 20 mg Comprimé, Rimadyl 20 mg Comprimés Appétents 20 mg Tablet, Rimadyl 20 mg Kautablette für Hunde, Rimadyl 20 mg okusne, žvečljive tablete za pse, Rimadyl 20 mg ízesített tabletta A.U.V., Rimadyl 20 mg таблетки за кучета/Rimadyl 50 mg таблетки за кучета/Rimadyl 100 mg таблетки за кучета, Rimadyl 50 mg - Kautabletten für Hunde, Rimadyl 50 mg Comprimés Appétents 50 mg Tablet, Rimadyl 50 mg Kautablette für Hunde, Rimadyl 50 mg comprimidos mastigáveis para cães, Rimadyl 50 mg comprimés appétents, 50 mg, comprimés pour chiens, Rimadyl 50 mg košļājamās tabletes suņiem, Rimadyl 50 mg okusne, žvečljive tablete za pse, Rimadyl 50 mg ízesített tabletta A.U.V., Rimadyl 50 mg/ml - Injektionslösung für Hunde und Katzen, Rimadyl 50 mg/ml injekčný roztok, Rimadyl 50mg/ml Injektionslösung für Hunde und Katzen, Rimadyl Cattle, 50 mg/mL, otopina za injekciju, za goveda, Rimadyl Iniettabile 50 mg/ml, soluzione iniettabile per cane e gatto., Rimadyl Palatable 100 mg tablety pre psy, Rimadyl Palatable 20 mg tablety pre psy, Rimadyl Palatable 50 mg tablety pre psy, Rimadyl Palatable Tablets 100, Rimadyl Palatable Tablets 100 mg, Rimadyl Palatable Tablets 100 mg tabletes suņiem, Rimadyl Palatable Tablets 20 mg, Rimadyl Palatable Tablets 20 mg tabletes suņiem, Rimadyl Palatable Tablets 50, Rimadyl Palatable Tablets 50 mg, Rimadyl Palatable Tablets 50 mg tabletes suņiem, Rimadyl Palatable Tablets da 100 mg per cani, Rimadyl Palatable Tablets da 20 mg per cani, Rimadyl Palatable Tablets da 50 mg per cani, Rimadyl Palatable, 100mg, Žvýkací tableta, Rimadyl Palatable, 20mg, Žvýkací tableta, Rimadyl Palatable, 50mg, Žvýkací tableta, Rimadyl Solution for Injection for dogs and cats 50 mg/ml, Rimadyl Vet. 100 mg tyggetabletter, Rimadyl Vet. 20 mg tyggetabletter, Rimadyl Vet. 50 mg tyggetabletter, Rimadyl cattle 50 mg/ml oplossing voor injectie, Rimadyl injectievloeistof, 50 mg/ml voor honden en katten, Rimadyl smakelijke tabletten 100 mg voor honden, Rimadyl smakelijke tabletten 20 mg voor honden, Rimadyl smakelijke tabletten 50 mg voor honden, Rimadyl vet. 100 mg Tuggtablett, Rimadyl vet. 100 mg tyggetabletter, Rimadyl vet. 20 mg Tuggtablett, Rimadyl vet. 20 mg tyggetabletter, Rimadyl vet. 50 mg Tuggtablett, Rimadyl vet. 50 mg tyggetabletter, Rimadyl vet., 100 mg, Tuggtablett, Rimadyl Μασώμενο Δισκίο 100mg για σκύλους, Rimadyl Μασώμενο Δισκίο 20mg για σκύλους, Rimadyl Μασώμενο Δισκίο 50mg για σκύλους, Rimadyl, 100 mg närimistablett koertele, Rimadyl, 20 mg närimistablett koertele,","Diarrhoea, Elevated creatinine, Inappetence, Lethargy (see also Central nervous system depression in Neurological), Vomiting",1,1,
GB-DEBIAHP-2015UK00240,"<a target=""_blank""  href=""/xmlpserver/EVVET3 PW NEW/Subject Area Contents/Public Website/Report (PDF)/AER.xdo?_xpf=&_xpt=1&_params%2FOracle%20BI%20EE%3A%3ADefaultApp%3A%3AEVVET3%20PR%20NEW%2FAER%3A%3Adimension%2FAER%20Id%3A%3Aattribute%3A%3Anoaggr%3A%3Axsd%3Adouble=443548&_xt=AER&_xf=pdf""> AER </a>",2015-04-17 00:00:00,Other health care professional,United Kingdom,UNKNOWN,Dog,Unknown,"BETAMOX LA, 150 mg/ml sospensione iniettabile per bovini, suini, cani e gatti, Betamox LA 150 mg/ml Suspension for Injection, Metacam 5 mg/ml - Solution for injection (cats, dogs), Metacam 5 mg/ml - Solution for injection (cattle, pigs), Metacam 5 mg/ml - Solution for injection (dogs)","Cirrhosis (micronodular or macronodular) chronic active hepatitis, Death, Decreased body temperature, Elevated blood urea nitrogen (BUN), Hepatic failure, Hypoalbuminaemia, Renal tubulonephrosis, Vomiting",1,1,1
GB-DEBIAHP-2015UK00242,"<a target=""_blank""  href=""/xmlpserver/EVVET3 PW NEW/Subject Area Contents/Public Website/Report (PDF)/AER.xdo?_xpf=&_xpt=1&_params%2FOracle%20BI%20EE%3A%3ADefaultApp%3A%3AEVVET3%20PR%20NEW%2FAER%3A%3Adimension%2FAER%20Id%3A%3Aattribute%3A%3Anoaggr%3A%3Axsd%3Adouble=447879&_xt=AER&_xf=pdf""> AER </a>",2015-04-27 00:00:00,Veterinarian,United Kingdom,FEMALE,Dog,Siberian Husky,Metacam 1.5 mg/ml - Oral suspension (dogs),Vomiting,1,1,
GB-DEBIAHP-2015UK00247,"<a target=""_blank""  href=""/xmlpserver/EVVET3 PW NEW/Subject Area Contents/Public Website/Report (PDF)/AER.xdo?_xpf=&_xpt=1&_params%2FOracle%20BI%20EE%3A%3ADefaultApp%3A%3AEVVET3%20PR%20NEW%2FAER%3A%3Adimension%2FAER%20Id%3A%3Aattribute%3A%3Anoaggr%3A%3Axsd%3Adouble=454889&_xt=AER&_xf=pdf""> AER </a>",2015-05-13 00:00:00,Veterinarian,United Kingdom,FEMALE,Dog,Retriever - Labrador,Metacam 1.5 mg/ml - Oral suspension (dogs),"Cystitis, Haematuria, Proteinuria",1,1,
GB-DEBIAHP-2015UK00252,"<a target=""_blank""  href=""/xmlpserver/EVVET3 PW NEW/Subject Area Contents/Public Website/Report (PDF)/AER.xdo?_xpf=&_xpt=1&_params%2FOracle%20BI%20EE%3A%3ADefaultApp%3A%3AEVVET3%20PR%20NEW%2FAER%3A%3Adimension%2FAER%20Id%3A%3Aattribute%3A%3Anoaggr%3A%3Axsd%3Adouble=448180&_xt=AER&_xf=pdf""> AER </a>",2015-04-28 00:00:00,Other health care professional,United Kingdom,MALE,Dog,Crossbred Canine/dog,Metacam 1.5 mg/ml - Oral suspension (dogs),Seizure NOS,1,1,
GB-DEBIAHP-2015UK00253,"<a target=""_blank""  href=""/xmlpserver/EVVET3 PW NEW/Subject Area Contents/Public Website/Report (PDF)/AER.xdo?_xpf=&_xpt=1&_params%2FOracle%20BI%20EE%3A%3ADefaultApp%3A%3AEVVET3%20PR%20NEW%2FAER%3A%3Adimension%2FAER%20Id%3A%3Aattribute%3A%3Anoaggr%3A%3Axsd%3Adouble=450634&_xt=AER&_xf=pdf""> AER </a>",2015-05-01 00:00:00,Other health care professional,United Kingdom,MALE,Dog,Beagle,"ACEPROMAZINE 10%/AGROSEED CANDILIDIS ενέσιμο διάλυμα 10 mg/ml για σκύλο και γάτα, Metacam 5 mg/ml - Solution for injection (cats, dogs), Metacam 5 mg/ml - Solution for injection (cattle, pigs), Metacam 5 mg/ml - Solution for injection (dogs), VETERGESIC MULTIDOSE, 0.3MG/ML, SOLUTION FOR INJECTION FOR DOGS AND CATS","Disorder of red blood cell NOS, Electrolyte disorder, Hyperglycaemia, Hypoproteinaemia, Lethargy (see also Central nervous system depression in Neurological), Pale mucous membrane, Panting, Prolonged capillary refill time, Pyrexia, Slow heart rate",1,1,
GB-DEBIAHP-2015UK00257,"<a target=""_blank""  href=""/xmlpserver/EVVET3 PW NEW/Subject Area Contents/Public Website/Report (PDF)/AER.xdo?_xpf=&_xpt=1&_params%2FOracle%20BI%20EE%3A%3ADefaultApp%3A%3AEVVET3%20PR%20NEW%2FAER%3A%3Adimension%2FAER%20Id%3A%3Aattribute%3A%3Anoaggr%3A%3Axsd%3Adouble=450797&_xt=AER&_xf=pdf""> AER </a>",2015-05-01 00:00:00,Other health care professional,United Kingdom,FEMALE,Dog,Terrier - Jack Russell,"Metacam 1.5 mg/ml - Oral suspension (dogs), Metacam 5 mg/ml - Solution for injection (cats, dogs), Metacam 5 mg/ml - Solution for injection (cattle, pigs), Metacam 5 mg/ml - Solution for injection (dogs)","Abnormal menace reflex test, Ataxia, Diarrhoea, Dilated pupils, Impaired proprioception, Weakness",1,1,
GB-DEBIAHP-2015UK00258,"<a target=""_blank""  href=""/xmlpserver/EVVET3 PW NEW/Subject Area Contents/Public Website/Report (PDF)/AER.xdo?_xpf=&_xpt=1&_params%2FOracle%20BI%20EE%3A%3ADefaultApp%3A%3AEVVET3%20PR%20NEW%2FAER%3A%3Adimension%2FAER%20Id%3A%3Aattribute%3A%3Anoaggr%3A%3Axsd%3Adouble=447900&_xt=AER&_xf=pdf""> AER </a>",2015-04-27 00:00:00,Veterinarian,United Kingdom,MALE,Dog,Beagle,"Metacam 1 mg - Chewable tablet (dogs), Metacam 5 mg/ml - Solution for injection (cats, dogs), Metacam 5 mg/ml - Solution for injection (cattle, pigs), Metacam 5 mg/ml - Solution for injection (dogs)","Diarrhoea, Haemorrhagic diarrhoea",1,1,
GB-DEBIAHP-2015UK00259,"<a target=""_blank""  href=""/xmlpserver/EVVET3 PW NEW/Subject Area Contents/Public Website/Report (PDF)/AER.xdo?_xpf=&_xpt=1&_params%2FOracle%20BI%20EE%3A%3ADefaultApp%3A%3AEVVET3%20PR%20NEW%2FAER%3A%3Adimension%2FAER%20Id%3A%3Aattribute%3A%3Anoaggr%3A%3Axsd%3Adouble=447901&_xt=AER&_xf=pdf""> AER </a>",2015-04-27 00:00:00,Veterinarian,United Kingdom,MALE,Dog,Retriever - Labrador,"Metacam 2.5 mg - Chewable tablet (dogs), Metacam 5 mg/ml - Solution for injection (cats, dogs), Metacam 5 mg/ml - Solution for injection (cattle, pigs), Metacam 5 mg/ml - Solution for injection (dogs)",Diarrhoea,1,1,
GB-DEBIAHP-2015UK00260,"<a target=""_blank""  href=""/xmlpserver/EVVET3 PW NEW/Subject Area Contents/Public Website/Report (PDF)/AER.xdo?_xpf=&_xpt=1&_params%2FOracle%20BI%20EE%3A%3ADefaultApp%3A%3AEVVET3%20PR%20NEW%2FAER%3A%3Adimension%2FAER%20Id%3A%3Aattribute%3A%3Anoaggr%3A%3Axsd%3Adouble=447898&_xt=AER&_xf=pdf""> AER </a>",2015-04-27 00:00:00,Veterinarian,United Kingdom,FEMALE,Dog,Saluki,"Metacam 1 mg - Chewable tablet (dogs), Metacam 5 mg/ml - Solution for injection (cats, dogs), Metacam 5 mg/ml - Solution for injection (cattle, pigs), Metacam 5 mg/ml - Solution for injection (dogs)","Diarrhoea, Vomiting",1,1,
GB-DEBIAHP-2015UK00261,"<a target=""_blank""  href=""/xmlpserver/EVVET3 PW NEW/Subject Area Contents/Public Website/Report (PDF)/AER.xdo?_xpf=&_xpt=1&_params%2FOracle%20BI%20EE%3A%3ADefaultApp%3A%3AEVVET3%20PR%20NEW%2FAER%3A%3Adimension%2FAER%20Id%3A%3Aattribute%3A%3Anoaggr%3A%3Axsd%3Adouble=447902&_xt=AER&_xf=pdf""> AER </a>",2015-04-27 00:00:00,Veterinarian,United Kingdom,FEMALE,Dog,Beagle,"Metacam 1 mg - Chewable tablet (dogs), Metacam 5 mg/ml - Solution for injection (cats, dogs), Metacam 5 mg/ml - Solution for injection (cattle, pigs), Metacam 5 mg/ml - Solution for injection (dogs)","Diarrhoea, Haemorrhagic diarrhoea",1,1,
GB-DEBIAHP-2015UK00262,"<a target=""_blank""  href=""/xmlpserver/EVVET3 PW NEW/Subject Area Contents/Public Website/Report (PDF)/AER.xdo?_xpf=&_xpt=1&_params%2FOracle%20BI%20EE%3A%3ADefaultApp%3A%3AEVVET3%20PR%20NEW%2FAER%3A%3Adimension%2FAER%20Id%3A%3Aattribute%3A%3Anoaggr%3A%3Axsd%3Adouble=447899&_xt=AER&_xf=pdf""> AER </a>",2015-04-27 00:00:00,Veterinarian,United Kingdom,MALE,Dog,Retriever - Labrador,"Metacam 1 mg - Chewable tablet (dogs), Metacam 5 mg/ml - Solution for injection (cats, dogs), Metacam 5 mg/ml - Solution for injection (cattle, pigs), Metacam 5 mg/ml - Solution for injection (dogs)","Haemorrhagic diarrhoea, Melaena, Vomiting",1,1,
GB-DEBIAHP-2015UK00276,"<a target=""_blank""  href=""/xmlpserver/EVVET3 PW NEW/Subject Area Contents/Public Website/Report (PDF)/AER.xdo?_xpf=&_xpt=1&_params%2FOracle%20BI%20EE%3A%3ADefaultApp%3A%3AEVVET3%20PR%20NEW%2FAER%3A%3Adimension%2FAER%20Id%3A%3Aattribute%3A%3Anoaggr%3A%3Axsd%3Adouble=451431&_xt=AER&_xf=pdf""> AER </a>",2015-05-06 00:00:00,Veterinarian,United Kingdom,MALE,Dog,Retriever - Labrador,Metacam 1.5 mg/ml - Oral suspension (dogs),"Decreased urine concentration, Elevated creatinine",1,1,
GB-DEBIAHP-2015UK00278,"<a target=""_blank""  href=""/xmlpserver/EVVET3 PW NEW/Subject Area Contents/Public Website/Report (PDF)/AER.xdo?_xpf=&_xpt=1&_params%2FOracle%20BI%20EE%3A%3ADefaultApp%3A%3AEVVET3%20PR%20NEW%2FAER%3A%3Adimension%2FAER%20Id%3A%3Aattribute%3A%3Anoaggr%3A%3Axsd%3Adouble=452877&_xt=AER&_xf=pdf""> AER </a>",2015-05-08 00:00:00,Other health care professional,United Kingdom,FEMALE,Dog,Crossbred Canine/dog,"ENACARD 8 - 15 KG, Metacam 1.5 mg/ml - Oral suspension (dogs)","Acute renal failure, Anorexia, Haematemesis, Hyperphosphataemia, Lethargy (see also Central nervous system depression in Neurological), Melaena, Vomiting",1,1,
GB-DEBIAHP-2015UK00279,"<a target=""_blank""  href=""/xmlpserver/EVVET3 PW NEW/Subject Area Contents/Public Website/Report (PDF)/AER.xdo?_xpf=&_xpt=1&_params%2FOracle%20BI%20EE%3A%3ADefaultApp%3A%3AEVVET3%20PR%20NEW%2FAER%3A%3Adimension%2FAER%20Id%3A%3Aattribute%3A%3Anoaggr%3A%3Axsd%3Adouble=454690&_xt=AER&_xf=pdf""> AER </a>",2015-05-13 00:00:00,Other health care professional,United Kingdom,UNKNOWN,Dog,Mountain Dog - Bernese,Metacam 1.5 mg/ml - Oral suspension (dogs),"Chronic renal failure, Elevated blood urea nitrogen (BUN), Elevated creatinine, Hyperphosphataemia, Weight loss",1,1,
GB-DEBIAHP-2015UK00280,"<a target=""_blank""  href=""/xmlpserver/EVVET3 PW NEW/Subject Area Contents/Public Website/Report (PDF)/AER.xdo?_xpf=&_xpt=1&_params%2FOracle%20BI%20EE%3A%3ADefaultApp%3A%3AEVVET3%20PR%20NEW%2FAER%3A%3Adimension%2FAER%20Id%3A%3Aattribute%3A%3Anoaggr%3A%3Axsd%3Adouble=449996&_xt=AER&_xf=pdf""> AER </a>",2015-04-30 00:00:00,Veterinarian,United Kingdom,UNKNOWN,Dog,Whippet,Metacam 1.5 mg/ml - Oral suspension (dogs),"Decreased urine concentration, Elevated creatinine",1,1,
GB-DEBIAHP-2015UK00299,"<a target=""_blank""  href=""/xmlpserver/EVVET3 PW NEW/Subject Area Contents/Public Website/Report (PDF)/AER.xdo?_xpf=&_xpt=1&_params%2FOracle%20BI%20EE%3A%3ADefaultApp%3A%3AEVVET3%20PR%20NEW%2FAER%3A%3Adimension%2FAER%20Id%3A%3Aattribute%3A%3Anoaggr%3A%3Axsd%3Adouble=456741&_xt=AER&_xf=pdf""> AER </a>",2015-05-19 00:00:00,Veterinarian,United Kingdom,MALE,Dog,Terrier - Border,"Metacam 1.5 mg/ml - Oral suspension (dogs), Metacam 5 mg/ml - Solution for injection (cats, dogs), Metacam 5 mg/ml - Solution for injection (cattle, pigs), Metacam 5 mg/ml - Solution for injection (dogs), SYNULOX (200+50)MG/TAB ΔΙΣΚΙΟ, SYNULOX (40+10)MG/TAB ΔΙΣΚΙΟ, SYNULOX 140 mg/ml + 35 mg/ml suspensión inyectable, SYNULOX 200 mg/50 mg tablety pre psy a mačky, SYNULOX 200/50 mg COMPRIMIDOS APETITOSOS PARA PERROS, SYNULOX 250 COMPRIMES POUR CHIENS, SYNULOX 250 mg, SYNULOX 250 mg kramtomosios tabletės šunims ir katėms, SYNULOX 250 mg tablete za pse in mačke, SYNULOX 250mg, δισκία για σκύλους και γάτες, SYNULOX 40 mg/10 mg tablety pre psy a mačky, SYNULOX 40 mg/ml + 10 mg/ml POLVO PARA GOTAS ORALES EN SUSPENSION, SYNULOX 40/10 MG COMPRIMIDOS APETITOSOS PARA PERROS Y GATOS, SYNULOX 400 mg/100 mg tablety pre psy, SYNULOX 400/100 mg COMPRIMIDOS APETITOSOS PARA PERROS, SYNULOX 50 COMPRIMES POUR CHIENS ET CHATS, SYNULOX 50 mg, SYNULOX 50 mg kramtomosios tabletės šunims ir katėms, SYNULOX 50 mg tablete za pse in mačke, SYNULOX 500 COMPRIMES POUR CHIENS, SYNULOX 500 mg kramtomosios tabletės šunims, SYNULOX 500 mg tablete za pse, SYNULOX 500 mg, kramtomosios tabletės šunims, SYNULOX 500MG/TAB ΔΙΣΚΙΟ, SYNULOX 50mg, δισκία για σκύλους και γάτες, SYNULOX OGIVETTES POUR VEAUX, SYNULOX SUSPENSION INJECTABLE POUR BOVINS, SYNULOX VET 140 mg/ml injektioneste, suspensio koiralle, kissalle ja sialle, SYNULOX suspensão injetável para suínos, bovinos, cães e gatos, SYNULOX vet 200 mg/50 mg tabletti, koiralle ja kissalle, SYNULOX vet 40 mg/10 mg tabletti, koiralle ja kissalle, SYNULOX vet 400 mg/100 mg tabletti, koiralle, SYNULOX, 400/100mg, Tableta, Synulox 250 mg Comprimés Appétents, Synulox 250 mg Smakelijke tabletten, Synulox 250 mg tabletes suņiem un kaķiem, Synulox 250 mg, tabletid koertele ja kassidele, Synulox 250 mg, таблетки за кучета и котки, Synulox 250mg (200 mg/50 mg)  Tabletten für Hunde, Synulox 50 mg Comprimés Appétents, Synulox 50 mg Smakelijke Tabletten, Synulox 50 mg tabletes suņiem un kaķiem, Synulox 50 mg, tabletid koertele ja kassidele, Synulox 50 mg, таблетки за кучета и котки, Synulox 500 mg Bolus 400 mg - 100 mg Omhulde tablet, Synulox 500 mg Comprimés Appétents, Synulox 500 mg Smakelijke Tabletten, Synulox 500 mg tabletes suņiem, Synulox 500 mg, tabletid koertele, Synulox 500mg (400 mg/100 mg) Tabletten für Hunde, Synulox 50mg (40 mg/10 mg) Tabletten für Hunde und Katzen, Synulox Bolus 500 mg, 400 mg + 100 mg comprimés enrobés pour veaux, Synulox Lactating Cow Intramammary suspension., Synulox Tabletki 250 mg, Synulox Tabletki 250 mg (200+50) mg/tablete; tabletes suņiem, Synulox Tabletki 50 mg, Synulox Tabletki 50 mg (40+10) mg/ tablete; tabletes suņiem un kaķiem, Synulox Tabletki 500 mg, Synulox Vet. til hund og kat 200 + 50 mg tabletter, Synulox Vet. til hund og kat 40 + 10 mg tabletter, Synulox Vet. til hund tabletter 400 + 100 mg, Synulox Vet. til kalve 400 + 100 mg tabletter, Synulox comprimidos palatáveis 250 mg para cães e gatos, Synulox comprimidos palatáveis 50 mg para cães e gatos, Synulox comprimidos palatáveis 500 mg para cães, Synulox vet 40 mg/ml jauhe oraalisuspensiota varten koiralle ja kissalle, Synulox vet. 200 mg tabletter for hund og katt, Synulox vet. 200 mg/50 mg Tablett, Synulox vet. 40 mg tabletter for hund og katt, Synulox vet. 40 mg/10 mg Tablett, Synulox vet. 400 mg tabletter for hund, Synulox vet. 400 mg/100 mg Tablett, Synulox, 200/50mg, Tableta, Synulox, 40/10mg, Tableta, Synulox-Kalb 400 mg/100 mg Filmtabletten für Rinder (Kälber)","Anorexia, Off colour, Vomiting",1,1,
GB-DEBIAHP-2015UK00300,"<a target=""_blank""  href=""/xmlpserver/EVVET3 PW NEW/Subject Area Contents/Public Website/Report (PDF)/AER.xdo?_xpf=&_xpt=1&_params%2FOracle%20BI%20EE%3A%3ADefaultApp%3A%3AEVVET3%20PR%20NEW%2FAER%3A%3Adimension%2FAER%20Id%3A%3Aattribute%3A%3Anoaggr%3A%3Axsd%3Adouble=463403&_xt=AER&_xf=pdf""> AER </a>",2015-06-02 00:00:00,Veterinarian,United Kingdom,MALE,Dog,Spaniel - Cocker American,Metacam 1.5 mg/ml - Oral suspension (dogs),"Drooling, Oral ulceration",1,1,
GB-DEBIAHP-2015UK00302,"<a target=""_blank""  href=""/xmlpserver/EVVET3 PW NEW/Subject Area Contents/Public Website/Report (PDF)/AER.xdo?_xpf=&_xpt=1&_params%2FOracle%20BI%20EE%3A%3ADefaultApp%3A%3AEVVET3%20PR%20NEW%2FAER%3A%3Adimension%2FAER%20Id%3A%3Aattribute%3A%3Anoaggr%3A%3Axsd%3Adouble=457211&_xt=AER&_xf=pdf""> AER </a>",2015-05-19 00:00:00,Animal owner,United Kingdom,MALE,Dog,Terrier - Bull - Staffordshire,Metacam 1.5 mg/ml - Oral suspension (dogs),"Agitation, Behavioural disorder NOS",1,1,
GB-DEBIAHP-2015UK00304,"<a target=""_blank""  href=""/xmlpserver/EVVET3 PW NEW/Subject Area Contents/Public Website/Report (PDF)/AER.xdo?_xpf=&_xpt=1&_params%2FOracle%20BI%20EE%3A%3ADefaultApp%3A%3AEVVET3%20PR%20NEW%2FAER%3A%3Adimension%2FAER%20Id%3A%3Aattribute%3A%3Anoaggr%3A%3Axsd%3Adouble=456743&_xt=AER&_xf=pdf""> AER </a>",2015-05-19 00:00:00,Veterinarian,United Kingdom,MALE,Dog,Shepherd Dog - German,"Metacam 1.5 mg/ml - Oral suspension (dogs), Metacam 5 mg/ml - Solution for injection (cats, dogs), Metacam 5 mg/ml - Solution for injection (cattle, pigs), Metacam 5 mg/ml - Solution for injection (dogs), Nisamox 250 mg Tablets for Dogs, Nisamox 50 mg Tablets for Dogs and Cats, Nisamox Palatable Tablets 500mg, SYNULOX (200+50)MG/TAB ΔΙΣΚΙΟ, SYNULOX (40+10)MG/TAB ΔΙΣΚΙΟ, SYNULOX 140 mg/ml + 35 mg/ml suspensión inyectable, SYNULOX 200 mg/50 mg tablety pre psy a mačky, SYNULOX 200/50 mg COMPRIMIDOS APETITOSOS PARA PERROS, SYNULOX 250 COMPRIMES POUR CHIENS, SYNULOX 250 mg, SYNULOX 250 mg kramtomosios tabletės šunims ir katėms, SYNULOX 250 mg tablete za pse in mačke, SYNULOX 250mg, δισκία για σκύλους και γάτες, SYNULOX 40 mg/10 mg tablety pre psy a mačky, SYNULOX 40 mg/ml + 10 mg/ml POLVO PARA GOTAS ORALES EN SUSPENSION, SYNULOX 40/10 MG COMPRIMIDOS APETITOSOS PARA PERROS Y GATOS, SYNULOX 400 mg/100 mg tablety pre psy, SYNULOX 400/100 mg COMPRIMIDOS APETITOSOS PARA PERROS, SYNULOX 50 COMPRIMES POUR CHIENS ET CHATS, SYNULOX 50 mg, SYNULOX 50 mg kramtomosios tabletės šunims ir katėms, SYNULOX 50 mg tablete za pse in mačke, SYNULOX 500 COMPRIMES POUR CHIENS, SYNULOX 500 mg kramtomosios tabletės šunims, SYNULOX 500 mg tablete za pse, SYNULOX 500 mg, kramtomosios tabletės šunims, SYNULOX 500MG/TAB ΔΙΣΚΙΟ, SYNULOX 50mg, δισκία για σκύλους και γάτες, SYNULOX OGIVETTES POUR VEAUX, SYNULOX SUSPENSION INJECTABLE POUR BOVINS, SYNULOX VET 140 mg/ml injektioneste, suspensio koiralle, kissalle ja sialle, SYNULOX suspensão injetável para suínos, bovinos, cães e gatos, SYNULOX vet 200 mg/50 mg tabletti, koiralle ja kissalle, SYNULOX vet 40 mg/10 mg tabletti, koiralle ja kissalle, SYNULOX vet 400 mg/100 mg tabletti, koiralle, SYNULOX, 400/100mg, Tableta, Synulox 250 mg Comprimés Appétents, Synulox 250 mg Smakelijke tabletten, Synulox 250 mg tabletes suņiem un kaķiem, Synulox 250 mg, tabletid koertele ja kassidele, Synulox 250 mg, таблетки за кучета и котки, Synulox 250mg (200 mg/50 mg)  Tabletten für Hunde, Synulox 50 mg Comprimés Appétents, Synulox 50 mg Smakelijke Tabletten, Synulox 50 mg tabletes suņiem un kaķiem, Synulox 50 mg, tabletid koertele ja kassidele, Synulox 50 mg, таблетки за кучета и котки, Synulox 500 mg Bolus 400 mg - 100 mg Omhulde tablet, Synulox 500 mg Comprimés Appétents, Synulox 500 mg Smakelijke Tabletten, Synulox 500 mg tabletes suņiem, Synulox 500 mg, tabletid koertele, Synulox 500mg (400 mg/100 mg) Tabletten für Hunde, Synulox 50mg (40 mg/10 mg) Tabletten für Hunde und Katzen, Synulox Bolus 500 mg, 400 mg + 100 mg comprimés enrobés pour veaux, Synulox Lactating Cow Intramammary suspension., Synulox Tabletki 250 mg, Synulox Tabletki 250 mg (200+50) mg/tablete; tabletes suņiem, Synulox Tabletki 50 mg, Synulox Tabletki 50 mg (40+10) mg/ tablete; tabletes suņiem un kaķiem, Synulox Tabletki 500 mg, Synulox Vet. til hund og kat 200 + 50 mg tabletter, Synulox Vet. til hund og kat 40 + 10 mg tabletter, Synulox Vet. til hund tabletter 400 + 100 mg, Synulox Vet. til kalve 400 + 100 mg tabletter, Synulox comprimidos palatáveis 250 mg para cães e gatos, Synulox comprimidos palatáveis 50 mg para cães e gatos, Synulox comprimidos palatáveis 500 mg para cães, Synulox vet 40 mg/ml jauhe oraalisuspensiota varten koiralle ja kissalle, Synulox vet. 200 mg tabletter for hund og katt, Synulox vet. 200 mg/50 mg Tablett, Synulox vet. 40 mg tabletter for hund og katt, Synulox vet. 40 mg/10 mg Tablett, Synulox vet. 400 mg tabletter for hund, Synulox vet. 400 mg/100 mg Tablett, Synulox, 200/50mg, Tableta, Synulox, 40/10mg, Tableta, Synulox-Kalb 400 mg/100 mg Filmtabletten für Rinder (Kälber)","Agitation, Hypersensitivity NOS, Vocalisation",1,1,
GB-DEBIAHP-2015UK00309,"<a target=""_blank""  href=""/xmlpserver/EVVET3 PW NEW/Subject Area Contents/Public Website/Report (PDF)/AER.xdo?_xpf=&_xpt=1&_params%2FOracle%20BI%20EE%3A%3ADefaultApp%3A%3AEVVET3%20PR%20NEW%2FAER%3A%3Adimension%2FAER%20Id%3A%3Aattribute%3A%3Anoaggr%3A%3Axsd%3Adouble=496343&_xt=AER&_xf=pdf""> AER </a>",2015-08-05 00:00:00,Other health care professional,United Kingdom,MALE,Dog,Retriever - Golden,"Metacam 1.5 mg/ml - Oral suspension (dogs), Metacam 5 mg/ml - Solution for injection (cats, dogs), Metacam 5 mg/ml - Solution for injection (cattle, pigs), Metacam 5 mg/ml - Solution for injection (dogs)","Abdominal cavity disorder NOS, Acute renal failure, Azotaemia, Blood in urine, Bloody diarrhoea, Collapse NOS (see also Cardio-vascular and Neurological disorders), Death by euthanasia, Decreased body temperature, Diarrhoea, Drooling, Elevated total bilirubin, Fluid in abdomen NOS, Jaundice, Lethargy (see also Central nervous system depression in Neurological), Non-regenerative anaemia, Not drinking, Not eating, Oliguria, Other coagulation investigation abnormality, Pale mucous membrane, Proteinuria, Vomiting",1,1,1
GB-DEBIAHP-2015UK00312,"<a target=""_blank""  href=""/xmlpserver/EVVET3 PW NEW/Subject Area Contents/Public Website/Report (PDF)/AER.xdo?_xpf=&_xpt=1&_params%2FOracle%20BI%20EE%3A%3ADefaultApp%3A%3AEVVET3%20PR%20NEW%2FAER%3A%3Adimension%2FAER%20Id%3A%3Aattribute%3A%3Anoaggr%3A%3Axsd%3Adouble=456736&_xt=AER&_xf=pdf""> AER </a>",2015-05-19 00:00:00,Veterinarian,United Kingdom,FEMALE,Dog,Terrier - Jack Russell,"Metacam 1 mg - Chewable tablet (dogs), Metacam 5 mg/ml - Solution for injection (cats, dogs), Metacam 5 mg/ml - Solution for injection (cattle, pigs), Metacam 5 mg/ml - Solution for injection (dogs)","Diarrhoea, Vomiting",1,1,
GB-DEBIAHP-2015UK00313,"<a target=""_blank""  href=""/xmlpserver/EVVET3 PW NEW/Subject Area Contents/Public Website/Report (PDF)/AER.xdo?_xpf=&_xpt=1&_params%2FOracle%20BI%20EE%3A%3ADefaultApp%3A%3AEVVET3%20PR%20NEW%2FAER%3A%3Adimension%2FAER%20Id%3A%3Aattribute%3A%3Anoaggr%3A%3Axsd%3Adouble=456651&_xt=AER&_xf=pdf""> AER </a>",2015-05-19 00:00:00,Veterinarian,United Kingdom,MALE,Dog,Dachshund - Miniature,"Metacam 1 mg - Chewable tablet (dogs), Metacam 5 mg/ml - Solution for injection (cats, dogs), Metacam 5 mg/ml - Solution for injection (cattle, pigs), Metacam 5 mg/ml - Solution for injection (dogs)","Haematemesis, Haemorrhagic diarrhoea",1,1,
GB-DEBIAHP-2015UK00314,"<a target=""_blank""  href=""/xmlpserver/EVVET3 PW NEW/Subject Area Contents/Public Website/Report (PDF)/AER.xdo?_xpf=&_xpt=1&_params%2FOracle%20BI%20EE%3A%3ADefaultApp%3A%3AEVVET3%20PR%20NEW%2FAER%3A%3Adimension%2FAER%20Id%3A%3Aattribute%3A%3Anoaggr%3A%3Axsd%3Adouble=457210&_xt=AER&_xf=pdf""> AER </a>",2015-05-19 00:00:00,Veterinarian,United Kingdom,FEMALE,Dog,Terrier - Bull - Staffordshire,"Metacam 2.5 mg - Chewable tablet (dogs), Metacam 5 mg/ml - Solution for injection (cats, dogs), Metacam 5 mg/ml - Solution for injection (cattle, pigs), Metacam 5 mg/ml - Solution for injection (dogs)","Diarrhoea, Vomiting",1,1,
GB-DEBIAHP-2015UK00315,"<a target=""_blank""  href=""/xmlpserver/EVVET3 PW NEW/Subject Area Contents/Public Website/Report (PDF)/AER.xdo?_xpf=&_xpt=1&_params%2FOracle%20BI%20EE%3A%3ADefaultApp%3A%3AEVVET3%20PR%20NEW%2FAER%3A%3Adimension%2FAER%20Id%3A%3Aattribute%3A%3Anoaggr%3A%3Axsd%3Adouble=472454&_xt=AER&_xf=pdf""> AER </a>",2015-06-22 00:00:00,Veterinarian,United Kingdom,MALE,Dog,Spaniel - King Charles Cavalier,"Metacam 1 mg - Chewable tablet (dogs), Metacam 5 mg/ml - Solution for injection (cats, dogs), Metacam 5 mg/ml - Solution for injection (cattle, pigs), Metacam 5 mg/ml - Solution for injection (dogs)","Diarrhoea, Vomiting",1,1,
GB-DEBIAHP-2015UK00316,"<a target=""_blank""  href=""/xmlpserver/EVVET3 PW NEW/Subject Area Contents/Public Website/Report (PDF)/AER.xdo?_xpf=&_xpt=1&_params%2FOracle%20BI%20EE%3A%3ADefaultApp%3A%3AEVVET3%20PR%20NEW%2FAER%3A%3Adimension%2FAER%20Id%3A%3Aattribute%3A%3Anoaggr%3A%3Axsd%3Adouble=457209&_xt=AER&_xf=pdf""> AER </a>",2015-05-19 00:00:00,Veterinarian,United Kingdom,FEMALE,Dog,Retriever - Labrador,"Metacam 2.5 mg - Chewable tablet (dogs), Metacam 5 mg/ml - Solution for injection (cats, dogs), Metacam 5 mg/ml - Solution for injection (cattle, pigs), Metacam 5 mg/ml - Solution for injection (dogs)","Diarrhoea, Vomiting",1,1,
GB-DEBIAHP-2015UK00326,"<a target=""_blank""  href=""/xmlpserver/EVVET3 PW NEW/Subject Area Contents/Public Website/Report (PDF)/AER.xdo?_xpf=&_xpt=1&_params%2FOracle%20BI%20EE%3A%3ADefaultApp%3A%3AEVVET3%20PR%20NEW%2FAER%3A%3Adimension%2FAER%20Id%3A%3Aattribute%3A%3Anoaggr%3A%3Axsd%3Adouble=458693&_xt=AER&_xf=pdf""> AER </a>",2015-05-22 00:00:00,Other health care professional,United Kingdom,FEMALE,Dog,Spaniel - Springer Welsh,"Metacam 1.5 mg/ml - Oral suspension (dogs), Urilin 40 mg/ml syrup for dogs","Abdominal mass, Elevated alanine aminotransferase (ALT), Elevated serum alkaline phosphatase (ALP)",1,1,
GB-DEBIAHP-2015UK00328,"<a target=""_blank""  href=""/xmlpserver/EVVET3 PW NEW/Subject Area Contents/Public Website/Report (PDF)/AER.xdo?_xpf=&_xpt=1&_params%2FOracle%20BI%20EE%3A%3ADefaultApp%3A%3AEVVET3%20PR%20NEW%2FAER%3A%3Adimension%2FAER%20Id%3A%3Aattribute%3A%3Anoaggr%3A%3Axsd%3Adouble=457323&_xt=AER&_xf=pdf""> AER </a>",2015-05-20 00:00:00,Animal owner,United Kingdom,FEMALE,Dog,Shih Tzu,Metacam 1.5 mg/ml - Oral suspension (dogs),Excessive thirst,1,1,
GB-DEBIAHP-2015UK00334,"<a target=""_blank""  href=""/xmlpserver/EVVET3 PW NEW/Subject Area Contents/Public Website/Report (PDF)/AER.xdo?_xpf=&_xpt=1&_params%2FOracle%20BI%20EE%3A%3ADefaultApp%3A%3AEVVET3%20PR%20NEW%2FAER%3A%3Adimension%2FAER%20Id%3A%3Aattribute%3A%3Anoaggr%3A%3Axsd%3Adouble=456734&_xt=AER&_xf=pdf""> AER </a>",2015-05-19 00:00:00,Veterinarian,United Kingdom,MALE,Dog,Retriever - Labrador,Metacam 1.5 mg/ml - Oral suspension (dogs),"Oedema NOS (see other SOCs for specific oedemas), Swollen face (see also Skin)",1,1,
GB-DEBIAHP-2015UK00336,"<a target=""_blank""  href=""/xmlpserver/EVVET3 PW NEW/Subject Area Contents/Public Website/Report (PDF)/AER.xdo?_xpf=&_xpt=1&_params%2FOracle%20BI%20EE%3A%3ADefaultApp%3A%3AEVVET3%20PR%20NEW%2FAER%3A%3Adimension%2FAER%20Id%3A%3Aattribute%3A%3Anoaggr%3A%3Axsd%3Adouble=458075&_xt=AER&_xf=pdf""> AER </a>",2015-05-21 00:00:00,Other health care professional,United Kingdom,MALE,Dog,Shepherd Dog - German,"Metacam 1.5 mg/ml - Oral suspension (dogs), SYNULOX Palatable tablets 500mg","Decreased urine concentration, Elevated creatinine, Elevated renal parameters, Weight loss",1,1,
GB-DEBIAHP-2015UK00337,"<a target=""_blank""  href=""/xmlpserver/EVVET3 PW NEW/Subject Area Contents/Public Website/Report (PDF)/AER.xdo?_xpf=&_xpt=1&_params%2FOracle%20BI%20EE%3A%3ADefaultApp%3A%3AEVVET3%20PR%20NEW%2FAER%3A%3Adimension%2FAER%20Id%3A%3Aattribute%3A%3Anoaggr%3A%3Axsd%3Adouble=456735&_xt=AER&_xf=pdf""> AER </a>",2015-05-19 00:00:00,Veterinarian,United Kingdom,MALE,Dog,Spaniel - King Charles Cavalier,"Metacam 1 mg - Chewable tablet (dogs), Metacam 5 mg/ml - Solution for injection (cats, dogs), Metacam 5 mg/ml - Solution for injection (cattle, pigs), Metacam 5 mg/ml - Solution for injection (dogs)","Dehydration, Haemorrhagic diarrhoea, Lethargy (see also Central nervous system depression in Neurological), Leukocytosis NOS, Vomiting",1,1,
GB-DEBIAHP-2015UK00338,"<a target=""_blank""  href=""/xmlpserver/EVVET3 PW NEW/Subject Area Contents/Public Website/Report (PDF)/AER.xdo?_xpf=&_xpt=1&_params%2FOracle%20BI%20EE%3A%3ADefaultApp%3A%3AEVVET3%20PR%20NEW%2FAER%3A%3Adimension%2FAER%20Id%3A%3Aattribute%3A%3Anoaggr%3A%3Axsd%3Adouble=456733&_xt=AER&_xf=pdf""> AER </a>",2015-05-19 00:00:00,Veterinarian,United Kingdom,FEMALE,Dog,Retriever - Labrador,"Metacam 1.5 mg/ml - Oral suspension (dogs), Metacam 5 mg/ml - Solution for injection (cats, dogs), Metacam 5 mg/ml - Solution for injection (cattle, pigs), Metacam 5 mg/ml - Solution for injection (dogs), RILEXINE 200 MG/G ORAL PASTE, RILEXINE 200 mg/seringă suspensie intramamară pentru vaci, RILEXINE 200MG/G ΣΤΟΜΑΤΙΚΗ ΠΑΣΤΑ, RILEXINE 600 mg COMPRIMIDOS MASTICABLES, RILEXINE 600 mg tablety pre psy, RILEXINE 600 mg, tabletės šunims, RILEXINE 75 mg COMPRIMIDOS MASTICABLES, RILEXINE 75 mg tablety pre psy a mačky, RILEXINE 75 mg, tabletės katėms ir šunims, RILEXINE COMPRIMES 300 MG, RILEXINE COMPRIMES 600 MG, RILEXINE COMPRIMES 75 MG, RILEXINE POUDRE INJECTABLE 1 G, RILEXINE SUSPENSION INJECTABLE, RILEXINE TRAITEMENT SUSPENSION INTRAMAMMAIRE, RILEXINE vet. 300 mg tabletti, RILEXINE vet. 600 mg tabletti, RILEXINE vet. 75 mg tabletti, RILEXINE, 150 mg/ml, injekcinė suspensija galvijams, RILEXINE, 200mg, Intramamární suspenze, RILEXINE, 300mg, Tableta, RILEXINE, 600.0mg, Tableta, RILEXINE, 75mg, Tableta, Rilexine 150 mg/ml injekčná suspenzia, Rilexine 150 mg/ml suspensija injekcijām liellopiem, Rilexine 200 suspensija ievadīšanai tesmenī liellopiem, Rilexine 300, Rilexine 300mg, Rilexine 600, Rilexine 600 mg - Tabletten für Hunde, Rilexine 600 mg Tablets for dogs, Rilexine 600 mg comprimidos palatáveis para cães e gatos, Rilexine 600 mg smakelijke tabletten voor honden, Rilexine 600 mg tabletes suņiem, Rilexine 600 mg ízesített tabletta kutyáknak A.U.V., Rilexine 600 mg, tablete, za pse, Rilexine 600mg, Rilexine 75, Rilexine 75 mg - Tabletten für Hunde und Katzen, Rilexine 75 mg Tablets for dogs and cats, Rilexine 75 mg comprimidos palatáveis para cães e gatos, Rilexine 75 mg smakelijke tabletten voor honden en katten, Rilexine 75 mg tabletes suņiem un kaķiem, Rilexine 75 mg ízesített tabletta kutyáknak és macskáknak A.U.V., Rilexine 75 mg, Tabletten für Hunde und Katzen, Rilexine 75 mg, tablete, za pse i mačke, Rilexine Vet. 20 mg/ml intramammær suspension, Rilexine smaczne tabletki 300 mg Tabletka, Rilexine smaczne tabletki 600 mg Tabletka, Rilexine smaczne tabletki 75 mg Tabletka, Rilexine, 150 mg/ml, süstesuspensioon veistele, Rilexine, 300 mg tabletid koertele, Rilexine, 375mg, Intramamární suspenze, Rilexine, 600 mg tabletid koertele, Rilexine, 75 mg tabletid kassidele ja koertele, РИЛЕКСИН  15 % инж.","Anorexia, Diarrhoea, Duodenal ulcer, Elevated alanine aminotransferase (ALT), Increased borborygmus, Vomiting",1,1,
GB-DEBIAHP-2015UK00347,"<a target=""_blank""  href=""/xmlpserver/EVVET3 PW NEW/Subject Area Contents/Public Website/Report (PDF)/AER.xdo?_xpf=&_xpt=1&_params%2FOracle%20BI%20EE%3A%3ADefaultApp%3A%3AEVVET3%20PR%20NEW%2FAER%3A%3Adimension%2FAER%20Id%3A%3Aattribute%3A%3Anoaggr%3A%3Axsd%3Adouble=463532&_xt=AER&_xf=pdf""> AER </a>",2015-06-04 00:00:00,Animal owner,United Kingdom,MALE,Dog,Spaniel - Cocker American,Metacam 1.5 mg/ml - Oral suspension (dogs),"Anxiety, Vocalisation",1,1,
GB-DEBIAHP-2015UK00353,"<a target=""_blank""  href=""/xmlpserver/EVVET3 PW NEW/Subject Area Contents/Public Website/Report (PDF)/AER.xdo?_xpf=&_xpt=1&_params%2FOracle%20BI%20EE%3A%3ADefaultApp%3A%3AEVVET3%20PR%20NEW%2FAER%3A%3Adimension%2FAER%20Id%3A%3Aattribute%3A%3Anoaggr%3A%3Axsd%3Adouble=462682&_xt=AER&_xf=pdf""> AER </a>",2015-06-01 00:00:00,Other health care professional,United Kingdom,MALE,Dog,Spaniel - Springer English,"Metacam 1.5 mg/ml - Oral suspension (dogs), PROPALIN",Fit,1,1,
GB-DEBIAHP-2015UK00357,"<a target=""_blank""  href=""/xmlpserver/EVVET3 PW NEW/Subject Area Contents/Public Website/Report (PDF)/AER.xdo?_xpf=&_xpt=1&_params%2FOracle%20BI%20EE%3A%3ADefaultApp%3A%3AEVVET3%20PR%20NEW%2FAER%3A%3Adimension%2FAER%20Id%3A%3Aattribute%3A%3Anoaggr%3A%3Axsd%3Adouble=462633&_xt=AER&_xf=pdf""> AER </a>",2015-06-01 00:00:00,Veterinarian,United Kingdom,FEMALE,Dog,Terrier - Bull - Staffordshire,"Incurin 1 mg - Tablet, Metacam 1.5 mg/ml - Oral suspension (dogs)","Distension of abdomen, Elevated liver enzymes NOS, Leukopenia NOS, Liver disorder NOS",1,1,
GB-DEBIAHP-2015UK00368,"<a target=""_blank""  href=""/xmlpserver/EVVET3 PW NEW/Subject Area Contents/Public Website/Report (PDF)/AER.xdo?_xpf=&_xpt=1&_params%2FOracle%20BI%20EE%3A%3ADefaultApp%3A%3AEVVET3%20PR%20NEW%2FAER%3A%3Adimension%2FAER%20Id%3A%3Aattribute%3A%3Anoaggr%3A%3Axsd%3Adouble=463398&_xt=AER&_xf=pdf""> AER </a>",2015-06-02 00:00:00,Veterinarian,United Kingdom,MALE,Dog,Dalmatian,Metacam 1.5 mg/ml - Oral suspension (dogs),Haemorrhagic diarrhoea,1,1,
GB-DEBIAHP-2015UK00369,"<a target=""_blank""  href=""/xmlpserver/EVVET3 PW NEW/Subject Area Contents/Public Website/Report (PDF)/AER.xdo?_xpf=&_xpt=1&_params%2FOracle%20BI%20EE%3A%3ADefaultApp%3A%3AEVVET3%20PR%20NEW%2FAER%3A%3Adimension%2FAER%20Id%3A%3Aattribute%3A%3Anoaggr%3A%3Axsd%3Adouble=462992&_xt=AER&_xf=pdf""> AER </a>",2015-06-02 00:00:00,Veterinarian,United Kingdom,MALE,Dog,Terrier - Jack Russell,Metacam 1.5 mg/ml - Oral suspension (dogs),"Anorexia, Dehydration, Haemorrhagic diarrhoea, Vomiting",1,1,
GB-DEBIAHP-2015UK00378,"<a target=""_blank""  href=""/xmlpserver/EVVET3 PW NEW/Subject Area Contents/Public Website/Report (PDF)/AER.xdo?_xpf=&_xpt=1&_params%2FOracle%20BI%20EE%3A%3ADefaultApp%3A%3AEVVET3%20PR%20NEW%2FAER%3A%3Adimension%2FAER%20Id%3A%3Aattribute%3A%3Anoaggr%3A%3Axsd%3Adouble=463575&_xt=AER&_xf=pdf""> AER </a>",2015-06-02 00:00:00,Veterinarian,United Kingdom,MALE,Dog,Dog (other),Metacam 1.5 mg/ml - Oral suspension (dogs),"Elevated alanine aminotransferase (ALT), Elevated gamma-glutamyl transferase (GGT), Elevated serum alkaline phosphatase (ALP), Lethargy (see also Central nervous system depression in Neurological), Polydipsia, Polyuria",1,1,
GB-DEBIAHP-2015UK00379,"<a target=""_blank""  href=""/xmlpserver/EVVET3 PW NEW/Subject Area Contents/Public Website/Report (PDF)/AER.xdo?_xpf=&_xpt=1&_params%2FOracle%20BI%20EE%3A%3ADefaultApp%3A%3AEVVET3%20PR%20NEW%2FAER%3A%3Adimension%2FAER%20Id%3A%3Aattribute%3A%3Anoaggr%3A%3Axsd%3Adouble=463572&_xt=AER&_xf=pdf""> AER </a>",2015-06-02 00:00:00,Veterinarian,United Kingdom,MALE,Dog,Terrier - Yorkshire,"Metacam 5 mg/ml - Solution for injection (cats, dogs), Metacam 5 mg/ml - Solution for injection (cattle, pigs), Metacam 5 mg/ml - Solution for injection (dogs)","Diarrhoea, Haematemesis",1,1,
GB-DEBIAHP-2015UK00380,"<a target=""_blank""  href=""/xmlpserver/EVVET3 PW NEW/Subject Area Contents/Public Website/Report (PDF)/AER.xdo?_xpf=&_xpt=1&_params%2FOracle%20BI%20EE%3A%3ADefaultApp%3A%3AEVVET3%20PR%20NEW%2FAER%3A%3Adimension%2FAER%20Id%3A%3Aattribute%3A%3Anoaggr%3A%3Axsd%3Adouble=463574&_xt=AER&_xf=pdf""> AER </a>",2015-06-02 00:00:00,Veterinarian,United Kingdom,FEMALE,Dog,Terrier - Jack Russell,"Metacam 1 mg - Chewable tablet (dogs), Metacam 5 mg/ml - Solution for injection (cats, dogs), Metacam 5 mg/ml - Solution for injection (cattle, pigs), Metacam 5 mg/ml - Solution for injection (dogs)","Diarrhoea, Vomiting",1,1,
GB-DEBIAHP-2015UK00381,"<a target=""_blank""  href=""/xmlpserver/EVVET3 PW NEW/Subject Area Contents/Public Website/Report (PDF)/AER.xdo?_xpf=&_xpt=1&_params%2FOracle%20BI%20EE%3A%3ADefaultApp%3A%3AEVVET3%20PR%20NEW%2FAER%3A%3Adimension%2FAER%20Id%3A%3Aattribute%3A%3Anoaggr%3A%3Axsd%3Adouble=463577&_xt=AER&_xf=pdf""> AER </a>",2015-06-02 00:00:00,Veterinarian,United Kingdom,FEMALE,Dog,Terrier - Bull - Staffordshire,"Metacam 2.5 mg - Chewable tablet (dogs), Metacam 5 mg/ml - Solution for injection (cats, dogs), Metacam 5 mg/ml - Solution for injection (cattle, pigs), Metacam 5 mg/ml - Solution for injection (dogs)","Diarrhoea, Vomiting",1,1,
GB-DEBIAHP-2015UK00382,"<a target=""_blank""  href=""/xmlpserver/EVVET3 PW NEW/Subject Area Contents/Public Website/Report (PDF)/AER.xdo?_xpf=&_xpt=1&_params%2FOracle%20BI%20EE%3A%3ADefaultApp%3A%3AEVVET3%20PR%20NEW%2FAER%3A%3Adimension%2FAER%20Id%3A%3Aattribute%3A%3Anoaggr%3A%3Axsd%3Adouble=463576&_xt=AER&_xf=pdf""> AER </a>",2015-06-02 00:00:00,Veterinarian,United Kingdom,MALE,Dog,Retriever - Labrador,"Metacam 2.5 mg - Chewable tablet (dogs), Metacam 5 mg/ml - Solution for injection (cats, dogs), Metacam 5 mg/ml - Solution for injection (cattle, pigs), Metacam 5 mg/ml - Solution for injection (dogs)","Diarrhoea, Haemorrhagic diarrhoea",1,1,
GB-DEBIAHP-2015UK00383,"<a target=""_blank""  href=""/xmlpserver/EVVET3 PW NEW/Subject Area Contents/Public Website/Report (PDF)/AER.xdo?_xpf=&_xpt=1&_params%2FOracle%20BI%20EE%3A%3ADefaultApp%3A%3AEVVET3%20PR%20NEW%2FAER%3A%3Adimension%2FAER%20Id%3A%3Aattribute%3A%3Anoaggr%3A%3Axsd%3Adouble=463404&_xt=AER&_xf=pdf""> AER </a>",2015-06-02 00:00:00,Veterinarian,United Kingdom,FEMALE,Dog,Spaniel - Cocker American,"Metacam 1 mg - Chewable tablet (dogs), Metacam 5 mg/ml - Solution for injection (cats, dogs), Metacam 5 mg/ml - Solution for injection (cattle, pigs), Metacam 5 mg/ml - Solution for injection (dogs)",Diarrhoea,1,1,
GB-DEBIAHP-2015UK00395,"<a target=""_blank""  href=""/xmlpserver/EVVET3 PW NEW/Subject Area Contents/Public Website/Report (PDF)/AER.xdo?_xpf=&_xpt=1&_params%2FOracle%20BI%20EE%3A%3ADefaultApp%3A%3AEVVET3%20PR%20NEW%2FAER%3A%3Adimension%2FAER%20Id%3A%3Aattribute%3A%3Anoaggr%3A%3Axsd%3Adouble=468390&_xt=AER&_xf=pdf""> AER </a>",2015-06-15 00:00:00,Veterinarian,United Kingdom,UNKNOWN,Dog,Dog (other),Metacam 1 mg - Chewable tablet (dogs),"Diarrhoea, Vomiting",10,10,
GB-DEBIAHP-2015UK00410,"<a target=""_blank""  href=""/xmlpserver/EVVET3 PW NEW/Subject Area Contents/Public Website/Report (PDF)/AER.xdo?_xpf=&_xpt=1&_params%2FOracle%20BI%20EE%3A%3ADefaultApp%3A%3AEVVET3%20PR%20NEW%2FAER%3A%3Adimension%2FAER%20Id%3A%3Aattribute%3A%3Anoaggr%3A%3Axsd%3Adouble=483092&_xt=AER&_xf=pdf""> AER </a>",2015-06-26 00:00:00,Veterinarian,United Kingdom,MALE,Dog,Terrier - Cairn,Metacam 1.5 mg/ml - Oral suspension (dogs),"Bruising, Haemorrhage NOS",1,1,
GB-DEBIAHP-2015UK00411,"<a target=""_blank""  href=""/xmlpserver/EVVET3 PW NEW/Subject Area Contents/Public Website/Report (PDF)/AER.xdo?_xpf=&_xpt=1&_params%2FOracle%20BI%20EE%3A%3ADefaultApp%3A%3AEVVET3%20PR%20NEW%2FAER%3A%3Adimension%2FAER%20Id%3A%3Aattribute%3A%3Anoaggr%3A%3Axsd%3Adouble=484142&_xt=AER&_xf=pdf""> AER </a>",2015-06-30 00:00:00,Veterinarian,United Kingdom,MALE,Dog,Bichon Frise,Metacam 1.5 mg/ml - Oral suspension (dogs),"Elevated gamma-glutamyl transferase (GGT), Elevated serum alkaline phosphatase (ALP), Elevated total bilirubin",1,1,
GB-DEBIAHP-2015UK00412,"<a target=""_blank""  href=""/xmlpserver/EVVET3 PW NEW/Subject Area Contents/Public Website/Report (PDF)/AER.xdo?_xpf=&_xpt=1&_params%2FOracle%20BI%20EE%3A%3ADefaultApp%3A%3AEVVET3%20PR%20NEW%2FAER%3A%3Adimension%2FAER%20Id%3A%3Aattribute%3A%3Anoaggr%3A%3Axsd%3Adouble=484141&_xt=AER&_xf=pdf""> AER </a>",2015-06-30 00:00:00,Veterinarian,United Kingdom,FEMALE,Dog,Crossbred Canine/dog,"FORTEKOR 2,5 COMPRIMES POUR CHATS ET CHIENS, FORTEKOR 2,5 compresse per cani di piccola taglia e gatti, FORTEKOR 2,5 mg comprimés pour chiens et chats, FORTEKOR 20 Compresse rivestite con film per cani, FORTEKOR 5 Compresse rivestite con film per cani e gatti, FORTEKOR F 20 COMPRIMES POUR CHIENS, FORTEKOR F 5 COMPRIMES POUR CHATS ET CHIENS, Fortekor 2,5 mg  Tablet, Fortekor 2,5 mg, tabletten voor honden en katten, Fortekor 2.5 mg tablets for cats and dogs, Fortekor Gourmet 2,5 mg, Fortekor Vet. 2,5 mg tabletter, Fortekor Vet. 20 mg tabletter, Fortekor Vet. 5 mg tabletter, Fortekor vet. 2,5 mg Tablett, Fortekor vet. 2,5 mg tabletit kissoille ja koirille, Fortekor vet. 2,5 mg, tabletter til hund og katt, Fortekor vet. 20 mg Tablett, Fortekor vet. 20 mg tabletit koirille, Fortekor vet. 20 mg, tabletter til hund, Fortekor vet. 5 mg Tablett, Fortekor vet. 5 mg tabletit kissoille ja koirille, Fortekor vet. 5 mg, tabletter til hund og katt, Metacam 1.5 mg/ml - Oral suspension (dogs), Pexion 100 mg  - Tablet","Ataxia, Polydipsia, Polyphagia, Polyuria, Sleepiness - neurological disorder",1,1,
GB-DEBIAHP-2015UK00433,"<a target=""_blank""  href=""/xmlpserver/EVVET3 PW NEW/Subject Area Contents/Public Website/Report (PDF)/AER.xdo?_xpf=&_xpt=1&_params%2FOracle%20BI%20EE%3A%3ADefaultApp%3A%3AEVVET3%20PR%20NEW%2FAER%3A%3Adimension%2FAER%20Id%3A%3Aattribute%3A%3Anoaggr%3A%3Axsd%3Adouble=489138&_xt=AER&_xf=pdf""> AER </a>",2015-07-13 00:00:00,Other health care professional,United Kingdom,FEMALE,Dog,Dalmatian,Metacam 1.5 mg/ml - Oral suspension (dogs),Elevated serum alkaline phosphatase (ALP),1,1,
GB-DEBIAHP-2015UK00434,"<a target=""_blank""  href=""/xmlpserver/EVVET3 PW NEW/Subject Area Contents/Public Website/Report (PDF)/AER.xdo?_xpf=&_xpt=1&_params%2FOracle%20BI%20EE%3A%3ADefaultApp%3A%3AEVVET3%20PR%20NEW%2FAER%3A%3Adimension%2FAER%20Id%3A%3Aattribute%3A%3Anoaggr%3A%3Axsd%3Adouble=485672&_xt=AER&_xf=pdf""> AER </a>",2015-07-01 00:00:00,Veterinarian,United Kingdom,FEMALE,Dog,Spaniel - Cocker American,Metacam 1.5 mg/ml - Oral suspension (dogs),Vomiting,1,1,
GB-DEBIAHP-2015UK00439,"<a target=""_blank""  href=""/xmlpserver/EVVET3 PW NEW/Subject Area Contents/Public Website/Report (PDF)/AER.xdo?_xpf=&_xpt=1&_params%2FOracle%20BI%20EE%3A%3ADefaultApp%3A%3AEVVET3%20PR%20NEW%2FAER%3A%3Adimension%2FAER%20Id%3A%3Aattribute%3A%3Anoaggr%3A%3Axsd%3Adouble=486700&_xt=AER&_xf=pdf""> AER </a>",2015-07-03 00:00:00,Animal owner,United Kingdom,UNKNOWN,Dog,Dog (other),Metacam 1.5 mg/ml - Oral suspension (dogs),"Lethargy (see also Central nervous system depression in Neurological), Not eating, Vomiting",1,1,
GB-DEBIAHP-2015UK00442,"<a target=""_blank""  href=""/xmlpserver/EVVET3 PW NEW/Subject Area Contents/Public Website/Report (PDF)/AER.xdo?_xpf=&_xpt=1&_params%2FOracle%20BI%20EE%3A%3ADefaultApp%3A%3AEVVET3%20PR%20NEW%2FAER%3A%3Adimension%2FAER%20Id%3A%3Aattribute%3A%3Anoaggr%3A%3Axsd%3Adouble=489581&_xt=AER&_xf=pdf""> AER </a>",2015-07-14 00:00:00,Other health care professional,United Kingdom,FEMALE,Dog,Retriever - Labrador,Metacam 1.5 mg/ml - Oral suspension (dogs),"Anorexia, Elevated alanine aminotransferase (ALT), Elevated blood urea nitrogen (BUN), Elevated creatinine, Elevated gamma-glutamyl transferase (GGT), Elevated serum alkaline phosphatase (ALP), Hyperphosphataemia",1,1,
GB-DEBIAHP-2015UK00447,"<a target=""_blank""  href=""/xmlpserver/EVVET3 PW NEW/Subject Area Contents/Public Website/Report (PDF)/AER.xdo?_xpf=&_xpt=1&_params%2FOracle%20BI%20EE%3A%3ADefaultApp%3A%3AEVVET3%20PR%20NEW%2FAER%3A%3Adimension%2FAER%20Id%3A%3Aattribute%3A%3Anoaggr%3A%3Axsd%3Adouble=489579&_xt=AER&_xf=pdf""> AER </a>",2015-07-14 00:00:00,Other health care professional,United Kingdom,MALE,Dog,Pug,Metacam 1.5 mg/ml - Oral suspension (dogs),"Haematemesis, Loose stool, Melaena, Vomiting",1,1,
GB-DEBIAHP-2015UK00448,"<a target=""_blank""  href=""/xmlpserver/EVVET3 PW NEW/Subject Area Contents/Public Website/Report (PDF)/AER.xdo?_xpf=&_xpt=1&_params%2FOracle%20BI%20EE%3A%3ADefaultApp%3A%3AEVVET3%20PR%20NEW%2FAER%3A%3Adimension%2FAER%20Id%3A%3Aattribute%3A%3Anoaggr%3A%3Axsd%3Adouble=489580&_xt=AER&_xf=pdf""> AER </a>",2015-07-14 00:00:00,Other health care professional,United Kingdom,FEMALE,Dog,Shih Tzu,"Metacam 1.5 mg/ml - Oral suspension (dogs), Metacam 5 mg/ml - Solution for injection (cats, dogs), Metacam 5 mg/ml - Solution for injection (cattle, pigs), Metacam 5 mg/ml - Solution for injection (dogs)","Haemorrhagic diarrhoea, Lethargy (see also Central nervous system depression in Neurological), Polydipsia, Vomiting",1,1,
GB-DEBIAHP-2015UK00458,"<a target=""_blank""  href=""/xmlpserver/EVVET3 PW NEW/Subject Area Contents/Public Website/Report (PDF)/AER.xdo?_xpf=&_xpt=1&_params%2FOracle%20BI%20EE%3A%3ADefaultApp%3A%3AEVVET3%20PR%20NEW%2FAER%3A%3Adimension%2FAER%20Id%3A%3Aattribute%3A%3Anoaggr%3A%3Axsd%3Adouble=486972&_xt=AER&_xf=pdf""> AER </a>",2015-07-03 00:00:00,Veterinarian,United Kingdom,UNKNOWN,Dog,Spaniel - King Charles Cavalier,"Metacam 1.5 mg/ml - Oral suspension (dogs), Metacam 5 mg/ml - Solution for injection (cats, dogs), Metacam 5 mg/ml - Solution for injection (cattle, pigs), Metacam 5 mg/ml - Solution for injection (dogs), VETERGESIC MULTIDOSE, 0.3MG/ML, SOLUTION FOR INJECTION FOR DOGS AND CATS",Diarrhoea,1,1,
GB-DEBIAHP-2015UK00465,"<a target=""_blank""  href=""/xmlpserver/EVVET3 PW NEW/Subject Area Contents/Public Website/Report (PDF)/AER.xdo?_xpf=&_xpt=1&_params%2FOracle%20BI%20EE%3A%3ADefaultApp%3A%3AEVVET3%20PR%20NEW%2FAER%3A%3Adimension%2FAER%20Id%3A%3Aattribute%3A%3Anoaggr%3A%3Axsd%3Adouble=489298&_xt=AER&_xf=pdf""> AER </a>",2015-07-13 00:00:00,Veterinarian,United Kingdom,FEMALE,Dog,Terrier - Bull - Staffordshire,"Metacam 2.5 mg - Chewable tablet (dogs), Metacam 5 mg/ml - Solution for injection (cats, dogs), Metacam 5 mg/ml - Solution for injection (cattle, pigs), Metacam 5 mg/ml - Solution for injection (dogs)",Diarrhoea,1,1,
GB-DEBIAHP-2015UK00466,"<a target=""_blank""  href=""/xmlpserver/EVVET3 PW NEW/Subject Area Contents/Public Website/Report (PDF)/AER.xdo?_xpf=&_xpt=1&_params%2FOracle%20BI%20EE%3A%3ADefaultApp%3A%3AEVVET3%20PR%20NEW%2FAER%3A%3Adimension%2FAER%20Id%3A%3Aattribute%3A%3Anoaggr%3A%3Axsd%3Adouble=487838&_xt=AER&_xf=pdf""> AER </a>",2015-07-09 00:00:00,Veterinarian,United Kingdom,FEMALE,Dog,Rottweiler,"Cimalgex 30 mg - Chewable tablet, Cimalgex 8 mg - Chewable tablet, Cimalgex 80 mg - Chewable tablet, Metacam 1.5 mg/ml - Oral suspension (dogs), Metacam 5 mg/ml - Solution for injection (cats, dogs), Metacam 5 mg/ml - Solution for injection (cattle, pigs), Metacam 5 mg/ml - Solution for injection (dogs), SYNULOX (200+50)MG/TAB ΔΙΣΚΙΟ, SYNULOX (40+10)MG/TAB ΔΙΣΚΙΟ, SYNULOX 140 mg/ml + 35 mg/ml suspensión inyectable, SYNULOX 200 mg/50 mg tablety pre psy a mačky, SYNULOX 200/50 mg COMPRIMIDOS APETITOSOS PARA PERROS, SYNULOX 250 COMPRIMES POUR CHIENS, SYNULOX 250 mg, SYNULOX 250 mg kramtomosios tabletės šunims ir katėms, SYNULOX 250 mg tablete za pse in mačke, SYNULOX 250mg, δισκία για σκύλους και γάτες, SYNULOX 40 mg/10 mg tablety pre psy a mačky, SYNULOX 40 mg/ml + 10 mg/ml POLVO PARA GOTAS ORALES EN SUSPENSION, SYNULOX 40/10 MG COMPRIMIDOS APETITOSOS PARA PERROS Y GATOS, SYNULOX 400 mg/100 mg tablety pre psy, SYNULOX 400/100 mg COMPRIMIDOS APETITOSOS PARA PERROS, SYNULOX 50 COMPRIMES POUR CHIENS ET CHATS, SYNULOX 50 mg, SYNULOX 50 mg kramtomosios tabletės šunims ir katėms, SYNULOX 50 mg tablete za pse in mačke, SYNULOX 500 COMPRIMES POUR CHIENS, SYNULOX 500 mg kramtomosios tabletės šunims, SYNULOX 500 mg tablete za pse, SYNULOX 500 mg, kramtomosios tabletės šunims, SYNULOX 500MG/TAB ΔΙΣΚΙΟ, SYNULOX 50mg, δισκία για σκύλους και γάτες, SYNULOX OGIVETTES POUR VEAUX, SYNULOX SUSPENSION INJECTABLE POUR BOVINS, SYNULOX VET 140 mg/ml injektioneste, suspensio koiralle, kissalle ja sialle, SYNULOX suspensão injetável para suínos, bovinos, cães e gatos, SYNULOX vet 200 mg/50 mg tabletti, koiralle ja kissalle, SYNULOX vet 40 mg/10 mg tabletti, koiralle ja kissalle, SYNULOX vet 400 mg/100 mg tabletti, koiralle, SYNULOX, 400/100mg, Tableta, Synulox 250 mg Comprimés Appétents, Synulox 250 mg Smakelijke tabletten, Synulox 250 mg tabletes suņiem un kaķiem, Synulox 250 mg, tabletid koertele ja kassidele, Synulox 250 mg, таблетки за кучета и котки, Synulox 250mg (200 mg/50 mg)  Tabletten für Hunde, Synulox 50 mg Comprimés Appétents, Synulox 50 mg Smakelijke Tabletten, Synulox 50 mg tabletes suņiem un kaķiem, Synulox 50 mg, tabletid koertele ja kassidele, Synulox 50 mg, таблетки за кучета и котки, Synulox 500 mg Bolus 400 mg - 100 mg Omhulde tablet, Synulox 500 mg Comprimés Appétents, Synulox 500 mg Smakelijke Tabletten, Synulox 500 mg tabletes suņiem, Synulox 500 mg, tabletid koertele, Synulox 500mg (400 mg/100 mg) Tabletten für Hunde, Synulox 50mg (40 mg/10 mg) Tabletten für Hunde und Katzen, Synulox Bolus 500 mg, 400 mg + 100 mg comprimés enrobés pour veaux, Synulox Lactating Cow Intramammary suspension., Synulox Tabletki 250 mg, Synulox Tabletki 250 mg (200+50) mg/tablete; tabletes suņiem, Synulox Tabletki 50 mg, Synulox Tabletki 50 mg (40+10) mg/ tablete; tabletes suņiem un kaķiem, Synulox Tabletki 500 mg, Synulox Vet. til hund og kat 200 + 50 mg tabletter, Synulox Vet. til hund og kat 40 + 10 mg tabletter, Synulox Vet. til hund tabletter 400 + 100 mg, Synulox Vet. til kalve 400 + 100 mg tabletter, Synulox comprimidos palatáveis 250 mg para cães e gatos, Synulox comprimidos palatáveis 50 mg para cães e gatos, Synulox comprimidos palatáveis 500 mg para cães, Synulox vet 40 mg/ml jauhe oraalisuspensiota varten koiralle ja kissalle, Synulox vet. 200 mg tabletter for hund og katt, Synulox vet. 200 mg/50 mg Tablett, Synulox vet. 40 mg tabletter for hund og katt, Synulox vet. 40 mg/10 mg Tablett, Synulox vet. 400 mg tabletter for hund, Synulox vet. 400 mg/100 mg Tablett, Synulox, 200/50mg, Tableta, Synulox, 40/10mg, Tableta, Synulox-Kalb 400 mg/100 mg Filmtabletten für Rinder (Kälber)","Pancreatitis NOS, Skin and tissue infection NOS, Vomiting",1,1,
GB-DEBIAHP-2015UK00468,"<a target=""_blank""  href=""/xmlpserver/EVVET3 PW NEW/Subject Area Contents/Public Website/Report (PDF)/AER.xdo?_xpf=&_xpt=1&_params%2FOracle%20BI%20EE%3A%3ADefaultApp%3A%3AEVVET3%20PR%20NEW%2FAER%3A%3Adimension%2FAER%20Id%3A%3Aattribute%3A%3Anoaggr%3A%3Axsd%3Adouble=491900&_xt=AER&_xf=pdf""> AER </a>",2015-07-23 00:00:00,Other health care professional,United Kingdom,UNKNOWN,Dog,Dog (other),Metacam 1.5 mg/ml - Oral suspension (dogs),"Death, Immune mediated thrombocytopenia",1,1,1
GB-DEBIAHP-2015UK00483,"<a target=""_blank""  href=""/xmlpserver/EVVET3 PW NEW/Subject Area Contents/Public Website/Report (PDF)/AER.xdo?_xpf=&_xpt=1&_params%2FOracle%20BI%20EE%3A%3ADefaultApp%3A%3AEVVET3%20PR%20NEW%2FAER%3A%3Adimension%2FAER%20Id%3A%3Aattribute%3A%3Anoaggr%3A%3Axsd%3Adouble=494443&_xt=AER&_xf=pdf""> AER </a>",2015-07-31 00:00:00,Other health care professional,United Kingdom,FEMALE,Dog,Rottweiler,"Metacam 1.5 mg/ml - Oral suspension (dogs), Previcox 227 mg - Chewable tablet","Anorexia, Death, Intestinal perforation, Vomiting",1,1,1
GB-DEBIAHP-2015UK00484,"<a target=""_blank""  href=""/xmlpserver/EVVET3 PW NEW/Subject Area Contents/Public Website/Report (PDF)/AER.xdo?_xpf=&_xpt=1&_params%2FOracle%20BI%20EE%3A%3ADefaultApp%3A%3AEVVET3%20PR%20NEW%2FAER%3A%3Adimension%2FAER%20Id%3A%3Aattribute%3A%3Anoaggr%3A%3Axsd%3Adouble=496190&_xt=AER&_xf=pdf""> AER </a>",2015-08-03 00:00:00,Other health care professional,United Kingdom,FEMALE,Dog,Terrier - Jack Russell,"Metacam 1.5 mg/ml - Oral suspension (dogs), Metacam 5 mg/ml - Solution for injection (cats, dogs), Metacam 5 mg/ml - Solution for injection (cattle, pigs), Metacam 5 mg/ml - Solution for injection (dogs)","Anorexia, Diarrhoea, Vomiting",1,1,
GB-DEBIAHP-2015UK00485,"<a target=""_blank""  href=""/xmlpserver/EVVET3 PW NEW/Subject Area Contents/Public Website/Report (PDF)/AER.xdo?_xpf=&_xpt=1&_params%2FOracle%20BI%20EE%3A%3ADefaultApp%3A%3AEVVET3%20PR%20NEW%2FAER%3A%3Adimension%2FAER%20Id%3A%3Aattribute%3A%3Anoaggr%3A%3Axsd%3Adouble=496424&_xt=AER&_xf=pdf""> AER </a>",2015-08-04 00:00:00,Other health care professional,United Kingdom,FEMALE,Dog,Dog (other),"Metacam 20 mg/ml - Solution for injection (cattle, pigs, horses)","Collapse NOS (see also Cardio-vascular and Neurological disorders), Electrolyte disorder, Elevated alanine aminotransferase (ALT), Elevated blood urea nitrogen (BUN), Elevated cholesterol (total), Elevated serum alkaline phosphatase (ALP), Enlarged liver, Found dead, Gall bladder & bile duct disorder NOS, Hyperphosphataemia, Hyperproteinaemia, Increased respiratory rate, Leukocytosis NOS, Monocytosis, Nasal discharge, Neutrophilia, Other blood disorder NOS, Vomiting, Weak pulse",1,1,1
GB-DEBIAHP-2015UK00489,"<a target=""_blank""  href=""/xmlpserver/EVVET3 PW NEW/Subject Area Contents/Public Website/Report (PDF)/AER.xdo?_xpf=&_xpt=1&_params%2FOracle%20BI%20EE%3A%3ADefaultApp%3A%3AEVVET3%20PR%20NEW%2FAER%3A%3Adimension%2FAER%20Id%3A%3Aattribute%3A%3Anoaggr%3A%3Axsd%3Adouble=493574&_xt=AER&_xf=pdf""> AER </a>",2015-07-28 00:00:00,Veterinarian,United Kingdom,UNKNOWN,Dog,Crossbred Canine/dog,"Metacam 5 mg/ml - Solution for injection (cats, dogs), Metacam 5 mg/ml - Solution for injection (cattle, pigs), Metacam 5 mg/ml - Solution for injection (dogs), RIMADYL 100 mg COMPRIMIDOS MASTICABLES PARA PERROS, RIMADYL 100 mg comprimate pentru câini, RIMADYL 100 mg, kramtomosios tabletės šunims, RIMADYL 100MG/TAB ΜΑΣΩΜΕΝΟ ΔΙΣΚΙΟ, RIMADYL 20 mg COMPRIMIDOS MASTICABLES PARA PERROS, RIMADYL 20 mg, kramtomosios tabletės šunims, RIMADYL 20MG/TAB ΜΑΣΩΜΕΝΟ ΔΙΣΚΙΟ, RIMADYL 50 mg COMPRIMIDOS MASTICABLES PARA PERROS, RIMADYL 50 mg comprimate pentru câini, RIMADYL 50 mg, kramtomosios tabletės šunims, RIMADYL 50MG/TAB ΜΑΣΩΜΕΝΟ ΔΙΣΚΙΟ, RIMADYL 50mg/ml ενέσιμο διάλυμα για σκύλους και γάτες, RIMADYL CATTLE 50 mg/ml, injekcinis tirpalas galvijams, RIMADYL Cattle 50 mg/ml Solution for Injection, RIMADYL INJECTABLE SOLUTION INJECTABLE POUR CHATS ET CHIENS, RIMADYL Injection 50mg/ml Διαυγές αποστειρωμένο ενέσιμο διάλυμα για σκύλους και γάτες, RIMADYL SMAKELIJKE TABLETTEN 100 mg voor honden, RIMADYL SMAKELIJKE TABLETTEN 50 mg voor honden, RIMADYL VET 50 mg/ml injektioneste, liuos, RIMADYL vet 100 mg purutabletti, RIMADYL vet 20 mg purutabletti, RIMADYL vet 50 mg purutabletti, Rimadyl 100 mg - Kautabletten für Hunde, Rimadyl 100 mg Comprimés Appétents 100 mg Tablet, Rimadyl 100 mg Kautablette für Hunde, Rimadyl 100 mg comprimidos mastigáveis para cães, Rimadyl 100 mg comprimés appétents, 100 mg, comprimés pour chiens, Rimadyl 100 mg okusne, žvečljive tablete za pse, Rimadyl 100 mg tabletes suņiem, Rimadyl 100 mg ízesített tabletta A.U.V., Rimadyl 20 mg - Kautabletten für Hunde, Rimadyl 20 mg Comprimés Appétents 20 mg Comprimé, Rimadyl 20 mg Comprimés Appétents 20 mg Tablet, Rimadyl 20 mg Kautablette für Hunde, Rimadyl 20 mg okusne, žvečljive tablete za pse, Rimadyl 20 mg ízesített tabletta A.U.V., Rimadyl 20 mg таблетки за кучета/Rimadyl 50 mg таблетки за кучета/Rimadyl 100 mg таблетки за кучета, Rimadyl 50 mg - Kautabletten für Hunde, Rimadyl 50 mg Comprimés Appétents 50 mg Tablet, Rimadyl 50 mg Kautablette für Hunde, Rimadyl 50 mg comprimidos mastigáveis para cães, Rimadyl 50 mg comprimés appétents, 50 mg, comprimés pour chiens, Rimadyl 50 mg košļājamās tabletes suņiem, Rimadyl 50 mg okusne, žvečljive tablete za pse, Rimadyl 50 mg ízesített tabletta A.U.V., Rimadyl 50 mg/ml - Injektionslösung für Hunde und Katzen, Rimadyl 50 mg/ml injekčný roztok, Rimadyl 50mg/ml Injektionslösung für Hunde und Katzen, Rimadyl Cattle, 50 mg/mL, otopina za injekciju, za goveda, Rimadyl Iniettabile 50 mg/ml, soluzione iniettabile per cane e gatto., Rimadyl Palatable 100 mg tablety pre psy, Rimadyl Palatable 20 mg tablety pre psy, Rimadyl Palatable 50 mg tablety pre psy, Rimadyl Palatable Tablets 100, Rimadyl Palatable Tablets 100 mg, Rimadyl Palatable Tablets 100 mg tabletes suņiem, Rimadyl Palatable Tablets 20 mg, Rimadyl Palatable Tablets 20 mg tabletes suņiem, Rimadyl Palatable Tablets 50, Rimadyl Palatable Tablets 50 mg, Rimadyl Palatable Tablets 50 mg tabletes suņiem, Rimadyl Palatable Tablets da 100 mg per cani, Rimadyl Palatable Tablets da 20 mg per cani, Rimadyl Palatable Tablets da 50 mg per cani, Rimadyl Palatable, 100mg, Žvýkací tableta, Rimadyl Palatable, 20mg, Žvýkací tableta, Rimadyl Palatable, 50mg, Žvýkací tableta, Rimadyl Solution for Injection for dogs and cats 50 mg/ml, Rimadyl Vet. 100 mg tyggetabletter, Rimadyl Vet. 20 mg tyggetabletter, Rimadyl Vet. 50 mg tyggetabletter, Rimadyl cattle 50 mg/ml oplossing voor injectie, Rimadyl injectievloeistof, 50 mg/ml voor honden en katten, Rimadyl smakelijke tabletten 100 mg voor honden, Rimadyl smakelijke tabletten 20 mg voor honden, Rimadyl smakelijke tabletten 50 mg voor honden, Rimadyl vet. 100 mg Tuggtablett, Rimadyl vet. 100 mg tyggetabletter, Rimadyl vet. 20 mg Tuggtablett, Rimadyl vet. 20 mg tyggetabletter, Rimadyl vet. 50 mg Tuggtablett, Rimadyl vet. 50 mg tyggetabletter, Rimadyl vet., 100 mg, Tuggtablett, Rimadyl Μασώμενο Δισκίο 100mg για σκύλους, Rimadyl Μασώμενο Δισκίο 20mg για σκύλους, Rimad",Regurgitation,1,1,
GB-DEBIAHP-2015UK00490,"<a target=""_blank""  href=""/xmlpserver/EVVET3 PW NEW/Subject Area Contents/Public Website/Report (PDF)/AER.xdo?_xpf=&_xpt=1&_params%2FOracle%20BI%20EE%3A%3ADefaultApp%3A%3AEVVET3%20PR%20NEW%2FAER%3A%3Adimension%2FAER%20Id%3A%3Aattribute%3A%3Anoaggr%3A%3Axsd%3Adouble=493777&_xt=AER&_xf=pdf""> AER </a>",2015-07-28 00:00:00,Veterinarian,United Kingdom,MALE,Dog,Terrier - Yorkshire,Metacam 1.5 mg/ml - Oral suspension (dogs),Vomiting,1,1,
GB-DEBIAHP-2015UK00495,"<a target=""_blank""  href=""/xmlpserver/EVVET3 PW NEW/Subject Area Contents/Public Website/Report (PDF)/AER.xdo?_xpf=&_xpt=1&_params%2FOracle%20BI%20EE%3A%3ADefaultApp%3A%3AEVVET3%20PR%20NEW%2FAER%3A%3Adimension%2FAER%20Id%3A%3Aattribute%3A%3Anoaggr%3A%3Axsd%3Adouble=493772&_xt=AER&_xf=pdf""> AER </a>",2015-07-28 00:00:00,Veterinarian,United Kingdom,MALE,Dog,Spaniel - King Charles Cavalier,"DOLOREX, Dolorex 10 mg/ml Solution for Injection for horse, dog and cat, Dolorex 10 mg/ml ενέσιμο διάλυμα για άλογο, σκύλο και γάτα, Metacam 5 mg/ml - Solution for injection (cats, dogs), Metacam 5 mg/ml - Solution for injection (cattle, pigs), Metacam 5 mg/ml - Solution for injection (dogs), Narcostart (Sedastart) 1 mg/ml solution for injection for cats and dogs, Narcostop 5 mg/ml, solution for injection for cats and dogs","Diarrhoea, Haemorrhagic diarrhoea, Off colour, Vomiting",1,1,
GB-DEBIAHP-2015UK00497,"<a target=""_blank""  href=""/xmlpserver/EVVET3 PW NEW/Subject Area Contents/Public Website/Report (PDF)/AER.xdo?_xpf=&_xpt=1&_params%2FOracle%20BI%20EE%3A%3ADefaultApp%3A%3AEVVET3%20PR%20NEW%2FAER%3A%3Adimension%2FAER%20Id%3A%3Aattribute%3A%3Anoaggr%3A%3Axsd%3Adouble=493082&_xt=AER&_xf=pdf""> AER </a>",2015-07-27 00:00:00,Animal owner,United Kingdom,FEMALE,Dog,Dog (other),"Metacam 1 mg - Chewable tablet (dogs), Metacam 1.5 mg/ml - Oral suspension (dogs), Metacam 5 mg/ml - Solution for injection (cats, dogs), Metacam 5 mg/ml - Solution for injection (cattle, pigs), Metacam 5 mg/ml - Solution for injection (dogs)","Haematoma NOS, Low platelet count, Skin petechiae",1,1,
GB-DEBIAHP-2015UK00499,"<a target=""_blank""  href=""/xmlpserver/EVVET3 PW NEW/Subject Area Contents/Public Website/Report (PDF)/AER.xdo?_xpf=&_xpt=1&_params%2FOracle%20BI%20EE%3A%3ADefaultApp%3A%3AEVVET3%20PR%20NEW%2FAER%3A%3Adimension%2FAER%20Id%3A%3Aattribute%3A%3Anoaggr%3A%3Axsd%3Adouble=493274&_xt=AER&_xf=pdf""> AER </a>",2015-07-27 00:00:00,Veterinarian,United Kingdom,MALE,Dog,Collie - Border,Metacam 1.5 mg/ml - Oral suspension (dogs),"Elevated alanine aminotransferase (ALT), Elevated bile acids, Elevated gamma-glutamyl transferase (GGT), Elevated liver enzymes NOS, Elevated serum alkaline phosphatase (ALP)",1,1,
GB-DEBIAHP-2015UK00510,"<a target=""_blank""  href=""/xmlpserver/EVVET3 PW NEW/Subject Area Contents/Public Website/Report (PDF)/AER.xdo?_xpf=&_xpt=1&_params%2FOracle%20BI%20EE%3A%3ADefaultApp%3A%3AEVVET3%20PR%20NEW%2FAER%3A%3Adimension%2FAER%20Id%3A%3Aattribute%3A%3Anoaggr%3A%3Axsd%3Adouble=497788&_xt=AER&_xf=pdf""> AER </a>",2015-08-07 00:00:00,Veterinarian,United Kingdom,MALE,Dog,Retriever - Golden,Metacam 1.5 mg/ml - Oral suspension (dogs),Diarrhoea,1,1,
GB-DEBIAHP-2015UK00511,"<a target=""_blank""  href=""/xmlpserver/EVVET3 PW NEW/Subject Area Contents/Public Website/Report (PDF)/AER.xdo?_xpf=&_xpt=1&_params%2FOracle%20BI%20EE%3A%3ADefaultApp%3A%3AEVVET3%20PR%20NEW%2FAER%3A%3Adimension%2FAER%20Id%3A%3Aattribute%3A%3Anoaggr%3A%3Axsd%3Adouble=497786&_xt=AER&_xf=pdf""> AER </a>",2015-08-07 00:00:00,Veterinarian,United Kingdom,FEMALE,Dog,Dachshund - Standard Wire-haired,Metacam 1.5 mg/ml - Oral suspension (dogs),"Haemorrhagic diarrhoea, Vomiting",1,1,
GB-DEBIAHP-2015UK00515,"<a target=""_blank""  href=""/xmlpserver/EVVET3 PW NEW/Subject Area Contents/Public Website/Report (PDF)/AER.xdo?_xpf=&_xpt=1&_params%2FOracle%20BI%20EE%3A%3ADefaultApp%3A%3AEVVET3%20PR%20NEW%2FAER%3A%3Adimension%2FAER%20Id%3A%3Aattribute%3A%3Anoaggr%3A%3Axsd%3Adouble=498974&_xt=AER&_xf=pdf""> AER </a>",2015-08-11 00:00:00,Veterinarian,United Kingdom,MALE,Dog,Bichon Frise,Metacam 1.5 mg/ml - Oral suspension (dogs),Vomiting,1,1,
GB-DEBIAHP-2015UK00516,"<a target=""_blank""  href=""/xmlpserver/EVVET3 PW NEW/Subject Area Contents/Public Website/Report (PDF)/AER.xdo?_xpf=&_xpt=1&_params%2FOracle%20BI%20EE%3A%3ADefaultApp%3A%3AEVVET3%20PR%20NEW%2FAER%3A%3Adimension%2FAER%20Id%3A%3Aattribute%3A%3Anoaggr%3A%3Axsd%3Adouble=499384&_xt=AER&_xf=pdf""> AER </a>",2015-08-12 00:00:00,Veterinarian,United Kingdom,MALE,Dog,Retriever - Labrador,"Metacam 1.5 mg/ml - Oral suspension (dogs), Pexion 400 mg  - Tablet","Ataxia, Polyphagia",1,1,
GB-DEBIAHP-2015UK00517,"<a target=""_blank""  href=""/xmlpserver/EVVET3 PW NEW/Subject Area Contents/Public Website/Report (PDF)/AER.xdo?_xpf=&_xpt=1&_params%2FOracle%20BI%20EE%3A%3ADefaultApp%3A%3AEVVET3%20PR%20NEW%2FAER%3A%3Adimension%2FAER%20Id%3A%3Aattribute%3A%3Anoaggr%3A%3Axsd%3Adouble=497787&_xt=AER&_xf=pdf""> AER </a>",2015-08-07 00:00:00,Veterinarian,United Kingdom,MALE,Dog,Terrier - Yorkshire,Metacam 1.5 mg/ml - Oral suspension (dogs),"Diarrhoea, Tarry or black stool (see also haemorrhagic diarrhoea), Vomiting",1,1,
GB-DEBIAHP-2015UK00519,"<a target=""_blank""  href=""/xmlpserver/EVVET3 PW NEW/Subject Area Contents/Public Website/Report (PDF)/AER.xdo?_xpf=&_xpt=1&_params%2FOracle%20BI%20EE%3A%3ADefaultApp%3A%3AEVVET3%20PR%20NEW%2FAER%3A%3Adimension%2FAER%20Id%3A%3Aattribute%3A%3Anoaggr%3A%3Axsd%3Adouble=496488&_xt=AER&_xf=pdf""> AER </a>",2015-08-04 00:00:00,Veterinarian,United Kingdom,MALE,Dog,Terrier - West Highland White,"Metacam 1.5 mg/ml - Oral suspension (dogs), Metacam 5 mg/ml - Solution for injection (cats, dogs), Metacam 5 mg/ml - Solution for injection (cattle, pigs), Metacam 5 mg/ml - Solution for injection (dogs), VETERGESIC MULTIDOSE, 0.3MG/ML, SOLUTION FOR INJECTION FOR DOGS AND CATS","Abdominal pain, Anorexia, Dehydration, Haemorrhagic diarrhoea, Vomiting",1,1,
GB-DEBIAHP-2015UK00524,"<a target=""_blank""  href=""/xmlpserver/EVVET3 PW NEW/Subject Area Contents/Public Website/Report (PDF)/AER.xdo?_xpf=&_xpt=1&_params%2FOracle%20BI%20EE%3A%3ADefaultApp%3A%3AEVVET3%20PR%20NEW%2FAER%3A%3Adimension%2FAER%20Id%3A%3Aattribute%3A%3Anoaggr%3A%3Axsd%3Adouble=507579&_xt=AER&_xf=pdf""> AER </a>",2015-09-08 00:00:00,Veterinarian,United Kingdom,MALE,Dog,Terrier - Jack Russell,"Metacam 1.5 mg/ml - Oral suspension (dogs), Metacam 5 mg/ml - Solution for injection (cats, dogs), Metacam 5 mg/ml - Solution for injection (cattle, pigs), Metacam 5 mg/ml - Solution for injection (dogs)","Increased percentage reticulocytes, Leukocytosis NOS, Vomiting",1,1,
GB-DEBIAHP-2015UK00528,"<a target=""_blank""  href=""/xmlpserver/EVVET3 PW NEW/Subject Area Contents/Public Website/Report (PDF)/AER.xdo?_xpf=&_xpt=1&_params%2FOracle%20BI%20EE%3A%3ADefaultApp%3A%3AEVVET3%20PR%20NEW%2FAER%3A%3Adimension%2FAER%20Id%3A%3Aattribute%3A%3Anoaggr%3A%3Axsd%3Adouble=500176&_xt=AER&_xf=pdf""> AER </a>",2015-08-14 00:00:00,Veterinarian,United Kingdom,MALE,Dog,Spaniel - Cocker English,"CLAVASEPTIN 40+10 MG ΔΙΣΚΙΟ, CLAVASEPTIN 400+100MG ΔΙΣΚΙΟ, CLAVASEPTIN 500MG PALATABLE TABLETS FOR DOGS, CLAVASEPTIN 50MG PALATABLE TABLETS FOR DOGS AND CATS, CLAVASEPTIN 600+150MG ΔΙΣΚΙΟ, CLAVASEPTIN 62.5 MG PALATABLE TABLETS FOR DOGS AND CATS, CLAVASEPTIN P 250 MG TABLETS FOR DOGS, CLAVASEPTIN P 62,5 MG ΔΙΣΚΙΟ, CLAVASEPTIN P 750 MG TABLETS FOR DOGS, Clavaseptin 250 mg okusne tablete za pse, Clavaseptin 250 mg, tabletid koertele, Clavaseptin 50 mg, tabletid koertele ja kassidele, Clavaseptin 500 mg, tabletid koertele, Clavaseptin 600 mg/150 mg tabletter för hund, Clavaseptin 750 mg Tabletten für Hunde, Clavaseptin 750 mg okusne tablete za pse, Clavaseptin 750 mg palatable tablets for dogs, Metacam 1.5 mg/ml - Oral suspension (dogs)",Depression,1,1,
GB-DEBIAHP-2015UK00532,"<a target=""_blank""  href=""/xmlpserver/EVVET3 PW NEW/Subject Area Contents/Public Website/Report (PDF)/AER.xdo?_xpf=&_xpt=1&_params%2FOracle%20BI%20EE%3A%3ADefaultApp%3A%3AEVVET3%20PR%20NEW%2FAER%3A%3Adimension%2FAER%20Id%3A%3Aattribute%3A%3Anoaggr%3A%3Axsd%3Adouble=500894&_xt=AER&_xf=pdf""> AER </a>",2015-08-17 00:00:00,Veterinarian,United Kingdom,MALE,Dog,Shepherd Dog - German,Metacam 1.5 mg/ml - Oral suspension (dogs),"Elevated alanine aminotransferase (ALT), Elevated serum alkaline phosphatase (ALP)",1,1,
GB-DEBIAHP-2015UK00542,"<a target=""_blank""  href=""/xmlpserver/EVVET3 PW NEW/Subject Area Contents/Public Website/Report (PDF)/AER.xdo?_xpf=&_xpt=1&_params%2FOracle%20BI%20EE%3A%3ADefaultApp%3A%3AEVVET3%20PR%20NEW%2FAER%3A%3Adimension%2FAER%20Id%3A%3Aattribute%3A%3Anoaggr%3A%3Axsd%3Adouble=501976&_xt=AER&_xf=pdf""> AER </a>",2015-08-20 00:00:00,Veterinarian,United Kingdom,FEMALE,Dog,Boxer (German Boxer),"Metacam 5 mg/ml - Solution for injection (cats, dogs), Metacam 5 mg/ml - Solution for injection (cattle, pigs), Metacam 5 mg/ml - Solution for injection (dogs)","Conjunctival oedema, Facial oedema, Injection site reddening, Wheal",1,1,
GB-DEBIAHP-2015UK00569,"<a target=""_blank""  href=""/xmlpserver/EVVET3 PW NEW/Subject Area Contents/Public Website/Report (PDF)/AER.xdo?_xpf=&_xpt=1&_params%2FOracle%20BI%20EE%3A%3ADefaultApp%3A%3AEVVET3%20PR%20NEW%2FAER%3A%3Adimension%2FAER%20Id%3A%3Aattribute%3A%3Anoaggr%3A%3Axsd%3Adouble=506357&_xt=AER&_xf=pdf""> AER </a>",2015-09-03 00:00:00,Veterinarian,United Kingdom,MALE,Dog,Corgi - Welsh Cardigan,Metacam 1.5 mg/ml - Oral suspension (dogs),"Mucosa petechiae, Other abnormal test result NOS, Thrombocytopenia",1,1,
GB-DEBIAHP-2015UK00575,"<a target=""_blank""  href=""/xmlpserver/EVVET3 PW NEW/Subject Area Contents/Public Website/Report (PDF)/AER.xdo?_xpf=&_xpt=1&_params%2FOracle%20BI%20EE%3A%3ADefaultApp%3A%3AEVVET3%20PR%20NEW%2FAER%3A%3Adimension%2FAER%20Id%3A%3Aattribute%3A%3Anoaggr%3A%3Axsd%3Adouble=505758&_xt=AER&_xf=pdf""> AER </a>",2015-09-02 00:00:00,Other health care professional,United Kingdom,MALE,Dog,Spaniel - Cocker English,"Metacam 1.5 mg/ml - Oral suspension (dogs), Metacam 5 mg/ml - Solution for injection (cats, dogs), Metacam 5 mg/ml - Solution for injection (cattle, pigs), Metacam 5 mg/ml - Solution for injection (dogs)","Anorexia, Diarrhoea, Lip oedema (see also Skin), Vomiting",1,1,
GB-DEBIAHP-2015UK00576,"<a target=""_blank""  href=""/xmlpserver/EVVET3 PW NEW/Subject Area Contents/Public Website/Report (PDF)/AER.xdo?_xpf=&_xpt=1&_params%2FOracle%20BI%20EE%3A%3ADefaultApp%3A%3AEVVET3%20PR%20NEW%2FAER%3A%3Adimension%2FAER%20Id%3A%3Aattribute%3A%3Anoaggr%3A%3Axsd%3Adouble=506596&_xt=AER&_xf=pdf""> AER </a>",2015-09-04 00:00:00,Other health care professional,United Kingdom,MALE,Dog,Boxer (German Boxer),Metacam 1.5 mg/ml - Oral suspension (dogs),"Appetite loss, Drowsiness - neurological disorder, Vomiting",1,1,
GB-DEBIAHP-2015UK00583,"<a target=""_blank""  href=""/xmlpserver/EVVET3 PW NEW/Subject Area Contents/Public Website/Report (PDF)/AER.xdo?_xpf=&_xpt=1&_params%2FOracle%20BI%20EE%3A%3ADefaultApp%3A%3AEVVET3%20PR%20NEW%2FAER%3A%3Adimension%2FAER%20Id%3A%3Aattribute%3A%3Anoaggr%3A%3Axsd%3Adouble=504917&_xt=AER&_xf=pdf""> AER </a>",2015-08-27 00:00:00,Veterinarian,United Kingdom,FEMALE,Dog,Terrier - Jack Russell,"Metacam 1.5 mg/ml - Oral suspension (dogs), Metacam 5 mg/ml - Solution for injection (cats, dogs), Metacam 5 mg/ml - Solution for injection (cattle, pigs), Metacam 5 mg/ml - Solution for injection (dogs)","Diarrhoea, Vomiting",1,1,
GB-DEBIAHP-2015UK00588,"<a target=""_blank""  href=""/xmlpserver/EVVET3 PW NEW/Subject Area Contents/Public Website/Report (PDF)/AER.xdo?_xpf=&_xpt=1&_params%2FOracle%20BI%20EE%3A%3ADefaultApp%3A%3AEVVET3%20PR%20NEW%2FAER%3A%3Adimension%2FAER%20Id%3A%3Aattribute%3A%3Anoaggr%3A%3Axsd%3Adouble=508200&_xt=AER&_xf=pdf""> AER </a>",2015-09-11 00:00:00,Other health care professional,United Kingdom,FEMALE,Dog,Spaniel - King Charles Cavalier,"Cardalis 2.5 mg benazepril hydrochloride + 20 mg spironolactone - Chewable Tablet, Metacam 1.5 mg/ml - Oral suspension (dogs), Vetmedin 5 mg Kautabletten für Hunde","Azotaemia, Drinking a lot, Weight loss",1,1,
GB-DEBIAHP-2015UK00589,"<a target=""_blank""  href=""/xmlpserver/EVVET3 PW NEW/Subject Area Contents/Public Website/Report (PDF)/AER.xdo?_xpf=&_xpt=1&_params%2FOracle%20BI%20EE%3A%3ADefaultApp%3A%3AEVVET3%20PR%20NEW%2FAER%3A%3Adimension%2FAER%20Id%3A%3Aattribute%3A%3Anoaggr%3A%3Axsd%3Adouble=508201&_xt=AER&_xf=pdf""> AER </a>",2015-09-11 00:00:00,Other health care professional,United Kingdom,MALE,Dog,Retriever - Labrador,Metacam 1.5 mg/ml - Oral suspension (dogs),"Azotaemia, Proteinuria",1,1,
GB-DEBIAHP-2015UK00591,"<a target=""_blank""  href=""/xmlpserver/EVVET3 PW NEW/Subject Area Contents/Public Website/Report (PDF)/AER.xdo?_xpf=&_xpt=1&_params%2FOracle%20BI%20EE%3A%3ADefaultApp%3A%3AEVVET3%20PR%20NEW%2FAER%3A%3Adimension%2FAER%20Id%3A%3Aattribute%3A%3Anoaggr%3A%3Axsd%3Adouble=508400&_xt=AER&_xf=pdf""> AER </a>",2015-09-11 00:00:00,Other health care professional,United Kingdom,MALE,Dog,Terrier - Yorkshire,Metacam 1.5 mg/ml - Oral suspension (dogs),"Lethargy (see also Central nervous system depression in Neurological), Seizure NOS, Twitching, Weight loss",1,1,
GB-DEBIAHP-2015UK00597,"<a target=""_blank""  href=""/xmlpserver/EVVET3 PW NEW/Subject Area Contents/Public Website/Report (PDF)/AER.xdo?_xpf=&_xpt=1&_params%2FOracle%20BI%20EE%3A%3ADefaultApp%3A%3AEVVET3%20PR%20NEW%2FAER%3A%3Adimension%2FAER%20Id%3A%3Aattribute%3A%3Anoaggr%3A%3Axsd%3Adouble=513732&_xt=AER&_xf=pdf""> AER </a>",2015-09-24 00:00:00,Veterinarian,United Kingdom,MALE,Dog,Retriever - Golden,"Metacam 1.5 mg/ml - Oral suspension (dogs), Metacam 5 mg/ml - Solution for injection (cats, dogs), Metacam 5 mg/ml - Solution for injection (cattle, pigs), Metacam 5 mg/ml - Solution for injection (dogs)","Balanoposthitis, Bloody diarrhoea, Lethargy (see also Central nervous system depression in Neurological), Mucous stool, Urinary retention",1,1,
GB-DEBIAHP-2015UK00600,"<a target=""_blank""  href=""/xmlpserver/EVVET3 PW NEW/Subject Area Contents/Public Website/Report (PDF)/AER.xdo?_xpf=&_xpt=1&_params%2FOracle%20BI%20EE%3A%3ADefaultApp%3A%3AEVVET3%20PR%20NEW%2FAER%3A%3Adimension%2FAER%20Id%3A%3Aattribute%3A%3Anoaggr%3A%3Axsd%3Adouble=508039&_xt=AER&_xf=pdf""> AER </a>",2015-09-10 00:00:00,Veterinarian,United Kingdom,MALE,Dog,Crossbred Canine/dog,Metacam 1.5 mg/ml - Oral suspension (dogs),Diarrhoea,1,1,
GB-DEBIAHP-2015UK00601,"<a target=""_blank""  href=""/xmlpserver/EVVET3 PW NEW/Subject Area Contents/Public Website/Report (PDF)/AER.xdo?_xpf=&_xpt=1&_params%2FOracle%20BI%20EE%3A%3ADefaultApp%3A%3AEVVET3%20PR%20NEW%2FAER%3A%3Adimension%2FAER%20Id%3A%3Aattribute%3A%3Anoaggr%3A%3Axsd%3Adouble=507228&_xt=AER&_xf=pdf""> AER </a>",2015-09-09 00:00:00,Animal owner,United Kingdom,MALE,Dog,Dog (other),Metacam 1.5 mg/ml - Oral suspension (dogs),"Appetite loss, Elevated alanine aminotransferase (ALT), Gastritis, Vomiting",1,1,
GB-DEBIAHP-2015UK00605,"<a target=""_blank""  href=""/xmlpserver/EVVET3 PW NEW/Subject Area Contents/Public Website/Report (PDF)/AER.xdo?_xpf=&_xpt=1&_params%2FOracle%20BI%20EE%3A%3ADefaultApp%3A%3AEVVET3%20PR%20NEW%2FAER%3A%3Adimension%2FAER%20Id%3A%3Aattribute%3A%3Anoaggr%3A%3Axsd%3Adouble=510175&_xt=AER&_xf=pdf""> AER </a>",2015-09-15 00:00:00,Other health care professional,United Kingdom,MALE,Dog,Schnauzer (unspecified),Metacam 1.5 mg/ml - Oral suspension (dogs),Elevated renal parameters,1,1,
GB-DEBIAHP-2015UK00609,"<a target=""_blank""  href=""/xmlpserver/EVVET3 PW NEW/Subject Area Contents/Public Website/Report (PDF)/AER.xdo?_xpf=&_xpt=1&_params%2FOracle%20BI%20EE%3A%3ADefaultApp%3A%3AEVVET3%20PR%20NEW%2FAER%3A%3Adimension%2FAER%20Id%3A%3Aattribute%3A%3Anoaggr%3A%3Axsd%3Adouble=512977&_xt=AER&_xf=pdf""> AER </a>",2015-09-21 00:00:00,Other health care professional,United Kingdom,FEMALE,Dog,Mastiff,"Metacam 5 mg/ml - Solution for injection (cats, dogs), Metacam 5 mg/ml - Solution for injection (cattle, pigs), Metacam 5 mg/ml - Solution for injection (dogs)",Sudden death,1,1,1
GB-DEBIAHP-2015UK00619,"<a target=""_blank""  href=""/xmlpserver/EVVET3 PW NEW/Subject Area Contents/Public Website/Report (PDF)/AER.xdo?_xpf=&_xpt=1&_params%2FOracle%20BI%20EE%3A%3ADefaultApp%3A%3AEVVET3%20PR%20NEW%2FAER%3A%3Adimension%2FAER%20Id%3A%3Aattribute%3A%3Anoaggr%3A%3Axsd%3Adouble=518781&_xt=AER&_xf=pdf""> AER </a>",2015-10-01 00:00:00,Other health care professional,United Kingdom,UNKNOWN,Dog,Dog (other),Metacam 1.5 mg/ml - Oral suspension (dogs),"Chronic renal failure, Elevated creatinine",1,1,
GB-DEBIAHP-2015UK00623,"<a target=""_blank""  href=""/xmlpserver/EVVET3 PW NEW/Subject Area Contents/Public Website/Report (PDF)/AER.xdo?_xpf=&_xpt=1&_params%2FOracle%20BI%20EE%3A%3ADefaultApp%3A%3AEVVET3%20PR%20NEW%2FAER%3A%3Adimension%2FAER%20Id%3A%3Aattribute%3A%3Anoaggr%3A%3Axsd%3Adouble=514472&_xt=AER&_xf=pdf""> AER </a>",2015-09-23 00:00:00,Veterinarian,United Kingdom,MALE,Dog,Retriever - Golden,Metacam 1.5 mg/ml - Oral suspension (dogs),Thyroid gland disorder NOS,1,1,
GB-DEBIAHP-2015UK00639,"<a target=""_blank""  href=""/xmlpserver/EVVET3 PW NEW/Subject Area Contents/Public Website/Report (PDF)/AER.xdo?_xpf=&_xpt=1&_params%2FOracle%20BI%20EE%3A%3ADefaultApp%3A%3AEVVET3%20PR%20NEW%2FAER%3A%3Adimension%2FAER%20Id%3A%3Aattribute%3A%3Anoaggr%3A%3Axsd%3Adouble=521696&_xt=AER&_xf=pdf""> AER </a>",2015-10-07 00:00:00,Other health care professional,United Kingdom,FEMALE,Dog,Alaskan Malamute,Metacam 1.5 mg/ml - Oral suspension (dogs),"Immune mediated thrombocytopenia, Low platelet count",1,1,
GB-DEBIAHP-2015UK00642,"<a target=""_blank""  href=""/xmlpserver/EVVET3 PW NEW/Subject Area Contents/Public Website/Report (PDF)/AER.xdo?_xpf=&_xpt=1&_params%2FOracle%20BI%20EE%3A%3ADefaultApp%3A%3AEVVET3%20PR%20NEW%2FAER%3A%3Adimension%2FAER%20Id%3A%3Aattribute%3A%3Anoaggr%3A%3Axsd%3Adouble=522811&_xt=AER&_xf=pdf""> AER </a>",2015-10-08 00:00:00,Other health care professional,United Kingdom,MALE,Dog,Retriever - Labrador,"Metacam 1.5 mg/ml - Oral suspension (dogs), Metacam 5 mg/ml - Solution for injection (cats, dogs), Metacam 5 mg/ml - Solution for injection (cattle, pigs), Metacam 5 mg/ml - Solution for injection (dogs)","Bloody diarrhoea, Diarrhoea, Pica NOS, Seizure NOS, Vomiting",1,1,
GB-DEBIAHP-2015UK00644,"<a target=""_blank""  href=""/xmlpserver/EVVET3 PW NEW/Subject Area Contents/Public Website/Report (PDF)/AER.xdo?_xpf=&_xpt=1&_params%2FOracle%20BI%20EE%3A%3ADefaultApp%3A%3AEVVET3%20PR%20NEW%2FAER%3A%3Adimension%2FAER%20Id%3A%3Aattribute%3A%3Anoaggr%3A%3Axsd%3Adouble=522812&_xt=AER&_xf=pdf""> AER </a>",2015-10-08 00:00:00,Other health care professional,United Kingdom,MALE,Dog,Crossbred Canine/dog,"Metacam 5 mg/ml - Solution for injection (cats, dogs), Metacam 5 mg/ml - Solution for injection (cattle, pigs), Metacam 5 mg/ml - Solution for injection (dogs)","Death by euthanasia, Decreased cholesterol (total), Diarrhoea, Elevated blood urea nitrogen (BUN), Elevated creatinine, Elevated serum alkaline phosphatase (ALP), Hypercalcaemia, Hyperphosphataemia, Hypoalbuminaemia, Inappetence, Lethargy (see also Central nervous system depression in Neurological), Seizure NOS, Vomiting, Weight loss",1,1,1
GB-DEBIAHP-2015UK00651,"<a target=""_blank""  href=""/xmlpserver/EVVET3 PW NEW/Subject Area Contents/Public Website/Report (PDF)/AER.xdo?_xpf=&_xpt=1&_params%2FOracle%20BI%20EE%3A%3ADefaultApp%3A%3AEVVET3%20PR%20NEW%2FAER%3A%3Adimension%2FAER%20Id%3A%3Aattribute%3A%3Anoaggr%3A%3Axsd%3Adouble=522380&_xt=AER&_xf=pdf""> AER </a>",2015-10-08 00:00:00,Veterinarian,United Kingdom,MALE,Dog,Shepherd Dog - German,Metacam 1.5 mg/ml - Oral suspension (dogs),Abnormal stool colouration,1,1,
GB-DEBIAHP-2015UK00652,"<a target=""_blank""  href=""/xmlpserver/EVVET3 PW NEW/Subject Area Contents/Public Website/Report (PDF)/AER.xdo?_xpf=&_xpt=1&_params%2FOracle%20BI%20EE%3A%3ADefaultApp%3A%3AEVVET3%20PR%20NEW%2FAER%3A%3Adimension%2FAER%20Id%3A%3Aattribute%3A%3Anoaggr%3A%3Axsd%3Adouble=520573&_xt=AER&_xf=pdf""> AER </a>",2015-10-06 00:00:00,Veterinarian,United Kingdom,MALE,Dog,Spaniel - King Charles Cavalier,"Metacam 1.5 mg/ml - Oral suspension (dogs), Metacam 5 mg/ml - Solution for injection (cats, dogs), Metacam 5 mg/ml - Solution for injection (cattle, pigs), Metacam 5 mg/ml - Solution for injection (dogs)","Bloody diarrhoea, Dehydration, Increased heart rate, Vomiting",1,1,
GB-DEBIAHP-2015UK00656,"<a target=""_blank""  href=""/xmlpserver/EVVET3 PW NEW/Subject Area Contents/Public Website/Report (PDF)/AER.xdo?_xpf=&_xpt=1&_params%2FOracle%20BI%20EE%3A%3ADefaultApp%3A%3AEVVET3%20PR%20NEW%2FAER%3A%3Adimension%2FAER%20Id%3A%3Aattribute%3A%3Anoaggr%3A%3Axsd%3Adouble=514973&_xt=AER&_xf=pdf""> AER </a>",2015-09-24 00:00:00,Animal owner,United Kingdom,MALE,Dog,Dog (other),Metacam 1.5 mg/ml - Oral suspension (dogs),"Not eating, Vomiting",1,1,
GB-DEBIAHP-2015UK00662,"<a target=""_blank""  href=""/xmlpserver/EVVET3 PW NEW/Subject Area Contents/Public Website/Report (PDF)/AER.xdo?_xpf=&_xpt=1&_params%2FOracle%20BI%20EE%3A%3ADefaultApp%3A%3AEVVET3%20PR%20NEW%2FAER%3A%3Adimension%2FAER%20Id%3A%3Aattribute%3A%3Anoaggr%3A%3Axsd%3Adouble=526774&_xt=AER&_xf=pdf""> AER </a>",2015-10-14 00:00:00,Other health care professional,United Kingdom,MALE,Dog,Terrier - Bull - Staffordshire,"ACEPROMAZINE 10%/AGROSEED CANDILIDIS ενέσιμο διάλυμα 10 mg/ml για σκύλο και γάτα, Comfortan 10 mg/ml solution for injection for dogs and cats, Fuxien vet 1000 mg/g inhalaatiohöyry, neste, ISOFLURANE-Vet 1000 mg/g liquido per inalazione per cani e gatti, ISOFLURIN 1000mg/g ΥΓΡΟ ΓΙΑ ΕΙΣΠΝΕΟΜΕΝΟΥΣ ΑΤΜΟΥΣ, Isoflurane 100% Inhalation Vapour, Liquid, Isoflurane 1000 mg/g Inhalation Vapour, liquid., Metacam 1.5 mg/ml - Oral suspension (dogs), Metacam 5 mg/ml - Solution for injection (cats, dogs), Metacam 5 mg/ml - Solution for injection (cattle, pigs), Metacam 5 mg/ml - Solution for injection (dogs)","Acute renal failure, Anorexia, Decreased urine concentration, Elevated blood urea nitrogen (BUN), Elevated creatinine, Vomiting",1,1,
GB-DEBIAHP-2015UK00672,"<a target=""_blank""  href=""/xmlpserver/EVVET3 PW NEW/Subject Area Contents/Public Website/Report (PDF)/AER.xdo?_xpf=&_xpt=1&_params%2FOracle%20BI%20EE%3A%3ADefaultApp%3A%3AEVVET3%20PR%20NEW%2FAER%3A%3Adimension%2FAER%20Id%3A%3Aattribute%3A%3Anoaggr%3A%3Axsd%3Adouble=525977&_xt=AER&_xf=pdf""> AER </a>",2015-10-13 00:00:00,Veterinarian,United Kingdom,FEMALE,Dog,Terrier - Jack Russell,Metacam 1.5 mg/ml - Oral suspension (dogs),"Anorexia, Blood in vomit, Decreased packed cell volume (PCV), Diarrhoea, Haemorrhagic diarrhoea, Vomiting, Weight loss",1,1,
GB-DEBIAHP-2015UK00696,"<a target=""_blank""  href=""/xmlpserver/EVVET3 PW NEW/Subject Area Contents/Public Website/Report (PDF)/AER.xdo?_xpf=&_xpt=1&_params%2FOracle%20BI%20EE%3A%3ADefaultApp%3A%3AEVVET3%20PR%20NEW%2FAER%3A%3Adimension%2FAER%20Id%3A%3Aattribute%3A%3Anoaggr%3A%3Axsd%3Adouble=527883&_xt=AER&_xf=pdf""> AER </a>",2015-10-15 00:00:00,Veterinarian,United Kingdom,MALE,Dog,Beagle,"Metacam 1.5 mg/ml - Oral suspension (dogs), Metacam 5 mg/ml - Solution for injection (cats, dogs), Metacam 5 mg/ml - Solution for injection (cattle, pigs), Metacam 5 mg/ml - Solution for injection (dogs)","Hot spot (pyotraumatic dermatitis), Injection site warmth",1,1,
GB-DEBIAHP-2015UK00702,"<a target=""_blank""  href=""/xmlpserver/EVVET3 PW NEW/Subject Area Contents/Public Website/Report (PDF)/AER.xdo?_xpf=&_xpt=1&_params%2FOracle%20BI%20EE%3A%3ADefaultApp%3A%3AEVVET3%20PR%20NEW%2FAER%3A%3Adimension%2FAER%20Id%3A%3Aattribute%3A%3Anoaggr%3A%3Axsd%3Adouble=532676&_xt=AER&_xf=pdf""> AER </a>",2015-10-27 00:00:00,Veterinarian,United Kingdom,FEMALE,Dog,Terrier - Yorkshire,Metacam 1.5 mg/ml - Oral suspension (dogs),"Diarrhoea, Elevated blood urea nitrogen (BUN), Elevated serum alkaline phosphatase (ALP), Polydipsia, Polyuria, Vomiting",1,1,
GB-DEBIAHP-2015UK00706,"<a target=""_blank""  href=""/xmlpserver/EVVET3 PW NEW/Subject Area Contents/Public Website/Report (PDF)/AER.xdo?_xpf=&_xpt=1&_params%2FOracle%20BI%20EE%3A%3ADefaultApp%3A%3AEVVET3%20PR%20NEW%2FAER%3A%3Adimension%2FAER%20Id%3A%3Aattribute%3A%3Anoaggr%3A%3Axsd%3Adouble=533474&_xt=AER&_xf=pdf""> AER </a>",2015-10-28 00:00:00,Veterinarian,United Kingdom,FEMALE,Dog,Schnauzer - Miniature,Metacam 1.5 mg/ml - Oral suspension (dogs),"Blood in faeces, Bloody diarrhoea",1,1,
GB-DEBIAHP-2015UK00709,"<a target=""_blank""  href=""/xmlpserver/EVVET3 PW NEW/Subject Area Contents/Public Website/Report (PDF)/AER.xdo?_xpf=&_xpt=1&_params%2FOracle%20BI%20EE%3A%3ADefaultApp%3A%3AEVVET3%20PR%20NEW%2FAER%3A%3Adimension%2FAER%20Id%3A%3Aattribute%3A%3Anoaggr%3A%3Axsd%3Adouble=533475&_xt=AER&_xf=pdf""> AER </a>",2015-10-28 00:00:00,Veterinarian,United Kingdom,MALE,Dog,Dog (other),"Metacam 20 mg/ml - Solution for injection (cattle, pigs, horses)","Decreased packed cell volume (PCV), Elevated serum alkaline phosphatase (ALP), Hypoalbuminaemia, Inappetence, Regurgitation",1,1,
GB-DEBIAHP-2015UK00710,"<a target=""_blank""  href=""/xmlpserver/EVVET3 PW NEW/Subject Area Contents/Public Website/Report (PDF)/AER.xdo?_xpf=&_xpt=1&_params%2FOracle%20BI%20EE%3A%3ADefaultApp%3A%3AEVVET3%20PR%20NEW%2FAER%3A%3Adimension%2FAER%20Id%3A%3Aattribute%3A%3Anoaggr%3A%3Axsd%3Adouble=532571&_xt=AER&_xf=pdf""> AER </a>",2015-10-28 00:00:00,Veterinarian,United Kingdom,FEMALE,Dog,Mountain Dog - Bernese,Metacam 1.5 mg/ml - Oral suspension (dogs),Blood in urine,1,1,
GB-DEBIAHP-2015UK00723,"<a target=""_blank""  href=""/xmlpserver/EVVET3 PW NEW/Subject Area Contents/Public Website/Report (PDF)/AER.xdo?_xpf=&_xpt=1&_params%2FOracle%20BI%20EE%3A%3ADefaultApp%3A%3AEVVET3%20PR%20NEW%2FAER%3A%3Adimension%2FAER%20Id%3A%3Aattribute%3A%3Anoaggr%3A%3Axsd%3Adouble=541392&_xt=AER&_xf=pdf""> AER </a>",2015-11-18 00:00:00,Other health care professional,United Kingdom,FEMALE,Dog,Retriever - Labrador,Metacam 1.5 mg/ml - Oral suspension (dogs),"Acute renal failure, Decreased urine concentration, Elevated creatinine",1,1,
GB-DEBIAHP-2015UK00731,"<a target=""_blank""  href=""/xmlpserver/EVVET3 PW NEW/Subject Area Contents/Public Website/Report (PDF)/AER.xdo?_xpf=&_xpt=1&_params%2FOracle%20BI%20EE%3A%3ADefaultApp%3A%3AEVVET3%20PR%20NEW%2FAER%3A%3Adimension%2FAER%20Id%3A%3Aattribute%3A%3Anoaggr%3A%3Axsd%3Adouble=543606&_xt=AER&_xf=pdf""> AER </a>",2015-11-25 00:00:00,Other health care professional,United Kingdom,MALE,Dog,Crossbred Canine/dog,Metacam 1.5 mg/ml - Oral suspension (dogs),"Drinking a lot, Elevated blood urea nitrogen (BUN), Frequent urination, Haematuria, Polyuria",1,1,
GB-DEBIAHP-2015UK00733,"<a target=""_blank""  href=""/xmlpserver/EVVET3 PW NEW/Subject Area Contents/Public Website/Report (PDF)/AER.xdo?_xpf=&_xpt=1&_params%2FOracle%20BI%20EE%3A%3ADefaultApp%3A%3AEVVET3%20PR%20NEW%2FAER%3A%3Adimension%2FAER%20Id%3A%3Aattribute%3A%3Anoaggr%3A%3Axsd%3Adouble=554273&_xt=AER&_xf=pdf""> AER </a>",2015-12-24 00:00:00,Other health care professional,United Kingdom,FEMALE,Dog,Sheepdog - Polish Lowland,"CANINSULIN 40 UI/ml SUSPENSION INYECTABLE PARA PERROS Y GATOS, CANINSULIN 40 UI/ml suspensie injectabilă pentru câini și pisici, CANINSULIN 40 UI/ml, sospensione iniettabile per cani e gatti, CANINSULIN 40 i.e./ml suspenzija za injiciranje, CANINSULIN 40IU/ML ΕΝΕΣΙΜΟ ΕΝΑΙΩΡΗΜΑ, CANINSULIN SUSPENSION INJECTABLE POUR CHIENS ET CHATS, Caninsulin 40 IU/ml Suspensie voor injectie, Caninsulin 40 IU/ml Suspension for Injection, Caninsulin 40 IU/ml injekčná suspenzia pre psy a mačky, Caninsulin 40 IU/ml suspensija injekcijām suņiem un kaķiem, Caninsulin 40 NE/ml szuszpenziós injekció kutyák és macskák részére, Caninsulin 40 j.m./ml Zawiesina do wstrzykiwań, Caninsulin Vet. 40 IE/ml injektionsvæske, suspension, Caninsulin vet. 40 TV/ml, injekcinė suspensija šunims ir katėms, Caninsulin, 40 I.E./ml, Caninsulin, 40 I.E./ml, Injektionssuspension für Hunde und Katzen, Caninsulin, 40 I.U./ml, suspension injectable, pour chiens et chats, Caninsulin, 40 IE/ml suspensie voor injectie voor hond en kat, Caninsulin, 40 ui/ml suspensão injetável para cães e gatos, Caninsulin, 40IU/ml, Injekční suspenze, Caninsulin® vet. 40 IU/ml, suspension for injection, Metacam 1.5 mg/ml - Oral suspension (dogs), Prednisolon forte pro inj.",Hyperglycaemia,1,1,
GB-DEBIAHP-2015UK00741,"<a target=""_blank""  href=""/xmlpserver/EVVET3 PW NEW/Subject Area Contents/Public Website/Report (PDF)/AER.xdo?_xpf=&_xpt=1&_params%2FOracle%20BI%20EE%3A%3ADefaultApp%3A%3AEVVET3%20PR%20NEW%2FAER%3A%3Adimension%2FAER%20Id%3A%3Aattribute%3A%3Anoaggr%3A%3Axsd%3Adouble=543353&_xt=AER&_xf=pdf""> AER </a>",2015-11-24 00:00:00,Other health care professional,United Kingdom,MALE,Dog,Spaniel - Springer English,"Metacam 5 mg/ml - Solution for injection (cats, dogs), Metacam 5 mg/ml - Solution for injection (cattle, pigs), Metacam 5 mg/ml - Solution for injection (dogs), SYNULOX RTU ενέσιμο εναιώρημα για βοοειδή, χοίρους, σκύλους και γάτες, SYNULOX RTU, injekcinė suspensija galvijams, kiaulėms, šunims ir katėms, Synulox RTU suspensija injekcijām liellopiem, cūkām, suņiem un kaķiem","Death, Excessive chewing, licking and/or grooming, Increased respiratory rate, Skin inflammation NOS",1,1,1
GB-DEBIAHP-2015UK00746,"<a target=""_blank""  href=""/xmlpserver/EVVET3 PW NEW/Subject Area Contents/Public Website/Report (PDF)/AER.xdo?_xpf=&_xpt=1&_params%2FOracle%20BI%20EE%3A%3ADefaultApp%3A%3AEVVET3%20PR%20NEW%2FAER%3A%3Adimension%2FAER%20Id%3A%3Aattribute%3A%3Anoaggr%3A%3Axsd%3Adouble=540981&_xt=AER&_xf=pdf""> AER </a>",2015-11-11 00:00:00,Veterinarian,United Kingdom,MALE,Dog,Bulldog,"Metacam 5 mg/ml - Solution for injection (cats, dogs), Metacam 5 mg/ml - Solution for injection (cattle, pigs), Metacam 5 mg/ml - Solution for injection (dogs)","Blistering (see also Application site SOC), Pustules",1,1,
GB-DEBIAHP-2015UK00751,"<a target=""_blank""  href=""/xmlpserver/EVVET3 PW NEW/Subject Area Contents/Public Website/Report (PDF)/AER.xdo?_xpf=&_xpt=1&_params%2FOracle%20BI%20EE%3A%3ADefaultApp%3A%3AEVVET3%20PR%20NEW%2FAER%3A%3Adimension%2FAER%20Id%3A%3Aattribute%3A%3Anoaggr%3A%3Axsd%3Adouble=543348&_xt=AER&_xf=pdf""> AER </a>",2015-11-24 00:00:00,Other health care professional,United Kingdom,MALE,Dog,Greyhound,"Metacam 5 mg/ml - Solution for injection (cats, dogs), Metacam 5 mg/ml - Solution for injection (cattle, pigs), Metacam 5 mg/ml - Solution for injection (dogs)","Collapse NOS (see also Cardio-vascular and Neurological disorders), Death",1,1,1
GB-DEBIAHP-2015UK00756,"<a target=""_blank""  href=""/xmlpserver/EVVET3 PW NEW/Subject Area Contents/Public Website/Report (PDF)/AER.xdo?_xpf=&_xpt=1&_params%2FOracle%20BI%20EE%3A%3ADefaultApp%3A%3AEVVET3%20PR%20NEW%2FAER%3A%3Adimension%2FAER%20Id%3A%3Aattribute%3A%3Anoaggr%3A%3Axsd%3Adouble=541346&_xt=AER&_xf=pdf""> AER </a>",2015-11-18 00:00:00,Other health care professional,United Kingdom,FEMALE,Dog,Crossbred Canine/dog,"Metacam 1.5 mg/ml - Oral suspension (dogs), Vetmedin 5 mg Kautabletten für Hunde, Vivitonin 100 mg film-coated tablets, Vivitonin 50 mg film-coated tablets","Not eating, Unable to rise, Urinary incontinence",1,1,
GB-DEBIAHP-2015UK00776,"<a target=""_blank""  href=""/xmlpserver/EVVET3 PW NEW/Subject Area Contents/Public Website/Report (PDF)/AER.xdo?_xpf=&_xpt=1&_params%2FOracle%20BI%20EE%3A%3ADefaultApp%3A%3AEVVET3%20PR%20NEW%2FAER%3A%3Adimension%2FAER%20Id%3A%3Aattribute%3A%3Anoaggr%3A%3Axsd%3Adouble=543358&_xt=AER&_xf=pdf""> AER </a>",2015-11-24 00:00:00,Other health care professional,United Kingdom,UNKNOWN,Dog,Dog (other),"Metacam 1.5 mg/ml - Oral suspension (dogs), Onsior 10 mg  - Tablet (dogs)","Death, Gastric ulceration NOS",1,1,1
GB-DEBIAHP-2015UK00778,"<a target=""_blank""  href=""/xmlpserver/EVVET3 PW NEW/Subject Area Contents/Public Website/Report (PDF)/AER.xdo?_xpf=&_xpt=1&_params%2FOracle%20BI%20EE%3A%3ADefaultApp%3A%3AEVVET3%20PR%20NEW%2FAER%3A%3Adimension%2FAER%20Id%3A%3Aattribute%3A%3Anoaggr%3A%3Axsd%3Adouble=546916&_xt=AER&_xf=pdf""> AER </a>",2015-12-04 00:00:00,Other health care professional,United Kingdom,MALE,Dog,Crossbred Canine/dog,"Loxicom 1.5 mg/ml  - Oral suspension (dogs), Metacam 1.5 mg/ml - Oral suspension (dogs)","Cough, Decreased appetite, Decreased urine concentration, Elevated blood urea nitrogen (BUN), Elevated creatinine, Polydipsia, Urinary tract infection",1,1,
GB-DEBIAHP-2015UK00794,"<a target=""_blank""  href=""/xmlpserver/EVVET3 PW NEW/Subject Area Contents/Public Website/Report (PDF)/AER.xdo?_xpf=&_xpt=1&_params%2FOracle%20BI%20EE%3A%3ADefaultApp%3A%3AEVVET3%20PR%20NEW%2FAER%3A%3Adimension%2FAER%20Id%3A%3Aattribute%3A%3Anoaggr%3A%3Axsd%3Adouble=544284&_xt=AER&_xf=pdf""> AER </a>",2015-11-27 00:00:00,Veterinarian,United Kingdom,FEMALE,Dog,Terrier - Bull - Staffordshire,Metacam 1.5 mg/ml - Oral suspension (dogs),Haematemesis,1,1,
GB-DEBIAHP-2015UK00801,"<a target=""_blank""  href=""/xmlpserver/EVVET3 PW NEW/Subject Area Contents/Public Website/Report (PDF)/AER.xdo?_xpf=&_xpt=1&_params%2FOracle%20BI%20EE%3A%3ADefaultApp%3A%3AEVVET3%20PR%20NEW%2FAER%3A%3Adimension%2FAER%20Id%3A%3Aattribute%3A%3Anoaggr%3A%3Axsd%3Adouble=545933&_xt=AER&_xf=pdf""> AER </a>",2015-12-02 00:00:00,Veterinarian,United Kingdom,FEMALE,Dog,Retriever - Labrador,Metacam 1.5 mg/ml - Oral suspension (dogs),Diarrhoea,1,1,
GB-DEBIAHP-2015UK00812,"<a target=""_blank""  href=""/xmlpserver/EVVET3 PW NEW/Subject Area Contents/Public Website/Report (PDF)/AER.xdo?_xpf=&_xpt=1&_params%2FOracle%20BI%20EE%3A%3ADefaultApp%3A%3AEVVET3%20PR%20NEW%2FAER%3A%3Adimension%2FAER%20Id%3A%3Aattribute%3A%3Anoaggr%3A%3Axsd%3Adouble=547733&_xt=AER&_xf=pdf""> AER </a>",2015-12-07 00:00:00,Other health care professional,United Kingdom,FEMALE,Dog,Mountain Dog - Bernese,"Antisedan 5 mg/ml solution for injection, Metacam 1.5 mg/ml - Oral suspension (dogs), Metacam 5 mg/ml - Solution for injection (cats, dogs), Metacam 5 mg/ml - Solution for injection (cattle, pigs), Metacam 5 mg/ml - Solution for injection (dogs), SYNULOX RTU ενέσιμο εναιώρημα για βοοειδή, χοίρους, σκύλους και γάτες, SYNULOX RTU, injekcinė suspensija galvijams, kiaulėms, šunims ir katėms, Sedastart 1 mg/ml solution for injection for cats and dogs, Synulox RTU suspensija injekcijām liellopiem, cūkām, suņiem un kaķiem","Anorexia, Blood in vomit, Constipation, Drinking a lot, Elevated blood urea nitrogen (BUN), Elevated creatinine, Elevated gamma-glutamyl transferase (GGT), Haemophilia, Hyperalbuminaemia, Hyperphosphataemia, Hyperproteinaemia, Hypoglycaemia, Inappetence, Lethargy (see also Central nervous system depression in Neurological), Oedema NOS (see other SOCs for specific oedemas), Oliguria, Other abnormal test result NOS, Other blood disorder NOS, Polyuria, Vomiting, Weak pulse, Weight loss",1,1,
GB-DEBIAHP-2015UK00820,"<a target=""_blank""  href=""/xmlpserver/EVVET3 PW NEW/Subject Area Contents/Public Website/Report (PDF)/AER.xdo?_xpf=&_xpt=1&_params%2FOracle%20BI%20EE%3A%3ADefaultApp%3A%3AEVVET3%20PR%20NEW%2FAER%3A%3Adimension%2FAER%20Id%3A%3Aattribute%3A%3Anoaggr%3A%3Axsd%3Adouble=549280&_xt=AER&_xf=pdf""> AER </a>",2015-12-10 00:00:00,Other health care professional,United Kingdom,FEMALE,Dog,Crossbred Canine/dog,Metacam 1.5 mg/ml - Oral suspension (dogs),Low platelet count,1,1,
GB-DEBIAHP-2015UK00834,"<a target=""_blank""  href=""/xmlpserver/EVVET3 PW NEW/Subject Area Contents/Public Website/Report (PDF)/AER.xdo?_xpf=&_xpt=1&_params%2FOracle%20BI%20EE%3A%3ADefaultApp%3A%3AEVVET3%20PR%20NEW%2FAER%3A%3Adimension%2FAER%20Id%3A%3Aattribute%3A%3Anoaggr%3A%3Axsd%3Adouble=550308&_xt=AER&_xf=pdf""> AER </a>",2015-12-14 00:00:00,Other health care professional,United Kingdom,FEMALE,Dog,Retriever - Labrador,"ALFAXAN 10 mg/ml solution for injection for dogs and cats, Metacam 5 mg/ml - Solution for injection (cats, dogs), Metacam 5 mg/ml - Solution for injection (cattle, pigs), Metacam 5 mg/ml - Solution for injection (dogs), SevoFlo 100%  - Inhalation vapour, liquid","Ear flap oedema, Generalised rash, Swollen eye (see also Immune system disorders), Swollen face (see also Skin), Swollen vulva, Urticaria, Vomiting",1,1,
GB-DEBIAHP-2015UK00869,"<a target=""_blank""  href=""/xmlpserver/EVVET3 PW NEW/Subject Area Contents/Public Website/Report (PDF)/AER.xdo?_xpf=&_xpt=1&_params%2FOracle%20BI%20EE%3A%3ADefaultApp%3A%3AEVVET3%20PR%20NEW%2FAER%3A%3Adimension%2FAER%20Id%3A%3Aattribute%3A%3Anoaggr%3A%3Axsd%3Adouble=552020&_xt=AER&_xf=pdf""> AER </a>",2015-12-18 00:00:00,Veterinarian,United Kingdom,FEMALE,Dog,Collie - Border,Metacam 1.5 mg/ml - Oral suspension (dogs),"Elevated alanine aminotransferase (ALT), Elevated aspartate aminotransferase (AST), Elevated serum alkaline phosphatase (ALP)",1,1,
GB-DEBIAHP-2015UK00884,"<a target=""_blank""  href=""/xmlpserver/EVVET3 PW NEW/Subject Area Contents/Public Website/Report (PDF)/AER.xdo?_xpf=&_xpt=1&_params%2FOracle%20BI%20EE%3A%3ADefaultApp%3A%3AEVVET3%20PR%20NEW%2FAER%3A%3Adimension%2FAER%20Id%3A%3Aattribute%3A%3Anoaggr%3A%3Axsd%3Adouble=553283&_xt=AER&_xf=pdf""> AER </a>",2015-12-22 00:00:00,Other health care professional,United Kingdom,FEMALE,Dog,Crossbred Canine/dog,"Metacam 1.5 mg/ml - Oral suspension (dogs), NOBI-VAC DHP Λυοφιλοποιημένο υλικό και διαλύτης για ενέσιμο εναιώρημα για σκύλους, NOBI-VAC RABIES INJECTION, NOBIVAC DHP LIOFILIZADO Y DISOLVENTE PARA SUSPENSION INYECTABLE PARA PERROS, NOBIVAC DHP ΚΟΝΙΣ ΚΑΙ ΔΙΑΛΥΤΗΣ ΓΙΑ ΕΝΕΣΙΜΟ ΕΝΑΙΩΡΗΜΑ, NOBIVAC KC ΛΥΟΦΙΛΟΠΟΙΗΜΕΝΟ ΥΛΙΚΟ ΚΑΙ ΔΙΑΛΥΤΗΣ ΓΙΑ ΡΙΝΙΚΕΣ ΣΤΑΓΟΝΕΣ, ΕΝΑΙΩΡΗΜΑ, NOBIVAC RABIES, NOBIVAC RABIES ΕΝΕΣΙΜΟ ΕΝΑΙΩΡΗΜΑ, NOBIVAC RABIES, injekcinė suspensija šunims, katėms, galvijams, avims, ožkoms, lapėms, šeškams ir arkliams, Nobivac BbPi  Lyofilisaat en oplosmiddel voor suspensie voor nasaal gebruik, Nobivac DHP, Nobivac DHP  Lyofilisaat en oplosmiddel voor suspensie voor injectie, Nobivac DHP Liofilizat i rozpuszczalnik do sporządzania zawiesiny do wstrzykiwań, Nobivac DHP liofilizāts un šķīdinātājs suspensijas injekcijām pagatavošanai suņiem, Nobivac DHP lyofilizát a rozpúšťadlo na injekčnú suspenziu pre psy, Nobivac DHP lyophilisat et solvant pour suspension injectable, Nobivac DHP lyophilisate and solvent for suspension for injection for dogs, Nobivac DHP vakcina A.U.V., Nobivac DHP vet. injektiokuiva-aine ja liuotin, suspensiota varten, Nobivac DHP, Lyofilizát pro injekční suspenzi, Nobivac DHP, liofilizatas ir skiediklis injekcinei suspensijai ruošti šunims, Nobivac DHP, süstesuspensiooni lüofilisaat koertele, Nobivac DHP, vaccin viu liofilizat pentru suspensie injectabilă pentru câini, Nobivac KC, Nobivac KC deguna pilieni, liofilizāts un šķīdinātājs suspensijas pagatavošanai suņiem, Nobivac KC nasal drops, lyophilisate and solvent for suspension for dogs, Nobivac KC nosies lašai, liofilizatas ir skiediklis suspensijai ruošti šunims, Nobivac KC nosové kvapky, lyofilizát a rozpúšťadlo na suspenziu pre psy, Nobivac KC vakcina A.U.V., Nobivac KC λυοφιλοποιημένο υλικό και διαλύτης για ρινικές σταγόνες, εναιώρημα για σκύλους, Nobivac KC, Lyofilizát a rozpouštědlo pro nosní suspenzi, Nobivac KC, ninatilgad, suspensiooni lüofilisaat ja lahusti, koertele, Nobivac L4 (--) - Suspension for injection, Nobivac Rabies  Suspensie voor injectie, Nobivac Rabies Vet. injektionsvæske, suspension, Nobivac Rabies Zawiesina do wstrzykiwań, Nobivac Rabies injekčná suspenzia pre psy, mačky, hovädzí dobytok, ovce, kozy, líšky, fretky a kone, Nobivac Rabies suspensija injekcijām liellopiem, zirgiem, aitām, kazām, lapsām, mājas seskiem, suņiem un kaķiem, Nobivac Rabies suspension for injection for dogs and cats, Nobivac Rabies suspensão injetável para cães, gatos, bovinos e equinos, Nobivac Rabies vakcina A.U.V., Nobivac Rabies vet injektioneste, suspensio, Nobivac Rabies vet. 2 IE Injektionsvätska, suspension, Nobivac Rabies vet., 2 IE, Injektionsvätska, suspension, Nobivac Rabies vsaj 2 i.e./ml, suspenzija za injiciranje, Nobivac Rabies, Injekční suspenze, Nobivac Rabies, injekcinė suspensija šunims, katėms, galvijams, avims, ožkoms, lapėms, šeškams ir arkliams, Nobivac Rabies, suspenzija za injekciju, za pse, mačke, goveda, konje, ovce, koze, lisice i pitome vretice, Nobivac Rabies, süstesuspensioon koertele, kassidele, veistele, lammastele, kitsedele, rebastele, tuhkrutele ja hobustele, НОБИВАК KC, НОБИВАК РАБИЕС, Нобивак ДХП","Abdominal oedema, Anaemia NOS, Arrhythmia, Death by euthanasia, Dilated pupils, Dyspnoea, Elevated blood urea nitrogen (BUN), Elevated creatinine, Gum disorder NOS, Hyperphosphataemia, Increased borborygmus, Increased respiratory rate, Leukocytosis NOS, Not eating, Oral abscess, Recumbency, Renal degeneration, Respiratory sound, Urinary bladder disorder NOS",1,1,1
GB-DEBIAHP-2015UK00887,"<a target=""_blank""  href=""/xmlpserver/EVVET3 PW NEW/Subject Area Contents/Public Website/Report (PDF)/AER.xdo?_xpf=&_xpt=1&_params%2FOracle%20BI%20EE%3A%3ADefaultApp%3A%3AEVVET3%20PR%20NEW%2FAER%3A%3Adimension%2FAER%20Id%3A%3Aattribute%3A%3Anoaggr%3A%3Axsd%3Adouble=553572&_xt=AER&_xf=pdf""> AER </a>",2015-12-23 00:00:00,Veterinarian,United Kingdom,FEMALE,Dog,Crossbred Canine/dog,Metacam 1.5 mg/ml - Oral suspension (dogs),"Elevated alanine aminotransferase (ALT), Hyperalbuminaemia, Hyperphosphataemia",1,1,
GB-DEBIAHP-2015UK00888,"<a target=""_blank""  href=""/xmlpserver/EVVET3 PW NEW/Subject Area Contents/Public Website/Report (PDF)/AER.xdo?_xpf=&_xpt=1&_params%2FOracle%20BI%20EE%3A%3ADefaultApp%3A%3AEVVET3%20PR%20NEW%2FAER%3A%3Adimension%2FAER%20Id%3A%3Aattribute%3A%3Anoaggr%3A%3Axsd%3Adouble=553777&_xt=AER&_xf=pdf""> AER </a>",2015-12-23 00:00:00,Veterinarian,United Kingdom,UNKNOWN,Dog,Spaniel - Cocker American,"DRONTAL (230+20)MG/TAB ΕΠΙΚΑΛΥΜΜΕΝΟ ΔΙΣΚΙΟ, DRONTAL δισκία εμβονικής πυραντέλης και πραζικουαντέλης για γάτα, DRONTAL, tabletės, DRONTAL-COMPRESSE PER GATTI, Drontal 230 mg/20 mg apvalkotās tabletes kaķiem, Drontal 230 mg/20mg apvalkotās tabletes kaķiem, Drontal 230/20 mg Filmtabletten zum Eingeben für Katzen, Drontal Oral Suspension for Puppies, Drontal Vet. 20 + 230 mg filmovertrukne tabletter, Drontal comprimidos para gatos, Drontal tablety, Drontal vet. 230 mg + 20 mg filmuhúðaðar töflur handa köttum, Drontal vet. 230 mg/20 mg Filmdragerad tablett, Drontal vet. 230 mg/20 mg filmdrasjerte tabletter til katt, Drontal vet. 230 mg/20 mg tabletti, kalvopäällysteinen, Drontal, 230 mg /20 mg, tabletki powlekane dla kotów, Drontal, 230 mg/20 mg õhukese polümeerikattega tabletid kassidele, Drontal, Tableta, Drontal, film coated tablet, Metacam 1 mg - Chewable tablet (dogs), Metacam 5 mg/ml - Solution for injection (cats, dogs), Metacam 5 mg/ml - Solution for injection (cattle, pigs), Metacam 5 mg/ml - Solution for injection (dogs)",Vomiting,1,1,
GB-DEBIAHP-2015UK00899,"<a target=""_blank""  href=""/xmlpserver/EVVET3 PW NEW/Subject Area Contents/Public Website/Report (PDF)/AER.xdo?_xpf=&_xpt=1&_params%2FOracle%20BI%20EE%3A%3ADefaultApp%3A%3AEVVET3%20PR%20NEW%2FAER%3A%3Adimension%2FAER%20Id%3A%3Aattribute%3A%3Anoaggr%3A%3Axsd%3Adouble=551685&_xt=AER&_xf=pdf""> AER </a>",2015-12-17 00:00:00,Veterinarian,United Kingdom,FEMALE,Dog,Retriever - Labrador,"Incurin 1 mg - Tablet, Metacam 1.5 mg/ml - Oral suspension (dogs)",Vomiting,1,1,
GB-DEBIAHP-2015UK00907,"<a target=""_blank""  href=""/xmlpserver/EVVET3 PW NEW/Subject Area Contents/Public Website/Report (PDF)/AER.xdo?_xpf=&_xpt=1&_params%2FOracle%20BI%20EE%3A%3ADefaultApp%3A%3AEVVET3%20PR%20NEW%2FAER%3A%3Adimension%2FAER%20Id%3A%3Aattribute%3A%3Anoaggr%3A%3Axsd%3Adouble=553044&_xt=AER&_xf=pdf""> AER </a>",2015-12-22 00:00:00,Other health care professional,United Kingdom,MALE,Dog,Dog (other),Metacam 1.5 mg/ml - Oral suspension (dogs),"Diarrhoea, General illness, Increased borborygmus, Sickness",1,1,
GB-NLINTVINT-2015-UK-03354,"<a target=""_blank""  href=""/xmlpserver/EVVET3 PW NEW/Subject Area Contents/Public Website/Report (PDF)/AER.xdo?_xpf=&_xpt=1&_params%2FOracle%20BI%20EE%3A%3ADefaultApp%3A%3AEVVET3%20PR%20NEW%2FAER%3A%3Adimension%2FAER%20Id%3A%3Aattribute%3A%3Anoaggr%3A%3Axsd%3Adouble=496431&_xt=AER&_xf=pdf""> AER </a>",2015-08-04 00:00:00,Other health care professional,United Kingdom,MALE,Dog,Siberian Husky,"Metacam 1.5 mg/ml - Oral suspension (dogs), NOBI-VAC DHP Λυοφιλοποιημένο υλικό και διαλύτης για ενέσιμο εναιώρημα για σκύλους, NOBIVAC DHP LIOFILIZADO Y DISOLVENTE PARA SUSPENSION INYECTABLE PARA PERROS, NOBIVAC DHP ΚΟΝΙΣ ΚΑΙ ΔΙΑΛΥΤΗΣ ΓΙΑ ΕΝΕΣΙΜΟ ΕΝΑΙΩΡΗΜΑ, Nobivac DHP, Nobivac DHP  Lyofilisaat en oplosmiddel voor suspensie voor injectie, Nobivac DHP Liofilizat i rozpuszczalnik do sporządzania zawiesiny do wstrzykiwań, Nobivac DHP liofilizāts un šķīdinātājs suspensijas injekcijām pagatavošanai suņiem, Nobivac DHP lyofilizát a rozpúšťadlo na injekčnú suspenziu pre psy, Nobivac DHP lyophilisat et solvant pour suspension injectable, Nobivac DHP lyophilisate and solvent for suspension for injection for dogs, Nobivac DHP vakcina A.U.V., Nobivac DHP vet. injektiokuiva-aine ja liuotin, suspensiota varten, Nobivac DHP, Lyofilizát pro injekční suspenzi, Nobivac DHP, liofilizatas ir skiediklis injekcinei suspensijai ruošti šunims, Nobivac DHP, süstesuspensiooni lüofilisaat koertele, Nobivac DHP, vaccin viu liofilizat pentru suspensie injectabilă pentru câini, Nobivac L4 (--) - Suspension for injection, Нобивак ДХП","Cough, Death by euthanasia, Dry mucous membrane, Elevated alanine aminotransferase (ALT), Elevated liver enzymes NOS, Exercise intolerance, General pain (see other SOCs for specific pain), Impaired vocalisation, Inappetence, Lethargy (see also Central nervous system depression in Neurological), Listless, Myasthenia gravis, Panting, Pyrexia, Walking difficulty, Weight loss",1,1,1
GB-NLINTVINT-2015-UK-03941,"<a target=""_blank""  href=""/xmlpserver/EVVET3 PW NEW/Subject Area Contents/Public Website/Report (PDF)/AER.xdo?_xpf=&_xpt=1&_params%2FOracle%20BI%20EE%3A%3ADefaultApp%3A%3AEVVET3%20PR%20NEW%2FAER%3A%3Adimension%2FAER%20Id%3A%3Aattribute%3A%3Anoaggr%3A%3Axsd%3Adouble=511603&_xt=AER&_xf=pdf""> AER </a>",2015-09-17 00:00:00,Other health care professional,United Kingdom,FEMALE,Dog,Spaniel - Springer English,"Delvosteron 100 mg/ml Zawiesina do wstrzykiwań, Metacam 1.5 mg/ml - Oral suspension (dogs)","Acute renal failure, Pyometra",1,1,
GB-UKDECHRAP-2015-00691,"<a target=""_blank""  href=""/xmlpserver/EVVET3 PW NEW/Subject Area Contents/Public Website/Report (PDF)/AER.xdo?_xpf=&_xpt=1&_params%2FOracle%20BI%20EE%3A%3ADefaultApp%3A%3AEVVET3%20PR%20NEW%2FAER%3A%3Adimension%2FAER%20Id%3A%3Aattribute%3A%3Anoaggr%3A%3Axsd%3Adouble=432902&_xt=AER&_xf=pdf""> AER </a>",2015-02-16 00:00:00,Other health care professional,United Kingdom,FEMALE,Dog,Chihuahua,"ACEPROMAZINE 10%/AGROSEED CANDILIDIS ενέσιμο διάλυμα 10 mg/ml για σκύλο και γάτα, Comfortan 10 mg/ml solution for injection for dogs and cats, Metacam 5 mg/ml - Solution for injection (cats, dogs), Metacam 5 mg/ml - Solution for injection (cattle, pigs), Metacam 5 mg/ml - Solution for injection (dogs)",Apnoea,1,1,
GB-UKDECHRAP-2015-02310,"<a target=""_blank""  href=""/xmlpserver/EVVET3 PW NEW/Subject Area Contents/Public Website/Report (PDF)/AER.xdo?_xpf=&_xpt=1&_params%2FOracle%20BI%20EE%3A%3ADefaultApp%3A%3AEVVET3%20PR%20NEW%2FAER%3A%3Adimension%2FAER%20Id%3A%3Aattribute%3A%3Anoaggr%3A%3Axsd%3Adouble=439218&_xt=AER&_xf=pdf""> AER </a>",2015-03-31 00:00:00,Other health care professional,United Kingdom,FEMALE,Dog,Crossbred Canine/dog,"Metacam 1.5 mg/ml - Oral suspension (dogs), Nisamox 250 mg Tablets for Dogs, Veraflox 60 mg  - Tablet","Adipsia, Cardiac arrest, Constipation, Inappetence, Lethargy (see also Central nervous system depression in Neurological), Malaise, Stranguria, Sudden death, Vaginal haemorrhage, Weakness",1,1,1
GB-UKDECHRAP-2015-11502,"<a target=""_blank""  href=""/xmlpserver/EVVET3 PW NEW/Subject Area Contents/Public Website/Report (PDF)/AER.xdo?_xpf=&_xpt=1&_params%2FOracle%20BI%20EE%3A%3ADefaultApp%3A%3AEVVET3%20PR%20NEW%2FAER%3A%3Adimension%2FAER%20Id%3A%3Aattribute%3A%3Anoaggr%3A%3Axsd%3Adouble=553107&_xt=AER&_xf=pdf""> AER </a>",2015-12-22 00:00:00,Other health care professional,United Kingdom,MIXED,Dog,Bulldog - French,"ACEPROMAZINE 10%/AGROSEED CANDILIDIS ενέσιμο διάλυμα 10 mg/ml για σκύλο και γάτα, Comfortan 10 mg/ml solution for injection for dogs and cats, Metacam 0.5 mg/ml - Oral suspension (cats, guinea pigs), Metacam 0.5 mg/ml - Oral suspension (dogs)","Bradycardia, Circulatory collapse (see also Neurological and Systemic disorders), Hypotension, Sleepiness - neurological disorder, Weak pulse",1,1,
GB-UKNBROOKT-2015-UK-NOR-00126,"<a target=""_blank""  href=""/xmlpserver/EVVET3 PW NEW/Subject Area Contents/Public Website/Report (PDF)/AER.xdo?_xpf=&_xpt=1&_params%2FOracle%20BI%20EE%3A%3ADefaultApp%3A%3AEVVET3%20PR%20NEW%2FAER%3A%3Adimension%2FAER%20Id%3A%3Aattribute%3A%3Anoaggr%3A%3Axsd%3Adouble=456175&_xt=AER&_xf=pdf""> AER </a>",2015-05-15 00:00:00,Other health care professional,United Kingdom,FEMALE,Dog,Crossbred Canine/dog,"Metacam 5 mg/ml - Solution for injection (cats, dogs), Metacam 5 mg/ml - Solution for injection (cattle, pigs), Metacam 5 mg/ml - Solution for injection (dogs), Vetofol 10 mg/ml Emulsion for Injection for Cats and Dogs, Vetofol 10mg/ml Emulsion for Injection for cats and dogs, Vitesel Suspension for Injection","Abnormal ultrasound finding, Acute renal failure, Azotaemia, Chronic renal failure, Hepatic failure",1,1,
GB-UKNBROOKT-2015-UK-NOR-00315,"<a target=""_blank""  href=""/xmlpserver/EVVET3 PW NEW/Subject Area Contents/Public Website/Report (PDF)/AER.xdo?_xpf=&_xpt=1&_params%2FOracle%20BI%20EE%3A%3ADefaultApp%3A%3AEVVET3%20PR%20NEW%2FAER%3A%3Adimension%2FAER%20Id%3A%3Aattribute%3A%3Anoaggr%3A%3Axsd%3Adouble=551674&_xt=AER&_xf=pdf""> AER </a>",2015-12-17 00:00:00,Other health care professional,United Kingdom,MALE,Dog,Spaniel - Springer English,"Metacam 5 mg/ml - Solution for injection (cats, dogs), Metacam 5 mg/ml - Solution for injection (cattle, pigs), Metacam 5 mg/ml - Solution for injection (dogs), Nisamox 250 mg Tablets for Dogs, SYNULOX RTU ενέσιμο εναιώρημα για βοοειδή, χοίρους, σκύλους και γάτες, SYNULOX RTU, injekcinė suspensija galvijams, kiaulėms, šunims ir katėms, Synulox RTU suspensija injekcijām liellopiem, cūkām, suņiem un kaķiem","Elevated cholesterol (total), Elevated gamma-glutamyl transferase (GGT), Elevated lipase, Elevated total bilirubin, Hepatopathy, Hyperthermia, Jaundice, Malaise, Other abnormal test result NOS, Pale mucous membrane",1,1,
GB-UKPFIZAH-2015-UK-00153,"<a target=""_blank""  href=""/xmlpserver/EVVET3 PW NEW/Subject Area Contents/Public Website/Report (PDF)/AER.xdo?_xpf=&_xpt=1&_params%2FOracle%20BI%20EE%3A%3ADefaultApp%3A%3AEVVET3%20PR%20NEW%2FAER%3A%3Adimension%2FAER%20Id%3A%3Aattribute%3A%3Anoaggr%3A%3Axsd%3Adouble=437880&_xt=AER&_xf=pdf""> AER </a>",2015-03-24 00:00:00,Other health care professional,United Kingdom,FEMALE,Dog,Retriever - Labrador,"Apoquel 16 mg - Film-coated tablet, Metacam 1.5 mg/ml - Oral suspension (dogs), Metacam 5 mg/ml - Solution for injection (cats, dogs), Metacam 5 mg/ml - Solution for injection (cattle, pigs), Metacam 5 mg/ml - Solution for injection (dogs)","Abdominal pain, Blood in faeces, Death by euthanasia, Duodenal ulcer, Intestinal perforation, Lethargy (see also Central nervous system depression in Neurological), Neutropenia, Peritonitis, Pyrexia, Vomiting",1,1,1
GB-UKPFIZAH-2015-UK-00819,"<a target=""_blank""  href=""/xmlpserver/EVVET3 PW NEW/Subject Area Contents/Public Website/Report (PDF)/AER.xdo?_xpf=&_xpt=1&_params%2FOracle%20BI%20EE%3A%3ADefaultApp%3A%3AEVVET3%20PR%20NEW%2FAER%3A%3Adimension%2FAER%20Id%3A%3Aattribute%3A%3Anoaggr%3A%3Axsd%3Adouble=459542&_xt=AER&_xf=pdf""> AER </a>",2015-05-27 00:00:00,Other health care professional,United Kingdom,MALE,Dog,Retriever - Labrador,"Metacam 1.5 mg/ml - Oral suspension (dogs), Vanguard Lepto-ci","Elevated liver enzymes NOS, Hepatopathy, Jaundice, Lethargy (see also Central nervous system depression in Neurological), Vomiting",1,1,
GB-UKPFIZAH-2015-UK-01466,"<a target=""_blank""  href=""/xmlpserver/EVVET3 PW NEW/Subject Area Contents/Public Website/Report (PDF)/AER.xdo?_xpf=&_xpt=1&_params%2FOracle%20BI%20EE%3A%3ADefaultApp%3A%3AEVVET3%20PR%20NEW%2FAER%3A%3Adimension%2FAER%20Id%3A%3Aattribute%3A%3Anoaggr%3A%3Axsd%3Adouble=500788&_xt=AER&_xf=pdf""> AER </a>",2015-08-17 00:00:00,Other health care professional,United Kingdom,MALE,Dog,Retriever - Labrador,"Metacam 1.5 mg/ml - Oral suspension (dogs), Rimadyl Palatable Tablets 100 mg","Anaemia NOS, Death by euthanasia, Haemangiosarcoma, Hypersalivation, Lethargy (see also Central nervous system depression in Neurological), Off colour, Spleen hypertrophy",1,1,1
GB-UKPFIZAH-2015-UK-01795,"<a target=""_blank""  href=""/xmlpserver/EVVET3 PW NEW/Subject Area Contents/Public Website/Report (PDF)/AER.xdo?_xpf=&_xpt=1&_params%2FOracle%20BI%20EE%3A%3ADefaultApp%3A%3AEVVET3%20PR%20NEW%2FAER%3A%3Adimension%2FAER%20Id%3A%3Aattribute%3A%3Anoaggr%3A%3Axsd%3Adouble=518627&_xt=AER&_xf=pdf""> AER </a>",2015-10-02 00:00:00,Other health care professional,United Kingdom,FEMALE,Dog,Retriever - Labrador,"Metacam 1.5 mg/ml - Oral suspension (dogs), Trocoxil 75 mg  - Chewable tablet","Abdominal cavity haemorrhage, Abnormal radiograph finding, Death by euthanasia, Distension of abdomen, Haemangiosarcoma, Splenic neoplasm NOS",1,1,1
GBR-ZZELANCORG-UK201500127,"<a target=""_blank""  href=""/xmlpserver/EVVET3 PW NEW/Subject Area Contents/Public Website/Report (PDF)/AER.xdo?_xpf=&_xpt=1&_params%2FOracle%20BI%20EE%3A%3ADefaultApp%3A%3AEVVET3%20PR%20NEW%2FAER%3A%3Adimension%2FAER%20Id%3A%3Aattribute%3A%3Anoaggr%3A%3Axsd%3Adouble=506016&_xt=AER&_xf=pdf""> AER </a>",2015-09-02 00:00:00,Other health care professional,United Kingdom,MALE,Dog,Terrier - Jack Russell,Metacam 1.5 mg/ml - Oral suspension (dogs),"Abdominal cavity haemorrhage, Abdominal effusion, Collapse (see also Cardio-vascular and Systemic disorders), Collapse NOS (see also Cardio-vascular and Neurological disorders), Cough, Death, Epistaxis, Heart valve disorder, Lethargy (see also Central nervous system depression in Neurological), Male reproductive tract neoplasm NOS, Necropsy performed, Pleural effusion, Pulmonary congestion, Pulmonary haemorrhage, Pulmonary oedema, Splenomegaly",1,1,1
GBR-ZZELANCORG-UK201500237,"<a target=""_blank""  href=""/xmlpserver/EVVET3 PW NEW/Subject Area Contents/Public Website/Report (PDF)/AER.xdo?_xpf=&_xpt=1&_params%2FOracle%20BI%20EE%3A%3ADefaultApp%3A%3AEVVET3%20PR%20NEW%2FAER%3A%3Adimension%2FAER%20Id%3A%3Aattribute%3A%3Anoaggr%3A%3Axsd%3Adouble=457338&_xt=AER&_xf=pdf""> AER </a>",2015-05-20 00:00:00,Other health care professional,United Kingdom,FEMALE,Dog,Bichon Frise,"Metacam 5 mg/ml - Solution for injection (cats, dogs), Metacam 5 mg/ml - Solution for injection (cattle, pigs), Metacam 5 mg/ml - Solution for injection (dogs)","Hypothermia, Recovery prolonged, Reduced responses, Unable to stand",1,1,
GBR-ZZELANCORG-UK201500803,"<a target=""_blank""  href=""/xmlpserver/EVVET3 PW NEW/Subject Area Contents/Public Website/Report (PDF)/AER.xdo?_xpf=&_xpt=1&_params%2FOracle%20BI%20EE%3A%3ADefaultApp%3A%3AEVVET3%20PR%20NEW%2FAER%3A%3Adimension%2FAER%20Id%3A%3Aattribute%3A%3Anoaggr%3A%3Axsd%3Adouble=553084&_xt=AER&_xf=pdf""> AER </a>",2015-12-22 00:00:00,Other health care professional,United Kingdom,MALE,Dog,Pug,"ACEPROMAZINE 10%/AGROSEED CANDILIDIS ενέσιμο διάλυμα 10 mg/ml για σκύλο και γάτα, Metacam 5 mg/ml - Solution for injection (cats, dogs), Metacam 5 mg/ml - Solution for injection (cattle, pigs), Metacam 5 mg/ml - Solution for injection (dogs)","Anaemia NOS, Lethargy (see also Central nervous system depression in Neurological), Shaking",1,1,
IE-DEBIAHP-2015IE00004,"<a target=""_blank""  href=""/xmlpserver/EVVET3 PW NEW/Subject Area Contents/Public Website/Report (PDF)/AER.xdo?_xpf=&_xpt=1&_params%2FOracle%20BI%20EE%3A%3ADefaultApp%3A%3AEVVET3%20PR%20NEW%2FAER%3A%3Adimension%2FAER%20Id%3A%3Aattribute%3A%3Anoaggr%3A%3Axsd%3Adouble=437482&_xt=AER&_xf=pdf""> AER </a>",2015-03-20 00:00:00,Veterinarian,Ireland,MALE,Dog,Retriever - Labrador,Metacam 1.5 mg/ml - Oral suspension (dogs),Behavioural disorder NOS,1,1,
IE-DEBIAHP-2015IE00015,"<a target=""_blank""  href=""/xmlpserver/EVVET3 PW NEW/Subject Area Contents/Public Website/Report (PDF)/AER.xdo?_xpf=&_xpt=1&_params%2FOracle%20BI%20EE%3A%3ADefaultApp%3A%3AEVVET3%20PR%20NEW%2FAER%3A%3Adimension%2FAER%20Id%3A%3Aattribute%3A%3Anoaggr%3A%3Axsd%3Adouble=501975&_xt=AER&_xf=pdf""> AER </a>",2015-08-20 00:00:00,Veterinarian,Ireland,MALE,Dog,Newfoundland,Metacam 1.5 mg/ml - Oral suspension (dogs),Vomiting,1,1,
IE-DEBIAHP-2015IE00018,"<a target=""_blank""  href=""/xmlpserver/EVVET3 PW NEW/Subject Area Contents/Public Website/Report (PDF)/AER.xdo?_xpf=&_xpt=1&_params%2FOracle%20BI%20EE%3A%3ADefaultApp%3A%3AEVVET3%20PR%20NEW%2FAER%3A%3Adimension%2FAER%20Id%3A%3Aattribute%3A%3Anoaggr%3A%3Axsd%3Adouble=512609&_xt=AER&_xf=pdf""> AER </a>",2015-09-21 00:00:00,Veterinarian,Ireland,UNKNOWN,Dog,Dog (other),Metacam 1.5 mg/ml - Oral suspension (dogs),"Digestive tract disorder NOS, Renal disorder NOS",1,1,
IE-IECHAN-1504047,"<a target=""_blank""  href=""/xmlpserver/EVVET3 PW NEW/Subject Area Contents/Public Website/Report (PDF)/AER.xdo?_xpf=&_xpt=1&_params%2FOracle%20BI%20EE%3A%3ADefaultApp%3A%3AEVVET3%20PR%20NEW%2FAER%3A%3Adimension%2FAER%20Id%3A%3Aattribute%3A%3Anoaggr%3A%3Axsd%3Adouble=489005&_xt=AER&_xf=pdf""> AER </a>",2015-07-10 00:00:00,Veterinarian,Ireland,FEMALE,Dog,Saint Bernard Dog,"DOMOSEDAN 10 mg/ml injekčný roztok, Fuxien vet 1000 mg/g inhalaatiohöyry, neste, ISOFLURANE-Vet 1000 mg/g liquido per inalazione per cani e gatti, ISOFLURIN 1000mg/g ΥΓΡΟ ΓΙΑ ΕΙΣΠΝΕΟΜΕΝΟΥΣ ΑΤΜΟΥΣ, Isoflurane 100% Inhalation Vapour, Liquid, Isoflurane 1000 mg/g Inhalation Vapour, liquid., Metacam 5 mg/ml - Solution for injection (cats, dogs), Metacam 5 mg/ml - Solution for injection (cattle, pigs), Metacam 5 mg/ml - Solution for injection (dogs), Rheumocam 5 mg/ml  - Solution for injection (cats, dogs), Rheumocam 5 mg/ml - Solution for injection (cattle, pigs), Torbugesic 10 mg/ml Solution for Injection","Acute renal failure, Ascites, Azotaemia, Death, Depression, Dullness, Jaundice, Not eating, Polydipsia, Vomiting, Weakness",1,1,1
IT-DEBIAHP-2015IT00010,"<a target=""_blank""  href=""/xmlpserver/EVVET3 PW NEW/Subject Area Contents/Public Website/Report (PDF)/AER.xdo?_xpf=&_xpt=1&_params%2FOracle%20BI%20EE%3A%3ADefaultApp%3A%3AEVVET3%20PR%20NEW%2FAER%3A%3Adimension%2FAER%20Id%3A%3Aattribute%3A%3Anoaggr%3A%3Axsd%3Adouble=530374&_xt=AER&_xf=pdf""> AER </a>",2015-10-20 00:00:00,Veterinarian,Italy,MALE,Dog,Terrier - Yorkshire,"Metacam 0.5 mg/ml - Oral suspension (cats, guinea pigs), Metacam 0.5 mg/ml - Oral suspension (dogs), SYNULOX (200+50)MG/TAB ΔΙΣΚΙΟ, SYNULOX (40+10)MG/TAB ΔΙΣΚΙΟ, SYNULOX 140 mg/ml + 35 mg/ml suspensión inyectable, SYNULOX 200 mg/50 mg tablety pre psy a mačky, SYNULOX 200/50 mg COMPRIMIDOS APETITOSOS PARA PERROS, SYNULOX 250 COMPRIMES POUR CHIENS, SYNULOX 250 mg, SYNULOX 250 mg kramtomosios tabletės šunims ir katėms, SYNULOX 250 mg tablete za pse in mačke, SYNULOX 250mg, δισκία για σκύλους και γάτες, SYNULOX 40 mg/10 mg tablety pre psy a mačky, SYNULOX 40 mg/ml + 10 mg/ml POLVO PARA GOTAS ORALES EN SUSPENSION, SYNULOX 40/10 MG COMPRIMIDOS APETITOSOS PARA PERROS Y GATOS, SYNULOX 400 mg/100 mg tablety pre psy, SYNULOX 400/100 mg COMPRIMIDOS APETITOSOS PARA PERROS, SYNULOX 50 COMPRIMES POUR CHIENS ET CHATS, SYNULOX 50 mg, SYNULOX 50 mg kramtomosios tabletės šunims ir katėms, SYNULOX 50 mg tablete za pse in mačke, SYNULOX 500 COMPRIMES POUR CHIENS, SYNULOX 500 mg kramtomosios tabletės šunims, SYNULOX 500 mg tablete za pse, SYNULOX 500 mg, kramtomosios tabletės šunims, SYNULOX 500MG/TAB ΔΙΣΚΙΟ, SYNULOX 50mg, δισκία για σκύλους και γάτες, SYNULOX OGIVETTES POUR VEAUX, SYNULOX SUSPENSION INJECTABLE POUR BOVINS, SYNULOX VET 140 mg/ml injektioneste, suspensio koiralle, kissalle ja sialle, SYNULOX suspensão injetável para suínos, bovinos, cães e gatos, SYNULOX vet 200 mg/50 mg tabletti, koiralle ja kissalle, SYNULOX vet 40 mg/10 mg tabletti, koiralle ja kissalle, SYNULOX vet 400 mg/100 mg tabletti, koiralle, SYNULOX, 400/100mg, Tableta, Synulox 250 mg Comprimés Appétents, Synulox 250 mg Smakelijke tabletten, Synulox 250 mg tabletes suņiem un kaķiem, Synulox 250 mg, tabletid koertele ja kassidele, Synulox 250 mg, таблетки за кучета и котки, Synulox 250mg (200 mg/50 mg)  Tabletten für Hunde, Synulox 50 mg Comprimés Appétents, Synulox 50 mg Smakelijke Tabletten, Synulox 50 mg tabletes suņiem un kaķiem, Synulox 50 mg, tabletid koertele ja kassidele, Synulox 50 mg, таблетки за кучета и котки, Synulox 500 mg Bolus 400 mg - 100 mg Omhulde tablet, Synulox 500 mg Comprimés Appétents, Synulox 500 mg Smakelijke Tabletten, Synulox 500 mg tabletes suņiem, Synulox 500 mg, tabletid koertele, Synulox 500mg (400 mg/100 mg) Tabletten für Hunde, Synulox 50mg (40 mg/10 mg) Tabletten für Hunde und Katzen, Synulox Bolus 500 mg, 400 mg + 100 mg comprimés enrobés pour veaux, Synulox Lactating Cow Intramammary suspension., Synulox Tabletki 250 mg, Synulox Tabletki 250 mg (200+50) mg/tablete; tabletes suņiem, Synulox Tabletki 50 mg, Synulox Tabletki 50 mg (40+10) mg/ tablete; tabletes suņiem un kaķiem, Synulox Tabletki 500 mg, Synulox Vet. til hund og kat 200 + 50 mg tabletter, Synulox Vet. til hund og kat 40 + 10 mg tabletter, Synulox Vet. til hund tabletter 400 + 100 mg, Synulox Vet. til kalve 400 + 100 mg tabletter, Synulox comprimidos palatáveis 250 mg para cães e gatos, Synulox comprimidos palatáveis 50 mg para cães e gatos, Synulox comprimidos palatáveis 500 mg para cães, Synulox vet 40 mg/ml jauhe oraalisuspensiota varten koiralle ja kissalle, Synulox vet. 200 mg tabletter for hund og katt, Synulox vet. 200 mg/50 mg Tablett, Synulox vet. 40 mg tabletter for hund og katt, Synulox vet. 40 mg/10 mg Tablett, Synulox vet. 400 mg tabletter for hund, Synulox vet. 400 mg/100 mg Tablett, Synulox, 200/50mg, Tableta, Synulox, 40/10mg, Tableta, Synulox-Kalb 400 mg/100 mg Filmtabletten für Rinder (Kälber)",Found dead,1,1,1
JP-BAYERBAH-2015-282929,"<a target=""_blank""  href=""/xmlpserver/EVVET3 PW NEW/Subject Area Contents/Public Website/Report (PDF)/AER.xdo?_xpf=&_xpt=1&_params%2FOracle%20BI%20EE%3A%3ADefaultApp%3A%3AEVVET3%20PR%20NEW%2FAER%3A%3Adimension%2FAER%20Id%3A%3Aattribute%3A%3Anoaggr%3A%3Axsd%3Adouble=484157&_xt=AER&_xf=pdf""> AER </a>",2015-06-30 00:00:00,Veterinarian,Japan,MALE,Dog,Crossbred Canine/dog,"Baytril 25 mg/ml injekčný roztok, Metacam 0.5 mg/ml - Oral suspension (cats, guinea pigs), Metacam 0.5 mg/ml - Oral suspension (dogs), Metacam 1 mg - Chewable tablet (dogs), Metacam 1.5 mg/ml - Oral suspension (dogs), Metacam 15 mg/ml - Oral suspension (horses), Metacam 15 mg/ml - Oral suspension (pigs), Metacam 2 mg/ml - Solution for injection (cats), Metacam 2.5 mg - Chewable tablet (dogs), Metacam 20 mg/ml - Solution for injection (cattle, pigs, horses), Metacam 40 mg/ml - Solution for injection (cattle, horses), Metacam 5 mg/ml - Solution for injection (cats, dogs), Metacam 5 mg/ml - Solution for injection (cattle, pigs), Metacam 5 mg/ml - Solution for injection (dogs)","Death, Fever, Hypersalivation, Impaired consciousness, Seizure NOS, Tic(s)",1,1,1
JP-DEBIAHP-2015JP00009,"<a target=""_blank""  href=""/xmlpserver/EVVET3 PW NEW/Subject Area Contents/Public Website/Report (PDF)/AER.xdo?_xpf=&_xpt=1&_params%2FOracle%20BI%20EE%3A%3ADefaultApp%3A%3AEVVET3%20PR%20NEW%2FAER%3A%3Adimension%2FAER%20Id%3A%3Aattribute%3A%3Anoaggr%3A%3Axsd%3Adouble=540901&_xt=AER&_xf=pdf""> AER </a>",2015-11-11 00:00:00,Veterinarian,Japan,FEMALE,Dog,Spaniel - King Charles Cavalier,"Metacam 15 mg/ml - Oral suspension (horses), Metacam 15 mg/ml - Oral suspension (pigs), Metacam 5 mg/ml - Solution for injection (cats, dogs), Metacam 5 mg/ml - Solution for injection (cattle, pigs), Metacam 5 mg/ml - Solution for injection (dogs)","Anorexia, Elevated blood urea nitrogen (BUN), Elevated creatinine",1,1,
NL-DEBIAHP-2014NL00038,"<a target=""_blank""  href=""/xmlpserver/EVVET3 PW NEW/Subject Area Contents/Public Website/Report (PDF)/AER.xdo?_xpf=&_xpt=1&_params%2FOracle%20BI%20EE%3A%3ADefaultApp%3A%3AEVVET3%20PR%20NEW%2FAER%3A%3Adimension%2FAER%20Id%3A%3Aattribute%3A%3Anoaggr%3A%3Axsd%3Adouble=427832&_xt=AER&_xf=pdf""> AER </a>",2015-01-19 00:00:00,Animal owner,Netherlands,MIXED,Dog,Chihuahua,"Metacam 1.5 mg/ml - Oral suspension (dogs), SYNULOX (200+50)MG/TAB ΔΙΣΚΙΟ, SYNULOX (40+10)MG/TAB ΔΙΣΚΙΟ, SYNULOX 140 mg/ml + 35 mg/ml suspensión inyectable, SYNULOX 200 mg/50 mg tablety pre psy a mačky, SYNULOX 200/50 mg COMPRIMIDOS APETITOSOS PARA PERROS, SYNULOX 250 COMPRIMES POUR CHIENS, SYNULOX 250 mg, SYNULOX 250 mg kramtomosios tabletės šunims ir katėms, SYNULOX 250 mg tablete za pse in mačke, SYNULOX 250mg, δισκία για σκύλους και γάτες, SYNULOX 40 mg/10 mg tablety pre psy a mačky, SYNULOX 40 mg/ml + 10 mg/ml POLVO PARA GOTAS ORALES EN SUSPENSION, SYNULOX 40/10 MG COMPRIMIDOS APETITOSOS PARA PERROS Y GATOS, SYNULOX 400 mg/100 mg tablety pre psy, SYNULOX 400/100 mg COMPRIMIDOS APETITOSOS PARA PERROS, SYNULOX 50 COMPRIMES POUR CHIENS ET CHATS, SYNULOX 50 mg, SYNULOX 50 mg kramtomosios tabletės šunims ir katėms, SYNULOX 50 mg tablete za pse in mačke, SYNULOX 500 COMPRIMES POUR CHIENS, SYNULOX 500 mg kramtomosios tabletės šunims, SYNULOX 500 mg tablete za pse, SYNULOX 500 mg, kramtomosios tabletės šunims, SYNULOX 500MG/TAB ΔΙΣΚΙΟ, SYNULOX 50mg, δισκία για σκύλους και γάτες, SYNULOX OGIVETTES POUR VEAUX, SYNULOX SUSPENSION INJECTABLE POUR BOVINS, SYNULOX VET 140 mg/ml injektioneste, suspensio koiralle, kissalle ja sialle, SYNULOX suspensão injetável para suínos, bovinos, cães e gatos, SYNULOX vet 200 mg/50 mg tabletti, koiralle ja kissalle, SYNULOX vet 40 mg/10 mg tabletti, koiralle ja kissalle, SYNULOX vet 400 mg/100 mg tabletti, koiralle, SYNULOX, 400/100mg, Tableta, Synulox 250 mg Comprimés Appétents, Synulox 250 mg Smakelijke tabletten, Synulox 250 mg tabletes suņiem un kaķiem, Synulox 250 mg, tabletid koertele ja kassidele, Synulox 250 mg, таблетки за кучета и котки, Synulox 250mg (200 mg/50 mg)  Tabletten für Hunde, Synulox 50 mg Comprimés Appétents, Synulox 50 mg Smakelijke Tabletten, Synulox 50 mg tabletes suņiem un kaķiem, Synulox 50 mg, tabletid koertele ja kassidele, Synulox 50 mg, таблетки за кучета и котки, Synulox 500 mg Bolus 400 mg - 100 mg Omhulde tablet, Synulox 500 mg Comprimés Appétents, Synulox 500 mg Smakelijke Tabletten, Synulox 500 mg tabletes suņiem, Synulox 500 mg, tabletid koertele, Synulox 500mg (400 mg/100 mg) Tabletten für Hunde, Synulox 50mg (40 mg/10 mg) Tabletten für Hunde und Katzen, Synulox Bolus 500 mg, 400 mg + 100 mg comprimés enrobés pour veaux, Synulox Lactating Cow Intramammary suspension., Synulox Tabletki 250 mg, Synulox Tabletki 250 mg (200+50) mg/tablete; tabletes suņiem, Synulox Tabletki 50 mg, Synulox Tabletki 50 mg (40+10) mg/ tablete; tabletes suņiem un kaķiem, Synulox Tabletki 500 mg, Synulox Vet. til hund og kat 200 + 50 mg tabletter, Synulox Vet. til hund og kat 40 + 10 mg tabletter, Synulox Vet. til hund tabletter 400 + 100 mg, Synulox Vet. til kalve 400 + 100 mg tabletter, Synulox comprimidos palatáveis 250 mg para cães e gatos, Synulox comprimidos palatáveis 50 mg para cães e gatos, Synulox comprimidos palatáveis 500 mg para cães, Synulox vet 40 mg/ml jauhe oraalisuspensiota varten koiralle ja kissalle, Synulox vet. 200 mg tabletter for hund og katt, Synulox vet. 200 mg/50 mg Tablett, Synulox vet. 40 mg tabletter for hund og katt, Synulox vet. 40 mg/10 mg Tablett, Synulox vet. 400 mg tabletter for hund, Synulox vet. 400 mg/100 mg Tablett, Synulox, 200/50mg, Tableta, Synulox, 40/10mg, Tableta, Synulox-Kalb 400 mg/100 mg Filmtabletten für Rinder (Kälber)","Death, Diarrhoea, Lethargy (see also Central nervous system depression in Neurological)",3,3,1
NL-DEBIAHP-2015NL00008,"<a target=""_blank""  href=""/xmlpserver/EVVET3 PW NEW/Subject Area Contents/Public Website/Report (PDF)/AER.xdo?_xpf=&_xpt=1&_params%2FOracle%20BI%20EE%3A%3ADefaultApp%3A%3AEVVET3%20PR%20NEW%2FAER%3A%3Adimension%2FAER%20Id%3A%3Aattribute%3A%3Anoaggr%3A%3Axsd%3Adouble=438490&_xt=AER&_xf=pdf""> AER </a>",2015-03-26 00:00:00,Veterinarian,Netherlands,MALE,Dog,Unknown,"Metacam 2.5 mg - Chewable tablet (dogs), Metacam 5 mg/ml - Solution for injection (cats, dogs), Metacam 5 mg/ml - Solution for injection (cattle, pigs), Metacam 5 mg/ml - Solution for injection (dogs)","Apathy, Bloody diarrhoea, Vomiting",1,1,
NL-DEBIAHP-2015NL00018,"<a target=""_blank""  href=""/xmlpserver/EVVET3 PW NEW/Subject Area Contents/Public Website/Report (PDF)/AER.xdo?_xpf=&_xpt=1&_params%2FOracle%20BI%20EE%3A%3ADefaultApp%3A%3AEVVET3%20PR%20NEW%2FAER%3A%3Adimension%2FAER%20Id%3A%3Aattribute%3A%3Anoaggr%3A%3Axsd%3Adouble=466000&_xt=AER&_xf=pdf""> AER </a>",2015-06-08 00:00:00,Veterinarian,Netherlands,MALE,Dog,Crossbred Canine/dog,Metacam 1.5 mg/ml - Oral suspension (dogs),"Aggression, Anxiety",1,1,
NL-DEBIAHP-2015NL00020,"<a target=""_blank""  href=""/xmlpserver/EVVET3 PW NEW/Subject Area Contents/Public Website/Report (PDF)/AER.xdo?_xpf=&_xpt=1&_params%2FOracle%20BI%20EE%3A%3ADefaultApp%3A%3AEVVET3%20PR%20NEW%2FAER%3A%3Adimension%2FAER%20Id%3A%3Aattribute%3A%3Anoaggr%3A%3Axsd%3Adouble=451794&_xt=AER&_xf=pdf""> AER </a>",2015-05-06 00:00:00,Animal owner,Netherlands,MALE,Dog,Shih Tzu,"Metacam 0.5 mg/ml - Oral suspension (cats, guinea pigs), Metacam 0.5 mg/ml - Oral suspension (dogs), Metacam 1.5 mg/ml - Oral suspension (dogs), Metacam 15 mg/ml - Oral suspension (horses), Metacam 15 mg/ml - Oral suspension (pigs)","Apathy, Death by euthanasia, Decreased appetite, Decreased red blood cell count, Digestive tract haemorrhage NOS",1,1,1
NL-NLINTVINT-2015-NL-00669,"<a target=""_blank""  href=""/xmlpserver/EVVET3 PW NEW/Subject Area Contents/Public Website/Report (PDF)/AER.xdo?_xpf=&_xpt=1&_params%2FOracle%20BI%20EE%3A%3ADefaultApp%3A%3AEVVET3%20PR%20NEW%2FAER%3A%3Adimension%2FAER%20Id%3A%3Aattribute%3A%3Anoaggr%3A%3Axsd%3Adouble=527975&_xt=AER&_xf=pdf""> AER </a>",2015-10-15 00:00:00,Veterinarian,Netherlands,FEMALE,Dog,Retriever - Labrador,"Clavoral 250/62.5 mg tablet for dogs and cats (strength 250 mg amoxicillin + 62.5 mg), Clavoral 50/12.5 mg tablet for dogs and cats (strength 50 mg amoxicillin + 12.5 mg, Clavoral 500/125 mg tablet for dogs  (strength 500 mg amoxicillin + 125 mg, Clavubactin 250/62.5 MG tabletes iekšķīgai lietošanai suņiem, Clavubactin 250/62.5 mg tablet, Clavubactin 50/12.5, Clavubactin 50/12.5 MG tabletes iekšķīgai lietošanai suņiem un kaķiem, Clavubactin 500/125 MG tabletes iekšķīgai lietošanai suņiem, Clavubactin 500/125 mg tablet, MARAVET AMOXICILLIN, Metacam 1 mg - Chewable tablet (dogs), Metacam 2 mg/ml - Solution for injection (cats), Metacam 2.5 mg - Chewable tablet (dogs), Metacam 20 mg/ml - Solution for injection (cattle, pigs, horses), Metacam 40 mg/ml - Solution for injection (cattle, horses), Metacam 5 mg/ml - Solution for injection (cats, dogs), Metacam 5 mg/ml - Solution for injection (cattle, pigs), Metacam 5 mg/ml - Solution for injection (dogs), Nobivac L4 (--) - Suspension for injection","Death, Lack of efficacy - NOS",1,1,1
NO-DEBIAHP-2015NO00002,"<a target=""_blank""  href=""/xmlpserver/EVVET3 PW NEW/Subject Area Contents/Public Website/Report (PDF)/AER.xdo?_xpf=&_xpt=1&_params%2FOracle%20BI%20EE%3A%3ADefaultApp%3A%3AEVVET3%20PR%20NEW%2FAER%3A%3Adimension%2FAER%20Id%3A%3Aattribute%3A%3Anoaggr%3A%3Axsd%3Adouble=439530&_xt=AER&_xf=pdf""> AER </a>",2015-04-02 00:00:00,Veterinarian,Norway,UNKNOWN,Dog,"Hound - Swiss - (Lucerne Hound (Luzerner Laufhund), Schwyz Hound (Schweizer Laufhund), Bernese Hound, Jura Hound)",Metacam 1.5 mg/ml - Oral suspension (dogs),Bloody diarrhoea,1,1,
NO-NONOMA-2015-0623,"<a target=""_blank""  href=""/xmlpserver/EVVET3 PW NEW/Subject Area Contents/Public Website/Report (PDF)/AER.xdo?_xpf=&_xpt=1&_params%2FOracle%20BI%20EE%3A%3ADefaultApp%3A%3AEVVET3%20PR%20NEW%2FAER%3A%3Adimension%2FAER%20Id%3A%3Aattribute%3A%3Anoaggr%3A%3Axsd%3Adouble=435383&_xt=AER&_xf=pdf""> AER </a>",2015-03-06 00:00:00,Veterinarian,Norway,MALE,Dog,Spitz - German Pomeranian,Metacam 1 mg - Chewable tablet (dogs),"Diarrhoea, Vomiting",1,1,
NO-NONOMA-2015-6686,"<a target=""_blank""  href=""/xmlpserver/EVVET3 PW NEW/Subject Area Contents/Public Website/Report (PDF)/AER.xdo?_xpf=&_xpt=1&_params%2FOracle%20BI%20EE%3A%3ADefaultApp%3A%3AEVVET3%20PR%20NEW%2FAER%3A%3Adimension%2FAER%20Id%3A%3Aattribute%3A%3Anoaggr%3A%3Axsd%3Adouble=472836&_xt=AER&_xf=pdf""> AER </a>",2015-06-22 00:00:00,Veterinarian,Norway,FEMALE,Dog,Unknown,Metacam 1.5 mg/ml - Oral suspension (dogs),"Anaemia NOS, Bloody diarrhoea, Circulatory shock",1,1,
NZ-DEBIAHP-2015NZ00001,"<a target=""_blank""  href=""/xmlpserver/EVVET3 PW NEW/Subject Area Contents/Public Website/Report (PDF)/AER.xdo?_xpf=&_xpt=1&_params%2FOracle%20BI%20EE%3A%3ADefaultApp%3A%3AEVVET3%20PR%20NEW%2FAER%3A%3Adimension%2FAER%20Id%3A%3Aattribute%3A%3Anoaggr%3A%3Axsd%3Adouble=433913&_xt=AER&_xf=pdf""> AER </a>",2015-02-24 00:00:00,Veterinarian,New Zealand,UNKNOWN,Dog,Pointing Dog - German Short-haired,"Combiclav Intramammary Suspension for Lactating Cows, Metacam 2.5 mg - Chewable tablet (dogs), NOROCLAV 250 mg, comprimate, NOROCLAV INJECTION, NOROCLAV injekčná suspenzia, NOROCLAV, 200/50mg, Tableta, NOROCLAV, 40/10mg, Tableta, NOROCLAV, injekcinė suspensija, Noroclav 140/35 mg/ml szuszpenziós injekció szarvasmarhák és kutyák számáraA.U.V., Noroclav 200/50 mg tablety, Noroclav 250 mg Tablets for dogs, Noroclav 250 mg tabletta kutyák részére A.U.V., Noroclav 250 mg, tabletid koertele ja kassidele, Noroclav 40/10 mg tablety, Noroclav 400/100 Ízesített tabletta kutyák részére A.U.V., Noroclav 50 mg Tablets for Dogs and Cats, Noroclav 50 mg tabletta kutyák és macskák részére A.U.V., Noroclav 50 mg, tabletid koertele ja kassidele, Noroclav 500 mg Palatable Tablets for Dogs, Noroclav 500 mg, tabletid koertele, Noroclav Injection for Cattle and Dogs, Noroclav Injection, 140 mg + 35 mg/ml süstesuspensioon veistele, Noroclav Intramammary Suspension for Lactating Cows, Noroclav Suspension zur intramammären Anwendung bei laktierenden Kühen, Noroclav suspensija ievadīšanai tesmenī laktējošām govīm, Noroclav, Injekční suspenze, Synuclav Suspension for Injection, Нороклав 50 мг, 250 мг таблетки",Itchy skin,1,1,
PL-NLINTVINT-2015-PL-00011,"<a target=""_blank""  href=""/xmlpserver/EVVET3 PW NEW/Subject Area Contents/Public Website/Report (PDF)/AER.xdo?_xpf=&_xpt=1&_params%2FOracle%20BI%20EE%3A%3ADefaultApp%3A%3AEVVET3%20PR%20NEW%2FAER%3A%3Adimension%2FAER%20Id%3A%3Aattribute%3A%3Anoaggr%3A%3Axsd%3Adouble=431658&_xt=AER&_xf=pdf""> AER </a>",2015-02-09 00:00:00,Other health care professional,Poland,MALE,Dog,Terrier - West Highland White,"BETAMOX LA, BETAMOX LA 150 mg/mL, ενέσιμο εναιώρημα για βοοειδή, πρόβατα, χοίρους, σκύλους και γάτες, BETAMOX LA 150 mg/ml, injekcinė suspensija galvijams, kiaulėms, avims, šunims ir katėms, BETAMOX LA, 150 mg/ml sospensione iniettabile per bovini, suini, cani e gatti, Betamox L.A. 150 mg/ml Zawiesina do wstrzykiwań, Betamox LA 150 mg/ml Suspension for Injection, Betamox LA 150 mg/ml injekčná suspenzia, Betamox LA 150 mg/ml suspensija injekcijām liellopiem, aitām, cūkām, suņiem, kaķiem, Betamox LA 150 mg/ml szuszpenziós injekció A.U.V., Betamox LA Injection, 150 mg /ml Ενέσιμο Εναιώρημα για βοοειδή, πρόβατα, χοίρους, σκύλους, γάτες, Betamox LA, 150 mg/ml süstesuspensioon, Betamox LA, 150mg/ml, Injekční suspenze, Betamox long acting - Injektionssuspension für Tiere, MASTIJET FORT  intramamarna suspenzija za krave v laktaciji, MASTIJET FORT, 200 mg + 250 mg + 2000 i.j. + 10 mg, intramamarna suspenzija za krave u laktaciji, Mastijet Fort (200 mg + 250 mg + 2000 j.m. + 10 mg)/8 g Zawiesina dowymieniowa, Metacam 2 mg/ml - Solution for injection (cats), Metacam 20 mg/ml - Solution for injection (cattle, pigs, horses), Metacam 40 mg/ml - Solution for injection (cattle, horses), Metacam 5 mg/ml - Solution for injection (cats, dogs), Metacam 5 mg/ml - Solution for injection (cattle, pigs), Metacam 5 mg/ml - Solution for injection (dogs), OTOMAX EAR DROPS SUSPENSION, OTOMAX ear drops, OTOMAX ušná suspenzia pre psy, OTOMAX, Ušní kapky, suspenze, OTOMAX, kapi za uho, suspenzija, za pse, Otomax (2640 j.m. + 0,88 mg + 8,8 mg)/ml Zawiesina do uszu, Otomax 2640 NE / 0,88 mg / 8,8 mg / ml szuszpenziós fülcsepp kutyák számára, Otomax gotas auriculares, suspensão, Otomax kapljice za uho, suspenzija, Бетамокс ЛА инж., МАСТИДЖЕТ ФОРТ",Partial deafness,1,1,
SE-DEBIAHP-2013SE00070,"<a target=""_blank""  href=""/xmlpserver/EVVET3 PW NEW/Subject Area Contents/Public Website/Report (PDF)/AER.xdo?_xpf=&_xpt=1&_params%2FOracle%20BI%20EE%3A%3ADefaultApp%3A%3AEVVET3%20PR%20NEW%2FAER%3A%3Adimension%2FAER%20Id%3A%3Aattribute%3A%3Anoaggr%3A%3Axsd%3Adouble=427375&_xt=AER&_xf=pdf""> AER </a>",2015-01-15 00:00:00,Veterinarian,Sweden,FEMALE,Dog,Bulldog,"Atipam 5.0 mg/ml solution for injection for Cats and Dogs - atipamezole hydrochloride, Atipam, 5.0 mg/ml, solution for injection for cats and dogs, CLINACIN 150 mg, CLINACIN 75 mg, Clinacin 150 mg Tablets for Dogs, Clinacin 150 mg ΔΙΣΚΙΟ, Clinacin 25 mg Tablets, Clinacin 25 mg Tablets for Dogs, Clinacin 25 mg Tablets, tabletid koertele, Clinacin 25 mg/ml belsőleges oldat macskák és kutyák részére A.U.V., Clinacin 300 mg Tablets for Dogs, Clinacin 75 mg Tablets for Dogs, Clindaseptin 150 mg capsules for dogs, Clindaseptin 25 mg capsules for dogs, Clindaseptin 300 mg capsules for dogs, Clindaseptin 75 mg capsules for dogs, DOLOREX, Dolorex 10 mg/ml Solution for Injection for horse, dog and cat, Dolorex 10 mg/ml ενέσιμο διάλυμα για άλογο, σκύλο και γάτα, Metacam 5 mg/ml - Solution for injection (cats, dogs), Metacam 5 mg/ml - Solution for injection (cattle, pigs), Metacam 5 mg/ml - Solution for injection (dogs), SEDATOR, 1.0 mg/ml, solution for injection for cats and dogs, Sedator, 1.0 mg/ml, solution for injection for cats and dogs",Bloody diarrhoea,1,1,
SE-DEBIAHP-2015SE00010,"<a target=""_blank""  href=""/xmlpserver/EVVET3 PW NEW/Subject Area Contents/Public Website/Report (PDF)/AER.xdo?_xpf=&_xpt=1&_params%2FOracle%20BI%20EE%3A%3ADefaultApp%3A%3AEVVET3%20PR%20NEW%2FAER%3A%3Adimension%2FAER%20Id%3A%3Aattribute%3A%3Anoaggr%3A%3Axsd%3Adouble=484684&_xt=AER&_xf=pdf""> AER </a>",2015-06-30 00:00:00,Animal owner,Sweden,FEMALE,Dog,Retriever - Nova Scotia Duck Tolling,"ANTIROBE 150MG/CAP ΚΑΨΑΚΙΟ, ΣΚΛΗΡΟ, ANTIROBE 300MG/CAP ΚΑΨΑΚΙΟ, ΣΚΛΗΡΟ, ANTIROBE 75MG/CAP ΚΑΨΑΚΙΟ, ΣΚΛΗΡΟ, ANTIROBE Capsule da 150 mg per cani, ANTIROBE Capsule da 25 mg per cani e gatti, ANTIROBE Capsule da 300 mg per cani, ANTIROBE Capsule da 75 mg per cani e gatti, Antirobe vet. 150 mg Kapsel, hård, Antirobe vet. 25 mg Kapsel, hård, Antirobe vet. 300 mg Kapsel, hård, Antirobe vet. 75 mg Kapsel, hård, Bupaq 0,3 mg/ml Injektionslösung für Hunde und Katzen, Metacam 1.5 mg/ml - Oral suspension (dogs), VETRIMOXIN 150MG/ML ΕΝΕΣΙΜΟ ΕΝΑΙΩΡΗΜΑ, VETRIMOXIN 150MG/TAB ΔΙΣΚΙΟ, VETRIMOXIN 20MG/ML ΣΤΟΜΑΤΙΚΗ ΠΑΣΤΑ, VETRIMOXIN 48 HEURES, VETRIMOXIN 50, VETRIMOXIN 50 mg/g Premix for medicated feeding stuff for pigs, VETRIMOXIN 50, 50%, Prášek pro perorální roztok, VETRIMOXIN 500 mg/g prášok na perorálny roztok, VETRIMOXIN 500 mg/g, milteliai geriamajam tirpalui, VETRIMOXIN 500mg/g, pulveris iekšķīgi lietojama šķīduma pagatavošanai, VETRIMOXIN 50MG/G ΠΡΟΜΙΓΜΑ ΥΠΟ ΜΟΡΦΗ ΣΚΟΝΗΣ ΓΙΑ ΦΑΡΜΑΚΟΥΧΟ ΤΡΟΦΗ, VETRIMOXIN P.O., VETRIMOXIN POLVO, VETRIMOXIN δισκία 150 mg, για σκύλους και γάτες, VETRIMOXIN στοματική πάστα 20mg/ml για σκύλους και γάτες, VETRIMOXIN, 20 mg/ml, pasta per uso orale per cani e gatti, Vetrimoxin 150 mg Tablet, Vetrimoxin 300 mg Pasta voor oraal gebruik, Vetrimoxin 450 mg Tablet, Vetrimoxin 50 por belsőleges oldathoz A.U.V., Vetrimoxin 50, 50 g/100 g, proszek do sporządzania roztworu doustnego dla świń, bydła, kur i indyków, Vetrimoxin 50mg/g Premix for medicated feeding stuff for pigs, Vetrimoxin L.A. 150 mg/ml suspension for injection for cattle and pigs, Vetrimoxin vet. 150 mg Tablett, Vetrimoxin vet. 20 mg/g Oral pasta, Vetrimoxin vet. 450 mg Tablett, Vetrimoxin-Paste, Vetrimoxin-Paste forte, ВЕТРИМОКСИН 50","Abdominal discomfort, Anorexia, Electrolyte disorder, Hyperaemic mucous membrane, Hyperthermia, Hypoalbuminaemia, Hypoproteinaemia, Laboured breathing, Lethargy (see also Central nervous system depression in Neurological), Leukocytosis NOS, Malaise, Peritonitis, Small intestine ulcer, Tachycardia, Weight loss",1,1,
SE-DEBIAHP-2015SE00023,"<a target=""_blank""  href=""/xmlpserver/EVVET3 PW NEW/Subject Area Contents/Public Website/Report (PDF)/AER.xdo?_xpf=&_xpt=1&_params%2FOracle%20BI%20EE%3A%3ADefaultApp%3A%3AEVVET3%20PR%20NEW%2FAER%3A%3Adimension%2FAER%20Id%3A%3Aattribute%3A%3Anoaggr%3A%3Axsd%3Adouble=484889&_xt=AER&_xf=pdf""> AER </a>",2015-06-30 00:00:00,Animal owner,Sweden,FEMALE,Dog,Sheepdog - Shetland,Metacam 1.5 mg/ml - Oral suspension (dogs),"Anaemia NOS, Cutaneous necrosis, Death by euthanasia, Pale mucous membrane",1,1,1
SE-DEBIAHP-2015SE00027,"<a target=""_blank""  href=""/xmlpserver/EVVET3 PW NEW/Subject Area Contents/Public Website/Report (PDF)/AER.xdo?_xpf=&_xpt=1&_params%2FOracle%20BI%20EE%3A%3ADefaultApp%3A%3AEVVET3%20PR%20NEW%2FAER%3A%3Adimension%2FAER%20Id%3A%3Aattribute%3A%3Anoaggr%3A%3Axsd%3Adouble=542713&_xt=AER&_xf=pdf""> AER </a>",2015-11-23 00:00:00,Animal owner,Sweden,FEMALE,Dog,Sheepdog - Shetland,Metacam 1.5 mg/ml - Oral suspension (dogs),"Elevated liver enzymes NOS, Other abnormal test result NOS",1,1,
SE-DEBIAHP-2015SE00031,"<a target=""_blank""  href=""/xmlpserver/EVVET3 PW NEW/Subject Area Contents/Public Website/Report (PDF)/AER.xdo?_xpf=&_xpt=1&_params%2FOracle%20BI%20EE%3A%3ADefaultApp%3A%3AEVVET3%20PR%20NEW%2FAER%3A%3Adimension%2FAER%20Id%3A%3Aattribute%3A%3Anoaggr%3A%3Axsd%3Adouble=524941&_xt=AER&_xf=pdf""> AER </a>",2015-10-12 00:00:00,Other health care professional,Sweden,UNKNOWN,Dog,Rottweiler,"Metacam 2.5 mg - Chewable tablet (dogs), Metacam 5 mg/ml - Solution for injection (cats, dogs), Metacam 5 mg/ml - Solution for injection (cattle, pigs), Metacam 5 mg/ml - Solution for injection (dogs)","Diarrhoea, Emesis (multiple)",1,1,
SE-DEBIAHP-2015SE00058,"<a target=""_blank""  href=""/xmlpserver/EVVET3 PW NEW/Subject Area Contents/Public Website/Report (PDF)/AER.xdo?_xpf=&_xpt=1&_params%2FOracle%20BI%20EE%3A%3ADefaultApp%3A%3AEVVET3%20PR%20NEW%2FAER%3A%3Adimension%2FAER%20Id%3A%3Aattribute%3A%3Anoaggr%3A%3Axsd%3Adouble=548222&_xt=AER&_xf=pdf""> AER </a>",2015-12-08 00:00:00,Veterinarian,Sweden,UNKNOWN,Dog,Terrier - Bull - Staffordshire,"Metacam 5 mg/ml - Solution for injection (cats, dogs), Metacam 5 mg/ml - Solution for injection (cattle, pigs), Metacam 5 mg/ml - Solution for injection (dogs)",Injection site itching,1,1,
SE-SEMPAV-2014-00369,"<a target=""_blank""  href=""/xmlpserver/EVVET3 PW NEW/Subject Area Contents/Public Website/Report (PDF)/AER.xdo?_xpf=&_xpt=1&_params%2FOracle%20BI%20EE%3A%3ADefaultApp%3A%3AEVVET3%20PR%20NEW%2FAER%3A%3Adimension%2FAER%20Id%3A%3Aattribute%3A%3Anoaggr%3A%3Axsd%3Adouble=430989&_xt=AER&_xf=pdf""> AER </a>",2015-02-05 00:00:00,Veterinarian,Sweden,FEMALE,Dog,Schnauzer - Miniature,"ANTISEDAN, ANTISEDAN 5 mg/ml SOLUCIÓN INYECTABLE PARA PERROS Y GATOS, ANTISEDAN 5 mg/ml raztopina za injiciranje za pse in mačke, ANTISEDAN 5MG/ML ΕΝΕΣΙΜΟ ΔΙΑΛΥΜΑ, ANTISEDAN SOLUTION INJECTABLE POUR CHIENS ET CHATS, ANTISEDAN, 5 mg/mL, otopina za injekciju, za pse i mačke, Antisedan 5 mg/ 1 ml, roztwór do wstrzykiwań dla psów i kotów, Antisedan 5 mg/ml  Injektionslösung für Hunde und Katzen, Antisedan 5 mg/ml - Injektionslösung für Hunde und Katzen, Antisedan 5 mg/ml Oplossing voor injectie, Antisedan 5 mg/ml Solution injectable, Antisedan 5 mg/ml injekčný roztok pre psy a mačky, Antisedan 5 mg/ml oldatos injekció kutya és macska részére.A.U.V., Antisedan 5 mg/ml solution for injection, Antisedan 5 mg/ml solução injetável para cães e gatos, Antisedan Vet 5 mg/ml injekcinis tirpalas, Antisedan Vet 5 mg/ml šķīdums injekcijām, Antisedan Vet, 5 mg/ml süstelahus, Antisedan Vet. 5 mg/ml injektionsvæske, opløsning, Antisedan vet 5 mg/ml injektioneste, liuos, Antisedan vet. 5 mg/ml Injektionsvätska, lösning, Antisedan vet. 5 mg/ml Stungulyf, lausn Handa hundum og köttum., Antisedan vet. 5 mg/ml injeksjonsvæske, oppløsning, til hund og katt, Antisedan vet., 5 mg/ml, Injektionsvätska, lösning, Antisedan, 5 mg/ml oplossing voor injectie voor honden en katten, Antisedan, 5mg/ml, Injekční roztok, Bupaq 0,3 mg/ml Injektionslösung für Hunde und Katzen, Dexdomitor 0.5 mg/ml - Solution for injection, GLUCOSE 25 % SOLUTION WITH METHIONINE, infuzinis tirpalas galvijams, arkliams, šunims ir katėms, Glucose 30 % Oplossing voor infusie, Glucose 30 % Solution pour perfusion, Glucose – Lösung 40 % Bernburg, infuzinis tirpalas arkliams, galvijams, avims, ožkoms, kiaulėms, šunims, katėms, Glucose – Lösung 40 %, 400 mg/ml infuzinis tirpalas arkliams, galvijams, avims, ožkoms, kiaulėms, šunims ir katėms, Isoflurane 100% Inhalation Vapour, Liquid, Metacam 1.5 mg/ml - Oral suspension (dogs), Metacam 5 mg/ml - Solution for injection (cats, dogs), Metacam 5 mg/ml - Solution for injection (cattle, pigs), Metacam 5 mg/ml - Solution for injection (dogs), PropoFlo Plus, 10mg/ml, Emulsion for Injection, PropoVet Multidose 10 mg/ml injeksjonsvæske, emulsjon til hund og katt., PropoVet Multidose, 10 mg/ml, émulsion injectable pour chiens et chats, Propovet multidose 10 mg/ml emulsão injetável para cães e gatos, АНТИСЕДАН ВЕТ 5 mg/ml инжекционен разтвор, Глюкоза-Разтвор 40% БГ","Anorexia, Blood in vomit, Bloody diarrhoea, Diarrhoea, Lethargy (see also Central nervous system depression in Neurological), Not drinking, Pale mucous membrane, Vomiting",1,1,
SE-SEMPAV-2014-00412,"<a target=""_blank""  href=""/xmlpserver/EVVET3 PW NEW/Subject Area Contents/Public Website/Report (PDF)/AER.xdo?_xpf=&_xpt=1&_params%2FOracle%20BI%20EE%3A%3ADefaultApp%3A%3AEVVET3%20PR%20NEW%2FAER%3A%3Adimension%2FAER%20Id%3A%3Aattribute%3A%3Anoaggr%3A%3Axsd%3Adouble=435075&_xt=AER&_xf=pdf""> AER </a>",2015-03-04 00:00:00,Veterinarian,Sweden,MALE,Dog,Spaniel - Springer English,Metacam 2.5 mg - Chewable tablet (dogs),"Bloody diarrhoea, Decreased appetite",1,1,
SE-SEMPAV-2014-00453,"<a target=""_blank""  href=""/xmlpserver/EVVET3 PW NEW/Subject Area Contents/Public Website/Report (PDF)/AER.xdo?_xpf=&_xpt=1&_params%2FOracle%20BI%20EE%3A%3ADefaultApp%3A%3AEVVET3%20PR%20NEW%2FAER%3A%3Adimension%2FAER%20Id%3A%3Aattribute%3A%3Anoaggr%3A%3Axsd%3Adouble=431898&_xt=AER&_xf=pdf""> AER </a>",2015-02-10 00:00:00,Veterinarian,Sweden,MALE,Dog,Retriever - Labrador,"Comfortan 10 mg/ml solution for injection for dogs and cats, KEFAVET VET 250 mg tabletti, kalvopäällysteinen, KEFAVET VET 50 mg/ml rakeet oraalisuspensiota varten, KEFAVET VET 500 mg tabletti, kalvopäällysteinen, Kefavet® vet 250 mg, film-coated tablet, Kefavet® vet 500 mg, film-coated tablet, Kefavet® vet. 250 mg, film-coated tablet, Metacam 0.5 mg/ml - Oral suspension (cats, guinea pigs), Metacam 0.5 mg/ml - Oral suspension (dogs), Metacam 1 mg - Chewable tablet (dogs), Metacam 1.5 mg/ml - Oral suspension (dogs), Metacam 15 mg/ml - Oral suspension (horses), Metacam 15 mg/ml - Oral suspension (pigs), Metacam 2 mg/ml - Solution for injection (cats), Metacam 2.5 mg - Chewable tablet (dogs), Metacam 20 mg/ml - Solution for injection (cattle, pigs, horses), Metacam 40 mg/ml - Solution for injection (cattle, horses), Metacam 5 mg/ml - Solution for injection (cats, dogs), Metacam 5 mg/ml - Solution for injection (cattle, pigs), Metacam 5 mg/ml - Solution for injection (dogs)","Bradycardia, Generalised weakness",1,1,
SE-SEMPAV-2015-00078,"<a target=""_blank""  href=""/xmlpserver/EVVET3 PW NEW/Subject Area Contents/Public Website/Report (PDF)/AER.xdo?_xpf=&_xpt=1&_params%2FOracle%20BI%20EE%3A%3ADefaultApp%3A%3AEVVET3%20PR%20NEW%2FAER%3A%3Adimension%2FAER%20Id%3A%3Aattribute%3A%3Anoaggr%3A%3Axsd%3Adouble=514372&_xt=AER&_xf=pdf""> AER </a>",2015-09-23 00:00:00,Veterinarian,Sweden,MALE,Dog,Poodle - Miniature,"Alvegesic vet. 10 mg/ml Injektionslösung für Pferde, Hunde und Katzen, Bimoxyl vet. 150 mg/ml Injektionsvätska, suspension, Bimoxyvet LA 150 mg/ml, Suspension for Injection for cattle, sheep and pigs, Dexdomitor 0.1 mg/ml - Solution for injection, Dexdomitor 0.5 mg/ml - Solution for injection, Loxicom 5 mg/ml  - Solution for injection (cats, dogs), Metacam 1.5 mg/ml - Oral suspension (dogs), VETRIMOXIN 150MG/ML ΕΝΕΣΙΜΟ ΕΝΑΙΩΡΗΜΑ, VETRIMOXIN 150MG/TAB ΔΙΣΚΙΟ, VETRIMOXIN 20MG/ML ΣΤΟΜΑΤΙΚΗ ΠΑΣΤΑ, VETRIMOXIN 48 HEURES, VETRIMOXIN 50, VETRIMOXIN 50 mg/g Premix for medicated feeding stuff for pigs, VETRIMOXIN 50, 50%, Prášek pro perorální roztok, VETRIMOXIN 500 mg/g prášok na perorálny roztok, VETRIMOXIN 500 mg/g, milteliai geriamajam tirpalui, VETRIMOXIN 500mg/g, pulveris iekšķīgi lietojama šķīduma pagatavošanai, VETRIMOXIN 50MG/G ΠΡΟΜΙΓΜΑ ΥΠΟ ΜΟΡΦΗ ΣΚΟΝΗΣ ΓΙΑ ΦΑΡΜΑΚΟΥΧΟ ΤΡΟΦΗ, VETRIMOXIN P.O., VETRIMOXIN POLVO, VETRIMOXIN δισκία 150 mg, για σκύλους και γάτες, VETRIMOXIN στοματική πάστα 20mg/ml για σκύλους και γάτες, VETRIMOXIN, 20 mg/ml, pasta per uso orale per cani e gatti, Vetrimoxin 150 mg Tablet, Vetrimoxin 300 mg Pasta voor oraal gebruik, Vetrimoxin 450 mg Tablet, Vetrimoxin 50 por belsőleges oldathoz A.U.V., Vetrimoxin 50, 50 g/100 g, proszek do sporządzania roztworu doustnego dla świń, bydła, kur i indyków, Vetrimoxin 50mg/g Premix for medicated feeding stuff for pigs, Vetrimoxin L.A. 150 mg/ml suspension for injection for cattle and pigs, Vetrimoxin vet. 150 mg Tablett, Vetrimoxin vet. 20 mg/g Oral pasta, Vetrimoxin vet. 450 mg Tablett, Vetrimoxin-Paste, Vetrimoxin-Paste forte, ВЕТРИМОКСИН 50","Dull, Not eating, Vomiting",1,1,
SE-SEMPAV-2015-00095,"<a target=""_blank""  href=""/xmlpserver/EVVET3 PW NEW/Subject Area Contents/Public Website/Report (PDF)/AER.xdo?_xpf=&_xpt=1&_params%2FOracle%20BI%20EE%3A%3ADefaultApp%3A%3AEVVET3%20PR%20NEW%2FAER%3A%3Adimension%2FAER%20Id%3A%3Aattribute%3A%3Anoaggr%3A%3Axsd%3Adouble=438038&_xt=AER&_xf=pdf""> AER </a>",2015-03-25 00:00:00,Veterinarian,Sweden,FEMALE,Dog,Chihuahua,Metacam 1.5 mg/ml - Oral suspension (dogs),"Allergic reaction, Facial swelling (see also Skin), Itching",1,1,
SE-SEMPAV-2015-00112,"<a target=""_blank""  href=""/xmlpserver/EVVET3 PW NEW/Subject Area Contents/Public Website/Report (PDF)/AER.xdo?_xpf=&_xpt=1&_params%2FOracle%20BI%20EE%3A%3ADefaultApp%3A%3AEVVET3%20PR%20NEW%2FAER%3A%3Adimension%2FAER%20Id%3A%3Aattribute%3A%3Anoaggr%3A%3Axsd%3Adouble=453460&_xt=AER&_xf=pdf""> AER </a>",2015-05-13 00:00:00,Veterinarian,Sweden,MALE,Dog,Crossbred Canine/dog,Metacam 2.5 mg - Chewable tablet (dogs),"Death by euthanasia, Gastric perforation, Lethargy (see also Central nervous system depression in Neurological)",1,1,1
SE-SEMPAV-2015-00394,"<a target=""_blank""  href=""/xmlpserver/EVVET3 PW NEW/Subject Area Contents/Public Website/Report (PDF)/AER.xdo?_xpf=&_xpt=1&_params%2FOracle%20BI%20EE%3A%3ADefaultApp%3A%3AEVVET3%20PR%20NEW%2FAER%3A%3Adimension%2FAER%20Id%3A%3Aattribute%3A%3Anoaggr%3A%3Axsd%3Adouble=531875&_xt=AER&_xf=pdf""> AER </a>",2015-10-23 00:00:00,Veterinarian,Sweden,MALE,Dog,Pumi,Metacam 1.5 mg/ml - Oral suspension (dogs),"Blood in vomit, Bloody diarrhoea, Hyperaemic mucous membrane, Low blood pressure, Weak pulse",1,1,
SE-SEMPAV-2015-00404,"<a target=""_blank""  href=""/xmlpserver/EVVET3 PW NEW/Subject Area Contents/Public Website/Report (PDF)/AER.xdo?_xpf=&_xpt=1&_params%2FOracle%20BI%20EE%3A%3ADefaultApp%3A%3AEVVET3%20PR%20NEW%2FAER%3A%3Adimension%2FAER%20Id%3A%3Aattribute%3A%3Anoaggr%3A%3Axsd%3Adouble=534845&_xt=AER&_xf=pdf""> AER </a>",2015-11-03 00:00:00,Veterinarian,Sweden,MALE,Dog,Terrier - Jack Russell,"Dexdomitor 0.1 mg/ml - Solution for injection, Dexdomitor 0.5 mg/ml - Solution for injection, Metacam 1.5 mg/ml - Oral suspension (dogs)","Bloody diarrhoea, Vomiting",1,1,
SE-SEMPAV-2015-00428,"<a target=""_blank""  href=""/xmlpserver/EVVET3 PW NEW/Subject Area Contents/Public Website/Report (PDF)/AER.xdo?_xpf=&_xpt=1&_params%2FOracle%20BI%20EE%3A%3ADefaultApp%3A%3AEVVET3%20PR%20NEW%2FAER%3A%3Adimension%2FAER%20Id%3A%3Aattribute%3A%3Anoaggr%3A%3Axsd%3Adouble=541849&_xt=AER&_xf=pdf""> AER </a>",2015-11-20 00:00:00,Veterinarian,Sweden,FEMALE,Dog,Papillon - Spaniel - Continental Toy (with erect ears or with dropped ears (Phaléne)),Metacam 1.5 mg/ml - Oral suspension (dogs),"Abnormal breathing, Death, Digestive tract disorder NOS, Lethargy (see also Central nervous system depression in Neurological), Vomiting",1,1,1
SE-SEMPAV-2015-00462,"<a target=""_blank""  href=""/xmlpserver/EVVET3 PW NEW/Subject Area Contents/Public Website/Report (PDF)/AER.xdo?_xpf=&_xpt=1&_params%2FOracle%20BI%20EE%3A%3ADefaultApp%3A%3AEVVET3%20PR%20NEW%2FAER%3A%3Adimension%2FAER%20Id%3A%3Aattribute%3A%3Anoaggr%3A%3Axsd%3Adouble=549709&_xt=AER&_xf=pdf""> AER </a>",2015-12-11 00:00:00,Veterinarian,Sweden,MALE,Dog,Maltese,"Metacam 0.5 mg/ml - Oral suspension (cats, guinea pigs), Metacam 0.5 mg/ml - Oral suspension (dogs), Metacam 1 mg - Chewable tablet (dogs), Metacam 1.5 mg/ml - Oral suspension (dogs), Metacam 15 mg/ml - Oral suspension (horses), Metacam 15 mg/ml - Oral suspension (pigs), Metacam 2 mg/ml - Solution for injection (cats), Metacam 2.5 mg - Chewable tablet (dogs), Metacam 20 mg/ml - Solution for injection (cattle, pigs, horses), Metacam 40 mg/ml - Solution for injection (cattle, horses), Metacam 5 mg/ml - Solution for injection (cats, dogs), Metacam 5 mg/ml - Solution for injection (cattle, pigs), Metacam 5 mg/ml - Solution for injection (dogs)",Bloody diarrhoea,1,1,
SE-SEMPAV-2015-00471,"<a target=""_blank""  href=""/xmlpserver/EVVET3 PW NEW/Subject Area Contents/Public Website/Report (PDF)/AER.xdo?_xpf=&_xpt=1&_params%2FOracle%20BI%20EE%3A%3ADefaultApp%3A%3AEVVET3%20PR%20NEW%2FAER%3A%3Adimension%2FAER%20Id%3A%3Aattribute%3A%3Anoaggr%3A%3Axsd%3Adouble=553781&_xt=AER&_xf=pdf""> AER </a>",2015-12-23 00:00:00,Veterinarian,Sweden,MALE,Dog,Poodle - Standard,"Carprieve 100 mg Flavoured Tablets for Dogs, Carprieve 20 mg Flavoured Tablets for Dogs, Carprieve 20 mg Tablets for Dogs, Carprieve 50 mg Flavoured Tablets for Dogs, Carprieve 50 mg Tablets for Dogs, Metacam 2.5 mg - Chewable tablet (dogs), NOROCARP 20 mg, NOROCARP 5%, 50 mg/mL, otopina za injekciju, za pse i mačke, NOROCARP 50 mg, Norocarp 100 mg, tableta, za pse, Norocarp 20 mg Tablets for Dogs, Norocarp 20 mg, tablete za pse, Norocarp 50 mg Tablets for Dogs, Norocarp 50 mg, tablete za pse, Norocarp 50 mg/ml Solution for Injection for Cattle, Norocarp Injection, 50 mg/ml, süstelahus koertele ja kassidele, Norocarp Large Animal 5 %w/v Solution for Injection for young cattle, horses and ponies, Norocarp, 20 mg, tablet, Norocarp, 50 mg, tablet, Norocarp,100 mg, tablet, Reproval 5% Small Animal Injection for Dogs and Cats",Gastroenteritis,1,1,
UK-VMD-0242/15,"<a target=""_blank""  href=""/xmlpserver/EVVET3 PW NEW/Subject Area Contents/Public Website/Report (PDF)/AER.xdo?_xpf=&_xpt=1&_params%2FOracle%20BI%20EE%3A%3ADefaultApp%3A%3AEVVET3%20PR%20NEW%2FAER%3A%3Adimension%2FAER%20Id%3A%3Aattribute%3A%3Anoaggr%3A%3Axsd%3Adouble=429412&_xt=AER&_xf=pdf""> AER </a>",2015-01-29 00:00:00,Veterinarian,United Kingdom,MALE,Dog,Crossbred Canine/dog,Metacam 1.5 mg/ml - Oral suspension (dogs),Pruritus,1,1,
UK-VMD-0385/15,"<a target=""_blank""  href=""/xmlpserver/EVVET3 PW NEW/Subject Area Contents/Public Website/Report (PDF)/AER.xdo?_xpf=&_xpt=1&_params%2FOracle%20BI%20EE%3A%3ADefaultApp%3A%3AEVVET3%20PR%20NEW%2FAER%3A%3Adimension%2FAER%20Id%3A%3Aattribute%3A%3Anoaggr%3A%3Axsd%3Adouble=432286&_xt=AER&_xf=pdf""> AER </a>",2015-02-12 00:00:00,Unknown,United Kingdom,FEMALE,Dog,Dalmatian,Metacam 1.5 mg/ml - Oral suspension (dogs),"Death, Diarrhoea, Emesis, Tarry or black stool (see also haemorrhagic diarrhoea)",1,1,1
UK-VMD-0576/15,"<a target=""_blank""  href=""/xmlpserver/EVVET3 PW NEW/Subject Area Contents/Public Website/Report (PDF)/AER.xdo?_xpf=&_xpt=1&_params%2FOracle%20BI%20EE%3A%3ADefaultApp%3A%3AEVVET3%20PR%20NEW%2FAER%3A%3Adimension%2FAER%20Id%3A%3Aattribute%3A%3Anoaggr%3A%3Axsd%3Adouble=433876&_xt=AER&_xf=pdf""> AER </a>",2015-02-23 00:00:00,Veterinarian,United Kingdom,MALE,Dog,Chow Chow,Metacam 1.5 mg/ml - Oral suspension (dogs),"Gastric perforation, Gastric ulcer",1,1,
UK-VMD-0722/15,"<a target=""_blank""  href=""/xmlpserver/EVVET3 PW NEW/Subject Area Contents/Public Website/Report (PDF)/AER.xdo?_xpf=&_xpt=1&_params%2FOracle%20BI%20EE%3A%3ADefaultApp%3A%3AEVVET3%20PR%20NEW%2FAER%3A%3Adimension%2FAER%20Id%3A%3Aattribute%3A%3Anoaggr%3A%3Axsd%3Adouble=435165&_xt=AER&_xf=pdf""> AER </a>",2015-03-05 00:00:00,Veterinarian,United Kingdom,UNKNOWN,Dog,Unknown,Metacam 1.5 mg/ml - Oral suspension (dogs),Erythema multiforme,1,1,
UK-VMD-0781/14,"<a target=""_blank""  href=""/xmlpserver/EVVET3 PW NEW/Subject Area Contents/Public Website/Report (PDF)/AER.xdo?_xpf=&_xpt=1&_params%2FOracle%20BI%20EE%3A%3ADefaultApp%3A%3AEVVET3%20PR%20NEW%2FAER%3A%3Adimension%2FAER%20Id%3A%3Aattribute%3A%3Anoaggr%3A%3Axsd%3Adouble=427772&_xt=AER&_xf=pdf""> AER </a>",2015-01-19 00:00:00,Veterinarian,United Kingdom,MALE,Dog,Shar Pei,"Metacam 1.5 mg/ml - Oral suspension (dogs), Noroclav 250 mg Tablets for dogs","Dermatitis, Folliculitis, Furunculosis",1,1,
UK-VMD-0814/15,"<a target=""_blank""  href=""/xmlpserver/EVVET3 PW NEW/Subject Area Contents/Public Website/Report (PDF)/AER.xdo?_xpf=&_xpt=1&_params%2FOracle%20BI%20EE%3A%3ADefaultApp%3A%3AEVVET3%20PR%20NEW%2FAER%3A%3Adimension%2FAER%20Id%3A%3Aattribute%3A%3Anoaggr%3A%3Axsd%3Adouble=457782&_xt=AER&_xf=pdf""> AER </a>",2015-05-21 00:00:00,Veterinarian,United Kingdom,FEMALE,Dog,Crossbred Canine/dog,"Metacam 5 mg/ml - Solution for injection (cats, dogs), Metacam 5 mg/ml - Solution for injection (cattle, pigs), Metacam 5 mg/ml - Solution for injection (dogs)","Death, Haemorrhagic diarrhoea",1,1,1
UK-VMD-0839/15,"<a target=""_blank""  href=""/xmlpserver/EVVET3 PW NEW/Subject Area Contents/Public Website/Report (PDF)/AER.xdo?_xpf=&_xpt=1&_params%2FOracle%20BI%20EE%3A%3ADefaultApp%3A%3AEVVET3%20PR%20NEW%2FAER%3A%3Adimension%2FAER%20Id%3A%3Aattribute%3A%3Anoaggr%3A%3Axsd%3Adouble=436082&_xt=AER&_xf=pdf""> AER </a>",2015-03-11 00:00:00,Veterinarian,United Kingdom,MALE,Dog,Maltese,Metacam 1.5 mg/ml - Oral suspension (dogs),"Anorexia, Vomiting",1,1,
UK-VMD-0850/15,"<a target=""_blank""  href=""/xmlpserver/EVVET3 PW NEW/Subject Area Contents/Public Website/Report (PDF)/AER.xdo?_xpf=&_xpt=1&_params%2FOracle%20BI%20EE%3A%3ADefaultApp%3A%3AEVVET3%20PR%20NEW%2FAER%3A%3Adimension%2FAER%20Id%3A%3Aattribute%3A%3Anoaggr%3A%3Axsd%3Adouble=435898&_xt=AER&_xf=pdf""> AER </a>",2015-03-10 00:00:00,Veterinarian,United Kingdom,MALE,Dog,Retriever - Golden,Metacam 1.5 mg/ml - Oral suspension (dogs),Diarrhoea,1,1,
UK-VMD-0851/15,"<a target=""_blank""  href=""/xmlpserver/EVVET3 PW NEW/Subject Area Contents/Public Website/Report (PDF)/AER.xdo?_xpf=&_xpt=1&_params%2FOracle%20BI%20EE%3A%3ADefaultApp%3A%3AEVVET3%20PR%20NEW%2FAER%3A%3Adimension%2FAER%20Id%3A%3Aattribute%3A%3Anoaggr%3A%3Axsd%3Adouble=435783&_xt=AER&_xf=pdf""> AER </a>",2015-03-10 00:00:00,Veterinarian,United Kingdom,MALE,Dog,Crossbred Canine/dog,Metacam 1.5 mg/ml - Oral suspension (dogs),Bloody diarrhoea,1,1,
UK-VMD-0852/15,"<a target=""_blank""  href=""/xmlpserver/EVVET3 PW NEW/Subject Area Contents/Public Website/Report (PDF)/AER.xdo?_xpf=&_xpt=1&_params%2FOracle%20BI%20EE%3A%3ADefaultApp%3A%3AEVVET3%20PR%20NEW%2FAER%3A%3Adimension%2FAER%20Id%3A%3Aattribute%3A%3Anoaggr%3A%3Axsd%3Adouble=435900&_xt=AER&_xf=pdf""> AER </a>",2015-03-10 00:00:00,Veterinarian,United Kingdom,MALE,Dog,Retriever - Labrador,Metacam 1.5 mg/ml - Oral suspension (dogs),"Diarrhoea, Vomiting",1,1,
UK-VMD-0853/15,"<a target=""_blank""  href=""/xmlpserver/EVVET3 PW NEW/Subject Area Contents/Public Website/Report (PDF)/AER.xdo?_xpf=&_xpt=1&_params%2FOracle%20BI%20EE%3A%3ADefaultApp%3A%3AEVVET3%20PR%20NEW%2FAER%3A%3Adimension%2FAER%20Id%3A%3Aattribute%3A%3Anoaggr%3A%3Axsd%3Adouble=435901&_xt=AER&_xf=pdf""> AER </a>",2015-03-10 00:00:00,Veterinarian,United Kingdom,MALE,Dog,Retriever - Labrador,Metacam 1.5 mg/ml - Oral suspension (dogs),Vomiting,1,1,
UK-VMD-0854/15,"<a target=""_blank""  href=""/xmlpserver/EVVET3 PW NEW/Subject Area Contents/Public Website/Report (PDF)/AER.xdo?_xpf=&_xpt=1&_params%2FOracle%20BI%20EE%3A%3ADefaultApp%3A%3AEVVET3%20PR%20NEW%2FAER%3A%3Adimension%2FAER%20Id%3A%3Aattribute%3A%3Anoaggr%3A%3Axsd%3Adouble=435902&_xt=AER&_xf=pdf""> AER </a>",2015-03-10 00:00:00,Veterinarian,United Kingdom,MALE,Dog,Pug,Metacam 1.5 mg/ml - Oral suspension (dogs),"Diarrhoea, Vomiting",1,1,
UK-VMD-0855/15,"<a target=""_blank""  href=""/xmlpserver/EVVET3 PW NEW/Subject Area Contents/Public Website/Report (PDF)/AER.xdo?_xpf=&_xpt=1&_params%2FOracle%20BI%20EE%3A%3ADefaultApp%3A%3AEVVET3%20PR%20NEW%2FAER%3A%3Adimension%2FAER%20Id%3A%3Aattribute%3A%3Anoaggr%3A%3Axsd%3Adouble=435903&_xt=AER&_xf=pdf""> AER </a>",2015-03-10 00:00:00,Veterinarian,United Kingdom,MALE,Dog,Bulldog - French,Metacam 1.5 mg/ml - Oral suspension (dogs),Diarrhoea,1,1,
UK-VMD-0856/15,"<a target=""_blank""  href=""/xmlpserver/EVVET3 PW NEW/Subject Area Contents/Public Website/Report (PDF)/AER.xdo?_xpf=&_xpt=1&_params%2FOracle%20BI%20EE%3A%3ADefaultApp%3A%3AEVVET3%20PR%20NEW%2FAER%3A%3Adimension%2FAER%20Id%3A%3Aattribute%3A%3Anoaggr%3A%3Axsd%3Adouble=436218&_xt=AER&_xf=pdf""> AER </a>",2015-03-12 00:00:00,Veterinarian,United Kingdom,MALE,Dog,Crossbred Canine/dog,Metacam 1.5 mg/ml - Oral suspension (dogs),"Diarrhoea, Vomiting",1,1,
UK-VMD-0871/15,"<a target=""_blank""  href=""/xmlpserver/EVVET3 PW NEW/Subject Area Contents/Public Website/Report (PDF)/AER.xdo?_xpf=&_xpt=1&_params%2FOracle%20BI%20EE%3A%3ADefaultApp%3A%3AEVVET3%20PR%20NEW%2FAER%3A%3Adimension%2FAER%20Id%3A%3Aattribute%3A%3Anoaggr%3A%3Axsd%3Adouble=435921&_xt=AER&_xf=pdf""> AER </a>",2015-03-10 00:00:00,Veterinarian,United Kingdom,FEMALE,Dog,Crossbred Canine/dog,Metacam 1.5 mg/ml - Oral suspension (dogs),Haemorrhagic diarrhoea,1,1,
UK-VMD-0872/15,"<a target=""_blank""  href=""/xmlpserver/EVVET3 PW NEW/Subject Area Contents/Public Website/Report (PDF)/AER.xdo?_xpf=&_xpt=1&_params%2FOracle%20BI%20EE%3A%3ADefaultApp%3A%3AEVVET3%20PR%20NEW%2FAER%3A%3Adimension%2FAER%20Id%3A%3Aattribute%3A%3Anoaggr%3A%3Axsd%3Adouble=435915&_xt=AER&_xf=pdf""> AER </a>",2015-03-10 00:00:00,Veterinarian,United Kingdom,MALE,Dog,Unknown,Metacam 1.5 mg/ml - Oral suspension (dogs),Bloody diarrhoea,1,1,
UK-VMD-0937/15,"<a target=""_blank""  href=""/xmlpserver/EVVET3 PW NEW/Subject Area Contents/Public Website/Report (PDF)/AER.xdo?_xpf=&_xpt=1&_params%2FOracle%20BI%20EE%3A%3ADefaultApp%3A%3AEVVET3%20PR%20NEW%2FAER%3A%3Adimension%2FAER%20Id%3A%3Aattribute%3A%3Anoaggr%3A%3Axsd%3Adouble=436264&_xt=AER&_xf=pdf""> AER </a>",2015-03-13 00:00:00,Veterinarian,United Kingdom,MALE,Dog,Rottweiler,"Metacam 0.5 mg/ml - Oral suspension (cats, guinea pigs), Metacam 0.5 mg/ml - Oral suspension (dogs)","Emesis, Inappetence",1,1,
UK-VMD-0962/15,"<a target=""_blank""  href=""/xmlpserver/EVVET3 PW NEW/Subject Area Contents/Public Website/Report (PDF)/AER.xdo?_xpf=&_xpt=1&_params%2FOracle%20BI%20EE%3A%3ADefaultApp%3A%3AEVVET3%20PR%20NEW%2FAER%3A%3Adimension%2FAER%20Id%3A%3Aattribute%3A%3Anoaggr%3A%3Axsd%3Adouble=436319&_xt=AER&_xf=pdf""> AER </a>",2015-03-13 00:00:00,Veterinarian,United Kingdom,FEMALE,Dog,Chihuahua,"Metacam 0.5 mg/ml - Oral suspension (cats, guinea pigs), Metacam 0.5 mg/ml - Oral suspension (dogs)","Abdominal pain, Emesis, Haemorrhagic diarrhoea, Hypothermia, Lethargy (see also Central nervous system depression in Neurological), Malaise, Shivering",1,1,
UK-VMD-0983/15,"<a target=""_blank""  href=""/xmlpserver/EVVET3 PW NEW/Subject Area Contents/Public Website/Report (PDF)/AER.xdo?_xpf=&_xpt=1&_params%2FOracle%20BI%20EE%3A%3ADefaultApp%3A%3AEVVET3%20PR%20NEW%2FAER%3A%3Adimension%2FAER%20Id%3A%3Aattribute%3A%3Anoaggr%3A%3Axsd%3Adouble=436283&_xt=AER&_xf=pdf""> AER </a>",2015-03-12 00:00:00,Veterinarian,United Kingdom,FEMALE,Dog,Crossbred Canine/dog,"Metacam 5 mg/ml - Solution for injection (cats, dogs), Metacam 5 mg/ml - Solution for injection (cattle, pigs), Metacam 5 mg/ml - Solution for injection (dogs), Vetofol 10 mg/ml Emulsion for Injection for Cats and Dogs, Vetofol 10mg/ml Emulsion for Injection for cats and dogs",Urticarial rash,1,1,
UK-VMD-1295/15,"<a target=""_blank""  href=""/xmlpserver/EVVET3 PW NEW/Subject Area Contents/Public Website/Report (PDF)/AER.xdo?_xpf=&_xpt=1&_params%2FOracle%20BI%20EE%3A%3ADefaultApp%3A%3AEVVET3%20PR%20NEW%2FAER%3A%3Adimension%2FAER%20Id%3A%3Aattribute%3A%3Anoaggr%3A%3Axsd%3Adouble=442979&_xt=AER&_xf=pdf""> AER </a>",2015-04-13 00:00:00,Veterinarian,United Kingdom,MALE,Dog,Beagle,"Metacam 5 mg/ml - Solution for injection (cats, dogs), Metacam 5 mg/ml - Solution for injection (cattle, pigs), Metacam 5 mg/ml - Solution for injection (dogs)","Tachycardia, Twitching",1,1,
UK-VMD-1661/15,"<a target=""_blank""  href=""/xmlpserver/EVVET3 PW NEW/Subject Area Contents/Public Website/Report (PDF)/AER.xdo?_xpf=&_xpt=1&_params%2FOracle%20BI%20EE%3A%3ADefaultApp%3A%3AEVVET3%20PR%20NEW%2FAER%3A%3Adimension%2FAER%20Id%3A%3Aattribute%3A%3Anoaggr%3A%3Axsd%3Adouble=467972&_xt=AER&_xf=pdf""> AER </a>",2015-06-12 00:00:00,Veterinarian,United Kingdom,MALE,Dog,Retriever - Labrador,"ANTIROBE Capsule da 150 mg per cani, Antirobe 150 mg Capsule, hard, Antirobe vet. 150 mg kapsel, hard til hund, Antirobe vet. 300 mg kapseli, kova koiralle, Metacam 1.5 mg/ml - Oral suspension (dogs)","Central vestibular disorder, Collapse NOS (see also Cardio-vascular and Neurological disorders), Weakness",1,1,
UK-VMD-1668/15,"<a target=""_blank""  href=""/xmlpserver/EVVET3 PW NEW/Subject Area Contents/Public Website/Report (PDF)/AER.xdo?_xpf=&_xpt=1&_params%2FOracle%20BI%20EE%3A%3ADefaultApp%3A%3AEVVET3%20PR%20NEW%2FAER%3A%3Adimension%2FAER%20Id%3A%3Aattribute%3A%3Anoaggr%3A%3Axsd%3Adouble=451537&_xt=AER&_xf=pdf""> AER </a>",2015-05-06 00:00:00,Veterinarian,United Kingdom,FEMALE,Dog,Unknown,"Metacam 1 mg - Chewable tablet (dogs), Synulox Palatable Tablets 50 mg","Diarrhoea, Vomiting",1,1,
UK-VMD-1691/15,"<a target=""_blank""  href=""/xmlpserver/EVVET3 PW NEW/Subject Area Contents/Public Website/Report (PDF)/AER.xdo?_xpf=&_xpt=1&_params%2FOracle%20BI%20EE%3A%3ADefaultApp%3A%3AEVVET3%20PR%20NEW%2FAER%3A%3Adimension%2FAER%20Id%3A%3Aattribute%3A%3Anoaggr%3A%3Axsd%3Adouble=501645&_xt=AER&_xf=pdf""> AER </a>",2015-08-19 00:00:00,Veterinarian,United Kingdom,MALE,Dog,Terrier - Jack Russell,"ACEPROMAZINE 10%/AGROSEED CANDILIDIS ενέσιμο διάλυμα 10 mg/ml για σκύλο και γάτα, Metacam 5 mg/ml - Solution for injection (cats, dogs), Metacam 5 mg/ml - Solution for injection (cattle, pigs), Metacam 5 mg/ml - Solution for injection (dogs), PropoFlo Plus, 10mg/ml, Emulsion for Injection","Eyelid oedema, Urticaria",3,10,
UK-VMD-1693/15,"<a target=""_blank""  href=""/xmlpserver/EVVET3 PW NEW/Subject Area Contents/Public Website/Report (PDF)/AER.xdo?_xpf=&_xpt=1&_params%2FOracle%20BI%20EE%3A%3ADefaultApp%3A%3AEVVET3%20PR%20NEW%2FAER%3A%3Adimension%2FAER%20Id%3A%3Aattribute%3A%3Anoaggr%3A%3Axsd%3Adouble=451786&_xt=AER&_xf=pdf""> AER </a>",2015-05-06 00:00:00,Veterinarian,United Kingdom,FEMALE,Dog,Terrier - Yorkshire,"Metacam 5 mg/ml - Solution for injection (cats, dogs), Metacam 5 mg/ml - Solution for injection (cattle, pigs), Metacam 5 mg/ml - Solution for injection (dogs)","Erythema (for urticaria see Immune SOC), Skin scab",1,1,
UK-VMD-1731/15,"<a target=""_blank""  href=""/xmlpserver/EVVET3 PW NEW/Subject Area Contents/Public Website/Report (PDF)/AER.xdo?_xpf=&_xpt=1&_params%2FOracle%20BI%20EE%3A%3ADefaultApp%3A%3AEVVET3%20PR%20NEW%2FAER%3A%3Adimension%2FAER%20Id%3A%3Aattribute%3A%3Anoaggr%3A%3Axsd%3Adouble=452776&_xt=AER&_xf=pdf""> AER </a>",2015-05-08 00:00:00,Veterinarian,United Kingdom,FEMALE,Dog,Spaniel - Springer English,"Metacam 1 mg - Chewable tablet (dogs), Synulox Palatable Tablets 250 mg","Generalised skin slough, Skin necrosis",1,1,
UK-VMD-1880/15,"<a target=""_blank""  href=""/xmlpserver/EVVET3 PW NEW/Subject Area Contents/Public Website/Report (PDF)/AER.xdo?_xpf=&_xpt=1&_params%2FOracle%20BI%20EE%3A%3ADefaultApp%3A%3AEVVET3%20PR%20NEW%2FAER%3A%3Adimension%2FAER%20Id%3A%3Aattribute%3A%3Anoaggr%3A%3Axsd%3Adouble=456776&_xt=AER&_xf=pdf""> AER </a>",2015-05-18 00:00:00,Veterinarian,United Kingdom,FEMALE,Dog,Unknown,Metacam 1.5 mg/ml - Oral suspension (dogs),"Diarrhoea, Vomiting",1,1,
UK-VMD-1894/15,"<a target=""_blank""  href=""/xmlpserver/EVVET3 PW NEW/Subject Area Contents/Public Website/Report (PDF)/AER.xdo?_xpf=&_xpt=1&_params%2FOracle%20BI%20EE%3A%3ADefaultApp%3A%3AEVVET3%20PR%20NEW%2FAER%3A%3Adimension%2FAER%20Id%3A%3Aattribute%3A%3Anoaggr%3A%3Axsd%3Adouble=456724&_xt=AER&_xf=pdf""> AER </a>",2015-05-19 00:00:00,Veterinarian,United Kingdom,FEMALE,Dog,Retriever - Golden,Metacam 1.5 mg/ml - Oral suspension (dogs),Immune mediated haemolytic anaemia,1,1,
UK-VMD-2053/15,"<a target=""_blank""  href=""/xmlpserver/EVVET3 PW NEW/Subject Area Contents/Public Website/Report (PDF)/AER.xdo?_xpf=&_xpt=1&_params%2FOracle%20BI%20EE%3A%3ADefaultApp%3A%3AEVVET3%20PR%20NEW%2FAER%3A%3Adimension%2FAER%20Id%3A%3Aattribute%3A%3Anoaggr%3A%3Axsd%3Adouble=467876&_xt=AER&_xf=pdf""> AER </a>",2015-06-12 00:00:00,Veterinarian,United Kingdom,FEMALE,Dog,Spaniel - Cocker English,"Metacam 1.5 mg/ml - Oral suspension (dogs), Metacam 5 mg/ml - Solution for injection (cats, dogs), Metacam 5 mg/ml - Solution for injection (cattle, pigs), Metacam 5 mg/ml - Solution for injection (dogs)","Collapse NOS (see also Cardio-vascular and Neurological disorders), Vomiting",1,1,
UK-VMD-2073/15,"<a target=""_blank""  href=""/xmlpserver/EVVET3 PW NEW/Subject Area Contents/Public Website/Report (PDF)/AER.xdo?_xpf=&_xpt=1&_params%2FOracle%20BI%20EE%3A%3ADefaultApp%3A%3AEVVET3%20PR%20NEW%2FAER%3A%3Adimension%2FAER%20Id%3A%3Aattribute%3A%3Anoaggr%3A%3Axsd%3Adouble=459268&_xt=AER&_xf=pdf""> AER </a>",2015-05-27 00:00:00,Veterinarian,United Kingdom,MALE,Dog,Retriever - Labrador,Metacam 1.5 mg/ml - Oral suspension (dogs),"Diarrhoea, Vomiting",1,1,
UK-VMD-2211/15,"<a target=""_blank""  href=""/xmlpserver/EVVET3 PW NEW/Subject Area Contents/Public Website/Report (PDF)/AER.xdo?_xpf=&_xpt=1&_params%2FOracle%20BI%20EE%3A%3ADefaultApp%3A%3AEVVET3%20PR%20NEW%2FAER%3A%3Adimension%2FAER%20Id%3A%3Aattribute%3A%3Anoaggr%3A%3Axsd%3Adouble=461984&_xt=AER&_xf=pdf""> AER </a>",2015-05-29 00:00:00,Veterinarian,United Kingdom,FEMALE,Dog,Sheepdog - Shetland,"Metacam 1.5 mg/ml - Oral suspension (dogs), Nobivac L4 (--) - Suspension for injection","Flatulence, Increased borborygmus, Lethargy (see also Central nervous system depression in Neurological)",2,2,
UK-VMD-2334/15,"<a target=""_blank""  href=""/xmlpserver/EVVET3 PW NEW/Subject Area Contents/Public Website/Report (PDF)/AER.xdo?_xpf=&_xpt=1&_params%2FOracle%20BI%20EE%3A%3ADefaultApp%3A%3AEVVET3%20PR%20NEW%2FAER%3A%3Adimension%2FAER%20Id%3A%3Aattribute%3A%3Anoaggr%3A%3Axsd%3Adouble=466279&_xt=AER&_xf=pdf""> AER </a>",2015-06-08 00:00:00,Veterinarian,United Kingdom,FEMALE,Dog,Unknown,Metacam 1.5 mg/ml - Oral suspension (dogs),Diarrhoea,1,1,
UK-VMD-2397/15,"<a target=""_blank""  href=""/xmlpserver/EVVET3 PW NEW/Subject Area Contents/Public Website/Report (PDF)/AER.xdo?_xpf=&_xpt=1&_params%2FOracle%20BI%20EE%3A%3ADefaultApp%3A%3AEVVET3%20PR%20NEW%2FAER%3A%3Adimension%2FAER%20Id%3A%3Aattribute%3A%3Anoaggr%3A%3Axsd%3Adouble=467118&_xt=AER&_xf=pdf""> AER </a>",2015-06-11 00:00:00,Veterinarian,United Kingdom,MALE,Dog,Dalmatian,"KESIUM 200 MG / 50 MG CHEWABLE TABLETS FOR DOGS, KESIUM 200 MG/50 MG ΜΑΣΩΜΕΝΟ ΔΙΣΚΙΟ, KESIUM 40 MG / 10 MG CHEWABLE TABLETS FOR CATS AND DOGS, KESIUM 40 MG/10 MG ΜΑΣΩΜΕΝΟ ΔΙΣΚΙΟ, KESIUM 400 MG / 100 MG CHEWABLE TABLETS FOR DOGS, KESIUM 400 MG/100 MG ΜΑΣΩΜΕΝΟ ΔΙΣΚΙΟ, KESIUM 50 MG / 12,5 MG CHEWABLE TABLETS FOR CATS AND DOGS, KESIUM 50 MG/12,5 MG ΜΑΣΩΜΕΝΟ ΔΙΣΚΙΟ, KESIUM 500 MG / 125 MG CHEWABLE TABLETS FOR DOGS, KESIUM 500 MG / 125 MG ΜΑΣΩΜΕΝΟ ΔΙΣΚΙΟ, Metacam 1.5 mg/ml - Oral suspension (dogs)",Urolithiasis,1,1,
UK-VMD-2440/15,"<a target=""_blank""  href=""/xmlpserver/EVVET3 PW NEW/Subject Area Contents/Public Website/Report (PDF)/AER.xdo?_xpf=&_xpt=1&_params%2FOracle%20BI%20EE%3A%3ADefaultApp%3A%3AEVVET3%20PR%20NEW%2FAER%3A%3Adimension%2FAER%20Id%3A%3Aattribute%3A%3Anoaggr%3A%3Axsd%3Adouble=484429&_xt=AER&_xf=pdf""> AER </a>",2015-06-29 00:00:00,Animal owner,United Kingdom,MALE,Dog,Siberian Husky,Metacam 1.5 mg/ml - Oral suspension (dogs),"Death, Diarrhoea, Digestive tract haemorrhage NOS, Haemorrhagic diarrhoea, Oral haemorrhage, Rectal haemorrhage, Unable to stand",1,1,1
UK-VMD-2441/15,"<a target=""_blank""  href=""/xmlpserver/EVVET3 PW NEW/Subject Area Contents/Public Website/Report (PDF)/AER.xdo?_xpf=&_xpt=1&_params%2FOracle%20BI%20EE%3A%3ADefaultApp%3A%3AEVVET3%20PR%20NEW%2FAER%3A%3Adimension%2FAER%20Id%3A%3Aattribute%3A%3Anoaggr%3A%3Axsd%3Adouble=484432&_xt=AER&_xf=pdf""> AER </a>",2015-06-29 00:00:00,Animal owner,United Kingdom,MALE,Dog,Siberian Husky,Metacam 1.5 mg/ml - Oral suspension (dogs),"Bloody diarrhoea, Diarrhoea",1,1,
UK-VMD-2518/15,"<a target=""_blank""  href=""/xmlpserver/EVVET3 PW NEW/Subject Area Contents/Public Website/Report (PDF)/AER.xdo?_xpf=&_xpt=1&_params%2FOracle%20BI%20EE%3A%3ADefaultApp%3A%3AEVVET3%20PR%20NEW%2FAER%3A%3Adimension%2FAER%20Id%3A%3Aattribute%3A%3Anoaggr%3A%3Axsd%3Adouble=501670&_xt=AER&_xf=pdf""> AER </a>",2015-08-19 00:00:00,Veterinarian,United Kingdom,FEMALE,Dog,Retriever - Labrador,"ACEPROMAZINE 10%/AGROSEED CANDILIDIS ενέσιμο διάλυμα 10 mg/ml για σκύλο και γάτα, Metacam 5 mg/ml - Solution for injection (cats, dogs), Metacam 5 mg/ml - Solution for injection (cattle, pigs), Metacam 5 mg/ml - Solution for injection (dogs)",Facial oedema,1,1,
UK-VMD-2522/13,"<a target=""_blank""  href=""/xmlpserver/EVVET3 PW NEW/Subject Area Contents/Public Website/Report (PDF)/AER.xdo?_xpf=&_xpt=1&_params%2FOracle%20BI%20EE%3A%3ADefaultApp%3A%3AEVVET3%20PR%20NEW%2FAER%3A%3Adimension%2FAER%20Id%3A%3Aattribute%3A%3Anoaggr%3A%3Axsd%3Adouble=501592&_xt=AER&_xf=pdf""> AER </a>",2015-08-19 00:00:00,Veterinarian,United Kingdom,FEMALE,Dog,Shepherd Dog - German,"Metacam 5 mg/ml - Solution for injection (cats, dogs), Metacam 5 mg/ml - Solution for injection (cattle, pigs), Metacam 5 mg/ml - Solution for injection (dogs), PropoFlo Plus, 10mg/ml, Emulsion for Injection, SYNULOX RTU ενέσιμο εναιώρημα για βοοειδή, χοίρους, σκύλους και γάτες, SYNULOX RTU, injekcinė suspensija galvijams, kiaulėms, šunims ir katėms, Synulox RTU suspensija injekcijām liellopiem, cūkām, suņiem un kaķiem","Periorbital oedema (see also Immune system disorders), Wheal",1,1,
UK-VMD-2656/15,"<a target=""_blank""  href=""/xmlpserver/EVVET3 PW NEW/Subject Area Contents/Public Website/Report (PDF)/AER.xdo?_xpf=&_xpt=1&_params%2FOracle%20BI%20EE%3A%3ADefaultApp%3A%3AEVVET3%20PR%20NEW%2FAER%3A%3Adimension%2FAER%20Id%3A%3Aattribute%3A%3Anoaggr%3A%3Axsd%3Adouble=480027&_xt=AER&_xf=pdf""> AER </a>",2015-06-24 00:00:00,Unknown,United Kingdom,FEMALE,Dog,Spaniel - King Charles Cavalier,Metacam 1.5 mg/ml - Oral suspension (dogs),"Diarrhoea, Vomiting",1,1,
UK-VMD-2721/15,"<a target=""_blank""  href=""/xmlpserver/EVVET3 PW NEW/Subject Area Contents/Public Website/Report (PDF)/AER.xdo?_xpf=&_xpt=1&_params%2FOracle%20BI%20EE%3A%3ADefaultApp%3A%3AEVVET3%20PR%20NEW%2FAER%3A%3Adimension%2FAER%20Id%3A%3Aattribute%3A%3Anoaggr%3A%3Axsd%3Adouble=482069&_xt=AER&_xf=pdf""> AER </a>",2015-06-25 00:00:00,Veterinarian,United Kingdom,FEMALE,Dog,Retriever - Labrador,Metacam 1.5 mg/ml - Oral suspension (dogs),"Anorexia, Emesis, Lethargy (see also Central nervous system depression in Neurological)",1,1,
UK-VMD-2728/15,"<a target=""_blank""  href=""/xmlpserver/EVVET3 PW NEW/Subject Area Contents/Public Website/Report (PDF)/AER.xdo?_xpf=&_xpt=1&_params%2FOracle%20BI%20EE%3A%3ADefaultApp%3A%3AEVVET3%20PR%20NEW%2FAER%3A%3Adimension%2FAER%20Id%3A%3Aattribute%3A%3Anoaggr%3A%3Axsd%3Adouble=482978&_xt=AER&_xf=pdf""> AER </a>",2015-06-26 00:00:00,Veterinarian,United Kingdom,FEMALE,Dog,Spaniel - Cocker English,Metacam 1.5 mg/ml - Oral suspension (dogs),"Pruritus, Pyoderma, Skin scab, Vasculitis",1,1,
UK-VMD-2729/14,"<a target=""_blank""  href=""/xmlpserver/EVVET3 PW NEW/Subject Area Contents/Public Website/Report (PDF)/AER.xdo?_xpf=&_xpt=1&_params%2FOracle%20BI%20EE%3A%3ADefaultApp%3A%3AEVVET3%20PR%20NEW%2FAER%3A%3Adimension%2FAER%20Id%3A%3Aattribute%3A%3Anoaggr%3A%3Axsd%3Adouble=435378&_xt=AER&_xf=pdf""> AER </a>",2015-03-06 00:00:00,Veterinarian,United Kingdom,FEMALE,Dog,Terrier - Bull - Staffordshire,"Metacam 1.5 mg/ml - Oral suspension (dogs), Metacam 5 mg/ml - Solution for injection (cats, dogs), Metacam 5 mg/ml - Solution for injection (cattle, pigs), Metacam 5 mg/ml - Solution for injection (dogs)","Anaemia NOS, Collapse (see also Cardio-vascular and Systemic disorders), Haematemesis, Ileus, Not eating, Pale mucous membrane, Tarry or black stool (see also haemorrhagic diarrhoea), Vomiting",1,1,
UK-VMD-2827/15,"<a target=""_blank""  href=""/xmlpserver/EVVET3 PW NEW/Subject Area Contents/Public Website/Report (PDF)/AER.xdo?_xpf=&_xpt=1&_params%2FOracle%20BI%20EE%3A%3ADefaultApp%3A%3AEVVET3%20PR%20NEW%2FAER%3A%3Adimension%2FAER%20Id%3A%3Aattribute%3A%3Anoaggr%3A%3Axsd%3Adouble=501679&_xt=AER&_xf=pdf""> AER </a>",2015-08-19 00:00:00,Other health care professional,United Kingdom,FEMALE,Dog,Shepherd Dog - German,"Dexdomitor 0.5 mg/ml - Solution for injection, IsoFlo 100% w/w Inhalation Vapour, Liquid, Metacam 5 mg/ml - Solution for injection (cats, dogs), Metacam 5 mg/ml - Solution for injection (cattle, pigs), Metacam 5 mg/ml - Solution for injection (dogs), Vetofol 10 mg/ml Emulsion for Injection for Cats and Dogs, Vetofol 10mg/ml Emulsion for Injection for cats and dogs","Allergic oedema, Facial oedema, Hypotension",1,1,
UK-VMD-3170/15,"<a target=""_blank""  href=""/xmlpserver/EVVET3 PW NEW/Subject Area Contents/Public Website/Report (PDF)/AER.xdo?_xpf=&_xpt=1&_params%2FOracle%20BI%20EE%3A%3ADefaultApp%3A%3AEVVET3%20PR%20NEW%2FAER%3A%3Adimension%2FAER%20Id%3A%3Aattribute%3A%3Anoaggr%3A%3Axsd%3Adouble=494428&_xt=AER&_xf=pdf""> AER </a>",2015-07-31 00:00:00,Veterinarian,United Kingdom,MALE,Dog,Setter - Gordon,Metacam 1.5 mg/ml - Oral suspension (dogs),"Diarrhoea, Vomiting",1,1,
UK-VMD-3302/15,"<a target=""_blank""  href=""/xmlpserver/EVVET3 PW NEW/Subject Area Contents/Public Website/Report (PDF)/AER.xdo?_xpf=&_xpt=1&_params%2FOracle%20BI%20EE%3A%3ADefaultApp%3A%3AEVVET3%20PR%20NEW%2FAER%3A%3Adimension%2FAER%20Id%3A%3Aattribute%3A%3Anoaggr%3A%3Axsd%3Adouble=499398&_xt=AER&_xf=pdf""> AER </a>",2015-08-12 00:00:00,Veterinarian,United Kingdom,MALE,Dog,Chihuahua,"Domitor 1 mg/ml solution for injection, Domitor 1 mg/ml soluzione iniettabile per cani e gatti, Metacam 1.5 mg/ml - Oral suspension (dogs), Metacam 5 mg/ml - Solution for injection (cats, dogs), Metacam 5 mg/ml - Solution for injection (cattle, pigs), Metacam 5 mg/ml - Solution for injection (dogs)","Diarrhoea, Distress, Elevated blood urea nitrogen (BUN), Indigestion, Lethargy (see also Central nervous system depression in Neurological), Melaena, Not eating, Vomiting",1,1,
UK-VMD-3365/13,"<a target=""_blank""  href=""/xmlpserver/EVVET3 PW NEW/Subject Area Contents/Public Website/Report (PDF)/AER.xdo?_xpf=&_xpt=1&_params%2FOracle%20BI%20EE%3A%3ADefaultApp%3A%3AEVVET3%20PR%20NEW%2FAER%3A%3Adimension%2FAER%20Id%3A%3Aattribute%3A%3Anoaggr%3A%3Axsd%3Adouble=501642&_xt=AER&_xf=pdf""> AER </a>",2015-08-19 00:00:00,Other health care professional,United Kingdom,MALE,Dog,Retriever - Labrador,"Metacam 5 mg/ml - Solution for injection (cats, dogs), Metacam 5 mg/ml - Solution for injection (cattle, pigs), Metacam 5 mg/ml - Solution for injection (dogs), SYNULOX RTU ενέσιμο εναιώρημα για βοοειδή, χοίρους, σκύλους και γάτες, SYNULOX RTU, injekcinė suspensija galvijams, kiaulėms, šunims ir katėms, Synulox RTU suspensija injekcijām liellopiem, cūkām, suņiem un kaķiem","Facial swelling (see also Skin), Hives (see also Skin), Local swelling (not application site), Pinnal oedema",1,1,
UK-VMD-3433/15,"<a target=""_blank""  href=""/xmlpserver/EVVET3 PW NEW/Subject Area Contents/Public Website/Report (PDF)/AER.xdo?_xpf=&_xpt=1&_params%2FOracle%20BI%20EE%3A%3ADefaultApp%3A%3AEVVET3%20PR%20NEW%2FAER%3A%3Adimension%2FAER%20Id%3A%3Aattribute%3A%3Anoaggr%3A%3Axsd%3Adouble=498755&_xt=AER&_xf=pdf""> AER </a>",2015-08-12 00:00:00,Unknown,United Kingdom,MALE,Dog,Spaniel - Springer English,Metacam 1.5 mg/ml - Oral suspension (dogs),"Cystitis, Haematuria, Stranguria",1,1,
UK-VMD-3438/15,"<a target=""_blank""  href=""/xmlpserver/EVVET3 PW NEW/Subject Area Contents/Public Website/Report (PDF)/AER.xdo?_xpf=&_xpt=1&_params%2FOracle%20BI%20EE%3A%3ADefaultApp%3A%3AEVVET3%20PR%20NEW%2FAER%3A%3Adimension%2FAER%20Id%3A%3Aattribute%3A%3Anoaggr%3A%3Axsd%3Adouble=502915&_xt=AER&_xf=pdf""> AER </a>",2015-08-24 00:00:00,Veterinarian,United Kingdom,MALE,Dog,Unknown,Metacam 1.5 mg/ml - Oral suspension (dogs),"Emesis, Gastric perforation, Gastric ulcer",1,1,
UK-VMD-3513/15,"<a target=""_blank""  href=""/xmlpserver/EVVET3 PW NEW/Subject Area Contents/Public Website/Report (PDF)/AER.xdo?_xpf=&_xpt=1&_params%2FOracle%20BI%20EE%3A%3ADefaultApp%3A%3AEVVET3%20PR%20NEW%2FAER%3A%3Adimension%2FAER%20Id%3A%3Aattribute%3A%3Anoaggr%3A%3Axsd%3Adouble=499676&_xt=AER&_xf=pdf""> AER </a>",2015-08-13 00:00:00,Veterinarian,United Kingdom,MALE,Dog,Shepherd Dog - German,Metacam 1.5 mg/ml - Oral suspension (dogs),Vomiting,1,1,
UK-VMD-3514/15,"<a target=""_blank""  href=""/xmlpserver/EVVET3 PW NEW/Subject Area Contents/Public Website/Report (PDF)/AER.xdo?_xpf=&_xpt=1&_params%2FOracle%20BI%20EE%3A%3ADefaultApp%3A%3AEVVET3%20PR%20NEW%2FAER%3A%3Adimension%2FAER%20Id%3A%3Aattribute%3A%3Anoaggr%3A%3Axsd%3Adouble=499148&_xt=AER&_xf=pdf""> AER </a>",2015-08-13 00:00:00,Veterinarian,United Kingdom,FEMALE,Dog,Chihuahua,Metacam 1 mg - Chewable tablet (dogs),"Diarrhoea, Pyrexia",1,1,
UK-VMD-3526/15,"<a target=""_blank""  href=""/xmlpserver/EVVET3 PW NEW/Subject Area Contents/Public Website/Report (PDF)/AER.xdo?_xpf=&_xpt=1&_params%2FOracle%20BI%20EE%3A%3ADefaultApp%3A%3AEVVET3%20PR%20NEW%2FAER%3A%3Adimension%2FAER%20Id%3A%3Aattribute%3A%3Anoaggr%3A%3Axsd%3Adouble=503073&_xt=AER&_xf=pdf""> AER </a>",2015-08-24 00:00:00,Veterinarian,United Kingdom,FEMALE,Dog,Terrier - Jack Russell,Metacam 1.5 mg/ml - Oral suspension (dogs),"Diarrhoea, Elevated alanine aminotransferase (ALT), Elevated aspartate aminotransferase (AST), Emesis, Haemorrhagic diarrhoea",1,1,
UK-VMD-3603/15,"<a target=""_blank""  href=""/xmlpserver/EVVET3 PW NEW/Subject Area Contents/Public Website/Report (PDF)/AER.xdo?_xpf=&_xpt=1&_params%2FOracle%20BI%20EE%3A%3ADefaultApp%3A%3AEVVET3%20PR%20NEW%2FAER%3A%3Adimension%2FAER%20Id%3A%3Aattribute%3A%3Anoaggr%3A%3Axsd%3Adouble=501008&_xt=AER&_xf=pdf""> AER </a>",2015-08-19 00:00:00,Veterinarian,United Kingdom,FEMALE,Dog,Terrier - Boston,Metacam 1.5 mg/ml - Oral suspension (dogs),Diarrhoea,1,1,
UK-VMD-3743/15,"<a target=""_blank""  href=""/xmlpserver/EVVET3 PW NEW/Subject Area Contents/Public Website/Report (PDF)/AER.xdo?_xpf=&_xpt=1&_params%2FOracle%20BI%20EE%3A%3ADefaultApp%3A%3AEVVET3%20PR%20NEW%2FAER%3A%3Adimension%2FAER%20Id%3A%3Aattribute%3A%3Anoaggr%3A%3Axsd%3Adouble=521701&_xt=AER&_xf=pdf""> AER </a>",2015-10-07 00:00:00,Veterinarian,United Kingdom,MALE,Dog,Terrier - Yorkshire,Metacam 1.5 mg/ml - Oral suspension (dogs),"Eosinophilia, Haemoconcentration, Hypoadrenocorticism, Hypoglycaemia, Lymphopenia, Other abnormal test result NOS",1,1,
UK-VMD-3803/15,"<a target=""_blank""  href=""/xmlpserver/EVVET3 PW NEW/Subject Area Contents/Public Website/Report (PDF)/AER.xdo?_xpf=&_xpt=1&_params%2FOracle%20BI%20EE%3A%3ADefaultApp%3A%3AEVVET3%20PR%20NEW%2FAER%3A%3Adimension%2FAER%20Id%3A%3Aattribute%3A%3Anoaggr%3A%3Axsd%3Adouble=507004&_xt=AER&_xf=pdf""> AER </a>",2015-09-07 00:00:00,Veterinarian,United Kingdom,MALE,Dog,Retriever - Labrador,Metacam 1.5 mg/ml - Oral suspension (dogs),"Death, Lethargy (see also Central nervous system depression in Neurological), Vomiting",1,1,1
UK-VMD-3837/15,"<a target=""_blank""  href=""/xmlpserver/EVVET3 PW NEW/Subject Area Contents/Public Website/Report (PDF)/AER.xdo?_xpf=&_xpt=1&_params%2FOracle%20BI%20EE%3A%3ADefaultApp%3A%3AEVVET3%20PR%20NEW%2FAER%3A%3Adimension%2FAER%20Id%3A%3Aattribute%3A%3Anoaggr%3A%3Axsd%3Adouble=507958&_xt=AER&_xf=pdf""> AER </a>",2015-09-10 00:00:00,Veterinarian,United Kingdom,FEMALE,Dog,Crossbred Canine/dog,"Metacam 1.5 mg/ml - Oral suspension (dogs), Tsefalen 500 mg film-coated tablets for dogs",Pemphigus foliaceus,1,1,
UK-VMD-3944/15,"<a target=""_blank""  href=""/xmlpserver/EVVET3 PW NEW/Subject Area Contents/Public Website/Report (PDF)/AER.xdo?_xpf=&_xpt=1&_params%2FOracle%20BI%20EE%3A%3ADefaultApp%3A%3AEVVET3%20PR%20NEW%2FAER%3A%3Adimension%2FAER%20Id%3A%3Aattribute%3A%3Anoaggr%3A%3Axsd%3Adouble=518283&_xt=AER&_xf=pdf""> AER </a>",2015-10-01 00:00:00,Veterinarian,United Kingdom,MALE,Dog,Bichon Frise,"Metacam 1.5 mg/ml - Oral suspension (dogs), Metacam 5 mg/ml - Solution for injection (cats, dogs), Metacam 5 mg/ml - Solution for injection (cattle, pigs), Metacam 5 mg/ml - Solution for injection (dogs)","Bradycardia, Diarrhoea, Haematochezia, Increased salivation, Lethargy (see also Central nervous system depression in Neurological), Malaise, Vomiting",1,1,
UK-VMD-4005/15,"<a target=""_blank""  href=""/xmlpserver/EVVET3 PW NEW/Subject Area Contents/Public Website/Report (PDF)/AER.xdo?_xpf=&_xpt=1&_params%2FOracle%20BI%20EE%3A%3ADefaultApp%3A%3AEVVET3%20PR%20NEW%2FAER%3A%3Adimension%2FAER%20Id%3A%3Aattribute%3A%3Anoaggr%3A%3Axsd%3Adouble=512081&_xt=AER&_xf=pdf""> AER </a>",2015-09-18 00:00:00,Veterinarian,United Kingdom,MALE,Dog,Spaniel - Cocker English,Metacam 1.5 mg/ml - Oral suspension (dogs),"Anorexia, Diarrhoea",1,1,
UK-VMD-4204/15,"<a target=""_blank""  href=""/xmlpserver/EVVET3 PW NEW/Subject Area Contents/Public Website/Report (PDF)/AER.xdo?_xpf=&_xpt=1&_params%2FOracle%20BI%20EE%3A%3ADefaultApp%3A%3AEVVET3%20PR%20NEW%2FAER%3A%3Adimension%2FAER%20Id%3A%3Aattribute%3A%3Anoaggr%3A%3Axsd%3Adouble=520227&_xt=AER&_xf=pdf""> AER </a>",2015-10-05 00:00:00,Veterinarian,United Kingdom,MALE,Dog,Boxer (German Boxer),"Metacam 5 mg/ml - Solution for injection (cats, dogs), Metacam 5 mg/ml - Solution for injection (cattle, pigs), Metacam 5 mg/ml - Solution for injection (dogs)","Anaphylaxis, Facial oedema, Rash, Urticaria",1,2,
UK-VMD-4264/15,"<a target=""_blank""  href=""/xmlpserver/EVVET3 PW NEW/Subject Area Contents/Public Website/Report (PDF)/AER.xdo?_xpf=&_xpt=1&_params%2FOracle%20BI%20EE%3A%3ADefaultApp%3A%3AEVVET3%20PR%20NEW%2FAER%3A%3Adimension%2FAER%20Id%3A%3Aattribute%3A%3Anoaggr%3A%3Axsd%3Adouble=523177&_xt=AER&_xf=pdf""> AER </a>",2015-10-09 00:00:00,Veterinarian,United Kingdom,MALE,Dog,Retriever - Labrador,"Metacam 1.5 mg/ml - Oral suspension (dogs), Metacam 5 mg/ml - Solution for injection (cats, dogs), Metacam 5 mg/ml - Solution for injection (cattle, pigs), Metacam 5 mg/ml - Solution for injection (dogs)","Anorexia, Emesis, Haemorrhagic diarrhoea, Lethargy (see also Central nervous system depression in Neurological), Malaise",1,1,
UK-VMD-4265/15,"<a target=""_blank""  href=""/xmlpserver/EVVET3 PW NEW/Subject Area Contents/Public Website/Report (PDF)/AER.xdo?_xpf=&_xpt=1&_params%2FOracle%20BI%20EE%3A%3ADefaultApp%3A%3AEVVET3%20PR%20NEW%2FAER%3A%3Adimension%2FAER%20Id%3A%3Aattribute%3A%3Anoaggr%3A%3Axsd%3Adouble=522979&_xt=AER&_xf=pdf""> AER </a>",2015-10-09 00:00:00,Veterinarian,United Kingdom,FEMALE,Dog,Terrier - Border,Metacam 1.5 mg/ml - Oral suspension (dogs),"Anorexia, Haemorrhagic diarrhoea, Lethargy (see also Central nervous system depression in Neurological)",1,1,
UK-VMD-4526/15,"<a target=""_blank""  href=""/xmlpserver/EVVET3 PW NEW/Subject Area Contents/Public Website/Report (PDF)/AER.xdo?_xpf=&_xpt=1&_params%2FOracle%20BI%20EE%3A%3ADefaultApp%3A%3AEVVET3%20PR%20NEW%2FAER%3A%3Adimension%2FAER%20Id%3A%3Aattribute%3A%3Anoaggr%3A%3Axsd%3Adouble=531395&_xt=AER&_xf=pdf""> AER </a>",2015-10-22 00:00:00,Veterinarian,United Kingdom,MALE,Dog,Rottweiler,Metacam 1.5 mg/ml - Oral suspension (dogs),Gastroenteritis,1,1,
UK-VMD-4622/15,"<a target=""_blank""  href=""/xmlpserver/EVVET3 PW NEW/Subject Area Contents/Public Website/Report (PDF)/AER.xdo?_xpf=&_xpt=1&_params%2FOracle%20BI%20EE%3A%3ADefaultApp%3A%3AEVVET3%20PR%20NEW%2FAER%3A%3Adimension%2FAER%20Id%3A%3Aattribute%3A%3Anoaggr%3A%3Axsd%3Adouble=533552&_xt=AER&_xf=pdf""> AER </a>",2015-10-29 00:00:00,Veterinarian,United Kingdom,MALE,Dog,Retriever - Labrador,Metacam 1.5 mg/ml - Oral suspension (dogs),"Dehydration, Haemorrhagic diarrhoea, Vomiting, Weakness",1,1,
UK-VMD-4630/15,"<a target=""_blank""  href=""/xmlpserver/EVVET3 PW NEW/Subject Area Contents/Public Website/Report (PDF)/AER.xdo?_xpf=&_xpt=1&_params%2FOracle%20BI%20EE%3A%3ADefaultApp%3A%3AEVVET3%20PR%20NEW%2FAER%3A%3Adimension%2FAER%20Id%3A%3Aattribute%3A%3Anoaggr%3A%3Axsd%3Adouble=540727&_xt=AER&_xf=pdf""> AER </a>",2015-11-17 00:00:00,Veterinarian,United Kingdom,FEMALE,Dog,Terrier - Norfolk,Metacam 1.5 mg/ml - Oral suspension (dogs),"Melaena, Pruritus, Rash",1,1,
UK-VMD-4645/15,"<a target=""_blank""  href=""/xmlpserver/EVVET3 PW NEW/Subject Area Contents/Public Website/Report (PDF)/AER.xdo?_xpf=&_xpt=1&_params%2FOracle%20BI%20EE%3A%3ADefaultApp%3A%3AEVVET3%20PR%20NEW%2FAER%3A%3Adimension%2FAER%20Id%3A%3Aattribute%3A%3Anoaggr%3A%3Axsd%3Adouble=534833&_xt=AER&_xf=pdf""> AER </a>",2015-11-03 00:00:00,Veterinarian,United Kingdom,MALE,Dog,Boxer (German Boxer),Metacam 1.5 mg/ml - Oral suspension (dogs),"Diarrhoea, Emesis, Urticaria",1,1,
UK-VMD-4925/15,"<a target=""_blank""  href=""/xmlpserver/EVVET3 PW NEW/Subject Area Contents/Public Website/Report (PDF)/AER.xdo?_xpf=&_xpt=1&_params%2FOracle%20BI%20EE%3A%3ADefaultApp%3A%3AEVVET3%20PR%20NEW%2FAER%3A%3Adimension%2FAER%20Id%3A%3Aattribute%3A%3Anoaggr%3A%3Axsd%3Adouble=541342&_xt=AER&_xf=pdf""> AER </a>",2015-11-18 00:00:00,Veterinarian,United Kingdom,FEMALE,Dog,Crossbred Canine/dog,"Metacam 1.5 mg/ml - Oral suspension (dogs), Metacam 5 mg/ml - Solution for injection (cats, dogs), Metacam 5 mg/ml - Solution for injection (cattle, pigs), Metacam 5 mg/ml - Solution for injection (dogs)","Anorexia, Diarrhoea, Haematemesis, Vomiting",1,1,
UK-VMD-5033/15,"<a target=""_blank""  href=""/xmlpserver/EVVET3 PW NEW/Subject Area Contents/Public Website/Report (PDF)/AER.xdo?_xpf=&_xpt=1&_params%2FOracle%20BI%20EE%3A%3ADefaultApp%3A%3AEVVET3%20PR%20NEW%2FAER%3A%3Adimension%2FAER%20Id%3A%3Aattribute%3A%3Anoaggr%3A%3Axsd%3Adouble=542511&_xt=AER&_xf=pdf""> AER </a>",2015-11-23 00:00:00,Veterinarian,United Kingdom,MALE,Dog,Retriever - Labrador,Metacam 1.5 mg/ml - Oral suspension (dogs),"Diarrhoea, Haemorrhagic diarrhoea, Vomiting",1,1,
UK-VMD-5145/15,"<a target=""_blank""  href=""/xmlpserver/EVVET3 PW NEW/Subject Area Contents/Public Website/Report (PDF)/AER.xdo?_xpf=&_xpt=1&_params%2FOracle%20BI%20EE%3A%3ADefaultApp%3A%3AEVVET3%20PR%20NEW%2FAER%3A%3Adimension%2FAER%20Id%3A%3Aattribute%3A%3Anoaggr%3A%3Axsd%3Adouble=543360&_xt=AER&_xf=pdf""> AER </a>",2015-11-24 00:00:00,Veterinarian,United Kingdom,MALE,Dog,Bullmastiff,"ACEPROMAZINE 10%/AGROSEED CANDILIDIS ενέσιμο διάλυμα 10 mg/ml για σκύλο και γάτα, Buprecare Multidose 0.3 mg/ml Solution for Injection for Dogs and Cats, IsoFlo 100% w/w Inhalation Vapour, Liquid, Metacam 5 mg/ml - Solution for injection (cats, dogs), Metacam 5 mg/ml - Solution for injection (cattle, pigs), Metacam 5 mg/ml - Solution for injection (dogs), PropoFlo Plus, 10mg/ml, Emulsion for Injection",Facial swelling (see also Skin),1,4,
UK-VMD-5205/15,"<a target=""_blank""  href=""/xmlpserver/EVVET3 PW NEW/Subject Area Contents/Public Website/Report (PDF)/AER.xdo?_xpf=&_xpt=1&_params%2FOracle%20BI%20EE%3A%3ADefaultApp%3A%3AEVVET3%20PR%20NEW%2FAER%3A%3Adimension%2FAER%20Id%3A%3Aattribute%3A%3Anoaggr%3A%3Axsd%3Adouble=544771&_xt=AER&_xf=pdf""> AER </a>",2015-11-30 00:00:00,Veterinarian,United Kingdom,MALE,Dog,Terrier - Yorkshire,"Cerenia 10 mg/ml  - Solution for injection, Metacam 1.5 mg/ml - Oral suspension (dogs), Metacam 5 mg/ml - Solution for injection (cats, dogs), Metacam 5 mg/ml - Solution for injection (cattle, pigs), Metacam 5 mg/ml - Solution for injection (dogs), SYNULOX RTU ενέσιμο εναιώρημα για βοοειδή, χοίρους, σκύλους και γάτες, SYNULOX RTU, injekcinė suspensija galvijams, kiaulėms, šunims ir katėms, Synulox RTU suspensija injekcijām liellopiem, cūkām, suņiem un kaķiem","Bloody diarrhoea, Collapse (see also Cardio-vascular and Systemic disorders), Death, Rectal haemorrhage, Ulcerative colitis, Vomiting",1,1,1
UK-VMD-5417/15,"<a target=""_blank""  href=""/xmlpserver/EVVET3 PW NEW/Subject Area Contents/Public Website/Report (PDF)/AER.xdo?_xpf=&_xpt=1&_params%2FOracle%20BI%20EE%3A%3ADefaultApp%3A%3AEVVET3%20PR%20NEW%2FAER%3A%3Adimension%2FAER%20Id%3A%3Aattribute%3A%3Anoaggr%3A%3Axsd%3Adouble=549484&_xt=AER&_xf=pdf""> AER </a>",2015-12-10 00:00:00,Unknown,United Kingdom,FEMALE,Dog,Spaniel - Springer English,"Metacam 5 mg/ml - Solution for injection (cats, dogs), Metacam 5 mg/ml - Solution for injection (cattle, pigs), Metacam 5 mg/ml - Solution for injection (dogs), Onsior 20 mg/ml  - Solution for injection (cats and dogs)","Death, Digestive tract haemorrhage NOS, Melaena",1,1,1
UK-VMD-5523/15,"<a target=""_blank""  href=""/xmlpserver/EVVET3 PW NEW/Subject Area Contents/Public Website/Report (PDF)/AER.xdo?_xpf=&_xpt=1&_params%2FOracle%20BI%20EE%3A%3ADefaultApp%3A%3AEVVET3%20PR%20NEW%2FAER%3A%3Adimension%2FAER%20Id%3A%3Aattribute%3A%3Anoaggr%3A%3Axsd%3Adouble=555438&_xt=AER&_xf=pdf""> AER </a>",2015-12-24 00:00:00,Veterinarian,United Kingdom,MALE,Dog,Collie - Border,"Metacam 1.5 mg/ml - Oral suspension (dogs), Metacam 5 mg/ml - Solution for injection (cats, dogs), Metacam 5 mg/ml - Solution for injection (cattle, pigs), Metacam 5 mg/ml - Solution for injection (dogs)",Myositis,1,1,
UK-VMD-5551/15,"<a target=""_blank""  href=""/xmlpserver/EVVET3 PW NEW/Subject Area Contents/Public Website/Report (PDF)/AER.xdo?_xpf=&_xpt=1&_params%2FOracle%20BI%20EE%3A%3ADefaultApp%3A%3AEVVET3%20PR%20NEW%2FAER%3A%3Adimension%2FAER%20Id%3A%3Aattribute%3A%3Anoaggr%3A%3Axsd%3Adouble=551643&_xt=AER&_xf=pdf""> AER </a>",2015-12-17 00:00:00,Veterinarian,United Kingdom,FEMALE,Dog,Dog (other),Metacam 1.5 mg/ml - Oral suspension (dogs),"Diarrhoea, Vomiting",1,1,
UK-VMD-5888/14,"<a target=""_blank""  href=""/xmlpserver/EVVET3 PW NEW/Subject Area Contents/Public Website/Report (PDF)/AER.xdo?_xpf=&_xpt=1&_params%2FOracle%20BI%20EE%3A%3ADefaultApp%3A%3AEVVET3%20PR%20NEW%2FAER%3A%3Adimension%2FAER%20Id%3A%3Aattribute%3A%3Anoaggr%3A%3Axsd%3Adouble=426205&_xt=AER&_xf=pdf""> AER </a>",2015-01-02 00:00:00,Other health care professional,United Kingdom,MALE,Dog,Shepherd Dog - German,Metacam 1.5 mg/ml - Oral suspension (dogs),"Panting, Unable to stand",1,1,
UK-VMD-5896/14,"<a target=""_blank""  href=""/xmlpserver/EVVET3 PW NEW/Subject Area Contents/Public Website/Report (PDF)/AER.xdo?_xpf=&_xpt=1&_params%2FOracle%20BI%20EE%3A%3ADefaultApp%3A%3AEVVET3%20PR%20NEW%2FAER%3A%3Adimension%2FAER%20Id%3A%3Aattribute%3A%3Anoaggr%3A%3Axsd%3Adouble=427439&_xt=AER&_xf=pdf""> AER </a>",2015-01-15 00:00:00,Veterinarian,United Kingdom,FEMALE,Dog,Retriever - Golden,"Metacam 1.5 mg/ml - Oral suspension (dogs), Metacam 5 mg/ml - Solution for injection (cats, dogs), Metacam 5 mg/ml - Solution for injection (cattle, pigs), Metacam 5 mg/ml - Solution for injection (dogs), VETERGESIC MULTIDOSE, 0.3MG/ML, SOLUTION FOR INJECTION FOR DOGS AND CATS, Vetflurane 1000 mg/g Inhalation vapour, liquid, Vetofol 10 mg/ml Emulsion for Injection for Cats and Dogs, Vetofol 10mg/ml Emulsion for Injection for cats and dogs","Anorexia, Depression, Duodenal ulcer, Gall bladder & bile duct disorder NOS, Intestinal perforation, Oesophagitis, Peritonitis, Regurgitation, Vomiting",1,1,
US-DEBIAHP-2014US00063,"<a target=""_blank""  href=""/xmlpserver/EVVET3 PW NEW/Subject Area Contents/Public Website/Report (PDF)/AER.xdo?_xpf=&_xpt=1&_params%2FOracle%20BI%20EE%3A%3ADefaultApp%3A%3AEVVET3%20PR%20NEW%2FAER%3A%3Adimension%2FAER%20Id%3A%3Aattribute%3A%3Anoaggr%3A%3Axsd%3Adouble=499422&_xt=AER&_xf=pdf""> AER </a>",2015-08-12 00:00:00,Other health care professional,United States,FEMALE,Dog,Retriever - Labrador,"Metacam 1.5 mg/ml - Oral suspension (dogs), ProZinc 40 IU/ml - Suspension for injection (cats, dogs), ProZinc 40 IU/ml - Suspension for injection (dogs)",Weight loss,1,1,
US-DEBIAHP-2014US05504,"<a target=""_blank""  href=""/xmlpserver/EVVET3 PW NEW/Subject Area Contents/Public Website/Report (PDF)/AER.xdo?_xpf=&_xpt=1&_params%2FOracle%20BI%20EE%3A%3ADefaultApp%3A%3AEVVET3%20PR%20NEW%2FAER%3A%3Adimension%2FAER%20Id%3A%3Aattribute%3A%3Anoaggr%3A%3Axsd%3Adouble=490035&_xt=AER&_xf=pdf""> AER </a>",2015-07-16 00:00:00,Other health care professional,United States,FEMALE,Dog,Retriever - Labrador,"Metacam 1.5 mg/ml - Oral suspension (dogs), ProZinc 40 IU/ml - Suspension for injection (cats, dogs), ProZinc 40 IU/ml - Suspension for injection (dogs)",Local swelling (not application site),1,1,
US-DEBIAHP-2014US07482,"<a target=""_blank""  href=""/xmlpserver/EVVET3 PW NEW/Subject Area Contents/Public Website/Report (PDF)/AER.xdo?_xpf=&_xpt=1&_params%2FOracle%20BI%20EE%3A%3ADefaultApp%3A%3AEVVET3%20PR%20NEW%2FAER%3A%3Adimension%2FAER%20Id%3A%3Aattribute%3A%3Anoaggr%3A%3Axsd%3Adouble=436438&_xt=AER&_xf=pdf""> AER </a>",2015-03-13 00:00:00,Veterinarian,United States,MALE,Dog,Poodle - Standard,Metacam 1.5 mg/ml - Oral suspension (dogs),"Haematuria, Stranguria",1,1,
US-DEBIAHP-2014US07873,"<a target=""_blank""  href=""/xmlpserver/EVVET3 PW NEW/Subject Area Contents/Public Website/Report (PDF)/AER.xdo?_xpf=&_xpt=1&_params%2FOracle%20BI%20EE%3A%3ADefaultApp%3A%3AEVVET3%20PR%20NEW%2FAER%3A%3Adimension%2FAER%20Id%3A%3Aattribute%3A%3Anoaggr%3A%3Axsd%3Adouble=443627&_xt=AER&_xf=pdf""> AER </a>",2015-04-16 00:00:00,Veterinarian,United States,MALE,Dog,Retriever - Labrador,Metacam 1.5 mg/ml - Oral suspension (dogs),"Anorexia, Bilirubinuria, Bloody diarrhoea, Death, Diarrhoea, Elevated lipase, Elevated liver enzymes NOS, Elevated total bilirubin, Emesis, Glucosuria, Hypoglycaemia, Lethargy (see also Central nervous system depression in Neurological), Leukocytosis NOS, Other abnormal test result NOS, Proteinuria",1,1,1
US-DEBIAHP-2014US09053,"<a target=""_blank""  href=""/xmlpserver/EVVET3 PW NEW/Subject Area Contents/Public Website/Report (PDF)/AER.xdo?_xpf=&_xpt=1&_params%2FOracle%20BI%20EE%3A%3ADefaultApp%3A%3AEVVET3%20PR%20NEW%2FAER%3A%3Adimension%2FAER%20Id%3A%3Aattribute%3A%3Anoaggr%3A%3Axsd%3Adouble=494407&_xt=AER&_xf=pdf""> AER </a>",2015-07-30 00:00:00,Veterinarian,United States,MALE,Dog,Chihuahua,"Metacam 0.5 mg/ml - Oral suspension (cats, guinea pigs), Metacam 0.5 mg/ml - Oral suspension (dogs), Vanguard Pup","Anaemia NOS, Bruising, Death, Decreased haemoglobin, Itching, Lethargy (see also Central nervous system depression in Neurological), Leukocytosis NOS, Neutrophilia, Other abnormal test result NOS, Pale mucous membrane, Thrombocytopenia",1,1,1
US-DEBIAHP-2014US09085,"<a target=""_blank""  href=""/xmlpserver/EVVET3 PW NEW/Subject Area Contents/Public Website/Report (PDF)/AER.xdo?_xpf=&_xpt=1&_params%2FOracle%20BI%20EE%3A%3ADefaultApp%3A%3AEVVET3%20PR%20NEW%2FAER%3A%3Adimension%2FAER%20Id%3A%3Aattribute%3A%3Anoaggr%3A%3Axsd%3Adouble=436749&_xt=AER&_xf=pdf""> AER </a>",2015-03-16 00:00:00,Veterinarian,United States,FEMALE,Dog,"Hound - Swiss - (Lucerne Hound (Luzerner Laufhund), Schwyz Hound (Schweizer Laufhund), Bernese Hound, Jura Hound)",Metacam 1.5 mg/ml - Oral suspension (dogs),"Anaemia NOS, Anorexia, Diarrhoea, Digestive tract disorder NOS, Dyspnoea, Elevated alanine aminotransferase (ALT), Elevated blood urea nitrogen (BUN), Elevated creatinine, Elevated serum alkaline phosphatase (ALP), Haemangiosarcoma, Hyperglycaemia, Hyperphosphataemia, Hypoproteinaemia, Reluctant to move, Splenic neoplasm NOS, Vomiting",1,1,
US-DEBIAHP-2014US11869,"<a target=""_blank""  href=""/xmlpserver/EVVET3 PW NEW/Subject Area Contents/Public Website/Report (PDF)/AER.xdo?_xpf=&_xpt=1&_params%2FOracle%20BI%20EE%3A%3ADefaultApp%3A%3AEVVET3%20PR%20NEW%2FAER%3A%3Adimension%2FAER%20Id%3A%3Aattribute%3A%3Anoaggr%3A%3Axsd%3Adouble=440967&_xt=AER&_xf=pdf""> AER </a>",2015-04-09 00:00:00,Veterinarian,United States,FEMALE,Dog,Poodle - Miniature,"Metacam 0.5 mg/ml - Oral suspension (cats, guinea pigs), Metacam 0.5 mg/ml - Oral suspension (dogs), Metacam 5 mg/ml - Solution for injection (cats, dogs), Metacam 5 mg/ml - Solution for injection (cattle, pigs), Metacam 5 mg/ml - Solution for injection (dogs)","Ascites, Cardiac arrest, Death, Decreased appetite, Lethargy (see also Central nervous system depression in Neurological), Lung sound, Respiratory arrest, Tachypnoea, Vomiting",1,1,1
US-DEBIAHP-2014US13871,"<a target=""_blank""  href=""/xmlpserver/EVVET3 PW NEW/Subject Area Contents/Public Website/Report (PDF)/AER.xdo?_xpf=&_xpt=1&_params%2FOracle%20BI%20EE%3A%3ADefaultApp%3A%3AEVVET3%20PR%20NEW%2FAER%3A%3Adimension%2FAER%20Id%3A%3Aattribute%3A%3Anoaggr%3A%3Axsd%3Adouble=427989&_xt=AER&_xf=pdf""> AER </a>",2015-01-20 00:00:00,Veterinarian,United States,FEMALE,Dog,"Cattle Dog - Australian (blue heeler, red heeler, Queensland cattledog)",Metacam 1.5 mg/ml - Oral suspension (dogs),"Allergic dermatitis, Anaemia NOS, Hot spot (pyotraumatic dermatitis), Loose stool, Other blood disorder NOS",1,1,
US-DEBIAHP-2014US14329,"<a target=""_blank""  href=""/xmlpserver/EVVET3 PW NEW/Subject Area Contents/Public Website/Report (PDF)/AER.xdo?_xpf=&_xpt=1&_params%2FOracle%20BI%20EE%3A%3ADefaultApp%3A%3AEVVET3%20PR%20NEW%2FAER%3A%3Adimension%2FAER%20Id%3A%3Aattribute%3A%3Anoaggr%3A%3Axsd%3Adouble=434004&_xt=AER&_xf=pdf""> AER </a>",2015-02-24 00:00:00,Veterinarian,United States,FEMALE,Dog,Shepherd Dog - Australian,"Loxicom 0.5 mg/ml  - Oral suspension (cats), Loxicom 0.5 mg/ml  - Oral suspension (dogs), Loxicom 1 mg  - Chewable tablet (dogs), Loxicom 1.5 mg/ml  - Oral suspension (dogs), Loxicom 2.5 mg  - Chewable tablet (dogs), Loxicom 20 mg/ml - Solution for injection (cattle, pigs, horses), Loxicom 5 mg/ml  - Solution for injection (cats, dogs), Loxicom 50 mg/g  - Oral paste (horses), Metacam 0.5 mg/ml - Oral suspension (cats, guinea pigs), Metacam 0.5 mg/ml - Oral suspension (dogs), SYNULOX (200+50)MG/TAB ΔΙΣΚΙΟ, SYNULOX (40+10)MG/TAB ΔΙΣΚΙΟ, SYNULOX 140 mg/ml + 35 mg/ml suspensión inyectable, SYNULOX 200 mg/50 mg tablety pre psy a mačky, SYNULOX 200/50 mg COMPRIMIDOS APETITOSOS PARA PERROS, SYNULOX 250 COMPRIMES POUR CHIENS, SYNULOX 250 mg, SYNULOX 250 mg kramtomosios tabletės šunims ir katėms, SYNULOX 250 mg tablete za pse in mačke, SYNULOX 250mg, δισκία για σκύλους και γάτες, SYNULOX 40 mg/10 mg tablety pre psy a mačky, SYNULOX 40 mg/ml + 10 mg/ml POLVO PARA GOTAS ORALES EN SUSPENSION, SYNULOX 40/10 MG COMPRIMIDOS APETITOSOS PARA PERROS Y GATOS, SYNULOX 400 mg/100 mg tablety pre psy, SYNULOX 400/100 mg COMPRIMIDOS APETITOSOS PARA PERROS, SYNULOX 50 COMPRIMES POUR CHIENS ET CHATS, SYNULOX 50 mg, SYNULOX 50 mg kramtomosios tabletės šunims ir katėms, SYNULOX 50 mg tablete za pse in mačke, SYNULOX 500 COMPRIMES POUR CHIENS, SYNULOX 500 mg kramtomosios tabletės šunims, SYNULOX 500 mg tablete za pse, SYNULOX 500 mg, kramtomosios tabletės šunims, SYNULOX 500MG/TAB ΔΙΣΚΙΟ, SYNULOX 50mg, δισκία για σκύλους και γάτες, SYNULOX OGIVETTES POUR VEAUX, SYNULOX SUSPENSION INJECTABLE POUR BOVINS, SYNULOX VET 140 mg/ml injektioneste, suspensio koiralle, kissalle ja sialle, SYNULOX suspensão injetável para suínos, bovinos, cães e gatos, SYNULOX vet 200 mg/50 mg tabletti, koiralle ja kissalle, SYNULOX vet 40 mg/10 mg tabletti, koiralle ja kissalle, SYNULOX vet 400 mg/100 mg tabletti, koiralle, SYNULOX, 400/100mg, Tableta, Synulox 250 mg Comprimés Appétents, Synulox 250 mg Smakelijke tabletten, Synulox 250 mg tabletes suņiem un kaķiem, Synulox 250 mg, tabletid koertele ja kassidele, Synulox 250 mg, таблетки за кучета и котки, Synulox 250mg (200 mg/50 mg)  Tabletten für Hunde, Synulox 50 mg Comprimés Appétents, Synulox 50 mg Smakelijke Tabletten, Synulox 50 mg tabletes suņiem un kaķiem, Synulox 50 mg, tabletid koertele ja kassidele, Synulox 50 mg, таблетки за кучета и котки, Synulox 500 mg Bolus 400 mg - 100 mg Omhulde tablet, Synulox 500 mg Comprimés Appétents, Synulox 500 mg Smakelijke Tabletten, Synulox 500 mg tabletes suņiem, Synulox 500 mg, tabletid koertele, Synulox 500mg (400 mg/100 mg) Tabletten für Hunde, Synulox 50mg (40 mg/10 mg) Tabletten für Hunde und Katzen, Synulox Bolus 500 mg, 400 mg + 100 mg comprimés enrobés pour veaux, Synulox Lactating Cow Intramammary suspension., Synulox Tabletki 250 mg, Synulox Tabletki 250 mg (200+50) mg/tablete; tabletes suņiem, Synulox Tabletki 50 mg, Synulox Tabletki 50 mg (40+10) mg/ tablete; tabletes suņiem un kaķiem, Synulox Tabletki 500 mg, Synulox Vet. til hund og kat 200 + 50 mg tabletter, Synulox Vet. til hund og kat 40 + 10 mg tabletter, Synulox Vet. til hund tabletter 400 + 100 mg, Synulox Vet. til kalve 400 + 100 mg tabletter, Synulox comprimidos palatáveis 250 mg para cães e gatos, Synulox comprimidos palatáveis 50 mg para cães e gatos, Synulox comprimidos palatáveis 500 mg para cães, Synulox vet 40 mg/ml jauhe oraalisuspensiota varten koiralle ja kissalle, Synulox vet. 200 mg tabletter for hund og katt, Synulox vet. 200 mg/50 mg Tablett, Synulox vet. 40 mg tabletter for hund og katt, Synulox vet. 40 mg/10 mg Tablett, Synulox vet. 400 mg tabletter for hund, Synulox vet. 400 mg/100 mg Tablett, Synulox, 200/50mg, Tableta, Synulox, 40/10mg, Tableta, Synulox-Kalb 400 mg/100 mg Filmtabletten für Rinder (Kälber)","Hypersalivation, Panting, Shaking",1,1,
US-DEBIAHP-2014US15329,"<a target=""_blank""  href=""/xmlpserver/EVVET3 PW NEW/Subject Area Contents/Public Website/Report (PDF)/AER.xdo?_xpf=&_xpt=1&_params%2FOracle%20BI%20EE%3A%3ADefaultApp%3A%3AEVVET3%20PR%20NEW%2FAER%3A%3Adimension%2FAER%20Id%3A%3Aattribute%3A%3Anoaggr%3A%3Axsd%3Adouble=427114&_xt=AER&_xf=pdf""> AER </a>",2015-01-12 00:00:00,Veterinarian,United States,MALE,Dog,Rottweiler,"BRONCHI-SHIELD, Metacam 1.5 mg/ml - Oral suspension (dogs), Metacam 5 mg/ml - Solution for injection (cats, dogs), Metacam 5 mg/ml - Solution for injection (cattle, pigs), Metacam 5 mg/ml - Solution for injection (dogs), VERSICAN PLUS BB IN LYOPHILISAT ET SOLVANT POUR GOUTTES NASALES, SUSPENSION POUR CHIENS, Versican Plus Bb IN, Lyophilisat et solvant pour suspension nasale en gouttes, pour chiens","Lethargy (see also Central nervous system depression in Neurological), Lymphoplasmacytic enteritis, Peritonitis, Pyloric ulcer, Vomiting",1,1,
US-DEBIAHP-2014US15493,"<a target=""_blank""  href=""/xmlpserver/EVVET3 PW NEW/Subject Area Contents/Public Website/Report (PDF)/AER.xdo?_xpf=&_xpt=1&_params%2FOracle%20BI%20EE%3A%3ADefaultApp%3A%3AEVVET3%20PR%20NEW%2FAER%3A%3Adimension%2FAER%20Id%3A%3Aattribute%3A%3Anoaggr%3A%3Axsd%3Adouble=427474&_xt=AER&_xf=pdf""> AER </a>",2015-01-15 00:00:00,Veterinarian,United States,FEMALE,Dog,Retriever - Labrador,"Metacam 1.5 mg/ml - Oral suspension (dogs), Tramadog 50 mg tablet for dogs","Anaemia NOS, Anorexia, Chronic renal failure, Elevated amylase, Elevated blood urea nitrogen (BUN), Elevated creatinine, Gastritis, Halitosis, Hyperphosphataemia, Mouth ulcer, Non-regenerative anaemia, Other abnormal test result NOS",1,1,
US-DEBIAHP-2014US15660,"<a target=""_blank""  href=""/xmlpserver/EVVET3 PW NEW/Subject Area Contents/Public Website/Report (PDF)/AER.xdo?_xpf=&_xpt=1&_params%2FOracle%20BI%20EE%3A%3ADefaultApp%3A%3AEVVET3%20PR%20NEW%2FAER%3A%3Adimension%2FAER%20Id%3A%3Aattribute%3A%3Anoaggr%3A%3Axsd%3Adouble=427481&_xt=AER&_xf=pdf""> AER </a>",2015-01-15 00:00:00,Veterinarian,United States,FEMALE,Dog,Shepherd Dog - German,"ADEQUAN IM 500 MG/5 ML SOLUTION FOR INJECTION, Adequan, Adequan 100 mg/ml Solution for Injection, Adequan 250 mg/ml Solution for Injection, Metacam 1.5 mg/ml - Oral suspension (dogs)","Behavioural disorder NOS, Decreased appetite, Elevated liver enzymes NOS, Elevated total bilirubin, Localised pain NOS (see other SOCs for specific pain)",1,1,
US-DEBIAHP-2014US15788,"<a target=""_blank""  href=""/xmlpserver/EVVET3 PW NEW/Subject Area Contents/Public Website/Report (PDF)/AER.xdo?_xpf=&_xpt=1&_params%2FOracle%20BI%20EE%3A%3ADefaultApp%3A%3AEVVET3%20PR%20NEW%2FAER%3A%3Adimension%2FAER%20Id%3A%3Aattribute%3A%3Anoaggr%3A%3Axsd%3Adouble=426401&_xt=AER&_xf=pdf""> AER </a>",2015-01-05 00:00:00,Other health care professional,United States,MALE,Dog,Chihuahua,Metacam 1.5 mg/ml - Oral suspension (dogs),"Injection site erythema, Injection site hair loss, Injection site skin change NOS",1,1,
US-DEBIAHP-2015US00036,"<a target=""_blank""  href=""/xmlpserver/EVVET3 PW NEW/Subject Area Contents/Public Website/Report (PDF)/AER.xdo?_xpf=&_xpt=1&_params%2FOracle%20BI%20EE%3A%3ADefaultApp%3A%3AEVVET3%20PR%20NEW%2FAER%3A%3Adimension%2FAER%20Id%3A%3Aattribute%3A%3Anoaggr%3A%3Axsd%3Adouble=429385&_xt=AER&_xf=pdf""> AER </a>",2015-01-28 00:00:00,Animal owner,United States,MALE,Dog,Shih Tzu,"Metacam 0.5 mg/ml - Oral suspension (cats, guinea pigs), Metacam 0.5 mg/ml - Oral suspension (dogs)","Anaemia NOS, Azotaemia, Bloody diarrhoea, Death by euthanasia, Decreased red blood cell count, Elevated blood urea nitrogen (BUN), Elevated creatinine, Elevated serum alkaline phosphatase (ALP), Elevated total bilirubin, Haematuria, Hyperphosphataemia, Low platelet count, Not eating, Proteinuria, Renal failure, Seizure NOS, Thrombocytopenia, Vomiting",1,1,1
US-DEBIAHP-2015US00046,"<a target=""_blank""  href=""/xmlpserver/EVVET3 PW NEW/Subject Area Contents/Public Website/Report (PDF)/AER.xdo?_xpf=&_xpt=1&_params%2FOracle%20BI%20EE%3A%3ADefaultApp%3A%3AEVVET3%20PR%20NEW%2FAER%3A%3Adimension%2FAER%20Id%3A%3Aattribute%3A%3Anoaggr%3A%3Axsd%3Adouble=427275&_xt=AER&_xf=pdf""> AER </a>",2015-01-13 00:00:00,Animal owner,United States,FEMALE,Dog,Bichon Frise,"Metacam 0.5 mg/ml - Oral suspension (cats, guinea pigs), Metacam 0.5 mg/ml - Oral suspension (dogs)",Itching,1,1,
US-DEBIAHP-2015US00063,"<a target=""_blank""  href=""/xmlpserver/EVVET3 PW NEW/Subject Area Contents/Public Website/Report (PDF)/AER.xdo?_xpf=&_xpt=1&_params%2FOracle%20BI%20EE%3A%3ADefaultApp%3A%3AEVVET3%20PR%20NEW%2FAER%3A%3Adimension%2FAER%20Id%3A%3Aattribute%3A%3Anoaggr%3A%3Axsd%3Adouble=433874&_xt=AER&_xf=pdf""> AER </a>",2015-02-23 00:00:00,Other health care professional,United States,MALE,Dog,Chihuahua,Metacam 1.5 mg/ml - Oral suspension (dogs),Ataxia,1,1,
US-DEBIAHP-2015US00254,"<a target=""_blank""  href=""/xmlpserver/EVVET3 PW NEW/Subject Area Contents/Public Website/Report (PDF)/AER.xdo?_xpf=&_xpt=1&_params%2FOracle%20BI%20EE%3A%3ADefaultApp%3A%3AEVVET3%20PR%20NEW%2FAER%3A%3Adimension%2FAER%20Id%3A%3Aattribute%3A%3Anoaggr%3A%3Axsd%3Adouble=427996&_xt=AER&_xf=pdf""> AER </a>",2015-01-20 00:00:00,Other health care professional,United States,FEMALE,Dog,Bichon Frise,Metacam 1.5 mg/ml - Oral suspension (dogs),"Diarrhoea, Vomiting",1,1,
US-DEBIAHP-2015US00324,"<a target=""_blank""  href=""/xmlpserver/EVVET3 PW NEW/Subject Area Contents/Public Website/Report (PDF)/AER.xdo?_xpf=&_xpt=1&_params%2FOracle%20BI%20EE%3A%3ADefaultApp%3A%3AEVVET3%20PR%20NEW%2FAER%3A%3Adimension%2FAER%20Id%3A%3Aattribute%3A%3Anoaggr%3A%3Axsd%3Adouble=428099&_xt=AER&_xf=pdf""> AER </a>",2015-01-21 00:00:00,Veterinarian,United States,UNKNOWN,Dog,"Hound - Swiss - (Lucerne Hound (Luzerner Laufhund), Schwyz Hound (Schweizer Laufhund), Bernese Hound, Jura Hound)","Metacam 5 mg/ml - Solution for injection (cats, dogs), Metacam 5 mg/ml - Solution for injection (cattle, pigs), Metacam 5 mg/ml - Solution for injection (dogs)","Vocalisation, Vomiting",1,1,
US-DEBIAHP-2015US00345,"<a target=""_blank""  href=""/xmlpserver/EVVET3 PW NEW/Subject Area Contents/Public Website/Report (PDF)/AER.xdo?_xpf=&_xpt=1&_params%2FOracle%20BI%20EE%3A%3ADefaultApp%3A%3AEVVET3%20PR%20NEW%2FAER%3A%3Adimension%2FAER%20Id%3A%3Aattribute%3A%3Anoaggr%3A%3Axsd%3Adouble=447275&_xt=AER&_xf=pdf""> AER </a>",2015-04-24 00:00:00,Veterinarian,United States,FEMALE,Dog,Crossbred Canine/dog,Metacam 1.5 mg/ml - Oral suspension (dogs),"Endocardiosis, Epistaxis, Haemorrhagic enteritis, Licking at application site, Necrotic hepatitis, Pulmonary congestion, Sudden death",1,1,1
US-DEBIAHP-2015US00469,"<a target=""_blank""  href=""/xmlpserver/EVVET3 PW NEW/Subject Area Contents/Public Website/Report (PDF)/AER.xdo?_xpf=&_xpt=1&_params%2FOracle%20BI%20EE%3A%3ADefaultApp%3A%3AEVVET3%20PR%20NEW%2FAER%3A%3Adimension%2FAER%20Id%3A%3Aattribute%3A%3Anoaggr%3A%3Axsd%3Adouble=432174&_xt=AER&_xf=pdf""> AER </a>",2015-02-11 00:00:00,Veterinarian,United States,FEMALE,Dog,Samoyed,Metacam 1.5 mg/ml - Oral suspension (dogs),Elevated total bilirubin,1,1,
US-DEBIAHP-2015US00535,"<a target=""_blank""  href=""/xmlpserver/EVVET3 PW NEW/Subject Area Contents/Public Website/Report (PDF)/AER.xdo?_xpf=&_xpt=1&_params%2FOracle%20BI%20EE%3A%3ADefaultApp%3A%3AEVVET3%20PR%20NEW%2FAER%3A%3Adimension%2FAER%20Id%3A%3Aattribute%3A%3Anoaggr%3A%3Axsd%3Adouble=429380&_xt=AER&_xf=pdf""> AER </a>",2015-01-28 00:00:00,Veterinarian,United States,FEMALE,Dog,Maltese,Metacam 1.5 mg/ml - Oral suspension (dogs),Excitation,1,1,
US-DEBIAHP-2015US00558,"<a target=""_blank""  href=""/xmlpserver/EVVET3 PW NEW/Subject Area Contents/Public Website/Report (PDF)/AER.xdo?_xpf=&_xpt=1&_params%2FOracle%20BI%20EE%3A%3ADefaultApp%3A%3AEVVET3%20PR%20NEW%2FAER%3A%3Adimension%2FAER%20Id%3A%3Aattribute%3A%3Anoaggr%3A%3Axsd%3Adouble=429373&_xt=AER&_xf=pdf""> AER </a>",2015-01-28 00:00:00,Veterinarian,United States,MALE,Dog,Retriever - Golden,"Metacam 1.5 mg/ml - Oral suspension (dogs), Soloxine 0.8 mg Tablet","Facial oedema, Lethargy (see also Central nervous system depression in Neurological), Loose stool, Mouth pain, Not eating",1,1,
US-DEBIAHP-2015US00572,"<a target=""_blank""  href=""/xmlpserver/EVVET3 PW NEW/Subject Area Contents/Public Website/Report (PDF)/AER.xdo?_xpf=&_xpt=1&_params%2FOracle%20BI%20EE%3A%3ADefaultApp%3A%3AEVVET3%20PR%20NEW%2FAER%3A%3Adimension%2FAER%20Id%3A%3Aattribute%3A%3Anoaggr%3A%3Axsd%3Adouble=429124&_xt=AER&_xf=pdf""> AER </a>",2015-01-27 00:00:00,Veterinarian,United States,MALE,Dog,Chihuahua,"Atropine 0,1% pro inj., 1 mg/ml oplossing voor injectie voor honden en katten., BAYTRIL 0,5% W/V ΠΟΣΙΜΟ ΔΙΑΛΥΜΑ, BAYTRIL 0,5% πόσιμο διάλυμα ενροφλοξακίνης για ορνίθια και γαλοπούλες, BAYTRIL 10 % SOLUTION BUVABLE, BAYTRIL 10 % SOLUTION INJECTABLE, BAYTRIL 10% W/V ΠΟΣΙΜΟ ΔΙΑΛΥΜΑ, BAYTRIL 100 mg/ml - soluţie orală, BAYTRIL 100 mg/ml SOLUCION INYECTABLE, BAYTRIL 100 mg/ml soluție injectabilă, BAYTRIL 15 mg δισκία για γάτες και σκύλους, BAYTRIL 150 mg δισκία για γάτες και σκύλους, BAYTRIL 2,5 % SOLUTION BUVABLE, BAYTRIL 2,5 % SOLUTION INJECTABLE, BAYTRIL 2,5% W/V ΕΝΕΣΙΜΟ ΔΙΑΛΥΜΑ, BAYTRIL 2,5% W/V ΠΟΣΙΜΟ ΔΙΑΛΥΜΑ, BAYTRIL 25 mg/ml SOLUCION INYECTABLE, BAYTRIL 25 mg/ml SOLUCION ORAL, BAYTRIL 5 % SOLUTION INJECTABLE, BAYTRIL 5 mg/ml SOLUCION ORAL, BAYTRIL 50 mg δισκία για γάτες και σκύλους, BAYTRIL 50 mg/ml SOLUCION INYECTABLE, BAYTRIL 50mg/ml ενέσιμο διάλυμα, BAYTRIL, 25mg/ml, Injekční roztok, BAYTRIL, 5% ενέσιμο διάλυμα για μόσχους, χοίρους, πρόβατα, αίγες, σκύλους και γάτες, BAYTRIL, 50mg/ml, Injekční roztok, Baytril  100 mg/ml Oplossing voor injectie, Baytril  100 mg/ml Solution injectable, Baytril - Das Original - 100 mg/ml Injektionslösung, Baytril - Das Original - 25 mg/ml Injektionslösung, Baytril - Das Original - 50 mg/ml Injektionslösung, Baytril 0,5 % solução oral para leitões, Baytril 0,5%, Baytril 10 % solução oral, Baytril 10%, Baytril 10% O.L., Baytril 10% Oral Solution, Baytril 100 mg/mL, otopina za injekciju, za goveda, ovce, koze i svinje, Baytril 100 mg/mL, otopina za primjenu u vodi za piće, za kokoši, purane i kuniće, Baytril 100 mg/ml - Injektionslösung für Tiere, Baytril 100 mg/ml - Lösung zum Eingeben für Hühner, Puten und Kaninchen, Baytril 100 mg/ml Oplossing voor gebruik in drinkwater, Baytril 100 mg/ml Solution buvable, Baytril 100 mg/ml Solution for Injection, Baytril 100 mg/ml koncentrat za peroralno raztopino za piščance, purane in kunce, Baytril 100 mg/ml oldat ivóvízbe keveréshez A.U.V., Baytril 100 mg/ml oplossing voor gebruik in drinkwater voor kippen, kalkoenen en konijnen, Baytril 100 mg/ml oplossing voor injectie, Baytril 100 mg/ml raztopina za injiciranje, Baytril 100 mg/ml solution for injection, Baytril 100 mg/ml soluzione iniettabile, Baytril 100 mg/ml solução injetável, Baytril 150 mg tabletta A.U.V., Baytril 2,5%, 25 mg/mL, otopina za injekciju za pse, mačke, prasad, kuniće, glodavce, gmazove i ukrasne ptice, Baytril 25 mg/ml - Injektionslösung für Tiere, Baytril 25 mg/ml - Lösung zum Eingeben für Kälber und Lämmer, Baytril 25 mg/ml Lösung zum Eingeben für Rinder (Kälber), Baytril 25 mg/ml Oplossing voor injectie, Baytril 25 mg/ml Oral Solution, Baytril 25 mg/ml Solution injectable, Baytril 25 mg/ml injekčný roztok, Baytril 25 mg/ml oldatos injekció A.U.V., Baytril 25 mg/ml oplossing voor injectie, Baytril 25 mg/ml roztwór do wstrzykiwań, Baytril 25 mg/ml solution for injection, Baytril 25 mg/ml soluzione iniettabile, Baytril 25 mg/ml soluzione iniettabile per cani, gatti, roditori e conigli da compagnia, rettili e uccelli ornamentali, Baytril 25 mg/ml soluzione orale per vitelli, ovini, caprini, suini, Baytril 25 mg/ml solução injetável, Baytril 5 mg/ml - Lösung zum Eingeben für Schweine, Baytril 5 mg/ml belsőleges oldat sertések részére A.U.V., Baytril 50 mg tabletta A.U.V., Baytril 50 mg/mL, otopina za injekciju, za telad, ovce, koze, svinje, pse i mačke, Baytril 50 mg/ml - Injektionslösung für Tiere, Baytril 50 mg/ml Oplossing voor injectie, Baytril 50 mg/ml Solution for Injection, Baytril 50 mg/ml Solution injectable, Baytril 50 mg/ml injekčný roztok, Baytril 50 mg/ml oldatos injekció A.U.V., Baytril 50 mg/ml oplossing voor injectie, Baytril 50 mg/ml raztopina za injiciranje, Baytril 50 mg/ml soluzione iniettabile, Baytril 50 mg/ml solução injetável, Baytril 50 mg/ml soluție injectabilă, Baytril Direct 100 mg/ml Injektionslösung für Rinder und Schweine, Baytril Piglet Doser 0.5% Oral Solution, Baytril Vet. 100 mg/ml injektionsvæske, opløsning, Baytril Vet. 150 mg tabletter, Baytril Vet","Elevated alanine aminotransferase (ALT), Elevated serum alkaline phosphatase (ALP)",1,1,
US-DEBIAHP-2015US00665,"<a target=""_blank""  href=""/xmlpserver/EVVET3 PW NEW/Subject Area Contents/Public Website/Report (PDF)/AER.xdo?_xpf=&_xpt=1&_params%2FOracle%20BI%20EE%3A%3ADefaultApp%3A%3AEVVET3%20PR%20NEW%2FAER%3A%3Adimension%2FAER%20Id%3A%3Aattribute%3A%3Anoaggr%3A%3Axsd%3Adouble=432176&_xt=AER&_xf=pdf""> AER </a>",2015-02-11 00:00:00,Animal owner,United States,FEMALE,Dog,Sheepdog - Shetland,Metacam 1.5 mg/ml - Oral suspension (dogs),Disorientation,1,1,
US-DEBIAHP-2015US00711,"<a target=""_blank""  href=""/xmlpserver/EVVET3 PW NEW/Subject Area Contents/Public Website/Report (PDF)/AER.xdo?_xpf=&_xpt=1&_params%2FOracle%20BI%20EE%3A%3ADefaultApp%3A%3AEVVET3%20PR%20NEW%2FAER%3A%3Adimension%2FAER%20Id%3A%3Aattribute%3A%3Anoaggr%3A%3Axsd%3Adouble=430585&_xt=AER&_xf=pdf""> AER </a>",2015-02-03 00:00:00,Animal owner,United States,MALE,Dog,Poodle - Toy,"Metacam 0.5 mg/ml - Oral suspension (cats, guinea pigs), Metacam 0.5 mg/ml - Oral suspension (dogs), Metacam 1.5 mg/ml - Oral suspension (dogs)","Blood in faeces, Diarrhoea, Vomiting",1,1,
US-DEBIAHP-2015US00715,"<a target=""_blank""  href=""/xmlpserver/EVVET3 PW NEW/Subject Area Contents/Public Website/Report (PDF)/AER.xdo?_xpf=&_xpt=1&_params%2FOracle%20BI%20EE%3A%3ADefaultApp%3A%3AEVVET3%20PR%20NEW%2FAER%3A%3Adimension%2FAER%20Id%3A%3Aattribute%3A%3Anoaggr%3A%3Axsd%3Adouble=430313&_xt=AER&_xf=pdf""> AER </a>",2015-02-02 00:00:00,Veterinarian,United States,FEMALE,Dog,Bichon Frise,Metacam 1.5 mg/ml - Oral suspension (dogs),Ear irritation,1,1,
US-DEBIAHP-2015US00718,"<a target=""_blank""  href=""/xmlpserver/EVVET3 PW NEW/Subject Area Contents/Public Website/Report (PDF)/AER.xdo?_xpf=&_xpt=1&_params%2FOracle%20BI%20EE%3A%3ADefaultApp%3A%3AEVVET3%20PR%20NEW%2FAER%3A%3Adimension%2FAER%20Id%3A%3Aattribute%3A%3Anoaggr%3A%3Axsd%3Adouble=430351&_xt=AER&_xf=pdf""> AER </a>",2015-02-03 00:00:00,Other health care professional,United States,MALE,Dog,Maltese,"Convenia 80 mg/ml  - Powder and solvent for solution for injection, Metacam 1.5 mg/ml - Oral suspension (dogs)","Blood in urine, Elevated serum alkaline phosphatase (ALP), Hyperglycaemia, Proteinuria, Seizure NOS",1,1,
US-DEBIAHP-2015US00741,"<a target=""_blank""  href=""/xmlpserver/EVVET3 PW NEW/Subject Area Contents/Public Website/Report (PDF)/AER.xdo?_xpf=&_xpt=1&_params%2FOracle%20BI%20EE%3A%3ADefaultApp%3A%3AEVVET3%20PR%20NEW%2FAER%3A%3Adimension%2FAER%20Id%3A%3Aattribute%3A%3Anoaggr%3A%3Axsd%3Adouble=433351&_xt=AER&_xf=pdf""> AER </a>",2015-02-18 00:00:00,Animal owner,United States,MALE,Dog,Shepherd Dog - Australian,"Metacam 5 mg/ml - Solution for injection (cats, dogs), Metacam 5 mg/ml - Solution for injection (cattle, pigs), Metacam 5 mg/ml - Solution for injection (dogs)","Anaemia NOS, Fever, Lethargy (see also Central nervous system depression in Neurological), Neutrophilia, Not eating, Panting, Reluctant to move",1,1,
US-DEBIAHP-2015US00796,"<a target=""_blank""  href=""/xmlpserver/EVVET3 PW NEW/Subject Area Contents/Public Website/Report (PDF)/AER.xdo?_xpf=&_xpt=1&_params%2FOracle%20BI%20EE%3A%3ADefaultApp%3A%3AEVVET3%20PR%20NEW%2FAER%3A%3Adimension%2FAER%20Id%3A%3Aattribute%3A%3Anoaggr%3A%3Axsd%3Adouble=430411&_xt=AER&_xf=pdf""> AER </a>",2015-02-02 00:00:00,Other health care professional,United States,MALE,Dog,Beagle,Metacam 1.5 mg/ml - Oral suspension (dogs),Lack of efficacy - NOS,1,1,
US-DEBIAHP-2015US00875,"<a target=""_blank""  href=""/xmlpserver/EVVET3 PW NEW/Subject Area Contents/Public Website/Report (PDF)/AER.xdo?_xpf=&_xpt=1&_params%2FOracle%20BI%20EE%3A%3ADefaultApp%3A%3AEVVET3%20PR%20NEW%2FAER%3A%3Adimension%2FAER%20Id%3A%3Aattribute%3A%3Anoaggr%3A%3Axsd%3Adouble=430546&_xt=AER&_xf=pdf""> AER </a>",2015-02-04 00:00:00,Other health care professional,United States,FEMALE,Dog,Terrier - Yorkshire,Metacam 1.5 mg/ml - Oral suspension (dogs),"Febrile, Lethargy (see also Central nervous system depression in Neurological), Other abnormal test result NOS, Vomiting",1,1,
US-DEBIAHP-2015US01018,"<a target=""_blank""  href=""/xmlpserver/EVVET3 PW NEW/Subject Area Contents/Public Website/Report (PDF)/AER.xdo?_xpf=&_xpt=1&_params%2FOracle%20BI%20EE%3A%3ADefaultApp%3A%3AEVVET3%20PR%20NEW%2FAER%3A%3Adimension%2FAER%20Id%3A%3Aattribute%3A%3Anoaggr%3A%3Axsd%3Adouble=430582&_xt=AER&_xf=pdf""> AER </a>",2015-02-03 00:00:00,Veterinarian,United States,FEMALE,Dog,Bulldog,"BAYTRIL 0,5% W/V ΠΟΣΙΜΟ ΔΙΑΛΥΜΑ, BAYTRIL 0,5% πόσιμο διάλυμα ενροφλοξακίνης για ορνίθια και γαλοπούλες, BAYTRIL 10 % SOLUTION BUVABLE, BAYTRIL 10 % SOLUTION INJECTABLE, BAYTRIL 10% W/V ΠΟΣΙΜΟ ΔΙΑΛΥΜΑ, BAYTRIL 100 mg/ml - soluţie orală, BAYTRIL 100 mg/ml SOLUCION INYECTABLE, BAYTRIL 100 mg/ml soluție injectabilă, BAYTRIL 15 mg δισκία για γάτες και σκύλους, BAYTRIL 150 mg δισκία για γάτες και σκύλους, BAYTRIL 2,5 % SOLUTION BUVABLE, BAYTRIL 2,5 % SOLUTION INJECTABLE, BAYTRIL 2,5% W/V ΕΝΕΣΙΜΟ ΔΙΑΛΥΜΑ, BAYTRIL 2,5% W/V ΠΟΣΙΜΟ ΔΙΑΛΥΜΑ, BAYTRIL 25 mg/ml SOLUCION INYECTABLE, BAYTRIL 25 mg/ml SOLUCION ORAL, BAYTRIL 5 % SOLUTION INJECTABLE, BAYTRIL 5 mg/ml SOLUCION ORAL, BAYTRIL 50 mg δισκία για γάτες και σκύλους, BAYTRIL 50 mg/ml SOLUCION INYECTABLE, BAYTRIL 50mg/ml ενέσιμο διάλυμα, BAYTRIL, 25mg/ml, Injekční roztok, BAYTRIL, 5% ενέσιμο διάλυμα για μόσχους, χοίρους, πρόβατα, αίγες, σκύλους και γάτες, BAYTRIL, 50mg/ml, Injekční roztok, Baytril  100 mg/ml Oplossing voor injectie, Baytril  100 mg/ml Solution injectable, Baytril - Das Original - 100 mg/ml Injektionslösung, Baytril - Das Original - 25 mg/ml Injektionslösung, Baytril - Das Original - 50 mg/ml Injektionslösung, Baytril 0,5 % solução oral para leitões, Baytril 0,5%, Baytril 10 % solução oral, Baytril 10%, Baytril 10% O.L., Baytril 10% Oral Solution, Baytril 100 mg/mL, otopina za injekciju, za goveda, ovce, koze i svinje, Baytril 100 mg/mL, otopina za primjenu u vodi za piće, za kokoši, purane i kuniće, Baytril 100 mg/ml - Injektionslösung für Tiere, Baytril 100 mg/ml - Lösung zum Eingeben für Hühner, Puten und Kaninchen, Baytril 100 mg/ml Oplossing voor gebruik in drinkwater, Baytril 100 mg/ml Solution buvable, Baytril 100 mg/ml Solution for Injection, Baytril 100 mg/ml koncentrat za peroralno raztopino za piščance, purane in kunce, Baytril 100 mg/ml oldat ivóvízbe keveréshez A.U.V., Baytril 100 mg/ml oplossing voor gebruik in drinkwater voor kippen, kalkoenen en konijnen, Baytril 100 mg/ml oplossing voor injectie, Baytril 100 mg/ml raztopina za injiciranje, Baytril 100 mg/ml solution for injection, Baytril 100 mg/ml soluzione iniettabile, Baytril 100 mg/ml solução injetável, Baytril 150 mg tabletta A.U.V., Baytril 2,5%, 25 mg/mL, otopina za injekciju za pse, mačke, prasad, kuniće, glodavce, gmazove i ukrasne ptice, Baytril 25 mg/ml - Injektionslösung für Tiere, Baytril 25 mg/ml - Lösung zum Eingeben für Kälber und Lämmer, Baytril 25 mg/ml Lösung zum Eingeben für Rinder (Kälber), Baytril 25 mg/ml Oplossing voor injectie, Baytril 25 mg/ml Oral Solution, Baytril 25 mg/ml Solution injectable, Baytril 25 mg/ml injekčný roztok, Baytril 25 mg/ml oldatos injekció A.U.V., Baytril 25 mg/ml oplossing voor injectie, Baytril 25 mg/ml roztwór do wstrzykiwań, Baytril 25 mg/ml solution for injection, Baytril 25 mg/ml soluzione iniettabile, Baytril 25 mg/ml soluzione iniettabile per cani, gatti, roditori e conigli da compagnia, rettili e uccelli ornamentali, Baytril 25 mg/ml soluzione orale per vitelli, ovini, caprini, suini, Baytril 25 mg/ml solução injetável, Baytril 5 mg/ml - Lösung zum Eingeben für Schweine, Baytril 5 mg/ml belsőleges oldat sertések részére A.U.V., Baytril 50 mg tabletta A.U.V., Baytril 50 mg/mL, otopina za injekciju, za telad, ovce, koze, svinje, pse i mačke, Baytril 50 mg/ml - Injektionslösung für Tiere, Baytril 50 mg/ml Oplossing voor injectie, Baytril 50 mg/ml Solution for Injection, Baytril 50 mg/ml Solution injectable, Baytril 50 mg/ml injekčný roztok, Baytril 50 mg/ml oldatos injekció A.U.V., Baytril 50 mg/ml oplossing voor injectie, Baytril 50 mg/ml raztopina za injiciranje, Baytril 50 mg/ml soluzione iniettabile, Baytril 50 mg/ml solução injetável, Baytril 50 mg/ml soluție injectabilă, Baytril Direct 100 mg/ml Injektionslösung für Rinder und Schweine, Baytril Piglet Doser 0.5% Oral Solution, Baytril Vet. 100 mg/ml injektionsvæske, opløsning, Baytril Vet. 150 mg tabletter, Baytril Vet. 25 mg/ml oral opløsning, Baytril Vet. 50 mg tabletter, Baytril Vet. 50 mg/ml i",Abnormal radiograph finding,1,1,
US-DEBIAHP-2015US01311,"<a target=""_blank""  href=""/xmlpserver/EVVET3 PW NEW/Subject Area Contents/Public Website/Report (PDF)/AER.xdo?_xpf=&_xpt=1&_params%2FOracle%20BI%20EE%3A%3ADefaultApp%3A%3AEVVET3%20PR%20NEW%2FAER%3A%3Adimension%2FAER%20Id%3A%3Aattribute%3A%3Anoaggr%3A%3Axsd%3Adouble=432352&_xt=AER&_xf=pdf""> AER </a>",2015-02-12 00:00:00,Veterinarian,United States,FEMALE,Dog,Spitz - German Pomeranian,"Metacam 0.5 mg/ml - Oral suspension (cats, guinea pigs), Metacam 0.5 mg/ml - Oral suspension (dogs)","Lip licking, Reverse sneezing",1,1,
US-DEBIAHP-2015US01369,"<a target=""_blank""  href=""/xmlpserver/EVVET3 PW NEW/Subject Area Contents/Public Website/Report (PDF)/AER.xdo?_xpf=&_xpt=1&_params%2FOracle%20BI%20EE%3A%3ADefaultApp%3A%3AEVVET3%20PR%20NEW%2FAER%3A%3Adimension%2FAER%20Id%3A%3Aattribute%3A%3Anoaggr%3A%3Axsd%3Adouble=432209&_xt=AER&_xf=pdf""> AER </a>",2015-02-11 00:00:00,Veterinarian,United States,UNKNOWN,Dog,Dog (other),"Metacam 0.5 mg/ml - Oral suspension (cats, guinea pigs), Metacam 0.5 mg/ml - Oral suspension (dogs)","Erythema (for urticaria see Immune SOC), Pruritus",1,1,
US-DEBIAHP-2015US01373,"<a target=""_blank""  href=""/xmlpserver/EVVET3 PW NEW/Subject Area Contents/Public Website/Report (PDF)/AER.xdo?_xpf=&_xpt=1&_params%2FOracle%20BI%20EE%3A%3ADefaultApp%3A%3AEVVET3%20PR%20NEW%2FAER%3A%3Adimension%2FAER%20Id%3A%3Aattribute%3A%3Anoaggr%3A%3Axsd%3Adouble=435409&_xt=AER&_xf=pdf""> AER </a>",2015-03-06 00:00:00,Veterinarian,United States,MALE,Dog,Poodle - Toy,"Metacam 1.5 mg/ml - Oral suspension (dogs), Soloxine 0.1 mg Tablet","Elevated alanine aminotransferase (ALT), Elevated serum alkaline phosphatase (ALP), Other abnormal test result NOS, Proteinuria, Pyoderma",1,1,
US-DEBIAHP-2015US01415,"<a target=""_blank""  href=""/xmlpserver/EVVET3 PW NEW/Subject Area Contents/Public Website/Report (PDF)/AER.xdo?_xpf=&_xpt=1&_params%2FOracle%20BI%20EE%3A%3ADefaultApp%3A%3AEVVET3%20PR%20NEW%2FAER%3A%3Adimension%2FAER%20Id%3A%3Aattribute%3A%3Anoaggr%3A%3Axsd%3Adouble=432348&_xt=AER&_xf=pdf""> AER </a>",2015-02-12 00:00:00,Other health care professional,United States,FEMALE,Dog,Shepherd Dog - Australian,"Metacam 1.5 mg/ml - Oral suspension (dogs), Tramadog 50 mg tablet for dogs","Anorexia, Death by euthanasia, Elevated blood urea nitrogen (BUN), Elevated creatinine, Hyperphosphataemia, Lethargy (see also Central nervous system depression in Neurological)",1,1,1
US-DEBIAHP-2015US01426,"<a target=""_blank""  href=""/xmlpserver/EVVET3 PW NEW/Subject Area Contents/Public Website/Report (PDF)/AER.xdo?_xpf=&_xpt=1&_params%2FOracle%20BI%20EE%3A%3ADefaultApp%3A%3AEVVET3%20PR%20NEW%2FAER%3A%3Adimension%2FAER%20Id%3A%3Aattribute%3A%3Anoaggr%3A%3Axsd%3Adouble=442873&_xt=AER&_xf=pdf""> AER </a>",2015-04-10 00:00:00,Veterinarian,United States,MALE,Dog,Dog (other),Metacam 1.5 mg/ml - Oral suspension (dogs),Lack of efficacy - NOS,1,1,
US-DEBIAHP-2015US01466,"<a target=""_blank""  href=""/xmlpserver/EVVET3 PW NEW/Subject Area Contents/Public Website/Report (PDF)/AER.xdo?_xpf=&_xpt=1&_params%2FOracle%20BI%20EE%3A%3ADefaultApp%3A%3AEVVET3%20PR%20NEW%2FAER%3A%3Adimension%2FAER%20Id%3A%3Aattribute%3A%3Anoaggr%3A%3Axsd%3Adouble=433212&_xt=AER&_xf=pdf""> AER </a>",2015-02-17 00:00:00,Animal owner,United States,MALE,Dog,Chihuahua,"Metacam 0.5 mg/ml - Oral suspension (cats, guinea pigs), Metacam 0.5 mg/ml - Oral suspension (dogs)","Anuria, Decreased bowel movements, Itchy skin, Not eating, Vomiting",1,1,
US-DEBIAHP-2015US01470,"<a target=""_blank""  href=""/xmlpserver/EVVET3 PW NEW/Subject Area Contents/Public Website/Report (PDF)/AER.xdo?_xpf=&_xpt=1&_params%2FOracle%20BI%20EE%3A%3ADefaultApp%3A%3AEVVET3%20PR%20NEW%2FAER%3A%3Adimension%2FAER%20Id%3A%3Aattribute%3A%3Anoaggr%3A%3Axsd%3Adouble=433320&_xt=AER&_xf=pdf""> AER </a>",2015-02-18 00:00:00,Other health care professional,United States,MALE,Dog,Retriever - Labrador,Metacam 1.5 mg/ml - Oral suspension (dogs),"Abdominal mass, Ataxia, Blood in urine, Dilated pupils, Glazed eye, Not eating",1,1,
US-DEBIAHP-2015US01474,"<a target=""_blank""  href=""/xmlpserver/EVVET3 PW NEW/Subject Area Contents/Public Website/Report (PDF)/AER.xdo?_xpf=&_xpt=1&_params%2FOracle%20BI%20EE%3A%3ADefaultApp%3A%3AEVVET3%20PR%20NEW%2FAER%3A%3Adimension%2FAER%20Id%3A%3Aattribute%3A%3Anoaggr%3A%3Axsd%3Adouble=433211&_xt=AER&_xf=pdf""> AER </a>",2015-02-17 00:00:00,Veterinarian,United States,MALE,Dog,Chihuahua,"Metacam 0.5 mg/ml - Oral suspension (cats, guinea pigs), Metacam 0.5 mg/ml - Oral suspension (dogs)","Polydipsia, Polyuria",1,1,
US-DEBIAHP-2015US01746,"<a target=""_blank""  href=""/xmlpserver/EVVET3 PW NEW/Subject Area Contents/Public Website/Report (PDF)/AER.xdo?_xpf=&_xpt=1&_params%2FOracle%20BI%20EE%3A%3ADefaultApp%3A%3AEVVET3%20PR%20NEW%2FAER%3A%3Adimension%2FAER%20Id%3A%3Aattribute%3A%3Anoaggr%3A%3Axsd%3Adouble=433688&_xt=AER&_xf=pdf""> AER </a>",2015-02-20 00:00:00,Veterinarian,United States,UNKNOWN,Dog,Crossbred Canine/dog,Metacam 1.5 mg/ml - Oral suspension (dogs),"Brain disorder NOS, Death, Hepatic disorder NOS, Necropsy performed, Pneumonia, Runt",2,8,1
US-DEBIAHP-2015US01772,"<a target=""_blank""  href=""/xmlpserver/EVVET3 PW NEW/Subject Area Contents/Public Website/Report (PDF)/AER.xdo?_xpf=&_xpt=1&_params%2FOracle%20BI%20EE%3A%3ADefaultApp%3A%3AEVVET3%20PR%20NEW%2FAER%3A%3Adimension%2FAER%20Id%3A%3Aattribute%3A%3Anoaggr%3A%3Axsd%3Adouble=433251&_xt=AER&_xf=pdf""> AER </a>",2015-02-20 00:00:00,Animal owner,United States,FEMALE,Dog,Shih Tzu,"Metacam 0.5 mg/ml - Oral suspension (cats, guinea pigs), Metacam 0.5 mg/ml - Oral suspension (dogs)",Seizure NOS,1,1,
US-DEBIAHP-2015US02037,"<a target=""_blank""  href=""/xmlpserver/EVVET3 PW NEW/Subject Area Contents/Public Website/Report (PDF)/AER.xdo?_xpf=&_xpt=1&_params%2FOracle%20BI%20EE%3A%3ADefaultApp%3A%3AEVVET3%20PR%20NEW%2FAER%3A%3Adimension%2FAER%20Id%3A%3Aattribute%3A%3Anoaggr%3A%3Axsd%3Adouble=437641&_xt=AER&_xf=pdf""> AER </a>",2015-03-23 00:00:00,Other health care professional,United States,MALE,Dog,Terrier - Yorkshire,"Metacam 0.5 mg/ml - Oral suspension (cats, guinea pigs), Metacam 0.5 mg/ml - Oral suspension (dogs)","Injection site alopecia, Injection site lump, Injection site swelling, Localised hair loss, Localised itching",1,1,
US-DEBIAHP-2015US02053,"<a target=""_blank""  href=""/xmlpserver/EVVET3 PW NEW/Subject Area Contents/Public Website/Report (PDF)/AER.xdo?_xpf=&_xpt=1&_params%2FOracle%20BI%20EE%3A%3ADefaultApp%3A%3AEVVET3%20PR%20NEW%2FAER%3A%3Adimension%2FAER%20Id%3A%3Aattribute%3A%3Anoaggr%3A%3Axsd%3Adouble=434154&_xt=AER&_xf=pdf""> AER </a>",2015-02-26 00:00:00,Other health care professional,United States,MALE,Dog,Retriever - Labrador,Metacam 1.5 mg/ml - Oral suspension (dogs),"Abdominal effusion, Death, Gastric ulcer, Lethargy (see also Central nervous system depression in Neurological), Vomiting",1,1,1
US-DEBIAHP-2015US02170,"<a target=""_blank""  href=""/xmlpserver/EVVET3 PW NEW/Subject Area Contents/Public Website/Report (PDF)/AER.xdo?_xpf=&_xpt=1&_params%2FOracle%20BI%20EE%3A%3ADefaultApp%3A%3AEVVET3%20PR%20NEW%2FAER%3A%3Adimension%2FAER%20Id%3A%3Aattribute%3A%3Anoaggr%3A%3Axsd%3Adouble=443638&_xt=AER&_xf=pdf""> AER </a>",2015-04-16 00:00:00,Other health care professional,United States,MALE,Dog,Beagle,"Metacam 0.5 mg/ml - Oral suspension (cats, guinea pigs), Metacam 0.5 mg/ml - Oral suspension (dogs)","Febrile, Neutrophilia, Vomiting",1,1,
US-DEBIAHP-2015US02174,"<a target=""_blank""  href=""/xmlpserver/EVVET3 PW NEW/Subject Area Contents/Public Website/Report (PDF)/AER.xdo?_xpf=&_xpt=1&_params%2FOracle%20BI%20EE%3A%3ADefaultApp%3A%3AEVVET3%20PR%20NEW%2FAER%3A%3Adimension%2FAER%20Id%3A%3Aattribute%3A%3Anoaggr%3A%3Axsd%3Adouble=434740&_xt=AER&_xf=pdf""> AER </a>",2015-03-02 00:00:00,Animal owner,United States,MALE,Dog,Chihuahua,"Metacam 0.5 mg/ml - Oral suspension (cats, guinea pigs), Metacam 0.5 mg/ml - Oral suspension (dogs)","Anorexia, Dehydration, Elevated amylase, Elevated blood urea nitrogen (BUN), Elevated creatinine, Elevated lipase, Hyperphosphataemia, Lethargy (see also Central nervous system depression in Neurological), Polydipsia, Polyuria, Weight loss",1,1,
US-DEBIAHP-2015US02351,"<a target=""_blank""  href=""/xmlpserver/EVVET3 PW NEW/Subject Area Contents/Public Website/Report (PDF)/AER.xdo?_xpf=&_xpt=1&_params%2FOracle%20BI%20EE%3A%3ADefaultApp%3A%3AEVVET3%20PR%20NEW%2FAER%3A%3Adimension%2FAER%20Id%3A%3Aattribute%3A%3Anoaggr%3A%3Axsd%3Adouble=435108&_xt=AER&_xf=pdf""> AER </a>",2015-03-04 00:00:00,Animal owner,United States,FEMALE,Dog,Spitz - German Pomeranian,Metacam 1.5 mg/ml - Oral suspension (dogs),Oliguria,1,1,
US-DEBIAHP-2015US02383,"<a target=""_blank""  href=""/xmlpserver/EVVET3 PW NEW/Subject Area Contents/Public Website/Report (PDF)/AER.xdo?_xpf=&_xpt=1&_params%2FOracle%20BI%20EE%3A%3ADefaultApp%3A%3AEVVET3%20PR%20NEW%2FAER%3A%3Adimension%2FAER%20Id%3A%3Aattribute%3A%3Anoaggr%3A%3Axsd%3Adouble=434815&_xt=AER&_xf=pdf""> AER </a>",2015-03-03 00:00:00,Veterinarian,United States,FEMALE,Dog,Schnauzer - Miniature,"Metacam 0.5 mg/ml - Oral suspension (cats, guinea pigs), Metacam 0.5 mg/ml - Oral suspension (dogs), Metacam 5 mg/ml - Solution for injection (cats, dogs), Metacam 5 mg/ml - Solution for injection (cattle, pigs), Metacam 5 mg/ml - Solution for injection (dogs), Tramadog 50 mg tablet for dogs","Bloody diarrhoea, Decreased appetite, Pancreatitis NOS, Vomiting",1,1,
US-DEBIAHP-2015US02386,"<a target=""_blank""  href=""/xmlpserver/EVVET3 PW NEW/Subject Area Contents/Public Website/Report (PDF)/AER.xdo?_xpf=&_xpt=1&_params%2FOracle%20BI%20EE%3A%3ADefaultApp%3A%3AEVVET3%20PR%20NEW%2FAER%3A%3Adimension%2FAER%20Id%3A%3Aattribute%3A%3Anoaggr%3A%3Axsd%3Adouble=435215&_xt=AER&_xf=pdf""> AER </a>",2015-03-05 00:00:00,Animal owner,United States,MALE,Dog,Bichon Frise,"Metacam 0.5 mg/ml - Oral suspension (cats, guinea pigs), Metacam 0.5 mg/ml - Oral suspension (dogs)","Bloody diarrhoea, Vomiting",1,1,
US-DEBIAHP-2015US02412,"<a target=""_blank""  href=""/xmlpserver/EVVET3 PW NEW/Subject Area Contents/Public Website/Report (PDF)/AER.xdo?_xpf=&_xpt=1&_params%2FOracle%20BI%20EE%3A%3ADefaultApp%3A%3AEVVET3%20PR%20NEW%2FAER%3A%3Adimension%2FAER%20Id%3A%3Aattribute%3A%3Anoaggr%3A%3Axsd%3Adouble=435992&_xt=AER&_xf=pdf""> AER </a>",2015-03-10 00:00:00,Other health care professional,United States,FEMALE,Dog,Terrier - Yorkshire,Metacam 1.5 mg/ml - Oral suspension (dogs),"Blood in urine, Proteinuria, Thrombocytosis",1,1,
US-DEBIAHP-2015US02512,"<a target=""_blank""  href=""/xmlpserver/EVVET3 PW NEW/Subject Area Contents/Public Website/Report (PDF)/AER.xdo?_xpf=&_xpt=1&_params%2FOracle%20BI%20EE%3A%3ADefaultApp%3A%3AEVVET3%20PR%20NEW%2FAER%3A%3Adimension%2FAER%20Id%3A%3Aattribute%3A%3Anoaggr%3A%3Axsd%3Adouble=435821&_xt=AER&_xf=pdf""> AER </a>",2015-03-10 00:00:00,Animal owner,United States,FEMALE,Dog,"Hound - Swiss - (Lucerne Hound (Luzerner Laufhund), Schwyz Hound (Schweizer Laufhund), Bernese Hound, Jura Hound)",Metacam 1.5 mg/ml - Oral suspension (dogs),Diarrhoea,1,1,
US-DEBIAHP-2015US02517,"<a target=""_blank""  href=""/xmlpserver/EVVET3 PW NEW/Subject Area Contents/Public Website/Report (PDF)/AER.xdo?_xpf=&_xpt=1&_params%2FOracle%20BI%20EE%3A%3ADefaultApp%3A%3AEVVET3%20PR%20NEW%2FAER%3A%3Adimension%2FAER%20Id%3A%3Aattribute%3A%3Anoaggr%3A%3Axsd%3Adouble=436011&_xt=AER&_xf=pdf""> AER </a>",2015-03-10 00:00:00,Veterinarian,United States,MALE,Dog,Retriever - Labrador,Metacam 1.5 mg/ml - Oral suspension (dogs),Discus prolapse,1,1,
US-DEBIAHP-2015US02535,"<a target=""_blank""  href=""/xmlpserver/EVVET3 PW NEW/Subject Area Contents/Public Website/Report (PDF)/AER.xdo?_xpf=&_xpt=1&_params%2FOracle%20BI%20EE%3A%3ADefaultApp%3A%3AEVVET3%20PR%20NEW%2FAER%3A%3Adimension%2FAER%20Id%3A%3Aattribute%3A%3Anoaggr%3A%3Axsd%3Adouble=436013&_xt=AER&_xf=pdf""> AER </a>",2015-03-10 00:00:00,Animal owner,United States,MALE,Dog,Retriever - Labrador,Metacam 1.5 mg/ml - Oral suspension (dogs),Vomiting,1,1,
US-DEBIAHP-2015US02686,"<a target=""_blank""  href=""/xmlpserver/EVVET3 PW NEW/Subject Area Contents/Public Website/Report (PDF)/AER.xdo?_xpf=&_xpt=1&_params%2FOracle%20BI%20EE%3A%3ADefaultApp%3A%3AEVVET3%20PR%20NEW%2FAER%3A%3Adimension%2FAER%20Id%3A%3Aattribute%3A%3Anoaggr%3A%3Axsd%3Adouble=436208&_xt=AER&_xf=pdf""> AER </a>",2015-03-11 00:00:00,Other health care professional,United States,MALE,Dog,Chihuahua,"Metacam 5 mg/ml - Solution for injection (cats, dogs), Metacam 5 mg/ml - Solution for injection (cattle, pigs), Metacam 5 mg/ml - Solution for injection (dogs)","Haematuria, Proteinuria",1,1,
US-DEBIAHP-2015US02698,"<a target=""_blank""  href=""/xmlpserver/EVVET3 PW NEW/Subject Area Contents/Public Website/Report (PDF)/AER.xdo?_xpf=&_xpt=1&_params%2FOracle%20BI%20EE%3A%3ADefaultApp%3A%3AEVVET3%20PR%20NEW%2FAER%3A%3Adimension%2FAER%20Id%3A%3Aattribute%3A%3Anoaggr%3A%3Axsd%3Adouble=441484&_xt=AER&_xf=pdf""> AER </a>",2015-04-08 00:00:00,Veterinarian,United States,FEMALE,Dog,Maltese,"Metacam 1.5 mg/ml - Oral suspension (dogs), Tramadog 50 mg tablet for dogs",Elevated alanine aminotransferase (ALT),1,1,
US-DEBIAHP-2015US02912,"<a target=""_blank""  href=""/xmlpserver/EVVET3 PW NEW/Subject Area Contents/Public Website/Report (PDF)/AER.xdo?_xpf=&_xpt=1&_params%2FOracle%20BI%20EE%3A%3ADefaultApp%3A%3AEVVET3%20PR%20NEW%2FAER%3A%3Adimension%2FAER%20Id%3A%3Aattribute%3A%3Anoaggr%3A%3Axsd%3Adouble=447948&_xt=AER&_xf=pdf""> AER </a>",2015-04-27 00:00:00,Animal owner,United States,FEMALE,Dog,Dachshund - Standard Wire-haired,"Metacam 0.5 mg/ml - Oral suspension (cats, guinea pigs), Metacam 0.5 mg/ml - Oral suspension (dogs), Metronidazole VET-AGRO 250 mg tabletten voor honden en katten","Anorexia, Bilirubinuria, Elevated alanine aminotransferase (ALT), Elevated cholesterol (total), Elevated gamma-glutamyl transferase (GGT), Elevated serum alkaline phosphatase (ALP), Elevated total bilirubin, Facial swelling (see also Skin), Lethargy (see also Central nervous system depression in Neurological), Pinnal erythema",1,1,
US-DEBIAHP-2015US02976,"<a target=""_blank""  href=""/xmlpserver/EVVET3 PW NEW/Subject Area Contents/Public Website/Report (PDF)/AER.xdo?_xpf=&_xpt=1&_params%2FOracle%20BI%20EE%3A%3ADefaultApp%3A%3AEVVET3%20PR%20NEW%2FAER%3A%3Adimension%2FAER%20Id%3A%3Aattribute%3A%3Anoaggr%3A%3Axsd%3Adouble=453696&_xt=AER&_xf=pdf""> AER </a>",2015-05-11 00:00:00,Animal owner,United States,FEMALE,Dog,Shepherd Dog - German,Metacam 1.5 mg/ml - Oral suspension (dogs),Lack of efficacy - NOS,1,1,
US-DEBIAHP-2015US03011,"<a target=""_blank""  href=""/xmlpserver/EVVET3 PW NEW/Subject Area Contents/Public Website/Report (PDF)/AER.xdo?_xpf=&_xpt=1&_params%2FOracle%20BI%20EE%3A%3ADefaultApp%3A%3AEVVET3%20PR%20NEW%2FAER%3A%3Adimension%2FAER%20Id%3A%3Aattribute%3A%3Anoaggr%3A%3Axsd%3Adouble=436989&_xt=AER&_xf=pdf""> AER </a>",2015-03-17 00:00:00,Other health care professional,United States,FEMALE,Dog,"Hound - Swiss - (Lucerne Hound (Luzerner Laufhund), Schwyz Hound (Schweizer Laufhund), Bernese Hound, Jura Hound)","Metacam 0.5 mg/ml - Oral suspension (cats, guinea pigs), Metacam 0.5 mg/ml - Oral suspension (dogs)",Vomiting,1,1,
US-DEBIAHP-2015US03334,"<a target=""_blank""  href=""/xmlpserver/EVVET3 PW NEW/Subject Area Contents/Public Website/Report (PDF)/AER.xdo?_xpf=&_xpt=1&_params%2FOracle%20BI%20EE%3A%3ADefaultApp%3A%3AEVVET3%20PR%20NEW%2FAER%3A%3Adimension%2FAER%20Id%3A%3Aattribute%3A%3Anoaggr%3A%3Axsd%3Adouble=437969&_xt=AER&_xf=pdf""> AER </a>",2015-03-24 00:00:00,Veterinarian,United States,FEMALE,Dog,Shepherd Dog - Australian,Metacam 1.5 mg/ml - Oral suspension (dogs),"Diarrhoea, Elevated liver enzymes NOS, Nausea",1,1,
US-DEBIAHP-2015US03595,"<a target=""_blank""  href=""/xmlpserver/EVVET3 PW NEW/Subject Area Contents/Public Website/Report (PDF)/AER.xdo?_xpf=&_xpt=1&_params%2FOracle%20BI%20EE%3A%3ADefaultApp%3A%3AEVVET3%20PR%20NEW%2FAER%3A%3Adimension%2FAER%20Id%3A%3Aattribute%3A%3Anoaggr%3A%3Axsd%3Adouble=437633&_xt=AER&_xf=pdf""> AER </a>",2015-03-23 00:00:00,Veterinarian,United States,MALE,Dog,Retriever - Labrador,"Metacam 5 mg/ml - Solution for injection (cats, dogs), Metacam 5 mg/ml - Solution for injection (cattle, pigs), Metacam 5 mg/ml - Solution for injection (dogs)",Facial swelling (see also Skin),1,1,
US-DEBIAHP-2015US03737,"<a target=""_blank""  href=""/xmlpserver/EVVET3 PW NEW/Subject Area Contents/Public Website/Report (PDF)/AER.xdo?_xpf=&_xpt=1&_params%2FOracle%20BI%20EE%3A%3ADefaultApp%3A%3AEVVET3%20PR%20NEW%2FAER%3A%3Adimension%2FAER%20Id%3A%3Aattribute%3A%3Anoaggr%3A%3Axsd%3Adouble=439476&_xt=AER&_xf=pdf""> AER </a>",2015-04-01 00:00:00,Veterinarian,United States,FEMALE,Dog,Siberian Husky,Metacam 1.5 mg/ml - Oral suspension (dogs),"Adrenal gland disorder NOS, Anaemia NOS, Cholelithiasis, Dehiscence, Lymphadenopathy, Renal disorder NOS, Skin tumour NOS, Spleen and reticulo-endothelial system disorder NOS, Tooth disorder",1,1,
US-DEBIAHP-2015US03773,"<a target=""_blank""  href=""/xmlpserver/EVVET3 PW NEW/Subject Area Contents/Public Website/Report (PDF)/AER.xdo?_xpf=&_xpt=1&_params%2FOracle%20BI%20EE%3A%3ADefaultApp%3A%3AEVVET3%20PR%20NEW%2FAER%3A%3Adimension%2FAER%20Id%3A%3Aattribute%3A%3Anoaggr%3A%3Axsd%3Adouble=462381&_xt=AER&_xf=pdf""> AER </a>",2015-05-29 00:00:00,Other health care professional,United States,MALE,Dog,Schnauzer (unspecified),Metacam 1.5 mg/ml - Oral suspension (dogs),Limb weakness,1,1,
US-DEBIAHP-2015US03800,"<a target=""_blank""  href=""/xmlpserver/EVVET3 PW NEW/Subject Area Contents/Public Website/Report (PDF)/AER.xdo?_xpf=&_xpt=1&_params%2FOracle%20BI%20EE%3A%3ADefaultApp%3A%3AEVVET3%20PR%20NEW%2FAER%3A%3Adimension%2FAER%20Id%3A%3Aattribute%3A%3Anoaggr%3A%3Axsd%3Adouble=439054&_xt=AER&_xf=pdf""> AER </a>",2015-03-30 00:00:00,Veterinarian,United States,MALE,Dog,Dachshund - Standard Wire-haired,"Metacam 0.5 mg/ml - Oral suspension (cats, guinea pigs), Metacam 0.5 mg/ml - Oral suspension (dogs)",Facial oedema,1,1,
US-DEBIAHP-2015US03822,"<a target=""_blank""  href=""/xmlpserver/EVVET3 PW NEW/Subject Area Contents/Public Website/Report (PDF)/AER.xdo?_xpf=&_xpt=1&_params%2FOracle%20BI%20EE%3A%3ADefaultApp%3A%3AEVVET3%20PR%20NEW%2FAER%3A%3Adimension%2FAER%20Id%3A%3Aattribute%3A%3Anoaggr%3A%3Axsd%3Adouble=520239&_xt=AER&_xf=pdf""> AER </a>",2015-10-05 00:00:00,Veterinarian,United States,FEMALE,Dog,Terrier - Yorkshire,"Fuxien vet 1000 mg/g inhalaatiohöyry, neste, ISOFLURANE-Vet 1000 mg/g liquido per inalazione per cani e gatti, ISOFLURIN 1000mg/g ΥΓΡΟ ΓΙΑ ΕΙΣΠΝΕΟΜΕΝΟΥΣ ΑΤΜΟΥΣ, Isoflurane 100% Inhalation Vapour, Liquid, Isoflurane 1000 mg/g Inhalation Vapour, liquid., LIDOCAINE 2% (w/w) injekčný roztok, LIDOCAINE, 2%, Injekční roztok, Lidocaine 2 inj. (+noradrenaline), injectievloeistof voor honden en katten, Lidocaine 20 mg/ml + adrenaline 10 mcg/ml, oplossing voor injectie voor honden en katten, Lidocaine 4% inj. oplossing voor injectie voor honden en katten, Metacam 5 mg/ml - Solution for injection (cats, dogs), Metacam 5 mg/ml - Solution for injection (cattle, pigs), Metacam 5 mg/ml - Solution for injection (dogs)",Injection site necrosis,1,1,
US-DEBIAHP-2015US03864,"<a target=""_blank""  href=""/xmlpserver/EVVET3 PW NEW/Subject Area Contents/Public Website/Report (PDF)/AER.xdo?_xpf=&_xpt=1&_params%2FOracle%20BI%20EE%3A%3ADefaultApp%3A%3AEVVET3%20PR%20NEW%2FAER%3A%3Adimension%2FAER%20Id%3A%3Aattribute%3A%3Anoaggr%3A%3Axsd%3Adouble=440801&_xt=AER&_xf=pdf""> AER </a>",2015-04-07 00:00:00,Veterinarian,United States,MALE,Dog,Dog (other),"Metacam 0.5 mg/ml - Oral suspension (cats, guinea pigs), Metacam 0.5 mg/ml - Oral suspension (dogs)",Cellulitis,1,1,
US-DEBIAHP-2015US04004,"<a target=""_blank""  href=""/xmlpserver/EVVET3 PW NEW/Subject Area Contents/Public Website/Report (PDF)/AER.xdo?_xpf=&_xpt=1&_params%2FOracle%20BI%20EE%3A%3ADefaultApp%3A%3AEVVET3%20PR%20NEW%2FAER%3A%3Adimension%2FAER%20Id%3A%3Aattribute%3A%3Anoaggr%3A%3Axsd%3Adouble=457386&_xt=AER&_xf=pdf""> AER </a>",2015-05-19 00:00:00,Other health care professional,United States,FEMALE,Dog,Dachshund - Standard Wire-haired,"Metacam 0.5 mg/ml - Oral suspension (cats, guinea pigs), Metacam 0.5 mg/ml - Oral suspension (dogs)","Dehydration, Elevated alanine aminotransferase (ALT), Elevated amylase, Elevated aspartate aminotransferase (AST), Elevated blood urea nitrogen (BUN), Elevated cholesterol (total), Elevated creatinine, Elevated serum alkaline phosphatase (ALP), Hyperalbuminaemia, Hyperproteinaemia, Inappropriate urination, Lethargy (see also Central nervous system depression in Neurological), Leukocytosis NOS, Neutrophilia, Not eating, Polydipsia, Red blood cell disorder, Vomiting",1,1,
US-DEBIAHP-2015US04246,"<a target=""_blank""  href=""/xmlpserver/EVVET3 PW NEW/Subject Area Contents/Public Website/Report (PDF)/AER.xdo?_xpf=&_xpt=1&_params%2FOracle%20BI%20EE%3A%3ADefaultApp%3A%3AEVVET3%20PR%20NEW%2FAER%3A%3Adimension%2FAER%20Id%3A%3Aattribute%3A%3Anoaggr%3A%3Axsd%3Adouble=443008&_xt=AER&_xf=pdf""> AER </a>",2015-04-13 00:00:00,Animal owner,United States,FEMALE,Dog,Dog (other),Metacam 1.5 mg/ml - Oral suspension (dogs),Vomiting,1,1,
US-DEBIAHP-2015US04407,"<a target=""_blank""  href=""/xmlpserver/EVVET3 PW NEW/Subject Area Contents/Public Website/Report (PDF)/AER.xdo?_xpf=&_xpt=1&_params%2FOracle%20BI%20EE%3A%3ADefaultApp%3A%3AEVVET3%20PR%20NEW%2FAER%3A%3Adimension%2FAER%20Id%3A%3Aattribute%3A%3Anoaggr%3A%3Axsd%3Adouble=451581&_xt=AER&_xf=pdf""> AER </a>",2015-05-05 00:00:00,Animal owner,United States,FEMALE,Dog,Spitz - German Pomeranian,"FRONTLINE 0,25G/100ML ΑΕΡΟΛΥΜΑ ΓΙΑ ΤΟΠΙΚΗ ΧΡΗΣΗ, FRONTLINE 134 mg, solutie spot on pentru caine M, FRONTLINE 268 mg, solutie spot on pentru caine L, FRONTLINE 402 mg, solutie spot on pentru câine XL, FRONTLINE 50 mg, solutie spot on pentru pisica, FRONTLINE 67 mg, solutie spot on pentru caine S, FRONTLINE L, užlašinamasis tirpalas šunims, FRONTLINE M, užlašinamasis tirpalas šunims, FRONTLINE S, užlašinamasis tirpalas šunims, FRONTLINE SPOT ON CANI 100 mg/ml, FRONTLINE SPOT ON CHIEN L, FRONTLINE SPOT ON CHIEN M, FRONTLINE SPOT ON CHIEN S, FRONTLINE SPOT ON DOG  2-10 kg, FRONTLINE SPOT ON DOG, L, Roztok pro nakapání na kůži - spot-on, FRONTLINE SPOT ON DOG, M, Roztok pro nakapání na kůži - spot-on, FRONTLINE SPOT ON DOG, XL, Roztok pro nakapání na kůži - spot-on, FRONTLINE SPOT ON GATO, FRONTLINE SPOT ON GATTI 100 mg/ml, FRONTLINE SPOT ON PERRO 10-20 KG, FRONTLINE SPOT ON PERRO 2-10 KG, FRONTLINE SPOT ON PERRO 20-40 KG, FRONTLINE SPOT ON PERRO > 40 KG, FRONTLINE SPOT ON pro kočky, Roztok pro nakapání na kůži - spot-on, FRONTLINE SPOT PRO PSY, S, Roztok pro nakapání na kůži - spot-on, FRONTLINE SPOT- ON DOG (10-20KG) SOLUTION 10% W/V, FRONTLINE SPOT-ON CAT, FRONTLINE SPOT-ON CHAT, FRONTLINE SPOT-ON CHIEN XL, FRONTLINE SPOT-ON DOG (20-40KG) SOLUTION 10%W/V, FRONTLINE SPRAY (fipronil 0,25%), FRONTLINE SPRAY 2,5 mg/ml SOLUCION PARA PULVERIZACION CUTANEA, FRONTLINE SPRAY POMPE 0,5 ML, FRONTLINE SPRAY POMPE 1,5 ML, FRONTLINE SPRAY, 2.5mg/ml, Kožní sprej, roztok, FRONTLINE SPRAY, sprej za kožu, otopina, za pse i mačke, FRONTLINE Spot-on CAT, 50 mg/0,5 mL, otopina za nakapavanje, za mačke, FRONTLINE Spot-on Dog L, 268 mg/2,68 mL, otopina za nakapavanje, za pse, FRONTLINE Spot-on Dog M, 134 mg/1,34 mL, otopina za nakapavanje, za pse, FRONTLINE Spot-on Dog S, 67 mg/0,67 mL, otopina za nakapavanje, za pse, FRONTLINE Spot-on Dog XL, 402,00 mg/4,02 mL, otopina za nakapavanje, za pse, FRONTLINE Spray, 0.25g/100ml, Αερόλυμα για τοπική χρήση για σκύλους και γάτες, FRONTLINE XL, užlašinamasis tirpalas šunims, FRONTLINE kožni nanos, raztopina za male pse, FRONTLINE kožni nanos, raztopina za mačke, FRONTLINE kožni nanos, raztopina za srednje velike pse, FRONTLINE kožni nanos, raztopina za velike pse, FRONTLINE kožni nanos, raztopina za zelo velike pse, FRONTLINE spot-on pre mačky, FRONTLINE spot-on pre psy (M), FRONTLINE spot-on pre psy (S), FRONTLINE spot-on pre psy (XL), FRONTLINE spot-on pre psy L, FRONTLINE spray 2,5 mg/ml pentru câini şi pisici, FRONTLINE, odos purškalas, tirpalas, FRONTLINE, užlašinamasis tirpalas katėms, Frontline 0,25 g/100 ml külsőleges oldatos spray A.U.V., Frontline 0,5 ml - Pumpspray für Hunde und Katzen, Frontline 1,5 ml - Pumpspray für Hunde und Katzen, Frontline 134 mg/1,34 ml rácsepegtető oldat kutyáknak (M), Frontline 268 mg/2,68 ml rácsepegtető oldat kutyáknak (L), Frontline 402 mg/4,02 ml rácsepegtető oldat kutyáknak (XL), Frontline 50 mg spot on oplossing voor katten, Frontline 50 mg/ 0,5 ml rácsepegtető oldat macskáknak, Frontline 67 mg/0,67 ml rácsepegtető oldat kutyáknak S, Frontline Pour-On Vet. 100 mg/ml kutanopløsning, Frontline Spot On Cat, Frontline Spot On Dog, Frontline Spot On, 134 mg täpilahus koertele, Frontline Spot On, 268 mg täpilahus koertele, Frontline Spot On, 402 mg täpilahus koertele, Frontline Spot On, 50 mg täpilahus kassidele, Frontline Spot On, 67 mg täpilahus koertele, Frontline Spot on Hund L, Frontline Spot on Hund L 268 mg Lösung zum Auftropfen auf die Haut für Hunde, Frontline Spot on Hund M, Frontline Spot on Hund M 134 mg Lösung zum Auftropfen auf die Haut für Hunde, Frontline Spot on Hund S, Frontline Spot on Hund S 67 mg Lösung zum Auftropfen auf die Haut für Hunde, Frontline Spot on Katze, Frontline Spot on Katze 50 mg Lösung zum Auftropfen auf die Haut für Katzen, Frontline Spot-On 50 mg/0,50 ml Roztwór do nakrapiania, Frontline Spot-On L 268 mg/ 2,68 ml Roztwór do nakrapiania, Frontline Spot-On M 134 mg / 1,34 ml Roztwór do nakrapiania, Frontline Spot-On S 67 mg Roztwór do n","Blood in trachea, Blood in vomit, Chronic interstitial nephritis, Death, Dehydration, Diarrhoea, Elevated alanine aminotransferase (ALT), Elevated aspartate aminotransferase (AST), Elevated blood urea nitrogen (BUN), Elevated creatine-kinase (CK), Elevated creatinine, Elevated serum alkaline phosphatase (ALP), Enteritis, Haemorrhagic gastritis, High blood pressure, Hyperglycaemia, Hyperkalaemia, Hyperphosphataemia, Hyperproteinaemia, Hypoalbuminaemia, Hypothermia, Inappetence, Increased respiratory rate, Lateral recumbency, Lethargy (see also Central nervous system depression in Neurological), Leukocytosis NOS, Necropsy performed, Neutrophilia, Other abnormal test result NOS, Pale mucous membrane, Prolonged capillary refill time, Pulmonary oedema, Respiratory arrest, Tachypnoea, Uterine disorder NOS, Vomiting, Weak pulse, Weakness",1,1,1
US-DEBIAHP-2015US04454,"<a target=""_blank""  href=""/xmlpserver/EVVET3 PW NEW/Subject Area Contents/Public Website/Report (PDF)/AER.xdo?_xpf=&_xpt=1&_params%2FOracle%20BI%20EE%3A%3ADefaultApp%3A%3AEVVET3%20PR%20NEW%2FAER%3A%3Adimension%2FAER%20Id%3A%3Aattribute%3A%3Anoaggr%3A%3Axsd%3Adouble=443628&_xt=AER&_xf=pdf""> AER </a>",2015-04-16 00:00:00,Veterinarian,United States,MALE,Dog,Retriever - Golden,Metacam 1.5 mg/ml - Oral suspension (dogs),"Urinary incontinence, Urolithiasis",1,1,
US-DEBIAHP-2015US04609,"<a target=""_blank""  href=""/xmlpserver/EVVET3 PW NEW/Subject Area Contents/Public Website/Report (PDF)/AER.xdo?_xpf=&_xpt=1&_params%2FOracle%20BI%20EE%3A%3ADefaultApp%3A%3AEVVET3%20PR%20NEW%2FAER%3A%3Adimension%2FAER%20Id%3A%3Aattribute%3A%3Anoaggr%3A%3Axsd%3Adouble=451532&_xt=AER&_xf=pdf""> AER </a>",2015-05-05 00:00:00,Veterinarian,United States,FEMALE,Dog,Dog (other),Metacam 1.5 mg/ml - Oral suspension (dogs),"Anaemia NOS, Anuria, Ascites, Cardiac arrest, Circulatory collapse (see also Neurological and Systemic disorders), Circulatory shock, Death, Decreased activity, Dyspnoea, Elevated blood urea nitrogen (BUN), Elevated creatinine, Elevated total bilirubin, Fever, Gastric perforation, Gastric ulcer, Hypoalbuminaemia, Leukocytosis NOS, Neutrophilia, Other abnormal test result NOS, Peritonitis, Pleural effusion, Pulmonary oedema, Regurgitation, Respiratory arrest, Tachycardia, Thrombocytopenia",1,1,1
US-DEBIAHP-2015US04735,"<a target=""_blank""  href=""/xmlpserver/EVVET3 PW NEW/Subject Area Contents/Public Website/Report (PDF)/AER.xdo?_xpf=&_xpt=1&_params%2FOracle%20BI%20EE%3A%3ADefaultApp%3A%3AEVVET3%20PR%20NEW%2FAER%3A%3Adimension%2FAER%20Id%3A%3Aattribute%3A%3Anoaggr%3A%3Axsd%3Adouble=444194&_xt=AER&_xf=pdf""> AER </a>",2015-04-20 00:00:00,Animal owner,United States,MALE,Dog,Spaniel - Cocker American,Metacam 1.5 mg/ml - Oral suspension (dogs),"Flatulence, Loose stool",1,1,
US-DEBIAHP-2015US04765,"<a target=""_blank""  href=""/xmlpserver/EVVET3 PW NEW/Subject Area Contents/Public Website/Report (PDF)/AER.xdo?_xpf=&_xpt=1&_params%2FOracle%20BI%20EE%3A%3ADefaultApp%3A%3AEVVET3%20PR%20NEW%2FAER%3A%3Adimension%2FAER%20Id%3A%3Aattribute%3A%3Anoaggr%3A%3Axsd%3Adouble=488626&_xt=AER&_xf=pdf""> AER </a>",2015-07-10 00:00:00,Other health care professional,United States,FEMALE,Dog,Collie - Border,Metacam 1.5 mg/ml - Oral suspension (dogs),"Injection site alopecia, Injection site panniculitis",1,1,
US-DEBIAHP-2015US04807,"<a target=""_blank""  href=""/xmlpserver/EVVET3 PW NEW/Subject Area Contents/Public Website/Report (PDF)/AER.xdo?_xpf=&_xpt=1&_params%2FOracle%20BI%20EE%3A%3ADefaultApp%3A%3AEVVET3%20PR%20NEW%2FAER%3A%3Adimension%2FAER%20Id%3A%3Aattribute%3A%3Anoaggr%3A%3Axsd%3Adouble=484672&_xt=AER&_xf=pdf""> AER </a>",2015-06-29 00:00:00,Other health care professional,United States,MALE,Dog,Retriever - Labrador,Metacam 1.5 mg/ml - Oral suspension (dogs),"Death, Dyspnoea",1,1,1
US-DEBIAHP-2015US04833,"<a target=""_blank""  href=""/xmlpserver/EVVET3 PW NEW/Subject Area Contents/Public Website/Report (PDF)/AER.xdo?_xpf=&_xpt=1&_params%2FOracle%20BI%20EE%3A%3ADefaultApp%3A%3AEVVET3%20PR%20NEW%2FAER%3A%3Adimension%2FAER%20Id%3A%3Aattribute%3A%3Anoaggr%3A%3Axsd%3Adouble=532294&_xt=AER&_xf=pdf""> AER </a>",2015-10-26 00:00:00,Veterinarian,United States,MALE,Dog,Pug,Metacam 1.5 mg/ml - Oral suspension (dogs),"Anaemia NOS, Blood in vomit, Calculi, Death, Decreased bowel movements, Electrolyte disorder, Hyperglycaemia, Lethargy (see also Central nervous system depression in Neurological), Loose stool, Neutrophilia, Ocular discharge, Tachycardia, Urolithiasis, Vomiting",1,1,1
US-DEBIAHP-2015US04858,"<a target=""_blank""  href=""/xmlpserver/EVVET3 PW NEW/Subject Area Contents/Public Website/Report (PDF)/AER.xdo?_xpf=&_xpt=1&_params%2FOracle%20BI%20EE%3A%3ADefaultApp%3A%3AEVVET3%20PR%20NEW%2FAER%3A%3Adimension%2FAER%20Id%3A%3Aattribute%3A%3Anoaggr%3A%3Axsd%3Adouble=457885&_xt=AER&_xf=pdf""> AER </a>",2015-05-20 00:00:00,Veterinarian,United States,MALE,Dog,Dog (other),Metacam 1.5 mg/ml - Oral suspension (dogs),"Abnormal radiograph finding, Chronic renal failure, Elevated creatinine",1,1,
US-DEBIAHP-2015US04983,"<a target=""_blank""  href=""/xmlpserver/EVVET3 PW NEW/Subject Area Contents/Public Website/Report (PDF)/AER.xdo?_xpf=&_xpt=1&_params%2FOracle%20BI%20EE%3A%3ADefaultApp%3A%3AEVVET3%20PR%20NEW%2FAER%3A%3Adimension%2FAER%20Id%3A%3Aattribute%3A%3Anoaggr%3A%3Axsd%3Adouble=483264&_xt=AER&_xf=pdf""> AER </a>",2015-06-26 00:00:00,Veterinarian,United States,MALE,Dog,Terrier - Yorkshire,"CLINDAMYCIN 75 mg tablety, Clindamycin 75mg, Clindamycin, 75mg, Tableta, Dexdomitor 0.1 mg/ml - Solution for injection, Dexdomitor 0.5 mg/ml - Solution for injection, Metacam 5 mg/ml - Solution for injection (cats, dogs), Metacam 5 mg/ml - Solution for injection (cattle, pigs), Metacam 5 mg/ml - Solution for injection (dogs), RIMADYL 100 mg COMPRIMIDOS MASTICABLES PARA PERROS, RIMADYL 100 mg comprimate pentru câini, RIMADYL 100 mg, kramtomosios tabletės šunims, RIMADYL 100MG/TAB ΜΑΣΩΜΕΝΟ ΔΙΣΚΙΟ, RIMADYL 20 mg COMPRIMIDOS MASTICABLES PARA PERROS, RIMADYL 20 mg, kramtomosios tabletės šunims, RIMADYL 20MG/TAB ΜΑΣΩΜΕΝΟ ΔΙΣΚΙΟ, RIMADYL 50 mg COMPRIMIDOS MASTICABLES PARA PERROS, RIMADYL 50 mg comprimate pentru câini, RIMADYL 50 mg, kramtomosios tabletės šunims, RIMADYL 50MG/TAB ΜΑΣΩΜΕΝΟ ΔΙΣΚΙΟ, RIMADYL 50mg/ml ενέσιμο διάλυμα για σκύλους και γάτες, RIMADYL CATTLE 50 mg/ml, injekcinis tirpalas galvijams, RIMADYL Cattle 50 mg/ml Solution for Injection, RIMADYL INJECTABLE SOLUTION INJECTABLE POUR CHATS ET CHIENS, RIMADYL Injection 50mg/ml Διαυγές αποστειρωμένο ενέσιμο διάλυμα για σκύλους και γάτες, RIMADYL SMAKELIJKE TABLETTEN 100 mg voor honden, RIMADYL SMAKELIJKE TABLETTEN 50 mg voor honden, RIMADYL VET 50 mg/ml injektioneste, liuos, RIMADYL vet 100 mg purutabletti, RIMADYL vet 20 mg purutabletti, RIMADYL vet 50 mg purutabletti, Rimadyl 100 mg - Kautabletten für Hunde, Rimadyl 100 mg Comprimés Appétents 100 mg Tablet, Rimadyl 100 mg Kautablette für Hunde, Rimadyl 100 mg comprimidos mastigáveis para cães, Rimadyl 100 mg comprimés appétents, 100 mg, comprimés pour chiens, Rimadyl 100 mg okusne, žvečljive tablete za pse, Rimadyl 100 mg tabletes suņiem, Rimadyl 100 mg ízesített tabletta A.U.V., Rimadyl 20 mg - Kautabletten für Hunde, Rimadyl 20 mg Comprimés Appétents 20 mg Comprimé, Rimadyl 20 mg Comprimés Appétents 20 mg Tablet, Rimadyl 20 mg Kautablette für Hunde, Rimadyl 20 mg okusne, žvečljive tablete za pse, Rimadyl 20 mg ízesített tabletta A.U.V., Rimadyl 20 mg таблетки за кучета/Rimadyl 50 mg таблетки за кучета/Rimadyl 100 mg таблетки за кучета, Rimadyl 50 mg - Kautabletten für Hunde, Rimadyl 50 mg Comprimés Appétents 50 mg Tablet, Rimadyl 50 mg Kautablette für Hunde, Rimadyl 50 mg comprimidos mastigáveis para cães, Rimadyl 50 mg comprimés appétents, 50 mg, comprimés pour chiens, Rimadyl 50 mg košļājamās tabletes suņiem, Rimadyl 50 mg okusne, žvečljive tablete za pse, Rimadyl 50 mg ízesített tabletta A.U.V., Rimadyl 50 mg/ml - Injektionslösung für Hunde und Katzen, Rimadyl 50 mg/ml injekčný roztok, Rimadyl 50mg/ml Injektionslösung für Hunde und Katzen, Rimadyl Cattle, 50 mg/mL, otopina za injekciju, za goveda, Rimadyl Iniettabile 50 mg/ml, soluzione iniettabile per cane e gatto., Rimadyl Palatable 100 mg tablety pre psy, Rimadyl Palatable 20 mg tablety pre psy, Rimadyl Palatable 50 mg tablety pre psy, Rimadyl Palatable Tablets 100, Rimadyl Palatable Tablets 100 mg, Rimadyl Palatable Tablets 100 mg tabletes suņiem, Rimadyl Palatable Tablets 20 mg, Rimadyl Palatable Tablets 20 mg tabletes suņiem, Rimadyl Palatable Tablets 50, Rimadyl Palatable Tablets 50 mg, Rimadyl Palatable Tablets 50 mg tabletes suņiem, Rimadyl Palatable Tablets da 100 mg per cani, Rimadyl Palatable Tablets da 20 mg per cani, Rimadyl Palatable Tablets da 50 mg per cani, Rimadyl Palatable, 100mg, Žvýkací tableta, Rimadyl Palatable, 20mg, Žvýkací tableta, Rimadyl Palatable, 50mg, Žvýkací tableta, Rimadyl Solution for Injection for dogs and cats 50 mg/ml, Rimadyl Vet. 100 mg tyggetabletter, Rimadyl Vet. 20 mg tyggetabletter, Rimadyl Vet. 50 mg tyggetabletter, Rimadyl cattle 50 mg/ml oplossing voor injectie, Rimadyl injectievloeistof, 50 mg/ml voor honden en katten, Rimadyl smakelijke tabletten 100 mg voor honden, Rimadyl smakelijke tabletten 20 mg voor honden, Rimadyl smakelijke tabletten 50 mg voor honden, Rimadyl vet. 100 mg Tuggtablett, Rimadyl vet. 100 mg tyggetabletter, Rimadyl vet. 20 mg Tuggtablett, Rimadyl vet. 20 mg tyggetabletter, Rimadyl vet. 50 mg Tuggta","Blood in urine, Collapse NOS (see also Cardio-vascular and Neurological disorders), Injection site infection, Injection site panniculitis, Injection site swelling, Panting, Sudden death",1,1,1
US-DEBIAHP-2015US05292,"<a target=""_blank""  href=""/xmlpserver/EVVET3 PW NEW/Subject Area Contents/Public Website/Report (PDF)/AER.xdo?_xpf=&_xpt=1&_params%2FOracle%20BI%20EE%3A%3ADefaultApp%3A%3AEVVET3%20PR%20NEW%2FAER%3A%3Adimension%2FAER%20Id%3A%3Aattribute%3A%3Anoaggr%3A%3Axsd%3Adouble=448192&_xt=AER&_xf=pdf""> AER </a>",2015-04-28 00:00:00,Animal owner,United States,UNKNOWN,Dog,Whippet,"Metacam 0.5 mg/ml - Oral suspension (cats, guinea pigs), Metacam 0.5 mg/ml - Oral suspension (dogs)",Other abnormal test result NOS,1,1,
US-DEBIAHP-2015US05491,"<a target=""_blank""  href=""/xmlpserver/EVVET3 PW NEW/Subject Area Contents/Public Website/Report (PDF)/AER.xdo?_xpf=&_xpt=1&_params%2FOracle%20BI%20EE%3A%3ADefaultApp%3A%3AEVVET3%20PR%20NEW%2FAER%3A%3Adimension%2FAER%20Id%3A%3Aattribute%3A%3Anoaggr%3A%3Axsd%3Adouble=447970&_xt=AER&_xf=pdf""> AER </a>",2015-04-27 00:00:00,Veterinarian,United States,MALE,Dog,Terrier - Jack Russell,Metacam 1.5 mg/ml - Oral suspension (dogs),Abscess NOS,1,1,
US-DEBIAHP-2015US05511,"<a target=""_blank""  href=""/xmlpserver/EVVET3 PW NEW/Subject Area Contents/Public Website/Report (PDF)/AER.xdo?_xpf=&_xpt=1&_params%2FOracle%20BI%20EE%3A%3ADefaultApp%3A%3AEVVET3%20PR%20NEW%2FAER%3A%3Adimension%2FAER%20Id%3A%3Aattribute%3A%3Anoaggr%3A%3Axsd%3Adouble=485075&_xt=AER&_xf=pdf""> AER </a>",2015-06-30 00:00:00,Veterinarian,United States,MALE,Dog,Spitz - German Pomeranian,"Metacam 0.5 mg/ml - Oral suspension (cats, guinea pigs), Metacam 0.5 mg/ml - Oral suspension (dogs)","Death, Decreased appetite",1,1,1
US-DEBIAHP-2015US05589,"<a target=""_blank""  href=""/xmlpserver/EVVET3 PW NEW/Subject Area Contents/Public Website/Report (PDF)/AER.xdo?_xpf=&_xpt=1&_params%2FOracle%20BI%20EE%3A%3ADefaultApp%3A%3AEVVET3%20PR%20NEW%2FAER%3A%3Adimension%2FAER%20Id%3A%3Aattribute%3A%3Anoaggr%3A%3Axsd%3Adouble=448540&_xt=AER&_xf=pdf""> AER </a>",2015-04-29 00:00:00,Animal owner,United States,MALE,Dog,Terrier - Yorkshire,"Metacam 0.5 mg/ml - Oral suspension (cats, guinea pigs), Metacam 0.5 mg/ml - Oral suspension (dogs)","Anorexia, Vomiting",1,1,
US-DEBIAHP-2015US05728,"<a target=""_blank""  href=""/xmlpserver/EVVET3 PW NEW/Subject Area Contents/Public Website/Report (PDF)/AER.xdo?_xpf=&_xpt=1&_params%2FOracle%20BI%20EE%3A%3ADefaultApp%3A%3AEVVET3%20PR%20NEW%2FAER%3A%3Adimension%2FAER%20Id%3A%3Aattribute%3A%3Anoaggr%3A%3Axsd%3Adouble=458378&_xt=AER&_xf=pdf""> AER </a>",2015-05-21 00:00:00,Veterinarian,United States,FEMALE,Dog,Chihuahua,"Metacam 0.5 mg/ml - Oral suspension (cats, guinea pigs), Metacam 0.5 mg/ml - Oral suspension (dogs)","Alopecia local, Generalised skin slough, Localised skin reaction",1,1,
US-DEBIAHP-2015US05747,"<a target=""_blank""  href=""/xmlpserver/EVVET3 PW NEW/Subject Area Contents/Public Website/Report (PDF)/AER.xdo?_xpf=&_xpt=1&_params%2FOracle%20BI%20EE%3A%3ADefaultApp%3A%3AEVVET3%20PR%20NEW%2FAER%3A%3Adimension%2FAER%20Id%3A%3Aattribute%3A%3Anoaggr%3A%3Axsd%3Adouble=462194&_xt=AER&_xf=pdf""> AER </a>",2015-05-29 00:00:00,Veterinarian,United States,MALE,Dog,Maltese,Metacam 1.5 mg/ml - Oral suspension (dogs),Weight loss,1,1,
US-DEBIAHP-2015US05753,"<a target=""_blank""  href=""/xmlpserver/EVVET3 PW NEW/Subject Area Contents/Public Website/Report (PDF)/AER.xdo?_xpf=&_xpt=1&_params%2FOracle%20BI%20EE%3A%3ADefaultApp%3A%3AEVVET3%20PR%20NEW%2FAER%3A%3Adimension%2FAER%20Id%3A%3Aattribute%3A%3Anoaggr%3A%3Axsd%3Adouble=458750&_xt=AER&_xf=pdf""> AER </a>",2015-05-22 00:00:00,Veterinarian,United States,FEMALE,Dog,Rottweiler,"Metacam 1.5 mg/ml - Oral suspension (dogs), Metacam 5 mg/ml - Solution for injection (cats, dogs), Metacam 5 mg/ml - Solution for injection (cattle, pigs), Metacam 5 mg/ml - Solution for injection (dogs), SYNULOX (200+50)MG/TAB ΔΙΣΚΙΟ, SYNULOX (40+10)MG/TAB ΔΙΣΚΙΟ, SYNULOX 140 mg/ml + 35 mg/ml suspensión inyectable, SYNULOX 200 mg/50 mg tablety pre psy a mačky, SYNULOX 200/50 mg COMPRIMIDOS APETITOSOS PARA PERROS, SYNULOX 250 COMPRIMES POUR CHIENS, SYNULOX 250 mg, SYNULOX 250 mg kramtomosios tabletės šunims ir katėms, SYNULOX 250 mg tablete za pse in mačke, SYNULOX 250mg, δισκία για σκύλους και γάτες, SYNULOX 40 mg/10 mg tablety pre psy a mačky, SYNULOX 40 mg/ml + 10 mg/ml POLVO PARA GOTAS ORALES EN SUSPENSION, SYNULOX 40/10 MG COMPRIMIDOS APETITOSOS PARA PERROS Y GATOS, SYNULOX 400 mg/100 mg tablety pre psy, SYNULOX 400/100 mg COMPRIMIDOS APETITOSOS PARA PERROS, SYNULOX 50 COMPRIMES POUR CHIENS ET CHATS, SYNULOX 50 mg, SYNULOX 50 mg kramtomosios tabletės šunims ir katėms, SYNULOX 50 mg tablete za pse in mačke, SYNULOX 500 COMPRIMES POUR CHIENS, SYNULOX 500 mg kramtomosios tabletės šunims, SYNULOX 500 mg tablete za pse, SYNULOX 500 mg, kramtomosios tabletės šunims, SYNULOX 500MG/TAB ΔΙΣΚΙΟ, SYNULOX 50mg, δισκία για σκύλους και γάτες, SYNULOX OGIVETTES POUR VEAUX, SYNULOX SUSPENSION INJECTABLE POUR BOVINS, SYNULOX VET 140 mg/ml injektioneste, suspensio koiralle, kissalle ja sialle, SYNULOX suspensão injetável para suínos, bovinos, cães e gatos, SYNULOX vet 200 mg/50 mg tabletti, koiralle ja kissalle, SYNULOX vet 40 mg/10 mg tabletti, koiralle ja kissalle, SYNULOX vet 400 mg/100 mg tabletti, koiralle, SYNULOX, 400/100mg, Tableta, Synulox 250 mg Comprimés Appétents, Synulox 250 mg Smakelijke tabletten, Synulox 250 mg tabletes suņiem un kaķiem, Synulox 250 mg, tabletid koertele ja kassidele, Synulox 250 mg, таблетки за кучета и котки, Synulox 250mg (200 mg/50 mg)  Tabletten für Hunde, Synulox 50 mg Comprimés Appétents, Synulox 50 mg Smakelijke Tabletten, Synulox 50 mg tabletes suņiem un kaķiem, Synulox 50 mg, tabletid koertele ja kassidele, Synulox 50 mg, таблетки за кучета и котки, Synulox 500 mg Bolus 400 mg - 100 mg Omhulde tablet, Synulox 500 mg Comprimés Appétents, Synulox 500 mg Smakelijke Tabletten, Synulox 500 mg tabletes suņiem, Synulox 500 mg, tabletid koertele, Synulox 500mg (400 mg/100 mg) Tabletten für Hunde, Synulox 50mg (40 mg/10 mg) Tabletten für Hunde und Katzen, Synulox Bolus 500 mg, 400 mg + 100 mg comprimés enrobés pour veaux, Synulox Lactating Cow Intramammary suspension., Synulox Tabletki 250 mg, Synulox Tabletki 250 mg (200+50) mg/tablete; tabletes suņiem, Synulox Tabletki 50 mg, Synulox Tabletki 50 mg (40+10) mg/ tablete; tabletes suņiem un kaķiem, Synulox Tabletki 500 mg, Synulox Vet. til hund og kat 200 + 50 mg tabletter, Synulox Vet. til hund og kat 40 + 10 mg tabletter, Synulox Vet. til hund tabletter 400 + 100 mg, Synulox Vet. til kalve 400 + 100 mg tabletter, Synulox comprimidos palatáveis 250 mg para cães e gatos, Synulox comprimidos palatáveis 50 mg para cães e gatos, Synulox comprimidos palatáveis 500 mg para cães, Synulox vet 40 mg/ml jauhe oraalisuspensiota varten koiralle ja kissalle, Synulox vet. 200 mg tabletter for hund og katt, Synulox vet. 200 mg/50 mg Tablett, Synulox vet. 40 mg tabletter for hund og katt, Synulox vet. 40 mg/10 mg Tablett, Synulox vet. 400 mg tabletter for hund, Synulox vet. 400 mg/100 mg Tablett, Synulox, 200/50mg, Tableta, Synulox, 40/10mg, Tableta, Synulox-Kalb 400 mg/100 mg Filmtabletten für Rinder (Kälber), Torbugesic 10 mg/ml Solution for Injection, Torbugesic Vet 10 mg/ml solution injectable pour chevaux, chiens et chats, Torbugesic Vet. 10 mg/ml injektionsvæske, opløsning, Torbuphanol Vet 10 mg/ml solution for injection for injection for horses, dogs and cats, Tramadog 50 mg tablet for dogs","Abnormal breathing, Abnormal radiograph finding, Abnormal ultrasound finding, Anorexia, Ascites, Bruising, Decreased activity, Dehydration, Dull, Duodenal ulcer, Elevated amylase, Erythema (for urticaria see Immune SOC), Hypoalbuminaemia, Hypocalcaemic condition, Hypoglycaemia, Hypomagnesaemic condition, Hypoproteinaemia, Hypotension, Lateral recumbency, Leukopenia NOS, Muscle wasting, Oedema of the extremities (see also other SOCs for most applicable oedema), Other abnormal test result NOS, Pancreatitis NOS, Panting, Peritonitis, Pyrexia, Regurgitation, Reluctant to move, Shock, Splenic neoplasm NOS, Tachycardia, Tachypnoea, Tense abdomen, Ventricular arrhythmia",1,1,
US-DEBIAHP-2015US06074,"<a target=""_blank""  href=""/xmlpserver/EVVET3 PW NEW/Subject Area Contents/Public Website/Report (PDF)/AER.xdo?_xpf=&_xpt=1&_params%2FOracle%20BI%20EE%3A%3ADefaultApp%3A%3AEVVET3%20PR%20NEW%2FAER%3A%3Adimension%2FAER%20Id%3A%3Aattribute%3A%3Anoaggr%3A%3Axsd%3Adouble=507431&_xt=AER&_xf=pdf""> AER </a>",2015-09-08 00:00:00,Veterinarian,United States,MALE,Dog,Bichon Frise,"Metacam 0.5 mg/ml - Oral suspension (cats, guinea pigs), Metacam 0.5 mg/ml - Oral suspension (dogs), SYNULOX (200+50)MG/TAB ΔΙΣΚΙΟ, SYNULOX (40+10)MG/TAB ΔΙΣΚΙΟ, SYNULOX 140 mg/ml + 35 mg/ml suspensión inyectable, SYNULOX 200 mg/50 mg tablety pre psy a mačky, SYNULOX 200/50 mg COMPRIMIDOS APETITOSOS PARA PERROS, SYNULOX 250 COMPRIMES POUR CHIENS, SYNULOX 250 mg, SYNULOX 250 mg kramtomosios tabletės šunims ir katėms, SYNULOX 250 mg tablete za pse in mačke, SYNULOX 250mg, δισκία για σκύλους και γάτες, SYNULOX 40 mg/10 mg tablety pre psy a mačky, SYNULOX 40 mg/ml + 10 mg/ml POLVO PARA GOTAS ORALES EN SUSPENSION, SYNULOX 40/10 MG COMPRIMIDOS APETITOSOS PARA PERROS Y GATOS, SYNULOX 400 mg/100 mg tablety pre psy, SYNULOX 400/100 mg COMPRIMIDOS APETITOSOS PARA PERROS, SYNULOX 50 COMPRIMES POUR CHIENS ET CHATS, SYNULOX 50 mg, SYNULOX 50 mg kramtomosios tabletės šunims ir katėms, SYNULOX 50 mg tablete za pse in mačke, SYNULOX 500 COMPRIMES POUR CHIENS, SYNULOX 500 mg kramtomosios tabletės šunims, SYNULOX 500 mg tablete za pse, SYNULOX 500 mg, kramtomosios tabletės šunims, SYNULOX 500MG/TAB ΔΙΣΚΙΟ, SYNULOX 50mg, δισκία για σκύλους και γάτες, SYNULOX OGIVETTES POUR VEAUX, SYNULOX SUSPENSION INJECTABLE POUR BOVINS, SYNULOX VET 140 mg/ml injektioneste, suspensio koiralle, kissalle ja sialle, SYNULOX suspensão injetável para suínos, bovinos, cães e gatos, SYNULOX vet 200 mg/50 mg tabletti, koiralle ja kissalle, SYNULOX vet 40 mg/10 mg tabletti, koiralle ja kissalle, SYNULOX vet 400 mg/100 mg tabletti, koiralle, SYNULOX, 400/100mg, Tableta, Synulox 250 mg Comprimés Appétents, Synulox 250 mg Smakelijke tabletten, Synulox 250 mg tabletes suņiem un kaķiem, Synulox 250 mg, tabletid koertele ja kassidele, Synulox 250 mg, таблетки за кучета и котки, Synulox 250mg (200 mg/50 mg)  Tabletten für Hunde, Synulox 50 mg Comprimés Appétents, Synulox 50 mg Smakelijke Tabletten, Synulox 50 mg tabletes suņiem un kaķiem, Synulox 50 mg, tabletid koertele ja kassidele, Synulox 50 mg, таблетки за кучета и котки, Synulox 500 mg Bolus 400 mg - 100 mg Omhulde tablet, Synulox 500 mg Comprimés Appétents, Synulox 500 mg Smakelijke Tabletten, Synulox 500 mg tabletes suņiem, Synulox 500 mg, tabletid koertele, Synulox 500mg (400 mg/100 mg) Tabletten für Hunde, Synulox 50mg (40 mg/10 mg) Tabletten für Hunde und Katzen, Synulox Bolus 500 mg, 400 mg + 100 mg comprimés enrobés pour veaux, Synulox Lactating Cow Intramammary suspension., Synulox Tabletki 250 mg, Synulox Tabletki 250 mg (200+50) mg/tablete; tabletes suņiem, Synulox Tabletki 50 mg, Synulox Tabletki 50 mg (40+10) mg/ tablete; tabletes suņiem un kaķiem, Synulox Tabletki 500 mg, Synulox Vet. til hund og kat 200 + 50 mg tabletter, Synulox Vet. til hund og kat 40 + 10 mg tabletter, Synulox Vet. til hund tabletter 400 + 100 mg, Synulox Vet. til kalve 400 + 100 mg tabletter, Synulox comprimidos palatáveis 250 mg para cães e gatos, Synulox comprimidos palatáveis 50 mg para cães e gatos, Synulox comprimidos palatáveis 500 mg para cães, Synulox vet 40 mg/ml jauhe oraalisuspensiota varten koiralle ja kissalle, Synulox vet. 200 mg tabletter for hund og katt, Synulox vet. 200 mg/50 mg Tablett, Synulox vet. 40 mg tabletter for hund og katt, Synulox vet. 40 mg/10 mg Tablett, Synulox vet. 400 mg tabletter for hund, Synulox vet. 400 mg/100 mg Tablett, Synulox, 200/50mg, Tableta, Synulox, 40/10mg, Tableta, Synulox-Kalb 400 mg/100 mg Filmtabletten für Rinder (Kälber)","Blood in faeces, Bruising, Urinary incontinence",1,1,
US-DEBIAHP-2015US06182,"<a target=""_blank""  href=""/xmlpserver/EVVET3 PW NEW/Subject Area Contents/Public Website/Report (PDF)/AER.xdo?_xpf=&_xpt=1&_params%2FOracle%20BI%20EE%3A%3ADefaultApp%3A%3AEVVET3%20PR%20NEW%2FAER%3A%3Adimension%2FAER%20Id%3A%3Aattribute%3A%3Anoaggr%3A%3Axsd%3Adouble=453453&_xt=AER&_xf=pdf""> AER </a>",2015-05-12 00:00:00,Other health care professional,United States,FEMALE,Dog,Retriever - Golden,"Metacam 1.5 mg/ml - Oral suspension (dogs), Soloxine 0.1 mg Tablet, Soloxine 0.2 mg Tablet, Soloxine 0.3 mg Tablet, Soloxine 0.5 mg Tablet, Soloxine 0.8 mg Tablet","Elevated alanine aminotransferase (ALT), Hepatomegaly, Polydipsia, Polyuria",1,1,
US-DEBIAHP-2015US06196,"<a target=""_blank""  href=""/xmlpserver/EVVET3 PW NEW/Subject Area Contents/Public Website/Report (PDF)/AER.xdo?_xpf=&_xpt=1&_params%2FOracle%20BI%20EE%3A%3ADefaultApp%3A%3AEVVET3%20PR%20NEW%2FAER%3A%3Adimension%2FAER%20Id%3A%3Aattribute%3A%3Anoaggr%3A%3Axsd%3Adouble=486173&_xt=AER&_xf=pdf""> AER </a>",2015-07-02 00:00:00,Veterinarian,United States,MALE,Dog,Collie - Border,Metacam 1.5 mg/ml - Oral suspension (dogs),Partial lack of efficacy,1,1,
US-DEBIAHP-2015US06282,"<a target=""_blank""  href=""/xmlpserver/EVVET3 PW NEW/Subject Area Contents/Public Website/Report (PDF)/AER.xdo?_xpf=&_xpt=1&_params%2FOracle%20BI%20EE%3A%3ADefaultApp%3A%3AEVVET3%20PR%20NEW%2FAER%3A%3Adimension%2FAER%20Id%3A%3Aattribute%3A%3Anoaggr%3A%3Axsd%3Adouble=454695&_xt=AER&_xf=pdf""> AER </a>",2015-05-13 00:00:00,Animal owner,United States,FEMALE,Dog,Akita,Metacam 1.5 mg/ml - Oral suspension (dogs),Vomiting,1,1,
US-DEBIAHP-2015US06346,"<a target=""_blank""  href=""/xmlpserver/EVVET3 PW NEW/Subject Area Contents/Public Website/Report (PDF)/AER.xdo?_xpf=&_xpt=1&_params%2FOracle%20BI%20EE%3A%3ADefaultApp%3A%3AEVVET3%20PR%20NEW%2FAER%3A%3Adimension%2FAER%20Id%3A%3Aattribute%3A%3Anoaggr%3A%3Axsd%3Adouble=463676&_xt=AER&_xf=pdf""> AER </a>",2015-06-02 00:00:00,Veterinarian,United States,MALE,Dog,Shih Tzu,Metacam 1.5 mg/ml - Oral suspension (dogs),Elevated blood urea nitrogen (BUN),1,1,
US-DEBIAHP-2015US06399,"<a target=""_blank""  href=""/xmlpserver/EVVET3 PW NEW/Subject Area Contents/Public Website/Report (PDF)/AER.xdo?_xpf=&_xpt=1&_params%2FOracle%20BI%20EE%3A%3ADefaultApp%3A%3AEVVET3%20PR%20NEW%2FAER%3A%3Adimension%2FAER%20Id%3A%3Aattribute%3A%3Anoaggr%3A%3Axsd%3Adouble=455131&_xt=AER&_xf=pdf""> AER </a>",2015-05-15 00:00:00,Animal owner,United States,MALE,Dog,Dog (other),"Metacam 0.5 mg/ml - Oral suspension (cats, guinea pigs), Metacam 0.5 mg/ml - Oral suspension (dogs)",Limb weakness,1,1,
US-DEBIAHP-2015US06440,"<a target=""_blank""  href=""/xmlpserver/EVVET3 PW NEW/Subject Area Contents/Public Website/Report (PDF)/AER.xdo?_xpf=&_xpt=1&_params%2FOracle%20BI%20EE%3A%3ADefaultApp%3A%3AEVVET3%20PR%20NEW%2FAER%3A%3Adimension%2FAER%20Id%3A%3Aattribute%3A%3Anoaggr%3A%3Axsd%3Adouble=457242&_xt=AER&_xf=pdf""> AER </a>",2015-05-19 00:00:00,Veterinarian,United States,MALE,Dog,Retriever - Chesapeake Bay,"Metacam 1.5 mg/ml - Oral suspension (dogs), Metacam 5 mg/ml - Solution for injection (cats, dogs), Metacam 5 mg/ml - Solution for injection (cattle, pigs), Metacam 5 mg/ml - Solution for injection (dogs)","Abdominal discomfort, Acute renal failure, Anorexia, Death by euthanasia, Elevated blood urea nitrogen (BUN), Elevated creatinine, Hyperphosphataemia, Hypoproteinaemia, Lethargy (see also Central nervous system depression in Neurological), Necropsy performed, Neutrophilia, Other abnormal test result NOS, Uric acid crystals, Urine abnormalities NOS, Vomiting, Weight loss",1,1,1
US-DEBIAHP-2015US06638,"<a target=""_blank""  href=""/xmlpserver/EVVET3 PW NEW/Subject Area Contents/Public Website/Report (PDF)/AER.xdo?_xpf=&_xpt=1&_params%2FOracle%20BI%20EE%3A%3ADefaultApp%3A%3AEVVET3%20PR%20NEW%2FAER%3A%3Adimension%2FAER%20Id%3A%3Aattribute%3A%3Anoaggr%3A%3Axsd%3Adouble=477070&_xt=AER&_xf=pdf""> AER </a>",2015-06-23 00:00:00,Other health care professional,United States,FEMALE,Dog,Pug,Metacam 1.5 mg/ml - Oral suspension (dogs),"Anorexia, Decreased packed cell volume (PCV), Emesis, Hyperthermia, Leukocytosis NOS, Pancreatitis NOS",1,1,
US-DEBIAHP-2015US06686,"<a target=""_blank""  href=""/xmlpserver/EVVET3 PW NEW/Subject Area Contents/Public Website/Report (PDF)/AER.xdo?_xpf=&_xpt=1&_params%2FOracle%20BI%20EE%3A%3ADefaultApp%3A%3AEVVET3%20PR%20NEW%2FAER%3A%3Adimension%2FAER%20Id%3A%3Aattribute%3A%3Anoaggr%3A%3Axsd%3Adouble=458430&_xt=AER&_xf=pdf""> AER </a>",2015-05-21 00:00:00,Veterinarian,United States,MALE,Dog,Poodle - Standard,Metacam 1.5 mg/ml - Oral suspension (dogs),Partial lack of efficacy,1,1,
US-DEBIAHP-2015US06813,"<a target=""_blank""  href=""/xmlpserver/EVVET3 PW NEW/Subject Area Contents/Public Website/Report (PDF)/AER.xdo?_xpf=&_xpt=1&_params%2FOracle%20BI%20EE%3A%3ADefaultApp%3A%3AEVVET3%20PR%20NEW%2FAER%3A%3Adimension%2FAER%20Id%3A%3Aattribute%3A%3Anoaggr%3A%3Axsd%3Adouble=458380&_xt=AER&_xf=pdf""> AER </a>",2015-05-21 00:00:00,Animal owner,United States,FEMALE,Dog,Chihuahua,Metacam 1.5 mg/ml - Oral suspension (dogs),Erythematous rash,1,1,
US-DEBIAHP-2015US07056,"<a target=""_blank""  href=""/xmlpserver/EVVET3 PW NEW/Subject Area Contents/Public Website/Report (PDF)/AER.xdo?_xpf=&_xpt=1&_params%2FOracle%20BI%20EE%3A%3ADefaultApp%3A%3AEVVET3%20PR%20NEW%2FAER%3A%3Adimension%2FAER%20Id%3A%3Aattribute%3A%3Anoaggr%3A%3Axsd%3Adouble=461579&_xt=AER&_xf=pdf""> AER </a>",2015-05-28 00:00:00,Veterinarian,United States,MALE,Dog,Chihuahua,"Cerenia 10 mg/ml  - Solution for injection, Cerenia 16 mg  - Tablet, Cerenia 160 mg  - Tablet, Cerenia 24 mg  - Tablet, Cerenia 60 mg - Tablet, Metacam 1.5 mg/ml - Oral suspension (dogs), Tramadog 50 mg tablet for dogs","Anaemia NOS, Anorexia, Death by euthanasia, Elevated blood urea nitrogen (BUN), Elevated cholesterol (total), Elevated creatinine, Elevated serum alkaline phosphatase (ALP), Elevated total bilirubin, Hyperphosphataemia, Hyperproteinaemia, Leukocytosis NOS, Neutrophilia, Other abnormal test result NOS, Pyelonephritis, Tongue necrosis",1,1,1
US-DEBIAHP-2015US07057,"<a target=""_blank""  href=""/xmlpserver/EVVET3 PW NEW/Subject Area Contents/Public Website/Report (PDF)/AER.xdo?_xpf=&_xpt=1&_params%2FOracle%20BI%20EE%3A%3ADefaultApp%3A%3AEVVET3%20PR%20NEW%2FAER%3A%3Adimension%2FAER%20Id%3A%3Aattribute%3A%3Anoaggr%3A%3Axsd%3Adouble=487865&_xt=AER&_xf=pdf""> AER </a>",2015-07-09 00:00:00,Veterinarian,United States,FEMALE,Dog,Chihuahua,Metacam 1.5 mg/ml - Oral suspension (dogs),"Acute renal failure, Anorexia, Elevated blood urea nitrogen (BUN), Elevated creatinine, Haemoconcentration, Hyperphosphataemia, Lethargy (see also Central nervous system depression in Neurological), Tongue necrosis",1,1,
US-DEBIAHP-2015US07094,"<a target=""_blank""  href=""/xmlpserver/EVVET3 PW NEW/Subject Area Contents/Public Website/Report (PDF)/AER.xdo?_xpf=&_xpt=1&_params%2FOracle%20BI%20EE%3A%3ADefaultApp%3A%3AEVVET3%20PR%20NEW%2FAER%3A%3Adimension%2FAER%20Id%3A%3Aattribute%3A%3Anoaggr%3A%3Axsd%3Adouble=460608&_xt=AER&_xf=pdf""> AER </a>",2015-05-27 00:00:00,Veterinarian,United States,MALE,Dog,Pinscher - Miniature,"Metacam 0.5 mg/ml - Oral suspension (cats, guinea pigs), Metacam 0.5 mg/ml - Oral suspension (dogs)","Abdominal pain, Lethargy (see also Central nervous system depression in Neurological), Not drinking, Not eating",1,1,
US-DEBIAHP-2015US07286,"<a target=""_blank""  href=""/xmlpserver/EVVET3 PW NEW/Subject Area Contents/Public Website/Report (PDF)/AER.xdo?_xpf=&_xpt=1&_params%2FOracle%20BI%20EE%3A%3ADefaultApp%3A%3AEVVET3%20PR%20NEW%2FAER%3A%3Adimension%2FAER%20Id%3A%3Aattribute%3A%3Anoaggr%3A%3Axsd%3Adouble=464180&_xt=AER&_xf=pdf""> AER </a>",2015-06-03 00:00:00,Veterinarian,United States,MALE,Dog,Shepherd Dog - German,Metacam 1.5 mg/ml - Oral suspension (dogs),"Abdominal pain, Death, Distension of abdomen, Falling, Fluid in abdomen NOS, Gastric perforation, Joint pain, Knuckling, Lateral recumbency, Localised pain NOS (see other SOCs for specific pain), Muscle wasting, Not drinking, Not eating, Panting, Proprioception loss, Reluctant to move",1,1,1
US-DEBIAHP-2015US07474,"<a target=""_blank""  href=""/xmlpserver/EVVET3 PW NEW/Subject Area Contents/Public Website/Report (PDF)/AER.xdo?_xpf=&_xpt=1&_params%2FOracle%20BI%20EE%3A%3ADefaultApp%3A%3AEVVET3%20PR%20NEW%2FAER%3A%3Adimension%2FAER%20Id%3A%3Aattribute%3A%3Anoaggr%3A%3Axsd%3Adouble=464900&_xt=AER&_xf=pdf""> AER </a>",2015-06-05 00:00:00,Veterinarian,United States,MALE,Dog,Retriever - Labrador,Metacam 1.5 mg/ml - Oral suspension (dogs),"Death by euthanasia, Gastric perforation, Peritonitis, Vomiting, Weight loss",1,1,1
US-DEBIAHP-2015US07672,"<a target=""_blank""  href=""/xmlpserver/EVVET3 PW NEW/Subject Area Contents/Public Website/Report (PDF)/AER.xdo?_xpf=&_xpt=1&_params%2FOracle%20BI%20EE%3A%3ADefaultApp%3A%3AEVVET3%20PR%20NEW%2FAER%3A%3Adimension%2FAER%20Id%3A%3Aattribute%3A%3Anoaggr%3A%3Axsd%3Adouble=487863&_xt=AER&_xf=pdf""> AER </a>",2015-07-09 00:00:00,Veterinarian,United States,FEMALE,Dog,Pointing Dog - German Short-haired,Metacam 1.5 mg/ml - Oral suspension (dogs),"Anaemia NOS, Anorexia, Blood in vomit, Decreased appetite, Elevated blood urea nitrogen (BUN), Lethargy (see also Central nervous system depression in Neurological), Tarry or black stool (see also haemorrhagic diarrhoea), Thrombocytopenia",1,1,
US-DEBIAHP-2015US07727,"<a target=""_blank""  href=""/xmlpserver/EVVET3 PW NEW/Subject Area Contents/Public Website/Report (PDF)/AER.xdo?_xpf=&_xpt=1&_params%2FOracle%20BI%20EE%3A%3ADefaultApp%3A%3AEVVET3%20PR%20NEW%2FAER%3A%3Adimension%2FAER%20Id%3A%3Aattribute%3A%3Anoaggr%3A%3Axsd%3Adouble=464948&_xt=AER&_xf=pdf""> AER </a>",2015-06-08 00:00:00,Veterinarian,United States,MALE,Dog,"Cattle Dog - Australian (blue heeler, red heeler, Queensland cattledog)","Bravecto 1000 mg - Chewable tablet, Bravecto 1000 mg - Spot-on solution, Bravecto 112.5 mg - Chewable tablet, Bravecto 112.5 mg - Spot-on solution (cats), Bravecto 112.5 mg - Spot-on solution (dogs), Bravecto 1400 mg - Chewable tablet, Bravecto 1400 mg - Spot-on solution, Bravecto 150 mg/ml - Powder and solvent for suspension for injection, Bravecto 250 mg  Chewable tablet, Bravecto 250 mg - Spot-on solution (cats), Bravecto 250 mg - Spot-on solution (dogs), Bravecto 500 mg - Chewable tablet, Bravecto 500 mg - Spot-on solution (cats), Bravecto 500 mg - Spot-on solution (dogs), Metacam 1.5 mg/ml - Oral suspension (dogs)","Decreased urine concentration, Elevated serum alkaline phosphatase (ALP), Other abnormal test result NOS, Polydipsia, Polyuria",1,1,
US-DEBIAHP-2015US08008,"<a target=""_blank""  href=""/xmlpserver/EVVET3 PW NEW/Subject Area Contents/Public Website/Report (PDF)/AER.xdo?_xpf=&_xpt=1&_params%2FOracle%20BI%20EE%3A%3ADefaultApp%3A%3AEVVET3%20PR%20NEW%2FAER%3A%3Adimension%2FAER%20Id%3A%3Aattribute%3A%3Anoaggr%3A%3Axsd%3Adouble=469077&_xt=AER&_xf=pdf""> AER </a>",2015-06-15 00:00:00,Veterinarian,United States,FEMALE,Dog,Chihuahua,"Metacam 0.5 mg/ml - Oral suspension (cats, guinea pigs), Metacam 0.5 mg/ml - Oral suspension (dogs)",Lethargy (see also Central nervous system depression in Neurological),1,1,
US-DEBIAHP-2015US08086,"<a target=""_blank""  href=""/xmlpserver/EVVET3 PW NEW/Subject Area Contents/Public Website/Report (PDF)/AER.xdo?_xpf=&_xpt=1&_params%2FOracle%20BI%20EE%3A%3ADefaultApp%3A%3AEVVET3%20PR%20NEW%2FAER%3A%3Adimension%2FAER%20Id%3A%3Aattribute%3A%3Anoaggr%3A%3Axsd%3Adouble=469674&_xt=AER&_xf=pdf""> AER </a>",2015-06-16 00:00:00,Veterinarian,United States,FEMALE,Dog,Dachshund - Miniature,"Metacam 1.5 mg/ml - Oral suspension (dogs), STRONGID 152 mg/g pasta per uso orale per cavalli, STRONGID CHEVAUX PATE ORALE, Strongid cães pasta oral, Strongid gatos 40 mg/g pasta oral",Allergic pruritus,1,1,
US-DEBIAHP-2015US08114,"<a target=""_blank""  href=""/xmlpserver/EVVET3 PW NEW/Subject Area Contents/Public Website/Report (PDF)/AER.xdo?_xpf=&_xpt=1&_params%2FOracle%20BI%20EE%3A%3ADefaultApp%3A%3AEVVET3%20PR%20NEW%2FAER%3A%3Adimension%2FAER%20Id%3A%3Aattribute%3A%3Anoaggr%3A%3Axsd%3Adouble=470716&_xt=AER&_xf=pdf""> AER </a>",2015-06-17 00:00:00,Veterinarian,United States,FEMALE,Dog,Bichon Frise,Metacam 1.5 mg/ml - Oral suspension (dogs),Bloody diarrhoea,1,1,
US-DEBIAHP-2015US08304,"<a target=""_blank""  href=""/xmlpserver/EVVET3 PW NEW/Subject Area Contents/Public Website/Report (PDF)/AER.xdo?_xpf=&_xpt=1&_params%2FOracle%20BI%20EE%3A%3ADefaultApp%3A%3AEVVET3%20PR%20NEW%2FAER%3A%3Adimension%2FAER%20Id%3A%3Aattribute%3A%3Anoaggr%3A%3Axsd%3Adouble=470709&_xt=AER&_xf=pdf""> AER </a>",2015-06-17 00:00:00,Veterinarian,United States,MALE,Dog,Terrier - Jack Russell,"Metacam 0.5 mg/ml - Oral suspension (cats, guinea pigs), Metacam 0.5 mg/ml - Oral suspension (dogs)",Anaphylactic-type reaction,1,1,
US-DEBIAHP-2015US08453,"<a target=""_blank""  href=""/xmlpserver/EVVET3 PW NEW/Subject Area Contents/Public Website/Report (PDF)/AER.xdo?_xpf=&_xpt=1&_params%2FOracle%20BI%20EE%3A%3ADefaultApp%3A%3AEVVET3%20PR%20NEW%2FAER%3A%3Adimension%2FAER%20Id%3A%3Aattribute%3A%3Anoaggr%3A%3Axsd%3Adouble=470717&_xt=AER&_xf=pdf""> AER </a>",2015-06-17 00:00:00,Veterinarian,United States,UNKNOWN,Dog,Dog (other),Metacam 1.5 mg/ml - Oral suspension (dogs),"Abdominal pain, Abnormal radiograph finding, Peritonitis",1,1,
US-DEBIAHP-2015US08524,"<a target=""_blank""  href=""/xmlpserver/EVVET3 PW NEW/Subject Area Contents/Public Website/Report (PDF)/AER.xdo?_xpf=&_xpt=1&_params%2FOracle%20BI%20EE%3A%3ADefaultApp%3A%3AEVVET3%20PR%20NEW%2FAER%3A%3Adimension%2FAER%20Id%3A%3Aattribute%3A%3Anoaggr%3A%3Axsd%3Adouble=483267&_xt=AER&_xf=pdf""> AER </a>",2015-06-26 00:00:00,Other health care professional,United States,MALE,Dog,Pug,"BRONCHI-SHIELD, Metacam 1.5 mg/ml - Oral suspension (dogs), VERSICAN PLUS BB IN LYOPHILISAT ET SOLVANT POUR GOUTTES NASALES, SUSPENSION POUR CHIENS, Versican Plus Bb IN, Lyophilisat et solvant pour suspension nasale en gouttes, pour chiens","Abnormal radiograph finding, Cough, Lack of efficacy - NOS",1,1,
US-DEBIAHP-2015US09033,"<a target=""_blank""  href=""/xmlpserver/EVVET3 PW NEW/Subject Area Contents/Public Website/Report (PDF)/AER.xdo?_xpf=&_xpt=1&_params%2FOracle%20BI%20EE%3A%3ADefaultApp%3A%3AEVVET3%20PR%20NEW%2FAER%3A%3Adimension%2FAER%20Id%3A%3Aattribute%3A%3Anoaggr%3A%3Axsd%3Adouble=486277&_xt=AER&_xf=pdf""> AER </a>",2015-07-02 00:00:00,Veterinarian,United States,FEMALE,Dog,Terrier - Yorkshire,"Metacam 0.5 mg/ml - Oral suspension (cats, guinea pigs), Metacam 0.5 mg/ml - Oral suspension (dogs)",Seizure NOS,1,1,
US-DEBIAHP-2015US09064,"<a target=""_blank""  href=""/xmlpserver/EVVET3 PW NEW/Subject Area Contents/Public Website/Report (PDF)/AER.xdo?_xpf=&_xpt=1&_params%2FOracle%20BI%20EE%3A%3ADefaultApp%3A%3AEVVET3%20PR%20NEW%2FAER%3A%3Adimension%2FAER%20Id%3A%3Aattribute%3A%3Anoaggr%3A%3Axsd%3Adouble=487578&_xt=AER&_xf=pdf""> AER </a>",2015-07-07 00:00:00,Veterinarian,United States,MALE,Dog,Shih Tzu,Metacam 1.5 mg/ml - Oral suspension (dogs),"Inappetence, Injection site pain, Injection site swelling, Lack of efficacy - NOS, Lethargy (see also Central nervous system depression in Neurological)",1,1,
US-DEBIAHP-2015US09117,"<a target=""_blank""  href=""/xmlpserver/EVVET3 PW NEW/Subject Area Contents/Public Website/Report (PDF)/AER.xdo?_xpf=&_xpt=1&_params%2FOracle%20BI%20EE%3A%3ADefaultApp%3A%3AEVVET3%20PR%20NEW%2FAER%3A%3Adimension%2FAER%20Id%3A%3Aattribute%3A%3Anoaggr%3A%3Axsd%3Adouble=487361&_xt=AER&_xf=pdf""> AER </a>",2015-07-07 00:00:00,Animal owner,United States,UNKNOWN,Dog,Dog (other),Metacam 1.5 mg/ml - Oral suspension (dogs),Gagging,1,1,
US-DEBIAHP-2015US09174,"<a target=""_blank""  href=""/xmlpserver/EVVET3 PW NEW/Subject Area Contents/Public Website/Report (PDF)/AER.xdo?_xpf=&_xpt=1&_params%2FOracle%20BI%20EE%3A%3ADefaultApp%3A%3AEVVET3%20PR%20NEW%2FAER%3A%3Adimension%2FAER%20Id%3A%3Aattribute%3A%3Anoaggr%3A%3Axsd%3Adouble=487819&_xt=AER&_xf=pdf""> AER </a>",2015-07-08 00:00:00,Veterinarian,United States,MALE,Dog,Poodle - Miniature,Metacam 1.5 mg/ml - Oral suspension (dogs),"Elevated gamma-glutamyl transferase (GGT), Elevated serum alkaline phosphatase (ALP)",1,1,
US-DEBIAHP-2015US09257,"<a target=""_blank""  href=""/xmlpserver/EVVET3 PW NEW/Subject Area Contents/Public Website/Report (PDF)/AER.xdo?_xpf=&_xpt=1&_params%2FOracle%20BI%20EE%3A%3ADefaultApp%3A%3AEVVET3%20PR%20NEW%2FAER%3A%3Adimension%2FAER%20Id%3A%3Aattribute%3A%3Anoaggr%3A%3Axsd%3Adouble=487343&_xt=AER&_xf=pdf""> AER </a>",2015-07-07 00:00:00,Veterinarian,United States,MALE,Dog,Dog (other),"Metacam 0.5 mg/ml - Oral suspension (cats, guinea pigs), Metacam 0.5 mg/ml - Oral suspension (dogs)","Anorexia, Ataxia, Hypoalbuminaemia, Hypoproteinaemia, Lethargy (see also Central nervous system depression in Neurological), Stomach upset, Weight loss",1,1,
US-DEBIAHP-2015US09404,"<a target=""_blank""  href=""/xmlpserver/EVVET3 PW NEW/Subject Area Contents/Public Website/Report (PDF)/AER.xdo?_xpf=&_xpt=1&_params%2FOracle%20BI%20EE%3A%3ADefaultApp%3A%3AEVVET3%20PR%20NEW%2FAER%3A%3Adimension%2FAER%20Id%3A%3Aattribute%3A%3Anoaggr%3A%3Axsd%3Adouble=489165&_xt=AER&_xf=pdf""> AER </a>",2015-07-13 00:00:00,Veterinarian,United States,FEMALE,Dog,Shih Tzu,"Metacam 1.5 mg/ml - Oral suspension (dogs), Metacam 5 mg/ml - Solution for injection (cats, dogs), Metacam 5 mg/ml - Solution for injection (cattle, pigs), Metacam 5 mg/ml - Solution for injection (dogs), SYNULOX (200+50)MG/TAB ΔΙΣΚΙΟ, SYNULOX (40+10)MG/TAB ΔΙΣΚΙΟ, SYNULOX 140 mg/ml + 35 mg/ml suspensión inyectable, SYNULOX 200 mg/50 mg tablety pre psy a mačky, SYNULOX 200/50 mg COMPRIMIDOS APETITOSOS PARA PERROS, SYNULOX 250 COMPRIMES POUR CHIENS, SYNULOX 250 mg, SYNULOX 250 mg kramtomosios tabletės šunims ir katėms, SYNULOX 250 mg tablete za pse in mačke, SYNULOX 250mg, δισκία για σκύλους και γάτες, SYNULOX 40 mg/10 mg tablety pre psy a mačky, SYNULOX 40 mg/ml + 10 mg/ml POLVO PARA GOTAS ORALES EN SUSPENSION, SYNULOX 40/10 MG COMPRIMIDOS APETITOSOS PARA PERROS Y GATOS, SYNULOX 400 mg/100 mg tablety pre psy, SYNULOX 400/100 mg COMPRIMIDOS APETITOSOS PARA PERROS, SYNULOX 50 COMPRIMES POUR CHIENS ET CHATS, SYNULOX 50 mg, SYNULOX 50 mg kramtomosios tabletės šunims ir katėms, SYNULOX 50 mg tablete za pse in mačke, SYNULOX 500 COMPRIMES POUR CHIENS, SYNULOX 500 mg kramtomosios tabletės šunims, SYNULOX 500 mg tablete za pse, SYNULOX 500 mg, kramtomosios tabletės šunims, SYNULOX 500MG/TAB ΔΙΣΚΙΟ, SYNULOX 50mg, δισκία για σκύλους και γάτες, SYNULOX OGIVETTES POUR VEAUX, SYNULOX SUSPENSION INJECTABLE POUR BOVINS, SYNULOX VET 140 mg/ml injektioneste, suspensio koiralle, kissalle ja sialle, SYNULOX suspensão injetável para suínos, bovinos, cães e gatos, SYNULOX vet 200 mg/50 mg tabletti, koiralle ja kissalle, SYNULOX vet 40 mg/10 mg tabletti, koiralle ja kissalle, SYNULOX vet 400 mg/100 mg tabletti, koiralle, SYNULOX, 400/100mg, Tableta, Synulox 250 mg Comprimés Appétents, Synulox 250 mg Smakelijke tabletten, Synulox 250 mg tabletes suņiem un kaķiem, Synulox 250 mg, tabletid koertele ja kassidele, Synulox 250 mg, таблетки за кучета и котки, Synulox 250mg (200 mg/50 mg)  Tabletten für Hunde, Synulox 50 mg Comprimés Appétents, Synulox 50 mg Smakelijke Tabletten, Synulox 50 mg tabletes suņiem un kaķiem, Synulox 50 mg, tabletid koertele ja kassidele, Synulox 50 mg, таблетки за кучета и котки, Synulox 500 mg Bolus 400 mg - 100 mg Omhulde tablet, Synulox 500 mg Comprimés Appétents, Synulox 500 mg Smakelijke Tabletten, Synulox 500 mg tabletes suņiem, Synulox 500 mg, tabletid koertele, Synulox 500mg (400 mg/100 mg) Tabletten für Hunde, Synulox 50mg (40 mg/10 mg) Tabletten für Hunde und Katzen, Synulox Bolus 500 mg, 400 mg + 100 mg comprimés enrobés pour veaux, Synulox Lactating Cow Intramammary suspension., Synulox Tabletki 250 mg, Synulox Tabletki 250 mg (200+50) mg/tablete; tabletes suņiem, Synulox Tabletki 50 mg, Synulox Tabletki 50 mg (40+10) mg/ tablete; tabletes suņiem un kaķiem, Synulox Tabletki 500 mg, Synulox Vet. til hund og kat 200 + 50 mg tabletter, Synulox Vet. til hund og kat 40 + 10 mg tabletter, Synulox Vet. til hund tabletter 400 + 100 mg, Synulox Vet. til kalve 400 + 100 mg tabletter, Synulox comprimidos palatáveis 250 mg para cães e gatos, Synulox comprimidos palatáveis 50 mg para cães e gatos, Synulox comprimidos palatáveis 500 mg para cães, Synulox vet 40 mg/ml jauhe oraalisuspensiota varten koiralle ja kissalle, Synulox vet. 200 mg tabletter for hund og katt, Synulox vet. 200 mg/50 mg Tablett, Synulox vet. 40 mg tabletter for hund og katt, Synulox vet. 40 mg/10 mg Tablett, Synulox vet. 400 mg tabletter for hund, Synulox vet. 400 mg/100 mg Tablett, Synulox, 200/50mg, Tableta, Synulox, 40/10mg, Tableta, Synulox-Kalb 400 mg/100 mg Filmtabletten für Rinder (Kälber), Tramadog 50 mg tablet for dogs","Elevated alanine aminotransferase (ALT), Elevated serum alkaline phosphatase (ALP), Hyperglycaemia, Tarry or black stool (see also haemorrhagic diarrhoea)",1,1,
US-DEBIAHP-2015US09480,"<a target=""_blank""  href=""/xmlpserver/EVVET3 PW NEW/Subject Area Contents/Public Website/Report (PDF)/AER.xdo?_xpf=&_xpt=1&_params%2FOracle%20BI%20EE%3A%3ADefaultApp%3A%3AEVVET3%20PR%20NEW%2FAER%3A%3Adimension%2FAER%20Id%3A%3Aattribute%3A%3Anoaggr%3A%3Axsd%3Adouble=489680&_xt=AER&_xf=pdf""> AER </a>",2015-07-14 00:00:00,Veterinarian,United States,FEMALE,Dog,Coton de Tuléar,"Metacam 0.5 mg/ml - Oral suspension (cats, guinea pigs), Metacam 0.5 mg/ml - Oral suspension (dogs)","Falling, Lethargy (see also Central nervous system depression in Neurological), Panting, Twitching",1,1,
US-DEBIAHP-2015US09519,"<a target=""_blank""  href=""/xmlpserver/EVVET3 PW NEW/Subject Area Contents/Public Website/Report (PDF)/AER.xdo?_xpf=&_xpt=1&_params%2FOracle%20BI%20EE%3A%3ADefaultApp%3A%3AEVVET3%20PR%20NEW%2FAER%3A%3Adimension%2FAER%20Id%3A%3Aattribute%3A%3Anoaggr%3A%3Axsd%3Adouble=489705&_xt=AER&_xf=pdf""> AER </a>",2015-07-14 00:00:00,Veterinarian,United States,MALE,Dog,Shepherd Dog - German,Metacam 1.5 mg/ml - Oral suspension (dogs),"Proprioception deficit, Walking difficulty",1,1,
US-DEBIAHP-2015US09535,"<a target=""_blank""  href=""/xmlpserver/EVVET3 PW NEW/Subject Area Contents/Public Website/Report (PDF)/AER.xdo?_xpf=&_xpt=1&_params%2FOracle%20BI%20EE%3A%3ADefaultApp%3A%3AEVVET3%20PR%20NEW%2FAER%3A%3Adimension%2FAER%20Id%3A%3Aattribute%3A%3Anoaggr%3A%3Axsd%3Adouble=496525&_xt=AER&_xf=pdf""> AER </a>",2015-08-04 00:00:00,Animal owner,United States,MALE,Dog,Spaniel - King Charles Cavalier,"Metacam 0.5 mg/ml - Oral suspension (cats, guinea pigs), Metacam 0.5 mg/ml - Oral suspension (dogs), Metacam 1.5 mg/ml - Oral suspension (dogs)","Abnormal radiograph finding, Anorexia, Bloody diarrhoea, Decreased red blood cell count, Elevated blood urea nitrogen (BUN), Hypoalbuminaemia, Hypocalcaemic condition, Hypoproteinaemia, Lethargy (see also Central nervous system depression in Neurological), Neutrophilia, Other abnormal test result NOS, Spondylosis, Vomiting",1,1,
US-DEBIAHP-2015US09607,"<a target=""_blank""  href=""/xmlpserver/EVVET3 PW NEW/Subject Area Contents/Public Website/Report (PDF)/AER.xdo?_xpf=&_xpt=1&_params%2FOracle%20BI%20EE%3A%3ADefaultApp%3A%3AEVVET3%20PR%20NEW%2FAER%3A%3Adimension%2FAER%20Id%3A%3Aattribute%3A%3Anoaggr%3A%3Axsd%3Adouble=489650&_xt=AER&_xf=pdf""> AER </a>",2015-07-15 00:00:00,Animal owner,United States,FEMALE,Dog,Dog (other),Metacam 1.5 mg/ml - Oral suspension (dogs),"Pacing, Restlessness, Skin sore",1,1,
US-DEBIAHP-2015US09652,"<a target=""_blank""  href=""/xmlpserver/EVVET3 PW NEW/Subject Area Contents/Public Website/Report (PDF)/AER.xdo?_xpf=&_xpt=1&_params%2FOracle%20BI%20EE%3A%3ADefaultApp%3A%3AEVVET3%20PR%20NEW%2FAER%3A%3Adimension%2FAER%20Id%3A%3Aattribute%3A%3Anoaggr%3A%3Axsd%3Adouble=493647&_xt=AER&_xf=pdf""> AER </a>",2015-07-29 00:00:00,Animal owner,United States,FEMALE,Dog,Chihuahua,"Metacam 0.5 mg/ml - Oral suspension (cats, guinea pigs), Metacam 0.5 mg/ml - Oral suspension (dogs), Vetmedin 1,25 mg Kautabletten für Hunde",Polydipsia,1,1,
US-DEBIAHP-2015US09689,"<a target=""_blank""  href=""/xmlpserver/EVVET3 PW NEW/Subject Area Contents/Public Website/Report (PDF)/AER.xdo?_xpf=&_xpt=1&_params%2FOracle%20BI%20EE%3A%3ADefaultApp%3A%3AEVVET3%20PR%20NEW%2FAER%3A%3Adimension%2FAER%20Id%3A%3Aattribute%3A%3Anoaggr%3A%3Axsd%3Adouble=489836&_xt=AER&_xf=pdf""> AER </a>",2015-07-16 00:00:00,Other health care professional,United States,MALE,Dog,Terrier - Jack Russell,"Metacam 1.5 mg/ml - Oral suspension (dogs), Tramadog 50 mg tablet for dogs","Injection site swelling, Stiffness NOS",1,1,
US-DEBIAHP-2015US09739,"<a target=""_blank""  href=""/xmlpserver/EVVET3 PW NEW/Subject Area Contents/Public Website/Report (PDF)/AER.xdo?_xpf=&_xpt=1&_params%2FOracle%20BI%20EE%3A%3ADefaultApp%3A%3AEVVET3%20PR%20NEW%2FAER%3A%3Adimension%2FAER%20Id%3A%3Aattribute%3A%3Anoaggr%3A%3Axsd%3Adouble=507198&_xt=AER&_xf=pdf""> AER </a>",2015-09-08 00:00:00,Veterinarian,United States,MALE,Dog,Retriever - Labrador,Metacam 1.5 mg/ml - Oral suspension (dogs),"Death by euthanasia, Hind limb ataxia, Hyposensitivity to pain, Proprioception deficit",1,1,1
US-DEBIAHP-2015US09885,"<a target=""_blank""  href=""/xmlpserver/EVVET3 PW NEW/Subject Area Contents/Public Website/Report (PDF)/AER.xdo?_xpf=&_xpt=1&_params%2FOracle%20BI%20EE%3A%3ADefaultApp%3A%3AEVVET3%20PR%20NEW%2FAER%3A%3Adimension%2FAER%20Id%3A%3Aattribute%3A%3Anoaggr%3A%3Axsd%3Adouble=491075&_xt=AER&_xf=pdf""> AER </a>",2015-07-21 00:00:00,Veterinarian,United States,FEMALE,Dog,Retriever - Labrador,Metacam 1.5 mg/ml - Oral suspension (dogs),"Tarry or black stool (see also haemorrhagic diarrhoea), Vomiting",1,1,
US-DEBIAHP-2015US09966,"<a target=""_blank""  href=""/xmlpserver/EVVET3 PW NEW/Subject Area Contents/Public Website/Report (PDF)/AER.xdo?_xpf=&_xpt=1&_params%2FOracle%20BI%20EE%3A%3ADefaultApp%3A%3AEVVET3%20PR%20NEW%2FAER%3A%3Adimension%2FAER%20Id%3A%3Aattribute%3A%3Anoaggr%3A%3Axsd%3Adouble=490911&_xt=AER&_xf=pdf""> AER </a>",2015-07-21 00:00:00,Veterinarian,United States,MALE,Dog,Papillon - Spaniel - Continental Toy (with erect ears or with dropped ears (Phaléne)),Metacam 1.5 mg/ml - Oral suspension (dogs),"Abnormal radiograph finding, Blood in vomit, Breathing difficulty, Cough, Decreased appetite, Diarrhoea, Drinking a lot, Elevated blood urea nitrogen (BUN), Eosinophilia, Mucous stool, Not drinking, Not eating, Other abnormal test result NOS, Shaking, Trembling, Vomiting",1,1,
US-DEBIAHP-2015US10041,"<a target=""_blank""  href=""/xmlpserver/EVVET3 PW NEW/Subject Area Contents/Public Website/Report (PDF)/AER.xdo?_xpf=&_xpt=1&_params%2FOracle%20BI%20EE%3A%3ADefaultApp%3A%3AEVVET3%20PR%20NEW%2FAER%3A%3Adimension%2FAER%20Id%3A%3Aattribute%3A%3Anoaggr%3A%3Axsd%3Adouble=491698&_xt=AER&_xf=pdf""> AER </a>",2015-07-22 00:00:00,Veterinarian,United States,FEMALE,Dog,Chihuahua,"Metacam 0.5 mg/ml - Oral suspension (cats, guinea pigs), Metacam 0.5 mg/ml - Oral suspension (dogs)",Seizure NOS,1,1,
US-DEBIAHP-2015US10207,"<a target=""_blank""  href=""/xmlpserver/EVVET3 PW NEW/Subject Area Contents/Public Website/Report (PDF)/AER.xdo?_xpf=&_xpt=1&_params%2FOracle%20BI%20EE%3A%3ADefaultApp%3A%3AEVVET3%20PR%20NEW%2FAER%3A%3Adimension%2FAER%20Id%3A%3Aattribute%3A%3Anoaggr%3A%3Axsd%3Adouble=493282&_xt=AER&_xf=pdf""> AER </a>",2015-07-27 00:00:00,Veterinarian,United States,MALE,Dog,Poodle - Miniature,"Metacam 0.5 mg/ml - Oral suspension (cats, guinea pigs), Metacam 0.5 mg/ml - Oral suspension (dogs)",Elevated blood urea nitrogen (BUN),1,1,
US-DEBIAHP-2015US10228,"<a target=""_blank""  href=""/xmlpserver/EVVET3 PW NEW/Subject Area Contents/Public Website/Report (PDF)/AER.xdo?_xpf=&_xpt=1&_params%2FOracle%20BI%20EE%3A%3ADefaultApp%3A%3AEVVET3%20PR%20NEW%2FAER%3A%3Adimension%2FAER%20Id%3A%3Aattribute%3A%3Anoaggr%3A%3Axsd%3Adouble=489823&_xt=AER&_xf=pdf""> AER </a>",2015-07-16 00:00:00,Other health care professional,United States,FEMALE,Dog,Retriever - Labrador,"Dexamethasone 2 mg/mL, Dexamethasone 2 mg/ml, Dexamethasone 2 mg/ml 2 mg/ml šķīdums injekcijām zirgiem, liellopiem, aitām, kazām, cūkām, suņiem un kaķiem, Dexamethasone 2 mg/ml solution for injection for dogs, cats, cattle and horses, Dexamethasone pro inj, 2 mg/ml oplossing voor injectie voor honden en katten, Metacam 1.5 mg/ml - Oral suspension (dogs), ProZinc 40 IU/ml - Suspension for injection (cats, dogs), ProZinc 40 IU/ml - Suspension for injection (dogs), Tramadog 50 mg tablet for dogs, ДЕКСАМЕТАЗОН 2 mg/ml инжекционен разтвор",Vomiting,1,1,
US-DEBIAHP-2015US10237,"<a target=""_blank""  href=""/xmlpserver/EVVET3 PW NEW/Subject Area Contents/Public Website/Report (PDF)/AER.xdo?_xpf=&_xpt=1&_params%2FOracle%20BI%20EE%3A%3ADefaultApp%3A%3AEVVET3%20PR%20NEW%2FAER%3A%3Adimension%2FAER%20Id%3A%3Aattribute%3A%3Anoaggr%3A%3Axsd%3Adouble=489900&_xt=AER&_xf=pdf""> AER </a>",2015-07-16 00:00:00,Other health care professional,United States,FEMALE,Dog,Retriever - Labrador,"Dexamethasone 2 mg/mL, Dexamethasone 2 mg/ml, Dexamethasone 2 mg/ml 2 mg/ml šķīdums injekcijām zirgiem, liellopiem, aitām, kazām, cūkām, suņiem un kaķiem, Dexamethasone 2 mg/ml solution for injection for dogs, cats, cattle and horses, Dexamethasone pro inj, 2 mg/ml oplossing voor injectie voor honden en katten, Metacam 1.5 mg/ml - Oral suspension (dogs), ProZinc 40 IU/ml - Suspension for injection (cats, dogs), ProZinc 40 IU/ml - Suspension for injection (dogs), Tramadog 50 mg tablet for dogs, ДЕКСАМЕТАЗОН 2 mg/ml инжекционен разтвор","Retching, Vomiting",1,1,
US-DEBIAHP-2015US10246,"<a target=""_blank""  href=""/xmlpserver/EVVET3 PW NEW/Subject Area Contents/Public Website/Report (PDF)/AER.xdo?_xpf=&_xpt=1&_params%2FOracle%20BI%20EE%3A%3ADefaultApp%3A%3AEVVET3%20PR%20NEW%2FAER%3A%3Adimension%2FAER%20Id%3A%3Aattribute%3A%3Anoaggr%3A%3Axsd%3Adouble=490030&_xt=AER&_xf=pdf""> AER </a>",2015-07-16 00:00:00,Other health care professional,United States,FEMALE,Dog,Retriever - Labrador,"Metacam 1.5 mg/ml - Oral suspension (dogs), ProZinc 40 IU/ml - Suspension for injection (cats, dogs), ProZinc 40 IU/ml - Suspension for injection (dogs), Tramadog 50 mg tablet for dogs","Abdominal discomfort, Decreased appetite, Increased borborygmus, Lethargy (see also Central nervous system depression in Neurological)",1,1,
US-DEBIAHP-2015US10247,"<a target=""_blank""  href=""/xmlpserver/EVVET3 PW NEW/Subject Area Contents/Public Website/Report (PDF)/AER.xdo?_xpf=&_xpt=1&_params%2FOracle%20BI%20EE%3A%3ADefaultApp%3A%3AEVVET3%20PR%20NEW%2FAER%3A%3Adimension%2FAER%20Id%3A%3Aattribute%3A%3Anoaggr%3A%3Axsd%3Adouble=489837&_xt=AER&_xf=pdf""> AER </a>",2015-07-16 00:00:00,Other health care professional,United States,FEMALE,Dog,Retriever - Labrador,"Metacam 1.5 mg/ml - Oral suspension (dogs), ProZinc 40 IU/ml - Suspension for injection (cats, dogs), ProZinc 40 IU/ml - Suspension for injection (dogs), Tramadog 50 mg tablet for dogs",Palpable mass NOS,1,1,
US-DEBIAHP-2015US10314,"<a target=""_blank""  href=""/xmlpserver/EVVET3 PW NEW/Subject Area Contents/Public Website/Report (PDF)/AER.xdo?_xpf=&_xpt=1&_params%2FOracle%20BI%20EE%3A%3ADefaultApp%3A%3AEVVET3%20PR%20NEW%2FAER%3A%3Adimension%2FAER%20Id%3A%3Aattribute%3A%3Anoaggr%3A%3Axsd%3Adouble=532492&_xt=AER&_xf=pdf""> AER </a>",2015-10-27 00:00:00,Other health care professional,United States,FEMALE,Dog,Shepherd Dog - Australian,"Cerenia 10 mg/ml  - Solution for injection, Cerenia 16 mg  - Tablet, Cerenia 160 mg  - Tablet, Cerenia 24 mg  - Tablet, Cerenia 60 mg - Tablet, Metacam 5 mg/ml - Solution for injection (cats, dogs), Metacam 5 mg/ml - Solution for injection (cattle, pigs), Metacam 5 mg/ml - Solution for injection (dogs)","Anaemia NOS, Elevated serum alkaline phosphatase (ALP), Fluid in thorax, Hyperphosphataemia, Hypoalbuminaemia, Laboured breathing, Leukocytosis NOS, Neutrophilia, Other abnormal test result NOS, Pleural effusion, Pleural inflammation, Respiratory tract infection NOS, Thrombocytosis",1,1,
US-DEBIAHP-2015US10452,"<a target=""_blank""  href=""/xmlpserver/EVVET3 PW NEW/Subject Area Contents/Public Website/Report (PDF)/AER.xdo?_xpf=&_xpt=1&_params%2FOracle%20BI%20EE%3A%3ADefaultApp%3A%3AEVVET3%20PR%20NEW%2FAER%3A%3Adimension%2FAER%20Id%3A%3Aattribute%3A%3Anoaggr%3A%3Axsd%3Adouble=495379&_xt=AER&_xf=pdf""> AER </a>",2015-07-31 00:00:00,Animal owner,United States,FEMALE,Dog,Pekingese,Metacam 1.5 mg/ml - Oral suspension (dogs),"Blood in faeces, Colitis, Inappropriate defecation",1,1,
US-DEBIAHP-2015US10453,"<a target=""_blank""  href=""/xmlpserver/EVVET3 PW NEW/Subject Area Contents/Public Website/Report (PDF)/AER.xdo?_xpf=&_xpt=1&_params%2FOracle%20BI%20EE%3A%3ADefaultApp%3A%3AEVVET3%20PR%20NEW%2FAER%3A%3Adimension%2FAER%20Id%3A%3Aattribute%3A%3Anoaggr%3A%3Axsd%3Adouble=495495&_xt=AER&_xf=pdf""> AER </a>",2015-07-31 00:00:00,Veterinarian,United States,FEMALE,Dog,Boxer (German Boxer),Metacam 1.5 mg/ml - Oral suspension (dogs),Haematochezia,1,1,
US-DEBIAHP-2015US10634,"<a target=""_blank""  href=""/xmlpserver/EVVET3 PW NEW/Subject Area Contents/Public Website/Report (PDF)/AER.xdo?_xpf=&_xpt=1&_params%2FOracle%20BI%20EE%3A%3ADefaultApp%3A%3AEVVET3%20PR%20NEW%2FAER%3A%3Adimension%2FAER%20Id%3A%3Aattribute%3A%3Anoaggr%3A%3Axsd%3Adouble=496191&_xt=AER&_xf=pdf""> AER </a>",2015-08-03 00:00:00,Veterinarian,United States,FEMALE,Dog,Shepherd Dog - German,"Metacam 5 mg/ml - Solution for injection (cats, dogs), Metacam 5 mg/ml - Solution for injection (cattle, pigs), Metacam 5 mg/ml - Solution for injection (dogs)",Sedation prolonged,1,1,
US-DEBIAHP-2015US10836,"<a target=""_blank""  href=""/xmlpserver/EVVET3 PW NEW/Subject Area Contents/Public Website/Report (PDF)/AER.xdo?_xpf=&_xpt=1&_params%2FOracle%20BI%20EE%3A%3ADefaultApp%3A%3AEVVET3%20PR%20NEW%2FAER%3A%3Adimension%2FAER%20Id%3A%3Aattribute%3A%3Anoaggr%3A%3Axsd%3Adouble=494466&_xt=AER&_xf=pdf""> AER </a>",2015-08-03 00:00:00,Veterinarian,United States,MALE,Dog,Dachshund - Standard Wire-haired,Metacam 1.5 mg/ml - Oral suspension (dogs),"Anorexia, Vomiting",1,1,
US-DEBIAHP-2015US10955,"<a target=""_blank""  href=""/xmlpserver/EVVET3 PW NEW/Subject Area Contents/Public Website/Report (PDF)/AER.xdo?_xpf=&_xpt=1&_params%2FOracle%20BI%20EE%3A%3ADefaultApp%3A%3AEVVET3%20PR%20NEW%2FAER%3A%3Adimension%2FAER%20Id%3A%3Aattribute%3A%3Anoaggr%3A%3Axsd%3Adouble=521738&_xt=AER&_xf=pdf""> AER </a>",2015-10-07 00:00:00,Veterinarian,United States,MALE,Dog,Shepherd Dog - German,Metacam 1.5 mg/ml - Oral suspension (dogs),"Corneal disorder NOS, Generalised inflammation of eye",1,1,
US-DEBIAHP-2015US11080,"<a target=""_blank""  href=""/xmlpserver/EVVET3 PW NEW/Subject Area Contents/Public Website/Report (PDF)/AER.xdo?_xpf=&_xpt=1&_params%2FOracle%20BI%20EE%3A%3ADefaultApp%3A%3AEVVET3%20PR%20NEW%2FAER%3A%3Adimension%2FAER%20Id%3A%3Aattribute%3A%3Anoaggr%3A%3Axsd%3Adouble=498985&_xt=AER&_xf=pdf""> AER </a>",2015-08-11 00:00:00,Animal owner,United States,FEMALE,Dog,Rottweiler,Metacam 1.5 mg/ml - Oral suspension (dogs),"Panting, Restlessness",1,1,
US-DEBIAHP-2015US11141,"<a target=""_blank""  href=""/xmlpserver/EVVET3 PW NEW/Subject Area Contents/Public Website/Report (PDF)/AER.xdo?_xpf=&_xpt=1&_params%2FOracle%20BI%20EE%3A%3ADefaultApp%3A%3AEVVET3%20PR%20NEW%2FAER%3A%3Adimension%2FAER%20Id%3A%3Aattribute%3A%3Anoaggr%3A%3Axsd%3Adouble=498989&_xt=AER&_xf=pdf""> AER </a>",2015-08-11 00:00:00,Other health care professional,United States,MALE,Dog,Greyhound - Italian,"BRONCHI-SHIELD, Metacam 5 mg/ml - Solution for injection (cats, dogs), Metacam 5 mg/ml - Solution for injection (cattle, pigs), Metacam 5 mg/ml - Solution for injection (dogs), VERSICAN PLUS BB IN LYOPHILISAT ET SOLVANT POUR GOUTTES NASALES, SUSPENSION POUR CHIENS, Versican Plus Bb IN, Lyophilisat et solvant pour suspension nasale en gouttes, pour chiens","Bruising, Local swelling (not application site)",1,1,
US-DEBIAHP-2015US11260,"<a target=""_blank""  href=""/xmlpserver/EVVET3 PW NEW/Subject Area Contents/Public Website/Report (PDF)/AER.xdo?_xpf=&_xpt=1&_params%2FOracle%20BI%20EE%3A%3ADefaultApp%3A%3AEVVET3%20PR%20NEW%2FAER%3A%3Adimension%2FAER%20Id%3A%3Aattribute%3A%3Anoaggr%3A%3Axsd%3Adouble=498650&_xt=AER&_xf=pdf""> AER </a>",2015-08-11 00:00:00,Animal owner,United States,UNKNOWN,Dog,Dog (other),Metacam 1.5 mg/ml - Oral suspension (dogs),Vomiting,1,1,
US-DEBIAHP-2015US11276,"<a target=""_blank""  href=""/xmlpserver/EVVET3 PW NEW/Subject Area Contents/Public Website/Report (PDF)/AER.xdo?_xpf=&_xpt=1&_params%2FOracle%20BI%20EE%3A%3ADefaultApp%3A%3AEVVET3%20PR%20NEW%2FAER%3A%3Adimension%2FAER%20Id%3A%3Aattribute%3A%3Anoaggr%3A%3Axsd%3Adouble=500904&_xt=AER&_xf=pdf""> AER </a>",2015-08-17 00:00:00,Animal owner,United States,MALE,Dog,Retriever - Labrador,"ANTISEDAN, ANTISEDAN 5 mg/ml SOLUCIÓN INYECTABLE PARA PERROS Y GATOS, ANTISEDAN 5 mg/ml raztopina za injiciranje za pse in mačke, ANTISEDAN 5MG/ML ΕΝΕΣΙΜΟ ΔΙΑΛΥΜΑ, ANTISEDAN SOLUTION INJECTABLE POUR CHIENS ET CHATS, ANTISEDAN, 5 mg/mL, otopina za injekciju, za pse i mačke, Antisedan 5 mg/ 1 ml, roztwór do wstrzykiwań dla psów i kotów, Antisedan 5 mg/ml  Injektionslösung für Hunde und Katzen, Antisedan 5 mg/ml - Injektionslösung für Hunde und Katzen, Antisedan 5 mg/ml Oplossing voor injectie, Antisedan 5 mg/ml Solution injectable, Antisedan 5 mg/ml injekčný roztok pre psy a mačky, Antisedan 5 mg/ml oldatos injekció kutya és macska részére.A.U.V., Antisedan 5 mg/ml solution for injection, Antisedan 5 mg/ml solução injetável para cães e gatos, Antisedan Vet 5 mg/ml injekcinis tirpalas, Antisedan Vet 5 mg/ml šķīdums injekcijām, Antisedan Vet, 5 mg/ml süstelahus, Antisedan Vet. 5 mg/ml injektionsvæske, opløsning, Antisedan vet 5 mg/ml injektioneste, liuos, Antisedan vet. 5 mg/ml Injektionsvätska, lösning, Antisedan vet. 5 mg/ml Stungulyf, lausn Handa hundum og köttum., Antisedan vet. 5 mg/ml injeksjonsvæske, oppløsning, til hund og katt, Antisedan vet., 5 mg/ml, Injektionsvätska, lösning, Antisedan, 5 mg/ml oplossing voor injectie voor honden en katten, Antisedan, 5mg/ml, Injekční roztok, DOMITOR 1 mg/ml raztopina za injiciranje za pse in mačke, DOMITOR 1 mg/ml ενέσιμο διάλυμα για σκύλους και γάτες, DOMITOR 1 mg/ml, soluție injectabilă pentru câini și pisici, DOMITOR, 1 mg/mL, otopina za injekciju za pse i mačke, DOMITOR, 1mg/ml, Injekční roztok, DOMITOR, SOLUTION INJECTABLE, Domitor, Domitor 1 mg/1 ml, roztwór do wstrzykiwań dla psów i kotów, Domitor 1 mg/ml - Injektionslösung für Hunde und Katzen, Domitor 1 mg/ml Oplossing voor injectie, Domitor 1 mg/ml Solution injectable, Domitor 1 mg/ml injekčný roztok, Domitor 1 mg/ml oldatos injekció kutyáknak és macskáknak A.U.V., Domitor 1 mg/ml solution for injection, Domitor 1 mg/ml soluzione iniettabile per cani e gatti, Domitor Vet 1 mg/ml injekcinis tirpalas, Domitor Vet 1 mg/ml šķīdums injekcijām, Domitor Vet, 1 mg/ml süstelahus, Domitor Vet. 1 mg/ml injektionsvæske, opløsning, Domitor vet 1 mg/ml injektioneste, liuos, Domitor vet. 1 mg/ml Injektionsvätska, lösning, Domitor vet. 1 mg/ml injeksjonsvæske, oppløsning til hund og katt, Metacam 1.5 mg/ml - Oral suspension (dogs), АНТИСЕДАН ВЕТ 5 mg/ml инжекционен разтвор, Домитор Вет 1 mg/ml инжекционен разтвор за кучета и котки","Diarrhoea, Lethargy (see also Central nervous system depression in Neurological), Vomiting",1,1,
US-DEBIAHP-2015US11411,"<a target=""_blank""  href=""/xmlpserver/EVVET3 PW NEW/Subject Area Contents/Public Website/Report (PDF)/AER.xdo?_xpf=&_xpt=1&_params%2FOracle%20BI%20EE%3A%3ADefaultApp%3A%3AEVVET3%20PR%20NEW%2FAER%3A%3Adimension%2FAER%20Id%3A%3Aattribute%3A%3Anoaggr%3A%3Axsd%3Adouble=501723&_xt=AER&_xf=pdf""> AER </a>",2015-08-19 00:00:00,Other health care professional,United States,FEMALE,Dog,Chihuahua,"BAYTRIL 0,5% W/V ΠΟΣΙΜΟ ΔΙΑΛΥΜΑ, BAYTRIL 0,5% πόσιμο διάλυμα ενροφλοξακίνης για ορνίθια και γαλοπούλες, BAYTRIL 10 % SOLUTION BUVABLE, BAYTRIL 10 % SOLUTION INJECTABLE, BAYTRIL 10% W/V ΠΟΣΙΜΟ ΔΙΑΛΥΜΑ, BAYTRIL 100 mg/ml - soluţie orală, BAYTRIL 100 mg/ml SOLUCION INYECTABLE, BAYTRIL 100 mg/ml soluție injectabilă, BAYTRIL 15 mg δισκία για γάτες και σκύλους, BAYTRIL 150 mg δισκία για γάτες και σκύλους, BAYTRIL 2,5 % SOLUTION BUVABLE, BAYTRIL 2,5 % SOLUTION INJECTABLE, BAYTRIL 2,5% W/V ΕΝΕΣΙΜΟ ΔΙΑΛΥΜΑ, BAYTRIL 2,5% W/V ΠΟΣΙΜΟ ΔΙΑΛΥΜΑ, BAYTRIL 25 mg/ml SOLUCION INYECTABLE, BAYTRIL 25 mg/ml SOLUCION ORAL, BAYTRIL 5 % SOLUTION INJECTABLE, BAYTRIL 5 mg/ml SOLUCION ORAL, BAYTRIL 50 mg δισκία για γάτες και σκύλους, BAYTRIL 50 mg/ml SOLUCION INYECTABLE, BAYTRIL 50mg/ml ενέσιμο διάλυμα, BAYTRIL, 25mg/ml, Injekční roztok, BAYTRIL, 5% ενέσιμο διάλυμα για μόσχους, χοίρους, πρόβατα, αίγες, σκύλους και γάτες, BAYTRIL, 50mg/ml, Injekční roztok, Baytril  100 mg/ml Oplossing voor injectie, Baytril  100 mg/ml Solution injectable, Baytril - Das Original - 100 mg/ml Injektionslösung, Baytril - Das Original - 25 mg/ml Injektionslösung, Baytril - Das Original - 50 mg/ml Injektionslösung, Baytril 0,5 % solução oral para leitões, Baytril 0,5%, Baytril 10 % solução oral, Baytril 10%, Baytril 10% O.L., Baytril 10% Oral Solution, Baytril 100 mg/mL, otopina za injekciju, za goveda, ovce, koze i svinje, Baytril 100 mg/mL, otopina za primjenu u vodi za piće, za kokoši, purane i kuniće, Baytril 100 mg/ml - Injektionslösung für Tiere, Baytril 100 mg/ml - Lösung zum Eingeben für Hühner, Puten und Kaninchen, Baytril 100 mg/ml Oplossing voor gebruik in drinkwater, Baytril 100 mg/ml Solution buvable, Baytril 100 mg/ml Solution for Injection, Baytril 100 mg/ml koncentrat za peroralno raztopino za piščance, purane in kunce, Baytril 100 mg/ml oldat ivóvízbe keveréshez A.U.V., Baytril 100 mg/ml oplossing voor gebruik in drinkwater voor kippen, kalkoenen en konijnen, Baytril 100 mg/ml oplossing voor injectie, Baytril 100 mg/ml raztopina za injiciranje, Baytril 100 mg/ml solution for injection, Baytril 100 mg/ml soluzione iniettabile, Baytril 100 mg/ml solução injetável, Baytril 150 mg tabletta A.U.V., Baytril 2,5%, 25 mg/mL, otopina za injekciju za pse, mačke, prasad, kuniće, glodavce, gmazove i ukrasne ptice, Baytril 25 mg/ml - Injektionslösung für Tiere, Baytril 25 mg/ml - Lösung zum Eingeben für Kälber und Lämmer, Baytril 25 mg/ml Lösung zum Eingeben für Rinder (Kälber), Baytril 25 mg/ml Oplossing voor injectie, Baytril 25 mg/ml Oral Solution, Baytril 25 mg/ml Solution injectable, Baytril 25 mg/ml injekčný roztok, Baytril 25 mg/ml oldatos injekció A.U.V., Baytril 25 mg/ml oplossing voor injectie, Baytril 25 mg/ml roztwór do wstrzykiwań, Baytril 25 mg/ml solution for injection, Baytril 25 mg/ml soluzione iniettabile, Baytril 25 mg/ml soluzione iniettabile per cani, gatti, roditori e conigli da compagnia, rettili e uccelli ornamentali, Baytril 25 mg/ml soluzione orale per vitelli, ovini, caprini, suini, Baytril 25 mg/ml solução injetável, Baytril 5 mg/ml - Lösung zum Eingeben für Schweine, Baytril 5 mg/ml belsőleges oldat sertések részére A.U.V., Baytril 50 mg tabletta A.U.V., Baytril 50 mg/mL, otopina za injekciju, za telad, ovce, koze, svinje, pse i mačke, Baytril 50 mg/ml - Injektionslösung für Tiere, Baytril 50 mg/ml Oplossing voor injectie, Baytril 50 mg/ml Solution for Injection, Baytril 50 mg/ml Solution injectable, Baytril 50 mg/ml injekčný roztok, Baytril 50 mg/ml oldatos injekció A.U.V., Baytril 50 mg/ml oplossing voor injectie, Baytril 50 mg/ml raztopina za injiciranje, Baytril 50 mg/ml soluzione iniettabile, Baytril 50 mg/ml solução injetável, Baytril 50 mg/ml soluție injectabilă, Baytril Direct 100 mg/ml Injektionslösung für Rinder und Schweine, Baytril Piglet Doser 0.5% Oral Solution, Baytril Vet. 100 mg/ml injektionsvæske, opløsning, Baytril Vet. 150 mg tabletter, Baytril Vet. 25 mg/ml oral opløsning, Baytril Vet. 50 mg tabletter, Baytril Vet. 50 mg/ml i",Lymph node abscess,1,1,
US-DEBIAHP-2015US11546,"<a target=""_blank""  href=""/xmlpserver/EVVET3 PW NEW/Subject Area Contents/Public Website/Report (PDF)/AER.xdo?_xpf=&_xpt=1&_params%2FOracle%20BI%20EE%3A%3ADefaultApp%3A%3AEVVET3%20PR%20NEW%2FAER%3A%3Adimension%2FAER%20Id%3A%3Aattribute%3A%3Anoaggr%3A%3Axsd%3Adouble=505710&_xt=AER&_xf=pdf""> AER </a>",2015-09-01 00:00:00,Veterinarian,United States,FEMALE,Dog,Collie - Border,"Metacam 0.5 mg/ml - Oral suspension (cats, guinea pigs), Metacam 0.5 mg/ml - Oral suspension (dogs)","Elevated blood urea nitrogen (BUN), Elevated creatinine",1,1,
US-DEBIAHP-2015US11564,"<a target=""_blank""  href=""/xmlpserver/EVVET3 PW NEW/Subject Area Contents/Public Website/Report (PDF)/AER.xdo?_xpf=&_xpt=1&_params%2FOracle%20BI%20EE%3A%3ADefaultApp%3A%3AEVVET3%20PR%20NEW%2FAER%3A%3Adimension%2FAER%20Id%3A%3Aattribute%3A%3Anoaggr%3A%3Axsd%3Adouble=536878&_xt=AER&_xf=pdf""> AER </a>",2015-11-05 00:00:00,Veterinarian,United States,FEMALE,Dog,Retriever - Labrador,"Fuxien vet 1000 mg/g inhalaatiohöyry, neste, ISOFLURANE-Vet 1000 mg/g liquido per inalazione per cani e gatti, ISOFLURIN 1000mg/g ΥΓΡΟ ΓΙΑ ΕΙΣΠΝΕΟΜΕΝΟΥΣ ΑΤΜΟΥΣ, Isoflurane 100% Inhalation Vapour, Liquid, Isoflurane 1000 mg/g Inhalation Vapour, liquid., Metacam 1.5 mg/ml - Oral suspension (dogs), Metacam 5 mg/ml - Solution for injection (cats, dogs), Metacam 5 mg/ml - Solution for injection (cattle, pigs), Metacam 5 mg/ml - Solution for injection (dogs), Tramadog 50 mg tablet for dogs","Blood in urine, Death by euthanasia, Elevated blood urea nitrogen (BUN), Elevated creatinine, Hyperglycaemia, Hyperphosphataemia, Hypoalbuminaemia, Hypoproteinaemia, Not drinking, Not eating, Other abnormal test result NOS, Proteinuria, Vomiting, Weight loss",1,1,1
US-DEBIAHP-2015US11640,"<a target=""_blank""  href=""/xmlpserver/EVVET3 PW NEW/Subject Area Contents/Public Website/Report (PDF)/AER.xdo?_xpf=&_xpt=1&_params%2FOracle%20BI%20EE%3A%3ADefaultApp%3A%3AEVVET3%20PR%20NEW%2FAER%3A%3Adimension%2FAER%20Id%3A%3Aattribute%3A%3Anoaggr%3A%3Axsd%3Adouble=526184&_xt=AER&_xf=pdf""> AER </a>",2015-10-13 00:00:00,Veterinarian,United States,FEMALE,Dog,Spitz - German Pomeranian,"Metacam 0.5 mg/ml - Oral suspension (cats, guinea pigs), Metacam 0.5 mg/ml - Oral suspension (dogs)","Anaemia NOS, Bruising, Haematuria, Lethargy (see also Central nervous system depression in Neurological), Low platelet count, Reluctant to move, Unexplained death",1,1,1
US-DEBIAHP-2015US11782,"<a target=""_blank""  href=""/xmlpserver/EVVET3 PW NEW/Subject Area Contents/Public Website/Report (PDF)/AER.xdo?_xpf=&_xpt=1&_params%2FOracle%20BI%20EE%3A%3ADefaultApp%3A%3AEVVET3%20PR%20NEW%2FAER%3A%3Adimension%2FAER%20Id%3A%3Aattribute%3A%3Anoaggr%3A%3Axsd%3Adouble=504103&_xt=AER&_xf=pdf""> AER </a>",2015-08-26 00:00:00,Other health care professional,United States,FEMALE,Dog,Bichon Frise,"Metacam 1.5 mg/ml - Oral suspension (dogs), RABISIN SUSPENSION INJECTABLE, RABISIN injekčná suspenzia, RABISIN suspenzija za injiciranje, RABISIN vet, injeksjonsvæske, suspensjon Vaksine mot rabies til dyr (inaktivert), RABISIN, Injekční suspenze, RABISIN, injekcinė suspensija, RABISIN, sospensione iniettabile per cani, gatti, equini, bovini, ovini, RABISIN, suspensie injectabilă, RABISIN, ενέσιμο εναιώρημα, RABISIN, ≥ 2,09 log10 OD50 i ≥ 1 I.J., suspenzija za injekciju za pse, mačke, pitome vretice, konje, govedo i ovce, Rabisin, Rabisin  Suspensie voor injectie, Rabisin Glikoproteiny wirusa wścieklizny nie mniej niż 1IU Zawiesina do wstrzykiwań, Rabisin Injektionssuspension für Hunde, Katzen, Marderartige, Pferde, Rinder und Schafe, Rabisin Vet. injektionsvæske, suspension, Rabisin suspensija injekcijām liellopiem, zirgiem, aitām, suņiem, kaķiem un mājas seskiem, Rabisin suspension injectable, Rabisin suspensão injectável, Rabisin vakcina A.U.V., Rabisin vet injektioneste, suspensio, Rabisin vet.  Injektionsvätska, suspension, Rabisin, Injektionssuspension für Hunde, Katzen, Marderartige, Pferde, Rinder und Schafe, Rabisin, suspensie voor injectie voor hond, kat en rund, Rabisin, süstesuspensioon, РАБИЗИН","Crying, Decreased appetite, Diarrhoea, Elevated temperature, General pain (see other SOCs for specific pain), Vomiting",1,1,
US-DEBIAHP-2015US12101,"<a target=""_blank""  href=""/xmlpserver/EVVET3 PW NEW/Subject Area Contents/Public Website/Report (PDF)/AER.xdo?_xpf=&_xpt=1&_params%2FOracle%20BI%20EE%3A%3ADefaultApp%3A%3AEVVET3%20PR%20NEW%2FAER%3A%3Adimension%2FAER%20Id%3A%3Aattribute%3A%3Anoaggr%3A%3Axsd%3Adouble=504784&_xt=AER&_xf=pdf""> AER </a>",2015-08-27 00:00:00,Animal owner,United States,UNKNOWN,Dog,Shih Tzu,"Metacam 0.5 mg/ml - Oral suspension (cats, guinea pigs), Metacam 0.5 mg/ml - Oral suspension (dogs)",Aggression,1,1,
US-DEBIAHP-2015US12105,"<a target=""_blank""  href=""/xmlpserver/EVVET3 PW NEW/Subject Area Contents/Public Website/Report (PDF)/AER.xdo?_xpf=&_xpt=1&_params%2FOracle%20BI%20EE%3A%3ADefaultApp%3A%3AEVVET3%20PR%20NEW%2FAER%3A%3Adimension%2FAER%20Id%3A%3Aattribute%3A%3Anoaggr%3A%3Axsd%3Adouble=505814&_xt=AER&_xf=pdf""> AER </a>",2015-08-31 00:00:00,Animal owner,United States,UNKNOWN,Dog,Dog (other),Metacam 1.5 mg/ml - Oral suspension (dogs),"Disoriented state, Staggering",1,1,
US-DEBIAHP-2015US12168,"<a target=""_blank""  href=""/xmlpserver/EVVET3 PW NEW/Subject Area Contents/Public Website/Report (PDF)/AER.xdo?_xpf=&_xpt=1&_params%2FOracle%20BI%20EE%3A%3ADefaultApp%3A%3AEVVET3%20PR%20NEW%2FAER%3A%3Adimension%2FAER%20Id%3A%3Aattribute%3A%3Anoaggr%3A%3Axsd%3Adouble=504308&_xt=AER&_xf=pdf""> AER </a>",2015-08-26 00:00:00,Other health care professional,United States,MALE,Dog,Shih Tzu,Metacam 1.5 mg/ml - Oral suspension (dogs),"Abnormal radiograph finding, Cough, Elevated temperature, General pain (see other SOCs for specific pain), Hypoplastic trachea, Itching, Laboured breathing, Listless, Not eating, Ocular discharge, Pneumonia",1,1,
US-DEBIAHP-2015US12197,"<a target=""_blank""  href=""/xmlpserver/EVVET3 PW NEW/Subject Area Contents/Public Website/Report (PDF)/AER.xdo?_xpf=&_xpt=1&_params%2FOracle%20BI%20EE%3A%3ADefaultApp%3A%3AEVVET3%20PR%20NEW%2FAER%3A%3Adimension%2FAER%20Id%3A%3Aattribute%3A%3Anoaggr%3A%3Axsd%3Adouble=511832&_xt=AER&_xf=pdf""> AER </a>",2015-09-17 00:00:00,Veterinarian,United States,MALE,Dog,Dog (other),"Metacam 1.5 mg/ml - Oral suspension (dogs), SYNULOX (200+50)MG/TAB ΔΙΣΚΙΟ, SYNULOX (40+10)MG/TAB ΔΙΣΚΙΟ, SYNULOX 140 mg/ml + 35 mg/ml suspensión inyectable, SYNULOX 200 mg/50 mg tablety pre psy a mačky, SYNULOX 200/50 mg COMPRIMIDOS APETITOSOS PARA PERROS, SYNULOX 250 COMPRIMES POUR CHIENS, SYNULOX 250 mg, SYNULOX 250 mg kramtomosios tabletės šunims ir katėms, SYNULOX 250 mg tablete za pse in mačke, SYNULOX 250mg, δισκία για σκύλους και γάτες, SYNULOX 40 mg/10 mg tablety pre psy a mačky, SYNULOX 40 mg/ml + 10 mg/ml POLVO PARA GOTAS ORALES EN SUSPENSION, SYNULOX 40/10 MG COMPRIMIDOS APETITOSOS PARA PERROS Y GATOS, SYNULOX 400 mg/100 mg tablety pre psy, SYNULOX 400/100 mg COMPRIMIDOS APETITOSOS PARA PERROS, SYNULOX 50 COMPRIMES POUR CHIENS ET CHATS, SYNULOX 50 mg, SYNULOX 50 mg kramtomosios tabletės šunims ir katėms, SYNULOX 50 mg tablete za pse in mačke, SYNULOX 500 COMPRIMES POUR CHIENS, SYNULOX 500 mg kramtomosios tabletės šunims, SYNULOX 500 mg tablete za pse, SYNULOX 500 mg, kramtomosios tabletės šunims, SYNULOX 500MG/TAB ΔΙΣΚΙΟ, SYNULOX 50mg, δισκία για σκύλους και γάτες, SYNULOX OGIVETTES POUR VEAUX, SYNULOX SUSPENSION INJECTABLE POUR BOVINS, SYNULOX VET 140 mg/ml injektioneste, suspensio koiralle, kissalle ja sialle, SYNULOX suspensão injetável para suínos, bovinos, cães e gatos, SYNULOX vet 200 mg/50 mg tabletti, koiralle ja kissalle, SYNULOX vet 40 mg/10 mg tabletti, koiralle ja kissalle, SYNULOX vet 400 mg/100 mg tabletti, koiralle, SYNULOX, 400/100mg, Tableta, Synulox 250 mg Comprimés Appétents, Synulox 250 mg Smakelijke tabletten, Synulox 250 mg tabletes suņiem un kaķiem, Synulox 250 mg, tabletid koertele ja kassidele, Synulox 250 mg, таблетки за кучета и котки, Synulox 250mg (200 mg/50 mg)  Tabletten für Hunde, Synulox 50 mg Comprimés Appétents, Synulox 50 mg Smakelijke Tabletten, Synulox 50 mg tabletes suņiem un kaķiem, Synulox 50 mg, tabletid koertele ja kassidele, Synulox 50 mg, таблетки за кучета и котки, Synulox 500 mg Bolus 400 mg - 100 mg Omhulde tablet, Synulox 500 mg Comprimés Appétents, Synulox 500 mg Smakelijke Tabletten, Synulox 500 mg tabletes suņiem, Synulox 500 mg, tabletid koertele, Synulox 500mg (400 mg/100 mg) Tabletten für Hunde, Synulox 50mg (40 mg/10 mg) Tabletten für Hunde und Katzen, Synulox Bolus 500 mg, 400 mg + 100 mg comprimés enrobés pour veaux, Synulox Lactating Cow Intramammary suspension., Synulox Tabletki 250 mg, Synulox Tabletki 250 mg (200+50) mg/tablete; tabletes suņiem, Synulox Tabletki 50 mg, Synulox Tabletki 50 mg (40+10) mg/ tablete; tabletes suņiem un kaķiem, Synulox Tabletki 500 mg, Synulox Vet. til hund og kat 200 + 50 mg tabletter, Synulox Vet. til hund og kat 40 + 10 mg tabletter, Synulox Vet. til hund tabletter 400 + 100 mg, Synulox Vet. til kalve 400 + 100 mg tabletter, Synulox comprimidos palatáveis 250 mg para cães e gatos, Synulox comprimidos palatáveis 50 mg para cães e gatos, Synulox comprimidos palatáveis 500 mg para cães, Synulox vet 40 mg/ml jauhe oraalisuspensiota varten koiralle ja kissalle, Synulox vet. 200 mg tabletter for hund og katt, Synulox vet. 200 mg/50 mg Tablett, Synulox vet. 40 mg tabletter for hund og katt, Synulox vet. 40 mg/10 mg Tablett, Synulox vet. 400 mg tabletter for hund, Synulox vet. 400 mg/100 mg Tablett, Synulox, 200/50mg, Tableta, Synulox, 40/10mg, Tableta, Synulox-Kalb 400 mg/100 mg Filmtabletten für Rinder (Kälber)","Acute jaundice, Anorexia, Elevated liver enzymes NOS, Vomiting",1,1,
US-DEBIAHP-2015US12334,"<a target=""_blank""  href=""/xmlpserver/EVVET3 PW NEW/Subject Area Contents/Public Website/Report (PDF)/AER.xdo?_xpf=&_xpt=1&_params%2FOracle%20BI%20EE%3A%3ADefaultApp%3A%3AEVVET3%20PR%20NEW%2FAER%3A%3Adimension%2FAER%20Id%3A%3Aattribute%3A%3Anoaggr%3A%3Axsd%3Adouble=554950&_xt=AER&_xf=pdf""> AER </a>",2015-12-29 00:00:00,Veterinarian,United States,MALE,Dog,Retriever - Labrador,Metacam 1.5 mg/ml - Oral suspension (dogs),"Elevated alanine aminotransferase (ALT), Elevated serum alkaline phosphatase (ALP)",1,1,
US-DEBIAHP-2015US12477,"<a target=""_blank""  href=""/xmlpserver/EVVET3 PW NEW/Subject Area Contents/Public Website/Report (PDF)/AER.xdo?_xpf=&_xpt=1&_params%2FOracle%20BI%20EE%3A%3ADefaultApp%3A%3AEVVET3%20PR%20NEW%2FAER%3A%3Adimension%2FAER%20Id%3A%3Aattribute%3A%3Anoaggr%3A%3Axsd%3Adouble=506827&_xt=AER&_xf=pdf""> AER </a>",2015-09-04 00:00:00,Veterinarian,United States,FEMALE,Dog,Beagle,Metacam 1.5 mg/ml - Oral suspension (dogs),"Abnormal radiograph finding, Azotaemia, Elevated alanine aminotransferase (ALT), Elevated serum alkaline phosphatase (ALP), Hyperphosphataemia, Lethargy (see also Central nervous system depression in Neurological), Neutrophilia, Not eating, Vomiting",1,1,
US-DEBIAHP-2015US12633,"<a target=""_blank""  href=""/xmlpserver/EVVET3 PW NEW/Subject Area Contents/Public Website/Report (PDF)/AER.xdo?_xpf=&_xpt=1&_params%2FOracle%20BI%20EE%3A%3ADefaultApp%3A%3AEVVET3%20PR%20NEW%2FAER%3A%3Adimension%2FAER%20Id%3A%3Aattribute%3A%3Anoaggr%3A%3Axsd%3Adouble=507872&_xt=AER&_xf=pdf""> AER </a>",2015-09-09 00:00:00,Animal owner,United States,FEMALE,Dog,Schnauzer (unspecified),Metacam 1.5 mg/ml - Oral suspension (dogs),Diarrhoea,1,1,
US-DEBIAHP-2015US12654,"<a target=""_blank""  href=""/xmlpserver/EVVET3 PW NEW/Subject Area Contents/Public Website/Report (PDF)/AER.xdo?_xpf=&_xpt=1&_params%2FOracle%20BI%20EE%3A%3ADefaultApp%3A%3AEVVET3%20PR%20NEW%2FAER%3A%3Adimension%2FAER%20Id%3A%3Aattribute%3A%3Anoaggr%3A%3Axsd%3Adouble=532302&_xt=AER&_xf=pdf""> AER </a>",2015-10-26 00:00:00,Animal owner,United States,MALE,Dog,Siberian Husky,Metacam 1.5 mg/ml - Oral suspension (dogs),"Anaemia NOS, Elevated alanine aminotransferase (ALT), Elevated serum alkaline phosphatase (ALP), Enteritis, Fluid in abdomen NOS, Gastric ulceration NOS, Hypocalcaemic condition, Inappetence, Leukocytosis NOS, Neutrophilia, Other abnormal test result NOS, Peritonitis, Vomiting, Weight loss",1,1,
US-DEBIAHP-2015US12855,"<a target=""_blank""  href=""/xmlpserver/EVVET3 PW NEW/Subject Area Contents/Public Website/Report (PDF)/AER.xdo?_xpf=&_xpt=1&_params%2FOracle%20BI%20EE%3A%3ADefaultApp%3A%3AEVVET3%20PR%20NEW%2FAER%3A%3Adimension%2FAER%20Id%3A%3Aattribute%3A%3Anoaggr%3A%3Axsd%3Adouble=520296&_xt=AER&_xf=pdf""> AER </a>",2015-10-05 00:00:00,Other health care professional,United States,MALE,Dog,Retriever - Labrador,"Metacam 0.5 mg/ml - Oral suspension (cats, guinea pigs), Metacam 0.5 mg/ml - Oral suspension (dogs)","Diarrhoea, Not eating",1,1,
US-DEBIAHP-2015US12995,"<a target=""_blank""  href=""/xmlpserver/EVVET3 PW NEW/Subject Area Contents/Public Website/Report (PDF)/AER.xdo?_xpf=&_xpt=1&_params%2FOracle%20BI%20EE%3A%3ADefaultApp%3A%3AEVVET3%20PR%20NEW%2FAER%3A%3Adimension%2FAER%20Id%3A%3Aattribute%3A%3Anoaggr%3A%3Axsd%3Adouble=509150&_xt=AER&_xf=pdf""> AER </a>",2015-09-14 00:00:00,Veterinarian,United States,MALE,Dog,Terrier - Yorkshire,"Metacam 5 mg/ml - Solution for injection (cats, dogs), Metacam 5 mg/ml - Solution for injection (cattle, pigs), Metacam 5 mg/ml - Solution for injection (dogs)","Elevated blood urea nitrogen (BUN), Elevated creatinine, Renal failure, Vomiting",1,1,
US-DEBIAHP-2015US13000,"<a target=""_blank""  href=""/xmlpserver/EVVET3 PW NEW/Subject Area Contents/Public Website/Report (PDF)/AER.xdo?_xpf=&_xpt=1&_params%2FOracle%20BI%20EE%3A%3ADefaultApp%3A%3AEVVET3%20PR%20NEW%2FAER%3A%3Adimension%2FAER%20Id%3A%3Aattribute%3A%3Anoaggr%3A%3Axsd%3Adouble=509156&_xt=AER&_xf=pdf""> AER </a>",2015-09-14 00:00:00,Veterinarian,United States,MALE,Dog,Chihuahua,Metacam 1.5 mg/ml - Oral suspension (dogs),Haematuria,1,1,
US-DEBIAHP-2015US13100,"<a target=""_blank""  href=""/xmlpserver/EVVET3 PW NEW/Subject Area Contents/Public Website/Report (PDF)/AER.xdo?_xpf=&_xpt=1&_params%2FOracle%20BI%20EE%3A%3ADefaultApp%3A%3AEVVET3%20PR%20NEW%2FAER%3A%3Adimension%2FAER%20Id%3A%3Aattribute%3A%3Anoaggr%3A%3Axsd%3Adouble=516484&_xt=AER&_xf=pdf""> AER </a>",2015-09-28 00:00:00,Veterinarian,United States,FEMALE,Dog,Chihuahua,"Metacam 5 mg/ml - Solution for injection (cats, dogs), Metacam 5 mg/ml - Solution for injection (cattle, pigs), Metacam 5 mg/ml - Solution for injection (dogs)","Abdominal pain, Anorexia, Ataxia, Bruising, Cholangiohepatitis, Cutaneous oedema, Death by euthanasia, Dehydration, Depression, Elevated liver enzymes NOS, Gall bladder inflammation, Hypoproteinaemia, Icterus, Laboured breathing, Lethargy (see also Central nervous system depression in Neurological), Liver disorder NOS, Liver failure, Local swelling (not application site), Lymphocytosis, Pain NOS, Pancreatitis NOS, Prolonged activated partial thrombin time (APTT), Prolonged one stage prothrombin time (OSPT), Pulmonary disorder NOS, Seizure NOS, Splenic neoplasm NOS, Swollen lymph node",1,1,1
US-DEBIAHP-2015US13226,"<a target=""_blank""  href=""/xmlpserver/EVVET3 PW NEW/Subject Area Contents/Public Website/Report (PDF)/AER.xdo?_xpf=&_xpt=1&_params%2FOracle%20BI%20EE%3A%3ADefaultApp%3A%3AEVVET3%20PR%20NEW%2FAER%3A%3Adimension%2FAER%20Id%3A%3Aattribute%3A%3Anoaggr%3A%3Axsd%3Adouble=511833&_xt=AER&_xf=pdf""> AER </a>",2015-09-18 00:00:00,Animal owner,United States,FEMALE,Dog,Chihuahua,"Metacam 0.5 mg/ml - Oral suspension (cats, guinea pigs), Metacam 0.5 mg/ml - Oral suspension (dogs)",Impaired vision,1,1,
US-DEBIAHP-2015US13496,"<a target=""_blank""  href=""/xmlpserver/EVVET3 PW NEW/Subject Area Contents/Public Website/Report (PDF)/AER.xdo?_xpf=&_xpt=1&_params%2FOracle%20BI%20EE%3A%3ADefaultApp%3A%3AEVVET3%20PR%20NEW%2FAER%3A%3Adimension%2FAER%20Id%3A%3Aattribute%3A%3Anoaggr%3A%3Axsd%3Adouble=512916&_xt=AER&_xf=pdf""> AER </a>",2015-09-21 00:00:00,Veterinarian,United States,FEMALE,Dog,Maltese,Metacam 1.5 mg/ml - Oral suspension (dogs),"Hyperactivity, Panting, Sleep disturbance NOS",1,1,
US-DEBIAHP-2015US13619,"<a target=""_blank""  href=""/xmlpserver/EVVET3 PW NEW/Subject Area Contents/Public Website/Report (PDF)/AER.xdo?_xpf=&_xpt=1&_params%2FOracle%20BI%20EE%3A%3ADefaultApp%3A%3AEVVET3%20PR%20NEW%2FAER%3A%3Adimension%2FAER%20Id%3A%3Aattribute%3A%3Anoaggr%3A%3Axsd%3Adouble=515780&_xt=AER&_xf=pdf""> AER </a>",2015-09-25 00:00:00,Animal owner,United States,FEMALE,Dog,Retriever - Labrador,"Metacam 0.5 mg/ml - Oral suspension (cats, guinea pigs), Metacam 0.5 mg/ml - Oral suspension (dogs)","Anorexia, Lethargy (see also Central nervous system depression in Neurological), Nasal discharge, Panting",1,1,
US-DEBIAHP-2015US13690,"<a target=""_blank""  href=""/xmlpserver/EVVET3 PW NEW/Subject Area Contents/Public Website/Report (PDF)/AER.xdo?_xpf=&_xpt=1&_params%2FOracle%20BI%20EE%3A%3ADefaultApp%3A%3AEVVET3%20PR%20NEW%2FAER%3A%3Adimension%2FAER%20Id%3A%3Aattribute%3A%3Anoaggr%3A%3Axsd%3Adouble=515270&_xt=AER&_xf=pdf""> AER </a>",2015-09-25 00:00:00,Veterinarian,United States,MALE,Dog,Corgi - Welsh Pembroke,Metacam 1.5 mg/ml - Oral suspension (dogs),"Decreased red blood cell count, Elevated alanine aminotransferase (ALT), Elevated serum alkaline phosphatase (ALP), Melaena, Neutrophilia",1,1,
US-DEBIAHP-2015US14191,"<a target=""_blank""  href=""/xmlpserver/EVVET3 PW NEW/Subject Area Contents/Public Website/Report (PDF)/AER.xdo?_xpf=&_xpt=1&_params%2FOracle%20BI%20EE%3A%3ADefaultApp%3A%3AEVVET3%20PR%20NEW%2FAER%3A%3Adimension%2FAER%20Id%3A%3Aattribute%3A%3Anoaggr%3A%3Axsd%3Adouble=520991&_xt=AER&_xf=pdf""> AER </a>",2015-10-06 00:00:00,Veterinarian,United States,FEMALE,Dog,Chihuahua,Metacam 1.5 mg/ml - Oral suspension (dogs),"Anorexia, Death by euthanasia, Elevated blood urea nitrogen (BUN), Isosthenuria, Uraemia, Vomiting",1,1,1
US-DEBIAHP-2015US14366,"<a target=""_blank""  href=""/xmlpserver/EVVET3 PW NEW/Subject Area Contents/Public Website/Report (PDF)/AER.xdo?_xpf=&_xpt=1&_params%2FOracle%20BI%20EE%3A%3ADefaultApp%3A%3AEVVET3%20PR%20NEW%2FAER%3A%3Adimension%2FAER%20Id%3A%3Aattribute%3A%3Anoaggr%3A%3Axsd%3Adouble=520999&_xt=AER&_xf=pdf""> AER </a>",2015-10-06 00:00:00,Veterinarian,United States,MALE,Dog,Dog (other),Metacam 1.5 mg/ml - Oral suspension (dogs),Lack of efficacy - NOS,1,1,
US-DEBIAHP-2015US14471,"<a target=""_blank""  href=""/xmlpserver/EVVET3 PW NEW/Subject Area Contents/Public Website/Report (PDF)/AER.xdo?_xpf=&_xpt=1&_params%2FOracle%20BI%20EE%3A%3ADefaultApp%3A%3AEVVET3%20PR%20NEW%2FAER%3A%3Adimension%2FAER%20Id%3A%3Aattribute%3A%3Anoaggr%3A%3Axsd%3Adouble=521095&_xt=AER&_xf=pdf""> AER </a>",2015-10-06 00:00:00,Animal owner,United States,FEMALE,Dog,Siberian Husky,Metacam 1.5 mg/ml - Oral suspension (dogs),"Elevated serum alkaline phosphatase (ALP), Low platelet count, Other abnormal test result NOS, Skin sore",1,1,
US-DEBIAHP-2015US14839,"<a target=""_blank""  href=""/xmlpserver/EVVET3 PW NEW/Subject Area Contents/Public Website/Report (PDF)/AER.xdo?_xpf=&_xpt=1&_params%2FOracle%20BI%20EE%3A%3ADefaultApp%3A%3AEVVET3%20PR%20NEW%2FAER%3A%3Adimension%2FAER%20Id%3A%3Aattribute%3A%3Anoaggr%3A%3Axsd%3Adouble=527276&_xt=AER&_xf=pdf""> AER </a>",2015-10-14 00:00:00,Animal owner,United States,MALE,Dog,Terrier - Australian,"Metacam 0.5 mg/ml - Oral suspension (cats, guinea pigs), Metacam 0.5 mg/ml - Oral suspension (dogs)","Drinking a lot, Incoordination, Lethargy (see also Central nervous system depression in Neurological), Stiffness NOS",1,1,
US-DEBIAHP-2015US14860,"<a target=""_blank""  href=""/xmlpserver/EVVET3 PW NEW/Subject Area Contents/Public Website/Report (PDF)/AER.xdo?_xpf=&_xpt=1&_params%2FOracle%20BI%20EE%3A%3ADefaultApp%3A%3AEVVET3%20PR%20NEW%2FAER%3A%3Adimension%2FAER%20Id%3A%3Aattribute%3A%3Anoaggr%3A%3Axsd%3Adouble=535574&_xt=AER&_xf=pdf""> AER </a>",2015-11-03 00:00:00,Veterinarian,United States,MALE,Dog,Coton de Tuléar,Metacam 1.5 mg/ml - Oral suspension (dogs),"Decreased cholesterol (total), Dermatitis, Elevated amylase, Elevated lipase, Localised pain NOS (see other SOCs for specific pain), Other abnormal test result NOS, Palpable mass NOS, Panniculitis, Skin disorders NOS",1,1,
US-DEBIAHP-2015US14940,"<a target=""_blank""  href=""/xmlpserver/EVVET3 PW NEW/Subject Area Contents/Public Website/Report (PDF)/AER.xdo?_xpf=&_xpt=1&_params%2FOracle%20BI%20EE%3A%3ADefaultApp%3A%3AEVVET3%20PR%20NEW%2FAER%3A%3Adimension%2FAER%20Id%3A%3Aattribute%3A%3Anoaggr%3A%3Axsd%3Adouble=528077&_xt=AER&_xf=pdf""> AER </a>",2015-10-15 00:00:00,Animal owner,United States,FEMALE,Dog,Rottweiler,Metacam 1.5 mg/ml - Oral suspension (dogs),"Behavioural disorder NOS, Decreased appetite, Inappropriate defecation, Inappropriate urination, Trembling, Vomiting",1,1,
US-DEBIAHP-2015US15144,"<a target=""_blank""  href=""/xmlpserver/EVVET3 PW NEW/Subject Area Contents/Public Website/Report (PDF)/AER.xdo?_xpf=&_xpt=1&_params%2FOracle%20BI%20EE%3A%3ADefaultApp%3A%3AEVVET3%20PR%20NEW%2FAER%3A%3Adimension%2FAER%20Id%3A%3Aattribute%3A%3Anoaggr%3A%3Axsd%3Adouble=554973&_xt=AER&_xf=pdf""> AER </a>",2015-12-28 00:00:00,Veterinarian,United States,FEMALE,Dog,Chihuahua,Metacam 1.5 mg/ml - Oral suspension (dogs),"Elevated serum alkaline phosphatase (ALP), Lack of efficacy - NOS",1,1,
US-DEBIAHP-2015US15148,"<a target=""_blank""  href=""/xmlpserver/EVVET3 PW NEW/Subject Area Contents/Public Website/Report (PDF)/AER.xdo?_xpf=&_xpt=1&_params%2FOracle%20BI%20EE%3A%3ADefaultApp%3A%3AEVVET3%20PR%20NEW%2FAER%3A%3Adimension%2FAER%20Id%3A%3Aattribute%3A%3Anoaggr%3A%3Axsd%3Adouble=530706&_xt=AER&_xf=pdf""> AER </a>",2015-10-20 00:00:00,Other health care professional,United States,MALE,Dog,Sheepdog - Old English,Metacam 1.5 mg/ml - Oral suspension (dogs),"Diarrhoea, Duodenal ulcer, Emesis, Intestinal perforation, Leukocytosis NOS, Peritonitis",1,1,
US-DEBIAHP-2015US15652,"<a target=""_blank""  href=""/xmlpserver/EVVET3 PW NEW/Subject Area Contents/Public Website/Report (PDF)/AER.xdo?_xpf=&_xpt=1&_params%2FOracle%20BI%20EE%3A%3ADefaultApp%3A%3AEVVET3%20PR%20NEW%2FAER%3A%3Adimension%2FAER%20Id%3A%3Aattribute%3A%3Anoaggr%3A%3Axsd%3Adouble=532877&_xt=AER&_xf=pdf""> AER </a>",2015-10-27 00:00:00,Other health care professional,United States,FEMALE,Dog,Dachshund - Standard Wire-haired,Metacam 1.5 mg/ml - Oral suspension (dogs),"Allergic pruritus, Emesis, Facial swelling (see also Skin)",1,1,
US-DEBIAHP-2015US15666,"<a target=""_blank""  href=""/xmlpserver/EVVET3 PW NEW/Subject Area Contents/Public Website/Report (PDF)/AER.xdo?_xpf=&_xpt=1&_params%2FOracle%20BI%20EE%3A%3ADefaultApp%3A%3AEVVET3%20PR%20NEW%2FAER%3A%3Adimension%2FAER%20Id%3A%3Aattribute%3A%3Anoaggr%3A%3Axsd%3Adouble=535515&_xt=AER&_xf=pdf""> AER </a>",2015-11-03 00:00:00,Other health care professional,United States,FEMALE,Dog,Retriever - Labrador,"Fuxien vet 1000 mg/g inhalaatiohöyry, neste, ISOFLURANE-Vet 1000 mg/g liquido per inalazione per cani e gatti, ISOFLURIN 1000mg/g ΥΓΡΟ ΓΙΑ ΕΙΣΠΝΕΟΜΕΝΟΥΣ ΑΤΜΟΥΣ, Isoflurane 100% Inhalation Vapour, Liquid, Isoflurane 1000 mg/g Inhalation Vapour, liquid., Metacam 1.5 mg/ml - Oral suspension (dogs), Metacam 5 mg/ml - Solution for injection (cats, dogs), Metacam 5 mg/ml - Solution for injection (cattle, pigs), Metacam 5 mg/ml - Solution for injection (dogs)",Cough,1,1,
US-DEBIAHP-2015US16132,"<a target=""_blank""  href=""/xmlpserver/EVVET3 PW NEW/Subject Area Contents/Public Website/Report (PDF)/AER.xdo?_xpf=&_xpt=1&_params%2FOracle%20BI%20EE%3A%3ADefaultApp%3A%3AEVVET3%20PR%20NEW%2FAER%3A%3Adimension%2FAER%20Id%3A%3Aattribute%3A%3Anoaggr%3A%3Axsd%3Adouble=540873&_xt=AER&_xf=pdf""> AER </a>",2015-11-11 00:00:00,Veterinarian,United States,FEMALE,Dog,Terrier - West Highland White,"Metacam 0.5 mg/ml - Oral suspension (cats, guinea pigs), Metacam 0.5 mg/ml - Oral suspension (dogs), Metacam 5 mg/ml - Solution for injection (cats, dogs), Metacam 5 mg/ml - Solution for injection (cattle, pigs), Metacam 5 mg/ml - Solution for injection (dogs)","Anorexia, Elevated liver enzymes NOS, Lymphoma, Vomiting",1,1,
US-DEBIAHP-2015US16206,"<a target=""_blank""  href=""/xmlpserver/EVVET3 PW NEW/Subject Area Contents/Public Website/Report (PDF)/AER.xdo?_xpf=&_xpt=1&_params%2FOracle%20BI%20EE%3A%3ADefaultApp%3A%3AEVVET3%20PR%20NEW%2FAER%3A%3Adimension%2FAER%20Id%3A%3Aattribute%3A%3Anoaggr%3A%3Axsd%3Adouble=540913&_xt=AER&_xf=pdf""> AER </a>",2015-11-12 00:00:00,Animal owner,United States,FEMALE,Dog,Crossbred Canine/dog,"Metacam 0.5 mg/ml - Oral suspension (cats, guinea pigs), Metacam 0.5 mg/ml - Oral suspension (dogs), Vetmedin 5 mg Kautabletten für Hunde","Anorexia, Bloody diarrhoea, Death by euthanasia, Hyperglycaemia, Tarry or black stool (see also haemorrhagic diarrhoea)",1,1,1
US-DEBIAHP-2015US16243,"<a target=""_blank""  href=""/xmlpserver/EVVET3 PW NEW/Subject Area Contents/Public Website/Report (PDF)/AER.xdo?_xpf=&_xpt=1&_params%2FOracle%20BI%20EE%3A%3ADefaultApp%3A%3AEVVET3%20PR%20NEW%2FAER%3A%3Adimension%2FAER%20Id%3A%3Aattribute%3A%3Anoaggr%3A%3Axsd%3Adouble=540880&_xt=AER&_xf=pdf""> AER </a>",2015-11-12 00:00:00,Other health care professional,United States,MALE,Dog,Retriever - Labrador,Metacam 1.5 mg/ml - Oral suspension (dogs),Other abnormal test result NOS,1,1,
US-DEBIAHP-2015US16337,"<a target=""_blank""  href=""/xmlpserver/EVVET3 PW NEW/Subject Area Contents/Public Website/Report (PDF)/AER.xdo?_xpf=&_xpt=1&_params%2FOracle%20BI%20EE%3A%3ADefaultApp%3A%3AEVVET3%20PR%20NEW%2FAER%3A%3Adimension%2FAER%20Id%3A%3Aattribute%3A%3Anoaggr%3A%3Axsd%3Adouble=540882&_xt=AER&_xf=pdf""> AER </a>",2015-11-12 00:00:00,Veterinarian,United States,FEMALE,Dog,Rottweiler,"MARAVET AMOXICILLIN, Metacam 1.5 mg/ml - Oral suspension (dogs)","Erythema (for urticaria see Immune SOC), Lethargy (see also Central nervous system depression in Neurological), Pruritus, Skin scab",1,1,
US-DEBIAHP-2015US16345,"<a target=""_blank""  href=""/xmlpserver/EVVET3 PW NEW/Subject Area Contents/Public Website/Report (PDF)/AER.xdo?_xpf=&_xpt=1&_params%2FOracle%20BI%20EE%3A%3ADefaultApp%3A%3AEVVET3%20PR%20NEW%2FAER%3A%3Adimension%2FAER%20Id%3A%3Aattribute%3A%3Anoaggr%3A%3Axsd%3Adouble=540738&_xt=AER&_xf=pdf""> AER </a>",2015-11-12 00:00:00,Other health care professional,United States,MALE,Dog,Terrier - Cairn,"ATOPICA 10 mg soft capsules for dogs, ATOPICA 100 MG/ML SOLUTION BUVABLE POUR CHATS ET CHIENS, ATOPICA 25 mg CAPSULAS BLANDAS PARA PERROS, ATOPICA 25 mg capsules molles pour chiens, ATOPICA 50 mg capsules molles pour chiens, Atopica 10 mg soft capsules for dogs, Atopica 100 mg soft capsules for dogs, Atopica 100 mg/ml oral solution for cats and dogs, Atopica 25 mg soft capsules for dogs, Atopica 50 mg soft capsules for dogs, Atopica Vet. 50 mg kapseli, pehmeä, Atopica vet., 100 mg, Kapsel, mjuk, Atopica vet., 100 mg, mjuka kapslar, Atopica vet., 50 mg, Kapsel, mjuk, Metacam 1.5 mg/ml - Oral suspension (dogs)","Not eating, Vomiting",1,1,
US-DEBIAHP-2015US16378,"<a target=""_blank""  href=""/xmlpserver/EVVET3 PW NEW/Subject Area Contents/Public Website/Report (PDF)/AER.xdo?_xpf=&_xpt=1&_params%2FOracle%20BI%20EE%3A%3ADefaultApp%3A%3AEVVET3%20PR%20NEW%2FAER%3A%3Adimension%2FAER%20Id%3A%3Aattribute%3A%3Anoaggr%3A%3Axsd%3Adouble=551705&_xt=AER&_xf=pdf""> AER </a>",2015-12-17 00:00:00,Other health care professional,United States,FEMALE,Dog,Chihuahua,"Metacam 0.5 mg/ml - Oral suspension (cats, guinea pigs), Metacam 0.5 mg/ml - Oral suspension (dogs), Tramadog 50 mg tablet for dogs","Loss of vision, Retinal atrophy",1,1,
US-DEBIAHP-2015US16425,"<a target=""_blank""  href=""/xmlpserver/EVVET3 PW NEW/Subject Area Contents/Public Website/Report (PDF)/AER.xdo?_xpf=&_xpt=1&_params%2FOracle%20BI%20EE%3A%3ADefaultApp%3A%3AEVVET3%20PR%20NEW%2FAER%3A%3Adimension%2FAER%20Id%3A%3Aattribute%3A%3Anoaggr%3A%3Axsd%3Adouble=540754&_xt=AER&_xf=pdf""> AER </a>",2015-11-17 00:00:00,Other health care professional,United States,MALE,Dog,Chihuahua,"BAYTRIL 0,5% W/V ΠΟΣΙΜΟ ΔΙΑΛΥΜΑ, BAYTRIL 0,5% πόσιμο διάλυμα ενροφλοξακίνης για ορνίθια και γαλοπούλες, BAYTRIL 10 % SOLUTION BUVABLE, BAYTRIL 10 % SOLUTION INJECTABLE, BAYTRIL 10% W/V ΠΟΣΙΜΟ ΔΙΑΛΥΜΑ, BAYTRIL 100 mg/ml - soluţie orală, BAYTRIL 100 mg/ml SOLUCION INYECTABLE, BAYTRIL 100 mg/ml soluție injectabilă, BAYTRIL 15 mg δισκία για γάτες και σκύλους, BAYTRIL 150 mg δισκία για γάτες και σκύλους, BAYTRIL 2,5 % SOLUTION BUVABLE, BAYTRIL 2,5 % SOLUTION INJECTABLE, BAYTRIL 2,5% W/V ΕΝΕΣΙΜΟ ΔΙΑΛΥΜΑ, BAYTRIL 2,5% W/V ΠΟΣΙΜΟ ΔΙΑΛΥΜΑ, BAYTRIL 25 mg/ml SOLUCION INYECTABLE, BAYTRIL 25 mg/ml SOLUCION ORAL, BAYTRIL 5 % SOLUTION INJECTABLE, BAYTRIL 5 mg/ml SOLUCION ORAL, BAYTRIL 50 mg δισκία για γάτες και σκύλους, BAYTRIL 50 mg/ml SOLUCION INYECTABLE, BAYTRIL 50mg/ml ενέσιμο διάλυμα, BAYTRIL, 25mg/ml, Injekční roztok, BAYTRIL, 5% ενέσιμο διάλυμα για μόσχους, χοίρους, πρόβατα, αίγες, σκύλους και γάτες, BAYTRIL, 50mg/ml, Injekční roztok, Baytril  100 mg/ml Oplossing voor injectie, Baytril  100 mg/ml Solution injectable, Baytril - Das Original - 100 mg/ml Injektionslösung, Baytril - Das Original - 25 mg/ml Injektionslösung, Baytril - Das Original - 50 mg/ml Injektionslösung, Baytril 0,5 % solução oral para leitões, Baytril 0,5%, Baytril 10 % solução oral, Baytril 10%, Baytril 10% O.L., Baytril 10% Oral Solution, Baytril 100 mg/mL, otopina za injekciju, za goveda, ovce, koze i svinje, Baytril 100 mg/mL, otopina za primjenu u vodi za piće, za kokoši, purane i kuniće, Baytril 100 mg/ml - Injektionslösung für Tiere, Baytril 100 mg/ml - Lösung zum Eingeben für Hühner, Puten und Kaninchen, Baytril 100 mg/ml Oplossing voor gebruik in drinkwater, Baytril 100 mg/ml Solution buvable, Baytril 100 mg/ml Solution for Injection, Baytril 100 mg/ml koncentrat za peroralno raztopino za piščance, purane in kunce, Baytril 100 mg/ml oldat ivóvízbe keveréshez A.U.V., Baytril 100 mg/ml oplossing voor gebruik in drinkwater voor kippen, kalkoenen en konijnen, Baytril 100 mg/ml oplossing voor injectie, Baytril 100 mg/ml raztopina za injiciranje, Baytril 100 mg/ml solution for injection, Baytril 100 mg/ml soluzione iniettabile, Baytril 100 mg/ml solução injetável, Baytril 150 mg tabletta A.U.V., Baytril 2,5%, 25 mg/mL, otopina za injekciju za pse, mačke, prasad, kuniće, glodavce, gmazove i ukrasne ptice, Baytril 25 mg/ml - Injektionslösung für Tiere, Baytril 25 mg/ml - Lösung zum Eingeben für Kälber und Lämmer, Baytril 25 mg/ml Lösung zum Eingeben für Rinder (Kälber), Baytril 25 mg/ml Oplossing voor injectie, Baytril 25 mg/ml Oral Solution, Baytril 25 mg/ml Solution injectable, Baytril 25 mg/ml injekčný roztok, Baytril 25 mg/ml oldatos injekció A.U.V., Baytril 25 mg/ml oplossing voor injectie, Baytril 25 mg/ml roztwór do wstrzykiwań, Baytril 25 mg/ml solution for injection, Baytril 25 mg/ml soluzione iniettabile, Baytril 25 mg/ml soluzione iniettabile per cani, gatti, roditori e conigli da compagnia, rettili e uccelli ornamentali, Baytril 25 mg/ml soluzione orale per vitelli, ovini, caprini, suini, Baytril 25 mg/ml solução injetável, Baytril 5 mg/ml - Lösung zum Eingeben für Schweine, Baytril 5 mg/ml belsőleges oldat sertések részére A.U.V., Baytril 50 mg tabletta A.U.V., Baytril 50 mg/mL, otopina za injekciju, za telad, ovce, koze, svinje, pse i mačke, Baytril 50 mg/ml - Injektionslösung für Tiere, Baytril 50 mg/ml Oplossing voor injectie, Baytril 50 mg/ml Solution for Injection, Baytril 50 mg/ml Solution injectable, Baytril 50 mg/ml injekčný roztok, Baytril 50 mg/ml oldatos injekció A.U.V., Baytril 50 mg/ml oplossing voor injectie, Baytril 50 mg/ml raztopina za injiciranje, Baytril 50 mg/ml soluzione iniettabile, Baytril 50 mg/ml solução injetável, Baytril 50 mg/ml soluție injectabilă, Baytril Direct 100 mg/ml Injektionslösung für Rinder und Schweine, Baytril Piglet Doser 0.5% Oral Solution, Baytril Vet. 100 mg/ml injektionsvæske, opløsning, Baytril Vet. 150 mg tabletter, Baytril Vet. 25 mg/ml oral opløsning, Baytril Vet. 50 mg tabletter, Baytril Vet. 50 mg/ml i","Anaemia NOS, Elevated serum alkaline phosphatase (ALP), Hypoalbuminaemia, Hypoglycaemia, Hypoproteinaemia, Leukopenia NOS, Malodour, Neutropenia, Other abnormal test result NOS, Thrombocytopenia",1,1,
US-DEBIAHP-2015US16475,"<a target=""_blank""  href=""/xmlpserver/EVVET3 PW NEW/Subject Area Contents/Public Website/Report (PDF)/AER.xdo?_xpf=&_xpt=1&_params%2FOracle%20BI%20EE%3A%3ADefaultApp%3A%3AEVVET3%20PR%20NEW%2FAER%3A%3Adimension%2FAER%20Id%3A%3Aattribute%3A%3Anoaggr%3A%3Axsd%3Adouble=540750&_xt=AER&_xf=pdf""> AER </a>",2015-11-17 00:00:00,Veterinarian,United States,MALE,Dog,Doberman Pinscher,Metacam 1.5 mg/ml - Oral suspension (dogs),Vomiting,1,1,
US-DEBIAHP-2015US16502,"<a target=""_blank""  href=""/xmlpserver/EVVET3 PW NEW/Subject Area Contents/Public Website/Report (PDF)/AER.xdo?_xpf=&_xpt=1&_params%2FOracle%20BI%20EE%3A%3ADefaultApp%3A%3AEVVET3%20PR%20NEW%2FAER%3A%3Adimension%2FAER%20Id%3A%3Aattribute%3A%3Anoaggr%3A%3Axsd%3Adouble=541405&_xt=AER&_xf=pdf""> AER </a>",2015-11-18 00:00:00,Veterinarian,United States,MALE,Dog,Pug,"Metacam 5 mg/ml - Solution for injection (cats, dogs), Metacam 5 mg/ml - Solution for injection (cattle, pigs), Metacam 5 mg/ml - Solution for injection (dogs)",Abnormal posture NOS,1,1,
US-DEBIAHP-2015US16699,"<a target=""_blank""  href=""/xmlpserver/EVVET3 PW NEW/Subject Area Contents/Public Website/Report (PDF)/AER.xdo?_xpf=&_xpt=1&_params%2FOracle%20BI%20EE%3A%3ADefaultApp%3A%3AEVVET3%20PR%20NEW%2FAER%3A%3Adimension%2FAER%20Id%3A%3Aattribute%3A%3Anoaggr%3A%3Axsd%3Adouble=541473&_xt=AER&_xf=pdf""> AER </a>",2015-11-18 00:00:00,Animal owner,United States,UNKNOWN,Dog,Retriever - Labrador,Metacam 1.5 mg/ml - Oral suspension (dogs),Seizure NOS,1,1,
US-DEBIAHP-2015US16723,"<a target=""_blank""  href=""/xmlpserver/EVVET3 PW NEW/Subject Area Contents/Public Website/Report (PDF)/AER.xdo?_xpf=&_xpt=1&_params%2FOracle%20BI%20EE%3A%3ADefaultApp%3A%3AEVVET3%20PR%20NEW%2FAER%3A%3Adimension%2FAER%20Id%3A%3Aattribute%3A%3Anoaggr%3A%3Axsd%3Adouble=542572&_xt=AER&_xf=pdf""> AER </a>",2015-11-23 00:00:00,Animal owner,United States,FEMALE,Dog,Spitz - German Pomeranian,"Metacam 0.5 mg/ml - Oral suspension (cats, guinea pigs), Metacam 0.5 mg/ml - Oral suspension (dogs)","Anaemia NOS, Anorexia, Ataxia, Death by euthanasia, Elevated blood urea nitrogen (BUN), Lethargy (see also Central nervous system depression in Neurological), Other abnormal test result NOS, Pale mucous membrane, Paralysis, Tachypnoea",1,1,1
US-DEBIAHP-2015US16904,"<a target=""_blank""  href=""/xmlpserver/EVVET3 PW NEW/Subject Area Contents/Public Website/Report (PDF)/AER.xdo?_xpf=&_xpt=1&_params%2FOracle%20BI%20EE%3A%3ADefaultApp%3A%3AEVVET3%20PR%20NEW%2FAER%3A%3Adimension%2FAER%20Id%3A%3Aattribute%3A%3Anoaggr%3A%3Axsd%3Adouble=550909&_xt=AER&_xf=pdf""> AER </a>",2015-12-15 00:00:00,Veterinarian,United States,MALE,Dog,Retriever - Labrador,Metacam 1.5 mg/ml - Oral suspension (dogs),"Complication of diabetes, Decreased appetite, Elevated alanine aminotransferase (ALT), Elevated cholesterol (total), Glucosuria, Hyperglycaemia, Other abnormal test result NOS",1,1,
US-DEBIAHP-2015US16922,"<a target=""_blank""  href=""/xmlpserver/EVVET3 PW NEW/Subject Area Contents/Public Website/Report (PDF)/AER.xdo?_xpf=&_xpt=1&_params%2FOracle%20BI%20EE%3A%3ADefaultApp%3A%3AEVVET3%20PR%20NEW%2FAER%3A%3Adimension%2FAER%20Id%3A%3Aattribute%3A%3Anoaggr%3A%3Axsd%3Adouble=555976&_xt=AER&_xf=pdf""> AER </a>",2015-12-31 00:00:00,Veterinarian,United States,MALE,Dog,Pug,Metacam 1.5 mg/ml - Oral suspension (dogs),"Disorientation, Licking, Musculoskeletal pain",1,1,
US-DEBIAHP-2015US17167,"<a target=""_blank""  href=""/xmlpserver/EVVET3 PW NEW/Subject Area Contents/Public Website/Report (PDF)/AER.xdo?_xpf=&_xpt=1&_params%2FOracle%20BI%20EE%3A%3ADefaultApp%3A%3AEVVET3%20PR%20NEW%2FAER%3A%3Adimension%2FAER%20Id%3A%3Aattribute%3A%3Anoaggr%3A%3Axsd%3Adouble=545354&_xt=AER&_xf=pdf""> AER </a>",2015-12-01 00:00:00,Other health care professional,United States,FEMALE,Dog,Retriever - Labrador,Metacam 1.5 mg/ml - Oral suspension (dogs),Vomiting,1,1,
US-DEBIAHP-2015US17263,"<a target=""_blank""  href=""/xmlpserver/EVVET3 PW NEW/Subject Area Contents/Public Website/Report (PDF)/AER.xdo?_xpf=&_xpt=1&_params%2FOracle%20BI%20EE%3A%3ADefaultApp%3A%3AEVVET3%20PR%20NEW%2FAER%3A%3Adimension%2FAER%20Id%3A%3Aattribute%3A%3Anoaggr%3A%3Axsd%3Adouble=552007&_xt=AER&_xf=pdf""> AER </a>",2015-12-18 00:00:00,Other health care professional,United States,FEMALE,Dog,Terrier - Jack Russell,"Metacam 0.5 mg/ml - Oral suspension (cats, guinea pigs), Metacam 0.5 mg/ml - Oral suspension (dogs)","Abnormal posture NOS, Circling - neurological disorder (see also Behavioural disorders), Death by euthanasia, Encephalitis, Lateral recumbency, Nystagmus, Unresponsive to stimuli",1,1,1
US-DEBIAHP-2015US17288,"<a target=""_blank""  href=""/xmlpserver/EVVET3 PW NEW/Subject Area Contents/Public Website/Report (PDF)/AER.xdo?_xpf=&_xpt=1&_params%2FOracle%20BI%20EE%3A%3ADefaultApp%3A%3AEVVET3%20PR%20NEW%2FAER%3A%3Adimension%2FAER%20Id%3A%3Aattribute%3A%3Anoaggr%3A%3Axsd%3Adouble=547093&_xt=AER&_xf=pdf""> AER </a>",2015-12-04 00:00:00,Veterinarian,United States,FEMALE,Dog,Dog (other),"Metacam 1.5 mg/ml - Oral suspension (dogs), Metacam 5 mg/ml - Solution for injection (cats, dogs), Metacam 5 mg/ml - Solution for injection (cattle, pigs), Metacam 5 mg/ml - Solution for injection (dogs)","Dehydration, Diarrhoea, Vomiting",1,1,
US-DEBIAHP-2015US17395,"<a target=""_blank""  href=""/xmlpserver/EVVET3 PW NEW/Subject Area Contents/Public Website/Report (PDF)/AER.xdo?_xpf=&_xpt=1&_params%2FOracle%20BI%20EE%3A%3ADefaultApp%3A%3AEVVET3%20PR%20NEW%2FAER%3A%3Adimension%2FAER%20Id%3A%3Aattribute%3A%3Anoaggr%3A%3Axsd%3Adouble=553894&_xt=AER&_xf=pdf""> AER </a>",2015-12-23 00:00:00,Animal owner,United States,MALE,Dog,Poodle - Toy,Metacam 1.5 mg/ml - Oral suspension (dogs),"Abdominal pain, Abnormal posture NOS, Aggression, Bacterial skin infection NOS, Bilirubinuria, Chronic pancreatitis, Constipation, Cough, Decreased appetite, Decreased cholesterol (total), Decreased haemoglobin, Decreased packed cell volume (PCV), Decreased red blood cell count, Diarrhoea, Elevated alanine aminotransferase (ALT), Elevated fibrinogen level, Elevated serum alkaline phosphatase (ALP), Erythema multiforme, Fever, General pain (see other SOCs for specific pain), Halitosis, Heart murmur, Hepatomegaly, Hyperglycaemia, Hyperpigmentation, Hypoalbuminaemia, Hypocalcaemic condition, Increased respiratory rate, Injection site alopecia, Injection site erythema, Jaw pain, Lethargy (see also Central nervous system depression in Neurological), Leukocytosis NOS, Lymphopenia, Malodour, Melaena, Neutrophilia, Not drinking, Oral bleeding, Other abnormal test result NOS, Otitis NOS, Polyuria, Proteinuria, Purulent lesion(s), Regenerative anaemia, Restlessness, Scratching, Skin lump, Skin scab, Swallowing difficult, Ulceration NOS, Vomiting, Weight loss",1,1,
US-DEBIAHP-2015US17590,"<a target=""_blank""  href=""/xmlpserver/EVVET3 PW NEW/Subject Area Contents/Public Website/Report (PDF)/AER.xdo?_xpf=&_xpt=1&_params%2FOracle%20BI%20EE%3A%3ADefaultApp%3A%3AEVVET3%20PR%20NEW%2FAER%3A%3Adimension%2FAER%20Id%3A%3Aattribute%3A%3Anoaggr%3A%3Axsd%3Adouble=550578&_xt=AER&_xf=pdf""> AER </a>",2015-12-14 00:00:00,Veterinarian,United States,MALE,Dog,Dog (other),Metacam 1.5 mg/ml - Oral suspension (dogs),"Anorexia, Elevated blood urea nitrogen (BUN), Elevated creatinine, Lethargy (see also Central nervous system depression in Neurological), Leukaemia, Renal failure",1,1,
US-DEBIAHP-2015US17654,"<a target=""_blank""  href=""/xmlpserver/EVVET3 PW NEW/Subject Area Contents/Public Website/Report (PDF)/AER.xdo?_xpf=&_xpt=1&_params%2FOracle%20BI%20EE%3A%3ADefaultApp%3A%3AEVVET3%20PR%20NEW%2FAER%3A%3Adimension%2FAER%20Id%3A%3Aattribute%3A%3Anoaggr%3A%3Axsd%3Adouble=550502&_xt=AER&_xf=pdf""> AER </a>",2015-12-14 00:00:00,Animal owner,United States,MALE,Dog,Bulldog,"Metacam 0.5 mg/ml - Oral suspension (cats, guinea pigs), Metacam 0.5 mg/ml - Oral suspension (dogs)","Allergic pruritus, Periorbital oedema (see also Immune system disorders)",1,1,
US-DEBIAHP-2015US17800,"<a target=""_blank""  href=""/xmlpserver/EVVET3 PW NEW/Subject Area Contents/Public Website/Report (PDF)/AER.xdo?_xpf=&_xpt=1&_params%2FOracle%20BI%20EE%3A%3ADefaultApp%3A%3AEVVET3%20PR%20NEW%2FAER%3A%3Adimension%2FAER%20Id%3A%3Aattribute%3A%3Anoaggr%3A%3Axsd%3Adouble=546803&_xt=AER&_xf=pdf""> AER </a>",2015-12-03 00:00:00,Other health care professional,United States,FEMALE,Dog,Dachshund - Miniature,"Metacam 0.5 mg/ml - Oral suspension (cats, guinea pigs), Metacam 0.5 mg/ml - Oral suspension (dogs)",Injection site serous discharge,1,1,
US-DEBIAHP-2015US17974,"<a target=""_blank""  href=""/xmlpserver/EVVET3 PW NEW/Subject Area Contents/Public Website/Report (PDF)/AER.xdo?_xpf=&_xpt=1&_params%2FOracle%20BI%20EE%3A%3ADefaultApp%3A%3AEVVET3%20PR%20NEW%2FAER%3A%3Adimension%2FAER%20Id%3A%3Aattribute%3A%3Anoaggr%3A%3Axsd%3Adouble=551591&_xt=AER&_xf=pdf""> AER </a>",2015-12-16 00:00:00,Other health care professional,United States,FEMALE,Dog,Shih Tzu,"Metacam 5 mg/ml - Solution for injection (cats, dogs), Metacam 5 mg/ml - Solution for injection (cattle, pigs), Metacam 5 mg/ml - Solution for injection (dogs)","Burn, Generalised skin slough, Infected eczema, Localised hair loss",1,1,
US-DEBIAHP-2015US18017,"<a target=""_blank""  href=""/xmlpserver/EVVET3 PW NEW/Subject Area Contents/Public Website/Report (PDF)/AER.xdo?_xpf=&_xpt=1&_params%2FOracle%20BI%20EE%3A%3ADefaultApp%3A%3AEVVET3%20PR%20NEW%2FAER%3A%3Adimension%2FAER%20Id%3A%3Aattribute%3A%3Anoaggr%3A%3Axsd%3Adouble=551796&_xt=AER&_xf=pdf""> AER </a>",2015-12-17 00:00:00,Veterinarian,United States,FEMALE,Dog,Siberian Husky,Metacam 1.5 mg/ml - Oral suspension (dogs),"Behavioural disorder NOS, Elevated alanine aminotransferase (ALT), Elevated serum alkaline phosphatase (ALP), Hyperglycaemia, Polydipsia",1,1,
US-DEBIAHP-2015US18038,"<a target=""_blank""  href=""/xmlpserver/EVVET3 PW NEW/Subject Area Contents/Public Website/Report (PDF)/AER.xdo?_xpf=&_xpt=1&_params%2FOracle%20BI%20EE%3A%3ADefaultApp%3A%3AEVVET3%20PR%20NEW%2FAER%3A%3Adimension%2FAER%20Id%3A%3Aattribute%3A%3Anoaggr%3A%3Axsd%3Adouble=552075&_xt=AER&_xf=pdf""> AER </a>",2015-12-17 00:00:00,Other health care professional,United States,UNKNOWN,Dog,Dog (other),Metacam 1.5 mg/ml - Oral suspension (dogs),Hyperkalaemia,1,1,
US-DEBIAHP-2015US18229,"<a target=""_blank""  href=""/xmlpserver/EVVET3 PW NEW/Subject Area Contents/Public Website/Report (PDF)/AER.xdo?_xpf=&_xpt=1&_params%2FOracle%20BI%20EE%3A%3ADefaultApp%3A%3AEVVET3%20PR%20NEW%2FAER%3A%3Adimension%2FAER%20Id%3A%3Aattribute%3A%3Anoaggr%3A%3Axsd%3Adouble=553369&_xt=AER&_xf=pdf""> AER </a>",2015-12-22 00:00:00,Veterinarian,United States,MALE,Dog,Retriever - Golden,Metacam 1.5 mg/ml - Oral suspension (dogs),"Abdominal pain, Abscess NOS, Fever, Gastric perforation, Increased heart rate, Lethargy (see also Central nervous system depression in Neurological), Not eating, Other abnormal test result NOS, Vomiting, Weight loss",1,1,
US-DEBIAHP-2015US18470,"<a target=""_blank""  href=""/xmlpserver/EVVET3 PW NEW/Subject Area Contents/Public Website/Report (PDF)/AER.xdo?_xpf=&_xpt=1&_params%2FOracle%20BI%20EE%3A%3ADefaultApp%3A%3AEVVET3%20PR%20NEW%2FAER%3A%3Adimension%2FAER%20Id%3A%3Aattribute%3A%3Anoaggr%3A%3Axsd%3Adouble=553368&_xt=AER&_xf=pdf""> AER </a>",2015-12-22 00:00:00,Other health care professional,United States,MALE,Dog,Poodle - Miniature,"Metacam 0.5 mg/ml - Oral suspension (cats, guinea pigs), Metacam 0.5 mg/ml - Oral suspension (dogs)",Diarrhoea,1,1,
US-DEBIAHP-2015US18605,"<a target=""_blank""  href=""/xmlpserver/EVVET3 PW NEW/Subject Area Contents/Public Website/Report (PDF)/AER.xdo?_xpf=&_xpt=1&_params%2FOracle%20BI%20EE%3A%3ADefaultApp%3A%3AEVVET3%20PR%20NEW%2FAER%3A%3Adimension%2FAER%20Id%3A%3Aattribute%3A%3Anoaggr%3A%3Axsd%3Adouble=554080&_xt=AER&_xf=pdf""> AER </a>",2015-12-23 00:00:00,Veterinarian,United States,MALE,Dog,Terrier - Boston,"Metacam 1.5 mg/ml - Oral suspension (dogs), SYNULOX (200+50)MG/TAB ΔΙΣΚΙΟ, SYNULOX (40+10)MG/TAB ΔΙΣΚΙΟ, SYNULOX 140 mg/ml + 35 mg/ml suspensión inyectable, SYNULOX 200 mg/50 mg tablety pre psy a mačky, SYNULOX 200/50 mg COMPRIMIDOS APETITOSOS PARA PERROS, SYNULOX 250 COMPRIMES POUR CHIENS, SYNULOX 250 mg, SYNULOX 250 mg kramtomosios tabletės šunims ir katėms, SYNULOX 250 mg tablete za pse in mačke, SYNULOX 250mg, δισκία για σκύλους και γάτες, SYNULOX 40 mg/10 mg tablety pre psy a mačky, SYNULOX 40 mg/ml + 10 mg/ml POLVO PARA GOTAS ORALES EN SUSPENSION, SYNULOX 40/10 MG COMPRIMIDOS APETITOSOS PARA PERROS Y GATOS, SYNULOX 400 mg/100 mg tablety pre psy, SYNULOX 400/100 mg COMPRIMIDOS APETITOSOS PARA PERROS, SYNULOX 50 COMPRIMES POUR CHIENS ET CHATS, SYNULOX 50 mg, SYNULOX 50 mg kramtomosios tabletės šunims ir katėms, SYNULOX 50 mg tablete za pse in mačke, SYNULOX 500 COMPRIMES POUR CHIENS, SYNULOX 500 mg kramtomosios tabletės šunims, SYNULOX 500 mg tablete za pse, SYNULOX 500 mg, kramtomosios tabletės šunims, SYNULOX 500MG/TAB ΔΙΣΚΙΟ, SYNULOX 50mg, δισκία για σκύλους και γάτες, SYNULOX OGIVETTES POUR VEAUX, SYNULOX SUSPENSION INJECTABLE POUR BOVINS, SYNULOX VET 140 mg/ml injektioneste, suspensio koiralle, kissalle ja sialle, SYNULOX suspensão injetável para suínos, bovinos, cães e gatos, SYNULOX vet 200 mg/50 mg tabletti, koiralle ja kissalle, SYNULOX vet 40 mg/10 mg tabletti, koiralle ja kissalle, SYNULOX vet 400 mg/100 mg tabletti, koiralle, SYNULOX, 400/100mg, Tableta, Synulox 250 mg Comprimés Appétents, Synulox 250 mg Smakelijke tabletten, Synulox 250 mg tabletes suņiem un kaķiem, Synulox 250 mg, tabletid koertele ja kassidele, Synulox 250 mg, таблетки за кучета и котки, Synulox 250mg (200 mg/50 mg)  Tabletten für Hunde, Synulox 50 mg Comprimés Appétents, Synulox 50 mg Smakelijke Tabletten, Synulox 50 mg tabletes suņiem un kaķiem, Synulox 50 mg, tabletid koertele ja kassidele, Synulox 50 mg, таблетки за кучета и котки, Synulox 500 mg Bolus 400 mg - 100 mg Omhulde tablet, Synulox 500 mg Comprimés Appétents, Synulox 500 mg Smakelijke Tabletten, Synulox 500 mg tabletes suņiem, Synulox 500 mg, tabletid koertele, Synulox 500mg (400 mg/100 mg) Tabletten für Hunde, Synulox 50mg (40 mg/10 mg) Tabletten für Hunde und Katzen, Synulox Bolus 500 mg, 400 mg + 100 mg comprimés enrobés pour veaux, Synulox Lactating Cow Intramammary suspension., Synulox Tabletki 250 mg, Synulox Tabletki 250 mg (200+50) mg/tablete; tabletes suņiem, Synulox Tabletki 50 mg, Synulox Tabletki 50 mg (40+10) mg/ tablete; tabletes suņiem un kaķiem, Synulox Tabletki 500 mg, Synulox Vet. til hund og kat 200 + 50 mg tabletter, Synulox Vet. til hund og kat 40 + 10 mg tabletter, Synulox Vet. til hund tabletter 400 + 100 mg, Synulox Vet. til kalve 400 + 100 mg tabletter, Synulox comprimidos palatáveis 250 mg para cães e gatos, Synulox comprimidos palatáveis 50 mg para cães e gatos, Synulox comprimidos palatáveis 500 mg para cães, Synulox vet 40 mg/ml jauhe oraalisuspensiota varten koiralle ja kissalle, Synulox vet. 200 mg tabletter for hund og katt, Synulox vet. 200 mg/50 mg Tablett, Synulox vet. 40 mg tabletter for hund og katt, Synulox vet. 40 mg/10 mg Tablett, Synulox vet. 400 mg tabletter for hund, Synulox vet. 400 mg/100 mg Tablett, Synulox, 200/50mg, Tableta, Synulox, 40/10mg, Tableta, Synulox-Kalb 400 mg/100 mg Filmtabletten für Rinder (Kälber)","Anaemia NOS, Bruising, Increased percentage reticulocytes, Neoplasia NOS, Neutrophilia, Other abnormal test result NOS, Skin lump, Thrombocytosis",1,1,
US-OPAH-US20150273,"<a target=""_blank""  href=""/xmlpserver/EVVET3 PW NEW/Subject Area Contents/Public Website/Report (PDF)/AER.xdo?_xpf=&_xpt=1&_params%2FOracle%20BI%20EE%3A%3ADefaultApp%3A%3AEVVET3%20PR%20NEW%2FAER%3A%3Adimension%2FAER%20Id%3A%3Aattribute%3A%3Anoaggr%3A%3Axsd%3Adouble=529680&_xt=AER&_xf=pdf""> AER </a>",2015-10-19 00:00:00,Veterinarian,United States,MALE,Dog,Retriever - Labrador,"Antisedan Vet 5 mg/ml šķīdums injekcijām, Apoquel 16 mg - Film-coated tablet, DOLOREX, Dexdomitor 0.5 mg/ml - Solution for injection, Dolorex 10 mg/ml Solution for Injection for horse, dog and cat, Dolorex 10 mg/ml ενέσιμο διάλυμα για άλογο, σκύλο και γάτα, Metacam 0.5 mg/ml - Oral suspension (cats, guinea pigs), Metacam 0.5 mg/ml - Oral suspension (dogs), Metacam 1 mg - Chewable tablet (dogs), Metacam 1.5 mg/ml - Oral suspension (dogs), Metacam 15 mg/ml - Oral suspension (horses), Metacam 15 mg/ml - Oral suspension (pigs), Metacam 2 mg/ml - Solution for injection (cats), Metacam 2.5 mg - Chewable tablet (dogs), Metacam 20 mg/ml - Solution for injection (cattle, pigs, horses), Metacam 40 mg/ml - Solution for injection (cattle, horses), Metacam 5 mg/ml - Solution for injection (cats, dogs), Metacam 5 mg/ml - Solution for injection (cattle, pigs), Metacam 5 mg/ml - Solution for injection (dogs)","Abdominal pain, Adipsia, Anorexia, Elevated renal parameters, Emesis, Enlarged kidney(s), External ear disorder NOS, Hypothermia, Lethargy (see also Central nervous system depression in Neurological), Restlessness, Urine abnormalities NOS, Vocalisation",1,1,
US-OPAH-US20150331,"<a target=""_blank""  href=""/xmlpserver/EVVET3 PW NEW/Subject Area Contents/Public Website/Report (PDF)/AER.xdo?_xpf=&_xpt=1&_params%2FOracle%20BI%20EE%3A%3ADefaultApp%3A%3AEVVET3%20PR%20NEW%2FAER%3A%3Adimension%2FAER%20Id%3A%3Aattribute%3A%3Anoaggr%3A%3Axsd%3Adouble=552693&_xt=AER&_xf=pdf""> AER </a>",2015-12-21 00:00:00,Veterinarian,United States,FEMALE,Dog,Dachshund - Miniature,"Dexdomitor 0.5 mg/ml - Solution for injection, Metacam 0.5 mg/ml - Oral suspension (cats, guinea pigs), Metacam 0.5 mg/ml - Oral suspension (dogs), Metacam 1 mg - Chewable tablet (dogs), Metacam 1.5 mg/ml - Oral suspension (dogs), Metacam 15 mg/ml - Oral suspension (horses), Metacam 15 mg/ml - Oral suspension (pigs), Metacam 2 mg/ml - Solution for injection (cats), Metacam 2.5 mg - Chewable tablet (dogs), Metacam 20 mg/ml - Solution for injection (cattle, pigs, horses), Metacam 40 mg/ml - Solution for injection (cattle, horses), Metacam 5 mg/ml - Solution for injection (cats, dogs), Metacam 5 mg/ml - Solution for injection (cattle, pigs), Metacam 5 mg/ml - Solution for injection (dogs)","Bradycardia, Cyanosis, Death",1,1,1
US-OPAH-US20150333,"<a target=""_blank""  href=""/xmlpserver/EVVET3 PW NEW/Subject Area Contents/Public Website/Report (PDF)/AER.xdo?_xpf=&_xpt=1&_params%2FOracle%20BI%20EE%3A%3ADefaultApp%3A%3AEVVET3%20PR%20NEW%2FAER%3A%3Adimension%2FAER%20Id%3A%3Aattribute%3A%3Anoaggr%3A%3Axsd%3Adouble=552702&_xt=AER&_xf=pdf""> AER </a>",2015-12-21 00:00:00,Veterinarian,United States,MALE,Dog,Lhasa Apso,"Dexdomitor 0.5 mg/ml - Solution for injection, Metacam 0.5 mg/ml - Oral suspension (cats, guinea pigs), Metacam 0.5 mg/ml - Oral suspension (dogs), Metacam 1 mg - Chewable tablet (dogs), Metacam 1.5 mg/ml - Oral suspension (dogs), Metacam 15 mg/ml - Oral suspension (horses), Metacam 15 mg/ml - Oral suspension (pigs), Metacam 2 mg/ml - Solution for injection (cats), Metacam 2.5 mg - Chewable tablet (dogs), Metacam 20 mg/ml - Solution for injection (cattle, pigs, horses), Metacam 40 mg/ml - Solution for injection (cattle, horses), Metacam 5 mg/ml - Solution for injection (cats, dogs), Metacam 5 mg/ml - Solution for injection (cattle, pigs), Metacam 5 mg/ml - Solution for injection (dogs), RILEXINE 200 MG/G ORAL PASTE, RILEXINE 200 mg/seringă suspensie intramamară pentru vaci, RILEXINE 200MG/G ΣΤΟΜΑΤΙΚΗ ΠΑΣΤΑ, RILEXINE 600 mg COMPRIMIDOS MASTICABLES, RILEXINE 600 mg tablety pre psy, RILEXINE 600 mg, tabletės šunims, RILEXINE 75 mg COMPRIMIDOS MASTICABLES, RILEXINE 75 mg tablety pre psy a mačky, RILEXINE 75 mg, tabletės katėms ir šunims, RILEXINE COMPRIMES 300 MG, RILEXINE COMPRIMES 600 MG, RILEXINE COMPRIMES 75 MG, RILEXINE POUDRE INJECTABLE 1 G, RILEXINE SUSPENSION INJECTABLE, RILEXINE TRAITEMENT SUSPENSION INTRAMAMMAIRE, RILEXINE vet. 300 mg tabletti, RILEXINE vet. 600 mg tabletti, RILEXINE vet. 75 mg tabletti, RILEXINE, 150 mg/ml, injekcinė suspensija galvijams, RILEXINE, 200mg, Intramamární suspenze, RILEXINE, 300mg, Tableta, RILEXINE, 600.0mg, Tableta, RILEXINE, 75mg, Tableta, Rilexine 150 mg/ml injekčná suspenzia, Rilexine 150 mg/ml suspensija injekcijām liellopiem, Rilexine 200 suspensija ievadīšanai tesmenī liellopiem, Rilexine 300, Rilexine 300mg, Rilexine 600, Rilexine 600 mg - Tabletten für Hunde, Rilexine 600 mg Tablets for dogs, Rilexine 600 mg comprimidos palatáveis para cães e gatos, Rilexine 600 mg smakelijke tabletten voor honden, Rilexine 600 mg tabletes suņiem, Rilexine 600 mg ízesített tabletta kutyáknak A.U.V., Rilexine 600 mg, tablete, za pse, Rilexine 600mg, Rilexine 75, Rilexine 75 mg - Tabletten für Hunde und Katzen, Rilexine 75 mg Tablets for dogs and cats, Rilexine 75 mg comprimidos palatáveis para cães e gatos, Rilexine 75 mg smakelijke tabletten voor honden en katten, Rilexine 75 mg tabletes suņiem un kaķiem, Rilexine 75 mg ízesített tabletta kutyáknak és macskáknak A.U.V., Rilexine 75 mg, Tabletten für Hunde und Katzen, Rilexine 75 mg, tablete, za pse i mačke, Rilexine Vet. 20 mg/ml intramammær suspension, Rilexine smaczne tabletki 300 mg Tabletka, Rilexine smaczne tabletki 600 mg Tabletka, Rilexine smaczne tabletki 75 mg Tabletka, Rilexine, 150 mg/ml, süstesuspensioon veistele, Rilexine, 300 mg tabletid koertele, Rilexine, 375mg, Intramamární suspenze, Rilexine, 600 mg tabletid koertele, Rilexine, 75 mg tabletid kassidele ja koertele, РИЛЕКСИН  15 % инж.","Apnoea, Bradycardia, Cardiac arrest, Death",1,1,1
US-UKPFIZAH-2014-US-48213,"<a target=""_blank""  href=""/xmlpserver/EVVET3 PW NEW/Subject Area Contents/Public Website/Report (PDF)/AER.xdo?_xpf=&_xpt=1&_params%2FOracle%20BI%20EE%3A%3ADefaultApp%3A%3AEVVET3%20PR%20NEW%2FAER%3A%3Adimension%2FAER%20Id%3A%3Aattribute%3A%3Anoaggr%3A%3Axsd%3Adouble=428825&_xt=AER&_xf=pdf""> AER </a>",2015-01-26 00:00:00,Animal owner,United States,MALE,Dog,Shepherd Dog - German,"Convenia 80 mg/ml  - Powder and solvent for solution for injection, Metacam 0.5 mg/ml - Oral suspension (cats, guinea pigs), Metacam 0.5 mg/ml - Oral suspension (dogs), Metacam 1 mg - Chewable tablet (dogs), Metacam 1.5 mg/ml - Oral suspension (dogs), Metacam 15 mg/ml - Oral suspension (horses), Metacam 15 mg/ml - Oral suspension (pigs), Metacam 2 mg/ml - Solution for injection (cats), Metacam 2.5 mg - Chewable tablet (dogs), Metacam 20 mg/ml - Solution for injection (cattle, pigs, horses), Metacam 40 mg/ml - Solution for injection (cattle, horses), Metacam 5 mg/ml - Solution for injection (cats, dogs), Metacam 5 mg/ml - Solution for injection (cattle, pigs), Metacam 5 mg/ml - Solution for injection (dogs), Tramadog 50 mg tablet for dogs","Addison's disease, Anaemia NOS, Anorexia, Death by euthanasia, Lethargy (see also Central nervous system depression in Neurological), Localised oedema (not application site), Oedema of the extremities (see also other SOCs for most applicable oedema), Other abnormal test result NOS, Prostatic tumour",1,1,1
US-UKPFIZAH-2015-US-04937,"<a target=""_blank""  href=""/xmlpserver/EVVET3 PW NEW/Subject Area Contents/Public Website/Report (PDF)/AER.xdo?_xpf=&_xpt=1&_params%2FOracle%20BI%20EE%3A%3ADefaultApp%3A%3AEVVET3%20PR%20NEW%2FAER%3A%3Adimension%2FAER%20Id%3A%3Aattribute%3A%3Anoaggr%3A%3Axsd%3Adouble=436814&_xt=AER&_xf=pdf""> AER </a>",2015-03-16 00:00:00,Veterinarian,United States,FEMALE,Dog,Shepherd Dog - German,"Convenia 80 mg/ml  - Powder and solvent for solution for injection, Metacam 0.5 mg/ml - Oral suspension (cats, guinea pigs), Metacam 0.5 mg/ml - Oral suspension (dogs), Metacam 1 mg - Chewable tablet (dogs), Metacam 1.5 mg/ml - Oral suspension (dogs), Metacam 15 mg/ml - Oral suspension (horses), Metacam 15 mg/ml - Oral suspension (pigs), Metacam 2 mg/ml - Solution for injection (cats), Metacam 2.5 mg - Chewable tablet (dogs), Metacam 20 mg/ml - Solution for injection (cattle, pigs, horses), Metacam 40 mg/ml - Solution for injection (cattle, horses), Metacam 5 mg/ml - Solution for injection (cats, dogs), Metacam 5 mg/ml - Solution for injection (cattle, pigs), Metacam 5 mg/ml - Solution for injection (dogs)","Breathing difficulty, Foam in the nose, Foaming at the mouth, Hypoalbuminaemia, Localised itching, Nasal discharge, Reddening of the skin, Respiratory distress, Sneezing",1,1,
US-UKPFIZAH-2015-US-24274,"<a target=""_blank""  href=""/xmlpserver/EVVET3 PW NEW/Subject Area Contents/Public Website/Report (PDF)/AER.xdo?_xpf=&_xpt=1&_params%2FOracle%20BI%20EE%3A%3ADefaultApp%3A%3AEVVET3%20PR%20NEW%2FAER%3A%3Adimension%2FAER%20Id%3A%3Aattribute%3A%3Anoaggr%3A%3Axsd%3Adouble=487202&_xt=AER&_xf=pdf""> AER </a>",2015-07-06 00:00:00,Other health care professional,United States,MIXED,Dog,"Dog (other), Hound - Swiss - (Lucerne Hound (Luzerner Laufhund), Schwyz Hound (Schweizer Laufhund), Bernese Hound, Jura Hound)","Cerenia 10 mg/ml  - Solution for injection, Cerenia 16 mg  - Tablet, Cerenia 160 mg  - Tablet, Cerenia 24 mg  - Tablet, Cerenia 60 mg - Tablet, Metacam 0.5 mg/ml - Oral suspension (cats, guinea pigs), Metacam 0.5 mg/ml - Oral suspension (dogs), Metacam 1 mg - Chewable tablet (dogs), Metacam 1.5 mg/ml - Oral suspension (dogs), Metacam 15 mg/ml - Oral suspension (horses), Metacam 15 mg/ml - Oral suspension (pigs), Metacam 2 mg/ml - Solution for injection (cats), Metacam 2.5 mg - Chewable tablet (dogs), Metacam 20 mg/ml - Solution for injection (cattle, pigs, horses), Metacam 40 mg/ml - Solution for injection (cattle, horses), Metacam 5 mg/ml - Solution for injection (cats, dogs), Metacam 5 mg/ml - Solution for injection (cattle, pigs), Metacam 5 mg/ml - Solution for injection (dogs), Metoclopramide hydrochloride 10 mg, tabletten voor honden, Metronidazole VET-AGRO 250 mg tabletten voor honden en katten, Palladia 10 mg  - Film-coated tablet, Palladia 15 mg  - Film-coated tablet, Palladia 50 mg  - Film-coated tablet, RIMADYL 100 mg COMPRIMIDOS MASTICABLES PARA PERROS, RIMADYL 100 mg comprimate pentru câini, RIMADYL 100 mg, kramtomosios tabletės šunims, RIMADYL 100MG/TAB ΜΑΣΩΜΕΝΟ ΔΙΣΚΙΟ, RIMADYL 20 mg COMPRIMIDOS MASTICABLES PARA PERROS, RIMADYL 20 mg, kramtomosios tabletės šunims, RIMADYL 20MG/TAB ΜΑΣΩΜΕΝΟ ΔΙΣΚΙΟ, RIMADYL 50 mg COMPRIMIDOS MASTICABLES PARA PERROS, RIMADYL 50 mg comprimate pentru câini, RIMADYL 50 mg, kramtomosios tabletės šunims, RIMADYL 50MG/TAB ΜΑΣΩΜΕΝΟ ΔΙΣΚΙΟ, RIMADYL 50mg/ml ενέσιμο διάλυμα για σκύλους και γάτες, RIMADYL CATTLE 50 mg/ml, injekcinis tirpalas galvijams, RIMADYL Cattle 50 mg/ml Solution for Injection, RIMADYL INJECTABLE SOLUTION INJECTABLE POUR CHATS ET CHIENS, RIMADYL Injection 50mg/ml Διαυγές αποστειρωμένο ενέσιμο διάλυμα για σκύλους και γάτες, RIMADYL SMAKELIJKE TABLETTEN 100 mg voor honden, RIMADYL SMAKELIJKE TABLETTEN 50 mg voor honden, RIMADYL VET 50 mg/ml injektioneste, liuos, RIMADYL vet 100 mg purutabletti, RIMADYL vet 20 mg purutabletti, RIMADYL vet 50 mg purutabletti, Rimadyl 100 mg - Kautabletten für Hunde, Rimadyl 100 mg Comprimés Appétents 100 mg Tablet, Rimadyl 100 mg Kautablette für Hunde, Rimadyl 100 mg comprimidos mastigáveis para cães, Rimadyl 100 mg comprimés appétents, 100 mg, comprimés pour chiens, Rimadyl 100 mg okusne, žvečljive tablete za pse, Rimadyl 100 mg tabletes suņiem, Rimadyl 100 mg ízesített tabletta A.U.V., Rimadyl 20 mg - Kautabletten für Hunde, Rimadyl 20 mg Comprimés Appétents 20 mg Comprimé, Rimadyl 20 mg Comprimés Appétents 20 mg Tablet, Rimadyl 20 mg Kautablette für Hunde, Rimadyl 20 mg okusne, žvečljive tablete za pse, Rimadyl 20 mg ízesített tabletta A.U.V., Rimadyl 20 mg таблетки за кучета/Rimadyl 50 mg таблетки за кучета/Rimadyl 100 mg таблетки за кучета, Rimadyl 50 mg - Kautabletten für Hunde, Rimadyl 50 mg Comprimés Appétents 50 mg Tablet, Rimadyl 50 mg Kautablette für Hunde, Rimadyl 50 mg comprimidos mastigáveis para cães, Rimadyl 50 mg comprimés appétents, 50 mg, comprimés pour chiens, Rimadyl 50 mg košļājamās tabletes suņiem, Rimadyl 50 mg okusne, žvečljive tablete za pse, Rimadyl 50 mg ízesített tabletta A.U.V., Rimadyl 50 mg/ml - Injektionslösung für Hunde und Katzen, Rimadyl 50 mg/ml injekčný roztok, Rimadyl 50mg/ml Injektionslösung für Hunde und Katzen, Rimadyl Cattle, 50 mg/mL, otopina za injekciju, za goveda, Rimadyl Iniettabile 50 mg/ml, soluzione iniettabile per cane e gatto., Rimadyl Palatable 100 mg tablety pre psy, Rimadyl Palatable 20 mg tablety pre psy, Rimadyl Palatable 50 mg tablety pre psy, Rimadyl Palatable Tablets 100, Rimadyl Palatable Tablets 100 mg, Rimadyl Palatable Tablets 100 mg tabletes suņiem, Rimadyl Palatable Tablets 20 mg, Rimadyl Palatable Tablets 20 mg tabletes suņiem, Rimadyl Palatable Tablets 50, Rimadyl Palatable Tablets 50 mg, Rimadyl Palatable Tablets 50 mg tabletes suņiem, Rimadyl Palatable Tablets da 100 mg per cani, Rimadyl Palatable Tablets da 20 mg per cani, Rimadyl Palatable Tablets da 50 mg per cani, Rimad","Alopecia, Anaemia NOS, Diarrhoea, Elevated blood urea nitrogen (BUN), Elevated creatine-kinase (CK), Fluid in abdomen NOS, Generalised weakness, Haemorrhagic gastroenteritis, Hind limb paresis, Hypoalbuminaemia, Inappetence, Lameness, Lethargy (see also Central nervous system depression in Neurological), Nausea, Neutropenia, Pancreatitis NOS, Stiffness NOS, Trembling, Vomiting, Weight loss",31,31,24
US-UKPFIZAH-2015-US-34189,"<a target=""_blank""  href=""/xmlpserver/EVVET3 PW NEW/Subject Area Contents/Public Website/Report (PDF)/AER.xdo?_xpf=&_xpt=1&_params%2FOracle%20BI%20EE%3A%3ADefaultApp%3A%3AEVVET3%20PR%20NEW%2FAER%3A%3Adimension%2FAER%20Id%3A%3Aattribute%3A%3Anoaggr%3A%3Axsd%3Adouble=511628&_xt=AER&_xf=pdf""> AER </a>",2015-09-17 00:00:00,Veterinarian,United States,MALE,Dog,Spaniel - King Charles Cavalier,"Metacam 0.5 mg/ml - Oral suspension (cats, guinea pigs), Metacam 0.5 mg/ml - Oral suspension (dogs), Metacam 1 mg - Chewable tablet (dogs), Metacam 1.5 mg/ml - Oral suspension (dogs), Metacam 15 mg/ml - Oral suspension (horses), Metacam 15 mg/ml - Oral suspension (pigs), Metacam 2 mg/ml - Solution for injection (cats), Metacam 2.5 mg - Chewable tablet (dogs), Metacam 20 mg/ml - Solution for injection (cattle, pigs, horses), Metacam 40 mg/ml - Solution for injection (cattle, horses), Metacam 5 mg/ml - Solution for injection (cats, dogs), Metacam 5 mg/ml - Solution for injection (cattle, pigs), Metacam 5 mg/ml - Solution for injection (dogs), Palladia 10 mg  - Film-coated tablet, Palladia 15 mg  - Film-coated tablet, Palladia 50 mg  - Film-coated tablet","Anaemia NOS, Blood in vomit, Death by euthanasia, Ecchymosis, Elevated alanine aminotransferase (ALT), Oral bleeding, Prolonged activated partial thrombin time (APTT), Proteinuria, Thrombocytopenia",1,1,1
US-UKPFIZAH-2015-US-42512,"<a target=""_blank""  href=""/xmlpserver/EVVET3 PW NEW/Subject Area Contents/Public Website/Report (PDF)/AER.xdo?_xpf=&_xpt=1&_params%2FOracle%20BI%20EE%3A%3ADefaultApp%3A%3AEVVET3%20PR%20NEW%2FAER%3A%3Adimension%2FAER%20Id%3A%3Aattribute%3A%3Anoaggr%3A%3Axsd%3Adouble=541733&_xt=AER&_xf=pdf""> AER </a>",2015-11-19 00:00:00,Veterinarian,United States,MALE,Dog,Retriever - Labrador,"Apoquel 16 mg - Chewable tablet, Apoquel 16 mg - Film-coated tablet, Apoquel 3.6 mg - Chewable tablet, Apoquel 3.6 mg - Film-coated tablet, Apoquel 5.4 mg - Chewable tablet, Apoquel 5.4 mg - Film-coated tablet, Metacam 0.5 mg/ml - Oral suspension (cats, guinea pigs), Metacam 0.5 mg/ml - Oral suspension (dogs), Metacam 1 mg - Chewable tablet (dogs), Metacam 1.5 mg/ml - Oral suspension (dogs), Metacam 15 mg/ml - Oral suspension (horses), Metacam 15 mg/ml - Oral suspension (pigs), Metacam 2 mg/ml - Solution for injection (cats), Metacam 2.5 mg - Chewable tablet (dogs), Metacam 20 mg/ml - Solution for injection (cattle, pigs, horses), Metacam 40 mg/ml - Solution for injection (cattle, horses), Metacam 5 mg/ml - Solution for injection (cats, dogs), Metacam 5 mg/ml - Solution for injection (cattle, pigs), Metacam 5 mg/ml - Solution for injection (dogs), Tramadog 50 mg tablet for dogs","Oral mass, Other abnormal test result NOS",1,1,
US-UKPFIZAH-2015-US-42718,"<a target=""_blank""  href=""/xmlpserver/EVVET3 PW NEW/Subject Area Contents/Public Website/Report (PDF)/AER.xdo?_xpf=&_xpt=1&_params%2FOracle%20BI%20EE%3A%3ADefaultApp%3A%3AEVVET3%20PR%20NEW%2FAER%3A%3Adimension%2FAER%20Id%3A%3Aattribute%3A%3Anoaggr%3A%3Axsd%3Adouble=540369&_xt=AER&_xf=pdf""> AER </a>",2015-11-16 00:00:00,Other health care professional,United States,FEMALE,Dog,Dog (other),"Fuxien vet 1000 mg/g inhalaatiohöyry, neste, ISOFLURANE-Vet 1000 mg/g liquido per inalazione per cani e gatti, ISOFLURIN 1000mg/g ΥΓΡΟ ΓΙΑ ΕΙΣΠΝΕΟΜΕΝΟΥΣ ΑΤΜΟΥΣ, Isoflurane 100% Inhalation Vapour, Liquid, Isoflurane 1000 mg/g Inhalation Vapour, liquid., Metacam 0.5 mg/ml - Oral suspension (cats, guinea pigs), Metacam 0.5 mg/ml - Oral suspension (dogs), Metacam 1 mg - Chewable tablet (dogs), Metacam 1.5 mg/ml - Oral suspension (dogs), Metacam 15 mg/ml - Oral suspension (horses), Metacam 15 mg/ml - Oral suspension (pigs), Metacam 2 mg/ml - Solution for injection (cats), Metacam 2.5 mg - Chewable tablet (dogs), Metacam 20 mg/ml - Solution for injection (cattle, pigs, horses), Metacam 40 mg/ml - Solution for injection (cattle, horses), Metacam 5 mg/ml - Solution for injection (cats, dogs), Metacam 5 mg/ml - Solution for injection (cattle, pigs), Metacam 5 mg/ml - Solution for injection (dogs), PropoFlo Plus, 10mg/ml, Emulsion for Injection, PropoVet Multidose 10 mg/ml injeksjonsvæske, emulsjon til hund og katt., PropoVet Multidose, 10 mg/ml, émulsion injectable pour chiens et chats, Propovet multidose 10 mg/ml emulsão injetável para cães e gatos","Lack of efficacy - NOS, Pinnal oedema, Swollen eye (see also Immune system disorders), Urticarial erythema",1,1,
USA-DECHRALT-2015-03521,"<a target=""_blank""  href=""/xmlpserver/EVVET3 PW NEW/Subject Area Contents/Public Website/Report (PDF)/AER.xdo?_xpf=&_xpt=1&_params%2FOracle%20BI%20EE%3A%3ADefaultApp%3A%3AEVVET3%20PR%20NEW%2FAER%3A%3Adimension%2FAER%20Id%3A%3Aattribute%3A%3Anoaggr%3A%3Axsd%3Adouble=484707&_xt=AER&_xf=pdf""> AER </a>",2015-07-01 00:00:00,Veterinarian,United States,MALE,Dog,Bichon Frise,"Metacam 0.5 mg/ml - Oral suspension (cats, guinea pigs), Metacam 0.5 mg/ml - Oral suspension (dogs), Metacam 1 mg - Chewable tablet (dogs), Metacam 1.5 mg/ml - Oral suspension (dogs), Metacam 15 mg/ml - Oral suspension (horses), Metacam 15 mg/ml - Oral suspension (pigs), Metacam 2 mg/ml - Solution for injection (cats), Metacam 2.5 mg - Chewable tablet (dogs), Metacam 20 mg/ml - Solution for injection (cattle, pigs, horses), Metacam 40 mg/ml - Solution for injection (cattle, horses), Metacam 5 mg/ml - Solution for injection (cats, dogs), Metacam 5 mg/ml - Solution for injection (cattle, pigs), Metacam 5 mg/ml - Solution for injection (dogs)","Ataxia, Corneal ulcer, Diarrhoea, Drooling, Lethargy (see also Central nervous system depression in Neurological), Other abnormal test result NOS, Pain NOS, Seizure NOS",1,1,
USA-MERCKMSD-2014-US-09379,"<a target=""_blank""  href=""/xmlpserver/EVVET3 PW NEW/Subject Area Contents/Public Website/Report (PDF)/AER.xdo?_xpf=&_xpt=1&_params%2FOracle%20BI%20EE%3A%3ADefaultApp%3A%3AEVVET3%20PR%20NEW%2FAER%3A%3Adimension%2FAER%20Id%3A%3Aattribute%3A%3Anoaggr%3A%3Axsd%3Adouble=450614&_xt=AER&_xf=pdf""> AER </a>",2015-04-30 00:00:00,Veterinarian,United States,FEMALE,Dog,Retriever - Labrador,"CANINSULIN 40 UI/ml SUSPENSION INYECTABLE PARA PERROS Y GATOS, CANINSULIN 40 UI/ml suspensie injectabilă pentru câini și pisici, CANINSULIN 40 UI/ml, sospensione iniettabile per cani e gatti, CANINSULIN 40 i.e./ml suspenzija za injiciranje, CANINSULIN 40IU/ML ΕΝΕΣΙΜΟ ΕΝΑΙΩΡΗΜΑ, CANINSULIN SUSPENSION INJECTABLE POUR CHIENS ET CHATS, Caninsulin 40 IU/ml Suspensie voor injectie, Caninsulin 40 IU/ml Suspension for Injection, Caninsulin 40 IU/ml injekčná suspenzia pre psy a mačky, Caninsulin 40 IU/ml suspensija injekcijām suņiem un kaķiem, Caninsulin 40 NE/ml szuszpenziós injekció kutyák és macskák részére, Caninsulin 40 j.m./ml Zawiesina do wstrzykiwań, Caninsulin Vet. 40 IE/ml injektionsvæske, suspension, Caninsulin vet. 40 TV/ml, injekcinė suspensija šunims ir katėms, Caninsulin, 40 I.E./ml, Caninsulin, 40 I.E./ml, Injektionssuspension für Hunde und Katzen, Caninsulin, 40 I.U./ml, suspension injectable, pour chiens et chats, Caninsulin, 40 IE/ml suspensie voor injectie voor hond en kat, Caninsulin, 40 ui/ml suspensão injetável para cães e gatos, Caninsulin, 40IU/ml, Injekční suspenze, Caninsulin® vet. 40 IU/ml, suspension for injection, Metacam 0.5 mg/ml - Oral suspension (cats, guinea pigs), Metacam 0.5 mg/ml - Oral suspension (dogs), Metacam 1 mg - Chewable tablet (dogs), Metacam 1.5 mg/ml - Oral suspension (dogs), Metacam 15 mg/ml - Oral suspension (horses), Metacam 15 mg/ml - Oral suspension (pigs), Metacam 2 mg/ml - Solution for injection (cats), Metacam 2.5 mg - Chewable tablet (dogs), Metacam 20 mg/ml - Solution for injection (cattle, pigs, horses), Metacam 40 mg/ml - Solution for injection (cattle, horses), Metacam 5 mg/ml - Solution for injection (cats, dogs), Metacam 5 mg/ml - Solution for injection (cattle, pigs), Metacam 5 mg/ml - Solution for injection (dogs)","Anxiety, Cataract, Decreased activity, Decreased appetite, Impaired vision, Lack of efficacy - NOS, Shaking, Spondylosis",1,1,
USA-MERCKMSD-2015-US-09977,"<a target=""_blank""  href=""/xmlpserver/EVVET3 PW NEW/Subject Area Contents/Public Website/Report (PDF)/AER.xdo?_xpf=&_xpt=1&_params%2FOracle%20BI%20EE%3A%3ADefaultApp%3A%3AEVVET3%20PR%20NEW%2FAER%3A%3Adimension%2FAER%20Id%3A%3Aattribute%3A%3Anoaggr%3A%3Axsd%3Adouble=513398&_xt=AER&_xf=pdf""> AER </a>",2015-09-22 00:00:00,Other health care professional,United States,FEMALE,Dog,Schnauzer - Miniature,"Metacam 0.5 mg/ml - Oral suspension (cats, guinea pigs), Metacam 0.5 mg/ml - Oral suspension (dogs), Metacam 1 mg - Chewable tablet (dogs), Metacam 1.5 mg/ml - Oral suspension (dogs), Metacam 15 mg/ml - Oral suspension (horses), Metacam 15 mg/ml - Oral suspension (pigs), Metacam 2 mg/ml - Solution for injection (cats), Metacam 2.5 mg - Chewable tablet (dogs), Metacam 20 mg/ml - Solution for injection (cattle, pigs, horses), Metacam 40 mg/ml - Solution for injection (cattle, horses), Metacam 5 mg/ml - Solution for injection (cats, dogs), Metacam 5 mg/ml - Solution for injection (cattle, pigs), Metacam 5 mg/ml - Solution for injection (dogs), NOBI-VAC RABIES INJECTION, NOBIVAC RABIES, NOBIVAC RABIES ΕΝΕΣΙΜΟ ΕΝΑΙΩΡΗΜΑ, NOBIVAC RABIES, injekcinė suspensija šunims, katėms, galvijams, avims, ožkoms, lapėms, šeškams ir arkliams, Nobivac Rabies  Suspensie voor injectie, Nobivac Rabies Vet. injektionsvæske, suspension, Nobivac Rabies Zawiesina do wstrzykiwań, Nobivac Rabies injekčná suspenzia pre psy, mačky, hovädzí dobytok, ovce, kozy, líšky, fretky a kone, Nobivac Rabies suspensija injekcijām liellopiem, zirgiem, aitām, kazām, lapsām, mājas seskiem, suņiem un kaķiem, Nobivac Rabies suspension for injection for dogs and cats, Nobivac Rabies suspensão injetável para cães, gatos, bovinos e equinos, Nobivac Rabies vakcina A.U.V., Nobivac Rabies vet injektioneste, suspensio, Nobivac Rabies vet. 2 IE Injektionsvätska, suspension, Nobivac Rabies vet., 2 IE, Injektionsvätska, suspension, Nobivac Rabies vsaj 2 i.e./ml, suspenzija za injiciranje, Nobivac Rabies, Injekční suspenze, Nobivac Rabies, injekcinė suspensija šunims, katėms, galvijams, avims, ožkoms, lapėms, šeškams ir arkliams, Nobivac Rabies, suspenzija za injekciju, za pse, mačke, goveda, konje, ovce, koze, lisice i pitome vretice, Nobivac Rabies, süstesuspensioon koertele, kassidele, veistele, lammastele, kitsedele, rebastele, tuhkrutele ja hobustele, PANACUR 100 mg/ml SUSPENSION ORAL, НОБИВАК РАБИЕС","Anorexia, Ataxia, Constipation, Diarrhoea, Exercise intolerance, Joint pain, Lethargy (see also Central nervous system depression in Neurological), Motor neurone disease, Muscle atrophy (see also Muscle wasting), Muscle shaking, Not drinking, Rigidity of limbs, Stiff gait, Trembling, Unable to stand, Walking difficulty, Weakness",1,1,
USA-MERCKMSD-2015-US-11449,"<a target=""_blank""  href=""/xmlpserver/EVVET3 PW NEW/Subject Area Contents/Public Website/Report (PDF)/AER.xdo?_xpf=&_xpt=1&_params%2FOracle%20BI%20EE%3A%3ADefaultApp%3A%3AEVVET3%20PR%20NEW%2FAER%3A%3Adimension%2FAER%20Id%3A%3Aattribute%3A%3Anoaggr%3A%3Axsd%3Adouble=547751&_xt=AER&_xf=pdf""> AER </a>",2015-12-07 00:00:00,Other health care professional,United States,MALE,Dog,Beagle,"Diazepam 10 mg, tabletten voor honden en katten, Diazepam 2 mg, tabletten voor honden en katten, Diazepam 5 mg, tabletten voor honden en katten, Diazepam 5 mg/ml, oplossing voor injectie voor honden en katten, Metacam 0.5 mg/ml - Oral suspension (cats, guinea pigs), Metacam 0.5 mg/ml - Oral suspension (dogs), Metacam 1 mg - Chewable tablet (dogs), Metacam 1.5 mg/ml - Oral suspension (dogs), Metacam 15 mg/ml - Oral suspension (horses), Metacam 15 mg/ml - Oral suspension (pigs), Metacam 2 mg/ml - Solution for injection (cats), Metacam 2.5 mg - Chewable tablet (dogs), Metacam 20 mg/ml - Solution for injection (cattle, pigs, horses), Metacam 40 mg/ml - Solution for injection (cattle, horses), Metacam 5 mg/ml - Solution for injection (cats, dogs), Metacam 5 mg/ml - Solution for injection (cattle, pigs), Metacam 5 mg/ml - Solution for injection (dogs), OTOMAX EAR DROPS SUSPENSION, OTOMAX ear drops, OTOMAX ušná suspenzia pre psy, OTOMAX, Ušní kapky, suspenze, OTOMAX, kapi za uho, suspenzija, za pse, Otomax (2640 j.m. + 0,88 mg + 8,8 mg)/ml Zawiesina do uszu, Otomax 2640 NE / 0,88 mg / 8,8 mg / ml szuszpenziós fülcsepp kutyák számára, Otomax gotas auriculares, suspensão, Otomax kapljice za uho, suspenzija, ZIAPAM 5 mg/ml, solution for injection for dogs and cats",Partial deafness,1,1,
USA-PFZRCVMP-2014-US-39404,"<a target=""_blank""  href=""/xmlpserver/EVVET3 PW NEW/Subject Area Contents/Public Website/Report (PDF)/AER.xdo?_xpf=&_xpt=1&_params%2FOracle%20BI%20EE%3A%3ADefaultApp%3A%3AEVVET3%20PR%20NEW%2FAER%3A%3Adimension%2FAER%20Id%3A%3Aattribute%3A%3Anoaggr%3A%3Axsd%3Adouble=427841&_xt=AER&_xf=pdf""> AER </a>",2015-01-19 00:00:00,Veterinarian,United States,MALE,Dog,Retriever - Labrador,"Cerenia 10 mg/ml  - Solution for injection, Metacam 0.5 mg/ml - Oral suspension (cats, guinea pigs), Metacam 0.5 mg/ml - Oral suspension (dogs), Metacam 1 mg - Chewable tablet (dogs), Metacam 1.5 mg/ml - Oral suspension (dogs), Metacam 15 mg/ml - Oral suspension (horses), Metacam 15 mg/ml - Oral suspension (pigs), Metacam 2 mg/ml - Solution for injection (cats), Metacam 2.5 mg - Chewable tablet (dogs), Metacam 20 mg/ml - Solution for injection (cattle, pigs, horses), Metacam 40 mg/ml - Solution for injection (cattle, horses), Metacam 5 mg/ml - Solution for injection (cats, dogs), Metacam 5 mg/ml - Solution for injection (cattle, pigs), Metacam 5 mg/ml - Solution for injection (dogs), Plasmalyte WET 5,26 g/1000 ml + 0,37 g/1000 ml + 0,3 g/1000 ml + 3,68 g/1000 ml + 5,02 g/1000 ml Roztwór do infuzji, Rimadyl vet. 100 mg Tuggtablett, Rimadyl vet. 20 mg Tuggtablett, Rimadyl vet. 50 mg Tuggtablett, Rimadyl vet., 100 mg, Tuggtablett","Abdominal effusion, Arrhythmia, Cachexia, Cardiomyopathy, Death, Decreased activity, Diarrhoea, Fever, Hypoglycaemia, Inappetence, Leukocytosis NOS, Neutrophilia, Pleural effusion, Tachypnoea, Weight loss",1,1,1
USA-PFZRCVMP-2015-US-01728,"<a target=""_blank""  href=""/xmlpserver/EVVET3 PW NEW/Subject Area Contents/Public Website/Report (PDF)/AER.xdo?_xpf=&_xpt=1&_params%2FOracle%20BI%20EE%3A%3ADefaultApp%3A%3AEVVET3%20PR%20NEW%2FAER%3A%3Adimension%2FAER%20Id%3A%3Aattribute%3A%3Anoaggr%3A%3Axsd%3Adouble=434366&_xt=AER&_xf=pdf""> AER </a>",2015-02-26 00:00:00,Other health care professional,United States,MALE,Dog,"Dog (other), Hound - Swiss - (Lucerne Hound (Luzerner Laufhund), Schwyz Hound (Schweizer Laufhund), Bernese Hound, Jura Hound)","Convenia 80 mg/ml  - Powder and solvent for solution for injection, Diazepam 10 mg, tabletten voor honden en katten, Diazepam 2 mg, tabletten voor honden en katten, Diazepam 5 mg, tabletten voor honden en katten, Diazepam 5 mg/ml, oplossing voor injectie voor honden en katten, Metacam 0.5 mg/ml - Oral suspension (cats, guinea pigs), Metacam 0.5 mg/ml - Oral suspension (dogs), Metacam 1 mg - Chewable tablet (dogs), Metacam 1.5 mg/ml - Oral suspension (dogs), Metacam 15 mg/ml - Oral suspension (horses), Metacam 15 mg/ml - Oral suspension (pigs), Metacam 2 mg/ml - Solution for injection (cats), Metacam 2.5 mg - Chewable tablet (dogs), Metacam 20 mg/ml - Solution for injection (cattle, pigs, horses), Metacam 40 mg/ml - Solution for injection (cattle, horses), Metacam 5 mg/ml - Solution for injection (cats, dogs), Metacam 5 mg/ml - Solution for injection (cattle, pigs), Metacam 5 mg/ml - Solution for injection (dogs), ZIAPAM 5 mg/ml, solution for injection for dogs and cats","Death by euthanasia, Digestive tract disorder NOS, Elevated serum alkaline phosphatase (ALP), Haematuria, Hyperglycaemia, Other abnormal test result NOS, Proprioception deficit, Proteinuria, Seizure NOS",1,1,1
USA-PFZRCVMP-2015-US-29570,"<a target=""_blank""  href=""/xmlpserver/EVVET3 PW NEW/Subject Area Contents/Public Website/Report (PDF)/AER.xdo?_xpf=&_xpt=1&_params%2FOracle%20BI%20EE%3A%3ADefaultApp%3A%3AEVVET3%20PR%20NEW%2FAER%3A%3Adimension%2FAER%20Id%3A%3Aattribute%3A%3Anoaggr%3A%3Axsd%3Adouble=500422&_xt=AER&_xf=pdf""> AER </a>",2015-08-17 00:00:00,Other health care professional,United States,MALE,Dog,Retriever - Labrador,"ADEQUAN IM 500 MG/5 ML SOLUTION FOR INJECTION, Adequan, Adequan 100 mg/ml Solution for Injection, Adequan 250 mg/ml Solution for Injection, Apoquel 16 mg - Chewable tablet, Apoquel 16 mg - Film-coated tablet, Apoquel 3.6 mg - Chewable tablet, Apoquel 3.6 mg - Film-coated tablet, Apoquel 5.4 mg - Chewable tablet, Apoquel 5.4 mg - Film-coated tablet, Bravecto 1000 mg - Chewable tablet, Bravecto 1000 mg - Spot-on solution, Bravecto 112.5 mg - Chewable tablet, Bravecto 112.5 mg - Spot-on solution (cats), Bravecto 112.5 mg - Spot-on solution (dogs), Bravecto 1400 mg - Chewable tablet, Bravecto 1400 mg - Spot-on solution, Bravecto 150 mg/ml - Powder and solvent for suspension for injection, Bravecto 250 mg  Chewable tablet, Bravecto 250 mg - Spot-on solution (cats), Bravecto 250 mg - Spot-on solution (dogs), Bravecto 500 mg - Chewable tablet, Bravecto 500 mg - Spot-on solution (cats), Bravecto 500 mg - Spot-on solution (dogs), Metacam 0.5 mg/ml - Oral suspension (cats, guinea pigs), Metacam 0.5 mg/ml - Oral suspension (dogs), Metacam 1 mg - Chewable tablet (dogs), Metacam 1.5 mg/ml - Oral suspension (dogs), Metacam 15 mg/ml - Oral suspension (horses), Metacam 15 mg/ml - Oral suspension (pigs), Metacam 2 mg/ml - Solution for injection (cats), Metacam 2.5 mg - Chewable tablet (dogs), Metacam 20 mg/ml - Solution for injection (cattle, pigs, horses), Metacam 40 mg/ml - Solution for injection (cattle, horses), Metacam 5 mg/ml - Solution for injection (cats, dogs), Metacam 5 mg/ml - Solution for injection (cattle, pigs), Metacam 5 mg/ml - Solution for injection (dogs)","Ear infection NOS, Gastric irritation, Other abnormal test result NOS, Spindle cell tumour, Vomiting",1,1,
USA-USMERIAL-14US098656,"<a target=""_blank""  href=""/xmlpserver/EVVET3 PW NEW/Subject Area Contents/Public Website/Report (PDF)/AER.xdo?_xpf=&_xpt=1&_params%2FOracle%20BI%20EE%3A%3ADefaultApp%3A%3AEVVET3%20PR%20NEW%2FAER%3A%3Adimension%2FAER%20Id%3A%3Aattribute%3A%3Anoaggr%3A%3Axsd%3Adouble=426366&_xt=AER&_xf=pdf""> AER </a>",2015-01-05 00:00:00,Veterinarian,United States,FEMALE,Dog,Crossbred Canine/dog,"IMMITICIDE, IMMITICIDE 25 mg/ml pó e solvente para solução injetável para cães, Metacam 0.5 mg/ml - Oral suspension (cats, guinea pigs), Metacam 0.5 mg/ml - Oral suspension (dogs), Metacam 1 mg - Chewable tablet (dogs), Metacam 1.5 mg/ml - Oral suspension (dogs), Metacam 15 mg/ml - Oral suspension (horses), Metacam 15 mg/ml - Oral suspension (pigs), Metacam 2 mg/ml - Solution for injection (cats), Metacam 2.5 mg - Chewable tablet (dogs), Metacam 20 mg/ml - Solution for injection (cattle, pigs, horses), Metacam 40 mg/ml - Solution for injection (cattle, horses), Metacam 5 mg/ml - Solution for injection (cats, dogs), Metacam 5 mg/ml - Solution for injection (cattle, pigs), Metacam 5 mg/ml - Solution for injection (dogs), Tramadog 50 mg tablet for dogs","Bloody diarrhoea, Collapse (see also Cardio-vascular and Systemic disorders), Elevated alanine aminotransferase (ALT), Haemorrhagic gastroenteritis, Hyperglycaemia, Hypotension, Not eating",1,1,
USA-USMERIAL-15US004291,"<a target=""_blank""  href=""/xmlpserver/EVVET3 PW NEW/Subject Area Contents/Public Website/Report (PDF)/AER.xdo?_xpf=&_xpt=1&_params%2FOracle%20BI%20EE%3A%3ADefaultApp%3A%3AEVVET3%20PR%20NEW%2FAER%3A%3Adimension%2FAER%20Id%3A%3Aattribute%3A%3Anoaggr%3A%3Axsd%3Adouble=431002&_xt=AER&_xf=pdf""> AER </a>",2015-02-05 00:00:00,Veterinarian,United States,MALE,Dog,Crossbred Canine/dog,"DFV DOXIVET 200 mg/ml, solution for use in drinking water for pigs and chickens, DFV DOXIVET 500 mg/g, powder for use in drinking water for pigs and chickens, Doxycycline 100 mg tablet, voor honden en katten, Doxycycline 15 mg tabletten voor honden en katten, Doxycycline 20% W.O., Doxycycline 20% W.O. poeder voor toediening via drinkwater voor vleeskuikens, Doxycycline 50% WSP, 500 mg/g, prašak za primjenu u vodi za piće/mliječnoj zamjenici, za goveda, svinje i kokoši, Doxycycline 500 mg/kg, poeder voor gebruik in drinkwater voor varken en kip, Doxycycline 75 mg tabletten voor honden, Doxycycline tabletten 20 mg voor honden en katten, IMMITICIDE, IMMITICIDE 25 mg/ml pó e solvente para solução injetável para cães, Metacam 0.5 mg/ml - Oral suspension (cats, guinea pigs), Metacam 0.5 mg/ml - Oral suspension (dogs), Metacam 1 mg - Chewable tablet (dogs), Metacam 1.5 mg/ml - Oral suspension (dogs), Metacam 15 mg/ml - Oral suspension (horses), Metacam 15 mg/ml - Oral suspension (pigs), Metacam 2 mg/ml - Solution for injection (cats), Metacam 2.5 mg - Chewable tablet (dogs), Metacam 20 mg/ml - Solution for injection (cattle, pigs, horses), Metacam 40 mg/ml - Solution for injection (cattle, horses), Metacam 5 mg/ml - Solution for injection (cats, dogs), Metacam 5 mg/ml - Solution for injection (cattle, pigs), Metacam 5 mg/ml - Solution for injection (dogs), Доксициклин 20% водоразтворим прах, Доксициклин 200 водоразтворим прах","Cardiac disorder NOS, Lack of efficacy - NOS",1,1,
USA-USMERIAL-15US004762,"<a target=""_blank""  href=""/xmlpserver/EVVET3 PW NEW/Subject Area Contents/Public Website/Report (PDF)/AER.xdo?_xpf=&_xpt=1&_params%2FOracle%20BI%20EE%3A%3ADefaultApp%3A%3AEVVET3%20PR%20NEW%2FAER%3A%3Adimension%2FAER%20Id%3A%3Aattribute%3A%3Anoaggr%3A%3Axsd%3Adouble=431850&_xt=AER&_xf=pdf""> AER </a>",2015-02-09 00:00:00,Veterinarian,United States,FEMALE,Dog,Retriever - Labrador,"DFV DOXIVET 200 mg/ml, solution for use in drinking water for pigs and chickens, DFV DOXIVET 500 mg/g, powder for use in drinking water for pigs and chickens, Doxycycline 100 mg tablet, voor honden en katten, Doxycycline 15 mg tabletten voor honden en katten, Doxycycline 20% W.O., Doxycycline 20% W.O. poeder voor toediening via drinkwater voor vleeskuikens, Doxycycline 50% WSP, 500 mg/g, prašak za primjenu u vodi za piće/mliječnoj zamjenici, za goveda, svinje i kokoši, Doxycycline 500 mg/kg, poeder voor gebruik in drinkwater voor varken en kip, Doxycycline 75 mg tabletten voor honden, Doxycycline tabletten 20 mg voor honden en katten, IMMITICIDE, IMMITICIDE 25 mg/ml pó e solvente para solução injetável para cães, Metacam 0.5 mg/ml - Oral suspension (cats, guinea pigs), Metacam 0.5 mg/ml - Oral suspension (dogs), Metacam 1 mg - Chewable tablet (dogs), Metacam 1.5 mg/ml - Oral suspension (dogs), Metacam 15 mg/ml - Oral suspension (horses), Metacam 15 mg/ml - Oral suspension (pigs), Metacam 2 mg/ml - Solution for injection (cats), Metacam 2.5 mg - Chewable tablet (dogs), Metacam 20 mg/ml - Solution for injection (cattle, pigs, horses), Metacam 40 mg/ml - Solution for injection (cattle, horses), Metacam 5 mg/ml - Solution for injection (cats, dogs), Metacam 5 mg/ml - Solution for injection (cattle, pigs), Metacam 5 mg/ml - Solution for injection (dogs), Доксициклин 20% водоразтворим прах, Доксициклин 200 водоразтворим прах","Blood in vomit, Bloody diarrhoea, Elevated alanine aminotransferase (ALT), Elevated lipase, Facial swelling (see also Skin), Lethargy (see also Central nervous system depression in Neurological), Vomiting",1,1,
USA-USMERIAL-15US007313,"<a target=""_blank""  href=""/xmlpserver/EVVET3 PW NEW/Subject Area Contents/Public Website/Report (PDF)/AER.xdo?_xpf=&_xpt=1&_params%2FOracle%20BI%20EE%3A%3ADefaultApp%3A%3AEVVET3%20PR%20NEW%2FAER%3A%3Adimension%2FAER%20Id%3A%3Aattribute%3A%3Anoaggr%3A%3Axsd%3Adouble=433592&_xt=AER&_xf=pdf""> AER </a>",2015-02-24 00:00:00,Other health care professional,United States,MALE,Dog,Crossbred Canine/dog,"CARDOTEK 30 PLUS 136 mcg/ 326 mg COMPRIMIDOS MASTICABLES, DFV DOXIVET 200 mg/ml, solution for use in drinking water for pigs and chickens, DFV DOXIVET 500 mg/g, powder for use in drinking water for pigs and chickens, Doxycycline 100 mg tablet, voor honden en katten, Doxycycline 15 mg tabletten voor honden en katten, Doxycycline 20% W.O., Doxycycline 20% W.O. poeder voor toediening via drinkwater voor vleeskuikens, Doxycycline 50% WSP, 500 mg/g, prašak za primjenu u vodi za piće/mliječnoj zamjenici, za goveda, svinje i kokoši, Doxycycline 500 mg/kg, poeder voor gebruik in drinkwater voor varken en kip, Doxycycline 75 mg tabletten voor honden, Doxycycline tabletten 20 mg voor honden en katten, IMMITICIDE, IMMITICIDE 25 mg/ml pó e solvente para solução injetável para cães, Metacam 0.5 mg/ml - Oral suspension (cats, guinea pigs), Metacam 0.5 mg/ml - Oral suspension (dogs), Metacam 1 mg - Chewable tablet (dogs), Metacam 1.5 mg/ml - Oral suspension (dogs), Metacam 15 mg/ml - Oral suspension (horses), Metacam 15 mg/ml - Oral suspension (pigs), Metacam 2 mg/ml - Solution for injection (cats), Metacam 2.5 mg - Chewable tablet (dogs), Metacam 20 mg/ml - Solution for injection (cattle, pigs, horses), Metacam 40 mg/ml - Solution for injection (cattle, horses), Metacam 5 mg/ml - Solution for injection (cats, dogs), Metacam 5 mg/ml - Solution for injection (cattle, pigs), Metacam 5 mg/ml - Solution for injection (dogs), Доксициклин 20% водоразтворим прах, Доксициклин 200 водоразтворим прах","Cardiac disorder NOS, Lack of efficacy - NOS, Lung sound, Systemic disorder NOS",1,1,
USA-USMERIAL-15US013562,"<a target=""_blank""  href=""/xmlpserver/EVVET3 PW NEW/Subject Area Contents/Public Website/Report (PDF)/AER.xdo?_xpf=&_xpt=1&_params%2FOracle%20BI%20EE%3A%3ADefaultApp%3A%3AEVVET3%20PR%20NEW%2FAER%3A%3Adimension%2FAER%20Id%3A%3Aattribute%3A%3Anoaggr%3A%3Axsd%3Adouble=439352&_xt=AER&_xf=pdf""> AER </a>",2015-04-01 00:00:00,Veterinarian,United States,MALE,Dog,Chihuahua,"CARDOTEK 30 PLUS 68 mcg / 163 mg COMPRIMIDOS MASTICABLES, IMMITICIDE, IMMITICIDE 25 mg/ml pó e solvente para solução injetável para cães, Metacam 0.5 mg/ml - Oral suspension (cats, guinea pigs), Metacam 0.5 mg/ml - Oral suspension (dogs), Metacam 1 mg - Chewable tablet (dogs), Metacam 1.5 mg/ml - Oral suspension (dogs), Metacam 15 mg/ml - Oral suspension (horses), Metacam 15 mg/ml - Oral suspension (pigs), Metacam 2 mg/ml - Solution for injection (cats), Metacam 2.5 mg - Chewable tablet (dogs), Metacam 20 mg/ml - Solution for injection (cattle, pigs, horses), Metacam 40 mg/ml - Solution for injection (cattle, horses), Metacam 5 mg/ml - Solution for injection (cats, dogs), Metacam 5 mg/ml - Solution for injection (cattle, pigs), Metacam 5 mg/ml - Solution for injection (dogs)","Collapse NOS (see also Cardio-vascular and Neurological disorders), Vomiting",1,1,
USA-USMERIAL-15US020554,"<a target=""_blank""  href=""/xmlpserver/EVVET3 PW NEW/Subject Area Contents/Public Website/Report (PDF)/AER.xdo?_xpf=&_xpt=1&_params%2FOracle%20BI%20EE%3A%3ADefaultApp%3A%3AEVVET3%20PR%20NEW%2FAER%3A%3Adimension%2FAER%20Id%3A%3Aattribute%3A%3Anoaggr%3A%3Axsd%3Adouble=449120&_xt=AER&_xf=pdf""> AER </a>",2015-04-29 00:00:00,Veterinarian,United States,MALE,Dog,Shepherd Dog - Australian,"CARDOTEK 30 PLUS 136 mcg/ 326 mg COMPRIMIDOS MASTICABLES, Metacam 0.5 mg/ml - Oral suspension (cats, guinea pigs), Metacam 0.5 mg/ml - Oral suspension (dogs), Metacam 1 mg - Chewable tablet (dogs), Metacam 1.5 mg/ml - Oral suspension (dogs), Metacam 15 mg/ml - Oral suspension (horses), Metacam 15 mg/ml - Oral suspension (pigs), Metacam 2 mg/ml - Solution for injection (cats), Metacam 2.5 mg - Chewable tablet (dogs), Metacam 20 mg/ml - Solution for injection (cattle, pigs, horses), Metacam 40 mg/ml - Solution for injection (cattle, horses), Metacam 5 mg/ml - Solution for injection (cats, dogs), Metacam 5 mg/ml - Solution for injection (cattle, pigs), Metacam 5 mg/ml - Solution for injection (dogs), NexGard 68 mg - Chewable tablet","Acidosis, Bradycardia, Lateral recumbency, Musculoskeletal disorder NOS, Other abnormal test result NOS, Reduced responses",1,1,
USA-USMERIAL-15US043129,"<a target=""_blank""  href=""/xmlpserver/EVVET3 PW NEW/Subject Area Contents/Public Website/Report (PDF)/AER.xdo?_xpf=&_xpt=1&_params%2FOracle%20BI%20EE%3A%3ADefaultApp%3A%3AEVVET3%20PR%20NEW%2FAER%3A%3Adimension%2FAER%20Id%3A%3Aattribute%3A%3Anoaggr%3A%3Axsd%3Adouble=487814&_xt=AER&_xf=pdf""> AER </a>",2015-07-08 00:00:00,Other health care professional,United States,MALE,Dog,Saint Bernard Dog,"Metacam 0.5 mg/ml - Oral suspension (cats, guinea pigs), Metacam 0.5 mg/ml - Oral suspension (dogs), Metacam 1 mg - Chewable tablet (dogs), Metacam 1.5 mg/ml - Oral suspension (dogs), Metacam 15 mg/ml - Oral suspension (horses), Metacam 15 mg/ml - Oral suspension (pigs), Metacam 2 mg/ml - Solution for injection (cats), Metacam 2.5 mg - Chewable tablet (dogs), Metacam 20 mg/ml - Solution for injection (cattle, pigs, horses), Metacam 40 mg/ml - Solution for injection (cattle, horses), Metacam 5 mg/ml - Solution for injection (cats, dogs), Metacam 5 mg/ml - Solution for injection (cattle, pigs), Metacam 5 mg/ml - Solution for injection (dogs), Previcox 227 mg - Chewable tablet","Bloody diarrhoea, Death, Not eating",1,1,1
USA-USMERIAL-15US043344,"<a target=""_blank""  href=""/xmlpserver/EVVET3 PW NEW/Subject Area Contents/Public Website/Report (PDF)/AER.xdo?_xpf=&_xpt=1&_params%2FOracle%20BI%20EE%3A%3ADefaultApp%3A%3AEVVET3%20PR%20NEW%2FAER%3A%3Adimension%2FAER%20Id%3A%3Aattribute%3A%3Anoaggr%3A%3Axsd%3Adouble=488081&_xt=AER&_xf=pdf""> AER </a>",2015-07-08 00:00:00,Veterinarian,United States,MALE,Dog,Retriever - Labrador,"IMMITICIDE, IMMITICIDE 25 mg/ml pó e solvente para solução injetável para cães, Metacam 0.5 mg/ml - Oral suspension (cats, guinea pigs), Metacam 0.5 mg/ml - Oral suspension (dogs), Metacam 1 mg - Chewable tablet (dogs), Metacam 1.5 mg/ml - Oral suspension (dogs), Metacam 15 mg/ml - Oral suspension (horses), Metacam 15 mg/ml - Oral suspension (pigs), Metacam 2 mg/ml - Solution for injection (cats), Metacam 2.5 mg - Chewable tablet (dogs), Metacam 20 mg/ml - Solution for injection (cattle, pigs, horses), Metacam 40 mg/ml - Solution for injection (cattle, horses), Metacam 5 mg/ml - Solution for injection (cats, dogs), Metacam 5 mg/ml - Solution for injection (cattle, pigs), Metacam 5 mg/ml - Solution for injection (dogs)","Anaphylaxis, Drooling, Dyspnoea, Facial swelling (see also Skin)",1,1,
USA-ZZELANCORG-US201429640,"<a target=""_blank""  href=""/xmlpserver/EVVET3 PW NEW/Subject Area Contents/Public Website/Report (PDF)/AER.xdo?_xpf=&_xpt=1&_params%2FOracle%20BI%20EE%3A%3ADefaultApp%3A%3AEVVET3%20PR%20NEW%2FAER%3A%3Adimension%2FAER%20Id%3A%3Aattribute%3A%3Anoaggr%3A%3Axsd%3Adouble=426374&_xt=AER&_xf=pdf""> AER </a>",2015-01-05 00:00:00,Veterinarian,United States,MALE,Dog,Maltese,"Metacam 0.5 mg/ml - Oral suspension (cats, guinea pigs), Metacam 0.5 mg/ml - Oral suspension (dogs), Metacam 1 mg - Chewable tablet (dogs), Metacam 1.5 mg/ml - Oral suspension (dogs), Metacam 15 mg/ml - Oral suspension (horses), Metacam 15 mg/ml - Oral suspension (pigs), Metacam 2 mg/ml - Solution for injection (cats), Metacam 2.5 mg - Chewable tablet (dogs), Metacam 20 mg/ml - Solution for injection (cattle, pigs, horses), Metacam 40 mg/ml - Solution for injection (cattle, horses), Metacam 5 mg/ml - Solution for injection (cats, dogs), Metacam 5 mg/ml - Solution for injection (cattle, pigs), Metacam 5 mg/ml - Solution for injection (dogs)","Adipsia, Diarrhoea, Emesis, Hyperactivity, Hypothermia, Inappetence, Inappropriate urination, Sedation, Vocalisation",1,1,
USA-ZZELANCORG-US201502552,"<a target=""_blank""  href=""/xmlpserver/EVVET3 PW NEW/Subject Area Contents/Public Website/Report (PDF)/AER.xdo?_xpf=&_xpt=1&_params%2FOracle%20BI%20EE%3A%3ADefaultApp%3A%3AEVVET3%20PR%20NEW%2FAER%3A%3Adimension%2FAER%20Id%3A%3Aattribute%3A%3Anoaggr%3A%3Axsd%3Adouble=435439&_xt=AER&_xf=pdf""> AER </a>",2015-03-06 00:00:00,Veterinarian,United States,FEMALE,Dog,Chihuahua,"Metacam 0.5 mg/ml - Oral suspension (cats, guinea pigs), Metacam 0.5 mg/ml - Oral suspension (dogs), Metacam 1 mg - Chewable tablet (dogs), Metacam 1.5 mg/ml - Oral suspension (dogs), Metacam 15 mg/ml - Oral suspension (horses), Metacam 15 mg/ml - Oral suspension (pigs), Metacam 2 mg/ml - Solution for injection (cats), Metacam 2.5 mg - Chewable tablet (dogs), Metacam 20 mg/ml - Solution for injection (cattle, pigs, horses), Metacam 40 mg/ml - Solution for injection (cattle, horses), Metacam 5 mg/ml - Solution for injection (cats, dogs), Metacam 5 mg/ml - Solution for injection (cattle, pigs), Metacam 5 mg/ml - Solution for injection (dogs)","Addison's disease, Anisocoria, Bradycardia, Decreased cholesterol (total), Drunken gait, Emesis, Gastric ulcer, Hypoalbuminaemia, Hypoglycaemia, Hypothermia, Sedation, Seizure NOS",1,1,
USA-ZZELANCORG-US201504331,"<a target=""_blank""  href=""/xmlpserver/EVVET3 PW NEW/Subject Area Contents/Public Website/Report (PDF)/AER.xdo?_xpf=&_xpt=1&_params%2FOracle%20BI%20EE%3A%3ADefaultApp%3A%3AEVVET3%20PR%20NEW%2FAER%3A%3Adimension%2FAER%20Id%3A%3Aattribute%3A%3Anoaggr%3A%3Axsd%3Adouble=438550&_xt=AER&_xf=pdf""> AER </a>",2015-03-26 00:00:00,Other health care professional,United States,MALE,Dog,Retriever - Labrador,"Interceptor Flavor 23 mg tablets for dogs, Metacam 0.5 mg/ml - Oral suspension (cats, guinea pigs), Metacam 0.5 mg/ml - Oral suspension (dogs), Metacam 1 mg - Chewable tablet (dogs), Metacam 1.5 mg/ml - Oral suspension (dogs), Metacam 15 mg/ml - Oral suspension (horses), Metacam 15 mg/ml - Oral suspension (pigs), Metacam 2 mg/ml - Solution for injection (cats), Metacam 2.5 mg - Chewable tablet (dogs), Metacam 20 mg/ml - Solution for injection (cattle, pigs, horses), Metacam 40 mg/ml - Solution for injection (cattle, horses), Metacam 5 mg/ml - Solution for injection (cats, dogs), Metacam 5 mg/ml - Solution for injection (cattle, pigs), Metacam 5 mg/ml - Solution for injection (dogs)","Arthropathy NOS, Hot spot (pyotraumatic dermatitis), Joint pain, Limping, Uncoded sign",1,1,
USA-ZZELANCORG-US201505539,"<a target=""_blank""  href=""/xmlpserver/EVVET3 PW NEW/Subject Area Contents/Public Website/Report (PDF)/AER.xdo?_xpf=&_xpt=1&_params%2FOracle%20BI%20EE%3A%3ADefaultApp%3A%3AEVVET3%20PR%20NEW%2FAER%3A%3Adimension%2FAER%20Id%3A%3Aattribute%3A%3Anoaggr%3A%3Axsd%3Adouble=447725&_xt=AER&_xf=pdf""> AER </a>",2015-04-27 00:00:00,Other health care professional,United States,FEMALE,Dog,Terrier - Yorkshire,"Metacam 0.5 mg/ml - Oral suspension (cats, guinea pigs), Metacam 0.5 mg/ml - Oral suspension (dogs), Metacam 1 mg - Chewable tablet (dogs), Metacam 1.5 mg/ml - Oral suspension (dogs), Metacam 15 mg/ml - Oral suspension (horses), Metacam 15 mg/ml - Oral suspension (pigs), Metacam 2 mg/ml - Solution for injection (cats), Metacam 2.5 mg - Chewable tablet (dogs), Metacam 20 mg/ml - Solution for injection (cattle, pigs, horses), Metacam 40 mg/ml - Solution for injection (cattle, horses), Metacam 5 mg/ml - Solution for injection (cats, dogs), Metacam 5 mg/ml - Solution for injection (cattle, pigs), Metacam 5 mg/ml - Solution for injection (dogs)","Abdominal discomfort, Behavioural disorder NOS, Cardiac disorder NOS, Cardiac enlargement, Cardiac neoplasm NOS, Death, Elevated amylase, Elevated lipase, Liver disorder NOS, Lymphocytosis, Neutrophilia, Other abnormal test result NOS, Pericardial effusion, Respiratory distress, Respiratory tract disorder NOS, Tachypnoea, Tracheal and laryngeal disorder NOS",1,1,1
USA-ZZELANCORG-US201505612,"<a target=""_blank""  href=""/xmlpserver/EVVET3 PW NEW/Subject Area Contents/Public Website/Report (PDF)/AER.xdo?_xpf=&_xpt=1&_params%2FOracle%20BI%20EE%3A%3ADefaultApp%3A%3AEVVET3%20PR%20NEW%2FAER%3A%3Adimension%2FAER%20Id%3A%3Aattribute%3A%3Anoaggr%3A%3Axsd%3Adouble=443453&_xt=AER&_xf=pdf""> AER </a>",2015-04-15 00:00:00,Other health care professional,United States,FEMALE,Dog,Collie - Border,"Metacam 0.5 mg/ml - Oral suspension (cats, guinea pigs), Metacam 0.5 mg/ml - Oral suspension (dogs), Metacam 1 mg - Chewable tablet (dogs), Metacam 1.5 mg/ml - Oral suspension (dogs), Metacam 15 mg/ml - Oral suspension (horses), Metacam 15 mg/ml - Oral suspension (pigs), Metacam 2 mg/ml - Solution for injection (cats), Metacam 2.5 mg - Chewable tablet (dogs), Metacam 20 mg/ml - Solution for injection (cattle, pigs, horses), Metacam 40 mg/ml - Solution for injection (cattle, horses), Metacam 5 mg/ml - Solution for injection (cats, dogs), Metacam 5 mg/ml - Solution for injection (cattle, pigs), Metacam 5 mg/ml - Solution for injection (dogs)","Emesis, Musculoskeletal disorder NOS",1,1,
USA-ZZELANCORG-US201515888,"<a target=""_blank""  href=""/xmlpserver/EVVET3 PW NEW/Subject Area Contents/Public Website/Report (PDF)/AER.xdo?_xpf=&_xpt=1&_params%2FOracle%20BI%20EE%3A%3ADefaultApp%3A%3AEVVET3%20PR%20NEW%2FAER%3A%3Adimension%2FAER%20Id%3A%3Aattribute%3A%3Anoaggr%3A%3Axsd%3Adouble=500448&_xt=AER&_xf=pdf""> AER </a>",2015-08-17 00:00:00,Veterinarian,United States,FEMALE,Dog,Retriever - Labrador,"BAYTRIL 0,5% W/V ΠΟΣΙΜΟ ΔΙΑΛΥΜΑ, BAYTRIL 0,5% πόσιμο διάλυμα ενροφλοξακίνης για ορνίθια και γαλοπούλες, BAYTRIL 10 % SOLUTION BUVABLE, BAYTRIL 10 % SOLUTION INJECTABLE, BAYTRIL 10% W/V ΠΟΣΙΜΟ ΔΙΑΛΥΜΑ, BAYTRIL 100 mg/ml - soluţie orală, BAYTRIL 100 mg/ml SOLUCION INYECTABLE, BAYTRIL 100 mg/ml soluție injectabilă, BAYTRIL 15 mg δισκία για γάτες και σκύλους, BAYTRIL 150 mg δισκία για γάτες και σκύλους, BAYTRIL 2,5 % SOLUTION BUVABLE, BAYTRIL 2,5 % SOLUTION INJECTABLE, BAYTRIL 2,5% W/V ΕΝΕΣΙΜΟ ΔΙΑΛΥΜΑ, BAYTRIL 2,5% W/V ΠΟΣΙΜΟ ΔΙΑΛΥΜΑ, BAYTRIL 25 mg/ml SOLUCION INYECTABLE, BAYTRIL 25 mg/ml SOLUCION ORAL, BAYTRIL 5 % SOLUTION INJECTABLE, BAYTRIL 5 mg/ml SOLUCION ORAL, BAYTRIL 50 mg δισκία για γάτες και σκύλους, BAYTRIL 50 mg/ml SOLUCION INYECTABLE, BAYTRIL 50mg/ml ενέσιμο διάλυμα, BAYTRIL, 25mg/ml, Injekční roztok, BAYTRIL, 5% ενέσιμο διάλυμα για μόσχους, χοίρους, πρόβατα, αίγες, σκύλους και γάτες, BAYTRIL, 50mg/ml, Injekční roztok, Baytril  100 mg/ml Oplossing voor injectie, Baytril  100 mg/ml Solution injectable, Baytril - Das Original - 100 mg/ml Injektionslösung, Baytril - Das Original - 25 mg/ml Injektionslösung, Baytril - Das Original - 50 mg/ml Injektionslösung, Baytril 0,5 % solução oral para leitões, Baytril 0,5%, Baytril 10 % solução oral, Baytril 10%, Baytril 10% O.L., Baytril 10% Oral Solution, Baytril 100 mg/mL, otopina za injekciju, za goveda, ovce, koze i svinje, Baytril 100 mg/mL, otopina za primjenu u vodi za piće, za kokoši, purane i kuniće, Baytril 100 mg/ml - Injektionslösung für Tiere, Baytril 100 mg/ml - Lösung zum Eingeben für Hühner, Puten und Kaninchen, Baytril 100 mg/ml Oplossing voor gebruik in drinkwater, Baytril 100 mg/ml Solution buvable, Baytril 100 mg/ml Solution for Injection, Baytril 100 mg/ml koncentrat za peroralno raztopino za piščance, purane in kunce, Baytril 100 mg/ml oldat ivóvízbe keveréshez A.U.V., Baytril 100 mg/ml oplossing voor gebruik in drinkwater voor kippen, kalkoenen en konijnen, Baytril 100 mg/ml oplossing voor injectie, Baytril 100 mg/ml raztopina za injiciranje, Baytril 100 mg/ml solution for injection, Baytril 100 mg/ml soluzione iniettabile, Baytril 100 mg/ml solução injetável, Baytril 150 mg tabletta A.U.V., Baytril 2,5%, 25 mg/mL, otopina za injekciju za pse, mačke, prasad, kuniće, glodavce, gmazove i ukrasne ptice, Baytril 25 mg/ml - Injektionslösung für Tiere, Baytril 25 mg/ml - Lösung zum Eingeben für Kälber und Lämmer, Baytril 25 mg/ml Lösung zum Eingeben für Rinder (Kälber), Baytril 25 mg/ml Oplossing voor injectie, Baytril 25 mg/ml Oral Solution, Baytril 25 mg/ml Solution injectable, Baytril 25 mg/ml injekčný roztok, Baytril 25 mg/ml oldatos injekció A.U.V., Baytril 25 mg/ml oplossing voor injectie, Baytril 25 mg/ml roztwór do wstrzykiwań, Baytril 25 mg/ml solution for injection, Baytril 25 mg/ml soluzione iniettabile, Baytril 25 mg/ml soluzione iniettabile per cani, gatti, roditori e conigli da compagnia, rettili e uccelli ornamentali, Baytril 25 mg/ml soluzione orale per vitelli, ovini, caprini, suini, Baytril 25 mg/ml solução injetável, Baytril 5 mg/ml - Lösung zum Eingeben für Schweine, Baytril 5 mg/ml belsőleges oldat sertések részére A.U.V., Baytril 50 mg tabletta A.U.V., Baytril 50 mg/mL, otopina za injekciju, za telad, ovce, koze, svinje, pse i mačke, Baytril 50 mg/ml - Injektionslösung für Tiere, Baytril 50 mg/ml Oplossing voor injectie, Baytril 50 mg/ml Solution for Injection, Baytril 50 mg/ml Solution injectable, Baytril 50 mg/ml injekčný roztok, Baytril 50 mg/ml oldatos injekció A.U.V., Baytril 50 mg/ml oplossing voor injectie, Baytril 50 mg/ml raztopina za injiciranje, Baytril 50 mg/ml soluzione iniettabile, Baytril 50 mg/ml solução injetável, Baytril 50 mg/ml soluție injectabilă, Baytril Direct 100 mg/ml Injektionslösung für Rinder und Schweine, Baytril Piglet Doser 0.5% Oral Solution, Baytril Vet. 100 mg/ml injektionsvæske, opløsning, Baytril Vet. 150 mg tabletter, Baytril Vet. 25 mg/ml oral opløsning, Baytril Vet. 50 mg tabletter, Baytril Vet. 50 mg/ml i","Anorexia, Death, Elevated temperature, Vomiting",1,1,1
USA-ZZELANCORG-US201516285,"<a target=""_blank""  href=""/xmlpserver/EVVET3 PW NEW/Subject Area Contents/Public Website/Report (PDF)/AER.xdo?_xpf=&_xpt=1&_params%2FOracle%20BI%20EE%3A%3ADefaultApp%3A%3AEVVET3%20PR%20NEW%2FAER%3A%3Adimension%2FAER%20Id%3A%3Aattribute%3A%3Anoaggr%3A%3Axsd%3Adouble=502590&_xt=AER&_xf=pdf""> AER </a>",2015-08-21 00:00:00,Other health care professional,United States,FEMALE,Dog,Shepherd Dog - German,"Metacam 0.5 mg/ml - Oral suspension (cats, guinea pigs), Metacam 0.5 mg/ml - Oral suspension (dogs), Metacam 1 mg - Chewable tablet (dogs), Metacam 1.5 mg/ml - Oral suspension (dogs), Metacam 15 mg/ml - Oral suspension (horses), Metacam 15 mg/ml - Oral suspension (pigs), Metacam 2 mg/ml - Solution for injection (cats), Metacam 2.5 mg - Chewable tablet (dogs), Metacam 20 mg/ml - Solution for injection (cattle, pigs, horses), Metacam 40 mg/ml - Solution for injection (cattle, horses), Metacam 5 mg/ml - Solution for injection (cats, dogs), Metacam 5 mg/ml - Solution for injection (cattle, pigs), Metacam 5 mg/ml - Solution for injection (dogs)","Facial swelling (see also Skin), Localised itching, Musculoskeletal disorder NOS, Systemic disorder NOS",1,1,
USA-ZZELANCORG-US201520921,"<a target=""_blank""  href=""/xmlpserver/EVVET3 PW NEW/Subject Area Contents/Public Website/Report (PDF)/AER.xdo?_xpf=&_xpt=1&_params%2FOracle%20BI%20EE%3A%3ADefaultApp%3A%3AEVVET3%20PR%20NEW%2FAER%3A%3Adimension%2FAER%20Id%3A%3Aattribute%3A%3Anoaggr%3A%3Axsd%3Adouble=529723&_xt=AER&_xf=pdf""> AER </a>",2015-10-19 00:00:00,Veterinarian,United States,FEMALE,Dog,Greyhound,"Metacam 0.5 mg/ml - Oral suspension (cats, guinea pigs), Metacam 0.5 mg/ml - Oral suspension (dogs), Metacam 1 mg - Chewable tablet (dogs), Metacam 1.5 mg/ml - Oral suspension (dogs), Metacam 15 mg/ml - Oral suspension (horses), Metacam 15 mg/ml - Oral suspension (pigs), Metacam 2 mg/ml - Solution for injection (cats), Metacam 2.5 mg - Chewable tablet (dogs), Metacam 20 mg/ml - Solution for injection (cattle, pigs, horses), Metacam 40 mg/ml - Solution for injection (cattle, horses), Metacam 5 mg/ml - Solution for injection (cats, dogs), Metacam 5 mg/ml - Solution for injection (cattle, pigs), Metacam 5 mg/ml - Solution for injection (dogs)","Not drinking, Not eating, Panting, Unsteady gait",1,1,
ZA-DEBIAHP-2015ZA00001,"<a target=""_blank""  href=""/xmlpserver/EVVET3 PW NEW/Subject Area Contents/Public Website/Report (PDF)/AER.xdo?_xpf=&_xpt=1&_params%2FOracle%20BI%20EE%3A%3ADefaultApp%3A%3AEVVET3%20PR%20NEW%2FAER%3A%3Adimension%2FAER%20Id%3A%3Aattribute%3A%3Anoaggr%3A%3Axsd%3Adouble=447883&_xt=AER&_xf=pdf""> AER </a>",2015-04-27 00:00:00,Veterinarian,South Africa,FEMALE,Dog,Schnauzer - Miniature,"Metacam 0.5 mg/ml - Oral suspension (cats, guinea pigs), Metacam 0.5 mg/ml - Oral suspension (dogs), Metacam 1.5 mg/ml - Oral suspension (dogs), Metacam 15 mg/ml - Oral suspension (horses), Metacam 15 mg/ml - Oral suspension (pigs)","Generalised itching, Restlessness, Vomiting",1,1,
ZA-DEBIAHP-2015ZA00002,"<a target=""_blank""  href=""/xmlpserver/EVVET3 PW NEW/Subject Area Contents/Public Website/Report (PDF)/AER.xdo?_xpf=&_xpt=1&_params%2FOracle%20BI%20EE%3A%3ADefaultApp%3A%3AEVVET3%20PR%20NEW%2FAER%3A%3Adimension%2FAER%20Id%3A%3Aattribute%3A%3Anoaggr%3A%3Axsd%3Adouble=486994&_xt=AER&_xf=pdf""> AER </a>",2015-07-06 00:00:00,Veterinarian,South Africa,MALE,Dog,Retriever - Labrador,"Metacam 0.5 mg/ml - Oral suspension (cats, guinea pigs), Metacam 0.5 mg/ml - Oral suspension (dogs), Metacam 1.5 mg/ml - Oral suspension (dogs), Metacam 15 mg/ml - Oral suspension (horses), Metacam 15 mg/ml - Oral suspension (pigs)","Death by euthanasia, Duodenal ulcer, Suppurative peritonitis",1,1,1
ZA-DEBIAHP-2015ZA00003,"<a target=""_blank""  href=""/xmlpserver/EVVET3 PW NEW/Subject Area Contents/Public Website/Report (PDF)/AER.xdo?_xpf=&_xpt=1&_params%2FOracle%20BI%20EE%3A%3ADefaultApp%3A%3AEVVET3%20PR%20NEW%2FAER%3A%3Adimension%2FAER%20Id%3A%3Aattribute%3A%3Anoaggr%3A%3Axsd%3Adouble=530866&_xt=AER&_xf=pdf""> AER </a>",2015-10-21 00:00:00,Animal owner,South Africa,FEMALE,Dog,Siberian Husky,"Metacam 0.5 mg/ml - Oral suspension (cats, guinea pigs), Metacam 0.5 mg/ml - Oral suspension (dogs), Metacam 1.5 mg/ml - Oral suspension (dogs), Metacam 15 mg/ml - Oral suspension (horses), Metacam 15 mg/ml - Oral suspension (pigs)","Convulsive disorder NOS, Death by euthanasia",1,1,1
ZA-DEBIAHP-2015ZA00004,"<a target=""_blank""  href=""/xmlpserver/EVVET3 PW NEW/Subject Area Contents/Public Website/Report (PDF)/AER.xdo?_xpf=&_xpt=1&_params%2FOracle%20BI%20EE%3A%3ADefaultApp%3A%3AEVVET3%20PR%20NEW%2FAER%3A%3Adimension%2FAER%20Id%3A%3Aattribute%3A%3Anoaggr%3A%3Axsd%3Adouble=545204&_xt=AER&_xf=pdf""> AER </a>",2015-11-30 00:00:00,Veterinarian,South Africa,FEMALE,Dog,Rottweiler,"Clomicalm 20 mg - Tablet, Clomicalm 5 mg - Tablet, Clomicalm 80 mg - Tablet, DEXAFORT, DEXAFORT (1,32+2,67)MG/ML ΕΝΕΣΙΜΟ ΕΝΑΙΩΡΗΜΑ, DEXAFORT SUSPENSION INJECTABLE, Dexafort  Suspensie voor injectie, Dexafort (1,32 mg + 2,67 mg) /ml Zawiesina do wstrzykiwań, Dexafort 2.67 mg/ml + 1.32 mg/ml инжекционна суспензия за говеда, коне, кучета и котки, Dexafort 3 mg/ml injekčná suspenzia pre hovädzí dobytok, kone, psy a mačky, Dexafort Suspension for Injection, Dexafort suspension injectable, Dexafort suspensão injetável para bovinos, equinos e cães, Dexafort suspenzija za injiciranje za govedo, konje, pse in mačke, Dexafort szuszpenziós injekció A.U.V., Dexafort, 3 mg/ml süstesuspensioon veistele, hobustele, koertele ja kassidele, Dexafort, 3mg/ml, Injekční suspenze, Metacam 0.5 mg/ml - Oral suspension (cats, guinea pigs), Metacam 0.5 mg/ml - Oral suspension (dogs), Metacam 1.5 mg/ml - Oral suspension (dogs), Metacam 15 mg/ml - Oral suspension (horses), Metacam 15 mg/ml - Oral suspension (pigs)","Balance problem, Collapse NOS (see also Cardio-vascular and Neurological disorders), Gastric perforation, Otitis media, Seroma, Shock, Vomiting",1,1,
ZA-DEBIAHP-2015ZA00005,"<a target=""_blank""  href=""/xmlpserver/EVVET3 PW NEW/Subject Area Contents/Public Website/Report (PDF)/AER.xdo?_xpf=&_xpt=1&_params%2FOracle%20BI%20EE%3A%3ADefaultApp%3A%3AEVVET3%20PR%20NEW%2FAER%3A%3Adimension%2FAER%20Id%3A%3Aattribute%3A%3Anoaggr%3A%3Axsd%3Adouble=546583&_xt=AER&_xf=pdf""> AER </a>",2015-12-03 00:00:00,Veterinarian,South Africa,MALE,Dog,Beagle,"Metacam 0.5 mg/ml - Oral suspension (cats, guinea pigs), Metacam 0.5 mg/ml - Oral suspension (dogs), Metacam 1.5 mg/ml - Oral suspension (dogs), Metacam 15 mg/ml - Oral suspension (horses), Metacam 15 mg/ml - Oral suspension (pigs), RIMADYL 100 mg COMPRIMIDOS MASTICABLES PARA PERROS, RIMADYL 100 mg comprimate pentru câini, RIMADYL 100 mg, kramtomosios tabletės šunims, RIMADYL 100MG/TAB ΜΑΣΩΜΕΝΟ ΔΙΣΚΙΟ, RIMADYL 20 mg COMPRIMIDOS MASTICABLES PARA PERROS, RIMADYL 20 mg, kramtomosios tabletės šunims, RIMADYL 20MG/TAB ΜΑΣΩΜΕΝΟ ΔΙΣΚΙΟ, RIMADYL 50 mg COMPRIMIDOS MASTICABLES PARA PERROS, RIMADYL 50 mg comprimate pentru câini, RIMADYL 50 mg, kramtomosios tabletės šunims, RIMADYL 50MG/TAB ΜΑΣΩΜΕΝΟ ΔΙΣΚΙΟ, RIMADYL 50mg/ml ενέσιμο διάλυμα για σκύλους και γάτες, RIMADYL CATTLE 50 mg/ml, injekcinis tirpalas galvijams, RIMADYL Cattle 50 mg/ml Solution for Injection, RIMADYL INJECTABLE SOLUTION INJECTABLE POUR CHATS ET CHIENS, RIMADYL Injection 50mg/ml Διαυγές αποστειρωμένο ενέσιμο διάλυμα για σκύλους και γάτες, RIMADYL SMAKELIJKE TABLETTEN 100 mg voor honden, RIMADYL SMAKELIJKE TABLETTEN 50 mg voor honden, RIMADYL VET 50 mg/ml injektioneste, liuos, RIMADYL vet 100 mg purutabletti, RIMADYL vet 20 mg purutabletti, RIMADYL vet 50 mg purutabletti, Rimadyl 100 mg - Kautabletten für Hunde, Rimadyl 100 mg Comprimés Appétents 100 mg Tablet, Rimadyl 100 mg Kautablette für Hunde, Rimadyl 100 mg comprimidos mastigáveis para cães, Rimadyl 100 mg comprimés appétents, 100 mg, comprimés pour chiens, Rimadyl 100 mg okusne, žvečljive tablete za pse, Rimadyl 100 mg tabletes suņiem, Rimadyl 100 mg ízesített tabletta A.U.V., Rimadyl 20 mg - Kautabletten für Hunde, Rimadyl 20 mg Comprimés Appétents 20 mg Comprimé, Rimadyl 20 mg Comprimés Appétents 20 mg Tablet, Rimadyl 20 mg Kautablette für Hunde, Rimadyl 20 mg okusne, žvečljive tablete za pse, Rimadyl 20 mg ízesített tabletta A.U.V., Rimadyl 20 mg таблетки за кучета/Rimadyl 50 mg таблетки за кучета/Rimadyl 100 mg таблетки за кучета, Rimadyl 50 mg - Kautabletten für Hunde, Rimadyl 50 mg Comprimés Appétents 50 mg Tablet, Rimadyl 50 mg Kautablette für Hunde, Rimadyl 50 mg comprimidos mastigáveis para cães, Rimadyl 50 mg comprimés appétents, 50 mg, comprimés pour chiens, Rimadyl 50 mg košļājamās tabletes suņiem, Rimadyl 50 mg okusne, žvečljive tablete za pse, Rimadyl 50 mg ízesített tabletta A.U.V., Rimadyl 50 mg/ml - Injektionslösung für Hunde und Katzen, Rimadyl 50 mg/ml injekčný roztok, Rimadyl 50mg/ml Injektionslösung für Hunde und Katzen, Rimadyl Cattle, 50 mg/mL, otopina za injekciju, za goveda, Rimadyl Iniettabile 50 mg/ml, soluzione iniettabile per cane e gatto., Rimadyl Palatable 100 mg tablety pre psy, Rimadyl Palatable 20 mg tablety pre psy, Rimadyl Palatable 50 mg tablety pre psy, Rimadyl Palatable Tablets 100, Rimadyl Palatable Tablets 100 mg, Rimadyl Palatable Tablets 100 mg tabletes suņiem, Rimadyl Palatable Tablets 20 mg, Rimadyl Palatable Tablets 20 mg tabletes suņiem, Rimadyl Palatable Tablets 50, Rimadyl Palatable Tablets 50 mg, Rimadyl Palatable Tablets 50 mg tabletes suņiem, Rimadyl Palatable Tablets da 100 mg per cani, Rimadyl Palatable Tablets da 20 mg per cani, Rimadyl Palatable Tablets da 50 mg per cani, Rimadyl Palatable, 100mg, Žvýkací tableta, Rimadyl Palatable, 20mg, Žvýkací tableta, Rimadyl Palatable, 50mg, Žvýkací tableta, Rimadyl Solution for Injection for dogs and cats 50 mg/ml, Rimadyl Vet. 100 mg tyggetabletter, Rimadyl Vet. 20 mg tyggetabletter, Rimadyl Vet. 50 mg tyggetabletter, Rimadyl cattle 50 mg/ml oplossing voor injectie, Rimadyl injectievloeistof, 50 mg/ml voor honden en katten, Rimadyl smakelijke tabletten 100 mg voor honden, Rimadyl smakelijke tabletten 20 mg voor honden, Rimadyl smakelijke tabletten 50 mg voor honden, Rimadyl vet. 100 mg Tuggtablett, Rimadyl vet. 100 mg tyggetabletter, Rimadyl vet. 20 mg Tuggtablett, Rimadyl vet. 20 mg tyggetabletter, Rimadyl vet. 50 mg Tuggtablett, Rimadyl vet. 50 mg tyggetabletter, Rimadyl vet., 100 mg, Tuggtablett, Rimadyl Μασώμενο Δ","Lethargy (see also Central nervous system depression in Neurological), Luminal enteropathy, Pyloric ulcer, Vomiting, Weight loss",1,1,
ZA-DEBIAHP-2015ZA00006,"<a target=""_blank""  href=""/xmlpserver/EVVET3 PW NEW/Subject Area Contents/Public Website/Report (PDF)/AER.xdo?_xpf=&_xpt=1&_params%2FOracle%20BI%20EE%3A%3ADefaultApp%3A%3AEVVET3%20PR%20NEW%2FAER%3A%3Adimension%2FAER%20Id%3A%3Aattribute%3A%3Anoaggr%3A%3Axsd%3Adouble=552068&_xt=AER&_xf=pdf""> AER </a>",2015-12-18 00:00:00,Veterinarian,South Africa,MALE,Dog,Dachshund - Standard Wire-haired,"Metacam 0.5 mg/ml - Oral suspension (cats, guinea pigs), Metacam 0.5 mg/ml - Oral suspension (dogs), Metacam 1.5 mg/ml - Oral suspension (dogs), Metacam 15 mg/ml - Oral suspension (horses), Metacam 15 mg/ml - Oral suspension (pigs)","Blood in faeces, Haemorrhagic diarrhoea, Not eating, Vomiting",1,1,