Case number,AER form,Received date,Reporter,Country,Gender,Species,Breed,Drug,Reaction,Animals affected,Animals treated,Animals died
AUS-ZOETISPV-2025-AU-00921,"<a target=""_blank""  href=""/xmlpserver/EVVET3 PW NEW/Subject Area Contents/Public Website/Report (PDF)/AER.xdo?_xpf=&_xpt=1&_params%2FOracle%20BI%20EE%3A%3ADefaultApp%3A%3AEVVET3%20PR%20NEW%2FAER%3A%3Adimension%2FAER%20Id%3A%3Aattribute%3A%3Anoaggr%3A%3Axsd%3Adouble=20000560431&_xt=AER&_xf=pdf""> AER </a>",2025-05-27 00:00:00,Veterinarian,Australia,MALE,Dog,"Chinese Crested Dog (unspecified), Dachshund (unspecified)","Anarthron 100 mg/ml Solution for Injection, Cartrophen Vet 100 mg/ml Solution for Injection., Cartrophen Vet. 100 mg/ml injektionsvæske, opløsning, Cartrophen vet, Cartrophen vet. 100 mg/ml Injektionsvätska, lösning, Cartrophen vet. 100 mg/ml injektioneste, liuos, Galliprant 100 mg - Tablet, Galliprant 20 mg - Tablet, Galliprant 60 mg - Tablet, Librela 10 mg - Solution for injection, Librela 15 mg - Solution for injection, Librela 20 mg - Solution for injection, Librela 30 mg - Solution for injection, Librela 5 mg - Solution for injection, Onsior 10 mg  - Tablet (dogs), Onsior 20 mg  - Tablet (dogs), Onsior 20 mg/ml  - Solution for injection (cats and dogs), Onsior 40 mg  - Tablet (dogs), Onsior 5 mg  - Tablet (dogs), Onsior 6 mg  - Tablet (cats)","Abnormal posture NOS, Anal sac disorder, Circling - neurological disorder (see also Behavioural disorders), Cognitive disorder NOS, Death by euthanasia, Decreased appetite, Diarrhoea, Difficulty standing, Difficulty to rise, Emesis (multiple), Falling, Head tilt - neurological disorder (see also Head tilt - ear disorder), Lack of efficacy - NOS, Neuromuscular disorder NOS, Oral mass, Pacing, Polyp, Rigidity of limbs, Shaking, Stiff knee, Straining to defecate, Vocalisation, Weight loss",1,1,1
BEL-ZOETISPV-2025-BE-00045,"<a target=""_blank""  href=""/xmlpserver/EVVET3 PW NEW/Subject Area Contents/Public Website/Report (PDF)/AER.xdo?_xpf=&_xpt=1&_params%2FOracle%20BI%20EE%3A%3ADefaultApp%3A%3AEVVET3%20PR%20NEW%2FAER%3A%3Adimension%2FAER%20Id%3A%3Aattribute%3A%3Anoaggr%3A%3Axsd%3Adouble=20000522821&_xt=AER&_xf=pdf""> AER </a>",2025-03-19 00:00:00,Veterinarian,Belgium,MALE,Dog,Retriever - Labrador,"Librela 10 mg - Solution for injection, Librela 15 mg - Solution for injection, Librela 20 mg - Solution for injection, Librela 30 mg - Solution for injection, Librela 5 mg - Solution for injection, Onsior 10 mg  - Tablet (dogs), Onsior 20 mg  - Tablet (dogs), Onsior 20 mg/ml  - Solution for injection (cats and dogs), Onsior 40 mg  - Tablet (dogs), Onsior 5 mg  - Tablet (dogs), Onsior 6 mg  - Tablet (cats)",Vestibular disorder NOS,1,1,
BEL-ZOETISPV-2025-BE-00051,"<a target=""_blank""  href=""/xmlpserver/EVVET3 PW NEW/Subject Area Contents/Public Website/Report (PDF)/AER.xdo?_xpf=&_xpt=1&_params%2FOracle%20BI%20EE%3A%3ADefaultApp%3A%3AEVVET3%20PR%20NEW%2FAER%3A%3Adimension%2FAER%20Id%3A%3Aattribute%3A%3Anoaggr%3A%3Axsd%3Adouble=20000526351&_xt=AER&_xf=pdf""> AER </a>",2025-03-26 00:00:00,Veterinarian,Belgium,MALE,Dog,Retriever - Golden,"Librela 10 mg - Solution for injection, Librela 15 mg - Solution for injection, Librela 20 mg - Solution for injection, Librela 30 mg - Solution for injection, Librela 5 mg - Solution for injection, Onsior 20 mg/ml  - Solution for injection (cats and dogs), Tralieve 80 mg compresse masticabili per cani","Anaemia NOS, Decreased appetite, Difficulty standing, Ecchymosis, Elevated temperature, Lethargy (see also Central nervous system depression in Neurological), Muscle weakness NOS, Other blood disorder NOS, Pain NOS, Warm feeling to the touch",1,1,
BEL-ZOETISPV-2025-BE-00209,"<a target=""_blank""  href=""/xmlpserver/EVVET3 PW NEW/Subject Area Contents/Public Website/Report (PDF)/AER.xdo?_xpf=&_xpt=1&_params%2FOracle%20BI%20EE%3A%3ADefaultApp%3A%3AEVVET3%20PR%20NEW%2FAER%3A%3Adimension%2FAER%20Id%3A%3Aattribute%3A%3Anoaggr%3A%3Axsd%3Adouble=20000595531&_xt=AER&_xf=pdf""> AER </a>",2025-07-28 00:00:00,Veterinarian,Belgium,FEMALE,Dog,Crossbred Canine/dog,"Librela 10 mg - Solution for injection, Librela 15 mg - Solution for injection, Librela 20 mg - Solution for injection, Librela 30 mg - Solution for injection, Librela 5 mg - Solution for injection, Onsior 10 mg  - Tablet (dogs), Onsior 20 mg  - Tablet (dogs), Onsior 20 mg/ml  - Solution for injection (cats and dogs), Onsior 40 mg  - Tablet (dogs), Onsior 5 mg  - Tablet (dogs), Onsior 6 mg  - Tablet (cats)","Apathy, Death, Hiding, Swallowing difficult, Vomiting foam",1,1,1
BRA-ZZELANCO-BR2025_002647,"<a target=""_blank""  href=""/xmlpserver/EVVET3 PW NEW/Subject Area Contents/Public Website/Report (PDF)/AER.xdo?_xpf=&_xpt=1&_params%2FOracle%20BI%20EE%3A%3ADefaultApp%3A%3AEVVET3%20PR%20NEW%2FAER%3A%3Adimension%2FAER%20Id%3A%3Aattribute%3A%3Anoaggr%3A%3Axsd%3Adouble=20000560869&_xt=AER&_xf=pdf""> AER </a>",2025-05-27 00:00:00,Other,Brazil,FEMALE,Dog,Dog (other),Onsior 6 mg  - Tablet (cats),Localised hair loss,1,1,
CAN-BIAHPV1P-25CA001322,"<a target=""_blank""  href=""/xmlpserver/EVVET3 PW NEW/Subject Area Contents/Public Website/Report (PDF)/AER.xdo?_xpf=&_xpt=1&_params%2FOracle%20BI%20EE%3A%3ADefaultApp%3A%3AEVVET3%20PR%20NEW%2FAER%3A%3Adimension%2FAER%20Id%3A%3Aattribute%3A%3Anoaggr%3A%3Axsd%3Adouble=20000565242&_xt=AER&_xf=pdf""> AER </a>",2025-06-04 00:00:00,Veterinarian,Canada,MALE,Dog,Poodle - Standard,"NexGard Spectra 37.5 mg + 7.5 mg - Chewable tablet, Onsior 10 mg  - Tablet (dogs), Onsior 20 mg  - Tablet (dogs), Onsior 20 mg/ml  - Solution for injection (cats and dogs), Onsior 40 mg  - Tablet (dogs), Onsior 5 mg  - Tablet (dogs), Onsior 6 mg  - Tablet (cats)","Blood in vomit, Ear canal erythema, Ear discharge, Furunculosis, Otitis externa, Pain NOS, Panniculitis, Papule, Penile disorder NOS, Pustules, Swelling around eye (see also Immune system disorders), Ulcerative dermatitis",1,1,
CAN-BIAHPV1P-25CA001393,"<a target=""_blank""  href=""/xmlpserver/EVVET3 PW NEW/Subject Area Contents/Public Website/Report (PDF)/AER.xdo?_xpf=&_xpt=1&_params%2FOracle%20BI%20EE%3A%3ADefaultApp%3A%3AEVVET3%20PR%20NEW%2FAER%3A%3Adimension%2FAER%20Id%3A%3Aattribute%3A%3Anoaggr%3A%3Axsd%3Adouble=20000564275&_xt=AER&_xf=pdf""> AER </a>",2025-06-03 00:00:00,Veterinarian,Canada,FEMALE,Dog,"Cattle Dog - Australian (blue heeler, red heeler, Queensland cattledog)","Comfortan 10 mg/ml Solution injectable, Comfortan 10 mg/ml solution for injection for dogs and cats, NexGard Spectra 75 mg + 15 mg - Chewable tablet, Onsior 10 mg  - Tablet (dogs), Onsior 20 mg  - Tablet (dogs), Onsior 20 mg/ml  - Solution for injection (cats and dogs), Onsior 40 mg  - Tablet (dogs), Onsior 5 mg  - Tablet (dogs), Onsior 6 mg  - Tablet (cats)","Ataxia, Disorientation, Drowsiness - neurological disorder, Tremor",1,1,
CAN-DECHRALT-2025-12562,"<a target=""_blank""  href=""/xmlpserver/EVVET3 PW NEW/Subject Area Contents/Public Website/Report (PDF)/AER.xdo?_xpf=&_xpt=1&_params%2FOracle%20BI%20EE%3A%3ADefaultApp%3A%3AEVVET3%20PR%20NEW%2FAER%3A%3Adimension%2FAER%20Id%3A%3Aattribute%3A%3Anoaggr%3A%3Axsd%3Adouble=20000606106&_xt=AER&_xf=pdf""> AER </a>",2025-08-15 00:00:00,Veterinarian,Canada,FEMALE,Dog,Pointing Dog - German Wire-haired,"Librela 10 mg - Solution for injection, Librela 15 mg - Solution for injection, Librela 20 mg - Solution for injection, Librela 30 mg - Solution for injection, Librela 5 mg - Solution for injection, Onsior 10 mg  - Tablet (dogs), Onsior 20 mg  - Tablet (dogs), Onsior 20 mg/ml  - Solution for injection (cats and dogs), Onsior 40 mg  - Tablet (dogs), Onsior 5 mg  - Tablet (dogs), Onsior 6 mg  - Tablet (cats), Zenalpha 0.5 mg + 10 mg - Solution for injection","Decreased heart rate, High blood pressure, Hypersalivation, Lack of efficacy - NOS, Sedation prolonged, Sleepiness - systemic disorder",1,1,
CAN-OPAHPROD-CA20250041,"<a target=""_blank""  href=""/xmlpserver/EVVET3 PW NEW/Subject Area Contents/Public Website/Report (PDF)/AER.xdo?_xpf=&_xpt=1&_params%2FOracle%20BI%20EE%3A%3ADefaultApp%3A%3AEVVET3%20PR%20NEW%2FAER%3A%3Adimension%2FAER%20Id%3A%3Aattribute%3A%3Anoaggr%3A%3Axsd%3Adouble=20000557273&_xt=AER&_xf=pdf""> AER </a>",2025-05-21 00:00:00,Other health care professional,Canada,MALE,Dog,Retriever - Golden,"ANTISEDAN, ANTISEDAN 5 mg/ml SOLUCIÓN INYECTABLE PARA PERROS Y GATOS, ANTISEDAN 5 mg/ml raztopina za injiciranje za pse in mačke, ANTISEDAN 5MG/ML ΕΝΕΣΙΜΟ ΔΙΑΛΥΜΑ, ANTISEDAN SOLUTION INJECTABLE POUR CHIENS ET CHATS, ANTISEDAN, 5 mg/mL, otopina za injekciju, za pse i mačke, Anesketin 100 mg/ml Solution for Injection, Antisedan 5 mg/ 1 ml, roztwór do wstrzykiwań dla psów i kotów, Antisedan 5 mg/ml  Injektionslösung für Hunde und Katzen, Antisedan 5 mg/ml - Injektionslösung für Hunde und Katzen, Antisedan 5 mg/ml Oplossing voor injectie, Antisedan 5 mg/ml Solution injectable, Antisedan 5 mg/ml injekčný roztok pre psy a mačky, Antisedan 5 mg/ml oldatos injekció kutya és macska részére.A.U.V., Antisedan 5 mg/ml solution for injection, Antisedan 5 mg/ml solução injetável para cães e gatos, Antisedan Vet 5 mg/ml injekcinis tirpalas, Antisedan Vet 5 mg/ml šķīdums injekcijām, Antisedan Vet, 5 mg/ml süstelahus, Antisedan Vet. 5 mg/ml injektionsvæske, opløsning, Antisedan vet 5 mg/ml injektioneste, liuos, Antisedan vet. 5 mg/ml Injektionsvätska, lösning, Antisedan vet. 5 mg/ml Stungulyf, lausn Handa hundum og köttum., Antisedan vet. 5 mg/ml injeksjonsvæske, oppløsning, til hund og katt, Antisedan vet., 5 mg/ml, Injektionsvätska, lösning, Antisedan, 5 mg/ml oplossing voor injectie voor honden en katten, Antisedan, 5mg/ml, Injekční roztok, Dexdomitor 0.1 mg/ml - Solution for injection, Dexdomitor 0.5 mg/ml - Solution for injection, Librela 20 mg - Solution for injection, Onsior 10 mg  - Tablet (dogs), Onsior 20 mg  - Tablet (dogs), Onsior 20 mg/ml  - Solution for injection (cats and dogs), Onsior 40 mg  - Tablet (dogs), Onsior 5 mg  - Tablet (dogs), Onsior 6 mg  - Tablet (cats), АНТИСЕДАН ВЕТ 5 mg/ml инжекционен разтвор","Abnormal radiograph finding, Anal irritation, Ataxia, Decreased appetite, Diarrhoea, Difficulty standing, Elevated haemoglobin, Lumbar pain, Mass NOS, Monocytosis, Panting, Paralysis, Proprioception loss, Reduced reflexes, Sternoabdominal recumbency, Stridor (Upper respiratory; for lower respiratory see also Bronchial rale)",1,1,
CAN-VTQLPROD-VTQLPROD-2025-CA-000134,"<a target=""_blank""  href=""/xmlpserver/EVVET3 PW NEW/Subject Area Contents/Public Website/Report (PDF)/AER.xdo?_xpf=&_xpt=1&_params%2FOracle%20BI%20EE%3A%3ADefaultApp%3A%3AEVVET3%20PR%20NEW%2FAER%3A%3Adimension%2FAER%20Id%3A%3Aattribute%3A%3Anoaggr%3A%3Axsd%3Adouble=20000549514&_xt=AER&_xf=pdf""> AER </a>",2025-05-07 00:00:00,Other health care professional,Canada,FEMALE,Dog,Spaniel - Springer English,"CEFASEPTIN 300 MG TABLETS FOR DOGS, Onsior 20 mg  - Tablet (dogs)","Emesis (multiple), Overdose",1,1,
CAN-ZOETISPV-2024-CA-00753,"<a target=""_blank""  href=""/xmlpserver/EVVET3 PW NEW/Subject Area Contents/Public Website/Report (PDF)/AER.xdo?_xpf=&_xpt=1&_params%2FOracle%20BI%20EE%3A%3ADefaultApp%3A%3AEVVET3%20PR%20NEW%2FAER%3A%3Adimension%2FAER%20Id%3A%3Aattribute%3A%3Anoaggr%3A%3Axsd%3Adouble=20000549438&_xt=AER&_xf=pdf""> AER </a>",2025-05-07 00:00:00,Animal owner,Canada,MALE,Dog,"Boxer (German Boxer), Dog (unknown)","Librela 10 mg - Solution for injection, Librela 15 mg - Solution for injection, Librela 20 mg - Solution for injection, Librela 30 mg - Solution for injection, Librela 5 mg - Solution for injection, Onsior 10 mg  - Tablet (dogs), Onsior 20 mg  - Tablet (dogs), Onsior 20 mg/ml  - Solution for injection (cats and dogs), Onsior 40 mg  - Tablet (dogs), Onsior 5 mg  - Tablet (dogs), Onsior 6 mg  - Tablet (cats)","Anxiety, Death, Disorientation, Drinking a lot, Faecal incontinence, Hind limb ataxia, Myelopathy, Panting, Urinary incontinence",1,1,1
CAN-ZOETISPV-2024-CA-05655,"<a target=""_blank""  href=""/xmlpserver/EVVET3 PW NEW/Subject Area Contents/Public Website/Report (PDF)/AER.xdo?_xpf=&_xpt=1&_params%2FOracle%20BI%20EE%3A%3ADefaultApp%3A%3AEVVET3%20PR%20NEW%2FAER%3A%3Adimension%2FAER%20Id%3A%3Aattribute%3A%3Anoaggr%3A%3Axsd%3Adouble=20000526558&_xt=AER&_xf=pdf""> AER </a>",2025-03-26 00:00:00,Veterinarian,Canada,FEMALE,Dog,Terrier - Fox (unspecified),"Librela 10 mg - Solution for injection, Librela 15 mg - Solution for injection, Librela 20 mg - Solution for injection, Librela 30 mg - Solution for injection, Librela 5 mg - Solution for injection, Onsior 10 mg  - Tablet (dogs), Onsior 20 mg  - Tablet (dogs), Onsior 20 mg/ml  - Solution for injection (cats and dogs), Onsior 40 mg  - Tablet (dogs), Onsior 5 mg  - Tablet (dogs), Onsior 6 mg  - Tablet (cats)","Abnormal cytology, Balance impaired, Decreased appetite, Fever, Hiding, Lameness, Lethargy (see also Central nervous system depression in Neurological), Limb weakness, Lip smacking, Monocytosis, Neck pain - neurological, Not himself/herself, Polyarthropathy NOS (see also PT Immune-mediated polyarthropathy), Tense abdomen",1,1,
CAN-ZOETISPV-2024-CA-05811,"<a target=""_blank""  href=""/xmlpserver/EVVET3 PW NEW/Subject Area Contents/Public Website/Report (PDF)/AER.xdo?_xpf=&_xpt=1&_params%2FOracle%20BI%20EE%3A%3ADefaultApp%3A%3AEVVET3%20PR%20NEW%2FAER%3A%3Adimension%2FAER%20Id%3A%3Aattribute%3A%3Anoaggr%3A%3Axsd%3Adouble=20000488763&_xt=AER&_xf=pdf""> AER </a>",2025-01-07 00:00:00,Veterinarian,Canada,MALE,Dog,"Dog (unknown), Saint Bernard Dog","Librela 10 mg - Solution for injection, Librela 15 mg - Solution for injection, Librela 20 mg - Solution for injection, Librela 30 mg - Solution for injection, Librela 5 mg - Solution for injection, Onsior 10 mg  - Tablet (dogs), Onsior 20 mg  - Tablet (dogs), Onsior 20 mg/ml  - Solution for injection (cats and dogs), Onsior 40 mg  - Tablet (dogs), Onsior 5 mg  - Tablet (dogs), Onsior 6 mg  - Tablet (cats)","Decreased urine concentration, Elevated symmetrical dimethylarginine (SDMA), Polydipsia, Polyuria",1,1,
CAN-ZOETISPV-2024-CA-05823,"<a target=""_blank""  href=""/xmlpserver/EVVET3 PW NEW/Subject Area Contents/Public Website/Report (PDF)/AER.xdo?_xpf=&_xpt=1&_params%2FOracle%20BI%20EE%3A%3ADefaultApp%3A%3AEVVET3%20PR%20NEW%2FAER%3A%3Adimension%2FAER%20Id%3A%3Aattribute%3A%3Anoaggr%3A%3Axsd%3Adouble=20000489509&_xt=AER&_xf=pdf""> AER </a>",2025-01-08 00:00:00,Veterinarian,Canada,FEMALE,Dog,Poodle - Toy,"Librela 10 mg - Solution for injection, Librela 15 mg - Solution for injection, Librela 20 mg - Solution for injection, Librela 30 mg - Solution for injection, Librela 5 mg - Solution for injection, Onsior 10 mg  - Tablet (dogs), Onsior 20 mg  - Tablet (dogs), Onsior 20 mg/ml  - Solution for injection (cats and dogs), Onsior 40 mg  - Tablet (dogs), Onsior 5 mg  - Tablet (dogs), Onsior 6 mg  - Tablet (cats)",Partial lack of efficacy,1,1,
CAN-ZOETISPV-2024-CA-05892,"<a target=""_blank""  href=""/xmlpserver/EVVET3 PW NEW/Subject Area Contents/Public Website/Report (PDF)/AER.xdo?_xpf=&_xpt=1&_params%2FOracle%20BI%20EE%3A%3ADefaultApp%3A%3AEVVET3%20PR%20NEW%2FAER%3A%3Adimension%2FAER%20Id%3A%3Aattribute%3A%3Anoaggr%3A%3Axsd%3Adouble=20000493239&_xt=AER&_xf=pdf""> AER </a>",2025-01-17 00:00:00,Veterinarian,Canada,MALE,Dog,"Maltese, Poodle (unspecified)","Cerenia 10 mg/ml  - Solution for injection, Cerenia 16 mg  - Tablet, Cerenia 160 mg  - Tablet, Cerenia 24 mg  - Tablet, Cerenia 60 mg - Tablet, Librela 10 mg - Solution for injection, Librela 15 mg - Solution for injection, Librela 20 mg - Solution for injection, Librela 30 mg - Solution for injection, Librela 5 mg - Solution for injection, Onsior 10 mg  - Tablet (dogs), Onsior 20 mg  - Tablet (dogs), Onsior 20 mg/ml  - Solution for injection (cats and dogs), Onsior 40 mg  - Tablet (dogs), Onsior 5 mg  - Tablet (dogs), Onsior 6 mg  - Tablet (cats)","Abnormal tail posture, Abnormal ultrasound finding, Appetite loss, Bone and joint disorder NOS, Constipation, Decreased drinking, Elevated cholesterol (total), Elevated liver enzymes NOS, Elevated total bilirubin, Emesis (multiple), Increased percentage reticulocytes, Joint pain NOS, Lameness, Lethargy (see also Central nervous system depression in Neurological), Leukocytosis NOS, Lymphosarcoma, Malaise, Monocytosis, Muscle atrophy (see also Muscle wasting), Neoplasia NOS, Neutrophilia, Not himself/herself, Reluctant to move, Shaking, Vocalisation",1,1,
CAN-ZOETISPV-2025-CA-00614,"<a target=""_blank""  href=""/xmlpserver/EVVET3 PW NEW/Subject Area Contents/Public Website/Report (PDF)/AER.xdo?_xpf=&_xpt=1&_params%2FOracle%20BI%20EE%3A%3ADefaultApp%3A%3AEVVET3%20PR%20NEW%2FAER%3A%3Adimension%2FAER%20Id%3A%3Aattribute%3A%3Anoaggr%3A%3Axsd%3Adouble=20000514217&_xt=AER&_xf=pdf""> AER </a>",2025-03-03 00:00:00,Veterinarian,Canada,FEMALE,Dog,"Spitz - German Pomeranian, Terrier - Yorkshire","Anarthron 100 mg/ml Solution for Injection, Cartrophen Vet 100 mg/ml Solution for Injection., Cartrophen Vet. 100 mg/ml injektionsvæske, opløsning, Cartrophen vet, Cartrophen vet. 100 mg/ml Injektionsvätska, lösning, Cartrophen vet. 100 mg/ml injektioneste, liuos, Librela 10 mg - Solution for injection, Librela 15 mg - Solution for injection, Librela 20 mg - Solution for injection, Librela 30 mg - Solution for injection, Librela 5 mg - Solution for injection, Onsior 10 mg  - Tablet (dogs), Onsior 20 mg  - Tablet (dogs), Onsior 20 mg/ml  - Solution for injection (cats and dogs), Onsior 40 mg  - Tablet (dogs), Onsior 5 mg  - Tablet (dogs), Onsior 6 mg  - Tablet (cats)","Hind limb paralysis, Walking difficulty",1,1,
CAN-ZOETISPV-2025-CA-01536,"<a target=""_blank""  href=""/xmlpserver/EVVET3 PW NEW/Subject Area Contents/Public Website/Report (PDF)/AER.xdo?_xpf=&_xpt=1&_params%2FOracle%20BI%20EE%3A%3ADefaultApp%3A%3AEVVET3%20PR%20NEW%2FAER%3A%3Adimension%2FAER%20Id%3A%3Aattribute%3A%3Anoaggr%3A%3Axsd%3Adouble=20000544211&_xt=AER&_xf=pdf""> AER </a>",2025-04-28 00:00:00,Veterinarian,Canada,MALE,Dog,Beagle,"Librela 10 mg - Solution for injection, Librela 15 mg - Solution for injection, Librela 20 mg - Solution for injection, Librela 30 mg - Solution for injection, Librela 5 mg - Solution for injection, Onsior 10 mg  - Tablet (dogs), Onsior 20 mg  - Tablet (dogs), Onsior 20 mg/ml  - Solution for injection (cats and dogs), Onsior 40 mg  - Tablet (dogs), Onsior 5 mg  - Tablet (dogs), Onsior 6 mg  - Tablet (cats)","Fever, Inappetence, Lethargy (see also Central nervous system depression in Neurological)",1,1,
CAN-ZOETISPV-2025-CA-01727,"<a target=""_blank""  href=""/xmlpserver/EVVET3 PW NEW/Subject Area Contents/Public Website/Report (PDF)/AER.xdo?_xpf=&_xpt=1&_params%2FOracle%20BI%20EE%3A%3ADefaultApp%3A%3AEVVET3%20PR%20NEW%2FAER%3A%3Adimension%2FAER%20Id%3A%3Aattribute%3A%3Anoaggr%3A%3Axsd%3Adouble=20000550633&_xt=AER&_xf=pdf""> AER </a>",2025-05-09 00:00:00,Veterinarian,Canada,FEMALE,Dog,"Dog (unknown), Siberian Husky","Librela 10 mg - Solution for injection, Librela 15 mg - Solution for injection, Librela 20 mg - Solution for injection, Librela 30 mg - Solution for injection, Librela 5 mg - Solution for injection, Onsior 10 mg  - Tablet (dogs), Onsior 20 mg  - Tablet (dogs), Onsior 20 mg/ml  - Solution for injection (cats and dogs), Onsior 40 mg  - Tablet (dogs), Onsior 5 mg  - Tablet (dogs), Onsior 6 mg  - Tablet (cats)","Polydipsia, Polyuria, Urinary incontinence",1,1,
CAN-ZOETISPV-2025-CA-02023,"<a target=""_blank""  href=""/xmlpserver/EVVET3 PW NEW/Subject Area Contents/Public Website/Report (PDF)/AER.xdo?_xpf=&_xpt=1&_params%2FOracle%20BI%20EE%3A%3ADefaultApp%3A%3AEVVET3%20PR%20NEW%2FAER%3A%3Adimension%2FAER%20Id%3A%3Aattribute%3A%3Anoaggr%3A%3Axsd%3Adouble=20000555250&_xt=AER&_xf=pdf""> AER </a>",2025-05-19 00:00:00,Veterinarian,Canada,FEMALE,Dog,Retriever - Labrador,"Librela 10 mg - Solution for injection, Librela 15 mg - Solution for injection, Librela 20 mg - Solution for injection, Librela 30 mg - Solution for injection, Librela 5 mg - Solution for injection, Onsior 10 mg  - Tablet (dogs), Onsior 20 mg  - Tablet (dogs), Onsior 20 mg/ml  - Solution for injection (cats and dogs), Onsior 40 mg  - Tablet (dogs), Onsior 5 mg  - Tablet (dogs), Onsior 6 mg  - Tablet (cats)","Alopecia, Epidermal collarette, Lack of efficacy - NOS, Pruritus, Pyoderma",1,1,
CAN-ZOETISPV-2025-CA-02182,"<a target=""_blank""  href=""/xmlpserver/EVVET3 PW NEW/Subject Area Contents/Public Website/Report (PDF)/AER.xdo?_xpf=&_xpt=1&_params%2FOracle%20BI%20EE%3A%3ADefaultApp%3A%3AEVVET3%20PR%20NEW%2FAER%3A%3Adimension%2FAER%20Id%3A%3Aattribute%3A%3Anoaggr%3A%3Axsd%3Adouble=20000564727&_xt=AER&_xf=pdf""> AER </a>",2025-06-03 00:00:00,Veterinarian,Canada,FEMALE,Dog,Retriever - Golden,"INTERCEPTOR PLUS compresse rivestite da 23 mg/460 mg per cani, Onsior 10 mg  - Tablet (dogs), Onsior 20 mg  - Tablet (dogs), Onsior 20 mg/ml  - Solution for injection (cats and dogs), Onsior 40 mg  - Tablet (dogs), Onsior 5 mg  - Tablet (dogs), Onsior 6 mg  - Tablet (cats), PROGRAM Plus, Simparica 10 mg - Chewable tablet, Simparica 120 mg - Chewable tablet, Simparica 20 mg - Chewable tablet, Simparica 40 mg - Chewable tablet, Simparica 5 mg - Chewable tablet, Simparica 80 mg - Chewable tablet","Decreased urine concentration, Elevated symmetrical dimethylarginine (SDMA)",1,1,
CAN-ZOETISPV-2025-CA-03553,"<a target=""_blank""  href=""/xmlpserver/EVVET3 PW NEW/Subject Area Contents/Public Website/Report (PDF)/AER.xdo?_xpf=&_xpt=1&_params%2FOracle%20BI%20EE%3A%3ADefaultApp%3A%3AEVVET3%20PR%20NEW%2FAER%3A%3Adimension%2FAER%20Id%3A%3Aattribute%3A%3Anoaggr%3A%3Axsd%3Adouble=20000603122&_xt=AER&_xf=pdf""> AER </a>",2025-08-11 00:00:00,Veterinarian,Canada,FEMALE,Dog,Maltese,"Onsior 10 mg  - Tablet (dogs), Onsior 20 mg  - Tablet (dogs), Onsior 20 mg/ml  - Solution for injection (cats and dogs), Onsior 40 mg  - Tablet (dogs), Onsior 5 mg  - Tablet (dogs), Onsior 6 mg  - Tablet (cats), VERSICAN PLUS BB ORAL LYOPHILISAT AND SOLVENT FOR ORAL SUSPENSION FOR DOGS",Anorexia,1,1,
CAN-ZOETISPV-2025-CA-03596,"<a target=""_blank""  href=""/xmlpserver/EVVET3 PW NEW/Subject Area Contents/Public Website/Report (PDF)/AER.xdo?_xpf=&_xpt=1&_params%2FOracle%20BI%20EE%3A%3ADefaultApp%3A%3AEVVET3%20PR%20NEW%2FAER%3A%3Adimension%2FAER%20Id%3A%3Aattribute%3A%3Anoaggr%3A%3Axsd%3Adouble=20000606090&_xt=AER&_xf=pdf""> AER </a>",2025-08-15 00:00:00,Veterinarian,Canada,MALE,Dog,Terrier - Yorkshire,"Librela 10 mg - Solution for injection, Librela 15 mg - Solution for injection, Librela 20 mg - Solution for injection, Librela 30 mg - Solution for injection, Librela 5 mg - Solution for injection, Onsior 10 mg  - Tablet (dogs), Onsior 20 mg  - Tablet (dogs), Onsior 20 mg/ml  - Solution for injection (cats and dogs), Onsior 40 mg  - Tablet (dogs), Onsior 5 mg  - Tablet (dogs), Onsior 6 mg  - Tablet (cats)","Death by euthanasia, Diarrhoea, Elevated serum alkaline phosphatase (ALP), Hyperglycaemia, Impaired proprioception, Increased salivation, Limb weakness, Limping, Pain NOS, Panting, Proteinuria, Recumbency, Unsettled, Vomiting, Whining, Wobbliness",1,1,1
CAN-ZZELANCO-CA2024_003156,"<a target=""_blank""  href=""/xmlpserver/EVVET3 PW NEW/Subject Area Contents/Public Website/Report (PDF)/AER.xdo?_xpf=&_xpt=1&_params%2FOracle%20BI%20EE%3A%3ADefaultApp%3A%3AEVVET3%20PR%20NEW%2FAER%3A%3Adimension%2FAER%20Id%3A%3Aattribute%3A%3Anoaggr%3A%3Axsd%3Adouble=20000565056&_xt=AER&_xf=pdf""> AER </a>",2025-06-03 00:00:00,Other,Canada,MALE,Dog,"Bichon Frise, Poodle (unspecified)",Onsior 10 mg  - Tablet (dogs),"Anorexia, Blood in vomit, Bloody diarrhoea, Dehydration, Digestive tract disorder NOS, Intestinal disorder NOS, Lethargy (see also Central nervous system depression in Neurological), Regurgitation, Vocalisation, Vomiting",1,1,
CAN-ZZELANCO-CA2024_003620,"<a target=""_blank""  href=""/xmlpserver/EVVET3 PW NEW/Subject Area Contents/Public Website/Report (PDF)/AER.xdo?_xpf=&_xpt=1&_params%2FOracle%20BI%20EE%3A%3ADefaultApp%3A%3AEVVET3%20PR%20NEW%2FAER%3A%3Adimension%2FAER%20Id%3A%3Aattribute%3A%3Anoaggr%3A%3Axsd%3Adouble=20000495632&_xt=AER&_xf=pdf""> AER </a>",2025-01-23 00:00:00,Other,Canada,FEMALE,Dog,Spitz - Dutch (Keeshond),Onsior 20 mg  - Tablet (dogs),"Elevated alanine aminotransferase (ALT), Elevated blood urea nitrogen (BUN), Elevated cholesterol (total), Elevated serum alkaline phosphatase (ALP)",1,1,
CAN-ZZELANCO-CA2024_004238,"<a target=""_blank""  href=""/xmlpserver/EVVET3 PW NEW/Subject Area Contents/Public Website/Report (PDF)/AER.xdo?_xpf=&_xpt=1&_params%2FOracle%20BI%20EE%3A%3ADefaultApp%3A%3AEVVET3%20PR%20NEW%2FAER%3A%3Adimension%2FAER%20Id%3A%3Aattribute%3A%3Anoaggr%3A%3Axsd%3Adouble=20000487487&_xt=AER&_xf=pdf""> AER </a>",2025-01-04 00:00:00,Animal owner,Canada,MALE,Dog,"Poodle (unspecified), Retriever - Golden",Onsior 40 mg  - Tablet (dogs),"Decreased appetite, Elevated alanine aminotransferase (ALT), Elevated aspartate aminotransferase (AST), Elevated cholesterol (total), Elevated globulins, Elevated total bilirubin, Hypercalcaemia, Hyperkalaemia, Increased drinking, Lethargy (see also Central nervous system depression in Neurological), Vomiting",1,1,
CAN-ZZELANCO-CA2025_000431,"<a target=""_blank""  href=""/xmlpserver/EVVET3 PW NEW/Subject Area Contents/Public Website/Report (PDF)/AER.xdo?_xpf=&_xpt=1&_params%2FOracle%20BI%20EE%3A%3ADefaultApp%3A%3AEVVET3%20PR%20NEW%2FAER%3A%3Adimension%2FAER%20Id%3A%3Aattribute%3A%3Anoaggr%3A%3Axsd%3Adouble=20000514586&_xt=AER&_xf=pdf""> AER </a>",2025-03-03 00:00:00,Other,Canada,FEMALE,Dog,Poodle (unspecified),"Onsior 10 mg  - Tablet (dogs), Onsior 20 mg/ml  - Solution for injection (cats and dogs)","Diarrhoea, Inappetence, Vomiting",1,1,
CAN-ZZELANCO-CA2025_000670,"<a target=""_blank""  href=""/xmlpserver/EVVET3 PW NEW/Subject Area Contents/Public Website/Report (PDF)/AER.xdo?_xpf=&_xpt=1&_params%2FOracle%20BI%20EE%3A%3ADefaultApp%3A%3AEVVET3%20PR%20NEW%2FAER%3A%3Adimension%2FAER%20Id%3A%3Aattribute%3A%3Anoaggr%3A%3Axsd%3Adouble=20000529774&_xt=AER&_xf=pdf""> AER </a>",2025-04-01 00:00:00,Other,Canada,MALE,Dog,Retriever - Golden,"ALFAXAN 10 mg/ml solution for injection for dogs and cats, Cerenia 10 mg/ml  - Solution for injection, Cerenia 16 mg  - Tablet, Cerenia 160 mg  - Tablet, Cerenia 24 mg  - Tablet, Cerenia 60 mg - Tablet, Dexdomitor 0.1 mg/ml - Solution for injection, Dexdomitor 0.5 mg/ml - Solution for injection, Onsior 20 mg/ml  - Solution for injection (cats and dogs), Onsior 40 mg  - Tablet (dogs), VETERGESIC MULTIDOSE, 0.3MG/ML, SOLUTION FOR INJECTION FOR DOGS AND CATS","Nausea, Not himself/herself, Pica NOS, Regurgitation, Vocalisation",1,1,
CAN-ZZELANCO-CA2025_000690,"<a target=""_blank""  href=""/xmlpserver/EVVET3 PW NEW/Subject Area Contents/Public Website/Report (PDF)/AER.xdo?_xpf=&_xpt=1&_params%2FOracle%20BI%20EE%3A%3ADefaultApp%3A%3AEVVET3%20PR%20NEW%2FAER%3A%3Adimension%2FAER%20Id%3A%3Aattribute%3A%3Anoaggr%3A%3Axsd%3Adouble=20000529570&_xt=AER&_xf=pdf""> AER </a>",2025-04-01 00:00:00,Other,Canada,MALE,Dog,Crossbred Canine/dog,"ALFAXAN 10 mg/ml solution for injection for dogs and cats, Cerenia 10 mg/ml  - Solution for injection, Cerenia 16 mg  - Tablet, Cerenia 160 mg  - Tablet, Cerenia 24 mg  - Tablet, Cerenia 60 mg - Tablet, Onsior 20 mg/ml  - Solution for injection (cats and dogs), VETERGESIC MULTIDOSE, 0.3MG/ML, SOLUTION FOR INJECTION FOR DOGS AND CATS",Diarrhoea,1,1,
CAN-ZZELANCO-CA2025_000692,"<a target=""_blank""  href=""/xmlpserver/EVVET3 PW NEW/Subject Area Contents/Public Website/Report (PDF)/AER.xdo?_xpf=&_xpt=1&_params%2FOracle%20BI%20EE%3A%3ADefaultApp%3A%3AEVVET3%20PR%20NEW%2FAER%3A%3Adimension%2FAER%20Id%3A%3Aattribute%3A%3Anoaggr%3A%3Axsd%3Adouble=20000529543&_xt=AER&_xf=pdf""> AER </a>",2025-04-01 00:00:00,Other,Canada,MALE,Dog,Retriever - Golden,"ALFAXAN 10 mg/ml solution for injection for dogs and cats, ANTISEDAN, ANTISEDAN 5 mg/ml SOLUCIÓN INYECTABLE PARA PERROS Y GATOS, ANTISEDAN 5 mg/ml raztopina za injiciranje za pse in mačke, ANTISEDAN 5MG/ML ΕΝΕΣΙΜΟ ΔΙΑΛΥΜΑ, ANTISEDAN SOLUTION INJECTABLE POUR CHIENS ET CHATS, ANTISEDAN, 5 mg/mL, otopina za injekciju, za pse i mačke, Antisedan 5 mg/ 1 ml, roztwór do wstrzykiwań dla psów i kotów, Antisedan 5 mg/ml  Injektionslösung für Hunde und Katzen, Antisedan 5 mg/ml - Injektionslösung für Hunde und Katzen, Antisedan 5 mg/ml Oplossing voor injectie, Antisedan 5 mg/ml Solution injectable, Antisedan 5 mg/ml injekčný roztok pre psy a mačky, Antisedan 5 mg/ml oldatos injekció kutya és macska részére.A.U.V., Antisedan 5 mg/ml solution for injection, Antisedan 5 mg/ml solução injetável para cães e gatos, Antisedan Vet 5 mg/ml injekcinis tirpalas, Antisedan Vet 5 mg/ml šķīdums injekcijām, Antisedan Vet, 5 mg/ml süstelahus, Antisedan Vet. 5 mg/ml injektionsvæske, opløsning, Antisedan vet 5 mg/ml injektioneste, liuos, Antisedan vet. 5 mg/ml Injektionsvätska, lösning, Antisedan vet. 5 mg/ml Stungulyf, lausn Handa hundum og köttum., Antisedan vet. 5 mg/ml injeksjonsvæske, oppløsning, til hund og katt, Antisedan vet., 5 mg/ml, Injektionsvätska, lösning, Antisedan, 5 mg/ml oplossing voor injectie voor honden en katten, Antisedan, 5mg/ml, Injekční roztok, Cerenia 10 mg/ml  - Solution for injection, Cerenia 16 mg  - Tablet, Cerenia 160 mg  - Tablet, Cerenia 24 mg  - Tablet, Cerenia 60 mg - Tablet, Dexdomitor 0.1 mg/ml - Solution for injection, Dexdomitor 0.5 mg/ml - Solution for injection, Onsior 20 mg/ml  - Solution for injection (cats and dogs), Torbugesic 10 mg/ml Solution for Injection, Torbugesic Vet 10 mg/ml solution injectable pour chevaux, chiens et chats, Torbugesic Vet. 10 mg/ml injektionsvæske, opløsning, Torbuphanol Vet 10 mg/ml solution for injection for injection for horses, dogs and cats, VETERGESIC MULTIDOSE, 0.3MG/ML, SOLUTION FOR INJECTION FOR DOGS AND CATS, АНТИСЕДАН ВЕТ 5 mg/ml инжекционен разтвор","Bloody diarrhoea, Claw / hoof / nail disorder NOS, Depression, Diarrhoea, Disorder of red blood cell NOS, Drooling, Elevated serum alkaline phosphatase (ALP), Licking, Listless, Lymphopenia, Not eating, Pale mucous membrane, Platelet disorder NOS, Tachycardia",1,1,
CAN-ZZELANCO-CA2025_000966,"<a target=""_blank""  href=""/xmlpserver/EVVET3 PW NEW/Subject Area Contents/Public Website/Report (PDF)/AER.xdo?_xpf=&_xpt=1&_params%2FOracle%20BI%20EE%3A%3ADefaultApp%3A%3AEVVET3%20PR%20NEW%2FAER%3A%3Adimension%2FAER%20Id%3A%3Aattribute%3A%3Anoaggr%3A%3Axsd%3Adouble=20000537846&_xt=AER&_xf=pdf""> AER </a>",2025-04-15 00:00:00,Other,Canada,MALE,Dog,Doberman Pinscher,"Cerenia 10 mg/ml  - Solution for injection, Cerenia 16 mg  - Tablet, Cerenia 160 mg  - Tablet, Cerenia 24 mg  - Tablet, Cerenia 60 mg - Tablet, Onsior 20 mg/ml  - Solution for injection (cats and dogs)",Injection site swelling,1,1,
CAN-ZZELANCO-CA2025_001075,"<a target=""_blank""  href=""/xmlpserver/EVVET3 PW NEW/Subject Area Contents/Public Website/Report (PDF)/AER.xdo?_xpf=&_xpt=1&_params%2FOracle%20BI%20EE%3A%3ADefaultApp%3A%3AEVVET3%20PR%20NEW%2FAER%3A%3Adimension%2FAER%20Id%3A%3Aattribute%3A%3Anoaggr%3A%3Axsd%3Adouble=20000544652&_xt=AER&_xf=pdf""> AER </a>",2025-04-28 00:00:00,Other,Canada,FEMALE,Dog,Poodle - Standard,"ALFAXAN 10 mg/ml solution for injection for dogs and cats, Comfortan 10 mg/ml Solution injectable, Comfortan 10 mg/ml solution for injection for dogs and cats, Onsior 20 mg/ml  - Solution for injection (cats and dogs), Onsior 40 mg  - Tablet (dogs)","Anorexia, Retching, Vomiting",1,1,
CAN-ZZELANCO-CA2025_001156,"<a target=""_blank""  href=""/xmlpserver/EVVET3 PW NEW/Subject Area Contents/Public Website/Report (PDF)/AER.xdo?_xpf=&_xpt=1&_params%2FOracle%20BI%20EE%3A%3ADefaultApp%3A%3AEVVET3%20PR%20NEW%2FAER%3A%3Adimension%2FAER%20Id%3A%3Aattribute%3A%3Anoaggr%3A%3Axsd%3Adouble=20000547998&_xt=AER&_xf=pdf""> AER </a>",2025-05-05 00:00:00,Veterinarian,Canada,MALE,Dog,Bulldog - American,"Neptra 16.7 mg/ml florfenicol + 16.7 mg/ml terbinafine hydrochloride + 2.2 mg/ml mometasone furoate - Ear drops, solution in single-dose container, Onsior 20 mg/ml  - Solution for injection (cats and dogs), Onsior 40 mg  - Tablet (dogs)","Abnormal pupil light reflex, Ataxia, Drooling, Eye disorder NOS (for Photophobia see neurological), Eyelid ptosis - neurologic (see also Drooping eyelid NOS), Facial paralysis, Head tilt - neurological disorder (see also Head tilt - ear disorder), Hypersalivation, Impaired swallowing, Lethargy (see also Central nervous system depression in Neurological), Limb weakness, Lip paralysis, Ocular discharge, Strabismus",1,1,
CAN-ZZELANCO-CA2025_001215,"<a target=""_blank""  href=""/xmlpserver/EVVET3 PW NEW/Subject Area Contents/Public Website/Report (PDF)/AER.xdo?_xpf=&_xpt=1&_params%2FOracle%20BI%20EE%3A%3ADefaultApp%3A%3AEVVET3%20PR%20NEW%2FAER%3A%3Adimension%2FAER%20Id%3A%3Aattribute%3A%3Anoaggr%3A%3Axsd%3Adouble=20000549731&_xt=AER&_xf=pdf""> AER </a>",2025-05-07 00:00:00,Veterinarian,Canada,FEMALE,Dog,"Dog (unknown), Whippet","Onsior 20 mg  - Tablet (dogs), Onsior 20 mg/ml  - Solution for injection (cats and dogs)","Difficulty eating NOS, Overdose, Vomiting",1,1,
CAN-ZZELANCO-CA2025_001308,"<a target=""_blank""  href=""/xmlpserver/EVVET3 PW NEW/Subject Area Contents/Public Website/Report (PDF)/AER.xdo?_xpf=&_xpt=1&_params%2FOracle%20BI%20EE%3A%3ADefaultApp%3A%3AEVVET3%20PR%20NEW%2FAER%3A%3Adimension%2FAER%20Id%3A%3Aattribute%3A%3Anoaggr%3A%3Axsd%3Adouble=20000555762&_xt=AER&_xf=pdf""> AER </a>",2025-05-19 00:00:00,Other,Canada,FEMALE,Dog,Retriever - Labrador,"Librela 10 mg - Solution for injection, Librela 15 mg - Solution for injection, Librela 20 mg - Solution for injection, Librela 30 mg - Solution for injection, Librela 5 mg - Solution for injection, Metacam 0.5 mg/ml - Oral suspension (cats, guinea pigs), Metacam 0.5 mg/ml - Oral suspension (dogs), Metacam 1 mg - Chewable tablet (dogs), Metacam 1.5 mg/ml - Oral suspension (dogs), Metacam 15 mg/ml - Oral suspension (horses), Metacam 15 mg/ml - Oral suspension (pigs), Metacam 2 mg/ml - Solution for injection (cats), Metacam 2.5 mg - Chewable tablet (dogs), Metacam 20 mg/ml - Solution for injection (cattle, pigs, horses), Metacam 40 mg/ml - Solution for injection (cattle, horses), Metacam 5 mg/ml - Solution for injection (cats, dogs), Metacam 5 mg/ml - Solution for injection (cattle, pigs), Metacam 5 mg/ml - Solution for injection (dogs), Onsior 40 mg  - Tablet (dogs)","Behavioural disorder NOS, Cushings disease NOS, Death by euthanasia, Diabetes insipidus, Haemoglobinuria, Increased bowel movements (frequency), Musculoskeletal disorder NOS, Renal disorder NOS, Urinary incontinence, Urine abnormalities NOS, Urine leakage",1,1,1
CAN-ZZELANCO-CA2025_001459,"<a target=""_blank""  href=""/xmlpserver/EVVET3 PW NEW/Subject Area Contents/Public Website/Report (PDF)/AER.xdo?_xpf=&_xpt=1&_params%2FOracle%20BI%20EE%3A%3ADefaultApp%3A%3AEVVET3%20PR%20NEW%2FAER%3A%3Adimension%2FAER%20Id%3A%3Aattribute%3A%3Anoaggr%3A%3Axsd%3Adouble=20000558342&_xt=AER&_xf=pdf""> AER </a>",2025-05-22 00:00:00,Animal owner,Canada,UNKNOWN,Dog,Dog (unknown),Onsior 5 mg  - Tablet (dogs),Lack of efficacy - NOS,1,1,
CAN-ZZELANCO-CA2025_001552,"<a target=""_blank""  href=""/xmlpserver/EVVET3 PW NEW/Subject Area Contents/Public Website/Report (PDF)/AER.xdo?_xpf=&_xpt=1&_params%2FOracle%20BI%20EE%3A%3ADefaultApp%3A%3AEVVET3%20PR%20NEW%2FAER%3A%3Adimension%2FAER%20Id%3A%3Aattribute%3A%3Anoaggr%3A%3Axsd%3Adouble=20000560193&_xt=AER&_xf=pdf""> AER </a>",2025-05-26 00:00:00,Other,Canada,MALE,Dog,Akita,Onsior 40 mg  - Tablet (dogs),"Behavioural disorder NOS, Not himself/herself, Weakness",1,1,
CAN-ZZELANCO-CA2025_001673,"<a target=""_blank""  href=""/xmlpserver/EVVET3 PW NEW/Subject Area Contents/Public Website/Report (PDF)/AER.xdo?_xpf=&_xpt=1&_params%2FOracle%20BI%20EE%3A%3ADefaultApp%3A%3AEVVET3%20PR%20NEW%2FAER%3A%3Adimension%2FAER%20Id%3A%3Aattribute%3A%3Anoaggr%3A%3Axsd%3Adouble=20000566765&_xt=AER&_xf=pdf""> AER </a>",2025-06-05 00:00:00,Other,Canada,FEMALE,Dog,Collie (unspecified),"Onsior 20 mg  - Tablet (dogs), Onsior 40 mg  - Tablet (dogs)","Abnormal stool colouration, Inappropriate urination, Product defect NOS, Urinary incontinence",1,1,
CAN-ZZELANCO-CA2025_001741,"<a target=""_blank""  href=""/xmlpserver/EVVET3 PW NEW/Subject Area Contents/Public Website/Report (PDF)/AER.xdo?_xpf=&_xpt=1&_params%2FOracle%20BI%20EE%3A%3ADefaultApp%3A%3AEVVET3%20PR%20NEW%2FAER%3A%3Adimension%2FAER%20Id%3A%3Aattribute%3A%3Anoaggr%3A%3Axsd%3Adouble=20000566670&_xt=AER&_xf=pdf""> AER </a>",2025-06-05 00:00:00,Other,Canada,FEMALE,Dog,"Deutsche Dogge, Great Dane, Dog (unknown)",Onsior 40 mg  - Tablet (dogs),"Diarrhoea, Vomiting",1,1,
CAN-ZZELANCO-CA2025_001819,"<a target=""_blank""  href=""/xmlpserver/EVVET3 PW NEW/Subject Area Contents/Public Website/Report (PDF)/AER.xdo?_xpf=&_xpt=1&_params%2FOracle%20BI%20EE%3A%3ADefaultApp%3A%3AEVVET3%20PR%20NEW%2FAER%3A%3Adimension%2FAER%20Id%3A%3Aattribute%3A%3Anoaggr%3A%3Axsd%3Adouble=20000568370&_xt=AER&_xf=pdf""> AER </a>",2025-06-09 00:00:00,Veterinarian,Canada,UNKNOWN,Dog,Dog (unknown),Onsior 5 mg  - Tablet (dogs),"Unsteady gait, Wobbliness",1,1,
CAN-ZZELANCO-CA2025_002091,"<a target=""_blank""  href=""/xmlpserver/EVVET3 PW NEW/Subject Area Contents/Public Website/Report (PDF)/AER.xdo?_xpf=&_xpt=1&_params%2FOracle%20BI%20EE%3A%3ADefaultApp%3A%3AEVVET3%20PR%20NEW%2FAER%3A%3Adimension%2FAER%20Id%3A%3Aattribute%3A%3Anoaggr%3A%3Axsd%3Adouble=20000579878&_xt=AER&_xf=pdf""> AER </a>",2025-06-28 00:00:00,Other,Canada,MALE,Dog,Terrier - Jack Russell,"Onsior 10 mg  - Tablet (dogs), Simparica Trio 12 mg + 0.24 mg + 50 mg - Chewable tablet, Simparica Trio 24 mg + 0.48 mg + 100 mg - Chewable tablet, Simparica Trio 3 mg + 0.06 mg + 12.5 mg - Chewable tablet, Simparica Trio 48 mg + 0.96 mg + 200 mg - Chewable tablet, Simparica Trio 6 mg + 0.12 mg + 25 mg - Chewable tablet, Simparica Trio 72 mg + 1.44 mg + 300 mg - Chewable tablet","Abnormal radiograph finding, Anorexia, Anxiety, Blood in vomit, Constipation, Death by euthanasia, Dehydration, Diarrhoea, Gastric bloat, Gastric ulceration NOS, Intestinal disorder NOS, Lethargy (see also Central nervous system depression in Neurological), Stomach inflammation, Vomiting, Vomiting bile, Weight loss",1,1,1
CAN-ZZELANCO-CA2025_002134,"<a target=""_blank""  href=""/xmlpserver/EVVET3 PW NEW/Subject Area Contents/Public Website/Report (PDF)/AER.xdo?_xpf=&_xpt=1&_params%2FOracle%20BI%20EE%3A%3ADefaultApp%3A%3AEVVET3%20PR%20NEW%2FAER%3A%3Adimension%2FAER%20Id%3A%3Aattribute%3A%3Anoaggr%3A%3Axsd%3Adouble=20000592963&_xt=AER&_xf=pdf""> AER </a>",2025-07-22 00:00:00,Other,Canada,FEMALE,Dog,"Boxer (German Boxer), Dog (unknown)",Onsior 40 mg  - Tablet (dogs),"Death by euthanasia, Lack of efficacy - NOS, Osteosarcoma",1,1,1
CAN-ZZELANCO-CA2025_002388,"<a target=""_blank""  href=""/xmlpserver/EVVET3 PW NEW/Subject Area Contents/Public Website/Report (PDF)/AER.xdo?_xpf=&_xpt=1&_params%2FOracle%20BI%20EE%3A%3ADefaultApp%3A%3AEVVET3%20PR%20NEW%2FAER%3A%3Adimension%2FAER%20Id%3A%3Aattribute%3A%3Anoaggr%3A%3Axsd%3Adouble=20000587400&_xt=AER&_xf=pdf""> AER </a>",2025-07-11 00:00:00,Other,Canada,FEMALE,Dog,"Corgi (unspecified), Dog (unknown)","ALFAXAN 10 mg/ml solution for injection for dogs and cats, Onsior 20 mg  - Tablet (dogs), Onsior 20 mg/ml  - Solution for injection (cats and dogs)",Haemorrhagic gastroenteritis,1,1,
CAN-ZZELANCO-CA2025_003439,"<a target=""_blank""  href=""/xmlpserver/EVVET3 PW NEW/Subject Area Contents/Public Website/Report (PDF)/AER.xdo?_xpf=&_xpt=1&_params%2FOracle%20BI%20EE%3A%3ADefaultApp%3A%3AEVVET3%20PR%20NEW%2FAER%3A%3Adimension%2FAER%20Id%3A%3Aattribute%3A%3Anoaggr%3A%3Axsd%3Adouble=20000603565&_xt=AER&_xf=pdf""> AER </a>",2025-08-11 00:00:00,Other,Canada,MALE,Dog,Crossbred Canine/dog,Onsior 20 mg  - Tablet (dogs),Bloody diarrhoea,1,1,
CAN-ZZELANCO-CA2025_003441,"<a target=""_blank""  href=""/xmlpserver/EVVET3 PW NEW/Subject Area Contents/Public Website/Report (PDF)/AER.xdo?_xpf=&_xpt=1&_params%2FOracle%20BI%20EE%3A%3ADefaultApp%3A%3AEVVET3%20PR%20NEW%2FAER%3A%3Adimension%2FAER%20Id%3A%3Aattribute%3A%3Anoaggr%3A%3Axsd%3Adouble=20000599724&_xt=AER&_xf=pdf""> AER </a>",2025-08-04 00:00:00,Veterinarian,Canada,FEMALE,Dog,Shepherd Dog - German,Onsior 40 mg  - Tablet (dogs),"Blood in vomit, Death by euthanasia, Decreased appetite, Laboured breathing, Loss of condition, Loss of voluntary movement, Musculoskeletal disorder NOS, Neurological disorder NOS, Obtunded, Polydipsia, Polyuria, Recumbency, Swollen joint",1,1,1
CAN-ZZELANCO-CA2025_004237,"<a target=""_blank""  href=""/xmlpserver/EVVET3 PW NEW/Subject Area Contents/Public Website/Report (PDF)/AER.xdo?_xpf=&_xpt=1&_params%2FOracle%20BI%20EE%3A%3ADefaultApp%3A%3AEVVET3%20PR%20NEW%2FAER%3A%3Adimension%2FAER%20Id%3A%3Aattribute%3A%3Anoaggr%3A%3Axsd%3Adouble=20000614771&_xt=AER&_xf=pdf""> AER </a>",2025-09-02 00:00:00,Other,Canada,FEMALE,Dog,Shepherd Dog - Australian,"Dexdomitor 0.1 mg/ml - Solution for injection, Dexdomitor 0.5 mg/ml - Solution for injection, Onsior 20 mg/ml  - Solution for injection (cats and dogs)",Vomiting,1,1,
CAN-ZZELANCO-CA2025_004288,"<a target=""_blank""  href=""/xmlpserver/EVVET3 PW NEW/Subject Area Contents/Public Website/Report (PDF)/AER.xdo?_xpf=&_xpt=1&_params%2FOracle%20BI%20EE%3A%3ADefaultApp%3A%3AEVVET3%20PR%20NEW%2FAER%3A%3Adimension%2FAER%20Id%3A%3Aattribute%3A%3Anoaggr%3A%3Axsd%3Adouble=20000615557&_xt=AER&_xf=pdf""> AER </a>",2025-09-03 00:00:00,Veterinarian,Canada,MALE,Dog,Retriever - Golden,Onsior 40 mg  - Tablet (dogs),"Inappropriate urination, Mucous stool, Polydipsia, Polyuria",1,1,
CAN-ZZELANCO-CA2025_004330,"<a target=""_blank""  href=""/xmlpserver/EVVET3 PW NEW/Subject Area Contents/Public Website/Report (PDF)/AER.xdo?_xpf=&_xpt=1&_params%2FOracle%20BI%20EE%3A%3ADefaultApp%3A%3AEVVET3%20PR%20NEW%2FAER%3A%3Adimension%2FAER%20Id%3A%3Aattribute%3A%3Anoaggr%3A%3Axsd%3Adouble=20000616254&_xt=AER&_xf=pdf""> AER </a>",2025-09-04 00:00:00,Veterinarian,Canada,MALE,Dog,Retriever - Golden,Onsior 40 mg  - Tablet (dogs),Diarrhoea,1,1,
CHE-ZZELANCO-CH2025_000061,"<a target=""_blank""  href=""/xmlpserver/EVVET3 PW NEW/Subject Area Contents/Public Website/Report (PDF)/AER.xdo?_xpf=&_xpt=1&_params%2FOracle%20BI%20EE%3A%3ADefaultApp%3A%3AEVVET3%20PR%20NEW%2FAER%3A%3Adimension%2FAER%20Id%3A%3Aattribute%3A%3Anoaggr%3A%3Axsd%3Adouble=20000574055&_xt=AER&_xf=pdf""> AER </a>",2025-06-18 00:00:00,Veterinarian,Switzerland,MALE,Dog,"Cattle Dog - Australian (blue heeler, red heeler, Queensland cattledog)","Clomicalm 20 mg - Tablet, Clomicalm 5 mg - Tablet, Clomicalm 80 mg - Tablet, Onsior 5 mg  - Tablet (dogs)",Lack of efficacy - NOS,1,1,
DEU-CEVAPROD-2025-DE-000040,"<a target=""_blank""  href=""/xmlpserver/EVVET3 PW NEW/Subject Area Contents/Public Website/Report (PDF)/AER.xdo?_xpf=&_xpt=1&_params%2FOracle%20BI%20EE%3A%3ADefaultApp%3A%3AEVVET3%20PR%20NEW%2FAER%3A%3Adimension%2FAER%20Id%3A%3Aattribute%3A%3Anoaggr%3A%3Axsd%3Adouble=20000509111&_xt=AER&_xf=pdf""> AER </a>",2025-02-19 00:00:00,Veterinarian,Germany,FEMALE,Dog,Bulldog - American,"Galastop 50 µg/ml, Onsior 10 mg  - Tablet (dogs), Onsior 20 mg  - Tablet (dogs), Onsior 20 mg/ml  - Solution for injection (cats and dogs), Onsior 40 mg  - Tablet (dogs), Onsior 5 mg  - Tablet (dogs), Onsior 6 mg  - Tablet (cats)","Appetite loss, Polydipsia, Sleepiness - systemic disorder, Tremor of limb",1,1,
DEU-DEVETWDT-DE-WDT-2025-0043,"<a target=""_blank""  href=""/xmlpserver/EVVET3 PW NEW/Subject Area Contents/Public Website/Report (PDF)/AER.xdo?_xpf=&_xpt=1&_params%2FOracle%20BI%20EE%3A%3ADefaultApp%3A%3AEVVET3%20PR%20NEW%2FAER%3A%3Adimension%2FAER%20Id%3A%3Aattribute%3A%3Anoaggr%3A%3Axsd%3Adouble=20000577945&_xt=AER&_xf=pdf""> AER </a>",2025-06-25 00:00:00,Veterinarian,Germany,FEMALE,Dog,Bolonka Zwetna,"Onsior 10 mg  - Tablet (dogs), Vitofyllin 50 mg film-coated tablets for dogs",Trembling,1,1,
DEU-E49366FE-DEHEELVET-2025-DE-000001,"<a target=""_blank""  href=""/xmlpserver/EVVET3 PW NEW/Subject Area Contents/Public Website/Report (PDF)/AER.xdo?_xpf=&_xpt=1&_params%2FOracle%20BI%20EE%3A%3ADefaultApp%3A%3AEVVET3%20PR%20NEW%2FAER%3A%3Adimension%2FAER%20Id%3A%3Aattribute%3A%3Anoaggr%3A%3Axsd%3Adouble=20000542048&_xt=AER&_xf=pdf""> AER </a>",2025-04-23 00:00:00,Veterinarian,Germany,MALE,Dog,Schnauzer (unspecified),"Nux vomica-Homaccord ad us.vet., Onsior 10 mg  - Tablet (dogs), Onsior 20 mg  - Tablet (dogs), Onsior 20 mg/ml  - Solution for injection (cats and dogs), Onsior 40 mg  - Tablet (dogs), Onsior 5 mg  - Tablet (dogs), Onsior 6 mg  - Tablet (cats)","Bloody diarrhoea, Circulatory disorder NOS, Death, Heart failure, Hyperaemia, Luminal enteropathy, Necropsy performed, Pulmonary emphysema, Pulmonary oedema, Shock, Vomiting",1,1,1
DEU-ZOETISPV-2025-DE-00776,"<a target=""_blank""  href=""/xmlpserver/EVVET3 PW NEW/Subject Area Contents/Public Website/Report (PDF)/AER.xdo?_xpf=&_xpt=1&_params%2FOracle%20BI%20EE%3A%3ADefaultApp%3A%3AEVVET3%20PR%20NEW%2FAER%3A%3Adimension%2FAER%20Id%3A%3Aattribute%3A%3Anoaggr%3A%3Axsd%3Adouble=20000570511&_xt=AER&_xf=pdf""> AER </a>",2025-06-12 00:00:00,Veterinarian,Germany,FEMALE,Dog,Dog (unknown),"Duphamox LA 150 mg/ml Suspensie voor injectie, Onsior 10 mg  - Tablet (dogs), Onsior 20 mg  - Tablet (dogs), Onsior 20 mg/ml  - Solution for injection (cats and dogs), Onsior 40 mg  - Tablet (dogs), Onsior 5 mg  - Tablet (dogs), Onsior 6 mg  - Tablet (cats)","Anaphylaxis, Swollen face (see also Skin)",1,1,
DNK-FORTEPRO-25-035,"<a target=""_blank""  href=""/xmlpserver/EVVET3 PW NEW/Subject Area Contents/Public Website/Report (PDF)/AER.xdo?_xpf=&_xpt=1&_params%2FOracle%20BI%20EE%3A%3ADefaultApp%3A%3AEVVET3%20PR%20NEW%2FAER%3A%3Adimension%2FAER%20Id%3A%3Aattribute%3A%3Anoaggr%3A%3Axsd%3Adouble=20000523783&_xt=AER&_xf=pdf""> AER </a>",2025-03-20 00:00:00,Veterinarian,Denmark,MALE,Dog,Sheepdog - Iceland,"Combiclav Intramammary Suspension for Lactating Cows, NOROCLAV 250 mg, comprimate, NOROCLAV INJECTION, NOROCLAV injekčná suspenzia, NOROCLAV, 200/50mg, Tableta, NOROCLAV, 40/10mg, Tableta, NOROCLAV, injekcinė suspensija, Noroclav 140/35 mg/ml szuszpenziós injekció szarvasmarhák és kutyák számáraA.U.V., Noroclav 200/50 mg tablety, Noroclav 250 mg Tablets for dogs, Noroclav 250 mg tabletta kutyák részére A.U.V., Noroclav 250 mg, tabletid koertele ja kassidele, Noroclav 40/10 mg tablety, Noroclav 400/100 Ízesített tabletta kutyák részére A.U.V., Noroclav 50 mg Tablets for Dogs and Cats, Noroclav 50 mg tabletta kutyák és macskák részére A.U.V., Noroclav 50 mg, tabletid koertele ja kassidele, Noroclav 500 mg Palatable Tablets for Dogs, Noroclav 500 mg, tabletid koertele, Noroclav Injection for Cattle and Dogs, Noroclav Injection, 140 mg + 35 mg/ml süstesuspensioon veistele, Noroclav Intramammary Suspension for Lactating Cows, Noroclav Suspension zur intramammären Anwendung bei laktierenden Kühen, Noroclav suspensija ievadīšanai tesmenī laktējošām govīm, Noroclav, Injekční suspenze, Onsior 10 mg  - Tablet (dogs), Onsior 20 mg  - Tablet (dogs), Onsior 40 mg  - Tablet (dogs), Onsior 5 mg  - Tablet (dogs), Onsior 6 mg  - Tablet (cats), Reconcile 32 mg  - Chewable tablet, Synuclav Suspension for Injection, Нороклав 50 мг, 250 мг таблетки",Abnormal electrocardiogram (ECG),1,1,
DNK-MERCKMSD-2025-DK-00011,"<a target=""_blank""  href=""/xmlpserver/EVVET3 PW NEW/Subject Area Contents/Public Website/Report (PDF)/AER.xdo?_xpf=&_xpt=1&_params%2FOracle%20BI%20EE%3A%3ADefaultApp%3A%3AEVVET3%20PR%20NEW%2FAER%3A%3Adimension%2FAER%20Id%3A%3Aattribute%3A%3Anoaggr%3A%3Axsd%3Adouble=20000501280&_xt=AER&_xf=pdf""> AER </a>",2025-02-05 00:00:00,Veterinarian,Denmark,MALE,Dog,Shih Tzu,"NOBIVAC DHPPI ΚΟΝΙΣ ΚΑΙ ΔΙΑΛΥΤΗΣ ΓΙΑ ΕΝΕΣΙΜΟ ΕΝΑΙΩΡΗΜΑ, NOBIVAC DHPPi, NOBIVAC DHPPi LIOFILIZADO Y DISOLVENTE PARA SUSPENSION INYECTABLE PARA PERROS, NOBIVAC DHPPi, liofilizat i otapalo za suspenziju za injekciju, za pse, NOBIVAC DHPPi, liofilizatas ir skiediklis injekcinei suspensijai ruošti šunims, Nobivac DHPPI  Lyofilisaat voor suspensie voor injectie, Nobivac DHPPi, Nobivac DHPPi Liofilizat i rozpuszczalnik do sporządzania zawiesiny do wstrzykiwań, Nobivac DHPPi Vet. lyofilisat og solvens til injektionsvæske, suspension, Nobivac DHPPi Vet. lyophilisate and solvent for suspension for injection for dogs, Nobivac DHPPi liofilizado e solvente para suspensão injetável para cães, Nobivac DHPPi liofilizāts un šķīdinātājs suspensijas injekcijām pagatavošanai suņiem, Nobivac DHPPi lyofilizát a rozpúšťadlo na injekčnú suspenziu pre psy, Nobivac DHPPi lyophilisat et solvant pour suspension injectable, Nobivac DHPPi vakcina A.U.V., Nobivac DHPPi vet.   Pulver och vätska till injektionsvätska, suspension, Nobivac DHPPi vet. injektiokuiva-aine ja liuotin, suspensiota varten, Nobivac DHPPi vet. lyofilisat og væske til injekssjonsvæske, suspensjon til hund, Nobivac DHPPi vet., Pulver och vätska till injektionsvätska, suspension, Nobivac DHPPi, Lyofilizát pro injekční suspenzi, Nobivac DHPPi, liofilizatas ir skiediklis injekcinei suspensijai ruošti šunims, Nobivac DHPPi, lyofilisaat en suspendeervloeistof voor suspensie voor injectie voor honden, Nobivac DHPPi, süstesuspensiooni lüofilisaat ja lahusti koertele, Nobivac Respira Bb vet. injeksjonsvæske, suspensjon til hund, Nobivac Respira Bb vet. suspension for injection for dogs, Nobivac Respira Bb vet. suspension for injection in pre-filled syringe for dogs, Nobivac Respira Bb ενέσιμο εναιώρημα για σκύλους, Nobivac Respira Bb ενέσιμο εναιώρημα σε προγεμισμένη σύριγγα για σκύλους, Onsior 10 mg  - Tablet (dogs), Onsior 20 mg  - Tablet (dogs), Onsior 20 mg/ml  - Solution for injection (cats and dogs), Onsior 40 mg  - Tablet (dogs), Onsior 5 mg  - Tablet (dogs), Onsior 6 mg  - Tablet (cats)",Injection site lump,1,1,
DNK-ZOETISPV-2025-DK-00095,"<a target=""_blank""  href=""/xmlpserver/EVVET3 PW NEW/Subject Area Contents/Public Website/Report (PDF)/AER.xdo?_xpf=&_xpt=1&_params%2FOracle%20BI%20EE%3A%3ADefaultApp%3A%3AEVVET3%20PR%20NEW%2FAER%3A%3Adimension%2FAER%20Id%3A%3Aattribute%3A%3Anoaggr%3A%3Axsd%3Adouble=20000617400&_xt=AER&_xf=pdf""> AER </a>",2025-09-08 00:00:00,Veterinarian,Denmark,MALE,Dog,Retriever - Labrador,"Librela 10 mg - Solution for injection, Librela 15 mg - Solution for injection, Librela 20 mg - Solution for injection, Librela 30 mg - Solution for injection, Librela 5 mg - Solution for injection, Onsior 10 mg  - Tablet (dogs), Onsior 20 mg  - Tablet (dogs), Onsior 20 mg/ml  - Solution for injection (cats and dogs), Onsior 40 mg  - Tablet (dogs), Onsior 5 mg  - Tablet (dogs), Onsior 6 mg  - Tablet (cats)","Polydipsia, Polyuria",1,1,
DNK-ZZELANCO-DK2024_000175,"<a target=""_blank""  href=""/xmlpserver/EVVET3 PW NEW/Subject Area Contents/Public Website/Report (PDF)/AER.xdo?_xpf=&_xpt=1&_params%2FOracle%20BI%20EE%3A%3ADefaultApp%3A%3AEVVET3%20PR%20NEW%2FAER%3A%3Adimension%2FAER%20Id%3A%3Aattribute%3A%3Anoaggr%3A%3Axsd%3Adouble=20000490728&_xt=AER&_xf=pdf""> AER </a>",2025-01-10 00:00:00,Veterinarian,Denmark,MALE,Dog,Shiba Inu,"BUTOMIDOR, 10mg/ml, Injekční roztok, BUTOMIDOR, soluție injectabilă, Butador 10 mg/ml solution for injection for horses, dogs and cats, Butomidor 10 mg/mL, otopina za injekciju, za konje, pse i mačke, Butomidor 10 mg/ml Injektionslösung für Pferde, Hunde und Katzen, Butomidor 10 mg/ml Roztwór do wstrzykiwań, Butomidor 10 mg/ml injekčný roztok pre kone, psy a mačky, Butomidor 10 mg/ml oldatos injekció A.U.V., Butomidor 10 mg/ml ΕΝΕΣΙΜΟ ΔΙΑΛΥΜΑ, Butomidor, 10 mg/ml süstelahus hobustele, koertele ja kassidele, Dexdomitor 0.5 mg/ml - Solution for injection, Neptra 16.7 mg/ml florfenicol + 16.7 mg/ml terbinafine hydrochloride + 2.2 mg/ml mometasone furoate - Ear drops, solution in single-dose container, Onsior 20 mg/ml  - Solution for injection (cats and dogs), PropoFlo Plus, 10mg/ml, Emulsion for Injection, Vetemex 10 mg/ml solution for injection for dogs and cats, Бутомидор 10 mg/ml – инжекционен разтвор за коне, кучета и котки","Ataxia, Deafness NOS, Decreased appetite, Head tilt - ear disorder, Mental impairment NOS, Tympanic rupture",1,1,
DNK-ZZELANCO-DK2025_000007,"<a target=""_blank""  href=""/xmlpserver/EVVET3 PW NEW/Subject Area Contents/Public Website/Report (PDF)/AER.xdo?_xpf=&_xpt=1&_params%2FOracle%20BI%20EE%3A%3ADefaultApp%3A%3AEVVET3%20PR%20NEW%2FAER%3A%3Adimension%2FAER%20Id%3A%3Aattribute%3A%3Anoaggr%3A%3Axsd%3Adouble=20000518180&_xt=AER&_xf=pdf""> AER </a>",2025-03-10 00:00:00,Veterinarian,Denmark,FEMALE,Dog,Dog (other),Onsior 10 mg  - Tablet (dogs),"Cystitis, Polydipsia, Polyuria",1,1,
DNK-ZZELANCO-DK2025_000022,"<a target=""_blank""  href=""/xmlpserver/EVVET3 PW NEW/Subject Area Contents/Public Website/Report (PDF)/AER.xdo?_xpf=&_xpt=1&_params%2FOracle%20BI%20EE%3A%3ADefaultApp%3A%3AEVVET3%20PR%20NEW%2FAER%3A%3Adimension%2FAER%20Id%3A%3Aattribute%3A%3Anoaggr%3A%3Axsd%3Adouble=20000539393&_xt=AER&_xf=pdf""> AER </a>",2025-04-17 00:00:00,Veterinarian,Denmark,MALE,Dog,Schnauzer - Miniature,"Loxicom 0.5 mg/ml  - Oral suspension (cats), Loxicom 0.5 mg/ml  - Oral suspension (dogs), Loxicom 1 mg  - Chewable tablet (dogs), Loxicom 1.5 mg/ml  - Oral suspension (dogs), Loxicom 2.5 mg  - Chewable tablet (dogs), Loxicom 20 mg/ml - Solution for injection (cattle, pigs, horses), Loxicom 5 mg/ml  - Solution for injection (cats, dogs), Loxicom 50 mg/g  - Oral paste (horses), Onsior 10 mg  - Tablet (dogs)","Apathy, Unable to rise",1,1,
DNK-ZZELANCO-DK2025_000046,"<a target=""_blank""  href=""/xmlpserver/EVVET3 PW NEW/Subject Area Contents/Public Website/Report (PDF)/AER.xdo?_xpf=&_xpt=1&_params%2FOracle%20BI%20EE%3A%3ADefaultApp%3A%3AEVVET3%20PR%20NEW%2FAER%3A%3Adimension%2FAER%20Id%3A%3Aattribute%3A%3Anoaggr%3A%3Axsd%3Adouble=20000560073&_xt=AER&_xf=pdf""> AER </a>",2025-05-26 00:00:00,Veterinarian,Denmark,MALE,Dog,"Retriever - Labrador, Spaniel - Springer English","Comfortan 10 mg/ml solution for injection for dogs and cats, Onsior 20 mg  - Tablet (dogs), Onsior 20 mg/ml  - Solution for injection (cats and dogs), Vetemex 10 mg/ml solution for injection for dogs and cats",Diarrhoea,1,1,
DNK-ZZELANCO-DK2025_000081,"<a target=""_blank""  href=""/xmlpserver/EVVET3 PW NEW/Subject Area Contents/Public Website/Report (PDF)/AER.xdo?_xpf=&_xpt=1&_params%2FOracle%20BI%20EE%3A%3ADefaultApp%3A%3AEVVET3%20PR%20NEW%2FAER%3A%3Adimension%2FAER%20Id%3A%3Aattribute%3A%3Anoaggr%3A%3Axsd%3Adouble=20000596831&_xt=AER&_xf=pdf""> AER </a>",2025-07-29 00:00:00,Veterinarian,Denmark,FEMALE,Dog,Retriever - Labrador,Onsior 40 mg  - Tablet (dogs),"Depression, Elevated alanine aminotransferase (ALT), Elevated bile acids, Elevated serum alkaline phosphatase (ALP), Elevated total bilirubin, Partial anorexia, Weight loss, Yellow mucous membranes",1,1,
DNK-ZZELANCO-DK2025_000086,"<a target=""_blank""  href=""/xmlpserver/EVVET3 PW NEW/Subject Area Contents/Public Website/Report (PDF)/AER.xdo?_xpf=&_xpt=1&_params%2FOracle%20BI%20EE%3A%3ADefaultApp%3A%3AEVVET3%20PR%20NEW%2FAER%3A%3Adimension%2FAER%20Id%3A%3Aattribute%3A%3Anoaggr%3A%3Axsd%3Adouble=20000607091&_xt=AER&_xf=pdf""> AER </a>",2025-08-18 00:00:00,Veterinarian,Denmark,MALE,Dog,"Maltese, Mixed (Dog)","OPTIMMUNE, OPTIMMUNE 2 mg/g POMADA OFTALMICA PARA PERROS, OPTIMMUNE 2 mg/g očná masť pre psy, OPTIMMUNE 2 mg/g, unguento oftalmico per cani, OPTIMMUNE POMMADE OPHTALMIQUE POUR CHIENS, OPTIMMUNE, 2mg, Oční mast, Onsior 10 mg  - Tablet (dogs), Optimmune 2 mg/g Eye Ointment, Optimmune 2 mg/g maść do oczu dla psów, Optimmune 2,0 mg/g Augensalbe für Hunde, Optimmune Augensalbe, Optimmune Vet. 2 mg/g øjensalve, Optimmune szemkenőcs A.U.V., Optimmune vet 2 mg/g silmävoide koirille, Optimmune vet. 2 mg/g øyesalve til hund","Abnormal tail posture, Attention-seeking behaviour, Barking, Shaking, Unwell",1,1,
ESP-ESPAGMED-962025,"<a target=""_blank""  href=""/xmlpserver/EVVET3 PW NEW/Subject Area Contents/Public Website/Report (PDF)/AER.xdo?_xpf=&_xpt=1&_params%2FOracle%20BI%20EE%3A%3ADefaultApp%3A%3AEVVET3%20PR%20NEW%2FAER%3A%3Adimension%2FAER%20Id%3A%3Aattribute%3A%3Anoaggr%3A%3Axsd%3Adouble=20000497530&_xt=AER&_xf=pdf""> AER </a>",2025-01-28 00:00:00,Veterinarian,Spain,MALE,Dog,Terrier - Yorkshire,"Librela 5 mg - Solution for injection, Onsior 6 mg  - Tablet (cats)",Lack of efficacy - NOS,1,1,
ESP-FRVIRBAC-VB-20250213-00683,"<a target=""_blank""  href=""/xmlpserver/EVVET3 PW NEW/Subject Area Contents/Public Website/Report (PDF)/AER.xdo?_xpf=&_xpt=1&_params%2FOracle%20BI%20EE%3A%3ADefaultApp%3A%3AEVVET3%20PR%20NEW%2FAER%3A%3Adimension%2FAER%20Id%3A%3Aattribute%3A%3Anoaggr%3A%3Axsd%3Adouble=20000517085&_xt=AER&_xf=pdf""> AER </a>",2025-03-07 00:00:00,Veterinarian,Spain,MALE,Dog,Shepherd Dog - German,"Onsior 10 mg  - Tablet (dogs), Onsior 20 mg  - Tablet (dogs), Onsior 20 mg/ml  - Solution for injection (cats and dogs), Onsior 40 mg  - Tablet (dogs), Onsior 5 mg  - Tablet (dogs), Onsior 6 mg  - Tablet (cats), Ypozane 15 mg  - Tablet","Collapse (see also Cardio-vascular and Systemic disorders), Dazed, Death, Elevated cholesterol (total), Falling, Hypoalbuminaemia, Hypocortisolaemia, Incoordination, Leukocytosis NOS, Low pancreatic enzymes, Low serum alkaline phosphatase (ALP), Monocytosis, Nephrotic syndrome, Neutrophilia, Polyuria, Proprioception loss, Proteinuria, Pulmonary thromboembolism, Recumbency, Unable to rise, Vomiting",1,1,1
ESP-NORBROOK-2025-ES-NOR-00025,"<a target=""_blank""  href=""/xmlpserver/EVVET3 PW NEW/Subject Area Contents/Public Website/Report (PDF)/AER.xdo?_xpf=&_xpt=1&_params%2FOracle%20BI%20EE%3A%3ADefaultApp%3A%3AEVVET3%20PR%20NEW%2FAER%3A%3Adimension%2FAER%20Id%3A%3Aattribute%3A%3Anoaggr%3A%3Axsd%3Adouble=20000577906&_xt=AER&_xf=pdf""> AER </a>",2025-06-25 00:00:00,Other,Spain,MIXED,Dog,Dog (unknown),"B. Braun Vet Care Hartmann Ringerlactaat oplossing voor infusie voor runderen, paarden, schapen, geiten, varkens, honden en katten, EQUIPROMAZINA 5 mg/ml SOLUCION INYECTABLE, Isoflurane 100% Inhalation Vapour, Liquid, Lactato-RingerVet Solution for infusion for cattle, horses, sheep, goats, pigs, dogs and cats, Metacam 0.5 mg/ml - Oral suspension (cats, guinea pigs), Metacam 0.5 mg/ml - Oral suspension (dogs), Metacam 1 mg - Chewable tablet (dogs), Onsior 10 mg  - Tablet (dogs), Onsior 20 mg  - Tablet (dogs), Onsior 20 mg/ml  - Solution for injection (cats and dogs), Onsior 40 mg  - Tablet (dogs), Onsior 5 mg  - Tablet (dogs), Vetofol 10 mg/ml Emulsion for Injection for Cats and Dogs, Vetofol 10mg/ml Emulsion for Injection for cats and dogs","Elevated C-reactive protein, Other abnormal test result NOS, Pain NOS",60,60,
ESP-ZOETISPV-2025-ES-00526,"<a target=""_blank""  href=""/xmlpserver/EVVET3 PW NEW/Subject Area Contents/Public Website/Report (PDF)/AER.xdo?_xpf=&_xpt=1&_params%2FOracle%20BI%20EE%3A%3ADefaultApp%3A%3AEVVET3%20PR%20NEW%2FAER%3A%3Adimension%2FAER%20Id%3A%3Aattribute%3A%3Anoaggr%3A%3Axsd%3Adouble=20000604880&_xt=AER&_xf=pdf""> AER </a>",2025-08-13 00:00:00,Veterinarian,Spain,FEMALE,Dog,"Crossbred Canine/dog, Retriever - Labrador","Librela 10 mg - Solution for injection, Librela 15 mg - Solution for injection, Librela 20 mg - Solution for injection, Librela 30 mg - Solution for injection, Librela 5 mg - Solution for injection, Onsior 10 mg  - Tablet (dogs), Onsior 20 mg  - Tablet (dogs), Onsior 20 mg/ml  - Solution for injection (cats and dogs), Onsior 40 mg  - Tablet (dogs), Onsior 5 mg  - Tablet (dogs), Onsior 6 mg  - Tablet (cats)","Abnormal radiograph finding, Anorexia, Aspiration pneumonia, Death by euthanasia, Facial paralysis, Fever, Lameness, Megaoesophagus, Peripheral neuropathy, Quadriparesis, Reduced reflexes, Regurgitation",1,1,1
ESP-ZZELANCO-ES2025_000535,"<a target=""_blank""  href=""/xmlpserver/EVVET3 PW NEW/Subject Area Contents/Public Website/Report (PDF)/AER.xdo?_xpf=&_xpt=1&_params%2FOracle%20BI%20EE%3A%3ADefaultApp%3A%3AEVVET3%20PR%20NEW%2FAER%3A%3Adimension%2FAER%20Id%3A%3Aattribute%3A%3Anoaggr%3A%3Axsd%3Adouble=20000570791&_xt=AER&_xf=pdf""> AER </a>",2025-06-12 00:00:00,Other,Spain,MIXED,Dog,Dog (unknown),"B. Braun Vet Care Hartmann Ringerlactaat oplossing voor infusie voor runderen, paarden, schapen, geiten, varkens, honden en katten, EQUIPROMAZINA 5 mg/ml SOLUCION INYECTABLE, Isoflurane 100% Inhalation Vapour, Liquid, Lactato-RingerVet Solution for infusion for cattle, horses, sheep, goats, pigs, dogs and cats, Onsior 10 mg  - Tablet (dogs), Onsior 20 mg  - Tablet (dogs), Onsior 20 mg/ml  - Solution for injection (cats and dogs), Onsior 40 mg  - Tablet (dogs), Onsior 5 mg  - Tablet (dogs), Vetofol 10 mg/ml Emulsion for Injection for Cats and Dogs, Vetofol 10 mg/ml emúlziós injekció A.U.V., Vetofol 10mg/ml Emulsion for Injection for cats and dogs",Lack of efficacy - NOS,2,21,
FIN-FINAMVET-202500529,"<a target=""_blank""  href=""/xmlpserver/EVVET3 PW NEW/Subject Area Contents/Public Website/Report (PDF)/AER.xdo?_xpf=&_xpt=1&_params%2FOracle%20BI%20EE%3A%3ADefaultApp%3A%3AEVVET3%20PR%20NEW%2FAER%3A%3Adimension%2FAER%20Id%3A%3Aattribute%3A%3Anoaggr%3A%3Axsd%3Adouble=20000577000&_xt=AER&_xf=pdf""> AER </a>",2025-06-24 00:00:00,Animal owner,Finland,MALE,Dog,Greyhound - Spanish,"Onsior 10 mg  - Tablet (dogs), Onsior 20 mg  - Tablet (dogs), Onsior 20 mg/ml  - Solution for injection (cats and dogs), Onsior 40 mg  - Tablet (dogs), Onsior 5 mg  - Tablet (dogs), Onsior 6 mg  - Tablet (cats)","Diarrhoea, Dyspepsia, Vomiting",1,,
FIN-ZOETISPV-2024-FI-00470,"<a target=""_blank""  href=""/xmlpserver/EVVET3 PW NEW/Subject Area Contents/Public Website/Report (PDF)/AER.xdo?_xpf=&_xpt=1&_params%2FOracle%20BI%20EE%3A%3ADefaultApp%3A%3AEVVET3%20PR%20NEW%2FAER%3A%3Adimension%2FAER%20Id%3A%3Aattribute%3A%3Anoaggr%3A%3Axsd%3Adouble=20000505429&_xt=AER&_xf=pdf""> AER </a>",2025-02-12 00:00:00,Veterinarian,Finland,UNKNOWN,Dog,Akita,"Librela 10 mg - Solution for injection, Librela 15 mg - Solution for injection, Librela 20 mg - Solution for injection, Librela 30 mg - Solution for injection, Librela 5 mg - Solution for injection, Onsior 10 mg  - Tablet (dogs), Onsior 20 mg  - Tablet (dogs), Onsior 20 mg/ml  - Solution for injection (cats and dogs), Onsior 40 mg  - Tablet (dogs), Onsior 5 mg  - Tablet (dogs), Onsior 6 mg  - Tablet (cats)","Ataxia, Stumbling gait",1,1,
FRA-FRAANMVF-202503944,"<a target=""_blank""  href=""/xmlpserver/EVVET3 PW NEW/Subject Area Contents/Public Website/Report (PDF)/AER.xdo?_xpf=&_xpt=1&_params%2FOracle%20BI%20EE%3A%3ADefaultApp%3A%3AEVVET3%20PR%20NEW%2FAER%3A%3Adimension%2FAER%20Id%3A%3Aattribute%3A%3Anoaggr%3A%3Axsd%3Adouble=20000572204&_xt=AER&_xf=pdf""> AER </a>",2025-06-16 00:00:00,Veterinarian,France,MALE,Dog,Bulldog - French,Onsior 10 mg  - Tablet (dogs),Vomiting,1,1,
FRA-FRAANMVF-202504354,"<a target=""_blank""  href=""/xmlpserver/EVVET3 PW NEW/Subject Area Contents/Public Website/Report (PDF)/AER.xdo?_xpf=&_xpt=1&_params%2FOracle%20BI%20EE%3A%3ADefaultApp%3A%3AEVVET3%20PR%20NEW%2FAER%3A%3Adimension%2FAER%20Id%3A%3Aattribute%3A%3Anoaggr%3A%3Axsd%3Adouble=20000582147&_xt=AER&_xf=pdf""> AER </a>",2025-07-02 00:00:00,Veterinarian,France,MALE,Dog,Brittany,Onsior 20 mg  - Tablet (dogs),"Anorexia, Lethargy (see also Central nervous system depression in Neurological)",1,1,
FRA-FRAANMVF-202505567,"<a target=""_blank""  href=""/xmlpserver/EVVET3 PW NEW/Subject Area Contents/Public Website/Report (PDF)/AER.xdo?_xpf=&_xpt=1&_params%2FOracle%20BI%20EE%3A%3ADefaultApp%3A%3AEVVET3%20PR%20NEW%2FAER%3A%3Adimension%2FAER%20Id%3A%3Aattribute%3A%3Anoaggr%3A%3Axsd%3Adouble=20000618325&_xt=AER&_xf=pdf""> AER </a>",2025-09-09 00:00:00,Veterinarian,France,FEMALE,Dog,Terrier - Yorkshire,"BIOCLAMOX 250/62,5 MG COMPRIMES POUR CHIENS ET CHATS, Onsior 10 mg  - Tablet (dogs), Tralieve 20 mg chewable tablets for dogs","Crust, Pyoderma",1,1,
FRA-FRAANMVF-202505568,"<a target=""_blank""  href=""/xmlpserver/EVVET3 PW NEW/Subject Area Contents/Public Website/Report (PDF)/AER.xdo?_xpf=&_xpt=1&_params%2FOracle%20BI%20EE%3A%3ADefaultApp%3A%3AEVVET3%20PR%20NEW%2FAER%3A%3Adimension%2FAER%20Id%3A%3Aattribute%3A%3Anoaggr%3A%3Axsd%3Adouble=20000618326&_xt=AER&_xf=pdf""> AER </a>",2025-09-09 00:00:00,Veterinarian,France,FEMALE,Dog,Terrier - Yorkshire,"BIOCLAMOX 250/62,5 MG COMPRIMES POUR CHIENS ET CHATS, Onsior 10 mg  - Tablet (dogs), Tralieve 20 mg chewable tablets for dogs, ZODON 88 MG CHEWABLE TABLETS FOR DOGS","Crust, Pyoderma",1,1,
FRA-ZOETISPV-2025-FR-00021,"<a target=""_blank""  href=""/xmlpserver/EVVET3 PW NEW/Subject Area Contents/Public Website/Report (PDF)/AER.xdo?_xpf=&_xpt=1&_params%2FOracle%20BI%20EE%3A%3ADefaultApp%3A%3AEVVET3%20PR%20NEW%2FAER%3A%3Adimension%2FAER%20Id%3A%3Aattribute%3A%3Anoaggr%3A%3Axsd%3Adouble=20000506106&_xt=AER&_xf=pdf""> AER </a>",2025-02-13 00:00:00,Animal owner,France,MALE,Dog,"Dog (unknown), Terrier - Border","Bupaq 0,3 mg/ml Injektionslösung für Hunde und Katzen, DEXADRESON, DEXADRESON 2 MG/ML SOLUTION INJECTABLE POUR CHEVAUX BOVINS CAPRINS PORCINS CHIENS ET CHATS, DEXADRESON 2 mg/ml injekčný roztok, DEXADRESON 2MG/ML ΕΝΕΣΙΜΟ ΔΙΑΛΥΜΑ, DEXADRESON, 2 mg/ml Soluzione iniettabile per cavalli non destinati alla produzione di alimenti per il consumo umano, cani e gatti, DEXADRESON, 2 mg/ml Soluzione iniettabile per cavalli, bovini, suini, capre, cani e gatti, Dexadreson 2 mg/ml oldatos injekció szarvasmarhák,lovak,sertések,kutyák és macskák részére A.U.V., Dexadreson 2 mg/ml solution for injection, Dexadreson 2 mg/ml, ενέσιμο διάλυμα, Dexadreson 2,0 mg/ml oplossing voor injectie voor hond en kat, Dexadreson 2,0 mg/ml oplossing voor injectie voor rund, Dexadreson Vet. 2 mg/ml injektionsvæske, opløsning, Dexadreson, 2mg/ml, Injekční roztok, Dexadreson® vet., solution for injection, Librela 10 mg - Solution for injection, Librela 15 mg - Solution for injection, Librela 20 mg - Solution for injection, Librela 30 mg - Solution for injection, Librela 5 mg - Solution for injection, Metacam 0.5 mg/ml - Oral suspension (cats, guinea pigs), Metacam 0.5 mg/ml - Oral suspension (dogs), Metacam 1 mg - Chewable tablet (dogs), Metacam 1.5 mg/ml - Oral suspension (dogs), Metacam 15 mg/ml - Oral suspension (horses), Metacam 15 mg/ml - Oral suspension (pigs), Metacam 2 mg/ml - Solution for injection (cats), Metacam 2.5 mg - Chewable tablet (dogs), Metacam 20 mg/ml - Solution for injection (cattle, pigs, horses), Metacam 40 mg/ml - Solution for injection (cattle, horses), Metacam 5 mg/ml - Solution for injection (cats, dogs), Metacam 5 mg/ml - Solution for injection (cattle, pigs), Metacam 5 mg/ml - Solution for injection (dogs), Onsior 10 mg  - Tablet (dogs), Onsior 20 mg  - Tablet (dogs), Onsior 20 mg/ml  - Solution for injection (cats and dogs), Onsior 40 mg  - Tablet (dogs), Onsior 5 mg  - Tablet (dogs), Onsior 6 mg  - Tablet (cats), Prednicortone 20 mg tablets for dogs and cats, Prednicortone 5 mg tablets for dogs and cats, Prednicortone vet. 20 mg tablets for dogs, Prednicortone vet. 5 mg tablets for dogs and cats","Anorexia, Ataxia, Behavioural disorder NOS, Brain tumour, Confusion, Falling, Neurological symptoms NOS, Seizure NOS, Urinary incontinence",1,1,
FRA-ZZELANCO-FR2025_000084,"<a target=""_blank""  href=""/xmlpserver/EVVET3 PW NEW/Subject Area Contents/Public Website/Report (PDF)/AER.xdo?_xpf=&_xpt=1&_params%2FOracle%20BI%20EE%3A%3ADefaultApp%3A%3AEVVET3%20PR%20NEW%2FAER%3A%3Adimension%2FAER%20Id%3A%3Aattribute%3A%3Anoaggr%3A%3Axsd%3Adouble=20000509223&_xt=AER&_xf=pdf""> AER </a>",2025-02-20 00:00:00,Veterinarian,France,FEMALE,Dog,Terrier - American Staffordshire,"Onsior 10 mg  - Tablet (dogs), Onsior 20 mg  - Tablet (dogs), Onsior 20 mg/ml  - Solution for injection (cats and dogs), Onsior 40 mg  - Tablet (dogs), Onsior 5 mg  - Tablet (dogs), Onsior 6 mg  - Tablet (cats)",Rash,1,1,
FRA-ZZELANCO-FR2025_000519,"<a target=""_blank""  href=""/xmlpserver/EVVET3 PW NEW/Subject Area Contents/Public Website/Report (PDF)/AER.xdo?_xpf=&_xpt=1&_params%2FOracle%20BI%20EE%3A%3ADefaultApp%3A%3AEVVET3%20PR%20NEW%2FAER%3A%3Adimension%2FAER%20Id%3A%3Aattribute%3A%3Anoaggr%3A%3Axsd%3Adouble=20000569158&_xt=AER&_xf=pdf""> AER </a>",2025-06-10 00:00:00,Other,France,MIXED,Dog,Mixed (Dog),"Onsior 20 mg  - Tablet (dogs), Onsior 40 mg  - Tablet (dogs), Onsior 5 mg  - Tablet (dogs)","Blood in faeces, Decreased haematocrit, Decreased red blood cell count, Diarrhoea, Elevated alanine aminotransferase (ALT), Hepatic disorder NOS, Hypernatraemia, Lack of efficacy - NOS, Vomiting",74,125,
GBR-BIAHPV1P-25UK000716,"<a target=""_blank""  href=""/xmlpserver/EVVET3 PW NEW/Subject Area Contents/Public Website/Report (PDF)/AER.xdo?_xpf=&_xpt=1&_params%2FOracle%20BI%20EE%3A%3ADefaultApp%3A%3AEVVET3%20PR%20NEW%2FAER%3A%3Adimension%2FAER%20Id%3A%3Aattribute%3A%3Anoaggr%3A%3Axsd%3Adouble=20000520158&_xt=AER&_xf=pdf""> AER </a>",2025-03-13 00:00:00,Veterinarian,United Kingdom,MALE,Dog,Poodle - Miniature,"Onsior 10 mg  - Tablet (dogs), Onsior 20 mg  - Tablet (dogs), Onsior 20 mg/ml  - Solution for injection (cats and dogs), Onsior 40 mg  - Tablet (dogs), Onsior 5 mg  - Tablet (dogs), Onsior 6 mg  - Tablet (cats), Vetmedin Chew 5 mg Kautabletten für Hunde","Behavioural disorder NOS, Vacant",1,1,
GBR-BIAHPV1P-25UK000736,"<a target=""_blank""  href=""/xmlpserver/EVVET3 PW NEW/Subject Area Contents/Public Website/Report (PDF)/AER.xdo?_xpf=&_xpt=1&_params%2FOracle%20BI%20EE%3A%3ADefaultApp%3A%3AEVVET3%20PR%20NEW%2FAER%3A%3Adimension%2FAER%20Id%3A%3Aattribute%3A%3Anoaggr%3A%3Axsd%3Adouble=20000520139&_xt=AER&_xf=pdf""> AER </a>",2025-03-13 00:00:00,Other health care professional,United Kingdom,MALE,Dog,Saint Bernard Dog,"Onsior 10 mg  - Tablet (dogs), Onsior 20 mg  - Tablet (dogs), Onsior 20 mg/ml  - Solution for injection (cats and dogs), Onsior 40 mg  - Tablet (dogs), Onsior 5 mg  - Tablet (dogs), Onsior 6 mg  - Tablet (cats), Previcox 227 mg - Chewable tablet",Aggression,1,1,
GBR-BIAHPV1P-25UK001217,"<a target=""_blank""  href=""/xmlpserver/EVVET3 PW NEW/Subject Area Contents/Public Website/Report (PDF)/AER.xdo?_xpf=&_xpt=1&_params%2FOracle%20BI%20EE%3A%3ADefaultApp%3A%3AEVVET3%20PR%20NEW%2FAER%3A%3Adimension%2FAER%20Id%3A%3Aattribute%3A%3Anoaggr%3A%3Axsd%3Adouble=20000557370&_xt=AER&_xf=pdf""> AER </a>",2025-05-21 00:00:00,Other health care professional,United Kingdom,FEMALE,Dog,Crossbred Canine/dog,"FORTEKOR 2,5 COMPRIMES POUR CHATS ET CHIENS, FORTEKOR 2,5 compresse per cani di piccola taglia e gatti, FORTEKOR 2,5 mg comprimés pour chiens et chats, FORTEKOR 20 Compresse rivestite con film per cani, FORTEKOR 5 Compresse rivestite con film per cani e gatti, FORTEKOR F 20 COMPRIMES POUR CHIENS, FORTEKOR F 5 COMPRIMES POUR CHATS ET CHIENS, Fortekor 2,5 mg  Tablet, Fortekor 2,5 mg, tabletten voor honden en katten, Fortekor 2.5 mg tablets for cats and dogs, Fortekor Gourmet 2,5 mg, Fortekor Vet. 2,5 mg tabletter, Fortekor Vet. 20 mg tabletter, Fortekor Vet. 5 mg tabletter, Fortekor vet. 2,5 mg Tablett, Fortekor vet. 2,5 mg tabletit kissoille ja koirille, Fortekor vet. 2,5 mg, tabletter til hund og katt, Fortekor vet. 20 mg Tablett, Fortekor vet. 20 mg tabletit koirille, Fortekor vet. 20 mg, tabletter til hund, Fortekor vet. 5 mg Tablett, Fortekor vet. 5 mg tabletit kissoille ja koirille, Fortekor vet. 5 mg, tabletter til hund og katt, Onsior 10 mg  - Tablet (dogs), Onsior 20 mg  - Tablet (dogs), Onsior 20 mg/ml  - Solution for injection (cats and dogs), Onsior 40 mg  - Tablet (dogs), Onsior 5 mg  - Tablet (dogs), Onsior 6 mg  - Tablet (cats), Semintra 4 mg/ml  - Oral solution","Lack of efficacy - NOS, Urine abnormalities NOS",1,1,
GBR-BIAHPV1P-25UK002148,"<a target=""_blank""  href=""/xmlpserver/EVVET3 PW NEW/Subject Area Contents/Public Website/Report (PDF)/AER.xdo?_xpf=&_xpt=1&_params%2FOracle%20BI%20EE%3A%3ADefaultApp%3A%3AEVVET3%20PR%20NEW%2FAER%3A%3Adimension%2FAER%20Id%3A%3Aattribute%3A%3Anoaggr%3A%3Axsd%3Adouble=20000608575&_xt=AER&_xf=pdf""> AER </a>",2025-08-21 00:00:00,Veterinarian,United Kingdom,MALE,Dog,Crossbred Canine/dog,"Metacam 1.5 mg/ml - Oral suspension (dogs), Onsior 10 mg  - Tablet (dogs), Onsior 20 mg  - Tablet (dogs), Onsior 20 mg/ml  - Solution for injection (cats and dogs), Onsior 40 mg  - Tablet (dogs), Onsior 5 mg  - Tablet (dogs), Onsior 6 mg  - Tablet (cats)","Lack of efficacy - NOS, Sleepiness - systemic disorder",1,1,
GBR-CEVAPROD-2025-UK-000078,"<a target=""_blank""  href=""/xmlpserver/EVVET3 PW NEW/Subject Area Contents/Public Website/Report (PDF)/AER.xdo?_xpf=&_xpt=1&_params%2FOracle%20BI%20EE%3A%3ADefaultApp%3A%3AEVVET3%20PR%20NEW%2FAER%3A%3Adimension%2FAER%20Id%3A%3Aattribute%3A%3Anoaggr%3A%3Axsd%3Adouble=20000526597&_xt=AER&_xf=pdf""> AER </a>",2025-03-26 00:00:00,Other health care professional,United Kingdom,FEMALE,Dog,Spaniel - King Charles Cavalier,"LIBEO 40 MG CHEWABLE TABLETS FOR DOGS, Onsior 10 mg  - Tablet (dogs), Onsior 20 mg  - Tablet (dogs), Onsior 20 mg/ml  - Solution for injection (cats and dogs), Onsior 40 mg  - Tablet (dogs), Onsior 5 mg  - Tablet (dogs), Onsior 6 mg  - Tablet (cats), Vetmedin Chew 5 mg Kautabletten für Hunde","Haematuria, Polydipsia",1,1,
GBR-DECHRALT-2024-20276,"<a target=""_blank""  href=""/xmlpserver/EVVET3 PW NEW/Subject Area Contents/Public Website/Report (PDF)/AER.xdo?_xpf=&_xpt=1&_params%2FOracle%20BI%20EE%3A%3ADefaultApp%3A%3AEVVET3%20PR%20NEW%2FAER%3A%3Adimension%2FAER%20Id%3A%3Aattribute%3A%3Anoaggr%3A%3Axsd%3Adouble=20000495626&_xt=AER&_xf=pdf""> AER </a>",2025-01-23 00:00:00,Veterinarian,United Kingdom,FEMALE,Dog,Shih Tzu,"Onsior 10 mg  - Tablet (dogs), Onsior 20 mg  - Tablet (dogs), Onsior 20 mg/ml  - Solution for injection (cats and dogs), Onsior 40 mg  - Tablet (dogs), Onsior 5 mg  - Tablet (dogs), Onsior 6 mg  - Tablet (cats), Vetoryl 5 mg hard capsules for dogs","Elevated liver enzymes NOS, Elevated serum alkaline phosphatase (ALP), Musculoskeletal pain, Sleep disturbance NOS, Stomach upset, Twitching, Unsettled, Whining",1,1,
GBR-MERCKMSD-2025-UK-05934,"<a target=""_blank""  href=""/xmlpserver/EVVET3 PW NEW/Subject Area Contents/Public Website/Report (PDF)/AER.xdo?_xpf=&_xpt=1&_params%2FOracle%20BI%20EE%3A%3ADefaultApp%3A%3AEVVET3%20PR%20NEW%2FAER%3A%3Adimension%2FAER%20Id%3A%3Aattribute%3A%3Anoaggr%3A%3Axsd%3Adouble=20000609330&_xt=AER&_xf=pdf""> AER </a>",2025-08-22 00:00:00,Veterinarian,United Kingdom,FEMALE,Dog,Terrier - Tibetan,"LEVENTA 1MG/ML ΠΟΣΙΜΟ ΔΙΑΛΥΜΑ, Leventa 1 mg/ml oral solution for dogs, Onsior 10 mg  - Tablet (dogs), Onsior 20 mg  - Tablet (dogs), Onsior 20 mg/ml  - Solution for injection (cats and dogs), Onsior 40 mg  - Tablet (dogs), Onsior 5 mg  - Tablet (dogs), Onsior 6 mg  - Tablet (cats)","Abnormal radiograph finding, Decreased urine concentration, Distension of abdomen, Elevated alanine aminotransferase (ALT), Elevated creatinine, Elevated haematocrit, Elevated serum alkaline phosphatase (ALP), Elevated total bilirubin, Emesis (multiple), Hypercalcaemia, Liver disorder NOS, Off food",1,1,
GBR-ZOETISPV-2023-UK-04868,"<a target=""_blank""  href=""/xmlpserver/EVVET3 PW NEW/Subject Area Contents/Public Website/Report (PDF)/AER.xdo?_xpf=&_xpt=1&_params%2FOracle%20BI%20EE%3A%3ADefaultApp%3A%3AEVVET3%20PR%20NEW%2FAER%3A%3Adimension%2FAER%20Id%3A%3Aattribute%3A%3Anoaggr%3A%3Axsd%3Adouble=20000570538&_xt=AER&_xf=pdf""> AER </a>",2025-06-12 00:00:00,Veterinarian,United Kingdom,MALE,Dog,Retriever - Labrador,"Librela 10 mg - Solution for injection, Librela 15 mg - Solution for injection, Librela 20 mg - Solution for injection, Librela 30 mg - Solution for injection, Librela 5 mg - Solution for injection, Onsior 40 mg  - Tablet (dogs)","Arthritis, Fracture, Musculoskeletal disorder NOS, Overdose",1,1,
GBR-ZOETISPV-2024-UK-05613,"<a target=""_blank""  href=""/xmlpserver/EVVET3 PW NEW/Subject Area Contents/Public Website/Report (PDF)/AER.xdo?_xpf=&_xpt=1&_params%2FOracle%20BI%20EE%3A%3ADefaultApp%3A%3AEVVET3%20PR%20NEW%2FAER%3A%3Adimension%2FAER%20Id%3A%3Aattribute%3A%3Anoaggr%3A%3Axsd%3Adouble=20000490569&_xt=AER&_xf=pdf""> AER </a>",2025-01-10 00:00:00,Veterinarian,United Kingdom,MALE,Dog,Shepherd Dog - German,"Librela 10 mg - Solution for injection, Librela 15 mg - Solution for injection, Librela 20 mg - Solution for injection, Librela 30 mg - Solution for injection, Librela 5 mg - Solution for injection, Onsior 10 mg  - Tablet (dogs), Onsior 20 mg  - Tablet (dogs), Onsior 20 mg/ml  - Solution for injection (cats and dogs), Onsior 40 mg  - Tablet (dogs), Onsior 5 mg  - Tablet (dogs), Onsior 6 mg  - Tablet (cats)",Partial lack of efficacy,1,1,
GBR-ZOETISPV-2025-UK-00005,"<a target=""_blank""  href=""/xmlpserver/EVVET3 PW NEW/Subject Area Contents/Public Website/Report (PDF)/AER.xdo?_xpf=&_xpt=1&_params%2FOracle%20BI%20EE%3A%3ADefaultApp%3A%3AEVVET3%20PR%20NEW%2FAER%3A%3Adimension%2FAER%20Id%3A%3Aattribute%3A%3Anoaggr%3A%3Axsd%3Adouble=20000494892&_xt=AER&_xf=pdf""> AER </a>",2025-01-22 00:00:00,Veterinarian,United Kingdom,FEMALE,Dog,Crossbred Canine/dog,"Librela 10 mg - Solution for injection, Librela 15 mg - Solution for injection, Librela 20 mg - Solution for injection, Librela 30 mg - Solution for injection, Librela 5 mg - Solution for injection, Onsior 10 mg  - Tablet (dogs), Onsior 20 mg  - Tablet (dogs), Onsior 20 mg/ml  - Solution for injection (cats and dogs), Onsior 40 mg  - Tablet (dogs), Onsior 5 mg  - Tablet (dogs), Onsior 6 mg  - Tablet (cats)",Cystitis,1,1,
GBR-ZOETISPV-2025-UK-00051,"<a target=""_blank""  href=""/xmlpserver/EVVET3 PW NEW/Subject Area Contents/Public Website/Report (PDF)/AER.xdo?_xpf=&_xpt=1&_params%2FOracle%20BI%20EE%3A%3ADefaultApp%3A%3AEVVET3%20PR%20NEW%2FAER%3A%3Adimension%2FAER%20Id%3A%3Aattribute%3A%3Anoaggr%3A%3Axsd%3Adouble=20000494809&_xt=AER&_xf=pdf""> AER </a>",2025-01-22 00:00:00,Veterinarian,United Kingdom,FEMALE,Dog,Retriever - Labrador,"Apoquel 16 mg - Film-coated tablet, Librela 10 mg - Solution for injection, Librela 15 mg - Solution for injection, Librela 20 mg - Solution for injection, Librela 30 mg - Solution for injection, Librela 5 mg - Solution for injection, Onsior 10 mg  - Tablet (dogs), Onsior 20 mg  - Tablet (dogs), Onsior 20 mg/ml  - Solution for injection (cats and dogs), Onsior 40 mg  - Tablet (dogs), Onsior 5 mg  - Tablet (dogs), Onsior 6 mg  - Tablet (cats)","Abnormal radiograph finding, Bone and joint disorder NOS, Death by euthanasia, Joint inflammation, Joint swelling, Luxation/subluxation",1,1,1
GBR-ZOETISPV-2025-UK-00263,"<a target=""_blank""  href=""/xmlpserver/EVVET3 PW NEW/Subject Area Contents/Public Website/Report (PDF)/AER.xdo?_xpf=&_xpt=1&_params%2FOracle%20BI%20EE%3A%3ADefaultApp%3A%3AEVVET3%20PR%20NEW%2FAER%3A%3Adimension%2FAER%20Id%3A%3Aattribute%3A%3Anoaggr%3A%3Axsd%3Adouble=20000502288&_xt=AER&_xf=pdf""> AER </a>",2025-02-06 00:00:00,Veterinarian,United Kingdom,MALE,Dog,Shepherd Dog - German,"Librela 10 mg - Solution for injection, Librela 15 mg - Solution for injection, Librela 20 mg - Solution for injection, Librela 30 mg - Solution for injection, Librela 5 mg - Solution for injection, Onsior 10 mg  - Tablet (dogs), Onsior 20 mg  - Tablet (dogs), Onsior 20 mg/ml  - Solution for injection (cats and dogs), Onsior 40 mg  - Tablet (dogs), Onsior 5 mg  - Tablet (dogs), Onsior 6 mg  - Tablet (cats)","Ataxia, Bone and joint disorder NOS, Hind limb paresis, Intervertebral disc disease, Proprioception deficit",1,1,
GBR-ZOETISPV-2025-UK-00354,"<a target=""_blank""  href=""/xmlpserver/EVVET3 PW NEW/Subject Area Contents/Public Website/Report (PDF)/AER.xdo?_xpf=&_xpt=1&_params%2FOracle%20BI%20EE%3A%3ADefaultApp%3A%3AEVVET3%20PR%20NEW%2FAER%3A%3Adimension%2FAER%20Id%3A%3Aattribute%3A%3Anoaggr%3A%3Axsd%3Adouble=20000506004&_xt=AER&_xf=pdf""> AER </a>",2025-02-13 00:00:00,Veterinarian,United Kingdom,FEMALE,Dog,"Crossbred Canine/dog, Rottweiler","Librela 10 mg - Solution for injection, Librela 15 mg - Solution for injection, Librela 20 mg - Solution for injection, Librela 30 mg - Solution for injection, Librela 5 mg - Solution for injection, Onsior 10 mg  - Tablet (dogs), Onsior 20 mg  - Tablet (dogs), Onsior 20 mg/ml  - Solution for injection (cats and dogs), Onsior 40 mg  - Tablet (dogs), Onsior 5 mg  - Tablet (dogs), Onsior 6 mg  - Tablet (cats)","Ataxia, Polydipsia, Seizure NOS",1,1,
GBR-ZOETISPV-2025-UK-00442,"<a target=""_blank""  href=""/xmlpserver/EVVET3 PW NEW/Subject Area Contents/Public Website/Report (PDF)/AER.xdo?_xpf=&_xpt=1&_params%2FOracle%20BI%20EE%3A%3ADefaultApp%3A%3AEVVET3%20PR%20NEW%2FAER%3A%3Adimension%2FAER%20Id%3A%3Aattribute%3A%3Anoaggr%3A%3Axsd%3Adouble=20000507516&_xt=AER&_xf=pdf""> AER </a>",2025-02-17 00:00:00,Veterinarian,United Kingdom,UNKNOWN,Dog,Terrier - Bedlington,"Librela 10 mg - Solution for injection, Librela 15 mg - Solution for injection, Librela 20 mg - Solution for injection, Librela 30 mg - Solution for injection, Librela 5 mg - Solution for injection, Onsior 10 mg  - Tablet (dogs), Onsior 20 mg  - Tablet (dogs), Onsior 20 mg/ml  - Solution for injection (cats and dogs), Onsior 40 mg  - Tablet (dogs), Onsior 5 mg  - Tablet (dogs), Onsior 6 mg  - Tablet (cats)",Elevated liver enzymes NOS,1,1,
GBR-ZOETISPV-2025-UK-00476,"<a target=""_blank""  href=""/xmlpserver/EVVET3 PW NEW/Subject Area Contents/Public Website/Report (PDF)/AER.xdo?_xpf=&_xpt=1&_params%2FOracle%20BI%20EE%3A%3ADefaultApp%3A%3AEVVET3%20PR%20NEW%2FAER%3A%3Adimension%2FAER%20Id%3A%3Aattribute%3A%3Anoaggr%3A%3Axsd%3Adouble=20000508816&_xt=AER&_xf=pdf""> AER </a>",2025-02-19 00:00:00,Veterinarian,United Kingdom,MALE,Dog,Crossbred Canine/dog,"Librela 10 mg - Solution for injection, Librela 15 mg - Solution for injection, Librela 20 mg - Solution for injection, Librela 30 mg - Solution for injection, Librela 5 mg - Solution for injection, Onsior 10 mg  - Tablet (dogs), Onsior 20 mg  - Tablet (dogs), Onsior 20 mg/ml  - Solution for injection (cats and dogs), Onsior 40 mg  - Tablet (dogs), Onsior 5 mg  - Tablet (dogs), Onsior 6 mg  - Tablet (cats)",Partial lack of efficacy,1,1,
GBR-ZOETISPV-2025-UK-00953,"<a target=""_blank""  href=""/xmlpserver/EVVET3 PW NEW/Subject Area Contents/Public Website/Report (PDF)/AER.xdo?_xpf=&_xpt=1&_params%2FOracle%20BI%20EE%3A%3ADefaultApp%3A%3AEVVET3%20PR%20NEW%2FAER%3A%3Adimension%2FAER%20Id%3A%3Aattribute%3A%3Anoaggr%3A%3Axsd%3Adouble=20000522119&_xt=AER&_xf=pdf""> AER </a>",2025-03-18 00:00:00,Veterinarian,United Kingdom,MALE,Dog,Retriever - Labrador,"Librela 10 mg - Solution for injection, Librela 15 mg - Solution for injection, Librela 20 mg - Solution for injection, Librela 30 mg - Solution for injection, Librela 5 mg - Solution for injection, Onsior 40 mg  - Tablet (dogs)",Lack of efficacy - NOS,1,1,
GBR-ZOETISPV-2025-UK-01366,"<a target=""_blank""  href=""/xmlpserver/EVVET3 PW NEW/Subject Area Contents/Public Website/Report (PDF)/AER.xdo?_xpf=&_xpt=1&_params%2FOracle%20BI%20EE%3A%3ADefaultApp%3A%3AEVVET3%20PR%20NEW%2FAER%3A%3Adimension%2FAER%20Id%3A%3Aattribute%3A%3Anoaggr%3A%3Axsd%3Adouble=20000534219&_xt=AER&_xf=pdf""> AER </a>",2025-04-09 00:00:00,Veterinarian,United Kingdom,MALE,Dog,Retriever - Labrador,"Apoquel 16 mg - Film-coated tablet, Onsior 10 mg  - Tablet (dogs), Onsior 20 mg  - Tablet (dogs), Onsior 20 mg/ml  - Solution for injection (cats and dogs), Onsior 40 mg  - Tablet (dogs), Onsior 5 mg  - Tablet (dogs), Onsior 6 mg  - Tablet (cats)",Lymphopenia,1,1,
GBR-ZOETISPV-2025-UK-01403,"<a target=""_blank""  href=""/xmlpserver/EVVET3 PW NEW/Subject Area Contents/Public Website/Report (PDF)/AER.xdo?_xpf=&_xpt=1&_params%2FOracle%20BI%20EE%3A%3ADefaultApp%3A%3AEVVET3%20PR%20NEW%2FAER%3A%3Adimension%2FAER%20Id%3A%3Aattribute%3A%3Anoaggr%3A%3Axsd%3Adouble=20000538292&_xt=AER&_xf=pdf""> AER </a>",2025-04-16 00:00:00,Veterinarian,United Kingdom,MALE,Dog,Retriever - Labrador,"Librela 10 mg - Solution for injection, Librela 15 mg - Solution for injection, Librela 20 mg - Solution for injection, Librela 30 mg - Solution for injection, Librela 5 mg - Solution for injection, Onsior 10 mg  - Tablet (dogs), Onsior 20 mg  - Tablet (dogs), Onsior 20 mg/ml  - Solution for injection (cats and dogs), Onsior 40 mg  - Tablet (dogs), Onsior 5 mg  - Tablet (dogs), Onsior 6 mg  - Tablet (cats)","Exercise intolerance, Lethargy (see also Central nervous system depression in Neurological), Polydipsia, Polyuria",1,1,
GBR-ZOETISPV-2025-UK-01602,"<a target=""_blank""  href=""/xmlpserver/EVVET3 PW NEW/Subject Area Contents/Public Website/Report (PDF)/AER.xdo?_xpf=&_xpt=1&_params%2FOracle%20BI%20EE%3A%3ADefaultApp%3A%3AEVVET3%20PR%20NEW%2FAER%3A%3Adimension%2FAER%20Id%3A%3Aattribute%3A%3Anoaggr%3A%3Axsd%3Adouble=20000543245&_xt=AER&_xf=pdf""> AER </a>",2025-04-25 00:00:00,Animal owner,United Kingdom,FEMALE,Dog,Retriever - Labrador,"Librela 10 mg - Solution for injection, Librela 15 mg - Solution for injection, Librela 20 mg - Solution for injection, Librela 30 mg - Solution for injection, Librela 5 mg - Solution for injection, Onsior 10 mg  - Tablet (dogs), Onsior 20 mg  - Tablet (dogs), Onsior 20 mg/ml  - Solution for injection (cats and dogs), Onsior 40 mg  - Tablet (dogs), Onsior 5 mg  - Tablet (dogs), Onsior 6 mg  - Tablet (cats)","Aerophagia, Bloated stomach, Cognitive disorder NOS, Death by euthanasia, Diarrhoea, Elevated alanine aminotransferase (ALT), Lack of efficacy - NOS, Laryngeal paralysis, Lethargy (see also Central nervous system depression in Neurological), Lipoma, Malaise, Persistent cough, Polydipsia, Restlessness, Tachypnoea, Urinary incontinence",1,1,1
GBR-ZOETISPV-2025-UK-02222,"<a target=""_blank""  href=""/xmlpserver/EVVET3 PW NEW/Subject Area Contents/Public Website/Report (PDF)/AER.xdo?_xpf=&_xpt=1&_params%2FOracle%20BI%20EE%3A%3ADefaultApp%3A%3AEVVET3%20PR%20NEW%2FAER%3A%3Adimension%2FAER%20Id%3A%3Aattribute%3A%3Anoaggr%3A%3Axsd%3Adouble=20000568892&_xt=AER&_xf=pdf""> AER </a>",2025-06-10 00:00:00,Veterinarian,United Kingdom,FEMALE,Dog,Spaniel (unspecified),"Librela 10 mg - Solution for injection, Librela 15 mg - Solution for injection, Librela 20 mg - Solution for injection, Librela 30 mg - Solution for injection, Librela 5 mg - Solution for injection, Onsior 10 mg  - Tablet (dogs), Onsior 20 mg  - Tablet (dogs), Onsior 20 mg/ml  - Solution for injection (cats and dogs), Onsior 40 mg  - Tablet (dogs), Onsior 5 mg  - Tablet (dogs), Onsior 6 mg  - Tablet (cats)","Faecal incontinence, Head shake - behavioural disorder, Head tilt - neurological disorder (see also Head tilt - ear disorder), Not himself/herself, Nystagmus, Seizure NOS, Tremor, Unable to stand, Unable to walk, Urinary incontinence, Vomiting",1,1,
GBR-ZOETISPV-2025-UK-02775,"<a target=""_blank""  href=""/xmlpserver/EVVET3 PW NEW/Subject Area Contents/Public Website/Report (PDF)/AER.xdo?_xpf=&_xpt=1&_params%2FOracle%20BI%20EE%3A%3ADefaultApp%3A%3AEVVET3%20PR%20NEW%2FAER%3A%3Adimension%2FAER%20Id%3A%3Aattribute%3A%3Anoaggr%3A%3Axsd%3Adouble=20000586523&_xt=AER&_xf=pdf""> AER </a>",2025-07-10 00:00:00,Veterinarian,United Kingdom,MALE,Dog,Retriever - Labrador,"Librela 10 mg - Solution for injection, Librela 15 mg - Solution for injection, Librela 20 mg - Solution for injection, Librela 30 mg - Solution for injection, Librela 5 mg - Solution for injection, Onsior 10 mg  - Tablet (dogs), Onsior 20 mg  - Tablet (dogs), Onsior 20 mg/ml  - Solution for injection (cats and dogs), Onsior 40 mg  - Tablet (dogs), Onsior 5 mg  - Tablet (dogs), Onsior 6 mg  - Tablet (cats)","Gait abnormality, Proprioception loss",1,1,
GBR-ZOETISPV-2025-UK-03486,"<a target=""_blank""  href=""/xmlpserver/EVVET3 PW NEW/Subject Area Contents/Public Website/Report (PDF)/AER.xdo?_xpf=&_xpt=1&_params%2FOracle%20BI%20EE%3A%3ADefaultApp%3A%3AEVVET3%20PR%20NEW%2FAER%3A%3Adimension%2FAER%20Id%3A%3Aattribute%3A%3Anoaggr%3A%3Axsd%3Adouble=20000607467&_xt=AER&_xf=pdf""> AER </a>",2025-08-19 00:00:00,Veterinarian,United Kingdom,MALE,Dog,Dog (unknown),"Librela 10 mg - Solution for injection, Librela 15 mg - Solution for injection, Librela 20 mg - Solution for injection, Librela 30 mg - Solution for injection, Librela 5 mg - Solution for injection, Onsior 10 mg  - Tablet (dogs), Onsior 20 mg  - Tablet (dogs), Onsior 20 mg/ml  - Solution for injection (cats and dogs), Onsior 40 mg  - Tablet (dogs), Onsior 5 mg  - Tablet (dogs), Onsior 6 mg  - Tablet (cats)",Limb weakness,1,1,
GBR-ZZELANCO-UK2024_002269,"<a target=""_blank""  href=""/xmlpserver/EVVET3 PW NEW/Subject Area Contents/Public Website/Report (PDF)/AER.xdo?_xpf=&_xpt=1&_params%2FOracle%20BI%20EE%3A%3ADefaultApp%3A%3AEVVET3%20PR%20NEW%2FAER%3A%3Adimension%2FAER%20Id%3A%3Aattribute%3A%3Anoaggr%3A%3Axsd%3Adouble=20000533793&_xt=AER&_xf=pdf""> AER </a>",2025-04-08 00:00:00,Veterinarian,United Kingdom,MALE,Dog,Retriever - Labrador,Onsior 40 mg  - Tablet (dogs),"Elevated alanine aminotransferase (ALT), Elevated serum alkaline phosphatase (ALP)",1,1,
GBR-ZZELANCO-UK2024_002837,"<a target=""_blank""  href=""/xmlpserver/EVVET3 PW NEW/Subject Area Contents/Public Website/Report (PDF)/AER.xdo?_xpf=&_xpt=1&_params%2FOracle%20BI%20EE%3A%3ADefaultApp%3A%3AEVVET3%20PR%20NEW%2FAER%3A%3Adimension%2FAER%20Id%3A%3Aattribute%3A%3Anoaggr%3A%3Axsd%3Adouble=20000492409&_xt=AER&_xf=pdf""> AER </a>",2025-01-16 00:00:00,Animal owner,United Kingdom,FEMALE,Dog,Crossbred Canine/dog,"Librela 10 mg - Solution for injection, Librela 15 mg - Solution for injection, Librela 20 mg - Solution for injection, Librela 30 mg - Solution for injection, Librela 5 mg - Solution for injection, Onsior 5 mg  - Tablet (dogs)","Diarrhoea, Gastroenteritis",1,1,
GBR-ZZELANCO-UK2025_000003,"<a target=""_blank""  href=""/xmlpserver/EVVET3 PW NEW/Subject Area Contents/Public Website/Report (PDF)/AER.xdo?_xpf=&_xpt=1&_params%2FOracle%20BI%20EE%3A%3ADefaultApp%3A%3AEVVET3%20PR%20NEW%2FAER%3A%3Adimension%2FAER%20Id%3A%3Aattribute%3A%3Anoaggr%3A%3Axsd%3Adouble=20000490763&_xt=AER&_xf=pdf""> AER </a>",2025-01-10 00:00:00,Veterinarian,United Kingdom,FEMALE,Dog,Dog (unknown),Onsior 20 mg  - Tablet (dogs),Cystitis,1,1,
GBR-ZZELANCO-UK2025_000005,"<a target=""_blank""  href=""/xmlpserver/EVVET3 PW NEW/Subject Area Contents/Public Website/Report (PDF)/AER.xdo?_xpf=&_xpt=1&_params%2FOracle%20BI%20EE%3A%3ADefaultApp%3A%3AEVVET3%20PR%20NEW%2FAER%3A%3Adimension%2FAER%20Id%3A%3Aattribute%3A%3Anoaggr%3A%3Axsd%3Adouble=20000491384&_xt=AER&_xf=pdf""> AER </a>",2025-01-13 00:00:00,Veterinarian,United Kingdom,FEMALE,Dog,Retriever - Labrador,Onsior 40 mg  - Tablet (dogs),"Hyposthenuria, Polydipsia, Polyuria",1,1,
GBR-ZZELANCO-UK2025_000012,"<a target=""_blank""  href=""/xmlpserver/EVVET3 PW NEW/Subject Area Contents/Public Website/Report (PDF)/AER.xdo?_xpf=&_xpt=1&_params%2FOracle%20BI%20EE%3A%3ADefaultApp%3A%3AEVVET3%20PR%20NEW%2FAER%3A%3Adimension%2FAER%20Id%3A%3Aattribute%3A%3Anoaggr%3A%3Axsd%3Adouble=20000489778&_xt=AER&_xf=pdf""> AER </a>",2025-01-08 00:00:00,Veterinarian,United Kingdom,MALE,Dog,"Poodle (unspecified), Retriever - Labrador",Onsior 20 mg/ml  - Solution for injection (cats and dogs),"Injection site hair loss, Injection site lump, Injection site reaction NOS, Injection site scab",1,1,
GBR-ZZELANCO-UK2025_000070,"<a target=""_blank""  href=""/xmlpserver/EVVET3 PW NEW/Subject Area Contents/Public Website/Report (PDF)/AER.xdo?_xpf=&_xpt=1&_params%2FOracle%20BI%20EE%3A%3ADefaultApp%3A%3AEVVET3%20PR%20NEW%2FAER%3A%3Adimension%2FAER%20Id%3A%3Aattribute%3A%3Anoaggr%3A%3Axsd%3Adouble=20000495674&_xt=AER&_xf=pdf""> AER </a>",2025-01-23 00:00:00,Veterinarian,United Kingdom,UNKNOWN,Dog,Terrier - Jack Russell,Onsior 10 mg  - Tablet (dogs),"Decreased appetite, Lethargy (see also Central nervous system depression in Neurological)",1,1,
GBR-ZZELANCO-UK2025_000137,"<a target=""_blank""  href=""/xmlpserver/EVVET3 PW NEW/Subject Area Contents/Public Website/Report (PDF)/AER.xdo?_xpf=&_xpt=1&_params%2FOracle%20BI%20EE%3A%3ADefaultApp%3A%3AEVVET3%20PR%20NEW%2FAER%3A%3Adimension%2FAER%20Id%3A%3Aattribute%3A%3Anoaggr%3A%3Axsd%3Adouble=20000503354&_xt=AER&_xf=pdf""> AER </a>",2025-02-08 00:00:00,Veterinarian,United Kingdom,UNKNOWN,Dog,Bulldog,Onsior 40 mg  - Tablet (dogs),"Appetite disorder NOS, Drinking a lot, Elevated alanine aminotransferase (ALT), Elevated gamma-glutamyl transferase (GGT), Elevated serum alkaline phosphatase (ALP), Elevated total bilirubin, Emesis (multiple)",1,1,
GBR-ZZELANCO-UK2025_000165,"<a target=""_blank""  href=""/xmlpserver/EVVET3 PW NEW/Subject Area Contents/Public Website/Report (PDF)/AER.xdo?_xpf=&_xpt=1&_params%2FOracle%20BI%20EE%3A%3ADefaultApp%3A%3AEVVET3%20PR%20NEW%2FAER%3A%3Adimension%2FAER%20Id%3A%3Aattribute%3A%3Anoaggr%3A%3Axsd%3Adouble=20000506433&_xt=AER&_xf=pdf""> AER </a>",2025-02-14 00:00:00,Veterinarian,United Kingdom,FEMALE,Dog,Crossbred Canine/dog,Onsior 20 mg  - Tablet (dogs),"Polydipsia, Polyuria",1,1,
GBR-ZZELANCO-UK2025_000192,"<a target=""_blank""  href=""/xmlpserver/EVVET3 PW NEW/Subject Area Contents/Public Website/Report (PDF)/AER.xdo?_xpf=&_xpt=1&_params%2FOracle%20BI%20EE%3A%3ADefaultApp%3A%3AEVVET3%20PR%20NEW%2FAER%3A%3Adimension%2FAER%20Id%3A%3Aattribute%3A%3Anoaggr%3A%3Axsd%3Adouble=20000514606&_xt=AER&_xf=pdf""> AER </a>",2025-03-03 00:00:00,Other health care professional,United Kingdom,FEMALE,Dog,Retriever - Labrador,"Metacam 0.5 mg/ml - Oral suspension (cats, guinea pigs), Metacam 0.5 mg/ml - Oral suspension (dogs), Metacam 1 mg - Chewable tablet (dogs), Metacam 1.5 mg/ml - Oral suspension (dogs), Metacam 15 mg/ml - Oral suspension (horses), Metacam 15 mg/ml - Oral suspension (pigs), Metacam 2 mg/ml - Solution for injection (cats), Metacam 2.5 mg - Chewable tablet (dogs), Metacam 20 mg/ml - Solution for injection (cattle, pigs, horses), Metacam 40 mg/ml - Solution for injection (cattle, horses), Metacam 5 mg/ml - Solution for injection (cats, dogs), Metacam 5 mg/ml - Solution for injection (cattle, pigs), Metacam 5 mg/ml - Solution for injection (dogs), Onsior 40 mg  - Tablet (dogs)","Dazed, Lethargy (see also Central nervous system depression in Neurological), Off colour, Sleepiness - systemic disorder",1,1,
GBR-ZZELANCO-UK2025_000196,"<a target=""_blank""  href=""/xmlpserver/EVVET3 PW NEW/Subject Area Contents/Public Website/Report (PDF)/AER.xdo?_xpf=&_xpt=1&_params%2FOracle%20BI%20EE%3A%3ADefaultApp%3A%3AEVVET3%20PR%20NEW%2FAER%3A%3Adimension%2FAER%20Id%3A%3Aattribute%3A%3Anoaggr%3A%3Axsd%3Adouble=20000516098&_xt=AER&_xf=pdf""> AER </a>",2025-03-05 00:00:00,Other,United Kingdom,MALE,Dog,Crossbred Canine/dog,Onsior 20 mg  - Tablet (dogs),"Fatigue, Lethargy (see also Central nervous system depression in Neurological), Weight loss",1,1,
GBR-ZZELANCO-UK2025_000229,"<a target=""_blank""  href=""/xmlpserver/EVVET3 PW NEW/Subject Area Contents/Public Website/Report (PDF)/AER.xdo?_xpf=&_xpt=1&_params%2FOracle%20BI%20EE%3A%3ADefaultApp%3A%3AEVVET3%20PR%20NEW%2FAER%3A%3Adimension%2FAER%20Id%3A%3Aattribute%3A%3Anoaggr%3A%3Axsd%3Adouble=20000515422&_xt=AER&_xf=pdf""> AER </a>",2025-03-05 00:00:00,Veterinarian,United Kingdom,MALE,Dog,Retriever - Labrador,"Onsior 20 mg/ml  - Solution for injection (cats and dogs), Onsior 40 mg  - Tablet (dogs)","Bloody diarrhoea, Soft stool",1,1,
GBR-ZZELANCO-UK2025_000327,"<a target=""_blank""  href=""/xmlpserver/EVVET3 PW NEW/Subject Area Contents/Public Website/Report (PDF)/AER.xdo?_xpf=&_xpt=1&_params%2FOracle%20BI%20EE%3A%3ADefaultApp%3A%3AEVVET3%20PR%20NEW%2FAER%3A%3Adimension%2FAER%20Id%3A%3Aattribute%3A%3Anoaggr%3A%3Axsd%3Adouble=20000524603&_xt=AER&_xf=pdf""> AER </a>",2025-03-23 00:00:00,Veterinarian,United Kingdom,FEMALE,Dog,Retriever - Golden,Onsior 40 mg  - Tablet (dogs),"Abdominal pain, Diarrhoea, Increased borborygmus, Restlessness, Whining",1,1,
GBR-ZZELANCO-UK2025_000384,"<a target=""_blank""  href=""/xmlpserver/EVVET3 PW NEW/Subject Area Contents/Public Website/Report (PDF)/AER.xdo?_xpf=&_xpt=1&_params%2FOracle%20BI%20EE%3A%3ADefaultApp%3A%3AEVVET3%20PR%20NEW%2FAER%3A%3Adimension%2FAER%20Id%3A%3Aattribute%3A%3Anoaggr%3A%3Axsd%3Adouble=20000531238&_xt=AER&_xf=pdf""> AER </a>",2025-04-03 00:00:00,Veterinarian,United Kingdom,UNKNOWN,Dog,Greyhound,Onsior 40 mg  - Tablet (dogs),Diarrhoea,1,1,
GBR-ZZELANCO-UK2025_000396,"<a target=""_blank""  href=""/xmlpserver/EVVET3 PW NEW/Subject Area Contents/Public Website/Report (PDF)/AER.xdo?_xpf=&_xpt=1&_params%2FOracle%20BI%20EE%3A%3ADefaultApp%3A%3AEVVET3%20PR%20NEW%2FAER%3A%3Adimension%2FAER%20Id%3A%3Aattribute%3A%3Anoaggr%3A%3Axsd%3Adouble=20000553600&_xt=AER&_xf=pdf""> AER </a>",2025-05-14 00:00:00,Veterinarian,United Kingdom,FEMALE,Dog,Mountain Dog - Bernese,"Galliprant 100 mg - Tablet, Onsior 40 mg  - Tablet (dogs)","Elevated creatinine, Elevated serum alkaline phosphatase (ALP), Elevated symmetrical dimethylarginine (SDMA)",1,1,
GBR-ZZELANCO-UK2025_000463,"<a target=""_blank""  href=""/xmlpserver/EVVET3 PW NEW/Subject Area Contents/Public Website/Report (PDF)/AER.xdo?_xpf=&_xpt=1&_params%2FOracle%20BI%20EE%3A%3ADefaultApp%3A%3AEVVET3%20PR%20NEW%2FAER%3A%3Adimension%2FAER%20Id%3A%3Aattribute%3A%3Anoaggr%3A%3Axsd%3Adouble=20000543896&_xt=AER&_xf=pdf""> AER </a>",2025-04-27 00:00:00,Veterinarian,United Kingdom,MALE,Dog,Crossbred Canine/dog,"Librela 10 mg - Solution for injection, Librela 15 mg - Solution for injection, Librela 20 mg - Solution for injection, Librela 30 mg - Solution for injection, Librela 5 mg - Solution for injection, Onsior 40 mg  - Tablet (dogs)",Diarrhoea,1,1,
GBR-ZZELANCO-UK2025_000471,"<a target=""_blank""  href=""/xmlpserver/EVVET3 PW NEW/Subject Area Contents/Public Website/Report (PDF)/AER.xdo?_xpf=&_xpt=1&_params%2FOracle%20BI%20EE%3A%3ADefaultApp%3A%3AEVVET3%20PR%20NEW%2FAER%3A%3Adimension%2FAER%20Id%3A%3Aattribute%3A%3Anoaggr%3A%3Axsd%3Adouble=20000549610&_xt=AER&_xf=pdf""> AER </a>",2025-05-07 00:00:00,Veterinarian,United Kingdom,FEMALE,Dog,Retriever - Labrador,Onsior 40 mg  - Tablet (dogs),Distress,1,1,
GBR-ZZELANCO-UK2025_000498,"<a target=""_blank""  href=""/xmlpserver/EVVET3 PW NEW/Subject Area Contents/Public Website/Report (PDF)/AER.xdo?_xpf=&_xpt=1&_params%2FOracle%20BI%20EE%3A%3ADefaultApp%3A%3AEVVET3%20PR%20NEW%2FAER%3A%3Adimension%2FAER%20Id%3A%3Aattribute%3A%3Anoaggr%3A%3Axsd%3Adouble=20000550865&_xt=AER&_xf=pdf""> AER </a>",2025-05-09 00:00:00,Veterinarian,United Kingdom,MALE,Dog,Retriever - Labrador,Onsior 40 mg  - Tablet (dogs),"Emesis, Excessive thirst, Leukocytosis NOS, Neutrophilia, Polydipsia, Polyuria, Urinary bladder disorder NOS",1,1,
GBR-ZZELANCO-UK2025_000515,"<a target=""_blank""  href=""/xmlpserver/EVVET3 PW NEW/Subject Area Contents/Public Website/Report (PDF)/AER.xdo?_xpf=&_xpt=1&_params%2FOracle%20BI%20EE%3A%3ADefaultApp%3A%3AEVVET3%20PR%20NEW%2FAER%3A%3Adimension%2FAER%20Id%3A%3Aattribute%3A%3Anoaggr%3A%3Axsd%3Adouble=20000553485&_xt=AER&_xf=pdf""> AER </a>",2025-05-14 00:00:00,Veterinarian,United Kingdom,MALE,Dog,Spaniel - King Charles Cavalier,"Onsior 10 mg  - Tablet (dogs), Onsior 20 mg/ml  - Solution for injection (cats and dogs)","Duodenitis, Emesis (multiple), Enteritis",1,1,
GBR-ZZELANCO-UK2025_000619,"<a target=""_blank""  href=""/xmlpserver/EVVET3 PW NEW/Subject Area Contents/Public Website/Report (PDF)/AER.xdo?_xpf=&_xpt=1&_params%2FOracle%20BI%20EE%3A%3ADefaultApp%3A%3AEVVET3%20PR%20NEW%2FAER%3A%3Adimension%2FAER%20Id%3A%3Aattribute%3A%3Anoaggr%3A%3Axsd%3Adouble=20000560071&_xt=AER&_xf=pdf""> AER </a>",2025-05-26 00:00:00,Veterinarian,United Kingdom,MALE,Dog,Mountain Dog - Bernese,Onsior 40 mg  - Tablet (dogs),Emesis (multiple),1,1,
GBR-ZZELANCO-UK2025_000629,"<a target=""_blank""  href=""/xmlpserver/EVVET3 PW NEW/Subject Area Contents/Public Website/Report (PDF)/AER.xdo?_xpf=&_xpt=1&_params%2FOracle%20BI%20EE%3A%3ADefaultApp%3A%3AEVVET3%20PR%20NEW%2FAER%3A%3Adimension%2FAER%20Id%3A%3Aattribute%3A%3Anoaggr%3A%3Axsd%3Adouble=20000560946&_xt=AER&_xf=pdf""> AER </a>",2025-05-27 00:00:00,Other,United Kingdom,UNKNOWN,Dog,"Bulldog - American, Rottweiler",Onsior 40 mg  - Tablet (dogs),"Elevated alanine aminotransferase (ALT), Elevated serum alkaline phosphatase (ALP), Inappetence, Liver disorder NOS, Other abnormal test result NOS, Quiet, Vomiting",1,1,
GBR-ZZELANCO-UK2025_000700,"<a target=""_blank""  href=""/xmlpserver/EVVET3 PW NEW/Subject Area Contents/Public Website/Report (PDF)/AER.xdo?_xpf=&_xpt=1&_params%2FOracle%20BI%20EE%3A%3ADefaultApp%3A%3AEVVET3%20PR%20NEW%2FAER%3A%3Adimension%2FAER%20Id%3A%3Aattribute%3A%3Anoaggr%3A%3Axsd%3Adouble=20000582310&_xt=AER&_xf=pdf""> AER </a>",2025-07-02 00:00:00,Veterinarian,United Kingdom,FEMALE,Dog,Crossbred Canine/dog,"Onsior 40 mg  - Tablet (dogs), Previcox 227 mg - Chewable tablet, Previcox 57 mg - Chewable tablet, Previcox 8.2 mg/g - Oral paste","Diarrhoea, Stomach upset",1,1,
GBR-ZZELANCO-UK2025_000732,"<a target=""_blank""  href=""/xmlpserver/EVVET3 PW NEW/Subject Area Contents/Public Website/Report (PDF)/AER.xdo?_xpf=&_xpt=1&_params%2FOracle%20BI%20EE%3A%3ADefaultApp%3A%3AEVVET3%20PR%20NEW%2FAER%3A%3Adimension%2FAER%20Id%3A%3Aattribute%3A%3Anoaggr%3A%3Axsd%3Adouble=20000574712&_xt=AER&_xf=pdf""> AER </a>",2025-06-19 00:00:00,Veterinarian,United Kingdom,MALE,Dog,Crossbred Canine/dog,Onsior 20 mg  - Tablet (dogs),Vomiting,1,1,
GBR-ZZELANCO-UK2025_000747,"<a target=""_blank""  href=""/xmlpserver/EVVET3 PW NEW/Subject Area Contents/Public Website/Report (PDF)/AER.xdo?_xpf=&_xpt=1&_params%2FOracle%20BI%20EE%3A%3ADefaultApp%3A%3AEVVET3%20PR%20NEW%2FAER%3A%3Adimension%2FAER%20Id%3A%3Aattribute%3A%3Anoaggr%3A%3Axsd%3Adouble=20000569955&_xt=AER&_xf=pdf""> AER </a>",2025-06-11 00:00:00,Veterinarian,United Kingdom,FEMALE,Dog,Terrier - Jack Russell,Onsior 10 mg  - Tablet (dogs),"Blindness, Elevated alanine aminotransferase (ALT), Elevated gamma-glutamyl transferase (GGT), Elevated liver enzymes NOS, Elevated serum alkaline phosphatase (ALP), Eye haemorrhage",1,1,
GBR-ZZELANCO-UK2025_000766,"<a target=""_blank""  href=""/xmlpserver/EVVET3 PW NEW/Subject Area Contents/Public Website/Report (PDF)/AER.xdo?_xpf=&_xpt=1&_params%2FOracle%20BI%20EE%3A%3ADefaultApp%3A%3AEVVET3%20PR%20NEW%2FAER%3A%3Adimension%2FAER%20Id%3A%3Aattribute%3A%3Anoaggr%3A%3Axsd%3Adouble=20000571350&_xt=AER&_xf=pdf""> AER </a>",2025-06-13 00:00:00,Other,United Kingdom,FEMALE,Dog,Siberian Husky,Onsior 40 mg  - Tablet (dogs),"Lethargy (see also Central nervous system depression in Neurological), Sedation",1,1,
GBR-ZZELANCO-UK2025_000812,"<a target=""_blank""  href=""/xmlpserver/EVVET3 PW NEW/Subject Area Contents/Public Website/Report (PDF)/AER.xdo?_xpf=&_xpt=1&_params%2FOracle%20BI%20EE%3A%3ADefaultApp%3A%3AEVVET3%20PR%20NEW%2FAER%3A%3Adimension%2FAER%20Id%3A%3Aattribute%3A%3Anoaggr%3A%3Axsd%3Adouble=20000582255&_xt=AER&_xf=pdf""> AER </a>",2025-07-02 00:00:00,Veterinarian,United Kingdom,FEMALE,Dog,Retriever - Labrador,Onsior 40 mg  - Tablet (dogs),"Abnormal ultrasound finding, Anorexia, Death by euthanasia, Diarrhoea, Elevated alanine aminotransferase (ALT), Elevated gamma-glutamyl transferase (GGT), Elevated liver enzymes NOS, Elevated serum alkaline phosphatase (ALP), Jaundice, Lethargy (see also Central nervous system depression in Neurological), Not eating, Reduced food intake, Soft stool, Vomiting",1,1,1
GBR-ZZELANCO-UK2025_000828,"<a target=""_blank""  href=""/xmlpserver/EVVET3 PW NEW/Subject Area Contents/Public Website/Report (PDF)/AER.xdo?_xpf=&_xpt=1&_params%2FOracle%20BI%20EE%3A%3ADefaultApp%3A%3AEVVET3%20PR%20NEW%2FAER%3A%3Adimension%2FAER%20Id%3A%3Aattribute%3A%3Anoaggr%3A%3Axsd%3Adouble=20000576317&_xt=AER&_xf=pdf""> AER </a>",2025-06-23 00:00:00,Veterinarian,United Kingdom,FEMALE,Dog,Dog (unknown),"Onsior 20 mg/ml  - Solution for injection (cats and dogs), Onsior 5 mg  - Tablet (dogs)","Dehydration, Diarrhoea, Nausea, Not eating",1,1,
GBR-ZZELANCO-UK2025_000975,"<a target=""_blank""  href=""/xmlpserver/EVVET3 PW NEW/Subject Area Contents/Public Website/Report (PDF)/AER.xdo?_xpf=&_xpt=1&_params%2FOracle%20BI%20EE%3A%3ADefaultApp%3A%3AEVVET3%20PR%20NEW%2FAER%3A%3Adimension%2FAER%20Id%3A%3Aattribute%3A%3Anoaggr%3A%3Axsd%3Adouble=20000585203&_xt=AER&_xf=pdf""> AER </a>",2025-07-08 00:00:00,Veterinarian,United Kingdom,UNKNOWN,Dog,Terrier - West Highland White,Onsior 10 mg  - Tablet (dogs),Diarrhoea,1,1,
GBR-ZZELANCO-UK2025_001023,"<a target=""_blank""  href=""/xmlpserver/EVVET3 PW NEW/Subject Area Contents/Public Website/Report (PDF)/AER.xdo?_xpf=&_xpt=1&_params%2FOracle%20BI%20EE%3A%3ADefaultApp%3A%3AEVVET3%20PR%20NEW%2FAER%3A%3Adimension%2FAER%20Id%3A%3Aattribute%3A%3Anoaggr%3A%3Axsd%3Adouble=20000583735&_xt=AER&_xf=pdf""> AER </a>",2025-07-05 00:00:00,Veterinarian,United Kingdom,MALE,Dog,"Collie - Border, Retriever - Labrador",Onsior 40 mg  - Tablet (dogs),"Depression, Drowsiness - systemic disorder",1,1,
GBR-ZZELANCO-UK2025_001070,"<a target=""_blank""  href=""/xmlpserver/EVVET3 PW NEW/Subject Area Contents/Public Website/Report (PDF)/AER.xdo?_xpf=&_xpt=1&_params%2FOracle%20BI%20EE%3A%3ADefaultApp%3A%3AEVVET3%20PR%20NEW%2FAER%3A%3Adimension%2FAER%20Id%3A%3Aattribute%3A%3Anoaggr%3A%3Axsd%3Adouble=20000584467&_xt=AER&_xf=pdf""> AER </a>",2025-07-07 00:00:00,Other health care professional,United Kingdom,MALE,Dog,Spaniel - Springer (unspecified),Onsior 40 mg  - Tablet (dogs),"Behavioural disorder NOS, Inappropriate urination",1,1,
GBR-ZZELANCO-UK2025_001455,"<a target=""_blank""  href=""/xmlpserver/EVVET3 PW NEW/Subject Area Contents/Public Website/Report (PDF)/AER.xdo?_xpf=&_xpt=1&_params%2FOracle%20BI%20EE%3A%3ADefaultApp%3A%3AEVVET3%20PR%20NEW%2FAER%3A%3Adimension%2FAER%20Id%3A%3Aattribute%3A%3Anoaggr%3A%3Axsd%3Adouble=20000593787&_xt=AER&_xf=pdf""> AER </a>",2025-07-23 00:00:00,Veterinarian,United Kingdom,MALE,Dog,"Poodle (unspecified), Spaniel - Cocker English",Onsior 20 mg  - Tablet (dogs),"Elevated alanine aminotransferase (ALT), Elevated serum alkaline phosphatase (ALP)",1,1,
GBR-ZZELANCO-UK2025_001638,"<a target=""_blank""  href=""/xmlpserver/EVVET3 PW NEW/Subject Area Contents/Public Website/Report (PDF)/AER.xdo?_xpf=&_xpt=1&_params%2FOracle%20BI%20EE%3A%3ADefaultApp%3A%3AEVVET3%20PR%20NEW%2FAER%3A%3Adimension%2FAER%20Id%3A%3Aattribute%3A%3Anoaggr%3A%3Axsd%3Adouble=20000601416&_xt=AER&_xf=pdf""> AER </a>",2025-08-06 00:00:00,Other,United Kingdom,UNKNOWN,Dog,Dog (unknown),Onsior 5 mg  - Tablet (dogs),Unclassifiable adverse event,10,12,
ITA-ZZELANCO-IT2025_000254,"<a target=""_blank""  href=""/xmlpserver/EVVET3 PW NEW/Subject Area Contents/Public Website/Report (PDF)/AER.xdo?_xpf=&_xpt=1&_params%2FOracle%20BI%20EE%3A%3ADefaultApp%3A%3AEVVET3%20PR%20NEW%2FAER%3A%3Adimension%2FAER%20Id%3A%3Aattribute%3A%3Anoaggr%3A%3Axsd%3Adouble=20000563001&_xt=AER&_xf=pdf""> AER </a>",2025-05-30 00:00:00,Veterinarian,Italy,MALE,Dog,Crossbred Canine/dog,Onsior 40 mg  - Tablet (dogs),"Polydipsia, Polyuria",1,1,
JPN-OPAHPROD-JP20240046,"<a target=""_blank""  href=""/xmlpserver/EVVET3 PW NEW/Subject Area Contents/Public Website/Report (PDF)/AER.xdo?_xpf=&_xpt=1&_params%2FOracle%20BI%20EE%3A%3ADefaultApp%3A%3AEVVET3%20PR%20NEW%2FAER%3A%3Adimension%2FAER%20Id%3A%3Aattribute%3A%3Anoaggr%3A%3Axsd%3Adouble=20000490673&_xt=AER&_xf=pdf""> AER </a>",2025-01-10 00:00:00,Other,Japan,FEMALE,Dog,Beagle,"Dexdomitor 0.1 mg/ml - Solution for injection, Dexdomitor 0.5 mg/ml - Solution for injection, Onsior 10 mg  - Tablet (dogs), Onsior 20 mg  - Tablet (dogs), Onsior 20 mg/ml  - Solution for injection (cats and dogs), Onsior 40 mg  - Tablet (dogs), Onsior 5 mg  - Tablet (dogs), Onsior 6 mg  - Tablet (cats)",Bradycardia,1,1,
JPN-OPAHPROD-JP20250016,"<a target=""_blank""  href=""/xmlpserver/EVVET3 PW NEW/Subject Area Contents/Public Website/Report (PDF)/AER.xdo?_xpf=&_xpt=1&_params%2FOracle%20BI%20EE%3A%3ADefaultApp%3A%3AEVVET3%20PR%20NEW%2FAER%3A%3Adimension%2FAER%20Id%3A%3Aattribute%3A%3Anoaggr%3A%3Axsd%3Adouble=20000516649&_xt=AER&_xf=pdf""> AER </a>",2025-03-06 00:00:00,Other,Japan,FEMALE,Dog,"Dog (unknown), Mixed (Dog)","Dexdomitor 0.1 mg/ml - Solution for injection, Dexdomitor 0.5 mg/ml - Solution for injection, Onsior 10 mg  - Tablet (dogs), Onsior 20 mg  - Tablet (dogs), Onsior 20 mg/ml  - Solution for injection (cats and dogs), Onsior 40 mg  - Tablet (dogs), Onsior 5 mg  - Tablet (dogs), Onsior 6 mg  - Tablet (cats)",Bradycardia,1,1,
JPN-ZZELANCO-JP2025_000244,"<a target=""_blank""  href=""/xmlpserver/EVVET3 PW NEW/Subject Area Contents/Public Website/Report (PDF)/AER.xdo?_xpf=&_xpt=1&_params%2FOracle%20BI%20EE%3A%3ADefaultApp%3A%3AEVVET3%20PR%20NEW%2FAER%3A%3Adimension%2FAER%20Id%3A%3Aattribute%3A%3Anoaggr%3A%3Axsd%3Adouble=20000509765&_xt=AER&_xf=pdf""> AER </a>",2025-02-20 00:00:00,Veterinarian,Japan,MALE,Dog,Poodle - Toy,Onsior 5 mg  - Tablet (dogs),"Abdominal pain, Abnormal radiograph finding, Acidosis, Cardiac disorder NOS, Coagulopathy, Death, Elevated C-reactive protein, Elevated aspartate aminotransferase (AST), Elevated creatine-kinase (CK), Emesis, Fever, Gastric dilation, Hypoalbuminaemia, Hypoglycaemia, Lethargy (see also Central nervous system depression in Neurological), Leukopenia NOS, Low blood pressure, Nasal discharge",1,1,1
JPN-ZZELANCO-JP2025_000318,"<a target=""_blank""  href=""/xmlpserver/EVVET3 PW NEW/Subject Area Contents/Public Website/Report (PDF)/AER.xdo?_xpf=&_xpt=1&_params%2FOracle%20BI%20EE%3A%3ADefaultApp%3A%3AEVVET3%20PR%20NEW%2FAER%3A%3Adimension%2FAER%20Id%3A%3Aattribute%3A%3Anoaggr%3A%3Axsd%3Adouble=20000520668&_xt=AER&_xf=pdf""> AER </a>",2025-03-14 00:00:00,Animal owner,Japan,UNKNOWN,Dog,Dog (unknown),Onsior 10 mg  - Tablet (dogs),Lack of efficacy - NOS,1,1,
JPN-ZZELANCO-JP2025_000357,"<a target=""_blank""  href=""/xmlpserver/EVVET3 PW NEW/Subject Area Contents/Public Website/Report (PDF)/AER.xdo?_xpf=&_xpt=1&_params%2FOracle%20BI%20EE%3A%3ADefaultApp%3A%3AEVVET3%20PR%20NEW%2FAER%3A%3Adimension%2FAER%20Id%3A%3Aattribute%3A%3Anoaggr%3A%3Axsd%3Adouble=20000605787&_xt=AER&_xf=pdf""> AER </a>",2025-08-14 00:00:00,Veterinarian,Japan,FEMALE,Dog,Terrier - Yorkshire,Onsior 10 mg  - Tablet (dogs),"Appetite loss, Blood in faeces, Blood in vomit, Convulsion, Death, Elevated alanine aminotransferase (ALT), Elevated creatinine, Emesis (multiple)",1,1,1
JPN-ZZELANCO-JP2025_000399,"<a target=""_blank""  href=""/xmlpserver/EVVET3 PW NEW/Subject Area Contents/Public Website/Report (PDF)/AER.xdo?_xpf=&_xpt=1&_params%2FOracle%20BI%20EE%3A%3ADefaultApp%3A%3AEVVET3%20PR%20NEW%2FAER%3A%3Adimension%2FAER%20Id%3A%3Aattribute%3A%3Anoaggr%3A%3Axsd%3Adouble=20000528249&_xt=AER&_xf=pdf""> AER </a>",2025-03-30 00:00:00,Veterinarian,Japan,FEMALE,Dog,Samoyed,"ALFAXAN 10 mg/ml solution for injection for dogs and cats, Onsior 20 mg/ml  - Solution for injection (cats and dogs)",Pyrexia,1,1,
JPN-ZZELANCO-JP2025_001244,"<a target=""_blank""  href=""/xmlpserver/EVVET3 PW NEW/Subject Area Contents/Public Website/Report (PDF)/AER.xdo?_xpf=&_xpt=1&_params%2FOracle%20BI%20EE%3A%3ADefaultApp%3A%3AEVVET3%20PR%20NEW%2FAER%3A%3Adimension%2FAER%20Id%3A%3Aattribute%3A%3Anoaggr%3A%3Axsd%3Adouble=20000591044&_xt=AER&_xf=pdf""> AER </a>",2025-07-20 00:00:00,Other,Japan,FEMALE,Dog,Bichon Frise,Onsior 20 mg/ml  - Solution for injection (cats and dogs),Lethargy (see also Central nervous system depression in Neurological),1,1,
JPN-ZZELANCO-JP2025_001699,"<a target=""_blank""  href=""/xmlpserver/EVVET3 PW NEW/Subject Area Contents/Public Website/Report (PDF)/AER.xdo?_xpf=&_xpt=1&_params%2FOracle%20BI%20EE%3A%3ADefaultApp%3A%3AEVVET3%20PR%20NEW%2FAER%3A%3Adimension%2FAER%20Id%3A%3Aattribute%3A%3Anoaggr%3A%3Axsd%3Adouble=20000617927&_xt=AER&_xf=pdf""> AER </a>",2025-09-08 00:00:00,Veterinarian,Japan,FEMALE,Dog,Spaniel - Cocker American,"Apoquel 16 mg - Chewable tablet, Apoquel 16 mg - Film-coated tablet, Apoquel 3.6 mg - Chewable tablet, Apoquel 3.6 mg - Film-coated tablet, Apoquel 5.4 mg - Chewable tablet, Apoquel 5.4 mg - Film-coated tablet, Onsior 10 mg  - Tablet (dogs)","Bumping into walls, Depressed ocular reflex, Diarrhoea, Dull, Lethargy (see also Central nervous system depression in Neurological), Reduced responses",1,1,
JPN-ZZELANCO-JP2025_001701,"<a target=""_blank""  href=""/xmlpserver/EVVET3 PW NEW/Subject Area Contents/Public Website/Report (PDF)/AER.xdo?_xpf=&_xpt=1&_params%2FOracle%20BI%20EE%3A%3ADefaultApp%3A%3AEVVET3%20PR%20NEW%2FAER%3A%3Adimension%2FAER%20Id%3A%3Aattribute%3A%3Anoaggr%3A%3Axsd%3Adouble=20000615480&_xt=AER&_xf=pdf""> AER </a>",2025-09-03 00:00:00,Veterinarian,Japan,UNKNOWN,Dog,Dog (unknown),Onsior 10 mg  - Tablet (dogs),Low vision,1,1,
NOR-ZOETISPV-2024-NO-00217,"<a target=""_blank""  href=""/xmlpserver/EVVET3 PW NEW/Subject Area Contents/Public Website/Report (PDF)/AER.xdo?_xpf=&_xpt=1&_params%2FOracle%20BI%20EE%3A%3ADefaultApp%3A%3AEVVET3%20PR%20NEW%2FAER%3A%3Adimension%2FAER%20Id%3A%3Aattribute%3A%3Anoaggr%3A%3Axsd%3Adouble=20000488682&_xt=AER&_xf=pdf""> AER </a>",2025-01-07 00:00:00,Veterinarian,Norway,UNKNOWN,Dog,Havanese,"Librela 10 mg - Solution for injection, Librela 15 mg - Solution for injection, Librela 20 mg - Solution for injection, Librela 30 mg - Solution for injection, Librela 5 mg - Solution for injection, Onsior 10 mg  - Tablet (dogs), Onsior 20 mg  - Tablet (dogs), Onsior 20 mg/ml  - Solution for injection (cats and dogs), Onsior 40 mg  - Tablet (dogs), Onsior 5 mg  - Tablet (dogs), Onsior 6 mg  - Tablet (cats)","Pain NOS, Vocalisation",1,1,
NOR-ZOETISPV-2025-NO-00135,"<a target=""_blank""  href=""/xmlpserver/EVVET3 PW NEW/Subject Area Contents/Public Website/Report (PDF)/AER.xdo?_xpf=&_xpt=1&_params%2FOracle%20BI%20EE%3A%3ADefaultApp%3A%3AEVVET3%20PR%20NEW%2FAER%3A%3Adimension%2FAER%20Id%3A%3Aattribute%3A%3Anoaggr%3A%3Axsd%3Adouble=20000615185&_xt=AER&_xf=pdf""> AER </a>",2025-09-03 00:00:00,Veterinarian,Norway,MALE,Dog,Crossbred Canine/dog,"Librela 10 mg - Solution for injection, Librela 15 mg - Solution for injection, Librela 20 mg - Solution for injection, Librela 30 mg - Solution for injection, Librela 5 mg - Solution for injection, Onsior 10 mg  - Tablet (dogs), Onsior 20 mg  - Tablet (dogs), Onsior 20 mg/ml  - Solution for injection (cats and dogs), Onsior 40 mg  - Tablet (dogs), Onsior 5 mg  - Tablet (dogs), Onsior 6 mg  - Tablet (cats)","Diarrhoea, Exercise intolerance, Loss of condition, Tremor",1,1,
NOR-ZZELANCO-NO2024_000082,"<a target=""_blank""  href=""/xmlpserver/EVVET3 PW NEW/Subject Area Contents/Public Website/Report (PDF)/AER.xdo?_xpf=&_xpt=1&_params%2FOracle%20BI%20EE%3A%3ADefaultApp%3A%3AEVVET3%20PR%20NEW%2FAER%3A%3Adimension%2FAER%20Id%3A%3Aattribute%3A%3Anoaggr%3A%3Axsd%3Adouble=20000490776&_xt=AER&_xf=pdf""> AER </a>",2025-01-10 00:00:00,Veterinarian,Norway,MIXED,Dog,Boxer (German Boxer),"Cytopoint 10 mg/ml - Solution for injection, Cytopoint 20 mg/ml - Solution for injection, Cytopoint 30 mg/ml - Solution for injection, Cytopoint 40 mg/ml - Solution for injection, Librela 10 mg - Solution for injection, Librela 15 mg - Solution for injection, Librela 20 mg - Solution for injection, Librela 30 mg - Solution for injection, Librela 5 mg - Solution for injection, Onsior 40 mg  - Tablet (dogs)","Blood in vomit, Emesis (multiple), Nausea, Vomiting foam",1,1,
NOR-ZZELANCO-NO2024_000083,"<a target=""_blank""  href=""/xmlpserver/EVVET3 PW NEW/Subject Area Contents/Public Website/Report (PDF)/AER.xdo?_xpf=&_xpt=1&_params%2FOracle%20BI%20EE%3A%3ADefaultApp%3A%3AEVVET3%20PR%20NEW%2FAER%3A%3Adimension%2FAER%20Id%3A%3Aattribute%3A%3Anoaggr%3A%3Axsd%3Adouble=20000532828&_xt=AER&_xf=pdf""> AER </a>",2025-04-07 00:00:00,Veterinarian,Norway,MALE,Dog,Bulldog - French,"Metacam 0.5 mg/ml - Oral suspension (cats, guinea pigs), Metacam 0.5 mg/ml - Oral suspension (dogs), Metacam 1 mg - Chewable tablet (dogs), Metacam 1.5 mg/ml - Oral suspension (dogs), Metacam 15 mg/ml - Oral suspension (horses), Metacam 15 mg/ml - Oral suspension (pigs), Metacam 2 mg/ml - Solution for injection (cats), Metacam 2.5 mg - Chewable tablet (dogs), Metacam 20 mg/ml - Solution for injection (cattle, pigs, horses), Metacam 40 mg/ml - Solution for injection (cattle, horses), Metacam 5 mg/ml - Solution for injection (cats, dogs), Metacam 5 mg/ml - Solution for injection (cattle, pigs), Metacam 5 mg/ml - Solution for injection (dogs), Onsior 20 mg  - Tablet (dogs)","Lethargy (see also Central nervous system depression in Neurological), Unable to walk, Weakness",1,1,
NOR-ZZELANCO-NO2025_000037,"<a target=""_blank""  href=""/xmlpserver/EVVET3 PW NEW/Subject Area Contents/Public Website/Report (PDF)/AER.xdo?_xpf=&_xpt=1&_params%2FOracle%20BI%20EE%3A%3ADefaultApp%3A%3AEVVET3%20PR%20NEW%2FAER%3A%3Adimension%2FAER%20Id%3A%3Aattribute%3A%3Anoaggr%3A%3Axsd%3Adouble=20000598289&_xt=AER&_xf=pdf""> AER </a>",2025-07-31 00:00:00,Other,Norway,FEMALE,Dog,Dog (unknown),Onsior 40 mg  - Tablet (dogs),"Diarrhoea, Overdose, Vomiting",1,1,
NOR-ZZELANCO-NO2025_000040,"<a target=""_blank""  href=""/xmlpserver/EVVET3 PW NEW/Subject Area Contents/Public Website/Report (PDF)/AER.xdo?_xpf=&_xpt=1&_params%2FOracle%20BI%20EE%3A%3ADefaultApp%3A%3AEVVET3%20PR%20NEW%2FAER%3A%3Adimension%2FAER%20Id%3A%3Aattribute%3A%3Anoaggr%3A%3Axsd%3Adouble=20000574740&_xt=AER&_xf=pdf""> AER </a>",2025-06-19 00:00:00,Veterinarian,Norway,FEMALE,Dog,Collie - Smooth-haired,Onsior 20 mg  - Tablet (dogs),"Decreased urine concentration, Elevated cholesterol (total), Glucosuria, Other abnormal test result NOS, Polydipsia, Polyuria, Sunken eyes",1,1,
NOR-ZZELANCO-NO2025_000041,"<a target=""_blank""  href=""/xmlpserver/EVVET3 PW NEW/Subject Area Contents/Public Website/Report (PDF)/AER.xdo?_xpf=&_xpt=1&_params%2FOracle%20BI%20EE%3A%3ADefaultApp%3A%3AEVVET3%20PR%20NEW%2FAER%3A%3Adimension%2FAER%20Id%3A%3Aattribute%3A%3Anoaggr%3A%3Axsd%3Adouble=20000574894&_xt=AER&_xf=pdf""> AER </a>",2025-06-19 00:00:00,Veterinarian,Norway,MALE,Dog,Spitz - Japanese,"Advantix Spot-on solution for dogs over 4 kg up to 10 kg, Onsior 20 mg  - Tablet (dogs)","Appetite loss, Application site itching, Behavioural disorder NOS, Localised itching",1,1,
NOR-ZZELANCO-NO2025_000051,"<a target=""_blank""  href=""/xmlpserver/EVVET3 PW NEW/Subject Area Contents/Public Website/Report (PDF)/AER.xdo?_xpf=&_xpt=1&_params%2FOracle%20BI%20EE%3A%3ADefaultApp%3A%3AEVVET3%20PR%20NEW%2FAER%3A%3Adimension%2FAER%20Id%3A%3Aattribute%3A%3Anoaggr%3A%3Axsd%3Adouble=20000612631&_xt=AER&_xf=pdf""> AER </a>",2025-08-28 00:00:00,Other,Norway,UNKNOWN,Dog,"Poodle (unspecified), Spaniel - King Charles Cavalier",Onsior 20 mg  - Tablet (dogs),"Bloody diarrhoea, Death, Diarrhoea, Hypovolaemic shock, Vomiting",1,1,1
POL-FRVIRBAC-VB-20250120-00319,"<a target=""_blank""  href=""/xmlpserver/EVVET3 PW NEW/Subject Area Contents/Public Website/Report (PDF)/AER.xdo?_xpf=&_xpt=1&_params%2FOracle%20BI%20EE%3A%3ADefaultApp%3A%3AEVVET3%20PR%20NEW%2FAER%3A%3Adimension%2FAER%20Id%3A%3Aattribute%3A%3Anoaggr%3A%3Axsd%3Adouble=20000504038&_xt=AER&_xf=pdf""> AER </a>",2025-02-10 00:00:00,Veterinarian,Poland,FEMALE,Dog,Mixed (Dog),"Cimalgex 30 mg - Chewable tablet, Cimalgex 8 mg - Chewable tablet, Cimalgex 80 mg - Chewable tablet, Onsior 10 mg  - Tablet (dogs), Onsior 20 mg  - Tablet (dogs), Onsior 20 mg/ml  - Solution for injection (cats and dogs), Onsior 40 mg  - Tablet (dogs), Onsior 5 mg  - Tablet (dogs), Onsior 6 mg  - Tablet (cats), Robexera 10 mg chewable tablets for dogs, Robexera 20 mg chewable tablets for dogs, Robexera 20 mg/ml solution for injection for cats and dogs, Robexera 40 mg chewable tablets for dogs, Robexera 5 mg chewable tablets for dogs, Trilotab 60 mg chewable tablets for dogs","Abnormal menace reflex test, Acidosis, Death by euthanasia, Dry skin, Elevated blood urea nitrogen (BUN), Heavy breathing, Hyperglycaemia, Hypokalaemia, Hypoproteinaemia, Lameness, Lateral recumbency, Lethargy (see also Central nervous system depression in Neurological), Loss of condition, Pale mucous membrane, Panting, Proprioception loss, Reduced level of consciousness, Reduced reflexes, Regenerative anaemia, Stertor, Tachycardia, Tachypnoea, Tarry or black stool (see also haemorrhagic diarrhoea), Vomiting",1,1,1
PRT-ZZELANCO-PT2025_000026,"<a target=""_blank""  href=""/xmlpserver/EVVET3 PW NEW/Subject Area Contents/Public Website/Report (PDF)/AER.xdo?_xpf=&_xpt=1&_params%2FOracle%20BI%20EE%3A%3ADefaultApp%3A%3AEVVET3%20PR%20NEW%2FAER%3A%3Adimension%2FAER%20Id%3A%3Aattribute%3A%3Anoaggr%3A%3Axsd%3Adouble=20000546189&_xt=AER&_xf=pdf""> AER </a>",2025-04-30 00:00:00,Animal owner,Portugal,MALE,Dog,Siberian Husky,"Onsior 40 mg  - Tablet (dogs), Seresto coleira 4,50 g + 2,03 g para cães > 8 kg, Tramadog 50 mg tablet for dogs","Asphyxia, Behavioural disorder NOS, Diarrhoea, Flatulence, Food refusal, Shaking",1,1,
RUS-ZZELANCO-RU2025_000003,"<a target=""_blank""  href=""/xmlpserver/EVVET3 PW NEW/Subject Area Contents/Public Website/Report (PDF)/AER.xdo?_xpf=&_xpt=1&_params%2FOracle%20BI%20EE%3A%3ADefaultApp%3A%3AEVVET3%20PR%20NEW%2FAER%3A%3Adimension%2FAER%20Id%3A%3Aattribute%3A%3Anoaggr%3A%3Axsd%3Adouble=20000509207&_xt=AER&_xf=pdf""> AER </a>",2025-02-20 00:00:00,Other,Russian Federation,FEMALE,Dog,Spitz (unspecified),Onsior 5 mg  - Tablet (dogs),"Bloody diarrhoea, Colitis, Cystitis, Decreased appetite, Diarrhoea, Emesis (multiple), Gastric distension, Gastritis, Haemorrhagic diarrhoea, Hepatomegaly, Impaired gastric function, Intestinal disorder NOS, Leukocytosis NOS, Luminal enteropathy, Rumen atony, Vomiting",1,1,
SWE-DECHRALT-2024-14101,"<a target=""_blank""  href=""/xmlpserver/EVVET3 PW NEW/Subject Area Contents/Public Website/Report (PDF)/AER.xdo?_xpf=&_xpt=1&_params%2FOracle%20BI%20EE%3A%3ADefaultApp%3A%3AEVVET3%20PR%20NEW%2FAER%3A%3Adimension%2FAER%20Id%3A%3Aattribute%3A%3Anoaggr%3A%3Axsd%3Adouble=20000488459&_xt=AER&_xf=pdf""> AER </a>",2025-01-06 00:00:00,Veterinarian,Sweden,FEMALE,Dog,Unknown,"Comfortan 10 mg/ml solution for injection for dogs and cats, Dexdomitor 0.1 mg/ml - Solution for injection, Dexdomitor 0.5 mg/ml - Solution for injection, Onsior 10 mg  - Tablet (dogs), Onsior 20 mg  - Tablet (dogs), Onsior 20 mg/ml  - Solution for injection (cats and dogs), Onsior 40 mg  - Tablet (dogs), Onsior 5 mg  - Tablet (dogs), Onsior 6 mg  - Tablet (cats), Prevomax 10 mg/ml - Solution for injection, PropoFlo Plus, 10mg/ml, Emulsion for Injection, PropoVet Multidose 10 mg/ml injeksjonsvæske, emulsjon til hund og katt., PropoVet Multidose, 10 mg/ml, émulsion injectable pour chiens et chats, Propovet multidose 10 mg/ml emulsão injetável para cães e gatos","Abnormal echocardiogram, Arrhythmia, Bradycardia",1,1,
SWE-DECHRALT-2025-08967,"<a target=""_blank""  href=""/xmlpserver/EVVET3 PW NEW/Subject Area Contents/Public Website/Report (PDF)/AER.xdo?_xpf=&_xpt=1&_params%2FOracle%20BI%20EE%3A%3ADefaultApp%3A%3AEVVET3%20PR%20NEW%2FAER%3A%3Adimension%2FAER%20Id%3A%3Aattribute%3A%3Anoaggr%3A%3Axsd%3Adouble=20000573822&_xt=AER&_xf=pdf""> AER </a>",2025-06-18 00:00:00,Veterinarian,Sweden,FEMALE,Dog,"Dog (unknown), Retriever - Labrador","AMOXIVAL 20 % POUDRE ORALE VOLAILLE, AMOXIVAL 200 MG COMPRIMES POUR CHIEN ET CHAT, AMOXIVAL 40 FELIN COMPRIMES, AMOXIVAL 400 MG COMPRIMES POUR CHIEN, AMOXIVAL AMOXICILLINE 40 PREMELANGE MEDICAMENTEUX VOLAILLES, AMOXIVAL VET 200 mg tablets for dogs, AMOXIVAL VET 400 mg tablets for dogs, Librela 10 mg - Solution for injection, Librela 15 mg - Solution for injection, Librela 20 mg - Solution for injection, Librela 30 mg - Solution for injection, Librela 5 mg - Solution for injection, Onsior 10 mg  - Tablet (dogs), Onsior 20 mg  - Tablet (dogs), Onsior 20 mg/ml  - Solution for injection (cats and dogs), Onsior 40 mg  - Tablet (dogs), Onsior 5 mg  - Tablet (dogs), Onsior 6 mg  - Tablet (cats)","Frequent urination, Mammary gland neoplasm NOS, Urinary tract infection",1,1,
SWE-SWEMEDAG-2024-00633,"<a target=""_blank""  href=""/xmlpserver/EVVET3 PW NEW/Subject Area Contents/Public Website/Report (PDF)/AER.xdo?_xpf=&_xpt=1&_params%2FOracle%20BI%20EE%3A%3ADefaultApp%3A%3AEVVET3%20PR%20NEW%2FAER%3A%3Adimension%2FAER%20Id%3A%3Aattribute%3A%3Anoaggr%3A%3Axsd%3Adouble=20000492818&_xt=AER&_xf=pdf""> AER </a>",2025-01-16 00:00:00,Veterinarian,Sweden,UNKNOWN,Dog,Crossbred Canine/dog,"Metacam 5 mg/ml - Solution for injection (cats, dogs), Onsior 10 mg  - Tablet (dogs), Onsior 20 mg  - Tablet (dogs), Onsior 20 mg/ml  - Solution for injection (cats and dogs), Onsior 40 mg  - Tablet (dogs), Onsior 5 mg  - Tablet (dogs), Onsior 6 mg  - Tablet (cats)",Bloody diarrhoea,1,1,
SWE-SWEMEDAG-2024-00658,"<a target=""_blank""  href=""/xmlpserver/EVVET3 PW NEW/Subject Area Contents/Public Website/Report (PDF)/AER.xdo?_xpf=&_xpt=1&_params%2FOracle%20BI%20EE%3A%3ADefaultApp%3A%3AEVVET3%20PR%20NEW%2FAER%3A%3Adimension%2FAER%20Id%3A%3Aattribute%3A%3Anoaggr%3A%3Axsd%3Adouble=20000491685&_xt=AER&_xf=pdf""> AER </a>",2025-01-14 00:00:00,Animal owner,Sweden,FEMALE,Dog,Terrier - Tibetan,"Onsior 10 mg  - Tablet (dogs), Onsior 20 mg  - Tablet (dogs), Onsior 40 mg  - Tablet (dogs), Onsior 5 mg  - Tablet (dogs), Onsior 6 mg  - Tablet (cats)",Mass NOS,1,1,
SWE-SWEMEDAG-2024-00682,"<a target=""_blank""  href=""/xmlpserver/EVVET3 PW NEW/Subject Area Contents/Public Website/Report (PDF)/AER.xdo?_xpf=&_xpt=1&_params%2FOracle%20BI%20EE%3A%3ADefaultApp%3A%3AEVVET3%20PR%20NEW%2FAER%3A%3Adimension%2FAER%20Id%3A%3Aattribute%3A%3Anoaggr%3A%3Axsd%3Adouble=20000511109&_xt=AER&_xf=pdf""> AER </a>",2025-02-24 00:00:00,Veterinarian,Sweden,MALE,Dog,Dog (other),"Onsior 20 mg/ml  - Solution for injection (cats and dogs), Previcox 57 mg - Chewable tablet",Diarrhoea,1,1,
SWE-SWEMEDAG-2025-00033,"<a target=""_blank""  href=""/xmlpserver/EVVET3 PW NEW/Subject Area Contents/Public Website/Report (PDF)/AER.xdo?_xpf=&_xpt=1&_params%2FOracle%20BI%20EE%3A%3ADefaultApp%3A%3AEVVET3%20PR%20NEW%2FAER%3A%3Adimension%2FAER%20Id%3A%3Aattribute%3A%3Anoaggr%3A%3Axsd%3Adouble=20000499232&_xt=AER&_xf=pdf""> AER </a>",2025-01-31 00:00:00,Animal owner,Sweden,MALE,Dog,Spaniel - Cocker English,"Onsior 10 mg  - Tablet (dogs), Onsior 20 mg  - Tablet (dogs), Onsior 20 mg/ml  - Solution for injection (cats and dogs), Onsior 40 mg  - Tablet (dogs), Onsior 5 mg  - Tablet (dogs), Onsior 6 mg  - Tablet (cats)","Gastric ulceration NOS, Gastritis, Loose stool, Vomiting",1,1,
SWE-SWEMEDAG-2025-00120,"<a target=""_blank""  href=""/xmlpserver/EVVET3 PW NEW/Subject Area Contents/Public Website/Report (PDF)/AER.xdo?_xpf=&_xpt=1&_params%2FOracle%20BI%20EE%3A%3ADefaultApp%3A%3AEVVET3%20PR%20NEW%2FAER%3A%3Adimension%2FAER%20Id%3A%3Aattribute%3A%3Anoaggr%3A%3Axsd%3Adouble=20000519903&_xt=AER&_xf=pdf""> AER </a>",2025-03-13 00:00:00,Veterinarian,Sweden,MALE,Dog,Retriever - Labrador,Onsior 40 mg  - Tablet (dogs),"Bloody diarrhoea, Diarrhoea, Subdued",1,1,
SWE-SWEMEDAG-2025-00153,"<a target=""_blank""  href=""/xmlpserver/EVVET3 PW NEW/Subject Area Contents/Public Website/Report (PDF)/AER.xdo?_xpf=&_xpt=1&_params%2FOracle%20BI%20EE%3A%3ADefaultApp%3A%3AEVVET3%20PR%20NEW%2FAER%3A%3Adimension%2FAER%20Id%3A%3Aattribute%3A%3Anoaggr%3A%3Axsd%3Adouble=20000524262&_xt=AER&_xf=pdf""> AER </a>",2025-03-21 00:00:00,Veterinarian,Sweden,FEMALE,Dog,Shih Tzu,Onsior 10 mg  - Tablet (dogs),Diarrhoea,1,1,
SWE-SWEMEDAG-2025-00175,"<a target=""_blank""  href=""/xmlpserver/EVVET3 PW NEW/Subject Area Contents/Public Website/Report (PDF)/AER.xdo?_xpf=&_xpt=1&_params%2FOracle%20BI%20EE%3A%3ADefaultApp%3A%3AEVVET3%20PR%20NEW%2FAER%3A%3Adimension%2FAER%20Id%3A%3Aattribute%3A%3Anoaggr%3A%3Axsd%3Adouble=20000530249&_xt=AER&_xf=pdf""> AER </a>",2025-04-02 00:00:00,Veterinarian,Sweden,MALE,Dog,Corgi - Welsh Cardigan,Onsior 20 mg  - Tablet (dogs),"Abdominal pain, Bloody diarrhoea, Decreased appetite, Vomiting",1,1,
SWE-SWEMEDAG-2025-00176,"<a target=""_blank""  href=""/xmlpserver/EVVET3 PW NEW/Subject Area Contents/Public Website/Report (PDF)/AER.xdo?_xpf=&_xpt=1&_params%2FOracle%20BI%20EE%3A%3ADefaultApp%3A%3AEVVET3%20PR%20NEW%2FAER%3A%3Adimension%2FAER%20Id%3A%3Aattribute%3A%3Anoaggr%3A%3Axsd%3Adouble=20000530867&_xt=AER&_xf=pdf""> AER </a>",2025-04-03 00:00:00,Veterinarian,Sweden,FEMALE,Dog,Havanese,Onsior 5 mg  - Tablet (dogs),Diarrhoea,1,1,
SWE-SWEMEDAG-2025-00179,"<a target=""_blank""  href=""/xmlpserver/EVVET3 PW NEW/Subject Area Contents/Public Website/Report (PDF)/AER.xdo?_xpf=&_xpt=1&_params%2FOracle%20BI%20EE%3A%3ADefaultApp%3A%3AEVVET3%20PR%20NEW%2FAER%3A%3Adimension%2FAER%20Id%3A%3Aattribute%3A%3Anoaggr%3A%3Axsd%3Adouble=20000532612&_xt=AER&_xf=pdf""> AER </a>",2025-04-07 00:00:00,Animal owner,Sweden,MALE,Dog,"Chinese Crested Dog (unspecified), Dog (unknown)","Librela 10 mg - Solution for injection, Librela 15 mg - Solution for injection, Librela 20 mg - Solution for injection, Librela 30 mg - Solution for injection, Librela 5 mg - Solution for injection, Onsior 20 mg  - Tablet (dogs), Vetmedin vet., 5 mg, Tuggtablett","Adrenal gland tumour, Anxiety, Death by euthanasia, Depression, Elevated liver enzymes NOS, Excessive thirst, Pancreatitis NOS, Renal failure, Shaking, Skin lump, Skin reaction NOS, Tiredness, Urinary tract neoplasm NOS",1,1,1
SWE-SWEMEDAG-2025-00192,"<a target=""_blank""  href=""/xmlpserver/EVVET3 PW NEW/Subject Area Contents/Public Website/Report (PDF)/AER.xdo?_xpf=&_xpt=1&_params%2FOracle%20BI%20EE%3A%3ADefaultApp%3A%3AEVVET3%20PR%20NEW%2FAER%3A%3Adimension%2FAER%20Id%3A%3Aattribute%3A%3Anoaggr%3A%3Axsd%3Adouble=20000536796&_xt=AER&_xf=pdf""> AER </a>",2025-04-14 00:00:00,Veterinarian,Sweden,MALE,Dog,Poodle - Medium size,"AMOXIVAL VET 200 mg tablets for dogs, Onsior 10 mg  - Tablet (dogs)","Bloody diarrhoea, Emesis",1,,
SWE-SWEMEDAG-2025-00202,"<a target=""_blank""  href=""/xmlpserver/EVVET3 PW NEW/Subject Area Contents/Public Website/Report (PDF)/AER.xdo?_xpf=&_xpt=1&_params%2FOracle%20BI%20EE%3A%3ADefaultApp%3A%3AEVVET3%20PR%20NEW%2FAER%3A%3Adimension%2FAER%20Id%3A%3Aattribute%3A%3Anoaggr%3A%3Axsd%3Adouble=20000536862&_xt=AER&_xf=pdf""> AER </a>",2025-04-14 00:00:00,Veterinarian,Sweden,MALE,Dog,Dog (unknown),Onsior 40 mg  - Tablet (dogs),"Ascites, Duodenal ulcer, Emesis (multiple)",1,1,
SWE-SWEMEDAG-2025-00216,"<a target=""_blank""  href=""/xmlpserver/EVVET3 PW NEW/Subject Area Contents/Public Website/Report (PDF)/AER.xdo?_xpf=&_xpt=1&_params%2FOracle%20BI%20EE%3A%3ADefaultApp%3A%3AEVVET3%20PR%20NEW%2FAER%3A%3Adimension%2FAER%20Id%3A%3Aattribute%3A%3Anoaggr%3A%3Axsd%3Adouble=20000538401&_xt=AER&_xf=pdf""> AER </a>",2025-04-16 00:00:00,Veterinarian,Sweden,MALE,Dog,Spaniel - Cocker English,Onsior 20 mg/ml  - Solution for injection (cats and dogs),"Bloody diarrhoea, Watery diarrhoea",1,1,
SWE-SWEMEDAG-2025-00217,"<a target=""_blank""  href=""/xmlpserver/EVVET3 PW NEW/Subject Area Contents/Public Website/Report (PDF)/AER.xdo?_xpf=&_xpt=1&_params%2FOracle%20BI%20EE%3A%3ADefaultApp%3A%3AEVVET3%20PR%20NEW%2FAER%3A%3Adimension%2FAER%20Id%3A%3Aattribute%3A%3Anoaggr%3A%3Axsd%3Adouble=20000539243&_xt=AER&_xf=pdf""> AER </a>",2025-04-17 00:00:00,Veterinarian,Sweden,MALE,Dog,"Crossbred Canine/dog, Dog (unknown)",Onsior 40 mg  - Tablet (dogs),Diarrhoea,1,1,
SWE-SWEMEDAG-2025-00264,"<a target=""_blank""  href=""/xmlpserver/EVVET3 PW NEW/Subject Area Contents/Public Website/Report (PDF)/AER.xdo?_xpf=&_xpt=1&_params%2FOracle%20BI%20EE%3A%3ADefaultApp%3A%3AEVVET3%20PR%20NEW%2FAER%3A%3Adimension%2FAER%20Id%3A%3Aattribute%3A%3Anoaggr%3A%3Axsd%3Adouble=20000550167&_xt=AER&_xf=pdf""> AER </a>",2025-05-08 00:00:00,Veterinarian,Sweden,FEMALE,Dog,Terrier - Boston,Onsior 10 mg  - Tablet (dogs),"Emesis (multiple), Watery diarrhoea",1,1,
SWE-SWEMEDAG-2025-00317,"<a target=""_blank""  href=""/xmlpserver/EVVET3 PW NEW/Subject Area Contents/Public Website/Report (PDF)/AER.xdo?_xpf=&_xpt=1&_params%2FOracle%20BI%20EE%3A%3ADefaultApp%3A%3AEVVET3%20PR%20NEW%2FAER%3A%3Adimension%2FAER%20Id%3A%3Aattribute%3A%3Anoaggr%3A%3Axsd%3Adouble=20000556415&_xt=AER&_xf=pdf""> AER </a>",2025-05-20 00:00:00,Veterinarian,Sweden,FEMALE,Dog,Basset - Griffon Vendeen Small,Onsior 20 mg  - Tablet (dogs),"Emesis (multiple), Haemorrhagic diarrhoea",1,1,
SWE-SWEMEDAG-2025-00340,"<a target=""_blank""  href=""/xmlpserver/EVVET3 PW NEW/Subject Area Contents/Public Website/Report (PDF)/AER.xdo?_xpf=&_xpt=1&_params%2FOracle%20BI%20EE%3A%3ADefaultApp%3A%3AEVVET3%20PR%20NEW%2FAER%3A%3Adimension%2FAER%20Id%3A%3Aattribute%3A%3Anoaggr%3A%3Axsd%3Adouble=20000559958&_xt=AER&_xf=pdf""> AER </a>",2025-05-26 00:00:00,Veterinarian,Sweden,MALE,Dog,Chinese Crested Dog (unspecified),Onsior 10 mg  - Tablet (dogs),"Drooling, Foaming at the mouth, Nausea, Tiredness, Wobbliness",1,1,
SWE-SWEMEDAG-2025-00382,"<a target=""_blank""  href=""/xmlpserver/EVVET3 PW NEW/Subject Area Contents/Public Website/Report (PDF)/AER.xdo?_xpf=&_xpt=1&_params%2FOracle%20BI%20EE%3A%3ADefaultApp%3A%3AEVVET3%20PR%20NEW%2FAER%3A%3Adimension%2FAER%20Id%3A%3Aattribute%3A%3Anoaggr%3A%3Axsd%3Adouble=20000569858&_xt=AER&_xf=pdf""> AER </a>",2025-06-11 00:00:00,Veterinarian,Sweden,MALE,Dog,Retriever - Labrador,"Librela 10 mg - Solution for injection, Librela 15 mg - Solution for injection, Librela 20 mg - Solution for injection, Librela 30 mg - Solution for injection, Librela 5 mg - Solution for injection, Onsior 40 mg  - Tablet (dogs)","Abnormal radiograph finding, Bone and joint disorder NOS, Cutaneous calcinosis, Joint stiffness, Joint swelling, Lameness",1,1,
SWE-SWEMEDAG-2025-00460,"<a target=""_blank""  href=""/xmlpserver/EVVET3 PW NEW/Subject Area Contents/Public Website/Report (PDF)/AER.xdo?_xpf=&_xpt=1&_params%2FOracle%20BI%20EE%3A%3ADefaultApp%3A%3AEVVET3%20PR%20NEW%2FAER%3A%3Adimension%2FAER%20Id%3A%3Aattribute%3A%3Anoaggr%3A%3Axsd%3Adouble=20000580471&_xt=AER&_xf=pdf""> AER </a>",2025-06-30 00:00:00,Veterinarian,Sweden,MALE,Dog,"Crossbred Canine/dog, Dog (unknown)","Librela 20 mg - Solution for injection, Onsior 40 mg  - Tablet (dogs)","Polyuria, Walking difficulty",1,1,
SWE-SWEMEDAG-2025-00504,"<a target=""_blank""  href=""/xmlpserver/EVVET3 PW NEW/Subject Area Contents/Public Website/Report (PDF)/AER.xdo?_xpf=&_xpt=1&_params%2FOracle%20BI%20EE%3A%3ADefaultApp%3A%3AEVVET3%20PR%20NEW%2FAER%3A%3Adimension%2FAER%20Id%3A%3Aattribute%3A%3Anoaggr%3A%3Axsd%3Adouble=20000583372&_xt=AER&_xf=pdf""> AER </a>",2025-07-04 00:00:00,Veterinarian,Sweden,FEMALE,Dog,Retriever - Labrador,Onsior 20 mg/ml  - Solution for injection (cats and dogs),"Diarrhoea, Emesis (multiple)",1,1,
SWE-SWEMEDAG-2025-00521,"<a target=""_blank""  href=""/xmlpserver/EVVET3 PW NEW/Subject Area Contents/Public Website/Report (PDF)/AER.xdo?_xpf=&_xpt=1&_params%2FOracle%20BI%20EE%3A%3ADefaultApp%3A%3AEVVET3%20PR%20NEW%2FAER%3A%3Adimension%2FAER%20Id%3A%3Aattribute%3A%3Anoaggr%3A%3Axsd%3Adouble=20000585905&_xt=AER&_xf=pdf""> AER </a>",2025-07-09 00:00:00,Veterinarian,Sweden,MALE,Dog,Shih Tzu,"Librela 10 mg - Solution for injection, Onsior 20 mg  - Tablet (dogs)","Anxiety, Death by euthanasia, Diarrhoea, Pacing, Pain NOS, Panting",1,1,1
SWE-SWEMEDAG-2025-00536,"<a target=""_blank""  href=""/xmlpserver/EVVET3 PW NEW/Subject Area Contents/Public Website/Report (PDF)/AER.xdo?_xpf=&_xpt=1&_params%2FOracle%20BI%20EE%3A%3ADefaultApp%3A%3AEVVET3%20PR%20NEW%2FAER%3A%3Adimension%2FAER%20Id%3A%3Aattribute%3A%3Anoaggr%3A%3Axsd%3Adouble=20000596041&_xt=AER&_xf=pdf""> AER </a>",2025-07-28 00:00:00,Veterinarian,Sweden,MALE,Dog,Terrier - American Staffordshire,"Librela 15 mg - Solution for injection, Onsior 40 mg  - Tablet (dogs)","Death by euthanasia, Pruritus, Rash",1,1,1
SWE-SWEMEDAG-2025-00542,"<a target=""_blank""  href=""/xmlpserver/EVVET3 PW NEW/Subject Area Contents/Public Website/Report (PDF)/AER.xdo?_xpf=&_xpt=1&_params%2FOracle%20BI%20EE%3A%3ADefaultApp%3A%3AEVVET3%20PR%20NEW%2FAER%3A%3Adimension%2FAER%20Id%3A%3Aattribute%3A%3Anoaggr%3A%3Axsd%3Adouble=20000586638&_xt=AER&_xf=pdf""> AER </a>",2025-07-10 00:00:00,Veterinarian,Sweden,FEMALE,Dog,Poodle - Miniature,Onsior 5 mg  - Tablet (dogs),Haematemesis,1,1,
SWE-SWEMEDAG-2025-00605,"<a target=""_blank""  href=""/xmlpserver/EVVET3 PW NEW/Subject Area Contents/Public Website/Report (PDF)/AER.xdo?_xpf=&_xpt=1&_params%2FOracle%20BI%20EE%3A%3ADefaultApp%3A%3AEVVET3%20PR%20NEW%2FAER%3A%3Adimension%2FAER%20Id%3A%3Aattribute%3A%3Anoaggr%3A%3Axsd%3Adouble=20000619894&_xt=AER&_xf=pdf""> AER </a>",2025-09-11 00:00:00,Veterinarian,Sweden,FEMALE,Dog,Crossbred Canine/dog,"Librela 20 mg - Solution for injection, Onsior 40 mg  - Tablet (dogs), PROPALIN","Anxiety, Balance problem, Circling - behavioural disorder (see also Neurological disorders), Dull, Falling, Head tilt - neurological disorder (see also Head tilt - ear disorder), Incoordination, Limb weakness, Neurological signs NOS, Tiredness, Walking difficulty",1,1,
SWE-ZOETISPV-2024-SE-00248,"<a target=""_blank""  href=""/xmlpserver/EVVET3 PW NEW/Subject Area Contents/Public Website/Report (PDF)/AER.xdo?_xpf=&_xpt=1&_params%2FOracle%20BI%20EE%3A%3ADefaultApp%3A%3AEVVET3%20PR%20NEW%2FAER%3A%3Adimension%2FAER%20Id%3A%3Aattribute%3A%3Anoaggr%3A%3Axsd%3Adouble=20000490013&_xt=AER&_xf=pdf""> AER </a>",2025-01-09 00:00:00,Veterinarian,Sweden,FEMALE,Dog,Pug,"Librela 10 mg - Solution for injection, Librela 15 mg - Solution for injection, Librela 20 mg - Solution for injection, Librela 30 mg - Solution for injection, Librela 5 mg - Solution for injection, Onsior 10 mg  - Tablet (dogs)","Lethargy (see also Central nervous system depression in Neurological), Vacant",1,1,
SWE-ZOETISPV-2025-SE-00128,"<a target=""_blank""  href=""/xmlpserver/EVVET3 PW NEW/Subject Area Contents/Public Website/Report (PDF)/AER.xdo?_xpf=&_xpt=1&_params%2FOracle%20BI%20EE%3A%3ADefaultApp%3A%3AEVVET3%20PR%20NEW%2FAER%3A%3Adimension%2FAER%20Id%3A%3Aattribute%3A%3Anoaggr%3A%3Axsd%3Adouble=20000565513&_xt=AER&_xf=pdf""> AER </a>",2025-06-04 00:00:00,Veterinarian,Sweden,MALE,Dog,Havanese,"Librela 10 mg - Solution for injection, Librela 15 mg - Solution for injection, Librela 20 mg - Solution for injection, Librela 30 mg - Solution for injection, Librela 5 mg - Solution for injection, Onsior 10 mg  - Tablet (dogs), Onsior 20 mg  - Tablet (dogs), Onsior 20 mg/ml  - Solution for injection (cats and dogs), Onsior 40 mg  - Tablet (dogs), Onsior 5 mg  - Tablet (dogs), Onsior 6 mg  - Tablet (cats)","Decreased urine concentration, Inappropriate urination, Polydipsia, Polyuria",1,1,
SWE-ZZELANCO-SE2025_000044,"<a target=""_blank""  href=""/xmlpserver/EVVET3 PW NEW/Subject Area Contents/Public Website/Report (PDF)/AER.xdo?_xpf=&_xpt=1&_params%2FOracle%20BI%20EE%3A%3ADefaultApp%3A%3AEVVET3%20PR%20NEW%2FAER%3A%3Adimension%2FAER%20Id%3A%3Aattribute%3A%3Anoaggr%3A%3Axsd%3Adouble=20000601377&_xt=AER&_xf=pdf""> AER </a>",2025-08-06 00:00:00,Other,Sweden,MALE,Dog,Pug,"Comfortan 10 mg/ml solution for injection for dogs and cats, Onsior 10 mg  - Tablet (dogs), Onsior 20 mg/ml  - Solution for injection (cats and dogs), Prevomax 10 mg/ml - Solution for injection, VETALGIN, VETALGIN 500MGML, ενέσιμο διάλυμα δια ενδομυική ή ενδοφλέβια χορήγηση για ίππους, βοοειδή, χοίρους και σκύλους, VETALGIN, 500mg/ml, Injekční roztok, Vetalgin, Vetalgin  Oplossing voor injectie, Vetalgin 500 mg/ml - Injektionslösung für Tiere, Vetalgin 500 mg/ml oplossing voor injectie, Vetalgin 500 mg/ml solution injectable, Vetalgin 500 mg/ml solução injetável para bovinos, suínos, equinos e cães, Vetalgin Vet. 500 mg/ml injektionsvæske, opløsning, Vetalgin injekció, Vetalgin vet. 500 mg/ml Injektionsvätska, lösning, Vetalgin vet. 500 mg/ml injeksjonsvæske, oppløsning til hest, storfe, gris og hund","Decreased urine concentration, Elevated creatinine, Elevated renal parameters, Polydipsia, Polyuria",1,1,
SWE-ZZELANCO-SE2025_000117,"<a target=""_blank""  href=""/xmlpserver/EVVET3 PW NEW/Subject Area Contents/Public Website/Report (PDF)/AER.xdo?_xpf=&_xpt=1&_params%2FOracle%20BI%20EE%3A%3ADefaultApp%3A%3AEVVET3%20PR%20NEW%2FAER%3A%3Adimension%2FAER%20Id%3A%3Aattribute%3A%3Anoaggr%3A%3Axsd%3Adouble=20000617136&_xt=AER&_xf=pdf""> AER </a>",2025-09-07 00:00:00,Veterinarian,Sweden,FEMALE,Dog,Retriever - Labrador,"Galliprant 60 mg - Tablet, Librela 10 mg - Solution for injection, Librela 15 mg - Solution for injection, Librela 20 mg - Solution for injection, Librela 30 mg - Solution for injection, Librela 5 mg - Solution for injection, Onsior 40 mg  - Tablet (dogs)","Anorexia, Decreased drinking, Elevated alanine aminotransferase (ALT), Eosinopenia, Exercise intolerance, Gastritis, Lethargy (see also Central nervous system depression in Neurological), Nervous system disorder NOS, Pica NOS, Pruritus, Stiffness NOS, Thrombocytosis, Vomiting, Vomiting bile, Weight gain",1,1,
USA-ZOETISPV-2024-US-54297,"<a target=""_blank""  href=""/xmlpserver/EVVET3 PW NEW/Subject Area Contents/Public Website/Report (PDF)/AER.xdo?_xpf=&_xpt=1&_params%2FOracle%20BI%20EE%3A%3ADefaultApp%3A%3AEVVET3%20PR%20NEW%2FAER%3A%3Adimension%2FAER%20Id%3A%3Aattribute%3A%3Anoaggr%3A%3Axsd%3Adouble=20000498046&_xt=AER&_xf=pdf""> AER </a>",2025-01-29 00:00:00,Animal owner,United States,FEMALE,Dog,Bulldog - French,"Librela 10 mg - Solution for injection, Librela 15 mg - Solution for injection, Librela 20 mg - Solution for injection, Librela 30 mg - Solution for injection, Librela 5 mg - Solution for injection, Onsior 10 mg  - Tablet (dogs), Onsior 20 mg  - Tablet (dogs), Onsior 20 mg/ml  - Solution for injection (cats and dogs), Onsior 40 mg  - Tablet (dogs), Onsior 5 mg  - Tablet (dogs), Onsior 6 mg  - Tablet (cats)","Abnormal menace reflex test, Drooling, Falling, Impaired proprioception, Lumbar pain, Panting, Seizure NOS, Shaking",1,1,