Case number,AER form,Received date,Reporter,Country,Gender,Species,Breed,Drug,Reaction,Animals affected,Animals treated,Animals died
108-2010,"<a target=""_blank""  href=""/xmlpserver/EVVET3 PW NEW/Subject Area Contents/Public Website/Report (PDF)/AER.xdo?_xpf=&_xpt=1&_params%2FOracle%20BI%20EE%3A%3ADefaultApp%3A%3AEVVET3%20PR%20NEW%2FAER%3A%3Adimension%2FAER%20Id%3A%3Aattribute%3A%3Anoaggr%3A%3Axsd%3Adouble=168611&_xt=AER&_xf=pdf""> AER </a>",2010-05-03 00:00:00,Veterinarian,Sweden,MALE,Dog,Unknown,Rimadyl Palatable Tablets 20 mg,Bloody diarrhoea,1,1,
157-160-2010,"<a target=""_blank""  href=""/xmlpserver/EVVET3 PW NEW/Subject Area Contents/Public Website/Report (PDF)/AER.xdo?_xpf=&_xpt=1&_params%2FOracle%20BI%20EE%3A%3ADefaultApp%3A%3AEVVET3%20PR%20NEW%2FAER%3A%3Adimension%2FAER%20Id%3A%3Aattribute%3A%3Anoaggr%3A%3Axsd%3Adouble=179913&_xt=AER&_xf=pdf""> AER </a>",2010-05-11 00:00:00,Veterinarian,Sweden,MIXED,Dog,Unknown,"RIMADYL 100 mg COMPRIMIDOS MASTICABLES PARA PERROS, RIMADYL 100 mg comprimate pentru câini, RIMADYL 100 mg, kramtomosios tabletės šunims, RIMADYL 100MG/TAB ΜΑΣΩΜΕΝΟ ΔΙΣΚΙΟ, RIMADYL 20 mg COMPRIMIDOS MASTICABLES PARA PERROS, RIMADYL 20 mg, kramtomosios tabletės šunims, RIMADYL 20MG/TAB ΜΑΣΩΜΕΝΟ ΔΙΣΚΙΟ, RIMADYL 50 mg COMPRIMIDOS MASTICABLES PARA PERROS, RIMADYL 50 mg comprimate pentru câini, RIMADYL 50 mg, kramtomosios tabletės šunims, RIMADYL 50MG/TAB ΜΑΣΩΜΕΝΟ ΔΙΣΚΙΟ, RIMADYL 50mg/ml ενέσιμο διάλυμα για σκύλους και γάτες, RIMADYL CATTLE 50 mg/ml, injekcinis tirpalas galvijams, RIMADYL Cattle 50 mg/ml Solution for Injection, RIMADYL INJECTABLE SOLUTION INJECTABLE POUR CHATS ET CHIENS, RIMADYL Injection 50mg/ml Διαυγές αποστειρωμένο ενέσιμο διάλυμα για σκύλους και γάτες, RIMADYL SMAKELIJKE TABLETTEN 100 mg voor honden, RIMADYL SMAKELIJKE TABLETTEN 50 mg voor honden, RIMADYL VET 50 mg/ml injektioneste, liuos, RIMADYL vet 100 mg purutabletti, RIMADYL vet 20 mg purutabletti, RIMADYL vet 50 mg purutabletti, Rimadyl 100 mg - Kautabletten für Hunde, Rimadyl 100 mg Comprimés Appétents 100 mg Tablet, Rimadyl 100 mg Kautablette für Hunde, Rimadyl 100 mg comprimidos mastigáveis para cães, Rimadyl 100 mg comprimés appétents, 100 mg, comprimés pour chiens, Rimadyl 100 mg okusne, žvečljive tablete za pse, Rimadyl 100 mg tabletes suņiem, Rimadyl 100 mg ízesített tabletta A.U.V., Rimadyl 20 mg - Kautabletten für Hunde, Rimadyl 20 mg Comprimés Appétents 20 mg Comprimé, Rimadyl 20 mg Comprimés Appétents 20 mg Tablet, Rimadyl 20 mg Kautablette für Hunde, Rimadyl 20 mg okusne, žvečljive tablete za pse, Rimadyl 20 mg ízesített tabletta A.U.V., Rimadyl 20 mg таблетки за кучета/Rimadyl 50 mg таблетки за кучета/Rimadyl 100 mg таблетки за кучета, Rimadyl 50 mg - Kautabletten für Hunde, Rimadyl 50 mg Comprimés Appétents 50 mg Tablet, Rimadyl 50 mg Kautablette für Hunde, Rimadyl 50 mg comprimidos mastigáveis para cães, Rimadyl 50 mg comprimés appétents, 50 mg, comprimés pour chiens, Rimadyl 50 mg košļājamās tabletes suņiem, Rimadyl 50 mg okusne, žvečljive tablete za pse, Rimadyl 50 mg ízesített tabletta A.U.V., Rimadyl 50 mg/ml - Injektionslösung für Hunde und Katzen, Rimadyl 50 mg/ml injekčný roztok, Rimadyl 50mg/ml Injektionslösung für Hunde und Katzen, Rimadyl Cattle, 50 mg/mL, otopina za injekciju, za goveda, Rimadyl Iniettabile 50 mg/ml, soluzione iniettabile per cane e gatto., Rimadyl Palatable 100 mg tablety pre psy, Rimadyl Palatable 20 mg tablety pre psy, Rimadyl Palatable 50 mg tablety pre psy, Rimadyl Palatable Tablets 100, Rimadyl Palatable Tablets 100 mg, Rimadyl Palatable Tablets 100 mg tabletes suņiem, Rimadyl Palatable Tablets 20 mg, Rimadyl Palatable Tablets 20 mg tabletes suņiem, Rimadyl Palatable Tablets 50, Rimadyl Palatable Tablets 50 mg, Rimadyl Palatable Tablets 50 mg tabletes suņiem, Rimadyl Palatable Tablets da 100 mg per cani, Rimadyl Palatable Tablets da 20 mg per cani, Rimadyl Palatable Tablets da 50 mg per cani, Rimadyl Palatable, 100mg, Žvýkací tableta, Rimadyl Palatable, 20mg, Žvýkací tableta, Rimadyl Palatable, 50mg, Žvýkací tableta, Rimadyl Solution for Injection for dogs and cats 50 mg/ml, Rimadyl Vet. 100 mg tyggetabletter, Rimadyl Vet. 20 mg tyggetabletter, Rimadyl Vet. 50 mg tyggetabletter, Rimadyl cattle 50 mg/ml oplossing voor injectie, Rimadyl injectievloeistof, 50 mg/ml voor honden en katten, Rimadyl smakelijke tabletten 100 mg voor honden, Rimadyl smakelijke tabletten 20 mg voor honden, Rimadyl smakelijke tabletten 50 mg voor honden, Rimadyl vet. 100 mg Tuggtablett, Rimadyl vet. 100 mg tyggetabletter, Rimadyl vet. 20 mg Tuggtablett, Rimadyl vet. 20 mg tyggetabletter, Rimadyl vet. 50 mg Tuggtablett, Rimadyl vet. 50 mg tyggetabletter, Rimadyl vet., 100 mg, Tuggtablett, Rimadyl Μασώμενο Δισκίο 100mg για σκύλους, Rimadyl Μασώμενο Δισκίο 20mg για σκύλους, Rimadyl Μασώμενο Δισκίο 50mg για σκύλους, Rimadyl, 100 mg närimistablett koertele, Rimadyl, 20 mg närimistablett koertele, Rimadyl, 50 mg närimistablett koertele, Rim",Bloody diarrhoea,4,4,
AE-UKPFIZAH-2010-UK-01000,"<a target=""_blank""  href=""/xmlpserver/EVVET3 PW NEW/Subject Area Contents/Public Website/Report (PDF)/AER.xdo?_xpf=&_xpt=1&_params%2FOracle%20BI%20EE%3A%3ADefaultApp%3A%3AEVVET3%20PR%20NEW%2FAER%3A%3Adimension%2FAER%20Id%3A%3Aattribute%3A%3Anoaggr%3A%3Axsd%3Adouble=205234&_xt=AER&_xf=pdf""> AER </a>",2010-07-23 00:00:00,Other health care professional,United Kingdom,UNKNOWN,Dog,Unknown,Rimadyl Palatable Tablets 50 mg,Hepatopathy,1,1,
AU-UKPFIZAH-2010-AU-00233,"<a target=""_blank""  href=""/xmlpserver/EVVET3 PW NEW/Subject Area Contents/Public Website/Report (PDF)/AER.xdo?_xpf=&_xpt=1&_params%2FOracle%20BI%20EE%3A%3ADefaultApp%3A%3AEVVET3%20PR%20NEW%2FAER%3A%3Adimension%2FAER%20Id%3A%3Aattribute%3A%3Anoaggr%3A%3Axsd%3Adouble=204328&_xt=AER&_xf=pdf""> AER </a>",2010-07-15 00:00:00,Veterinarian,Australia,MALE,Dog,Retriever - Labrador,Rimadyl 100 mg - Kautabletten für Hunde,"Blood clot, Death, Gastric ulcer",1,1,1
AU-UKPFIZAH-2010-AU-00279,"<a target=""_blank""  href=""/xmlpserver/EVVET3 PW NEW/Subject Area Contents/Public Website/Report (PDF)/AER.xdo?_xpf=&_xpt=1&_params%2FOracle%20BI%20EE%3A%3ADefaultApp%3A%3AEVVET3%20PR%20NEW%2FAER%3A%3Adimension%2FAER%20Id%3A%3Aattribute%3A%3Anoaggr%3A%3Axsd%3Adouble=217461&_xt=AER&_xf=pdf""> AER </a>",2010-08-26 00:00:00,Veterinarian,Australia,FEMALE,Dog,Greyhound,"Rimadyl vet. 100 mg Tuggtablett, Rimadyl vet. 20 mg Tuggtablett, Rimadyl vet. 50 mg Tuggtablett, Rimadyl vet., 100 mg, Tuggtablett",Death,1,1,1
CA-DEBIAHP-2010CA01228,"<a target=""_blank""  href=""/xmlpserver/EVVET3 PW NEW/Subject Area Contents/Public Website/Report (PDF)/AER.xdo?_xpf=&_xpt=1&_params%2FOracle%20BI%20EE%3A%3ADefaultApp%3A%3AEVVET3%20PR%20NEW%2FAER%3A%3Adimension%2FAER%20Id%3A%3Aattribute%3A%3Anoaggr%3A%3Axsd%3Adouble=236956&_xt=AER&_xf=pdf""> AER </a>",2010-10-18 00:00:00,Veterinarian,Canada,FEMALE,Dog,Retriever - Labrador,"Metacam 0.5 mg/ml - Oral suspension (cats, guinea pigs), Metacam 0.5 mg/ml - Oral suspension (dogs), Metacam 1.5 mg/ml - Oral suspension (dogs), Metacam 15 mg/ml - Oral suspension (horses), Metacam 15 mg/ml - Oral suspension (pigs), Metacam 2 mg/ml - Solution for injection (cats), Metacam 20 mg/ml - Solution for injection (cattle, pigs, horses), Metacam 40 mg/ml - Solution for injection (cattle, horses), Metacam 5 mg/ml - Solution for injection (cats, dogs), Metacam 5 mg/ml - Solution for injection (cattle, pigs), Metacam 5 mg/ml - Solution for injection (dogs), RIMADYL 100 mg COMPRIMIDOS MASTICABLES PARA PERROS, RIMADYL 100 mg comprimate pentru câini, RIMADYL 100 mg, kramtomosios tabletės šunims, RIMADYL 100MG/TAB ΜΑΣΩΜΕΝΟ ΔΙΣΚΙΟ, RIMADYL 20 mg COMPRIMIDOS MASTICABLES PARA PERROS, RIMADYL 20 mg, kramtomosios tabletės šunims, RIMADYL 20MG/TAB ΜΑΣΩΜΕΝΟ ΔΙΣΚΙΟ, RIMADYL 50 mg COMPRIMIDOS MASTICABLES PARA PERROS, RIMADYL 50 mg comprimate pentru câini, RIMADYL 50 mg, kramtomosios tabletės šunims, RIMADYL 50MG/TAB ΜΑΣΩΜΕΝΟ ΔΙΣΚΙΟ, RIMADYL 50mg/ml ενέσιμο διάλυμα για σκύλους και γάτες, RIMADYL CATTLE 50 mg/ml, injekcinis tirpalas galvijams, RIMADYL Cattle 50 mg/ml Solution for Injection, RIMADYL INJECTABLE SOLUTION INJECTABLE POUR CHATS ET CHIENS, RIMADYL Injection 50mg/ml Διαυγές αποστειρωμένο ενέσιμο διάλυμα για σκύλους και γάτες, RIMADYL SMAKELIJKE TABLETTEN 100 mg voor honden, RIMADYL SMAKELIJKE TABLETTEN 50 mg voor honden, RIMADYL VET 50 mg/ml injektioneste, liuos, RIMADYL vet 100 mg purutabletti, RIMADYL vet 20 mg purutabletti, RIMADYL vet 50 mg purutabletti, Rimadyl 100 mg - Kautabletten für Hunde, Rimadyl 100 mg Comprimés Appétents 100 mg Tablet, Rimadyl 100 mg Kautablette für Hunde, Rimadyl 100 mg comprimidos mastigáveis para cães, Rimadyl 100 mg comprimés appétents, 100 mg, comprimés pour chiens, Rimadyl 100 mg okusne, žvečljive tablete za pse, Rimadyl 100 mg tabletes suņiem, Rimadyl 100 mg ízesített tabletta A.U.V., Rimadyl 20 mg - Kautabletten für Hunde, Rimadyl 20 mg Comprimés Appétents 20 mg Comprimé, Rimadyl 20 mg Comprimés Appétents 20 mg Tablet, Rimadyl 20 mg Kautablette für Hunde, Rimadyl 20 mg okusne, žvečljive tablete za pse, Rimadyl 20 mg ízesített tabletta A.U.V., Rimadyl 20 mg таблетки за кучета/Rimadyl 50 mg таблетки за кучета/Rimadyl 100 mg таблетки за кучета, Rimadyl 50 mg - Kautabletten für Hunde, Rimadyl 50 mg Comprimés Appétents 50 mg Tablet, Rimadyl 50 mg Kautablette für Hunde, Rimadyl 50 mg comprimidos mastigáveis para cães, Rimadyl 50 mg comprimés appétents, 50 mg, comprimés pour chiens, Rimadyl 50 mg košļājamās tabletes suņiem, Rimadyl 50 mg okusne, žvečljive tablete za pse, Rimadyl 50 mg ízesített tabletta A.U.V., Rimadyl 50 mg/ml - Injektionslösung für Hunde und Katzen, Rimadyl 50 mg/ml injekčný roztok, Rimadyl 50mg/ml Injektionslösung für Hunde und Katzen, Rimadyl Cattle, 50 mg/mL, otopina za injekciju, za goveda, Rimadyl Iniettabile 50 mg/ml, soluzione iniettabile per cane e gatto., Rimadyl Palatable 100 mg tablety pre psy, Rimadyl Palatable 20 mg tablety pre psy, Rimadyl Palatable 50 mg tablety pre psy, Rimadyl Palatable Tablets 100, Rimadyl Palatable Tablets 100 mg, Rimadyl Palatable Tablets 100 mg tabletes suņiem, Rimadyl Palatable Tablets 20 mg, Rimadyl Palatable Tablets 20 mg tabletes suņiem, Rimadyl Palatable Tablets 50, Rimadyl Palatable Tablets 50 mg, Rimadyl Palatable Tablets 50 mg tabletes suņiem, Rimadyl Palatable Tablets da 100 mg per cani, Rimadyl Palatable Tablets da 20 mg per cani, Rimadyl Palatable Tablets da 50 mg per cani, Rimadyl Palatable, 100mg, Žvýkací tableta, Rimadyl Palatable, 20mg, Žvýkací tableta, Rimadyl Palatable, 50mg, Žvýkací tableta, Rimadyl Solution for Injection for dogs and cats 50 mg/ml, Rimadyl Vet. 100 mg tyggetabletter, Rimadyl Vet. 20 mg tyggetabletter, Rimadyl Vet. 50 mg tyggetabletter, Rimadyl cattle 50 mg/ml oplossing voor injectie, Rimadyl injectievloeistof, 50 mg/ml voor honden en katten, Rimadyl smakelijke tabletten 100 mg voor honden, Rimadyl smakelij","Anorexia, Dehydration, Duodenal ulcer, Lethargy (see also Central nervous system depression in Neurological), Peritonitis, Vomiting",1,1,
CA-UKPFIZAH-2010-CA-00112,"<a target=""_blank""  href=""/xmlpserver/EVVET3 PW NEW/Subject Area Contents/Public Website/Report (PDF)/AER.xdo?_xpf=&_xpt=1&_params%2FOracle%20BI%20EE%3A%3ADefaultApp%3A%3AEVVET3%20PR%20NEW%2FAER%3A%3Adimension%2FAER%20Id%3A%3Aattribute%3A%3Anoaggr%3A%3Axsd%3Adouble=119854&_xt=AER&_xf=pdf""> AER </a>",2010-02-04 00:00:00,Veterinarian,Canada,FEMALE,Dog,Retriever - Labrador,"Rimadyl, 100 mg närimistablett koertele","Abdominal pain, Ataxia, Blood in vomit, Circulatory shock, Depression, Dullness, Febrile, Heart murmur, Hepatic necrosis, Icterus, Miosis, Mydriasis, Opisthotonus, Tarry or black stool (see also haemorrhagic diarrhoea), Vomiting",1,1,1
CA-UKPFIZAH-2010-CA-00122,"<a target=""_blank""  href=""/xmlpserver/EVVET3 PW NEW/Subject Area Contents/Public Website/Report (PDF)/AER.xdo?_xpf=&_xpt=1&_params%2FOracle%20BI%20EE%3A%3ADefaultApp%3A%3AEVVET3%20PR%20NEW%2FAER%3A%3Adimension%2FAER%20Id%3A%3Aattribute%3A%3Anoaggr%3A%3Axsd%3Adouble=124621&_xt=AER&_xf=pdf""> AER </a>",2010-03-04 00:00:00,Veterinarian,Canada,MALE,Dog,Siberian Husky,"DEPOCILLIN 300 mg/ml, DEPOCILLIN 300 mg/ml SUSPENSION INYECTABLE, DEPOCILLIN 300MG/ML ΕΝΕΣΙΜΟ ΕΝΑΙΩΡΗΜΑ, Depocillin 300 mg/ml Suspension for Injection, Rimadyl vet. 100 mg Tuggtablett, Rimadyl vet. 20 mg Tuggtablett, Rimadyl vet. 50 mg Tuggtablett, Rimadyl vet., 100 mg, Tuggtablett","Anorexia, Emesis, Limb weakness, Myasthenia gravis",1,1,
CA-UKPFIZAH-2010-CA-00299,"<a target=""_blank""  href=""/xmlpserver/EVVET3 PW NEW/Subject Area Contents/Public Website/Report (PDF)/AER.xdo?_xpf=&_xpt=1&_params%2FOracle%20BI%20EE%3A%3ADefaultApp%3A%3AEVVET3%20PR%20NEW%2FAER%3A%3Adimension%2FAER%20Id%3A%3Aattribute%3A%3Anoaggr%3A%3Axsd%3Adouble=205175&_xt=AER&_xf=pdf""> AER </a>",2010-07-23 00:00:00,Veterinarian,Canada,MALE,Dog,Rottweiler,"Rimadyl, 100 mg närimistablett koertele, Tramadog 50 mg tablet for dogs","Dyspnoea, Emesis, Listless, Unexplained death",1,1,1
CA-UKPFIZAH-2010-CA-00316,"<a target=""_blank""  href=""/xmlpserver/EVVET3 PW NEW/Subject Area Contents/Public Website/Report (PDF)/AER.xdo?_xpf=&_xpt=1&_params%2FOracle%20BI%20EE%3A%3ADefaultApp%3A%3AEVVET3%20PR%20NEW%2FAER%3A%3Adimension%2FAER%20Id%3A%3Aattribute%3A%3Anoaggr%3A%3Axsd%3Adouble=128532&_xt=AER&_xf=pdf""> AER </a>",2010-03-12 00:00:00,Veterinarian,Canada,MALE,Dog,Retriever - Labrador,"Rimadyl, 100 mg närimistablett koertele","Anorexia, Elevated liver enzymes NOS, Jaundice, Lethargy (see also Central nervous system depression in Neurological), Vomiting",1,1,
CA-UKPFIZAH-2010-CA-00489,"<a target=""_blank""  href=""/xmlpserver/EVVET3 PW NEW/Subject Area Contents/Public Website/Report (PDF)/AER.xdo?_xpf=&_xpt=1&_params%2FOracle%20BI%20EE%3A%3ADefaultApp%3A%3AEVVET3%20PR%20NEW%2FAER%3A%3Adimension%2FAER%20Id%3A%3Aattribute%3A%3Anoaggr%3A%3Axsd%3Adouble=205176&_xt=AER&_xf=pdf""> AER </a>",2010-07-23 00:00:00,Veterinarian,Canada,FEMALE,Dog,Retriever - Labrador,"Rimadyl, 100 mg närimistablett koertele, Tramadog 50 mg tablet for dogs","Anorexia, Excessive thirst, Hepatopathy, Jaundice, Lethargy (see also Central nervous system depression in Neurological), Tense abdomen, Vomiting",1,1,
CA-UKPFIZAH-2010-CA-00504,"<a target=""_blank""  href=""/xmlpserver/EVVET3 PW NEW/Subject Area Contents/Public Website/Report (PDF)/AER.xdo?_xpf=&_xpt=1&_params%2FOracle%20BI%20EE%3A%3ADefaultApp%3A%3AEVVET3%20PR%20NEW%2FAER%3A%3Adimension%2FAER%20Id%3A%3Aattribute%3A%3Anoaggr%3A%3Axsd%3Adouble=151814&_xt=AER&_xf=pdf""> AER </a>",2010-04-22 00:00:00,Veterinarian,Canada,FEMALE,Dog,Retriever - Golden,"Rimadyl, 100 mg närimistablett koertele","Anorexia, Diarrhoea, Vomiting",1,1,
CA-UKPFIZAH-2010-CA-00544,"<a target=""_blank""  href=""/xmlpserver/EVVET3 PW NEW/Subject Area Contents/Public Website/Report (PDF)/AER.xdo?_xpf=&_xpt=1&_params%2FOracle%20BI%20EE%3A%3ADefaultApp%3A%3AEVVET3%20PR%20NEW%2FAER%3A%3Adimension%2FAER%20Id%3A%3Aattribute%3A%3Anoaggr%3A%3Axsd%3Adouble=181879&_xt=AER&_xf=pdf""> AER </a>",2010-05-14 00:00:00,Veterinarian,Canada,MALE,Dog,Shepherd Dog - Australian,"Rimadyl, 100 mg närimistablett koertele","Anorexia, Duodenal ulcer, Vomiting, Weakness",1,1,
CA-UKPFIZAH-2010-CA-00983,"<a target=""_blank""  href=""/xmlpserver/EVVET3 PW NEW/Subject Area Contents/Public Website/Report (PDF)/AER.xdo?_xpf=&_xpt=1&_params%2FOracle%20BI%20EE%3A%3ADefaultApp%3A%3AEVVET3%20PR%20NEW%2FAER%3A%3Adimension%2FAER%20Id%3A%3Aattribute%3A%3Anoaggr%3A%3Axsd%3Adouble=196269&_xt=AER&_xf=pdf""> AER </a>",2010-06-11 00:00:00,Veterinarian,Canada,MALE,Dog,Schnauzer (unspecified),"Rimadyl vet. 100 mg Tuggtablett, Rimadyl vet. 20 mg Tuggtablett, Rimadyl vet. 50 mg Tuggtablett, Rimadyl vet., 100 mg, Tuggtablett","Death by euthanasia, Elevated renal parameters, Haemolytic anaemia, Leukopenia NOS, Thrombocytopenia",1,1,1
CA-UKPFIZAH-2010-CA-01309,"<a target=""_blank""  href=""/xmlpserver/EVVET3 PW NEW/Subject Area Contents/Public Website/Report (PDF)/AER.xdo?_xpf=&_xpt=1&_params%2FOracle%20BI%20EE%3A%3ADefaultApp%3A%3AEVVET3%20PR%20NEW%2FAER%3A%3Adimension%2FAER%20Id%3A%3Aattribute%3A%3Anoaggr%3A%3Axsd%3Adouble=205194&_xt=AER&_xf=pdf""> AER </a>",2010-07-23 00:00:00,Veterinarian,Canada,MALE,Dog,Terrier - West Highland White,"Rimadyl vet. 100 mg Tuggtablett, Rimadyl vet. 20 mg Tuggtablett, Rimadyl vet. 50 mg Tuggtablett, Rimadyl vet., 100 mg, Tuggtablett","Circulatory collapse (see also Neurological and Systemic disorders), Death by euthanasia, Diarrhoea, Elevated renal parameters, Hypotension, Inappetence, Lethargy (see also Central nervous system depression in Neurological), Proteinuria, Renal insufficiency, Shaking, Tachycardia, Vomiting, Weakness",1,1,1
CA-UKPFIZAH-2010-CA-01739,"<a target=""_blank""  href=""/xmlpserver/EVVET3 PW NEW/Subject Area Contents/Public Website/Report (PDF)/AER.xdo?_xpf=&_xpt=1&_params%2FOracle%20BI%20EE%3A%3ADefaultApp%3A%3AEVVET3%20PR%20NEW%2FAER%3A%3Adimension%2FAER%20Id%3A%3Aattribute%3A%3Anoaggr%3A%3Axsd%3Adouble=237876&_xt=AER&_xf=pdf""> AER </a>",2010-10-22 00:00:00,Veterinarian,Canada,FEMALE,Dog,Retriever - Labrador,"Rimadyl, 100 mg närimistablett koertele","Death by euthanasia, Jaundice, Melaena, Vomiting",1,1,1
CA-UKPFIZAH-2010-CA-02086,"<a target=""_blank""  href=""/xmlpserver/EVVET3 PW NEW/Subject Area Contents/Public Website/Report (PDF)/AER.xdo?_xpf=&_xpt=1&_params%2FOracle%20BI%20EE%3A%3ADefaultApp%3A%3AEVVET3%20PR%20NEW%2FAER%3A%3Adimension%2FAER%20Id%3A%3Aattribute%3A%3Anoaggr%3A%3Axsd%3Adouble=240289&_xt=AER&_xf=pdf""> AER </a>",2010-11-11 00:00:00,Veterinarian,Canada,FEMALE,Dog,Retriever - Labrador,"Rimadyl, 100 mg närimistablett koertele","Acute renal failure, Vomiting",1,1,
CH-UKPFIZAH-2010-CH-00024,"<a target=""_blank""  href=""/xmlpserver/EVVET3 PW NEW/Subject Area Contents/Public Website/Report (PDF)/AER.xdo?_xpf=&_xpt=1&_params%2FOracle%20BI%20EE%3A%3ADefaultApp%3A%3AEVVET3%20PR%20NEW%2FAER%3A%3Adimension%2FAER%20Id%3A%3Aattribute%3A%3Anoaggr%3A%3Axsd%3Adouble=238605&_xt=AER&_xf=pdf""> AER </a>",2010-10-28 00:00:00,Veterinarian,Switzerland,MALE,Dog,Leonberger,"CLAVASEPTIN 40+10 MG ΔΙΣΚΙΟ, CLAVASEPTIN 400+100MG ΔΙΣΚΙΟ, CLAVASEPTIN 500MG PALATABLE TABLETS FOR DOGS, CLAVASEPTIN 50MG PALATABLE TABLETS FOR DOGS AND CATS, CLAVASEPTIN 600+150MG ΔΙΣΚΙΟ, CLAVASEPTIN 62.5 MG PALATABLE TABLETS FOR DOGS AND CATS, CLAVASEPTIN P 250 MG TABLETS FOR DOGS, CLAVASEPTIN P 62,5 MG ΔΙΣΚΙΟ, CLAVASEPTIN P 750 MG TABLETS FOR DOGS, Clavaseptin 250 mg okusne tablete za pse, Clavaseptin 250 mg, tabletid koertele, Clavaseptin 50 mg, tabletid koertele ja kassidele, Clavaseptin 500 mg, tabletid koertele, Clavaseptin 600 mg/150 mg tabletter för hund, Clavaseptin 750 mg Tabletten für Hunde, Clavaseptin 750 mg okusne tablete za pse, Clavaseptin 750 mg palatable tablets for dogs, Rimadyl Palatable Tablets 100 mg","Death by euthanasia, Nasal bleeding",1,1,1
DE-UKPFIZAH-2009-DE-00250,"<a target=""_blank""  href=""/xmlpserver/EVVET3 PW NEW/Subject Area Contents/Public Website/Report (PDF)/AER.xdo?_xpf=&_xpt=1&_params%2FOracle%20BI%20EE%3A%3ADefaultApp%3A%3AEVVET3%20PR%20NEW%2FAER%3A%3Adimension%2FAER%20Id%3A%3Aattribute%3A%3Anoaggr%3A%3Axsd%3Adouble=200429&_xt=AER&_xf=pdf""> AER </a>",2010-06-23 00:00:00,Veterinarian,Germany,MALE,Dog,Collie - Border,"Dexdomitor 0.5 mg/ml - Solution for injection, Diazepam 10 mg, tabletten voor honden en katten, Diazepam 2 mg, tabletten voor honden en katten, Diazepam 5 mg, tabletten voor honden en katten, Diazepam 5 mg/ml, oplossing voor injectie voor honden en katten, LIDOCAINE 2% (w/w) injekčný roztok, LIDOCAINE, 2%, Injekční roztok, Lidocaine 2 inj. (+noradrenaline), injectievloeistof voor honden en katten, Lidocaine 20 mg/ml + adrenaline 10 mcg/ml, oplossing voor injectie voor honden en katten, Lidocaine 4% inj. oplossing voor injectie voor honden en katten, RIMADYL 50mg/ml ενέσιμο διάλυμα για σκύλους και γάτες, RIMADYL Cattle 50 mg/ml Solution for Injection, SYNULOX  RTU, SYNULOX RTU, SYNULOX RTU 140 mg/38,5 mg suspenzija za injiciranje, SYNULOX RTU 140/35 mg/ml injekčná suspenzia, SYNULOX RTU ενέσιμο εναιώρημα για βοοειδή, χοίρους, σκύλους και γάτες, SYNULOX RTU, Injekční suspenze, SYNULOX RTU, injekcinė suspensija galvijams, kiaulėms, šunims ir katėms, SYNULOX® RTU 140/35 mg/ml, Injektionssuspension für Rinder, Schweine (Ferkel, Mastschweine), Hunde und Katzen, Synulox RTU 140/35 mg/ml Injektionssuspension für Rinder, Schweine (Ferkel, Mastschweine), Hunde und Katzen, Synulox RTU 140/35 mg/ml szuszpenziós injekció szarvasmarhák, sertések, kutyák és macskák részére A.U.V., Synulox RTU suspensija injekcijām liellopiem, cūkām, suņiem un kaķiem, Synulox RTU инжекционна суспензия за говеда, свине, кучета и котки, Synulox RTU, süstesuspensioon veistele, sigadele, koertele ja kassidele, Synulox Ready To Use Injection, Synulox Ready to Use Injection, Synulox Ready-To-Use 140 mg/ml Suspensie voor injectie, Synulox Ready-To-Use, 140 mg/ml + 35 mg/ml, suspension injectable pour chiens et chats, ZIAPAM 5 mg/ml, solution for injection for dogs and cats","Abdominal pain, Death, Lethargy (see also Central nervous system depression in Neurological), Panting, Penile disorder NOS, Shivering, Swelling NOS",1,1,1
DE-UKPFIZAH-2009-DE-00846,"<a target=""_blank""  href=""/xmlpserver/EVVET3 PW NEW/Subject Area Contents/Public Website/Report (PDF)/AER.xdo?_xpf=&_xpt=1&_params%2FOracle%20BI%20EE%3A%3ADefaultApp%3A%3AEVVET3%20PR%20NEW%2FAER%3A%3Adimension%2FAER%20Id%3A%3Aattribute%3A%3Anoaggr%3A%3Axsd%3Adouble=117133&_xt=AER&_xf=pdf""> AER </a>",2010-01-14 00:00:00,Veterinarian,Germany,MALE,Dog,Mountain Dog - Bernese,Rimadyl Palatable Tablets 50,"Death by euthanasia, Lack of efficacy - NOS",1,1,1
DE-UKPFIZAH-2010-DE-00163,"<a target=""_blank""  href=""/xmlpserver/EVVET3 PW NEW/Subject Area Contents/Public Website/Report (PDF)/AER.xdo?_xpf=&_xpt=1&_params%2FOracle%20BI%20EE%3A%3ADefaultApp%3A%3AEVVET3%20PR%20NEW%2FAER%3A%3Adimension%2FAER%20Id%3A%3Aattribute%3A%3Anoaggr%3A%3Axsd%3Adouble=122709&_xt=AER&_xf=pdf""> AER </a>",2010-03-01 00:00:00,Veterinarian,Germany,MALE,Dog,Terrier - West Highland White,Rimadyl Palatable Tablets 50,"Death by euthanasia, Elevated liver enzymes NOS, Emesis, Hepatopathy, Icterus, Leukocytosis NOS, Polydipsia, Polyuria",1,1,1
DK-DKMA-V20090052,"<a target=""_blank""  href=""/xmlpserver/EVVET3 PW NEW/Subject Area Contents/Public Website/Report (PDF)/AER.xdo?_xpf=&_xpt=1&_params%2FOracle%20BI%20EE%3A%3ADefaultApp%3A%3AEVVET3%20PR%20NEW%2FAER%3A%3Adimension%2FAER%20Id%3A%3Aattribute%3A%3Anoaggr%3A%3Axsd%3Adouble=128225&_xt=AER&_xf=pdf""> AER </a>",2010-03-11 00:00:00,Veterinarian,Denmark,MALE,Dog,Terrier - West Highland White,"RIMADYL 100 mg COMPRIMIDOS MASTICABLES PARA PERROS, RIMADYL 100 mg comprimate pentru câini, RIMADYL 100 mg, kramtomosios tabletės šunims, RIMADYL 100MG/TAB ΜΑΣΩΜΕΝΟ ΔΙΣΚΙΟ, RIMADYL 20 mg COMPRIMIDOS MASTICABLES PARA PERROS, RIMADYL 20 mg, kramtomosios tabletės šunims, RIMADYL 20MG/TAB ΜΑΣΩΜΕΝΟ ΔΙΣΚΙΟ, RIMADYL 50 mg COMPRIMIDOS MASTICABLES PARA PERROS, RIMADYL 50 mg comprimate pentru câini, RIMADYL 50 mg, kramtomosios tabletės šunims, RIMADYL 50MG/TAB ΜΑΣΩΜΕΝΟ ΔΙΣΚΙΟ, RIMADYL 50mg/ml ενέσιμο διάλυμα για σκύλους και γάτες, RIMADYL CATTLE 50 mg/ml, injekcinis tirpalas galvijams, RIMADYL Cattle 50 mg/ml Solution for Injection, RIMADYL INJECTABLE SOLUTION INJECTABLE POUR CHATS ET CHIENS, RIMADYL Injection 50mg/ml Διαυγές αποστειρωμένο ενέσιμο διάλυμα για σκύλους και γάτες, RIMADYL SMAKELIJKE TABLETTEN 100 mg voor honden, RIMADYL SMAKELIJKE TABLETTEN 50 mg voor honden, RIMADYL VET 50 mg/ml injektioneste, liuos, RIMADYL vet 100 mg purutabletti, RIMADYL vet 20 mg purutabletti, RIMADYL vet 50 mg purutabletti, Rimadyl 100 mg - Kautabletten für Hunde, Rimadyl 100 mg Comprimés Appétents 100 mg Tablet, Rimadyl 100 mg Kautablette für Hunde, Rimadyl 100 mg comprimidos mastigáveis para cães, Rimadyl 100 mg comprimés appétents, 100 mg, comprimés pour chiens, Rimadyl 100 mg okusne, žvečljive tablete za pse, Rimadyl 100 mg tabletes suņiem, Rimadyl 100 mg ízesített tabletta A.U.V., Rimadyl 20 mg - Kautabletten für Hunde, Rimadyl 20 mg Comprimés Appétents 20 mg Comprimé, Rimadyl 20 mg Comprimés Appétents 20 mg Tablet, Rimadyl 20 mg Kautablette für Hunde, Rimadyl 20 mg okusne, žvečljive tablete za pse, Rimadyl 20 mg ízesített tabletta A.U.V., Rimadyl 20 mg таблетки за кучета/Rimadyl 50 mg таблетки за кучета/Rimadyl 100 mg таблетки за кучета, Rimadyl 50 mg - Kautabletten für Hunde, Rimadyl 50 mg Comprimés Appétents 50 mg Tablet, Rimadyl 50 mg Kautablette für Hunde, Rimadyl 50 mg comprimidos mastigáveis para cães, Rimadyl 50 mg comprimés appétents, 50 mg, comprimés pour chiens, Rimadyl 50 mg košļājamās tabletes suņiem, Rimadyl 50 mg okusne, žvečljive tablete za pse, Rimadyl 50 mg ízesített tabletta A.U.V., Rimadyl 50 mg/ml - Injektionslösung für Hunde und Katzen, Rimadyl 50 mg/ml injekčný roztok, Rimadyl 50mg/ml Injektionslösung für Hunde und Katzen, Rimadyl Cattle, 50 mg/mL, otopina za injekciju, za goveda, Rimadyl Iniettabile 50 mg/ml, soluzione iniettabile per cane e gatto., Rimadyl Palatable 100 mg tablety pre psy, Rimadyl Palatable 20 mg tablety pre psy, Rimadyl Palatable 50 mg tablety pre psy, Rimadyl Palatable Tablets 100, Rimadyl Palatable Tablets 100 mg, Rimadyl Palatable Tablets 100 mg tabletes suņiem, Rimadyl Palatable Tablets 20 mg, Rimadyl Palatable Tablets 20 mg tabletes suņiem, Rimadyl Palatable Tablets 50, Rimadyl Palatable Tablets 50 mg, Rimadyl Palatable Tablets 50 mg tabletes suņiem, Rimadyl Palatable Tablets da 100 mg per cani, Rimadyl Palatable Tablets da 20 mg per cani, Rimadyl Palatable Tablets da 50 mg per cani, Rimadyl Palatable, 100mg, Žvýkací tableta, Rimadyl Palatable, 20mg, Žvýkací tableta, Rimadyl Palatable, 50mg, Žvýkací tableta, Rimadyl Solution for Injection for dogs and cats 50 mg/ml, Rimadyl Vet. 100 mg tyggetabletter, Rimadyl Vet. 20 mg tyggetabletter, Rimadyl Vet. 50 mg tyggetabletter, Rimadyl cattle 50 mg/ml oplossing voor injectie, Rimadyl injectievloeistof, 50 mg/ml voor honden en katten, Rimadyl smakelijke tabletten 100 mg voor honden, Rimadyl smakelijke tabletten 20 mg voor honden, Rimadyl smakelijke tabletten 50 mg voor honden, Rimadyl vet. 100 mg Tuggtablett, Rimadyl vet. 100 mg tyggetabletter, Rimadyl vet. 20 mg Tuggtablett, Rimadyl vet. 20 mg tyggetabletter, Rimadyl vet. 50 mg Tuggtablett, Rimadyl vet. 50 mg tyggetabletter, Rimadyl vet., 100 mg, Tuggtablett, Rimadyl Μασώμενο Δισκίο 100mg για σκύλους, Rimadyl Μασώμενο Δισκίο 20mg για σκύλους, Rimadyl Μασώμενο Δισκίο 50mg για σκύλους, Rimadyl, 100 mg närimistablett koertele, Rimadyl, 20 mg närimistablett koertele, Rimadyl, 50 mg närimistablett koertele, Rim","Itching, Skin inflammation NOS",1,1,
DK-DKMA-V20090086,"<a target=""_blank""  href=""/xmlpserver/EVVET3 PW NEW/Subject Area Contents/Public Website/Report (PDF)/AER.xdo?_xpf=&_xpt=1&_params%2FOracle%20BI%20EE%3A%3ADefaultApp%3A%3AEVVET3%20PR%20NEW%2FAER%3A%3Adimension%2FAER%20Id%3A%3Aattribute%3A%3Anoaggr%3A%3Axsd%3Adouble=122108&_xt=AER&_xf=pdf""> AER </a>",2010-02-24 00:00:00,Veterinarian,Denmark,MALE,Dog,Terrier - West Highland White,"BAYTRIL 0,5% W/V ΠΟΣΙΜΟ ΔΙΑΛΥΜΑ, BAYTRIL 0,5% πόσιμο διάλυμα ενροφλοξακίνης για ορνίθια και γαλοπούλες, BAYTRIL 10 % SOLUTION BUVABLE, BAYTRIL 10 % SOLUTION INJECTABLE, BAYTRIL 10% W/V ΠΟΣΙΜΟ ΔΙΑΛΥΜΑ, BAYTRIL 100 mg/ml - soluţie orală, BAYTRIL 100 mg/ml SOLUCION INYECTABLE, BAYTRIL 100 mg/ml soluție injectabilă, BAYTRIL 15 mg δισκία για γάτες και σκύλους, BAYTRIL 150 mg δισκία για γάτες και σκύλους, BAYTRIL 2,5 % SOLUTION BUVABLE, BAYTRIL 2,5 % SOLUTION INJECTABLE, BAYTRIL 2,5% W/V ΕΝΕΣΙΜΟ ΔΙΑΛΥΜΑ, BAYTRIL 2,5% W/V ΠΟΣΙΜΟ ΔΙΑΛΥΜΑ, BAYTRIL 25 mg/ml SOLUCION INYECTABLE, BAYTRIL 25 mg/ml SOLUCION ORAL, BAYTRIL 5 % SOLUTION INJECTABLE, BAYTRIL 5 mg/ml SOLUCION ORAL, BAYTRIL 50 mg δισκία για γάτες και σκύλους, BAYTRIL 50 mg/ml SOLUCION INYECTABLE, BAYTRIL 50mg/ml ενέσιμο διάλυμα, BAYTRIL, 25mg/ml, Injekční roztok, BAYTRIL, 5% ενέσιμο διάλυμα για μόσχους, χοίρους, πρόβατα, αίγες, σκύλους και γάτες, BAYTRIL, 50mg/ml, Injekční roztok, Baytril  100 mg/ml Oplossing voor injectie, Baytril  100 mg/ml Solution injectable, Baytril - Das Original - 100 mg/ml Injektionslösung, Baytril - Das Original - 25 mg/ml Injektionslösung, Baytril - Das Original - 50 mg/ml Injektionslösung, Baytril 0,5 % solução oral para leitões, Baytril 0,5%, Baytril 10 % solução oral, Baytril 10%, Baytril 10% O.L., Baytril 10% Oral Solution, Baytril 100 mg/mL, otopina za injekciju, za goveda, ovce, koze i svinje, Baytril 100 mg/mL, otopina za primjenu u vodi za piće, za kokoši, purane i kuniće, Baytril 100 mg/ml - Injektionslösung für Tiere, Baytril 100 mg/ml - Lösung zum Eingeben für Hühner, Puten und Kaninchen, Baytril 100 mg/ml Oplossing voor gebruik in drinkwater, Baytril 100 mg/ml Solution buvable, Baytril 100 mg/ml Solution for Injection, Baytril 100 mg/ml koncentrat za peroralno raztopino za piščance, purane in kunce, Baytril 100 mg/ml oldat ivóvízbe keveréshez A.U.V., Baytril 100 mg/ml oplossing voor gebruik in drinkwater voor kippen, kalkoenen en konijnen, Baytril 100 mg/ml oplossing voor injectie, Baytril 100 mg/ml raztopina za injiciranje, Baytril 100 mg/ml solution for injection, Baytril 100 mg/ml soluzione iniettabile, Baytril 100 mg/ml solução injetável, Baytril 150 mg tabletta A.U.V., Baytril 2,5%, 25 mg/mL, otopina za injekciju za pse, mačke, prasad, kuniće, glodavce, gmazove i ukrasne ptice, Baytril 25 mg/ml - Injektionslösung für Tiere, Baytril 25 mg/ml - Lösung zum Eingeben für Kälber und Lämmer, Baytril 25 mg/ml Lösung zum Eingeben für Rinder (Kälber), Baytril 25 mg/ml Oplossing voor injectie, Baytril 25 mg/ml Oral Solution, Baytril 25 mg/ml Solution injectable, Baytril 25 mg/ml injekčný roztok, Baytril 25 mg/ml oldatos injekció A.U.V., Baytril 25 mg/ml oplossing voor injectie, Baytril 25 mg/ml roztwór do wstrzykiwań, Baytril 25 mg/ml solution for injection, Baytril 25 mg/ml soluzione iniettabile, Baytril 25 mg/ml soluzione iniettabile per cani, gatti, roditori e conigli da compagnia, rettili e uccelli ornamentali, Baytril 25 mg/ml soluzione orale per vitelli, ovini, caprini, suini, Baytril 25 mg/ml solução injetável, Baytril 5 mg/ml - Lösung zum Eingeben für Schweine, Baytril 5 mg/ml belsőleges oldat sertések részére A.U.V., Baytril 50 mg tabletta A.U.V., Baytril 50 mg/mL, otopina za injekciju, za telad, ovce, koze, svinje, pse i mačke, Baytril 50 mg/ml - Injektionslösung für Tiere, Baytril 50 mg/ml Oplossing voor injectie, Baytril 50 mg/ml Solution for Injection, Baytril 50 mg/ml Solution injectable, Baytril 50 mg/ml injekčný roztok, Baytril 50 mg/ml oldatos injekció A.U.V., Baytril 50 mg/ml oplossing voor injectie, Baytril 50 mg/ml raztopina za injiciranje, Baytril 50 mg/ml soluzione iniettabile, Baytril 50 mg/ml solução injetável, Baytril 50 mg/ml soluție injectabilă, Baytril Direct 100 mg/ml Injektionslösung für Rinder und Schweine, Baytril Piglet Doser 0.5% Oral Solution, Baytril Vet. 100 mg/ml injektionsvæske, opløsning, Baytril Vet. 150 mg tabletter, Baytril Vet. 25 mg/ml oral opløsning, Baytril Vet. 50 mg tabletter, Baytril Vet. 50 mg/ml i","Death by euthanasia, Lameness",1,1,1
FI-FIMEA-20100071,"<a target=""_blank""  href=""/xmlpserver/EVVET3 PW NEW/Subject Area Contents/Public Website/Report (PDF)/AER.xdo?_xpf=&_xpt=1&_params%2FOracle%20BI%20EE%3A%3ADefaultApp%3A%3AEVVET3%20PR%20NEW%2FAER%3A%3Adimension%2FAER%20Id%3A%3Aattribute%3A%3Anoaggr%3A%3Axsd%3Adouble=194049&_xt=AER&_xf=pdf""> AER </a>",2010-06-08 00:00:00,Veterinarian,Finland,MALE,Dog,Boxer (German Boxer),"Cartrophen vet, Rimadyl vet. 100 mg Tuggtablett","Death by euthanasia, Hypothermia, Lethargy (see also Central nervous system depression in Neurological), Pale mucous membrane",1,1,1
GB-ABBOTTAH-CPT100002428,"<a target=""_blank""  href=""/xmlpserver/EVVET3 PW NEW/Subject Area Contents/Public Website/Report (PDF)/AER.xdo?_xpf=&_xpt=1&_params%2FOracle%20BI%20EE%3A%3ADefaultApp%3A%3AEVVET3%20PR%20NEW%2FAER%3A%3Adimension%2FAER%20Id%3A%3Aattribute%3A%3Anoaggr%3A%3Axsd%3Adouble=199909&_xt=AER&_xf=pdf""> AER </a>",2010-06-21 00:00:00,Veterinarian,United States,MALE,Dog,Terrier - Bull - Staffordshire,"Diazepam 10 mg, tabletten voor honden en katten, Diazepam 2 mg, tabletten voor honden en katten, Diazepam 5 mg, tabletten voor honden en katten, Diazepam 5 mg/ml, oplossing voor injectie voor honden en katten, Rimadyl 50 mg/ml injekčný roztok, ZIAPAM 5 mg/ml, solution for injection for dogs and cats","Ataxia, Death by euthanasia, Disorientation, Drooling, Panting, Seizure NOS",1,1,1
GB-UKDECHRAP-2010-0333,"<a target=""_blank""  href=""/xmlpserver/EVVET3 PW NEW/Subject Area Contents/Public Website/Report (PDF)/AER.xdo?_xpf=&_xpt=1&_params%2FOracle%20BI%20EE%3A%3ADefaultApp%3A%3AEVVET3%20PR%20NEW%2FAER%3A%3Adimension%2FAER%20Id%3A%3Aattribute%3A%3Anoaggr%3A%3Axsd%3Adouble=204049&_xt=AER&_xf=pdf""> AER </a>",2010-07-09 00:00:00,Other health care professional,United Kingdom,MALE,Dog,Terrier - Yorkshire,"Rimadyl Palatable 20 mg tablety pre psy, Vetoryl 10 mg hard capsules for dogs","Anaemia NOS, Inappetence, Lethargy (see also Central nervous system depression in Neurological), Rhinitis, Sneezing, Vomiting",1,1,
GB-UKDECHRAP-2010-0394,"<a target=""_blank""  href=""/xmlpserver/EVVET3 PW NEW/Subject Area Contents/Public Website/Report (PDF)/AER.xdo?_xpf=&_xpt=1&_params%2FOracle%20BI%20EE%3A%3ADefaultApp%3A%3AEVVET3%20PR%20NEW%2FAER%3A%3Adimension%2FAER%20Id%3A%3Aattribute%3A%3Anoaggr%3A%3Axsd%3Adouble=211363&_xt=AER&_xf=pdf""> AER </a>",2010-08-13 00:00:00,Other health care professional,United Kingdom,MALE,Dog,Doberman Pinscher,"Canaural ear drops, suspension for dogs and cats, Rimadyl Palatable 20 mg tablety pre psy",Deafness,1,1,
GB-UKDECHRAP-2010-0453,"<a target=""_blank""  href=""/xmlpserver/EVVET3 PW NEW/Subject Area Contents/Public Website/Report (PDF)/AER.xdo?_xpf=&_xpt=1&_params%2FOracle%20BI%20EE%3A%3ADefaultApp%3A%3AEVVET3%20PR%20NEW%2FAER%3A%3Adimension%2FAER%20Id%3A%3Aattribute%3A%3Anoaggr%3A%3Axsd%3Adouble=228975&_xt=AER&_xf=pdf""> AER </a>",2010-09-24 00:00:00,Other health care professional,United Kingdom,FEMALE,Dog,Terrier - Bull - Staffordshire,"Rimadyl Palatable Tablets 50 mg, Synulox Palatable Tablets 250 mg","Adipsia, Anorexia, Collapse (see also Cardio-vascular and Systemic disorders), Death by euthanasia, Disorientation, Lethargy (see also Central nervous system depression in Neurological), Panting, Weakness",1,1,1
GB-UKPFIZAH-2009-UK-01147,"<a target=""_blank""  href=""/xmlpserver/EVVET3 PW NEW/Subject Area Contents/Public Website/Report (PDF)/AER.xdo?_xpf=&_xpt=1&_params%2FOracle%20BI%20EE%3A%3ADefaultApp%3A%3AEVVET3%20PR%20NEW%2FAER%3A%3Adimension%2FAER%20Id%3A%3Aattribute%3A%3Anoaggr%3A%3Axsd%3Adouble=126837&_xt=AER&_xf=pdf""> AER </a>",2010-03-05 00:00:00,Other health care professional,United Kingdom,MALE,Dog,Dalmatian,Rimadyl Palatable Tablets 50 mg,"Agitation, Ataxia, Lethargy (see also Central nervous system depression in Neurological), Staggering, Weakness",1,1,
GB-UKPFIZAH-2009-UK-01498,"<a target=""_blank""  href=""/xmlpserver/EVVET3 PW NEW/Subject Area Contents/Public Website/Report (PDF)/AER.xdo?_xpf=&_xpt=1&_params%2FOracle%20BI%20EE%3A%3ADefaultApp%3A%3AEVVET3%20PR%20NEW%2FAER%3A%3Adimension%2FAER%20Id%3A%3Aattribute%3A%3Anoaggr%3A%3Axsd%3Adouble=117643&_xt=AER&_xf=pdf""> AER </a>",2010-01-19 00:00:00,Other health care professional,United Kingdom,FEMALE,Dog,Retriever - Labrador,Rimadyl Palatable Tablets 50 mg,"Elevated liver enzymes NOS, Jaundice, Vomiting",1,1,
GB-UKPFIZAH-2009-UK-01524,"<a target=""_blank""  href=""/xmlpserver/EVVET3 PW NEW/Subject Area Contents/Public Website/Report (PDF)/AER.xdo?_xpf=&_xpt=1&_params%2FOracle%20BI%20EE%3A%3ADefaultApp%3A%3AEVVET3%20PR%20NEW%2FAER%3A%3Adimension%2FAER%20Id%3A%3Aattribute%3A%3Anoaggr%3A%3Axsd%3Adouble=120141&_xt=AER&_xf=pdf""> AER </a>",2010-02-05 00:00:00,Other health care professional,United Kingdom,FEMALE,Dog,"Crossbred Asinine/donkey, Crossbred Canine/dog",Rimadyl Palatable Tablets 50 mg,"Anxiety, Death by euthanasia, Lameness, Panting, Polydipsia, Trembling, Urinary incontinence",1,1,1
GB-UKPFIZAH-2010-UK-00023,"<a target=""_blank""  href=""/xmlpserver/EVVET3 PW NEW/Subject Area Contents/Public Website/Report (PDF)/AER.xdo?_xpf=&_xpt=1&_params%2FOracle%20BI%20EE%3A%3ADefaultApp%3A%3AEVVET3%20PR%20NEW%2FAER%3A%3Adimension%2FAER%20Id%3A%3Aattribute%3A%3Anoaggr%3A%3Axsd%3Adouble=117651&_xt=AER&_xf=pdf""> AER </a>",2010-01-19 00:00:00,Other health care professional,United Kingdom,MALE,Dog,Bulldog - French,Rimadyl Palatable 20 mg tablety pre psy,"Diarrhoea, Elevated renal parameters, Polydipsia, Vomiting",1,1,
GB-UKPFIZAH-2010-UK-00037,"<a target=""_blank""  href=""/xmlpserver/EVVET3 PW NEW/Subject Area Contents/Public Website/Report (PDF)/AER.xdo?_xpf=&_xpt=1&_params%2FOracle%20BI%20EE%3A%3ADefaultApp%3A%3AEVVET3%20PR%20NEW%2FAER%3A%3Adimension%2FAER%20Id%3A%3Aattribute%3A%3Anoaggr%3A%3Axsd%3Adouble=118833&_xt=AER&_xf=pdf""> AER </a>",2010-01-29 00:00:00,Other health care professional,United Kingdom,FEMALE,Dog,Retriever - Labrador,"Rimadyl 50 mg/ml injekčný roztok, Rimadyl Palatable 20 mg tablety pre psy","Blood in vomit, Melaena, Regenerative anaemia",1,1,
GB-UKPFIZAH-2010-UK-00128,"<a target=""_blank""  href=""/xmlpserver/EVVET3 PW NEW/Subject Area Contents/Public Website/Report (PDF)/AER.xdo?_xpf=&_xpt=1&_params%2FOracle%20BI%20EE%3A%3ADefaultApp%3A%3AEVVET3%20PR%20NEW%2FAER%3A%3Adimension%2FAER%20Id%3A%3Aattribute%3A%3Anoaggr%3A%3Axsd%3Adouble=126818&_xt=AER&_xf=pdf""> AER </a>",2010-03-05 00:00:00,Other health care professional,United Kingdom,FEMALE,Dog,"Crossbred Asinine/donkey, Crossbred Canine/dog",Rimadyl Palatable 20 mg tablety pre psy,"Death by euthanasia, Elevated liver enzymes NOS, Elevated renal parameters",1,1,1
GB-UKPFIZAH-2010-UK-00130,"<a target=""_blank""  href=""/xmlpserver/EVVET3 PW NEW/Subject Area Contents/Public Website/Report (PDF)/AER.xdo?_xpf=&_xpt=1&_params%2FOracle%20BI%20EE%3A%3ADefaultApp%3A%3AEVVET3%20PR%20NEW%2FAER%3A%3Adimension%2FAER%20Id%3A%3Aattribute%3A%3Anoaggr%3A%3Axsd%3Adouble=121641&_xt=AER&_xf=pdf""> AER </a>",2010-02-19 00:00:00,Other health care professional,United Kingdom,UNKNOWN,Dog,Unknown,Rimadyl 50 mg/ml injekčný roztok,Pancreatitis NOS,1,1,
GB-UKPFIZAH-2010-UK-00133,"<a target=""_blank""  href=""/xmlpserver/EVVET3 PW NEW/Subject Area Contents/Public Website/Report (PDF)/AER.xdo?_xpf=&_xpt=1&_params%2FOracle%20BI%20EE%3A%3ADefaultApp%3A%3AEVVET3%20PR%20NEW%2FAER%3A%3Adimension%2FAER%20Id%3A%3Aattribute%3A%3Anoaggr%3A%3Axsd%3Adouble=121648&_xt=AER&_xf=pdf""> AER </a>",2010-02-19 00:00:00,Other health care professional,United Kingdom,FEMALE,Dog,Collie - Border,Rimadyl Palatable Tablets 100 mg,"Death by euthanasia, Faecal incontinence, Urinary incontinence",1,1,1
GB-UKPFIZAH-2010-UK-00142,"<a target=""_blank""  href=""/xmlpserver/EVVET3 PW NEW/Subject Area Contents/Public Website/Report (PDF)/AER.xdo?_xpf=&_xpt=1&_params%2FOracle%20BI%20EE%3A%3ADefaultApp%3A%3AEVVET3%20PR%20NEW%2FAER%3A%3Adimension%2FAER%20Id%3A%3Aattribute%3A%3Anoaggr%3A%3Axsd%3Adouble=122276&_xt=AER&_xf=pdf""> AER </a>",2010-02-25 00:00:00,Other health care professional,United Kingdom,MALE,Dog,Schnauzer (unspecified),Rimadyl Palatable 20 mg tablety pre psy,"Abdominal cavity disorder NOS, Death, Hypoproteinaemia, Inappetence, Lethargy (see also Central nervous system depression in Neurological), Pleural effusion, Proteinuria, Renal disorder NOS, Vomiting",1,1,1
GB-UKPFIZAH-2010-UK-00571,"<a target=""_blank""  href=""/xmlpserver/EVVET3 PW NEW/Subject Area Contents/Public Website/Report (PDF)/AER.xdo?_xpf=&_xpt=1&_params%2FOracle%20BI%20EE%3A%3ADefaultApp%3A%3AEVVET3%20PR%20NEW%2FAER%3A%3Adimension%2FAER%20Id%3A%3Aattribute%3A%3Anoaggr%3A%3Axsd%3Adouble=185159&_xt=AER&_xf=pdf""> AER </a>",2010-05-21 00:00:00,Other health care professional,United Kingdom,MALE,Dog,Retriever - Flat-coated,Rimadyl Palatable Tablets 50 mg,"Confusion, Conjunctivitis, Sedation",1,1,
GB-UKPFIZAH-2010-UK-00575,"<a target=""_blank""  href=""/xmlpserver/EVVET3 PW NEW/Subject Area Contents/Public Website/Report (PDF)/AER.xdo?_xpf=&_xpt=1&_params%2FOracle%20BI%20EE%3A%3ADefaultApp%3A%3AEVVET3%20PR%20NEW%2FAER%3A%3Adimension%2FAER%20Id%3A%3Aattribute%3A%3Anoaggr%3A%3Axsd%3Adouble=188531&_xt=AER&_xf=pdf""> AER </a>",2010-05-28 00:00:00,Other health care professional,United Kingdom,MALE,Dog,Rottweiler,Rimadyl Palatable Tablets 50 mg,"Abdominal pain, Emesis, Gastric perforation, Gastric ulcer, Peritonitis",1,1,
GB-UKPFIZAH-2010-UK-00626,"<a target=""_blank""  href=""/xmlpserver/EVVET3 PW NEW/Subject Area Contents/Public Website/Report (PDF)/AER.xdo?_xpf=&_xpt=1&_params%2FOracle%20BI%20EE%3A%3ADefaultApp%3A%3AEVVET3%20PR%20NEW%2FAER%3A%3Adimension%2FAER%20Id%3A%3Aattribute%3A%3Anoaggr%3A%3Axsd%3Adouble=195025&_xt=AER&_xf=pdf""> AER </a>",2010-06-08 00:00:00,Other health care professional,United Kingdom,MALE,Dog,Collie - Rough-haired,Rimadyl Palatable Tablets 50 mg,Deafness,1,1,
GB-UKPFIZAH-2010-UK-00630,"<a target=""_blank""  href=""/xmlpserver/EVVET3 PW NEW/Subject Area Contents/Public Website/Report (PDF)/AER.xdo?_xpf=&_xpt=1&_params%2FOracle%20BI%20EE%3A%3ADefaultApp%3A%3AEVVET3%20PR%20NEW%2FAER%3A%3Adimension%2FAER%20Id%3A%3Aattribute%3A%3Anoaggr%3A%3Axsd%3Adouble=194023&_xt=AER&_xf=pdf""> AER </a>",2010-06-08 00:00:00,Other health care professional,United Kingdom,FEMALE,Dog,Terrier - Jack Russell,"Rimadyl 50 mg/ml injekčný roztok, Rimadyl Palatable 20 mg tablety pre psy","Death, Dermal cyst(s), Oral haemorrhage, Pain NOS, Thrombocytopenia",1,1,1
GB-UKPFIZAH-2010-UK-00762,"<a target=""_blank""  href=""/xmlpserver/EVVET3 PW NEW/Subject Area Contents/Public Website/Report (PDF)/AER.xdo?_xpf=&_xpt=1&_params%2FOracle%20BI%20EE%3A%3ADefaultApp%3A%3AEVVET3%20PR%20NEW%2FAER%3A%3Adimension%2FAER%20Id%3A%3Aattribute%3A%3Anoaggr%3A%3Axsd%3Adouble=199987&_xt=AER&_xf=pdf""> AER </a>",2010-06-21 00:00:00,Other health care professional,United Kingdom,FEMALE,Dog,Collie - Border,Rimadyl Palatable Tablets 50 mg,"Anorexia, Death by euthanasia, Disorientation, Panting, Renal failure",1,1,1
GB-UKPFIZAH-2010-UK-00860,"<a target=""_blank""  href=""/xmlpserver/EVVET3 PW NEW/Subject Area Contents/Public Website/Report (PDF)/AER.xdo?_xpf=&_xpt=1&_params%2FOracle%20BI%20EE%3A%3ADefaultApp%3A%3AEVVET3%20PR%20NEW%2FAER%3A%3Adimension%2FAER%20Id%3A%3Aattribute%3A%3Anoaggr%3A%3Axsd%3Adouble=204657&_xt=AER&_xf=pdf""> AER </a>",2010-07-19 00:00:00,Other health care professional,United Kingdom,FEMALE,Dog,Retriever - Labrador,Rimadyl Palatable Tablets 50 mg,"Diarrhoea, Elevated renal parameters",1,1,
GB-UKPFIZAH-2010-UK-00884,"<a target=""_blank""  href=""/xmlpserver/EVVET3 PW NEW/Subject Area Contents/Public Website/Report (PDF)/AER.xdo?_xpf=&_xpt=1&_params%2FOracle%20BI%20EE%3A%3ADefaultApp%3A%3AEVVET3%20PR%20NEW%2FAER%3A%3Adimension%2FAER%20Id%3A%3Aattribute%3A%3Anoaggr%3A%3Axsd%3Adouble=230573&_xt=AER&_xf=pdf""> AER </a>",2010-10-05 00:00:00,Other health care professional,United Kingdom,FEMALE,Dog,Retriever - Labrador,Rimadyl Palatable Tablets 50 mg,"Anorexia, Elevated liver enzymes NOS, Pyrexia, Vomiting",1,1,
GB-UKPFIZAH-2010-UK-01087,"<a target=""_blank""  href=""/xmlpserver/EVVET3 PW NEW/Subject Area Contents/Public Website/Report (PDF)/AER.xdo?_xpf=&_xpt=1&_params%2FOracle%20BI%20EE%3A%3ADefaultApp%3A%3AEVVET3%20PR%20NEW%2FAER%3A%3Adimension%2FAER%20Id%3A%3Aattribute%3A%3Anoaggr%3A%3Axsd%3Adouble=211365&_xt=AER&_xf=pdf""> AER </a>",2010-08-13 00:00:00,Other health care professional,United Kingdom,FEMALE,Dog,"Crossbred Asinine/donkey, Crossbred Canine/dog",Rimadyl Palatable Tablets 100 mg,"Death, Elevated liver enzymes NOS, Hypoproteinaemia, Lethargy (see also Central nervous system depression in Neurological), Small liver, Vomiting",1,1,1
GB-UKPFIZAH-2010-UK-01105,"<a target=""_blank""  href=""/xmlpserver/EVVET3 PW NEW/Subject Area Contents/Public Website/Report (PDF)/AER.xdo?_xpf=&_xpt=1&_params%2FOracle%20BI%20EE%3A%3ADefaultApp%3A%3AEVVET3%20PR%20NEW%2FAER%3A%3Adimension%2FAER%20Id%3A%3Aattribute%3A%3Anoaggr%3A%3Axsd%3Adouble=230677&_xt=AER&_xf=pdf""> AER </a>",2010-10-05 00:00:00,Other health care professional,United Kingdom,FEMALE,Dog,Collie - Border,Rimadyl Palatable Tablets 100 mg,"Anaemia NOS, Death by euthanasia, Elevated renal parameters, Inappetence, Proteinuria, Renal failure, Urinary incontinence, Vomiting",1,1,1
GB-UKPFIZAH-2010-UK-01165,"<a target=""_blank""  href=""/xmlpserver/EVVET3 PW NEW/Subject Area Contents/Public Website/Report (PDF)/AER.xdo?_xpf=&_xpt=1&_params%2FOracle%20BI%20EE%3A%3ADefaultApp%3A%3AEVVET3%20PR%20NEW%2FAER%3A%3Adimension%2FAER%20Id%3A%3Aattribute%3A%3Anoaggr%3A%3Axsd%3Adouble=220501&_xt=AER&_xf=pdf""> AER </a>",2010-09-02 00:00:00,Other health care professional,United Kingdom,MALE,Dog,Spaniel - Cocker American,"Rimadyl 50 mg/ml injekčný roztok, Vanguard Lepto-ci","Coagulopathy, Death, Haemolytic anaemia, Immune mediated haemolytic anaemia, Low platelet count, Oral bleeding, Pale mucous membrane",1,1,1
GB-UKPFIZAH-2010-UK-01191,"<a target=""_blank""  href=""/xmlpserver/EVVET3 PW NEW/Subject Area Contents/Public Website/Report (PDF)/AER.xdo?_xpf=&_xpt=1&_params%2FOracle%20BI%20EE%3A%3ADefaultApp%3A%3AEVVET3%20PR%20NEW%2FAER%3A%3Adimension%2FAER%20Id%3A%3Aattribute%3A%3Anoaggr%3A%3Axsd%3Adouble=224280&_xt=AER&_xf=pdf""> AER </a>",2010-09-13 00:00:00,Other health care professional,United Kingdom,FEMALE,Dog,Bichon Frise,"Convenia 80 mg/ml  - Powder and solvent for solution for injection, Rimadyl 50 mg/ml injekčný roztok","Anorexia, Death by euthanasia, Elevated liver enzymes NOS, Jaundice, Urine abnormalities NOS",1,1,1
GB-UKPFIZAH-2010-UK-01373,"<a target=""_blank""  href=""/xmlpserver/EVVET3 PW NEW/Subject Area Contents/Public Website/Report (PDF)/AER.xdo?_xpf=&_xpt=1&_params%2FOracle%20BI%20EE%3A%3ADefaultApp%3A%3AEVVET3%20PR%20NEW%2FAER%3A%3Adimension%2FAER%20Id%3A%3Aattribute%3A%3Anoaggr%3A%3Axsd%3Adouble=232579&_xt=AER&_xf=pdf""> AER </a>",2010-10-11 00:00:00,Other health care professional,United Kingdom,MALE,Dog,Doberman Pinscher,Rimadyl 50 mg/ml injekčný roztok,"Ataxia, Gait abnormality, Hyperactivity",1,1,
GB-UKPFIZAH-2010-UK-01429,"<a target=""_blank""  href=""/xmlpserver/EVVET3 PW NEW/Subject Area Contents/Public Website/Report (PDF)/AER.xdo?_xpf=&_xpt=1&_params%2FOracle%20BI%20EE%3A%3ADefaultApp%3A%3AEVVET3%20PR%20NEW%2FAER%3A%3Adimension%2FAER%20Id%3A%3Aattribute%3A%3Anoaggr%3A%3Axsd%3Adouble=237270&_xt=AER&_xf=pdf""> AER </a>",2010-10-19 00:00:00,Other health care professional,United Kingdom,FEMALE,Dog,Samoyed,Rimadyl Palatable Tablets 100 mg,"Anorexia, Ascites, Death by euthanasia, Elevated liver enzymes NOS, Gall bladder inflammation, Jaundice, Lethargy (see also Central nervous system depression in Neurological), Oral ulceration, Pancreas disorder, Tarry or black stool (see also haemorrhagic diarrhoea), Urinary incontinence",1,1,1
GB-UKPFIZAH-2010-UK-01809,"<a target=""_blank""  href=""/xmlpserver/EVVET3 PW NEW/Subject Area Contents/Public Website/Report (PDF)/AER.xdo?_xpf=&_xpt=1&_params%2FOracle%20BI%20EE%3A%3ADefaultApp%3A%3AEVVET3%20PR%20NEW%2FAER%3A%3Adimension%2FAER%20Id%3A%3Aattribute%3A%3Anoaggr%3A%3Axsd%3Adouble=243518&_xt=AER&_xf=pdf""> AER </a>",2010-12-09 00:00:00,Other health care professional,United Kingdom,MALE,Dog,Rottweiler,Rimadyl Palatable Tablets 50 mg,"Chewing - oral cavity disorder (see also Pruritus), Generalised itching, Pruritus",1,1,
GB-UKPFIZAH-2010-UK-02035,"<a target=""_blank""  href=""/xmlpserver/EVVET3 PW NEW/Subject Area Contents/Public Website/Report (PDF)/AER.xdo?_xpf=&_xpt=1&_params%2FOracle%20BI%20EE%3A%3ADefaultApp%3A%3AEVVET3%20PR%20NEW%2FAER%3A%3Adimension%2FAER%20Id%3A%3Aattribute%3A%3Anoaggr%3A%3Axsd%3Adouble=245816&_xt=AER&_xf=pdf""> AER </a>",2010-12-31 00:00:00,Other health care professional,United Kingdom,FEMALE,Dog,Shepherd Dog - German,Rimadyl Palatable Tablets 100 mg,"Abdominal pain, Bruising, Haemorrhage NOS, Immune mediated thrombocytopenia, Spleen rupture",1,1,
IT-NLINTVINT-2010-IT-00134,"<a target=""_blank""  href=""/xmlpserver/EVVET3 PW NEW/Subject Area Contents/Public Website/Report (PDF)/AER.xdo?_xpf=&_xpt=1&_params%2FOracle%20BI%20EE%3A%3ADefaultApp%3A%3AEVVET3%20PR%20NEW%2FAER%3A%3Adimension%2FAER%20Id%3A%3Aattribute%3A%3Anoaggr%3A%3Axsd%3Adouble=245297&_xt=AER&_xf=pdf""> AER </a>",2010-12-21 00:00:00,Veterinarian,Italy,MALE,Dog,Pinscher - German,"RIMADYL 100 mg COMPRIMIDOS MASTICABLES PARA PERROS, RIMADYL 100 mg comprimate pentru câini, RIMADYL 100 mg, kramtomosios tabletės šunims, RIMADYL 100MG/TAB ΜΑΣΩΜΕΝΟ ΔΙΣΚΙΟ, RIMADYL 20 mg COMPRIMIDOS MASTICABLES PARA PERROS, RIMADYL 20 mg, kramtomosios tabletės šunims, RIMADYL 20MG/TAB ΜΑΣΩΜΕΝΟ ΔΙΣΚΙΟ, RIMADYL 50 mg COMPRIMIDOS MASTICABLES PARA PERROS, RIMADYL 50 mg comprimate pentru câini, RIMADYL 50 mg, kramtomosios tabletės šunims, RIMADYL 50MG/TAB ΜΑΣΩΜΕΝΟ ΔΙΣΚΙΟ, RIMADYL 50mg/ml ενέσιμο διάλυμα για σκύλους και γάτες, RIMADYL CATTLE 50 mg/ml, injekcinis tirpalas galvijams, RIMADYL Cattle 50 mg/ml Solution for Injection, RIMADYL INJECTABLE SOLUTION INJECTABLE POUR CHATS ET CHIENS, RIMADYL Injection 50mg/ml Διαυγές αποστειρωμένο ενέσιμο διάλυμα για σκύλους και γάτες, RIMADYL SMAKELIJKE TABLETTEN 100 mg voor honden, RIMADYL SMAKELIJKE TABLETTEN 50 mg voor honden, RIMADYL VET 50 mg/ml injektioneste, liuos, RIMADYL vet 100 mg purutabletti, RIMADYL vet 20 mg purutabletti, RIMADYL vet 50 mg purutabletti, Rimadyl 100 mg - Kautabletten für Hunde, Rimadyl 100 mg Comprimés Appétents 100 mg Tablet, Rimadyl 100 mg Kautablette für Hunde, Rimadyl 100 mg comprimidos mastigáveis para cães, Rimadyl 100 mg comprimés appétents, 100 mg, comprimés pour chiens, Rimadyl 100 mg okusne, žvečljive tablete za pse, Rimadyl 100 mg tabletes suņiem, Rimadyl 100 mg ízesített tabletta A.U.V., Rimadyl 20 mg - Kautabletten für Hunde, Rimadyl 20 mg Comprimés Appétents 20 mg Comprimé, Rimadyl 20 mg Comprimés Appétents 20 mg Tablet, Rimadyl 20 mg Kautablette für Hunde, Rimadyl 20 mg okusne, žvečljive tablete za pse, Rimadyl 20 mg ízesített tabletta A.U.V., Rimadyl 20 mg таблетки за кучета/Rimadyl 50 mg таблетки за кучета/Rimadyl 100 mg таблетки за кучета, Rimadyl 50 mg - Kautabletten für Hunde, Rimadyl 50 mg Comprimés Appétents 50 mg Tablet, Rimadyl 50 mg Kautablette für Hunde, Rimadyl 50 mg comprimidos mastigáveis para cães, Rimadyl 50 mg comprimés appétents, 50 mg, comprimés pour chiens, Rimadyl 50 mg košļājamās tabletes suņiem, Rimadyl 50 mg okusne, žvečljive tablete za pse, Rimadyl 50 mg ízesített tabletta A.U.V., Rimadyl 50 mg/ml - Injektionslösung für Hunde und Katzen, Rimadyl 50 mg/ml injekčný roztok, Rimadyl 50mg/ml Injektionslösung für Hunde und Katzen, Rimadyl Cattle, 50 mg/mL, otopina za injekciju, za goveda, Rimadyl Iniettabile 50 mg/ml, soluzione iniettabile per cane e gatto., Rimadyl Palatable 100 mg tablety pre psy, Rimadyl Palatable 20 mg tablety pre psy, Rimadyl Palatable 50 mg tablety pre psy, Rimadyl Palatable Tablets 100, Rimadyl Palatable Tablets 100 mg, Rimadyl Palatable Tablets 100 mg tabletes suņiem, Rimadyl Palatable Tablets 20 mg, Rimadyl Palatable Tablets 20 mg tabletes suņiem, Rimadyl Palatable Tablets 50, Rimadyl Palatable Tablets 50 mg, Rimadyl Palatable Tablets 50 mg tabletes suņiem, Rimadyl Palatable Tablets da 100 mg per cani, Rimadyl Palatable Tablets da 20 mg per cani, Rimadyl Palatable Tablets da 50 mg per cani, Rimadyl Palatable, 100mg, Žvýkací tableta, Rimadyl Palatable, 20mg, Žvýkací tableta, Rimadyl Palatable, 50mg, Žvýkací tableta, Rimadyl Solution for Injection for dogs and cats 50 mg/ml, Rimadyl Vet. 100 mg tyggetabletter, Rimadyl Vet. 20 mg tyggetabletter, Rimadyl Vet. 50 mg tyggetabletter, Rimadyl cattle 50 mg/ml oplossing voor injectie, Rimadyl injectievloeistof, 50 mg/ml voor honden en katten, Rimadyl smakelijke tabletten 100 mg voor honden, Rimadyl smakelijke tabletten 20 mg voor honden, Rimadyl smakelijke tabletten 50 mg voor honden, Rimadyl vet. 100 mg Tuggtablett, Rimadyl vet. 100 mg tyggetabletter, Rimadyl vet. 20 mg Tuggtablett, Rimadyl vet. 20 mg tyggetabletter, Rimadyl vet. 50 mg Tuggtablett, Rimadyl vet. 50 mg tyggetabletter, Rimadyl vet., 100 mg, Tuggtablett, Rimadyl Μασώμενο Δισκίο 100mg για σκύλους, Rimadyl Μασώμενο Δισκίο 20mg για σκύλους, Rimadyl Μασώμενο Δισκίο 50mg για σκύλους, Rimadyl, 100 mg närimistablett koertele, Rimadyl, 20 mg närimistablett koertele, Rimadyl, 50 mg närimistablett koertele, Rim","Allergic oedema, Death, Facial oedema, Haemorrhagic diarrhoea, Periorbital oedema (see also Immune system disorders)",1,1,1
JP-UKPFIZAH-2010-JP-00006,"<a target=""_blank""  href=""/xmlpserver/EVVET3 PW NEW/Subject Area Contents/Public Website/Report (PDF)/AER.xdo?_xpf=&_xpt=1&_params%2FOracle%20BI%20EE%3A%3ADefaultApp%3A%3AEVVET3%20PR%20NEW%2FAER%3A%3Adimension%2FAER%20Id%3A%3Aattribute%3A%3Anoaggr%3A%3Axsd%3Adouble=120752&_xt=AER&_xf=pdf""> AER </a>",2010-02-11 00:00:00,Veterinarian,Japan,FEMALE,Dog,Pug,"RIMADYL 100 mg COMPRIMIDOS MASTICABLES PARA PERROS, RIMADYL 100 mg comprimate pentru câini, RIMADYL 100 mg, kramtomosios tabletės šunims, RIMADYL 100MG/TAB ΜΑΣΩΜΕΝΟ ΔΙΣΚΙΟ, RIMADYL 20 mg COMPRIMIDOS MASTICABLES PARA PERROS, RIMADYL 20 mg, kramtomosios tabletės šunims, RIMADYL 20MG/TAB ΜΑΣΩΜΕΝΟ ΔΙΣΚΙΟ, RIMADYL 50 mg COMPRIMIDOS MASTICABLES PARA PERROS, RIMADYL 50 mg comprimate pentru câini, RIMADYL 50 mg, kramtomosios tabletės šunims, RIMADYL 50MG/TAB ΜΑΣΩΜΕΝΟ ΔΙΣΚΙΟ, RIMADYL 50mg/ml ενέσιμο διάλυμα για σκύλους και γάτες, RIMADYL CATTLE 50 mg/ml, injekcinis tirpalas galvijams, RIMADYL Cattle 50 mg/ml Solution for Injection, RIMADYL INJECTABLE SOLUTION INJECTABLE POUR CHATS ET CHIENS, RIMADYL Injection 50mg/ml Διαυγές αποστειρωμένο ενέσιμο διάλυμα για σκύλους και γάτες, RIMADYL SMAKELIJKE TABLETTEN 100 mg voor honden, RIMADYL SMAKELIJKE TABLETTEN 50 mg voor honden, RIMADYL VET 50 mg/ml injektioneste, liuos, RIMADYL vet 100 mg purutabletti, RIMADYL vet 20 mg purutabletti, RIMADYL vet 50 mg purutabletti, Rimadyl 100 mg - Kautabletten für Hunde, Rimadyl 100 mg Comprimés Appétents 100 mg Tablet, Rimadyl 100 mg Kautablette für Hunde, Rimadyl 100 mg comprimidos mastigáveis para cães, Rimadyl 100 mg comprimés appétents, 100 mg, comprimés pour chiens, Rimadyl 100 mg okusne, žvečljive tablete za pse, Rimadyl 100 mg tabletes suņiem, Rimadyl 100 mg ízesített tabletta A.U.V., Rimadyl 20 mg - Kautabletten für Hunde, Rimadyl 20 mg Comprimés Appétents 20 mg Comprimé, Rimadyl 20 mg Comprimés Appétents 20 mg Tablet, Rimadyl 20 mg Kautablette für Hunde, Rimadyl 20 mg okusne, žvečljive tablete za pse, Rimadyl 20 mg ízesített tabletta A.U.V., Rimadyl 20 mg таблетки за кучета/Rimadyl 50 mg таблетки за кучета/Rimadyl 100 mg таблетки за кучета, Rimadyl 50 mg - Kautabletten für Hunde, Rimadyl 50 mg Comprimés Appétents 50 mg Tablet, Rimadyl 50 mg Kautablette für Hunde, Rimadyl 50 mg comprimidos mastigáveis para cães, Rimadyl 50 mg comprimés appétents, 50 mg, comprimés pour chiens, Rimadyl 50 mg košļājamās tabletes suņiem, Rimadyl 50 mg okusne, žvečljive tablete za pse, Rimadyl 50 mg ízesített tabletta A.U.V., Rimadyl 50 mg/ml - Injektionslösung für Hunde und Katzen, Rimadyl 50 mg/ml injekčný roztok, Rimadyl 50mg/ml Injektionslösung für Hunde und Katzen, Rimadyl Cattle, 50 mg/mL, otopina za injekciju, za goveda, Rimadyl Iniettabile 50 mg/ml, soluzione iniettabile per cane e gatto., Rimadyl Palatable 100 mg tablety pre psy, Rimadyl Palatable 20 mg tablety pre psy, Rimadyl Palatable 50 mg tablety pre psy, Rimadyl Palatable Tablets 100, Rimadyl Palatable Tablets 100 mg, Rimadyl Palatable Tablets 100 mg tabletes suņiem, Rimadyl Palatable Tablets 20 mg, Rimadyl Palatable Tablets 20 mg tabletes suņiem, Rimadyl Palatable Tablets 50, Rimadyl Palatable Tablets 50 mg, Rimadyl Palatable Tablets 50 mg tabletes suņiem, Rimadyl Palatable Tablets da 100 mg per cani, Rimadyl Palatable Tablets da 20 mg per cani, Rimadyl Palatable Tablets da 50 mg per cani, Rimadyl Palatable, 100mg, Žvýkací tableta, Rimadyl Palatable, 20mg, Žvýkací tableta, Rimadyl Palatable, 50mg, Žvýkací tableta, Rimadyl Solution for Injection for dogs and cats 50 mg/ml, Rimadyl Vet. 100 mg tyggetabletter, Rimadyl Vet. 20 mg tyggetabletter, Rimadyl Vet. 50 mg tyggetabletter, Rimadyl cattle 50 mg/ml oplossing voor injectie, Rimadyl injectievloeistof, 50 mg/ml voor honden en katten, Rimadyl smakelijke tabletten 100 mg voor honden, Rimadyl smakelijke tabletten 20 mg voor honden, Rimadyl smakelijke tabletten 50 mg voor honden, Rimadyl vet. 100 mg Tuggtablett, Rimadyl vet. 100 mg tyggetabletter, Rimadyl vet. 20 mg Tuggtablett, Rimadyl vet. 20 mg tyggetabletter, Rimadyl vet. 50 mg Tuggtablett, Rimadyl vet. 50 mg tyggetabletter, Rimadyl vet., 100 mg, Tuggtablett, Rimadyl Μασώμενο Δισκίο 100mg για σκύλους, Rimadyl Μασώμενο Δισκίο 20mg για σκύλους, Rimadyl Μασώμενο Δισκίο 50mg για σκύλους, Rimadyl, 100 mg närimistablett koertele, Rimadyl, 20 mg närimistablett koertele, Rimadyl, 50 mg närimistablett koertele, Rim",Found dead,1,1,1
JP-UKPFIZAH-2010-JP-00540,"<a target=""_blank""  href=""/xmlpserver/EVVET3 PW NEW/Subject Area Contents/Public Website/Report (PDF)/AER.xdo?_xpf=&_xpt=1&_params%2FOracle%20BI%20EE%3A%3ADefaultApp%3A%3AEVVET3%20PR%20NEW%2FAER%3A%3Adimension%2FAER%20Id%3A%3Aattribute%3A%3Anoaggr%3A%3Axsd%3Adouble=242130&_xt=AER&_xf=pdf""> AER </a>",2010-11-25 00:00:00,Veterinarian,Japan,MALE,Dog,Crossbred Canine/dog,"RIMADYL 100 mg COMPRIMIDOS MASTICABLES PARA PERROS, RIMADYL 100 mg comprimate pentru câini, RIMADYL 100 mg, kramtomosios tabletės šunims, RIMADYL 100MG/TAB ΜΑΣΩΜΕΝΟ ΔΙΣΚΙΟ, RIMADYL 20 mg COMPRIMIDOS MASTICABLES PARA PERROS, RIMADYL 20 mg, kramtomosios tabletės šunims, RIMADYL 20MG/TAB ΜΑΣΩΜΕΝΟ ΔΙΣΚΙΟ, RIMADYL 50 mg COMPRIMIDOS MASTICABLES PARA PERROS, RIMADYL 50 mg comprimate pentru câini, RIMADYL 50 mg, kramtomosios tabletės šunims, RIMADYL 50MG/TAB ΜΑΣΩΜΕΝΟ ΔΙΣΚΙΟ, RIMADYL 50mg/ml ενέσιμο διάλυμα για σκύλους και γάτες, RIMADYL CATTLE 50 mg/ml, injekcinis tirpalas galvijams, RIMADYL Cattle 50 mg/ml Solution for Injection, RIMADYL INJECTABLE SOLUTION INJECTABLE POUR CHATS ET CHIENS, RIMADYL Injection 50mg/ml Διαυγές αποστειρωμένο ενέσιμο διάλυμα για σκύλους και γάτες, RIMADYL SMAKELIJKE TABLETTEN 100 mg voor honden, RIMADYL SMAKELIJKE TABLETTEN 50 mg voor honden, RIMADYL VET 50 mg/ml injektioneste, liuos, RIMADYL vet 100 mg purutabletti, RIMADYL vet 20 mg purutabletti, RIMADYL vet 50 mg purutabletti, Rimadyl 100 mg - Kautabletten für Hunde, Rimadyl 100 mg Comprimés Appétents 100 mg Tablet, Rimadyl 100 mg Kautablette für Hunde, Rimadyl 100 mg comprimidos mastigáveis para cães, Rimadyl 100 mg comprimés appétents, 100 mg, comprimés pour chiens, Rimadyl 100 mg okusne, žvečljive tablete za pse, Rimadyl 100 mg tabletes suņiem, Rimadyl 100 mg ízesített tabletta A.U.V., Rimadyl 20 mg - Kautabletten für Hunde, Rimadyl 20 mg Comprimés Appétents 20 mg Comprimé, Rimadyl 20 mg Comprimés Appétents 20 mg Tablet, Rimadyl 20 mg Kautablette für Hunde, Rimadyl 20 mg okusne, žvečljive tablete za pse, Rimadyl 20 mg ízesített tabletta A.U.V., Rimadyl 20 mg таблетки за кучета/Rimadyl 50 mg таблетки за кучета/Rimadyl 100 mg таблетки за кучета, Rimadyl 50 mg - Kautabletten für Hunde, Rimadyl 50 mg Comprimés Appétents 50 mg Tablet, Rimadyl 50 mg Kautablette für Hunde, Rimadyl 50 mg comprimidos mastigáveis para cães, Rimadyl 50 mg comprimés appétents, 50 mg, comprimés pour chiens, Rimadyl 50 mg košļājamās tabletes suņiem, Rimadyl 50 mg okusne, žvečljive tablete za pse, Rimadyl 50 mg ízesített tabletta A.U.V., Rimadyl 50 mg/ml - Injektionslösung für Hunde und Katzen, Rimadyl 50 mg/ml injekčný roztok, Rimadyl 50mg/ml Injektionslösung für Hunde und Katzen, Rimadyl Cattle, 50 mg/mL, otopina za injekciju, za goveda, Rimadyl Iniettabile 50 mg/ml, soluzione iniettabile per cane e gatto., Rimadyl Palatable 100 mg tablety pre psy, Rimadyl Palatable 20 mg tablety pre psy, Rimadyl Palatable 50 mg tablety pre psy, Rimadyl Palatable Tablets 100, Rimadyl Palatable Tablets 100 mg, Rimadyl Palatable Tablets 100 mg tabletes suņiem, Rimadyl Palatable Tablets 20 mg, Rimadyl Palatable Tablets 20 mg tabletes suņiem, Rimadyl Palatable Tablets 50, Rimadyl Palatable Tablets 50 mg, Rimadyl Palatable Tablets 50 mg tabletes suņiem, Rimadyl Palatable Tablets da 100 mg per cani, Rimadyl Palatable Tablets da 20 mg per cani, Rimadyl Palatable Tablets da 50 mg per cani, Rimadyl Palatable, 100mg, Žvýkací tableta, Rimadyl Palatable, 20mg, Žvýkací tableta, Rimadyl Palatable, 50mg, Žvýkací tableta, Rimadyl Solution for Injection for dogs and cats 50 mg/ml, Rimadyl Vet. 100 mg tyggetabletter, Rimadyl Vet. 20 mg tyggetabletter, Rimadyl Vet. 50 mg tyggetabletter, Rimadyl cattle 50 mg/ml oplossing voor injectie, Rimadyl injectievloeistof, 50 mg/ml voor honden en katten, Rimadyl smakelijke tabletten 100 mg voor honden, Rimadyl smakelijke tabletten 20 mg voor honden, Rimadyl smakelijke tabletten 50 mg voor honden, Rimadyl vet. 100 mg Tuggtablett, Rimadyl vet. 100 mg tyggetabletter, Rimadyl vet. 20 mg Tuggtablett, Rimadyl vet. 20 mg tyggetabletter, Rimadyl vet. 50 mg Tuggtablett, Rimadyl vet. 50 mg tyggetabletter, Rimadyl vet., 100 mg, Tuggtablett, Rimadyl Μασώμενο Δισκίο 100mg για σκύλους, Rimadyl Μασώμενο Δισκίο 20mg για σκύλους, Rimadyl Μασώμενο Δισκίο 50mg για σκύλους, Rimadyl, 100 mg närimistablett koertele, Rimadyl, 20 mg närimistablett koertele, Rimadyl, 50 mg närimistablett koertele, Rim","Anorexia, Ascites, Digestive tract tympany, Elevated liver enzymes NOS, Emesis, Hepatomegaly, Hind limb ataxia, Lethargy (see also Central nervous system depression in Neurological)",1,1,1
JP-UKPFIZAH-2010-JP-00554,"<a target=""_blank""  href=""/xmlpserver/EVVET3 PW NEW/Subject Area Contents/Public Website/Report (PDF)/AER.xdo?_xpf=&_xpt=1&_params%2FOracle%20BI%20EE%3A%3ADefaultApp%3A%3AEVVET3%20PR%20NEW%2FAER%3A%3Adimension%2FAER%20Id%3A%3Aattribute%3A%3Anoaggr%3A%3Axsd%3Adouble=245036&_xt=AER&_xf=pdf""> AER </a>",2010-12-16 00:00:00,Veterinarian,Japan,MALE,Dog,Corgi - Welsh Pembroke,"RIMADYL 100 mg COMPRIMIDOS MASTICABLES PARA PERROS, RIMADYL 100 mg comprimate pentru câini, RIMADYL 100 mg, kramtomosios tabletės šunims, RIMADYL 100MG/TAB ΜΑΣΩΜΕΝΟ ΔΙΣΚΙΟ, RIMADYL 20 mg COMPRIMIDOS MASTICABLES PARA PERROS, RIMADYL 20 mg, kramtomosios tabletės šunims, RIMADYL 20MG/TAB ΜΑΣΩΜΕΝΟ ΔΙΣΚΙΟ, RIMADYL 50 mg COMPRIMIDOS MASTICABLES PARA PERROS, RIMADYL 50 mg comprimate pentru câini, RIMADYL 50 mg, kramtomosios tabletės šunims, RIMADYL 50MG/TAB ΜΑΣΩΜΕΝΟ ΔΙΣΚΙΟ, RIMADYL 50mg/ml ενέσιμο διάλυμα για σκύλους και γάτες, RIMADYL CATTLE 50 mg/ml, injekcinis tirpalas galvijams, RIMADYL Cattle 50 mg/ml Solution for Injection, RIMADYL INJECTABLE SOLUTION INJECTABLE POUR CHATS ET CHIENS, RIMADYL Injection 50mg/ml Διαυγές αποστειρωμένο ενέσιμο διάλυμα για σκύλους και γάτες, RIMADYL SMAKELIJKE TABLETTEN 100 mg voor honden, RIMADYL SMAKELIJKE TABLETTEN 50 mg voor honden, RIMADYL VET 50 mg/ml injektioneste, liuos, RIMADYL vet 100 mg purutabletti, RIMADYL vet 20 mg purutabletti, RIMADYL vet 50 mg purutabletti, Rimadyl 100 mg - Kautabletten für Hunde, Rimadyl 100 mg Comprimés Appétents 100 mg Tablet, Rimadyl 100 mg Kautablette für Hunde, Rimadyl 100 mg comprimidos mastigáveis para cães, Rimadyl 100 mg comprimés appétents, 100 mg, comprimés pour chiens, Rimadyl 100 mg okusne, žvečljive tablete za pse, Rimadyl 100 mg tabletes suņiem, Rimadyl 100 mg ízesített tabletta A.U.V., Rimadyl 20 mg - Kautabletten für Hunde, Rimadyl 20 mg Comprimés Appétents 20 mg Comprimé, Rimadyl 20 mg Comprimés Appétents 20 mg Tablet, Rimadyl 20 mg Kautablette für Hunde, Rimadyl 20 mg okusne, žvečljive tablete za pse, Rimadyl 20 mg ízesített tabletta A.U.V., Rimadyl 20 mg таблетки за кучета/Rimadyl 50 mg таблетки за кучета/Rimadyl 100 mg таблетки за кучета, Rimadyl 50 mg - Kautabletten für Hunde, Rimadyl 50 mg Comprimés Appétents 50 mg Tablet, Rimadyl 50 mg Kautablette für Hunde, Rimadyl 50 mg comprimidos mastigáveis para cães, Rimadyl 50 mg comprimés appétents, 50 mg, comprimés pour chiens, Rimadyl 50 mg košļājamās tabletes suņiem, Rimadyl 50 mg okusne, žvečljive tablete za pse, Rimadyl 50 mg ízesített tabletta A.U.V., Rimadyl 50 mg/ml - Injektionslösung für Hunde und Katzen, Rimadyl 50 mg/ml injekčný roztok, Rimadyl 50mg/ml Injektionslösung für Hunde und Katzen, Rimadyl Cattle, 50 mg/mL, otopina za injekciju, za goveda, Rimadyl Iniettabile 50 mg/ml, soluzione iniettabile per cane e gatto., Rimadyl Palatable 100 mg tablety pre psy, Rimadyl Palatable 20 mg tablety pre psy, Rimadyl Palatable 50 mg tablety pre psy, Rimadyl Palatable Tablets 100, Rimadyl Palatable Tablets 100 mg, Rimadyl Palatable Tablets 100 mg tabletes suņiem, Rimadyl Palatable Tablets 20 mg, Rimadyl Palatable Tablets 20 mg tabletes suņiem, Rimadyl Palatable Tablets 50, Rimadyl Palatable Tablets 50 mg, Rimadyl Palatable Tablets 50 mg tabletes suņiem, Rimadyl Palatable Tablets da 100 mg per cani, Rimadyl Palatable Tablets da 20 mg per cani, Rimadyl Palatable Tablets da 50 mg per cani, Rimadyl Palatable, 100mg, Žvýkací tableta, Rimadyl Palatable, 20mg, Žvýkací tableta, Rimadyl Palatable, 50mg, Žvýkací tableta, Rimadyl Solution for Injection for dogs and cats 50 mg/ml, Rimadyl Vet. 100 mg tyggetabletter, Rimadyl Vet. 20 mg tyggetabletter, Rimadyl Vet. 50 mg tyggetabletter, Rimadyl cattle 50 mg/ml oplossing voor injectie, Rimadyl injectievloeistof, 50 mg/ml voor honden en katten, Rimadyl smakelijke tabletten 100 mg voor honden, Rimadyl smakelijke tabletten 20 mg voor honden, Rimadyl smakelijke tabletten 50 mg voor honden, Rimadyl vet. 100 mg Tuggtablett, Rimadyl vet. 100 mg tyggetabletter, Rimadyl vet. 20 mg Tuggtablett, Rimadyl vet. 20 mg tyggetabletter, Rimadyl vet. 50 mg Tuggtablett, Rimadyl vet. 50 mg tyggetabletter, Rimadyl vet., 100 mg, Tuggtablett, Rimadyl Μασώμενο Δισκίο 100mg για σκύλους, Rimadyl Μασώμενο Δισκίο 20mg για σκύλους, Rimadyl Μασώμενο Δισκίο 50mg για σκύλους, Rimadyl, 100 mg närimistablett koertele, Rimadyl, 20 mg närimistablett koertele, Rimadyl, 50 mg närimistablett koertele, Rim","Convulsion, Hypothermia, Loss of consciousness, Nystagmus, Tachypnoea, Unable to stand",1,1,1
SE-BAH-2010-074207,"<a target=""_blank""  href=""/xmlpserver/EVVET3 PW NEW/Subject Area Contents/Public Website/Report (PDF)/AER.xdo?_xpf=&_xpt=1&_params%2FOracle%20BI%20EE%3A%3ADefaultApp%3A%3AEVVET3%20PR%20NEW%2FAER%3A%3Adimension%2FAER%20Id%3A%3Aattribute%3A%3Anoaggr%3A%3Axsd%3Adouble=229356&_xt=AER&_xf=pdf""> AER </a>",2010-09-27 00:00:00,Veterinarian,Sweden,MALE,Dog,Boxer (German Boxer),"Baytril Vet. 150 mg tabletter, Baytril vet. 150 mg tabletter, RIMADYL 100 mg COMPRIMIDOS MASTICABLES PARA PERROS, RIMADYL 100 mg comprimate pentru câini, RIMADYL 100 mg, kramtomosios tabletės šunims, RIMADYL 100MG/TAB ΜΑΣΩΜΕΝΟ ΔΙΣΚΙΟ, RIMADYL 20 mg COMPRIMIDOS MASTICABLES PARA PERROS, RIMADYL 20 mg, kramtomosios tabletės šunims, RIMADYL 20MG/TAB ΜΑΣΩΜΕΝΟ ΔΙΣΚΙΟ, RIMADYL 50 mg COMPRIMIDOS MASTICABLES PARA PERROS, RIMADYL 50 mg comprimate pentru câini, RIMADYL 50 mg, kramtomosios tabletės šunims, RIMADYL 50MG/TAB ΜΑΣΩΜΕΝΟ ΔΙΣΚΙΟ, RIMADYL 50mg/ml ενέσιμο διάλυμα για σκύλους και γάτες, RIMADYL CATTLE 50 mg/ml, injekcinis tirpalas galvijams, RIMADYL Cattle 50 mg/ml Solution for Injection, RIMADYL INJECTABLE SOLUTION INJECTABLE POUR CHATS ET CHIENS, RIMADYL Injection 50mg/ml Διαυγές αποστειρωμένο ενέσιμο διάλυμα για σκύλους και γάτες, RIMADYL SMAKELIJKE TABLETTEN 100 mg voor honden, RIMADYL SMAKELIJKE TABLETTEN 50 mg voor honden, RIMADYL VET 50 mg/ml injektioneste, liuos, RIMADYL vet 100 mg purutabletti, RIMADYL vet 20 mg purutabletti, RIMADYL vet 50 mg purutabletti, Rimadyl 100 mg - Kautabletten für Hunde, Rimadyl 100 mg Comprimés Appétents 100 mg Tablet, Rimadyl 100 mg Kautablette für Hunde, Rimadyl 100 mg comprimidos mastigáveis para cães, Rimadyl 100 mg comprimés appétents, 100 mg, comprimés pour chiens, Rimadyl 100 mg okusne, žvečljive tablete za pse, Rimadyl 100 mg tabletes suņiem, Rimadyl 100 mg ízesített tabletta A.U.V., Rimadyl 20 mg - Kautabletten für Hunde, Rimadyl 20 mg Comprimés Appétents 20 mg Comprimé, Rimadyl 20 mg Comprimés Appétents 20 mg Tablet, Rimadyl 20 mg Kautablette für Hunde, Rimadyl 20 mg okusne, žvečljive tablete za pse, Rimadyl 20 mg ízesített tabletta A.U.V., Rimadyl 20 mg таблетки за кучета/Rimadyl 50 mg таблетки за кучета/Rimadyl 100 mg таблетки за кучета, Rimadyl 50 mg - Kautabletten für Hunde, Rimadyl 50 mg Comprimés Appétents 50 mg Tablet, Rimadyl 50 mg Kautablette für Hunde, Rimadyl 50 mg comprimidos mastigáveis para cães, Rimadyl 50 mg comprimés appétents, 50 mg, comprimés pour chiens, Rimadyl 50 mg košļājamās tabletes suņiem, Rimadyl 50 mg okusne, žvečljive tablete za pse, Rimadyl 50 mg ízesített tabletta A.U.V., Rimadyl 50 mg/ml - Injektionslösung für Hunde und Katzen, Rimadyl 50 mg/ml injekčný roztok, Rimadyl 50mg/ml Injektionslösung für Hunde und Katzen, Rimadyl Cattle, 50 mg/mL, otopina za injekciju, za goveda, Rimadyl Iniettabile 50 mg/ml, soluzione iniettabile per cane e gatto., Rimadyl Palatable 100 mg tablety pre psy, Rimadyl Palatable 20 mg tablety pre psy, Rimadyl Palatable 50 mg tablety pre psy, Rimadyl Palatable Tablets 100, Rimadyl Palatable Tablets 100 mg, Rimadyl Palatable Tablets 100 mg tabletes suņiem, Rimadyl Palatable Tablets 20 mg, Rimadyl Palatable Tablets 20 mg tabletes suņiem, Rimadyl Palatable Tablets 50, Rimadyl Palatable Tablets 50 mg, Rimadyl Palatable Tablets 50 mg tabletes suņiem, Rimadyl Palatable Tablets da 100 mg per cani, Rimadyl Palatable Tablets da 20 mg per cani, Rimadyl Palatable Tablets da 50 mg per cani, Rimadyl Palatable, 100mg, Žvýkací tableta, Rimadyl Palatable, 20mg, Žvýkací tableta, Rimadyl Palatable, 50mg, Žvýkací tableta, Rimadyl Solution for Injection for dogs and cats 50 mg/ml, Rimadyl Vet. 100 mg tyggetabletter, Rimadyl Vet. 20 mg tyggetabletter, Rimadyl Vet. 50 mg tyggetabletter, Rimadyl cattle 50 mg/ml oplossing voor injectie, Rimadyl injectievloeistof, 50 mg/ml voor honden en katten, Rimadyl smakelijke tabletten 100 mg voor honden, Rimadyl smakelijke tabletten 20 mg voor honden, Rimadyl smakelijke tabletten 50 mg voor honden, Rimadyl vet. 100 mg Tuggtablett, Rimadyl vet. 100 mg tyggetabletter, Rimadyl vet. 20 mg Tuggtablett, Rimadyl vet. 20 mg tyggetabletter, Rimadyl vet. 50 mg Tuggtablett, Rimadyl vet. 50 mg tyggetabletter, Rimadyl vet., 100 mg, Tuggtablett, Rimadyl Μασώμενο Δισκίο 100mg για σκύλους, Rimadyl Μασώμενο Δισκίο 20mg για σκύλους, Rimadyl Μασώμενο Δισκίο 50mg για σκύλους, Rimadyl, 100 mg närimistablett koertele, Rimadyl, 20 mg närimi",Seizure NOS,1,1,
SE-SEMPAV-2010-293,"<a target=""_blank""  href=""/xmlpserver/EVVET3 PW NEW/Subject Area Contents/Public Website/Report (PDF)/AER.xdo?_xpf=&_xpt=1&_params%2FOracle%20BI%20EE%3A%3ADefaultApp%3A%3AEVVET3%20PR%20NEW%2FAER%3A%3Adimension%2FAER%20Id%3A%3Aattribute%3A%3Anoaggr%3A%3Axsd%3Adouble=244869&_xt=AER&_xf=pdf""> AER </a>",2010-12-15 00:00:00,Veterinarian,Sweden,MALE,Dog,Pinscher - Miniature,"Rimadyl, 20 mg närimistablett koertele","Diarrhoea, Vomiting",1,1,
SE-SEMPAV-2010-301,"<a target=""_blank""  href=""/xmlpserver/EVVET3 PW NEW/Subject Area Contents/Public Website/Report (PDF)/AER.xdo?_xpf=&_xpt=1&_params%2FOracle%20BI%20EE%3A%3ADefaultApp%3A%3AEVVET3%20PR%20NEW%2FAER%3A%3Adimension%2FAER%20Id%3A%3Aattribute%3A%3Anoaggr%3A%3Axsd%3Adouble=245018&_xt=AER&_xf=pdf""> AER </a>",2010-12-16 00:00:00,Veterinarian,Sweden,MALE,Dog,Boxer (German Boxer),"Baytril vet. 150 mg Tablett, Rimadyl vet. 100 mg Tuggtablett",Epileptic seizure,1,1,
SE-SEMPAV-2010-311,"<a target=""_blank""  href=""/xmlpserver/EVVET3 PW NEW/Subject Area Contents/Public Website/Report (PDF)/AER.xdo?_xpf=&_xpt=1&_params%2FOracle%20BI%20EE%3A%3ADefaultApp%3A%3AEVVET3%20PR%20NEW%2FAER%3A%3Adimension%2FAER%20Id%3A%3Aattribute%3A%3Anoaggr%3A%3Axsd%3Adouble=245188&_xt=AER&_xf=pdf""> AER </a>",2010-12-17 00:00:00,Veterinarian,Sweden,MALE,Dog,Samoyed,Rimadyl Palatable Tablets da 50 mg per cani,"Death by euthanasia, Discoloured urine, Dullness, Gastric perforation, Gastric ulcer, Not drinking, Peritonitis",1,1,1
UK-VMD-0272/10,"<a target=""_blank""  href=""/xmlpserver/EVVET3 PW NEW/Subject Area Contents/Public Website/Report (PDF)/AER.xdo?_xpf=&_xpt=1&_params%2FOracle%20BI%20EE%3A%3ADefaultApp%3A%3AEVVET3%20PR%20NEW%2FAER%3A%3Adimension%2FAER%20Id%3A%3Aattribute%3A%3Anoaggr%3A%3Axsd%3Adouble=121121&_xt=AER&_xf=pdf""> AER </a>",2010-02-15 00:00:00,Other health care professional,United Kingdom,FEMALE,Dog,Schnauzer - Miniature,Rimadyl Palatable 20 mg tablety pre psy,"Haemorrhagic diarrhoea, Hypoproteinaemia, Lethargy (see also Central nervous system depression in Neurological), Vomiting",1,1,
UK-VMD-0461/09,"<a target=""_blank""  href=""/xmlpserver/EVVET3 PW NEW/Subject Area Contents/Public Website/Report (PDF)/AER.xdo?_xpf=&_xpt=1&_params%2FOracle%20BI%20EE%3A%3ADefaultApp%3A%3AEVVET3%20PR%20NEW%2FAER%3A%3Adimension%2FAER%20Id%3A%3Aattribute%3A%3Anoaggr%3A%3Axsd%3Adouble=206726&_xt=AER&_xf=pdf""> AER </a>",2010-08-03 00:00:00,Veterinarian,United Kingdom,FEMALE,Dog,Collie - Border,"CLAVASEPTIN 500MG PALATABLE TABLETS FOR DOGS, CLAVASEPTIN P 250 MG TABLETS FOR DOGS, Rimadyl Palatable Tablets 50 mg",Seizure NOS,1,1,
UK-VMD-2275/10,"<a target=""_blank""  href=""/xmlpserver/EVVET3 PW NEW/Subject Area Contents/Public Website/Report (PDF)/AER.xdo?_xpf=&_xpt=1&_params%2FOracle%20BI%20EE%3A%3ADefaultApp%3A%3AEVVET3%20PR%20NEW%2FAER%3A%3Adimension%2FAER%20Id%3A%3Aattribute%3A%3Anoaggr%3A%3Axsd%3Adouble=211369&_xt=AER&_xf=pdf""> AER </a>",2010-08-13 00:00:00,Veterinarian,United Kingdom,MALE,Dog,Retriever - Golden,Rimadyl Palatable Tablets 50 mg,"Collapse NOS (see also Cardio-vascular and Neurological disorders), Death, Diarrhoea, Dyspnoea, Emesis, Renal failure",1,1,1
UK-VMD-2577/10,"<a target=""_blank""  href=""/xmlpserver/EVVET3 PW NEW/Subject Area Contents/Public Website/Report (PDF)/AER.xdo?_xpf=&_xpt=1&_params%2FOracle%20BI%20EE%3A%3ADefaultApp%3A%3AEVVET3%20PR%20NEW%2FAER%3A%3Adimension%2FAER%20Id%3A%3Aattribute%3A%3Anoaggr%3A%3Axsd%3Adouble=227456&_xt=AER&_xf=pdf""> AER </a>",2010-09-21 00:00:00,Animal owner,United Kingdom,FEMALE,Dog,Collie - Border,Rimadyl Palatable Tablets 50 mg,"Adipsia, Anorexia, Death by euthanasia, Lethargy (see also Central nervous system depression in Neurological), Renal failure, Urinary incontinence, Weight loss",1,1,1
UK-VMD-3234/09,"<a target=""_blank""  href=""/xmlpserver/EVVET3 PW NEW/Subject Area Contents/Public Website/Report (PDF)/AER.xdo?_xpf=&_xpt=1&_params%2FOracle%20BI%20EE%3A%3ADefaultApp%3A%3AEVVET3%20PR%20NEW%2FAER%3A%3Adimension%2FAER%20Id%3A%3Aattribute%3A%3Anoaggr%3A%3Axsd%3Adouble=207573&_xt=AER&_xf=pdf""> AER </a>",2010-08-05 00:00:00,Veterinarian,United Kingdom,MALE,Dog,Terrier - Airedale,Rimadyl Palatable Tablets 50 mg,"Haemorrhagic diarrhoea, Vomiting",1,1,
UK-VMD-3484/10,"<a target=""_blank""  href=""/xmlpserver/EVVET3 PW NEW/Subject Area Contents/Public Website/Report (PDF)/AER.xdo?_xpf=&_xpt=1&_params%2FOracle%20BI%20EE%3A%3ADefaultApp%3A%3AEVVET3%20PR%20NEW%2FAER%3A%3Adimension%2FAER%20Id%3A%3Aattribute%3A%3Anoaggr%3A%3Axsd%3Adouble=243092&_xt=AER&_xf=pdf""> AER </a>",2010-12-02 00:00:00,Veterinarian,United Kingdom,FEMALE,Dog,Unknown,"CLAMOXYL Palatable Tablets 200 mg, Rimadyl Palatable 20 mg tablety pre psy","Anaemia NOS, Death by euthanasia, Diarrhoea, Fit, Haemorrhagic diarrhoea, Vomiting",1,1,1
US-ABBOTTAH-CPT100003129(A),"<a target=""_blank""  href=""/xmlpserver/EVVET3 PW NEW/Subject Area Contents/Public Website/Report (PDF)/AER.xdo?_xpf=&_xpt=1&_params%2FOracle%20BI%20EE%3A%3ADefaultApp%3A%3AEVVET3%20PR%20NEW%2FAER%3A%3Adimension%2FAER%20Id%3A%3Aattribute%3A%3Anoaggr%3A%3Axsd%3Adouble=215255&_xt=AER&_xf=pdf""> AER </a>",2010-08-23 00:00:00,Veterinarian,United States,FEMALE,Dog,Unknown,"ANTISEDAN, ANTISEDAN 5 mg/ml SOLUCIÓN INYECTABLE PARA PERROS Y GATOS, ANTISEDAN 5 mg/ml raztopina za injiciranje za pse in mačke, ANTISEDAN 5MG/ML ΕΝΕΣΙΜΟ ΔΙΑΛΥΜΑ, ANTISEDAN SOLUTION INJECTABLE POUR CHIENS ET CHATS, ANTISEDAN, 5 mg/mL, otopina za injekciju, za pse i mačke, Antisedan 5 mg/ 1 ml, roztwór do wstrzykiwań dla psów i kotów, Antisedan 5 mg/ml  Injektionslösung für Hunde und Katzen, Antisedan 5 mg/ml - Injektionslösung für Hunde und Katzen, Antisedan 5 mg/ml Oplossing voor injectie, Antisedan 5 mg/ml Solution injectable, Antisedan 5 mg/ml injekčný roztok pre psy a mačky, Antisedan 5 mg/ml oldatos injekció kutya és macska részére.A.U.V., Antisedan 5 mg/ml solution for injection, Antisedan 5 mg/ml solução injetável para cães e gatos, Antisedan Vet 5 mg/ml injekcinis tirpalas, Antisedan Vet 5 mg/ml šķīdums injekcijām, Antisedan Vet, 5 mg/ml süstelahus, Antisedan Vet. 5 mg/ml injektionsvæske, opløsning, Antisedan vet 5 mg/ml injektioneste, liuos, Antisedan vet. 5 mg/ml Injektionsvätska, lösning, Antisedan vet. 5 mg/ml Stungulyf, lausn Handa hundum og köttum., Antisedan vet. 5 mg/ml injeksjonsvæske, oppløsning, til hund og katt, Antisedan vet., 5 mg/ml, Injektionsvätska, lösning, Antisedan, 5 mg/ml oplossing voor injectie voor honden en katten, Antisedan, 5mg/ml, Injekční roztok, Dexdomitor 0.1 mg/ml - Solution for injection, Dexdomitor 0.5 mg/ml - Solution for injection, RIMADYL 100 mg COMPRIMIDOS MASTICABLES PARA PERROS, RIMADYL 100 mg comprimate pentru câini, RIMADYL 100 mg, kramtomosios tabletės šunims, RIMADYL 100MG/TAB ΜΑΣΩΜΕΝΟ ΔΙΣΚΙΟ, RIMADYL 20 mg COMPRIMIDOS MASTICABLES PARA PERROS, RIMADYL 20 mg, kramtomosios tabletės šunims, RIMADYL 20MG/TAB ΜΑΣΩΜΕΝΟ ΔΙΣΚΙΟ, RIMADYL 50 mg COMPRIMIDOS MASTICABLES PARA PERROS, RIMADYL 50 mg comprimate pentru câini, RIMADYL 50 mg, kramtomosios tabletės šunims, RIMADYL 50MG/TAB ΜΑΣΩΜΕΝΟ ΔΙΣΚΙΟ, RIMADYL 50mg/ml ενέσιμο διάλυμα για σκύλους και γάτες, RIMADYL CATTLE 50 mg/ml, injekcinis tirpalas galvijams, RIMADYL Cattle 50 mg/ml Solution for Injection, RIMADYL INJECTABLE SOLUTION INJECTABLE POUR CHATS ET CHIENS, RIMADYL Injection 50mg/ml Διαυγές αποστειρωμένο ενέσιμο διάλυμα για σκύλους και γάτες, RIMADYL SMAKELIJKE TABLETTEN 100 mg voor honden, RIMADYL SMAKELIJKE TABLETTEN 50 mg voor honden, RIMADYL VET 50 mg/ml injektioneste, liuos, RIMADYL vet 100 mg purutabletti, RIMADYL vet 20 mg purutabletti, RIMADYL vet 50 mg purutabletti, Rimadyl 100 mg - Kautabletten für Hunde, Rimadyl 100 mg Comprimés Appétents 100 mg Tablet, Rimadyl 100 mg Kautablette für Hunde, Rimadyl 100 mg comprimidos mastigáveis para cães, Rimadyl 100 mg comprimés appétents, 100 mg, comprimés pour chiens, Rimadyl 100 mg okusne, žvečljive tablete za pse, Rimadyl 100 mg tabletes suņiem, Rimadyl 100 mg ízesített tabletta A.U.V., Rimadyl 20 mg - Kautabletten für Hunde, Rimadyl 20 mg Comprimés Appétents 20 mg Comprimé, Rimadyl 20 mg Comprimés Appétents 20 mg Tablet, Rimadyl 20 mg Kautablette für Hunde, Rimadyl 20 mg okusne, žvečljive tablete za pse, Rimadyl 20 mg ízesített tabletta A.U.V., Rimadyl 20 mg таблетки за кучета/Rimadyl 50 mg таблетки за кучета/Rimadyl 100 mg таблетки за кучета, Rimadyl 50 mg - Kautabletten für Hunde, Rimadyl 50 mg Comprimés Appétents 50 mg Tablet, Rimadyl 50 mg Kautablette für Hunde, Rimadyl 50 mg comprimidos mastigáveis para cães, Rimadyl 50 mg comprimés appétents, 50 mg, comprimés pour chiens, Rimadyl 50 mg košļājamās tabletes suņiem, Rimadyl 50 mg okusne, žvečljive tablete za pse, Rimadyl 50 mg ízesített tabletta A.U.V., Rimadyl 50 mg/ml - Injektionslösung für Hunde und Katzen, Rimadyl 50 mg/ml injekčný roztok, Rimadyl 50mg/ml Injektionslösung für Hunde und Katzen, Rimadyl Cattle, 50 mg/mL, otopina za injekciju, za goveda, Rimadyl Iniettabile 50 mg/ml, soluzione iniettabile per cane e gatto., Rimadyl Palatable 100 mg tablety pre psy, Rimadyl Palatable 20 mg tablety pre psy, Rimadyl Palatable 50 mg tablety pre psy, Rimadyl Palatable Tablets 100, Rimadyl Palatable Tablets 100 mg, Rimadyl Palatab","Apnoea, Increased heart rate, Pale mucous membrane, Tachycardia",1,1,
US-ABBOTTAH-CPT100003198,"<a target=""_blank""  href=""/xmlpserver/EVVET3 PW NEW/Subject Area Contents/Public Website/Report (PDF)/AER.xdo?_xpf=&_xpt=1&_params%2FOracle%20BI%20EE%3A%3ADefaultApp%3A%3AEVVET3%20PR%20NEW%2FAER%3A%3Adimension%2FAER%20Id%3A%3Aattribute%3A%3Anoaggr%3A%3Axsd%3Adouble=215763&_xt=AER&_xf=pdf""> AER </a>",2010-08-24 00:00:00,Veterinarian,United States,MALE,Dog,Rottweiler,"Dexdomitor 0.1 mg/ml - Solution for injection, Dexdomitor 0.5 mg/ml - Solution for injection, Diazepam 10 mg, tabletten voor honden en katten, Diazepam 2 mg, tabletten voor honden en katten, Diazepam 5 mg, tabletten voor honden en katten, Diazepam 5 mg/ml, oplossing voor injectie voor honden en katten, Ketamin 10 % šķīdums injekcijām suņiem un kaķiem, Ketamin 10%, Ketamin 100 mg/ml, Ketamine 10% oplossing voor injectie voor honden en katten, Ketamine 10% pro inj., oplossing voor injectie voor honden en katten, Ketamine 10% šķīdums injekcijām suņiem un kaķiem, Ketamine 10%, oplossing voor injectie voor honden en katten, RIMADYL 100 mg COMPRIMIDOS MASTICABLES PARA PERROS, RIMADYL 100 mg comprimate pentru câini, RIMADYL 100 mg, kramtomosios tabletės šunims, RIMADYL 100MG/TAB ΜΑΣΩΜΕΝΟ ΔΙΣΚΙΟ, RIMADYL 20 mg COMPRIMIDOS MASTICABLES PARA PERROS, RIMADYL 20 mg, kramtomosios tabletės šunims, RIMADYL 20MG/TAB ΜΑΣΩΜΕΝΟ ΔΙΣΚΙΟ, RIMADYL 50 mg COMPRIMIDOS MASTICABLES PARA PERROS, RIMADYL 50 mg comprimate pentru câini, RIMADYL 50 mg, kramtomosios tabletės šunims, RIMADYL 50MG/TAB ΜΑΣΩΜΕΝΟ ΔΙΣΚΙΟ, RIMADYL 50mg/ml ενέσιμο διάλυμα για σκύλους και γάτες, RIMADYL CATTLE 50 mg/ml, injekcinis tirpalas galvijams, RIMADYL Cattle 50 mg/ml Solution for Injection, RIMADYL INJECTABLE SOLUTION INJECTABLE POUR CHATS ET CHIENS, RIMADYL Injection 50mg/ml Διαυγές αποστειρωμένο ενέσιμο διάλυμα για σκύλους και γάτες, RIMADYL SMAKELIJKE TABLETTEN 100 mg voor honden, RIMADYL SMAKELIJKE TABLETTEN 50 mg voor honden, RIMADYL VET 50 mg/ml injektioneste, liuos, RIMADYL vet 100 mg purutabletti, RIMADYL vet 20 mg purutabletti, RIMADYL vet 50 mg purutabletti, Rimadyl 100 mg - Kautabletten für Hunde, Rimadyl 100 mg Comprimés Appétents 100 mg Tablet, Rimadyl 100 mg Kautablette für Hunde, Rimadyl 100 mg comprimidos mastigáveis para cães, Rimadyl 100 mg comprimés appétents, 100 mg, comprimés pour chiens, Rimadyl 100 mg okusne, žvečljive tablete za pse, Rimadyl 100 mg tabletes suņiem, Rimadyl 100 mg ízesített tabletta A.U.V., Rimadyl 20 mg - Kautabletten für Hunde, Rimadyl 20 mg Comprimés Appétents 20 mg Comprimé, Rimadyl 20 mg Comprimés Appétents 20 mg Tablet, Rimadyl 20 mg Kautablette für Hunde, Rimadyl 20 mg okusne, žvečljive tablete za pse, Rimadyl 20 mg ízesített tabletta A.U.V., Rimadyl 20 mg таблетки за кучета/Rimadyl 50 mg таблетки за кучета/Rimadyl 100 mg таблетки за кучета, Rimadyl 50 mg - Kautabletten für Hunde, Rimadyl 50 mg Comprimés Appétents 50 mg Tablet, Rimadyl 50 mg Kautablette für Hunde, Rimadyl 50 mg comprimidos mastigáveis para cães, Rimadyl 50 mg comprimés appétents, 50 mg, comprimés pour chiens, Rimadyl 50 mg košļājamās tabletes suņiem, Rimadyl 50 mg okusne, žvečljive tablete za pse, Rimadyl 50 mg ízesített tabletta A.U.V., Rimadyl 50 mg/ml - Injektionslösung für Hunde und Katzen, Rimadyl 50 mg/ml injekčný roztok, Rimadyl 50mg/ml Injektionslösung für Hunde und Katzen, Rimadyl Cattle, 50 mg/mL, otopina za injekciju, za goveda, Rimadyl Iniettabile 50 mg/ml, soluzione iniettabile per cane e gatto., Rimadyl Palatable 100 mg tablety pre psy, Rimadyl Palatable 20 mg tablety pre psy, Rimadyl Palatable 50 mg tablety pre psy, Rimadyl Palatable Tablets 100, Rimadyl Palatable Tablets 100 mg, Rimadyl Palatable Tablets 100 mg tabletes suņiem, Rimadyl Palatable Tablets 20 mg, Rimadyl Palatable Tablets 20 mg tabletes suņiem, Rimadyl Palatable Tablets 50, Rimadyl Palatable Tablets 50 mg, Rimadyl Palatable Tablets 50 mg tabletes suņiem, Rimadyl Palatable Tablets da 100 mg per cani, Rimadyl Palatable Tablets da 20 mg per cani, Rimadyl Palatable Tablets da 50 mg per cani, Rimadyl Palatable, 100mg, Žvýkací tableta, Rimadyl Palatable, 20mg, Žvýkací tableta, Rimadyl Palatable, 50mg, Žvýkací tableta, Rimadyl Solution for Injection for dogs and cats 50 mg/ml, Rimadyl Vet. 100 mg tyggetabletter, Rimadyl Vet. 20 mg tyggetabletter, Rimadyl Vet. 50 mg tyggetabletter, Rimadyl cattle 50 mg/ml oplossing voor injectie, Rimadyl injectievloeistof, 50 mg/ml voor honden en katten, Rimadyl",Pulmonary oedema,1,1,
US-DEBIAHP-2010US11920,"<a target=""_blank""  href=""/xmlpserver/EVVET3 PW NEW/Subject Area Contents/Public Website/Report (PDF)/AER.xdo?_xpf=&_xpt=1&_params%2FOracle%20BI%20EE%3A%3ADefaultApp%3A%3AEVVET3%20PR%20NEW%2FAER%3A%3Adimension%2FAER%20Id%3A%3Aattribute%3A%3Anoaggr%3A%3Axsd%3Adouble=232685&_xt=AER&_xf=pdf""> AER </a>",2010-10-11 00:00:00,Veterinarian,United States,MALE,Dog,Crossbred Canine/dog,"CEPHALEXIN 180 mg/ml suspenzija za injiciranje, Fuxien vet 1000 mg/g inhalaatiohöyry, neste, ISOFLURANE-Vet 1000 mg/g liquido per inalazione per cani e gatti, ISOFLURIN 1000mg/g ΥΓΡΟ ΓΙΑ ΕΙΣΠΝΕΟΜΕΝΟΥΣ ΑΤΜΟΥΣ, Isoflurane 100% Inhalation Vapour, Liquid, Isoflurane 1000 mg/g Inhalation Vapour, liquid., Metacam 5 mg/ml - Solution for injection (cats, dogs), Metacam 5 mg/ml - Solution for injection (cattle, pigs), Metacam 5 mg/ml - Solution for injection (dogs), OTOMAX EAR DROPS SUSPENSION, OTOMAX ear drops, OTOMAX ušná suspenzia pre psy, OTOMAX, Ušní kapky, suspenze, OTOMAX, kapi za uho, suspenzija, za pse, Otomax (2640 j.m. + 0,88 mg + 8,8 mg)/ml Zawiesina do uszu, Otomax 2640 NE / 0,88 mg / 8,8 mg / ml szuszpenziós fülcsepp kutyák számára, Otomax gotas auriculares, suspensão, Otomax kapljice za uho, suspenzija, RIMADYL 100 mg COMPRIMIDOS MASTICABLES PARA PERROS, RIMADYL 100 mg comprimate pentru câini, RIMADYL 100 mg, kramtomosios tabletės šunims, RIMADYL 100MG/TAB ΜΑΣΩΜΕΝΟ ΔΙΣΚΙΟ, RIMADYL 20 mg COMPRIMIDOS MASTICABLES PARA PERROS, RIMADYL 20 mg, kramtomosios tabletės šunims, RIMADYL 20MG/TAB ΜΑΣΩΜΕΝΟ ΔΙΣΚΙΟ, RIMADYL 50 mg COMPRIMIDOS MASTICABLES PARA PERROS, RIMADYL 50 mg comprimate pentru câini, RIMADYL 50 mg, kramtomosios tabletės šunims, RIMADYL 50MG/TAB ΜΑΣΩΜΕΝΟ ΔΙΣΚΙΟ, RIMADYL 50mg/ml ενέσιμο διάλυμα για σκύλους και γάτες, RIMADYL CATTLE 50 mg/ml, injekcinis tirpalas galvijams, RIMADYL Cattle 50 mg/ml Solution for Injection, RIMADYL INJECTABLE SOLUTION INJECTABLE POUR CHATS ET CHIENS, RIMADYL Injection 50mg/ml Διαυγές αποστειρωμένο ενέσιμο διάλυμα για σκύλους και γάτες, RIMADYL SMAKELIJKE TABLETTEN 100 mg voor honden, RIMADYL SMAKELIJKE TABLETTEN 50 mg voor honden, RIMADYL VET 50 mg/ml injektioneste, liuos, RIMADYL vet 100 mg purutabletti, RIMADYL vet 20 mg purutabletti, RIMADYL vet 50 mg purutabletti, Rimadyl 100 mg - Kautabletten für Hunde, Rimadyl 100 mg Comprimés Appétents 100 mg Tablet, Rimadyl 100 mg Kautablette für Hunde, Rimadyl 100 mg comprimidos mastigáveis para cães, Rimadyl 100 mg comprimés appétents, 100 mg, comprimés pour chiens, Rimadyl 100 mg okusne, žvečljive tablete za pse, Rimadyl 100 mg tabletes suņiem, Rimadyl 100 mg ízesített tabletta A.U.V., Rimadyl 20 mg - Kautabletten für Hunde, Rimadyl 20 mg Comprimés Appétents 20 mg Comprimé, Rimadyl 20 mg Comprimés Appétents 20 mg Tablet, Rimadyl 20 mg Kautablette für Hunde, Rimadyl 20 mg okusne, žvečljive tablete za pse, Rimadyl 20 mg ízesített tabletta A.U.V., Rimadyl 20 mg таблетки за кучета/Rimadyl 50 mg таблетки за кучета/Rimadyl 100 mg таблетки за кучета, Rimadyl 50 mg - Kautabletten für Hunde, Rimadyl 50 mg Comprimés Appétents 50 mg Tablet, Rimadyl 50 mg Kautablette für Hunde, Rimadyl 50 mg comprimidos mastigáveis para cães, Rimadyl 50 mg comprimés appétents, 50 mg, comprimés pour chiens, Rimadyl 50 mg košļājamās tabletes suņiem, Rimadyl 50 mg okusne, žvečljive tablete za pse, Rimadyl 50 mg ízesített tabletta A.U.V., Rimadyl 50 mg/ml - Injektionslösung für Hunde und Katzen, Rimadyl 50 mg/ml injekčný roztok, Rimadyl 50mg/ml Injektionslösung für Hunde und Katzen, Rimadyl Cattle, 50 mg/mL, otopina za injekciju, za goveda, Rimadyl Iniettabile 50 mg/ml, soluzione iniettabile per cane e gatto., Rimadyl Palatable 100 mg tablety pre psy, Rimadyl Palatable 20 mg tablety pre psy, Rimadyl Palatable 50 mg tablety pre psy, Rimadyl Palatable Tablets 100, Rimadyl Palatable Tablets 100 mg, Rimadyl Palatable Tablets 100 mg tabletes suņiem, Rimadyl Palatable Tablets 20 mg, Rimadyl Palatable Tablets 20 mg tabletes suņiem, Rimadyl Palatable Tablets 50, Rimadyl Palatable Tablets 50 mg, Rimadyl Palatable Tablets 50 mg tabletes suņiem, Rimadyl Palatable Tablets da 100 mg per cani, Rimadyl Palatable Tablets da 20 mg per cani, Rimadyl Palatable Tablets da 50 mg per cani, Rimadyl Palatable, 100mg, Žvýkací tableta, Rimadyl Palatable, 20mg, Žvýkací tableta, Rimadyl Palatable, 50mg, Žvýkací tableta, Rimadyl Solution for Injection for dogs and cats 50 mg/ml, Rimadyl Vet. 100 mg tyggeta","Elevated liver enzymes NOS, Elevated renal parameters, Other abnormal test result NOS, Vomiting",1,1,
US-DEBIAHP-2010US12231,"<a target=""_blank""  href=""/xmlpserver/EVVET3 PW NEW/Subject Area Contents/Public Website/Report (PDF)/AER.xdo?_xpf=&_xpt=1&_params%2FOracle%20BI%20EE%3A%3ADefaultApp%3A%3AEVVET3%20PR%20NEW%2FAER%3A%3Adimension%2FAER%20Id%3A%3Aattribute%3A%3Anoaggr%3A%3Axsd%3Adouble=235556&_xt=AER&_xf=pdf""> AER </a>",2010-10-14 00:00:00,Veterinarian,United States,UNKNOWN,Dog,Pinscher - Miniature,"RIMADYL 100 mg COMPRIMIDOS MASTICABLES PARA PERROS, RIMADYL 100 mg comprimate pentru câini, RIMADYL 100 mg, kramtomosios tabletės šunims, RIMADYL 100MG/TAB ΜΑΣΩΜΕΝΟ ΔΙΣΚΙΟ, RIMADYL 20 mg COMPRIMIDOS MASTICABLES PARA PERROS, RIMADYL 20 mg, kramtomosios tabletės šunims, RIMADYL 20MG/TAB ΜΑΣΩΜΕΝΟ ΔΙΣΚΙΟ, RIMADYL 50 mg COMPRIMIDOS MASTICABLES PARA PERROS, RIMADYL 50 mg comprimate pentru câini, RIMADYL 50 mg, kramtomosios tabletės šunims, RIMADYL 50MG/TAB ΜΑΣΩΜΕΝΟ ΔΙΣΚΙΟ, RIMADYL 50mg/ml ενέσιμο διάλυμα για σκύλους και γάτες, RIMADYL CATTLE 50 mg/ml, injekcinis tirpalas galvijams, RIMADYL Cattle 50 mg/ml Solution for Injection, RIMADYL INJECTABLE SOLUTION INJECTABLE POUR CHATS ET CHIENS, RIMADYL Injection 50mg/ml Διαυγές αποστειρωμένο ενέσιμο διάλυμα για σκύλους και γάτες, RIMADYL SMAKELIJKE TABLETTEN 100 mg voor honden, RIMADYL SMAKELIJKE TABLETTEN 50 mg voor honden, RIMADYL VET 50 mg/ml injektioneste, liuos, RIMADYL vet 100 mg purutabletti, RIMADYL vet 20 mg purutabletti, RIMADYL vet 50 mg purutabletti, Rimadyl 100 mg - Kautabletten für Hunde, Rimadyl 100 mg Comprimés Appétents 100 mg Tablet, Rimadyl 100 mg Kautablette für Hunde, Rimadyl 100 mg comprimidos mastigáveis para cães, Rimadyl 100 mg comprimés appétents, 100 mg, comprimés pour chiens, Rimadyl 100 mg okusne, žvečljive tablete za pse, Rimadyl 100 mg tabletes suņiem, Rimadyl 100 mg ízesített tabletta A.U.V., Rimadyl 20 mg - Kautabletten für Hunde, Rimadyl 20 mg Comprimés Appétents 20 mg Comprimé, Rimadyl 20 mg Comprimés Appétents 20 mg Tablet, Rimadyl 20 mg Kautablette für Hunde, Rimadyl 20 mg okusne, žvečljive tablete za pse, Rimadyl 20 mg ízesített tabletta A.U.V., Rimadyl 20 mg таблетки за кучета/Rimadyl 50 mg таблетки за кучета/Rimadyl 100 mg таблетки за кучета, Rimadyl 50 mg - Kautabletten für Hunde, Rimadyl 50 mg Comprimés Appétents 50 mg Tablet, Rimadyl 50 mg Kautablette für Hunde, Rimadyl 50 mg comprimidos mastigáveis para cães, Rimadyl 50 mg comprimés appétents, 50 mg, comprimés pour chiens, Rimadyl 50 mg košļājamās tabletes suņiem, Rimadyl 50 mg okusne, žvečljive tablete za pse, Rimadyl 50 mg ízesített tabletta A.U.V., Rimadyl 50 mg/ml - Injektionslösung für Hunde und Katzen, Rimadyl 50 mg/ml injekčný roztok, Rimadyl 50mg/ml Injektionslösung für Hunde und Katzen, Rimadyl Cattle, 50 mg/mL, otopina za injekciju, za goveda, Rimadyl Iniettabile 50 mg/ml, soluzione iniettabile per cane e gatto., Rimadyl Palatable 100 mg tablety pre psy, Rimadyl Palatable 20 mg tablety pre psy, Rimadyl Palatable 50 mg tablety pre psy, Rimadyl Palatable Tablets 100, Rimadyl Palatable Tablets 100 mg, Rimadyl Palatable Tablets 100 mg tabletes suņiem, Rimadyl Palatable Tablets 20 mg, Rimadyl Palatable Tablets 20 mg tabletes suņiem, Rimadyl Palatable Tablets 50, Rimadyl Palatable Tablets 50 mg, Rimadyl Palatable Tablets 50 mg tabletes suņiem, Rimadyl Palatable Tablets da 100 mg per cani, Rimadyl Palatable Tablets da 20 mg per cani, Rimadyl Palatable Tablets da 50 mg per cani, Rimadyl Palatable, 100mg, Žvýkací tableta, Rimadyl Palatable, 20mg, Žvýkací tableta, Rimadyl Palatable, 50mg, Žvýkací tableta, Rimadyl Solution for Injection for dogs and cats 50 mg/ml, Rimadyl Vet. 100 mg tyggetabletter, Rimadyl Vet. 20 mg tyggetabletter, Rimadyl Vet. 50 mg tyggetabletter, Rimadyl cattle 50 mg/ml oplossing voor injectie, Rimadyl injectievloeistof, 50 mg/ml voor honden en katten, Rimadyl smakelijke tabletten 100 mg voor honden, Rimadyl smakelijke tabletten 20 mg voor honden, Rimadyl smakelijke tabletten 50 mg voor honden, Rimadyl vet. 100 mg Tuggtablett, Rimadyl vet. 100 mg tyggetabletter, Rimadyl vet. 20 mg Tuggtablett, Rimadyl vet. 20 mg tyggetabletter, Rimadyl vet. 50 mg Tuggtablett, Rimadyl vet. 50 mg tyggetabletter, Rimadyl vet., 100 mg, Tuggtablett, Rimadyl Μασώμενο Δισκίο 100mg για σκύλους, Rimadyl Μασώμενο Δισκίο 20mg για σκύλους, Rimadyl Μασώμενο Δισκίο 50mg για σκύλους, Rimadyl, 100 mg närimistablett koertele, Rimadyl, 20 mg närimistablett koertele, Rimadyl, 50 mg närimistablett koertele, Rim",Elevated renal parameters,1,1,
US-FRMERIAL-TS10US015582,"<a target=""_blank""  href=""/xmlpserver/EVVET3 PW NEW/Subject Area Contents/Public Website/Report (PDF)/AER.xdo?_xpf=&_xpt=1&_params%2FOracle%20BI%20EE%3A%3ADefaultApp%3A%3AEVVET3%20PR%20NEW%2FAER%3A%3Adimension%2FAER%20Id%3A%3Aattribute%3A%3Anoaggr%3A%3Axsd%3Adouble=129146&_xt=AER&_xf=pdf""> AER </a>",2010-03-16 00:00:00,Veterinarian,United States,FEMALE,Dog,Chihuahua,"IMMITICIDE, IMMITICIDE 25 mg/ml pó e solvente para solução injetável para cães, RIMADYL 100 mg COMPRIMIDOS MASTICABLES PARA PERROS, RIMADYL 100 mg comprimate pentru câini, RIMADYL 100 mg, kramtomosios tabletės šunims, RIMADYL 100MG/TAB ΜΑΣΩΜΕΝΟ ΔΙΣΚΙΟ, RIMADYL 20 mg COMPRIMIDOS MASTICABLES PARA PERROS, RIMADYL 20 mg, kramtomosios tabletės šunims, RIMADYL 20MG/TAB ΜΑΣΩΜΕΝΟ ΔΙΣΚΙΟ, RIMADYL 50 mg COMPRIMIDOS MASTICABLES PARA PERROS, RIMADYL 50 mg comprimate pentru câini, RIMADYL 50 mg, kramtomosios tabletės šunims, RIMADYL 50MG/TAB ΜΑΣΩΜΕΝΟ ΔΙΣΚΙΟ, RIMADYL 50mg/ml ενέσιμο διάλυμα για σκύλους και γάτες, RIMADYL CATTLE 50 mg/ml, injekcinis tirpalas galvijams, RIMADYL Cattle 50 mg/ml Solution for Injection, RIMADYL INJECTABLE SOLUTION INJECTABLE POUR CHATS ET CHIENS, RIMADYL Injection 50mg/ml Διαυγές αποστειρωμένο ενέσιμο διάλυμα για σκύλους και γάτες, RIMADYL SMAKELIJKE TABLETTEN 100 mg voor honden, RIMADYL SMAKELIJKE TABLETTEN 50 mg voor honden, RIMADYL VET 50 mg/ml injektioneste, liuos, RIMADYL vet 100 mg purutabletti, RIMADYL vet 20 mg purutabletti, RIMADYL vet 50 mg purutabletti, Rimadyl 100 mg - Kautabletten für Hunde, Rimadyl 100 mg Comprimés Appétents 100 mg Tablet, Rimadyl 100 mg Kautablette für Hunde, Rimadyl 100 mg comprimidos mastigáveis para cães, Rimadyl 100 mg comprimés appétents, 100 mg, comprimés pour chiens, Rimadyl 100 mg okusne, žvečljive tablete za pse, Rimadyl 100 mg tabletes suņiem, Rimadyl 100 mg ízesített tabletta A.U.V., Rimadyl 20 mg - Kautabletten für Hunde, Rimadyl 20 mg Comprimés Appétents 20 mg Comprimé, Rimadyl 20 mg Comprimés Appétents 20 mg Tablet, Rimadyl 20 mg Kautablette für Hunde, Rimadyl 20 mg okusne, žvečljive tablete za pse, Rimadyl 20 mg ízesített tabletta A.U.V., Rimadyl 20 mg таблетки за кучета/Rimadyl 50 mg таблетки за кучета/Rimadyl 100 mg таблетки за кучета, Rimadyl 50 mg - Kautabletten für Hunde, Rimadyl 50 mg Comprimés Appétents 50 mg Tablet, Rimadyl 50 mg Kautablette für Hunde, Rimadyl 50 mg comprimidos mastigáveis para cães, Rimadyl 50 mg comprimés appétents, 50 mg, comprimés pour chiens, Rimadyl 50 mg košļājamās tabletes suņiem, Rimadyl 50 mg okusne, žvečljive tablete za pse, Rimadyl 50 mg ízesített tabletta A.U.V., Rimadyl 50 mg/ml - Injektionslösung für Hunde und Katzen, Rimadyl 50 mg/ml injekčný roztok, Rimadyl 50mg/ml Injektionslösung für Hunde und Katzen, Rimadyl Cattle, 50 mg/mL, otopina za injekciju, za goveda, Rimadyl Iniettabile 50 mg/ml, soluzione iniettabile per cane e gatto., Rimadyl Palatable 100 mg tablety pre psy, Rimadyl Palatable 20 mg tablety pre psy, Rimadyl Palatable 50 mg tablety pre psy, Rimadyl Palatable Tablets 100, Rimadyl Palatable Tablets 100 mg, Rimadyl Palatable Tablets 100 mg tabletes suņiem, Rimadyl Palatable Tablets 20 mg, Rimadyl Palatable Tablets 20 mg tabletes suņiem, Rimadyl Palatable Tablets 50, Rimadyl Palatable Tablets 50 mg, Rimadyl Palatable Tablets 50 mg tabletes suņiem, Rimadyl Palatable Tablets da 100 mg per cani, Rimadyl Palatable Tablets da 20 mg per cani, Rimadyl Palatable Tablets da 50 mg per cani, Rimadyl Palatable, 100mg, Žvýkací tableta, Rimadyl Palatable, 20mg, Žvýkací tableta, Rimadyl Palatable, 50mg, Žvýkací tableta, Rimadyl Solution for Injection for dogs and cats 50 mg/ml, Rimadyl Vet. 100 mg tyggetabletter, Rimadyl Vet. 20 mg tyggetabletter, Rimadyl Vet. 50 mg tyggetabletter, Rimadyl cattle 50 mg/ml oplossing voor injectie, Rimadyl injectievloeistof, 50 mg/ml voor honden en katten, Rimadyl smakelijke tabletten 100 mg voor honden, Rimadyl smakelijke tabletten 20 mg voor honden, Rimadyl smakelijke tabletten 50 mg voor honden, Rimadyl vet. 100 mg Tuggtablett, Rimadyl vet. 100 mg tyggetabletter, Rimadyl vet. 20 mg Tuggtablett, Rimadyl vet. 20 mg tyggetabletter, Rimadyl vet. 50 mg Tuggtablett, Rimadyl vet. 50 mg tyggetabletter, Rimadyl vet., 100 mg, Tuggtablett, Rimadyl Μασώμενο Δισκίο 100mg για σκύλους, Rimadyl Μασώμενο Δισκίο 20mg για σκύλους, Rimadyl Μασώμενο Δισκίο 50mg για σκύλους, Rimadyl, 100 mg närimistablett koertele, Rim",Death,1,1,1
US-FRMERIAL-TS10US017379,"<a target=""_blank""  href=""/xmlpserver/EVVET3 PW NEW/Subject Area Contents/Public Website/Report (PDF)/AER.xdo?_xpf=&_xpt=1&_params%2FOracle%20BI%20EE%3A%3ADefaultApp%3A%3AEVVET3%20PR%20NEW%2FAER%3A%3Adimension%2FAER%20Id%3A%3Aattribute%3A%3Anoaggr%3A%3Axsd%3Adouble=131920&_xt=AER&_xf=pdf""> AER </a>",2010-03-18 00:00:00,Other health care professional,United States,MALE,Dog,Beagle,"IMMITICIDE, IMMITICIDE 25 mg/ml pó e solvente para solução injetável para cães, RIMADYL 100 mg COMPRIMIDOS MASTICABLES PARA PERROS, RIMADYL 100 mg comprimate pentru câini, RIMADYL 100 mg, kramtomosios tabletės šunims, RIMADYL 100MG/TAB ΜΑΣΩΜΕΝΟ ΔΙΣΚΙΟ, RIMADYL 20 mg COMPRIMIDOS MASTICABLES PARA PERROS, RIMADYL 20 mg, kramtomosios tabletės šunims, RIMADYL 20MG/TAB ΜΑΣΩΜΕΝΟ ΔΙΣΚΙΟ, RIMADYL 50 mg COMPRIMIDOS MASTICABLES PARA PERROS, RIMADYL 50 mg comprimate pentru câini, RIMADYL 50 mg, kramtomosios tabletės šunims, RIMADYL 50MG/TAB ΜΑΣΩΜΕΝΟ ΔΙΣΚΙΟ, RIMADYL 50mg/ml ενέσιμο διάλυμα για σκύλους και γάτες, RIMADYL CATTLE 50 mg/ml, injekcinis tirpalas galvijams, RIMADYL Cattle 50 mg/ml Solution for Injection, RIMADYL INJECTABLE SOLUTION INJECTABLE POUR CHATS ET CHIENS, RIMADYL Injection 50mg/ml Διαυγές αποστειρωμένο ενέσιμο διάλυμα για σκύλους και γάτες, RIMADYL SMAKELIJKE TABLETTEN 100 mg voor honden, RIMADYL SMAKELIJKE TABLETTEN 50 mg voor honden, RIMADYL VET 50 mg/ml injektioneste, liuos, RIMADYL vet 100 mg purutabletti, RIMADYL vet 20 mg purutabletti, RIMADYL vet 50 mg purutabletti, Rimadyl 100 mg - Kautabletten für Hunde, Rimadyl 100 mg Comprimés Appétents 100 mg Tablet, Rimadyl 100 mg Kautablette für Hunde, Rimadyl 100 mg comprimidos mastigáveis para cães, Rimadyl 100 mg comprimés appétents, 100 mg, comprimés pour chiens, Rimadyl 100 mg okusne, žvečljive tablete za pse, Rimadyl 100 mg tabletes suņiem, Rimadyl 100 mg ízesített tabletta A.U.V., Rimadyl 20 mg - Kautabletten für Hunde, Rimadyl 20 mg Comprimés Appétents 20 mg Comprimé, Rimadyl 20 mg Comprimés Appétents 20 mg Tablet, Rimadyl 20 mg Kautablette für Hunde, Rimadyl 20 mg okusne, žvečljive tablete za pse, Rimadyl 20 mg ízesített tabletta A.U.V., Rimadyl 20 mg таблетки за кучета/Rimadyl 50 mg таблетки за кучета/Rimadyl 100 mg таблетки за кучета, Rimadyl 50 mg - Kautabletten für Hunde, Rimadyl 50 mg Comprimés Appétents 50 mg Tablet, Rimadyl 50 mg Kautablette für Hunde, Rimadyl 50 mg comprimidos mastigáveis para cães, Rimadyl 50 mg comprimés appétents, 50 mg, comprimés pour chiens, Rimadyl 50 mg košļājamās tabletes suņiem, Rimadyl 50 mg okusne, žvečljive tablete za pse, Rimadyl 50 mg ízesített tabletta A.U.V., Rimadyl 50 mg/ml - Injektionslösung für Hunde und Katzen, Rimadyl 50 mg/ml injekčný roztok, Rimadyl 50mg/ml Injektionslösung für Hunde und Katzen, Rimadyl Cattle, 50 mg/mL, otopina za injekciju, za goveda, Rimadyl Iniettabile 50 mg/ml, soluzione iniettabile per cane e gatto., Rimadyl Palatable 100 mg tablety pre psy, Rimadyl Palatable 20 mg tablety pre psy, Rimadyl Palatable 50 mg tablety pre psy, Rimadyl Palatable Tablets 100, Rimadyl Palatable Tablets 100 mg, Rimadyl Palatable Tablets 100 mg tabletes suņiem, Rimadyl Palatable Tablets 20 mg, Rimadyl Palatable Tablets 20 mg tabletes suņiem, Rimadyl Palatable Tablets 50, Rimadyl Palatable Tablets 50 mg, Rimadyl Palatable Tablets 50 mg tabletes suņiem, Rimadyl Palatable Tablets da 100 mg per cani, Rimadyl Palatable Tablets da 20 mg per cani, Rimadyl Palatable Tablets da 50 mg per cani, Rimadyl Palatable, 100mg, Žvýkací tableta, Rimadyl Palatable, 20mg, Žvýkací tableta, Rimadyl Palatable, 50mg, Žvýkací tableta, Rimadyl Solution for Injection for dogs and cats 50 mg/ml, Rimadyl Vet. 100 mg tyggetabletter, Rimadyl Vet. 20 mg tyggetabletter, Rimadyl Vet. 50 mg tyggetabletter, Rimadyl cattle 50 mg/ml oplossing voor injectie, Rimadyl injectievloeistof, 50 mg/ml voor honden en katten, Rimadyl smakelijke tabletten 100 mg voor honden, Rimadyl smakelijke tabletten 20 mg voor honden, Rimadyl smakelijke tabletten 50 mg voor honden, Rimadyl vet. 100 mg Tuggtablett, Rimadyl vet. 100 mg tyggetabletter, Rimadyl vet. 20 mg Tuggtablett, Rimadyl vet. 20 mg tyggetabletter, Rimadyl vet. 50 mg Tuggtablett, Rimadyl vet. 50 mg tyggetabletter, Rimadyl vet., 100 mg, Tuggtablett, Rimadyl Μασώμενο Δισκίο 100mg για σκύλους, Rimadyl Μασώμενο Δισκίο 20mg για σκύλους, Rimadyl Μασώμενο Δισκίο 50mg για σκύλους, Rimadyl, 100 mg närimistablett koertele, Rim","Cough, Haematemesis, Pulmonary oedema",1,1,
US-FRMERIAL-TS10US017794,"<a target=""_blank""  href=""/xmlpserver/EVVET3 PW NEW/Subject Area Contents/Public Website/Report (PDF)/AER.xdo?_xpf=&_xpt=1&_params%2FOracle%20BI%20EE%3A%3ADefaultApp%3A%3AEVVET3%20PR%20NEW%2FAER%3A%3Adimension%2FAER%20Id%3A%3Aattribute%3A%3Anoaggr%3A%3Axsd%3Adouble=134026&_xt=AER&_xf=pdf""> AER </a>",2010-03-23 00:00:00,Other health care professional,United States,MALE,Dog,Dog (other),"Previcox 227 mg - Chewable tablet, RIMADYL 100 mg COMPRIMIDOS MASTICABLES PARA PERROS, RIMADYL 100 mg comprimate pentru câini, RIMADYL 100 mg, kramtomosios tabletės šunims, RIMADYL 100MG/TAB ΜΑΣΩΜΕΝΟ ΔΙΣΚΙΟ, RIMADYL 20 mg COMPRIMIDOS MASTICABLES PARA PERROS, RIMADYL 20 mg, kramtomosios tabletės šunims, RIMADYL 20MG/TAB ΜΑΣΩΜΕΝΟ ΔΙΣΚΙΟ, RIMADYL 50 mg COMPRIMIDOS MASTICABLES PARA PERROS, RIMADYL 50 mg comprimate pentru câini, RIMADYL 50 mg, kramtomosios tabletės šunims, RIMADYL 50MG/TAB ΜΑΣΩΜΕΝΟ ΔΙΣΚΙΟ, RIMADYL 50mg/ml ενέσιμο διάλυμα για σκύλους και γάτες, RIMADYL CATTLE 50 mg/ml, injekcinis tirpalas galvijams, RIMADYL Cattle 50 mg/ml Solution for Injection, RIMADYL INJECTABLE SOLUTION INJECTABLE POUR CHATS ET CHIENS, RIMADYL Injection 50mg/ml Διαυγές αποστειρωμένο ενέσιμο διάλυμα για σκύλους και γάτες, RIMADYL SMAKELIJKE TABLETTEN 100 mg voor honden, RIMADYL SMAKELIJKE TABLETTEN 50 mg voor honden, RIMADYL VET 50 mg/ml injektioneste, liuos, RIMADYL vet 100 mg purutabletti, RIMADYL vet 20 mg purutabletti, RIMADYL vet 50 mg purutabletti, Rimadyl 100 mg - Kautabletten für Hunde, Rimadyl 100 mg Comprimés Appétents 100 mg Tablet, Rimadyl 100 mg Kautablette für Hunde, Rimadyl 100 mg comprimidos mastigáveis para cães, Rimadyl 100 mg comprimés appétents, 100 mg, comprimés pour chiens, Rimadyl 100 mg okusne, žvečljive tablete za pse, Rimadyl 100 mg tabletes suņiem, Rimadyl 100 mg ízesített tabletta A.U.V., Rimadyl 20 mg - Kautabletten für Hunde, Rimadyl 20 mg Comprimés Appétents 20 mg Comprimé, Rimadyl 20 mg Comprimés Appétents 20 mg Tablet, Rimadyl 20 mg Kautablette für Hunde, Rimadyl 20 mg okusne, žvečljive tablete za pse, Rimadyl 20 mg ízesített tabletta A.U.V., Rimadyl 20 mg таблетки за кучета/Rimadyl 50 mg таблетки за кучета/Rimadyl 100 mg таблетки за кучета, Rimadyl 50 mg - Kautabletten für Hunde, Rimadyl 50 mg Comprimés Appétents 50 mg Tablet, Rimadyl 50 mg Kautablette für Hunde, Rimadyl 50 mg comprimidos mastigáveis para cães, Rimadyl 50 mg comprimés appétents, 50 mg, comprimés pour chiens, Rimadyl 50 mg košļājamās tabletes suņiem, Rimadyl 50 mg okusne, žvečljive tablete za pse, Rimadyl 50 mg ízesített tabletta A.U.V., Rimadyl 50 mg/ml - Injektionslösung für Hunde und Katzen, Rimadyl 50 mg/ml injekčný roztok, Rimadyl 50mg/ml Injektionslösung für Hunde und Katzen, Rimadyl Cattle, 50 mg/mL, otopina za injekciju, za goveda, Rimadyl Iniettabile 50 mg/ml, soluzione iniettabile per cane e gatto., Rimadyl Palatable 100 mg tablety pre psy, Rimadyl Palatable 20 mg tablety pre psy, Rimadyl Palatable 50 mg tablety pre psy, Rimadyl Palatable Tablets 100, Rimadyl Palatable Tablets 100 mg, Rimadyl Palatable Tablets 100 mg tabletes suņiem, Rimadyl Palatable Tablets 20 mg, Rimadyl Palatable Tablets 20 mg tabletes suņiem, Rimadyl Palatable Tablets 50, Rimadyl Palatable Tablets 50 mg, Rimadyl Palatable Tablets 50 mg tabletes suņiem, Rimadyl Palatable Tablets da 100 mg per cani, Rimadyl Palatable Tablets da 20 mg per cani, Rimadyl Palatable Tablets da 50 mg per cani, Rimadyl Palatable, 100mg, Žvýkací tableta, Rimadyl Palatable, 20mg, Žvýkací tableta, Rimadyl Palatable, 50mg, Žvýkací tableta, Rimadyl Solution for Injection for dogs and cats 50 mg/ml, Rimadyl Vet. 100 mg tyggetabletter, Rimadyl Vet. 20 mg tyggetabletter, Rimadyl Vet. 50 mg tyggetabletter, Rimadyl cattle 50 mg/ml oplossing voor injectie, Rimadyl injectievloeistof, 50 mg/ml voor honden en katten, Rimadyl smakelijke tabletten 100 mg voor honden, Rimadyl smakelijke tabletten 20 mg voor honden, Rimadyl smakelijke tabletten 50 mg voor honden, Rimadyl vet. 100 mg Tuggtablett, Rimadyl vet. 100 mg tyggetabletter, Rimadyl vet. 20 mg Tuggtablett, Rimadyl vet. 20 mg tyggetabletter, Rimadyl vet. 50 mg Tuggtablett, Rimadyl vet. 50 mg tyggetabletter, Rimadyl vet., 100 mg, Tuggtablett, Rimadyl Μασώμενο Δισκίο 100mg για σκύλους, Rimadyl Μασώμενο Δισκίο 20mg για σκύλους, Rimadyl Μασώμενο Δισκίο 50mg για σκύλους, Rimadyl, 100 mg närimistablett koertele, Rimadyl, 20 mg närimistablett koertele, Rimadyl,","Decreased appetite, Diarrhoea, Other abnormal test result NOS, Urticaria, Vomiting",1,1,
US-FRMERIAL-TS10US021218,"<a target=""_blank""  href=""/xmlpserver/EVVET3 PW NEW/Subject Area Contents/Public Website/Report (PDF)/AER.xdo?_xpf=&_xpt=1&_params%2FOracle%20BI%20EE%3A%3ADefaultApp%3A%3AEVVET3%20PR%20NEW%2FAER%3A%3Adimension%2FAER%20Id%3A%3Aattribute%3A%3Anoaggr%3A%3Axsd%3Adouble=134747&_xt=AER&_xf=pdf""> AER </a>",2010-03-30 00:00:00,Veterinarian,United States,MALE,Dog,Dog (other),"IMMITICIDE, IMMITICIDE 25 mg/ml pó e solvente para solução injetável para cães, RIMADYL 100 mg COMPRIMIDOS MASTICABLES PARA PERROS, RIMADYL 100 mg comprimate pentru câini, RIMADYL 100 mg, kramtomosios tabletės šunims, RIMADYL 100MG/TAB ΜΑΣΩΜΕΝΟ ΔΙΣΚΙΟ, RIMADYL 20 mg COMPRIMIDOS MASTICABLES PARA PERROS, RIMADYL 20 mg, kramtomosios tabletės šunims, RIMADYL 20MG/TAB ΜΑΣΩΜΕΝΟ ΔΙΣΚΙΟ, RIMADYL 50 mg COMPRIMIDOS MASTICABLES PARA PERROS, RIMADYL 50 mg comprimate pentru câini, RIMADYL 50 mg, kramtomosios tabletės šunims, RIMADYL 50MG/TAB ΜΑΣΩΜΕΝΟ ΔΙΣΚΙΟ, RIMADYL 50mg/ml ενέσιμο διάλυμα για σκύλους και γάτες, RIMADYL CATTLE 50 mg/ml, injekcinis tirpalas galvijams, RIMADYL Cattle 50 mg/ml Solution for Injection, RIMADYL INJECTABLE SOLUTION INJECTABLE POUR CHATS ET CHIENS, RIMADYL Injection 50mg/ml Διαυγές αποστειρωμένο ενέσιμο διάλυμα για σκύλους και γάτες, RIMADYL SMAKELIJKE TABLETTEN 100 mg voor honden, RIMADYL SMAKELIJKE TABLETTEN 50 mg voor honden, RIMADYL VET 50 mg/ml injektioneste, liuos, RIMADYL vet 100 mg purutabletti, RIMADYL vet 20 mg purutabletti, RIMADYL vet 50 mg purutabletti, Rimadyl 100 mg - Kautabletten für Hunde, Rimadyl 100 mg Comprimés Appétents 100 mg Tablet, Rimadyl 100 mg Kautablette für Hunde, Rimadyl 100 mg comprimidos mastigáveis para cães, Rimadyl 100 mg comprimés appétents, 100 mg, comprimés pour chiens, Rimadyl 100 mg okusne, žvečljive tablete za pse, Rimadyl 100 mg tabletes suņiem, Rimadyl 100 mg ízesített tabletta A.U.V., Rimadyl 20 mg - Kautabletten für Hunde, Rimadyl 20 mg Comprimés Appétents 20 mg Comprimé, Rimadyl 20 mg Comprimés Appétents 20 mg Tablet, Rimadyl 20 mg Kautablette für Hunde, Rimadyl 20 mg okusne, žvečljive tablete za pse, Rimadyl 20 mg ízesített tabletta A.U.V., Rimadyl 20 mg таблетки за кучета/Rimadyl 50 mg таблетки за кучета/Rimadyl 100 mg таблетки за кучета, Rimadyl 50 mg - Kautabletten für Hunde, Rimadyl 50 mg Comprimés Appétents 50 mg Tablet, Rimadyl 50 mg Kautablette für Hunde, Rimadyl 50 mg comprimidos mastigáveis para cães, Rimadyl 50 mg comprimés appétents, 50 mg, comprimés pour chiens, Rimadyl 50 mg košļājamās tabletes suņiem, Rimadyl 50 mg okusne, žvečljive tablete za pse, Rimadyl 50 mg ízesített tabletta A.U.V., Rimadyl 50 mg/ml - Injektionslösung für Hunde und Katzen, Rimadyl 50 mg/ml injekčný roztok, Rimadyl 50mg/ml Injektionslösung für Hunde und Katzen, Rimadyl Cattle, 50 mg/mL, otopina za injekciju, za goveda, Rimadyl Iniettabile 50 mg/ml, soluzione iniettabile per cane e gatto., Rimadyl Palatable 100 mg tablety pre psy, Rimadyl Palatable 20 mg tablety pre psy, Rimadyl Palatable 50 mg tablety pre psy, Rimadyl Palatable Tablets 100, Rimadyl Palatable Tablets 100 mg, Rimadyl Palatable Tablets 100 mg tabletes suņiem, Rimadyl Palatable Tablets 20 mg, Rimadyl Palatable Tablets 20 mg tabletes suņiem, Rimadyl Palatable Tablets 50, Rimadyl Palatable Tablets 50 mg, Rimadyl Palatable Tablets 50 mg tabletes suņiem, Rimadyl Palatable Tablets da 100 mg per cani, Rimadyl Palatable Tablets da 20 mg per cani, Rimadyl Palatable Tablets da 50 mg per cani, Rimadyl Palatable, 100mg, Žvýkací tableta, Rimadyl Palatable, 20mg, Žvýkací tableta, Rimadyl Palatable, 50mg, Žvýkací tableta, Rimadyl Solution for Injection for dogs and cats 50 mg/ml, Rimadyl Vet. 100 mg tyggetabletter, Rimadyl Vet. 20 mg tyggetabletter, Rimadyl Vet. 50 mg tyggetabletter, Rimadyl cattle 50 mg/ml oplossing voor injectie, Rimadyl injectievloeistof, 50 mg/ml voor honden en katten, Rimadyl smakelijke tabletten 100 mg voor honden, Rimadyl smakelijke tabletten 20 mg voor honden, Rimadyl smakelijke tabletten 50 mg voor honden, Rimadyl vet. 100 mg Tuggtablett, Rimadyl vet. 100 mg tyggetabletter, Rimadyl vet. 20 mg Tuggtablett, Rimadyl vet. 20 mg tyggetabletter, Rimadyl vet. 50 mg Tuggtablett, Rimadyl vet. 50 mg tyggetabletter, Rimadyl vet., 100 mg, Tuggtablett, Rimadyl Μασώμενο Δισκίο 100mg για σκύλους, Rimadyl Μασώμενο Δισκίο 20mg για σκύλους, Rimadyl Μασώμενο Δισκίο 50mg για σκύλους, Rimadyl, 100 mg närimistablett koertele, Rim","Coagulopathy, Collapse (see also Cardio-vascular and Systemic disorders), Rectal bleeding, Shock, Vomiting",1,1,
US-FRMERIAL-TS10US028961,"<a target=""_blank""  href=""/xmlpserver/EVVET3 PW NEW/Subject Area Contents/Public Website/Report (PDF)/AER.xdo?_xpf=&_xpt=1&_params%2FOracle%20BI%20EE%3A%3ADefaultApp%3A%3AEVVET3%20PR%20NEW%2FAER%3A%3Adimension%2FAER%20Id%3A%3Aattribute%3A%3Anoaggr%3A%3Axsd%3Adouble=148311&_xt=AER&_xf=pdf""> AER </a>",2010-04-20 00:00:00,Veterinarian,United States,MALE,Dog,Dog (other),"CARDOTEK 30 PLUS 68 mcg / 163 mg COMPRIMIDOS MASTICABLES, IMMITICIDE, IMMITICIDE 25 mg/ml pó e solvente para solução injetável para cães, RIMADYL 100 mg COMPRIMIDOS MASTICABLES PARA PERROS, RIMADYL 100 mg comprimate pentru câini, RIMADYL 100 mg, kramtomosios tabletės šunims, RIMADYL 100MG/TAB ΜΑΣΩΜΕΝΟ ΔΙΣΚΙΟ, RIMADYL 20 mg COMPRIMIDOS MASTICABLES PARA PERROS, RIMADYL 20 mg, kramtomosios tabletės šunims, RIMADYL 20MG/TAB ΜΑΣΩΜΕΝΟ ΔΙΣΚΙΟ, RIMADYL 50 mg COMPRIMIDOS MASTICABLES PARA PERROS, RIMADYL 50 mg comprimate pentru câini, RIMADYL 50 mg, kramtomosios tabletės šunims, RIMADYL 50MG/TAB ΜΑΣΩΜΕΝΟ ΔΙΣΚΙΟ, RIMADYL 50mg/ml ενέσιμο διάλυμα για σκύλους και γάτες, RIMADYL CATTLE 50 mg/ml, injekcinis tirpalas galvijams, RIMADYL Cattle 50 mg/ml Solution for Injection, RIMADYL INJECTABLE SOLUTION INJECTABLE POUR CHATS ET CHIENS, RIMADYL Injection 50mg/ml Διαυγές αποστειρωμένο ενέσιμο διάλυμα για σκύλους και γάτες, RIMADYL SMAKELIJKE TABLETTEN 100 mg voor honden, RIMADYL SMAKELIJKE TABLETTEN 50 mg voor honden, RIMADYL VET 50 mg/ml injektioneste, liuos, RIMADYL vet 100 mg purutabletti, RIMADYL vet 20 mg purutabletti, RIMADYL vet 50 mg purutabletti, Rimadyl 100 mg - Kautabletten für Hunde, Rimadyl 100 mg Comprimés Appétents 100 mg Tablet, Rimadyl 100 mg Kautablette für Hunde, Rimadyl 100 mg comprimidos mastigáveis para cães, Rimadyl 100 mg comprimés appétents, 100 mg, comprimés pour chiens, Rimadyl 100 mg okusne, žvečljive tablete za pse, Rimadyl 100 mg tabletes suņiem, Rimadyl 100 mg ízesített tabletta A.U.V., Rimadyl 20 mg - Kautabletten für Hunde, Rimadyl 20 mg Comprimés Appétents 20 mg Comprimé, Rimadyl 20 mg Comprimés Appétents 20 mg Tablet, Rimadyl 20 mg Kautablette für Hunde, Rimadyl 20 mg okusne, žvečljive tablete za pse, Rimadyl 20 mg ízesített tabletta A.U.V., Rimadyl 20 mg таблетки за кучета/Rimadyl 50 mg таблетки за кучета/Rimadyl 100 mg таблетки за кучета, Rimadyl 50 mg - Kautabletten für Hunde, Rimadyl 50 mg Comprimés Appétents 50 mg Tablet, Rimadyl 50 mg Kautablette für Hunde, Rimadyl 50 mg comprimidos mastigáveis para cães, Rimadyl 50 mg comprimés appétents, 50 mg, comprimés pour chiens, Rimadyl 50 mg košļājamās tabletes suņiem, Rimadyl 50 mg okusne, žvečljive tablete za pse, Rimadyl 50 mg ízesített tabletta A.U.V., Rimadyl 50 mg/ml - Injektionslösung für Hunde und Katzen, Rimadyl 50 mg/ml injekčný roztok, Rimadyl 50mg/ml Injektionslösung für Hunde und Katzen, Rimadyl Cattle, 50 mg/mL, otopina za injekciju, za goveda, Rimadyl Iniettabile 50 mg/ml, soluzione iniettabile per cane e gatto., Rimadyl Palatable 100 mg tablety pre psy, Rimadyl Palatable 20 mg tablety pre psy, Rimadyl Palatable 50 mg tablety pre psy, Rimadyl Palatable Tablets 100, Rimadyl Palatable Tablets 100 mg, Rimadyl Palatable Tablets 100 mg tabletes suņiem, Rimadyl Palatable Tablets 20 mg, Rimadyl Palatable Tablets 20 mg tabletes suņiem, Rimadyl Palatable Tablets 50, Rimadyl Palatable Tablets 50 mg, Rimadyl Palatable Tablets 50 mg tabletes suņiem, Rimadyl Palatable Tablets da 100 mg per cani, Rimadyl Palatable Tablets da 20 mg per cani, Rimadyl Palatable Tablets da 50 mg per cani, Rimadyl Palatable, 100mg, Žvýkací tableta, Rimadyl Palatable, 20mg, Žvýkací tableta, Rimadyl Palatable, 50mg, Žvýkací tableta, Rimadyl Solution for Injection for dogs and cats 50 mg/ml, Rimadyl Vet. 100 mg tyggetabletter, Rimadyl Vet. 20 mg tyggetabletter, Rimadyl Vet. 50 mg tyggetabletter, Rimadyl cattle 50 mg/ml oplossing voor injectie, Rimadyl injectievloeistof, 50 mg/ml voor honden en katten, Rimadyl smakelijke tabletten 100 mg voor honden, Rimadyl smakelijke tabletten 20 mg voor honden, Rimadyl smakelijke tabletten 50 mg voor honden, Rimadyl vet. 100 mg Tuggtablett, Rimadyl vet. 100 mg tyggetabletter, Rimadyl vet. 20 mg Tuggtablett, Rimadyl vet. 20 mg tyggetabletter, Rimadyl vet. 50 mg Tuggtablett, Rimadyl vet. 50 mg tyggetabletter, Rimadyl vet., 100 mg, Tuggtablett, Rimadyl Μασώμενο Δισκίο 100mg για σκύλους, Rimadyl Μασώμενο Δισκίο 20mg για σκύλους, Rimadyl Μασώμενο Δισκίο 50mg","Lung sound, Pale mucous membrane, Panting, Vomiting",1,1,
US-FRMERIAL-TS10US031195,"<a target=""_blank""  href=""/xmlpserver/EVVET3 PW NEW/Subject Area Contents/Public Website/Report (PDF)/AER.xdo?_xpf=&_xpt=1&_params%2FOracle%20BI%20EE%3A%3ADefaultApp%3A%3AEVVET3%20PR%20NEW%2FAER%3A%3Adimension%2FAER%20Id%3A%3Aattribute%3A%3Anoaggr%3A%3Axsd%3Adouble=157308&_xt=AER&_xf=pdf""> AER </a>",2010-04-27 00:00:00,Other health care professional,United States,MALE,Dog,Dog (other),"IMMITICIDE, IMMITICIDE 25 mg/ml pó e solvente para solução injetável para cães, RIMADYL 100 mg COMPRIMIDOS MASTICABLES PARA PERROS, RIMADYL 100 mg comprimate pentru câini, RIMADYL 100 mg, kramtomosios tabletės šunims, RIMADYL 100MG/TAB ΜΑΣΩΜΕΝΟ ΔΙΣΚΙΟ, RIMADYL 20 mg COMPRIMIDOS MASTICABLES PARA PERROS, RIMADYL 20 mg, kramtomosios tabletės šunims, RIMADYL 20MG/TAB ΜΑΣΩΜΕΝΟ ΔΙΣΚΙΟ, RIMADYL 50 mg COMPRIMIDOS MASTICABLES PARA PERROS, RIMADYL 50 mg comprimate pentru câini, RIMADYL 50 mg, kramtomosios tabletės šunims, RIMADYL 50MG/TAB ΜΑΣΩΜΕΝΟ ΔΙΣΚΙΟ, RIMADYL 50mg/ml ενέσιμο διάλυμα για σκύλους και γάτες, RIMADYL CATTLE 50 mg/ml, injekcinis tirpalas galvijams, RIMADYL Cattle 50 mg/ml Solution for Injection, RIMADYL INJECTABLE SOLUTION INJECTABLE POUR CHATS ET CHIENS, RIMADYL Injection 50mg/ml Διαυγές αποστειρωμένο ενέσιμο διάλυμα για σκύλους και γάτες, RIMADYL SMAKELIJKE TABLETTEN 100 mg voor honden, RIMADYL SMAKELIJKE TABLETTEN 50 mg voor honden, RIMADYL VET 50 mg/ml injektioneste, liuos, RIMADYL vet 100 mg purutabletti, RIMADYL vet 20 mg purutabletti, RIMADYL vet 50 mg purutabletti, Rimadyl 100 mg - Kautabletten für Hunde, Rimadyl 100 mg Comprimés Appétents 100 mg Tablet, Rimadyl 100 mg Kautablette für Hunde, Rimadyl 100 mg comprimidos mastigáveis para cães, Rimadyl 100 mg comprimés appétents, 100 mg, comprimés pour chiens, Rimadyl 100 mg okusne, žvečljive tablete za pse, Rimadyl 100 mg tabletes suņiem, Rimadyl 100 mg ízesített tabletta A.U.V., Rimadyl 20 mg - Kautabletten für Hunde, Rimadyl 20 mg Comprimés Appétents 20 mg Comprimé, Rimadyl 20 mg Comprimés Appétents 20 mg Tablet, Rimadyl 20 mg Kautablette für Hunde, Rimadyl 20 mg okusne, žvečljive tablete za pse, Rimadyl 20 mg ízesített tabletta A.U.V., Rimadyl 20 mg таблетки за кучета/Rimadyl 50 mg таблетки за кучета/Rimadyl 100 mg таблетки за кучета, Rimadyl 50 mg - Kautabletten für Hunde, Rimadyl 50 mg Comprimés Appétents 50 mg Tablet, Rimadyl 50 mg Kautablette für Hunde, Rimadyl 50 mg comprimidos mastigáveis para cães, Rimadyl 50 mg comprimés appétents, 50 mg, comprimés pour chiens, Rimadyl 50 mg košļājamās tabletes suņiem, Rimadyl 50 mg okusne, žvečljive tablete za pse, Rimadyl 50 mg ízesített tabletta A.U.V., Rimadyl 50 mg/ml - Injektionslösung für Hunde und Katzen, Rimadyl 50 mg/ml injekčný roztok, Rimadyl 50mg/ml Injektionslösung für Hunde und Katzen, Rimadyl Cattle, 50 mg/mL, otopina za injekciju, za goveda, Rimadyl Iniettabile 50 mg/ml, soluzione iniettabile per cane e gatto., Rimadyl Palatable 100 mg tablety pre psy, Rimadyl Palatable 20 mg tablety pre psy, Rimadyl Palatable 50 mg tablety pre psy, Rimadyl Palatable Tablets 100, Rimadyl Palatable Tablets 100 mg, Rimadyl Palatable Tablets 100 mg tabletes suņiem, Rimadyl Palatable Tablets 20 mg, Rimadyl Palatable Tablets 20 mg tabletes suņiem, Rimadyl Palatable Tablets 50, Rimadyl Palatable Tablets 50 mg, Rimadyl Palatable Tablets 50 mg tabletes suņiem, Rimadyl Palatable Tablets da 100 mg per cani, Rimadyl Palatable Tablets da 20 mg per cani, Rimadyl Palatable Tablets da 50 mg per cani, Rimadyl Palatable, 100mg, Žvýkací tableta, Rimadyl Palatable, 20mg, Žvýkací tableta, Rimadyl Palatable, 50mg, Žvýkací tableta, Rimadyl Solution for Injection for dogs and cats 50 mg/ml, Rimadyl Vet. 100 mg tyggetabletter, Rimadyl Vet. 20 mg tyggetabletter, Rimadyl Vet. 50 mg tyggetabletter, Rimadyl cattle 50 mg/ml oplossing voor injectie, Rimadyl injectievloeistof, 50 mg/ml voor honden en katten, Rimadyl smakelijke tabletten 100 mg voor honden, Rimadyl smakelijke tabletten 20 mg voor honden, Rimadyl smakelijke tabletten 50 mg voor honden, Rimadyl vet. 100 mg Tuggtablett, Rimadyl vet. 100 mg tyggetabletter, Rimadyl vet. 20 mg Tuggtablett, Rimadyl vet. 20 mg tyggetabletter, Rimadyl vet. 50 mg Tuggtablett, Rimadyl vet. 50 mg tyggetabletter, Rimadyl vet., 100 mg, Tuggtablett, Rimadyl Μασώμενο Δισκίο 100mg για σκύλους, Rimadyl Μασώμενο Δισκίο 20mg για σκύλους, Rimadyl Μασώμενο Δισκίο 50mg για σκύλους, Rimadyl, 100 mg närimistablett koertele, Rim","Death, Diarrhoea, Vomiting",1,1,1
US-FRMERIAL-TS10US034673,"<a target=""_blank""  href=""/xmlpserver/EVVET3 PW NEW/Subject Area Contents/Public Website/Report (PDF)/AER.xdo?_xpf=&_xpt=1&_params%2FOracle%20BI%20EE%3A%3ADefaultApp%3A%3AEVVET3%20PR%20NEW%2FAER%3A%3Adimension%2FAER%20Id%3A%3Aattribute%3A%3Anoaggr%3A%3Axsd%3Adouble=171308&_xt=AER&_xf=pdf""> AER </a>",2010-05-04 00:00:00,Veterinarian,United States,MALE,Dog,Dog (other),"DFV DOXIVET 200 mg/ml, solution for use in drinking water for pigs and chickens, DFV DOXIVET 500 mg/g, powder for use in drinking water for pigs and chickens, Doxycycline 100 mg tablet, voor honden en katten, Doxycycline 15 mg tabletten voor honden en katten, Doxycycline 20% W.O., Doxycycline 20% W.O. poeder voor toediening via drinkwater voor vleeskuikens, Doxycycline 50% WSP, 500 mg/g, prašak za primjenu u vodi za piće/mliječnoj zamjenici, za goveda, svinje i kokoši, Doxycycline 500 mg/kg, poeder voor gebruik in drinkwater voor varken en kip, Doxycycline 75 mg tabletten voor honden, Doxycycline tabletten 20 mg voor honden en katten, IMMITICIDE, IMMITICIDE 25 mg/ml pó e solvente para solução injetável para cães, RIMADYL 100 mg COMPRIMIDOS MASTICABLES PARA PERROS, RIMADYL 100 mg comprimate pentru câini, RIMADYL 100 mg, kramtomosios tabletės šunims, RIMADYL 100MG/TAB ΜΑΣΩΜΕΝΟ ΔΙΣΚΙΟ, RIMADYL 20 mg COMPRIMIDOS MASTICABLES PARA PERROS, RIMADYL 20 mg, kramtomosios tabletės šunims, RIMADYL 20MG/TAB ΜΑΣΩΜΕΝΟ ΔΙΣΚΙΟ, RIMADYL 50 mg COMPRIMIDOS MASTICABLES PARA PERROS, RIMADYL 50 mg comprimate pentru câini, RIMADYL 50 mg, kramtomosios tabletės šunims, RIMADYL 50MG/TAB ΜΑΣΩΜΕΝΟ ΔΙΣΚΙΟ, RIMADYL 50mg/ml ενέσιμο διάλυμα για σκύλους και γάτες, RIMADYL CATTLE 50 mg/ml, injekcinis tirpalas galvijams, RIMADYL Cattle 50 mg/ml Solution for Injection, RIMADYL INJECTABLE SOLUTION INJECTABLE POUR CHATS ET CHIENS, RIMADYL Injection 50mg/ml Διαυγές αποστειρωμένο ενέσιμο διάλυμα για σκύλους και γάτες, RIMADYL SMAKELIJKE TABLETTEN 100 mg voor honden, RIMADYL SMAKELIJKE TABLETTEN 50 mg voor honden, RIMADYL VET 50 mg/ml injektioneste, liuos, RIMADYL vet 100 mg purutabletti, RIMADYL vet 20 mg purutabletti, RIMADYL vet 50 mg purutabletti, Rimadyl 100 mg - Kautabletten für Hunde, Rimadyl 100 mg Comprimés Appétents 100 mg Tablet, Rimadyl 100 mg Kautablette für Hunde, Rimadyl 100 mg comprimidos mastigáveis para cães, Rimadyl 100 mg comprimés appétents, 100 mg, comprimés pour chiens, Rimadyl 100 mg okusne, žvečljive tablete za pse, Rimadyl 100 mg tabletes suņiem, Rimadyl 100 mg ízesített tabletta A.U.V., Rimadyl 20 mg - Kautabletten für Hunde, Rimadyl 20 mg Comprimés Appétents 20 mg Comprimé, Rimadyl 20 mg Comprimés Appétents 20 mg Tablet, Rimadyl 20 mg Kautablette für Hunde, Rimadyl 20 mg okusne, žvečljive tablete za pse, Rimadyl 20 mg ízesített tabletta A.U.V., Rimadyl 20 mg таблетки за кучета/Rimadyl 50 mg таблетки за кучета/Rimadyl 100 mg таблетки за кучета, Rimadyl 50 mg - Kautabletten für Hunde, Rimadyl 50 mg Comprimés Appétents 50 mg Tablet, Rimadyl 50 mg Kautablette für Hunde, Rimadyl 50 mg comprimidos mastigáveis para cães, Rimadyl 50 mg comprimés appétents, 50 mg, comprimés pour chiens, Rimadyl 50 mg košļājamās tabletes suņiem, Rimadyl 50 mg okusne, žvečljive tablete za pse, Rimadyl 50 mg ízesített tabletta A.U.V., Rimadyl 50 mg/ml - Injektionslösung für Hunde und Katzen, Rimadyl 50 mg/ml injekčný roztok, Rimadyl 50mg/ml Injektionslösung für Hunde und Katzen, Rimadyl Cattle, 50 mg/mL, otopina za injekciju, za goveda, Rimadyl Iniettabile 50 mg/ml, soluzione iniettabile per cane e gatto., Rimadyl Palatable 100 mg tablety pre psy, Rimadyl Palatable 20 mg tablety pre psy, Rimadyl Palatable 50 mg tablety pre psy, Rimadyl Palatable Tablets 100, Rimadyl Palatable Tablets 100 mg, Rimadyl Palatable Tablets 100 mg tabletes suņiem, Rimadyl Palatable Tablets 20 mg, Rimadyl Palatable Tablets 20 mg tabletes suņiem, Rimadyl Palatable Tablets 50, Rimadyl Palatable Tablets 50 mg, Rimadyl Palatable Tablets 50 mg tabletes suņiem, Rimadyl Palatable Tablets da 100 mg per cani, Rimadyl Palatable Tablets da 20 mg per cani, Rimadyl Palatable Tablets da 50 mg per cani, Rimadyl Palatable, 100mg, Žvýkací tableta, Rimadyl Palatable, 20mg, Žvýkací tableta, Rimadyl Palatable, 50mg, Žvýkací tableta, Rimadyl Solution for Injection for dogs and cats 50 mg/ml, Rimadyl Vet. 100 mg tyggetabletter, Rimadyl Vet. 20 mg tyggetabletter, Rimadyl Vet. 50 mg tyggetabletter, Rimadyl cattle 50 m","Abdominal pain, Bloody diarrhoea, Death, Hyperkalaemia, Injection site inflammation, Injection site pain, Laboured breathing, Lateral recumbency, Lethargy (see also Central nervous system depression in Neurological), Other abnormal test result NOS, Thrombocytopenia, Vomiting",1,1,1
US-FRMERIAL-TS10US036934,"<a target=""_blank""  href=""/xmlpserver/EVVET3 PW NEW/Subject Area Contents/Public Website/Report (PDF)/AER.xdo?_xpf=&_xpt=1&_params%2FOracle%20BI%20EE%3A%3ADefaultApp%3A%3AEVVET3%20PR%20NEW%2FAER%3A%3Adimension%2FAER%20Id%3A%3Aattribute%3A%3Anoaggr%3A%3Axsd%3Adouble=180017&_xt=AER&_xf=pdf""> AER </a>",2010-05-11 00:00:00,Veterinarian,United States,FEMALE,Dog,Retriever - Golden,"IMMITICIDE, IMMITICIDE 25 mg/ml pó e solvente para solução injetável para cães, RIMADYL 100 mg COMPRIMIDOS MASTICABLES PARA PERROS, RIMADYL 100 mg comprimate pentru câini, RIMADYL 100 mg, kramtomosios tabletės šunims, RIMADYL 100MG/TAB ΜΑΣΩΜΕΝΟ ΔΙΣΚΙΟ, RIMADYL 20 mg COMPRIMIDOS MASTICABLES PARA PERROS, RIMADYL 20 mg, kramtomosios tabletės šunims, RIMADYL 20MG/TAB ΜΑΣΩΜΕΝΟ ΔΙΣΚΙΟ, RIMADYL 50 mg COMPRIMIDOS MASTICABLES PARA PERROS, RIMADYL 50 mg comprimate pentru câini, RIMADYL 50 mg, kramtomosios tabletės šunims, RIMADYL 50MG/TAB ΜΑΣΩΜΕΝΟ ΔΙΣΚΙΟ, RIMADYL 50mg/ml ενέσιμο διάλυμα για σκύλους και γάτες, RIMADYL CATTLE 50 mg/ml, injekcinis tirpalas galvijams, RIMADYL Cattle 50 mg/ml Solution for Injection, RIMADYL INJECTABLE SOLUTION INJECTABLE POUR CHATS ET CHIENS, RIMADYL Injection 50mg/ml Διαυγές αποστειρωμένο ενέσιμο διάλυμα για σκύλους και γάτες, RIMADYL SMAKELIJKE TABLETTEN 100 mg voor honden, RIMADYL SMAKELIJKE TABLETTEN 50 mg voor honden, RIMADYL VET 50 mg/ml injektioneste, liuos, RIMADYL vet 100 mg purutabletti, RIMADYL vet 20 mg purutabletti, RIMADYL vet 50 mg purutabletti, Rimadyl 100 mg - Kautabletten für Hunde, Rimadyl 100 mg Comprimés Appétents 100 mg Tablet, Rimadyl 100 mg Kautablette für Hunde, Rimadyl 100 mg comprimidos mastigáveis para cães, Rimadyl 100 mg comprimés appétents, 100 mg, comprimés pour chiens, Rimadyl 100 mg okusne, žvečljive tablete za pse, Rimadyl 100 mg tabletes suņiem, Rimadyl 100 mg ízesített tabletta A.U.V., Rimadyl 20 mg - Kautabletten für Hunde, Rimadyl 20 mg Comprimés Appétents 20 mg Comprimé, Rimadyl 20 mg Comprimés Appétents 20 mg Tablet, Rimadyl 20 mg Kautablette für Hunde, Rimadyl 20 mg okusne, žvečljive tablete za pse, Rimadyl 20 mg ízesített tabletta A.U.V., Rimadyl 20 mg таблетки за кучета/Rimadyl 50 mg таблетки за кучета/Rimadyl 100 mg таблетки за кучета, Rimadyl 50 mg - Kautabletten für Hunde, Rimadyl 50 mg Comprimés Appétents 50 mg Tablet, Rimadyl 50 mg Kautablette für Hunde, Rimadyl 50 mg comprimidos mastigáveis para cães, Rimadyl 50 mg comprimés appétents, 50 mg, comprimés pour chiens, Rimadyl 50 mg košļājamās tabletes suņiem, Rimadyl 50 mg okusne, žvečljive tablete za pse, Rimadyl 50 mg ízesített tabletta A.U.V., Rimadyl 50 mg/ml - Injektionslösung für Hunde und Katzen, Rimadyl 50 mg/ml injekčný roztok, Rimadyl 50mg/ml Injektionslösung für Hunde und Katzen, Rimadyl Cattle, 50 mg/mL, otopina za injekciju, za goveda, Rimadyl Iniettabile 50 mg/ml, soluzione iniettabile per cane e gatto., Rimadyl Palatable 100 mg tablety pre psy, Rimadyl Palatable 20 mg tablety pre psy, Rimadyl Palatable 50 mg tablety pre psy, Rimadyl Palatable Tablets 100, Rimadyl Palatable Tablets 100 mg, Rimadyl Palatable Tablets 100 mg tabletes suņiem, Rimadyl Palatable Tablets 20 mg, Rimadyl Palatable Tablets 20 mg tabletes suņiem, Rimadyl Palatable Tablets 50, Rimadyl Palatable Tablets 50 mg, Rimadyl Palatable Tablets 50 mg tabletes suņiem, Rimadyl Palatable Tablets da 100 mg per cani, Rimadyl Palatable Tablets da 20 mg per cani, Rimadyl Palatable Tablets da 50 mg per cani, Rimadyl Palatable, 100mg, Žvýkací tableta, Rimadyl Palatable, 20mg, Žvýkací tableta, Rimadyl Palatable, 50mg, Žvýkací tableta, Rimadyl Solution for Injection for dogs and cats 50 mg/ml, Rimadyl Vet. 100 mg tyggetabletter, Rimadyl Vet. 20 mg tyggetabletter, Rimadyl Vet. 50 mg tyggetabletter, Rimadyl cattle 50 mg/ml oplossing voor injectie, Rimadyl injectievloeistof, 50 mg/ml voor honden en katten, Rimadyl smakelijke tabletten 100 mg voor honden, Rimadyl smakelijke tabletten 20 mg voor honden, Rimadyl smakelijke tabletten 50 mg voor honden, Rimadyl vet. 100 mg Tuggtablett, Rimadyl vet. 100 mg tyggetabletter, Rimadyl vet. 20 mg Tuggtablett, Rimadyl vet. 20 mg tyggetabletter, Rimadyl vet. 50 mg Tuggtablett, Rimadyl vet. 50 mg tyggetabletter, Rimadyl vet., 100 mg, Tuggtablett, Rimadyl Μασώμενο Δισκίο 100mg για σκύλους, Rimadyl Μασώμενο Δισκίο 20mg για σκύλους, Rimadyl Μασώμενο Δισκίο 50mg για σκύλους, Rimadyl, 100 mg närimistablett koertele, Rim","Collapse (see also Cardio-vascular and Systemic disorders), Death, Panting, Pleural inflammation",1,1,1
US-FRMERIAL-TS10US041457,"<a target=""_blank""  href=""/xmlpserver/EVVET3 PW NEW/Subject Area Contents/Public Website/Report (PDF)/AER.xdo?_xpf=&_xpt=1&_params%2FOracle%20BI%20EE%3A%3ADefaultApp%3A%3AEVVET3%20PR%20NEW%2FAER%3A%3Adimension%2FAER%20Id%3A%3Aattribute%3A%3Anoaggr%3A%3Axsd%3Adouble=186544&_xt=AER&_xf=pdf""> AER </a>",2010-05-25 00:00:00,Veterinarian,United States,MALE,Dog,Retriever - Labrador,"IMMITICIDE, IMMITICIDE 25 mg/ml pó e solvente para solução injetável para cães, RIMADYL 100 mg COMPRIMIDOS MASTICABLES PARA PERROS, RIMADYL 100 mg comprimate pentru câini, RIMADYL 100 mg, kramtomosios tabletės šunims, RIMADYL 100MG/TAB ΜΑΣΩΜΕΝΟ ΔΙΣΚΙΟ, RIMADYL 20 mg COMPRIMIDOS MASTICABLES PARA PERROS, RIMADYL 20 mg, kramtomosios tabletės šunims, RIMADYL 20MG/TAB ΜΑΣΩΜΕΝΟ ΔΙΣΚΙΟ, RIMADYL 50 mg COMPRIMIDOS MASTICABLES PARA PERROS, RIMADYL 50 mg comprimate pentru câini, RIMADYL 50 mg, kramtomosios tabletės šunims, RIMADYL 50MG/TAB ΜΑΣΩΜΕΝΟ ΔΙΣΚΙΟ, RIMADYL 50mg/ml ενέσιμο διάλυμα για σκύλους και γάτες, RIMADYL CATTLE 50 mg/ml, injekcinis tirpalas galvijams, RIMADYL Cattle 50 mg/ml Solution for Injection, RIMADYL INJECTABLE SOLUTION INJECTABLE POUR CHATS ET CHIENS, RIMADYL Injection 50mg/ml Διαυγές αποστειρωμένο ενέσιμο διάλυμα για σκύλους και γάτες, RIMADYL SMAKELIJKE TABLETTEN 100 mg voor honden, RIMADYL SMAKELIJKE TABLETTEN 50 mg voor honden, RIMADYL VET 50 mg/ml injektioneste, liuos, RIMADYL vet 100 mg purutabletti, RIMADYL vet 20 mg purutabletti, RIMADYL vet 50 mg purutabletti, Rimadyl 100 mg - Kautabletten für Hunde, Rimadyl 100 mg Comprimés Appétents 100 mg Tablet, Rimadyl 100 mg Kautablette für Hunde, Rimadyl 100 mg comprimidos mastigáveis para cães, Rimadyl 100 mg comprimés appétents, 100 mg, comprimés pour chiens, Rimadyl 100 mg okusne, žvečljive tablete za pse, Rimadyl 100 mg tabletes suņiem, Rimadyl 100 mg ízesített tabletta A.U.V., Rimadyl 20 mg - Kautabletten für Hunde, Rimadyl 20 mg Comprimés Appétents 20 mg Comprimé, Rimadyl 20 mg Comprimés Appétents 20 mg Tablet, Rimadyl 20 mg Kautablette für Hunde, Rimadyl 20 mg okusne, žvečljive tablete za pse, Rimadyl 20 mg ízesített tabletta A.U.V., Rimadyl 20 mg таблетки за кучета/Rimadyl 50 mg таблетки за кучета/Rimadyl 100 mg таблетки за кучета, Rimadyl 50 mg - Kautabletten für Hunde, Rimadyl 50 mg Comprimés Appétents 50 mg Tablet, Rimadyl 50 mg Kautablette für Hunde, Rimadyl 50 mg comprimidos mastigáveis para cães, Rimadyl 50 mg comprimés appétents, 50 mg, comprimés pour chiens, Rimadyl 50 mg košļājamās tabletes suņiem, Rimadyl 50 mg okusne, žvečljive tablete za pse, Rimadyl 50 mg ízesített tabletta A.U.V., Rimadyl 50 mg/ml - Injektionslösung für Hunde und Katzen, Rimadyl 50 mg/ml injekčný roztok, Rimadyl 50mg/ml Injektionslösung für Hunde und Katzen, Rimadyl Cattle, 50 mg/mL, otopina za injekciju, za goveda, Rimadyl Iniettabile 50 mg/ml, soluzione iniettabile per cane e gatto., Rimadyl Palatable 100 mg tablety pre psy, Rimadyl Palatable 20 mg tablety pre psy, Rimadyl Palatable 50 mg tablety pre psy, Rimadyl Palatable Tablets 100, Rimadyl Palatable Tablets 100 mg, Rimadyl Palatable Tablets 100 mg tabletes suņiem, Rimadyl Palatable Tablets 20 mg, Rimadyl Palatable Tablets 20 mg tabletes suņiem, Rimadyl Palatable Tablets 50, Rimadyl Palatable Tablets 50 mg, Rimadyl Palatable Tablets 50 mg tabletes suņiem, Rimadyl Palatable Tablets da 100 mg per cani, Rimadyl Palatable Tablets da 20 mg per cani, Rimadyl Palatable Tablets da 50 mg per cani, Rimadyl Palatable, 100mg, Žvýkací tableta, Rimadyl Palatable, 20mg, Žvýkací tableta, Rimadyl Palatable, 50mg, Žvýkací tableta, Rimadyl Solution for Injection for dogs and cats 50 mg/ml, Rimadyl Vet. 100 mg tyggetabletter, Rimadyl Vet. 20 mg tyggetabletter, Rimadyl Vet. 50 mg tyggetabletter, Rimadyl cattle 50 mg/ml oplossing voor injectie, Rimadyl injectievloeistof, 50 mg/ml voor honden en katten, Rimadyl smakelijke tabletten 100 mg voor honden, Rimadyl smakelijke tabletten 20 mg voor honden, Rimadyl smakelijke tabletten 50 mg voor honden, Rimadyl vet. 100 mg Tuggtablett, Rimadyl vet. 100 mg tyggetabletter, Rimadyl vet. 20 mg Tuggtablett, Rimadyl vet. 20 mg tyggetabletter, Rimadyl vet. 50 mg Tuggtablett, Rimadyl vet. 50 mg tyggetabletter, Rimadyl vet., 100 mg, Tuggtablett, Rimadyl Μασώμενο Δισκίο 100mg για σκύλους, Rimadyl Μασώμενο Δισκίο 20mg για σκύλους, Rimadyl Μασώμενο Δισκίο 50mg για σκύλους, Rimadyl, 100 mg närimistablett koertele, Rim","Collapse (see also Cardio-vascular and Systemic disorders), Death, Pain NOS",1,1,1
US-FRMERIAL-TS10US065153,"<a target=""_blank""  href=""/xmlpserver/EVVET3 PW NEW/Subject Area Contents/Public Website/Report (PDF)/AER.xdo?_xpf=&_xpt=1&_params%2FOracle%20BI%20EE%3A%3ADefaultApp%3A%3AEVVET3%20PR%20NEW%2FAER%3A%3Adimension%2FAER%20Id%3A%3Aattribute%3A%3Anoaggr%3A%3Axsd%3Adouble=204747&_xt=AER&_xf=pdf""> AER </a>",2010-07-22 00:00:00,Animal owner,United States,MALE,Dog,Retriever - Labrador,"ENACARD 1 - 4 KG, ENACARD 15 - 30 KG, ENACARD 2,5 mg tablety pre psy, ENACARD 30 - 60 KG, ENACARD 4 - 8 KG, ENACARD 5 mg tablety pre psy, ENACARD 8 - 15 KG, Enacard 10mg, Enacard 1mg, Enacard 2,5mg, Enacard 20mg, Enacard 5mg, FRONTLINE COMBO 134 mg/120,6 mg soluție spot on pentru câine M, FRONTLINE COMBO 134.00 MG / 120.60 MG SPOT-ON SOLUTION FOR DOG M, FRONTLINE COMBO 268 mg/241,2 mg soluție spot on pentru câine L, FRONTLINE COMBO 268.00 MG / 241.20 MG SPOT-ON SOLUTION FOR DOG L, FRONTLINE COMBO 402 mg/361,8 mg soluție spot on pentru caine XL, FRONTLINE COMBO 402.00 MG / 361.80 MG SPOT-ON SOLUTION FOR DOG XL, FRONTLINE COMBO 50 mg/60 mg soluție spot on pentru pisică, FRONTLINE COMBO 50.00 MG / 60.00 MG SPOT-ON SOLUTION FOR CAT, FRONTLINE COMBO 67 mg/60,3 mg soluție spot on pentru câine S, FRONTLINE COMBO 67,00 MG / 60,30 MG SOLUTION POUR SPOT-ON POUR CHIEN S, FRONTLINE COMBO 67.00 MG / 60.30 MG SPOT-ON SOLUTION FOR DOG S, FRONTLINE COMBO L, užlašinamasis tirpalas šunims, FRONTLINE COMBO M, užlašinamasis tirpalas šunims, FRONTLINE COMBO PACK CONSULT 134.00 MG / 120.60 MG SPOT-ON SOLUTION FOR DOG M, FRONTLINE COMBO PACK CONSULT 268.00 MG / 241.20 MG SPOT-ON SOLUTION FOR DOG L, FRONTLINE COMBO PACK CONSULT 402.00 MG / 361.80 MG SPOT-ON SOLUTION FOR DOG XL, FRONTLINE COMBO PACK CONSULT 50.00 MG / 60.00 MG SPOT-ON SOLUTION FOR CAT, FRONTLINE COMBO PACK CONSULT 67.00 MG / 60.30 MG SPOT-ON SOLUTION FOR DOG S, FRONTLINE COMBO PACK CONSULT SPOT ON CHIEN L, FRONTLINE COMBO PACK CONSULT SPOT ON CHIEN M, FRONTLINE COMBO PACK CONSULT SPOT ON CHIEN S, FRONTLINE COMBO PACK CONSULT SPOT ON CHIEN XL, FRONTLINE COMBO PACK CONSULT SPOT-ON CAT, FRONTLINE COMBO S, užlašinamasis tirpalas šunims, FRONTLINE COMBO SPOT-ON CAT, FRONTLINE COMBO SPOT-ON CHIEN L, FRONTLINE COMBO SPOT-ON CHIEN M, FRONTLINE COMBO SPOT-ON CHIEN S, FRONTLINE COMBO SPOT-ON CHIEN XL, FRONTLINE COMBO SPOT-ON DOG S, M, L, XL, FRONTLINE COMBO SPOT-ON PRO PSY, L, Roztok pro nakapání na kůži - spot-on, FRONTLINE COMBO SPOT-ON PRO PSY, M, Roztok pro nakapání na kůži - spot-on, FRONTLINE COMBO SPOT-ON PRO PSY, S, Roztok pro nakapání na kůži - spot-on, FRONTLINE COMBO SPOT-ON PRO PSY, XL, Roztok pro nakapání na kůži - spot-on, FRONTLINE COMBO SPOT-ON pro kočky a fretky, Roztok pro nakapání na kůži - spot-on, FRONTLINE COMBO XL, užlašinamasis tirpalas šunims, FRONTLINE COMBO, užlašinamasis tirpalas katėms ir šeškams, FRONTLINE Combo Spot-on Cat, 50,00 mg/0,5 mL, 60,00 mg/0,5 mL, otopina za nakapavanje, za mačke i pitome vretice, FRONTLINE Combo Spot-on Dog L, 268,00 mg/2,68 mL, 241,20 mg/2,68 mL, otopina za nakapavanje, za pse, FRONTLINE Combo Spot-on Dog M, 134,00 mg/1,34 mL, 120,60 mg/1,34 mL, otopina za nakapavanje, za pse, FRONTLINE Combo Spot-on Dog S, 67,00 mg/0,67 mL, 60,30 mg/0,67 mL, otopina za nakapavanje, za pse, FRONTLINE Combo Spot-on Dog XL, 402,00 mg/4,02 mL, 361,80 mg/4,02 mL, otopina za nakapavanje, za pse, Fleanil Combo 50 mg / 60 mg spot-on solution for cats and ferrets, Frontline Combo  spot-on roztok pre psy, Frontline Combo 50,00 mg/60,00 mg spot-on roztok pre mačky, Frontline Combo Cat 50,00 mg / 60,00 mg šķīdums pilināšanai uz ādas kaķiem un mājas seskiem, Frontline Combo Cat, 50mg/60mg täpilahus kassidele ja tuhkrutele, Frontline Combo Dog L 268,00 mg / 241,20 mg šķīdums pilināšanai uz ādas suņiem, Frontline Combo Dog L, 268 mg/241,2 mg täpilahus koertele, Frontline Combo Dog M 134,00 mg / 120,60 mg šķīdums pilināšanai uz ādas suņiem, Frontline Combo Dog M, 134 mg/120,6 mg täpilahus koertele, Frontline Combo Dog S 67,00 mg / 60,30 mg šķīdums pilināšanai uz ādas suņiem, Frontline Combo Dog S, 67 mg/60,3 mg täpilahus koertele, Frontline Combo Dog XL 402,00 mg / 361,80 mg šķīdums pilināšanai uz ādas suņiem, Frontline Combo Dog XL, 402 mg/361,8 mg täpilahus koertele, Frontline Combo Line Cat 100 mg/ml - 120 mg/ml Solution pour spot-on, Frontline Combo Line Cat 100 mg/ml - 120 mg/ml Spot-on oplossing, Frontline Combo Line Dog L 100 mg/ml - 90 mg/ml Spot-on oplossing","Adipsia, Anorexia, Vomiting, Weight loss",1,1,
US-FRMERIAL-TS10US065292,"<a target=""_blank""  href=""/xmlpserver/EVVET3 PW NEW/Subject Area Contents/Public Website/Report (PDF)/AER.xdo?_xpf=&_xpt=1&_params%2FOracle%20BI%20EE%3A%3ADefaultApp%3A%3AEVVET3%20PR%20NEW%2FAER%3A%3Adimension%2FAER%20Id%3A%3Aattribute%3A%3Anoaggr%3A%3Axsd%3Adouble=204915&_xt=AER&_xf=pdf""> AER </a>",2010-07-22 00:00:00,Veterinarian,United States,MALE,Dog,Retriever - Labrador,"Enacard 2,5mg, FRONTLINE COMBO 134 mg/120,6 mg soluție spot on pentru câine M, FRONTLINE COMBO 134.00 MG / 120.60 MG SPOT-ON SOLUTION FOR DOG M, FRONTLINE COMBO 268 mg/241,2 mg soluție spot on pentru câine L, FRONTLINE COMBO 268.00 MG / 241.20 MG SPOT-ON SOLUTION FOR DOG L, FRONTLINE COMBO 402 mg/361,8 mg soluție spot on pentru caine XL, FRONTLINE COMBO 402.00 MG / 361.80 MG SPOT-ON SOLUTION FOR DOG XL, FRONTLINE COMBO 50 mg/60 mg soluție spot on pentru pisică, FRONTLINE COMBO 50.00 MG / 60.00 MG SPOT-ON SOLUTION FOR CAT, FRONTLINE COMBO 67 mg/60,3 mg soluție spot on pentru câine S, FRONTLINE COMBO 67,00 MG / 60,30 MG SOLUTION POUR SPOT-ON POUR CHIEN S, FRONTLINE COMBO 67.00 MG / 60.30 MG SPOT-ON SOLUTION FOR DOG S, FRONTLINE COMBO L, užlašinamasis tirpalas šunims, FRONTLINE COMBO M, užlašinamasis tirpalas šunims, FRONTLINE COMBO PACK CONSULT 134.00 MG / 120.60 MG SPOT-ON SOLUTION FOR DOG M, FRONTLINE COMBO PACK CONSULT 268.00 MG / 241.20 MG SPOT-ON SOLUTION FOR DOG L, FRONTLINE COMBO PACK CONSULT 402.00 MG / 361.80 MG SPOT-ON SOLUTION FOR DOG XL, FRONTLINE COMBO PACK CONSULT 50.00 MG / 60.00 MG SPOT-ON SOLUTION FOR CAT, FRONTLINE COMBO PACK CONSULT 67.00 MG / 60.30 MG SPOT-ON SOLUTION FOR DOG S, FRONTLINE COMBO PACK CONSULT SPOT ON CHIEN L, FRONTLINE COMBO PACK CONSULT SPOT ON CHIEN M, FRONTLINE COMBO PACK CONSULT SPOT ON CHIEN S, FRONTLINE COMBO PACK CONSULT SPOT ON CHIEN XL, FRONTLINE COMBO PACK CONSULT SPOT-ON CAT, FRONTLINE COMBO S, užlašinamasis tirpalas šunims, FRONTLINE COMBO SPOT-ON CAT, FRONTLINE COMBO SPOT-ON CHIEN L, FRONTLINE COMBO SPOT-ON CHIEN M, FRONTLINE COMBO SPOT-ON CHIEN S, FRONTLINE COMBO SPOT-ON CHIEN XL, FRONTLINE COMBO SPOT-ON DOG S, M, L, XL, FRONTLINE COMBO SPOT-ON PRO PSY, L, Roztok pro nakapání na kůži - spot-on, FRONTLINE COMBO SPOT-ON PRO PSY, M, Roztok pro nakapání na kůži - spot-on, FRONTLINE COMBO SPOT-ON PRO PSY, S, Roztok pro nakapání na kůži - spot-on, FRONTLINE COMBO SPOT-ON PRO PSY, XL, Roztok pro nakapání na kůži - spot-on, FRONTLINE COMBO SPOT-ON pro kočky a fretky, Roztok pro nakapání na kůži - spot-on, FRONTLINE COMBO XL, užlašinamasis tirpalas šunims, FRONTLINE COMBO, užlašinamasis tirpalas katėms ir šeškams, FRONTLINE Combo Spot-on Cat, 50,00 mg/0,5 mL, 60,00 mg/0,5 mL, otopina za nakapavanje, za mačke i pitome vretice, FRONTLINE Combo Spot-on Dog L, 268,00 mg/2,68 mL, 241,20 mg/2,68 mL, otopina za nakapavanje, za pse, FRONTLINE Combo Spot-on Dog M, 134,00 mg/1,34 mL, 120,60 mg/1,34 mL, otopina za nakapavanje, za pse, FRONTLINE Combo Spot-on Dog S, 67,00 mg/0,67 mL, 60,30 mg/0,67 mL, otopina za nakapavanje, za pse, FRONTLINE Combo Spot-on Dog XL, 402,00 mg/4,02 mL, 361,80 mg/4,02 mL, otopina za nakapavanje, za pse, Fleanil Combo 50 mg / 60 mg spot-on solution for cats and ferrets, Frontline Combo  spot-on roztok pre psy, Frontline Combo 50,00 mg/60,00 mg spot-on roztok pre mačky, Frontline Combo Cat 50,00 mg / 60,00 mg šķīdums pilināšanai uz ādas kaķiem un mājas seskiem, Frontline Combo Cat, 50mg/60mg täpilahus kassidele ja tuhkrutele, Frontline Combo Dog L 268,00 mg / 241,20 mg šķīdums pilināšanai uz ādas suņiem, Frontline Combo Dog L, 268 mg/241,2 mg täpilahus koertele, Frontline Combo Dog M 134,00 mg / 120,60 mg šķīdums pilināšanai uz ādas suņiem, Frontline Combo Dog M, 134 mg/120,6 mg täpilahus koertele, Frontline Combo Dog S 67,00 mg / 60,30 mg šķīdums pilināšanai uz ādas suņiem, Frontline Combo Dog S, 67 mg/60,3 mg täpilahus koertele, Frontline Combo Dog XL 402,00 mg / 361,80 mg šķīdums pilināšanai uz ādas suņiem, Frontline Combo Dog XL, 402 mg/361,8 mg täpilahus koertele, Frontline Combo Line Cat 100 mg/ml - 120 mg/ml Solution pour spot-on, Frontline Combo Line Cat 100 mg/ml - 120 mg/ml Spot-on oplossing, Frontline Combo Line Dog L 100 mg/ml - 90 mg/ml Spot-on oplossing, Frontline Combo Line Dog L Solution pour spot-on, Frontline Combo Line Dog M 100 mg/ml - 90 mg/ml Spot-on oplossing, Frontline Combo Line Dog M Solution pour spot-on, Frontline Combo Line Dog S 100 mg/ml - 90","Anorexia, Diarrhoea, Lethargy (see also Central nervous system depression in Neurological), Other abnormal test result NOS, Renal disorder NOS, Vomiting",1,1,
US-FRMERIAL-TS10US071945,"<a target=""_blank""  href=""/xmlpserver/EVVET3 PW NEW/Subject Area Contents/Public Website/Report (PDF)/AER.xdo?_xpf=&_xpt=1&_params%2FOracle%20BI%20EE%3A%3ADefaultApp%3A%3AEVVET3%20PR%20NEW%2FAER%3A%3Adimension%2FAER%20Id%3A%3Aattribute%3A%3Anoaggr%3A%3Axsd%3Adouble=207462&_xt=AER&_xf=pdf""> AER </a>",2010-08-05 00:00:00,Veterinarian,United States,MALE,Dog,Shih Tzu,"RIMADYL 100 mg COMPRIMIDOS MASTICABLES PARA PERROS, RIMADYL 100 mg comprimate pentru câini, RIMADYL 100 mg, kramtomosios tabletės šunims, RIMADYL 100MG/TAB ΜΑΣΩΜΕΝΟ ΔΙΣΚΙΟ, RIMADYL 20 mg COMPRIMIDOS MASTICABLES PARA PERROS, RIMADYL 20 mg, kramtomosios tabletės šunims, RIMADYL 20MG/TAB ΜΑΣΩΜΕΝΟ ΔΙΣΚΙΟ, RIMADYL 50 mg COMPRIMIDOS MASTICABLES PARA PERROS, RIMADYL 50 mg comprimate pentru câini, RIMADYL 50 mg, kramtomosios tabletės šunims, RIMADYL 50MG/TAB ΜΑΣΩΜΕΝΟ ΔΙΣΚΙΟ, RIMADYL 50mg/ml ενέσιμο διάλυμα για σκύλους και γάτες, RIMADYL CATTLE 50 mg/ml, injekcinis tirpalas galvijams, RIMADYL Cattle 50 mg/ml Solution for Injection, RIMADYL INJECTABLE SOLUTION INJECTABLE POUR CHATS ET CHIENS, RIMADYL Injection 50mg/ml Διαυγές αποστειρωμένο ενέσιμο διάλυμα για σκύλους και γάτες, RIMADYL SMAKELIJKE TABLETTEN 100 mg voor honden, RIMADYL SMAKELIJKE TABLETTEN 50 mg voor honden, RIMADYL VET 50 mg/ml injektioneste, liuos, RIMADYL vet 100 mg purutabletti, RIMADYL vet 20 mg purutabletti, RIMADYL vet 50 mg purutabletti, Rimadyl 100 mg - Kautabletten für Hunde, Rimadyl 100 mg Comprimés Appétents 100 mg Tablet, Rimadyl 100 mg Kautablette für Hunde, Rimadyl 100 mg comprimidos mastigáveis para cães, Rimadyl 100 mg comprimés appétents, 100 mg, comprimés pour chiens, Rimadyl 100 mg okusne, žvečljive tablete za pse, Rimadyl 100 mg tabletes suņiem, Rimadyl 100 mg ízesített tabletta A.U.V., Rimadyl 20 mg - Kautabletten für Hunde, Rimadyl 20 mg Comprimés Appétents 20 mg Comprimé, Rimadyl 20 mg Comprimés Appétents 20 mg Tablet, Rimadyl 20 mg Kautablette für Hunde, Rimadyl 20 mg okusne, žvečljive tablete za pse, Rimadyl 20 mg ízesített tabletta A.U.V., Rimadyl 20 mg таблетки за кучета/Rimadyl 50 mg таблетки за кучета/Rimadyl 100 mg таблетки за кучета, Rimadyl 50 mg - Kautabletten für Hunde, Rimadyl 50 mg Comprimés Appétents 50 mg Tablet, Rimadyl 50 mg Kautablette für Hunde, Rimadyl 50 mg comprimidos mastigáveis para cães, Rimadyl 50 mg comprimés appétents, 50 mg, comprimés pour chiens, Rimadyl 50 mg košļājamās tabletes suņiem, Rimadyl 50 mg okusne, žvečljive tablete za pse, Rimadyl 50 mg ízesített tabletta A.U.V., Rimadyl 50 mg/ml - Injektionslösung für Hunde und Katzen, Rimadyl 50 mg/ml injekčný roztok, Rimadyl 50mg/ml Injektionslösung für Hunde und Katzen, Rimadyl Cattle, 50 mg/mL, otopina za injekciju, za goveda, Rimadyl Iniettabile 50 mg/ml, soluzione iniettabile per cane e gatto., Rimadyl Palatable 100 mg tablety pre psy, Rimadyl Palatable 20 mg tablety pre psy, Rimadyl Palatable 50 mg tablety pre psy, Rimadyl Palatable Tablets 100, Rimadyl Palatable Tablets 100 mg, Rimadyl Palatable Tablets 100 mg tabletes suņiem, Rimadyl Palatable Tablets 20 mg, Rimadyl Palatable Tablets 20 mg tabletes suņiem, Rimadyl Palatable Tablets 50, Rimadyl Palatable Tablets 50 mg, Rimadyl Palatable Tablets 50 mg tabletes suņiem, Rimadyl Palatable Tablets da 100 mg per cani, Rimadyl Palatable Tablets da 20 mg per cani, Rimadyl Palatable Tablets da 50 mg per cani, Rimadyl Palatable, 100mg, Žvýkací tableta, Rimadyl Palatable, 20mg, Žvýkací tableta, Rimadyl Palatable, 50mg, Žvýkací tableta, Rimadyl Solution for Injection for dogs and cats 50 mg/ml, Rimadyl Vet. 100 mg tyggetabletter, Rimadyl Vet. 20 mg tyggetabletter, Rimadyl Vet. 50 mg tyggetabletter, Rimadyl cattle 50 mg/ml oplossing voor injectie, Rimadyl injectievloeistof, 50 mg/ml voor honden en katten, Rimadyl smakelijke tabletten 100 mg voor honden, Rimadyl smakelijke tabletten 20 mg voor honden, Rimadyl smakelijke tabletten 50 mg voor honden, Rimadyl vet. 100 mg Tuggtablett, Rimadyl vet. 100 mg tyggetabletter, Rimadyl vet. 20 mg Tuggtablett, Rimadyl vet. 20 mg tyggetabletter, Rimadyl vet. 50 mg Tuggtablett, Rimadyl vet. 50 mg tyggetabletter, Rimadyl vet., 100 mg, Tuggtablett, Rimadyl Μασώμενο Δισκίο 100mg για σκύλους, Rimadyl Μασώμενο Δισκίο 20mg για σκύλους, Rimadyl Μασώμενο Δισκίο 50mg για σκύλους, Rimadyl, 100 mg närimistablett koertele, Rimadyl, 20 mg närimistablett koertele, Rimadyl, 50 mg närimistablett koertele, Rim","Death, Lethargy (see also Central nervous system depression in Neurological), Recumbency, Weakness",1,1,1
US-FRMERIAL-TS10US072788,"<a target=""_blank""  href=""/xmlpserver/EVVET3 PW NEW/Subject Area Contents/Public Website/Report (PDF)/AER.xdo?_xpf=&_xpt=1&_params%2FOracle%20BI%20EE%3A%3ADefaultApp%3A%3AEVVET3%20PR%20NEW%2FAER%3A%3Adimension%2FAER%20Id%3A%3Aattribute%3A%3Anoaggr%3A%3Axsd%3Adouble=209169&_xt=AER&_xf=pdf""> AER </a>",2010-08-10 00:00:00,Veterinarian,United States,FEMALE,Dog,"Hound - Swiss - (Lucerne Hound (Luzerner Laufhund), Schwyz Hound (Schweizer Laufhund), Bernese Hound, Jura Hound)","IMMITICIDE, IMMITICIDE 25 mg/ml pó e solvente para solução injetável para cães, RIMADYL 100 mg COMPRIMIDOS MASTICABLES PARA PERROS, RIMADYL 100 mg comprimate pentru câini, RIMADYL 100 mg, kramtomosios tabletės šunims, RIMADYL 100MG/TAB ΜΑΣΩΜΕΝΟ ΔΙΣΚΙΟ, RIMADYL 20 mg COMPRIMIDOS MASTICABLES PARA PERROS, RIMADYL 20 mg, kramtomosios tabletės šunims, RIMADYL 20MG/TAB ΜΑΣΩΜΕΝΟ ΔΙΣΚΙΟ, RIMADYL 50 mg COMPRIMIDOS MASTICABLES PARA PERROS, RIMADYL 50 mg comprimate pentru câini, RIMADYL 50 mg, kramtomosios tabletės šunims, RIMADYL 50MG/TAB ΜΑΣΩΜΕΝΟ ΔΙΣΚΙΟ, RIMADYL 50mg/ml ενέσιμο διάλυμα για σκύλους και γάτες, RIMADYL CATTLE 50 mg/ml, injekcinis tirpalas galvijams, RIMADYL Cattle 50 mg/ml Solution for Injection, RIMADYL INJECTABLE SOLUTION INJECTABLE POUR CHATS ET CHIENS, RIMADYL Injection 50mg/ml Διαυγές αποστειρωμένο ενέσιμο διάλυμα για σκύλους και γάτες, RIMADYL SMAKELIJKE TABLETTEN 100 mg voor honden, RIMADYL SMAKELIJKE TABLETTEN 50 mg voor honden, RIMADYL VET 50 mg/ml injektioneste, liuos, RIMADYL vet 100 mg purutabletti, RIMADYL vet 20 mg purutabletti, RIMADYL vet 50 mg purutabletti, Rimadyl 100 mg - Kautabletten für Hunde, Rimadyl 100 mg Comprimés Appétents 100 mg Tablet, Rimadyl 100 mg Kautablette für Hunde, Rimadyl 100 mg comprimidos mastigáveis para cães, Rimadyl 100 mg comprimés appétents, 100 mg, comprimés pour chiens, Rimadyl 100 mg okusne, žvečljive tablete za pse, Rimadyl 100 mg tabletes suņiem, Rimadyl 100 mg ízesített tabletta A.U.V., Rimadyl 20 mg - Kautabletten für Hunde, Rimadyl 20 mg Comprimés Appétents 20 mg Comprimé, Rimadyl 20 mg Comprimés Appétents 20 mg Tablet, Rimadyl 20 mg Kautablette für Hunde, Rimadyl 20 mg okusne, žvečljive tablete za pse, Rimadyl 20 mg ízesített tabletta A.U.V., Rimadyl 20 mg таблетки за кучета/Rimadyl 50 mg таблетки за кучета/Rimadyl 100 mg таблетки за кучета, Rimadyl 50 mg - Kautabletten für Hunde, Rimadyl 50 mg Comprimés Appétents 50 mg Tablet, Rimadyl 50 mg Kautablette für Hunde, Rimadyl 50 mg comprimidos mastigáveis para cães, Rimadyl 50 mg comprimés appétents, 50 mg, comprimés pour chiens, Rimadyl 50 mg košļājamās tabletes suņiem, Rimadyl 50 mg okusne, žvečljive tablete za pse, Rimadyl 50 mg ízesített tabletta A.U.V., Rimadyl 50 mg/ml - Injektionslösung für Hunde und Katzen, Rimadyl 50 mg/ml injekčný roztok, Rimadyl 50mg/ml Injektionslösung für Hunde und Katzen, Rimadyl Cattle, 50 mg/mL, otopina za injekciju, za goveda, Rimadyl Iniettabile 50 mg/ml, soluzione iniettabile per cane e gatto., Rimadyl Palatable 100 mg tablety pre psy, Rimadyl Palatable 20 mg tablety pre psy, Rimadyl Palatable 50 mg tablety pre psy, Rimadyl Palatable Tablets 100, Rimadyl Palatable Tablets 100 mg, Rimadyl Palatable Tablets 100 mg tabletes suņiem, Rimadyl Palatable Tablets 20 mg, Rimadyl Palatable Tablets 20 mg tabletes suņiem, Rimadyl Palatable Tablets 50, Rimadyl Palatable Tablets 50 mg, Rimadyl Palatable Tablets 50 mg tabletes suņiem, Rimadyl Palatable Tablets da 100 mg per cani, Rimadyl Palatable Tablets da 20 mg per cani, Rimadyl Palatable Tablets da 50 mg per cani, Rimadyl Palatable, 100mg, Žvýkací tableta, Rimadyl Palatable, 20mg, Žvýkací tableta, Rimadyl Palatable, 50mg, Žvýkací tableta, Rimadyl Solution for Injection for dogs and cats 50 mg/ml, Rimadyl Vet. 100 mg tyggetabletter, Rimadyl Vet. 20 mg tyggetabletter, Rimadyl Vet. 50 mg tyggetabletter, Rimadyl cattle 50 mg/ml oplossing voor injectie, Rimadyl injectievloeistof, 50 mg/ml voor honden en katten, Rimadyl smakelijke tabletten 100 mg voor honden, Rimadyl smakelijke tabletten 20 mg voor honden, Rimadyl smakelijke tabletten 50 mg voor honden, Rimadyl vet. 100 mg Tuggtablett, Rimadyl vet. 100 mg tyggetabletter, Rimadyl vet. 20 mg Tuggtablett, Rimadyl vet. 20 mg tyggetabletter, Rimadyl vet. 50 mg Tuggtablett, Rimadyl vet. 50 mg tyggetabletter, Rimadyl vet., 100 mg, Tuggtablett, Rimadyl Μασώμενο Δισκίο 100mg για σκύλους, Rimadyl Μασώμενο Δισκίο 20mg για σκύλους, Rimadyl Μασώμενο Δισκίο 50mg για σκύλους, Rimadyl, 100 mg närimistablett koertele, Rim",Death,1,1,1
US-FRMERIAL-TS10US092186,"<a target=""_blank""  href=""/xmlpserver/EVVET3 PW NEW/Subject Area Contents/Public Website/Report (PDF)/AER.xdo?_xpf=&_xpt=1&_params%2FOracle%20BI%20EE%3A%3ADefaultApp%3A%3AEVVET3%20PR%20NEW%2FAER%3A%3Adimension%2FAER%20Id%3A%3Aattribute%3A%3Anoaggr%3A%3Axsd%3Adouble=226093&_xt=AER&_xf=pdf""> AER </a>",2010-09-16 00:00:00,Animal owner,United States,MALE,Dog,Retriever - Labrador,"IMMITICIDE, IMMITICIDE 25 mg/ml pó e solvente para solução injetável para cães, RIMADYL 100 mg COMPRIMIDOS MASTICABLES PARA PERROS, RIMADYL 100 mg comprimate pentru câini, RIMADYL 100 mg, kramtomosios tabletės šunims, RIMADYL 100MG/TAB ΜΑΣΩΜΕΝΟ ΔΙΣΚΙΟ, RIMADYL 20 mg COMPRIMIDOS MASTICABLES PARA PERROS, RIMADYL 20 mg, kramtomosios tabletės šunims, RIMADYL 20MG/TAB ΜΑΣΩΜΕΝΟ ΔΙΣΚΙΟ, RIMADYL 50 mg COMPRIMIDOS MASTICABLES PARA PERROS, RIMADYL 50 mg comprimate pentru câini, RIMADYL 50 mg, kramtomosios tabletės šunims, RIMADYL 50MG/TAB ΜΑΣΩΜΕΝΟ ΔΙΣΚΙΟ, RIMADYL 50mg/ml ενέσιμο διάλυμα για σκύλους και γάτες, RIMADYL CATTLE 50 mg/ml, injekcinis tirpalas galvijams, RIMADYL Cattle 50 mg/ml Solution for Injection, RIMADYL INJECTABLE SOLUTION INJECTABLE POUR CHATS ET CHIENS, RIMADYL Injection 50mg/ml Διαυγές αποστειρωμένο ενέσιμο διάλυμα για σκύλους και γάτες, RIMADYL SMAKELIJKE TABLETTEN 100 mg voor honden, RIMADYL SMAKELIJKE TABLETTEN 50 mg voor honden, RIMADYL VET 50 mg/ml injektioneste, liuos, RIMADYL vet 100 mg purutabletti, RIMADYL vet 20 mg purutabletti, RIMADYL vet 50 mg purutabletti, Rimadyl 100 mg - Kautabletten für Hunde, Rimadyl 100 mg Comprimés Appétents 100 mg Tablet, Rimadyl 100 mg Kautablette für Hunde, Rimadyl 100 mg comprimidos mastigáveis para cães, Rimadyl 100 mg comprimés appétents, 100 mg, comprimés pour chiens, Rimadyl 100 mg okusne, žvečljive tablete za pse, Rimadyl 100 mg tabletes suņiem, Rimadyl 100 mg ízesített tabletta A.U.V., Rimadyl 20 mg - Kautabletten für Hunde, Rimadyl 20 mg Comprimés Appétents 20 mg Comprimé, Rimadyl 20 mg Comprimés Appétents 20 mg Tablet, Rimadyl 20 mg Kautablette für Hunde, Rimadyl 20 mg okusne, žvečljive tablete za pse, Rimadyl 20 mg ízesített tabletta A.U.V., Rimadyl 20 mg таблетки за кучета/Rimadyl 50 mg таблетки за кучета/Rimadyl 100 mg таблетки за кучета, Rimadyl 50 mg - Kautabletten für Hunde, Rimadyl 50 mg Comprimés Appétents 50 mg Tablet, Rimadyl 50 mg Kautablette für Hunde, Rimadyl 50 mg comprimidos mastigáveis para cães, Rimadyl 50 mg comprimés appétents, 50 mg, comprimés pour chiens, Rimadyl 50 mg košļājamās tabletes suņiem, Rimadyl 50 mg okusne, žvečljive tablete za pse, Rimadyl 50 mg ízesített tabletta A.U.V., Rimadyl 50 mg/ml - Injektionslösung für Hunde und Katzen, Rimadyl 50 mg/ml injekčný roztok, Rimadyl 50mg/ml Injektionslösung für Hunde und Katzen, Rimadyl Cattle, 50 mg/mL, otopina za injekciju, za goveda, Rimadyl Iniettabile 50 mg/ml, soluzione iniettabile per cane e gatto., Rimadyl Palatable 100 mg tablety pre psy, Rimadyl Palatable 20 mg tablety pre psy, Rimadyl Palatable 50 mg tablety pre psy, Rimadyl Palatable Tablets 100, Rimadyl Palatable Tablets 100 mg, Rimadyl Palatable Tablets 100 mg tabletes suņiem, Rimadyl Palatable Tablets 20 mg, Rimadyl Palatable Tablets 20 mg tabletes suņiem, Rimadyl Palatable Tablets 50, Rimadyl Palatable Tablets 50 mg, Rimadyl Palatable Tablets 50 mg tabletes suņiem, Rimadyl Palatable Tablets da 100 mg per cani, Rimadyl Palatable Tablets da 20 mg per cani, Rimadyl Palatable Tablets da 50 mg per cani, Rimadyl Palatable, 100mg, Žvýkací tableta, Rimadyl Palatable, 20mg, Žvýkací tableta, Rimadyl Palatable, 50mg, Žvýkací tableta, Rimadyl Solution for Injection for dogs and cats 50 mg/ml, Rimadyl Vet. 100 mg tyggetabletter, Rimadyl Vet. 20 mg tyggetabletter, Rimadyl Vet. 50 mg tyggetabletter, Rimadyl cattle 50 mg/ml oplossing voor injectie, Rimadyl injectievloeistof, 50 mg/ml voor honden en katten, Rimadyl smakelijke tabletten 100 mg voor honden, Rimadyl smakelijke tabletten 20 mg voor honden, Rimadyl smakelijke tabletten 50 mg voor honden, Rimadyl vet. 100 mg Tuggtablett, Rimadyl vet. 100 mg tyggetabletter, Rimadyl vet. 20 mg Tuggtablett, Rimadyl vet. 20 mg tyggetabletter, Rimadyl vet. 50 mg Tuggtablett, Rimadyl vet. 50 mg tyggetabletter, Rimadyl vet., 100 mg, Tuggtablett, Rimadyl Μασώμενο Δισκίο 100mg για σκύλους, Rimadyl Μασώμενο Δισκίο 20mg για σκύλους, Rimadyl Μασώμενο Δισκίο 50mg για σκύλους, Rimadyl, 100 mg närimistablett koertele, Rim","Blood in vomit, Bloody diarrhoea, Collapse NOS (see also Cardio-vascular and Neurological disorders), Gingival disorder, Other abnormal test result NOS",2,2,
US-FRMERIAL-TS10US094739,"<a target=""_blank""  href=""/xmlpserver/EVVET3 PW NEW/Subject Area Contents/Public Website/Report (PDF)/AER.xdo?_xpf=&_xpt=1&_params%2FOracle%20BI%20EE%3A%3ADefaultApp%3A%3AEVVET3%20PR%20NEW%2FAER%3A%3Adimension%2FAER%20Id%3A%3Aattribute%3A%3Anoaggr%3A%3Axsd%3Adouble=228597&_xt=AER&_xf=pdf""> AER </a>",2010-09-23 00:00:00,Veterinarian,United States,FEMALE,Dog,"Hound - Swiss - (Lucerne Hound (Luzerner Laufhund), Schwyz Hound (Schweizer Laufhund), Bernese Hound, Jura Hound)","DFV DOXIVET 200 mg/ml, solution for use in drinking water for pigs and chickens, DFV DOXIVET 500 mg/g, powder for use in drinking water for pigs and chickens, Doxycycline 100 mg tablet, voor honden en katten, Doxycycline 15 mg tabletten voor honden en katten, Doxycycline 20% W.O., Doxycycline 20% W.O. poeder voor toediening via drinkwater voor vleeskuikens, Doxycycline 50% WSP, 500 mg/g, prašak za primjenu u vodi za piće/mliječnoj zamjenici, za goveda, svinje i kokoši, Doxycycline 500 mg/kg, poeder voor gebruik in drinkwater voor varken en kip, Doxycycline 75 mg tabletten voor honden, Doxycycline tabletten 20 mg voor honden en katten, IMMITICIDE, IMMITICIDE 25 mg/ml pó e solvente para solução injetável para cães, IVOMEC 0,6% premix medicamentat pentru porcine, IVOMEC 0,6% premix na medikáciu krmiva pre ošípané, IVOMEC 1 %, injekcinis tirpalas, IVOMEC 1% injekčný roztok, IVOMEC 10 mg/ml raztopina za injiciranje, IVOMEC INYECTABLE PARA OVINO, IVOMEC INYECTABLE PARA PORCINO, IVOMEC INYECTABLE PARA VACUNO, IVOMEC LIQUID,πόσιμο διάλυμα για πρόβατα 0.8mg/ml, IVOMEC Ovini, 10 mg/ml soluzione iniettabile per ovini, IVOMEC PREMIX, IVOMEC PREMIX FOR PIGS 0.6% w/w, φαρμακούχο πρόμιγμα για χοίρους, IVOMEC PREMIX PORCIN 0,04 %, IVOMEC Pour-On, IVOMEC Pour-On, 5 mg/ml soluzione per pour-on per bovini, IVOMEC Premix, 6.12 mg/g premiscela per alimenti medicamentosi per suini (Ivermectina), IVOMEC SOLUTION INJECTABLE POUR BOVINS, IVOMEC SOLUTION INJECTABLE POUR OVINS, IVOMEC SOLUTION INJECTABLE POUR PORCINS, IVOMEC SOLUTION POUR-ON BOVIN, IVOMEC ΕΝΕΣΙΜΟ ΔΙΑΛΥΜΑ ΓΙΑ ΧΟΙΡΟΥΣ 10 MG/ML, IVOMEC, 10 mg/ml soluzione iniettabile per bovini e suini, IVOMEC, 10mg/ml, Injekční roztok, Ivomec (Ivermectin), Ivomec 1 % 10 mg/ml injectable pour bovins et moutons, Ivomec 1 % injectable solution 10 mg/ml šķīdums injekcijām liellopiem, aitām un cūkām, Ivomec 1% 10 mg/ml Oplossing voor injectie, Ivomec 10 mg/ml Injektionslösung für Rinder, Schafe und Schweine, Ivomec 10 mg/ml oplossing voor injectie voor runderen, schapen en varkens, Ivomec 10 mg/ml solução injectável para bovinos, ovinos e suínos, Ivomec 5 mg/ml Pour-on oplossing, Ivomec Oraal Poeder 0,6 % Poeder voor oraal gebruik, Ivomec Pour-On voor Runderen, Ivomec Pour-On, 5 mg/ml solution pour pour-on pour bovins, Ivomec Pour-On, 5 mg/ml, Lösung zum Übergießen für Rinder, Ivomec Prämix 6 mg/g Arzneimittel-Vormischung zur Herstellung von Fütterungsarzneimitteln für Schweine, Ivomec Vet. 10 mg/ml injektionsvæske, opløsning, Ivomec injekció A.U.V., Ivomec poudre orale 0,6 % pour porcs, Ivomec pour on vet. 5 mg/ml Pour-on, lösning, Ivomec pour-on vet. 5 mg/ml, påhellingsvæske, oppløsning for storfe, Ivomec premix, Ivomec premix para suínos, Ivomec vet 10 mg/ml injektioneste, liuos, Ivomec vet 18,7 mg/g oraalipasta, Ivomec vet 6 mg/g esisekoite lääkerehua varten, Ivomec vet. 0,8 mg/ml Oral lösning, Ivomec vet. 0,8 mg/ml, mikstur oppløsning, Ivomec vet. 10 mg/ml Injektionsvätska, lösning, Ivomec vet. 10 mg/ml stungulyf, lausn, Ivomec vet. 10 mg/ml, injeksjonsvæske, oppløsning, Ivomec vet. 18,7 mg/g Oral pasta, Ivomec vet. oralpasta 18,7 mg/g, til hest, RIMADYL 100 mg COMPRIMIDOS MASTICABLES PARA PERROS, RIMADYL 100 mg comprimate pentru câini, RIMADYL 100 mg, kramtomosios tabletės šunims, RIMADYL 100MG/TAB ΜΑΣΩΜΕΝΟ ΔΙΣΚΙΟ, RIMADYL 20 mg COMPRIMIDOS MASTICABLES PARA PERROS, RIMADYL 20 mg, kramtomosios tabletės šunims, RIMADYL 20MG/TAB ΜΑΣΩΜΕΝΟ ΔΙΣΚΙΟ, RIMADYL 50 mg COMPRIMIDOS MASTICABLES PARA PERROS, RIMADYL 50 mg comprimate pentru câini, RIMADYL 50 mg, kramtomosios tabletės šunims, RIMADYL 50MG/TAB ΜΑΣΩΜΕΝΟ ΔΙΣΚΙΟ, RIMADYL 50mg/ml ενέσιμο διάλυμα για σκύλους και γάτες, RIMADYL CATTLE 50 mg/ml, injekcinis tirpalas galvijams, RIMADYL Cattle 50 mg/ml Solution for Injection, RIMADYL INJECTABLE SOLUTION INJECTABLE POUR CHATS ET CHIENS, RIMADYL Injection 50mg/ml Διαυγές αποστειρωμένο ενέσιμο διάλυμα για σκύλους και γάτες, RIMADYL SMAKELIJKE TABLETTEN 100 mg voor honden, RIMADYL SMAKELIJKE TABLETTEN 50 mg voor honden,",Lack of efficacy - NOS,1,1,
US-FRMERIAL-TS10US118906,"<a target=""_blank""  href=""/xmlpserver/EVVET3 PW NEW/Subject Area Contents/Public Website/Report (PDF)/AER.xdo?_xpf=&_xpt=1&_params%2FOracle%20BI%20EE%3A%3ADefaultApp%3A%3AEVVET3%20PR%20NEW%2FAER%3A%3Adimension%2FAER%20Id%3A%3Aattribute%3A%3Anoaggr%3A%3Axsd%3Adouble=243030&_xt=AER&_xf=pdf""> AER </a>",2010-12-02 00:00:00,Other health care professional,United States,FEMALE,Dog,Dachshund - Standard Smooth-haired,"CARDOTEK 30 PLUS 68 mcg / 163 mg COMPRIMIDOS MASTICABLES, IMMITICIDE, IMMITICIDE 25 mg/ml pó e solvente para solução injetável para cães, IVOMEC 0,6% premix medicamentat pentru porcine, IVOMEC 0,6% premix na medikáciu krmiva pre ošípané, IVOMEC 1 %, injekcinis tirpalas, IVOMEC 1% injekčný roztok, IVOMEC 10 mg/ml raztopina za injiciranje, IVOMEC INYECTABLE PARA OVINO, IVOMEC INYECTABLE PARA PORCINO, IVOMEC INYECTABLE PARA VACUNO, IVOMEC LIQUID,πόσιμο διάλυμα για πρόβατα 0.8mg/ml, IVOMEC Ovini, 10 mg/ml soluzione iniettabile per ovini, IVOMEC PREMIX, IVOMEC PREMIX FOR PIGS 0.6% w/w, φαρμακούχο πρόμιγμα για χοίρους, IVOMEC PREMIX PORCIN 0,04 %, IVOMEC Pour-On, IVOMEC Pour-On, 5 mg/ml soluzione per pour-on per bovini, IVOMEC Premix, 6.12 mg/g premiscela per alimenti medicamentosi per suini (Ivermectina), IVOMEC SOLUTION INJECTABLE POUR BOVINS, IVOMEC SOLUTION INJECTABLE POUR OVINS, IVOMEC SOLUTION INJECTABLE POUR PORCINS, IVOMEC SOLUTION POUR-ON BOVIN, IVOMEC ΕΝΕΣΙΜΟ ΔΙΑΛΥΜΑ ΓΙΑ ΧΟΙΡΟΥΣ 10 MG/ML, IVOMEC, 10 mg/ml soluzione iniettabile per bovini e suini, IVOMEC, 10mg/ml, Injekční roztok, Ivomec (Ivermectin), Ivomec 1 % 10 mg/ml injectable pour bovins et moutons, Ivomec 1 % injectable solution 10 mg/ml šķīdums injekcijām liellopiem, aitām un cūkām, Ivomec 1% 10 mg/ml Oplossing voor injectie, Ivomec 10 mg/ml Injektionslösung für Rinder, Schafe und Schweine, Ivomec 10 mg/ml oplossing voor injectie voor runderen, schapen en varkens, Ivomec 10 mg/ml solução injectável para bovinos, ovinos e suínos, Ivomec 5 mg/ml Pour-on oplossing, Ivomec Oraal Poeder 0,6 % Poeder voor oraal gebruik, Ivomec Pour-On voor Runderen, Ivomec Pour-On, 5 mg/ml solution pour pour-on pour bovins, Ivomec Pour-On, 5 mg/ml, Lösung zum Übergießen für Rinder, Ivomec Prämix 6 mg/g Arzneimittel-Vormischung zur Herstellung von Fütterungsarzneimitteln für Schweine, Ivomec Vet. 10 mg/ml injektionsvæske, opløsning, Ivomec injekció A.U.V., Ivomec poudre orale 0,6 % pour porcs, Ivomec pour on vet. 5 mg/ml Pour-on, lösning, Ivomec pour-on vet. 5 mg/ml, påhellingsvæske, oppløsning for storfe, Ivomec premix, Ivomec premix para suínos, Ivomec vet 10 mg/ml injektioneste, liuos, Ivomec vet 18,7 mg/g oraalipasta, Ivomec vet 6 mg/g esisekoite lääkerehua varten, Ivomec vet. 0,8 mg/ml Oral lösning, Ivomec vet. 0,8 mg/ml, mikstur oppløsning, Ivomec vet. 10 mg/ml Injektionsvätska, lösning, Ivomec vet. 10 mg/ml stungulyf, lausn, Ivomec vet. 10 mg/ml, injeksjonsvæske, oppløsning, Ivomec vet. 18,7 mg/g Oral pasta, Ivomec vet. oralpasta 18,7 mg/g, til hest, RIMADYL 100 mg COMPRIMIDOS MASTICABLES PARA PERROS, RIMADYL 100 mg comprimate pentru câini, RIMADYL 100 mg, kramtomosios tabletės šunims, RIMADYL 100MG/TAB ΜΑΣΩΜΕΝΟ ΔΙΣΚΙΟ, RIMADYL 20 mg COMPRIMIDOS MASTICABLES PARA PERROS, RIMADYL 20 mg, kramtomosios tabletės šunims, RIMADYL 20MG/TAB ΜΑΣΩΜΕΝΟ ΔΙΣΚΙΟ, RIMADYL 50 mg COMPRIMIDOS MASTICABLES PARA PERROS, RIMADYL 50 mg comprimate pentru câini, RIMADYL 50 mg, kramtomosios tabletės šunims, RIMADYL 50MG/TAB ΜΑΣΩΜΕΝΟ ΔΙΣΚΙΟ, RIMADYL 50mg/ml ενέσιμο διάλυμα για σκύλους και γάτες, RIMADYL CATTLE 50 mg/ml, injekcinis tirpalas galvijams, RIMADYL Cattle 50 mg/ml Solution for Injection, RIMADYL INJECTABLE SOLUTION INJECTABLE POUR CHATS ET CHIENS, RIMADYL Injection 50mg/ml Διαυγές αποστειρωμένο ενέσιμο διάλυμα για σκύλους και γάτες, RIMADYL SMAKELIJKE TABLETTEN 100 mg voor honden, RIMADYL SMAKELIJKE TABLETTEN 50 mg voor honden, RIMADYL VET 50 mg/ml injektioneste, liuos, RIMADYL vet 100 mg purutabletti, RIMADYL vet 20 mg purutabletti, RIMADYL vet 50 mg purutabletti, Rimadyl 100 mg - Kautabletten für Hunde, Rimadyl 100 mg Comprimés Appétents 100 mg Tablet, Rimadyl 100 mg Kautablette für Hunde, Rimadyl 100 mg comprimidos mastigáveis para cães, Rimadyl 100 mg comprimés appétents, 100 mg, comprimés pour chiens, Rimadyl 100 mg okusne, žvečljive tablete za pse, Rimadyl 100 mg tabletes suņiem, Rimadyl 100 mg ízesített tabletta A.U.V., Rimadyl 20 mg - Kautabletten für Hunde, Rimadyl 20 mg Comprimés Appétents 2",Lack of efficacy - NOS,1,1,
US-NAH-US201003413,"<a target=""_blank""  href=""/xmlpserver/EVVET3 PW NEW/Subject Area Contents/Public Website/Report (PDF)/AER.xdo?_xpf=&_xpt=1&_params%2FOracle%20BI%20EE%3A%3ADefaultApp%3A%3AEVVET3%20PR%20NEW%2FAER%3A%3Adimension%2FAER%20Id%3A%3Aattribute%3A%3Anoaggr%3A%3Axsd%3Adouble=179708&_xt=AER&_xf=pdf""> AER </a>",2010-05-10 00:00:00,Veterinarian,United States,FEMALE,Dog,Terrier - West Highland White,"Atopica 50 mg soft capsules for dogs, RIMADYL 100 mg COMPRIMIDOS MASTICABLES PARA PERROS, RIMADYL 100 mg comprimate pentru câini, RIMADYL 100 mg, kramtomosios tabletės šunims, RIMADYL 100MG/TAB ΜΑΣΩΜΕΝΟ ΔΙΣΚΙΟ, RIMADYL 20 mg COMPRIMIDOS MASTICABLES PARA PERROS, RIMADYL 20 mg, kramtomosios tabletės šunims, RIMADYL 20MG/TAB ΜΑΣΩΜΕΝΟ ΔΙΣΚΙΟ, RIMADYL 50 mg COMPRIMIDOS MASTICABLES PARA PERROS, RIMADYL 50 mg comprimate pentru câini, RIMADYL 50 mg, kramtomosios tabletės šunims, RIMADYL 50MG/TAB ΜΑΣΩΜΕΝΟ ΔΙΣΚΙΟ, RIMADYL 50mg/ml ενέσιμο διάλυμα για σκύλους και γάτες, RIMADYL CATTLE 50 mg/ml, injekcinis tirpalas galvijams, RIMADYL Cattle 50 mg/ml Solution for Injection, RIMADYL INJECTABLE SOLUTION INJECTABLE POUR CHATS ET CHIENS, RIMADYL Injection 50mg/ml Διαυγές αποστειρωμένο ενέσιμο διάλυμα για σκύλους και γάτες, RIMADYL SMAKELIJKE TABLETTEN 100 mg voor honden, RIMADYL SMAKELIJKE TABLETTEN 50 mg voor honden, RIMADYL VET 50 mg/ml injektioneste, liuos, RIMADYL vet 100 mg purutabletti, RIMADYL vet 20 mg purutabletti, RIMADYL vet 50 mg purutabletti, Rimadyl 100 mg - Kautabletten für Hunde, Rimadyl 100 mg Comprimés Appétents 100 mg Tablet, Rimadyl 100 mg Kautablette für Hunde, Rimadyl 100 mg comprimidos mastigáveis para cães, Rimadyl 100 mg comprimés appétents, 100 mg, comprimés pour chiens, Rimadyl 100 mg okusne, žvečljive tablete za pse, Rimadyl 100 mg tabletes suņiem, Rimadyl 100 mg ízesített tabletta A.U.V., Rimadyl 20 mg - Kautabletten für Hunde, Rimadyl 20 mg Comprimés Appétents 20 mg Comprimé, Rimadyl 20 mg Comprimés Appétents 20 mg Tablet, Rimadyl 20 mg Kautablette für Hunde, Rimadyl 20 mg okusne, žvečljive tablete za pse, Rimadyl 20 mg ízesített tabletta A.U.V., Rimadyl 20 mg таблетки за кучета/Rimadyl 50 mg таблетки за кучета/Rimadyl 100 mg таблетки за кучета, Rimadyl 50 mg - Kautabletten für Hunde, Rimadyl 50 mg Comprimés Appétents 50 mg Tablet, Rimadyl 50 mg Kautablette für Hunde, Rimadyl 50 mg comprimidos mastigáveis para cães, Rimadyl 50 mg comprimés appétents, 50 mg, comprimés pour chiens, Rimadyl 50 mg košļājamās tabletes suņiem, Rimadyl 50 mg okusne, žvečljive tablete za pse, Rimadyl 50 mg ízesített tabletta A.U.V., Rimadyl 50 mg/ml - Injektionslösung für Hunde und Katzen, Rimadyl 50 mg/ml injekčný roztok, Rimadyl 50mg/ml Injektionslösung für Hunde und Katzen, Rimadyl Cattle, 50 mg/mL, otopina za injekciju, za goveda, Rimadyl Iniettabile 50 mg/ml, soluzione iniettabile per cane e gatto., Rimadyl Palatable 100 mg tablety pre psy, Rimadyl Palatable 20 mg tablety pre psy, Rimadyl Palatable 50 mg tablety pre psy, Rimadyl Palatable Tablets 100, Rimadyl Palatable Tablets 100 mg, Rimadyl Palatable Tablets 100 mg tabletes suņiem, Rimadyl Palatable Tablets 20 mg, Rimadyl Palatable Tablets 20 mg tabletes suņiem, Rimadyl Palatable Tablets 50, Rimadyl Palatable Tablets 50 mg, Rimadyl Palatable Tablets 50 mg tabletes suņiem, Rimadyl Palatable Tablets da 100 mg per cani, Rimadyl Palatable Tablets da 20 mg per cani, Rimadyl Palatable Tablets da 50 mg per cani, Rimadyl Palatable, 100mg, Žvýkací tableta, Rimadyl Palatable, 20mg, Žvýkací tableta, Rimadyl Palatable, 50mg, Žvýkací tableta, Rimadyl Solution for Injection for dogs and cats 50 mg/ml, Rimadyl Vet. 100 mg tyggetabletter, Rimadyl Vet. 20 mg tyggetabletter, Rimadyl Vet. 50 mg tyggetabletter, Rimadyl cattle 50 mg/ml oplossing voor injectie, Rimadyl injectievloeistof, 50 mg/ml voor honden en katten, Rimadyl smakelijke tabletten 100 mg voor honden, Rimadyl smakelijke tabletten 20 mg voor honden, Rimadyl smakelijke tabletten 50 mg voor honden, Rimadyl vet. 100 mg Tuggtablett, Rimadyl vet. 100 mg tyggetabletter, Rimadyl vet. 20 mg Tuggtablett, Rimadyl vet. 20 mg tyggetabletter, Rimadyl vet. 50 mg Tuggtablett, Rimadyl vet. 50 mg tyggetabletter, Rimadyl vet., 100 mg, Tuggtablett, Rimadyl Μασώμενο Δισκίο 100mg για σκύλους, Rimadyl Μασώμενο Δισκίο 20mg για σκύλους, Rimadyl Μασώμενο Δισκίο 50mg για σκύλους, Rimadyl, 100 mg närimistablett koertele, Rimadyl, 20 mg närimistablett koertele, Rimad","Diabetes mellitus, Polydipsia, Polyuria",1,1,
US-NAH-US201004566,"<a target=""_blank""  href=""/xmlpserver/EVVET3 PW NEW/Subject Area Contents/Public Website/Report (PDF)/AER.xdo?_xpf=&_xpt=1&_params%2FOracle%20BI%20EE%3A%3ADefaultApp%3A%3AEVVET3%20PR%20NEW%2FAER%3A%3Adimension%2FAER%20Id%3A%3Aattribute%3A%3Anoaggr%3A%3Axsd%3Adouble=135708&_xt=AER&_xf=pdf""> AER </a>",2010-04-07 00:00:00,Veterinarian,United States,FEMALE,Dog,Retriever - Labrador,"Atopica 100 mg soft capsules for dogs, RIMADYL 100 mg COMPRIMIDOS MASTICABLES PARA PERROS, RIMADYL 100 mg comprimate pentru câini, RIMADYL 100 mg, kramtomosios tabletės šunims, RIMADYL 100MG/TAB ΜΑΣΩΜΕΝΟ ΔΙΣΚΙΟ, RIMADYL 20 mg COMPRIMIDOS MASTICABLES PARA PERROS, RIMADYL 20 mg, kramtomosios tabletės šunims, RIMADYL 20MG/TAB ΜΑΣΩΜΕΝΟ ΔΙΣΚΙΟ, RIMADYL 50 mg COMPRIMIDOS MASTICABLES PARA PERROS, RIMADYL 50 mg comprimate pentru câini, RIMADYL 50 mg, kramtomosios tabletės šunims, RIMADYL 50MG/TAB ΜΑΣΩΜΕΝΟ ΔΙΣΚΙΟ, RIMADYL 50mg/ml ενέσιμο διάλυμα για σκύλους και γάτες, RIMADYL CATTLE 50 mg/ml, injekcinis tirpalas galvijams, RIMADYL Cattle 50 mg/ml Solution for Injection, RIMADYL INJECTABLE SOLUTION INJECTABLE POUR CHATS ET CHIENS, RIMADYL Injection 50mg/ml Διαυγές αποστειρωμένο ενέσιμο διάλυμα για σκύλους και γάτες, RIMADYL SMAKELIJKE TABLETTEN 100 mg voor honden, RIMADYL SMAKELIJKE TABLETTEN 50 mg voor honden, RIMADYL VET 50 mg/ml injektioneste, liuos, RIMADYL vet 100 mg purutabletti, RIMADYL vet 20 mg purutabletti, RIMADYL vet 50 mg purutabletti, Rimadyl 100 mg - Kautabletten für Hunde, Rimadyl 100 mg Comprimés Appétents 100 mg Tablet, Rimadyl 100 mg Kautablette für Hunde, Rimadyl 100 mg comprimidos mastigáveis para cães, Rimadyl 100 mg comprimés appétents, 100 mg, comprimés pour chiens, Rimadyl 100 mg okusne, žvečljive tablete za pse, Rimadyl 100 mg tabletes suņiem, Rimadyl 100 mg ízesített tabletta A.U.V., Rimadyl 20 mg - Kautabletten für Hunde, Rimadyl 20 mg Comprimés Appétents 20 mg Comprimé, Rimadyl 20 mg Comprimés Appétents 20 mg Tablet, Rimadyl 20 mg Kautablette für Hunde, Rimadyl 20 mg okusne, žvečljive tablete za pse, Rimadyl 20 mg ízesített tabletta A.U.V., Rimadyl 20 mg таблетки за кучета/Rimadyl 50 mg таблетки за кучета/Rimadyl 100 mg таблетки за кучета, Rimadyl 50 mg - Kautabletten für Hunde, Rimadyl 50 mg Comprimés Appétents 50 mg Tablet, Rimadyl 50 mg Kautablette für Hunde, Rimadyl 50 mg comprimidos mastigáveis para cães, Rimadyl 50 mg comprimés appétents, 50 mg, comprimés pour chiens, Rimadyl 50 mg košļājamās tabletes suņiem, Rimadyl 50 mg okusne, žvečljive tablete za pse, Rimadyl 50 mg ízesített tabletta A.U.V., Rimadyl 50 mg/ml - Injektionslösung für Hunde und Katzen, Rimadyl 50 mg/ml injekčný roztok, Rimadyl 50mg/ml Injektionslösung für Hunde und Katzen, Rimadyl Cattle, 50 mg/mL, otopina za injekciju, za goveda, Rimadyl Iniettabile 50 mg/ml, soluzione iniettabile per cane e gatto., Rimadyl Palatable 100 mg tablety pre psy, Rimadyl Palatable 20 mg tablety pre psy, Rimadyl Palatable 50 mg tablety pre psy, Rimadyl Palatable Tablets 100, Rimadyl Palatable Tablets 100 mg, Rimadyl Palatable Tablets 100 mg tabletes suņiem, Rimadyl Palatable Tablets 20 mg, Rimadyl Palatable Tablets 20 mg tabletes suņiem, Rimadyl Palatable Tablets 50, Rimadyl Palatable Tablets 50 mg, Rimadyl Palatable Tablets 50 mg tabletes suņiem, Rimadyl Palatable Tablets da 100 mg per cani, Rimadyl Palatable Tablets da 20 mg per cani, Rimadyl Palatable Tablets da 50 mg per cani, Rimadyl Palatable, 100mg, Žvýkací tableta, Rimadyl Palatable, 20mg, Žvýkací tableta, Rimadyl Palatable, 50mg, Žvýkací tableta, Rimadyl Solution for Injection for dogs and cats 50 mg/ml, Rimadyl Vet. 100 mg tyggetabletter, Rimadyl Vet. 20 mg tyggetabletter, Rimadyl Vet. 50 mg tyggetabletter, Rimadyl cattle 50 mg/ml oplossing voor injectie, Rimadyl injectievloeistof, 50 mg/ml voor honden en katten, Rimadyl smakelijke tabletten 100 mg voor honden, Rimadyl smakelijke tabletten 20 mg voor honden, Rimadyl smakelijke tabletten 50 mg voor honden, Rimadyl vet. 100 mg Tuggtablett, Rimadyl vet. 100 mg tyggetabletter, Rimadyl vet. 20 mg Tuggtablett, Rimadyl vet. 20 mg tyggetabletter, Rimadyl vet. 50 mg Tuggtablett, Rimadyl vet. 50 mg tyggetabletter, Rimadyl vet., 100 mg, Tuggtablett, Rimadyl Μασώμενο Δισκίο 100mg για σκύλους, Rimadyl Μασώμενο Δισκίο 20mg για σκύλους, Rimadyl Μασώμενο Δισκίο 50mg για σκύλους, Rimadyl, 100 mg närimistablett koertele, Rimadyl, 20 mg närimistablett koertele, Rima","Neoplasia NOS, Palpable mass NOS",1,1,
US-NAH-US201006623,"<a target=""_blank""  href=""/xmlpserver/EVVET3 PW NEW/Subject Area Contents/Public Website/Report (PDF)/AER.xdo?_xpf=&_xpt=1&_params%2FOracle%20BI%20EE%3A%3ADefaultApp%3A%3AEVVET3%20PR%20NEW%2FAER%3A%3Adimension%2FAER%20Id%3A%3Aattribute%3A%3Anoaggr%3A%3Axsd%3Adouble=200288&_xt=AER&_xf=pdf""> AER </a>",2010-06-22 00:00:00,Veterinarian,United States,FEMALE,Dog,Hound - Basset,"Atopica 50 mg soft capsules for dogs, RIMADYL 100 mg COMPRIMIDOS MASTICABLES PARA PERROS, RIMADYL 100 mg comprimate pentru câini, RIMADYL 100 mg, kramtomosios tabletės šunims, RIMADYL 100MG/TAB ΜΑΣΩΜΕΝΟ ΔΙΣΚΙΟ, RIMADYL 20 mg COMPRIMIDOS MASTICABLES PARA PERROS, RIMADYL 20 mg, kramtomosios tabletės šunims, RIMADYL 20MG/TAB ΜΑΣΩΜΕΝΟ ΔΙΣΚΙΟ, RIMADYL 50 mg COMPRIMIDOS MASTICABLES PARA PERROS, RIMADYL 50 mg comprimate pentru câini, RIMADYL 50 mg, kramtomosios tabletės šunims, RIMADYL 50MG/TAB ΜΑΣΩΜΕΝΟ ΔΙΣΚΙΟ, RIMADYL 50mg/ml ενέσιμο διάλυμα για σκύλους και γάτες, RIMADYL CATTLE 50 mg/ml, injekcinis tirpalas galvijams, RIMADYL Cattle 50 mg/ml Solution for Injection, RIMADYL INJECTABLE SOLUTION INJECTABLE POUR CHATS ET CHIENS, RIMADYL Injection 50mg/ml Διαυγές αποστειρωμένο ενέσιμο διάλυμα για σκύλους και γάτες, RIMADYL SMAKELIJKE TABLETTEN 100 mg voor honden, RIMADYL SMAKELIJKE TABLETTEN 50 mg voor honden, RIMADYL VET 50 mg/ml injektioneste, liuos, RIMADYL vet 100 mg purutabletti, RIMADYL vet 20 mg purutabletti, RIMADYL vet 50 mg purutabletti, Rimadyl 100 mg - Kautabletten für Hunde, Rimadyl 100 mg Comprimés Appétents 100 mg Tablet, Rimadyl 100 mg Kautablette für Hunde, Rimadyl 100 mg comprimidos mastigáveis para cães, Rimadyl 100 mg comprimés appétents, 100 mg, comprimés pour chiens, Rimadyl 100 mg okusne, žvečljive tablete za pse, Rimadyl 100 mg tabletes suņiem, Rimadyl 100 mg ízesített tabletta A.U.V., Rimadyl 20 mg - Kautabletten für Hunde, Rimadyl 20 mg Comprimés Appétents 20 mg Comprimé, Rimadyl 20 mg Comprimés Appétents 20 mg Tablet, Rimadyl 20 mg Kautablette für Hunde, Rimadyl 20 mg okusne, žvečljive tablete za pse, Rimadyl 20 mg ízesített tabletta A.U.V., Rimadyl 20 mg таблетки за кучета/Rimadyl 50 mg таблетки за кучета/Rimadyl 100 mg таблетки за кучета, Rimadyl 50 mg - Kautabletten für Hunde, Rimadyl 50 mg Comprimés Appétents 50 mg Tablet, Rimadyl 50 mg Kautablette für Hunde, Rimadyl 50 mg comprimidos mastigáveis para cães, Rimadyl 50 mg comprimés appétents, 50 mg, comprimés pour chiens, Rimadyl 50 mg košļājamās tabletes suņiem, Rimadyl 50 mg okusne, žvečljive tablete za pse, Rimadyl 50 mg ízesített tabletta A.U.V., Rimadyl 50 mg/ml - Injektionslösung für Hunde und Katzen, Rimadyl 50 mg/ml injekčný roztok, Rimadyl 50mg/ml Injektionslösung für Hunde und Katzen, Rimadyl Cattle, 50 mg/mL, otopina za injekciju, za goveda, Rimadyl Iniettabile 50 mg/ml, soluzione iniettabile per cane e gatto., Rimadyl Palatable 100 mg tablety pre psy, Rimadyl Palatable 20 mg tablety pre psy, Rimadyl Palatable 50 mg tablety pre psy, Rimadyl Palatable Tablets 100, Rimadyl Palatable Tablets 100 mg, Rimadyl Palatable Tablets 100 mg tabletes suņiem, Rimadyl Palatable Tablets 20 mg, Rimadyl Palatable Tablets 20 mg tabletes suņiem, Rimadyl Palatable Tablets 50, Rimadyl Palatable Tablets 50 mg, Rimadyl Palatable Tablets 50 mg tabletes suņiem, Rimadyl Palatable Tablets da 100 mg per cani, Rimadyl Palatable Tablets da 20 mg per cani, Rimadyl Palatable Tablets da 50 mg per cani, Rimadyl Palatable, 100mg, Žvýkací tableta, Rimadyl Palatable, 20mg, Žvýkací tableta, Rimadyl Palatable, 50mg, Žvýkací tableta, Rimadyl Solution for Injection for dogs and cats 50 mg/ml, Rimadyl Vet. 100 mg tyggetabletter, Rimadyl Vet. 20 mg tyggetabletter, Rimadyl Vet. 50 mg tyggetabletter, Rimadyl cattle 50 mg/ml oplossing voor injectie, Rimadyl injectievloeistof, 50 mg/ml voor honden en katten, Rimadyl smakelijke tabletten 100 mg voor honden, Rimadyl smakelijke tabletten 20 mg voor honden, Rimadyl smakelijke tabletten 50 mg voor honden, Rimadyl vet. 100 mg Tuggtablett, Rimadyl vet. 100 mg tyggetabletter, Rimadyl vet. 20 mg Tuggtablett, Rimadyl vet. 20 mg tyggetabletter, Rimadyl vet. 50 mg Tuggtablett, Rimadyl vet. 50 mg tyggetabletter, Rimadyl vet., 100 mg, Tuggtablett, Rimadyl Μασώμενο Δισκίο 100mg για σκύλους, Rimadyl Μασώμενο Δισκίο 20mg για σκύλους, Rimadyl Μασώμενο Δισκίο 50mg για σκύλους, Rimadyl, 100 mg närimistablett koertele, Rimadyl, 20 mg närimistablett koertele, Rimad","Digestive tract neoplasm NOS, Gingival disorder",1,1,
US-NLINTVINT-2010-US-03893,"<a target=""_blank""  href=""/xmlpserver/EVVET3 PW NEW/Subject Area Contents/Public Website/Report (PDF)/AER.xdo?_xpf=&_xpt=1&_params%2FOracle%20BI%20EE%3A%3ADefaultApp%3A%3AEVVET3%20PR%20NEW%2FAER%3A%3Adimension%2FAER%20Id%3A%3Aattribute%3A%3Anoaggr%3A%3Axsd%3Adouble=213762&_xt=AER&_xf=pdf""> AER </a>",2010-08-18 00:00:00,Animal owner,United States,FEMALE,Dog,Pointing Dog - German Short-haired,"OTOMAX EAR DROPS SUSPENSION, OTOMAX ear drops, OTOMAX ušná suspenzia pre psy, OTOMAX, Ušní kapky, suspenze, OTOMAX, kapi za uho, suspenzija, za pse, Otomax (2640 j.m. + 0,88 mg + 8,8 mg)/ml Zawiesina do uszu, Otomax 2640 NE / 0,88 mg / 8,8 mg / ml szuszpenziós fülcsepp kutyák számára, Otomax gotas auriculares, suspensão, Otomax kapljice za uho, suspenzija, RIMADYL 100 mg COMPRIMIDOS MASTICABLES PARA PERROS, RIMADYL 100 mg comprimate pentru câini, RIMADYL 100 mg, kramtomosios tabletės šunims, RIMADYL 100MG/TAB ΜΑΣΩΜΕΝΟ ΔΙΣΚΙΟ, RIMADYL 20 mg COMPRIMIDOS MASTICABLES PARA PERROS, RIMADYL 20 mg, kramtomosios tabletės šunims, RIMADYL 20MG/TAB ΜΑΣΩΜΕΝΟ ΔΙΣΚΙΟ, RIMADYL 50 mg COMPRIMIDOS MASTICABLES PARA PERROS, RIMADYL 50 mg comprimate pentru câini, RIMADYL 50 mg, kramtomosios tabletės šunims, RIMADYL 50MG/TAB ΜΑΣΩΜΕΝΟ ΔΙΣΚΙΟ, RIMADYL 50mg/ml ενέσιμο διάλυμα για σκύλους και γάτες, RIMADYL CATTLE 50 mg/ml, injekcinis tirpalas galvijams, RIMADYL Cattle 50 mg/ml Solution for Injection, RIMADYL INJECTABLE SOLUTION INJECTABLE POUR CHATS ET CHIENS, RIMADYL Injection 50mg/ml Διαυγές αποστειρωμένο ενέσιμο διάλυμα για σκύλους και γάτες, RIMADYL SMAKELIJKE TABLETTEN 100 mg voor honden, RIMADYL SMAKELIJKE TABLETTEN 50 mg voor honden, RIMADYL VET 50 mg/ml injektioneste, liuos, RIMADYL vet 100 mg purutabletti, RIMADYL vet 20 mg purutabletti, RIMADYL vet 50 mg purutabletti, Rimadyl 100 mg - Kautabletten für Hunde, Rimadyl 100 mg Comprimés Appétents 100 mg Tablet, Rimadyl 100 mg Kautablette für Hunde, Rimadyl 100 mg comprimidos mastigáveis para cães, Rimadyl 100 mg comprimés appétents, 100 mg, comprimés pour chiens, Rimadyl 100 mg okusne, žvečljive tablete za pse, Rimadyl 100 mg tabletes suņiem, Rimadyl 100 mg ízesített tabletta A.U.V., Rimadyl 20 mg - Kautabletten für Hunde, Rimadyl 20 mg Comprimés Appétents 20 mg Comprimé, Rimadyl 20 mg Comprimés Appétents 20 mg Tablet, Rimadyl 20 mg Kautablette für Hunde, Rimadyl 20 mg okusne, žvečljive tablete za pse, Rimadyl 20 mg ízesített tabletta A.U.V., Rimadyl 20 mg таблетки за кучета/Rimadyl 50 mg таблетки за кучета/Rimadyl 100 mg таблетки за кучета, Rimadyl 50 mg - Kautabletten für Hunde, Rimadyl 50 mg Comprimés Appétents 50 mg Tablet, Rimadyl 50 mg Kautablette für Hunde, Rimadyl 50 mg comprimidos mastigáveis para cães, Rimadyl 50 mg comprimés appétents, 50 mg, comprimés pour chiens, Rimadyl 50 mg košļājamās tabletes suņiem, Rimadyl 50 mg okusne, žvečljive tablete za pse, Rimadyl 50 mg ízesített tabletta A.U.V., Rimadyl 50 mg/ml - Injektionslösung für Hunde und Katzen, Rimadyl 50 mg/ml injekčný roztok, Rimadyl 50mg/ml Injektionslösung für Hunde und Katzen, Rimadyl Cattle, 50 mg/mL, otopina za injekciju, za goveda, Rimadyl Iniettabile 50 mg/ml, soluzione iniettabile per cane e gatto., Rimadyl Palatable 100 mg tablety pre psy, Rimadyl Palatable 20 mg tablety pre psy, Rimadyl Palatable 50 mg tablety pre psy, Rimadyl Palatable Tablets 100, Rimadyl Palatable Tablets 100 mg, Rimadyl Palatable Tablets 100 mg tabletes suņiem, Rimadyl Palatable Tablets 20 mg, Rimadyl Palatable Tablets 20 mg tabletes suņiem, Rimadyl Palatable Tablets 50, Rimadyl Palatable Tablets 50 mg, Rimadyl Palatable Tablets 50 mg tabletes suņiem, Rimadyl Palatable Tablets da 100 mg per cani, Rimadyl Palatable Tablets da 20 mg per cani, Rimadyl Palatable Tablets da 50 mg per cani, Rimadyl Palatable, 100mg, Žvýkací tableta, Rimadyl Palatable, 20mg, Žvýkací tableta, Rimadyl Palatable, 50mg, Žvýkací tableta, Rimadyl Solution for Injection for dogs and cats 50 mg/ml, Rimadyl Vet. 100 mg tyggetabletter, Rimadyl Vet. 20 mg tyggetabletter, Rimadyl Vet. 50 mg tyggetabletter, Rimadyl cattle 50 mg/ml oplossing voor injectie, Rimadyl injectievloeistof, 50 mg/ml voor honden en katten, Rimadyl smakelijke tabletten 100 mg voor honden, Rimadyl smakelijke tabletten 20 mg voor honden, Rimadyl smakelijke tabletten 50 mg voor honden, Rimadyl vet. 100 mg Tuggtablett, Rimadyl vet. 100 mg tyggetabletter, Rimadyl vet. 20 mg Tuggtablett, Rimadyl vet. 20 mg tyggetable",Partial deafness,1,1,
US-NLINTVINT-2010-US-06696,"<a target=""_blank""  href=""/xmlpserver/EVVET3 PW NEW/Subject Area Contents/Public Website/Report (PDF)/AER.xdo?_xpf=&_xpt=1&_params%2FOracle%20BI%20EE%3A%3ADefaultApp%3A%3AEVVET3%20PR%20NEW%2FAER%3A%3Adimension%2FAER%20Id%3A%3Aattribute%3A%3Anoaggr%3A%3Axsd%3Adouble=204969&_xt=AER&_xf=pdf""> AER </a>",2010-07-22 00:00:00,Veterinarian,United States,MALE,Dog,Corgi - Welsh Cardigan,"OTOMAX EAR DROPS SUSPENSION, OTOMAX ear drops, OTOMAX ušná suspenzia pre psy, OTOMAX, Ušní kapky, suspenze, OTOMAX, kapi za uho, suspenzija, za pse, Otomax (2640 j.m. + 0,88 mg + 8,8 mg)/ml Zawiesina do uszu, Otomax 2640 NE / 0,88 mg / 8,8 mg / ml szuszpenziós fülcsepp kutyák számára, Otomax gotas auriculares, suspensão, Otomax kapljice za uho, suspenzija, RIMADYL 100 mg COMPRIMIDOS MASTICABLES PARA PERROS, RIMADYL 100 mg comprimate pentru câini, RIMADYL 100 mg, kramtomosios tabletės šunims, RIMADYL 100MG/TAB ΜΑΣΩΜΕΝΟ ΔΙΣΚΙΟ, RIMADYL 20 mg COMPRIMIDOS MASTICABLES PARA PERROS, RIMADYL 20 mg, kramtomosios tabletės šunims, RIMADYL 20MG/TAB ΜΑΣΩΜΕΝΟ ΔΙΣΚΙΟ, RIMADYL 50 mg COMPRIMIDOS MASTICABLES PARA PERROS, RIMADYL 50 mg comprimate pentru câini, RIMADYL 50 mg, kramtomosios tabletės šunims, RIMADYL 50MG/TAB ΜΑΣΩΜΕΝΟ ΔΙΣΚΙΟ, RIMADYL 50mg/ml ενέσιμο διάλυμα για σκύλους και γάτες, RIMADYL CATTLE 50 mg/ml, injekcinis tirpalas galvijams, RIMADYL Cattle 50 mg/ml Solution for Injection, RIMADYL INJECTABLE SOLUTION INJECTABLE POUR CHATS ET CHIENS, RIMADYL Injection 50mg/ml Διαυγές αποστειρωμένο ενέσιμο διάλυμα για σκύλους και γάτες, RIMADYL SMAKELIJKE TABLETTEN 100 mg voor honden, RIMADYL SMAKELIJKE TABLETTEN 50 mg voor honden, RIMADYL VET 50 mg/ml injektioneste, liuos, RIMADYL vet 100 mg purutabletti, RIMADYL vet 20 mg purutabletti, RIMADYL vet 50 mg purutabletti, Rimadyl 100 mg - Kautabletten für Hunde, Rimadyl 100 mg Comprimés Appétents 100 mg Tablet, Rimadyl 100 mg Kautablette für Hunde, Rimadyl 100 mg comprimidos mastigáveis para cães, Rimadyl 100 mg comprimés appétents, 100 mg, comprimés pour chiens, Rimadyl 100 mg okusne, žvečljive tablete za pse, Rimadyl 100 mg tabletes suņiem, Rimadyl 100 mg ízesített tabletta A.U.V., Rimadyl 20 mg - Kautabletten für Hunde, Rimadyl 20 mg Comprimés Appétents 20 mg Comprimé, Rimadyl 20 mg Comprimés Appétents 20 mg Tablet, Rimadyl 20 mg Kautablette für Hunde, Rimadyl 20 mg okusne, žvečljive tablete za pse, Rimadyl 20 mg ízesített tabletta A.U.V., Rimadyl 20 mg таблетки за кучета/Rimadyl 50 mg таблетки за кучета/Rimadyl 100 mg таблетки за кучета, Rimadyl 50 mg - Kautabletten für Hunde, Rimadyl 50 mg Comprimés Appétents 50 mg Tablet, Rimadyl 50 mg Kautablette für Hunde, Rimadyl 50 mg comprimidos mastigáveis para cães, Rimadyl 50 mg comprimés appétents, 50 mg, comprimés pour chiens, Rimadyl 50 mg košļājamās tabletes suņiem, Rimadyl 50 mg okusne, žvečljive tablete za pse, Rimadyl 50 mg ízesített tabletta A.U.V., Rimadyl 50 mg/ml - Injektionslösung für Hunde und Katzen, Rimadyl 50 mg/ml injekčný roztok, Rimadyl 50mg/ml Injektionslösung für Hunde und Katzen, Rimadyl Cattle, 50 mg/mL, otopina za injekciju, za goveda, Rimadyl Iniettabile 50 mg/ml, soluzione iniettabile per cane e gatto., Rimadyl Palatable 100 mg tablety pre psy, Rimadyl Palatable 20 mg tablety pre psy, Rimadyl Palatable 50 mg tablety pre psy, Rimadyl Palatable Tablets 100, Rimadyl Palatable Tablets 100 mg, Rimadyl Palatable Tablets 100 mg tabletes suņiem, Rimadyl Palatable Tablets 20 mg, Rimadyl Palatable Tablets 20 mg tabletes suņiem, Rimadyl Palatable Tablets 50, Rimadyl Palatable Tablets 50 mg, Rimadyl Palatable Tablets 50 mg tabletes suņiem, Rimadyl Palatable Tablets da 100 mg per cani, Rimadyl Palatable Tablets da 20 mg per cani, Rimadyl Palatable Tablets da 50 mg per cani, Rimadyl Palatable, 100mg, Žvýkací tableta, Rimadyl Palatable, 20mg, Žvýkací tableta, Rimadyl Palatable, 50mg, Žvýkací tableta, Rimadyl Solution for Injection for dogs and cats 50 mg/ml, Rimadyl Vet. 100 mg tyggetabletter, Rimadyl Vet. 20 mg tyggetabletter, Rimadyl Vet. 50 mg tyggetabletter, Rimadyl cattle 50 mg/ml oplossing voor injectie, Rimadyl injectievloeistof, 50 mg/ml voor honden en katten, Rimadyl smakelijke tabletten 100 mg voor honden, Rimadyl smakelijke tabletten 20 mg voor honden, Rimadyl smakelijke tabletten 50 mg voor honden, Rimadyl vet. 100 mg Tuggtablett, Rimadyl vet. 100 mg tyggetabletter, Rimadyl vet. 20 mg Tuggtablett, Rimadyl vet. 20 mg tyggetable",Deafness,1,1,
US-OPAH-US20100011,"<a target=""_blank""  href=""/xmlpserver/EVVET3 PW NEW/Subject Area Contents/Public Website/Report (PDF)/AER.xdo?_xpf=&_xpt=1&_params%2FOracle%20BI%20EE%3A%3ADefaultApp%3A%3AEVVET3%20PR%20NEW%2FAER%3A%3Adimension%2FAER%20Id%3A%3Aattribute%3A%3Anoaggr%3A%3Axsd%3Adouble=121280&_xt=AER&_xf=pdf""> AER </a>",2010-02-17 00:00:00,Unknown,United States,MALE,Dog,Akita,"Dexdomitor 0.1 mg/ml - Solution for injection, Dexdomitor 0.5 mg/ml - Solution for injection, RIMADYL 100 mg COMPRIMIDOS MASTICABLES PARA PERROS, RIMADYL 100 mg comprimate pentru câini, RIMADYL 100 mg, kramtomosios tabletės šunims, RIMADYL 100MG/TAB ΜΑΣΩΜΕΝΟ ΔΙΣΚΙΟ, RIMADYL 20 mg COMPRIMIDOS MASTICABLES PARA PERROS, RIMADYL 20 mg, kramtomosios tabletės šunims, RIMADYL 20MG/TAB ΜΑΣΩΜΕΝΟ ΔΙΣΚΙΟ, RIMADYL 50 mg COMPRIMIDOS MASTICABLES PARA PERROS, RIMADYL 50 mg comprimate pentru câini, RIMADYL 50 mg, kramtomosios tabletės šunims, RIMADYL 50MG/TAB ΜΑΣΩΜΕΝΟ ΔΙΣΚΙΟ, RIMADYL 50mg/ml ενέσιμο διάλυμα για σκύλους και γάτες, RIMADYL CATTLE 50 mg/ml, injekcinis tirpalas galvijams, RIMADYL Cattle 50 mg/ml Solution for Injection, RIMADYL INJECTABLE SOLUTION INJECTABLE POUR CHATS ET CHIENS, RIMADYL Injection 50mg/ml Διαυγές αποστειρωμένο ενέσιμο διάλυμα για σκύλους και γάτες, RIMADYL SMAKELIJKE TABLETTEN 100 mg voor honden, RIMADYL SMAKELIJKE TABLETTEN 50 mg voor honden, RIMADYL VET 50 mg/ml injektioneste, liuos, RIMADYL vet 100 mg purutabletti, RIMADYL vet 20 mg purutabletti, RIMADYL vet 50 mg purutabletti, Rimadyl 100 mg - Kautabletten für Hunde, Rimadyl 100 mg Comprimés Appétents 100 mg Tablet, Rimadyl 100 mg Kautablette für Hunde, Rimadyl 100 mg comprimidos mastigáveis para cães, Rimadyl 100 mg comprimés appétents, 100 mg, comprimés pour chiens, Rimadyl 100 mg okusne, žvečljive tablete za pse, Rimadyl 100 mg tabletes suņiem, Rimadyl 100 mg ízesített tabletta A.U.V., Rimadyl 20 mg - Kautabletten für Hunde, Rimadyl 20 mg Comprimés Appétents 20 mg Comprimé, Rimadyl 20 mg Comprimés Appétents 20 mg Tablet, Rimadyl 20 mg Kautablette für Hunde, Rimadyl 20 mg okusne, žvečljive tablete za pse, Rimadyl 20 mg ízesített tabletta A.U.V., Rimadyl 20 mg таблетки за кучета/Rimadyl 50 mg таблетки за кучета/Rimadyl 100 mg таблетки за кучета, Rimadyl 50 mg - Kautabletten für Hunde, Rimadyl 50 mg Comprimés Appétents 50 mg Tablet, Rimadyl 50 mg Kautablette für Hunde, Rimadyl 50 mg comprimidos mastigáveis para cães, Rimadyl 50 mg comprimés appétents, 50 mg, comprimés pour chiens, Rimadyl 50 mg košļājamās tabletes suņiem, Rimadyl 50 mg okusne, žvečljive tablete za pse, Rimadyl 50 mg ízesített tabletta A.U.V., Rimadyl 50 mg/ml - Injektionslösung für Hunde und Katzen, Rimadyl 50 mg/ml injekčný roztok, Rimadyl 50mg/ml Injektionslösung für Hunde und Katzen, Rimadyl Cattle, 50 mg/mL, otopina za injekciju, za goveda, Rimadyl Iniettabile 50 mg/ml, soluzione iniettabile per cane e gatto., Rimadyl Palatable 100 mg tablety pre psy, Rimadyl Palatable 20 mg tablety pre psy, Rimadyl Palatable 50 mg tablety pre psy, Rimadyl Palatable Tablets 100, Rimadyl Palatable Tablets 100 mg, Rimadyl Palatable Tablets 100 mg tabletes suņiem, Rimadyl Palatable Tablets 20 mg, Rimadyl Palatable Tablets 20 mg tabletes suņiem, Rimadyl Palatable Tablets 50, Rimadyl Palatable Tablets 50 mg, Rimadyl Palatable Tablets 50 mg tabletes suņiem, Rimadyl Palatable Tablets da 100 mg per cani, Rimadyl Palatable Tablets da 20 mg per cani, Rimadyl Palatable Tablets da 50 mg per cani, Rimadyl Palatable, 100mg, Žvýkací tableta, Rimadyl Palatable, 20mg, Žvýkací tableta, Rimadyl Palatable, 50mg, Žvýkací tableta, Rimadyl Solution for Injection for dogs and cats 50 mg/ml, Rimadyl Vet. 100 mg tyggetabletter, Rimadyl Vet. 20 mg tyggetabletter, Rimadyl Vet. 50 mg tyggetabletter, Rimadyl cattle 50 mg/ml oplossing voor injectie, Rimadyl injectievloeistof, 50 mg/ml voor honden en katten, Rimadyl smakelijke tabletten 100 mg voor honden, Rimadyl smakelijke tabletten 20 mg voor honden, Rimadyl smakelijke tabletten 50 mg voor honden, Rimadyl vet. 100 mg Tuggtablett, Rimadyl vet. 100 mg tyggetabletter, Rimadyl vet. 20 mg Tuggtablett, Rimadyl vet. 20 mg tyggetabletter, Rimadyl vet. 50 mg Tuggtablett, Rimadyl vet. 50 mg tyggetabletter, Rimadyl vet., 100 mg, Tuggtablett, Rimadyl Μασώμενο Δισκίο 100mg για σκύλους, Rimadyl Μασώμενο Δισκίο 20mg για σκύλους, Rimadyl Μασώμενο Δισκίο 50mg για σκύλους, Rimadyl, 100 mg närimistablett","Death, Respiratory arrest, Retching",1,1,1
US-OPAH-US20100014,"<a target=""_blank""  href=""/xmlpserver/EVVET3 PW NEW/Subject Area Contents/Public Website/Report (PDF)/AER.xdo?_xpf=&_xpt=1&_params%2FOracle%20BI%20EE%3A%3ADefaultApp%3A%3AEVVET3%20PR%20NEW%2FAER%3A%3Adimension%2FAER%20Id%3A%3Aattribute%3A%3Anoaggr%3A%3Axsd%3Adouble=118809&_xt=AER&_xf=pdf""> AER </a>",2010-01-29 00:00:00,Unknown,United States,MALE,Dog,Mastiff,"Dexdomitor 0.1 mg/ml - Solution for injection, Dexdomitor 0.5 mg/ml - Solution for injection, Fuxien vet 1000 mg/g inhalaatiohöyry, neste, ISOFLURANE-Vet 1000 mg/g liquido per inalazione per cani e gatti, ISOFLURIN 1000mg/g ΥΓΡΟ ΓΙΑ ΕΙΣΠΝΕΟΜΕΝΟΥΣ ΑΤΜΟΥΣ, Isoflurane 100% Inhalation Vapour, Liquid, Isoflurane 1000 mg/g Inhalation Vapour, liquid., RIMADYL 100 mg COMPRIMIDOS MASTICABLES PARA PERROS, RIMADYL 100 mg comprimate pentru câini, RIMADYL 100 mg, kramtomosios tabletės šunims, RIMADYL 100MG/TAB ΜΑΣΩΜΕΝΟ ΔΙΣΚΙΟ, RIMADYL 20 mg COMPRIMIDOS MASTICABLES PARA PERROS, RIMADYL 20 mg, kramtomosios tabletės šunims, RIMADYL 20MG/TAB ΜΑΣΩΜΕΝΟ ΔΙΣΚΙΟ, RIMADYL 50 mg COMPRIMIDOS MASTICABLES PARA PERROS, RIMADYL 50 mg comprimate pentru câini, RIMADYL 50 mg, kramtomosios tabletės šunims, RIMADYL 50MG/TAB ΜΑΣΩΜΕΝΟ ΔΙΣΚΙΟ, RIMADYL 50mg/ml ενέσιμο διάλυμα για σκύλους και γάτες, RIMADYL CATTLE 50 mg/ml, injekcinis tirpalas galvijams, RIMADYL Cattle 50 mg/ml Solution for Injection, RIMADYL INJECTABLE SOLUTION INJECTABLE POUR CHATS ET CHIENS, RIMADYL Injection 50mg/ml Διαυγές αποστειρωμένο ενέσιμο διάλυμα για σκύλους και γάτες, RIMADYL SMAKELIJKE TABLETTEN 100 mg voor honden, RIMADYL SMAKELIJKE TABLETTEN 50 mg voor honden, RIMADYL VET 50 mg/ml injektioneste, liuos, RIMADYL vet 100 mg purutabletti, RIMADYL vet 20 mg purutabletti, RIMADYL vet 50 mg purutabletti, Rimadyl 100 mg - Kautabletten für Hunde, Rimadyl 100 mg Comprimés Appétents 100 mg Tablet, Rimadyl 100 mg Kautablette für Hunde, Rimadyl 100 mg comprimidos mastigáveis para cães, Rimadyl 100 mg comprimés appétents, 100 mg, comprimés pour chiens, Rimadyl 100 mg okusne, žvečljive tablete za pse, Rimadyl 100 mg tabletes suņiem, Rimadyl 100 mg ízesített tabletta A.U.V., Rimadyl 20 mg - Kautabletten für Hunde, Rimadyl 20 mg Comprimés Appétents 20 mg Comprimé, Rimadyl 20 mg Comprimés Appétents 20 mg Tablet, Rimadyl 20 mg Kautablette für Hunde, Rimadyl 20 mg okusne, žvečljive tablete za pse, Rimadyl 20 mg ízesített tabletta A.U.V., Rimadyl 20 mg таблетки за кучета/Rimadyl 50 mg таблетки за кучета/Rimadyl 100 mg таблетки за кучета, Rimadyl 50 mg - Kautabletten für Hunde, Rimadyl 50 mg Comprimés Appétents 50 mg Tablet, Rimadyl 50 mg Kautablette für Hunde, Rimadyl 50 mg comprimidos mastigáveis para cães, Rimadyl 50 mg comprimés appétents, 50 mg, comprimés pour chiens, Rimadyl 50 mg košļājamās tabletes suņiem, Rimadyl 50 mg okusne, žvečljive tablete za pse, Rimadyl 50 mg ízesített tabletta A.U.V., Rimadyl 50 mg/ml - Injektionslösung für Hunde und Katzen, Rimadyl 50 mg/ml injekčný roztok, Rimadyl 50mg/ml Injektionslösung für Hunde und Katzen, Rimadyl Cattle, 50 mg/mL, otopina za injekciju, za goveda, Rimadyl Iniettabile 50 mg/ml, soluzione iniettabile per cane e gatto., Rimadyl Palatable 100 mg tablety pre psy, Rimadyl Palatable 20 mg tablety pre psy, Rimadyl Palatable 50 mg tablety pre psy, Rimadyl Palatable Tablets 100, Rimadyl Palatable Tablets 100 mg, Rimadyl Palatable Tablets 100 mg tabletes suņiem, Rimadyl Palatable Tablets 20 mg, Rimadyl Palatable Tablets 20 mg tabletes suņiem, Rimadyl Palatable Tablets 50, Rimadyl Palatable Tablets 50 mg, Rimadyl Palatable Tablets 50 mg tabletes suņiem, Rimadyl Palatable Tablets da 100 mg per cani, Rimadyl Palatable Tablets da 20 mg per cani, Rimadyl Palatable Tablets da 50 mg per cani, Rimadyl Palatable, 100mg, Žvýkací tableta, Rimadyl Palatable, 20mg, Žvýkací tableta, Rimadyl Palatable, 50mg, Žvýkací tableta, Rimadyl Solution for Injection for dogs and cats 50 mg/ml, Rimadyl Vet. 100 mg tyggetabletter, Rimadyl Vet. 20 mg tyggetabletter, Rimadyl Vet. 50 mg tyggetabletter, Rimadyl cattle 50 mg/ml oplossing voor injectie, Rimadyl injectievloeistof, 50 mg/ml voor honden en katten, Rimadyl smakelijke tabletten 100 mg voor honden, Rimadyl smakelijke tabletten 20 mg voor honden, Rimadyl smakelijke tabletten 50 mg voor honden, Rimadyl vet. 100 mg Tuggtablett, Rimadyl vet. 100 mg tyggetabletter, Rimadyl vet. 20 mg Tuggtablett, Rimadyl vet. 20 mg tyggetabletter, Rimady","Apnoea, Death, Impaired consciousness, Pale mucous membrane, Respiratory arrest",1,1,1
US-OPAH-US20100029,"<a target=""_blank""  href=""/xmlpserver/EVVET3 PW NEW/Subject Area Contents/Public Website/Report (PDF)/AER.xdo?_xpf=&_xpt=1&_params%2FOracle%20BI%20EE%3A%3ADefaultApp%3A%3AEVVET3%20PR%20NEW%2FAER%3A%3Adimension%2FAER%20Id%3A%3Aattribute%3A%3Anoaggr%3A%3Axsd%3Adouble=134946&_xt=AER&_xf=pdf""> AER </a>",2010-04-01 00:00:00,Unknown,United States,FEMALE,Dog,Retriever - Labrador,"Dexdomitor 0.1 mg/ml - Solution for injection, Dexdomitor 0.5 mg/ml - Solution for injection, RIMADYL 100 mg COMPRIMIDOS MASTICABLES PARA PERROS, RIMADYL 100 mg comprimate pentru câini, RIMADYL 100 mg, kramtomosios tabletės šunims, RIMADYL 100MG/TAB ΜΑΣΩΜΕΝΟ ΔΙΣΚΙΟ, RIMADYL 20 mg COMPRIMIDOS MASTICABLES PARA PERROS, RIMADYL 20 mg, kramtomosios tabletės šunims, RIMADYL 20MG/TAB ΜΑΣΩΜΕΝΟ ΔΙΣΚΙΟ, RIMADYL 50 mg COMPRIMIDOS MASTICABLES PARA PERROS, RIMADYL 50 mg comprimate pentru câini, RIMADYL 50 mg, kramtomosios tabletės šunims, RIMADYL 50MG/TAB ΜΑΣΩΜΕΝΟ ΔΙΣΚΙΟ, RIMADYL 50mg/ml ενέσιμο διάλυμα για σκύλους και γάτες, RIMADYL CATTLE 50 mg/ml, injekcinis tirpalas galvijams, RIMADYL Cattle 50 mg/ml Solution for Injection, RIMADYL INJECTABLE SOLUTION INJECTABLE POUR CHATS ET CHIENS, RIMADYL Injection 50mg/ml Διαυγές αποστειρωμένο ενέσιμο διάλυμα για σκύλους και γάτες, RIMADYL SMAKELIJKE TABLETTEN 100 mg voor honden, RIMADYL SMAKELIJKE TABLETTEN 50 mg voor honden, RIMADYL VET 50 mg/ml injektioneste, liuos, RIMADYL vet 100 mg purutabletti, RIMADYL vet 20 mg purutabletti, RIMADYL vet 50 mg purutabletti, Rimadyl 100 mg - Kautabletten für Hunde, Rimadyl 100 mg Comprimés Appétents 100 mg Tablet, Rimadyl 100 mg Kautablette für Hunde, Rimadyl 100 mg comprimidos mastigáveis para cães, Rimadyl 100 mg comprimés appétents, 100 mg, comprimés pour chiens, Rimadyl 100 mg okusne, žvečljive tablete za pse, Rimadyl 100 mg tabletes suņiem, Rimadyl 100 mg ízesített tabletta A.U.V., Rimadyl 20 mg - Kautabletten für Hunde, Rimadyl 20 mg Comprimés Appétents 20 mg Comprimé, Rimadyl 20 mg Comprimés Appétents 20 mg Tablet, Rimadyl 20 mg Kautablette für Hunde, Rimadyl 20 mg okusne, žvečljive tablete za pse, Rimadyl 20 mg ízesített tabletta A.U.V., Rimadyl 20 mg таблетки за кучета/Rimadyl 50 mg таблетки за кучета/Rimadyl 100 mg таблетки за кучета, Rimadyl 50 mg - Kautabletten für Hunde, Rimadyl 50 mg Comprimés Appétents 50 mg Tablet, Rimadyl 50 mg Kautablette für Hunde, Rimadyl 50 mg comprimidos mastigáveis para cães, Rimadyl 50 mg comprimés appétents, 50 mg, comprimés pour chiens, Rimadyl 50 mg košļājamās tabletes suņiem, Rimadyl 50 mg okusne, žvečljive tablete za pse, Rimadyl 50 mg ízesített tabletta A.U.V., Rimadyl 50 mg/ml - Injektionslösung für Hunde und Katzen, Rimadyl 50 mg/ml injekčný roztok, Rimadyl 50mg/ml Injektionslösung für Hunde und Katzen, Rimadyl Cattle, 50 mg/mL, otopina za injekciju, za goveda, Rimadyl Iniettabile 50 mg/ml, soluzione iniettabile per cane e gatto., Rimadyl Palatable 100 mg tablety pre psy, Rimadyl Palatable 20 mg tablety pre psy, Rimadyl Palatable 50 mg tablety pre psy, Rimadyl Palatable Tablets 100, Rimadyl Palatable Tablets 100 mg, Rimadyl Palatable Tablets 100 mg tabletes suņiem, Rimadyl Palatable Tablets 20 mg, Rimadyl Palatable Tablets 20 mg tabletes suņiem, Rimadyl Palatable Tablets 50, Rimadyl Palatable Tablets 50 mg, Rimadyl Palatable Tablets 50 mg tabletes suņiem, Rimadyl Palatable Tablets da 100 mg per cani, Rimadyl Palatable Tablets da 20 mg per cani, Rimadyl Palatable Tablets da 50 mg per cani, Rimadyl Palatable, 100mg, Žvýkací tableta, Rimadyl Palatable, 20mg, Žvýkací tableta, Rimadyl Palatable, 50mg, Žvýkací tableta, Rimadyl Solution for Injection for dogs and cats 50 mg/ml, Rimadyl Vet. 100 mg tyggetabletter, Rimadyl Vet. 20 mg tyggetabletter, Rimadyl Vet. 50 mg tyggetabletter, Rimadyl cattle 50 mg/ml oplossing voor injectie, Rimadyl injectievloeistof, 50 mg/ml voor honden en katten, Rimadyl smakelijke tabletten 100 mg voor honden, Rimadyl smakelijke tabletten 20 mg voor honden, Rimadyl smakelijke tabletten 50 mg voor honden, Rimadyl vet. 100 mg Tuggtablett, Rimadyl vet. 100 mg tyggetabletter, Rimadyl vet. 20 mg Tuggtablett, Rimadyl vet. 20 mg tyggetabletter, Rimadyl vet. 50 mg Tuggtablett, Rimadyl vet. 50 mg tyggetabletter, Rimadyl vet., 100 mg, Tuggtablett, Rimadyl Μασώμενο Δισκίο 100mg για σκύλους, Rimadyl Μασώμενο Δισκίο 20mg για σκύλους, Rimadyl Μασώμενο Δισκίο 50mg για σκύλους, Rimadyl, 100 mg närimistablett","Anaemia NOS, Anorexia, Emesis, Lethargy (see also Central nervous system depression in Neurological), Loss of condition, Other abnormal test result NOS",1,1,
US-OPAH-US20100054,"<a target=""_blank""  href=""/xmlpserver/EVVET3 PW NEW/Subject Area Contents/Public Website/Report (PDF)/AER.xdo?_xpf=&_xpt=1&_params%2FOracle%20BI%20EE%3A%3ADefaultApp%3A%3AEVVET3%20PR%20NEW%2FAER%3A%3Adimension%2FAER%20Id%3A%3Aattribute%3A%3Anoaggr%3A%3Axsd%3Adouble=128837&_xt=AER&_xf=pdf""> AER </a>",2010-03-15 00:00:00,Unknown,United States,FEMALE,Dog,Shih Tzu,"Convenia 80 mg/ml  - Powder and solvent for solution for injection, Dexdomitor 0.1 mg/ml - Solution for injection, Dexdomitor 0.5 mg/ml - Solution for injection, Rimadyl vet. 100 mg Tuggtablett, Rimadyl vet. 20 mg Tuggtablett, Rimadyl vet. 50 mg Tuggtablett, Rimadyl vet., 100 mg, Tuggtablett","Anorexia, Hepatopathy, Icterus, Other abnormal test result NOS, Vomiting",1,1,
US-OPAH-US20100131,"<a target=""_blank""  href=""/xmlpserver/EVVET3 PW NEW/Subject Area Contents/Public Website/Report (PDF)/AER.xdo?_xpf=&_xpt=1&_params%2FOracle%20BI%20EE%3A%3ADefaultApp%3A%3AEVVET3%20PR%20NEW%2FAER%3A%3Adimension%2FAER%20Id%3A%3Aattribute%3A%3Anoaggr%3A%3Axsd%3Adouble=184815&_xt=AER&_xf=pdf""> AER </a>",2010-05-21 00:00:00,Unknown,United States,MALE,Dog,Dog (other),"Dexdomitor 0.1 mg/ml - Solution for injection, Dexdomitor 0.5 mg/ml - Solution for injection, Rimadyl vet. 100 mg Tuggtablett, Rimadyl vet. 20 mg Tuggtablett, Rimadyl vet. 50 mg Tuggtablett, Rimadyl vet., 100 mg, Tuggtablett","Anorexia, Diarrhoea, Emesis, Other abnormal test result NOS, Sedation",1,1,
US-OPAH-US20100151,"<a target=""_blank""  href=""/xmlpserver/EVVET3 PW NEW/Subject Area Contents/Public Website/Report (PDF)/AER.xdo?_xpf=&_xpt=1&_params%2FOracle%20BI%20EE%3A%3ADefaultApp%3A%3AEVVET3%20PR%20NEW%2FAER%3A%3Adimension%2FAER%20Id%3A%3Aattribute%3A%3Anoaggr%3A%3Axsd%3Adouble=197120&_xt=AER&_xf=pdf""> AER </a>",2010-06-14 00:00:00,Unknown,United States,FEMALE,Dog,Pinscher - Miniature,"Dexdomitor 0.1 mg/ml - Solution for injection, Dexdomitor 0.5 mg/ml - Solution for injection, Fuxien vet 1000 mg/g inhalaatiohöyry, neste, ISOFLURANE-Vet 1000 mg/g liquido per inalazione per cani e gatti, ISOFLURIN 1000mg/g ΥΓΡΟ ΓΙΑ ΕΙΣΠΝΕΟΜΕΝΟΥΣ ΑΤΜΟΥΣ, Isoflurane 100% Inhalation Vapour, Liquid, Isoflurane 1000 mg/g Inhalation Vapour, liquid., RIMADYL 100 mg COMPRIMIDOS MASTICABLES PARA PERROS, RIMADYL 100 mg comprimate pentru câini, RIMADYL 100 mg, kramtomosios tabletės šunims, RIMADYL 100MG/TAB ΜΑΣΩΜΕΝΟ ΔΙΣΚΙΟ, RIMADYL 20 mg COMPRIMIDOS MASTICABLES PARA PERROS, RIMADYL 20 mg, kramtomosios tabletės šunims, RIMADYL 20MG/TAB ΜΑΣΩΜΕΝΟ ΔΙΣΚΙΟ, RIMADYL 50 mg COMPRIMIDOS MASTICABLES PARA PERROS, RIMADYL 50 mg comprimate pentru câini, RIMADYL 50 mg, kramtomosios tabletės šunims, RIMADYL 50MG/TAB ΜΑΣΩΜΕΝΟ ΔΙΣΚΙΟ, RIMADYL 50mg/ml ενέσιμο διάλυμα για σκύλους και γάτες, RIMADYL CATTLE 50 mg/ml, injekcinis tirpalas galvijams, RIMADYL Cattle 50 mg/ml Solution for Injection, RIMADYL INJECTABLE SOLUTION INJECTABLE POUR CHATS ET CHIENS, RIMADYL Injection 50mg/ml Διαυγές αποστειρωμένο ενέσιμο διάλυμα για σκύλους και γάτες, RIMADYL SMAKELIJKE TABLETTEN 100 mg voor honden, RIMADYL SMAKELIJKE TABLETTEN 50 mg voor honden, RIMADYL VET 50 mg/ml injektioneste, liuos, RIMADYL vet 100 mg purutabletti, RIMADYL vet 20 mg purutabletti, RIMADYL vet 50 mg purutabletti, Rimadyl 100 mg - Kautabletten für Hunde, Rimadyl 100 mg Comprimés Appétents 100 mg Tablet, Rimadyl 100 mg Kautablette für Hunde, Rimadyl 100 mg comprimidos mastigáveis para cães, Rimadyl 100 mg comprimés appétents, 100 mg, comprimés pour chiens, Rimadyl 100 mg okusne, žvečljive tablete za pse, Rimadyl 100 mg tabletes suņiem, Rimadyl 100 mg ízesített tabletta A.U.V., Rimadyl 20 mg - Kautabletten für Hunde, Rimadyl 20 mg Comprimés Appétents 20 mg Comprimé, Rimadyl 20 mg Comprimés Appétents 20 mg Tablet, Rimadyl 20 mg Kautablette für Hunde, Rimadyl 20 mg okusne, žvečljive tablete za pse, Rimadyl 20 mg ízesített tabletta A.U.V., Rimadyl 20 mg таблетки за кучета/Rimadyl 50 mg таблетки за кучета/Rimadyl 100 mg таблетки за кучета, Rimadyl 50 mg - Kautabletten für Hunde, Rimadyl 50 mg Comprimés Appétents 50 mg Tablet, Rimadyl 50 mg Kautablette für Hunde, Rimadyl 50 mg comprimidos mastigáveis para cães, Rimadyl 50 mg comprimés appétents, 50 mg, comprimés pour chiens, Rimadyl 50 mg košļājamās tabletes suņiem, Rimadyl 50 mg okusne, žvečljive tablete za pse, Rimadyl 50 mg ízesített tabletta A.U.V., Rimadyl 50 mg/ml - Injektionslösung für Hunde und Katzen, Rimadyl 50 mg/ml injekčný roztok, Rimadyl 50mg/ml Injektionslösung für Hunde und Katzen, Rimadyl Cattle, 50 mg/mL, otopina za injekciju, za goveda, Rimadyl Iniettabile 50 mg/ml, soluzione iniettabile per cane e gatto., Rimadyl Palatable 100 mg tablety pre psy, Rimadyl Palatable 20 mg tablety pre psy, Rimadyl Palatable 50 mg tablety pre psy, Rimadyl Palatable Tablets 100, Rimadyl Palatable Tablets 100 mg, Rimadyl Palatable Tablets 100 mg tabletes suņiem, Rimadyl Palatable Tablets 20 mg, Rimadyl Palatable Tablets 20 mg tabletes suņiem, Rimadyl Palatable Tablets 50, Rimadyl Palatable Tablets 50 mg, Rimadyl Palatable Tablets 50 mg tabletes suņiem, Rimadyl Palatable Tablets da 100 mg per cani, Rimadyl Palatable Tablets da 20 mg per cani, Rimadyl Palatable Tablets da 50 mg per cani, Rimadyl Palatable, 100mg, Žvýkací tableta, Rimadyl Palatable, 20mg, Žvýkací tableta, Rimadyl Palatable, 50mg, Žvýkací tableta, Rimadyl Solution for Injection for dogs and cats 50 mg/ml, Rimadyl Vet. 100 mg tyggetabletter, Rimadyl Vet. 20 mg tyggetabletter, Rimadyl Vet. 50 mg tyggetabletter, Rimadyl cattle 50 mg/ml oplossing voor injectie, Rimadyl injectievloeistof, 50 mg/ml voor honden en katten, Rimadyl smakelijke tabletten 100 mg voor honden, Rimadyl smakelijke tabletten 20 mg voor honden, Rimadyl smakelijke tabletten 50 mg voor honden, Rimadyl vet. 100 mg Tuggtablett, Rimadyl vet. 100 mg tyggetabletter, Rimadyl vet. 20 mg Tuggtablett, Rimadyl vet. 20 mg tyggetabletter, Rimady","Cardiac arrest, Impaired vision, Tachycardia",1,1,
US-OPAH-US20100188,"<a target=""_blank""  href=""/xmlpserver/EVVET3 PW NEW/Subject Area Contents/Public Website/Report (PDF)/AER.xdo?_xpf=&_xpt=1&_params%2FOracle%20BI%20EE%3A%3ADefaultApp%3A%3AEVVET3%20PR%20NEW%2FAER%3A%3Adimension%2FAER%20Id%3A%3Aattribute%3A%3Anoaggr%3A%3Axsd%3Adouble=214957&_xt=AER&_xf=pdf""> AER </a>",2010-08-23 00:00:00,Unknown,United States,FEMALE,Dog,Collie - Border,"Dexdomitor 0.1 mg/ml - Solution for injection, Dexdomitor 0.5 mg/ml - Solution for injection, Drontal Plus Tablets, Fuxien vet 1000 mg/g inhalaatiohöyry, neste, ISOFLURANE-Vet 1000 mg/g liquido per inalazione per cani e gatti, ISOFLURIN 1000mg/g ΥΓΡΟ ΓΙΑ ΕΙΣΠΝΕΟΜΕΝΟΥΣ ΑΤΜΟΥΣ, Isoflurane 100% Inhalation Vapour, Liquid, Isoflurane 1000 mg/g Inhalation Vapour, liquid., RIMADYL 100MG/TAB ΜΑΣΩΜΕΝΟ ΔΙΣΚΙΟ, RIMADYL 20MG/TAB ΜΑΣΩΜΕΝΟ ΔΙΣΚΙΟ, RIMADYL 50MG/TAB ΜΑΣΩΜΕΝΟ ΔΙΣΚΙΟ, Stronghold 120 mg - Spot-on solution (12% - dogs), Stronghold 15 mg - Spot-on solution (6% - cats and dogs), Stronghold 240 mg - Spot-on solution (12% - dogs), Stronghold 30 mg - Spot-on solution (12% - dogs), Stronghold 360 mg - Spot-on solution (12% - dogs), Stronghold 45 mg - Spot-on solution (6% - cats), Stronghold 60 mg - Spot-on solution (12% - dogs), Stronghold 60 mg - Spot-on solution (6% - cats)","Appetite loss, Application site alopecia, Death by euthanasia, Diarrhoea, Faecal incontinence, Haemorrhage NOS, Hyperglycaemia, Leukocytosis NOS, Localised pain NOS (see other SOCs for specific pain), Pale mucous membrane, Tachycardia, Urinary incontinence",1,1,1
US-OPAH-US20100221,"<a target=""_blank""  href=""/xmlpserver/EVVET3 PW NEW/Subject Area Contents/Public Website/Report (PDF)/AER.xdo?_xpf=&_xpt=1&_params%2FOracle%20BI%20EE%3A%3ADefaultApp%3A%3AEVVET3%20PR%20NEW%2FAER%3A%3Adimension%2FAER%20Id%3A%3Aattribute%3A%3Anoaggr%3A%3Axsd%3Adouble=207481&_xt=AER&_xf=pdf""> AER </a>",2010-08-05 00:00:00,Unknown,United States,MALE,Dog,Shepherd Dog - German,"Dexdomitor 0.1 mg/ml - Solution for injection, Dexdomitor 0.5 mg/ml - Solution for injection, Rimadyl vet. 100 mg Tuggtablett, Rimadyl vet. 20 mg Tuggtablett, Rimadyl vet. 50 mg Tuggtablett, Rimadyl vet., 100 mg, Tuggtablett","Cardiac disorder NOS, Death, Emesis, Haemorrhage NOS",1,1,1
US-OPAH-US20100229,"<a target=""_blank""  href=""/xmlpserver/EVVET3 PW NEW/Subject Area Contents/Public Website/Report (PDF)/AER.xdo?_xpf=&_xpt=1&_params%2FOracle%20BI%20EE%3A%3ADefaultApp%3A%3AEVVET3%20PR%20NEW%2FAER%3A%3Adimension%2FAER%20Id%3A%3Aattribute%3A%3Anoaggr%3A%3Axsd%3Adouble=207480&_xt=AER&_xf=pdf""> AER </a>",2010-08-05 00:00:00,Unknown,United States,MALE,Dog,Bulldog,"Dexdomitor 0.1 mg/ml - Solution for injection, Dexdomitor 0.5 mg/ml - Solution for injection, RIMADYL 100 mg COMPRIMIDOS MASTICABLES PARA PERROS, RIMADYL 100 mg comprimate pentru câini, RIMADYL 100 mg, kramtomosios tabletės šunims, RIMADYL 100MG/TAB ΜΑΣΩΜΕΝΟ ΔΙΣΚΙΟ, RIMADYL 20 mg COMPRIMIDOS MASTICABLES PARA PERROS, RIMADYL 20 mg, kramtomosios tabletės šunims, RIMADYL 20MG/TAB ΜΑΣΩΜΕΝΟ ΔΙΣΚΙΟ, RIMADYL 50 mg COMPRIMIDOS MASTICABLES PARA PERROS, RIMADYL 50 mg comprimate pentru câini, RIMADYL 50 mg, kramtomosios tabletės šunims, RIMADYL 50MG/TAB ΜΑΣΩΜΕΝΟ ΔΙΣΚΙΟ, RIMADYL 50mg/ml ενέσιμο διάλυμα για σκύλους και γάτες, RIMADYL CATTLE 50 mg/ml, injekcinis tirpalas galvijams, RIMADYL Cattle 50 mg/ml Solution for Injection, RIMADYL INJECTABLE SOLUTION INJECTABLE POUR CHATS ET CHIENS, RIMADYL Injection 50mg/ml Διαυγές αποστειρωμένο ενέσιμο διάλυμα για σκύλους και γάτες, RIMADYL SMAKELIJKE TABLETTEN 100 mg voor honden, RIMADYL SMAKELIJKE TABLETTEN 50 mg voor honden, RIMADYL VET 50 mg/ml injektioneste, liuos, RIMADYL vet 100 mg purutabletti, RIMADYL vet 20 mg purutabletti, RIMADYL vet 50 mg purutabletti, Rimadyl 100 mg - Kautabletten für Hunde, Rimadyl 100 mg Comprimés Appétents 100 mg Tablet, Rimadyl 100 mg Kautablette für Hunde, Rimadyl 100 mg comprimidos mastigáveis para cães, Rimadyl 100 mg comprimés appétents, 100 mg, comprimés pour chiens, Rimadyl 100 mg okusne, žvečljive tablete za pse, Rimadyl 100 mg tabletes suņiem, Rimadyl 100 mg ízesített tabletta A.U.V., Rimadyl 20 mg - Kautabletten für Hunde, Rimadyl 20 mg Comprimés Appétents 20 mg Comprimé, Rimadyl 20 mg Comprimés Appétents 20 mg Tablet, Rimadyl 20 mg Kautablette für Hunde, Rimadyl 20 mg okusne, žvečljive tablete za pse, Rimadyl 20 mg ízesített tabletta A.U.V., Rimadyl 20 mg таблетки за кучета/Rimadyl 50 mg таблетки за кучета/Rimadyl 100 mg таблетки за кучета, Rimadyl 50 mg - Kautabletten für Hunde, Rimadyl 50 mg Comprimés Appétents 50 mg Tablet, Rimadyl 50 mg Kautablette für Hunde, Rimadyl 50 mg comprimidos mastigáveis para cães, Rimadyl 50 mg comprimés appétents, 50 mg, comprimés pour chiens, Rimadyl 50 mg košļājamās tabletes suņiem, Rimadyl 50 mg okusne, žvečljive tablete za pse, Rimadyl 50 mg ízesített tabletta A.U.V., Rimadyl 50 mg/ml - Injektionslösung für Hunde und Katzen, Rimadyl 50 mg/ml injekčný roztok, Rimadyl 50mg/ml Injektionslösung für Hunde und Katzen, Rimadyl Cattle, 50 mg/mL, otopina za injekciju, za goveda, Rimadyl Iniettabile 50 mg/ml, soluzione iniettabile per cane e gatto., Rimadyl Palatable 100 mg tablety pre psy, Rimadyl Palatable 20 mg tablety pre psy, Rimadyl Palatable 50 mg tablety pre psy, Rimadyl Palatable Tablets 100, Rimadyl Palatable Tablets 100 mg, Rimadyl Palatable Tablets 100 mg tabletes suņiem, Rimadyl Palatable Tablets 20 mg, Rimadyl Palatable Tablets 20 mg tabletes suņiem, Rimadyl Palatable Tablets 50, Rimadyl Palatable Tablets 50 mg, Rimadyl Palatable Tablets 50 mg tabletes suņiem, Rimadyl Palatable Tablets da 100 mg per cani, Rimadyl Palatable Tablets da 20 mg per cani, Rimadyl Palatable Tablets da 50 mg per cani, Rimadyl Palatable, 100mg, Žvýkací tableta, Rimadyl Palatable, 20mg, Žvýkací tableta, Rimadyl Palatable, 50mg, Žvýkací tableta, Rimadyl Solution for Injection for dogs and cats 50 mg/ml, Rimadyl Vet. 100 mg tyggetabletter, Rimadyl Vet. 20 mg tyggetabletter, Rimadyl Vet. 50 mg tyggetabletter, Rimadyl cattle 50 mg/ml oplossing voor injectie, Rimadyl injectievloeistof, 50 mg/ml voor honden en katten, Rimadyl smakelijke tabletten 100 mg voor honden, Rimadyl smakelijke tabletten 20 mg voor honden, Rimadyl smakelijke tabletten 50 mg voor honden, Rimadyl vet. 100 mg Tuggtablett, Rimadyl vet. 100 mg tyggetabletter, Rimadyl vet. 20 mg Tuggtablett, Rimadyl vet. 20 mg tyggetabletter, Rimadyl vet. 50 mg Tuggtablett, Rimadyl vet. 50 mg tyggetabletter, Rimadyl vet., 100 mg, Tuggtablett, Rimadyl Μασώμενο Δισκίο 100mg για σκύλους, Rimadyl Μασώμενο Δισκίο 20mg για σκύλους, Rimadyl Μασώμενο Δισκίο 50mg για σκύλους, Rimadyl, 100 mg närimistablett",Death,1,1,1
US-OPAH-US20100248,"<a target=""_blank""  href=""/xmlpserver/EVVET3 PW NEW/Subject Area Contents/Public Website/Report (PDF)/AER.xdo?_xpf=&_xpt=1&_params%2FOracle%20BI%20EE%3A%3ADefaultApp%3A%3AEVVET3%20PR%20NEW%2FAER%3A%3Adimension%2FAER%20Id%3A%3Aattribute%3A%3Anoaggr%3A%3Axsd%3Adouble=222955&_xt=AER&_xf=pdf""> AER </a>",2010-09-08 00:00:00,Unknown,United States,MALE,Dog,Rottweiler,"Dexdomitor 0.1 mg/ml - Solution for injection, Dexdomitor 0.5 mg/ml - Solution for injection, RIMADYL 100 mg COMPRIMIDOS MASTICABLES PARA PERROS, RIMADYL 100 mg comprimate pentru câini, RIMADYL 100 mg, kramtomosios tabletės šunims, RIMADYL 100MG/TAB ΜΑΣΩΜΕΝΟ ΔΙΣΚΙΟ, RIMADYL 20 mg COMPRIMIDOS MASTICABLES PARA PERROS, RIMADYL 20 mg, kramtomosios tabletės šunims, RIMADYL 20MG/TAB ΜΑΣΩΜΕΝΟ ΔΙΣΚΙΟ, RIMADYL 50 mg COMPRIMIDOS MASTICABLES PARA PERROS, RIMADYL 50 mg comprimate pentru câini, RIMADYL 50 mg, kramtomosios tabletės šunims, RIMADYL 50MG/TAB ΜΑΣΩΜΕΝΟ ΔΙΣΚΙΟ, RIMADYL 50mg/ml ενέσιμο διάλυμα για σκύλους και γάτες, RIMADYL CATTLE 50 mg/ml, injekcinis tirpalas galvijams, RIMADYL Cattle 50 mg/ml Solution for Injection, RIMADYL INJECTABLE SOLUTION INJECTABLE POUR CHATS ET CHIENS, RIMADYL Injection 50mg/ml Διαυγές αποστειρωμένο ενέσιμο διάλυμα για σκύλους και γάτες, RIMADYL SMAKELIJKE TABLETTEN 100 mg voor honden, RIMADYL SMAKELIJKE TABLETTEN 50 mg voor honden, RIMADYL VET 50 mg/ml injektioneste, liuos, RIMADYL vet 100 mg purutabletti, RIMADYL vet 20 mg purutabletti, RIMADYL vet 50 mg purutabletti, Rimadyl 100 mg - Kautabletten für Hunde, Rimadyl 100 mg Comprimés Appétents 100 mg Tablet, Rimadyl 100 mg Kautablette für Hunde, Rimadyl 100 mg comprimidos mastigáveis para cães, Rimadyl 100 mg comprimés appétents, 100 mg, comprimés pour chiens, Rimadyl 100 mg okusne, žvečljive tablete za pse, Rimadyl 100 mg tabletes suņiem, Rimadyl 100 mg ízesített tabletta A.U.V., Rimadyl 20 mg - Kautabletten für Hunde, Rimadyl 20 mg Comprimés Appétents 20 mg Comprimé, Rimadyl 20 mg Comprimés Appétents 20 mg Tablet, Rimadyl 20 mg Kautablette für Hunde, Rimadyl 20 mg okusne, žvečljive tablete za pse, Rimadyl 20 mg ízesített tabletta A.U.V., Rimadyl 20 mg таблетки за кучета/Rimadyl 50 mg таблетки за кучета/Rimadyl 100 mg таблетки за кучета, Rimadyl 50 mg - Kautabletten für Hunde, Rimadyl 50 mg Comprimés Appétents 50 mg Tablet, Rimadyl 50 mg Kautablette für Hunde, Rimadyl 50 mg comprimidos mastigáveis para cães, Rimadyl 50 mg comprimés appétents, 50 mg, comprimés pour chiens, Rimadyl 50 mg košļājamās tabletes suņiem, Rimadyl 50 mg okusne, žvečljive tablete za pse, Rimadyl 50 mg ízesített tabletta A.U.V., Rimadyl 50 mg/ml - Injektionslösung für Hunde und Katzen, Rimadyl 50 mg/ml injekčný roztok, Rimadyl 50mg/ml Injektionslösung für Hunde und Katzen, Rimadyl Cattle, 50 mg/mL, otopina za injekciju, za goveda, Rimadyl Iniettabile 50 mg/ml, soluzione iniettabile per cane e gatto., Rimadyl Palatable 100 mg tablety pre psy, Rimadyl Palatable 20 mg tablety pre psy, Rimadyl Palatable 50 mg tablety pre psy, Rimadyl Palatable Tablets 100, Rimadyl Palatable Tablets 100 mg, Rimadyl Palatable Tablets 100 mg tabletes suņiem, Rimadyl Palatable Tablets 20 mg, Rimadyl Palatable Tablets 20 mg tabletes suņiem, Rimadyl Palatable Tablets 50, Rimadyl Palatable Tablets 50 mg, Rimadyl Palatable Tablets 50 mg tabletes suņiem, Rimadyl Palatable Tablets da 100 mg per cani, Rimadyl Palatable Tablets da 20 mg per cani, Rimadyl Palatable Tablets da 50 mg per cani, Rimadyl Palatable, 100mg, Žvýkací tableta, Rimadyl Palatable, 20mg, Žvýkací tableta, Rimadyl Palatable, 50mg, Žvýkací tableta, Rimadyl Solution for Injection for dogs and cats 50 mg/ml, Rimadyl Vet. 100 mg tyggetabletter, Rimadyl Vet. 20 mg tyggetabletter, Rimadyl Vet. 50 mg tyggetabletter, Rimadyl cattle 50 mg/ml oplossing voor injectie, Rimadyl injectievloeistof, 50 mg/ml voor honden en katten, Rimadyl smakelijke tabletten 100 mg voor honden, Rimadyl smakelijke tabletten 20 mg voor honden, Rimadyl smakelijke tabletten 50 mg voor honden, Rimadyl vet. 100 mg Tuggtablett, Rimadyl vet. 100 mg tyggetabletter, Rimadyl vet. 20 mg Tuggtablett, Rimadyl vet. 20 mg tyggetabletter, Rimadyl vet. 50 mg Tuggtablett, Rimadyl vet. 50 mg tyggetabletter, Rimadyl vet., 100 mg, Tuggtablett, Rimadyl Μασώμενο Δισκίο 100mg για σκύλους, Rimadyl Μασώμενο Δισκίο 20mg για σκύλους, Rimadyl Μασώμενο Δισκίο 50mg για σκύλους, Rimadyl, 100 mg närimistablett","Anaphylaxis, Dyspnoea, Other abnormal test result NOS, Pulmonary disorder NOS, Rale, Tracheal bleeding",1,1,
US-UKPFIZAH-2009-US-36111,"<a target=""_blank""  href=""/xmlpserver/EVVET3 PW NEW/Subject Area Contents/Public Website/Report (PDF)/AER.xdo?_xpf=&_xpt=1&_params%2FOracle%20BI%20EE%3A%3ADefaultApp%3A%3AEVVET3%20PR%20NEW%2FAER%3A%3Adimension%2FAER%20Id%3A%3Aattribute%3A%3Anoaggr%3A%3Axsd%3Adouble=116554&_xt=AER&_xf=pdf""> AER </a>",2010-01-08 00:00:00,Animal owner,United States,MALE,Dog,Terrier - Airedale,"OTOMAX EAR DROPS SUSPENSION, OTOMAX ear drops, OTOMAX ušná suspenzia pre psy, OTOMAX, Ušní kapky, suspenze, OTOMAX, kapi za uho, suspenzija, za pse, Otomax (2640 j.m. + 0,88 mg + 8,8 mg)/ml Zawiesina do uszu, Otomax 2640 NE / 0,88 mg / 8,8 mg / ml szuszpenziós fülcsepp kutyák számára, Otomax gotas auriculares, suspensão, Otomax kapljice za uho, suspenzija, Rimadyl vet. 100 mg Tuggtablett, Rimadyl vet. 20 mg Tuggtablett, Rimadyl vet. 50 mg Tuggtablett, Rimadyl vet., 100 mg, Tuggtablett, Tramadog 50 mg tablet for dogs","Anorexia, Behavioural disorder NOS, Collapse (see also Cardio-vascular and Systemic disorders), Death by euthanasia, Elevated liver enzymes NOS, Hypocalcaemic condition, Hypoproteinaemia, Other abnormal test result NOS, Pancreatitis NOS, Renal failure, Vomiting",1,1,1
US-UKPFIZAH-2009-US-36272,"<a target=""_blank""  href=""/xmlpserver/EVVET3 PW NEW/Subject Area Contents/Public Website/Report (PDF)/AER.xdo?_xpf=&_xpt=1&_params%2FOracle%20BI%20EE%3A%3ADefaultApp%3A%3AEVVET3%20PR%20NEW%2FAER%3A%3Adimension%2FAER%20Id%3A%3Aattribute%3A%3Anoaggr%3A%3Axsd%3Adouble=117323&_xt=AER&_xf=pdf""> AER </a>",2010-01-15 00:00:00,Veterinarian,United States,FEMALE,Dog,Retriever - Labrador,"Rimadyl vet. 100 mg Tuggtablett, Rimadyl vet. 20 mg Tuggtablett, Rimadyl vet. 50 mg Tuggtablett, Rimadyl vet., 100 mg, Tuggtablett","Abdominal cavity disorder NOS, Abdominal pain, Depression, Duodenal ulcer, Hypoproteinaemia, Ileus, Lethargy (see also Central nervous system depression in Neurological), Lymphopenia, Neutrophilia, Other abnormal test result NOS, Peritonitis, Regurgitation, Vomiting",1,1,
US-UKPFIZAH-2009-US-38578,"<a target=""_blank""  href=""/xmlpserver/EVVET3 PW NEW/Subject Area Contents/Public Website/Report (PDF)/AER.xdo?_xpf=&_xpt=1&_params%2FOracle%20BI%20EE%3A%3ADefaultApp%3A%3AEVVET3%20PR%20NEW%2FAER%3A%3Adimension%2FAER%20Id%3A%3Aattribute%3A%3Anoaggr%3A%3Axsd%3Adouble=120753&_xt=AER&_xf=pdf""> AER </a>",2010-02-11 00:00:00,Other health care professional,United States,MALE,Dog,Retriever - Labrador,"Rimadyl vet. 100 mg Tuggtablett, Rimadyl vet. 20 mg Tuggtablett, Rimadyl vet. 50 mg Tuggtablett, Rimadyl vet., 100 mg, Tuggtablett","Anorexia, Anuria, Death by euthanasia, Renal failure, Vomiting",1,1,1
US-UKPFIZAH-2009-US-38882,"<a target=""_blank""  href=""/xmlpserver/EVVET3 PW NEW/Subject Area Contents/Public Website/Report (PDF)/AER.xdo?_xpf=&_xpt=1&_params%2FOracle%20BI%20EE%3A%3ADefaultApp%3A%3AEVVET3%20PR%20NEW%2FAER%3A%3Adimension%2FAER%20Id%3A%3Aattribute%3A%3Anoaggr%3A%3Axsd%3Adouble=116560&_xt=AER&_xf=pdf""> AER </a>",2010-01-08 00:00:00,Veterinarian,United States,FEMALE,Dog,Dog (other),"Cerenia 10 mg/ml  - Solution for injection, Rimadyl vet. 100 mg Tuggtablett, Rimadyl vet. 20 mg Tuggtablett, Rimadyl vet. 50 mg Tuggtablett, Rimadyl vet., 100 mg, Tuggtablett","Death, Depression, Seizure NOS, Vomiting",1,1,1
US-UKPFIZAH-2009-US-41152,"<a target=""_blank""  href=""/xmlpserver/EVVET3 PW NEW/Subject Area Contents/Public Website/Report (PDF)/AER.xdo?_xpf=&_xpt=1&_params%2FOracle%20BI%20EE%3A%3ADefaultApp%3A%3AEVVET3%20PR%20NEW%2FAER%3A%3Adimension%2FAER%20Id%3A%3Aattribute%3A%3Anoaggr%3A%3Axsd%3Adouble=116556&_xt=AER&_xf=pdf""> AER </a>",2010-01-08 00:00:00,Veterinarian,United States,MALE,Dog,Retriever - Golden,"Baytril vet. 100 mg/ml Injektionsvätska, lösning, Baytril vet. 25 mg/ml Injektionsvätska, lösning, Cerenia 10 mg/ml  - Solution for injection, Rimadyl vet. 100 mg Tuggtablett, Rimadyl vet. 20 mg Tuggtablett, Rimadyl vet. 50 mg Tuggtablett, Rimadyl vet., 100 mg, Tuggtablett, Torbugesic 10 mg/ml Solution for Injection","Abdominal cavity disorder NOS, Abdominal pain, Blood in faeces, Congested mucous membrane, Death, Dehydration, Depression, Diarrhoea, Digestive tract disorder NOS, Distension of abdomen, Emesis, Gastric distension, Hypertension, Inappetence, Lethargy (see also Central nervous system depression in Neurological), Leukocytosis NOS, Musculoskeletal disorder NOS, Oliguria, Other abnormal test result NOS, Recumbency, Renal failure, Tachycardia, Thrombocytopenia, Urinary bladder disorder NOS, Urine abnormalities NOS, Weakness",1,1,1
US-UKPFIZAH-2009-US-41232,"<a target=""_blank""  href=""/xmlpserver/EVVET3 PW NEW/Subject Area Contents/Public Website/Report (PDF)/AER.xdo?_xpf=&_xpt=1&_params%2FOracle%20BI%20EE%3A%3ADefaultApp%3A%3AEVVET3%20PR%20NEW%2FAER%3A%3Adimension%2FAER%20Id%3A%3Aattribute%3A%3Anoaggr%3A%3Axsd%3Adouble=117324&_xt=AER&_xf=pdf""> AER </a>",2010-01-15 00:00:00,Animal owner,United States,MALE,Dog,Spaniel - Cocker American,"Rimadyl vet. 100 mg Tuggtablett, Rimadyl vet. 20 mg Tuggtablett, Rimadyl vet. 50 mg Tuggtablett, Rimadyl vet., 100 mg, Tuggtablett","Ataxia, Death, Elevated renal parameters, Lethargy (see also Central nervous system depression in Neurological)",1,1,1
US-UKPFIZAH-2009-US-41280,"<a target=""_blank""  href=""/xmlpserver/EVVET3 PW NEW/Subject Area Contents/Public Website/Report (PDF)/AER.xdo?_xpf=&_xpt=1&_params%2FOracle%20BI%20EE%3A%3ADefaultApp%3A%3AEVVET3%20PR%20NEW%2FAER%3A%3Adimension%2FAER%20Id%3A%3Aattribute%3A%3Anoaggr%3A%3Axsd%3Adouble=116558&_xt=AER&_xf=pdf""> AER </a>",2010-01-08 00:00:00,Veterinarian,United States,FEMALE,Dog,Beagle,"Rimadyl vet. 100 mg Tuggtablett, Rimadyl vet. 20 mg Tuggtablett, Rimadyl vet. 50 mg Tuggtablett, Rimadyl vet., 100 mg, Tuggtablett","Anorexia, Death by euthanasia, Haemorrhage NOS, Vomiting",1,1,1
US-UKPFIZAH-2010-US-00305,"<a target=""_blank""  href=""/xmlpserver/EVVET3 PW NEW/Subject Area Contents/Public Website/Report (PDF)/AER.xdo?_xpf=&_xpt=1&_params%2FOracle%20BI%20EE%3A%3ADefaultApp%3A%3AEVVET3%20PR%20NEW%2FAER%3A%3Adimension%2FAER%20Id%3A%3Aattribute%3A%3Anoaggr%3A%3Axsd%3Adouble=120758&_xt=AER&_xf=pdf""> AER </a>",2010-02-11 00:00:00,Animal owner,United States,FEMALE,Dog,Sheepdog - Shetland,"RIMADYL 100 mg COMPRIMIDOS MASTICABLES PARA PERROS, RIMADYL 100 mg comprimate pentru câini, RIMADYL 100 mg, kramtomosios tabletės šunims, RIMADYL 100MG/TAB ΜΑΣΩΜΕΝΟ ΔΙΣΚΙΟ, RIMADYL 20 mg COMPRIMIDOS MASTICABLES PARA PERROS, RIMADYL 20 mg, kramtomosios tabletės šunims, RIMADYL 20MG/TAB ΜΑΣΩΜΕΝΟ ΔΙΣΚΙΟ, RIMADYL 50 mg COMPRIMIDOS MASTICABLES PARA PERROS, RIMADYL 50 mg comprimate pentru câini, RIMADYL 50 mg, kramtomosios tabletės šunims, RIMADYL 50MG/TAB ΜΑΣΩΜΕΝΟ ΔΙΣΚΙΟ, RIMADYL 50mg/ml ενέσιμο διάλυμα για σκύλους και γάτες, RIMADYL CATTLE 50 mg/ml, injekcinis tirpalas galvijams, RIMADYL Cattle 50 mg/ml Solution for Injection, RIMADYL INJECTABLE SOLUTION INJECTABLE POUR CHATS ET CHIENS, RIMADYL Injection 50mg/ml Διαυγές αποστειρωμένο ενέσιμο διάλυμα για σκύλους και γάτες, RIMADYL SMAKELIJKE TABLETTEN 100 mg voor honden, RIMADYL SMAKELIJKE TABLETTEN 50 mg voor honden, RIMADYL VET 50 mg/ml injektioneste, liuos, RIMADYL vet 100 mg purutabletti, RIMADYL vet 20 mg purutabletti, RIMADYL vet 50 mg purutabletti, Rimadyl 100 mg - Kautabletten für Hunde, Rimadyl 100 mg Comprimés Appétents 100 mg Tablet, Rimadyl 100 mg Kautablette für Hunde, Rimadyl 100 mg comprimidos mastigáveis para cães, Rimadyl 100 mg comprimés appétents, 100 mg, comprimés pour chiens, Rimadyl 100 mg okusne, žvečljive tablete za pse, Rimadyl 100 mg tabletes suņiem, Rimadyl 100 mg ízesített tabletta A.U.V., Rimadyl 20 mg - Kautabletten für Hunde, Rimadyl 20 mg Comprimés Appétents 20 mg Comprimé, Rimadyl 20 mg Comprimés Appétents 20 mg Tablet, Rimadyl 20 mg Kautablette für Hunde, Rimadyl 20 mg okusne, žvečljive tablete za pse, Rimadyl 20 mg ízesített tabletta A.U.V., Rimadyl 20 mg таблетки за кучета/Rimadyl 50 mg таблетки за кучета/Rimadyl 100 mg таблетки за кучета, Rimadyl 50 mg - Kautabletten für Hunde, Rimadyl 50 mg Comprimés Appétents 50 mg Tablet, Rimadyl 50 mg Kautablette für Hunde, Rimadyl 50 mg comprimidos mastigáveis para cães, Rimadyl 50 mg comprimés appétents, 50 mg, comprimés pour chiens, Rimadyl 50 mg košļājamās tabletes suņiem, Rimadyl 50 mg okusne, žvečljive tablete za pse, Rimadyl 50 mg ízesített tabletta A.U.V., Rimadyl 50 mg/ml - Injektionslösung für Hunde und Katzen, Rimadyl 50 mg/ml injekčný roztok, Rimadyl 50mg/ml Injektionslösung für Hunde und Katzen, Rimadyl Cattle, 50 mg/mL, otopina za injekciju, za goveda, Rimadyl Iniettabile 50 mg/ml, soluzione iniettabile per cane e gatto., Rimadyl Palatable 100 mg tablety pre psy, Rimadyl Palatable 20 mg tablety pre psy, Rimadyl Palatable 50 mg tablety pre psy, Rimadyl Palatable Tablets 100, Rimadyl Palatable Tablets 100 mg, Rimadyl Palatable Tablets 100 mg tabletes suņiem, Rimadyl Palatable Tablets 20 mg, Rimadyl Palatable Tablets 20 mg tabletes suņiem, Rimadyl Palatable Tablets 50, Rimadyl Palatable Tablets 50 mg, Rimadyl Palatable Tablets 50 mg tabletes suņiem, Rimadyl Palatable Tablets da 100 mg per cani, Rimadyl Palatable Tablets da 20 mg per cani, Rimadyl Palatable Tablets da 50 mg per cani, Rimadyl Palatable, 100mg, Žvýkací tableta, Rimadyl Palatable, 20mg, Žvýkací tableta, Rimadyl Palatable, 50mg, Žvýkací tableta, Rimadyl Solution for Injection for dogs and cats 50 mg/ml, Rimadyl Vet. 100 mg tyggetabletter, Rimadyl Vet. 20 mg tyggetabletter, Rimadyl Vet. 50 mg tyggetabletter, Rimadyl cattle 50 mg/ml oplossing voor injectie, Rimadyl injectievloeistof, 50 mg/ml voor honden en katten, Rimadyl smakelijke tabletten 100 mg voor honden, Rimadyl smakelijke tabletten 20 mg voor honden, Rimadyl smakelijke tabletten 50 mg voor honden, Rimadyl vet. 100 mg Tuggtablett, Rimadyl vet. 100 mg tyggetabletter, Rimadyl vet. 20 mg Tuggtablett, Rimadyl vet. 20 mg tyggetabletter, Rimadyl vet. 50 mg Tuggtablett, Rimadyl vet. 50 mg tyggetabletter, Rimadyl vet., 100 mg, Tuggtablett, Rimadyl Μασώμενο Δισκίο 100mg για σκύλους, Rimadyl Μασώμενο Δισκίο 20mg για σκύλους, Rimadyl Μασώμενο Δισκίο 50mg για σκύλους, Rimadyl, 100 mg närimistablett koertele, Rimadyl, 20 mg närimistablett koertele, Rimadyl, 50 mg närimistablett koertele, Rim","Ataxia, Death, Diarrhoea, Elevated renal parameters, Lethargy (see also Central nervous system depression in Neurological), Polydipsia, Polyuria, Vomiting",1,1,1
US-UKPFIZAH-2010-US-00548,"<a target=""_blank""  href=""/xmlpserver/EVVET3 PW NEW/Subject Area Contents/Public Website/Report (PDF)/AER.xdo?_xpf=&_xpt=1&_params%2FOracle%20BI%20EE%3A%3ADefaultApp%3A%3AEVVET3%20PR%20NEW%2FAER%3A%3Adimension%2FAER%20Id%3A%3Aattribute%3A%3Anoaggr%3A%3Axsd%3Adouble=117325&_xt=AER&_xf=pdf""> AER </a>",2010-01-15 00:00:00,Animal owner,United States,MALE,Dog,Rottweiler,"Metoclopramide hydrochloride 10 mg, tabletten voor honden, Rimadyl vet. 100 mg Tuggtablett, Rimadyl vet. 20 mg Tuggtablett, Rimadyl vet. 50 mg Tuggtablett, Rimadyl vet., 100 mg, Tuggtablett, Soloxine 0.1 mg Tablet, Soloxine 0.2 mg Tablet, Soloxine 0.3 mg Tablet, Soloxine 0.5 mg Tablet, Soloxine 0.8 mg Tablet","Ataxia, Circling - neurological disorder (see also Behavioural disorders), Constipation, Death by euthanasia, Disorientation, Distension of abdomen, Haemorrhage NOS, Lethargy (see also Central nervous system depression in Neurological), Liver tumour, Pale mucous membrane, Polydipsia, Weakness",1,1,1
US-UKPFIZAH-2010-US-00559,"<a target=""_blank""  href=""/xmlpserver/EVVET3 PW NEW/Subject Area Contents/Public Website/Report (PDF)/AER.xdo?_xpf=&_xpt=1&_params%2FOracle%20BI%20EE%3A%3ADefaultApp%3A%3AEVVET3%20PR%20NEW%2FAER%3A%3Adimension%2FAER%20Id%3A%3Aattribute%3A%3Anoaggr%3A%3Axsd%3Adouble=121437&_xt=AER&_xf=pdf""> AER </a>",2010-02-18 00:00:00,Veterinarian,United States,FEMALE,Dog,Terrier - Yorkshire,"Rimadyl vet. 100 mg Tuggtablett, Rimadyl vet. 20 mg Tuggtablett, Rimadyl vet. 50 mg Tuggtablett, Rimadyl vet., 100 mg, Tuggtablett","Anorexia, Death by euthanasia, Elevated renal parameters, Loose stool",1,1,1
US-UKPFIZAH-2010-US-00688,"<a target=""_blank""  href=""/xmlpserver/EVVET3 PW NEW/Subject Area Contents/Public Website/Report (PDF)/AER.xdo?_xpf=&_xpt=1&_params%2FOracle%20BI%20EE%3A%3ADefaultApp%3A%3AEVVET3%20PR%20NEW%2FAER%3A%3Adimension%2FAER%20Id%3A%3Aattribute%3A%3Anoaggr%3A%3Axsd%3Adouble=117332&_xt=AER&_xf=pdf""> AER </a>",2010-01-15 00:00:00,Veterinarian,United States,FEMALE,Dog,Crossbred Canine/dog,"RIMADYL 100 mg COMPRIMIDOS MASTICABLES PARA PERROS, RIMADYL 100 mg comprimate pentru câini, RIMADYL 100 mg, kramtomosios tabletės šunims, RIMADYL 100MG/TAB ΜΑΣΩΜΕΝΟ ΔΙΣΚΙΟ, RIMADYL 20 mg COMPRIMIDOS MASTICABLES PARA PERROS, RIMADYL 20 mg, kramtomosios tabletės šunims, RIMADYL 20MG/TAB ΜΑΣΩΜΕΝΟ ΔΙΣΚΙΟ, RIMADYL 50 mg COMPRIMIDOS MASTICABLES PARA PERROS, RIMADYL 50 mg comprimate pentru câini, RIMADYL 50 mg, kramtomosios tabletės šunims, RIMADYL 50MG/TAB ΜΑΣΩΜΕΝΟ ΔΙΣΚΙΟ, RIMADYL 50mg/ml ενέσιμο διάλυμα για σκύλους και γάτες, RIMADYL CATTLE 50 mg/ml, injekcinis tirpalas galvijams, RIMADYL Cattle 50 mg/ml Solution for Injection, RIMADYL INJECTABLE SOLUTION INJECTABLE POUR CHATS ET CHIENS, RIMADYL Injection 50mg/ml Διαυγές αποστειρωμένο ενέσιμο διάλυμα για σκύλους και γάτες, RIMADYL SMAKELIJKE TABLETTEN 100 mg voor honden, RIMADYL SMAKELIJKE TABLETTEN 50 mg voor honden, RIMADYL VET 50 mg/ml injektioneste, liuos, RIMADYL vet 100 mg purutabletti, RIMADYL vet 20 mg purutabletti, RIMADYL vet 50 mg purutabletti, Rimadyl 100 mg - Kautabletten für Hunde, Rimadyl 100 mg Comprimés Appétents 100 mg Tablet, Rimadyl 100 mg Kautablette für Hunde, Rimadyl 100 mg comprimidos mastigáveis para cães, Rimadyl 100 mg comprimés appétents, 100 mg, comprimés pour chiens, Rimadyl 100 mg okusne, žvečljive tablete za pse, Rimadyl 100 mg tabletes suņiem, Rimadyl 100 mg ízesített tabletta A.U.V., Rimadyl 20 mg - Kautabletten für Hunde, Rimadyl 20 mg Comprimés Appétents 20 mg Comprimé, Rimadyl 20 mg Comprimés Appétents 20 mg Tablet, Rimadyl 20 mg Kautablette für Hunde, Rimadyl 20 mg okusne, žvečljive tablete za pse, Rimadyl 20 mg ízesített tabletta A.U.V., Rimadyl 20 mg таблетки за кучета/Rimadyl 50 mg таблетки за кучета/Rimadyl 100 mg таблетки за кучета, Rimadyl 50 mg - Kautabletten für Hunde, Rimadyl 50 mg Comprimés Appétents 50 mg Tablet, Rimadyl 50 mg Kautablette für Hunde, Rimadyl 50 mg comprimidos mastigáveis para cães, Rimadyl 50 mg comprimés appétents, 50 mg, comprimés pour chiens, Rimadyl 50 mg košļājamās tabletes suņiem, Rimadyl 50 mg okusne, žvečljive tablete za pse, Rimadyl 50 mg ízesített tabletta A.U.V., Rimadyl 50 mg/ml - Injektionslösung für Hunde und Katzen, Rimadyl 50 mg/ml injekčný roztok, Rimadyl 50mg/ml Injektionslösung für Hunde und Katzen, Rimadyl Cattle, 50 mg/mL, otopina za injekciju, za goveda, Rimadyl Iniettabile 50 mg/ml, soluzione iniettabile per cane e gatto., Rimadyl Palatable 100 mg tablety pre psy, Rimadyl Palatable 20 mg tablety pre psy, Rimadyl Palatable 50 mg tablety pre psy, Rimadyl Palatable Tablets 100, Rimadyl Palatable Tablets 100 mg, Rimadyl Palatable Tablets 100 mg tabletes suņiem, Rimadyl Palatable Tablets 20 mg, Rimadyl Palatable Tablets 20 mg tabletes suņiem, Rimadyl Palatable Tablets 50, Rimadyl Palatable Tablets 50 mg, Rimadyl Palatable Tablets 50 mg tabletes suņiem, Rimadyl Palatable Tablets da 100 mg per cani, Rimadyl Palatable Tablets da 20 mg per cani, Rimadyl Palatable Tablets da 50 mg per cani, Rimadyl Palatable, 100mg, Žvýkací tableta, Rimadyl Palatable, 20mg, Žvýkací tableta, Rimadyl Palatable, 50mg, Žvýkací tableta, Rimadyl Solution for Injection for dogs and cats 50 mg/ml, Rimadyl Vet. 100 mg tyggetabletter, Rimadyl Vet. 20 mg tyggetabletter, Rimadyl Vet. 50 mg tyggetabletter, Rimadyl cattle 50 mg/ml oplossing voor injectie, Rimadyl injectievloeistof, 50 mg/ml voor honden en katten, Rimadyl smakelijke tabletten 100 mg voor honden, Rimadyl smakelijke tabletten 20 mg voor honden, Rimadyl smakelijke tabletten 50 mg voor honden, Rimadyl vet. 100 mg Tuggtablett, Rimadyl vet. 100 mg tyggetabletter, Rimadyl vet. 20 mg Tuggtablett, Rimadyl vet. 20 mg tyggetabletter, Rimadyl vet. 50 mg Tuggtablett, Rimadyl vet. 50 mg tyggetabletter, Rimadyl vet., 100 mg, Tuggtablett, Rimadyl Μασώμενο Δισκίο 100mg για σκύλους, Rimadyl Μασώμενο Δισκίο 20mg για σκύλους, Rimadyl Μασώμενο Δισκίο 50mg για σκύλους, Rimadyl, 100 mg närimistablett koertele, Rimadyl, 20 mg närimistablett koertele, Rimadyl, 50 mg närimistablett koertele, Rim",Unexplained death,1,1,1
US-UKPFIZAH-2010-US-00770,"<a target=""_blank""  href=""/xmlpserver/EVVET3 PW NEW/Subject Area Contents/Public Website/Report (PDF)/AER.xdo?_xpf=&_xpt=1&_params%2FOracle%20BI%20EE%3A%3ADefaultApp%3A%3AEVVET3%20PR%20NEW%2FAER%3A%3Adimension%2FAER%20Id%3A%3Aattribute%3A%3Anoaggr%3A%3Axsd%3Adouble=120763&_xt=AER&_xf=pdf""> AER </a>",2010-02-11 00:00:00,Other health care professional,United States,FEMALE,Dog,Retriever - Labrador,"Cerenia 10 mg/ml  - Solution for injection, Rimadyl vet. 100 mg Tuggtablett, Rimadyl vet. 20 mg Tuggtablett, Rimadyl vet. 50 mg Tuggtablett, Rimadyl vet., 100 mg, Tuggtablett, SYNULOX (200+50)MG/TAB ΔΙΣΚΙΟ, SYNULOX (40+10)MG/TAB ΔΙΣΚΙΟ, SYNULOX 140 mg/ml + 35 mg/ml suspensión inyectable, SYNULOX 200 mg/50 mg tablety pre psy a mačky, SYNULOX 200/50 mg COMPRIMIDOS APETITOSOS PARA PERROS, SYNULOX 250 COMPRIMES POUR CHIENS, SYNULOX 250 mg, SYNULOX 250 mg kramtomosios tabletės šunims ir katėms, SYNULOX 250 mg tablete za pse in mačke, SYNULOX 250mg, δισκία για σκύλους και γάτες, SYNULOX 40 mg/10 mg tablety pre psy a mačky, SYNULOX 40 mg/ml + 10 mg/ml POLVO PARA GOTAS ORALES EN SUSPENSION, SYNULOX 40/10 MG COMPRIMIDOS APETITOSOS PARA PERROS Y GATOS, SYNULOX 400 mg/100 mg tablety pre psy, SYNULOX 400/100 mg COMPRIMIDOS APETITOSOS PARA PERROS, SYNULOX 50 COMPRIMES POUR CHIENS ET CHATS, SYNULOX 50 mg, SYNULOX 50 mg kramtomosios tabletės šunims ir katėms, SYNULOX 50 mg tablete za pse in mačke, SYNULOX 500 COMPRIMES POUR CHIENS, SYNULOX 500 mg kramtomosios tabletės šunims, SYNULOX 500 mg tablete za pse, SYNULOX 500 mg, kramtomosios tabletės šunims, SYNULOX 500MG/TAB ΔΙΣΚΙΟ, SYNULOX 50mg, δισκία για σκύλους και γάτες, SYNULOX OGIVETTES POUR VEAUX, SYNULOX SUSPENSION INJECTABLE POUR BOVINS, SYNULOX VET 140 mg/ml injektioneste, suspensio koiralle, kissalle ja sialle, SYNULOX suspensão injetável para suínos, bovinos, cães e gatos, SYNULOX vet 200 mg/50 mg tabletti, koiralle ja kissalle, SYNULOX vet 40 mg/10 mg tabletti, koiralle ja kissalle, SYNULOX vet 400 mg/100 mg tabletti, koiralle, SYNULOX, 400/100mg, Tableta, Synulox 250 mg Comprimés Appétents, Synulox 250 mg Smakelijke tabletten, Synulox 250 mg tabletes suņiem un kaķiem, Synulox 250 mg, tabletid koertele ja kassidele, Synulox 250 mg, таблетки за кучета и котки, Synulox 250mg (200 mg/50 mg)  Tabletten für Hunde, Synulox 50 mg Comprimés Appétents, Synulox 50 mg Smakelijke Tabletten, Synulox 50 mg tabletes suņiem un kaķiem, Synulox 50 mg, tabletid koertele ja kassidele, Synulox 50 mg, таблетки за кучета и котки, Synulox 500 mg Bolus 400 mg - 100 mg Omhulde tablet, Synulox 500 mg Comprimés Appétents, Synulox 500 mg Smakelijke Tabletten, Synulox 500 mg tabletes suņiem, Synulox 500 mg, tabletid koertele, Synulox 500mg (400 mg/100 mg) Tabletten für Hunde, Synulox 50mg (40 mg/10 mg) Tabletten für Hunde und Katzen, Synulox Bolus 500 mg, 400 mg + 100 mg comprimés enrobés pour veaux, Synulox Lactating Cow Intramammary suspension., Synulox Tabletki 250 mg, Synulox Tabletki 250 mg (200+50) mg/tablete; tabletes suņiem, Synulox Tabletki 50 mg, Synulox Tabletki 50 mg (40+10) mg/ tablete; tabletes suņiem un kaķiem, Synulox Tabletki 500 mg, Synulox Vet. til hund og kat 200 + 50 mg tabletter, Synulox Vet. til hund og kat 40 + 10 mg tabletter, Synulox Vet. til hund tabletter 400 + 100 mg, Synulox Vet. til kalve 400 + 100 mg tabletter, Synulox comprimidos palatáveis 250 mg para cães e gatos, Synulox comprimidos palatáveis 50 mg para cães e gatos, Synulox comprimidos palatáveis 500 mg para cães, Synulox vet 40 mg/ml jauhe oraalisuspensiota varten koiralle ja kissalle, Synulox vet. 200 mg tabletter for hund og katt, Synulox vet. 200 mg/50 mg Tablett, Synulox vet. 40 mg tabletter for hund og katt, Synulox vet. 40 mg/10 mg Tablett, Synulox vet. 400 mg tabletter for hund, Synulox vet. 400 mg/100 mg Tablett, Synulox, 200/50mg, Tableta, Synulox, 40/10mg, Tableta, Synulox-Kalb 400 mg/100 mg Filmtabletten für Rinder (Kälber)","Abdominal cavity disorder NOS, Abdominal pain, Anorexia, Ascites, Collapse (see also Cardio-vascular and Systemic disorders), Death by euthanasia, Diarrhoea, Dry mucous membrane, Duodenal ulcer, Elevated liver enzymes NOS, Hepatic necrosis, Hepatitis, Intestinal perforation, Leukopenia NOS, Pancreatitis NOS, Shaking, Tachycardia, Tarry or black stool (see also haemorrhagic diarrhoea), Vomiting",1,1,1
US-UKPFIZAH-2010-US-00846,"<a target=""_blank""  href=""/xmlpserver/EVVET3 PW NEW/Subject Area Contents/Public Website/Report (PDF)/AER.xdo?_xpf=&_xpt=1&_params%2FOracle%20BI%20EE%3A%3ADefaultApp%3A%3AEVVET3%20PR%20NEW%2FAER%3A%3Adimension%2FAER%20Id%3A%3Aattribute%3A%3Anoaggr%3A%3Axsd%3Adouble=117775&_xt=AER&_xf=pdf""> AER </a>",2010-01-21 00:00:00,Animal owner,United States,MALE,Dog,Dog (other),"Rimadyl vet. 100 mg Tuggtablett, Rimadyl vet. 20 mg Tuggtablett, Rimadyl vet. 50 mg Tuggtablett, Rimadyl vet., 100 mg, Tuggtablett","Ataxia, Collapse NOS (see also Cardio-vascular and Neurological disorders), Death, Dyspnoea, Vomiting",1,1,1
US-UKPFIZAH-2010-US-01210,"<a target=""_blank""  href=""/xmlpserver/EVVET3 PW NEW/Subject Area Contents/Public Website/Report (PDF)/AER.xdo?_xpf=&_xpt=1&_params%2FOracle%20BI%20EE%3A%3ADefaultApp%3A%3AEVVET3%20PR%20NEW%2FAER%3A%3Adimension%2FAER%20Id%3A%3Aattribute%3A%3Anoaggr%3A%3Axsd%3Adouble=121414&_xt=AER&_xf=pdf""> AER </a>",2010-02-18 00:00:00,Veterinarian,United States,MALE,Dog,Terrier - Jack Russell,"RIMADYL 100 mg COMPRIMIDOS MASTICABLES PARA PERROS, RIMADYL 100 mg comprimate pentru câini, RIMADYL 100 mg, kramtomosios tabletės šunims, RIMADYL 100MG/TAB ΜΑΣΩΜΕΝΟ ΔΙΣΚΙΟ, RIMADYL 20 mg COMPRIMIDOS MASTICABLES PARA PERROS, RIMADYL 20 mg, kramtomosios tabletės šunims, RIMADYL 20MG/TAB ΜΑΣΩΜΕΝΟ ΔΙΣΚΙΟ, RIMADYL 50 mg COMPRIMIDOS MASTICABLES PARA PERROS, RIMADYL 50 mg comprimate pentru câini, RIMADYL 50 mg, kramtomosios tabletės šunims, RIMADYL 50MG/TAB ΜΑΣΩΜΕΝΟ ΔΙΣΚΙΟ, RIMADYL 50mg/ml ενέσιμο διάλυμα για σκύλους και γάτες, RIMADYL CATTLE 50 mg/ml, injekcinis tirpalas galvijams, RIMADYL Cattle 50 mg/ml Solution for Injection, RIMADYL INJECTABLE SOLUTION INJECTABLE POUR CHATS ET CHIENS, RIMADYL Injection 50mg/ml Διαυγές αποστειρωμένο ενέσιμο διάλυμα για σκύλους και γάτες, RIMADYL SMAKELIJKE TABLETTEN 100 mg voor honden, RIMADYL SMAKELIJKE TABLETTEN 50 mg voor honden, RIMADYL VET 50 mg/ml injektioneste, liuos, RIMADYL vet 100 mg purutabletti, RIMADYL vet 20 mg purutabletti, RIMADYL vet 50 mg purutabletti, Rimadyl 100 mg - Kautabletten für Hunde, Rimadyl 100 mg Comprimés Appétents 100 mg Tablet, Rimadyl 100 mg Kautablette für Hunde, Rimadyl 100 mg comprimidos mastigáveis para cães, Rimadyl 100 mg comprimés appétents, 100 mg, comprimés pour chiens, Rimadyl 100 mg okusne, žvečljive tablete za pse, Rimadyl 100 mg tabletes suņiem, Rimadyl 100 mg ízesített tabletta A.U.V., Rimadyl 20 mg - Kautabletten für Hunde, Rimadyl 20 mg Comprimés Appétents 20 mg Comprimé, Rimadyl 20 mg Comprimés Appétents 20 mg Tablet, Rimadyl 20 mg Kautablette für Hunde, Rimadyl 20 mg okusne, žvečljive tablete za pse, Rimadyl 20 mg ízesített tabletta A.U.V., Rimadyl 20 mg таблетки за кучета/Rimadyl 50 mg таблетки за кучета/Rimadyl 100 mg таблетки за кучета, Rimadyl 50 mg - Kautabletten für Hunde, Rimadyl 50 mg Comprimés Appétents 50 mg Tablet, Rimadyl 50 mg Kautablette für Hunde, Rimadyl 50 mg comprimidos mastigáveis para cães, Rimadyl 50 mg comprimés appétents, 50 mg, comprimés pour chiens, Rimadyl 50 mg košļājamās tabletes suņiem, Rimadyl 50 mg okusne, žvečljive tablete za pse, Rimadyl 50 mg ízesített tabletta A.U.V., Rimadyl 50 mg/ml - Injektionslösung für Hunde und Katzen, Rimadyl 50 mg/ml injekčný roztok, Rimadyl 50mg/ml Injektionslösung für Hunde und Katzen, Rimadyl Cattle, 50 mg/mL, otopina za injekciju, za goveda, Rimadyl Iniettabile 50 mg/ml, soluzione iniettabile per cane e gatto., Rimadyl Palatable 100 mg tablety pre psy, Rimadyl Palatable 20 mg tablety pre psy, Rimadyl Palatable 50 mg tablety pre psy, Rimadyl Palatable Tablets 100, Rimadyl Palatable Tablets 100 mg, Rimadyl Palatable Tablets 100 mg tabletes suņiem, Rimadyl Palatable Tablets 20 mg, Rimadyl Palatable Tablets 20 mg tabletes suņiem, Rimadyl Palatable Tablets 50, Rimadyl Palatable Tablets 50 mg, Rimadyl Palatable Tablets 50 mg tabletes suņiem, Rimadyl Palatable Tablets da 100 mg per cani, Rimadyl Palatable Tablets da 20 mg per cani, Rimadyl Palatable Tablets da 50 mg per cani, Rimadyl Palatable, 100mg, Žvýkací tableta, Rimadyl Palatable, 20mg, Žvýkací tableta, Rimadyl Palatable, 50mg, Žvýkací tableta, Rimadyl Solution for Injection for dogs and cats 50 mg/ml, Rimadyl Vet. 100 mg tyggetabletter, Rimadyl Vet. 20 mg tyggetabletter, Rimadyl Vet. 50 mg tyggetabletter, Rimadyl cattle 50 mg/ml oplossing voor injectie, Rimadyl injectievloeistof, 50 mg/ml voor honden en katten, Rimadyl smakelijke tabletten 100 mg voor honden, Rimadyl smakelijke tabletten 20 mg voor honden, Rimadyl smakelijke tabletten 50 mg voor honden, Rimadyl vet. 100 mg Tuggtablett, Rimadyl vet. 100 mg tyggetabletter, Rimadyl vet. 20 mg Tuggtablett, Rimadyl vet. 20 mg tyggetabletter, Rimadyl vet. 50 mg Tuggtablett, Rimadyl vet. 50 mg tyggetabletter, Rimadyl vet., 100 mg, Tuggtablett, Rimadyl Μασώμενο Δισκίο 100mg για σκύλους, Rimadyl Μασώμενο Δισκίο 20mg για σκύλους, Rimadyl Μασώμενο Δισκίο 50mg για σκύλους, Rimadyl, 100 mg närimistablett koertele, Rimadyl, 20 mg närimistablett koertele, Rimadyl, 50 mg närimistablett koertele, Rim","Ataxia, Death by euthanasia, Distension of abdomen, Dyspnoea, Facial swelling (see also Skin), Heart murmur, Hypersalivation, Hypothermia, Lateral recumbency, Muscle tremor, Neurological signs NOS, Paralysis",1,1,1
US-UKPFIZAH-2010-US-01264,"<a target=""_blank""  href=""/xmlpserver/EVVET3 PW NEW/Subject Area Contents/Public Website/Report (PDF)/AER.xdo?_xpf=&_xpt=1&_params%2FOracle%20BI%20EE%3A%3ADefaultApp%3A%3AEVVET3%20PR%20NEW%2FAER%3A%3Adimension%2FAER%20Id%3A%3Aattribute%3A%3Anoaggr%3A%3Axsd%3Adouble=117333&_xt=AER&_xf=pdf""> AER </a>",2010-01-15 00:00:00,Veterinarian,United States,MALE,Dog,Mastiff,"Dexdomitor 0.1 mg/ml - Solution for injection, Dexdomitor 0.5 mg/ml - Solution for injection, Fuxien vet 1000 mg/g inhalaatiohöyry, neste, ISOFLURANE-Vet 1000 mg/g liquido per inalazione per cani e gatti, ISOFLURIN 1000mg/g ΥΓΡΟ ΓΙΑ ΕΙΣΠΝΕΟΜΕΝΟΥΣ ΑΤΜΟΥΣ, Isoflurane 100% Inhalation Vapour, Liquid, Isoflurane 1000 mg/g Inhalation Vapour, liquid., RIMADYL 100 mg COMPRIMIDOS MASTICABLES PARA PERROS, RIMADYL 100 mg comprimate pentru câini, RIMADYL 100 mg, kramtomosios tabletės šunims, RIMADYL 100MG/TAB ΜΑΣΩΜΕΝΟ ΔΙΣΚΙΟ, RIMADYL 20 mg COMPRIMIDOS MASTICABLES PARA PERROS, RIMADYL 20 mg, kramtomosios tabletės šunims, RIMADYL 20MG/TAB ΜΑΣΩΜΕΝΟ ΔΙΣΚΙΟ, RIMADYL 50 mg COMPRIMIDOS MASTICABLES PARA PERROS, RIMADYL 50 mg comprimate pentru câini, RIMADYL 50 mg, kramtomosios tabletės šunims, RIMADYL 50MG/TAB ΜΑΣΩΜΕΝΟ ΔΙΣΚΙΟ, RIMADYL 50mg/ml ενέσιμο διάλυμα για σκύλους και γάτες, RIMADYL CATTLE 50 mg/ml, injekcinis tirpalas galvijams, RIMADYL Cattle 50 mg/ml Solution for Injection, RIMADYL INJECTABLE SOLUTION INJECTABLE POUR CHATS ET CHIENS, RIMADYL Injection 50mg/ml Διαυγές αποστειρωμένο ενέσιμο διάλυμα για σκύλους και γάτες, RIMADYL SMAKELIJKE TABLETTEN 100 mg voor honden, RIMADYL SMAKELIJKE TABLETTEN 50 mg voor honden, RIMADYL VET 50 mg/ml injektioneste, liuos, RIMADYL vet 100 mg purutabletti, RIMADYL vet 20 mg purutabletti, RIMADYL vet 50 mg purutabletti, Rimadyl 100 mg - Kautabletten für Hunde, Rimadyl 100 mg Comprimés Appétents 100 mg Tablet, Rimadyl 100 mg Kautablette für Hunde, Rimadyl 100 mg comprimidos mastigáveis para cães, Rimadyl 100 mg comprimés appétents, 100 mg, comprimés pour chiens, Rimadyl 100 mg okusne, žvečljive tablete za pse, Rimadyl 100 mg tabletes suņiem, Rimadyl 100 mg ízesített tabletta A.U.V., Rimadyl 20 mg - Kautabletten für Hunde, Rimadyl 20 mg Comprimés Appétents 20 mg Comprimé, Rimadyl 20 mg Comprimés Appétents 20 mg Tablet, Rimadyl 20 mg Kautablette für Hunde, Rimadyl 20 mg okusne, žvečljive tablete za pse, Rimadyl 20 mg ízesített tabletta A.U.V., Rimadyl 20 mg таблетки за кучета/Rimadyl 50 mg таблетки за кучета/Rimadyl 100 mg таблетки за кучета, Rimadyl 50 mg - Kautabletten für Hunde, Rimadyl 50 mg Comprimés Appétents 50 mg Tablet, Rimadyl 50 mg Kautablette für Hunde, Rimadyl 50 mg comprimidos mastigáveis para cães, Rimadyl 50 mg comprimés appétents, 50 mg, comprimés pour chiens, Rimadyl 50 mg košļājamās tabletes suņiem, Rimadyl 50 mg okusne, žvečljive tablete za pse, Rimadyl 50 mg ízesített tabletta A.U.V., Rimadyl 50 mg/ml - Injektionslösung für Hunde und Katzen, Rimadyl 50 mg/ml injekčný roztok, Rimadyl 50mg/ml Injektionslösung für Hunde und Katzen, Rimadyl Cattle, 50 mg/mL, otopina za injekciju, za goveda, Rimadyl Iniettabile 50 mg/ml, soluzione iniettabile per cane e gatto., Rimadyl Palatable 100 mg tablety pre psy, Rimadyl Palatable 20 mg tablety pre psy, Rimadyl Palatable 50 mg tablety pre psy, Rimadyl Palatable Tablets 100, Rimadyl Palatable Tablets 100 mg, Rimadyl Palatable Tablets 100 mg tabletes suņiem, Rimadyl Palatable Tablets 20 mg, Rimadyl Palatable Tablets 20 mg tabletes suņiem, Rimadyl Palatable Tablets 50, Rimadyl Palatable Tablets 50 mg, Rimadyl Palatable Tablets 50 mg tabletes suņiem, Rimadyl Palatable Tablets da 100 mg per cani, Rimadyl Palatable Tablets da 20 mg per cani, Rimadyl Palatable Tablets da 50 mg per cani, Rimadyl Palatable, 100mg, Žvýkací tableta, Rimadyl Palatable, 20mg, Žvýkací tableta, Rimadyl Palatable, 50mg, Žvýkací tableta, Rimadyl Solution for Injection for dogs and cats 50 mg/ml, Rimadyl Vet. 100 mg tyggetabletter, Rimadyl Vet. 20 mg tyggetabletter, Rimadyl Vet. 50 mg tyggetabletter, Rimadyl cattle 50 mg/ml oplossing voor injectie, Rimadyl injectievloeistof, 50 mg/ml voor honden en katten, Rimadyl smakelijke tabletten 100 mg voor honden, Rimadyl smakelijke tabletten 20 mg voor honden, Rimadyl smakelijke tabletten 50 mg voor honden, Rimadyl vet. 100 mg Tuggtablett, Rimadyl vet. 100 mg tyggetabletter, Rimadyl vet. 20 mg Tuggtablett, Rimadyl vet. 20 mg tyggetabletter, Rimady","Cardiac arrest, Death by euthanasia, Impaired consciousness, Respiratory arrest",1,1,1
US-UKPFIZAH-2010-US-01628,"<a target=""_blank""  href=""/xmlpserver/EVVET3 PW NEW/Subject Area Contents/Public Website/Report (PDF)/AER.xdo?_xpf=&_xpt=1&_params%2FOracle%20BI%20EE%3A%3ADefaultApp%3A%3AEVVET3%20PR%20NEW%2FAER%3A%3Adimension%2FAER%20Id%3A%3Aattribute%3A%3Anoaggr%3A%3Axsd%3Adouble=117776&_xt=AER&_xf=pdf""> AER </a>",2010-01-21 00:00:00,Other health care professional,United States,FEMALE,Dog,Retriever - Golden,"Rimadyl vet. 100 mg Tuggtablett, Rimadyl vet. 20 mg Tuggtablett, Rimadyl vet. 50 mg Tuggtablett, Rimadyl vet., 100 mg, Tuggtablett, Tramadog 50 mg tablet for dogs","Anaemia NOS, Death by euthanasia, Elevated renal parameters, Inappetence, Lethargy (see also Central nervous system depression in Neurological), Leukocytosis NOS, Neoplasia NOS, Other abnormal test result NOS, Panting, Pulmonary neoplasm, Tense abdomen, Thrombocytopenia, Unable to stand, Vomiting",1,1,1
US-UKPFIZAH-2010-US-02132,"<a target=""_blank""  href=""/xmlpserver/EVVET3 PW NEW/Subject Area Contents/Public Website/Report (PDF)/AER.xdo?_xpf=&_xpt=1&_params%2FOracle%20BI%20EE%3A%3ADefaultApp%3A%3AEVVET3%20PR%20NEW%2FAER%3A%3Adimension%2FAER%20Id%3A%3Aattribute%3A%3Anoaggr%3A%3Axsd%3Adouble=120755&_xt=AER&_xf=pdf""> AER </a>",2010-02-11 00:00:00,Animal owner,United States,MALE,Dog,Terrier - Airedale,"Rimadyl vet. 100 mg Tuggtablett, Rimadyl vet. 20 mg Tuggtablett, Rimadyl vet. 50 mg Tuggtablett, Rimadyl vet., 100 mg, Tuggtablett","Adipsia, Anorexia, Ataxia, Death by euthanasia, Diarrhoea, Elevated renal parameters, Lethargy (see also Central nervous system depression in Neurological), Vomiting",1,1,1
US-UKPFIZAH-2010-US-02133,"<a target=""_blank""  href=""/xmlpserver/EVVET3 PW NEW/Subject Area Contents/Public Website/Report (PDF)/AER.xdo?_xpf=&_xpt=1&_params%2FOracle%20BI%20EE%3A%3ADefaultApp%3A%3AEVVET3%20PR%20NEW%2FAER%3A%3Adimension%2FAER%20Id%3A%3Aattribute%3A%3Anoaggr%3A%3Axsd%3Adouble=120756&_xt=AER&_xf=pdf""> AER </a>",2010-02-11 00:00:00,Veterinarian,United States,FEMALE,Dog,Dachshund - Standard Smooth-haired,"CEPHALEXIN 180 mg/ml suspenzija za injiciranje, Rimadyl vet. 100 mg Tuggtablett, Rimadyl vet. 20 mg Tuggtablett, Rimadyl vet. 50 mg Tuggtablett, Rimadyl vet., 100 mg, Tuggtablett","Anorexia, Death by euthanasia, Dehydration, Gall bladder & bile duct disorder NOS, Hepatopathy, Icterus, Lethargy (see also Central nervous system depression in Neurological), Pancreatitis NOS, Pleural effusion, Vomiting",1,1,1
US-UKPFIZAH-2010-US-02801,"<a target=""_blank""  href=""/xmlpserver/EVVET3 PW NEW/Subject Area Contents/Public Website/Report (PDF)/AER.xdo?_xpf=&_xpt=1&_params%2FOracle%20BI%20EE%3A%3ADefaultApp%3A%3AEVVET3%20PR%20NEW%2FAER%3A%3Adimension%2FAER%20Id%3A%3Aattribute%3A%3Anoaggr%3A%3Axsd%3Adouble=120759&_xt=AER&_xf=pdf""> AER </a>",2010-02-11 00:00:00,Other health care professional,United States,FEMALE,Dog,Doberman Pinscher,"Cerenia 10 mg/ml  - Solution for injection, Cerenia 16 mg  - Tablet, Cerenia 160 mg  - Tablet, Cerenia 24 mg  - Tablet, Cerenia 60 mg - Tablet, Palladia 10 mg  - Film-coated tablet, Palladia 15 mg  - Film-coated tablet, Palladia 50 mg  - Film-coated tablet, RIMADYL 100 mg COMPRIMIDOS MASTICABLES PARA PERROS, RIMADYL 100 mg comprimate pentru câini, RIMADYL 100 mg, kramtomosios tabletės šunims, RIMADYL 100MG/TAB ΜΑΣΩΜΕΝΟ ΔΙΣΚΙΟ, RIMADYL 20 mg COMPRIMIDOS MASTICABLES PARA PERROS, RIMADYL 20 mg, kramtomosios tabletės šunims, RIMADYL 20MG/TAB ΜΑΣΩΜΕΝΟ ΔΙΣΚΙΟ, RIMADYL 50 mg COMPRIMIDOS MASTICABLES PARA PERROS, RIMADYL 50 mg comprimate pentru câini, RIMADYL 50 mg, kramtomosios tabletės šunims, RIMADYL 50MG/TAB ΜΑΣΩΜΕΝΟ ΔΙΣΚΙΟ, RIMADYL 50mg/ml ενέσιμο διάλυμα για σκύλους και γάτες, RIMADYL CATTLE 50 mg/ml, injekcinis tirpalas galvijams, RIMADYL Cattle 50 mg/ml Solution for Injection, RIMADYL INJECTABLE SOLUTION INJECTABLE POUR CHATS ET CHIENS, RIMADYL Injection 50mg/ml Διαυγές αποστειρωμένο ενέσιμο διάλυμα για σκύλους και γάτες, RIMADYL SMAKELIJKE TABLETTEN 100 mg voor honden, RIMADYL SMAKELIJKE TABLETTEN 50 mg voor honden, RIMADYL VET 50 mg/ml injektioneste, liuos, RIMADYL vet 100 mg purutabletti, RIMADYL vet 20 mg purutabletti, RIMADYL vet 50 mg purutabletti, Rimadyl 100 mg - Kautabletten für Hunde, Rimadyl 100 mg Comprimés Appétents 100 mg Tablet, Rimadyl 100 mg Kautablette für Hunde, Rimadyl 100 mg comprimidos mastigáveis para cães, Rimadyl 100 mg comprimés appétents, 100 mg, comprimés pour chiens, Rimadyl 100 mg okusne, žvečljive tablete za pse, Rimadyl 100 mg tabletes suņiem, Rimadyl 100 mg ízesített tabletta A.U.V., Rimadyl 20 mg - Kautabletten für Hunde, Rimadyl 20 mg Comprimés Appétents 20 mg Comprimé, Rimadyl 20 mg Comprimés Appétents 20 mg Tablet, Rimadyl 20 mg Kautablette für Hunde, Rimadyl 20 mg okusne, žvečljive tablete za pse, Rimadyl 20 mg ízesített tabletta A.U.V., Rimadyl 20 mg таблетки за кучета/Rimadyl 50 mg таблетки за кучета/Rimadyl 100 mg таблетки за кучета, Rimadyl 50 mg - Kautabletten für Hunde, Rimadyl 50 mg Comprimés Appétents 50 mg Tablet, Rimadyl 50 mg Kautablette für Hunde, Rimadyl 50 mg comprimidos mastigáveis para cães, Rimadyl 50 mg comprimés appétents, 50 mg, comprimés pour chiens, Rimadyl 50 mg košļājamās tabletes suņiem, Rimadyl 50 mg okusne, žvečljive tablete za pse, Rimadyl 50 mg ízesített tabletta A.U.V., Rimadyl 50 mg/ml - Injektionslösung für Hunde und Katzen, Rimadyl 50 mg/ml injekčný roztok, Rimadyl 50mg/ml Injektionslösung für Hunde und Katzen, Rimadyl Cattle, 50 mg/mL, otopina za injekciju, za goveda, Rimadyl Iniettabile 50 mg/ml, soluzione iniettabile per cane e gatto., Rimadyl Palatable 100 mg tablety pre psy, Rimadyl Palatable 20 mg tablety pre psy, Rimadyl Palatable 50 mg tablety pre psy, Rimadyl Palatable Tablets 100, Rimadyl Palatable Tablets 100 mg, Rimadyl Palatable Tablets 100 mg tabletes suņiem, Rimadyl Palatable Tablets 20 mg, Rimadyl Palatable Tablets 20 mg tabletes suņiem, Rimadyl Palatable Tablets 50, Rimadyl Palatable Tablets 50 mg, Rimadyl Palatable Tablets 50 mg tabletes suņiem, Rimadyl Palatable Tablets da 100 mg per cani, Rimadyl Palatable Tablets da 20 mg per cani, Rimadyl Palatable Tablets da 50 mg per cani, Rimadyl Palatable, 100mg, Žvýkací tableta, Rimadyl Palatable, 20mg, Žvýkací tableta, Rimadyl Palatable, 50mg, Žvýkací tableta, Rimadyl Solution for Injection for dogs and cats 50 mg/ml, Rimadyl Vet. 100 mg tyggetabletter, Rimadyl Vet. 20 mg tyggetabletter, Rimadyl Vet. 50 mg tyggetabletter, Rimadyl cattle 50 mg/ml oplossing voor injectie, Rimadyl injectievloeistof, 50 mg/ml voor honden en katten, Rimadyl smakelijke tabletten 100 mg voor honden, Rimadyl smakelijke tabletten 20 mg voor honden, Rimadyl smakelijke tabletten 50 mg voor honden, Rimadyl vet. 100 mg Tuggtablett, Rimadyl vet. 100 mg tyggetabletter, Rimadyl vet. 20 mg Tuggtablett, Rimadyl vet. 20 mg tyggetabletter, Rimadyl vet. 50 mg Tuggtablett, Rimadyl vet. 50 mg tyggetabletter, Rimadyl vet., 100 mg, Tuggta","Anaemia NOS, Anorexia, Death, Diarrhoea, Lethargy (see also Central nervous system depression in Neurological), Tarry or black stool (see also haemorrhagic diarrhoea)",1,1,1
US-UKPFIZAH-2010-US-02993,"<a target=""_blank""  href=""/xmlpserver/EVVET3 PW NEW/Subject Area Contents/Public Website/Report (PDF)/AER.xdo?_xpf=&_xpt=1&_params%2FOracle%20BI%20EE%3A%3ADefaultApp%3A%3AEVVET3%20PR%20NEW%2FAER%3A%3Adimension%2FAER%20Id%3A%3Aattribute%3A%3Anoaggr%3A%3Axsd%3Adouble=128540&_xt=AER&_xf=pdf""> AER </a>",2010-03-12 00:00:00,Veterinarian,United States,FEMALE,Dog,Retriever - Labrador,"RIMADYL 100 mg COMPRIMIDOS MASTICABLES PARA PERROS, RIMADYL 100 mg comprimate pentru câini, RIMADYL 100 mg, kramtomosios tabletės šunims, RIMADYL 100MG/TAB ΜΑΣΩΜΕΝΟ ΔΙΣΚΙΟ, RIMADYL 20 mg COMPRIMIDOS MASTICABLES PARA PERROS, RIMADYL 20 mg, kramtomosios tabletės šunims, RIMADYL 20MG/TAB ΜΑΣΩΜΕΝΟ ΔΙΣΚΙΟ, RIMADYL 50 mg COMPRIMIDOS MASTICABLES PARA PERROS, RIMADYL 50 mg comprimate pentru câini, RIMADYL 50 mg, kramtomosios tabletės šunims, RIMADYL 50MG/TAB ΜΑΣΩΜΕΝΟ ΔΙΣΚΙΟ, RIMADYL 50mg/ml ενέσιμο διάλυμα για σκύλους και γάτες, RIMADYL CATTLE 50 mg/ml, injekcinis tirpalas galvijams, RIMADYL Cattle 50 mg/ml Solution for Injection, RIMADYL INJECTABLE SOLUTION INJECTABLE POUR CHATS ET CHIENS, RIMADYL Injection 50mg/ml Διαυγές αποστειρωμένο ενέσιμο διάλυμα για σκύλους και γάτες, RIMADYL SMAKELIJKE TABLETTEN 100 mg voor honden, RIMADYL SMAKELIJKE TABLETTEN 50 mg voor honden, RIMADYL VET 50 mg/ml injektioneste, liuos, RIMADYL vet 100 mg purutabletti, RIMADYL vet 20 mg purutabletti, RIMADYL vet 50 mg purutabletti, Rimadyl 100 mg - Kautabletten für Hunde, Rimadyl 100 mg Comprimés Appétents 100 mg Tablet, Rimadyl 100 mg Kautablette für Hunde, Rimadyl 100 mg comprimidos mastigáveis para cães, Rimadyl 100 mg comprimés appétents, 100 mg, comprimés pour chiens, Rimadyl 100 mg okusne, žvečljive tablete za pse, Rimadyl 100 mg tabletes suņiem, Rimadyl 100 mg ízesített tabletta A.U.V., Rimadyl 20 mg - Kautabletten für Hunde, Rimadyl 20 mg Comprimés Appétents 20 mg Comprimé, Rimadyl 20 mg Comprimés Appétents 20 mg Tablet, Rimadyl 20 mg Kautablette für Hunde, Rimadyl 20 mg okusne, žvečljive tablete za pse, Rimadyl 20 mg ízesített tabletta A.U.V., Rimadyl 20 mg таблетки за кучета/Rimadyl 50 mg таблетки за кучета/Rimadyl 100 mg таблетки за кучета, Rimadyl 50 mg - Kautabletten für Hunde, Rimadyl 50 mg Comprimés Appétents 50 mg Tablet, Rimadyl 50 mg Kautablette für Hunde, Rimadyl 50 mg comprimidos mastigáveis para cães, Rimadyl 50 mg comprimés appétents, 50 mg, comprimés pour chiens, Rimadyl 50 mg košļājamās tabletes suņiem, Rimadyl 50 mg okusne, žvečljive tablete za pse, Rimadyl 50 mg ízesített tabletta A.U.V., Rimadyl 50 mg/ml - Injektionslösung für Hunde und Katzen, Rimadyl 50 mg/ml injekčný roztok, Rimadyl 50mg/ml Injektionslösung für Hunde und Katzen, Rimadyl Cattle, 50 mg/mL, otopina za injekciju, za goveda, Rimadyl Iniettabile 50 mg/ml, soluzione iniettabile per cane e gatto., Rimadyl Palatable 100 mg tablety pre psy, Rimadyl Palatable 20 mg tablety pre psy, Rimadyl Palatable 50 mg tablety pre psy, Rimadyl Palatable Tablets 100, Rimadyl Palatable Tablets 100 mg, Rimadyl Palatable Tablets 100 mg tabletes suņiem, Rimadyl Palatable Tablets 20 mg, Rimadyl Palatable Tablets 20 mg tabletes suņiem, Rimadyl Palatable Tablets 50, Rimadyl Palatable Tablets 50 mg, Rimadyl Palatable Tablets 50 mg tabletes suņiem, Rimadyl Palatable Tablets da 100 mg per cani, Rimadyl Palatable Tablets da 20 mg per cani, Rimadyl Palatable Tablets da 50 mg per cani, Rimadyl Palatable, 100mg, Žvýkací tableta, Rimadyl Palatable, 20mg, Žvýkací tableta, Rimadyl Palatable, 50mg, Žvýkací tableta, Rimadyl Solution for Injection for dogs and cats 50 mg/ml, Rimadyl Vet. 100 mg tyggetabletter, Rimadyl Vet. 20 mg tyggetabletter, Rimadyl Vet. 50 mg tyggetabletter, Rimadyl cattle 50 mg/ml oplossing voor injectie, Rimadyl injectievloeistof, 50 mg/ml voor honden en katten, Rimadyl smakelijke tabletten 100 mg voor honden, Rimadyl smakelijke tabletten 20 mg voor honden, Rimadyl smakelijke tabletten 50 mg voor honden, Rimadyl vet. 100 mg Tuggtablett, Rimadyl vet. 100 mg tyggetabletter, Rimadyl vet. 20 mg Tuggtablett, Rimadyl vet. 20 mg tyggetabletter, Rimadyl vet. 50 mg Tuggtablett, Rimadyl vet. 50 mg tyggetabletter, Rimadyl vet., 100 mg, Tuggtablett, Rimadyl Μασώμενο Δισκίο 100mg για σκύλους, Rimadyl Μασώμενο Δισκίο 20mg για σκύλους, Rimadyl Μασώμενο Δισκίο 50mg για σκύλους, Rimadyl, 100 mg närimistablett koertele, Rimadyl, 20 mg närimistablett koertele, Rimadyl, 50 mg närimistablett koertele, Rim","Adipsia, Anorexia, Dehydration, Depression, Elevated liver enzymes NOS, Elevated temperature, Icterus, Leukocytosis NOS, Other abnormal test result NOS",1,1,1
US-UKPFIZAH-2010-US-04074,"<a target=""_blank""  href=""/xmlpserver/EVVET3 PW NEW/Subject Area Contents/Public Website/Report (PDF)/AER.xdo?_xpf=&_xpt=1&_params%2FOracle%20BI%20EE%3A%3ADefaultApp%3A%3AEVVET3%20PR%20NEW%2FAER%3A%3Adimension%2FAER%20Id%3A%3Aattribute%3A%3Anoaggr%3A%3Axsd%3Adouble=132427&_xt=AER&_xf=pdf""> AER </a>",2010-03-18 00:00:00,Other health care professional,United States,MALE,Dog,Terrier - Bull - Staffordshire,"Baytril vet. 15 mg Tablett, Baytril vet. 150 mg Tablett, Baytril vet. 50 mg Tablett, Baytril vet., 150 mg, Tablett, CEPHALEXIN 180 mg/ml suspenzija za injiciranje, Ketamin 10 % šķīdums injekcijām suņiem un kaķiem, Ketamin 10%, Ketamin 100 mg/ml, Ketamine 10% oplossing voor injectie voor honden en katten, Ketamine 10% pro inj., oplossing voor injectie voor honden en katten, Ketamine 10% šķīdums injekcijām suņiem un kaķiem, Ketamine 10%, oplossing voor injectie voor honden en katten, RIMADYL 100 mg COMPRIMIDOS MASTICABLES PARA PERROS, RIMADYL 100 mg comprimate pentru câini, RIMADYL 100 mg, kramtomosios tabletės šunims, RIMADYL 100MG/TAB ΜΑΣΩΜΕΝΟ ΔΙΣΚΙΟ, RIMADYL 20 mg COMPRIMIDOS MASTICABLES PARA PERROS, RIMADYL 20 mg, kramtomosios tabletės šunims, RIMADYL 20MG/TAB ΜΑΣΩΜΕΝΟ ΔΙΣΚΙΟ, RIMADYL 50 mg COMPRIMIDOS MASTICABLES PARA PERROS, RIMADYL 50 mg comprimate pentru câini, RIMADYL 50 mg, kramtomosios tabletės šunims, RIMADYL 50MG/TAB ΜΑΣΩΜΕΝΟ ΔΙΣΚΙΟ, RIMADYL 50mg/ml ενέσιμο διάλυμα για σκύλους και γάτες, RIMADYL CATTLE 50 mg/ml, injekcinis tirpalas galvijams, RIMADYL Cattle 50 mg/ml Solution for Injection, RIMADYL INJECTABLE SOLUTION INJECTABLE POUR CHATS ET CHIENS, RIMADYL Injection 50mg/ml Διαυγές αποστειρωμένο ενέσιμο διάλυμα για σκύλους και γάτες, RIMADYL SMAKELIJKE TABLETTEN 100 mg voor honden, RIMADYL SMAKELIJKE TABLETTEN 50 mg voor honden, RIMADYL VET 50 mg/ml injektioneste, liuos, RIMADYL vet 100 mg purutabletti, RIMADYL vet 20 mg purutabletti, RIMADYL vet 50 mg purutabletti, Rimadyl 100 mg - Kautabletten für Hunde, Rimadyl 100 mg Comprimés Appétents 100 mg Tablet, Rimadyl 100 mg Kautablette für Hunde, Rimadyl 100 mg comprimidos mastigáveis para cães, Rimadyl 100 mg comprimés appétents, 100 mg, comprimés pour chiens, Rimadyl 100 mg okusne, žvečljive tablete za pse, Rimadyl 100 mg tabletes suņiem, Rimadyl 100 mg ízesített tabletta A.U.V., Rimadyl 20 mg - Kautabletten für Hunde, Rimadyl 20 mg Comprimés Appétents 20 mg Comprimé, Rimadyl 20 mg Comprimés Appétents 20 mg Tablet, Rimadyl 20 mg Kautablette für Hunde, Rimadyl 20 mg okusne, žvečljive tablete za pse, Rimadyl 20 mg ízesített tabletta A.U.V., Rimadyl 20 mg таблетки за кучета/Rimadyl 50 mg таблетки за кучета/Rimadyl 100 mg таблетки за кучета, Rimadyl 50 mg - Kautabletten für Hunde, Rimadyl 50 mg Comprimés Appétents 50 mg Tablet, Rimadyl 50 mg Kautablette für Hunde, Rimadyl 50 mg comprimidos mastigáveis para cães, Rimadyl 50 mg comprimés appétents, 50 mg, comprimés pour chiens, Rimadyl 50 mg košļājamās tabletes suņiem, Rimadyl 50 mg okusne, žvečljive tablete za pse, Rimadyl 50 mg ízesített tabletta A.U.V., Rimadyl 50 mg/ml - Injektionslösung für Hunde und Katzen, Rimadyl 50 mg/ml injekčný roztok, Rimadyl 50mg/ml Injektionslösung für Hunde und Katzen, Rimadyl Cattle, 50 mg/mL, otopina za injekciju, za goveda, Rimadyl Iniettabile 50 mg/ml, soluzione iniettabile per cane e gatto., Rimadyl Palatable 100 mg tablety pre psy, Rimadyl Palatable 20 mg tablety pre psy, Rimadyl Palatable 50 mg tablety pre psy, Rimadyl Palatable Tablets 100, Rimadyl Palatable Tablets 100 mg, Rimadyl Palatable Tablets 100 mg tabletes suņiem, Rimadyl Palatable Tablets 20 mg, Rimadyl Palatable Tablets 20 mg tabletes suņiem, Rimadyl Palatable Tablets 50, Rimadyl Palatable Tablets 50 mg, Rimadyl Palatable Tablets 50 mg tabletes suņiem, Rimadyl Palatable Tablets da 100 mg per cani, Rimadyl Palatable Tablets da 20 mg per cani, Rimadyl Palatable Tablets da 50 mg per cani, Rimadyl Palatable, 100mg, Žvýkací tableta, Rimadyl Palatable, 20mg, Žvýkací tableta, Rimadyl Palatable, 50mg, Žvýkací tableta, Rimadyl Solution for Injection for dogs and cats 50 mg/ml, Rimadyl Vet. 100 mg tyggetabletter, Rimadyl Vet. 20 mg tyggetabletter, Rimadyl Vet. 50 mg tyggetabletter, Rimadyl cattle 50 mg/ml oplossing voor injectie, Rimadyl injectievloeistof, 50 mg/ml voor honden en katten, Rimadyl smakelijke tabletten 100 mg voor honden, Rimadyl smakelijke tabletten 20 mg voor honden, Rimadyl smakelijke tabletten 50 mg voor honden, Ri","Death by euthanasia, Decreased appetite, Dry mucous membrane, Fever, Hepatopathy, Lethargy (see also Central nervous system depression in Neurological), Muscle wasting, Neoplasia NOS, Ocular discharge, Poor coat condition",1,1,1
US-UKPFIZAH-2010-US-04179,"<a target=""_blank""  href=""/xmlpserver/EVVET3 PW NEW/Subject Area Contents/Public Website/Report (PDF)/AER.xdo?_xpf=&_xpt=1&_params%2FOracle%20BI%20EE%3A%3ADefaultApp%3A%3AEVVET3%20PR%20NEW%2FAER%3A%3Adimension%2FAER%20Id%3A%3Aattribute%3A%3Anoaggr%3A%3Axsd%3Adouble=120760&_xt=AER&_xf=pdf""> AER </a>",2010-02-11 00:00:00,Animal owner,United States,MALE,Dog,Retriever - Golden,"RIMADYL 100 mg COMPRIMIDOS MASTICABLES PARA PERROS, RIMADYL 100 mg comprimate pentru câini, RIMADYL 100 mg, kramtomosios tabletės šunims, RIMADYL 100MG/TAB ΜΑΣΩΜΕΝΟ ΔΙΣΚΙΟ, RIMADYL 20 mg COMPRIMIDOS MASTICABLES PARA PERROS, RIMADYL 20 mg, kramtomosios tabletės šunims, RIMADYL 20MG/TAB ΜΑΣΩΜΕΝΟ ΔΙΣΚΙΟ, RIMADYL 50 mg COMPRIMIDOS MASTICABLES PARA PERROS, RIMADYL 50 mg comprimate pentru câini, RIMADYL 50 mg, kramtomosios tabletės šunims, RIMADYL 50MG/TAB ΜΑΣΩΜΕΝΟ ΔΙΣΚΙΟ, RIMADYL 50mg/ml ενέσιμο διάλυμα για σκύλους και γάτες, RIMADYL CATTLE 50 mg/ml, injekcinis tirpalas galvijams, RIMADYL Cattle 50 mg/ml Solution for Injection, RIMADYL INJECTABLE SOLUTION INJECTABLE POUR CHATS ET CHIENS, RIMADYL Injection 50mg/ml Διαυγές αποστειρωμένο ενέσιμο διάλυμα για σκύλους και γάτες, RIMADYL SMAKELIJKE TABLETTEN 100 mg voor honden, RIMADYL SMAKELIJKE TABLETTEN 50 mg voor honden, RIMADYL VET 50 mg/ml injektioneste, liuos, RIMADYL vet 100 mg purutabletti, RIMADYL vet 20 mg purutabletti, RIMADYL vet 50 mg purutabletti, Rimadyl 100 mg - Kautabletten für Hunde, Rimadyl 100 mg Comprimés Appétents 100 mg Tablet, Rimadyl 100 mg Kautablette für Hunde, Rimadyl 100 mg comprimidos mastigáveis para cães, Rimadyl 100 mg comprimés appétents, 100 mg, comprimés pour chiens, Rimadyl 100 mg okusne, žvečljive tablete za pse, Rimadyl 100 mg tabletes suņiem, Rimadyl 100 mg ízesített tabletta A.U.V., Rimadyl 20 mg - Kautabletten für Hunde, Rimadyl 20 mg Comprimés Appétents 20 mg Comprimé, Rimadyl 20 mg Comprimés Appétents 20 mg Tablet, Rimadyl 20 mg Kautablette für Hunde, Rimadyl 20 mg okusne, žvečljive tablete za pse, Rimadyl 20 mg ízesített tabletta A.U.V., Rimadyl 20 mg таблетки за кучета/Rimadyl 50 mg таблетки за кучета/Rimadyl 100 mg таблетки за кучета, Rimadyl 50 mg - Kautabletten für Hunde, Rimadyl 50 mg Comprimés Appétents 50 mg Tablet, Rimadyl 50 mg Kautablette für Hunde, Rimadyl 50 mg comprimidos mastigáveis para cães, Rimadyl 50 mg comprimés appétents, 50 mg, comprimés pour chiens, Rimadyl 50 mg košļājamās tabletes suņiem, Rimadyl 50 mg okusne, žvečljive tablete za pse, Rimadyl 50 mg ízesített tabletta A.U.V., Rimadyl 50 mg/ml - Injektionslösung für Hunde und Katzen, Rimadyl 50 mg/ml injekčný roztok, Rimadyl 50mg/ml Injektionslösung für Hunde und Katzen, Rimadyl Cattle, 50 mg/mL, otopina za injekciju, za goveda, Rimadyl Iniettabile 50 mg/ml, soluzione iniettabile per cane e gatto., Rimadyl Palatable 100 mg tablety pre psy, Rimadyl Palatable 20 mg tablety pre psy, Rimadyl Palatable 50 mg tablety pre psy, Rimadyl Palatable Tablets 100, Rimadyl Palatable Tablets 100 mg, Rimadyl Palatable Tablets 100 mg tabletes suņiem, Rimadyl Palatable Tablets 20 mg, Rimadyl Palatable Tablets 20 mg tabletes suņiem, Rimadyl Palatable Tablets 50, Rimadyl Palatable Tablets 50 mg, Rimadyl Palatable Tablets 50 mg tabletes suņiem, Rimadyl Palatable Tablets da 100 mg per cani, Rimadyl Palatable Tablets da 20 mg per cani, Rimadyl Palatable Tablets da 50 mg per cani, Rimadyl Palatable, 100mg, Žvýkací tableta, Rimadyl Palatable, 20mg, Žvýkací tableta, Rimadyl Palatable, 50mg, Žvýkací tableta, Rimadyl Solution for Injection for dogs and cats 50 mg/ml, Rimadyl Vet. 100 mg tyggetabletter, Rimadyl Vet. 20 mg tyggetabletter, Rimadyl Vet. 50 mg tyggetabletter, Rimadyl cattle 50 mg/ml oplossing voor injectie, Rimadyl injectievloeistof, 50 mg/ml voor honden en katten, Rimadyl smakelijke tabletten 100 mg voor honden, Rimadyl smakelijke tabletten 20 mg voor honden, Rimadyl smakelijke tabletten 50 mg voor honden, Rimadyl vet. 100 mg Tuggtablett, Rimadyl vet. 100 mg tyggetabletter, Rimadyl vet. 20 mg Tuggtablett, Rimadyl vet. 20 mg tyggetabletter, Rimadyl vet. 50 mg Tuggtablett, Rimadyl vet. 50 mg tyggetabletter, Rimadyl vet., 100 mg, Tuggtablett, Rimadyl Μασώμενο Δισκίο 100mg για σκύλους, Rimadyl Μασώμενο Δισκίο 20mg για σκύλους, Rimadyl Μασώμενο Δισκίο 50mg για σκύλους, Rimadyl, 100 mg närimistablett koertele, Rimadyl, 20 mg närimistablett koertele, Rimadyl, 50 mg närimistablett koertele, Rim","Adipsia, Death by euthanasia, Inappetence, Laboured breathing, Lethargy (see also Central nervous system depression in Neurological), Tachypnoea, Vocalisation, Weakness",1,1,1
US-UKPFIZAH-2010-US-04595,"<a target=""_blank""  href=""/xmlpserver/EVVET3 PW NEW/Subject Area Contents/Public Website/Report (PDF)/AER.xdo?_xpf=&_xpt=1&_params%2FOracle%20BI%20EE%3A%3ADefaultApp%3A%3AEVVET3%20PR%20NEW%2FAER%3A%3Adimension%2FAER%20Id%3A%3Aattribute%3A%3Anoaggr%3A%3Axsd%3Adouble=128545&_xt=AER&_xf=pdf""> AER </a>",2010-03-12 00:00:00,Veterinarian,United States,MALE,Dog,Siberian Husky,"Metronidazole VET-AGRO 250 mg tabletten voor honden en katten, RABISIN SUSPENSION INJECTABLE, RABISIN injekčná suspenzia, RABISIN suspenzija za injiciranje, RABISIN vet, injeksjonsvæske, suspensjon Vaksine mot rabies til dyr (inaktivert), RABISIN, Injekční suspenze, RABISIN, injekcinė suspensija, RABISIN, sospensione iniettabile per cani, gatti, equini, bovini, ovini, RABISIN, suspensie injectabilă, RABISIN, ενέσιμο εναιώρημα, RABISIN, ≥ 2,09 log10 OD50 i ≥ 1 I.J., suspenzija za injekciju za pse, mačke, pitome vretice, konje, govedo i ovce, Rabisin, Rabisin  Suspensie voor injectie, Rabisin Glikoproteiny wirusa wścieklizny nie mniej niż 1IU Zawiesina do wstrzykiwań, Rabisin Injektionssuspension für Hunde, Katzen, Marderartige, Pferde, Rinder und Schafe, Rabisin Vet. injektionsvæske, suspension, Rabisin suspensija injekcijām liellopiem, zirgiem, aitām, suņiem, kaķiem un mājas seskiem, Rabisin suspension injectable, Rabisin suspensão injectável, Rabisin vakcina A.U.V., Rabisin vet injektioneste, suspensio, Rabisin vet.  Injektionsvätska, suspension, Rabisin, Injektionssuspension für Hunde, Katzen, Marderartige, Pferde, Rinder und Schafe, Rabisin, suspensie voor injectie voor hond, kat en rund, Rabisin, süstesuspensioon, Rimadyl vet. 100 mg Tuggtablett, Rimadyl vet. 20 mg Tuggtablett, Rimadyl vet. 50 mg Tuggtablett, Rimadyl vet., 100 mg, Tuggtablett, РАБИЗИН","Collapse NOS (see also Cardio-vascular and Neurological disorders), Death, Dyspnoea",1,1,1
US-UKPFIZAH-2010-US-04740,"<a target=""_blank""  href=""/xmlpserver/EVVET3 PW NEW/Subject Area Contents/Public Website/Report (PDF)/AER.xdo?_xpf=&_xpt=1&_params%2FOracle%20BI%20EE%3A%3ADefaultApp%3A%3AEVVET3%20PR%20NEW%2FAER%3A%3Adimension%2FAER%20Id%3A%3Aattribute%3A%3Anoaggr%3A%3Axsd%3Adouble=121438&_xt=AER&_xf=pdf""> AER </a>",2010-02-18 00:00:00,Animal owner,United States,MALE,Dog,Bichon Frise,"CEPHALEXIN 180 mg/ml suspenzija za injiciranje, Rimadyl vet. 100 mg Tuggtablett, Rimadyl vet. 20 mg Tuggtablett, Rimadyl vet. 50 mg Tuggtablett, Rimadyl vet., 100 mg, Tuggtablett","Abnormal urine odour, Ataxia, Decreased appetite, Depressed reflexes, Diarrhoea, Faecal incontinence, Hind limb paresis, Listless, Proprioception deficit, Tense abdomen, Urinary incontinence",1,1,
US-UKPFIZAH-2010-US-05309,"<a target=""_blank""  href=""/xmlpserver/EVVET3 PW NEW/Subject Area Contents/Public Website/Report (PDF)/AER.xdo?_xpf=&_xpt=1&_params%2FOracle%20BI%20EE%3A%3ADefaultApp%3A%3AEVVET3%20PR%20NEW%2FAER%3A%3Adimension%2FAER%20Id%3A%3Aattribute%3A%3Anoaggr%3A%3Axsd%3Adouble=121415&_xt=AER&_xf=pdf""> AER </a>",2010-02-18 00:00:00,Animal owner,United States,MALE,Dog,Retriever - Labrador,"RIMADYL 100 mg COMPRIMIDOS MASTICABLES PARA PERROS, RIMADYL 100 mg comprimate pentru câini, RIMADYL 100 mg, kramtomosios tabletės šunims, RIMADYL 100MG/TAB ΜΑΣΩΜΕΝΟ ΔΙΣΚΙΟ, RIMADYL 20 mg COMPRIMIDOS MASTICABLES PARA PERROS, RIMADYL 20 mg, kramtomosios tabletės šunims, RIMADYL 20MG/TAB ΜΑΣΩΜΕΝΟ ΔΙΣΚΙΟ, RIMADYL 50 mg COMPRIMIDOS MASTICABLES PARA PERROS, RIMADYL 50 mg comprimate pentru câini, RIMADYL 50 mg, kramtomosios tabletės šunims, RIMADYL 50MG/TAB ΜΑΣΩΜΕΝΟ ΔΙΣΚΙΟ, RIMADYL 50mg/ml ενέσιμο διάλυμα για σκύλους και γάτες, RIMADYL CATTLE 50 mg/ml, injekcinis tirpalas galvijams, RIMADYL Cattle 50 mg/ml Solution for Injection, RIMADYL INJECTABLE SOLUTION INJECTABLE POUR CHATS ET CHIENS, RIMADYL Injection 50mg/ml Διαυγές αποστειρωμένο ενέσιμο διάλυμα για σκύλους και γάτες, RIMADYL SMAKELIJKE TABLETTEN 100 mg voor honden, RIMADYL SMAKELIJKE TABLETTEN 50 mg voor honden, RIMADYL VET 50 mg/ml injektioneste, liuos, RIMADYL vet 100 mg purutabletti, RIMADYL vet 20 mg purutabletti, RIMADYL vet 50 mg purutabletti, Rimadyl 100 mg - Kautabletten für Hunde, Rimadyl 100 mg Comprimés Appétents 100 mg Tablet, Rimadyl 100 mg Kautablette für Hunde, Rimadyl 100 mg comprimidos mastigáveis para cães, Rimadyl 100 mg comprimés appétents, 100 mg, comprimés pour chiens, Rimadyl 100 mg okusne, žvečljive tablete za pse, Rimadyl 100 mg tabletes suņiem, Rimadyl 100 mg ízesített tabletta A.U.V., Rimadyl 20 mg - Kautabletten für Hunde, Rimadyl 20 mg Comprimés Appétents 20 mg Comprimé, Rimadyl 20 mg Comprimés Appétents 20 mg Tablet, Rimadyl 20 mg Kautablette für Hunde, Rimadyl 20 mg okusne, žvečljive tablete za pse, Rimadyl 20 mg ízesített tabletta A.U.V., Rimadyl 20 mg таблетки за кучета/Rimadyl 50 mg таблетки за кучета/Rimadyl 100 mg таблетки за кучета, Rimadyl 50 mg - Kautabletten für Hunde, Rimadyl 50 mg Comprimés Appétents 50 mg Tablet, Rimadyl 50 mg Kautablette für Hunde, Rimadyl 50 mg comprimidos mastigáveis para cães, Rimadyl 50 mg comprimés appétents, 50 mg, comprimés pour chiens, Rimadyl 50 mg košļājamās tabletes suņiem, Rimadyl 50 mg okusne, žvečljive tablete za pse, Rimadyl 50 mg ízesített tabletta A.U.V., Rimadyl 50 mg/ml - Injektionslösung für Hunde und Katzen, Rimadyl 50 mg/ml injekčný roztok, Rimadyl 50mg/ml Injektionslösung für Hunde und Katzen, Rimadyl Cattle, 50 mg/mL, otopina za injekciju, za goveda, Rimadyl Iniettabile 50 mg/ml, soluzione iniettabile per cane e gatto., Rimadyl Palatable 100 mg tablety pre psy, Rimadyl Palatable 20 mg tablety pre psy, Rimadyl Palatable 50 mg tablety pre psy, Rimadyl Palatable Tablets 100, Rimadyl Palatable Tablets 100 mg, Rimadyl Palatable Tablets 100 mg tabletes suņiem, Rimadyl Palatable Tablets 20 mg, Rimadyl Palatable Tablets 20 mg tabletes suņiem, Rimadyl Palatable Tablets 50, Rimadyl Palatable Tablets 50 mg, Rimadyl Palatable Tablets 50 mg tabletes suņiem, Rimadyl Palatable Tablets da 100 mg per cani, Rimadyl Palatable Tablets da 20 mg per cani, Rimadyl Palatable Tablets da 50 mg per cani, Rimadyl Palatable, 100mg, Žvýkací tableta, Rimadyl Palatable, 20mg, Žvýkací tableta, Rimadyl Palatable, 50mg, Žvýkací tableta, Rimadyl Solution for Injection for dogs and cats 50 mg/ml, Rimadyl Vet. 100 mg tyggetabletter, Rimadyl Vet. 20 mg tyggetabletter, Rimadyl Vet. 50 mg tyggetabletter, Rimadyl cattle 50 mg/ml oplossing voor injectie, Rimadyl injectievloeistof, 50 mg/ml voor honden en katten, Rimadyl smakelijke tabletten 100 mg voor honden, Rimadyl smakelijke tabletten 20 mg voor honden, Rimadyl smakelijke tabletten 50 mg voor honden, Rimadyl vet. 100 mg Tuggtablett, Rimadyl vet. 100 mg tyggetabletter, Rimadyl vet. 20 mg Tuggtablett, Rimadyl vet. 20 mg tyggetabletter, Rimadyl vet. 50 mg Tuggtablett, Rimadyl vet. 50 mg tyggetabletter, Rimadyl vet., 100 mg, Tuggtablett, Rimadyl Μασώμενο Δισκίο 100mg για σκύλους, Rimadyl Μασώμενο Δισκίο 20mg για σκύλους, Rimadyl Μασώμενο Δισκίο 50mg για σκύλους, Rimadyl, 100 mg närimistablett koertele, Rimadyl, 20 mg närimistablett koertele, Rimadyl, 50 mg närimistablett koertele, Rim","Anaemia NOS, Ataxia, Bloody diarrhoea, Cardiac disorder NOS, Laboured breathing, Lethargy (see also Central nervous system depression in Neurological), Pale mucous membrane, Seizure NOS, Weakness, Weight loss",1,1,
US-UKPFIZAH-2010-US-05364,"<a target=""_blank""  href=""/xmlpserver/EVVET3 PW NEW/Subject Area Contents/Public Website/Report (PDF)/AER.xdo?_xpf=&_xpt=1&_params%2FOracle%20BI%20EE%3A%3ADefaultApp%3A%3AEVVET3%20PR%20NEW%2FAER%3A%3Adimension%2FAER%20Id%3A%3Aattribute%3A%3Anoaggr%3A%3Axsd%3Adouble=128546&_xt=AER&_xf=pdf""> AER </a>",2010-03-12 00:00:00,Animal owner,United States,MALE,Dog,Sheepdog - Old English,"DFV DOXIVET 200 mg/ml, solution for use in drinking water for pigs and chickens, DFV DOXIVET 500 mg/g, powder for use in drinking water for pigs and chickens, Doxycycline 100 mg tablet, voor honden en katten, Doxycycline 15 mg tabletten voor honden en katten, Doxycycline 20% W.O., Doxycycline 20% W.O. poeder voor toediening via drinkwater voor vleeskuikens, Doxycycline 50% WSP, 500 mg/g, prašak za primjenu u vodi za piće/mliječnoj zamjenici, za goveda, svinje i kokoši, Doxycycline 500 mg/kg, poeder voor gebruik in drinkwater voor varken en kip, Doxycycline 75 mg tabletten voor honden, Doxycycline tabletten 20 mg voor honden en katten, MARAVET AMOXICILLIN, Metronidazole VET-AGRO 250 mg tabletten voor honden en katten, Rimadyl vet. 100 mg Tuggtablett, Rimadyl vet. 20 mg Tuggtablett, Rimadyl vet. 50 mg Tuggtablett, Rimadyl vet., 100 mg, Tuggtablett, Доксициклин 20% водоразтворим прах, Доксициклин 200 водоразтворим прах","Ataxia, Death by euthanasia, Diarrhoea, Elevated liver enzymes NOS, Falling, Lameness, Polydipsia, Vomiting",1,1,1
US-UKPFIZAH-2010-US-05443,"<a target=""_blank""  href=""/xmlpserver/EVVET3 PW NEW/Subject Area Contents/Public Website/Report (PDF)/AER.xdo?_xpf=&_xpt=1&_params%2FOracle%20BI%20EE%3A%3ADefaultApp%3A%3AEVVET3%20PR%20NEW%2FAER%3A%3Adimension%2FAER%20Id%3A%3Aattribute%3A%3Anoaggr%3A%3Axsd%3Adouble=201322&_xt=AER&_xf=pdf""> AER </a>",2010-06-25 00:00:00,Animal owner,United States,FEMALE,Dog,"Dog (other), Hound - Swiss - (Lucerne Hound (Luzerner Laufhund), Schwyz Hound (Schweizer Laufhund), Bernese Hound, Jura Hound)","Cerenia 10 mg/ml  - Solution for injection, Rimadyl vet. 100 mg Tuggtablett, Rimadyl vet. 20 mg Tuggtablett, Rimadyl vet. 50 mg Tuggtablett, Rimadyl vet., 100 mg, Tuggtablett, SYNULOX (200+50)MG/TAB ΔΙΣΚΙΟ, SYNULOX (40+10)MG/TAB ΔΙΣΚΙΟ, SYNULOX 140 mg/ml + 35 mg/ml suspensión inyectable, SYNULOX 200 mg/50 mg tablety pre psy a mačky, SYNULOX 200/50 mg COMPRIMIDOS APETITOSOS PARA PERROS, SYNULOX 250 COMPRIMES POUR CHIENS, SYNULOX 250 mg, SYNULOX 250 mg kramtomosios tabletės šunims ir katėms, SYNULOX 250 mg tablete za pse in mačke, SYNULOX 250mg, δισκία για σκύλους και γάτες, SYNULOX 40 mg/10 mg tablety pre psy a mačky, SYNULOX 40 mg/ml + 10 mg/ml POLVO PARA GOTAS ORALES EN SUSPENSION, SYNULOX 40/10 MG COMPRIMIDOS APETITOSOS PARA PERROS Y GATOS, SYNULOX 400 mg/100 mg tablety pre psy, SYNULOX 400/100 mg COMPRIMIDOS APETITOSOS PARA PERROS, SYNULOX 50 COMPRIMES POUR CHIENS ET CHATS, SYNULOX 50 mg, SYNULOX 50 mg kramtomosios tabletės šunims ir katėms, SYNULOX 50 mg tablete za pse in mačke, SYNULOX 500 COMPRIMES POUR CHIENS, SYNULOX 500 mg kramtomosios tabletės šunims, SYNULOX 500 mg tablete za pse, SYNULOX 500 mg, kramtomosios tabletės šunims, SYNULOX 500MG/TAB ΔΙΣΚΙΟ, SYNULOX 50mg, δισκία για σκύλους και γάτες, SYNULOX OGIVETTES POUR VEAUX, SYNULOX SUSPENSION INJECTABLE POUR BOVINS, SYNULOX VET 140 mg/ml injektioneste, suspensio koiralle, kissalle ja sialle, SYNULOX suspensão injetável para suínos, bovinos, cães e gatos, SYNULOX vet 200 mg/50 mg tabletti, koiralle ja kissalle, SYNULOX vet 40 mg/10 mg tabletti, koiralle ja kissalle, SYNULOX vet 400 mg/100 mg tabletti, koiralle, SYNULOX, 400/100mg, Tableta, Synulox 250 mg Comprimés Appétents, Synulox 250 mg Smakelijke tabletten, Synulox 250 mg tabletes suņiem un kaķiem, Synulox 250 mg, tabletid koertele ja kassidele, Synulox 250 mg, таблетки за кучета и котки, Synulox 250mg (200 mg/50 mg)  Tabletten für Hunde, Synulox 50 mg Comprimés Appétents, Synulox 50 mg Smakelijke Tabletten, Synulox 50 mg tabletes suņiem un kaķiem, Synulox 50 mg, tabletid koertele ja kassidele, Synulox 50 mg, таблетки за кучета и котки, Synulox 500 mg Bolus 400 mg - 100 mg Omhulde tablet, Synulox 500 mg Comprimés Appétents, Synulox 500 mg Smakelijke Tabletten, Synulox 500 mg tabletes suņiem, Synulox 500 mg, tabletid koertele, Synulox 500mg (400 mg/100 mg) Tabletten für Hunde, Synulox 50mg (40 mg/10 mg) Tabletten für Hunde und Katzen, Synulox Bolus 500 mg, 400 mg + 100 mg comprimés enrobés pour veaux, Synulox Lactating Cow Intramammary suspension., Synulox Tabletki 250 mg, Synulox Tabletki 250 mg (200+50) mg/tablete; tabletes suņiem, Synulox Tabletki 50 mg, Synulox Tabletki 50 mg (40+10) mg/ tablete; tabletes suņiem un kaķiem, Synulox Tabletki 500 mg, Synulox Vet. til hund og kat 200 + 50 mg tabletter, Synulox Vet. til hund og kat 40 + 10 mg tabletter, Synulox Vet. til hund tabletter 400 + 100 mg, Synulox Vet. til kalve 400 + 100 mg tabletter, Synulox comprimidos palatáveis 250 mg para cães e gatos, Synulox comprimidos palatáveis 50 mg para cães e gatos, Synulox comprimidos palatáveis 500 mg para cães, Synulox vet 40 mg/ml jauhe oraalisuspensiota varten koiralle ja kissalle, Synulox vet. 200 mg tabletter for hund og katt, Synulox vet. 200 mg/50 mg Tablett, Synulox vet. 40 mg tabletter for hund og katt, Synulox vet. 40 mg/10 mg Tablett, Synulox vet. 400 mg tabletter for hund, Synulox vet. 400 mg/100 mg Tablett, Synulox, 200/50mg, Tableta, Synulox, 40/10mg, Tableta, Synulox-Kalb 400 mg/100 mg Filmtabletten für Rinder (Kälber)","Acid-base disorder, Anorexia, Death, Elevated renal parameters, Lethargy (see also Central nervous system depression in Neurological), Neutrophilia, Other abnormal test result NOS, Pancreatitis NOS, Red blood cell disorder, Renal disorder NOS, Urinary tract disorder NOS, Vomiting",1,1,1
US-UKPFIZAH-2010-US-05536,"<a target=""_blank""  href=""/xmlpserver/EVVET3 PW NEW/Subject Area Contents/Public Website/Report (PDF)/AER.xdo?_xpf=&_xpt=1&_params%2FOracle%20BI%20EE%3A%3ADefaultApp%3A%3AEVVET3%20PR%20NEW%2FAER%3A%3Adimension%2FAER%20Id%3A%3Aattribute%3A%3Anoaggr%3A%3Axsd%3Adouble=122292&_xt=AER&_xf=pdf""> AER </a>",2010-02-25 00:00:00,Veterinarian,United States,MALE,Dog,Sheepdog - Old English,"Rimadyl vet. 100 mg Tuggtablett, Rimadyl vet. 20 mg Tuggtablett, Rimadyl vet. 50 mg Tuggtablett, Rimadyl vet., 100 mg, Tuggtablett","Anaemia NOS, Blood in faeces, Death, Haematemesis, Hepatopathy, Leukocytosis NOS, Other abnormal test result NOS",1,1,1
US-UKPFIZAH-2010-US-06260,"<a target=""_blank""  href=""/xmlpserver/EVVET3 PW NEW/Subject Area Contents/Public Website/Report (PDF)/AER.xdo?_xpf=&_xpt=1&_params%2FOracle%20BI%20EE%3A%3ADefaultApp%3A%3AEVVET3%20PR%20NEW%2FAER%3A%3Adimension%2FAER%20Id%3A%3Aattribute%3A%3Anoaggr%3A%3Axsd%3Adouble=124623&_xt=AER&_xf=pdf""> AER </a>",2010-03-04 00:00:00,Veterinarian,United States,MALE,Dog,Terrier - Bull - Staffordshire,"RIMADYL 100 mg COMPRIMIDOS MASTICABLES PARA PERROS, RIMADYL 100 mg comprimate pentru câini, RIMADYL 100 mg, kramtomosios tabletės šunims, RIMADYL 100MG/TAB ΜΑΣΩΜΕΝΟ ΔΙΣΚΙΟ, RIMADYL 20 mg COMPRIMIDOS MASTICABLES PARA PERROS, RIMADYL 20 mg, kramtomosios tabletės šunims, RIMADYL 20MG/TAB ΜΑΣΩΜΕΝΟ ΔΙΣΚΙΟ, RIMADYL 50 mg COMPRIMIDOS MASTICABLES PARA PERROS, RIMADYL 50 mg comprimate pentru câini, RIMADYL 50 mg, kramtomosios tabletės šunims, RIMADYL 50MG/TAB ΜΑΣΩΜΕΝΟ ΔΙΣΚΙΟ, RIMADYL 50mg/ml ενέσιμο διάλυμα για σκύλους και γάτες, RIMADYL CATTLE 50 mg/ml, injekcinis tirpalas galvijams, RIMADYL Cattle 50 mg/ml Solution for Injection, RIMADYL INJECTABLE SOLUTION INJECTABLE POUR CHATS ET CHIENS, RIMADYL Injection 50mg/ml Διαυγές αποστειρωμένο ενέσιμο διάλυμα για σκύλους και γάτες, RIMADYL SMAKELIJKE TABLETTEN 100 mg voor honden, RIMADYL SMAKELIJKE TABLETTEN 50 mg voor honden, RIMADYL VET 50 mg/ml injektioneste, liuos, RIMADYL vet 100 mg purutabletti, RIMADYL vet 20 mg purutabletti, RIMADYL vet 50 mg purutabletti, Rimadyl 100 mg - Kautabletten für Hunde, Rimadyl 100 mg Comprimés Appétents 100 mg Tablet, Rimadyl 100 mg Kautablette für Hunde, Rimadyl 100 mg comprimidos mastigáveis para cães, Rimadyl 100 mg comprimés appétents, 100 mg, comprimés pour chiens, Rimadyl 100 mg okusne, žvečljive tablete za pse, Rimadyl 100 mg tabletes suņiem, Rimadyl 100 mg ízesített tabletta A.U.V., Rimadyl 20 mg - Kautabletten für Hunde, Rimadyl 20 mg Comprimés Appétents 20 mg Comprimé, Rimadyl 20 mg Comprimés Appétents 20 mg Tablet, Rimadyl 20 mg Kautablette für Hunde, Rimadyl 20 mg okusne, žvečljive tablete za pse, Rimadyl 20 mg ízesített tabletta A.U.V., Rimadyl 20 mg таблетки за кучета/Rimadyl 50 mg таблетки за кучета/Rimadyl 100 mg таблетки за кучета, Rimadyl 50 mg - Kautabletten für Hunde, Rimadyl 50 mg Comprimés Appétents 50 mg Tablet, Rimadyl 50 mg Kautablette für Hunde, Rimadyl 50 mg comprimidos mastigáveis para cães, Rimadyl 50 mg comprimés appétents, 50 mg, comprimés pour chiens, Rimadyl 50 mg košļājamās tabletes suņiem, Rimadyl 50 mg okusne, žvečljive tablete za pse, Rimadyl 50 mg ízesített tabletta A.U.V., Rimadyl 50 mg/ml - Injektionslösung für Hunde und Katzen, Rimadyl 50 mg/ml injekčný roztok, Rimadyl 50mg/ml Injektionslösung für Hunde und Katzen, Rimadyl Cattle, 50 mg/mL, otopina za injekciju, za goveda, Rimadyl Iniettabile 50 mg/ml, soluzione iniettabile per cane e gatto., Rimadyl Palatable 100 mg tablety pre psy, Rimadyl Palatable 20 mg tablety pre psy, Rimadyl Palatable 50 mg tablety pre psy, Rimadyl Palatable Tablets 100, Rimadyl Palatable Tablets 100 mg, Rimadyl Palatable Tablets 100 mg tabletes suņiem, Rimadyl Palatable Tablets 20 mg, Rimadyl Palatable Tablets 20 mg tabletes suņiem, Rimadyl Palatable Tablets 50, Rimadyl Palatable Tablets 50 mg, Rimadyl Palatable Tablets 50 mg tabletes suņiem, Rimadyl Palatable Tablets da 100 mg per cani, Rimadyl Palatable Tablets da 20 mg per cani, Rimadyl Palatable Tablets da 50 mg per cani, Rimadyl Palatable, 100mg, Žvýkací tableta, Rimadyl Palatable, 20mg, Žvýkací tableta, Rimadyl Palatable, 50mg, Žvýkací tableta, Rimadyl Solution for Injection for dogs and cats 50 mg/ml, Rimadyl Vet. 100 mg tyggetabletter, Rimadyl Vet. 20 mg tyggetabletter, Rimadyl Vet. 50 mg tyggetabletter, Rimadyl cattle 50 mg/ml oplossing voor injectie, Rimadyl injectievloeistof, 50 mg/ml voor honden en katten, Rimadyl smakelijke tabletten 100 mg voor honden, Rimadyl smakelijke tabletten 20 mg voor honden, Rimadyl smakelijke tabletten 50 mg voor honden, Rimadyl vet. 100 mg Tuggtablett, Rimadyl vet. 100 mg tyggetabletter, Rimadyl vet. 20 mg Tuggtablett, Rimadyl vet. 20 mg tyggetabletter, Rimadyl vet. 50 mg Tuggtablett, Rimadyl vet. 50 mg tyggetabletter, Rimadyl vet., 100 mg, Tuggtablett, Rimadyl Μασώμενο Δισκίο 100mg για σκύλους, Rimadyl Μασώμενο Δισκίο 20mg για σκύλους, Rimadyl Μασώμενο Δισκίο 50mg για σκύλους, Rimadyl, 100 mg närimistablett koertele, Rimadyl, 20 mg närimistablett koertele, Rimadyl, 50 mg närimistablett koertele, Rim","Death by euthanasia, Hyperglycaemia, Ketosis, Lethargy (see also Central nervous system depression in Neurological), Pale mucous membrane, Polydipsia, Polyuria, Weight loss",1,1,1
US-UKPFIZAH-2010-US-06269,"<a target=""_blank""  href=""/xmlpserver/EVVET3 PW NEW/Subject Area Contents/Public Website/Report (PDF)/AER.xdo?_xpf=&_xpt=1&_params%2FOracle%20BI%20EE%3A%3ADefaultApp%3A%3AEVVET3%20PR%20NEW%2FAER%3A%3Adimension%2FAER%20Id%3A%3Aattribute%3A%3Anoaggr%3A%3Axsd%3Adouble=122293&_xt=AER&_xf=pdf""> AER </a>",2010-02-25 00:00:00,Other health care professional,United States,FEMALE,Dog,Crossbred Canine/dog,"Rimadyl vet. 100 mg Tuggtablett, Rimadyl vet. 20 mg Tuggtablett, Rimadyl vet. 50 mg Tuggtablett, Rimadyl vet., 100 mg, Tuggtablett","Anorexia, Death, Depression, Emesis, Lethargy (see also Central nervous system depression in Neurological), Tachycardia",1,1,1
US-UKPFIZAH-2010-US-06408,"<a target=""_blank""  href=""/xmlpserver/EVVET3 PW NEW/Subject Area Contents/Public Website/Report (PDF)/AER.xdo?_xpf=&_xpt=1&_params%2FOracle%20BI%20EE%3A%3ADefaultApp%3A%3AEVVET3%20PR%20NEW%2FAER%3A%3Adimension%2FAER%20Id%3A%3Aattribute%3A%3Anoaggr%3A%3Axsd%3Adouble=188552&_xt=AER&_xf=pdf""> AER </a>",2010-05-28 00:00:00,Veterinarian,United States,MALE,Dog,Spaniel - Springer English,"RIMADYL 100 mg COMPRIMIDOS MASTICABLES PARA PERROS, RIMADYL 100 mg comprimate pentru câini, RIMADYL 100 mg, kramtomosios tabletės šunims, RIMADYL 100MG/TAB ΜΑΣΩΜΕΝΟ ΔΙΣΚΙΟ, RIMADYL 20 mg COMPRIMIDOS MASTICABLES PARA PERROS, RIMADYL 20 mg, kramtomosios tabletės šunims, RIMADYL 20MG/TAB ΜΑΣΩΜΕΝΟ ΔΙΣΚΙΟ, RIMADYL 50 mg COMPRIMIDOS MASTICABLES PARA PERROS, RIMADYL 50 mg comprimate pentru câini, RIMADYL 50 mg, kramtomosios tabletės šunims, RIMADYL 50MG/TAB ΜΑΣΩΜΕΝΟ ΔΙΣΚΙΟ, RIMADYL 50mg/ml ενέσιμο διάλυμα για σκύλους και γάτες, RIMADYL CATTLE 50 mg/ml, injekcinis tirpalas galvijams, RIMADYL Cattle 50 mg/ml Solution for Injection, RIMADYL INJECTABLE SOLUTION INJECTABLE POUR CHATS ET CHIENS, RIMADYL Injection 50mg/ml Διαυγές αποστειρωμένο ενέσιμο διάλυμα για σκύλους και γάτες, RIMADYL SMAKELIJKE TABLETTEN 100 mg voor honden, RIMADYL SMAKELIJKE TABLETTEN 50 mg voor honden, RIMADYL VET 50 mg/ml injektioneste, liuos, RIMADYL vet 100 mg purutabletti, RIMADYL vet 20 mg purutabletti, RIMADYL vet 50 mg purutabletti, Rimadyl 100 mg - Kautabletten für Hunde, Rimadyl 100 mg Comprimés Appétents 100 mg Tablet, Rimadyl 100 mg Kautablette für Hunde, Rimadyl 100 mg comprimidos mastigáveis para cães, Rimadyl 100 mg comprimés appétents, 100 mg, comprimés pour chiens, Rimadyl 100 mg okusne, žvečljive tablete za pse, Rimadyl 100 mg tabletes suņiem, Rimadyl 100 mg ízesített tabletta A.U.V., Rimadyl 20 mg - Kautabletten für Hunde, Rimadyl 20 mg Comprimés Appétents 20 mg Comprimé, Rimadyl 20 mg Comprimés Appétents 20 mg Tablet, Rimadyl 20 mg Kautablette für Hunde, Rimadyl 20 mg okusne, žvečljive tablete za pse, Rimadyl 20 mg ízesített tabletta A.U.V., Rimadyl 20 mg таблетки за кучета/Rimadyl 50 mg таблетки за кучета/Rimadyl 100 mg таблетки за кучета, Rimadyl 50 mg - Kautabletten für Hunde, Rimadyl 50 mg Comprimés Appétents 50 mg Tablet, Rimadyl 50 mg Kautablette für Hunde, Rimadyl 50 mg comprimidos mastigáveis para cães, Rimadyl 50 mg comprimés appétents, 50 mg, comprimés pour chiens, Rimadyl 50 mg košļājamās tabletes suņiem, Rimadyl 50 mg okusne, žvečljive tablete za pse, Rimadyl 50 mg ízesített tabletta A.U.V., Rimadyl 50 mg/ml - Injektionslösung für Hunde und Katzen, Rimadyl 50 mg/ml injekčný roztok, Rimadyl 50mg/ml Injektionslösung für Hunde und Katzen, Rimadyl Cattle, 50 mg/mL, otopina za injekciju, za goveda, Rimadyl Iniettabile 50 mg/ml, soluzione iniettabile per cane e gatto., Rimadyl Palatable 100 mg tablety pre psy, Rimadyl Palatable 20 mg tablety pre psy, Rimadyl Palatable 50 mg tablety pre psy, Rimadyl Palatable Tablets 100, Rimadyl Palatable Tablets 100 mg, Rimadyl Palatable Tablets 100 mg tabletes suņiem, Rimadyl Palatable Tablets 20 mg, Rimadyl Palatable Tablets 20 mg tabletes suņiem, Rimadyl Palatable Tablets 50, Rimadyl Palatable Tablets 50 mg, Rimadyl Palatable Tablets 50 mg tabletes suņiem, Rimadyl Palatable Tablets da 100 mg per cani, Rimadyl Palatable Tablets da 20 mg per cani, Rimadyl Palatable Tablets da 50 mg per cani, Rimadyl Palatable, 100mg, Žvýkací tableta, Rimadyl Palatable, 20mg, Žvýkací tableta, Rimadyl Palatable, 50mg, Žvýkací tableta, Rimadyl Solution for Injection for dogs and cats 50 mg/ml, Rimadyl Vet. 100 mg tyggetabletter, Rimadyl Vet. 20 mg tyggetabletter, Rimadyl Vet. 50 mg tyggetabletter, Rimadyl cattle 50 mg/ml oplossing voor injectie, Rimadyl injectievloeistof, 50 mg/ml voor honden en katten, Rimadyl smakelijke tabletten 100 mg voor honden, Rimadyl smakelijke tabletten 20 mg voor honden, Rimadyl smakelijke tabletten 50 mg voor honden, Rimadyl vet. 100 mg Tuggtablett, Rimadyl vet. 100 mg tyggetabletter, Rimadyl vet. 20 mg Tuggtablett, Rimadyl vet. 20 mg tyggetabletter, Rimadyl vet. 50 mg Tuggtablett, Rimadyl vet. 50 mg tyggetabletter, Rimadyl vet., 100 mg, Tuggtablett, Rimadyl Μασώμενο Δισκίο 100mg για σκύλους, Rimadyl Μασώμενο Δισκίο 20mg για σκύλους, Rimadyl Μασώμενο Δισκίο 50mg για σκύλους, Rimadyl, 100 mg närimistablett koertele, Rimadyl, 20 mg närimistablett koertele, Rimadyl, 50 mg närimistablett koertele, Rim","Anorexia, Cholangiohepatitis, Death, Hepatopathy, Lethargy (see also Central nervous system depression in Neurological), Vomiting",1,1,1
US-UKPFIZAH-2010-US-06494,"<a target=""_blank""  href=""/xmlpserver/EVVET3 PW NEW/Subject Area Contents/Public Website/Report (PDF)/AER.xdo?_xpf=&_xpt=1&_params%2FOracle%20BI%20EE%3A%3ADefaultApp%3A%3AEVVET3%20PR%20NEW%2FAER%3A%3Adimension%2FAER%20Id%3A%3Aattribute%3A%3Anoaggr%3A%3Axsd%3Adouble=124617&_xt=AER&_xf=pdf""> AER </a>",2010-03-04 00:00:00,Other health care professional,United States,FEMALE,Dog,Beagle,"Rimadyl vet. 100 mg Tuggtablett, Rimadyl vet. 20 mg Tuggtablett, Rimadyl vet. 50 mg Tuggtablett, Rimadyl vet., 100 mg, Tuggtablett",Decreased appetite,1,1,
US-UKPFIZAH-2010-US-06874,"<a target=""_blank""  href=""/xmlpserver/EVVET3 PW NEW/Subject Area Contents/Public Website/Report (PDF)/AER.xdo?_xpf=&_xpt=1&_params%2FOracle%20BI%20EE%3A%3ADefaultApp%3A%3AEVVET3%20PR%20NEW%2FAER%3A%3Adimension%2FAER%20Id%3A%3Aattribute%3A%3Anoaggr%3A%3Axsd%3Adouble=132432&_xt=AER&_xf=pdf""> AER </a>",2010-03-18 00:00:00,Veterinarian,United States,FEMALE,Dog,Shepherd Dog - Australian,"Cerenia 10 mg/ml  - Solution for injection, Ketamin 10 % šķīdums injekcijām suņiem un kaķiem, Ketamin 10%, Ketamin 100 mg/ml, Ketamine 10% oplossing voor injectie voor honden en katten, Ketamine 10% pro inj., oplossing voor injectie voor honden en katten, Ketamine 10% šķīdums injekcijām suņiem un kaķiem, Ketamine 10%, oplossing voor injectie voor honden en katten, RABISIN SUSPENSION INJECTABLE, RABISIN injekčná suspenzia, RABISIN suspenzija za injiciranje, RABISIN vet, injeksjonsvæske, suspensjon Vaksine mot rabies til dyr (inaktivert), RABISIN, Injekční suspenze, RABISIN, injekcinė suspensija, RABISIN, sospensione iniettabile per cani, gatti, equini, bovini, ovini, RABISIN, suspensie injectabilă, RABISIN, ενέσιμο εναιώρημα, RABISIN, ≥ 2,09 log10 OD50 i ≥ 1 I.J., suspenzija za injekciju za pse, mačke, pitome vretice, konje, govedo i ovce, Rabisin, Rabisin  Suspensie voor injectie, Rabisin Glikoproteiny wirusa wścieklizny nie mniej niż 1IU Zawiesina do wstrzykiwań, Rabisin Injektionssuspension für Hunde, Katzen, Marderartige, Pferde, Rinder und Schafe, Rabisin Vet. injektionsvæske, suspension, Rabisin suspensija injekcijām liellopiem, zirgiem, aitām, suņiem, kaķiem un mājas seskiem, Rabisin suspension injectable, Rabisin suspensão injectável, Rabisin vakcina A.U.V., Rabisin vet injektioneste, suspensio, Rabisin vet.  Injektionsvätska, suspension, Rabisin, Injektionssuspension für Hunde, Katzen, Marderartige, Pferde, Rinder und Schafe, Rabisin, suspensie voor injectie voor hond, kat en rund, Rabisin, süstesuspensioon, Rimadyl vet. 100 mg Tuggtablett, Rimadyl vet. 20 mg Tuggtablett, Rimadyl vet. 50 mg Tuggtablett, Rimadyl vet., 100 mg, Tuggtablett, КЕТАМИН 10 %, РАБИЗИН","Anaemia NOS, Anorexia, Ascites, Death by euthanasia, Dehydration, Depression, Distension of abdomen, Dry mucous membrane, Emesis, Hepatopathy, Lethargy (see also Central nervous system depression in Neurological), Melaena, Muscle wasting, Other abnormal test result NOS, Pale mucous membrane, Tense abdomen, Urinary tract disorder NOS, Weight loss",1,1,1
US-UKPFIZAH-2010-US-06919,"<a target=""_blank""  href=""/xmlpserver/EVVET3 PW NEW/Subject Area Contents/Public Website/Report (PDF)/AER.xdo?_xpf=&_xpt=1&_params%2FOracle%20BI%20EE%3A%3ADefaultApp%3A%3AEVVET3%20PR%20NEW%2FAER%3A%3Adimension%2FAER%20Id%3A%3Aattribute%3A%3Anoaggr%3A%3Axsd%3Adouble=128547&_xt=AER&_xf=pdf""> AER </a>",2010-03-12 00:00:00,Veterinarian,United States,FEMALE,Dog,Crossbred Canine/dog,"Diazepam 10 mg, tabletten voor honden en katten, Diazepam 2 mg, tabletten voor honden en katten, Diazepam 5 mg, tabletten voor honden en katten, Diazepam 5 mg/ml, oplossing voor injectie voor honden en katten, Rimadyl vet. 100 mg Tuggtablett, Rimadyl vet. 20 mg Tuggtablett, Rimadyl vet. 50 mg Tuggtablett, Rimadyl vet., 100 mg, Tuggtablett, ZIAPAM 5 mg/ml, solution for injection for dogs and cats","Anorexia, Death by euthanasia, Elevated renal parameters, Lethargy (see also Central nervous system depression in Neurological), Lymphocytosis, Neutrophilia, Pale mucous membrane, Regenerative anaemia, Thrombocytopenia",1,1,1
US-UKPFIZAH-2010-US-07140,"<a target=""_blank""  href=""/xmlpserver/EVVET3 PW NEW/Subject Area Contents/Public Website/Report (PDF)/AER.xdo?_xpf=&_xpt=1&_params%2FOracle%20BI%20EE%3A%3ADefaultApp%3A%3AEVVET3%20PR%20NEW%2FAER%3A%3Adimension%2FAER%20Id%3A%3Aattribute%3A%3Anoaggr%3A%3Axsd%3Adouble=132433&_xt=AER&_xf=pdf""> AER </a>",2010-03-18 00:00:00,Veterinarian,United States,MALE,Dog,Retriever - Labrador,"KETOFEN 1 %, KETOFEN 1 % (w/v) injekčný roztok, KETOFEN 1 %, 10 mg/ml injekcinis tirpalas šunims ir katėms, KETOFEN 10 %, KETOFEN 10 % (w/v) injekčný roztok, KETOFEN 10 MG, KETOFEN 10 mg, KETOFEN 10 mg/ml SOLUCION INYECTABLE, KETOFEN 10%, 100 mg/mL, otopina za injekciju, za goveda, konje i svinje, KETOFEN 10, 10mg, Tableta, KETOFEN 100 mg/ml, KETOFEN 100 mg/ml SOLUCION INYECTABLE, KETOFEN 20 MG, KETOFEN 20 mg, KETOFEN 20, 20mg, Tableta, KETOFEN 5 MG, KETOFEN 5 mg, KETOFEN 5, 5mg, Tableta, KETOFEN, 1%, Injekční roztok, KETOFEN, 10%, Injekční roztok, KETOFEN® 1% inj, KETOFEN® 10 mg таблети, KETOFEN® 20 mg таблети, KETOFEN® 5 mg таблети, Ketofen 1 % šķīdums injekcijām suņiem un kaķiem, Ketofen 1 %, oplossing voor injectie voor honden en katten, Ketofen 1% 10 mg/ml Oplossing voor injectie, Ketofen 1%, 10 mg/ml süstelahus koertele ja kassidele, Ketofen 10 % 100 mg/ml Oplossing voor injectie, Ketofen 10 mg tabletta kutyáknak és macskáknak A.U.V., Ketofen 10 mg/ml oldatos injekció kutyáknak és macskáknak A.U.V., Ketofen 10% oplossing voor injectie voor runderen en varkens, Ketofen 10% šķīdums injekcijām liellopiem, zirgiem un cūkām, Ketofen 10%, 100 mg/ml süstelahus veistele, sigadele, hobustele, Ketofen 10%, инжекционен разтвор за говеда, коне и свине, Ketofen 100 mg/ml Solution for Injection, Ketofen 100 mg/ml oldatos injekció szarvasmarhák, lovak és sertések számára A.U.V., Ketofen 20 mg Tablet, Ketofen 20 mg tabletta kutyáknak A.U.V., Ketofen 5 mg Tablet, Ketofen 5 mg tabletta kutyáknak és macskáknak A.U.V., Ketofen, 100 mg/ml, roztwór do wstrzykiwań dla koni, bydła i świń, MARAVET AMOXICILLIN, Rimadyl vet. 100 mg Tuggtablett, Rimadyl vet. 20 mg Tuggtablett, Rimadyl vet. 50 mg Tuggtablett, Rimadyl vet., 100 mg, Tuggtablett","Blood in urine, Decreased appetite, Discoloured urine, Elevated liver enzymes NOS, Fever, Hypersalivation, Increased urine concentration, Leukocytosis NOS, Listless, Neutrophilia, Thrombocytopenia, Urinary bladder disorder NOS, Vomiting, Weight loss",1,1,
US-UKPFIZAH-2010-US-07335,"<a target=""_blank""  href=""/xmlpserver/EVVET3 PW NEW/Subject Area Contents/Public Website/Report (PDF)/AER.xdo?_xpf=&_xpt=1&_params%2FOracle%20BI%20EE%3A%3ADefaultApp%3A%3AEVVET3%20PR%20NEW%2FAER%3A%3Adimension%2FAER%20Id%3A%3Aattribute%3A%3Anoaggr%3A%3Axsd%3Adouble=151830&_xt=AER&_xf=pdf""> AER </a>",2010-04-22 00:00:00,Veterinarian,United States,MIXED,Dog,Terrier - Bull - Staffordshire,"Rimadyl vet. 100 mg Tuggtablett, Rimadyl vet. 20 mg Tuggtablett, Rimadyl vet. 50 mg Tuggtablett, Rimadyl vet., 100 mg, Tuggtablett","Death, Dehydration",3,4,1
US-UKPFIZAH-2010-US-07363,"<a target=""_blank""  href=""/xmlpserver/EVVET3 PW NEW/Subject Area Contents/Public Website/Report (PDF)/AER.xdo?_xpf=&_xpt=1&_params%2FOracle%20BI%20EE%3A%3ADefaultApp%3A%3AEVVET3%20PR%20NEW%2FAER%3A%3Adimension%2FAER%20Id%3A%3Aattribute%3A%3Anoaggr%3A%3Axsd%3Adouble=196271&_xt=AER&_xf=pdf""> AER </a>",2010-06-11 00:00:00,Veterinarian,United States,FEMALE,Dog,Shepherd Dog - German,"Baytril vet. 100 mg/ml Injektionsvätska, lösning, Baytril vet. 25 mg/ml Injektionsvätska, lösning, Rimadyl vet. 100 mg Tuggtablett, Rimadyl vet. 20 mg Tuggtablett, Rimadyl vet. 50 mg Tuggtablett, Rimadyl vet., 100 mg, Tuggtablett","Abdominal pain, Death, Depression, Febrile, Leukopenia NOS, Other abnormal test result NOS, Urinary bladder disorder NOS",1,1,1
US-UKPFIZAH-2010-US-07616,"<a target=""_blank""  href=""/xmlpserver/EVVET3 PW NEW/Subject Area Contents/Public Website/Report (PDF)/AER.xdo?_xpf=&_xpt=1&_params%2FOracle%20BI%20EE%3A%3ADefaultApp%3A%3AEVVET3%20PR%20NEW%2FAER%3A%3Adimension%2FAER%20Id%3A%3Aattribute%3A%3Anoaggr%3A%3Axsd%3Adouble=132434&_xt=AER&_xf=pdf""> AER </a>",2010-03-18 00:00:00,Animal owner,United States,FEMALE,Dog,Pekingese,"Rimadyl vet. 100 mg Tuggtablett, Rimadyl vet. 20 mg Tuggtablett, Rimadyl vet. 50 mg Tuggtablett, Rimadyl vet., 100 mg, Tuggtablett","Anorexia, Death, Lethargy (see also Central nervous system depression in Neurological), Sedation",1,1,1
US-UKPFIZAH-2010-US-07830,"<a target=""_blank""  href=""/xmlpserver/EVVET3 PW NEW/Subject Area Contents/Public Website/Report (PDF)/AER.xdo?_xpf=&_xpt=1&_params%2FOracle%20BI%20EE%3A%3ADefaultApp%3A%3AEVVET3%20PR%20NEW%2FAER%3A%3Adimension%2FAER%20Id%3A%3Aattribute%3A%3Anoaggr%3A%3Axsd%3Adouble=141617&_xt=AER&_xf=pdf""> AER </a>",2010-04-15 00:00:00,Veterinarian,United States,MALE,Dog,Dog (other),"MARAVET AMOXICILLIN, RIMADYL 100 mg COMPRIMIDOS MASTICABLES PARA PERROS, RIMADYL 100 mg comprimate pentru câini, RIMADYL 100 mg, kramtomosios tabletės šunims, RIMADYL 100MG/TAB ΜΑΣΩΜΕΝΟ ΔΙΣΚΙΟ, RIMADYL 20 mg COMPRIMIDOS MASTICABLES PARA PERROS, RIMADYL 20 mg, kramtomosios tabletės šunims, RIMADYL 20MG/TAB ΜΑΣΩΜΕΝΟ ΔΙΣΚΙΟ, RIMADYL 50 mg COMPRIMIDOS MASTICABLES PARA PERROS, RIMADYL 50 mg comprimate pentru câini, RIMADYL 50 mg, kramtomosios tabletės šunims, RIMADYL 50MG/TAB ΜΑΣΩΜΕΝΟ ΔΙΣΚΙΟ, RIMADYL 50mg/ml ενέσιμο διάλυμα για σκύλους και γάτες, RIMADYL CATTLE 50 mg/ml, injekcinis tirpalas galvijams, RIMADYL Cattle 50 mg/ml Solution for Injection, RIMADYL INJECTABLE SOLUTION INJECTABLE POUR CHATS ET CHIENS, RIMADYL Injection 50mg/ml Διαυγές αποστειρωμένο ενέσιμο διάλυμα για σκύλους και γάτες, RIMADYL SMAKELIJKE TABLETTEN 100 mg voor honden, RIMADYL SMAKELIJKE TABLETTEN 50 mg voor honden, RIMADYL VET 50 mg/ml injektioneste, liuos, RIMADYL vet 100 mg purutabletti, RIMADYL vet 20 mg purutabletti, RIMADYL vet 50 mg purutabletti, Rimadyl 100 mg - Kautabletten für Hunde, Rimadyl 100 mg Comprimés Appétents 100 mg Tablet, Rimadyl 100 mg Kautablette für Hunde, Rimadyl 100 mg comprimidos mastigáveis para cães, Rimadyl 100 mg comprimés appétents, 100 mg, comprimés pour chiens, Rimadyl 100 mg okusne, žvečljive tablete za pse, Rimadyl 100 mg tabletes suņiem, Rimadyl 100 mg ízesített tabletta A.U.V., Rimadyl 20 mg - Kautabletten für Hunde, Rimadyl 20 mg Comprimés Appétents 20 mg Comprimé, Rimadyl 20 mg Comprimés Appétents 20 mg Tablet, Rimadyl 20 mg Kautablette für Hunde, Rimadyl 20 mg okusne, žvečljive tablete za pse, Rimadyl 20 mg ízesített tabletta A.U.V., Rimadyl 20 mg таблетки за кучета/Rimadyl 50 mg таблетки за кучета/Rimadyl 100 mg таблетки за кучета, Rimadyl 50 mg - Kautabletten für Hunde, Rimadyl 50 mg Comprimés Appétents 50 mg Tablet, Rimadyl 50 mg Kautablette für Hunde, Rimadyl 50 mg comprimidos mastigáveis para cães, Rimadyl 50 mg comprimés appétents, 50 mg, comprimés pour chiens, Rimadyl 50 mg košļājamās tabletes suņiem, Rimadyl 50 mg okusne, žvečljive tablete za pse, Rimadyl 50 mg ízesített tabletta A.U.V., Rimadyl 50 mg/ml - Injektionslösung für Hunde und Katzen, Rimadyl 50 mg/ml injekčný roztok, Rimadyl 50mg/ml Injektionslösung für Hunde und Katzen, Rimadyl Cattle, 50 mg/mL, otopina za injekciju, za goveda, Rimadyl Iniettabile 50 mg/ml, soluzione iniettabile per cane e gatto., Rimadyl Palatable 100 mg tablety pre psy, Rimadyl Palatable 20 mg tablety pre psy, Rimadyl Palatable 50 mg tablety pre psy, Rimadyl Palatable Tablets 100, Rimadyl Palatable Tablets 100 mg, Rimadyl Palatable Tablets 100 mg tabletes suņiem, Rimadyl Palatable Tablets 20 mg, Rimadyl Palatable Tablets 20 mg tabletes suņiem, Rimadyl Palatable Tablets 50, Rimadyl Palatable Tablets 50 mg, Rimadyl Palatable Tablets 50 mg tabletes suņiem, Rimadyl Palatable Tablets da 100 mg per cani, Rimadyl Palatable Tablets da 20 mg per cani, Rimadyl Palatable Tablets da 50 mg per cani, Rimadyl Palatable, 100mg, Žvýkací tableta, Rimadyl Palatable, 20mg, Žvýkací tableta, Rimadyl Palatable, 50mg, Žvýkací tableta, Rimadyl Solution for Injection for dogs and cats 50 mg/ml, Rimadyl Vet. 100 mg tyggetabletter, Rimadyl Vet. 20 mg tyggetabletter, Rimadyl Vet. 50 mg tyggetabletter, Rimadyl cattle 50 mg/ml oplossing voor injectie, Rimadyl injectievloeistof, 50 mg/ml voor honden en katten, Rimadyl smakelijke tabletten 100 mg voor honden, Rimadyl smakelijke tabletten 20 mg voor honden, Rimadyl smakelijke tabletten 50 mg voor honden, Rimadyl vet. 100 mg Tuggtablett, Rimadyl vet. 100 mg tyggetabletter, Rimadyl vet. 20 mg Tuggtablett, Rimadyl vet. 20 mg tyggetabletter, Rimadyl vet. 50 mg Tuggtablett, Rimadyl vet. 50 mg tyggetabletter, Rimadyl vet., 100 mg, Tuggtablett, Rimadyl Μασώμενο Δισκίο 100mg για σκύλους, Rimadyl Μασώμενο Δισκίο 20mg για σκύλους, Rimadyl Μασώμενο Δισκίο 50mg για σκύλους, Rimadyl, 100 mg närimistablett koertele, Rimadyl, 20 mg närimistablett koertele, Rimadyl, 50 mg närimis","Elevated liver enzymes NOS, Hepatic necrosis, Hepatomegaly, Vomiting",1,1,
US-UKPFIZAH-2010-US-07873,"<a target=""_blank""  href=""/xmlpserver/EVVET3 PW NEW/Subject Area Contents/Public Website/Report (PDF)/AER.xdo?_xpf=&_xpt=1&_params%2FOracle%20BI%20EE%3A%3ADefaultApp%3A%3AEVVET3%20PR%20NEW%2FAER%3A%3Adimension%2FAER%20Id%3A%3Aattribute%3A%3Anoaggr%3A%3Axsd%3Adouble=128549&_xt=AER&_xf=pdf""> AER </a>",2010-03-12 00:00:00,Veterinarian,United States,MALE,Dog,Retriever - Labrador,"Rimadyl vet. 100 mg Tuggtablett, Rimadyl vet. 20 mg Tuggtablett, Rimadyl vet. 50 mg Tuggtablett, Rimadyl vet., 100 mg, Tuggtablett","Intestinal perforation, Lethargy (see also Central nervous system depression in Neurological), Leukocytosis NOS, Vomiting",1,1,
US-UKPFIZAH-2010-US-08204,"<a target=""_blank""  href=""/xmlpserver/EVVET3 PW NEW/Subject Area Contents/Public Website/Report (PDF)/AER.xdo?_xpf=&_xpt=1&_params%2FOracle%20BI%20EE%3A%3ADefaultApp%3A%3AEVVET3%20PR%20NEW%2FAER%3A%3Adimension%2FAER%20Id%3A%3Aattribute%3A%3Anoaggr%3A%3Axsd%3Adouble=128550&_xt=AER&_xf=pdf""> AER </a>",2010-03-12 00:00:00,Other health care professional,United States,MALE,Dog,Spaniel - King Charles Cavalier,"Cerenia 10 mg/ml  - Solution for injection, Fuxien vet 1000 mg/g inhalaatiohöyry, neste, Gentocin Vet. 5 mg/dosis oral opløsning, ISOFLURANE-Vet 1000 mg/g liquido per inalazione per cani e gatti, ISOFLURIN 1000mg/g ΥΓΡΟ ΓΙΑ ΕΙΣΠΝΕΟΜΕΝΟΥΣ ΑΤΜΟΥΣ, Isoflurane 100% Inhalation Vapour, Liquid, Isoflurane 1000 mg/g Inhalation Vapour, liquid., LIDOCAINE 2% (w/w) injekčný roztok, LIDOCAINE, 2%, Injekční roztok, Lidocaine 2 inj. (+noradrenaline), injectievloeistof voor honden en katten, Lidocaine 20 mg/ml + adrenaline 10 mcg/ml, oplossing voor injectie voor honden en katten, Lidocaine 4% inj. oplossing voor injectie voor honden en katten, Rimadyl vet. 100 mg Tuggtablett, Rimadyl vet. 20 mg Tuggtablett, Rimadyl vet. 50 mg Tuggtablett, Rimadyl vet., 100 mg, Tuggtablett, АМПИЦИЛИН шприц-канюли","Abdominal pain, Bloody diarrhoea, Collapse NOS (see also Cardio-vascular and Neurological disorders), Death, Hypothermia, Lethargy (see also Central nervous system depression in Neurological), Lung sound",1,1,1
US-UKPFIZAH-2010-US-08340,"<a target=""_blank""  href=""/xmlpserver/EVVET3 PW NEW/Subject Area Contents/Public Website/Report (PDF)/AER.xdo?_xpf=&_xpt=1&_params%2FOracle%20BI%20EE%3A%3ADefaultApp%3A%3AEVVET3%20PR%20NEW%2FAER%3A%3Adimension%2FAER%20Id%3A%3Aattribute%3A%3Anoaggr%3A%3Axsd%3Adouble=134296&_xt=AER&_xf=pdf""> AER </a>",2010-03-25 00:00:00,Animal owner,United States,FEMALE,Dog,Chihuahua,"Rimadyl vet. 100 mg Tuggtablett, Rimadyl vet. 20 mg Tuggtablett, Rimadyl vet. 50 mg Tuggtablett, Rimadyl vet., 100 mg, Tuggtablett","Ataxia, Death by euthanasia, Dehydration, Hepatopathy, Uncoded sign",1,1,1
US-UKPFIZAH-2010-US-08382,"<a target=""_blank""  href=""/xmlpserver/EVVET3 PW NEW/Subject Area Contents/Public Website/Report (PDF)/AER.xdo?_xpf=&_xpt=1&_params%2FOracle%20BI%20EE%3A%3ADefaultApp%3A%3AEVVET3%20PR%20NEW%2FAER%3A%3Adimension%2FAER%20Id%3A%3Aattribute%3A%3Anoaggr%3A%3Axsd%3Adouble=134297&_xt=AER&_xf=pdf""> AER </a>",2010-03-25 00:00:00,Other health care professional,United States,MALE,Dog,Shepherd Dog - Australian,"Rimadyl vet. 100 mg Tuggtablett, Rimadyl vet. 20 mg Tuggtablett, Rimadyl vet. 50 mg Tuggtablett, Rimadyl vet., 100 mg, Tuggtablett","Anorexia, Ataxia, Death by euthanasia, Elevated liver enzymes NOS, Lethargy (see also Central nervous system depression in Neurological), Other abnormal test result NOS",1,1,1
US-UKPFIZAH-2010-US-08503,"<a target=""_blank""  href=""/xmlpserver/EVVET3 PW NEW/Subject Area Contents/Public Website/Report (PDF)/AER.xdo?_xpf=&_xpt=1&_params%2FOracle%20BI%20EE%3A%3ADefaultApp%3A%3AEVVET3%20PR%20NEW%2FAER%3A%3Adimension%2FAER%20Id%3A%3Aattribute%3A%3Anoaggr%3A%3Axsd%3Adouble=163923&_xt=AER&_xf=pdf""> AER </a>",2010-04-29 00:00:00,Veterinarian,United States,MALE,Dog,Retriever - Labrador,"KETOFEN 1 %, KETOFEN 1 % (w/v) injekčný roztok, KETOFEN 1 %, 10 mg/ml injekcinis tirpalas šunims ir katėms, KETOFEN 10 %, KETOFEN 10 % (w/v) injekčný roztok, KETOFEN 10 MG, KETOFEN 10 mg, KETOFEN 10 mg/ml SOLUCION INYECTABLE, KETOFEN 10%, 100 mg/mL, otopina za injekciju, za goveda, konje i svinje, KETOFEN 10, 10mg, Tableta, KETOFEN 100 mg/ml, KETOFEN 100 mg/ml SOLUCION INYECTABLE, KETOFEN 20 MG, KETOFEN 20 mg, KETOFEN 20, 20mg, Tableta, KETOFEN 5 MG, KETOFEN 5 mg, KETOFEN 5, 5mg, Tableta, KETOFEN, 1%, Injekční roztok, KETOFEN, 10%, Injekční roztok, KETOFEN® 1% inj, KETOFEN® 10 mg таблети, KETOFEN® 20 mg таблети, KETOFEN® 5 mg таблети, Ketofen 1 % šķīdums injekcijām suņiem un kaķiem, Ketofen 1 %, oplossing voor injectie voor honden en katten, Ketofen 1% 10 mg/ml Oplossing voor injectie, Ketofen 1%, 10 mg/ml süstelahus koertele ja kassidele, Ketofen 10 % 100 mg/ml Oplossing voor injectie, Ketofen 10 mg tabletta kutyáknak és macskáknak A.U.V., Ketofen 10 mg/ml oldatos injekció kutyáknak és macskáknak A.U.V., Ketofen 10% oplossing voor injectie voor runderen en varkens, Ketofen 10% šķīdums injekcijām liellopiem, zirgiem un cūkām, Ketofen 10%, 100 mg/ml süstelahus veistele, sigadele, hobustele, Ketofen 10%, инжекционен разтвор за говеда, коне и свине, Ketofen 100 mg/ml Solution for Injection, Ketofen 100 mg/ml oldatos injekció szarvasmarhák, lovak és sertések számára A.U.V., Ketofen 20 mg Tablet, Ketofen 20 mg tabletta kutyáknak A.U.V., Ketofen 5 mg Tablet, Ketofen 5 mg tabletta kutyáknak és macskáknak A.U.V., Ketofen, 100 mg/ml, roztwór do wstrzykiwań dla koni, bydła i świń, Rimadyl vet. 100 mg Tuggtablett, Rimadyl vet. 20 mg Tuggtablett, Rimadyl vet. 50 mg Tuggtablett, Rimadyl vet., 100 mg, Tuggtablett, Torbugesic 10 mg/ml Solution for Injection, Tramadog 50 mg tablet for dogs","Dehydration, Depression, Fever, Gastritis, Haematochezia, Nystagmus, Oesophagitis, Paralysis, Seizure NOS, Tarry or black stool (see also haemorrhagic diarrhoea), Vomiting",1,1,
US-UKPFIZAH-2010-US-08761,"<a target=""_blank""  href=""/xmlpserver/EVVET3 PW NEW/Subject Area Contents/Public Website/Report (PDF)/AER.xdo?_xpf=&_xpt=1&_params%2FOracle%20BI%20EE%3A%3ADefaultApp%3A%3AEVVET3%20PR%20NEW%2FAER%3A%3Adimension%2FAER%20Id%3A%3Aattribute%3A%3Anoaggr%3A%3Axsd%3Adouble=128526&_xt=AER&_xf=pdf""> AER </a>",2010-03-12 00:00:00,Animal owner,United States,FEMALE,Dog,Retriever - Labrador,"Metacam 0.5 mg/ml - Oral suspension (cats, guinea pigs), Metacam 0.5 mg/ml - Oral suspension (dogs), Metacam 1 mg - Chewable tablet (dogs), Metacam 1.5 mg/ml - Oral suspension (dogs), Metacam 15 mg/ml - Oral suspension (horses), Metacam 15 mg/ml - Oral suspension (pigs), Metacam 2 mg/ml - Solution for injection (cats), Metacam 2.5 mg - Chewable tablet (dogs), Metacam 20 mg/ml - Solution for injection (cattle, pigs, horses), Metacam 40 mg/ml - Solution for injection (cattle, horses), Metacam 5 mg/ml - Solution for injection (cats, dogs), Metacam 5 mg/ml - Solution for injection (cattle, pigs), Metacam 5 mg/ml - Solution for injection (dogs), RIMADYL 100 mg COMPRIMIDOS MASTICABLES PARA PERROS, RIMADYL 100 mg comprimate pentru câini, RIMADYL 100 mg, kramtomosios tabletės šunims, RIMADYL 100MG/TAB ΜΑΣΩΜΕΝΟ ΔΙΣΚΙΟ, RIMADYL 20 mg COMPRIMIDOS MASTICABLES PARA PERROS, RIMADYL 20 mg, kramtomosios tabletės šunims, RIMADYL 20MG/TAB ΜΑΣΩΜΕΝΟ ΔΙΣΚΙΟ, RIMADYL 50 mg COMPRIMIDOS MASTICABLES PARA PERROS, RIMADYL 50 mg comprimate pentru câini, RIMADYL 50 mg, kramtomosios tabletės šunims, RIMADYL 50MG/TAB ΜΑΣΩΜΕΝΟ ΔΙΣΚΙΟ, RIMADYL 50mg/ml ενέσιμο διάλυμα για σκύλους και γάτες, RIMADYL CATTLE 50 mg/ml, injekcinis tirpalas galvijams, RIMADYL Cattle 50 mg/ml Solution for Injection, RIMADYL INJECTABLE SOLUTION INJECTABLE POUR CHATS ET CHIENS, RIMADYL Injection 50mg/ml Διαυγές αποστειρωμένο ενέσιμο διάλυμα για σκύλους και γάτες, RIMADYL SMAKELIJKE TABLETTEN 100 mg voor honden, RIMADYL SMAKELIJKE TABLETTEN 50 mg voor honden, RIMADYL VET 50 mg/ml injektioneste, liuos, RIMADYL vet 100 mg purutabletti, RIMADYL vet 20 mg purutabletti, RIMADYL vet 50 mg purutabletti, Rimadyl 100 mg - Kautabletten für Hunde, Rimadyl 100 mg Comprimés Appétents 100 mg Tablet, Rimadyl 100 mg Kautablette für Hunde, Rimadyl 100 mg comprimidos mastigáveis para cães, Rimadyl 100 mg comprimés appétents, 100 mg, comprimés pour chiens, Rimadyl 100 mg okusne, žvečljive tablete za pse, Rimadyl 100 mg tabletes suņiem, Rimadyl 100 mg ízesített tabletta A.U.V., Rimadyl 20 mg - Kautabletten für Hunde, Rimadyl 20 mg Comprimés Appétents 20 mg Comprimé, Rimadyl 20 mg Comprimés Appétents 20 mg Tablet, Rimadyl 20 mg Kautablette für Hunde, Rimadyl 20 mg okusne, žvečljive tablete za pse, Rimadyl 20 mg ízesített tabletta A.U.V., Rimadyl 20 mg таблетки за кучета/Rimadyl 50 mg таблетки за кучета/Rimadyl 100 mg таблетки за кучета, Rimadyl 50 mg - Kautabletten für Hunde, Rimadyl 50 mg Comprimés Appétents 50 mg Tablet, Rimadyl 50 mg Kautablette für Hunde, Rimadyl 50 mg comprimidos mastigáveis para cães, Rimadyl 50 mg comprimés appétents, 50 mg, comprimés pour chiens, Rimadyl 50 mg košļājamās tabletes suņiem, Rimadyl 50 mg okusne, žvečljive tablete za pse, Rimadyl 50 mg ízesített tabletta A.U.V., Rimadyl 50 mg/ml - Injektionslösung für Hunde und Katzen, Rimadyl 50 mg/ml injekčný roztok, Rimadyl 50mg/ml Injektionslösung für Hunde und Katzen, Rimadyl Cattle, 50 mg/mL, otopina za injekciju, za goveda, Rimadyl Iniettabile 50 mg/ml, soluzione iniettabile per cane e gatto., Rimadyl Palatable 100 mg tablety pre psy, Rimadyl Palatable 20 mg tablety pre psy, Rimadyl Palatable 50 mg tablety pre psy, Rimadyl Palatable Tablets 100, Rimadyl Palatable Tablets 100 mg, Rimadyl Palatable Tablets 100 mg tabletes suņiem, Rimadyl Palatable Tablets 20 mg, Rimadyl Palatable Tablets 20 mg tabletes suņiem, Rimadyl Palatable Tablets 50, Rimadyl Palatable Tablets 50 mg, Rimadyl Palatable Tablets 50 mg tabletes suņiem, Rimadyl Palatable Tablets da 100 mg per cani, Rimadyl Palatable Tablets da 20 mg per cani, Rimadyl Palatable Tablets da 50 mg per cani, Rimadyl Palatable, 100mg, Žvýkací tableta, Rimadyl Palatable, 20mg, Žvýkací tableta, Rimadyl Palatable, 50mg, Žvýkací tableta, Rimadyl Solution for Injection for dogs and cats 50 mg/ml, Rimadyl Vet. 100 mg tyggetabletter, Rimadyl Vet. 20 mg tyggetabletter, Rimadyl Vet. 50 mg tyggetabletter, Rimadyl cattle 50 mg/ml oplossing voor injectie, Rimadyl injectievloeistof, 50 mg/ml voor hon","Circling - neurological disorder (see also Behavioural disorders), Death by euthanasia, Foaming at the mouth, Inappropriate defecation, Restlessness, Seizure NOS",1,1,1
US-UKPFIZAH-2010-US-08880,"<a target=""_blank""  href=""/xmlpserver/EVVET3 PW NEW/Subject Area Contents/Public Website/Report (PDF)/AER.xdo?_xpf=&_xpt=1&_params%2FOracle%20BI%20EE%3A%3ADefaultApp%3A%3AEVVET3%20PR%20NEW%2FAER%3A%3Adimension%2FAER%20Id%3A%3Aattribute%3A%3Anoaggr%3A%3Axsd%3Adouble=151831&_xt=AER&_xf=pdf""> AER </a>",2010-04-22 00:00:00,Other health care professional,United States,MALE,Dog,Crossbred Canine/dog,"Rimadyl vet. 100 mg Tuggtablett, Rimadyl vet. 20 mg Tuggtablett, Rimadyl vet. 50 mg Tuggtablett, Rimadyl vet., 100 mg, Tuggtablett","Anaemia NOS, Anorexia, Arthritis, Collapse NOS (see also Cardio-vascular and Neurological disorders), Death by euthanasia, Pain NOS, Polydipsia, Polyuria, Proprioception deficit, Twitching, Vomiting, Weakness",1,1,1
US-UKPFIZAH-2010-US-09306,"<a target=""_blank""  href=""/xmlpserver/EVVET3 PW NEW/Subject Area Contents/Public Website/Report (PDF)/AER.xdo?_xpf=&_xpt=1&_params%2FOracle%20BI%20EE%3A%3ADefaultApp%3A%3AEVVET3%20PR%20NEW%2FAER%3A%3Adimension%2FAER%20Id%3A%3Aattribute%3A%3Anoaggr%3A%3Axsd%3Adouble=181863&_xt=AER&_xf=pdf""> AER </a>",2010-05-14 00:00:00,Other health care professional,United States,MALE,Dog,Bichon Frise,"CLINDAMYCIN 75 mg tablety, Clindamycin 75mg, Clindamycin, 75mg, Tableta, RIMADYL 100 mg COMPRIMIDOS MASTICABLES PARA PERROS, RIMADYL 100 mg comprimate pentru câini, RIMADYL 100 mg, kramtomosios tabletės šunims, RIMADYL 100MG/TAB ΜΑΣΩΜΕΝΟ ΔΙΣΚΙΟ, RIMADYL 20 mg COMPRIMIDOS MASTICABLES PARA PERROS, RIMADYL 20 mg, kramtomosios tabletės šunims, RIMADYL 20MG/TAB ΜΑΣΩΜΕΝΟ ΔΙΣΚΙΟ, RIMADYL 50 mg COMPRIMIDOS MASTICABLES PARA PERROS, RIMADYL 50 mg comprimate pentru câini, RIMADYL 50 mg, kramtomosios tabletės šunims, RIMADYL 50MG/TAB ΜΑΣΩΜΕΝΟ ΔΙΣΚΙΟ, RIMADYL 50mg/ml ενέσιμο διάλυμα για σκύλους και γάτες, RIMADYL CATTLE 50 mg/ml, injekcinis tirpalas galvijams, RIMADYL Cattle 50 mg/ml Solution for Injection, RIMADYL INJECTABLE SOLUTION INJECTABLE POUR CHATS ET CHIENS, RIMADYL Injection 50mg/ml Διαυγές αποστειρωμένο ενέσιμο διάλυμα για σκύλους και γάτες, RIMADYL SMAKELIJKE TABLETTEN 100 mg voor honden, RIMADYL SMAKELIJKE TABLETTEN 50 mg voor honden, RIMADYL VET 50 mg/ml injektioneste, liuos, RIMADYL vet 100 mg purutabletti, RIMADYL vet 20 mg purutabletti, RIMADYL vet 50 mg purutabletti, Rimadyl 100 mg - Kautabletten für Hunde, Rimadyl 100 mg Comprimés Appétents 100 mg Tablet, Rimadyl 100 mg Kautablette für Hunde, Rimadyl 100 mg comprimidos mastigáveis para cães, Rimadyl 100 mg comprimés appétents, 100 mg, comprimés pour chiens, Rimadyl 100 mg okusne, žvečljive tablete za pse, Rimadyl 100 mg tabletes suņiem, Rimadyl 100 mg ízesített tabletta A.U.V., Rimadyl 20 mg - Kautabletten für Hunde, Rimadyl 20 mg Comprimés Appétents 20 mg Comprimé, Rimadyl 20 mg Comprimés Appétents 20 mg Tablet, Rimadyl 20 mg Kautablette für Hunde, Rimadyl 20 mg okusne, žvečljive tablete za pse, Rimadyl 20 mg ízesített tabletta A.U.V., Rimadyl 20 mg таблетки за кучета/Rimadyl 50 mg таблетки за кучета/Rimadyl 100 mg таблетки за кучета, Rimadyl 50 mg - Kautabletten für Hunde, Rimadyl 50 mg Comprimés Appétents 50 mg Tablet, Rimadyl 50 mg Kautablette für Hunde, Rimadyl 50 mg comprimidos mastigáveis para cães, Rimadyl 50 mg comprimés appétents, 50 mg, comprimés pour chiens, Rimadyl 50 mg košļājamās tabletes suņiem, Rimadyl 50 mg okusne, žvečljive tablete za pse, Rimadyl 50 mg ízesített tabletta A.U.V., Rimadyl 50 mg/ml - Injektionslösung für Hunde und Katzen, Rimadyl 50 mg/ml injekčný roztok, Rimadyl 50mg/ml Injektionslösung für Hunde und Katzen, Rimadyl Cattle, 50 mg/mL, otopina za injekciju, za goveda, Rimadyl Iniettabile 50 mg/ml, soluzione iniettabile per cane e gatto., Rimadyl Palatable 100 mg tablety pre psy, Rimadyl Palatable 20 mg tablety pre psy, Rimadyl Palatable 50 mg tablety pre psy, Rimadyl Palatable Tablets 100, Rimadyl Palatable Tablets 100 mg, Rimadyl Palatable Tablets 100 mg tabletes suņiem, Rimadyl Palatable Tablets 20 mg, Rimadyl Palatable Tablets 20 mg tabletes suņiem, Rimadyl Palatable Tablets 50, Rimadyl Palatable Tablets 50 mg, Rimadyl Palatable Tablets 50 mg tabletes suņiem, Rimadyl Palatable Tablets da 100 mg per cani, Rimadyl Palatable Tablets da 20 mg per cani, Rimadyl Palatable Tablets da 50 mg per cani, Rimadyl Palatable, 100mg, Žvýkací tableta, Rimadyl Palatable, 20mg, Žvýkací tableta, Rimadyl Palatable, 50mg, Žvýkací tableta, Rimadyl Solution for Injection for dogs and cats 50 mg/ml, Rimadyl Vet. 100 mg tyggetabletter, Rimadyl Vet. 20 mg tyggetabletter, Rimadyl Vet. 50 mg tyggetabletter, Rimadyl cattle 50 mg/ml oplossing voor injectie, Rimadyl injectievloeistof, 50 mg/ml voor honden en katten, Rimadyl smakelijke tabletten 100 mg voor honden, Rimadyl smakelijke tabletten 20 mg voor honden, Rimadyl smakelijke tabletten 50 mg voor honden, Rimadyl vet. 100 mg Tuggtablett, Rimadyl vet. 100 mg tyggetabletter, Rimadyl vet. 20 mg Tuggtablett, Rimadyl vet. 20 mg tyggetabletter, Rimadyl vet. 50 mg Tuggtablett, Rimadyl vet. 50 mg tyggetabletter, Rimadyl vet., 100 mg, Tuggtablett, Rimadyl Μασώμενο Δισκίο 100mg για σκύλους, Rimadyl Μασώμενο Δισκίο 20mg για σκύλους, Rimadyl Μασώμενο Δισκίο 50mg για σκύλους, Rimadyl, 100 mg närimistablett koertele, Rimadyl, 2","Anorexia, Ascites, Chronic renal failure, Death by euthanasia, Elevated liver enzymes NOS, Emesis, Liver disorder NOS, Pain NOS, Pruritus, Renal disorder NOS, Renal failure",1,1,1
US-UKPFIZAH-2010-US-09308,"<a target=""_blank""  href=""/xmlpserver/EVVET3 PW NEW/Subject Area Contents/Public Website/Report (PDF)/AER.xdo?_xpf=&_xpt=1&_params%2FOracle%20BI%20EE%3A%3ADefaultApp%3A%3AEVVET3%20PR%20NEW%2FAER%3A%3Adimension%2FAER%20Id%3A%3Aattribute%3A%3Anoaggr%3A%3Axsd%3Adouble=137653&_xt=AER&_xf=pdf""> AER </a>",2010-04-09 00:00:00,Other health care professional,United States,FEMALE,Dog,Bulldog,"ANTISEDAN, ANTISEDAN 5 mg/ml SOLUCIÓN INYECTABLE PARA PERROS Y GATOS, ANTISEDAN 5 mg/ml raztopina za injiciranje za pse in mačke, ANTISEDAN 5MG/ML ΕΝΕΣΙΜΟ ΔΙΑΛΥΜΑ, ANTISEDAN SOLUTION INJECTABLE POUR CHIENS ET CHATS, ANTISEDAN, 5 mg/mL, otopina za injekciju, za pse i mačke, Antisedan 5 mg/ 1 ml, roztwór do wstrzykiwań dla psów i kotów, Antisedan 5 mg/ml  Injektionslösung für Hunde und Katzen, Antisedan 5 mg/ml - Injektionslösung für Hunde und Katzen, Antisedan 5 mg/ml Oplossing voor injectie, Antisedan 5 mg/ml Solution injectable, Antisedan 5 mg/ml injekčný roztok pre psy a mačky, Antisedan 5 mg/ml oldatos injekció kutya és macska részére.A.U.V., Antisedan 5 mg/ml solution for injection, Antisedan 5 mg/ml solução injetável para cães e gatos, Antisedan Vet 5 mg/ml injekcinis tirpalas, Antisedan Vet 5 mg/ml šķīdums injekcijām, Antisedan Vet, 5 mg/ml süstelahus, Antisedan Vet. 5 mg/ml injektionsvæske, opløsning, Antisedan vet 5 mg/ml injektioneste, liuos, Antisedan vet. 5 mg/ml Injektionsvätska, lösning, Antisedan vet. 5 mg/ml Stungulyf, lausn Handa hundum og köttum., Antisedan vet. 5 mg/ml injeksjonsvæske, oppløsning, til hund og katt, Antisedan vet., 5 mg/ml, Injektionsvätska, lösning, Antisedan, 5 mg/ml oplossing voor injectie voor honden en katten, Antisedan, 5mg/ml, Injekční roztok, Rimadyl vet. 100 mg Tuggtablett, Rimadyl vet. 20 mg Tuggtablett, Rimadyl vet. 50 mg Tuggtablett, Rimadyl vet., 100 mg, Tuggtablett, Vanguard Plus 5 vakcina A.U.V., Vanguard Plus 5, liofilizat i rozpuszczalnik do sporządzania zawiesiny do wstrzykiwań dla psów, АНТИСЕДАН ВЕТ 5 mg/ml инжекционен разтвор","Abdominal pain, Alopecia local, Anaphylaxis, Disorientation, Elevated renal parameters, Facial swelling (see also Skin), General pain (see other SOCs for specific pain), Lethargy (see also Central nervous system depression in Neurological), Loss of condition score, Sedation, Stumbling gait, Urticaria, Vomiting, Weight loss",1,1,1
US-UKPFIZAH-2010-US-09892,"<a target=""_blank""  href=""/xmlpserver/EVVET3 PW NEW/Subject Area Contents/Public Website/Report (PDF)/AER.xdo?_xpf=&_xpt=1&_params%2FOracle%20BI%20EE%3A%3ADefaultApp%3A%3AEVVET3%20PR%20NEW%2FAER%3A%3Adimension%2FAER%20Id%3A%3Aattribute%3A%3Anoaggr%3A%3Axsd%3Adouble=134294&_xt=AER&_xf=pdf""> AER </a>",2010-03-25 00:00:00,Animal owner,United States,MALE,Dog,Dachshund - Standard Long-haired,"RIMADYL 100 mg COMPRIMIDOS MASTICABLES PARA PERROS, RIMADYL 100 mg comprimate pentru câini, RIMADYL 100 mg, kramtomosios tabletės šunims, RIMADYL 100MG/TAB ΜΑΣΩΜΕΝΟ ΔΙΣΚΙΟ, RIMADYL 20 mg COMPRIMIDOS MASTICABLES PARA PERROS, RIMADYL 20 mg, kramtomosios tabletės šunims, RIMADYL 20MG/TAB ΜΑΣΩΜΕΝΟ ΔΙΣΚΙΟ, RIMADYL 50 mg COMPRIMIDOS MASTICABLES PARA PERROS, RIMADYL 50 mg comprimate pentru câini, RIMADYL 50 mg, kramtomosios tabletės šunims, RIMADYL 50MG/TAB ΜΑΣΩΜΕΝΟ ΔΙΣΚΙΟ, RIMADYL 50mg/ml ενέσιμο διάλυμα για σκύλους και γάτες, RIMADYL CATTLE 50 mg/ml, injekcinis tirpalas galvijams, RIMADYL Cattle 50 mg/ml Solution for Injection, RIMADYL INJECTABLE SOLUTION INJECTABLE POUR CHATS ET CHIENS, RIMADYL Injection 50mg/ml Διαυγές αποστειρωμένο ενέσιμο διάλυμα για σκύλους και γάτες, RIMADYL SMAKELIJKE TABLETTEN 100 mg voor honden, RIMADYL SMAKELIJKE TABLETTEN 50 mg voor honden, RIMADYL VET 50 mg/ml injektioneste, liuos, RIMADYL vet 100 mg purutabletti, RIMADYL vet 20 mg purutabletti, RIMADYL vet 50 mg purutabletti, Rimadyl 100 mg - Kautabletten für Hunde, Rimadyl 100 mg Comprimés Appétents 100 mg Tablet, Rimadyl 100 mg Kautablette für Hunde, Rimadyl 100 mg comprimidos mastigáveis para cães, Rimadyl 100 mg comprimés appétents, 100 mg, comprimés pour chiens, Rimadyl 100 mg okusne, žvečljive tablete za pse, Rimadyl 100 mg tabletes suņiem, Rimadyl 100 mg ízesített tabletta A.U.V., Rimadyl 20 mg - Kautabletten für Hunde, Rimadyl 20 mg Comprimés Appétents 20 mg Comprimé, Rimadyl 20 mg Comprimés Appétents 20 mg Tablet, Rimadyl 20 mg Kautablette für Hunde, Rimadyl 20 mg okusne, žvečljive tablete za pse, Rimadyl 20 mg ízesített tabletta A.U.V., Rimadyl 20 mg таблетки за кучета/Rimadyl 50 mg таблетки за кучета/Rimadyl 100 mg таблетки за кучета, Rimadyl 50 mg - Kautabletten für Hunde, Rimadyl 50 mg Comprimés Appétents 50 mg Tablet, Rimadyl 50 mg Kautablette für Hunde, Rimadyl 50 mg comprimidos mastigáveis para cães, Rimadyl 50 mg comprimés appétents, 50 mg, comprimés pour chiens, Rimadyl 50 mg košļājamās tabletes suņiem, Rimadyl 50 mg okusne, žvečljive tablete za pse, Rimadyl 50 mg ízesített tabletta A.U.V., Rimadyl 50 mg/ml - Injektionslösung für Hunde und Katzen, Rimadyl 50 mg/ml injekčný roztok, Rimadyl 50mg/ml Injektionslösung für Hunde und Katzen, Rimadyl Cattle, 50 mg/mL, otopina za injekciju, za goveda, Rimadyl Iniettabile 50 mg/ml, soluzione iniettabile per cane e gatto., Rimadyl Palatable 100 mg tablety pre psy, Rimadyl Palatable 20 mg tablety pre psy, Rimadyl Palatable 50 mg tablety pre psy, Rimadyl Palatable Tablets 100, Rimadyl Palatable Tablets 100 mg, Rimadyl Palatable Tablets 100 mg tabletes suņiem, Rimadyl Palatable Tablets 20 mg, Rimadyl Palatable Tablets 20 mg tabletes suņiem, Rimadyl Palatable Tablets 50, Rimadyl Palatable Tablets 50 mg, Rimadyl Palatable Tablets 50 mg tabletes suņiem, Rimadyl Palatable Tablets da 100 mg per cani, Rimadyl Palatable Tablets da 20 mg per cani, Rimadyl Palatable Tablets da 50 mg per cani, Rimadyl Palatable, 100mg, Žvýkací tableta, Rimadyl Palatable, 20mg, Žvýkací tableta, Rimadyl Palatable, 50mg, Žvýkací tableta, Rimadyl Solution for Injection for dogs and cats 50 mg/ml, Rimadyl Vet. 100 mg tyggetabletter, Rimadyl Vet. 20 mg tyggetabletter, Rimadyl Vet. 50 mg tyggetabletter, Rimadyl cattle 50 mg/ml oplossing voor injectie, Rimadyl injectievloeistof, 50 mg/ml voor honden en katten, Rimadyl smakelijke tabletten 100 mg voor honden, Rimadyl smakelijke tabletten 20 mg voor honden, Rimadyl smakelijke tabletten 50 mg voor honden, Rimadyl vet. 100 mg Tuggtablett, Rimadyl vet. 100 mg tyggetabletter, Rimadyl vet. 20 mg Tuggtablett, Rimadyl vet. 20 mg tyggetabletter, Rimadyl vet. 50 mg Tuggtablett, Rimadyl vet. 50 mg tyggetabletter, Rimadyl vet., 100 mg, Tuggtablett, Rimadyl Μασώμενο Δισκίο 100mg για σκύλους, Rimadyl Μασώμενο Δισκίο 20mg για σκύλους, Rimadyl Μασώμενο Δισκίο 50mg για σκύλους, Rimadyl, 100 mg närimistablett koertele, Rimadyl, 20 mg närimistablett koertele, Rimadyl, 50 mg närimistablett koertele, Rim","Agitation, Confusion, Death, Panting",1,1,1
US-UKPFIZAH-2010-US-09936,"<a target=""_blank""  href=""/xmlpserver/EVVET3 PW NEW/Subject Area Contents/Public Website/Report (PDF)/AER.xdo?_xpf=&_xpt=1&_params%2FOracle%20BI%20EE%3A%3ADefaultApp%3A%3AEVVET3%20PR%20NEW%2FAER%3A%3Adimension%2FAER%20Id%3A%3Aattribute%3A%3Anoaggr%3A%3Axsd%3Adouble=137654&_xt=AER&_xf=pdf""> AER </a>",2010-04-09 00:00:00,Animal owner,United States,FEMALE,Dog,Retriever - Labrador,"Cerenia 10 mg/ml  - Solution for injection, Fuxien vet 1000 mg/g inhalaatiohöyry, neste, ISOFLURANE-Vet 1000 mg/g liquido per inalazione per cani e gatti, ISOFLURIN 1000mg/g ΥΓΡΟ ΓΙΑ ΕΙΣΠΝΕΟΜΕΝΟΥΣ ΑΤΜΟΥΣ, Isoflurane 100% Inhalation Vapour, Liquid, Isoflurane 1000 mg/g Inhalation Vapour, liquid., MARAVET AMOXICILLIN, Rimadyl vet. 100 mg Tuggtablett, Rimadyl vet. 20 mg Tuggtablett, Rimadyl vet. 50 mg Tuggtablett, Rimadyl vet., 100 mg, Tuggtablett, Tramadog 50 mg tablet for dogs","Anaemia NOS, Anorexia, Death by euthanasia, Haematuria, Lethargy (see also Central nervous system depression in Neurological), Other abnormal test result NOS, Pallor, Splenomegaly, Vomiting",1,1,1
US-UKPFIZAH-2010-US-10077,"<a target=""_blank""  href=""/xmlpserver/EVVET3 PW NEW/Subject Area Contents/Public Website/Report (PDF)/AER.xdo?_xpf=&_xpt=1&_params%2FOracle%20BI%20EE%3A%3ADefaultApp%3A%3AEVVET3%20PR%20NEW%2FAER%3A%3Adimension%2FAER%20Id%3A%3Aattribute%3A%3Anoaggr%3A%3Axsd%3Adouble=137655&_xt=AER&_xf=pdf""> AER </a>",2010-04-09 00:00:00,Animal owner,United States,FEMALE,Dog,"Dog (other), Hound - Swiss - (Lucerne Hound (Luzerner Laufhund), Schwyz Hound (Schweizer Laufhund), Bernese Hound, Jura Hound)","Dexamethasone 2 mg/mL, Dexamethasone 2 mg/ml, Dexamethasone 2 mg/ml 2 mg/ml šķīdums injekcijām zirgiem, liellopiem, aitām, kazām, cūkām, suņiem un kaķiem, Dexamethasone 2 mg/ml solution for injection for dogs, cats, cattle and horses, Dexamethasone pro inj, 2 mg/ml oplossing voor injectie voor honden en katten, Fuxien vet 1000 mg/g inhalaatiohöyry, neste, ISOFLURANE-Vet 1000 mg/g liquido per inalazione per cani e gatti, ISOFLURIN 1000mg/g ΥΓΡΟ ΓΙΑ ΕΙΣΠΝΕΟΜΕΝΟΥΣ ΑΤΜΟΥΣ, Isoflurane 100% Inhalation Vapour, Liquid, Isoflurane 1000 mg/g Inhalation Vapour, liquid., Rimadyl vet. 100 mg Tuggtablett, Rimadyl vet. 20 mg Tuggtablett, Rimadyl vet. 50 mg Tuggtablett, Rimadyl vet., 100 mg, Tuggtablett, Vitamine k 10 mg/ml pro inj., oplossing voor injectie., ДЕКСАМЕТАЗОН 2 mg/ml инжекционен разтвор","Death, Haemothorax, Laboured breathing, Other abnormal test result NOS, Pale mucous membrane",1,1,1
US-UKPFIZAH-2010-US-11041,"<a target=""_blank""  href=""/xmlpserver/EVVET3 PW NEW/Subject Area Contents/Public Website/Report (PDF)/AER.xdo?_xpf=&_xpt=1&_params%2FOracle%20BI%20EE%3A%3ADefaultApp%3A%3AEVVET3%20PR%20NEW%2FAER%3A%3Adimension%2FAER%20Id%3A%3Aattribute%3A%3Anoaggr%3A%3Axsd%3Adouble=141632&_xt=AER&_xf=pdf""> AER </a>",2010-04-15 00:00:00,Veterinarian,United States,FEMALE,Dog,Spaniel - Springer English,"Rimadyl vet. 100 mg Tuggtablett, Rimadyl vet. 20 mg Tuggtablett, Rimadyl vet. 50 mg Tuggtablett, Rimadyl vet., 100 mg, Tuggtablett","Anorexia, Death by euthanasia, Elevated liver enzymes NOS, Emesis, Jaundice, Other abnormal test result NOS",1,1,1
US-UKPFIZAH-2010-US-11209,"<a target=""_blank""  href=""/xmlpserver/EVVET3 PW NEW/Subject Area Contents/Public Website/Report (PDF)/AER.xdo?_xpf=&_xpt=1&_params%2FOracle%20BI%20EE%3A%3ADefaultApp%3A%3AEVVET3%20PR%20NEW%2FAER%3A%3Adimension%2FAER%20Id%3A%3Aattribute%3A%3Anoaggr%3A%3Axsd%3Adouble=137656&_xt=AER&_xf=pdf""> AER </a>",2010-04-09 00:00:00,Animal owner,United States,FEMALE,Dog,Retriever - Golden,"Rimadyl vet. 100 mg Tuggtablett, Rimadyl vet. 20 mg Tuggtablett, Rimadyl vet. 50 mg Tuggtablett, Rimadyl vet., 100 mg, Tuggtablett","Ataxia, Death, Enlarged liver, Vomiting",1,1,1
US-UKPFIZAH-2010-US-11488,"<a target=""_blank""  href=""/xmlpserver/EVVET3 PW NEW/Subject Area Contents/Public Website/Report (PDF)/AER.xdo?_xpf=&_xpt=1&_params%2FOracle%20BI%20EE%3A%3ADefaultApp%3A%3AEVVET3%20PR%20NEW%2FAER%3A%3Adimension%2FAER%20Id%3A%3Aattribute%3A%3Anoaggr%3A%3Axsd%3Adouble=137657&_xt=AER&_xf=pdf""> AER </a>",2010-04-09 00:00:00,Veterinarian,United States,FEMALE,Dog,Crossbred Canine/dog,"Rimadyl vet. 100 mg Tuggtablett, Rimadyl vet. 20 mg Tuggtablett, Rimadyl vet. 50 mg Tuggtablett, Rimadyl vet., 100 mg, Tuggtablett","Anaemia NOS, Death, Lethargy (see also Central nervous system depression in Neurological), Localised pain NOS (see other SOCs for specific pain), Oral bleeding, Other abnormal test result NOS, Reddening of the skin, Skin petechiae, Tarry or black stool (see also haemorrhagic diarrhoea), Thrombocytopenia",1,1,1
US-UKPFIZAH-2010-US-11932,"<a target=""_blank""  href=""/xmlpserver/EVVET3 PW NEW/Subject Area Contents/Public Website/Report (PDF)/AER.xdo?_xpf=&_xpt=1&_params%2FOracle%20BI%20EE%3A%3ADefaultApp%3A%3AEVVET3%20PR%20NEW%2FAER%3A%3Adimension%2FAER%20Id%3A%3Aattribute%3A%3Anoaggr%3A%3Axsd%3Adouble=141636&_xt=AER&_xf=pdf""> AER </a>",2010-04-15 00:00:00,Veterinarian,United States,MALE,Dog,"Cattle Dog - Australian (blue heeler, red heeler, Queensland cattledog)","ANTISEDAN, ANTISEDAN 5 mg/ml SOLUCIÓN INYECTABLE PARA PERROS Y GATOS, ANTISEDAN 5 mg/ml raztopina za injiciranje za pse in mačke, ANTISEDAN 5MG/ML ΕΝΕΣΙΜΟ ΔΙΑΛΥΜΑ, ANTISEDAN SOLUTION INJECTABLE POUR CHIENS ET CHATS, ANTISEDAN, 5 mg/mL, otopina za injekciju, za pse i mačke, Antisedan 5 mg/ 1 ml, roztwór do wstrzykiwań dla psów i kotów, Antisedan 5 mg/ml  Injektionslösung für Hunde und Katzen, Antisedan 5 mg/ml - Injektionslösung für Hunde und Katzen, Antisedan 5 mg/ml Oplossing voor injectie, Antisedan 5 mg/ml Solution injectable, Antisedan 5 mg/ml injekčný roztok pre psy a mačky, Antisedan 5 mg/ml oldatos injekció kutya és macska részére.A.U.V., Antisedan 5 mg/ml solution for injection, Antisedan 5 mg/ml solução injetável para cães e gatos, Antisedan Vet 5 mg/ml injekcinis tirpalas, Antisedan Vet 5 mg/ml šķīdums injekcijām, Antisedan Vet, 5 mg/ml süstelahus, Antisedan Vet. 5 mg/ml injektionsvæske, opløsning, Antisedan vet 5 mg/ml injektioneste, liuos, Antisedan vet. 5 mg/ml Injektionsvätska, lösning, Antisedan vet. 5 mg/ml Stungulyf, lausn Handa hundum og köttum., Antisedan vet. 5 mg/ml injeksjonsvæske, oppløsning, til hund og katt, Antisedan vet., 5 mg/ml, Injektionsvätska, lösning, Antisedan, 5 mg/ml oplossing voor injectie voor honden en katten, Antisedan, 5mg/ml, Injekční roztok, Cerenia 10 mg/ml  - Solution for injection, Dexdomitor 0.1 mg/ml - Solution for injection, Dexdomitor 0.5 mg/ml - Solution for injection, Rimadyl vet. 100 mg Tuggtablett, Rimadyl vet. 20 mg Tuggtablett, Rimadyl vet. 50 mg Tuggtablett, Rimadyl vet., 100 mg, Tuggtablett, SYNULOX (200+50)MG/TAB ΔΙΣΚΙΟ, SYNULOX (40+10)MG/TAB ΔΙΣΚΙΟ, SYNULOX 140 mg/ml + 35 mg/ml suspensión inyectable, SYNULOX 200 mg/50 mg tablety pre psy a mačky, SYNULOX 200/50 mg COMPRIMIDOS APETITOSOS PARA PERROS, SYNULOX 250 COMPRIMES POUR CHIENS, SYNULOX 250 mg, SYNULOX 250 mg kramtomosios tabletės šunims ir katėms, SYNULOX 250 mg tablete za pse in mačke, SYNULOX 250mg, δισκία για σκύλους και γάτες, SYNULOX 40 mg/10 mg tablety pre psy a mačky, SYNULOX 40 mg/ml + 10 mg/ml POLVO PARA GOTAS ORALES EN SUSPENSION, SYNULOX 40/10 MG COMPRIMIDOS APETITOSOS PARA PERROS Y GATOS, SYNULOX 400 mg/100 mg tablety pre psy, SYNULOX 400/100 mg COMPRIMIDOS APETITOSOS PARA PERROS, SYNULOX 50 COMPRIMES POUR CHIENS ET CHATS, SYNULOX 50 mg, SYNULOX 50 mg kramtomosios tabletės šunims ir katėms, SYNULOX 50 mg tablete za pse in mačke, SYNULOX 500 COMPRIMES POUR CHIENS, SYNULOX 500 mg kramtomosios tabletės šunims, SYNULOX 500 mg tablete za pse, SYNULOX 500 mg, kramtomosios tabletės šunims, SYNULOX 500MG/TAB ΔΙΣΚΙΟ, SYNULOX 50mg, δισκία για σκύλους και γάτες, SYNULOX OGIVETTES POUR VEAUX, SYNULOX SUSPENSION INJECTABLE POUR BOVINS, SYNULOX VET 140 mg/ml injektioneste, suspensio koiralle, kissalle ja sialle, SYNULOX suspensão injetável para suínos, bovinos, cães e gatos, SYNULOX vet 200 mg/50 mg tabletti, koiralle ja kissalle, SYNULOX vet 40 mg/10 mg tabletti, koiralle ja kissalle, SYNULOX vet 400 mg/100 mg tabletti, koiralle, SYNULOX, 400/100mg, Tableta, Synulox 250 mg Comprimés Appétents, Synulox 250 mg Smakelijke tabletten, Synulox 250 mg tabletes suņiem un kaķiem, Synulox 250 mg, tabletid koertele ja kassidele, Synulox 250 mg, таблетки за кучета и котки, Synulox 250mg (200 mg/50 mg)  Tabletten für Hunde, Synulox 50 mg Comprimés Appétents, Synulox 50 mg Smakelijke Tabletten, Synulox 50 mg tabletes suņiem un kaķiem, Synulox 50 mg, tabletid koertele ja kassidele, Synulox 50 mg, таблетки за кучета и котки, Synulox 500 mg Bolus 400 mg - 100 mg Omhulde tablet, Synulox 500 mg Comprimés Appétents, Synulox 500 mg Smakelijke Tabletten, Synulox 500 mg tabletes suņiem, Synulox 500 mg, tabletid koertele, Synulox 500mg (400 mg/100 mg) Tabletten für Hunde, Synulox 50mg (40 mg/10 mg) Tabletten für Hunde und Katzen, Synulox Bolus 500 mg, 400 mg + 100 mg comprimés enrobés pour veaux, Synulox Lactating Cow Intramammary suspension., Synulox Tabletki 250 mg, Synulox Tabletki 250 mg (200+50) mg/tablete; tabletes suņiem, Synulox","Anorexia, Depression, Duodenal ulcer, Elevated renal parameters, Emesis, Facial swelling (see also Skin), Heart murmur, Hypoadrenocorticism, Hypothermia, Lameness, Leukocytosis NOS, Leukopenia NOS, Other abnormal test result NOS, Pale mucous membrane, Peritonitis, Polydipsia, Polyuria",1,1,
US-UKPFIZAH-2010-US-12125,"<a target=""_blank""  href=""/xmlpserver/EVVET3 PW NEW/Subject Area Contents/Public Website/Report (PDF)/AER.xdo?_xpf=&_xpt=1&_params%2FOracle%20BI%20EE%3A%3ADefaultApp%3A%3AEVVET3%20PR%20NEW%2FAER%3A%3Adimension%2FAER%20Id%3A%3Aattribute%3A%3Anoaggr%3A%3Axsd%3Adouble=137660&_xt=AER&_xf=pdf""> AER </a>",2010-04-09 00:00:00,Veterinarian,United States,MALE,Dog,Crossbred Canine/dog,"Rimadyl vet. 100 mg Tuggtablett, Rimadyl vet. 20 mg Tuggtablett, Rimadyl vet. 50 mg Tuggtablett, Rimadyl vet., 100 mg, Tuggtablett","Breathing difficulty, Death, Hepatopathy",1,1,1
US-UKPFIZAH-2010-US-12888,"<a target=""_blank""  href=""/xmlpserver/EVVET3 PW NEW/Subject Area Contents/Public Website/Report (PDF)/AER.xdo?_xpf=&_xpt=1&_params%2FOracle%20BI%20EE%3A%3ADefaultApp%3A%3AEVVET3%20PR%20NEW%2FAER%3A%3Adimension%2FAER%20Id%3A%3Aattribute%3A%3Anoaggr%3A%3Axsd%3Adouble=151832&_xt=AER&_xf=pdf""> AER </a>",2010-04-22 00:00:00,Animal owner,United States,FEMALE,Dog,Chihuahua,"Rimadyl vet. 100 mg Tuggtablett, Rimadyl vet. 20 mg Tuggtablett, Rimadyl vet. 50 mg Tuggtablett, Rimadyl vet., 100 mg, Tuggtablett","Anorexia, Lethargy (see also Central nervous system depression in Neurological), Pale mucous membrane, Red blood cell disorder, Unexplained death, Vomiting",1,1,1
US-UKPFIZAH-2010-US-12945,"<a target=""_blank""  href=""/xmlpserver/EVVET3 PW NEW/Subject Area Contents/Public Website/Report (PDF)/AER.xdo?_xpf=&_xpt=1&_params%2FOracle%20BI%20EE%3A%3ADefaultApp%3A%3AEVVET3%20PR%20NEW%2FAER%3A%3Adimension%2FAER%20Id%3A%3Aattribute%3A%3Anoaggr%3A%3Axsd%3Adouble=141633&_xt=AER&_xf=pdf""> AER </a>",2010-04-15 00:00:00,Veterinarian,United States,UNKNOWN,Dog,Samoyed,"Rimadyl vet. 100 mg Tuggtablett, Rimadyl vet. 20 mg Tuggtablett, Rimadyl vet. 50 mg Tuggtablett, Rimadyl vet., 100 mg, Tuggtablett",Gastric perforation,1,1,1
US-UKPFIZAH-2010-US-13064,"<a target=""_blank""  href=""/xmlpserver/EVVET3 PW NEW/Subject Area Contents/Public Website/Report (PDF)/AER.xdo?_xpf=&_xpt=1&_params%2FOracle%20BI%20EE%3A%3ADefaultApp%3A%3AEVVET3%20PR%20NEW%2FAER%3A%3Adimension%2FAER%20Id%3A%3Aattribute%3A%3Anoaggr%3A%3Axsd%3Adouble=184617&_xt=AER&_xf=pdf""> AER </a>",2010-05-20 00:00:00,Veterinarian,United States,MALE,Dog,Dog (other),"Rimadyl vet. 100 mg Tuggtablett, Rimadyl vet. 20 mg Tuggtablett, Rimadyl vet. 50 mg Tuggtablett, Rimadyl vet., 100 mg, Tuggtablett","Falling, Neurological signs NOS, Slow reflexes, Staggering, Stumbling gait",1,1,1
US-UKPFIZAH-2010-US-13107,"<a target=""_blank""  href=""/xmlpserver/EVVET3 PW NEW/Subject Area Contents/Public Website/Report (PDF)/AER.xdo?_xpf=&_xpt=1&_params%2FOracle%20BI%20EE%3A%3ADefaultApp%3A%3AEVVET3%20PR%20NEW%2FAER%3A%3Adimension%2FAER%20Id%3A%3Aattribute%3A%3Anoaggr%3A%3Axsd%3Adouble=181873&_xt=AER&_xf=pdf""> AER </a>",2010-05-14 00:00:00,Veterinarian,United States,FEMALE,Dog,Retriever - Golden,"Rimadyl vet. 100 mg Tuggtablett, Rimadyl vet. 20 mg Tuggtablett, Rimadyl vet. 50 mg Tuggtablett, Rimadyl vet., 100 mg, Tuggtablett","Blindness, Polydipsia, Polyphagia",1,1,
US-UKPFIZAH-2010-US-13226,"<a target=""_blank""  href=""/xmlpserver/EVVET3 PW NEW/Subject Area Contents/Public Website/Report (PDF)/AER.xdo?_xpf=&_xpt=1&_params%2FOracle%20BI%20EE%3A%3ADefaultApp%3A%3AEVVET3%20PR%20NEW%2FAER%3A%3Adimension%2FAER%20Id%3A%3Aattribute%3A%3Anoaggr%3A%3Axsd%3Adouble=163924&_xt=AER&_xf=pdf""> AER </a>",2010-04-29 00:00:00,Veterinarian,United States,MALE,Dog,Retriever - Labrador,"Metacam 0.5 mg/ml - Oral suspension (cats, guinea pigs), Metacam 0.5 mg/ml - Oral suspension (dogs), Metacam 1 mg - Chewable tablet (dogs), Metacam 1.5 mg/ml - Oral suspension (dogs), Metacam 15 mg/ml - Oral suspension (horses), Metacam 15 mg/ml - Oral suspension (pigs), Metacam 2 mg/ml - Solution for injection (cats), Metacam 2.5 mg - Chewable tablet (dogs), Metacam 20 mg/ml - Solution for injection (cattle, pigs, horses), Metacam 40 mg/ml - Solution for injection (cattle, horses), Metacam 5 mg/ml - Solution for injection (cats, dogs), Metacam 5 mg/ml - Solution for injection (cattle, pigs), Metacam 5 mg/ml - Solution for injection (dogs), Rimadyl vet. 100 mg Tuggtablett, Rimadyl vet. 20 mg Tuggtablett, Rimadyl vet. 50 mg Tuggtablett, Rimadyl vet., 100 mg, Tuggtablett, VITAMIN K1 INJECTION, АМПИЦИЛИН шприц-канюли","Death by euthanasia, Decreased appetite, Depression, Elevated liver enzymes NOS, Elevated renal parameters, Gastroenteritis, Icterus, Sternoabdominal recumbency, Weight loss",1,1,1
US-UKPFIZAH-2010-US-13426,"<a target=""_blank""  href=""/xmlpserver/EVVET3 PW NEW/Subject Area Contents/Public Website/Report (PDF)/AER.xdo?_xpf=&_xpt=1&_params%2FOracle%20BI%20EE%3A%3ADefaultApp%3A%3AEVVET3%20PR%20NEW%2FAER%3A%3Adimension%2FAER%20Id%3A%3Aattribute%3A%3Anoaggr%3A%3Axsd%3Adouble=151813&_xt=AER&_xf=pdf""> AER </a>",2010-04-22 00:00:00,Unknown,United States,MALE,Dog,Retriever - Labrador,"RIMADYL 100 mg COMPRIMIDOS MASTICABLES PARA PERROS, RIMADYL 100 mg comprimate pentru câini, RIMADYL 100 mg, kramtomosios tabletės šunims, RIMADYL 100MG/TAB ΜΑΣΩΜΕΝΟ ΔΙΣΚΙΟ, RIMADYL 20 mg COMPRIMIDOS MASTICABLES PARA PERROS, RIMADYL 20 mg, kramtomosios tabletės šunims, RIMADYL 20MG/TAB ΜΑΣΩΜΕΝΟ ΔΙΣΚΙΟ, RIMADYL 50 mg COMPRIMIDOS MASTICABLES PARA PERROS, RIMADYL 50 mg comprimate pentru câini, RIMADYL 50 mg, kramtomosios tabletės šunims, RIMADYL 50MG/TAB ΜΑΣΩΜΕΝΟ ΔΙΣΚΙΟ, RIMADYL 50mg/ml ενέσιμο διάλυμα για σκύλους και γάτες, RIMADYL CATTLE 50 mg/ml, injekcinis tirpalas galvijams, RIMADYL Cattle 50 mg/ml Solution for Injection, RIMADYL INJECTABLE SOLUTION INJECTABLE POUR CHATS ET CHIENS, RIMADYL Injection 50mg/ml Διαυγές αποστειρωμένο ενέσιμο διάλυμα για σκύλους και γάτες, RIMADYL SMAKELIJKE TABLETTEN 100 mg voor honden, RIMADYL SMAKELIJKE TABLETTEN 50 mg voor honden, RIMADYL VET 50 mg/ml injektioneste, liuos, RIMADYL vet 100 mg purutabletti, RIMADYL vet 20 mg purutabletti, RIMADYL vet 50 mg purutabletti, Rimadyl 100 mg - Kautabletten für Hunde, Rimadyl 100 mg Comprimés Appétents 100 mg Tablet, Rimadyl 100 mg Kautablette für Hunde, Rimadyl 100 mg comprimidos mastigáveis para cães, Rimadyl 100 mg comprimés appétents, 100 mg, comprimés pour chiens, Rimadyl 100 mg okusne, žvečljive tablete za pse, Rimadyl 100 mg tabletes suņiem, Rimadyl 100 mg ízesített tabletta A.U.V., Rimadyl 20 mg - Kautabletten für Hunde, Rimadyl 20 mg Comprimés Appétents 20 mg Comprimé, Rimadyl 20 mg Comprimés Appétents 20 mg Tablet, Rimadyl 20 mg Kautablette für Hunde, Rimadyl 20 mg okusne, žvečljive tablete za pse, Rimadyl 20 mg ízesített tabletta A.U.V., Rimadyl 20 mg таблетки за кучета/Rimadyl 50 mg таблетки за кучета/Rimadyl 100 mg таблетки за кучета, Rimadyl 50 mg - Kautabletten für Hunde, Rimadyl 50 mg Comprimés Appétents 50 mg Tablet, Rimadyl 50 mg Kautablette für Hunde, Rimadyl 50 mg comprimidos mastigáveis para cães, Rimadyl 50 mg comprimés appétents, 50 mg, comprimés pour chiens, Rimadyl 50 mg košļājamās tabletes suņiem, Rimadyl 50 mg okusne, žvečljive tablete za pse, Rimadyl 50 mg ízesített tabletta A.U.V., Rimadyl 50 mg/ml - Injektionslösung für Hunde und Katzen, Rimadyl 50 mg/ml injekčný roztok, Rimadyl 50mg/ml Injektionslösung für Hunde und Katzen, Rimadyl Cattle, 50 mg/mL, otopina za injekciju, za goveda, Rimadyl Iniettabile 50 mg/ml, soluzione iniettabile per cane e gatto., Rimadyl Palatable 100 mg tablety pre psy, Rimadyl Palatable 20 mg tablety pre psy, Rimadyl Palatable 50 mg tablety pre psy, Rimadyl Palatable Tablets 100, Rimadyl Palatable Tablets 100 mg, Rimadyl Palatable Tablets 100 mg tabletes suņiem, Rimadyl Palatable Tablets 20 mg, Rimadyl Palatable Tablets 20 mg tabletes suņiem, Rimadyl Palatable Tablets 50, Rimadyl Palatable Tablets 50 mg, Rimadyl Palatable Tablets 50 mg tabletes suņiem, Rimadyl Palatable Tablets da 100 mg per cani, Rimadyl Palatable Tablets da 20 mg per cani, Rimadyl Palatable Tablets da 50 mg per cani, Rimadyl Palatable, 100mg, Žvýkací tableta, Rimadyl Palatable, 20mg, Žvýkací tableta, Rimadyl Palatable, 50mg, Žvýkací tableta, Rimadyl Solution for Injection for dogs and cats 50 mg/ml, Rimadyl Vet. 100 mg tyggetabletter, Rimadyl Vet. 20 mg tyggetabletter, Rimadyl Vet. 50 mg tyggetabletter, Rimadyl cattle 50 mg/ml oplossing voor injectie, Rimadyl injectievloeistof, 50 mg/ml voor honden en katten, Rimadyl smakelijke tabletten 100 mg voor honden, Rimadyl smakelijke tabletten 20 mg voor honden, Rimadyl smakelijke tabletten 50 mg voor honden, Rimadyl vet. 100 mg Tuggtablett, Rimadyl vet. 100 mg tyggetabletter, Rimadyl vet. 20 mg Tuggtablett, Rimadyl vet. 20 mg tyggetabletter, Rimadyl vet. 50 mg Tuggtablett, Rimadyl vet. 50 mg tyggetabletter, Rimadyl vet., 100 mg, Tuggtablett, Rimadyl Μασώμενο Δισκίο 100mg για σκύλους, Rimadyl Μασώμενο Δισκίο 20mg για σκύλους, Rimadyl Μασώμενο Δισκίο 50mg για σκύλους, Rimadyl, 100 mg närimistablett koertele, Rimadyl, 20 mg närimistablett koertele, Rimadyl, 50 mg närimistablett koertele, Rim","Disorientation, Distress, Found dead",1,1,1
US-UKPFIZAH-2010-US-13502,"<a target=""_blank""  href=""/xmlpserver/EVVET3 PW NEW/Subject Area Contents/Public Website/Report (PDF)/AER.xdo?_xpf=&_xpt=1&_params%2FOracle%20BI%20EE%3A%3ADefaultApp%3A%3AEVVET3%20PR%20NEW%2FAER%3A%3Adimension%2FAER%20Id%3A%3Aattribute%3A%3Anoaggr%3A%3Axsd%3Adouble=163925&_xt=AER&_xf=pdf""> AER </a>",2010-04-29 00:00:00,Animal owner,United States,MALE,Dog,Retriever - Labrador,"Rimadyl vet. 100 mg Tuggtablett, Rimadyl vet. 20 mg Tuggtablett, Rimadyl vet. 50 mg Tuggtablett, Rimadyl vet., 100 mg, Tuggtablett","Anorexia, Discoloured urine, Lethargy (see also Central nervous system depression in Neurological), Liver failure, Vomiting",1,1,
US-UKPFIZAH-2010-US-14071,"<a target=""_blank""  href=""/xmlpserver/EVVET3 PW NEW/Subject Area Contents/Public Website/Report (PDF)/AER.xdo?_xpf=&_xpt=1&_params%2FOracle%20BI%20EE%3A%3ADefaultApp%3A%3AEVVET3%20PR%20NEW%2FAER%3A%3Adimension%2FAER%20Id%3A%3Aattribute%3A%3Anoaggr%3A%3Axsd%3Adouble=175008&_xt=AER&_xf=pdf""> AER </a>",2010-05-06 00:00:00,Animal owner,United States,FEMALE,Dog,Beagle,"Rimadyl vet. 100 mg Tuggtablett, Rimadyl vet. 20 mg Tuggtablett, Rimadyl vet. 50 mg Tuggtablett, Rimadyl vet., 100 mg, Tuggtablett","Anorexia, Liver failure, Other abnormal test result NOS, Vomiting, Weight loss",1,1,
US-UKPFIZAH-2010-US-14362,"<a target=""_blank""  href=""/xmlpserver/EVVET3 PW NEW/Subject Area Contents/Public Website/Report (PDF)/AER.xdo?_xpf=&_xpt=1&_params%2FOracle%20BI%20EE%3A%3ADefaultApp%3A%3AEVVET3%20PR%20NEW%2FAER%3A%3Adimension%2FAER%20Id%3A%3Aattribute%3A%3Anoaggr%3A%3Axsd%3Adouble=151834&_xt=AER&_xf=pdf""> AER </a>",2010-04-22 00:00:00,Veterinarian,United States,MALE,Dog,Shepherd Dog - German,"Cerenia 10 mg/ml  - Solution for injection, IMMITICIDE, IMMITICIDE 25 mg/ml pó e solvente para solução injetável para cães, Metronidazole VET-AGRO 250 mg tabletten voor honden en katten, Rimadyl vet. 100 mg Tuggtablett, Rimadyl vet. 20 mg Tuggtablett, Rimadyl vet. 50 mg Tuggtablett, Rimadyl vet., 100 mg, Tuggtablett","Abdominal pain, Bloody diarrhoea, Death, Dyspnoea, Hepatopathy, Lethargy (see also Central nervous system depression in Neurological), Other abnormal test result NOS, Pyrexia, Vomiting, Weakness",1,1,1
US-UKPFIZAH-2010-US-14623,"<a target=""_blank""  href=""/xmlpserver/EVVET3 PW NEW/Subject Area Contents/Public Website/Report (PDF)/AER.xdo?_xpf=&_xpt=1&_params%2FOracle%20BI%20EE%3A%3ADefaultApp%3A%3AEVVET3%20PR%20NEW%2FAER%3A%3Adimension%2FAER%20Id%3A%3Aattribute%3A%3Anoaggr%3A%3Axsd%3Adouble=201323&_xt=AER&_xf=pdf""> AER </a>",2010-06-25 00:00:00,Veterinarian,United States,MALE,Dog,Retriever - Golden,"Cerenia 10 mg/ml  - Solution for injection, Rimadyl vet. 100 mg Tuggtablett, Rimadyl vet. 20 mg Tuggtablett, Rimadyl vet. 50 mg Tuggtablett, Rimadyl vet., 100 mg, Tuggtablett","Acute renal failure, Anaemia NOS, Anorexia, Death by euthanasia, Diarrhoea, Hepatopathy, Pancreatitis NOS, Vomiting",1,1,1
US-UKPFIZAH-2010-US-15215,"<a target=""_blank""  href=""/xmlpserver/EVVET3 PW NEW/Subject Area Contents/Public Website/Report (PDF)/AER.xdo?_xpf=&_xpt=1&_params%2FOracle%20BI%20EE%3A%3ADefaultApp%3A%3AEVVET3%20PR%20NEW%2FAER%3A%3Adimension%2FAER%20Id%3A%3Aattribute%3A%3Anoaggr%3A%3Axsd%3Adouble=181864&_xt=AER&_xf=pdf""> AER </a>",2010-05-14 00:00:00,Veterinarian,United States,FEMALE,Dog,Crossbred Canine/dog,"RIMADYL 100 mg COMPRIMIDOS MASTICABLES PARA PERROS, RIMADYL 100 mg comprimate pentru câini, RIMADYL 100 mg, kramtomosios tabletės šunims, RIMADYL 100MG/TAB ΜΑΣΩΜΕΝΟ ΔΙΣΚΙΟ, RIMADYL 20 mg COMPRIMIDOS MASTICABLES PARA PERROS, RIMADYL 20 mg, kramtomosios tabletės šunims, RIMADYL 20MG/TAB ΜΑΣΩΜΕΝΟ ΔΙΣΚΙΟ, RIMADYL 50 mg COMPRIMIDOS MASTICABLES PARA PERROS, RIMADYL 50 mg comprimate pentru câini, RIMADYL 50 mg, kramtomosios tabletės šunims, RIMADYL 50MG/TAB ΜΑΣΩΜΕΝΟ ΔΙΣΚΙΟ, RIMADYL 50mg/ml ενέσιμο διάλυμα για σκύλους και γάτες, RIMADYL CATTLE 50 mg/ml, injekcinis tirpalas galvijams, RIMADYL Cattle 50 mg/ml Solution for Injection, RIMADYL INJECTABLE SOLUTION INJECTABLE POUR CHATS ET CHIENS, RIMADYL Injection 50mg/ml Διαυγές αποστειρωμένο ενέσιμο διάλυμα για σκύλους και γάτες, RIMADYL SMAKELIJKE TABLETTEN 100 mg voor honden, RIMADYL SMAKELIJKE TABLETTEN 50 mg voor honden, RIMADYL VET 50 mg/ml injektioneste, liuos, RIMADYL vet 100 mg purutabletti, RIMADYL vet 20 mg purutabletti, RIMADYL vet 50 mg purutabletti, Rimadyl 100 mg - Kautabletten für Hunde, Rimadyl 100 mg Comprimés Appétents 100 mg Tablet, Rimadyl 100 mg Kautablette für Hunde, Rimadyl 100 mg comprimidos mastigáveis para cães, Rimadyl 100 mg comprimés appétents, 100 mg, comprimés pour chiens, Rimadyl 100 mg okusne, žvečljive tablete za pse, Rimadyl 100 mg tabletes suņiem, Rimadyl 100 mg ízesített tabletta A.U.V., Rimadyl 20 mg - Kautabletten für Hunde, Rimadyl 20 mg Comprimés Appétents 20 mg Comprimé, Rimadyl 20 mg Comprimés Appétents 20 mg Tablet, Rimadyl 20 mg Kautablette für Hunde, Rimadyl 20 mg okusne, žvečljive tablete za pse, Rimadyl 20 mg ízesített tabletta A.U.V., Rimadyl 20 mg таблетки за кучета/Rimadyl 50 mg таблетки за кучета/Rimadyl 100 mg таблетки за кучета, Rimadyl 50 mg - Kautabletten für Hunde, Rimadyl 50 mg Comprimés Appétents 50 mg Tablet, Rimadyl 50 mg Kautablette für Hunde, Rimadyl 50 mg comprimidos mastigáveis para cães, Rimadyl 50 mg comprimés appétents, 50 mg, comprimés pour chiens, Rimadyl 50 mg košļājamās tabletes suņiem, Rimadyl 50 mg okusne, žvečljive tablete za pse, Rimadyl 50 mg ízesített tabletta A.U.V., Rimadyl 50 mg/ml - Injektionslösung für Hunde und Katzen, Rimadyl 50 mg/ml injekčný roztok, Rimadyl 50mg/ml Injektionslösung für Hunde und Katzen, Rimadyl Cattle, 50 mg/mL, otopina za injekciju, za goveda, Rimadyl Iniettabile 50 mg/ml, soluzione iniettabile per cane e gatto., Rimadyl Palatable 100 mg tablety pre psy, Rimadyl Palatable 20 mg tablety pre psy, Rimadyl Palatable 50 mg tablety pre psy, Rimadyl Palatable Tablets 100, Rimadyl Palatable Tablets 100 mg, Rimadyl Palatable Tablets 100 mg tabletes suņiem, Rimadyl Palatable Tablets 20 mg, Rimadyl Palatable Tablets 20 mg tabletes suņiem, Rimadyl Palatable Tablets 50, Rimadyl Palatable Tablets 50 mg, Rimadyl Palatable Tablets 50 mg tabletes suņiem, Rimadyl Palatable Tablets da 100 mg per cani, Rimadyl Palatable Tablets da 20 mg per cani, Rimadyl Palatable Tablets da 50 mg per cani, Rimadyl Palatable, 100mg, Žvýkací tableta, Rimadyl Palatable, 20mg, Žvýkací tableta, Rimadyl Palatable, 50mg, Žvýkací tableta, Rimadyl Solution for Injection for dogs and cats 50 mg/ml, Rimadyl Vet. 100 mg tyggetabletter, Rimadyl Vet. 20 mg tyggetabletter, Rimadyl Vet. 50 mg tyggetabletter, Rimadyl cattle 50 mg/ml oplossing voor injectie, Rimadyl injectievloeistof, 50 mg/ml voor honden en katten, Rimadyl smakelijke tabletten 100 mg voor honden, Rimadyl smakelijke tabletten 20 mg voor honden, Rimadyl smakelijke tabletten 50 mg voor honden, Rimadyl vet. 100 mg Tuggtablett, Rimadyl vet. 100 mg tyggetabletter, Rimadyl vet. 20 mg Tuggtablett, Rimadyl vet. 20 mg tyggetabletter, Rimadyl vet. 50 mg Tuggtablett, Rimadyl vet. 50 mg tyggetabletter, Rimadyl vet., 100 mg, Tuggtablett, Rimadyl Μασώμενο Δισκίο 100mg για σκύλους, Rimadyl Μασώμενο Δισκίο 20mg για σκύλους, Rimadyl Μασώμενο Δισκίο 50mg για σκύλους, Rimadyl, 100 mg närimistablett koertele, Rimadyl, 20 mg närimistablett koertele, Rimadyl, 50 mg närimistablett koertele, Rim","Arrhythmia, Cardiac enlargement, Death by euthanasia, Decreased appetite, Increased heart rate, Lethargy (see also Central nervous system depression in Neurological), Pulmonary oedema, Respiratory signs",1,1,1
US-UKPFIZAH-2010-US-15442,"<a target=""_blank""  href=""/xmlpserver/EVVET3 PW NEW/Subject Area Contents/Public Website/Report (PDF)/AER.xdo?_xpf=&_xpt=1&_params%2FOracle%20BI%20EE%3A%3ADefaultApp%3A%3AEVVET3%20PR%20NEW%2FAER%3A%3Adimension%2FAER%20Id%3A%3Aattribute%3A%3Anoaggr%3A%3Axsd%3Adouble=163926&_xt=AER&_xf=pdf""> AER </a>",2010-04-29 00:00:00,Veterinarian,United States,MALE,Dog,Retriever - Labrador,"Rimadyl vet. 100 mg Tuggtablett, Rimadyl vet. 20 mg Tuggtablett, Rimadyl vet. 50 mg Tuggtablett, Rimadyl vet., 100 mg, Tuggtablett","Aggression, Depression, Lameness, Lethargy (see also Central nervous system depression in Neurological)",1,1,
US-UKPFIZAH-2010-US-15656,"<a target=""_blank""  href=""/xmlpserver/EVVET3 PW NEW/Subject Area Contents/Public Website/Report (PDF)/AER.xdo?_xpf=&_xpt=1&_params%2FOracle%20BI%20EE%3A%3ADefaultApp%3A%3AEVVET3%20PR%20NEW%2FAER%3A%3Adimension%2FAER%20Id%3A%3Aattribute%3A%3Anoaggr%3A%3Axsd%3Adouble=184618&_xt=AER&_xf=pdf""> AER </a>",2010-05-20 00:00:00,Veterinarian,United States,MALE,Dog,Siberian Husky,"Rimadyl vet. 100 mg Tuggtablett, Rimadyl vet. 20 mg Tuggtablett, Rimadyl vet. 50 mg Tuggtablett, Rimadyl vet., 100 mg, Tuggtablett, Tramadog 50 mg tablet for dogs","Anaemia NOS, Death, Haemorrhage NOS, Inappetence, Respiratory distress, Systemic disorder NOS",1,1,1
US-UKPFIZAH-2010-US-16473,"<a target=""_blank""  href=""/xmlpserver/EVVET3 PW NEW/Subject Area Contents/Public Website/Report (PDF)/AER.xdo?_xpf=&_xpt=1&_params%2FOracle%20BI%20EE%3A%3ADefaultApp%3A%3AEVVET3%20PR%20NEW%2FAER%3A%3Adimension%2FAER%20Id%3A%3Aattribute%3A%3Anoaggr%3A%3Axsd%3Adouble=181874&_xt=AER&_xf=pdf""> AER </a>",2010-05-14 00:00:00,Animal owner,United States,FEMALE,Dog,Doberman Pinscher,"MARAVET AMOXICILLIN, Rimadyl vet. 100 mg Tuggtablett, Rimadyl vet. 20 mg Tuggtablett, Rimadyl vet. 50 mg Tuggtablett, Rimadyl vet., 100 mg, Tuggtablett",Ataxia,1,1,1
US-UKPFIZAH-2010-US-16596,"<a target=""_blank""  href=""/xmlpserver/EVVET3 PW NEW/Subject Area Contents/Public Website/Report (PDF)/AER.xdo?_xpf=&_xpt=1&_params%2FOracle%20BI%20EE%3A%3ADefaultApp%3A%3AEVVET3%20PR%20NEW%2FAER%3A%3Adimension%2FAER%20Id%3A%3Aattribute%3A%3Anoaggr%3A%3Axsd%3Adouble=181875&_xt=AER&_xf=pdf""> AER </a>",2010-05-14 00:00:00,Animal owner,United States,MALE,Dog,Chow Chow,"ADEQUAN IM 500 MG/5 ML SOLUTION FOR INJECTION, Adequan, Adequan 100 mg/ml Solution for Injection, Adequan 250 mg/ml Solution for Injection, Dexamethasone 2 mg/mL, Dexamethasone 2 mg/ml, Dexamethasone 2 mg/ml 2 mg/ml šķīdums injekcijām zirgiem, liellopiem, aitām, kazām, cūkām, suņiem un kaķiem, Dexamethasone 2 mg/ml solution for injection for dogs, cats, cattle and horses, Dexamethasone pro inj, 2 mg/ml oplossing voor injectie voor honden en katten, Rimadyl vet. 100 mg Tuggtablett, Rimadyl vet. 20 mg Tuggtablett, Rimadyl vet. 50 mg Tuggtablett, Rimadyl vet., 100 mg, Tuggtablett, ДЕКСАМЕТАЗОН 2 mg/ml инжекционен разтвор","Anaemia NOS, Death by euthanasia, Muscle tremor, Vomiting",1,1,1
US-UKPFIZAH-2010-US-16612,"<a target=""_blank""  href=""/xmlpserver/EVVET3 PW NEW/Subject Area Contents/Public Website/Report (PDF)/AER.xdo?_xpf=&_xpt=1&_params%2FOracle%20BI%20EE%3A%3ADefaultApp%3A%3AEVVET3%20PR%20NEW%2FAER%3A%3Adimension%2FAER%20Id%3A%3Aattribute%3A%3Anoaggr%3A%3Axsd%3Adouble=184619&_xt=AER&_xf=pdf""> AER </a>",2010-05-20 00:00:00,Other health care professional,United States,FEMALE,Dog,Retriever - Labrador,"DFV DOXIVET 200 mg/ml, solution for use in drinking water for pigs and chickens, DFV DOXIVET 500 mg/g, powder for use in drinking water for pigs and chickens, Doxycycline 100 mg tablet, voor honden en katten, Doxycycline 15 mg tabletten voor honden en katten, Doxycycline 20% W.O., Doxycycline 20% W.O. poeder voor toediening via drinkwater voor vleeskuikens, Doxycycline 50% WSP, 500 mg/g, prašak za primjenu u vodi za piće/mliječnoj zamjenici, za goveda, svinje i kokoši, Doxycycline 500 mg/kg, poeder voor gebruik in drinkwater voor varken en kip, Doxycycline 75 mg tabletten voor honden, Doxycycline tabletten 20 mg voor honden en katten, Rimadyl vet. 100 mg Tuggtablett, Rimadyl vet. 20 mg Tuggtablett, Rimadyl vet. 50 mg Tuggtablett, Rimadyl vet., 100 mg, Tuggtablett, Доксициклин 20% водоразтворим прах, Доксициклин 200 водоразтворим прах","Death, Loose stool, Vomiting",1,1,1
US-UKPFIZAH-2010-US-16891,"<a target=""_blank""  href=""/xmlpserver/EVVET3 PW NEW/Subject Area Contents/Public Website/Report (PDF)/AER.xdo?_xpf=&_xpt=1&_params%2FOracle%20BI%20EE%3A%3ADefaultApp%3A%3AEVVET3%20PR%20NEW%2FAER%3A%3Adimension%2FAER%20Id%3A%3Aattribute%3A%3Anoaggr%3A%3Axsd%3Adouble=196272&_xt=AER&_xf=pdf""> AER </a>",2010-06-11 00:00:00,Other health care professional,United States,FEMALE,Dog,Collie - Border,"Rimadyl vet. 100 mg Tuggtablett, Rimadyl vet. 20 mg Tuggtablett, Rimadyl vet. 50 mg Tuggtablett, Rimadyl vet., 100 mg, Tuggtablett, Tramadog 50 mg tablet for dogs","Ascites, Ataxia, Death, Dyspnoea, Head tilt - ear disorder, Hepatopathy, Nystagmus, Other abnormal test result NOS, Pyrexia",1,1,1
US-UKPFIZAH-2010-US-17284,"<a target=""_blank""  href=""/xmlpserver/EVVET3 PW NEW/Subject Area Contents/Public Website/Report (PDF)/AER.xdo?_xpf=&_xpt=1&_params%2FOracle%20BI%20EE%3A%3ADefaultApp%3A%3AEVVET3%20PR%20NEW%2FAER%3A%3Adimension%2FAER%20Id%3A%3Aattribute%3A%3Anoaggr%3A%3Axsd%3Adouble=181878&_xt=AER&_xf=pdf""> AER </a>",2010-05-14 00:00:00,Other health care professional,United States,MALE,Dog,Doberman Pinscher,"Rimadyl vet. 100 mg Tuggtablett, Rimadyl vet. 20 mg Tuggtablett, Rimadyl vet. 50 mg Tuggtablett, Rimadyl vet., 100 mg, Tuggtablett","Cardiac disorder NOS, Elevated liver enzymes NOS, Hepatopathy, Inappetence, Lethargy (see also Central nervous system depression in Neurological), Renal disorder NOS, Spleen and reticulo-endothelial system disorder NOS, Vomiting, Weight loss",1,1,1
US-UKPFIZAH-2010-US-17615,"<a target=""_blank""  href=""/xmlpserver/EVVET3 PW NEW/Subject Area Contents/Public Website/Report (PDF)/AER.xdo?_xpf=&_xpt=1&_params%2FOracle%20BI%20EE%3A%3ADefaultApp%3A%3AEVVET3%20PR%20NEW%2FAER%3A%3Adimension%2FAER%20Id%3A%3Aattribute%3A%3Anoaggr%3A%3Axsd%3Adouble=214594&_xt=AER&_xf=pdf""> AER </a>",2010-08-20 00:00:00,Veterinarian,United States,MALE,Dog,Retriever - Labrador,"Rimadyl vet. 100 mg Tuggtablett, Rimadyl vet. 20 mg Tuggtablett, Rimadyl vet. 50 mg Tuggtablett, Rimadyl vet., 100 mg, Tuggtablett","Anorexia, Ascites, Death, Elevated liver enzymes NOS, Hypoproteinaemia, Icterus, Lethargy (see also Central nervous system depression in Neurological), Other abnormal test result NOS, Polydipsia, Weight loss",1,1,1
US-UKPFIZAH-2010-US-18222,"<a target=""_blank""  href=""/xmlpserver/EVVET3 PW NEW/Subject Area Contents/Public Website/Report (PDF)/AER.xdo?_xpf=&_xpt=1&_params%2FOracle%20BI%20EE%3A%3ADefaultApp%3A%3AEVVET3%20PR%20NEW%2FAER%3A%3Adimension%2FAER%20Id%3A%3Aattribute%3A%3Anoaggr%3A%3Axsd%3Adouble=188584&_xt=AER&_xf=pdf""> AER </a>",2010-05-28 00:00:00,Other health care professional,United States,FEMALE,Dog,Dog (other),"Baytril vet. 100 mg/ml Injektionsvätska, lösning, Baytril vet. 25 mg/ml Injektionsvätska, lösning, Cerenia 10 mg/ml  - Solution for injection, Metoclopramide hydrochloride 10 mg, tabletten voor honden, Metronidazole VET-AGRO 250 mg tabletten voor honden en katten, Rimadyl vet. 100 mg Tuggtablett, Rimadyl vet. 20 mg Tuggtablett, Rimadyl vet. 50 mg Tuggtablett, Rimadyl vet., 100 mg, Tuggtablett","Blood in faeces, Death by euthanasia, Diarrhoea, Hepatopathy, Other abnormal test result NOS, Vomiting",1,1,1
US-UKPFIZAH-2010-US-18420,"<a target=""_blank""  href=""/xmlpserver/EVVET3 PW NEW/Subject Area Contents/Public Website/Report (PDF)/AER.xdo?_xpf=&_xpt=1&_params%2FOracle%20BI%20EE%3A%3ADefaultApp%3A%3AEVVET3%20PR%20NEW%2FAER%3A%3Adimension%2FAER%20Id%3A%3Aattribute%3A%3Anoaggr%3A%3Axsd%3Adouble=188588&_xt=AER&_xf=pdf""> AER </a>",2010-05-28 00:00:00,Animal owner,United States,FEMALE,Dog,Doberman Pinscher,"RIMADYL 100 mg COMPRIMIDOS MASTICABLES PARA PERROS, RIMADYL 100 mg comprimate pentru câini, RIMADYL 100 mg, kramtomosios tabletės šunims, RIMADYL 100MG/TAB ΜΑΣΩΜΕΝΟ ΔΙΣΚΙΟ, RIMADYL 20 mg COMPRIMIDOS MASTICABLES PARA PERROS, RIMADYL 20 mg, kramtomosios tabletės šunims, RIMADYL 20MG/TAB ΜΑΣΩΜΕΝΟ ΔΙΣΚΙΟ, RIMADYL 50 mg COMPRIMIDOS MASTICABLES PARA PERROS, RIMADYL 50 mg comprimate pentru câini, RIMADYL 50 mg, kramtomosios tabletės šunims, RIMADYL 50MG/TAB ΜΑΣΩΜΕΝΟ ΔΙΣΚΙΟ, RIMADYL 50mg/ml ενέσιμο διάλυμα για σκύλους και γάτες, RIMADYL CATTLE 50 mg/ml, injekcinis tirpalas galvijams, RIMADYL Cattle 50 mg/ml Solution for Injection, RIMADYL INJECTABLE SOLUTION INJECTABLE POUR CHATS ET CHIENS, RIMADYL Injection 50mg/ml Διαυγές αποστειρωμένο ενέσιμο διάλυμα για σκύλους και γάτες, RIMADYL SMAKELIJKE TABLETTEN 100 mg voor honden, RIMADYL SMAKELIJKE TABLETTEN 50 mg voor honden, RIMADYL VET 50 mg/ml injektioneste, liuos, RIMADYL vet 100 mg purutabletti, RIMADYL vet 20 mg purutabletti, RIMADYL vet 50 mg purutabletti, Rimadyl 100 mg - Kautabletten für Hunde, Rimadyl 100 mg Comprimés Appétents 100 mg Tablet, Rimadyl 100 mg Kautablette für Hunde, Rimadyl 100 mg comprimidos mastigáveis para cães, Rimadyl 100 mg comprimés appétents, 100 mg, comprimés pour chiens, Rimadyl 100 mg okusne, žvečljive tablete za pse, Rimadyl 100 mg tabletes suņiem, Rimadyl 100 mg ízesített tabletta A.U.V., Rimadyl 20 mg - Kautabletten für Hunde, Rimadyl 20 mg Comprimés Appétents 20 mg Comprimé, Rimadyl 20 mg Comprimés Appétents 20 mg Tablet, Rimadyl 20 mg Kautablette für Hunde, Rimadyl 20 mg okusne, žvečljive tablete za pse, Rimadyl 20 mg ízesített tabletta A.U.V., Rimadyl 20 mg таблетки за кучета/Rimadyl 50 mg таблетки за кучета/Rimadyl 100 mg таблетки за кучета, Rimadyl 50 mg - Kautabletten für Hunde, Rimadyl 50 mg Comprimés Appétents 50 mg Tablet, Rimadyl 50 mg Kautablette für Hunde, Rimadyl 50 mg comprimidos mastigáveis para cães, Rimadyl 50 mg comprimés appétents, 50 mg, comprimés pour chiens, Rimadyl 50 mg košļājamās tabletes suņiem, Rimadyl 50 mg okusne, žvečljive tablete za pse, Rimadyl 50 mg ízesített tabletta A.U.V., Rimadyl 50 mg/ml - Injektionslösung für Hunde und Katzen, Rimadyl 50 mg/ml injekčný roztok, Rimadyl 50mg/ml Injektionslösung für Hunde und Katzen, Rimadyl Cattle, 50 mg/mL, otopina za injekciju, za goveda, Rimadyl Iniettabile 50 mg/ml, soluzione iniettabile per cane e gatto., Rimadyl Palatable 100 mg tablety pre psy, Rimadyl Palatable 20 mg tablety pre psy, Rimadyl Palatable 50 mg tablety pre psy, Rimadyl Palatable Tablets 100, Rimadyl Palatable Tablets 100 mg, Rimadyl Palatable Tablets 100 mg tabletes suņiem, Rimadyl Palatable Tablets 20 mg, Rimadyl Palatable Tablets 20 mg tabletes suņiem, Rimadyl Palatable Tablets 50, Rimadyl Palatable Tablets 50 mg, Rimadyl Palatable Tablets 50 mg tabletes suņiem, Rimadyl Palatable Tablets da 100 mg per cani, Rimadyl Palatable Tablets da 20 mg per cani, Rimadyl Palatable Tablets da 50 mg per cani, Rimadyl Palatable, 100mg, Žvýkací tableta, Rimadyl Palatable, 20mg, Žvýkací tableta, Rimadyl Palatable, 50mg, Žvýkací tableta, Rimadyl Solution for Injection for dogs and cats 50 mg/ml, Rimadyl Vet. 100 mg tyggetabletter, Rimadyl Vet. 20 mg tyggetabletter, Rimadyl Vet. 50 mg tyggetabletter, Rimadyl cattle 50 mg/ml oplossing voor injectie, Rimadyl injectievloeistof, 50 mg/ml voor honden en katten, Rimadyl smakelijke tabletten 100 mg voor honden, Rimadyl smakelijke tabletten 20 mg voor honden, Rimadyl smakelijke tabletten 50 mg voor honden, Rimadyl vet. 100 mg Tuggtablett, Rimadyl vet. 100 mg tyggetabletter, Rimadyl vet. 20 mg Tuggtablett, Rimadyl vet. 20 mg tyggetabletter, Rimadyl vet. 50 mg Tuggtablett, Rimadyl vet. 50 mg tyggetabletter, Rimadyl vet., 100 mg, Tuggtablett, Rimadyl Μασώμενο Δισκίο 100mg για σκύλους, Rimadyl Μασώμενο Δισκίο 20mg για σκύλους, Rimadyl Μασώμενο Δισκίο 50mg για σκύλους, Rimadyl, 100 mg närimistablett koertele, Rimadyl, 20 mg närimistablett koertele, Rimadyl, 50 mg närimistablett koertele, Rim","Ataxia, Death by euthanasia, Musculoskeletal disorder NOS",1,1,1
US-UKPFIZAH-2010-US-18731,"<a target=""_blank""  href=""/xmlpserver/EVVET3 PW NEW/Subject Area Contents/Public Website/Report (PDF)/AER.xdo?_xpf=&_xpt=1&_params%2FOracle%20BI%20EE%3A%3ADefaultApp%3A%3AEVVET3%20PR%20NEW%2FAER%3A%3Adimension%2FAER%20Id%3A%3Aattribute%3A%3Anoaggr%3A%3Axsd%3Adouble=184621&_xt=AER&_xf=pdf""> AER </a>",2010-05-20 00:00:00,Veterinarian,United States,FEMALE,Dog,Siberian Husky,"Cerenia 10 mg/ml  - Solution for injection, Metronidazole VET-AGRO 250 mg tabletten voor honden en katten, Rimadyl vet. 100 mg Tuggtablett, Rimadyl vet. 20 mg Tuggtablett, Rimadyl vet. 50 mg Tuggtablett, Rimadyl vet., 100 mg, Tuggtablett","Abdominal cavity disorder NOS, Death, Lethargy (see also Central nervous system depression in Neurological), Localised pain NOS (see other SOCs for specific pain), Vomiting",1,1,1
US-UKPFIZAH-2010-US-18849,"<a target=""_blank""  href=""/xmlpserver/EVVET3 PW NEW/Subject Area Contents/Public Website/Report (PDF)/AER.xdo?_xpf=&_xpt=1&_params%2FOracle%20BI%20EE%3A%3ADefaultApp%3A%3AEVVET3%20PR%20NEW%2FAER%3A%3Adimension%2FAER%20Id%3A%3Aattribute%3A%3Anoaggr%3A%3Axsd%3Adouble=204337&_xt=AER&_xf=pdf""> AER </a>",2010-07-15 00:00:00,Veterinarian,United States,FEMALE,Dog,Spaniel - Cocker American,"Rimadyl vet. 100 mg Tuggtablett, Rimadyl vet. 20 mg Tuggtablett, Rimadyl vet. 50 mg Tuggtablett, Rimadyl vet., 100 mg, Tuggtablett, Vanguard Plus 5 vakcina A.U.V., Vanguard Plus 5, liofilizat i rozpuszczalnik do sporządzania zawiesiny do wstrzykiwań dla psów","Digestive tract haemorrhage NOS, Emesis, Melaena, Pale mucous membrane, Sudden death, Ulceration NOS",1,1,1
US-UKPFIZAH-2010-US-20179,"<a target=""_blank""  href=""/xmlpserver/EVVET3 PW NEW/Subject Area Contents/Public Website/Report (PDF)/AER.xdo?_xpf=&_xpt=1&_params%2FOracle%20BI%20EE%3A%3ADefaultApp%3A%3AEVVET3%20PR%20NEW%2FAER%3A%3Adimension%2FAER%20Id%3A%3Aattribute%3A%3Anoaggr%3A%3Axsd%3Adouble=193421&_xt=AER&_xf=pdf""> AER </a>",2010-06-04 00:00:00,Veterinarian,United States,FEMALE,Dog,Terrier - West Highland White,"Cerenia 10 mg/ml  - Solution for injection, RIMADYL 100 mg COMPRIMIDOS MASTICABLES PARA PERROS, RIMADYL 100 mg comprimate pentru câini, RIMADYL 100 mg, kramtomosios tabletės šunims, RIMADYL 100MG/TAB ΜΑΣΩΜΕΝΟ ΔΙΣΚΙΟ, RIMADYL 20 mg COMPRIMIDOS MASTICABLES PARA PERROS, RIMADYL 20 mg, kramtomosios tabletės šunims, RIMADYL 20MG/TAB ΜΑΣΩΜΕΝΟ ΔΙΣΚΙΟ, RIMADYL 50 mg COMPRIMIDOS MASTICABLES PARA PERROS, RIMADYL 50 mg comprimate pentru câini, RIMADYL 50 mg, kramtomosios tabletės šunims, RIMADYL 50MG/TAB ΜΑΣΩΜΕΝΟ ΔΙΣΚΙΟ, RIMADYL 50mg/ml ενέσιμο διάλυμα για σκύλους και γάτες, RIMADYL CATTLE 50 mg/ml, injekcinis tirpalas galvijams, RIMADYL Cattle 50 mg/ml Solution for Injection, RIMADYL INJECTABLE SOLUTION INJECTABLE POUR CHATS ET CHIENS, RIMADYL Injection 50mg/ml Διαυγές αποστειρωμένο ενέσιμο διάλυμα για σκύλους και γάτες, RIMADYL SMAKELIJKE TABLETTEN 100 mg voor honden, RIMADYL SMAKELIJKE TABLETTEN 50 mg voor honden, RIMADYL VET 50 mg/ml injektioneste, liuos, RIMADYL vet 100 mg purutabletti, RIMADYL vet 20 mg purutabletti, RIMADYL vet 50 mg purutabletti, Rimadyl 100 mg - Kautabletten für Hunde, Rimadyl 100 mg Comprimés Appétents 100 mg Tablet, Rimadyl 100 mg Kautablette für Hunde, Rimadyl 100 mg comprimidos mastigáveis para cães, Rimadyl 100 mg comprimés appétents, 100 mg, comprimés pour chiens, Rimadyl 100 mg okusne, žvečljive tablete za pse, Rimadyl 100 mg tabletes suņiem, Rimadyl 100 mg ízesített tabletta A.U.V., Rimadyl 20 mg - Kautabletten für Hunde, Rimadyl 20 mg Comprimés Appétents 20 mg Comprimé, Rimadyl 20 mg Comprimés Appétents 20 mg Tablet, Rimadyl 20 mg Kautablette für Hunde, Rimadyl 20 mg okusne, žvečljive tablete za pse, Rimadyl 20 mg ízesített tabletta A.U.V., Rimadyl 20 mg таблетки за кучета/Rimadyl 50 mg таблетки за кучета/Rimadyl 100 mg таблетки за кучета, Rimadyl 50 mg - Kautabletten für Hunde, Rimadyl 50 mg Comprimés Appétents 50 mg Tablet, Rimadyl 50 mg Kautablette für Hunde, Rimadyl 50 mg comprimidos mastigáveis para cães, Rimadyl 50 mg comprimés appétents, 50 mg, comprimés pour chiens, Rimadyl 50 mg košļājamās tabletes suņiem, Rimadyl 50 mg okusne, žvečljive tablete za pse, Rimadyl 50 mg ízesített tabletta A.U.V., Rimadyl 50 mg/ml - Injektionslösung für Hunde und Katzen, Rimadyl 50 mg/ml injekčný roztok, Rimadyl 50mg/ml Injektionslösung für Hunde und Katzen, Rimadyl Cattle, 50 mg/mL, otopina za injekciju, za goveda, Rimadyl Iniettabile 50 mg/ml, soluzione iniettabile per cane e gatto., Rimadyl Palatable 100 mg tablety pre psy, Rimadyl Palatable 20 mg tablety pre psy, Rimadyl Palatable 50 mg tablety pre psy, Rimadyl Palatable Tablets 100, Rimadyl Palatable Tablets 100 mg, Rimadyl Palatable Tablets 100 mg tabletes suņiem, Rimadyl Palatable Tablets 20 mg, Rimadyl Palatable Tablets 20 mg tabletes suņiem, Rimadyl Palatable Tablets 50, Rimadyl Palatable Tablets 50 mg, Rimadyl Palatable Tablets 50 mg tabletes suņiem, Rimadyl Palatable Tablets da 100 mg per cani, Rimadyl Palatable Tablets da 20 mg per cani, Rimadyl Palatable Tablets da 50 mg per cani, Rimadyl Palatable, 100mg, Žvýkací tableta, Rimadyl Palatable, 20mg, Žvýkací tableta, Rimadyl Palatable, 50mg, Žvýkací tableta, Rimadyl Solution for Injection for dogs and cats 50 mg/ml, Rimadyl Vet. 100 mg tyggetabletter, Rimadyl Vet. 20 mg tyggetabletter, Rimadyl Vet. 50 mg tyggetabletter, Rimadyl cattle 50 mg/ml oplossing voor injectie, Rimadyl injectievloeistof, 50 mg/ml voor honden en katten, Rimadyl smakelijke tabletten 100 mg voor honden, Rimadyl smakelijke tabletten 20 mg voor honden, Rimadyl smakelijke tabletten 50 mg voor honden, Rimadyl vet. 100 mg Tuggtablett, Rimadyl vet. 100 mg tyggetabletter, Rimadyl vet. 20 mg Tuggtablett, Rimadyl vet. 20 mg tyggetabletter, Rimadyl vet. 50 mg Tuggtablett, Rimadyl vet. 50 mg tyggetabletter, Rimadyl vet., 100 mg, Tuggtablett, Rimadyl Μασώμενο Δισκίο 100mg για σκύλους, Rimadyl Μασώμενο Δισκίο 20mg για σκύλους, Rimadyl Μασώμενο Δισκίο 50mg για σκύλους, Rimadyl, 100 mg närimistablett koertele, Rimadyl, 20 mg närimistablett koertele,","Anorexia, Ascites, Death, Diarrhoea, Febrile, Hyperactivity, Itching, Leukocytosis NOS, Other abnormal test result NOS, Polydipsia, Vomiting",1,1,1
US-UKPFIZAH-2010-US-20708,"<a target=""_blank""  href=""/xmlpserver/EVVET3 PW NEW/Subject Area Contents/Public Website/Report (PDF)/AER.xdo?_xpf=&_xpt=1&_params%2FOracle%20BI%20EE%3A%3ADefaultApp%3A%3AEVVET3%20PR%20NEW%2FAER%3A%3Adimension%2FAER%20Id%3A%3Aattribute%3A%3Anoaggr%3A%3Axsd%3Adouble=196273&_xt=AER&_xf=pdf""> AER </a>",2010-06-11 00:00:00,Veterinarian,United States,FEMALE,Dog,Boxer (German Boxer),"Rimadyl vet. 100 mg Tuggtablett, Rimadyl vet. 20 mg Tuggtablett, Rimadyl vet. 50 mg Tuggtablett, Rimadyl vet., 100 mg, Tuggtablett","Death, Knuckling, Lethargy (see also Central nervous system depression in Neurological), Oedema NOS (see other SOCs for specific oedemas)",1,1,1
US-UKPFIZAH-2010-US-20763,"<a target=""_blank""  href=""/xmlpserver/EVVET3 PW NEW/Subject Area Contents/Public Website/Report (PDF)/AER.xdo?_xpf=&_xpt=1&_params%2FOracle%20BI%20EE%3A%3ADefaultApp%3A%3AEVVET3%20PR%20NEW%2FAER%3A%3Adimension%2FAER%20Id%3A%3Aattribute%3A%3Anoaggr%3A%3Axsd%3Adouble=214595&_xt=AER&_xf=pdf""> AER </a>",2010-08-20 00:00:00,Veterinarian,United States,MALE,Dog,Dog (other),"ATOPICA 10 mg soft capsules for dogs, ATOPICA 100 MG/ML SOLUTION BUVABLE POUR CHATS ET CHIENS, ATOPICA 25 mg CAPSULAS BLANDAS PARA PERROS, ATOPICA 25 mg capsules molles pour chiens, ATOPICA 50 mg capsules molles pour chiens, Atopica 10 mg soft capsules for dogs, Atopica 100 mg soft capsules for dogs, Atopica 100 mg/ml oral solution for cats and dogs, Atopica 25 mg soft capsules for dogs, Atopica 50 mg soft capsules for dogs, Atopica Vet. 50 mg kapseli, pehmeä, Atopica vet., 100 mg, Kapsel, mjuk, Atopica vet., 100 mg, mjuka kapslar, Atopica vet., 50 mg, Kapsel, mjuk, DFV DOXIVET 200 mg/ml, solution for use in drinking water for pigs and chickens, DFV DOXIVET 500 mg/g, powder for use in drinking water for pigs and chickens, Doxycycline 100 mg tablet, voor honden en katten, Doxycycline 15 mg tabletten voor honden en katten, Doxycycline 20% W.O., Doxycycline 20% W.O. poeder voor toediening via drinkwater voor vleeskuikens, Doxycycline 50% WSP, 500 mg/g, prašak za primjenu u vodi za piće/mliječnoj zamjenici, za goveda, svinje i kokoši, Doxycycline 500 mg/kg, poeder voor gebruik in drinkwater voor varken en kip, Doxycycline 75 mg tabletten voor honden, Doxycycline tabletten 20 mg voor honden en katten, Metronidazole VET-AGRO 250 mg tabletten voor honden en katten, Rimadyl vet. 100 mg Tuggtablett, Rimadyl vet. 20 mg Tuggtablett, Rimadyl vet. 50 mg Tuggtablett, Rimadyl vet., 100 mg, Tuggtablett, АМПИЦИЛИН шприц-канюли, Доксициклин 20% водоразтворим прах, Доксициклин 200 водоразтворим прах","Anorexia, Death by euthanasia, Diarrhoea, Fever, Hypersalivation, Oral ulceration, Skin hyperaemia, Swelling around eye (see also Immune system disorders), Weight loss",1,1,1
US-UKPFIZAH-2010-US-21125,"<a target=""_blank""  href=""/xmlpserver/EVVET3 PW NEW/Subject Area Contents/Public Website/Report (PDF)/AER.xdo?_xpf=&_xpt=1&_params%2FOracle%20BI%20EE%3A%3ADefaultApp%3A%3AEVVET3%20PR%20NEW%2FAER%3A%3Adimension%2FAER%20Id%3A%3Aattribute%3A%3Anoaggr%3A%3Axsd%3Adouble=196274&_xt=AER&_xf=pdf""> AER </a>",2010-06-11 00:00:00,Veterinarian,United States,MALE,Dog,Retriever - Labrador,"CEPHALEXIN 180 mg/ml suspenzija za injiciranje, Fuxien vet 1000 mg/g inhalaatiohöyry, neste, ISOFLURANE-Vet 1000 mg/g liquido per inalazione per cani e gatti, ISOFLURIN 1000mg/g ΥΓΡΟ ΓΙΑ ΕΙΣΠΝΕΟΜΕΝΟΥΣ ΑΤΜΟΥΣ, Isoflurane 100% Inhalation Vapour, Liquid, Isoflurane 1000 mg/g Inhalation Vapour, liquid., Rimadyl vet. 100 mg Tuggtablett, Rimadyl vet. 20 mg Tuggtablett, Rimadyl vet. 50 mg Tuggtablett, Rimadyl vet., 100 mg, Tuggtablett, Tramadog 50 mg tablet for dogs","Death, General pain (see other SOCs for specific pain), Lethargy (see also Central nervous system depression in Neurological), Pulmonary disorder NOS, Unable to stand",1,1,1
US-UKPFIZAH-2010-US-21591,"<a target=""_blank""  href=""/xmlpserver/EVVET3 PW NEW/Subject Area Contents/Public Website/Report (PDF)/AER.xdo?_xpf=&_xpt=1&_params%2FOracle%20BI%20EE%3A%3ADefaultApp%3A%3AEVVET3%20PR%20NEW%2FAER%3A%3Adimension%2FAER%20Id%3A%3Aattribute%3A%3Anoaggr%3A%3Axsd%3Adouble=214596&_xt=AER&_xf=pdf""> AER </a>",2010-08-20 00:00:00,Veterinarian,United States,FEMALE,Dog,Retriever - Labrador,"ADVANTIX 400 mg + 2000 mg SOLUCION SPOT-ON PARA PERROS (> 25 kg ≤ 40 kg), ADVANTIX soluţie spot-on pentru câini cu greutatea de la 10 kg până la 25 kg, ADVANTIX soluţie spot-on pentru câini cu greutatea de la 25 kg până la 40 kg, ADVANTIX soluţie spot-on pentru câini cu greutatea de la 4 kg până la 10 kg, ADVANTIX soluţie spot-on pentru câini cu greutatea de peste 40 kg până la 60 kg, ADVANTIX soluţie spot-on pentru câini cu greutatea până la 4 kg, Advantix 100 mg + 500 mg šķīdums pilināšanai suņiem (> 4 kg ≤ 10 kg), Advantix 250 mg + 1250 mg šķīdums pilināšanai suņiem (> 10 kg ≤ 25 kg), Advantix 40 mg + 200 mg šķīdums pilināšanai suņiem (≤ 4 kg), Advantix 400 mg + 2000 mg šķīdums pilināšanai suņiem (> 10 kg ≤ 25 kg), Advantix 600 mg + 3000 mg šķīdums pilināšanai uz ādas suņiem (> 40 kg ≤ 60 kg), Advantix Spot-on solution for dogs over 10 kg up to 25 kg, Advantix Spot-on solution for dogs over 25 kg up to 40 kg, Advantix Spot-on solution for dogs over 4 kg up to 10 kg, Advantix Spot-on solution for dogs over 40 kg to 60 kg, Advantix Spot-on solution for dogs up to 4 kg, Advantix, täpilahus koertele kuni 4 kg, Advantix, täpilahus koertele üle 10 kg kuni 25 kg, Advantix, täpilahus koertele üle 25 kg kuni 40 kg, Advantix, täpilahus koertele üle 4 kg kuni 10 kg, Advantix, täpilahus koertele üle 40 kg kuni 60 kg, Advantix, užlašinamasis tirpalas > 10–25 kg svorio šunims, Advantix, užlašinamasis tirpalas > 25–40 kg svorio šunims, Advantix, užlašinamasis tirpalas > 4-10 kg svorio šunims, Advantix, užlašinamasis tirpalas > 40–60 kg svorio šunims, Advantix, užlašinamasis tirpalas ≤ 4 kg svorio šunims, Cerenia 10 mg/ml  - Solution for injection, Interceptor Flavor 11,5 mg compresse per cani, Interceptor Flavor 11.5 mg tablets for dogs, Interceptor Flavor 2,3 mg tablets for dogs, Interceptor Flavor 23 mg tablets for dogs, Interceptor Flavor 5.75 mg tablets for dogs, Interceptor vet. 11,5 mg tabletter til hund, Rimadyl vet. 100 mg Tuggtablett, Rimadyl vet. 20 mg Tuggtablett, Rimadyl vet. 50 mg Tuggtablett, Rimadyl vet., 100 mg, Tuggtablett","Anorexia, Death by euthanasia, Distension of abdomen, Dry mucous membrane, Elevated liver enzymes NOS, Muscle stiffness, Other abnormal test result NOS, Vomiting, Weight loss",1,1,1
US-UKPFIZAH-2010-US-21786,"<a target=""_blank""  href=""/xmlpserver/EVVET3 PW NEW/Subject Area Contents/Public Website/Report (PDF)/AER.xdo?_xpf=&_xpt=1&_params%2FOracle%20BI%20EE%3A%3ADefaultApp%3A%3AEVVET3%20PR%20NEW%2FAER%3A%3Adimension%2FAER%20Id%3A%3Aattribute%3A%3Anoaggr%3A%3Axsd%3Adouble=201324&_xt=AER&_xf=pdf""> AER </a>",2010-06-25 00:00:00,Veterinarian,United States,MALE,Dog,"Cattle Dog - Australian (blue heeler, red heeler, Queensland cattledog)","CLINDAMYCIN 75 mg tablety, Clindamycin 75mg, Clindamycin, 75mg, Tableta, Metronidazole VET-AGRO 250 mg tabletten voor honden en katten, Rimadyl vet. 100 mg Tuggtablett, Rimadyl vet. 20 mg Tuggtablett, Rimadyl vet. 50 mg Tuggtablett, Rimadyl vet., 100 mg, Tuggtablett","Abnormal stool colouration, Anorexia, Bloody diarrhoea, Colitis, Death, Other abnormal test result NOS",1,1,1
US-UKPFIZAH-2010-US-21826,"<a target=""_blank""  href=""/xmlpserver/EVVET3 PW NEW/Subject Area Contents/Public Website/Report (PDF)/AER.xdo?_xpf=&_xpt=1&_params%2FOracle%20BI%20EE%3A%3ADefaultApp%3A%3AEVVET3%20PR%20NEW%2FAER%3A%3Adimension%2FAER%20Id%3A%3Aattribute%3A%3Anoaggr%3A%3Axsd%3Adouble=201325&_xt=AER&_xf=pdf""> AER </a>",2010-06-25 00:00:00,Animal owner,United States,MALE,Dog,Saint Bernard Dog,"Rimadyl vet. 100 mg Tuggtablett, Rimadyl vet. 20 mg Tuggtablett, Rimadyl vet. 50 mg Tuggtablett, Rimadyl vet., 100 mg, Tuggtablett","Anaemia NOS, Anorexia, Elevated liver enzymes NOS, Hepatitis, Lethargy (see also Central nervous system depression in Neurological), Sudden death, Vomiting",1,1,1
US-UKPFIZAH-2010-US-21982,"<a target=""_blank""  href=""/xmlpserver/EVVET3 PW NEW/Subject Area Contents/Public Website/Report (PDF)/AER.xdo?_xpf=&_xpt=1&_params%2FOracle%20BI%20EE%3A%3ADefaultApp%3A%3AEVVET3%20PR%20NEW%2FAER%3A%3Adimension%2FAER%20Id%3A%3Aattribute%3A%3Anoaggr%3A%3Axsd%3Adouble=196275&_xt=AER&_xf=pdf""> AER </a>",2010-06-11 00:00:00,Veterinarian,United States,MALE,Dog,Terrier - Bull - Staffordshire,"Diazepam 10 mg, tabletten voor honden en katten, Diazepam 2 mg, tabletten voor honden en katten, Diazepam 5 mg, tabletten voor honden en katten, Diazepam 5 mg/ml, oplossing voor injectie voor honden en katten, Rimadyl vet. 100 mg Tuggtablett, Rimadyl vet. 20 mg Tuggtablett, Rimadyl vet. 50 mg Tuggtablett, Rimadyl vet., 100 mg, Tuggtablett, ZIAPAM 5 mg/ml, solution for injection for dogs and cats","Death by euthanasia, Elevated renal parameters, Seizure NOS",1,1,1
US-UKPFIZAH-2010-US-22991,"<a target=""_blank""  href=""/xmlpserver/EVVET3 PW NEW/Subject Area Contents/Public Website/Report (PDF)/AER.xdo?_xpf=&_xpt=1&_params%2FOracle%20BI%20EE%3A%3ADefaultApp%3A%3AEVVET3%20PR%20NEW%2FAER%3A%3Adimension%2FAER%20Id%3A%3Aattribute%3A%3Anoaggr%3A%3Axsd%3Adouble=201326&_xt=AER&_xf=pdf""> AER </a>",2010-06-25 00:00:00,Animal owner,United States,FEMALE,Dog,Retriever - Labrador,"Rimadyl vet. 100 mg Tuggtablett, Rimadyl vet. 20 mg Tuggtablett, Rimadyl vet. 50 mg Tuggtablett, Rimadyl vet., 100 mg, Tuggtablett","Anorexia, Death, Diarrhoea, Dyspnoea, Elevated liver enzymes NOS, Haemorrhage NOS, Jaundice, Lethargy (see also Central nervous system depression in Neurological), Vomiting",1,1,1
US-UKPFIZAH-2010-US-23035,"<a target=""_blank""  href=""/xmlpserver/EVVET3 PW NEW/Subject Area Contents/Public Website/Report (PDF)/AER.xdo?_xpf=&_xpt=1&_params%2FOracle%20BI%20EE%3A%3ADefaultApp%3A%3AEVVET3%20PR%20NEW%2FAER%3A%3Adimension%2FAER%20Id%3A%3Aattribute%3A%3Anoaggr%3A%3Axsd%3Adouble=207519&_xt=AER&_xf=pdf""> AER </a>",2010-08-05 00:00:00,Other health care professional,United States,FEMALE,Dog,Collie - Border,"Dexdomitor 0.1 mg/ml - Solution for injection, Dexdomitor 0.5 mg/ml - Solution for injection, Drontal Plus Tablets, Fuxien vet 1000 mg/g inhalaatiohöyry, neste, ISOFLURANE-Vet 1000 mg/g liquido per inalazione per cani e gatti, ISOFLURIN 1000mg/g ΥΓΡΟ ΓΙΑ ΕΙΣΠΝΕΟΜΕΝΟΥΣ ΑΤΜΟΥΣ, Isoflurane 100% Inhalation Vapour, Liquid, Isoflurane 1000 mg/g Inhalation Vapour, liquid., Rimadyl vet. 100 mg Tuggtablett, Rimadyl vet. 20 mg Tuggtablett, Rimadyl vet. 50 mg Tuggtablett, Rimadyl vet., 100 mg, Tuggtablett, Stronghold 120 mg - Spot-on solution (12% - dogs), Stronghold 15 mg - Spot-on solution (6% - cats and dogs), Stronghold 240 mg - Spot-on solution (12% - dogs), Stronghold 30 mg - Spot-on solution (12% - dogs), Stronghold 360 mg - Spot-on solution (12% - dogs), Stronghold 45 mg - Spot-on solution (6% - cats), Stronghold 60 mg - Spot-on solution (12% - dogs), Stronghold 60 mg - Spot-on solution (6% - cats)","Application site alopecia, Death by euthanasia, Diarrhoea, Faecal incontinence, Haemorrhage NOS, Hind limb ataxia, Hyperglycaemia, Inappetence, Lateral recumbency, Leukocytosis NOS, Localised pain NOS (see other SOCs for specific pain), Pale mucous membrane, Tachycardia, Urinary incontinence, Vascular disorder NOS (see also endocarditis)",1,1,1
US-UKPFIZAH-2010-US-23205,"<a target=""_blank""  href=""/xmlpserver/EVVET3 PW NEW/Subject Area Contents/Public Website/Report (PDF)/AER.xdo?_xpf=&_xpt=1&_params%2FOracle%20BI%20EE%3A%3ADefaultApp%3A%3AEVVET3%20PR%20NEW%2FAER%3A%3Adimension%2FAER%20Id%3A%3Aattribute%3A%3Anoaggr%3A%3Axsd%3Adouble=214597&_xt=AER&_xf=pdf""> AER </a>",2010-08-20 00:00:00,Animal owner,United States,FEMALE,Dog,Crossbred Canine/dog,"Rimadyl vet. 100 mg Tuggtablett, Rimadyl vet. 20 mg Tuggtablett, Rimadyl vet. 50 mg Tuggtablett, Rimadyl vet., 100 mg, Tuggtablett","Anorexia, Death by euthanasia, Dilated pupils, Elevated renal parameters, Eosinophilia, Hemiparesis (weakness L or R side), Hepatopathy, Leukocytosis NOS, Neutrophilia, Other abnormal test result NOS, Recumbency, Slow reflexes, Thrombocytopenia, Vocalisation, Weakness",1,1,1
US-UKPFIZAH-2010-US-23333,"<a target=""_blank""  href=""/xmlpserver/EVVET3 PW NEW/Subject Area Contents/Public Website/Report (PDF)/AER.xdo?_xpf=&_xpt=1&_params%2FOracle%20BI%20EE%3A%3ADefaultApp%3A%3AEVVET3%20PR%20NEW%2FAER%3A%3Adimension%2FAER%20Id%3A%3Aattribute%3A%3Anoaggr%3A%3Axsd%3Adouble=201329&_xt=AER&_xf=pdf""> AER </a>",2010-06-25 00:00:00,Unknown,United States,FEMALE,Dog,Terrier - Bull - Staffordshire,"Atropine 0,1% pro inj., 1 mg/ml oplossing voor injectie voor honden en katten., CEPHALEXIN 180 mg/ml suspenzija za injiciranje, Fuxien vet 1000 mg/g inhalaatiohöyry, neste, ISOFLURANE-Vet 1000 mg/g liquido per inalazione per cani e gatti, ISOFLURIN 1000mg/g ΥΓΡΟ ΓΙΑ ΕΙΣΠΝΕΟΜΕΝΟΥΣ ΑΤΜΟΥΣ, Isoflurane 100% Inhalation Vapour, Liquid, Isoflurane 1000 mg/g Inhalation Vapour, liquid., Metoclopramide hydrochloride 10 mg, tabletten voor honden, Rimadyl vet. 100 mg Tuggtablett, Rimadyl vet. 20 mg Tuggtablett, Rimadyl vet. 50 mg Tuggtablett, Rimadyl vet., 100 mg, Tuggtablett","Cardiac arrest, Death, Digestive tract disorder NOS, Enteritis, Gastritis, Shaking, Vomiting",1,1,1
US-UKPFIZAH-2010-US-23451,"<a target=""_blank""  href=""/xmlpserver/EVVET3 PW NEW/Subject Area Contents/Public Website/Report (PDF)/AER.xdo?_xpf=&_xpt=1&_params%2FOracle%20BI%20EE%3A%3ADefaultApp%3A%3AEVVET3%20PR%20NEW%2FAER%3A%3Adimension%2FAER%20Id%3A%3Aattribute%3A%3Anoaggr%3A%3Axsd%3Adouble=201330&_xt=AER&_xf=pdf""> AER </a>",2010-06-25 00:00:00,Animal owner,United States,MALE,Dog,Boxer (German Boxer),"Rimadyl vet. 100 mg Tuggtablett, Rimadyl vet. 20 mg Tuggtablett, Rimadyl vet. 50 mg Tuggtablett, Rimadyl vet., 100 mg, Tuggtablett",Seizure NOS,1,1,1
US-UKPFIZAH-2010-US-23761,"<a target=""_blank""  href=""/xmlpserver/EVVET3 PW NEW/Subject Area Contents/Public Website/Report (PDF)/AER.xdo?_xpf=&_xpt=1&_params%2FOracle%20BI%20EE%3A%3ADefaultApp%3A%3AEVVET3%20PR%20NEW%2FAER%3A%3Adimension%2FAER%20Id%3A%3Aattribute%3A%3Anoaggr%3A%3Axsd%3Adouble=217470&_xt=AER&_xf=pdf""> AER </a>",2010-08-26 00:00:00,Animal owner,United States,FEMALE,Dog,Crossbred Canine/dog,"DFV DOXIVET 200 mg/ml, solution for use in drinking water for pigs and chickens, DFV DOXIVET 500 mg/g, powder for use in drinking water for pigs and chickens, Doxycycline 100 mg tablet, voor honden en katten, Doxycycline 15 mg tabletten voor honden en katten, Doxycycline 20% W.O., Doxycycline 20% W.O. poeder voor toediening via drinkwater voor vleeskuikens, Doxycycline 50% WSP, 500 mg/g, prašak za primjenu u vodi za piće/mliječnoj zamjenici, za goveda, svinje i kokoši, Doxycycline 500 mg/kg, poeder voor gebruik in drinkwater voor varken en kip, Doxycycline 75 mg tabletten voor honden, Doxycycline tabletten 20 mg voor honden en katten, Prednison 5 mg, tabletten voor honden en katten, Prednison tabletten 5 mg, voor honden en katten, RIMADYL 100 mg COMPRIMIDOS MASTICABLES PARA PERROS, RIMADYL 100 mg comprimate pentru câini, RIMADYL 100 mg, kramtomosios tabletės šunims, RIMADYL 100MG/TAB ΜΑΣΩΜΕΝΟ ΔΙΣΚΙΟ, RIMADYL 20 mg COMPRIMIDOS MASTICABLES PARA PERROS, RIMADYL 20 mg, kramtomosios tabletės šunims, RIMADYL 20MG/TAB ΜΑΣΩΜΕΝΟ ΔΙΣΚΙΟ, RIMADYL 50 mg COMPRIMIDOS MASTICABLES PARA PERROS, RIMADYL 50 mg comprimate pentru câini, RIMADYL 50 mg, kramtomosios tabletės šunims, RIMADYL 50MG/TAB ΜΑΣΩΜΕΝΟ ΔΙΣΚΙΟ, RIMADYL 50mg/ml ενέσιμο διάλυμα για σκύλους και γάτες, RIMADYL CATTLE 50 mg/ml, injekcinis tirpalas galvijams, RIMADYL Cattle 50 mg/ml Solution for Injection, RIMADYL INJECTABLE SOLUTION INJECTABLE POUR CHATS ET CHIENS, RIMADYL Injection 50mg/ml Διαυγές αποστειρωμένο ενέσιμο διάλυμα για σκύλους και γάτες, RIMADYL SMAKELIJKE TABLETTEN 100 mg voor honden, RIMADYL SMAKELIJKE TABLETTEN 50 mg voor honden, RIMADYL VET 50 mg/ml injektioneste, liuos, RIMADYL vet 100 mg purutabletti, RIMADYL vet 20 mg purutabletti, RIMADYL vet 50 mg purutabletti, Rimadyl 100 mg - Kautabletten für Hunde, Rimadyl 100 mg Comprimés Appétents 100 mg Tablet, Rimadyl 100 mg Kautablette für Hunde, Rimadyl 100 mg comprimidos mastigáveis para cães, Rimadyl 100 mg comprimés appétents, 100 mg, comprimés pour chiens, Rimadyl 100 mg okusne, žvečljive tablete za pse, Rimadyl 100 mg tabletes suņiem, Rimadyl 100 mg ízesített tabletta A.U.V., Rimadyl 20 mg - Kautabletten für Hunde, Rimadyl 20 mg Comprimés Appétents 20 mg Comprimé, Rimadyl 20 mg Comprimés Appétents 20 mg Tablet, Rimadyl 20 mg Kautablette für Hunde, Rimadyl 20 mg okusne, žvečljive tablete za pse, Rimadyl 20 mg ízesített tabletta A.U.V., Rimadyl 20 mg таблетки за кучета/Rimadyl 50 mg таблетки за кучета/Rimadyl 100 mg таблетки за кучета, Rimadyl 50 mg - Kautabletten für Hunde, Rimadyl 50 mg Comprimés Appétents 50 mg Tablet, Rimadyl 50 mg Kautablette für Hunde, Rimadyl 50 mg comprimidos mastigáveis para cães, Rimadyl 50 mg comprimés appétents, 50 mg, comprimés pour chiens, Rimadyl 50 mg košļājamās tabletes suņiem, Rimadyl 50 mg okusne, žvečljive tablete za pse, Rimadyl 50 mg ízesített tabletta A.U.V., Rimadyl 50 mg/ml - Injektionslösung für Hunde und Katzen, Rimadyl 50 mg/ml injekčný roztok, Rimadyl 50mg/ml Injektionslösung für Hunde und Katzen, Rimadyl Cattle, 50 mg/mL, otopina za injekciju, za goveda, Rimadyl Iniettabile 50 mg/ml, soluzione iniettabile per cane e gatto., Rimadyl Palatable 100 mg tablety pre psy, Rimadyl Palatable 20 mg tablety pre psy, Rimadyl Palatable 50 mg tablety pre psy, Rimadyl Palatable Tablets 100, Rimadyl Palatable Tablets 100 mg, Rimadyl Palatable Tablets 100 mg tabletes suņiem, Rimadyl Palatable Tablets 20 mg, Rimadyl Palatable Tablets 20 mg tabletes suņiem, Rimadyl Palatable Tablets 50, Rimadyl Palatable Tablets 50 mg, Rimadyl Palatable Tablets 50 mg tabletes suņiem, Rimadyl Palatable Tablets da 100 mg per cani, Rimadyl Palatable Tablets da 20 mg per cani, Rimadyl Palatable Tablets da 50 mg per cani, Rimadyl Palatable, 100mg, Žvýkací tableta, Rimadyl Palatable, 20mg, Žvýkací tableta, Rimadyl Palatable, 50mg, Žvýkací tableta, Rimadyl Solution for Injection for dogs and cats 50 mg/ml, Rimadyl Vet. 100 mg tyggetabletter, Rimadyl Vet. 20 mg tyggetabletter, Rimadyl Vet. 50 mg tyggetabletter, R","Anaemia NOS, Bone and joint disorder NOS, Death by euthanasia, Diarrhoea, Elevated liver enzymes NOS, Epistaxis, Immune mediated haemolytic anaemia, Leukocytosis NOS, Neutropenia, Other abnormal test result NOS, Pale mucous membrane, Purulent rhinitis, Thrombocytopenia, Ulceration NOS",1,1,1
US-UKPFIZAH-2010-US-24005,"<a target=""_blank""  href=""/xmlpserver/EVVET3 PW NEW/Subject Area Contents/Public Website/Report (PDF)/AER.xdo?_xpf=&_xpt=1&_params%2FOracle%20BI%20EE%3A%3ADefaultApp%3A%3AEVVET3%20PR%20NEW%2FAER%3A%3Adimension%2FAER%20Id%3A%3Aattribute%3A%3Anoaggr%3A%3Axsd%3Adouble=239458&_xt=AER&_xf=pdf""> AER </a>",2010-11-04 00:00:00,Veterinarian,United States,FEMALE,Dog,Crossbred Canine/dog,"RIMADYL 100 mg COMPRIMIDOS MASTICABLES PARA PERROS, RIMADYL 100 mg comprimate pentru câini, RIMADYL 100 mg, kramtomosios tabletės šunims, RIMADYL 100MG/TAB ΜΑΣΩΜΕΝΟ ΔΙΣΚΙΟ, RIMADYL 20 mg COMPRIMIDOS MASTICABLES PARA PERROS, RIMADYL 20 mg, kramtomosios tabletės šunims, RIMADYL 20MG/TAB ΜΑΣΩΜΕΝΟ ΔΙΣΚΙΟ, RIMADYL 50 mg COMPRIMIDOS MASTICABLES PARA PERROS, RIMADYL 50 mg comprimate pentru câini, RIMADYL 50 mg, kramtomosios tabletės šunims, RIMADYL 50MG/TAB ΜΑΣΩΜΕΝΟ ΔΙΣΚΙΟ, RIMADYL 50mg/ml ενέσιμο διάλυμα για σκύλους και γάτες, RIMADYL CATTLE 50 mg/ml, injekcinis tirpalas galvijams, RIMADYL Cattle 50 mg/ml Solution for Injection, RIMADYL INJECTABLE SOLUTION INJECTABLE POUR CHATS ET CHIENS, RIMADYL Injection 50mg/ml Διαυγές αποστειρωμένο ενέσιμο διάλυμα για σκύλους και γάτες, RIMADYL SMAKELIJKE TABLETTEN 100 mg voor honden, RIMADYL SMAKELIJKE TABLETTEN 50 mg voor honden, RIMADYL VET 50 mg/ml injektioneste, liuos, RIMADYL vet 100 mg purutabletti, RIMADYL vet 20 mg purutabletti, RIMADYL vet 50 mg purutabletti, Rimadyl 100 mg - Kautabletten für Hunde, Rimadyl 100 mg Comprimés Appétents 100 mg Tablet, Rimadyl 100 mg Kautablette für Hunde, Rimadyl 100 mg comprimidos mastigáveis para cães, Rimadyl 100 mg comprimés appétents, 100 mg, comprimés pour chiens, Rimadyl 100 mg okusne, žvečljive tablete za pse, Rimadyl 100 mg tabletes suņiem, Rimadyl 100 mg ízesített tabletta A.U.V., Rimadyl 20 mg - Kautabletten für Hunde, Rimadyl 20 mg Comprimés Appétents 20 mg Comprimé, Rimadyl 20 mg Comprimés Appétents 20 mg Tablet, Rimadyl 20 mg Kautablette für Hunde, Rimadyl 20 mg okusne, žvečljive tablete za pse, Rimadyl 20 mg ízesített tabletta A.U.V., Rimadyl 20 mg таблетки за кучета/Rimadyl 50 mg таблетки за кучета/Rimadyl 100 mg таблетки за кучета, Rimadyl 50 mg - Kautabletten für Hunde, Rimadyl 50 mg Comprimés Appétents 50 mg Tablet, Rimadyl 50 mg Kautablette für Hunde, Rimadyl 50 mg comprimidos mastigáveis para cães, Rimadyl 50 mg comprimés appétents, 50 mg, comprimés pour chiens, Rimadyl 50 mg košļājamās tabletes suņiem, Rimadyl 50 mg okusne, žvečljive tablete za pse, Rimadyl 50 mg ízesített tabletta A.U.V., Rimadyl 50 mg/ml - Injektionslösung für Hunde und Katzen, Rimadyl 50 mg/ml injekčný roztok, Rimadyl 50mg/ml Injektionslösung für Hunde und Katzen, Rimadyl Cattle, 50 mg/mL, otopina za injekciju, za goveda, Rimadyl Iniettabile 50 mg/ml, soluzione iniettabile per cane e gatto., Rimadyl Palatable 100 mg tablety pre psy, Rimadyl Palatable 20 mg tablety pre psy, Rimadyl Palatable 50 mg tablety pre psy, Rimadyl Palatable Tablets 100, Rimadyl Palatable Tablets 100 mg, Rimadyl Palatable Tablets 100 mg tabletes suņiem, Rimadyl Palatable Tablets 20 mg, Rimadyl Palatable Tablets 20 mg tabletes suņiem, Rimadyl Palatable Tablets 50, Rimadyl Palatable Tablets 50 mg, Rimadyl Palatable Tablets 50 mg tabletes suņiem, Rimadyl Palatable Tablets da 100 mg per cani, Rimadyl Palatable Tablets da 20 mg per cani, Rimadyl Palatable Tablets da 50 mg per cani, Rimadyl Palatable, 100mg, Žvýkací tableta, Rimadyl Palatable, 20mg, Žvýkací tableta, Rimadyl Palatable, 50mg, Žvýkací tableta, Rimadyl Solution for Injection for dogs and cats 50 mg/ml, Rimadyl Vet. 100 mg tyggetabletter, Rimadyl Vet. 20 mg tyggetabletter, Rimadyl Vet. 50 mg tyggetabletter, Rimadyl cattle 50 mg/ml oplossing voor injectie, Rimadyl injectievloeistof, 50 mg/ml voor honden en katten, Rimadyl smakelijke tabletten 100 mg voor honden, Rimadyl smakelijke tabletten 20 mg voor honden, Rimadyl smakelijke tabletten 50 mg voor honden, Rimadyl vet. 100 mg Tuggtablett, Rimadyl vet. 100 mg tyggetabletter, Rimadyl vet. 20 mg Tuggtablett, Rimadyl vet. 20 mg tyggetabletter, Rimadyl vet. 50 mg Tuggtablett, Rimadyl vet. 50 mg tyggetabletter, Rimadyl vet., 100 mg, Tuggtablett, Rimadyl Μασώμενο Δισκίο 100mg για σκύλους, Rimadyl Μασώμενο Δισκίο 20mg για σκύλους, Rimadyl Μασώμενο Δισκίο 50mg για σκύλους, Rimadyl, 100 mg närimistablett koertele, Rimadyl, 20 mg närimistablett koertele, Rimadyl, 50 mg närimistablett koertele, Rim","Abdominal cavity disorder NOS, Anorexia, Death by euthanasia, Intestinal perforation, Lethargy (see also Central nervous system depression in Neurological), Vomiting",1,1,1
US-UKPFIZAH-2010-US-24303,"<a target=""_blank""  href=""/xmlpserver/EVVET3 PW NEW/Subject Area Contents/Public Website/Report (PDF)/AER.xdo?_xpf=&_xpt=1&_params%2FOracle%20BI%20EE%3A%3ADefaultApp%3A%3AEVVET3%20PR%20NEW%2FAER%3A%3Adimension%2FAER%20Id%3A%3Aattribute%3A%3Anoaggr%3A%3Axsd%3Adouble=217473&_xt=AER&_xf=pdf""> AER </a>",2010-08-26 00:00:00,Animal owner,United States,FEMALE,Dog,Retriever - Labrador,"Prednisolone 1% 10 mg/ml Oplossing voor injectie, Prednisolone 2,5% suspensie voor injectie voor honden, Prednisolone 2.5 % Oplossing voor injectie, Proin 15 mg chewable tablets for dogs, Proin 50 mg chewable tablets for dogs, Rimadyl vet. 100 mg Tuggtablett, Rimadyl vet. 20 mg Tuggtablett, Rimadyl vet. 50 mg Tuggtablett, Rimadyl vet., 100 mg, Tuggtablett, SYNULOX (200+50)MG/TAB ΔΙΣΚΙΟ, SYNULOX (40+10)MG/TAB ΔΙΣΚΙΟ, SYNULOX 140 mg/ml + 35 mg/ml suspensión inyectable, SYNULOX 200 mg/50 mg tablety pre psy a mačky, SYNULOX 200/50 mg COMPRIMIDOS APETITOSOS PARA PERROS, SYNULOX 250 COMPRIMES POUR CHIENS, SYNULOX 250 mg, SYNULOX 250 mg kramtomosios tabletės šunims ir katėms, SYNULOX 250 mg tablete za pse in mačke, SYNULOX 250mg, δισκία για σκύλους και γάτες, SYNULOX 40 mg/10 mg tablety pre psy a mačky, SYNULOX 40 mg/ml + 10 mg/ml POLVO PARA GOTAS ORALES EN SUSPENSION, SYNULOX 40/10 MG COMPRIMIDOS APETITOSOS PARA PERROS Y GATOS, SYNULOX 400 mg/100 mg tablety pre psy, SYNULOX 400/100 mg COMPRIMIDOS APETITOSOS PARA PERROS, SYNULOX 50 COMPRIMES POUR CHIENS ET CHATS, SYNULOX 50 mg, SYNULOX 50 mg kramtomosios tabletės šunims ir katėms, SYNULOX 50 mg tablete za pse in mačke, SYNULOX 500 COMPRIMES POUR CHIENS, SYNULOX 500 mg kramtomosios tabletės šunims, SYNULOX 500 mg tablete za pse, SYNULOX 500 mg, kramtomosios tabletės šunims, SYNULOX 500MG/TAB ΔΙΣΚΙΟ, SYNULOX 50mg, δισκία για σκύλους και γάτες, SYNULOX OGIVETTES POUR VEAUX, SYNULOX SUSPENSION INJECTABLE POUR BOVINS, SYNULOX VET 140 mg/ml injektioneste, suspensio koiralle, kissalle ja sialle, SYNULOX suspensão injetável para suínos, bovinos, cães e gatos, SYNULOX vet 200 mg/50 mg tabletti, koiralle ja kissalle, SYNULOX vet 40 mg/10 mg tabletti, koiralle ja kissalle, SYNULOX vet 400 mg/100 mg tabletti, koiralle, SYNULOX, 400/100mg, Tableta, Synulox 250 mg Comprimés Appétents, Synulox 250 mg Smakelijke tabletten, Synulox 250 mg tabletes suņiem un kaķiem, Synulox 250 mg, tabletid koertele ja kassidele, Synulox 250 mg, таблетки за кучета и котки, Synulox 250mg (200 mg/50 mg)  Tabletten für Hunde, Synulox 50 mg Comprimés Appétents, Synulox 50 mg Smakelijke Tabletten, Synulox 50 mg tabletes suņiem un kaķiem, Synulox 50 mg, tabletid koertele ja kassidele, Synulox 50 mg, таблетки за кучета и котки, Synulox 500 mg Bolus 400 mg - 100 mg Omhulde tablet, Synulox 500 mg Comprimés Appétents, Synulox 500 mg Smakelijke Tabletten, Synulox 500 mg tabletes suņiem, Synulox 500 mg, tabletid koertele, Synulox 500mg (400 mg/100 mg) Tabletten für Hunde, Synulox 50mg (40 mg/10 mg) Tabletten für Hunde und Katzen, Synulox Bolus 500 mg, 400 mg + 100 mg comprimés enrobés pour veaux, Synulox Lactating Cow Intramammary suspension., Synulox Tabletki 250 mg, Synulox Tabletki 250 mg (200+50) mg/tablete; tabletes suņiem, Synulox Tabletki 50 mg, Synulox Tabletki 50 mg (40+10) mg/ tablete; tabletes suņiem un kaķiem, Synulox Tabletki 500 mg, Synulox Vet. til hund og kat 200 + 50 mg tabletter, Synulox Vet. til hund og kat 40 + 10 mg tabletter, Synulox Vet. til hund tabletter 400 + 100 mg, Synulox Vet. til kalve 400 + 100 mg tabletter, Synulox comprimidos palatáveis 250 mg para cães e gatos, Synulox comprimidos palatáveis 50 mg para cães e gatos, Synulox comprimidos palatáveis 500 mg para cães, Synulox vet 40 mg/ml jauhe oraalisuspensiota varten koiralle ja kissalle, Synulox vet. 200 mg tabletter for hund og katt, Synulox vet. 200 mg/50 mg Tablett, Synulox vet. 40 mg tabletter for hund og katt, Synulox vet. 40 mg/10 mg Tablett, Synulox vet. 400 mg tabletter for hund, Synulox vet. 400 mg/100 mg Tablett, Synulox, 200/50mg, Tableta, Synulox, 40/10mg, Tableta, Synulox-Kalb 400 mg/100 mg Filmtabletten für Rinder (Kälber)","Anorexia, Death by euthanasia, Elevated renal parameters, Haematuria, Not drinking, Renal failure, Urinary incontinence, Vomiting",1,1,1
US-UKPFIZAH-2010-US-24627,"<a target=""_blank""  href=""/xmlpserver/EVVET3 PW NEW/Subject Area Contents/Public Website/Report (PDF)/AER.xdo?_xpf=&_xpt=1&_params%2FOracle%20BI%20EE%3A%3ADefaultApp%3A%3AEVVET3%20PR%20NEW%2FAER%3A%3Adimension%2FAER%20Id%3A%3Aattribute%3A%3Anoaggr%3A%3Axsd%3Adouble=206194&_xt=AER&_xf=pdf""> AER </a>",2010-07-30 00:00:00,Veterinarian,United States,MALE,Dog,Doberman Pinscher,"Atropine 0,1% pro inj., 1 mg/ml oplossing voor injectie voor honden en katten., Cerenia 10 mg/ml  - Solution for injection, Fuxien vet 1000 mg/g inhalaatiohöyry, neste, ISOFLURANE-Vet 1000 mg/g liquido per inalazione per cani e gatti, ISOFLURIN 1000mg/g ΥΓΡΟ ΓΙΑ ΕΙΣΠΝΕΟΜΕΝΟΥΣ ΑΤΜΟΥΣ, Isoflurane 100% Inhalation Vapour, Liquid, Isoflurane 1000 mg/g Inhalation Vapour, liquid., Ketoprofen 20 mg tabletten voor honden, Ketoprofen 5 mg tabletten voor honden en katten, RIMADYL 100 mg COMPRIMIDOS MASTICABLES PARA PERROS, RIMADYL 100 mg comprimate pentru câini, RIMADYL 100 mg, kramtomosios tabletės šunims, RIMADYL 100MG/TAB ΜΑΣΩΜΕΝΟ ΔΙΣΚΙΟ, RIMADYL 20 mg COMPRIMIDOS MASTICABLES PARA PERROS, RIMADYL 20 mg, kramtomosios tabletės šunims, RIMADYL 20MG/TAB ΜΑΣΩΜΕΝΟ ΔΙΣΚΙΟ, RIMADYL 50 mg COMPRIMIDOS MASTICABLES PARA PERROS, RIMADYL 50 mg comprimate pentru câini, RIMADYL 50 mg, kramtomosios tabletės šunims, RIMADYL 50MG/TAB ΜΑΣΩΜΕΝΟ ΔΙΣΚΙΟ, RIMADYL 50mg/ml ενέσιμο διάλυμα για σκύλους και γάτες, RIMADYL CATTLE 50 mg/ml, injekcinis tirpalas galvijams, RIMADYL Cattle 50 mg/ml Solution for Injection, RIMADYL INJECTABLE SOLUTION INJECTABLE POUR CHATS ET CHIENS, RIMADYL Injection 50mg/ml Διαυγές αποστειρωμένο ενέσιμο διάλυμα για σκύλους και γάτες, RIMADYL SMAKELIJKE TABLETTEN 100 mg voor honden, RIMADYL SMAKELIJKE TABLETTEN 50 mg voor honden, RIMADYL VET 50 mg/ml injektioneste, liuos, RIMADYL vet 100 mg purutabletti, RIMADYL vet 20 mg purutabletti, RIMADYL vet 50 mg purutabletti, Rimadyl 100 mg - Kautabletten für Hunde, Rimadyl 100 mg Comprimés Appétents 100 mg Tablet, Rimadyl 100 mg Kautablette für Hunde, Rimadyl 100 mg comprimidos mastigáveis para cães, Rimadyl 100 mg comprimés appétents, 100 mg, comprimés pour chiens, Rimadyl 100 mg okusne, žvečljive tablete za pse, Rimadyl 100 mg tabletes suņiem, Rimadyl 100 mg ízesített tabletta A.U.V., Rimadyl 20 mg - Kautabletten für Hunde, Rimadyl 20 mg Comprimés Appétents 20 mg Comprimé, Rimadyl 20 mg Comprimés Appétents 20 mg Tablet, Rimadyl 20 mg Kautablette für Hunde, Rimadyl 20 mg okusne, žvečljive tablete za pse, Rimadyl 20 mg ízesített tabletta A.U.V., Rimadyl 20 mg таблетки за кучета/Rimadyl 50 mg таблетки за кучета/Rimadyl 100 mg таблетки за кучета, Rimadyl 50 mg - Kautabletten für Hunde, Rimadyl 50 mg Comprimés Appétents 50 mg Tablet, Rimadyl 50 mg Kautablette für Hunde, Rimadyl 50 mg comprimidos mastigáveis para cães, Rimadyl 50 mg comprimés appétents, 50 mg, comprimés pour chiens, Rimadyl 50 mg košļājamās tabletes suņiem, Rimadyl 50 mg okusne, žvečljive tablete za pse, Rimadyl 50 mg ízesített tabletta A.U.V., Rimadyl 50 mg/ml - Injektionslösung für Hunde und Katzen, Rimadyl 50 mg/ml injekčný roztok, Rimadyl 50mg/ml Injektionslösung für Hunde und Katzen, Rimadyl Cattle, 50 mg/mL, otopina za injekciju, za goveda, Rimadyl Iniettabile 50 mg/ml, soluzione iniettabile per cane e gatto., Rimadyl Palatable 100 mg tablety pre psy, Rimadyl Palatable 20 mg tablety pre psy, Rimadyl Palatable 50 mg tablety pre psy, Rimadyl Palatable Tablets 100, Rimadyl Palatable Tablets 100 mg, Rimadyl Palatable Tablets 100 mg tabletes suņiem, Rimadyl Palatable Tablets 20 mg, Rimadyl Palatable Tablets 20 mg tabletes suņiem, Rimadyl Palatable Tablets 50, Rimadyl Palatable Tablets 50 mg, Rimadyl Palatable Tablets 50 mg tabletes suņiem, Rimadyl Palatable Tablets da 100 mg per cani, Rimadyl Palatable Tablets da 20 mg per cani, Rimadyl Palatable Tablets da 50 mg per cani, Rimadyl Palatable, 100mg, Žvýkací tableta, Rimadyl Palatable, 20mg, Žvýkací tableta, Rimadyl Palatable, 50mg, Žvýkací tableta, Rimadyl Solution for Injection for dogs and cats 50 mg/ml, Rimadyl Vet. 100 mg tyggetabletter, Rimadyl Vet. 20 mg tyggetabletter, Rimadyl Vet. 50 mg tyggetabletter, Rimadyl cattle 50 mg/ml oplossing voor injectie, Rimadyl injectievloeistof, 50 mg/ml voor honden en katten, Rimadyl smakelijke tabletten 100 mg voor honden, Rimadyl smakelijke tabletten 20 mg voor honden, Rimadyl smakelijke tabletten 50 mg voor honden, Rimadyl vet. 100 mg Tug","Ascites, Death by euthanasia, Distension of abdomen, Elevated liver enzymes NOS, Hypoproteinaemia, Other abnormal test result NOS, Vomiting",1,1,1
US-UKPFIZAH-2010-US-24714,"<a target=""_blank""  href=""/xmlpserver/EVVET3 PW NEW/Subject Area Contents/Public Website/Report (PDF)/AER.xdo?_xpf=&_xpt=1&_params%2FOracle%20BI%20EE%3A%3ADefaultApp%3A%3AEVVET3%20PR%20NEW%2FAER%3A%3Adimension%2FAER%20Id%3A%3Aattribute%3A%3Anoaggr%3A%3Axsd%3Adouble=204033&_xt=AER&_xf=pdf""> AER </a>",2010-07-09 00:00:00,Other health care professional,United States,FEMALE,Dog,Crossbred Canine/dog,"Rimadyl vet. 100 mg Tuggtablett, Rimadyl vet. 20 mg Tuggtablett, Rimadyl vet. 50 mg Tuggtablett, Rimadyl vet., 100 mg, Tuggtablett","Ataxia, Panting, Sudden death, Urinary incontinence, Vomiting",1,1,1
US-UKPFIZAH-2010-US-25039,"<a target=""_blank""  href=""/xmlpserver/EVVET3 PW NEW/Subject Area Contents/Public Website/Report (PDF)/AER.xdo?_xpf=&_xpt=1&_params%2FOracle%20BI%20EE%3A%3ADefaultApp%3A%3AEVVET3%20PR%20NEW%2FAER%3A%3Adimension%2FAER%20Id%3A%3Aattribute%3A%3Anoaggr%3A%3Axsd%3Adouble=204034&_xt=AER&_xf=pdf""> AER </a>",2010-07-09 00:00:00,Veterinarian,United States,MALE,Dog,"Dog (other), Hound - Swiss - (Lucerne Hound (Luzerner Laufhund), Schwyz Hound (Schweizer Laufhund), Bernese Hound, Jura Hound)","Ketamin 10 % šķīdums injekcijām suņiem un kaķiem, Ketamin 10%, Ketamin 100 mg/ml, Ketamine 10% oplossing voor injectie voor honden en katten, Ketamine 10% pro inj., oplossing voor injectie voor honden en katten, Ketamine 10% šķīdums injekcijām suņiem un kaķiem, Ketamine 10%, oplossing voor injectie voor honden en katten, Rimadyl vet. 100 mg Tuggtablett, Rimadyl vet. 20 mg Tuggtablett, Rimadyl vet. 50 mg Tuggtablett, Rimadyl vet., 100 mg, Tuggtablett, КЕТАМИН 10 %","Adipsia, Anal sac disorder, Anorexia, Colitis, Death, Other abnormal test result NOS",1,1,1
US-UKPFIZAH-2010-US-25336,"<a target=""_blank""  href=""/xmlpserver/EVVET3 PW NEW/Subject Area Contents/Public Website/Report (PDF)/AER.xdo?_xpf=&_xpt=1&_params%2FOracle%20BI%20EE%3A%3ADefaultApp%3A%3AEVVET3%20PR%20NEW%2FAER%3A%3Adimension%2FAER%20Id%3A%3Aattribute%3A%3Anoaggr%3A%3Axsd%3Adouble=204035&_xt=AER&_xf=pdf""> AER </a>",2010-07-09 00:00:00,Other health care professional,United States,FEMALE,Dog,Newfoundland,"Rimadyl vet. 100 mg Tuggtablett, Rimadyl vet. 20 mg Tuggtablett, Rimadyl vet. 50 mg Tuggtablett, Rimadyl vet., 100 mg, Tuggtablett","Death by euthanasia, Emesis, Gastric perforation",1,1,1
US-UKPFIZAH-2010-US-25419,"<a target=""_blank""  href=""/xmlpserver/EVVET3 PW NEW/Subject Area Contents/Public Website/Report (PDF)/AER.xdo?_xpf=&_xpt=1&_params%2FOracle%20BI%20EE%3A%3ADefaultApp%3A%3AEVVET3%20PR%20NEW%2FAER%3A%3Adimension%2FAER%20Id%3A%3Aattribute%3A%3Anoaggr%3A%3Axsd%3Adouble=205178&_xt=AER&_xf=pdf""> AER </a>",2010-07-23 00:00:00,Veterinarian,United States,FEMALE,Dog,Chihuahua,"Cerenia 10 mg/ml  - Solution for injection, Convenia 80 mg/ml  - Powder and solvent for solution for injection, Metronidazole VET-AGRO 250 mg tabletten voor honden en katten, Rimadyl vet. 100 mg Tuggtablett, Rimadyl vet. 20 mg Tuggtablett, Rimadyl vet. 50 mg Tuggtablett, Rimadyl vet., 100 mg, Tuggtablett, АМПИЦИЛИН шприц-канюли","Anaemia NOS, Death by euthanasia, Depression, Hepatopathy, Hyperglycaemia, Hypothermia, Jaundice, Leukocytosis NOS, Pancreatitis NOS, Renal failure, Seizure NOS",1,1,
US-UKPFIZAH-2010-US-25841,"<a target=""_blank""  href=""/xmlpserver/EVVET3 PW NEW/Subject Area Contents/Public Website/Report (PDF)/AER.xdo?_xpf=&_xpt=1&_params%2FOracle%20BI%20EE%3A%3ADefaultApp%3A%3AEVVET3%20PR%20NEW%2FAER%3A%3Adimension%2FAER%20Id%3A%3Aattribute%3A%3Anoaggr%3A%3Axsd%3Adouble=204335&_xt=AER&_xf=pdf""> AER </a>",2010-07-15 00:00:00,Veterinarian,United States,FEMALE,Dog,Spaniel - Cocker American,"Baytril vet. 15 mg Tablett, Baytril vet. 150 mg Tablett, Baytril vet. 50 mg Tablett, Baytril vet., 150 mg, Tablett, Rimadyl vet. 100 mg Tuggtablett, Rimadyl vet. 20 mg Tuggtablett, Rimadyl vet. 50 mg Tuggtablett, Rimadyl vet., 100 mg, Tuggtablett, SYNULOX (200+50)MG/TAB ΔΙΣΚΙΟ, SYNULOX (40+10)MG/TAB ΔΙΣΚΙΟ, SYNULOX 140 mg/ml + 35 mg/ml suspensión inyectable, SYNULOX 200 mg/50 mg tablety pre psy a mačky, SYNULOX 200/50 mg COMPRIMIDOS APETITOSOS PARA PERROS, SYNULOX 250 COMPRIMES POUR CHIENS, SYNULOX 250 mg, SYNULOX 250 mg kramtomosios tabletės šunims ir katėms, SYNULOX 250 mg tablete za pse in mačke, SYNULOX 250mg, δισκία για σκύλους και γάτες, SYNULOX 40 mg/10 mg tablety pre psy a mačky, SYNULOX 40 mg/ml + 10 mg/ml POLVO PARA GOTAS ORALES EN SUSPENSION, SYNULOX 40/10 MG COMPRIMIDOS APETITOSOS PARA PERROS Y GATOS, SYNULOX 400 mg/100 mg tablety pre psy, SYNULOX 400/100 mg COMPRIMIDOS APETITOSOS PARA PERROS, SYNULOX 50 COMPRIMES POUR CHIENS ET CHATS, SYNULOX 50 mg, SYNULOX 50 mg kramtomosios tabletės šunims ir katėms, SYNULOX 50 mg tablete za pse in mačke, SYNULOX 500 COMPRIMES POUR CHIENS, SYNULOX 500 mg kramtomosios tabletės šunims, SYNULOX 500 mg tablete za pse, SYNULOX 500 mg, kramtomosios tabletės šunims, SYNULOX 500MG/TAB ΔΙΣΚΙΟ, SYNULOX 50mg, δισκία για σκύλους και γάτες, SYNULOX OGIVETTES POUR VEAUX, SYNULOX SUSPENSION INJECTABLE POUR BOVINS, SYNULOX VET 140 mg/ml injektioneste, suspensio koiralle, kissalle ja sialle, SYNULOX suspensão injetável para suínos, bovinos, cães e gatos, SYNULOX vet 200 mg/50 mg tabletti, koiralle ja kissalle, SYNULOX vet 40 mg/10 mg tabletti, koiralle ja kissalle, SYNULOX vet 400 mg/100 mg tabletti, koiralle, SYNULOX, 400/100mg, Tableta, Synulox 250 mg Comprimés Appétents, Synulox 250 mg Smakelijke tabletten, Synulox 250 mg tabletes suņiem un kaķiem, Synulox 250 mg, tabletid koertele ja kassidele, Synulox 250 mg, таблетки за кучета и котки, Synulox 250mg (200 mg/50 mg)  Tabletten für Hunde, Synulox 50 mg Comprimés Appétents, Synulox 50 mg Smakelijke Tabletten, Synulox 50 mg tabletes suņiem un kaķiem, Synulox 50 mg, tabletid koertele ja kassidele, Synulox 50 mg, таблетки за кучета и котки, Synulox 500 mg Bolus 400 mg - 100 mg Omhulde tablet, Synulox 500 mg Comprimés Appétents, Synulox 500 mg Smakelijke Tabletten, Synulox 500 mg tabletes suņiem, Synulox 500 mg, tabletid koertele, Synulox 500mg (400 mg/100 mg) Tabletten für Hunde, Synulox 50mg (40 mg/10 mg) Tabletten für Hunde und Katzen, Synulox Bolus 500 mg, 400 mg + 100 mg comprimés enrobés pour veaux, Synulox Lactating Cow Intramammary suspension., Synulox Tabletki 250 mg, Synulox Tabletki 250 mg (200+50) mg/tablete; tabletes suņiem, Synulox Tabletki 50 mg, Synulox Tabletki 50 mg (40+10) mg/ tablete; tabletes suņiem un kaķiem, Synulox Tabletki 500 mg, Synulox Vet. til hund og kat 200 + 50 mg tabletter, Synulox Vet. til hund og kat 40 + 10 mg tabletter, Synulox Vet. til hund tabletter 400 + 100 mg, Synulox Vet. til kalve 400 + 100 mg tabletter, Synulox comprimidos palatáveis 250 mg para cães e gatos, Synulox comprimidos palatáveis 50 mg para cães e gatos, Synulox comprimidos palatáveis 500 mg para cães, Synulox vet 40 mg/ml jauhe oraalisuspensiota varten koiralle ja kissalle, Synulox vet. 200 mg tabletter for hund og katt, Synulox vet. 200 mg/50 mg Tablett, Synulox vet. 40 mg tabletter for hund og katt, Synulox vet. 40 mg/10 mg Tablett, Synulox vet. 400 mg tabletter for hund, Synulox vet. 400 mg/100 mg Tablett, Synulox, 200/50mg, Tableta, Synulox, 40/10mg, Tableta, Synulox-Kalb 400 mg/100 mg Filmtabletten für Rinder (Kälber), Vanguard Plus Puppy lyofilizát a tekutá zložka na injekčnú suspenziu pre psy, Vanguard Plus Puppy, Lyofilizát a rozpouštědlo pro injekční suspenzi","Death, Immune mediated haemolytic anaemia, Inappetence, Lethargy (see also Central nervous system depression in Neurological), Pulmonary thromboembolism",1,1,1
US-UKPFIZAH-2010-US-25880,"<a target=""_blank""  href=""/xmlpserver/EVVET3 PW NEW/Subject Area Contents/Public Website/Report (PDF)/AER.xdo?_xpf=&_xpt=1&_params%2FOracle%20BI%20EE%3A%3ADefaultApp%3A%3AEVVET3%20PR%20NEW%2FAER%3A%3Adimension%2FAER%20Id%3A%3Aattribute%3A%3Anoaggr%3A%3Axsd%3Adouble=205179&_xt=AER&_xf=pdf""> AER </a>",2010-07-23 00:00:00,Animal owner,United States,FEMALE,Dog,Terrier - English Toy,"Metoclopramide hydrochloride 10 mg, tabletten voor honden, Rimadyl vet. 100 mg Tuggtablett, Rimadyl vet. 20 mg Tuggtablett, Rimadyl vet. 50 mg Tuggtablett, Rimadyl vet., 100 mg, Tuggtablett","Acute renal failure, Ataxia, Death, Elevated renal parameters, Inappetence, Lethargy (see also Central nervous system depression in Neurological), Tarry or black stool (see also haemorrhagic diarrhoea), Vomiting",1,1,1
US-UKPFIZAH-2010-US-26262,"<a target=""_blank""  href=""/xmlpserver/EVVET3 PW NEW/Subject Area Contents/Public Website/Report (PDF)/AER.xdo?_xpf=&_xpt=1&_params%2FOracle%20BI%20EE%3A%3ADefaultApp%3A%3AEVVET3%20PR%20NEW%2FAER%3A%3Adimension%2FAER%20Id%3A%3Aattribute%3A%3Anoaggr%3A%3Axsd%3Adouble=205180&_xt=AER&_xf=pdf""> AER </a>",2010-07-23 00:00:00,Veterinarian,United States,MALE,Dog,Shepherd Dog - German,"Dexdomitor 0.1 mg/ml - Solution for injection, Dexdomitor 0.5 mg/ml - Solution for injection, Rimadyl vet. 100 mg Tuggtablett, Rimadyl vet. 20 mg Tuggtablett, Rimadyl vet. 50 mg Tuggtablett, Rimadyl vet., 100 mg, Tuggtablett","Cardiac disorder NOS, Emesis, Profuse bleeding, Unexplained death",1,1,1
US-UKPFIZAH-2010-US-26554,"<a target=""_blank""  href=""/xmlpserver/EVVET3 PW NEW/Subject Area Contents/Public Website/Report (PDF)/AER.xdo?_xpf=&_xpt=1&_params%2FOracle%20BI%20EE%3A%3ADefaultApp%3A%3AEVVET3%20PR%20NEW%2FAER%3A%3Adimension%2FAER%20Id%3A%3Aattribute%3A%3Anoaggr%3A%3Axsd%3Adouble=205181&_xt=AER&_xf=pdf""> AER </a>",2010-07-23 00:00:00,Veterinarian,United States,FEMALE,Dog,Dalmatian,"Rimadyl vet. 100 mg Tuggtablett, Rimadyl vet. 20 mg Tuggtablett, Rimadyl vet. 50 mg Tuggtablett, Rimadyl vet., 100 mg, Tuggtablett",Sudden death,1,1,1
US-UKPFIZAH-2010-US-26793,"<a target=""_blank""  href=""/xmlpserver/EVVET3 PW NEW/Subject Area Contents/Public Website/Report (PDF)/AER.xdo?_xpf=&_xpt=1&_params%2FOracle%20BI%20EE%3A%3ADefaultApp%3A%3AEVVET3%20PR%20NEW%2FAER%3A%3Adimension%2FAER%20Id%3A%3Aattribute%3A%3Anoaggr%3A%3Axsd%3Adouble=206195&_xt=AER&_xf=pdf""> AER </a>",2010-07-30 00:00:00,Veterinarian,United States,MALE,Dog,Retriever - Golden,"Baytril vet. 15 mg Tablett, Baytril vet. 150 mg Tablett, Baytril vet. 50 mg Tablett, Baytril vet., 150 mg, Tablett, RIMADYL 100 mg COMPRIMIDOS MASTICABLES PARA PERROS, RIMADYL 100 mg comprimate pentru câini, RIMADYL 100 mg, kramtomosios tabletės šunims, RIMADYL 100MG/TAB ΜΑΣΩΜΕΝΟ ΔΙΣΚΙΟ, RIMADYL 20 mg COMPRIMIDOS MASTICABLES PARA PERROS, RIMADYL 20 mg, kramtomosios tabletės šunims, RIMADYL 20MG/TAB ΜΑΣΩΜΕΝΟ ΔΙΣΚΙΟ, RIMADYL 50 mg COMPRIMIDOS MASTICABLES PARA PERROS, RIMADYL 50 mg comprimate pentru câini, RIMADYL 50 mg, kramtomosios tabletės šunims, RIMADYL 50MG/TAB ΜΑΣΩΜΕΝΟ ΔΙΣΚΙΟ, RIMADYL 50mg/ml ενέσιμο διάλυμα για σκύλους και γάτες, RIMADYL CATTLE 50 mg/ml, injekcinis tirpalas galvijams, RIMADYL Cattle 50 mg/ml Solution for Injection, RIMADYL INJECTABLE SOLUTION INJECTABLE POUR CHATS ET CHIENS, RIMADYL Injection 50mg/ml Διαυγές αποστειρωμένο ενέσιμο διάλυμα για σκύλους και γάτες, RIMADYL SMAKELIJKE TABLETTEN 100 mg voor honden, RIMADYL SMAKELIJKE TABLETTEN 50 mg voor honden, RIMADYL VET 50 mg/ml injektioneste, liuos, RIMADYL vet 100 mg purutabletti, RIMADYL vet 20 mg purutabletti, RIMADYL vet 50 mg purutabletti, Rimadyl 100 mg - Kautabletten für Hunde, Rimadyl 100 mg Comprimés Appétents 100 mg Tablet, Rimadyl 100 mg Kautablette für Hunde, Rimadyl 100 mg comprimidos mastigáveis para cães, Rimadyl 100 mg comprimés appétents, 100 mg, comprimés pour chiens, Rimadyl 100 mg okusne, žvečljive tablete za pse, Rimadyl 100 mg tabletes suņiem, Rimadyl 100 mg ízesített tabletta A.U.V., Rimadyl 20 mg - Kautabletten für Hunde, Rimadyl 20 mg Comprimés Appétents 20 mg Comprimé, Rimadyl 20 mg Comprimés Appétents 20 mg Tablet, Rimadyl 20 mg Kautablette für Hunde, Rimadyl 20 mg okusne, žvečljive tablete za pse, Rimadyl 20 mg ízesített tabletta A.U.V., Rimadyl 20 mg таблетки за кучета/Rimadyl 50 mg таблетки за кучета/Rimadyl 100 mg таблетки за кучета, Rimadyl 50 mg - Kautabletten für Hunde, Rimadyl 50 mg Comprimés Appétents 50 mg Tablet, Rimadyl 50 mg Kautablette für Hunde, Rimadyl 50 mg comprimidos mastigáveis para cães, Rimadyl 50 mg comprimés appétents, 50 mg, comprimés pour chiens, Rimadyl 50 mg košļājamās tabletes suņiem, Rimadyl 50 mg okusne, žvečljive tablete za pse, Rimadyl 50 mg ízesített tabletta A.U.V., Rimadyl 50 mg/ml - Injektionslösung für Hunde und Katzen, Rimadyl 50 mg/ml injekčný roztok, Rimadyl 50mg/ml Injektionslösung für Hunde und Katzen, Rimadyl Cattle, 50 mg/mL, otopina za injekciju, za goveda, Rimadyl Iniettabile 50 mg/ml, soluzione iniettabile per cane e gatto., Rimadyl Palatable 100 mg tablety pre psy, Rimadyl Palatable 20 mg tablety pre psy, Rimadyl Palatable 50 mg tablety pre psy, Rimadyl Palatable Tablets 100, Rimadyl Palatable Tablets 100 mg, Rimadyl Palatable Tablets 100 mg tabletes suņiem, Rimadyl Palatable Tablets 20 mg, Rimadyl Palatable Tablets 20 mg tabletes suņiem, Rimadyl Palatable Tablets 50, Rimadyl Palatable Tablets 50 mg, Rimadyl Palatable Tablets 50 mg tabletes suņiem, Rimadyl Palatable Tablets da 100 mg per cani, Rimadyl Palatable Tablets da 20 mg per cani, Rimadyl Palatable Tablets da 50 mg per cani, Rimadyl Palatable, 100mg, Žvýkací tableta, Rimadyl Palatable, 20mg, Žvýkací tableta, Rimadyl Palatable, 50mg, Žvýkací tableta, Rimadyl Solution for Injection for dogs and cats 50 mg/ml, Rimadyl Vet. 100 mg tyggetabletter, Rimadyl Vet. 20 mg tyggetabletter, Rimadyl Vet. 50 mg tyggetabletter, Rimadyl cattle 50 mg/ml oplossing voor injectie, Rimadyl injectievloeistof, 50 mg/ml voor honden en katten, Rimadyl smakelijke tabletten 100 mg voor honden, Rimadyl smakelijke tabletten 20 mg voor honden, Rimadyl smakelijke tabletten 50 mg voor honden, Rimadyl vet. 100 mg Tuggtablett, Rimadyl vet. 100 mg tyggetabletter, Rimadyl vet. 20 mg Tuggtablett, Rimadyl vet. 20 mg tyggetabletter, Rimadyl vet. 50 mg Tuggtablett, Rimadyl vet. 50 mg tyggetabletter, Rimadyl vet., 100 mg, Tuggtablett, Rimadyl Μασώμενο Δισκίο 100mg για σκύλους, Rimadyl Μασώμενο Δισκίο 20mg για σκύλους, Rimadyl Μασώμενο Δισκίο 50mg για σκύλους, Rimadyl,","Chattering of teeth, Death by euthanasia, Dehydration, Elevated renal parameters, Epistaxis, Fever, Hepatopathy, Icterus, Leukocytosis NOS, Lymphadenopathy, Spleen and reticulo-endothelial system disorder NOS, Tongue necrosis, Weight loss",1,1,1
US-UKPFIZAH-2010-US-26869,"<a target=""_blank""  href=""/xmlpserver/EVVET3 PW NEW/Subject Area Contents/Public Website/Report (PDF)/AER.xdo?_xpf=&_xpt=1&_params%2FOracle%20BI%20EE%3A%3ADefaultApp%3A%3AEVVET3%20PR%20NEW%2FAER%3A%3Adimension%2FAER%20Id%3A%3Aattribute%3A%3Anoaggr%3A%3Axsd%3Adouble=207520&_xt=AER&_xf=pdf""> AER </a>",2010-08-05 00:00:00,Veterinarian,United States,FEMALE,Dog,Retriever - Labrador,"Rimadyl vet. 100 mg Tuggtablett, Rimadyl vet. 20 mg Tuggtablett, Rimadyl vet. 50 mg Tuggtablett, Rimadyl vet., 100 mg, Tuggtablett","Anorexia, Death, Elevated renal parameters, Hepatopathy, Icterus, Other abnormal test result NOS, Vomiting, Weight loss",1,1,1
US-UKPFIZAH-2010-US-27088,"<a target=""_blank""  href=""/xmlpserver/EVVET3 PW NEW/Subject Area Contents/Public Website/Report (PDF)/AER.xdo?_xpf=&_xpt=1&_params%2FOracle%20BI%20EE%3A%3ADefaultApp%3A%3AEVVET3%20PR%20NEW%2FAER%3A%3Adimension%2FAER%20Id%3A%3Aattribute%3A%3Anoaggr%3A%3Axsd%3Adouble=206203&_xt=AER&_xf=pdf""> AER </a>",2010-07-30 00:00:00,Animal owner,United States,FEMALE,Dog,Retriever - Golden,"DFV DOXIVET 200 mg/ml, solution for use in drinking water for pigs and chickens, DFV DOXIVET 500 mg/g, powder for use in drinking water for pigs and chickens, Doxycycline 100 mg tablet, voor honden en katten, Doxycycline 15 mg tabletten voor honden en katten, Doxycycline 20% W.O., Doxycycline 20% W.O. poeder voor toediening via drinkwater voor vleeskuikens, Doxycycline 50% WSP, 500 mg/g, prašak za primjenu u vodi za piće/mliječnoj zamjenici, za goveda, svinje i kokoši, Doxycycline 500 mg/kg, poeder voor gebruik in drinkwater voor varken en kip, Doxycycline 75 mg tabletten voor honden, Doxycycline tabletten 20 mg voor honden en katten, Levothyroxine Livisto 200 mcg tabletten voor honden en katten, Levothyroxine Vet-Agro 200 microgram tabletten voor honden en katten, Rimadyl vet. 100 mg Tuggtablett, Rimadyl vet. 20 mg Tuggtablett, Rimadyl vet. 50 mg Tuggtablett, Rimadyl vet., 100 mg, Tuggtablett, Доксициклин 20% водоразтворим прах, Доксициклин 200 водоразтворим прах","Anaemia NOS, Death, Distension of abdomen, Elevated liver enzymes NOS, Hepatomegaly, Inappetence, Jaundice, Lethargy (see also Central nervous system depression in Neurological), Other abnormal test result NOS, Renal disorder NOS, Tarry or black stool (see also haemorrhagic diarrhoea), Thrombocytopenia, Vomiting, Weight loss",1,1,1
US-UKPFIZAH-2010-US-27179,"<a target=""_blank""  href=""/xmlpserver/EVVET3 PW NEW/Subject Area Contents/Public Website/Report (PDF)/AER.xdo?_xpf=&_xpt=1&_params%2FOracle%20BI%20EE%3A%3ADefaultApp%3A%3AEVVET3%20PR%20NEW%2FAER%3A%3Adimension%2FAER%20Id%3A%3Aattribute%3A%3Anoaggr%3A%3Axsd%3Adouble=206204&_xt=AER&_xf=pdf""> AER </a>",2010-07-30 00:00:00,Animal owner,United States,FEMALE,Dog,Mastiff,"Rimadyl vet. 100 mg Tuggtablett, Rimadyl vet. 20 mg Tuggtablett, Rimadyl vet. 50 mg Tuggtablett, Rimadyl vet., 100 mg, Tuggtablett, Vanguard Plus 5 vakcina A.U.V., Vanguard Plus 5, liofilizat i rozpuszczalnik do sporządzania zawiesiny do wstrzykiwań dla psów","Liver disorder NOS, Low platelet count, Neurological signs NOS, Oral bleeding, Other abnormal test result NOS, Sudden death",1,1,1
US-UKPFIZAH-2010-US-27563,"<a target=""_blank""  href=""/xmlpserver/EVVET3 PW NEW/Subject Area Contents/Public Website/Report (PDF)/AER.xdo?_xpf=&_xpt=1&_params%2FOracle%20BI%20EE%3A%3ADefaultApp%3A%3AEVVET3%20PR%20NEW%2FAER%3A%3Adimension%2FAER%20Id%3A%3Aattribute%3A%3Anoaggr%3A%3Axsd%3Adouble=231292&_xt=AER&_xf=pdf""> AER </a>",2010-10-07 00:00:00,Animal owner,United States,MALE,Dog,Terrier - Yorkshire,"Rimadyl vet. 100 mg Tuggtablett, Rimadyl vet. 20 mg Tuggtablett, Rimadyl vet. 50 mg Tuggtablett, Rimadyl vet., 100 mg, Tuggtablett","Ataxia, Bloody diarrhoea, Death by euthanasia, Diarrhoea, Elevated renal parameters, Haematochezia, Lethargy (see also Central nervous system depression in Neurological), Tarry or black stool (see also haemorrhagic diarrhoea), Vomiting",1,1,1
US-UKPFIZAH-2010-US-27681,"<a target=""_blank""  href=""/xmlpserver/EVVET3 PW NEW/Subject Area Contents/Public Website/Report (PDF)/AER.xdo?_xpf=&_xpt=1&_params%2FOracle%20BI%20EE%3A%3ADefaultApp%3A%3AEVVET3%20PR%20NEW%2FAER%3A%3Adimension%2FAER%20Id%3A%3Aattribute%3A%3Anoaggr%3A%3Axsd%3Adouble=205182&_xt=AER&_xf=pdf""> AER </a>",2010-07-23 00:00:00,Veterinarian,United States,FEMALE,Dog,Siberian Husky,"Rimadyl vet. 100 mg Tuggtablett, Rimadyl vet. 20 mg Tuggtablett, Rimadyl vet. 50 mg Tuggtablett, Rimadyl vet., 100 mg, Tuggtablett","Ascites, Death, Dehydration, Diarrhoea, Elevated liver enzymes NOS, Elevated renal parameters, Emesis, Hypoglycaemia, Hypoproteinaemia, Hypothyroidism, Lethargy (see also Central nervous system depression in Neurological), Weight loss",1,1,1
US-UKPFIZAH-2010-US-27727,"<a target=""_blank""  href=""/xmlpserver/EVVET3 PW NEW/Subject Area Contents/Public Website/Report (PDF)/AER.xdo?_xpf=&_xpt=1&_params%2FOracle%20BI%20EE%3A%3ADefaultApp%3A%3AEVVET3%20PR%20NEW%2FAER%3A%3Adimension%2FAER%20Id%3A%3Aattribute%3A%3Anoaggr%3A%3Axsd%3Adouble=206206&_xt=AER&_xf=pdf""> AER </a>",2010-07-30 00:00:00,Veterinarian,United States,MALE,Dog,Retriever - Labrador,"Rimadyl vet. 100 mg Tuggtablett, Rimadyl vet. 20 mg Tuggtablett, Rimadyl vet. 50 mg Tuggtablett, Rimadyl vet., 100 mg, Tuggtablett","Blood and lymphatic system disorder NOS, Death by euthanasia, Lateral recumbency, Neurological signs NOS, Respiratory tract neoplasm NOS, Weakness",1,1,1
US-UKPFIZAH-2010-US-28017,"<a target=""_blank""  href=""/xmlpserver/EVVET3 PW NEW/Subject Area Contents/Public Website/Report (PDF)/AER.xdo?_xpf=&_xpt=1&_params%2FOracle%20BI%20EE%3A%3ADefaultApp%3A%3AEVVET3%20PR%20NEW%2FAER%3A%3Adimension%2FAER%20Id%3A%3Aattribute%3A%3Anoaggr%3A%3Axsd%3Adouble=206207&_xt=AER&_xf=pdf""> AER </a>",2010-07-30 00:00:00,Animal owner,United States,MALE,Dog,Schnauzer (unspecified),"Rimadyl vet. 100 mg Tuggtablett, Rimadyl vet. 20 mg Tuggtablett, Rimadyl vet. 50 mg Tuggtablett, Rimadyl vet., 100 mg, Tuggtablett","Anorexia, Death, Lethargy (see also Central nervous system depression in Neurological), Pneumonia, Vomiting",1,1,1
US-UKPFIZAH-2010-US-28260,"<a target=""_blank""  href=""/xmlpserver/EVVET3 PW NEW/Subject Area Contents/Public Website/Report (PDF)/AER.xdo?_xpf=&_xpt=1&_params%2FOracle%20BI%20EE%3A%3ADefaultApp%3A%3AEVVET3%20PR%20NEW%2FAER%3A%3Adimension%2FAER%20Id%3A%3Aattribute%3A%3Anoaggr%3A%3Axsd%3Adouble=206208&_xt=AER&_xf=pdf""> AER </a>",2010-07-30 00:00:00,Animal owner,United States,FEMALE,Dog,Retriever - Labrador,"Rimadyl vet. 100 mg Tuggtablett, Rimadyl vet. 20 mg Tuggtablett, Rimadyl vet. 50 mg Tuggtablett, Rimadyl vet., 100 mg, Tuggtablett","Death by euthanasia, Limping, Vomiting",1,1,1
US-UKPFIZAH-2010-US-28347,"<a target=""_blank""  href=""/xmlpserver/EVVET3 PW NEW/Subject Area Contents/Public Website/Report (PDF)/AER.xdo?_xpf=&_xpt=1&_params%2FOracle%20BI%20EE%3A%3ADefaultApp%3A%3AEVVET3%20PR%20NEW%2FAER%3A%3Adimension%2FAER%20Id%3A%3Aattribute%3A%3Anoaggr%3A%3Axsd%3Adouble=217475&_xt=AER&_xf=pdf""> AER </a>",2010-08-26 00:00:00,Veterinarian,United States,FEMALE,Dog,Crossbred Canine/dog,"Fuxien vet 1000 mg/g inhalaatiohöyry, neste, ISOFLURANE-Vet 1000 mg/g liquido per inalazione per cani e gatti, ISOFLURIN 1000mg/g ΥΓΡΟ ΓΙΑ ΕΙΣΠΝΕΟΜΕΝΟΥΣ ΑΤΜΟΥΣ, Isoflurane 100% Inhalation Vapour, Liquid, Isoflurane 1000 mg/g Inhalation Vapour, liquid., Ketamin 10 % šķīdums injekcijām suņiem un kaķiem, Ketamin 10%, Ketamin 100 mg/ml, Ketamine 10% oplossing voor injectie voor honden en katten, Ketamine 10% pro inj., oplossing voor injectie voor honden en katten, Ketamine 10% šķīdums injekcijām suņiem un kaķiem, Ketamine 10%, oplossing voor injectie voor honden en katten, Rimadyl vet. 100 mg Tuggtablett, Rimadyl vet. 20 mg Tuggtablett, Rimadyl vet. 50 mg Tuggtablett, Rimadyl vet., 100 mg, Tuggtablett, SYNULOX (200+50)MG/TAB ΔΙΣΚΙΟ, SYNULOX (40+10)MG/TAB ΔΙΣΚΙΟ, SYNULOX 140 mg/ml + 35 mg/ml suspensión inyectable, SYNULOX 200 mg/50 mg tablety pre psy a mačky, SYNULOX 200/50 mg COMPRIMIDOS APETITOSOS PARA PERROS, SYNULOX 250 COMPRIMES POUR CHIENS, SYNULOX 250 mg, SYNULOX 250 mg kramtomosios tabletės šunims ir katėms, SYNULOX 250 mg tablete za pse in mačke, SYNULOX 250mg, δισκία για σκύλους και γάτες, SYNULOX 40 mg/10 mg tablety pre psy a mačky, SYNULOX 40 mg/ml + 10 mg/ml POLVO PARA GOTAS ORALES EN SUSPENSION, SYNULOX 40/10 MG COMPRIMIDOS APETITOSOS PARA PERROS Y GATOS, SYNULOX 400 mg/100 mg tablety pre psy, SYNULOX 400/100 mg COMPRIMIDOS APETITOSOS PARA PERROS, SYNULOX 50 COMPRIMES POUR CHIENS ET CHATS, SYNULOX 50 mg, SYNULOX 50 mg kramtomosios tabletės šunims ir katėms, SYNULOX 50 mg tablete za pse in mačke, SYNULOX 500 COMPRIMES POUR CHIENS, SYNULOX 500 mg kramtomosios tabletės šunims, SYNULOX 500 mg tablete za pse, SYNULOX 500 mg, kramtomosios tabletės šunims, SYNULOX 500MG/TAB ΔΙΣΚΙΟ, SYNULOX 50mg, δισκία για σκύλους και γάτες, SYNULOX OGIVETTES POUR VEAUX, SYNULOX SUSPENSION INJECTABLE POUR BOVINS, SYNULOX VET 140 mg/ml injektioneste, suspensio koiralle, kissalle ja sialle, SYNULOX suspensão injetável para suínos, bovinos, cães e gatos, SYNULOX vet 200 mg/50 mg tabletti, koiralle ja kissalle, SYNULOX vet 40 mg/10 mg tabletti, koiralle ja kissalle, SYNULOX vet 400 mg/100 mg tabletti, koiralle, SYNULOX, 400/100mg, Tableta, Synulox 250 mg Comprimés Appétents, Synulox 250 mg Smakelijke tabletten, Synulox 250 mg tabletes suņiem un kaķiem, Synulox 250 mg, tabletid koertele ja kassidele, Synulox 250 mg, таблетки за кучета и котки, Synulox 250mg (200 mg/50 mg)  Tabletten für Hunde, Synulox 50 mg Comprimés Appétents, Synulox 50 mg Smakelijke Tabletten, Synulox 50 mg tabletes suņiem un kaķiem, Synulox 50 mg, tabletid koertele ja kassidele, Synulox 50 mg, таблетки за кучета и котки, Synulox 500 mg Bolus 400 mg - 100 mg Omhulde tablet, Synulox 500 mg Comprimés Appétents, Synulox 500 mg Smakelijke Tabletten, Synulox 500 mg tabletes suņiem, Synulox 500 mg, tabletid koertele, Synulox 500mg (400 mg/100 mg) Tabletten für Hunde, Synulox 50mg (40 mg/10 mg) Tabletten für Hunde und Katzen, Synulox Bolus 500 mg, 400 mg + 100 mg comprimés enrobés pour veaux, Synulox Lactating Cow Intramammary suspension., Synulox Tabletki 250 mg, Synulox Tabletki 250 mg (200+50) mg/tablete; tabletes suņiem, Synulox Tabletki 50 mg, Synulox Tabletki 50 mg (40+10) mg/ tablete; tabletes suņiem un kaķiem, Synulox Tabletki 500 mg, Synulox Vet. til hund og kat 200 + 50 mg tabletter, Synulox Vet. til hund og kat 40 + 10 mg tabletter, Synulox Vet. til hund tabletter 400 + 100 mg, Synulox Vet. til kalve 400 + 100 mg tabletter, Synulox comprimidos palatáveis 250 mg para cães e gatos, Synulox comprimidos palatáveis 50 mg para cães e gatos, Synulox comprimidos palatáveis 500 mg para cães, Synulox vet 40 mg/ml jauhe oraalisuspensiota varten koiralle ja kissalle, Synulox vet. 200 mg tabletter for hund og katt, Synulox vet. 200 mg/50 mg Tablett, Synulox vet. 40 mg tabletter for hund og katt, Synulox vet. 40 mg/10 mg Tablett, Synulox vet. 400 mg tabletter for hund, Synulox vet. 400 mg/100 mg Tablett, Synulox, 200/50mg, Tableta, Synulox, 40/10mg, Tableta, Synulox-Kalb 400 mg/100 mg F","Abdominal pain, Ataxia, Death, Decreased appetite, Elevated liver enzymes NOS, Fever, Inappetence, Lameness, Lateral recumbency, Lethargy (see also Central nervous system depression in Neurological), Other abnormal test result NOS, Urinary incontinence",1,1,1
US-UKPFIZAH-2010-US-28408,"<a target=""_blank""  href=""/xmlpserver/EVVET3 PW NEW/Subject Area Contents/Public Website/Report (PDF)/AER.xdo?_xpf=&_xpt=1&_params%2FOracle%20BI%20EE%3A%3ADefaultApp%3A%3AEVVET3%20PR%20NEW%2FAER%3A%3Adimension%2FAER%20Id%3A%3Aattribute%3A%3Anoaggr%3A%3Axsd%3Adouble=223564&_xt=AER&_xf=pdf""> AER </a>",2010-09-09 00:00:00,Animal owner,United States,MALE,Dog,Retriever - Labrador,"Cerenia 10 mg/ml  - Solution for injection, Metoclopramide hydrochloride 10 mg, tabletten voor honden, Rimadyl vet. 100 mg Tuggtablett, Rimadyl vet. 20 mg Tuggtablett, Rimadyl vet. 50 mg Tuggtablett, Rimadyl vet., 100 mg, Tuggtablett, АМПИЦИЛИН шприц-канюли","Adipsia, Anaemia NOS, Anorexia, Blood in vomit, Death by euthanasia, Dehydration, Haematochezia, Hepatopathy, Hypothyroidism, Jaundice, Lethargy (see also Central nervous system depression in Neurological), Other abnormal test result NOS, Tarry or black stool (see also haemorrhagic diarrhoea), Weight loss",1,1,1
US-UKPFIZAH-2010-US-28533,"<a target=""_blank""  href=""/xmlpserver/EVVET3 PW NEW/Subject Area Contents/Public Website/Report (PDF)/AER.xdo?_xpf=&_xpt=1&_params%2FOracle%20BI%20EE%3A%3ADefaultApp%3A%3AEVVET3%20PR%20NEW%2FAER%3A%3Adimension%2FAER%20Id%3A%3Aattribute%3A%3Anoaggr%3A%3Axsd%3Adouble=207523&_xt=AER&_xf=pdf""> AER </a>",2010-08-05 00:00:00,Animal owner,United States,FEMALE,Dog,Retriever - Labrador,"Rimadyl vet. 100 mg Tuggtablett, Rimadyl vet. 20 mg Tuggtablett, Rimadyl vet. 50 mg Tuggtablett, Rimadyl vet., 100 mg, Tuggtablett","Anorexia, Inappetence, Lethargy (see also Central nervous system depression in Neurological), Limb weakness, Muscle wasting, Vomiting",1,1,1
US-UKPFIZAH-2010-US-28616,"<a target=""_blank""  href=""/xmlpserver/EVVET3 PW NEW/Subject Area Contents/Public Website/Report (PDF)/AER.xdo?_xpf=&_xpt=1&_params%2FOracle%20BI%20EE%3A%3ADefaultApp%3A%3AEVVET3%20PR%20NEW%2FAER%3A%3Adimension%2FAER%20Id%3A%3Aattribute%3A%3Anoaggr%3A%3Axsd%3Adouble=214581&_xt=AER&_xf=pdf""> AER </a>",2010-08-20 00:00:00,Animal owner,United States,FEMALE,Dog,Akita,"Cerenia 10 mg/ml  - Solution for injection, Rimadyl vet. 100 mg Tuggtablett, Rimadyl vet. 20 mg Tuggtablett, Rimadyl vet. 50 mg Tuggtablett, Rimadyl vet., 100 mg, Tuggtablett, SYNULOX (200+50)MG/TAB ΔΙΣΚΙΟ, SYNULOX (40+10)MG/TAB ΔΙΣΚΙΟ, SYNULOX 140 mg/ml + 35 mg/ml suspensión inyectable, SYNULOX 200 mg/50 mg tablety pre psy a mačky, SYNULOX 200/50 mg COMPRIMIDOS APETITOSOS PARA PERROS, SYNULOX 250 COMPRIMES POUR CHIENS, SYNULOX 250 mg, SYNULOX 250 mg kramtomosios tabletės šunims ir katėms, SYNULOX 250 mg tablete za pse in mačke, SYNULOX 250mg, δισκία για σκύλους και γάτες, SYNULOX 40 mg/10 mg tablety pre psy a mačky, SYNULOX 40 mg/ml + 10 mg/ml POLVO PARA GOTAS ORALES EN SUSPENSION, SYNULOX 40/10 MG COMPRIMIDOS APETITOSOS PARA PERROS Y GATOS, SYNULOX 400 mg/100 mg tablety pre psy, SYNULOX 400/100 mg COMPRIMIDOS APETITOSOS PARA PERROS, SYNULOX 50 COMPRIMES POUR CHIENS ET CHATS, SYNULOX 50 mg, SYNULOX 50 mg kramtomosios tabletės šunims ir katėms, SYNULOX 50 mg tablete za pse in mačke, SYNULOX 500 COMPRIMES POUR CHIENS, SYNULOX 500 mg kramtomosios tabletės šunims, SYNULOX 500 mg tablete za pse, SYNULOX 500 mg, kramtomosios tabletės šunims, SYNULOX 500MG/TAB ΔΙΣΚΙΟ, SYNULOX 50mg, δισκία για σκύλους και γάτες, SYNULOX OGIVETTES POUR VEAUX, SYNULOX SUSPENSION INJECTABLE POUR BOVINS, SYNULOX VET 140 mg/ml injektioneste, suspensio koiralle, kissalle ja sialle, SYNULOX suspensão injetável para suínos, bovinos, cães e gatos, SYNULOX vet 200 mg/50 mg tabletti, koiralle ja kissalle, SYNULOX vet 40 mg/10 mg tabletti, koiralle ja kissalle, SYNULOX vet 400 mg/100 mg tabletti, koiralle, SYNULOX, 400/100mg, Tableta, Synulox 250 mg Comprimés Appétents, Synulox 250 mg Smakelijke tabletten, Synulox 250 mg tabletes suņiem un kaķiem, Synulox 250 mg, tabletid koertele ja kassidele, Synulox 250 mg, таблетки за кучета и котки, Synulox 250mg (200 mg/50 mg)  Tabletten für Hunde, Synulox 50 mg Comprimés Appétents, Synulox 50 mg Smakelijke Tabletten, Synulox 50 mg tabletes suņiem un kaķiem, Synulox 50 mg, tabletid koertele ja kassidele, Synulox 50 mg, таблетки за кучета и котки, Synulox 500 mg Bolus 400 mg - 100 mg Omhulde tablet, Synulox 500 mg Comprimés Appétents, Synulox 500 mg Smakelijke Tabletten, Synulox 500 mg tabletes suņiem, Synulox 500 mg, tabletid koertele, Synulox 500mg (400 mg/100 mg) Tabletten für Hunde, Synulox 50mg (40 mg/10 mg) Tabletten für Hunde und Katzen, Synulox Bolus 500 mg, 400 mg + 100 mg comprimés enrobés pour veaux, Synulox Lactating Cow Intramammary suspension., Synulox Tabletki 250 mg, Synulox Tabletki 250 mg (200+50) mg/tablete; tabletes suņiem, Synulox Tabletki 50 mg, Synulox Tabletki 50 mg (40+10) mg/ tablete; tabletes suņiem un kaķiem, Synulox Tabletki 500 mg, Synulox Vet. til hund og kat 200 + 50 mg tabletter, Synulox Vet. til hund og kat 40 + 10 mg tabletter, Synulox Vet. til hund tabletter 400 + 100 mg, Synulox Vet. til kalve 400 + 100 mg tabletter, Synulox comprimidos palatáveis 250 mg para cães e gatos, Synulox comprimidos palatáveis 50 mg para cães e gatos, Synulox comprimidos palatáveis 500 mg para cães, Synulox vet 40 mg/ml jauhe oraalisuspensiota varten koiralle ja kissalle, Synulox vet. 200 mg tabletter for hund og katt, Synulox vet. 200 mg/50 mg Tablett, Synulox vet. 40 mg tabletter for hund og katt, Synulox vet. 40 mg/10 mg Tablett, Synulox vet. 400 mg tabletter for hund, Synulox vet. 400 mg/100 mg Tablett, Synulox, 200/50mg, Tableta, Synulox, 40/10mg, Tableta, Synulox-Kalb 400 mg/100 mg Filmtabletten für Rinder (Kälber), Tramadog 50 mg tablet for dogs","Anorexia, Blood in faeces, Death by euthanasia, Decreased appetite, Elevated total bilirubin, Liver tumour, Regenerative anaemia, Splenic neoplasm NOS, Vomiting",1,1,1
US-UKPFIZAH-2010-US-28898,"<a target=""_blank""  href=""/xmlpserver/EVVET3 PW NEW/Subject Area Contents/Public Website/Report (PDF)/AER.xdo?_xpf=&_xpt=1&_params%2FOracle%20BI%20EE%3A%3ADefaultApp%3A%3AEVVET3%20PR%20NEW%2FAER%3A%3Adimension%2FAER%20Id%3A%3Aattribute%3A%3Anoaggr%3A%3Axsd%3Adouble=223565&_xt=AER&_xf=pdf""> AER </a>",2010-09-09 00:00:00,Veterinarian,United States,MALE,Dog,Retriever - Labrador,"Baytril vet. 15 mg Tablett, Baytril vet. 150 mg Tablett, Baytril vet. 50 mg Tablett, Baytril vet., 150 mg, Tablett, Rimadyl vet. 100 mg Tuggtablett, Rimadyl vet. 20 mg Tuggtablett, Rimadyl vet. 50 mg Tuggtablett, Rimadyl vet., 100 mg, Tuggtablett","Anorexia, Death by euthanasia, Hepatopathy, Icterus, Lethargy (see also Central nervous system depression in Neurological), Leukocytosis NOS, Neutrophilia",1,1,1
US-UKPFIZAH-2010-US-28938,"<a target=""_blank""  href=""/xmlpserver/EVVET3 PW NEW/Subject Area Contents/Public Website/Report (PDF)/AER.xdo?_xpf=&_xpt=1&_params%2FOracle%20BI%20EE%3A%3ADefaultApp%3A%3AEVVET3%20PR%20NEW%2FAER%3A%3Adimension%2FAER%20Id%3A%3Aattribute%3A%3Anoaggr%3A%3Axsd%3Adouble=214599&_xt=AER&_xf=pdf""> AER </a>",2010-08-20 00:00:00,Veterinarian,United States,MALE,Dog,Siberian Husky,"Rimadyl vet. 100 mg Tuggtablett, Rimadyl vet. 20 mg Tuggtablett, Rimadyl vet. 50 mg Tuggtablett, Rimadyl vet., 100 mg, Tuggtablett, АМПИЦИЛИН шприц-канюли","Abnormal pupil light reflex, Anorexia, Blood in urine, Bradycardia, Death by euthanasia, Depression, Diarrhoea, Elevated renal parameters, Emesis, Hepatopathy, Icterus, Musculoskeletal disorder NOS, Neurological signs NOS, Other abnormal test result NOS, Seizure NOS, Systemic disorder NOS, Tachypnoea, Wheezing",1,1,1
US-UKPFIZAH-2010-US-29265,"<a target=""_blank""  href=""/xmlpserver/EVVET3 PW NEW/Subject Area Contents/Public Website/Report (PDF)/AER.xdo?_xpf=&_xpt=1&_params%2FOracle%20BI%20EE%3A%3ADefaultApp%3A%3AEVVET3%20PR%20NEW%2FAER%3A%3Adimension%2FAER%20Id%3A%3Aattribute%3A%3Anoaggr%3A%3Axsd%3Adouble=214600&_xt=AER&_xf=pdf""> AER </a>",2010-08-20 00:00:00,Animal owner,United States,FEMALE,Dog,Shepherd Dog - German,"Rimadyl vet. 100 mg Tuggtablett, Rimadyl vet. 20 mg Tuggtablett, Rimadyl vet. 50 mg Tuggtablett, Rimadyl vet., 100 mg, Tuggtablett, Tramadog 50 mg tablet for dogs","Anorexia, Death by euthanasia, Diarrhoea, Distension of abdomen, Fluid in abdomen NOS, Incoordination, Vomiting",1,1,1
US-UKPFIZAH-2010-US-29371,"<a target=""_blank""  href=""/xmlpserver/EVVET3 PW NEW/Subject Area Contents/Public Website/Report (PDF)/AER.xdo?_xpf=&_xpt=1&_params%2FOracle%20BI%20EE%3A%3ADefaultApp%3A%3AEVVET3%20PR%20NEW%2FAER%3A%3Adimension%2FAER%20Id%3A%3Aattribute%3A%3Anoaggr%3A%3Axsd%3Adouble=229004&_xt=AER&_xf=pdf""> AER </a>",2010-09-24 00:00:00,Animal owner,United States,FEMALE,Dog,Shepherd Dog - German,"Rimadyl vet. 100 mg Tuggtablett, Rimadyl vet. 20 mg Tuggtablett, Rimadyl vet. 50 mg Tuggtablett, Rimadyl vet., 100 mg, Tuggtablett","Collapse NOS (see also Cardio-vascular and Neurological disorders), Death, Panting, Polydipsia",1,1,1
US-UKPFIZAH-2010-US-29509,"<a target=""_blank""  href=""/xmlpserver/EVVET3 PW NEW/Subject Area Contents/Public Website/Report (PDF)/AER.xdo?_xpf=&_xpt=1&_params%2FOracle%20BI%20EE%3A%3ADefaultApp%3A%3AEVVET3%20PR%20NEW%2FAER%3A%3Adimension%2FAER%20Id%3A%3Aattribute%3A%3Anoaggr%3A%3Axsd%3Adouble=220658&_xt=AER&_xf=pdf""> AER </a>",2010-09-02 00:00:00,Animal owner,United States,MALE,Dog,Retriever - Labrador,"Rimadyl vet. 100 mg Tuggtablett, Rimadyl vet. 20 mg Tuggtablett, Rimadyl vet. 50 mg Tuggtablett, Rimadyl vet., 100 mg, Tuggtablett","Anorexia, Death by euthanasia, Diarrhoea, Hepatic tumour, Inappetence, Inappropriate urination, Oral bleeding, Other abnormal test result NOS, Palpable mass NOS, Polyuria, Prostatic tumour, Renal disorder NOS, Tarry or black stool (see also haemorrhagic diarrhoea), Thrombocytopenia, Uraemia",1,1,1
US-UKPFIZAH-2010-US-30538,"<a target=""_blank""  href=""/xmlpserver/EVVET3 PW NEW/Subject Area Contents/Public Website/Report (PDF)/AER.xdo?_xpf=&_xpt=1&_params%2FOracle%20BI%20EE%3A%3ADefaultApp%3A%3AEVVET3%20PR%20NEW%2FAER%3A%3Adimension%2FAER%20Id%3A%3Aattribute%3A%3Anoaggr%3A%3Axsd%3Adouble=217474&_xt=AER&_xf=pdf""> AER </a>",2010-08-26 00:00:00,Animal owner,United States,MALE,Dog,Dog (other),"FRONTLINE COMBO 134 mg/120,6 mg soluție spot on pentru câine M, FRONTLINE COMBO 134.00 MG / 120.60 MG SPOT-ON SOLUTION FOR DOG M, FRONTLINE COMBO 268 mg/241,2 mg soluție spot on pentru câine L, FRONTLINE COMBO 268.00 MG / 241.20 MG SPOT-ON SOLUTION FOR DOG L, FRONTLINE COMBO 402 mg/361,8 mg soluție spot on pentru caine XL, FRONTLINE COMBO 402.00 MG / 361.80 MG SPOT-ON SOLUTION FOR DOG XL, FRONTLINE COMBO 50 mg/60 mg soluție spot on pentru pisică, FRONTLINE COMBO 50.00 MG / 60.00 MG SPOT-ON SOLUTION FOR CAT, FRONTLINE COMBO 67 mg/60,3 mg soluție spot on pentru câine S, FRONTLINE COMBO 67,00 MG / 60,30 MG SOLUTION POUR SPOT-ON POUR CHIEN S, FRONTLINE COMBO 67.00 MG / 60.30 MG SPOT-ON SOLUTION FOR DOG S, FRONTLINE COMBO L, užlašinamasis tirpalas šunims, FRONTLINE COMBO M, užlašinamasis tirpalas šunims, FRONTLINE COMBO PACK CONSULT 134.00 MG / 120.60 MG SPOT-ON SOLUTION FOR DOG M, FRONTLINE COMBO PACK CONSULT 268.00 MG / 241.20 MG SPOT-ON SOLUTION FOR DOG L, FRONTLINE COMBO PACK CONSULT 402.00 MG / 361.80 MG SPOT-ON SOLUTION FOR DOG XL, FRONTLINE COMBO PACK CONSULT 50.00 MG / 60.00 MG SPOT-ON SOLUTION FOR CAT, FRONTLINE COMBO PACK CONSULT 67.00 MG / 60.30 MG SPOT-ON SOLUTION FOR DOG S, FRONTLINE COMBO PACK CONSULT SPOT ON CHIEN L, FRONTLINE COMBO PACK CONSULT SPOT ON CHIEN M, FRONTLINE COMBO PACK CONSULT SPOT ON CHIEN S, FRONTLINE COMBO PACK CONSULT SPOT ON CHIEN XL, FRONTLINE COMBO PACK CONSULT SPOT-ON CAT, FRONTLINE COMBO S, užlašinamasis tirpalas šunims, FRONTLINE COMBO SPOT-ON CAT, FRONTLINE COMBO SPOT-ON CHIEN L, FRONTLINE COMBO SPOT-ON CHIEN M, FRONTLINE COMBO SPOT-ON CHIEN S, FRONTLINE COMBO SPOT-ON CHIEN XL, FRONTLINE COMBO SPOT-ON DOG S, M, L, XL, FRONTLINE COMBO SPOT-ON PRO PSY, L, Roztok pro nakapání na kůži - spot-on, FRONTLINE COMBO SPOT-ON PRO PSY, M, Roztok pro nakapání na kůži - spot-on, FRONTLINE COMBO SPOT-ON PRO PSY, S, Roztok pro nakapání na kůži - spot-on, FRONTLINE COMBO SPOT-ON PRO PSY, XL, Roztok pro nakapání na kůži - spot-on, FRONTLINE COMBO SPOT-ON pro kočky a fretky, Roztok pro nakapání na kůži - spot-on, FRONTLINE COMBO XL, užlašinamasis tirpalas šunims, FRONTLINE COMBO, užlašinamasis tirpalas katėms ir šeškams, FRONTLINE Combo Spot-on Cat, 50,00 mg/0,5 mL, 60,00 mg/0,5 mL, otopina za nakapavanje, za mačke i pitome vretice, FRONTLINE Combo Spot-on Dog L, 268,00 mg/2,68 mL, 241,20 mg/2,68 mL, otopina za nakapavanje, za pse, FRONTLINE Combo Spot-on Dog M, 134,00 mg/1,34 mL, 120,60 mg/1,34 mL, otopina za nakapavanje, za pse, FRONTLINE Combo Spot-on Dog S, 67,00 mg/0,67 mL, 60,30 mg/0,67 mL, otopina za nakapavanje, za pse, FRONTLINE Combo Spot-on Dog XL, 402,00 mg/4,02 mL, 361,80 mg/4,02 mL, otopina za nakapavanje, za pse, Fleanil Combo 50 mg / 60 mg spot-on solution for cats and ferrets, Frontline Combo  spot-on roztok pre psy, Frontline Combo 50,00 mg/60,00 mg spot-on roztok pre mačky, Frontline Combo Cat 50,00 mg / 60,00 mg šķīdums pilināšanai uz ādas kaķiem un mājas seskiem, Frontline Combo Cat, 50mg/60mg täpilahus kassidele ja tuhkrutele, Frontline Combo Dog L 268,00 mg / 241,20 mg šķīdums pilināšanai uz ādas suņiem, Frontline Combo Dog L, 268 mg/241,2 mg täpilahus koertele, Frontline Combo Dog M 134,00 mg / 120,60 mg šķīdums pilināšanai uz ādas suņiem, Frontline Combo Dog M, 134 mg/120,6 mg täpilahus koertele, Frontline Combo Dog S 67,00 mg / 60,30 mg šķīdums pilināšanai uz ādas suņiem, Frontline Combo Dog S, 67 mg/60,3 mg täpilahus koertele, Frontline Combo Dog XL 402,00 mg / 361,80 mg šķīdums pilināšanai uz ādas suņiem, Frontline Combo Dog XL, 402 mg/361,8 mg täpilahus koertele, Frontline Combo Line Cat 100 mg/ml - 120 mg/ml Solution pour spot-on, Frontline Combo Line Cat 100 mg/ml - 120 mg/ml Spot-on oplossing, Frontline Combo Line Dog L 100 mg/ml - 90 mg/ml Spot-on oplossing, Frontline Combo Line Dog L Solution pour spot-on, Frontline Combo Line Dog M 100 mg/ml - 90 mg/ml Spot-on oplossing, Frontline Combo Line Dog M Solution pour spot-on, Frontline Combo Line Dog S 100 mg/ml - 90 mg/ml Spot-on o","Death, Lethargy (see also Central nervous system depression in Neurological), Pain NOS, Polydipsia, Polyphagia, Polyuria",1,1,1
US-UKPFIZAH-2010-US-30845,"<a target=""_blank""  href=""/xmlpserver/EVVET3 PW NEW/Subject Area Contents/Public Website/Report (PDF)/AER.xdo?_xpf=&_xpt=1&_params%2FOracle%20BI%20EE%3A%3ADefaultApp%3A%3AEVVET3%20PR%20NEW%2FAER%3A%3Adimension%2FAER%20Id%3A%3Aattribute%3A%3Anoaggr%3A%3Axsd%3Adouble=214603&_xt=AER&_xf=pdf""> AER </a>",2010-08-20 00:00:00,Veterinarian,United States,FEMALE,Dog,Boxer (German Boxer),"Rimadyl vet. 100 mg Tuggtablett, Rimadyl vet. 20 mg Tuggtablett, Rimadyl vet. 50 mg Tuggtablett, Rimadyl vet., 100 mg, Tuggtablett","Behavioural disorder NOS, Death by euthanasia, Decreased appetite, Elevated liver enzymes NOS, Elevated renal parameters, Falling, Lameness, Lethargy (see also Central nervous system depression in Neurological), Leukocytosis NOS, Localised pain NOS (see other SOCs for specific pain), Oedema of the extremities (see also other SOCs for most applicable oedema), Other abnormal test result NOS, Seroma",1,1,1
US-UKPFIZAH-2010-US-31063,"<a target=""_blank""  href=""/xmlpserver/EVVET3 PW NEW/Subject Area Contents/Public Website/Report (PDF)/AER.xdo?_xpf=&_xpt=1&_params%2FOracle%20BI%20EE%3A%3ADefaultApp%3A%3AEVVET3%20PR%20NEW%2FAER%3A%3Adimension%2FAER%20Id%3A%3Aattribute%3A%3Anoaggr%3A%3Axsd%3Adouble=220613&_xt=AER&_xf=pdf""> AER </a>",2010-09-02 00:00:00,Animal owner,United States,FEMALE,Dog,Greyhound,"RIMADYL 100 mg COMPRIMIDOS MASTICABLES PARA PERROS, RIMADYL 100 mg comprimate pentru câini, RIMADYL 100 mg, kramtomosios tabletės šunims, RIMADYL 100MG/TAB ΜΑΣΩΜΕΝΟ ΔΙΣΚΙΟ, RIMADYL 20 mg COMPRIMIDOS MASTICABLES PARA PERROS, RIMADYL 20 mg, kramtomosios tabletės šunims, RIMADYL 20MG/TAB ΜΑΣΩΜΕΝΟ ΔΙΣΚΙΟ, RIMADYL 50 mg COMPRIMIDOS MASTICABLES PARA PERROS, RIMADYL 50 mg comprimate pentru câini, RIMADYL 50 mg, kramtomosios tabletės šunims, RIMADYL 50MG/TAB ΜΑΣΩΜΕΝΟ ΔΙΣΚΙΟ, RIMADYL 50mg/ml ενέσιμο διάλυμα για σκύλους και γάτες, RIMADYL CATTLE 50 mg/ml, injekcinis tirpalas galvijams, RIMADYL Cattle 50 mg/ml Solution for Injection, RIMADYL INJECTABLE SOLUTION INJECTABLE POUR CHATS ET CHIENS, RIMADYL Injection 50mg/ml Διαυγές αποστειρωμένο ενέσιμο διάλυμα για σκύλους και γάτες, RIMADYL SMAKELIJKE TABLETTEN 100 mg voor honden, RIMADYL SMAKELIJKE TABLETTEN 50 mg voor honden, RIMADYL VET 50 mg/ml injektioneste, liuos, RIMADYL vet 100 mg purutabletti, RIMADYL vet 20 mg purutabletti, RIMADYL vet 50 mg purutabletti, Rimadyl 100 mg - Kautabletten für Hunde, Rimadyl 100 mg Comprimés Appétents 100 mg Tablet, Rimadyl 100 mg Kautablette für Hunde, Rimadyl 100 mg comprimidos mastigáveis para cães, Rimadyl 100 mg comprimés appétents, 100 mg, comprimés pour chiens, Rimadyl 100 mg okusne, žvečljive tablete za pse, Rimadyl 100 mg tabletes suņiem, Rimadyl 100 mg ízesített tabletta A.U.V., Rimadyl 20 mg - Kautabletten für Hunde, Rimadyl 20 mg Comprimés Appétents 20 mg Comprimé, Rimadyl 20 mg Comprimés Appétents 20 mg Tablet, Rimadyl 20 mg Kautablette für Hunde, Rimadyl 20 mg okusne, žvečljive tablete za pse, Rimadyl 20 mg ízesített tabletta A.U.V., Rimadyl 20 mg таблетки за кучета/Rimadyl 50 mg таблетки за кучета/Rimadyl 100 mg таблетки за кучета, Rimadyl 50 mg - Kautabletten für Hunde, Rimadyl 50 mg Comprimés Appétents 50 mg Tablet, Rimadyl 50 mg Kautablette für Hunde, Rimadyl 50 mg comprimidos mastigáveis para cães, Rimadyl 50 mg comprimés appétents, 50 mg, comprimés pour chiens, Rimadyl 50 mg košļājamās tabletes suņiem, Rimadyl 50 mg okusne, žvečljive tablete za pse, Rimadyl 50 mg ízesített tabletta A.U.V., Rimadyl 50 mg/ml - Injektionslösung für Hunde und Katzen, Rimadyl 50 mg/ml injekčný roztok, Rimadyl 50mg/ml Injektionslösung für Hunde und Katzen, Rimadyl Cattle, 50 mg/mL, otopina za injekciju, za goveda, Rimadyl Iniettabile 50 mg/ml, soluzione iniettabile per cane e gatto., Rimadyl Palatable 100 mg tablety pre psy, Rimadyl Palatable 20 mg tablety pre psy, Rimadyl Palatable 50 mg tablety pre psy, Rimadyl Palatable Tablets 100, Rimadyl Palatable Tablets 100 mg, Rimadyl Palatable Tablets 100 mg tabletes suņiem, Rimadyl Palatable Tablets 20 mg, Rimadyl Palatable Tablets 20 mg tabletes suņiem, Rimadyl Palatable Tablets 50, Rimadyl Palatable Tablets 50 mg, Rimadyl Palatable Tablets 50 mg tabletes suņiem, Rimadyl Palatable Tablets da 100 mg per cani, Rimadyl Palatable Tablets da 20 mg per cani, Rimadyl Palatable Tablets da 50 mg per cani, Rimadyl Palatable, 100mg, Žvýkací tableta, Rimadyl Palatable, 20mg, Žvýkací tableta, Rimadyl Palatable, 50mg, Žvýkací tableta, Rimadyl Solution for Injection for dogs and cats 50 mg/ml, Rimadyl Vet. 100 mg tyggetabletter, Rimadyl Vet. 20 mg tyggetabletter, Rimadyl Vet. 50 mg tyggetabletter, Rimadyl cattle 50 mg/ml oplossing voor injectie, Rimadyl injectievloeistof, 50 mg/ml voor honden en katten, Rimadyl smakelijke tabletten 100 mg voor honden, Rimadyl smakelijke tabletten 20 mg voor honden, Rimadyl smakelijke tabletten 50 mg voor honden, Rimadyl vet. 100 mg Tuggtablett, Rimadyl vet. 100 mg tyggetabletter, Rimadyl vet. 20 mg Tuggtablett, Rimadyl vet. 20 mg tyggetabletter, Rimadyl vet. 50 mg Tuggtablett, Rimadyl vet. 50 mg tyggetabletter, Rimadyl vet., 100 mg, Tuggtablett, Rimadyl Μασώμενο Δισκίο 100mg για σκύλους, Rimadyl Μασώμενο Δισκίο 20mg για σκύλους, Rimadyl Μασώμενο Δισκίο 50mg για σκύλους, Rimadyl, 100 mg närimistablett koertele, Rimadyl, 20 mg närimistablett koertele, Rimadyl, 50 mg närimistablett koertele, Rim","Acute renal failure, Anorexia, Blood in urine, Cutaneous oedema, Death by euthanasia, Elevated liver enzymes NOS, Elevated renal parameters, Lethargy (see also Central nervous system depression in Neurological), Oliguria, Vomiting, Weight loss",1,1,1
US-UKPFIZAH-2010-US-32039,"<a target=""_blank""  href=""/xmlpserver/EVVET3 PW NEW/Subject Area Contents/Public Website/Report (PDF)/AER.xdo?_xpf=&_xpt=1&_params%2FOracle%20BI%20EE%3A%3ADefaultApp%3A%3AEVVET3%20PR%20NEW%2FAER%3A%3Adimension%2FAER%20Id%3A%3Aattribute%3A%3Anoaggr%3A%3Axsd%3Adouble=223566&_xt=AER&_xf=pdf""> AER </a>",2010-09-09 00:00:00,Veterinarian,United States,FEMALE,Dog,Terrier - Bull - Staffordshire,"Baytril vet. 100 mg/ml Injektionsvätska, lösning, Baytril vet. 25 mg/ml Injektionsvätska, lösning, CLINDAMYCIN 75 mg tablety, Clindamycin 75mg, Clindamycin, 75mg, Tableta, Convenia 80 mg/ml  - Powder and solvent for solution for injection, Rimadyl vet. 100 mg Tuggtablett, Rimadyl vet. 20 mg Tuggtablett, Rimadyl vet. 50 mg Tuggtablett, Rimadyl vet., 100 mg, Tuggtablett, VITAMIN K1 INJECTION","Anorexia, Ascites, Coagulopathy, Death by euthanasia, Dehydration, Digestive tract disorder NOS, Elevated liver enzymes NOS, Hypoproteinaemia, Icterus, Lethargy (see also Central nervous system depression in Neurological), Leukocytosis NOS, Lymphadenopathy, Melaena, Oedema NOS (see other SOCs for specific oedemas), Uncoded sign, Vomiting",1,1,1
US-UKPFIZAH-2010-US-32174,"<a target=""_blank""  href=""/xmlpserver/EVVET3 PW NEW/Subject Area Contents/Public Website/Report (PDF)/AER.xdo?_xpf=&_xpt=1&_params%2FOracle%20BI%20EE%3A%3ADefaultApp%3A%3AEVVET3%20PR%20NEW%2FAER%3A%3Adimension%2FAER%20Id%3A%3Aattribute%3A%3Anoaggr%3A%3Axsd%3Adouble=220614&_xt=AER&_xf=pdf""> AER </a>",2010-09-02 00:00:00,Other health care professional,United States,MALE,Dog,Dog (other),"Convenia 80 mg/ml  - Powder and solvent for solution for injection, RIMADYL 100 mg COMPRIMIDOS MASTICABLES PARA PERROS, RIMADYL 100 mg comprimate pentru câini, RIMADYL 100 mg, kramtomosios tabletės šunims, RIMADYL 100MG/TAB ΜΑΣΩΜΕΝΟ ΔΙΣΚΙΟ, RIMADYL 20 mg COMPRIMIDOS MASTICABLES PARA PERROS, RIMADYL 20 mg, kramtomosios tabletės šunims, RIMADYL 20MG/TAB ΜΑΣΩΜΕΝΟ ΔΙΣΚΙΟ, RIMADYL 50 mg COMPRIMIDOS MASTICABLES PARA PERROS, RIMADYL 50 mg comprimate pentru câini, RIMADYL 50 mg, kramtomosios tabletės šunims, RIMADYL 50MG/TAB ΜΑΣΩΜΕΝΟ ΔΙΣΚΙΟ, RIMADYL 50mg/ml ενέσιμο διάλυμα για σκύλους και γάτες, RIMADYL CATTLE 50 mg/ml, injekcinis tirpalas galvijams, RIMADYL Cattle 50 mg/ml Solution for Injection, RIMADYL INJECTABLE SOLUTION INJECTABLE POUR CHATS ET CHIENS, RIMADYL Injection 50mg/ml Διαυγές αποστειρωμένο ενέσιμο διάλυμα για σκύλους και γάτες, RIMADYL SMAKELIJKE TABLETTEN 100 mg voor honden, RIMADYL SMAKELIJKE TABLETTEN 50 mg voor honden, RIMADYL VET 50 mg/ml injektioneste, liuos, RIMADYL vet 100 mg purutabletti, RIMADYL vet 20 mg purutabletti, RIMADYL vet 50 mg purutabletti, Rimadyl 100 mg - Kautabletten für Hunde, Rimadyl 100 mg Comprimés Appétents 100 mg Tablet, Rimadyl 100 mg Kautablette für Hunde, Rimadyl 100 mg comprimidos mastigáveis para cães, Rimadyl 100 mg comprimés appétents, 100 mg, comprimés pour chiens, Rimadyl 100 mg okusne, žvečljive tablete za pse, Rimadyl 100 mg tabletes suņiem, Rimadyl 100 mg ízesített tabletta A.U.V., Rimadyl 20 mg - Kautabletten für Hunde, Rimadyl 20 mg Comprimés Appétents 20 mg Comprimé, Rimadyl 20 mg Comprimés Appétents 20 mg Tablet, Rimadyl 20 mg Kautablette für Hunde, Rimadyl 20 mg okusne, žvečljive tablete za pse, Rimadyl 20 mg ízesített tabletta A.U.V., Rimadyl 20 mg таблетки за кучета/Rimadyl 50 mg таблетки за кучета/Rimadyl 100 mg таблетки за кучета, Rimadyl 50 mg - Kautabletten für Hunde, Rimadyl 50 mg Comprimés Appétents 50 mg Tablet, Rimadyl 50 mg Kautablette für Hunde, Rimadyl 50 mg comprimidos mastigáveis para cães, Rimadyl 50 mg comprimés appétents, 50 mg, comprimés pour chiens, Rimadyl 50 mg košļājamās tabletes suņiem, Rimadyl 50 mg okusne, žvečljive tablete za pse, Rimadyl 50 mg ízesített tabletta A.U.V., Rimadyl 50 mg/ml - Injektionslösung für Hunde und Katzen, Rimadyl 50 mg/ml injekčný roztok, Rimadyl 50mg/ml Injektionslösung für Hunde und Katzen, Rimadyl Cattle, 50 mg/mL, otopina za injekciju, za goveda, Rimadyl Iniettabile 50 mg/ml, soluzione iniettabile per cane e gatto., Rimadyl Palatable 100 mg tablety pre psy, Rimadyl Palatable 20 mg tablety pre psy, Rimadyl Palatable 50 mg tablety pre psy, Rimadyl Palatable Tablets 100, Rimadyl Palatable Tablets 100 mg, Rimadyl Palatable Tablets 100 mg tabletes suņiem, Rimadyl Palatable Tablets 20 mg, Rimadyl Palatable Tablets 20 mg tabletes suņiem, Rimadyl Palatable Tablets 50, Rimadyl Palatable Tablets 50 mg, Rimadyl Palatable Tablets 50 mg tabletes suņiem, Rimadyl Palatable Tablets da 100 mg per cani, Rimadyl Palatable Tablets da 20 mg per cani, Rimadyl Palatable Tablets da 50 mg per cani, Rimadyl Palatable, 100mg, Žvýkací tableta, Rimadyl Palatable, 20mg, Žvýkací tableta, Rimadyl Palatable, 50mg, Žvýkací tableta, Rimadyl Solution for Injection for dogs and cats 50 mg/ml, Rimadyl Vet. 100 mg tyggetabletter, Rimadyl Vet. 20 mg tyggetabletter, Rimadyl Vet. 50 mg tyggetabletter, Rimadyl cattle 50 mg/ml oplossing voor injectie, Rimadyl injectievloeistof, 50 mg/ml voor honden en katten, Rimadyl smakelijke tabletten 100 mg voor honden, Rimadyl smakelijke tabletten 20 mg voor honden, Rimadyl smakelijke tabletten 50 mg voor honden, Rimadyl vet. 100 mg Tuggtablett, Rimadyl vet. 100 mg tyggetabletter, Rimadyl vet. 20 mg Tuggtablett, Rimadyl vet. 20 mg tyggetabletter, Rimadyl vet. 50 mg Tuggtablett, Rimadyl vet. 50 mg tyggetabletter, Rimadyl vet., 100 mg, Tuggtablett, Rimadyl Μασώμενο Δισκίο 100mg για σκύλους, Rimadyl Μασώμενο Δισκίο 20mg για σκύλους, Rimadyl Μασώμενο Δισκίο 50mg για σκύλους, Rimadyl, 100 mg närimistablett koertele, Rimadyl, 20 mg","Bruising, Death, Depression, Hypotension, Lateral recumbency, Leukopenia NOS, Neutropenia, Not eating, Prolonged bleeding NOS, Skin lesion NOS, Skin necrosis",1,1,1
US-UKPFIZAH-2010-US-33226,"<a target=""_blank""  href=""/xmlpserver/EVVET3 PW NEW/Subject Area Contents/Public Website/Report (PDF)/AER.xdo?_xpf=&_xpt=1&_params%2FOracle%20BI%20EE%3A%3ADefaultApp%3A%3AEVVET3%20PR%20NEW%2FAER%3A%3Adimension%2FAER%20Id%3A%3Aattribute%3A%3Anoaggr%3A%3Axsd%3Adouble=223567&_xt=AER&_xf=pdf""> AER </a>",2010-09-09 00:00:00,Veterinarian,United States,FEMALE,Dog,Schnauzer (unspecified),"Baytril vet. 100 mg/ml Injektionsvätska, lösning, Baytril vet. 25 mg/ml Injektionsvätska, lösning, CEPHALEXIN 180 mg/ml suspenzija za injiciranje, Diazepam 10 mg, tabletten voor honden en katten, Diazepam 2 mg, tabletten voor honden en katten, Diazepam 5 mg, tabletten voor honden en katten, Diazepam 5 mg/ml, oplossing voor injectie voor honden en katten, Fuxien vet 1000 mg/g inhalaatiohöyry, neste, ISOFLURANE-Vet 1000 mg/g liquido per inalazione per cani e gatti, ISOFLURIN 1000mg/g ΥΓΡΟ ΓΙΑ ΕΙΣΠΝΕΟΜΕΝΟΥΣ ΑΤΜΟΥΣ, Isoflurane 100% Inhalation Vapour, Liquid, Isoflurane 1000 mg/g Inhalation Vapour, liquid., Ketamin 10 % šķīdums injekcijām suņiem un kaķiem, Ketamin 10%, Ketamin 100 mg/ml, Ketamine 10% oplossing voor injectie voor honden en katten, Ketamine 10% pro inj., oplossing voor injectie voor honden en katten, Ketamine 10% šķīdums injekcijām suņiem un kaķiem, Ketamine 10%, oplossing voor injectie voor honden en katten, Rimadyl vet. 100 mg Tuggtablett, Rimadyl vet. 20 mg Tuggtablett, Rimadyl vet. 50 mg Tuggtablett, Rimadyl vet., 100 mg, Tuggtablett, ZIAPAM 5 mg/ml, solution for injection for dogs and cats, КЕТАМИН 10 %","Abdominal cavity disorder NOS, Abnormal radiograph finding, Ascites, Blood and lymphatic system disorder NOS, Death by euthanasia, Dehydration, Depression, Duodenal ulcer, Elevated temperature, Enteritis, Gastritis, Haemorrhage NOS, Loose stool, Other abnormal test result NOS, Pain NOS, Peritonitis, Prolonged bleeding NOS, Recovery prolonged, Vomiting, Walking difficulty, Weakness, Weight loss",1,1,1
US-UKPFIZAH-2010-US-34492,"<a target=""_blank""  href=""/xmlpserver/EVVET3 PW NEW/Subject Area Contents/Public Website/Report (PDF)/AER.xdo?_xpf=&_xpt=1&_params%2FOracle%20BI%20EE%3A%3ADefaultApp%3A%3AEVVET3%20PR%20NEW%2FAER%3A%3Adimension%2FAER%20Id%3A%3Aattribute%3A%3Anoaggr%3A%3Axsd%3Adouble=234797&_xt=AER&_xf=pdf""> AER </a>",2010-10-14 00:00:00,Veterinarian,United States,FEMALE,Dog,Retriever - Labrador,"Rimadyl vet. 100 mg Tuggtablett, Rimadyl vet. 20 mg Tuggtablett, Rimadyl vet. 50 mg Tuggtablett, Rimadyl vet., 100 mg, Tuggtablett","Abdominal discomfort, Death by euthanasia, Elevated liver enzymes NOS, Emesis, Hypoproteinaemia, Leukocytosis NOS",1,1,1
US-UKPFIZAH-2010-US-34505,"<a target=""_blank""  href=""/xmlpserver/EVVET3 PW NEW/Subject Area Contents/Public Website/Report (PDF)/AER.xdo?_xpf=&_xpt=1&_params%2FOracle%20BI%20EE%3A%3ADefaultApp%3A%3AEVVET3%20PR%20NEW%2FAER%3A%3Adimension%2FAER%20Id%3A%3Aattribute%3A%3Anoaggr%3A%3Axsd%3Adouble=231294&_xt=AER&_xf=pdf""> AER </a>",2010-10-07 00:00:00,Veterinarian,United States,MALE,Dog,"Dog (other), Hound - Swiss - (Lucerne Hound (Luzerner Laufhund), Schwyz Hound (Schweizer Laufhund), Bernese Hound, Jura Hound)","Rimadyl vet. 100 mg Tuggtablett, Rimadyl vet. 20 mg Tuggtablett, Rimadyl vet. 50 mg Tuggtablett, Rimadyl vet., 100 mg, Tuggtablett, Tramadog 50 mg tablet for dogs",Glaucoma,1,1,1
US-UKPFIZAH-2010-US-34996,"<a target=""_blank""  href=""/xmlpserver/EVVET3 PW NEW/Subject Area Contents/Public Website/Report (PDF)/AER.xdo?_xpf=&_xpt=1&_params%2FOracle%20BI%20EE%3A%3ADefaultApp%3A%3AEVVET3%20PR%20NEW%2FAER%3A%3Adimension%2FAER%20Id%3A%3Aattribute%3A%3Anoaggr%3A%3Axsd%3Adouble=229005&_xt=AER&_xf=pdf""> AER </a>",2010-09-24 00:00:00,Animal owner,United States,FEMALE,Dog,Crossbred Canine/dog,"Rimadyl vet. 100 mg Tuggtablett, Rimadyl vet. 20 mg Tuggtablett, Rimadyl vet. 50 mg Tuggtablett, Rimadyl vet., 100 mg, Tuggtablett","Anorexia, Death, Lethargy (see also Central nervous system depression in Neurological), Seizure NOS, Vomiting",1,1,1
US-UKPFIZAH-2010-US-35635,"<a target=""_blank""  href=""/xmlpserver/EVVET3 PW NEW/Subject Area Contents/Public Website/Report (PDF)/AER.xdo?_xpf=&_xpt=1&_params%2FOracle%20BI%20EE%3A%3ADefaultApp%3A%3AEVVET3%20PR%20NEW%2FAER%3A%3Adimension%2FAER%20Id%3A%3Aattribute%3A%3Anoaggr%3A%3Axsd%3Adouble=229006&_xt=AER&_xf=pdf""> AER </a>",2010-09-24 00:00:00,Animal owner,United States,FEMALE,Dog,Doberman Pinscher,"Rimadyl vet. 100 mg Tuggtablett, Rimadyl vet. 20 mg Tuggtablett, Rimadyl vet. 50 mg Tuggtablett, Rimadyl vet., 100 mg, Tuggtablett, VITAMIN K1 INJECTION, VITAMIVET K1 10 MG/ML SOLUTION FOR INJECTION FOR DOGS, VITAMIVET K1 50 MG FILM-COATED TABLETS FOR DOGS, Vitamin K1 10 mg/ml Solution for Injection","Death by euthanasia, Dyspnoea, Gastric distension, Inappetence, Jaundice, Lethargy (see also Central nervous system depression in Neurological), Not drinking, Other abnormal test result NOS, Weakness",1,1,1
US-UKPFIZAH-2010-US-35878,"<a target=""_blank""  href=""/xmlpserver/EVVET3 PW NEW/Subject Area Contents/Public Website/Report (PDF)/AER.xdo?_xpf=&_xpt=1&_params%2FOracle%20BI%20EE%3A%3ADefaultApp%3A%3AEVVET3%20PR%20NEW%2FAER%3A%3Adimension%2FAER%20Id%3A%3Aattribute%3A%3Anoaggr%3A%3Axsd%3Adouble=229632&_xt=AER&_xf=pdf""> AER </a>",2010-09-30 00:00:00,Animal owner,United States,FEMALE,Dog,Komondor,"RIMADYL 100 mg COMPRIMIDOS MASTICABLES PARA PERROS, RIMADYL 100 mg comprimate pentru câini, RIMADYL 100 mg, kramtomosios tabletės šunims, RIMADYL 100MG/TAB ΜΑΣΩΜΕΝΟ ΔΙΣΚΙΟ, RIMADYL 20 mg COMPRIMIDOS MASTICABLES PARA PERROS, RIMADYL 20 mg, kramtomosios tabletės šunims, RIMADYL 20MG/TAB ΜΑΣΩΜΕΝΟ ΔΙΣΚΙΟ, RIMADYL 50 mg COMPRIMIDOS MASTICABLES PARA PERROS, RIMADYL 50 mg comprimate pentru câini, RIMADYL 50 mg, kramtomosios tabletės šunims, RIMADYL 50MG/TAB ΜΑΣΩΜΕΝΟ ΔΙΣΚΙΟ, RIMADYL 50mg/ml ενέσιμο διάλυμα για σκύλους και γάτες, RIMADYL CATTLE 50 mg/ml, injekcinis tirpalas galvijams, RIMADYL Cattle 50 mg/ml Solution for Injection, RIMADYL INJECTABLE SOLUTION INJECTABLE POUR CHATS ET CHIENS, RIMADYL Injection 50mg/ml Διαυγές αποστειρωμένο ενέσιμο διάλυμα για σκύλους και γάτες, RIMADYL SMAKELIJKE TABLETTEN 100 mg voor honden, RIMADYL SMAKELIJKE TABLETTEN 50 mg voor honden, RIMADYL VET 50 mg/ml injektioneste, liuos, RIMADYL vet 100 mg purutabletti, RIMADYL vet 20 mg purutabletti, RIMADYL vet 50 mg purutabletti, Rimadyl 100 mg - Kautabletten für Hunde, Rimadyl 100 mg Comprimés Appétents 100 mg Tablet, Rimadyl 100 mg Kautablette für Hunde, Rimadyl 100 mg comprimidos mastigáveis para cães, Rimadyl 100 mg comprimés appétents, 100 mg, comprimés pour chiens, Rimadyl 100 mg okusne, žvečljive tablete za pse, Rimadyl 100 mg tabletes suņiem, Rimadyl 100 mg ízesített tabletta A.U.V., Rimadyl 20 mg - Kautabletten für Hunde, Rimadyl 20 mg Comprimés Appétents 20 mg Comprimé, Rimadyl 20 mg Comprimés Appétents 20 mg Tablet, Rimadyl 20 mg Kautablette für Hunde, Rimadyl 20 mg okusne, žvečljive tablete za pse, Rimadyl 20 mg ízesített tabletta A.U.V., Rimadyl 20 mg таблетки за кучета/Rimadyl 50 mg таблетки за кучета/Rimadyl 100 mg таблетки за кучета, Rimadyl 50 mg - Kautabletten für Hunde, Rimadyl 50 mg Comprimés Appétents 50 mg Tablet, Rimadyl 50 mg Kautablette für Hunde, Rimadyl 50 mg comprimidos mastigáveis para cães, Rimadyl 50 mg comprimés appétents, 50 mg, comprimés pour chiens, Rimadyl 50 mg košļājamās tabletes suņiem, Rimadyl 50 mg okusne, žvečljive tablete za pse, Rimadyl 50 mg ízesített tabletta A.U.V., Rimadyl 50 mg/ml - Injektionslösung für Hunde und Katzen, Rimadyl 50 mg/ml injekčný roztok, Rimadyl 50mg/ml Injektionslösung für Hunde und Katzen, Rimadyl Cattle, 50 mg/mL, otopina za injekciju, za goveda, Rimadyl Iniettabile 50 mg/ml, soluzione iniettabile per cane e gatto., Rimadyl Palatable 100 mg tablety pre psy, Rimadyl Palatable 20 mg tablety pre psy, Rimadyl Palatable 50 mg tablety pre psy, Rimadyl Palatable Tablets 100, Rimadyl Palatable Tablets 100 mg, Rimadyl Palatable Tablets 100 mg tabletes suņiem, Rimadyl Palatable Tablets 20 mg, Rimadyl Palatable Tablets 20 mg tabletes suņiem, Rimadyl Palatable Tablets 50, Rimadyl Palatable Tablets 50 mg, Rimadyl Palatable Tablets 50 mg tabletes suņiem, Rimadyl Palatable Tablets da 100 mg per cani, Rimadyl Palatable Tablets da 20 mg per cani, Rimadyl Palatable Tablets da 50 mg per cani, Rimadyl Palatable, 100mg, Žvýkací tableta, Rimadyl Palatable, 20mg, Žvýkací tableta, Rimadyl Palatable, 50mg, Žvýkací tableta, Rimadyl Solution for Injection for dogs and cats 50 mg/ml, Rimadyl Vet. 100 mg tyggetabletter, Rimadyl Vet. 20 mg tyggetabletter, Rimadyl Vet. 50 mg tyggetabletter, Rimadyl cattle 50 mg/ml oplossing voor injectie, Rimadyl injectievloeistof, 50 mg/ml voor honden en katten, Rimadyl smakelijke tabletten 100 mg voor honden, Rimadyl smakelijke tabletten 20 mg voor honden, Rimadyl smakelijke tabletten 50 mg voor honden, Rimadyl vet. 100 mg Tuggtablett, Rimadyl vet. 100 mg tyggetabletter, Rimadyl vet. 20 mg Tuggtablett, Rimadyl vet. 20 mg tyggetabletter, Rimadyl vet. 50 mg Tuggtablett, Rimadyl vet. 50 mg tyggetabletter, Rimadyl vet., 100 mg, Tuggtablett, Rimadyl Μασώμενο Δισκίο 100mg για σκύλους, Rimadyl Μασώμενο Δισκίο 20mg για σκύλους, Rimadyl Μασώμενο Δισκίο 50mg για σκύλους, Rimadyl, 100 mg närimistablett koertele, Rimadyl, 20 mg närimistablett koertele, Rimadyl, 50 mg närimistablett koertele, Rim","Anorexia, Blood in faeces, Blood in urine, Cardiac arrest, Decreased appetite, Jaundice, Lethargy (see also Central nervous system depression in Neurological), Liver failure, Restlessness, Sudden death, Unable to rise, Vomiting",1,1,1
US-UKPFIZAH-2010-US-36369,"<a target=""_blank""  href=""/xmlpserver/EVVET3 PW NEW/Subject Area Contents/Public Website/Report (PDF)/AER.xdo?_xpf=&_xpt=1&_params%2FOracle%20BI%20EE%3A%3ADefaultApp%3A%3AEVVET3%20PR%20NEW%2FAER%3A%3Adimension%2FAER%20Id%3A%3Aattribute%3A%3Anoaggr%3A%3Axsd%3Adouble=231295&_xt=AER&_xf=pdf""> AER </a>",2010-10-07 00:00:00,Other health care professional,United States,MALE,Dog,Spitz - German Pomeranian,"Cerenia 10 mg/ml  - Solution for injection, Ketamin 10 % šķīdums injekcijām suņiem un kaķiem, Ketamin 10%, Ketamin 100 mg/ml, Ketamine 10% oplossing voor injectie voor honden en katten, Ketamine 10% pro inj., oplossing voor injectie voor honden en katten, Ketamine 10% šķīdums injekcijām suņiem un kaķiem, Ketamine 10%, oplossing voor injectie voor honden en katten, Rimadyl vet. 100 mg Tuggtablett, Rimadyl vet. 20 mg Tuggtablett, Rimadyl vet. 50 mg Tuggtablett, Rimadyl vet., 100 mg, Tuggtablett, КЕТАМИН 10 %","Abnormal radiograph finding, Abnormal stool colouration, Death, Dehydration, Elevated renal parameters, Emesis, Hyperphosphataemia, Loose stool, Other abnormal test result NOS",1,1,1
US-UKPFIZAH-2010-US-36578,"<a target=""_blank""  href=""/xmlpserver/EVVET3 PW NEW/Subject Area Contents/Public Website/Report (PDF)/AER.xdo?_xpf=&_xpt=1&_params%2FOracle%20BI%20EE%3A%3ADefaultApp%3A%3AEVVET3%20PR%20NEW%2FAER%3A%3Adimension%2FAER%20Id%3A%3Aattribute%3A%3Anoaggr%3A%3Axsd%3Adouble=229640&_xt=AER&_xf=pdf""> AER </a>",2010-09-30 00:00:00,Other health care professional,United States,MALE,Dog,Retriever - Labrador,"Rimadyl vet. 100 mg Tuggtablett, Rimadyl vet. 20 mg Tuggtablett, Rimadyl vet. 50 mg Tuggtablett, Rimadyl vet., 100 mg, Tuggtablett","Acute renal failure, Death, Liver failure, Vomiting",1,1,1
US-UKPFIZAH-2010-US-37873,"<a target=""_blank""  href=""/xmlpserver/EVVET3 PW NEW/Subject Area Contents/Public Website/Report (PDF)/AER.xdo?_xpf=&_xpt=1&_params%2FOracle%20BI%20EE%3A%3ADefaultApp%3A%3AEVVET3%20PR%20NEW%2FAER%3A%3Adimension%2FAER%20Id%3A%3Aattribute%3A%3Anoaggr%3A%3Axsd%3Adouble=239464&_xt=AER&_xf=pdf""> AER </a>",2010-11-04 00:00:00,Other health care professional,United States,FEMALE,Dog,Retriever - Golden,"Rimadyl vet. 100 mg Tuggtablett, Rimadyl vet. 20 mg Tuggtablett, Rimadyl vet. 50 mg Tuggtablett, Rimadyl vet., 100 mg, Tuggtablett, Tramadog 50 mg tablet for dogs","Anaemia NOS, Anorexia, Death by euthanasia, Elevated serum alkaline phosphatase (ALP), Elevated total bilirubin, Haemorrhagic diarrhoea, Icterus, Lethargy (see also Central nervous system depression in Neurological), Leukopenia NOS, Other abnormal test result NOS, Pallor",1,1,1
US-UKPFIZAH-2010-US-37943,"<a target=""_blank""  href=""/xmlpserver/EVVET3 PW NEW/Subject Area Contents/Public Website/Report (PDF)/AER.xdo?_xpf=&_xpt=1&_params%2FOracle%20BI%20EE%3A%3ADefaultApp%3A%3AEVVET3%20PR%20NEW%2FAER%3A%3Adimension%2FAER%20Id%3A%3Aattribute%3A%3Anoaggr%3A%3Axsd%3Adouble=231296&_xt=AER&_xf=pdf""> AER </a>",2010-10-07 00:00:00,Animal owner,United States,MALE,Dog,Crossbred Canine/dog,"Rimadyl vet. 100 mg Tuggtablett, Rimadyl vet. 20 mg Tuggtablett, Rimadyl vet. 50 mg Tuggtablett, Rimadyl vet., 100 mg, Tuggtablett","Acute renal failure, Anorexia, Death, Urinary incontinence, Vomiting",1,1,1
US-UKPFIZAH-2010-US-38495,"<a target=""_blank""  href=""/xmlpserver/EVVET3 PW NEW/Subject Area Contents/Public Website/Report (PDF)/AER.xdo?_xpf=&_xpt=1&_params%2FOracle%20BI%20EE%3A%3ADefaultApp%3A%3AEVVET3%20PR%20NEW%2FAER%3A%3Adimension%2FAER%20Id%3A%3Aattribute%3A%3Anoaggr%3A%3Axsd%3Adouble=241614&_xt=AER&_xf=pdf""> AER </a>",2010-11-18 00:00:00,Animal owner,United States,FEMALE,Dog,Retriever - Labrador,"Rimadyl vet. 100 mg Tuggtablett, Rimadyl vet. 20 mg Tuggtablett, Rimadyl vet. 50 mg Tuggtablett, Rimadyl vet., 100 mg, Tuggtablett","Anaemia NOS, Bloody diarrhoea, Death, Dyspnoea, Elevated liver enzymes NOS, Enlarged liver, Hypoproteinaemia, Inappetence, Jaundice, Lethargy (see also Central nervous system depression in Neurological), Liver disorder NOS, Tarry or black stool (see also haemorrhagic diarrhoea)",1,1,1
US-UKPFIZAH-2010-US-38509,"<a target=""_blank""  href=""/xmlpserver/EVVET3 PW NEW/Subject Area Contents/Public Website/Report (PDF)/AER.xdo?_xpf=&_xpt=1&_params%2FOracle%20BI%20EE%3A%3ADefaultApp%3A%3AEVVET3%20PR%20NEW%2FAER%3A%3Adimension%2FAER%20Id%3A%3Aattribute%3A%3Anoaggr%3A%3Axsd%3Adouble=243526&_xt=AER&_xf=pdf""> AER </a>",2010-12-09 00:00:00,Veterinarian,United States,MALE,Dog,Dog (other),"ADEQUAN IM 500 MG/5 ML SOLUTION FOR INJECTION, Adequan, Adequan 100 mg/ml Solution for Injection, Adequan 250 mg/ml Solution for Injection, Rimadyl vet. 100 mg Tuggtablett, Rimadyl vet. 20 mg Tuggtablett, Rimadyl vet. 50 mg Tuggtablett, Rimadyl vet., 100 mg, Tuggtablett","Anaemia NOS, Anorexia, Ascites, Death, Elevated serum alkaline phosphatase (ALP), Gastritis, Hepato-biliary disorder NOS, Hypoproteinaemia, Leukocytosis NOS, Liver fibrosis, Loss of condition, Melaena, Neutrophilia, Peritonitis, Pneumonia, Tarry or black stool (see also haemorrhagic diarrhoea), Ulceration NOS, Vomiting, Weight loss",1,1,1
US-UKPFIZAH-2010-US-38546,"<a target=""_blank""  href=""/xmlpserver/EVVET3 PW NEW/Subject Area Contents/Public Website/Report (PDF)/AER.xdo?_xpf=&_xpt=1&_params%2FOracle%20BI%20EE%3A%3ADefaultApp%3A%3AEVVET3%20PR%20NEW%2FAER%3A%3Adimension%2FAER%20Id%3A%3Aattribute%3A%3Anoaggr%3A%3Axsd%3Adouble=234799&_xt=AER&_xf=pdf""> AER </a>",2010-10-14 00:00:00,Veterinarian,United States,FEMALE,Dog,Mastiff,"Proin 15 mg chewable tablets for dogs, Proin 50 mg chewable tablets for dogs, Rimadyl vet. 100 mg Tuggtablett, Rimadyl vet. 20 mg Tuggtablett, Rimadyl vet. 50 mg Tuggtablett, Rimadyl vet., 100 mg, Tuggtablett","Death, Diarrhoea, Melaena",1,1,1
US-UKPFIZAH-2010-US-38666,"<a target=""_blank""  href=""/xmlpserver/EVVET3 PW NEW/Subject Area Contents/Public Website/Report (PDF)/AER.xdo?_xpf=&_xpt=1&_params%2FOracle%20BI%20EE%3A%3ADefaultApp%3A%3AEVVET3%20PR%20NEW%2FAER%3A%3Adimension%2FAER%20Id%3A%3Aattribute%3A%3Anoaggr%3A%3Axsd%3Adouble=234800&_xt=AER&_xf=pdf""> AER </a>",2010-10-14 00:00:00,Veterinarian,United States,FEMALE,Dog,Rottweiler,"Rimadyl vet. 100 mg Tuggtablett, Rimadyl vet. 20 mg Tuggtablett, Rimadyl vet. 50 mg Tuggtablett, Rimadyl vet., 100 mg, Tuggtablett","Death, Diarrhoea, Dyspnoea, Lethargy (see also Central nervous system depression in Neurological), Recumbency",1,1,1
US-UKPFIZAH-2010-US-39037,"<a target=""_blank""  href=""/xmlpserver/EVVET3 PW NEW/Subject Area Contents/Public Website/Report (PDF)/AER.xdo?_xpf=&_xpt=1&_params%2FOracle%20BI%20EE%3A%3ADefaultApp%3A%3AEVVET3%20PR%20NEW%2FAER%3A%3Adimension%2FAER%20Id%3A%3Aattribute%3A%3Anoaggr%3A%3Axsd%3Adouble=237860&_xt=AER&_xf=pdf""> AER </a>",2010-10-22 00:00:00,Veterinarian,United States,MALE,Dog,"Hound - Swiss - (Lucerne Hound (Luzerner Laufhund), Schwyz Hound (Schweizer Laufhund), Bernese Hound, Jura Hound)","RIMADYL 100 mg COMPRIMIDOS MASTICABLES PARA PERROS, RIMADYL 100 mg comprimate pentru câini, RIMADYL 100 mg, kramtomosios tabletės šunims, RIMADYL 100MG/TAB ΜΑΣΩΜΕΝΟ ΔΙΣΚΙΟ, RIMADYL 20 mg COMPRIMIDOS MASTICABLES PARA PERROS, RIMADYL 20 mg, kramtomosios tabletės šunims, RIMADYL 20MG/TAB ΜΑΣΩΜΕΝΟ ΔΙΣΚΙΟ, RIMADYL 50 mg COMPRIMIDOS MASTICABLES PARA PERROS, RIMADYL 50 mg comprimate pentru câini, RIMADYL 50 mg, kramtomosios tabletės šunims, RIMADYL 50MG/TAB ΜΑΣΩΜΕΝΟ ΔΙΣΚΙΟ, RIMADYL 50mg/ml ενέσιμο διάλυμα για σκύλους και γάτες, RIMADYL CATTLE 50 mg/ml, injekcinis tirpalas galvijams, RIMADYL Cattle 50 mg/ml Solution for Injection, RIMADYL INJECTABLE SOLUTION INJECTABLE POUR CHATS ET CHIENS, RIMADYL Injection 50mg/ml Διαυγές αποστειρωμένο ενέσιμο διάλυμα για σκύλους και γάτες, RIMADYL SMAKELIJKE TABLETTEN 100 mg voor honden, RIMADYL SMAKELIJKE TABLETTEN 50 mg voor honden, RIMADYL VET 50 mg/ml injektioneste, liuos, RIMADYL vet 100 mg purutabletti, RIMADYL vet 20 mg purutabletti, RIMADYL vet 50 mg purutabletti, Rimadyl 100 mg - Kautabletten für Hunde, Rimadyl 100 mg Comprimés Appétents 100 mg Tablet, Rimadyl 100 mg Kautablette für Hunde, Rimadyl 100 mg comprimidos mastigáveis para cães, Rimadyl 100 mg comprimés appétents, 100 mg, comprimés pour chiens, Rimadyl 100 mg okusne, žvečljive tablete za pse, Rimadyl 100 mg tabletes suņiem, Rimadyl 100 mg ízesített tabletta A.U.V., Rimadyl 20 mg - Kautabletten für Hunde, Rimadyl 20 mg Comprimés Appétents 20 mg Comprimé, Rimadyl 20 mg Comprimés Appétents 20 mg Tablet, Rimadyl 20 mg Kautablette für Hunde, Rimadyl 20 mg okusne, žvečljive tablete za pse, Rimadyl 20 mg ízesített tabletta A.U.V., Rimadyl 20 mg таблетки за кучета/Rimadyl 50 mg таблетки за кучета/Rimadyl 100 mg таблетки за кучета, Rimadyl 50 mg - Kautabletten für Hunde, Rimadyl 50 mg Comprimés Appétents 50 mg Tablet, Rimadyl 50 mg Kautablette für Hunde, Rimadyl 50 mg comprimidos mastigáveis para cães, Rimadyl 50 mg comprimés appétents, 50 mg, comprimés pour chiens, Rimadyl 50 mg košļājamās tabletes suņiem, Rimadyl 50 mg okusne, žvečljive tablete za pse, Rimadyl 50 mg ízesített tabletta A.U.V., Rimadyl 50 mg/ml - Injektionslösung für Hunde und Katzen, Rimadyl 50 mg/ml injekčný roztok, Rimadyl 50mg/ml Injektionslösung für Hunde und Katzen, Rimadyl Cattle, 50 mg/mL, otopina za injekciju, za goveda, Rimadyl Iniettabile 50 mg/ml, soluzione iniettabile per cane e gatto., Rimadyl Palatable 100 mg tablety pre psy, Rimadyl Palatable 20 mg tablety pre psy, Rimadyl Palatable 50 mg tablety pre psy, Rimadyl Palatable Tablets 100, Rimadyl Palatable Tablets 100 mg, Rimadyl Palatable Tablets 100 mg tabletes suņiem, Rimadyl Palatable Tablets 20 mg, Rimadyl Palatable Tablets 20 mg tabletes suņiem, Rimadyl Palatable Tablets 50, Rimadyl Palatable Tablets 50 mg, Rimadyl Palatable Tablets 50 mg tabletes suņiem, Rimadyl Palatable Tablets da 100 mg per cani, Rimadyl Palatable Tablets da 20 mg per cani, Rimadyl Palatable Tablets da 50 mg per cani, Rimadyl Palatable, 100mg, Žvýkací tableta, Rimadyl Palatable, 20mg, Žvýkací tableta, Rimadyl Palatable, 50mg, Žvýkací tableta, Rimadyl Solution for Injection for dogs and cats 50 mg/ml, Rimadyl Vet. 100 mg tyggetabletter, Rimadyl Vet. 20 mg tyggetabletter, Rimadyl Vet. 50 mg tyggetabletter, Rimadyl cattle 50 mg/ml oplossing voor injectie, Rimadyl injectievloeistof, 50 mg/ml voor honden en katten, Rimadyl smakelijke tabletten 100 mg voor honden, Rimadyl smakelijke tabletten 20 mg voor honden, Rimadyl smakelijke tabletten 50 mg voor honden, Rimadyl vet. 100 mg Tuggtablett, Rimadyl vet. 100 mg tyggetabletter, Rimadyl vet. 20 mg Tuggtablett, Rimadyl vet. 20 mg tyggetabletter, Rimadyl vet. 50 mg Tuggtablett, Rimadyl vet. 50 mg tyggetabletter, Rimadyl vet., 100 mg, Tuggtablett, Rimadyl Μασώμενο Δισκίο 100mg για σκύλους, Rimadyl Μασώμενο Δισκίο 20mg για σκύλους, Rimadyl Μασώμενο Δισκίο 50mg για σκύλους, Rimadyl, 100 mg närimistablett koertele, Rimadyl, 20 mg närimistablett koertele, Rimadyl, 50 mg närimistablett koertele, Rim","Lethargy (see also Central nervous system depression in Neurological), Seizure NOS, Sudden death",1,1,1
US-UKPFIZAH-2010-US-39118,"<a target=""_blank""  href=""/xmlpserver/EVVET3 PW NEW/Subject Area Contents/Public Website/Report (PDF)/AER.xdo?_xpf=&_xpt=1&_params%2FOracle%20BI%20EE%3A%3ADefaultApp%3A%3AEVVET3%20PR%20NEW%2FAER%3A%3Adimension%2FAER%20Id%3A%3Aattribute%3A%3Anoaggr%3A%3Axsd%3Adouble=243527&_xt=AER&_xf=pdf""> AER </a>",2010-12-09 00:00:00,Animal owner,United States,FEMALE,Dog,Sheepdog - Old English,"Rimadyl vet. 100 mg Tuggtablett, Rimadyl vet. 20 mg Tuggtablett, Rimadyl vet. 50 mg Tuggtablett, Rimadyl vet., 100 mg, Tuggtablett","Agitation, Behavioural disorder NOS, Collapse NOS (see also Cardio-vascular and Neurological disorders), Death by euthanasia, Nasal cavity and sinus disorder NOS, Pale mucous membrane, Seizure NOS, Wheezing",1,1,1
US-UKPFIZAH-2010-US-39945,"<a target=""_blank""  href=""/xmlpserver/EVVET3 PW NEW/Subject Area Contents/Public Website/Report (PDF)/AER.xdo?_xpf=&_xpt=1&_params%2FOracle%20BI%20EE%3A%3ADefaultApp%3A%3AEVVET3%20PR%20NEW%2FAER%3A%3Adimension%2FAER%20Id%3A%3Aattribute%3A%3Anoaggr%3A%3Axsd%3Adouble=245052&_xt=AER&_xf=pdf""> AER </a>",2010-12-16 00:00:00,Other health care professional,United States,FEMALE,Dog,Terrier - Jack Russell,"Cerenia 10 mg/ml  - Solution for injection, Fuxien vet 1000 mg/g inhalaatiohöyry, neste, ISOFLURANE-Vet 1000 mg/g liquido per inalazione per cani e gatti, ISOFLURIN 1000mg/g ΥΓΡΟ ΓΙΑ ΕΙΣΠΝΕΟΜΕΝΟΥΣ ΑΤΜΟΥΣ, Isoflurane 100% Inhalation Vapour, Liquid, Isoflurane 1000 mg/g Inhalation Vapour, liquid., MARAVET AMOXICILLIN, Metronidazole VET-AGRO 250 mg tabletten voor honden en katten, Rimadyl vet. 100 mg Tuggtablett, Rimadyl vet. 20 mg Tuggtablett, Rimadyl vet. 50 mg Tuggtablett, Rimadyl vet., 100 mg, Tuggtablett, АМПИЦИЛИН шприц-канюли","Death by euthanasia, Dehydration, Diarrhoea, Elevated alanine aminotransferase (ALT), Elevated serum alkaline phosphatase (ALP), Elevated total bilirubin, Heart murmur, Icterus, Inappetence, Other abnormal test result NOS, Pancreatitis NOS, Polydipsia, Vomiting",1,1,1
US-UKPFIZAH-2010-US-40053,"<a target=""_blank""  href=""/xmlpserver/EVVET3 PW NEW/Subject Area Contents/Public Website/Report (PDF)/AER.xdo?_xpf=&_xpt=1&_params%2FOracle%20BI%20EE%3A%3ADefaultApp%3A%3AEVVET3%20PR%20NEW%2FAER%3A%3Adimension%2FAER%20Id%3A%3Aattribute%3A%3Anoaggr%3A%3Axsd%3Adouble=239465&_xt=AER&_xf=pdf""> AER </a>",2010-11-04 00:00:00,Veterinarian,United States,FEMALE,Dog,Retriever - Golden,"Rimadyl vet. 100 mg Tuggtablett, Rimadyl vet. 20 mg Tuggtablett, Rimadyl vet. 50 mg Tuggtablett, Rimadyl vet., 100 mg, Tuggtablett, Soloxine 0.1 mg Tablet, Soloxine 0.2 mg Tablet, Soloxine 0.3 mg Tablet, Soloxine 0.5 mg Tablet, Soloxine 0.8 mg Tablet, Tramadog 50 mg tablet for dogs","Death, Haematemesis, Haematochezia, Haemorrhagic gastroenteritis, Lethargy (see also Central nervous system depression in Neurological), Other abnormal test result NOS, Proteinuria, Systemic disorder NOS, Vomiting",1,1,1
US-UKPFIZAH-2010-US-40105,"<a target=""_blank""  href=""/xmlpserver/EVVET3 PW NEW/Subject Area Contents/Public Website/Report (PDF)/AER.xdo?_xpf=&_xpt=1&_params%2FOracle%20BI%20EE%3A%3ADefaultApp%3A%3AEVVET3%20PR%20NEW%2FAER%3A%3Adimension%2FAER%20Id%3A%3Aattribute%3A%3Anoaggr%3A%3Axsd%3Adouble=237856&_xt=AER&_xf=pdf""> AER </a>",2010-10-22 00:00:00,Animal owner,United States,MALE,Dog,Retriever - Labrador,"Rimadyl vet. 100 mg Tuggtablett, Rimadyl vet. 20 mg Tuggtablett, Rimadyl vet. 50 mg Tuggtablett, Rimadyl vet., 100 mg, Tuggtablett, Soloxine 0.1 mg Tablet, Soloxine 0.2 mg Tablet, Soloxine 0.3 mg Tablet, Soloxine 0.5 mg Tablet, Soloxine 0.8 mg Tablet","Death, Other abnormal test result NOS, Seizure NOS",1,1,1
US-UKPFIZAH-2010-US-40256,"<a target=""_blank""  href=""/xmlpserver/EVVET3 PW NEW/Subject Area Contents/Public Website/Report (PDF)/AER.xdo?_xpf=&_xpt=1&_params%2FOracle%20BI%20EE%3A%3ADefaultApp%3A%3AEVVET3%20PR%20NEW%2FAER%3A%3Adimension%2FAER%20Id%3A%3Aattribute%3A%3Anoaggr%3A%3Axsd%3Adouble=243528&_xt=AER&_xf=pdf""> AER </a>",2010-12-09 00:00:00,Veterinarian,United States,FEMALE,Dog,Retriever - Golden,"CEPHALEXIN 180 mg/ml suspenzija za injiciranje, Rimadyl vet. 100 mg Tuggtablett, Rimadyl vet. 20 mg Tuggtablett, Rimadyl vet. 50 mg Tuggtablett, Rimadyl vet., 100 mg, Tuggtablett","Anaemia NOS, Death by euthanasia, Inappetence",1,1,1
US-UKPFIZAH-2010-US-40614,"<a target=""_blank""  href=""/xmlpserver/EVVET3 PW NEW/Subject Area Contents/Public Website/Report (PDF)/AER.xdo?_xpf=&_xpt=1&_params%2FOracle%20BI%20EE%3A%3ADefaultApp%3A%3AEVVET3%20PR%20NEW%2FAER%3A%3Adimension%2FAER%20Id%3A%3Aattribute%3A%3Anoaggr%3A%3Axsd%3Adouble=239466&_xt=AER&_xf=pdf""> AER </a>",2010-11-04 00:00:00,Animal owner,United States,MALE,Dog,Retriever - Labrador,"Rimadyl vet. 100 mg Tuggtablett, Rimadyl vet. 20 mg Tuggtablett, Rimadyl vet. 50 mg Tuggtablett, Rimadyl vet., 100 mg, Tuggtablett","Anorexia, Death by euthanasia, Lethargy (see also Central nervous system depression in Neurological), Limb weakness, Other abnormal test result NOS, Panting",1,1,1
US-UKPFIZAH-2010-US-40636,"<a target=""_blank""  href=""/xmlpserver/EVVET3 PW NEW/Subject Area Contents/Public Website/Report (PDF)/AER.xdo?_xpf=&_xpt=1&_params%2FOracle%20BI%20EE%3A%3ADefaultApp%3A%3AEVVET3%20PR%20NEW%2FAER%3A%3Adimension%2FAER%20Id%3A%3Aattribute%3A%3Anoaggr%3A%3Axsd%3Adouble=243041&_xt=AER&_xf=pdf""> AER </a>",2010-12-02 00:00:00,Animal owner,United States,FEMALE,Dog,Hound - Basset,"Rimadyl vet. 100 mg Tuggtablett, Rimadyl vet. 20 mg Tuggtablett, Rimadyl vet. 50 mg Tuggtablett, Rimadyl vet., 100 mg, Tuggtablett","Ataxia, Death by euthanasia, Hind limb paresis, Proprioception deficit",1,1,1
US-UKPFIZAH-2010-US-40783,"<a target=""_blank""  href=""/xmlpserver/EVVET3 PW NEW/Subject Area Contents/Public Website/Report (PDF)/AER.xdo?_xpf=&_xpt=1&_params%2FOracle%20BI%20EE%3A%3ADefaultApp%3A%3AEVVET3%20PR%20NEW%2FAER%3A%3Adimension%2FAER%20Id%3A%3Aattribute%3A%3Anoaggr%3A%3Axsd%3Adouble=245053&_xt=AER&_xf=pdf""> AER </a>",2010-12-16 00:00:00,Veterinarian,United States,FEMALE,Dog,Shepherd Dog - Australian,"Rimadyl vet. 100 mg Tuggtablett, Rimadyl vet. 20 mg Tuggtablett, Rimadyl vet. 50 mg Tuggtablett, Rimadyl vet., 100 mg, Tuggtablett, Tramadog 50 mg tablet for dogs","Anaemia NOS, Anorexia, Death by euthanasia, Elevated alanine aminotransferase (ALT), Elevated blood urea nitrogen (BUN), Elevated creatinine, Elevated serum alkaline phosphatase (ALP), Elevated total bilirubin, Hyperphosphataemia, Icterus, Leukocytosis NOS, Other abnormal test result NOS, Vomiting",1,1,1
US-UKPFIZAH-2010-US-41167,"<a target=""_blank""  href=""/xmlpserver/EVVET3 PW NEW/Subject Area Contents/Public Website/Report (PDF)/AER.xdo?_xpf=&_xpt=1&_params%2FOracle%20BI%20EE%3A%3ADefaultApp%3A%3AEVVET3%20PR%20NEW%2FAER%3A%3Adimension%2FAER%20Id%3A%3Aattribute%3A%3Anoaggr%3A%3Axsd%3Adouble=240290&_xt=AER&_xf=pdf""> AER </a>",2010-11-11 00:00:00,Animal owner,United States,FEMALE,Dog,Siberian Husky,"Rimadyl vet. 100 mg Tuggtablett, Rimadyl vet. 20 mg Tuggtablett, Rimadyl vet. 50 mg Tuggtablett, Rimadyl vet., 100 mg, Tuggtablett","Death, Lethargy (see also Central nervous system depression in Neurological), Pain NOS, Reduced responses, Seizure NOS, Tachycardia, Tachypnoea, Vocalisation",1,1,1
US-UKPFIZAH-2010-US-42602,"<a target=""_blank""  href=""/xmlpserver/EVVET3 PW NEW/Subject Area Contents/Public Website/Report (PDF)/AER.xdo?_xpf=&_xpt=1&_params%2FOracle%20BI%20EE%3A%3ADefaultApp%3A%3AEVVET3%20PR%20NEW%2FAER%3A%3Adimension%2FAER%20Id%3A%3Aattribute%3A%3Anoaggr%3A%3Axsd%3Adouble=243529&_xt=AER&_xf=pdf""> AER </a>",2010-12-09 00:00:00,Veterinarian,United States,MALE,Dog,Retriever - Labrador,"DFV DOXIVET 200 mg/ml, solution for use in drinking water for pigs and chickens, DFV DOXIVET 500 mg/g, powder for use in drinking water for pigs and chickens, Doxycycline 100 mg tablet, voor honden en katten, Doxycycline 15 mg tabletten voor honden en katten, Doxycycline 20% W.O., Doxycycline 20% W.O. poeder voor toediening via drinkwater voor vleeskuikens, Doxycycline 50% WSP, 500 mg/g, prašak za primjenu u vodi za piće/mliječnoj zamjenici, za goveda, svinje i kokoši, Doxycycline 500 mg/kg, poeder voor gebruik in drinkwater voor varken en kip, Doxycycline 75 mg tabletten voor honden, Doxycycline tabletten 20 mg voor honden en katten, Rimadyl vet. 100 mg Tuggtablett, Rimadyl vet. 20 mg Tuggtablett, Rimadyl vet. 50 mg Tuggtablett, Rimadyl vet., 100 mg, Tuggtablett, Soloxine 0.1 mg Tablet, Soloxine 0.2 mg Tablet, Soloxine 0.3 mg Tablet, Soloxine 0.5 mg Tablet, Soloxine 0.8 mg Tablet, Доксициклин 20% водоразтворим прах, Доксициклин 200 водоразтворим прах","Death by euthanasia, Elevated alanine aminotransferase (ALT), Elevated renal parameters, Elevated total bilirubin, Hyperphosphataemia, Lethargy (see also Central nervous system depression in Neurological), Leukocytosis NOS, Polyuria, Vomiting",1,1,1
US-UKPFIZAH-2010-US-43156,"<a target=""_blank""  href=""/xmlpserver/EVVET3 PW NEW/Subject Area Contents/Public Website/Report (PDF)/AER.xdo?_xpf=&_xpt=1&_params%2FOracle%20BI%20EE%3A%3ADefaultApp%3A%3AEVVET3%20PR%20NEW%2FAER%3A%3Adimension%2FAER%20Id%3A%3Aattribute%3A%3Anoaggr%3A%3Axsd%3Adouble=243530&_xt=AER&_xf=pdf""> AER </a>",2010-12-09 00:00:00,Veterinarian,United States,MALE,Dog,Shepherd Dog - Belgian Tervueren,"Rimadyl vet. 100 mg Tuggtablett, Rimadyl vet. 20 mg Tuggtablett, Rimadyl vet. 50 mg Tuggtablett, Rimadyl vet., 100 mg, Tuggtablett","Anorexia, Death by euthanasia, Haematemesis, Lethargy (see also Central nervous system depression in Neurological), Melaena, Vomiting, Weight loss",1,1,1
US-UKPFIZAH-2010-US-43158,"<a target=""_blank""  href=""/xmlpserver/EVVET3 PW NEW/Subject Area Contents/Public Website/Report (PDF)/AER.xdo?_xpf=&_xpt=1&_params%2FOracle%20BI%20EE%3A%3ADefaultApp%3A%3AEVVET3%20PR%20NEW%2FAER%3A%3Adimension%2FAER%20Id%3A%3Aattribute%3A%3Anoaggr%3A%3Axsd%3Adouble=242143&_xt=AER&_xf=pdf""> AER </a>",2010-11-25 00:00:00,Animal owner,United States,FEMALE,Dog,Schnauzer (unspecified),"ANTISEDAN, ANTISEDAN 5 mg/ml SOLUCIÓN INYECTABLE PARA PERROS Y GATOS, ANTISEDAN 5 mg/ml raztopina za injiciranje za pse in mačke, ANTISEDAN 5MG/ML ΕΝΕΣΙΜΟ ΔΙΑΛΥΜΑ, ANTISEDAN SOLUTION INJECTABLE POUR CHIENS ET CHATS, ANTISEDAN, 5 mg/mL, otopina za injekciju, za pse i mačke, Antisedan 5 mg/ 1 ml, roztwór do wstrzykiwań dla psów i kotów, Antisedan 5 mg/ml  Injektionslösung für Hunde und Katzen, Antisedan 5 mg/ml - Injektionslösung für Hunde und Katzen, Antisedan 5 mg/ml Oplossing voor injectie, Antisedan 5 mg/ml Solution injectable, Antisedan 5 mg/ml injekčný roztok pre psy a mačky, Antisedan 5 mg/ml oldatos injekció kutya és macska részére.A.U.V., Antisedan 5 mg/ml solution for injection, Antisedan 5 mg/ml solução injetável para cães e gatos, Antisedan Vet 5 mg/ml injekcinis tirpalas, Antisedan Vet 5 mg/ml šķīdums injekcijām, Antisedan Vet, 5 mg/ml süstelahus, Antisedan Vet. 5 mg/ml injektionsvæske, opløsning, Antisedan vet 5 mg/ml injektioneste, liuos, Antisedan vet. 5 mg/ml Injektionsvätska, lösning, Antisedan vet. 5 mg/ml Stungulyf, lausn Handa hundum og köttum., Antisedan vet. 5 mg/ml injeksjonsvæske, oppløsning, til hund og katt, Antisedan vet., 5 mg/ml, Injektionsvätska, lösning, Antisedan, 5 mg/ml oplossing voor injectie voor honden en katten, Antisedan, 5mg/ml, Injekční roztok, Dexdomitor 0.1 mg/ml - Solution for injection, Dexdomitor 0.5 mg/ml - Solution for injection, MARAVET AMOXICILLIN, Metacam 0.5 mg/ml - Oral suspension (cats, guinea pigs), Metacam 0.5 mg/ml - Oral suspension (dogs), Metacam 1 mg - Chewable tablet (dogs), Metacam 1.5 mg/ml - Oral suspension (dogs), Metacam 15 mg/ml - Oral suspension (horses), Metacam 15 mg/ml - Oral suspension (pigs), Metacam 2 mg/ml - Solution for injection (cats), Metacam 2.5 mg - Chewable tablet (dogs), Metacam 20 mg/ml - Solution for injection (cattle, pigs, horses), Metacam 40 mg/ml - Solution for injection (cattle, horses), Metacam 5 mg/ml - Solution for injection (cats, dogs), Metacam 5 mg/ml - Solution for injection (cattle, pigs), Metacam 5 mg/ml - Solution for injection (dogs), Rimadyl vet. 100 mg Tuggtablett, Rimadyl vet. 20 mg Tuggtablett, Rimadyl vet. 50 mg Tuggtablett, Rimadyl vet., 100 mg, Tuggtablett, АНТИСЕДАН ВЕТ 5 mg/ml инжекционен разтвор","Anorexia, Death, Elevated liver enzymes NOS, Elevated renal parameters, Elevated total bilirubin, Vomiting",1,1,1
US-UKPFIZAH-2010-US-43718,"<a target=""_blank""  href=""/xmlpserver/EVVET3 PW NEW/Subject Area Contents/Public Website/Report (PDF)/AER.xdo?_xpf=&_xpt=1&_params%2FOracle%20BI%20EE%3A%3ADefaultApp%3A%3AEVVET3%20PR%20NEW%2FAER%3A%3Adimension%2FAER%20Id%3A%3Aattribute%3A%3Anoaggr%3A%3Axsd%3Adouble=242144&_xt=AER&_xf=pdf""> AER </a>",2010-11-25 00:00:00,Animal owner,United States,MALE,Dog,Shar Pei,"Rimadyl vet. 100 mg Tuggtablett, Rimadyl vet. 20 mg Tuggtablett, Rimadyl vet. 50 mg Tuggtablett, Rimadyl vet., 100 mg, Tuggtablett","Ataxia, Circling - neurological disorder (see also Behavioural disorders), Death by euthanasia, Head tilt - ear disorder",1,1,1
US-UKPFIZAH-2010-US-43978,"<a target=""_blank""  href=""/xmlpserver/EVVET3 PW NEW/Subject Area Contents/Public Website/Report (PDF)/AER.xdo?_xpf=&_xpt=1&_params%2FOracle%20BI%20EE%3A%3ADefaultApp%3A%3AEVVET3%20PR%20NEW%2FAER%3A%3Adimension%2FAER%20Id%3A%3Aattribute%3A%3Anoaggr%3A%3Axsd%3Adouble=242145&_xt=AER&_xf=pdf""> AER </a>",2010-11-25 00:00:00,Veterinarian,United States,FEMALE,Dog,Dog (other),"DFV DOXIVET 200 mg/ml, solution for use in drinking water for pigs and chickens, DFV DOXIVET 500 mg/g, powder for use in drinking water for pigs and chickens, Doxycycline 100 mg tablet, voor honden en katten, Doxycycline 15 mg tabletten voor honden en katten, Doxycycline 20% W.O., Doxycycline 20% W.O. poeder voor toediening via drinkwater voor vleeskuikens, Doxycycline 50% WSP, 500 mg/g, prašak za primjenu u vodi za piće/mliječnoj zamjenici, za goveda, svinje i kokoši, Doxycycline 500 mg/kg, poeder voor gebruik in drinkwater voor varken en kip, Doxycycline 75 mg tabletten voor honden, Doxycycline tabletten 20 mg voor honden en katten, Rimadyl vet. 100 mg Tuggtablett, Rimadyl vet. 20 mg Tuggtablett, Rimadyl vet. 50 mg Tuggtablett, Rimadyl vet., 100 mg, Tuggtablett, Tramadog 50 mg tablet for dogs, Доксициклин 20% водоразтворим прах, Доксициклин 200 водоразтворим прах","Anaemia NOS, Anorexia, Bruising, Death, Ecchymosis, Immune mediated haemolytic anaemia, Lethargy (see also Central nervous system depression in Neurological), Leukocytosis NOS, Low platelet count, Red blood cell disorder",1,1,1
US-UKPFIZAH-2010-US-44050,"<a target=""_blank""  href=""/xmlpserver/EVVET3 PW NEW/Subject Area Contents/Public Website/Report (PDF)/AER.xdo?_xpf=&_xpt=1&_params%2FOracle%20BI%20EE%3A%3ADefaultApp%3A%3AEVVET3%20PR%20NEW%2FAER%3A%3Adimension%2FAER%20Id%3A%3Aattribute%3A%3Anoaggr%3A%3Axsd%3Adouble=242146&_xt=AER&_xf=pdf""> AER </a>",2010-11-25 00:00:00,Animal owner,United States,MALE,Dog,Terrier - Bull,"Rimadyl vet. 100 mg Tuggtablett, Rimadyl vet. 20 mg Tuggtablett, Rimadyl vet. 50 mg Tuggtablett, Rimadyl vet., 100 mg, Tuggtablett","Cardiac arrest, Death, Elevated renal parameters, Hypercalcaemia, Hyperkalaemia, Lethargy (see also Central nervous system depression in Neurological), Leukocytosis NOS, Mydriasis, Neutrophilia, Other abnormal test result NOS, Pain NOS, Retching, Stumbling gait, Weakness",1,1,1
US-UKPFIZAH-2010-US-44183,"<a target=""_blank""  href=""/xmlpserver/EVVET3 PW NEW/Subject Area Contents/Public Website/Report (PDF)/AER.xdo?_xpf=&_xpt=1&_params%2FOracle%20BI%20EE%3A%3ADefaultApp%3A%3AEVVET3%20PR%20NEW%2FAER%3A%3Adimension%2FAER%20Id%3A%3Aattribute%3A%3Anoaggr%3A%3Axsd%3Adouble=242147&_xt=AER&_xf=pdf""> AER </a>",2010-11-25 00:00:00,Animal owner,United States,MALE,Dog,Terrier - Bull - Staffordshire,"Rimadyl vet. 100 mg Tuggtablett, Rimadyl vet. 20 mg Tuggtablett, Rimadyl vet. 50 mg Tuggtablett, Rimadyl vet., 100 mg, Tuggtablett","Death, Discoloured urine, Lethargy (see also Central nervous system depression in Neurological), Vomiting, Walking difficulty",1,1,1
US-UKPFIZAH-2010-US-44581,"<a target=""_blank""  href=""/xmlpserver/EVVET3 PW NEW/Subject Area Contents/Public Website/Report (PDF)/AER.xdo?_xpf=&_xpt=1&_params%2FOracle%20BI%20EE%3A%3ADefaultApp%3A%3AEVVET3%20PR%20NEW%2FAER%3A%3Adimension%2FAER%20Id%3A%3Aattribute%3A%3Anoaggr%3A%3Axsd%3Adouble=245054&_xt=AER&_xf=pdf""> AER </a>",2010-12-16 00:00:00,Animal owner,United States,MALE,Dog,Bulldog,"Rimadyl vet. 100 mg Tuggtablett, Rimadyl vet. 20 mg Tuggtablett, Rimadyl vet. 50 mg Tuggtablett, Rimadyl vet., 100 mg, Tuggtablett","Death by euthanasia, Diarrhoea, Fluid in thorax, Fracture, Increased respiratory rate, Lethargy (see also Central nervous system depression in Neurological), Limb weakness, Limping, Neoplasia NOS, Polyuria, Weight loss",1,1,1
US-UKPFIZAH-2010-US-44788,"<a target=""_blank""  href=""/xmlpserver/EVVET3 PW NEW/Subject Area Contents/Public Website/Report (PDF)/AER.xdo?_xpf=&_xpt=1&_params%2FOracle%20BI%20EE%3A%3ADefaultApp%3A%3AEVVET3%20PR%20NEW%2FAER%3A%3Adimension%2FAER%20Id%3A%3Aattribute%3A%3Anoaggr%3A%3Axsd%3Adouble=245055&_xt=AER&_xf=pdf""> AER </a>",2010-12-16 00:00:00,Animal owner,United States,FEMALE,Dog,Bulldog,"Rimadyl vet. 100 mg Tuggtablett, Rimadyl vet. 20 mg Tuggtablett, Rimadyl vet. 50 mg Tuggtablett, Rimadyl vet., 100 mg, Tuggtablett","Death by euthanasia, Diarrhoea, Digestive tract haemorrhage NOS, Jaundice, Liver failure, Vomiting",1,1,1
US-UKPFIZAH-2010-US-44838,"<a target=""_blank""  href=""/xmlpserver/EVVET3 PW NEW/Subject Area Contents/Public Website/Report (PDF)/AER.xdo?_xpf=&_xpt=1&_params%2FOracle%20BI%20EE%3A%3ADefaultApp%3A%3AEVVET3%20PR%20NEW%2FAER%3A%3Adimension%2FAER%20Id%3A%3Aattribute%3A%3Anoaggr%3A%3Axsd%3Adouble=245056&_xt=AER&_xf=pdf""> AER </a>",2010-12-16 00:00:00,Animal owner,United States,MALE,Dog,Pekingese,"Rimadyl vet. 100 mg Tuggtablett, Rimadyl vet. 20 mg Tuggtablett, Rimadyl vet. 50 mg Tuggtablett, Rimadyl vet., 100 mg, Tuggtablett","Abnormal stool colouration, Anaemia NOS, Ataxia, Blood in faeces, Blood in urine, Death by euthanasia, Elevated blood urea nitrogen (BUN), Gut sounds increased, Inappropriate urination, Lethargy (see also Central nervous system depression in Neurological), Leukocytosis NOS, Not eating, Other abnormal test result NOS, Polydipsia, Red blood cell disorder, Reluctant to move, Seizure NOS, Urine abnormalities NOS",1,1,1
US-UKPFIZAH-2010-US-45083,"<a target=""_blank""  href=""/xmlpserver/EVVET3 PW NEW/Subject Area Contents/Public Website/Report (PDF)/AER.xdo?_xpf=&_xpt=1&_params%2FOracle%20BI%20EE%3A%3ADefaultApp%3A%3AEVVET3%20PR%20NEW%2FAER%3A%3Adimension%2FAER%20Id%3A%3Aattribute%3A%3Anoaggr%3A%3Axsd%3Adouble=243684&_xt=AER&_xf=pdf""> AER </a>",2010-12-09 00:00:00,Veterinarian,United States,FEMALE,Dog,Beagle,"RIMADYL 100 mg COMPRIMIDOS MASTICABLES PARA PERROS, RIMADYL 100 mg comprimate pentru câini, RIMADYL 100 mg, kramtomosios tabletės šunims, RIMADYL 100MG/TAB ΜΑΣΩΜΕΝΟ ΔΙΣΚΙΟ, RIMADYL 20 mg COMPRIMIDOS MASTICABLES PARA PERROS, RIMADYL 20 mg, kramtomosios tabletės šunims, RIMADYL 20MG/TAB ΜΑΣΩΜΕΝΟ ΔΙΣΚΙΟ, RIMADYL 50 mg COMPRIMIDOS MASTICABLES PARA PERROS, RIMADYL 50 mg comprimate pentru câini, RIMADYL 50 mg, kramtomosios tabletės šunims, RIMADYL 50MG/TAB ΜΑΣΩΜΕΝΟ ΔΙΣΚΙΟ, RIMADYL 50mg/ml ενέσιμο διάλυμα για σκύλους και γάτες, RIMADYL CATTLE 50 mg/ml, injekcinis tirpalas galvijams, RIMADYL Cattle 50 mg/ml Solution for Injection, RIMADYL INJECTABLE SOLUTION INJECTABLE POUR CHATS ET CHIENS, RIMADYL Injection 50mg/ml Διαυγές αποστειρωμένο ενέσιμο διάλυμα για σκύλους και γάτες, RIMADYL SMAKELIJKE TABLETTEN 100 mg voor honden, RIMADYL SMAKELIJKE TABLETTEN 50 mg voor honden, RIMADYL VET 50 mg/ml injektioneste, liuos, RIMADYL vet 100 mg purutabletti, RIMADYL vet 20 mg purutabletti, RIMADYL vet 50 mg purutabletti, Rimadyl 100 mg - Kautabletten für Hunde, Rimadyl 100 mg Comprimés Appétents 100 mg Tablet, Rimadyl 100 mg Kautablette für Hunde, Rimadyl 100 mg comprimidos mastigáveis para cães, Rimadyl 100 mg comprimés appétents, 100 mg, comprimés pour chiens, Rimadyl 100 mg okusne, žvečljive tablete za pse, Rimadyl 100 mg tabletes suņiem, Rimadyl 100 mg ízesített tabletta A.U.V., Rimadyl 20 mg - Kautabletten für Hunde, Rimadyl 20 mg Comprimés Appétents 20 mg Comprimé, Rimadyl 20 mg Comprimés Appétents 20 mg Tablet, Rimadyl 20 mg Kautablette für Hunde, Rimadyl 20 mg okusne, žvečljive tablete za pse, Rimadyl 20 mg ízesített tabletta A.U.V., Rimadyl 20 mg таблетки за кучета/Rimadyl 50 mg таблетки за кучета/Rimadyl 100 mg таблетки за кучета, Rimadyl 50 mg - Kautabletten für Hunde, Rimadyl 50 mg Comprimés Appétents 50 mg Tablet, Rimadyl 50 mg Kautablette für Hunde, Rimadyl 50 mg comprimidos mastigáveis para cães, Rimadyl 50 mg comprimés appétents, 50 mg, comprimés pour chiens, Rimadyl 50 mg košļājamās tabletes suņiem, Rimadyl 50 mg okusne, žvečljive tablete za pse, Rimadyl 50 mg ízesített tabletta A.U.V., Rimadyl 50 mg/ml - Injektionslösung für Hunde und Katzen, Rimadyl 50 mg/ml injekčný roztok, Rimadyl 50mg/ml Injektionslösung für Hunde und Katzen, Rimadyl Cattle, 50 mg/mL, otopina za injekciju, za goveda, Rimadyl Iniettabile 50 mg/ml, soluzione iniettabile per cane e gatto., Rimadyl Palatable 100 mg tablety pre psy, Rimadyl Palatable 20 mg tablety pre psy, Rimadyl Palatable 50 mg tablety pre psy, Rimadyl Palatable Tablets 100, Rimadyl Palatable Tablets 100 mg, Rimadyl Palatable Tablets 100 mg tabletes suņiem, Rimadyl Palatable Tablets 20 mg, Rimadyl Palatable Tablets 20 mg tabletes suņiem, Rimadyl Palatable Tablets 50, Rimadyl Palatable Tablets 50 mg, Rimadyl Palatable Tablets 50 mg tabletes suņiem, Rimadyl Palatable Tablets da 100 mg per cani, Rimadyl Palatable Tablets da 20 mg per cani, Rimadyl Palatable Tablets da 50 mg per cani, Rimadyl Palatable, 100mg, Žvýkací tableta, Rimadyl Palatable, 20mg, Žvýkací tableta, Rimadyl Palatable, 50mg, Žvýkací tableta, Rimadyl Solution for Injection for dogs and cats 50 mg/ml, Rimadyl Vet. 100 mg tyggetabletter, Rimadyl Vet. 20 mg tyggetabletter, Rimadyl Vet. 50 mg tyggetabletter, Rimadyl cattle 50 mg/ml oplossing voor injectie, Rimadyl injectievloeistof, 50 mg/ml voor honden en katten, Rimadyl smakelijke tabletten 100 mg voor honden, Rimadyl smakelijke tabletten 20 mg voor honden, Rimadyl smakelijke tabletten 50 mg voor honden, Rimadyl vet. 100 mg Tuggtablett, Rimadyl vet. 100 mg tyggetabletter, Rimadyl vet. 20 mg Tuggtablett, Rimadyl vet. 20 mg tyggetabletter, Rimadyl vet. 50 mg Tuggtablett, Rimadyl vet. 50 mg tyggetabletter, Rimadyl vet., 100 mg, Tuggtablett, Rimadyl Μασώμενο Δισκίο 100mg για σκύλους, Rimadyl Μασώμενο Δισκίο 20mg για σκύλους, Rimadyl Μασώμενο Δισκίο 50mg για σκύλους, Rimadyl, 100 mg närimistablett koertele, Rimadyl, 20 mg närimistablett koertele, Rimadyl, 50 mg närimistablett koertele, Rim","Abnormal breathing, Death, Depression, Hypothermia, Lateral recumbency, Neurological signs NOS, Reduced responses, Vomiting, Weakness",1,1,1
US-UKPFIZAH-2010-US-45347,"<a target=""_blank""  href=""/xmlpserver/EVVET3 PW NEW/Subject Area Contents/Public Website/Report (PDF)/AER.xdo?_xpf=&_xpt=1&_params%2FOracle%20BI%20EE%3A%3ADefaultApp%3A%3AEVVET3%20PR%20NEW%2FAER%3A%3Adimension%2FAER%20Id%3A%3Aattribute%3A%3Anoaggr%3A%3Axsd%3Adouble=243531&_xt=AER&_xf=pdf""> AER </a>",2010-12-09 00:00:00,Veterinarian,United States,MALE,Dog,Dog (other),"Baytril vet. 100 mg/ml Injektionsvätska, lösning, Baytril vet. 25 mg/ml Injektionsvätska, lösning, Convenia 80 mg/ml  - Powder and solvent for solution for injection, Rimadyl vet. 100 mg Tuggtablett, Rimadyl vet. 20 mg Tuggtablett, Rimadyl vet. 50 mg Tuggtablett, Rimadyl vet., 100 mg, Tuggtablett, Tramadog 50 mg tablet for dogs","Death by euthanasia, Inappropriate urination, Urinary tract infection, Urinary tract neoplasm NOS, Weight loss",1,1,1
US-UKPFIZAH-2010-US-45375,"<a target=""_blank""  href=""/xmlpserver/EVVET3 PW NEW/Subject Area Contents/Public Website/Report (PDF)/AER.xdo?_xpf=&_xpt=1&_params%2FOracle%20BI%20EE%3A%3ADefaultApp%3A%3AEVVET3%20PR%20NEW%2FAER%3A%3Adimension%2FAER%20Id%3A%3Aattribute%3A%3Anoaggr%3A%3Axsd%3Adouble=243532&_xt=AER&_xf=pdf""> AER </a>",2010-12-09 00:00:00,Veterinarian,United States,MALE,Dog,Retriever - Labrador,"Rimadyl vet. 100 mg Tuggtablett, Rimadyl vet. 20 mg Tuggtablett, Rimadyl vet. 50 mg Tuggtablett, Rimadyl vet., 100 mg, Tuggtablett","Death by euthanasia, Decreased bowel movements, Elevated liver enzymes NOS, Elevated renal parameters, Emesis",1,1,1
US-UKPFIZAH-2010-US-46184,"<a target=""_blank""  href=""/xmlpserver/EVVET3 PW NEW/Subject Area Contents/Public Website/Report (PDF)/AER.xdo?_xpf=&_xpt=1&_params%2FOracle%20BI%20EE%3A%3ADefaultApp%3A%3AEVVET3%20PR%20NEW%2FAER%3A%3Adimension%2FAER%20Id%3A%3Aattribute%3A%3Anoaggr%3A%3Axsd%3Adouble=245057&_xt=AER&_xf=pdf""> AER </a>",2010-12-16 00:00:00,Other health care professional,United States,MALE,Dog,Retriever - Labrador,"Dexdomitor 0.1 mg/ml - Solution for injection, Dexdomitor 0.5 mg/ml - Solution for injection, Rimadyl vet. 100 mg Tuggtablett, Rimadyl vet. 20 mg Tuggtablett, Rimadyl vet. 50 mg Tuggtablett, Rimadyl vet., 100 mg, Tuggtablett","Anorexia, Death by euthanasia, Elevated alanine aminotransferase (ALT), Elevated renal parameters, Fluid in abdomen NOS, Lethargy (see also Central nervous system depression in Neurological), Other abnormal test result NOS",1,1,1
US-UKPFIZAH-2010-US-46351,"<a target=""_blank""  href=""/xmlpserver/EVVET3 PW NEW/Subject Area Contents/Public Website/Report (PDF)/AER.xdo?_xpf=&_xpt=1&_params%2FOracle%20BI%20EE%3A%3ADefaultApp%3A%3AEVVET3%20PR%20NEW%2FAER%3A%3Adimension%2FAER%20Id%3A%3Aattribute%3A%3Anoaggr%3A%3Axsd%3Adouble=245058&_xt=AER&_xf=pdf""> AER </a>",2010-12-16 00:00:00,Veterinarian,United States,MALE,Dog,Dog (other),"Baytril vet. 100 mg/ml Injektionsvätska, lösning, Baytril vet. 25 mg/ml Injektionsvätska, lösning, Rimadyl vet. 100 mg Tuggtablett, Rimadyl vet. 20 mg Tuggtablett, Rimadyl vet. 50 mg Tuggtablett, Rimadyl vet., 100 mg, Tuggtablett","Death, Elevated liver enzymes NOS, Elevated renal parameters, Hyperphosphataemia, Hypoglycaemia, Inappetence, Lethargy (see also Central nervous system depression in Neurological), Leukocytosis NOS, Other abnormal test result NOS, Seizure NOS, Thrombocytopenia, Weakness",1,1,1
US-UKPFIZAH-2010-US-46526,"<a target=""_blank""  href=""/xmlpserver/EVVET3 PW NEW/Subject Area Contents/Public Website/Report (PDF)/AER.xdo?_xpf=&_xpt=1&_params%2FOracle%20BI%20EE%3A%3ADefaultApp%3A%3AEVVET3%20PR%20NEW%2FAER%3A%3Adimension%2FAER%20Id%3A%3Aattribute%3A%3Anoaggr%3A%3Axsd%3Adouble=245059&_xt=AER&_xf=pdf""> AER </a>",2010-12-16 00:00:00,Animal owner,United States,FEMALE,Dog,Shepherd Dog - German,"Rimadyl vet. 100 mg Tuggtablett, Rimadyl vet. 20 mg Tuggtablett, Rimadyl vet. 50 mg Tuggtablett, Rimadyl vet., 100 mg, Tuggtablett","Anorexia, Death, Foaming at the mouth, Lethargy (see also Central nervous system depression in Neurological)",1,1,1
US-UKPFIZAH-2010-US-46644,"<a target=""_blank""  href=""/xmlpserver/EVVET3 PW NEW/Subject Area Contents/Public Website/Report (PDF)/AER.xdo?_xpf=&_xpt=1&_params%2FOracle%20BI%20EE%3A%3ADefaultApp%3A%3AEVVET3%20PR%20NEW%2FAER%3A%3Adimension%2FAER%20Id%3A%3Aattribute%3A%3Anoaggr%3A%3Axsd%3Adouble=245630&_xt=AER&_xf=pdf""> AER </a>",2010-12-23 00:00:00,Animal owner,United States,FEMALE,Dog,Rottweiler,"RIMADYL 100 mg COMPRIMIDOS MASTICABLES PARA PERROS, RIMADYL 100 mg comprimate pentru câini, RIMADYL 100 mg, kramtomosios tabletės šunims, RIMADYL 100MG/TAB ΜΑΣΩΜΕΝΟ ΔΙΣΚΙΟ, RIMADYL 20 mg COMPRIMIDOS MASTICABLES PARA PERROS, RIMADYL 20 mg, kramtomosios tabletės šunims, RIMADYL 20MG/TAB ΜΑΣΩΜΕΝΟ ΔΙΣΚΙΟ, RIMADYL 50 mg COMPRIMIDOS MASTICABLES PARA PERROS, RIMADYL 50 mg comprimate pentru câini, RIMADYL 50 mg, kramtomosios tabletės šunims, RIMADYL 50MG/TAB ΜΑΣΩΜΕΝΟ ΔΙΣΚΙΟ, RIMADYL 50mg/ml ενέσιμο διάλυμα για σκύλους και γάτες, RIMADYL CATTLE 50 mg/ml, injekcinis tirpalas galvijams, RIMADYL Cattle 50 mg/ml Solution for Injection, RIMADYL INJECTABLE SOLUTION INJECTABLE POUR CHATS ET CHIENS, RIMADYL Injection 50mg/ml Διαυγές αποστειρωμένο ενέσιμο διάλυμα για σκύλους και γάτες, RIMADYL SMAKELIJKE TABLETTEN 100 mg voor honden, RIMADYL SMAKELIJKE TABLETTEN 50 mg voor honden, RIMADYL VET 50 mg/ml injektioneste, liuos, RIMADYL vet 100 mg purutabletti, RIMADYL vet 20 mg purutabletti, RIMADYL vet 50 mg purutabletti, Rimadyl 100 mg - Kautabletten für Hunde, Rimadyl 100 mg Comprimés Appétents 100 mg Tablet, Rimadyl 100 mg Kautablette für Hunde, Rimadyl 100 mg comprimidos mastigáveis para cães, Rimadyl 100 mg comprimés appétents, 100 mg, comprimés pour chiens, Rimadyl 100 mg okusne, žvečljive tablete za pse, Rimadyl 100 mg tabletes suņiem, Rimadyl 100 mg ízesített tabletta A.U.V., Rimadyl 20 mg - Kautabletten für Hunde, Rimadyl 20 mg Comprimés Appétents 20 mg Comprimé, Rimadyl 20 mg Comprimés Appétents 20 mg Tablet, Rimadyl 20 mg Kautablette für Hunde, Rimadyl 20 mg okusne, žvečljive tablete za pse, Rimadyl 20 mg ízesített tabletta A.U.V., Rimadyl 20 mg таблетки за кучета/Rimadyl 50 mg таблетки за кучета/Rimadyl 100 mg таблетки за кучета, Rimadyl 50 mg - Kautabletten für Hunde, Rimadyl 50 mg Comprimés Appétents 50 mg Tablet, Rimadyl 50 mg Kautablette für Hunde, Rimadyl 50 mg comprimidos mastigáveis para cães, Rimadyl 50 mg comprimés appétents, 50 mg, comprimés pour chiens, Rimadyl 50 mg košļājamās tabletes suņiem, Rimadyl 50 mg okusne, žvečljive tablete za pse, Rimadyl 50 mg ízesített tabletta A.U.V., Rimadyl 50 mg/ml - Injektionslösung für Hunde und Katzen, Rimadyl 50 mg/ml injekčný roztok, Rimadyl 50mg/ml Injektionslösung für Hunde und Katzen, Rimadyl Cattle, 50 mg/mL, otopina za injekciju, za goveda, Rimadyl Iniettabile 50 mg/ml, soluzione iniettabile per cane e gatto., Rimadyl Palatable 100 mg tablety pre psy, Rimadyl Palatable 20 mg tablety pre psy, Rimadyl Palatable 50 mg tablety pre psy, Rimadyl Palatable Tablets 100, Rimadyl Palatable Tablets 100 mg, Rimadyl Palatable Tablets 100 mg tabletes suņiem, Rimadyl Palatable Tablets 20 mg, Rimadyl Palatable Tablets 20 mg tabletes suņiem, Rimadyl Palatable Tablets 50, Rimadyl Palatable Tablets 50 mg, Rimadyl Palatable Tablets 50 mg tabletes suņiem, Rimadyl Palatable Tablets da 100 mg per cani, Rimadyl Palatable Tablets da 20 mg per cani, Rimadyl Palatable Tablets da 50 mg per cani, Rimadyl Palatable, 100mg, Žvýkací tableta, Rimadyl Palatable, 20mg, Žvýkací tableta, Rimadyl Palatable, 50mg, Žvýkací tableta, Rimadyl Solution for Injection for dogs and cats 50 mg/ml, Rimadyl Vet. 100 mg tyggetabletter, Rimadyl Vet. 20 mg tyggetabletter, Rimadyl Vet. 50 mg tyggetabletter, Rimadyl cattle 50 mg/ml oplossing voor injectie, Rimadyl injectievloeistof, 50 mg/ml voor honden en katten, Rimadyl smakelijke tabletten 100 mg voor honden, Rimadyl smakelijke tabletten 20 mg voor honden, Rimadyl smakelijke tabletten 50 mg voor honden, Rimadyl vet. 100 mg Tuggtablett, Rimadyl vet. 100 mg tyggetabletter, Rimadyl vet. 20 mg Tuggtablett, Rimadyl vet. 20 mg tyggetabletter, Rimadyl vet. 50 mg Tuggtablett, Rimadyl vet. 50 mg tyggetabletter, Rimadyl vet., 100 mg, Tuggtablett, Rimadyl Μασώμενο Δισκίο 100mg για σκύλους, Rimadyl Μασώμενο Δισκίο 20mg για σκύλους, Rimadyl Μασώμενο Δισκίο 50mg για σκύλους, Rimadyl, 100 mg närimistablett koertele, Rimadyl, 20 mg närimistablett koertele, Rimadyl, 50 mg närimistablett koertele, Rim","Anorexia, Blood in vomit, Collapse NOS (see also Cardio-vascular and Neurological disorders), Death by euthanasia, Gastric ulcer, Lethargy (see also Central nervous system depression in Neurological), Tarry or black stool (see also haemorrhagic diarrhoea)",1,1,1
US-UKPFIZAH-2010-US-46653,"<a target=""_blank""  href=""/xmlpserver/EVVET3 PW NEW/Subject Area Contents/Public Website/Report (PDF)/AER.xdo?_xpf=&_xpt=1&_params%2FOracle%20BI%20EE%3A%3ADefaultApp%3A%3AEVVET3%20PR%20NEW%2FAER%3A%3Adimension%2FAER%20Id%3A%3Aattribute%3A%3Anoaggr%3A%3Axsd%3Adouble=245060&_xt=AER&_xf=pdf""> AER </a>",2010-12-16 00:00:00,Veterinarian,United States,UNKNOWN,Dog,Retriever - Golden,"Rimadyl vet. 100 mg Tuggtablett, Rimadyl vet. 20 mg Tuggtablett, Rimadyl vet. 50 mg Tuggtablett, Rimadyl vet., 100 mg, Tuggtablett","Anorexia, Death by euthanasia, Tarry or black stool (see also haemorrhagic diarrhoea)",1,1,1
US-ZZELANCORG-US201000334,"<a target=""_blank""  href=""/xmlpserver/EVVET3 PW NEW/Subject Area Contents/Public Website/Report (PDF)/AER.xdo?_xpf=&_xpt=1&_params%2FOracle%20BI%20EE%3A%3ADefaultApp%3A%3AEVVET3%20PR%20NEW%2FAER%3A%3Adimension%2FAER%20Id%3A%3Aattribute%3A%3Anoaggr%3A%3Axsd%3Adouble=122014&_xt=AER&_xf=pdf""> AER </a>",2010-02-22 00:00:00,Veterinarian,United States,FEMALE,Dog,Bichon Frise,"RIMADYL 100 mg COMPRIMIDOS MASTICABLES PARA PERROS, RIMADYL 100 mg comprimate pentru câini, RIMADYL 100 mg, kramtomosios tabletės šunims, RIMADYL 100MG/TAB ΜΑΣΩΜΕΝΟ ΔΙΣΚΙΟ, RIMADYL 20 mg COMPRIMIDOS MASTICABLES PARA PERROS, RIMADYL 20 mg, kramtomosios tabletės šunims, RIMADYL 20MG/TAB ΜΑΣΩΜΕΝΟ ΔΙΣΚΙΟ, RIMADYL 50 mg COMPRIMIDOS MASTICABLES PARA PERROS, RIMADYL 50 mg comprimate pentru câini, RIMADYL 50 mg, kramtomosios tabletės šunims, RIMADYL 50MG/TAB ΜΑΣΩΜΕΝΟ ΔΙΣΚΙΟ, RIMADYL 50mg/ml ενέσιμο διάλυμα για σκύλους και γάτες, RIMADYL CATTLE 50 mg/ml, injekcinis tirpalas galvijams, RIMADYL Cattle 50 mg/ml Solution for Injection, RIMADYL INJECTABLE SOLUTION INJECTABLE POUR CHATS ET CHIENS, RIMADYL Injection 50mg/ml Διαυγές αποστειρωμένο ενέσιμο διάλυμα για σκύλους και γάτες, RIMADYL SMAKELIJKE TABLETTEN 100 mg voor honden, RIMADYL SMAKELIJKE TABLETTEN 50 mg voor honden, RIMADYL VET 50 mg/ml injektioneste, liuos, RIMADYL vet 100 mg purutabletti, RIMADYL vet 20 mg purutabletti, RIMADYL vet 50 mg purutabletti, Reconcile 8 mg  - Chewable tablet, Rimadyl 100 mg - Kautabletten für Hunde, Rimadyl 100 mg Comprimés Appétents 100 mg Tablet, Rimadyl 100 mg Kautablette für Hunde, Rimadyl 100 mg comprimidos mastigáveis para cães, Rimadyl 100 mg comprimés appétents, 100 mg, comprimés pour chiens, Rimadyl 100 mg okusne, žvečljive tablete za pse, Rimadyl 100 mg tabletes suņiem, Rimadyl 100 mg ízesített tabletta A.U.V., Rimadyl 20 mg - Kautabletten für Hunde, Rimadyl 20 mg Comprimés Appétents 20 mg Comprimé, Rimadyl 20 mg Comprimés Appétents 20 mg Tablet, Rimadyl 20 mg Kautablette für Hunde, Rimadyl 20 mg okusne, žvečljive tablete za pse, Rimadyl 20 mg ízesített tabletta A.U.V., Rimadyl 20 mg таблетки за кучета/Rimadyl 50 mg таблетки за кучета/Rimadyl 100 mg таблетки за кучета, Rimadyl 50 mg - Kautabletten für Hunde, Rimadyl 50 mg Comprimés Appétents 50 mg Tablet, Rimadyl 50 mg Kautablette für Hunde, Rimadyl 50 mg comprimidos mastigáveis para cães, Rimadyl 50 mg comprimés appétents, 50 mg, comprimés pour chiens, Rimadyl 50 mg košļājamās tabletes suņiem, Rimadyl 50 mg okusne, žvečljive tablete za pse, Rimadyl 50 mg ízesített tabletta A.U.V., Rimadyl 50 mg/ml - Injektionslösung für Hunde und Katzen, Rimadyl 50 mg/ml injekčný roztok, Rimadyl 50mg/ml Injektionslösung für Hunde und Katzen, Rimadyl Cattle, 50 mg/mL, otopina za injekciju, za goveda, Rimadyl Iniettabile 50 mg/ml, soluzione iniettabile per cane e gatto., Rimadyl Palatable 100 mg tablety pre psy, Rimadyl Palatable 20 mg tablety pre psy, Rimadyl Palatable 50 mg tablety pre psy, Rimadyl Palatable Tablets 100, Rimadyl Palatable Tablets 100 mg, Rimadyl Palatable Tablets 100 mg tabletes suņiem, Rimadyl Palatable Tablets 20 mg, Rimadyl Palatable Tablets 20 mg tabletes suņiem, Rimadyl Palatable Tablets 50, Rimadyl Palatable Tablets 50 mg, Rimadyl Palatable Tablets 50 mg tabletes suņiem, Rimadyl Palatable Tablets da 100 mg per cani, Rimadyl Palatable Tablets da 20 mg per cani, Rimadyl Palatable Tablets da 50 mg per cani, Rimadyl Palatable, 100mg, Žvýkací tableta, Rimadyl Palatable, 20mg, Žvýkací tableta, Rimadyl Palatable, 50mg, Žvýkací tableta, Rimadyl Solution for Injection for dogs and cats 50 mg/ml, Rimadyl Vet. 100 mg tyggetabletter, Rimadyl Vet. 20 mg tyggetabletter, Rimadyl Vet. 50 mg tyggetabletter, Rimadyl cattle 50 mg/ml oplossing voor injectie, Rimadyl injectievloeistof, 50 mg/ml voor honden en katten, Rimadyl smakelijke tabletten 100 mg voor honden, Rimadyl smakelijke tabletten 20 mg voor honden, Rimadyl smakelijke tabletten 50 mg voor honden, Rimadyl vet. 100 mg Tuggtablett, Rimadyl vet. 100 mg tyggetabletter, Rimadyl vet. 20 mg Tuggtablett, Rimadyl vet. 20 mg tyggetabletter, Rimadyl vet. 50 mg Tuggtablett, Rimadyl vet. 50 mg tyggetabletter, Rimadyl vet., 100 mg, Tuggtablett, Rimadyl Μασώμενο Δισκίο 100mg για σκύλους, Rimadyl Μασώμενο Δισκίο 20mg για σκύλους, Rimadyl Μασώμενο Δισκίο 50mg για σκύλους, Rimadyl, 100 mg närimistablett koertele, Rimadyl, 20 mg närimistablett koertele, Rimadyl,",Lethargy (see also Central nervous system depression in Neurological),1,1,
US-ZZELANCORG-US201003218,"<a target=""_blank""  href=""/xmlpserver/EVVET3 PW NEW/Subject Area Contents/Public Website/Report (PDF)/AER.xdo?_xpf=&_xpt=1&_params%2FOracle%20BI%20EE%3A%3ADefaultApp%3A%3AEVVET3%20PR%20NEW%2FAER%3A%3Adimension%2FAER%20Id%3A%3Aattribute%3A%3Anoaggr%3A%3Axsd%3Adouble=197313&_xt=AER&_xf=pdf""> AER </a>",2010-06-14 00:00:00,Veterinarian,United States,FEMALE,Dog,Siberian Husky,"RIMADYL 100 mg COMPRIMIDOS MASTICABLES PARA PERROS, RIMADYL 100 mg comprimate pentru câini, RIMADYL 100 mg, kramtomosios tabletės šunims, RIMADYL 100MG/TAB ΜΑΣΩΜΕΝΟ ΔΙΣΚΙΟ, RIMADYL 20 mg COMPRIMIDOS MASTICABLES PARA PERROS, RIMADYL 20 mg, kramtomosios tabletės šunims, RIMADYL 20MG/TAB ΜΑΣΩΜΕΝΟ ΔΙΣΚΙΟ, RIMADYL 50 mg COMPRIMIDOS MASTICABLES PARA PERROS, RIMADYL 50 mg comprimate pentru câini, RIMADYL 50 mg, kramtomosios tabletės šunims, RIMADYL 50MG/TAB ΜΑΣΩΜΕΝΟ ΔΙΣΚΙΟ, RIMADYL 50mg/ml ενέσιμο διάλυμα για σκύλους και γάτες, RIMADYL CATTLE 50 mg/ml, injekcinis tirpalas galvijams, RIMADYL Cattle 50 mg/ml Solution for Injection, RIMADYL INJECTABLE SOLUTION INJECTABLE POUR CHATS ET CHIENS, RIMADYL Injection 50mg/ml Διαυγές αποστειρωμένο ενέσιμο διάλυμα για σκύλους και γάτες, RIMADYL SMAKELIJKE TABLETTEN 100 mg voor honden, RIMADYL SMAKELIJKE TABLETTEN 50 mg voor honden, RIMADYL VET 50 mg/ml injektioneste, liuos, RIMADYL vet 100 mg purutabletti, RIMADYL vet 20 mg purutabletti, RIMADYL vet 50 mg purutabletti, Reconcile 64 mg  - Chewable tablet, Rimadyl 100 mg - Kautabletten für Hunde, Rimadyl 100 mg Comprimés Appétents 100 mg Tablet, Rimadyl 100 mg Kautablette für Hunde, Rimadyl 100 mg comprimidos mastigáveis para cães, Rimadyl 100 mg comprimés appétents, 100 mg, comprimés pour chiens, Rimadyl 100 mg okusne, žvečljive tablete za pse, Rimadyl 100 mg tabletes suņiem, Rimadyl 100 mg ízesített tabletta A.U.V., Rimadyl 20 mg - Kautabletten für Hunde, Rimadyl 20 mg Comprimés Appétents 20 mg Comprimé, Rimadyl 20 mg Comprimés Appétents 20 mg Tablet, Rimadyl 20 mg Kautablette für Hunde, Rimadyl 20 mg okusne, žvečljive tablete za pse, Rimadyl 20 mg ízesített tabletta A.U.V., Rimadyl 20 mg таблетки за кучета/Rimadyl 50 mg таблетки за кучета/Rimadyl 100 mg таблетки за кучета, Rimadyl 50 mg - Kautabletten für Hunde, Rimadyl 50 mg Comprimés Appétents 50 mg Tablet, Rimadyl 50 mg Kautablette für Hunde, Rimadyl 50 mg comprimidos mastigáveis para cães, Rimadyl 50 mg comprimés appétents, 50 mg, comprimés pour chiens, Rimadyl 50 mg košļājamās tabletes suņiem, Rimadyl 50 mg okusne, žvečljive tablete za pse, Rimadyl 50 mg ízesített tabletta A.U.V., Rimadyl 50 mg/ml - Injektionslösung für Hunde und Katzen, Rimadyl 50 mg/ml injekčný roztok, Rimadyl 50mg/ml Injektionslösung für Hunde und Katzen, Rimadyl Cattle, 50 mg/mL, otopina za injekciju, za goveda, Rimadyl Iniettabile 50 mg/ml, soluzione iniettabile per cane e gatto., Rimadyl Palatable 100 mg tablety pre psy, Rimadyl Palatable 20 mg tablety pre psy, Rimadyl Palatable 50 mg tablety pre psy, Rimadyl Palatable Tablets 100, Rimadyl Palatable Tablets 100 mg, Rimadyl Palatable Tablets 100 mg tabletes suņiem, Rimadyl Palatable Tablets 20 mg, Rimadyl Palatable Tablets 20 mg tabletes suņiem, Rimadyl Palatable Tablets 50, Rimadyl Palatable Tablets 50 mg, Rimadyl Palatable Tablets 50 mg tabletes suņiem, Rimadyl Palatable Tablets da 100 mg per cani, Rimadyl Palatable Tablets da 20 mg per cani, Rimadyl Palatable Tablets da 50 mg per cani, Rimadyl Palatable, 100mg, Žvýkací tableta, Rimadyl Palatable, 20mg, Žvýkací tableta, Rimadyl Palatable, 50mg, Žvýkací tableta, Rimadyl Solution for Injection for dogs and cats 50 mg/ml, Rimadyl Vet. 100 mg tyggetabletter, Rimadyl Vet. 20 mg tyggetabletter, Rimadyl Vet. 50 mg tyggetabletter, Rimadyl cattle 50 mg/ml oplossing voor injectie, Rimadyl injectievloeistof, 50 mg/ml voor honden en katten, Rimadyl smakelijke tabletten 100 mg voor honden, Rimadyl smakelijke tabletten 20 mg voor honden, Rimadyl smakelijke tabletten 50 mg voor honden, Rimadyl vet. 100 mg Tuggtablett, Rimadyl vet. 100 mg tyggetabletter, Rimadyl vet. 20 mg Tuggtablett, Rimadyl vet. 20 mg tyggetabletter, Rimadyl vet. 50 mg Tuggtablett, Rimadyl vet. 50 mg tyggetabletter, Rimadyl vet., 100 mg, Tuggtablett, Rimadyl Μασώμενο Δισκίο 100mg για σκύλους, Rimadyl Μασώμενο Δισκίο 20mg για σκύλους, Rimadyl Μασώμενο Δισκίο 50mg για σκύλους, Rimadyl, 100 mg närimistablett koertele, Rimadyl, 20 mg närimistablett koertele, Rimadyl",Lethargy (see also Central nervous system depression in Neurological),1,1,
US-ZZELANCORG-US201003594,"<a target=""_blank""  href=""/xmlpserver/EVVET3 PW NEW/Subject Area Contents/Public Website/Report (PDF)/AER.xdo?_xpf=&_xpt=1&_params%2FOracle%20BI%20EE%3A%3ADefaultApp%3A%3AEVVET3%20PR%20NEW%2FAER%3A%3Adimension%2FAER%20Id%3A%3Aattribute%3A%3Anoaggr%3A%3Axsd%3Adouble=199928&_xt=AER&_xf=pdf""> AER </a>",2010-06-21 00:00:00,Other health care professional,United States,FEMALE,Dog,Dog (other),"RIMADYL 100 mg COMPRIMIDOS MASTICABLES PARA PERROS, RIMADYL 100 mg comprimate pentru câini, RIMADYL 100 mg, kramtomosios tabletės šunims, RIMADYL 100MG/TAB ΜΑΣΩΜΕΝΟ ΔΙΣΚΙΟ, RIMADYL 20 mg COMPRIMIDOS MASTICABLES PARA PERROS, RIMADYL 20 mg, kramtomosios tabletės šunims, RIMADYL 20MG/TAB ΜΑΣΩΜΕΝΟ ΔΙΣΚΙΟ, RIMADYL 50 mg COMPRIMIDOS MASTICABLES PARA PERROS, RIMADYL 50 mg comprimate pentru câini, RIMADYL 50 mg, kramtomosios tabletės šunims, RIMADYL 50MG/TAB ΜΑΣΩΜΕΝΟ ΔΙΣΚΙΟ, RIMADYL 50mg/ml ενέσιμο διάλυμα για σκύλους και γάτες, RIMADYL CATTLE 50 mg/ml, injekcinis tirpalas galvijams, RIMADYL Cattle 50 mg/ml Solution for Injection, RIMADYL INJECTABLE SOLUTION INJECTABLE POUR CHATS ET CHIENS, RIMADYL Injection 50mg/ml Διαυγές αποστειρωμένο ενέσιμο διάλυμα για σκύλους και γάτες, RIMADYL SMAKELIJKE TABLETTEN 100 mg voor honden, RIMADYL SMAKELIJKE TABLETTEN 50 mg voor honden, RIMADYL VET 50 mg/ml injektioneste, liuos, RIMADYL vet 100 mg purutabletti, RIMADYL vet 20 mg purutabletti, RIMADYL vet 50 mg purutabletti, Reconcile 64 mg  - Chewable tablet, Rimadyl 100 mg - Kautabletten für Hunde, Rimadyl 100 mg Comprimés Appétents 100 mg Tablet, Rimadyl 100 mg Kautablette für Hunde, Rimadyl 100 mg comprimidos mastigáveis para cães, Rimadyl 100 mg comprimés appétents, 100 mg, comprimés pour chiens, Rimadyl 100 mg okusne, žvečljive tablete za pse, Rimadyl 100 mg tabletes suņiem, Rimadyl 100 mg ízesített tabletta A.U.V., Rimadyl 20 mg - Kautabletten für Hunde, Rimadyl 20 mg Comprimés Appétents 20 mg Comprimé, Rimadyl 20 mg Comprimés Appétents 20 mg Tablet, Rimadyl 20 mg Kautablette für Hunde, Rimadyl 20 mg okusne, žvečljive tablete za pse, Rimadyl 20 mg ízesített tabletta A.U.V., Rimadyl 20 mg таблетки за кучета/Rimadyl 50 mg таблетки за кучета/Rimadyl 100 mg таблетки за кучета, Rimadyl 50 mg - Kautabletten für Hunde, Rimadyl 50 mg Comprimés Appétents 50 mg Tablet, Rimadyl 50 mg Kautablette für Hunde, Rimadyl 50 mg comprimidos mastigáveis para cães, Rimadyl 50 mg comprimés appétents, 50 mg, comprimés pour chiens, Rimadyl 50 mg košļājamās tabletes suņiem, Rimadyl 50 mg okusne, žvečljive tablete za pse, Rimadyl 50 mg ízesített tabletta A.U.V., Rimadyl 50 mg/ml - Injektionslösung für Hunde und Katzen, Rimadyl 50 mg/ml injekčný roztok, Rimadyl 50mg/ml Injektionslösung für Hunde und Katzen, Rimadyl Cattle, 50 mg/mL, otopina za injekciju, za goveda, Rimadyl Iniettabile 50 mg/ml, soluzione iniettabile per cane e gatto., Rimadyl Palatable 100 mg tablety pre psy, Rimadyl Palatable 20 mg tablety pre psy, Rimadyl Palatable 50 mg tablety pre psy, Rimadyl Palatable Tablets 100, Rimadyl Palatable Tablets 100 mg, Rimadyl Palatable Tablets 100 mg tabletes suņiem, Rimadyl Palatable Tablets 20 mg, Rimadyl Palatable Tablets 20 mg tabletes suņiem, Rimadyl Palatable Tablets 50, Rimadyl Palatable Tablets 50 mg, Rimadyl Palatable Tablets 50 mg tabletes suņiem, Rimadyl Palatable Tablets da 100 mg per cani, Rimadyl Palatable Tablets da 20 mg per cani, Rimadyl Palatable Tablets da 50 mg per cani, Rimadyl Palatable, 100mg, Žvýkací tableta, Rimadyl Palatable, 20mg, Žvýkací tableta, Rimadyl Palatable, 50mg, Žvýkací tableta, Rimadyl Solution for Injection for dogs and cats 50 mg/ml, Rimadyl Vet. 100 mg tyggetabletter, Rimadyl Vet. 20 mg tyggetabletter, Rimadyl Vet. 50 mg tyggetabletter, Rimadyl cattle 50 mg/ml oplossing voor injectie, Rimadyl injectievloeistof, 50 mg/ml voor honden en katten, Rimadyl smakelijke tabletten 100 mg voor honden, Rimadyl smakelijke tabletten 20 mg voor honden, Rimadyl smakelijke tabletten 50 mg voor honden, Rimadyl vet. 100 mg Tuggtablett, Rimadyl vet. 100 mg tyggetabletter, Rimadyl vet. 20 mg Tuggtablett, Rimadyl vet. 20 mg tyggetabletter, Rimadyl vet. 50 mg Tuggtablett, Rimadyl vet. 50 mg tyggetabletter, Rimadyl vet., 100 mg, Tuggtablett, Rimadyl Μασώμενο Δισκίο 100mg για σκύλους, Rimadyl Μασώμενο Δισκίο 20mg για σκύλους, Rimadyl Μασώμενο Δισκίο 50mg για σκύλους, Rimadyl, 100 mg närimistablett koertele, Rimadyl, 20 mg närimistablett koertele, Rimadyl",Decreased appetite,1,1,
US/ABBOTTAH/CPT100003840P&I,"<a target=""_blank""  href=""/xmlpserver/EVVET3 PW NEW/Subject Area Contents/Public Website/Report (PDF)/AER.xdo?_xpf=&_xpt=1&_params%2FOracle%20BI%20EE%3A%3ADefaultApp%3A%3AEVVET3%20PR%20NEW%2FAER%3A%3Adimension%2FAER%20Id%3A%3Aattribute%3A%3Anoaggr%3A%3Axsd%3Adouble=232555&_xt=AER&_xf=pdf""> AER </a>",2010-10-11 00:00:00,Veterinarian,United States,MALE,Dog,Mastiff,"ACEPROMAZINE 10%/AGROSEED CANDILIDIS ενέσιμο διάλυμα 10 mg/ml για σκύλο και γάτα, Isothesia, Isothesia 1000 mg/g inhalation vapour, liquid for horses, dogs, cats, ornamental birds, reptiles, rats, mice, hamsters, chinchillas, gerbils, guinea pigs and ferrets, RIMADYL 100 mg COMPRIMIDOS MASTICABLES PARA PERROS, RIMADYL 100 mg comprimate pentru câini, RIMADYL 100 mg, kramtomosios tabletės šunims, RIMADYL 100MG/TAB ΜΑΣΩΜΕΝΟ ΔΙΣΚΙΟ, RIMADYL 20 mg COMPRIMIDOS MASTICABLES PARA PERROS, RIMADYL 20 mg, kramtomosios tabletės šunims, RIMADYL 20MG/TAB ΜΑΣΩΜΕΝΟ ΔΙΣΚΙΟ, RIMADYL 50 mg COMPRIMIDOS MASTICABLES PARA PERROS, RIMADYL 50 mg comprimate pentru câini, RIMADYL 50 mg, kramtomosios tabletės šunims, RIMADYL 50MG/TAB ΜΑΣΩΜΕΝΟ ΔΙΣΚΙΟ, RIMADYL 50mg/ml ενέσιμο διάλυμα για σκύλους και γάτες, RIMADYL CATTLE 50 mg/ml, injekcinis tirpalas galvijams, RIMADYL Cattle 50 mg/ml Solution for Injection, RIMADYL INJECTABLE SOLUTION INJECTABLE POUR CHATS ET CHIENS, RIMADYL Injection 50mg/ml Διαυγές αποστειρωμένο ενέσιμο διάλυμα για σκύλους και γάτες, RIMADYL SMAKELIJKE TABLETTEN 100 mg voor honden, RIMADYL SMAKELIJKE TABLETTEN 50 mg voor honden, RIMADYL VET 50 mg/ml injektioneste, liuos, RIMADYL vet 100 mg purutabletti, RIMADYL vet 20 mg purutabletti, RIMADYL vet 50 mg purutabletti, Rimadyl 100 mg - Kautabletten für Hunde, Rimadyl 100 mg Comprimés Appétents 100 mg Tablet, Rimadyl 100 mg Kautablette für Hunde, Rimadyl 100 mg comprimidos mastigáveis para cães, Rimadyl 100 mg comprimés appétents, 100 mg, comprimés pour chiens, Rimadyl 100 mg okusne, žvečljive tablete za pse, Rimadyl 100 mg tabletes suņiem, Rimadyl 100 mg ízesített tabletta A.U.V., Rimadyl 20 mg - Kautabletten für Hunde, Rimadyl 20 mg Comprimés Appétents 20 mg Comprimé, Rimadyl 20 mg Comprimés Appétents 20 mg Tablet, Rimadyl 20 mg Kautablette für Hunde, Rimadyl 20 mg okusne, žvečljive tablete za pse, Rimadyl 20 mg ízesített tabletta A.U.V., Rimadyl 20 mg таблетки за кучета/Rimadyl 50 mg таблетки за кучета/Rimadyl 100 mg таблетки за кучета, Rimadyl 50 mg - Kautabletten für Hunde, Rimadyl 50 mg Comprimés Appétents 50 mg Tablet, Rimadyl 50 mg Kautablette für Hunde, Rimadyl 50 mg comprimidos mastigáveis para cães, Rimadyl 50 mg comprimés appétents, 50 mg, comprimés pour chiens, Rimadyl 50 mg košļājamās tabletes suņiem, Rimadyl 50 mg okusne, žvečljive tablete za pse, Rimadyl 50 mg ízesített tabletta A.U.V., Rimadyl 50 mg/ml - Injektionslösung für Hunde und Katzen, Rimadyl 50 mg/ml injekčný roztok, Rimadyl 50mg/ml Injektionslösung für Hunde und Katzen, Rimadyl Cattle, 50 mg/mL, otopina za injekciju, za goveda, Rimadyl Iniettabile 50 mg/ml, soluzione iniettabile per cane e gatto., Rimadyl Palatable 100 mg tablety pre psy, Rimadyl Palatable 20 mg tablety pre psy, Rimadyl Palatable 50 mg tablety pre psy, Rimadyl Palatable Tablets 100, Rimadyl Palatable Tablets 100 mg, Rimadyl Palatable Tablets 100 mg tabletes suņiem, Rimadyl Palatable Tablets 20 mg, Rimadyl Palatable Tablets 20 mg tabletes suņiem, Rimadyl Palatable Tablets 50, Rimadyl Palatable Tablets 50 mg, Rimadyl Palatable Tablets 50 mg tabletes suņiem, Rimadyl Palatable Tablets da 100 mg per cani, Rimadyl Palatable Tablets da 20 mg per cani, Rimadyl Palatable Tablets da 50 mg per cani, Rimadyl Palatable, 100mg, Žvýkací tableta, Rimadyl Palatable, 20mg, Žvýkací tableta, Rimadyl Palatable, 50mg, Žvýkací tableta, Rimadyl Solution for Injection for dogs and cats 50 mg/ml, Rimadyl Vet. 100 mg tyggetabletter, Rimadyl Vet. 20 mg tyggetabletter, Rimadyl Vet. 50 mg tyggetabletter, Rimadyl cattle 50 mg/ml oplossing voor injectie, Rimadyl injectievloeistof, 50 mg/ml voor honden en katten, Rimadyl smakelijke tabletten 100 mg voor honden, Rimadyl smakelijke tabletten 20 mg voor honden, Rimadyl smakelijke tabletten 50 mg voor honden, Rimadyl vet. 100 mg Tuggtablett, Rimadyl vet. 100 mg tyggetabletter, Rimadyl vet. 20 mg Tuggtablett, Rimadyl vet. 20 mg tyggetabletter, Rimadyl vet. 50 mg Tuggtablett, Rimadyl vet. 50 mg tyggetabletter, Rimadyl vet., 100 mg, Tugg","Apnoea, Cardiac arrest, Death, Partial lack of efficacy",1,1,1