Case number,AER form,Received date,Reporter,Country,Gender,Species,Breed,Drug,Reaction,Animals affected,Animals treated,Animals died
2009ES0015,"<a target=""_blank""  href=""/xmlpserver/EVVET3 PW NEW/Subject Area Contents/Public Website/Report (PDF)/AER.xdo?_xpf=&_xpt=1&_params%2FOracle%20BI%20EE%3A%3ADefaultApp%3A%3AEVVET3%20PR%20NEW%2FAER%3A%3Adimension%2FAER%20Id%3A%3Aattribute%3A%3Anoaggr%3A%3Axsd%3Adouble=334789&_xt=AER&_xf=pdf""> AER </a>",2012-11-05 00:00:00,Veterinarian,Spain,FEMALE,Cat,Persian,"Convenia 80 mg/ml  - Powder and solvent for solution for injection, Metacam 0.5 mg/ml - Oral suspension (cats, guinea pigs), Metacam 0.5 mg/ml - Oral suspension (dogs), Metacam 5 mg/ml - Solution for injection (cats, dogs), Metacam 5 mg/ml - Solution for injection (cattle, pigs), Metacam 5 mg/ml - Solution for injection (dogs)","Found dead, Gastric ulcer, Vomiting",1,1,1
AT-DEBIAHP-2012AT00005,"<a target=""_blank""  href=""/xmlpserver/EVVET3 PW NEW/Subject Area Contents/Public Website/Report (PDF)/AER.xdo?_xpf=&_xpt=1&_params%2FOracle%20BI%20EE%3A%3ADefaultApp%3A%3AEVVET3%20PR%20NEW%2FAER%3A%3Adimension%2FAER%20Id%3A%3Aattribute%3A%3Anoaggr%3A%3Axsd%3Adouble=326510&_xt=AER&_xf=pdf""> AER </a>",2012-09-19 00:00:00,Veterinarian,Austria,MALE,Cat,European,"Metacam 5 mg/ml - Solution for injection (cats, dogs), Metacam 5 mg/ml - Solution for injection (cattle, pigs), Metacam 5 mg/ml - Solution for injection (dogs)",Sudden death,1,1,
AU-DEBIAHP-2012AU00011,"<a target=""_blank""  href=""/xmlpserver/EVVET3 PW NEW/Subject Area Contents/Public Website/Report (PDF)/AER.xdo?_xpf=&_xpt=1&_params%2FOracle%20BI%20EE%3A%3ADefaultApp%3A%3AEVVET3%20PR%20NEW%2FAER%3A%3Adimension%2FAER%20Id%3A%3Aattribute%3A%3Anoaggr%3A%3Axsd%3Adouble=292877&_xt=AER&_xf=pdf""> AER </a>",2012-01-20 00:00:00,Veterinarian,Australia,MALE,Cat,Cat (other),"Metacam 2 mg/ml - Solution for injection (cats), Metacam 20 mg/ml - Solution for injection (cattle, pigs, horses), Metacam 40 mg/ml - Solution for injection (cattle, horses), Metacam 5 mg/ml - Solution for injection (cats, dogs), Metacam 5 mg/ml - Solution for injection (cattle, pigs), Metacam 5 mg/ml - Solution for injection (dogs)",Sudden death,1,1,
AU-DEBIAHP-2012AU00163,"<a target=""_blank""  href=""/xmlpserver/EVVET3 PW NEW/Subject Area Contents/Public Website/Report (PDF)/AER.xdo?_xpf=&_xpt=1&_params%2FOracle%20BI%20EE%3A%3ADefaultApp%3A%3AEVVET3%20PR%20NEW%2FAER%3A%3Adimension%2FAER%20Id%3A%3Aattribute%3A%3Anoaggr%3A%3Axsd%3Adouble=330145&_xt=AER&_xf=pdf""> AER </a>",2012-10-22 00:00:00,Veterinarian,Australia,MALE,Cat,Cat (other),"Metacam 0.5 mg/ml - Oral suspension (cats, guinea pigs), Metacam 0.5 mg/ml - Oral suspension (dogs), Metacam 1.5 mg/ml - Oral suspension (dogs), Metacam 15 mg/ml - Oral suspension (horses), Metacam 15 mg/ml - Oral suspension (pigs), Metacam 2 mg/ml - Solution for injection (cats), Metacam 20 mg/ml - Solution for injection (cattle, pigs, horses), Metacam 40 mg/ml - Solution for injection (cattle, horses), Metacam 5 mg/ml - Solution for injection (cats, dogs), Metacam 5 mg/ml - Solution for injection (cattle, pigs), Metacam 5 mg/ml - Solution for injection (dogs)","Bone marrow disorder NOS, Leukaemia, Oral bleeding, Oral ulceration, Thrombocytopenia",1,1,
BE-BEEMDOKA-2012-EMDOCAM-3,"<a target=""_blank""  href=""/xmlpserver/EVVET3 PW NEW/Subject Area Contents/Public Website/Report (PDF)/AER.xdo?_xpf=&_xpt=1&_params%2FOracle%20BI%20EE%3A%3ADefaultApp%3A%3AEVVET3%20PR%20NEW%2FAER%3A%3Adimension%2FAER%20Id%3A%3Aattribute%3A%3Anoaggr%3A%3Axsd%3Adouble=322247&_xt=AER&_xf=pdf""> AER </a>",2012-08-16 00:00:00,Veterinarian,Belgium,MALE,Cattle,Belgian Blue,Emdocam 20 mg/ml  - Solution for injection,"Anaphylactic-type reaction, Collapse (see also Cardio-vascular and Systemic disorders)",1,1,1
BE-DEBIAHP-2011BE00014,"<a target=""_blank""  href=""/xmlpserver/EVVET3 PW NEW/Subject Area Contents/Public Website/Report (PDF)/AER.xdo?_xpf=&_xpt=1&_params%2FOracle%20BI%20EE%3A%3ADefaultApp%3A%3AEVVET3%20PR%20NEW%2FAER%3A%3Adimension%2FAER%20Id%3A%3Aattribute%3A%3Anoaggr%3A%3Axsd%3Adouble=297077&_xt=AER&_xf=pdf""> AER </a>",2012-02-16 00:00:00,Veterinarian,Belgium,UNKNOWN,Cattle,Belgian Blue,"Baytril 10%, Metacam 20 mg/ml - Solution for injection (cattle, pigs, horses), RAPIDEXON, Rapidexon 2 mg/ml Solution injectable, Rapidexon 2 mg/ml oplossing voor injectie, Rapidexon 2 mg/ml solution for injection, Rapidexon 2 mg/ml, solução injetável","Anaphylactic shock, Death",1,1,1
BE-DEBIAHP-2011BE00016,"<a target=""_blank""  href=""/xmlpserver/EVVET3 PW NEW/Subject Area Contents/Public Website/Report (PDF)/AER.xdo?_xpf=&_xpt=1&_params%2FOracle%20BI%20EE%3A%3ADefaultApp%3A%3AEVVET3%20PR%20NEW%2FAER%3A%3Adimension%2FAER%20Id%3A%3Aattribute%3A%3Anoaggr%3A%3Axsd%3Adouble=290742&_xt=AER&_xf=pdf""> AER </a>",2012-01-05 00:00:00,Veterinarian,Belgium,UNKNOWN,Cat,European,"Metacam 0.5 mg/ml - Oral suspension (cats, guinea pigs), Metacam 0.5 mg/ml - Oral suspension (dogs), Metacam 2 mg/ml - Solution for injection (cats), Metacam 20 mg/ml - Solution for injection (cattle, pigs, horses), SYNULOX (200+50)MG/TAB ΔΙΣΚΙΟ, SYNULOX (40+10)MG/TAB ΔΙΣΚΙΟ, SYNULOX 140 mg/ml + 35 mg/ml suspensión inyectable, SYNULOX 200 mg/50 mg tablety pre psy a mačky, SYNULOX 200/50 mg COMPRIMIDOS APETITOSOS PARA PERROS, SYNULOX 250 COMPRIMES POUR CHIENS, SYNULOX 250 mg, SYNULOX 250 mg kramtomosios tabletės šunims ir katėms, SYNULOX 250 mg tablete za pse in mačke, SYNULOX 250mg, δισκία για σκύλους και γάτες, SYNULOX 40 mg/10 mg tablety pre psy a mačky, SYNULOX 40 mg/ml + 10 mg/ml POLVO PARA GOTAS ORALES EN SUSPENSION, SYNULOX 40/10 MG COMPRIMIDOS APETITOSOS PARA PERROS Y GATOS, SYNULOX 400 mg/100 mg tablety pre psy, SYNULOX 400/100 mg COMPRIMIDOS APETITOSOS PARA PERROS, SYNULOX 50 COMPRIMES POUR CHIENS ET CHATS, SYNULOX 50 mg, SYNULOX 50 mg kramtomosios tabletės šunims ir katėms, SYNULOX 50 mg tablete za pse in mačke, SYNULOX 500 COMPRIMES POUR CHIENS, SYNULOX 500 mg kramtomosios tabletės šunims, SYNULOX 500 mg tablete za pse, SYNULOX 500 mg, kramtomosios tabletės šunims, SYNULOX 500MG/TAB ΔΙΣΚΙΟ, SYNULOX 50mg, δισκία για σκύλους και γάτες, SYNULOX OGIVETTES POUR VEAUX, SYNULOX SUSPENSION INJECTABLE POUR BOVINS, SYNULOX VET 140 mg/ml injektioneste, suspensio koiralle, kissalle ja sialle, SYNULOX suspensão injetável para suínos, bovinos, cães e gatos, SYNULOX vet 200 mg/50 mg tabletti, koiralle ja kissalle, SYNULOX vet 40 mg/10 mg tabletti, koiralle ja kissalle, SYNULOX vet 400 mg/100 mg tabletti, koiralle, SYNULOX, 400/100mg, Tableta, Synulox 250 mg Comprimés Appétents, Synulox 250 mg Smakelijke tabletten, Synulox 250 mg tabletes suņiem un kaķiem, Synulox 250 mg, tabletid koertele ja kassidele, Synulox 250 mg, таблетки за кучета и котки, Synulox 250mg (200 mg/50 mg)  Tabletten für Hunde, Synulox 50 mg Comprimés Appétents, Synulox 50 mg Smakelijke Tabletten, Synulox 50 mg tabletes suņiem un kaķiem, Synulox 50 mg, tabletid koertele ja kassidele, Synulox 50 mg, таблетки за кучета и котки, Synulox 500 mg Bolus 400 mg - 100 mg Omhulde tablet, Synulox 500 mg Comprimés Appétents, Synulox 500 mg Smakelijke Tabletten, Synulox 500 mg tabletes suņiem, Synulox 500 mg, tabletid koertele, Synulox 500mg (400 mg/100 mg) Tabletten für Hunde, Synulox 50mg (40 mg/10 mg) Tabletten für Hunde und Katzen, Synulox Bolus 500 mg, 400 mg + 100 mg comprimés enrobés pour veaux, Synulox Lactating Cow Intramammary suspension., Synulox Tabletki 250 mg, Synulox Tabletki 250 mg (200+50) mg/tablete; tabletes suņiem, Synulox Tabletki 50 mg, Synulox Tabletki 50 mg (40+10) mg/ tablete; tabletes suņiem un kaķiem, Synulox Tabletki 500 mg, Synulox Vet. til hund og kat 200 + 50 mg tabletter, Synulox Vet. til hund og kat 40 + 10 mg tabletter, Synulox Vet. til hund tabletter 400 + 100 mg, Synulox Vet. til kalve 400 + 100 mg tabletter, Synulox comprimidos palatáveis 250 mg para cães e gatos, Synulox comprimidos palatáveis 50 mg para cães e gatos, Synulox comprimidos palatáveis 500 mg para cães, Synulox vet 40 mg/ml jauhe oraalisuspensiota varten koiralle ja kissalle, Synulox vet. 200 mg tabletter for hund og katt, Synulox vet. 200 mg/50 mg Tablett, Synulox vet. 40 mg tabletter for hund og katt, Synulox vet. 40 mg/10 mg Tablett, Synulox vet. 400 mg tabletter for hund, Synulox vet. 400 mg/100 mg Tablett, Synulox, 200/50mg, Tableta, Synulox, 40/10mg, Tableta, Synulox-Kalb 400 mg/100 mg Filmtabletten für Rinder (Kälber)",Found dead,1,1,
BE-DEBIAHP-2012BE00001,"<a target=""_blank""  href=""/xmlpserver/EVVET3 PW NEW/Subject Area Contents/Public Website/Report (PDF)/AER.xdo?_xpf=&_xpt=1&_params%2FOracle%20BI%20EE%3A%3ADefaultApp%3A%3AEVVET3%20PR%20NEW%2FAER%3A%3Adimension%2FAER%20Id%3A%3Aattribute%3A%3Anoaggr%3A%3Axsd%3Adouble=297480&_xt=AER&_xf=pdf""> AER </a>",2012-02-20 00:00:00,Veterinarian,Belgium,FEMALE,Cattle,Montbeliard,"ADVOCIN 180, 180 MG/ML, SOLUTION FOR INJECTION FOR CATTLE, Metacam 20 mg/ml - Solution for injection (cattle, pigs, horses)",Unexplained death,1,1,
BE-DEBIAHP-2012BE00002,"<a target=""_blank""  href=""/xmlpserver/EVVET3 PW NEW/Subject Area Contents/Public Website/Report (PDF)/AER.xdo?_xpf=&_xpt=1&_params%2FOracle%20BI%20EE%3A%3ADefaultApp%3A%3AEVVET3%20PR%20NEW%2FAER%3A%3Adimension%2FAER%20Id%3A%3Aattribute%3A%3Anoaggr%3A%3Axsd%3Adouble=298303&_xt=AER&_xf=pdf""> AER </a>",2012-02-24 00:00:00,Veterinarian,Belgium,MALE,Dog,Crossbred Canine/dog,"Metacam 20 mg/ml - Solution for injection (cattle, pigs, horses)","Ataxia, Death, Hypersalivation, Myopathy",1,1,
BE-DEBIAHP-2012BE00013,"<a target=""_blank""  href=""/xmlpserver/EVVET3 PW NEW/Subject Area Contents/Public Website/Report (PDF)/AER.xdo?_xpf=&_xpt=1&_params%2FOracle%20BI%20EE%3A%3ADefaultApp%3A%3AEVVET3%20PR%20NEW%2FAER%3A%3Adimension%2FAER%20Id%3A%3Aattribute%3A%3Anoaggr%3A%3Axsd%3Adouble=344761&_xt=AER&_xf=pdf""> AER </a>",2012-12-21 00:00:00,Veterinarian,Belgium,MALE,Dog,Crossbred Canine/dog,Metacam 1.5 mg/ml - Oral suspension (dogs),"Anorexia, Apathy, Blood in vomit, Dehydration, Haemorrhagic diarrhoea",1,1,
BE-DEBIAHP-2012BE00014,"<a target=""_blank""  href=""/xmlpserver/EVVET3 PW NEW/Subject Area Contents/Public Website/Report (PDF)/AER.xdo?_xpf=&_xpt=1&_params%2FOracle%20BI%20EE%3A%3ADefaultApp%3A%3AEVVET3%20PR%20NEW%2FAER%3A%3Adimension%2FAER%20Id%3A%3Aattribute%3A%3Anoaggr%3A%3Axsd%3Adouble=344784&_xt=AER&_xf=pdf""> AER </a>",2012-12-21 00:00:00,Veterinarian,Belgium,UNKNOWN,Dog,Cattle Dog - Flanders (Bouvier),Metacam 1.5 mg/ml - Oral suspension (dogs),"Anorexia, Apathy, Blood in vomit, Bloody diarrhoea, Death, Gastric ulcer, Small intestine ulcer",1,1,
BE-NLINTVINT-2011-BE-00036,"<a target=""_blank""  href=""/xmlpserver/EVVET3 PW NEW/Subject Area Contents/Public Website/Report (PDF)/AER.xdo?_xpf=&_xpt=1&_params%2FOracle%20BI%20EE%3A%3ADefaultApp%3A%3AEVVET3%20PR%20NEW%2FAER%3A%3Adimension%2FAER%20Id%3A%3Aattribute%3A%3Anoaggr%3A%3Axsd%3Adouble=298389&_xt=AER&_xf=pdf""> AER </a>",2012-02-24 00:00:00,Veterinarian,Belgium,UNKNOWN,Cattle,Cattle (other),"COBACTAN 2,5%, Metacam 0.5 mg/ml - Oral suspension (cats, guinea pigs), Metacam 0.5 mg/ml - Oral suspension (dogs), Metacam 1 mg - Chewable tablet (dogs), Metacam 1.5 mg/ml - Oral suspension (dogs), Metacam 15 mg/ml - Oral suspension (horses), Metacam 15 mg/ml - Oral suspension (pigs), Metacam 2 mg/ml - Solution for injection (cats), Metacam 2.5 mg - Chewable tablet (dogs), Metacam 20 mg/ml - Solution for injection (cattle, pigs, horses), Metacam 40 mg/ml - Solution for injection (cattle, horses), Metacam 5 mg/ml - Solution for injection (cats, dogs), Metacam 5 mg/ml - Solution for injection (cattle, pigs), Metacam 5 mg/ml - Solution for injection (dogs), NUFLOR 300 mg/ml, NUFLOR 300 mg/ml injekčný roztok pre hovädzí dobytok a ošípané, NUFLOR 300 mg/ml raztopina za injiciranje, NUFLOR 300 mg/ml solution for injection for cattle and sheep, NUFLOR Swine 300 mg/ml Solution for injection, NUFLOR, 300mg/ml, Injekční roztok, Nuflor 300 mg/ml  Injektionslösung für Rinder und Schafe, Nuflor 300 mg/ml oldatos injekció szarvasmarhák és sertések számára, Nuflor 300 mg/ml roztwór do wstrzykiwań dla bydła i świń, Nuflor 40 mg/g Premix for Medicated Feeding Stuff for Swine, Nuflor Minidose 450 mg/ml solution for injection for cattle, Nuflor Premix 40 mg/g Premix voor gemedicineerd voer","Depression, Dyspnoea, Lack of efficacy - NOS, Nasal discharge, Polypnoea, Sudden death",1,1,1
BE-UKPFIZAH-2012-BE-00011,"<a target=""_blank""  href=""/xmlpserver/EVVET3 PW NEW/Subject Area Contents/Public Website/Report (PDF)/AER.xdo?_xpf=&_xpt=1&_params%2FOracle%20BI%20EE%3A%3ADefaultApp%3A%3AEVVET3%20PR%20NEW%2FAER%3A%3Adimension%2FAER%20Id%3A%3Aattribute%3A%3Anoaggr%3A%3Axsd%3Adouble=298182&_xt=AER&_xf=pdf""> AER </a>",2012-02-23 00:00:00,Veterinarian,Belgium,UNKNOWN,Other canids,Unknown,"Metacam 0.5 mg/ml - Oral suspension (cats, guinea pigs), Metacam 0.5 mg/ml - Oral suspension (dogs), Metacam 1 mg - Chewable tablet (dogs), Metacam 1.5 mg/ml - Oral suspension (dogs), Metacam 15 mg/ml - Oral suspension (horses), Metacam 15 mg/ml - Oral suspension (pigs), Metacam 2 mg/ml - Solution for injection (cats), Metacam 2.5 mg - Chewable tablet (dogs), Metacam 20 mg/ml - Solution for injection (cattle, pigs, horses), Metacam 40 mg/ml - Solution for injection (cattle, horses), Metacam 5 mg/ml - Solution for injection (cats, dogs), Metacam 5 mg/ml - Solution for injection (cattle, pigs), Metacam 5 mg/ml - Solution for injection (dogs), RAPIDEXON, Rapidexon 2 mg/ml Solution injectable, Rapidexon 2 mg/ml oplossing voor injectie, Rapidexon 2 mg/ml solution for injection, Rapidexon 2 mg/ml, solução injetável, Trocoxil 20 mg  - Chewable tablet, Trocoxil 30 mg  - Chewable tablet, Trocoxil 6 mg  - Chewable tablet, Trocoxil 75 mg  - Chewable tablet, Trocoxil 95 mg  - Chewable tablet","Death, Intestinal haemorrhage",1,1,1
CA-DEBIAHP-2010CA00922,"<a target=""_blank""  href=""/xmlpserver/EVVET3 PW NEW/Subject Area Contents/Public Website/Report (PDF)/AER.xdo?_xpf=&_xpt=1&_params%2FOracle%20BI%20EE%3A%3ADefaultApp%3A%3AEVVET3%20PR%20NEW%2FAER%3A%3Adimension%2FAER%20Id%3A%3Aattribute%3A%3Anoaggr%3A%3Axsd%3Adouble=309758&_xt=AER&_xf=pdf""> AER </a>",2012-05-11 00:00:00,Veterinarian,Canada,FEMALE,Dog,Dachshund - Standard Wire-haired,"ANTISEDAN, ANTISEDAN 5 mg/ml SOLUCIÓN INYECTABLE PARA PERROS Y GATOS, ANTISEDAN 5 mg/ml raztopina za injiciranje za pse in mačke, ANTISEDAN 5MG/ML ΕΝΕΣΙΜΟ ΔΙΑΛΥΜΑ, ANTISEDAN SOLUTION INJECTABLE POUR CHIENS ET CHATS, ANTISEDAN, 5 mg/mL, otopina za injekciju, za pse i mačke, Antisedan 5 mg/ 1 ml, roztwór do wstrzykiwań dla psów i kotów, Antisedan 5 mg/ml  Injektionslösung für Hunde und Katzen, Antisedan 5 mg/ml - Injektionslösung für Hunde und Katzen, Antisedan 5 mg/ml Oplossing voor injectie, Antisedan 5 mg/ml Solution injectable, Antisedan 5 mg/ml injekčný roztok pre psy a mačky, Antisedan 5 mg/ml oldatos injekció kutya és macska részére.A.U.V., Antisedan 5 mg/ml solution for injection, Antisedan 5 mg/ml solução injetável para cães e gatos, Antisedan Vet 5 mg/ml injekcinis tirpalas, Antisedan Vet 5 mg/ml šķīdums injekcijām, Antisedan Vet, 5 mg/ml süstelahus, Antisedan Vet. 5 mg/ml injektionsvæske, opløsning, Antisedan vet 5 mg/ml injektioneste, liuos, Antisedan vet. 5 mg/ml Injektionsvätska, lösning, Antisedan vet. 5 mg/ml Stungulyf, lausn Handa hundum og köttum., Antisedan vet. 5 mg/ml injeksjonsvæske, oppløsning, til hund og katt, Antisedan vet., 5 mg/ml, Injektionsvätska, lösning, Antisedan, 5 mg/ml oplossing voor injectie voor honden en katten, Antisedan, 5mg/ml, Injekční roztok, CLAVASEPTIN 40+10 MG ΔΙΣΚΙΟ, CLAVASEPTIN 400+100MG ΔΙΣΚΙΟ, CLAVASEPTIN 500MG PALATABLE TABLETS FOR DOGS, CLAVASEPTIN 50MG PALATABLE TABLETS FOR DOGS AND CATS, CLAVASEPTIN 600+150MG ΔΙΣΚΙΟ, CLAVASEPTIN 62.5 MG PALATABLE TABLETS FOR DOGS AND CATS, CLAVASEPTIN P 250 MG TABLETS FOR DOGS, CLAVASEPTIN P 62,5 MG ΔΙΣΚΙΟ, CLAVASEPTIN P 750 MG TABLETS FOR DOGS, Clavaseptin 250 mg okusne tablete za pse, Clavaseptin 250 mg, tabletid koertele, Clavaseptin 50 mg, tabletid koertele ja kassidele, Clavaseptin 500 mg, tabletid koertele, Clavaseptin 600 mg/150 mg tabletter för hund, Clavaseptin 750 mg Tabletten für Hunde, Clavaseptin 750 mg okusne tablete za pse, Clavaseptin 750 mg palatable tablets for dogs, Dexdomitor 0.1 mg/ml - Solution for injection, Dexdomitor 0.5 mg/ml - Solution for injection, Diazepam 10 mg, tabletten voor honden en katten, Diazepam 2 mg, tabletten voor honden en katten, Diazepam 5 mg, tabletten voor honden en katten, Diazepam 5 mg/ml, oplossing voor injectie voor honden en katten, Ketamin 10 % šķīdums injekcijām suņiem un kaķiem, Ketamin 10%, Ketamin 100 mg/ml, Ketamine 10% oplossing voor injectie voor honden en katten, Ketamine 10% pro inj., oplossing voor injectie voor honden en katten, Ketamine 10% šķīdums injekcijām suņiem un kaķiem, Ketamine 10%, oplossing voor injectie voor honden en katten, Metacam 0.5 mg/ml - Oral suspension (cats, guinea pigs), Metacam 0.5 mg/ml - Oral suspension (dogs), Metacam 1.5 mg/ml - Oral suspension (dogs), Metacam 15 mg/ml - Oral suspension (horses), Metacam 15 mg/ml - Oral suspension (pigs), Metacam 5 mg/ml - Solution for injection (cats, dogs), Metacam 5 mg/ml - Solution for injection (cattle, pigs), Metacam 5 mg/ml - Solution for injection (dogs), ZIAPAM 5 mg/ml, solution for injection for dogs and cats, АНТИСЕДАН ВЕТ 5 mg/ml инжекционен разтвор, КЕТАМИН 10 %","Anorexia, Elevated renal parameters, Lethargy (see also Central nervous system depression in Neurological), Other abnormal test result NOS, Polydipsia, Polyuria, Renal insufficiency",1,1,
CA-DEBIAHP-2010CA01136,"<a target=""_blank""  href=""/xmlpserver/EVVET3 PW NEW/Subject Area Contents/Public Website/Report (PDF)/AER.xdo?_xpf=&_xpt=1&_params%2FOracle%20BI%20EE%3A%3ADefaultApp%3A%3AEVVET3%20PR%20NEW%2FAER%3A%3Adimension%2FAER%20Id%3A%3Aattribute%3A%3Anoaggr%3A%3Axsd%3Adouble=310411&_xt=AER&_xf=pdf""> AER </a>",2012-05-16 00:00:00,Veterinarian,Canada,MALE,Cat,Cat (other),"Metacam 0.5 mg/ml - Oral suspension (cats, guinea pigs), Metacam 0.5 mg/ml - Oral suspension (dogs), Metacam 1.5 mg/ml - Oral suspension (dogs), Metacam 15 mg/ml - Oral suspension (horses), Metacam 15 mg/ml - Oral suspension (pigs)","Anorexia, Elevated renal parameters, Weight loss",1,1,
CA-DEBIAHP-2011CA00320,"<a target=""_blank""  href=""/xmlpserver/EVVET3 PW NEW/Subject Area Contents/Public Website/Report (PDF)/AER.xdo?_xpf=&_xpt=1&_params%2FOracle%20BI%20EE%3A%3ADefaultApp%3A%3AEVVET3%20PR%20NEW%2FAER%3A%3Adimension%2FAER%20Id%3A%3Aattribute%3A%3Anoaggr%3A%3Axsd%3Adouble=310141&_xt=AER&_xf=pdf""> AER </a>",2012-05-14 00:00:00,Veterinarian,Canada,FEMALE,Dog,Schnauzer - Miniature,"ANTISEDAN, ANTISEDAN 5 mg/ml SOLUCIÓN INYECTABLE PARA PERROS Y GATOS, ANTISEDAN 5 mg/ml raztopina za injiciranje za pse in mačke, ANTISEDAN 5MG/ML ΕΝΕΣΙΜΟ ΔΙΑΛΥΜΑ, ANTISEDAN SOLUTION INJECTABLE POUR CHIENS ET CHATS, ANTISEDAN, 5 mg/mL, otopina za injekciju, za pse i mačke, Antisedan 5 mg/ 1 ml, roztwór do wstrzykiwań dla psów i kotów, Antisedan 5 mg/ml  Injektionslösung für Hunde und Katzen, Antisedan 5 mg/ml - Injektionslösung für Hunde und Katzen, Antisedan 5 mg/ml Oplossing voor injectie, Antisedan 5 mg/ml Solution injectable, Antisedan 5 mg/ml injekčný roztok pre psy a mačky, Antisedan 5 mg/ml oldatos injekció kutya és macska részére.A.U.V., Antisedan 5 mg/ml solution for injection, Antisedan 5 mg/ml solução injetável para cães e gatos, Antisedan Vet 5 mg/ml injekcinis tirpalas, Antisedan Vet 5 mg/ml šķīdums injekcijām, Antisedan Vet, 5 mg/ml süstelahus, Antisedan Vet. 5 mg/ml injektionsvæske, opløsning, Antisedan vet 5 mg/ml injektioneste, liuos, Antisedan vet. 5 mg/ml Injektionsvätska, lösning, Antisedan vet. 5 mg/ml Stungulyf, lausn Handa hundum og köttum., Antisedan vet. 5 mg/ml injeksjonsvæske, oppløsning, til hund og katt, Antisedan vet., 5 mg/ml, Injektionsvätska, lösning, Antisedan, 5 mg/ml oplossing voor injectie voor honden en katten, Antisedan, 5mg/ml, Injekční roztok, CLAVASEPTIN 40+10 MG ΔΙΣΚΙΟ, CLAVASEPTIN 400+100MG ΔΙΣΚΙΟ, CLAVASEPTIN 500MG PALATABLE TABLETS FOR DOGS, CLAVASEPTIN 50MG PALATABLE TABLETS FOR DOGS AND CATS, CLAVASEPTIN 600+150MG ΔΙΣΚΙΟ, CLAVASEPTIN 62.5 MG PALATABLE TABLETS FOR DOGS AND CATS, CLAVASEPTIN P 250 MG TABLETS FOR DOGS, CLAVASEPTIN P 62,5 MG ΔΙΣΚΙΟ, CLAVASEPTIN P 750 MG TABLETS FOR DOGS, Clavaseptin 250 mg okusne tablete za pse, Clavaseptin 250 mg, tabletid koertele, Clavaseptin 50 mg, tabletid koertele ja kassidele, Clavaseptin 500 mg, tabletid koertele, Clavaseptin 600 mg/150 mg tabletter för hund, Clavaseptin 750 mg Tabletten für Hunde, Clavaseptin 750 mg okusne tablete za pse, Clavaseptin 750 mg palatable tablets for dogs, Dexdomitor 0.1 mg/ml - Solution for injection, Dexdomitor 0.5 mg/ml - Solution for injection, Metacam 0.5 mg/ml - Oral suspension (cats, guinea pigs), Metacam 0.5 mg/ml - Oral suspension (dogs), Metacam 1.5 mg/ml - Oral suspension (dogs), Metacam 15 mg/ml - Oral suspension (horses), Metacam 15 mg/ml - Oral suspension (pigs), Metacam 5 mg/ml - Solution for injection (cats, dogs), Metacam 5 mg/ml - Solution for injection (cattle, pigs), Metacam 5 mg/ml - Solution for injection (dogs), АНТИСЕДАН ВЕТ 5 mg/ml инжекционен разтвор","Decreased appetite, Elevated renal parameters, Hydronephrosis, Lethargy (see also Central nervous system depression in Neurological), Polydipsia, Polyuria, Renal failure, Vomiting",1,1,
CA-DEBIAHP-2011CA01104,"<a target=""_blank""  href=""/xmlpserver/EVVET3 PW NEW/Subject Area Contents/Public Website/Report (PDF)/AER.xdo?_xpf=&_xpt=1&_params%2FOracle%20BI%20EE%3A%3ADefaultApp%3A%3AEVVET3%20PR%20NEW%2FAER%3A%3Adimension%2FAER%20Id%3A%3Aattribute%3A%3Anoaggr%3A%3Axsd%3Adouble=297924&_xt=AER&_xf=pdf""> AER </a>",2012-02-22 00:00:00,Veterinarian,Canada,FEMALE,Dog,Terrier - Yorkshire,"Metacam 0.5 mg/ml - Oral suspension (cats, guinea pigs), Metacam 0.5 mg/ml - Oral suspension (dogs), Metacam 1.5 mg/ml - Oral suspension (dogs), Metacam 15 mg/ml - Oral suspension (horses), Metacam 15 mg/ml - Oral suspension (pigs), Metacam 5 mg/ml - Solution for injection (cats, dogs), Metacam 5 mg/ml - Solution for injection (cattle, pigs), Metacam 5 mg/ml - Solution for injection (dogs), Tramadog 50 mg tablet for dogs","Blood in vomit, Bloody diarrhoea, Dry mucous membrane, Lethargy (see also Central nervous system depression in Neurological), Other abnormal test result NOS, Prolonged capillary refill time, Weakness",1,1,
CA-DEBIAHP-2011CA01136,"<a target=""_blank""  href=""/xmlpserver/EVVET3 PW NEW/Subject Area Contents/Public Website/Report (PDF)/AER.xdo?_xpf=&_xpt=1&_params%2FOracle%20BI%20EE%3A%3ADefaultApp%3A%3AEVVET3%20PR%20NEW%2FAER%3A%3Adimension%2FAER%20Id%3A%3Aattribute%3A%3Anoaggr%3A%3Axsd%3Adouble=299996&_xt=AER&_xf=pdf""> AER </a>",2012-03-08 00:00:00,Veterinarian,Canada,FEMALE,Cat,Cat (other),"Metacam 0.5 mg/ml - Oral suspension (cats, guinea pigs), Metacam 0.5 mg/ml - Oral suspension (dogs), Metacam 5 mg/ml - Solution for injection (cats, dogs), Metacam 5 mg/ml - Solution for injection (cattle, pigs), Metacam 5 mg/ml - Solution for injection (dogs)","Anorexia, Elevated renal parameters, Hypersalivation, Lethargy (see also Central nervous system depression in Neurological), Renal failure, Urinary tract infection, Vomiting",1,1,
CA-DEBIAHP-2011CA01201,"<a target=""_blank""  href=""/xmlpserver/EVVET3 PW NEW/Subject Area Contents/Public Website/Report (PDF)/AER.xdo?_xpf=&_xpt=1&_params%2FOracle%20BI%20EE%3A%3ADefaultApp%3A%3AEVVET3%20PR%20NEW%2FAER%3A%3Adimension%2FAER%20Id%3A%3Aattribute%3A%3Anoaggr%3A%3Axsd%3Adouble=310230&_xt=AER&_xf=pdf""> AER </a>",2012-05-15 00:00:00,Veterinarian,Canada,FEMALE,Cat,Cat (other),"Convenia 80 mg/ml  - Powder and solvent for solution for injection, Metacam 0.5 mg/ml - Oral suspension (cats, guinea pigs), Metacam 0.5 mg/ml - Oral suspension (dogs), Metacam 5 mg/ml - Solution for injection (cats, dogs), Metacam 5 mg/ml - Solution for injection (cattle, pigs), Metacam 5 mg/ml - Solution for injection (dogs)","Elevated renal parameters, Leukocytosis NOS, Neutrophilia, Polydipsia, Polyuria, Unexplained death",1,1,
CA-DEBIAHP-2011CA01314,"<a target=""_blank""  href=""/xmlpserver/EVVET3 PW NEW/Subject Area Contents/Public Website/Report (PDF)/AER.xdo?_xpf=&_xpt=1&_params%2FOracle%20BI%20EE%3A%3ADefaultApp%3A%3AEVVET3%20PR%20NEW%2FAER%3A%3Adimension%2FAER%20Id%3A%3Aattribute%3A%3Anoaggr%3A%3Axsd%3Adouble=294336&_xt=AER&_xf=pdf""> AER </a>",2012-02-01 00:00:00,Veterinarian,Canada,FEMALE,Dog,Shepherd Dog - German,"DUPLOCILLINE, Metacam 2.5 mg - Chewable tablet (dogs), Metacam 5 mg/ml - Solution for injection (cats, dogs), Metacam 5 mg/ml - Solution for injection (cattle, pigs), Metacam 5 mg/ml - Solution for injection (dogs)","Anorexia, Blood in urine, Dehydration, Elevated renal parameters",1,1,
CA-DEBIAHP-2011CA01407,"<a target=""_blank""  href=""/xmlpserver/EVVET3 PW NEW/Subject Area Contents/Public Website/Report (PDF)/AER.xdo?_xpf=&_xpt=1&_params%2FOracle%20BI%20EE%3A%3ADefaultApp%3A%3AEVVET3%20PR%20NEW%2FAER%3A%3Adimension%2FAER%20Id%3A%3Aattribute%3A%3Anoaggr%3A%3Axsd%3Adouble=291952&_xt=AER&_xf=pdf""> AER </a>",2012-01-13 00:00:00,Veterinarian,Canada,FEMALE,Dog,Rottweiler,"BAYTRIL 0,5% W/V ΠΟΣΙΜΟ ΔΙΑΛΥΜΑ, BAYTRIL 0,5% πόσιμο διάλυμα ενροφλοξακίνης για ορνίθια και γαλοπούλες, BAYTRIL 10 % SOLUTION BUVABLE, BAYTRIL 10 % SOLUTION INJECTABLE, BAYTRIL 10% W/V ΠΟΣΙΜΟ ΔΙΑΛΥΜΑ, BAYTRIL 100 mg/ml - soluţie orală, BAYTRIL 100 mg/ml SOLUCION INYECTABLE, BAYTRIL 100 mg/ml soluție injectabilă, BAYTRIL 15 mg δισκία για γάτες και σκύλους, BAYTRIL 150 mg δισκία για γάτες και σκύλους, BAYTRIL 2,5 % SOLUTION BUVABLE, BAYTRIL 2,5 % SOLUTION INJECTABLE, BAYTRIL 2,5% W/V ΕΝΕΣΙΜΟ ΔΙΑΛΥΜΑ, BAYTRIL 2,5% W/V ΠΟΣΙΜΟ ΔΙΑΛΥΜΑ, BAYTRIL 25 mg/ml SOLUCION INYECTABLE, BAYTRIL 25 mg/ml SOLUCION ORAL, BAYTRIL 5 % SOLUTION INJECTABLE, BAYTRIL 5 mg/ml SOLUCION ORAL, BAYTRIL 50 mg δισκία για γάτες και σκύλους, BAYTRIL 50 mg/ml SOLUCION INYECTABLE, BAYTRIL 50mg/ml ενέσιμο διάλυμα, BAYTRIL, 25mg/ml, Injekční roztok, BAYTRIL, 5% ενέσιμο διάλυμα για μόσχους, χοίρους, πρόβατα, αίγες, σκύλους και γάτες, BAYTRIL, 50mg/ml, Injekční roztok, Baytril  100 mg/ml Oplossing voor injectie, Baytril  100 mg/ml Solution injectable, Baytril - Das Original - 100 mg/ml Injektionslösung, Baytril - Das Original - 25 mg/ml Injektionslösung, Baytril - Das Original - 50 mg/ml Injektionslösung, Baytril 0,5 % solução oral para leitões, Baytril 0,5%, Baytril 10 % solução oral, Baytril 10%, Baytril 10% O.L., Baytril 10% Oral Solution, Baytril 100 mg/mL, otopina za injekciju, za goveda, ovce, koze i svinje, Baytril 100 mg/mL, otopina za primjenu u vodi za piće, za kokoši, purane i kuniće, Baytril 100 mg/ml - Injektionslösung für Tiere, Baytril 100 mg/ml - Lösung zum Eingeben für Hühner, Puten und Kaninchen, Baytril 100 mg/ml Oplossing voor gebruik in drinkwater, Baytril 100 mg/ml Solution buvable, Baytril 100 mg/ml Solution for Injection, Baytril 100 mg/ml koncentrat za peroralno raztopino za piščance, purane in kunce, Baytril 100 mg/ml oldat ivóvízbe keveréshez A.U.V., Baytril 100 mg/ml oplossing voor gebruik in drinkwater voor kippen, kalkoenen en konijnen, Baytril 100 mg/ml oplossing voor injectie, Baytril 100 mg/ml raztopina za injiciranje, Baytril 100 mg/ml solution for injection, Baytril 100 mg/ml soluzione iniettabile, Baytril 100 mg/ml solução injetável, Baytril 150 mg tabletta A.U.V., Baytril 2,5%, 25 mg/mL, otopina za injekciju za pse, mačke, prasad, kuniće, glodavce, gmazove i ukrasne ptice, Baytril 25 mg/ml - Injektionslösung für Tiere, Baytril 25 mg/ml - Lösung zum Eingeben für Kälber und Lämmer, Baytril 25 mg/ml Lösung zum Eingeben für Rinder (Kälber), Baytril 25 mg/ml Oplossing voor injectie, Baytril 25 mg/ml Oral Solution, Baytril 25 mg/ml Solution injectable, Baytril 25 mg/ml injekčný roztok, Baytril 25 mg/ml oldatos injekció A.U.V., Baytril 25 mg/ml oplossing voor injectie, Baytril 25 mg/ml roztwór do wstrzykiwań, Baytril 25 mg/ml solution for injection, Baytril 25 mg/ml soluzione iniettabile, Baytril 25 mg/ml soluzione iniettabile per cani, gatti, roditori e conigli da compagnia, rettili e uccelli ornamentali, Baytril 25 mg/ml soluzione orale per vitelli, ovini, caprini, suini, Baytril 25 mg/ml solução injetável, Baytril 5 mg/ml - Lösung zum Eingeben für Schweine, Baytril 5 mg/ml belsőleges oldat sertések részére A.U.V., Baytril 50 mg tabletta A.U.V., Baytril 50 mg/mL, otopina za injekciju, za telad, ovce, koze, svinje, pse i mačke, Baytril 50 mg/ml - Injektionslösung für Tiere, Baytril 50 mg/ml Oplossing voor injectie, Baytril 50 mg/ml Solution for Injection, Baytril 50 mg/ml Solution injectable, Baytril 50 mg/ml injekčný roztok, Baytril 50 mg/ml oldatos injekció A.U.V., Baytril 50 mg/ml oplossing voor injectie, Baytril 50 mg/ml raztopina za injiciranje, Baytril 50 mg/ml soluzione iniettabile, Baytril 50 mg/ml solução injetável, Baytril 50 mg/ml soluție injectabilă, Baytril Direct 100 mg/ml Injektionslösung für Rinder und Schweine, Baytril Piglet Doser 0.5% Oral Solution, Baytril Vet. 100 mg/ml injektionsvæske, opløsning, Baytril Vet. 150 mg tabletter, Baytril Vet. 25 mg/ml oral opløsning, Baytril Vet. 50 mg tabletter, Baytril Vet. 50 mg/ml i","Collapse (see also Cardio-vascular and Systemic disorders), Lethargy (see also Central nervous system depression in Neurological), Peritonitis, Vomiting",1,1,
CA-DEBIAHP-2012CA00003,"<a target=""_blank""  href=""/xmlpserver/EVVET3 PW NEW/Subject Area Contents/Public Website/Report (PDF)/AER.xdo?_xpf=&_xpt=1&_params%2FOracle%20BI%20EE%3A%3ADefaultApp%3A%3AEVVET3%20PR%20NEW%2FAER%3A%3Adimension%2FAER%20Id%3A%3Aattribute%3A%3Anoaggr%3A%3Axsd%3Adouble=291219&_xt=AER&_xf=pdf""> AER </a>",2012-01-10 00:00:00,Veterinarian,Canada,FEMALE,Dog,Crossbred Canine/dog,"ANTISEDAN, ANTISEDAN 5 mg/ml SOLUCIÓN INYECTABLE PARA PERROS Y GATOS, ANTISEDAN 5 mg/ml raztopina za injiciranje za pse in mačke, ANTISEDAN 5MG/ML ΕΝΕΣΙΜΟ ΔΙΑΛΥΜΑ, ANTISEDAN SOLUTION INJECTABLE POUR CHIENS ET CHATS, ANTISEDAN, 5 mg/mL, otopina za injekciju, za pse i mačke, Antisedan 5 mg/ 1 ml, roztwór do wstrzykiwań dla psów i kotów, Antisedan 5 mg/ml  Injektionslösung für Hunde und Katzen, Antisedan 5 mg/ml - Injektionslösung für Hunde und Katzen, Antisedan 5 mg/ml Oplossing voor injectie, Antisedan 5 mg/ml Solution injectable, Antisedan 5 mg/ml injekčný roztok pre psy a mačky, Antisedan 5 mg/ml oldatos injekció kutya és macska részére.A.U.V., Antisedan 5 mg/ml solution for injection, Antisedan 5 mg/ml solução injetável para cães e gatos, Antisedan Vet 5 mg/ml injekcinis tirpalas, Antisedan Vet 5 mg/ml šķīdums injekcijām, Antisedan Vet, 5 mg/ml süstelahus, Antisedan Vet. 5 mg/ml injektionsvæske, opløsning, Antisedan vet 5 mg/ml injektioneste, liuos, Antisedan vet. 5 mg/ml Injektionsvätska, lösning, Antisedan vet. 5 mg/ml Stungulyf, lausn Handa hundum og köttum., Antisedan vet. 5 mg/ml injeksjonsvæske, oppløsning, til hund og katt, Antisedan vet., 5 mg/ml, Injektionsvätska, lösning, Antisedan, 5 mg/ml oplossing voor injectie voor honden en katten, Antisedan, 5mg/ml, Injekční roztok, DOMITOR 1 mg/ml raztopina za injiciranje za pse in mačke, DOMITOR 1 mg/ml ενέσιμο διάλυμα για σκύλους και γάτες, DOMITOR 1 mg/ml, soluție injectabilă pentru câini și pisici, DOMITOR, 1 mg/mL, otopina za injekciju za pse i mačke, DOMITOR, 1mg/ml, Injekční roztok, DOMITOR, SOLUTION INJECTABLE, Domitor, Domitor 1 mg/1 ml, roztwór do wstrzykiwań dla psów i kotów, Domitor 1 mg/ml - Injektionslösung für Hunde und Katzen, Domitor 1 mg/ml Oplossing voor injectie, Domitor 1 mg/ml Solution injectable, Domitor 1 mg/ml injekčný roztok, Domitor 1 mg/ml oldatos injekció kutyáknak és macskáknak A.U.V., Domitor 1 mg/ml solution for injection, Domitor 1 mg/ml soluzione iniettabile per cani e gatti, Domitor Vet 1 mg/ml injekcinis tirpalas, Domitor Vet 1 mg/ml šķīdums injekcijām, Domitor Vet, 1 mg/ml süstelahus, Domitor Vet. 1 mg/ml injektionsvæske, opløsning, Domitor vet 1 mg/ml injektioneste, liuos, Domitor vet. 1 mg/ml Injektionsvätska, lösning, Domitor vet. 1 mg/ml injeksjonsvæske, oppløsning til hund og katt, Metacam 0.5 mg/ml - Oral suspension (cats, guinea pigs), Metacam 0.5 mg/ml - Oral suspension (dogs), Metacam 1.5 mg/ml - Oral suspension (dogs), Metacam 15 mg/ml - Oral suspension (horses), Metacam 15 mg/ml - Oral suspension (pigs), Tramadog 50 mg tablet for dogs, АНТИСЕДАН ВЕТ 5 mg/ml инжекционен разтвор, Домитор Вет 1 mg/ml инжекционен разтвор за кучета и котки","Anorexia, Bloody diarrhoea, Conjunctivitis, Dehydration, Fever, Lethargy (see also Central nervous system depression in Neurological), Swelling around eye (see also Immune system disorders)",1,1,
CA-DEBIAHP-2012CA00016,"<a target=""_blank""  href=""/xmlpserver/EVVET3 PW NEW/Subject Area Contents/Public Website/Report (PDF)/AER.xdo?_xpf=&_xpt=1&_params%2FOracle%20BI%20EE%3A%3ADefaultApp%3A%3AEVVET3%20PR%20NEW%2FAER%3A%3Adimension%2FAER%20Id%3A%3Aattribute%3A%3Anoaggr%3A%3Axsd%3Adouble=291807&_xt=AER&_xf=pdf""> AER </a>",2012-01-11 00:00:00,Veterinarian,Canada,FEMALE,Dog,Crossbred Canine/dog,"Metacam 0.5 mg/ml - Oral suspension (cats, guinea pigs), Metacam 0.5 mg/ml - Oral suspension (dogs), Metacam 1.5 mg/ml - Oral suspension (dogs), Metacam 15 mg/ml - Oral suspension (horses), Metacam 15 mg/ml - Oral suspension (pigs)","Leukocytosis NOS, Low platelet count, Neutrophilia, Other abnormal test result NOS, Thrombocytopenia, Vomiting",1,1,
CA-DEBIAHP-2012CA00065,"<a target=""_blank""  href=""/xmlpserver/EVVET3 PW NEW/Subject Area Contents/Public Website/Report (PDF)/AER.xdo?_xpf=&_xpt=1&_params%2FOracle%20BI%20EE%3A%3ADefaultApp%3A%3AEVVET3%20PR%20NEW%2FAER%3A%3Adimension%2FAER%20Id%3A%3Aattribute%3A%3Anoaggr%3A%3Axsd%3Adouble=294300&_xt=AER&_xf=pdf""> AER </a>",2012-01-31 00:00:00,Veterinarian,Canada,FEMALE,Dog,Terrier - Yorkshire,"Metacam 0.5 mg/ml - Oral suspension (cats, guinea pigs), Metacam 0.5 mg/ml - Oral suspension (dogs), Metacam 1.5 mg/ml - Oral suspension (dogs), Metacam 15 mg/ml - Oral suspension (horses), Metacam 15 mg/ml - Oral suspension (pigs)","Acute renal failure, Anorexia, Anxiety, Calculi, Cough, Cyanosis, Death by euthanasia, Dehydration, Hyperadrenocorticism, Incoordination, Knuckling, Lethargy (see also Central nervous system depression in Neurological), Leukocytosis NOS, Not drinking, Pale mucous membrane, Seizure NOS, Tarry or black stool (see also haemorrhagic diarrhoea), Thrombocytopenia, Urinary retention, Vomiting",1,1,1
CA-DEBIAHP-2012CA00066,"<a target=""_blank""  href=""/xmlpserver/EVVET3 PW NEW/Subject Area Contents/Public Website/Report (PDF)/AER.xdo?_xpf=&_xpt=1&_params%2FOracle%20BI%20EE%3A%3ADefaultApp%3A%3AEVVET3%20PR%20NEW%2FAER%3A%3Adimension%2FAER%20Id%3A%3Aattribute%3A%3Anoaggr%3A%3Axsd%3Adouble=294425&_xt=AER&_xf=pdf""> AER </a>",2012-02-02 00:00:00,Veterinarian,Canada,MALE,Dog,Schnauzer - Miniature,"CANINSULIN 40 UI/ml SUSPENSION INYECTABLE PARA PERROS Y GATOS, CANINSULIN 40 UI/ml suspensie injectabilă pentru câini și pisici, CANINSULIN 40 UI/ml, sospensione iniettabile per cani e gatti, CANINSULIN 40 i.e./ml suspenzija za injiciranje, CANINSULIN 40IU/ML ΕΝΕΣΙΜΟ ΕΝΑΙΩΡΗΜΑ, CANINSULIN SUSPENSION INJECTABLE POUR CHIENS ET CHATS, Caninsulin 40 IU/ml Suspensie voor injectie, Caninsulin 40 IU/ml Suspension for Injection, Caninsulin 40 IU/ml injekčná suspenzia pre psy a mačky, Caninsulin 40 IU/ml suspensija injekcijām suņiem un kaķiem, Caninsulin 40 NE/ml szuszpenziós injekció kutyák és macskák részére, Caninsulin 40 j.m./ml Zawiesina do wstrzykiwań, Caninsulin Vet. 40 IE/ml injektionsvæske, suspension, Caninsulin vet. 40 TV/ml, injekcinė suspensija šunims ir katėms, Caninsulin, 40 I.E./ml, Caninsulin, 40 I.E./ml, Injektionssuspension für Hunde und Katzen, Caninsulin, 40 I.U./ml, suspension injectable, pour chiens et chats, Caninsulin, 40 IE/ml suspensie voor injectie voor hond en kat, Caninsulin, 40 ui/ml suspensão injetável para cães e gatos, Caninsulin, 40IU/ml, Injekční suspenze, Caninsulin® vet. 40 IU/ml, suspension for injection, Metacam 0.5 mg/ml - Oral suspension (cats, guinea pigs), Metacam 0.5 mg/ml - Oral suspension (dogs), Metacam 1.5 mg/ml - Oral suspension (dogs), Metacam 15 mg/ml - Oral suspension (horses), Metacam 15 mg/ml - Oral suspension (pigs)","Anorexia, Bloody diarrhoea, Death by euthanasia, Dehydration, Diarrhoea, Elevated creatinine, Gastric ulcer, Leukocytosis NOS, Neutrophilia",1,1,1
CA-DEBIAHP-2012CA00098,"<a target=""_blank""  href=""/xmlpserver/EVVET3 PW NEW/Subject Area Contents/Public Website/Report (PDF)/AER.xdo?_xpf=&_xpt=1&_params%2FOracle%20BI%20EE%3A%3ADefaultApp%3A%3AEVVET3%20PR%20NEW%2FAER%3A%3Adimension%2FAER%20Id%3A%3Aattribute%3A%3Anoaggr%3A%3Axsd%3Adouble=296344&_xt=AER&_xf=pdf""> AER </a>",2012-02-13 00:00:00,Veterinarian,Canada,FEMALE,Cat,Cat (other),"ACEPROMAZINE 10%/AGROSEED CANDILIDIS ενέσιμο διάλυμα 10 mg/ml για σκύλο και γάτα, Fuxien vet 1000 mg/g inhalaatiohöyry, neste, ISOFLURANE-Vet 1000 mg/g liquido per inalazione per cani e gatti, ISOFLURIN 1000mg/g ΥΓΡΟ ΓΙΑ ΕΙΣΠΝΕΟΜΕΝΟΥΣ ΑΤΜΟΥΣ, Isoflurane 100% Inhalation Vapour, Liquid, Isoflurane 1000 mg/g Inhalation Vapour, liquid., Metacam 0.5 mg/ml - Oral suspension (cats, guinea pigs), Metacam 0.5 mg/ml - Oral suspension (dogs), Metacam 5 mg/ml - Solution for injection (cats, dogs), Metacam 5 mg/ml - Solution for injection (cattle, pigs), Metacam 5 mg/ml - Solution for injection (dogs)","Anorexia, Dehydration, Drooling, Elevated blood urea nitrogen (BUN), Elevated creatinine, Fever, Gagging, Lethargy (see also Central nervous system depression in Neurological), Oliguria, Vomiting",1,1,
CA-DEBIAHP-2012CA00100,"<a target=""_blank""  href=""/xmlpserver/EVVET3 PW NEW/Subject Area Contents/Public Website/Report (PDF)/AER.xdo?_xpf=&_xpt=1&_params%2FOracle%20BI%20EE%3A%3ADefaultApp%3A%3AEVVET3%20PR%20NEW%2FAER%3A%3Adimension%2FAER%20Id%3A%3Aattribute%3A%3Anoaggr%3A%3Axsd%3Adouble=301143&_xt=AER&_xf=pdf""> AER </a>",2012-03-15 00:00:00,Veterinarian,Canada,MALE,Dog,Crossbred Canine/dog,"Cartrophen vet, MIPREPOL, oily suspension for dogs and cats, Metacam 0.5 mg/ml - Oral suspension (cats, guinea pigs), Metacam 0.5 mg/ml - Oral suspension (dogs), Metacam 1.5 mg/ml - Oral suspension (dogs), Metacam 15 mg/ml - Oral suspension (horses), Metacam 15 mg/ml - Oral suspension (pigs), SUROLAN, SUROLAN (23MG+5MG+0,5293MG)/ML ΩΤΙΚΕΣ ΣΤΑΓΟΝΕΣ, ΕΝΑΙΩΡΗΜΑ, SUROLAN DROPS 23mg/ml, 5500IU/ml, 5mg/ml ωτικές σταγόνες σε εναιώρημα και δερματικό εναιώρημα για σκύλους και γάτες, SUROLAN sospensione oleosa per cani e gatti, SUROLAN ušné kvapky a dermálna suspenzia, SUROLAN, Kožní/ušní kapky, suspenze, SUROLAN, kapi za uho i suspenzija za kožu za pse i mačke, SUROLAN, picături auriculate si suspensie cutanată, SUROLAN, suspensija šunims ir katėms, SUROLAN, капки за уши и суспензия за кожа за кучета и котки, Surolan, Surolan  Oordruppels, suspensie, Surolan (23 mg + 0,5293 mg + 5 mg )/ml Krople do uszu, zawiesina, Surolan 5,0 mg/0,5293 mg/23,0 mg/ml, Ohrentropfen, Suspension zur Anwendung auf der Haut für Hunde und Katzen, Surolan Ear Drops and Cutaneous Suspension, Surolan Vet. 5 + 23 + 0,529 mg/ml øredråber, suspension og kutansuspension, Surolan külsőleges szuszpenzió A.U.V., Surolan suspensija ārīgai lietošanai suņiem un kaķiem, Surolan vet.  Örondroppar/kutan suspension, Surolan vet., örondroppar/kutan suspension, Surolan, nahasuspensioon koertele ja kassidele, Surolan, suspensie voor cutaan gebruik, bij honden en katten, Surolan, suspension pour application cutanée/suspension auriculaire en gouttes pour chiens et chats","Abdominal discomfort, Anorexia, Dehydration, Diarrhoea, Lethargy (see also Central nervous system depression in Neurological), Vomiting",1,1,
CA-DEBIAHP-2012CA00102,"<a target=""_blank""  href=""/xmlpserver/EVVET3 PW NEW/Subject Area Contents/Public Website/Report (PDF)/AER.xdo?_xpf=&_xpt=1&_params%2FOracle%20BI%20EE%3A%3ADefaultApp%3A%3AEVVET3%20PR%20NEW%2FAER%3A%3Adimension%2FAER%20Id%3A%3Aattribute%3A%3Anoaggr%3A%3Axsd%3Adouble=305109&_xt=AER&_xf=pdf""> AER </a>",2012-04-10 00:00:00,Veterinarian,Canada,MALE,Cat,Cat (other),"ANTISEDAN, ANTISEDAN 5 mg/ml SOLUCIÓN INYECTABLE PARA PERROS Y GATOS, ANTISEDAN 5 mg/ml raztopina za injiciranje za pse in mačke, ANTISEDAN 5MG/ML ΕΝΕΣΙΜΟ ΔΙΑΛΥΜΑ, ANTISEDAN SOLUTION INJECTABLE POUR CHIENS ET CHATS, ANTISEDAN, 5 mg/mL, otopina za injekciju, za pse i mačke, Antisedan 5 mg/ 1 ml, roztwór do wstrzykiwań dla psów i kotów, Antisedan 5 mg/ml  Injektionslösung für Hunde und Katzen, Antisedan 5 mg/ml - Injektionslösung für Hunde und Katzen, Antisedan 5 mg/ml Oplossing voor injectie, Antisedan 5 mg/ml Solution injectable, Antisedan 5 mg/ml injekčný roztok pre psy a mačky, Antisedan 5 mg/ml oldatos injekció kutya és macska részére.A.U.V., Antisedan 5 mg/ml solution for injection, Antisedan 5 mg/ml solução injetável para cães e gatos, Antisedan Vet 5 mg/ml injekcinis tirpalas, Antisedan Vet 5 mg/ml šķīdums injekcijām, Antisedan Vet, 5 mg/ml süstelahus, Antisedan Vet. 5 mg/ml injektionsvæske, opløsning, Antisedan vet 5 mg/ml injektioneste, liuos, Antisedan vet. 5 mg/ml Injektionsvätska, lösning, Antisedan vet. 5 mg/ml Stungulyf, lausn Handa hundum og köttum., Antisedan vet. 5 mg/ml injeksjonsvæske, oppløsning, til hund og katt, Antisedan vet., 5 mg/ml, Injektionsvätska, lösning, Antisedan, 5 mg/ml oplossing voor injectie voor honden en katten, Antisedan, 5mg/ml, Injekční roztok, Dexdomitor 0.1 mg/ml - Solution for injection, Dexdomitor 0.5 mg/ml - Solution for injection, Metacam 0.5 mg/ml - Oral suspension (cats, guinea pigs), Metacam 0.5 mg/ml - Oral suspension (dogs), Metacam 1.5 mg/ml - Oral suspension (dogs), Metacam 15 mg/ml - Oral suspension (horses), Metacam 15 mg/ml - Oral suspension (pigs), Metacam 5 mg/ml - Solution for injection (cats, dogs), Metacam 5 mg/ml - Solution for injection (cattle, pigs), Metacam 5 mg/ml - Solution for injection (dogs), SYNULOX GOUTTES, Synulox Gouttes Appétentes 40 mg/ml Poudre pour suspension oral en gouttes, Synulox Smakelijke Druppels 40 mg/ml Druppels voor oraal gebruik, poeder voor suspensie, АНТИСЕДАН ВЕТ 5 mg/ml инжекционен разтвор","Constipation, Death, Elevated renal parameters, Fever, Heart murmur, Lethargy (see also Central nervous system depression in Neurological), Mucous stool, Not drinking, Not eating, Panting, Pneumonia, Respiratory distress, Retching, Vomiting",1,1,
CA-DEBIAHP-2012CA00130,"<a target=""_blank""  href=""/xmlpserver/EVVET3 PW NEW/Subject Area Contents/Public Website/Report (PDF)/AER.xdo?_xpf=&_xpt=1&_params%2FOracle%20BI%20EE%3A%3ADefaultApp%3A%3AEVVET3%20PR%20NEW%2FAER%3A%3Adimension%2FAER%20Id%3A%3Aattribute%3A%3Anoaggr%3A%3Axsd%3Adouble=297060&_xt=AER&_xf=pdf""> AER </a>",2012-02-17 00:00:00,Veterinarian,Canada,MALE,Cat,Cat (other),"DEPOCILLIN 300 mg/ml, DEPOCILLIN 300 mg/ml SUSPENSION INYECTABLE, DEPOCILLIN 300MG/ML ΕΝΕΣΙΜΟ ΕΝΑΙΩΡΗΜΑ, Depocillin 300 mg/ml Suspension for Injection, Ketamin 10 % šķīdums injekcijām suņiem un kaķiem, Ketamin 10%, Ketamin 100 mg/ml, Ketamine 10% oplossing voor injectie voor honden en katten, Ketamine 10% pro inj., oplossing voor injectie voor honden en katten, Ketamine 10% šķīdums injekcijām suņiem un kaķiem, Ketamine 10%, oplossing voor injectie voor honden en katten, MARAVET AMOXICILLIN, Metacam 0.5 mg/ml - Oral suspension (cats, guinea pigs), Metacam 0.5 mg/ml - Oral suspension (dogs), Metacam 1.5 mg/ml - Oral suspension (dogs), Metacam 15 mg/ml - Oral suspension (horses), Metacam 15 mg/ml - Oral suspension (pigs), Torbugesic 10 mg/ml Solution for Injection, Torbugesic Vet 10 mg/ml solution injectable pour chevaux, chiens et chats, Torbugesic Vet. 10 mg/ml injektionsvæske, opløsning, Torbuphanol Vet 10 mg/ml solution for injection for injection for horses, dogs and cats, КЕТАМИН 10 %","Anorexia, Dehydration, Hypothermia, Lethargy (see also Central nervous system depression in Neurological), Vomiting",1,1,
CA-DEBIAHP-2012CA00136,"<a target=""_blank""  href=""/xmlpserver/EVVET3 PW NEW/Subject Area Contents/Public Website/Report (PDF)/AER.xdo?_xpf=&_xpt=1&_params%2FOracle%20BI%20EE%3A%3ADefaultApp%3A%3AEVVET3%20PR%20NEW%2FAER%3A%3Adimension%2FAER%20Id%3A%3Aattribute%3A%3Anoaggr%3A%3Axsd%3Adouble=297912&_xt=AER&_xf=pdf""> AER </a>",2012-02-22 00:00:00,Veterinarian,Canada,MALE,Dog,Crossbred Canine/dog,"Dexdomitor 0.1 mg/ml - Solution for injection, Dexdomitor 0.5 mg/ml - Solution for injection, LIDOCAINE 2% (w/w) injekčný roztok, LIDOCAINE, 2%, Injekční roztok, Lidocaine 2 inj. (+noradrenaline), injectievloeistof voor honden en katten, Lidocaine 20 mg/ml + adrenaline 10 mcg/ml, oplossing voor injectie voor honden en katten, Lidocaine 4% inj. oplossing voor injectie voor honden en katten, Metacam 5 mg/ml - Solution for injection (cats, dogs), Metacam 5 mg/ml - Solution for injection (cattle, pigs), Metacam 5 mg/ml - Solution for injection (dogs), Torbugesic 10 mg/ml Solution for Injection, Torbugesic Vet 10 mg/ml solution injectable pour chevaux, chiens et chats, Torbugesic Vet. 10 mg/ml injektionsvæske, opløsning, Torbuphanol Vet 10 mg/ml solution for injection for injection for horses, dogs and cats","Death, Heart block NOS, Low blood pressure, Wheal",1,1,
CA-DEBIAHP-2012CA00143,"<a target=""_blank""  href=""/xmlpserver/EVVET3 PW NEW/Subject Area Contents/Public Website/Report (PDF)/AER.xdo?_xpf=&_xpt=1&_params%2FOracle%20BI%20EE%3A%3ADefaultApp%3A%3AEVVET3%20PR%20NEW%2FAER%3A%3Adimension%2FAER%20Id%3A%3Aattribute%3A%3Anoaggr%3A%3Axsd%3Adouble=297917&_xt=AER&_xf=pdf""> AER </a>",2012-02-22 00:00:00,Veterinarian,Canada,MALE,Dog,Crossbred Canine/dog,"Metacam 0.5 mg/ml - Oral suspension (cats, guinea pigs), Metacam 0.5 mg/ml - Oral suspension (dogs), Metacam 1.5 mg/ml - Oral suspension (dogs), Metacam 15 mg/ml - Oral suspension (horses), Metacam 15 mg/ml - Oral suspension (pigs)","Bloody diarrhoea, Lethargy (see also Central nervous system depression in Neurological), Pale mucous membrane, Vomiting",1,1,
CA-DEBIAHP-2012CA00190,"<a target=""_blank""  href=""/xmlpserver/EVVET3 PW NEW/Subject Area Contents/Public Website/Report (PDF)/AER.xdo?_xpf=&_xpt=1&_params%2FOracle%20BI%20EE%3A%3ADefaultApp%3A%3AEVVET3%20PR%20NEW%2FAER%3A%3Adimension%2FAER%20Id%3A%3Aattribute%3A%3Anoaggr%3A%3Axsd%3Adouble=300811&_xt=AER&_xf=pdf""> AER </a>",2012-03-13 00:00:00,Veterinarian,Canada,FEMALE,Dog,Terrier - Jack Russell,"Metacam 0.5 mg/ml - Oral suspension (cats, guinea pigs), Metacam 0.5 mg/ml - Oral suspension (dogs), Metacam 1.5 mg/ml - Oral suspension (dogs), Metacam 15 mg/ml - Oral suspension (horses), Metacam 15 mg/ml - Oral suspension (pigs)","Anorexia, Breathing difficulty, Cough, Elevated liver enzymes NOS, Exercise intolerance, Fever, Jaundice, Lethargy (see also Central nervous system depression in Neurological), Loose stool, Pancreatitis NOS, Vomiting, Wheezing, Yellow mucous membranes",1,1,
CA-DEBIAHP-2012CA00198,"<a target=""_blank""  href=""/xmlpserver/EVVET3 PW NEW/Subject Area Contents/Public Website/Report (PDF)/AER.xdo?_xpf=&_xpt=1&_params%2FOracle%20BI%20EE%3A%3ADefaultApp%3A%3AEVVET3%20PR%20NEW%2FAER%3A%3Adimension%2FAER%20Id%3A%3Aattribute%3A%3Anoaggr%3A%3Axsd%3Adouble=299302&_xt=AER&_xf=pdf""> AER </a>",2012-03-02 00:00:00,Veterinarian,Canada,FEMALE,Dog,Terrier - Yorkshire,"Metacam 0.5 mg/ml - Oral suspension (cats, guinea pigs), Metacam 0.5 mg/ml - Oral suspension (dogs), Metacam 1.5 mg/ml - Oral suspension (dogs), Metacam 15 mg/ml - Oral suspension (horses), Metacam 15 mg/ml - Oral suspension (pigs), Metacam 5 mg/ml - Solution for injection (cats, dogs), Metacam 5 mg/ml - Solution for injection (cattle, pigs), Metacam 5 mg/ml - Solution for injection (dogs), Tramadog 50 mg tablet for dogs","Dehydration, Elevated renal parameters, Lethargy (see also Central nervous system depression in Neurological), Not eating, Vomiting",1,1,
CA-DEBIAHP-2012CA00206,"<a target=""_blank""  href=""/xmlpserver/EVVET3 PW NEW/Subject Area Contents/Public Website/Report (PDF)/AER.xdo?_xpf=&_xpt=1&_params%2FOracle%20BI%20EE%3A%3ADefaultApp%3A%3AEVVET3%20PR%20NEW%2FAER%3A%3Adimension%2FAER%20Id%3A%3Aattribute%3A%3Anoaggr%3A%3Axsd%3Adouble=312221&_xt=AER&_xf=pdf""> AER </a>",2012-05-29 00:00:00,Veterinarian,Canada,MALE,Cat,Cat (other),"Metacam 0.5 mg/ml - Oral suspension (cats, guinea pigs), Metacam 0.5 mg/ml - Oral suspension (dogs), Metacam 1.5 mg/ml - Oral suspension (dogs), Metacam 15 mg/ml - Oral suspension (horses), Metacam 15 mg/ml - Oral suspension (pigs)","Ataxia, Death by euthanasia, Decreased appetite, Dehydration, Lethargy (see also Central nervous system depression in Neurological), Prolonged capillary refill time, Vestibular disorder NOS",1,1,1
CA-DEBIAHP-2012CA00257,"<a target=""_blank""  href=""/xmlpserver/EVVET3 PW NEW/Subject Area Contents/Public Website/Report (PDF)/AER.xdo?_xpf=&_xpt=1&_params%2FOracle%20BI%20EE%3A%3ADefaultApp%3A%3AEVVET3%20PR%20NEW%2FAER%3A%3Adimension%2FAER%20Id%3A%3Aattribute%3A%3Anoaggr%3A%3Axsd%3Adouble=301651&_xt=AER&_xf=pdf""> AER </a>",2012-03-16 00:00:00,Veterinarian,Canada,MALE,Dog,Crossbred Canine/dog,"Metacam 0.5 mg/ml - Oral suspension (cats, guinea pigs), Metacam 0.5 mg/ml - Oral suspension (dogs), Metacam 1.5 mg/ml - Oral suspension (dogs), Metacam 15 mg/ml - Oral suspension (horses), Metacam 15 mg/ml - Oral suspension (pigs)","Ataxia, Death by euthanasia, Elevated liver enzymes NOS, Lymphopenia, Neurological signs NOS, Thrombocytopenia",1,1,1
CA-DEBIAHP-2012CA00262,"<a target=""_blank""  href=""/xmlpserver/EVVET3 PW NEW/Subject Area Contents/Public Website/Report (PDF)/AER.xdo?_xpf=&_xpt=1&_params%2FOracle%20BI%20EE%3A%3ADefaultApp%3A%3AEVVET3%20PR%20NEW%2FAER%3A%3Adimension%2FAER%20Id%3A%3Aattribute%3A%3Anoaggr%3A%3Axsd%3Adouble=338620&_xt=AER&_xf=pdf""> AER </a>",2012-11-20 00:00:00,Veterinarian,Canada,FEMALE,Dog,"Hound - Swiss - (Lucerne Hound (Luzerner Laufhund), Schwyz Hound (Schweizer Laufhund), Bernese Hound, Jura Hound)","Metacam 0.5 mg/ml - Oral suspension (cats, guinea pigs), Metacam 0.5 mg/ml - Oral suspension (dogs), Metacam 1.5 mg/ml - Oral suspension (dogs), Metacam 15 mg/ml - Oral suspension (horses), Metacam 15 mg/ml - Oral suspension (pigs)","Elevated liver enzymes NOS, Vomiting",1,1,
CA-DEBIAHP-2012CA00280,"<a target=""_blank""  href=""/xmlpserver/EVVET3 PW NEW/Subject Area Contents/Public Website/Report (PDF)/AER.xdo?_xpf=&_xpt=1&_params%2FOracle%20BI%20EE%3A%3ADefaultApp%3A%3AEVVET3%20PR%20NEW%2FAER%3A%3Adimension%2FAER%20Id%3A%3Aattribute%3A%3Anoaggr%3A%3Axsd%3Adouble=303343&_xt=AER&_xf=pdf""> AER </a>",2012-03-30 00:00:00,Veterinarian,Canada,MALE,Dog,Retriever - Labrador,"ACEPROMAZINE 10%/AGROSEED CANDILIDIS ενέσιμο διάλυμα 10 mg/ml για σκύλο και γάτα, Atropine 0,1% pro inj., 1 mg/ml oplossing voor injectie voor honden en katten., Fuxien vet 1000 mg/g inhalaatiohöyry, neste, ISOFLURANE-Vet 1000 mg/g liquido per inalazione per cani e gatti, ISOFLURIN 1000mg/g ΥΓΡΟ ΓΙΑ ΕΙΣΠΝΕΟΜΕΝΟΥΣ ΑΤΜΟΥΣ, Isoflurane 100% Inhalation Vapour, Liquid, Isoflurane 1000 mg/g Inhalation Vapour, liquid., Ketamin 10 % šķīdums injekcijām suņiem un kaķiem, Ketamin 10%, Ketamin 100 mg/ml, Ketamine 10% oplossing voor injectie voor honden en katten, Ketamine 10% pro inj., oplossing voor injectie voor honden en katten, Ketamine 10% šķīdums injekcijām suņiem un kaķiem, Ketamine 10%, oplossing voor injectie voor honden en katten, Metacam 0.5 mg/ml - Oral suspension (cats, guinea pigs), Metacam 0.5 mg/ml - Oral suspension (dogs), Metacam 1.5 mg/ml - Oral suspension (dogs), Metacam 15 mg/ml - Oral suspension (horses), Metacam 15 mg/ml - Oral suspension (pigs), Metacam 5 mg/ml - Solution for injection (cats, dogs), Metacam 5 mg/ml - Solution for injection (cattle, pigs), Metacam 5 mg/ml - Solution for injection (dogs), RABISIN SUSPENSION INJECTABLE, RABISIN injekčná suspenzia, RABISIN suspenzija za injiciranje, RABISIN vet, injeksjonsvæske, suspensjon Vaksine mot rabies til dyr (inaktivert), RABISIN, Injekční suspenze, RABISIN, injekcinė suspensija, RABISIN, sospensione iniettabile per cani, gatti, equini, bovini, ovini, RABISIN, suspensie injectabilă, RABISIN, ενέσιμο εναιώρημα, RABISIN, ≥ 2,09 log10 OD50 i ≥ 1 I.J., suspenzija za injekciju za pse, mačke, pitome vretice, konje, govedo i ovce, Rabisin, Rabisin  Suspensie voor injectie, Rabisin Glikoproteiny wirusa wścieklizny nie mniej niż 1IU Zawiesina do wstrzykiwań, Rabisin Injektionssuspension für Hunde, Katzen, Marderartige, Pferde, Rinder und Schafe, Rabisin Vet. injektionsvæske, suspension, Rabisin suspensija injekcijām liellopiem, zirgiem, aitām, suņiem, kaķiem un mājas seskiem, Rabisin suspension injectable, Rabisin suspensão injectável, Rabisin vakcina A.U.V., Rabisin vet injektioneste, suspensio, Rabisin vet.  Injektionsvätska, suspension, Rabisin, Injektionssuspension für Hunde, Katzen, Marderartige, Pferde, Rinder und Schafe, Rabisin, suspensie voor injectie voor hond, kat en rund, Rabisin, süstesuspensioon, Torbugesic 10 mg/ml Solution for Injection, Torbugesic Vet 10 mg/ml solution injectable pour chevaux, chiens et chats, Torbugesic Vet. 10 mg/ml injektionsvæske, opløsning, Torbuphanol Vet 10 mg/ml solution for injection for injection for horses, dogs and cats, Vanguard Plus 5 vakcina A.U.V., Vanguard Plus 5, liofilizat i rozpuszczalnik do sporządzania zawiesiny do wstrzykiwań dla psów, КЕТАМИН 10 %, РАБИЗИН","Anorexia, Dehydration, Dry mucous membrane, Gastric distension, Gastric perforation, Gastric ulcer, Hypersalivation, Ileus, Lethargy (see also Central nervous system depression in Neurological), Oesophageal ulcer, Oesophagitis, Peritonitis, Shaking, Tarry or black stool (see also haemorrhagic diarrhoea), Tense abdomen, Vomiting",1,1,
CA-DEBIAHP-2012CA00282,"<a target=""_blank""  href=""/xmlpserver/EVVET3 PW NEW/Subject Area Contents/Public Website/Report (PDF)/AER.xdo?_xpf=&_xpt=1&_params%2FOracle%20BI%20EE%3A%3ADefaultApp%3A%3AEVVET3%20PR%20NEW%2FAER%3A%3Adimension%2FAER%20Id%3A%3Aattribute%3A%3Anoaggr%3A%3Axsd%3Adouble=303308&_xt=AER&_xf=pdf""> AER </a>",2012-03-29 00:00:00,Veterinarian,Canada,FEMALE,Dog,Retriever - Golden,"ACEPROMAZINE 10%/AGROSEED CANDILIDIS ενέσιμο διάλυμα 10 mg/ml για σκύλο και γάτα, CLAVASEPTIN 40+10 MG ΔΙΣΚΙΟ, CLAVASEPTIN 400+100MG ΔΙΣΚΙΟ, CLAVASEPTIN 500MG PALATABLE TABLETS FOR DOGS, CLAVASEPTIN 50MG PALATABLE TABLETS FOR DOGS AND CATS, CLAVASEPTIN 600+150MG ΔΙΣΚΙΟ, CLAVASEPTIN 62.5 MG PALATABLE TABLETS FOR DOGS AND CATS, CLAVASEPTIN P 250 MG TABLETS FOR DOGS, CLAVASEPTIN P 62,5 MG ΔΙΣΚΙΟ, CLAVASEPTIN P 750 MG TABLETS FOR DOGS, Clavaseptin 250 mg okusne tablete za pse, Clavaseptin 250 mg, tabletid koertele, Clavaseptin 50 mg, tabletid koertele ja kassidele, Clavaseptin 500 mg, tabletid koertele, Clavaseptin 600 mg/150 mg tabletter för hund, Clavaseptin 750 mg Tabletten für Hunde, Clavaseptin 750 mg okusne tablete za pse, Clavaseptin 750 mg palatable tablets for dogs, Fuxien vet 1000 mg/g inhalaatiohöyry, neste, ISOFLURANE-Vet 1000 mg/g liquido per inalazione per cani e gatti, ISOFLURIN 1000mg/g ΥΓΡΟ ΓΙΑ ΕΙΣΠΝΕΟΜΕΝΟΥΣ ΑΤΜΟΥΣ, Isoflurane 100% Inhalation Vapour, Liquid, Isoflurane 1000 mg/g Inhalation Vapour, liquid., Ketamin 10 % šķīdums injekcijām suņiem un kaķiem, Ketamin 10%, Ketamin 100 mg/ml, Ketamine 10% oplossing voor injectie voor honden en katten, Ketamine 10% pro inj., oplossing voor injectie voor honden en katten, Ketamine 10% šķīdums injekcijām suņiem un kaķiem, Ketamine 10%, oplossing voor injectie voor honden en katten, Metacam 0.5 mg/ml - Oral suspension (cats, guinea pigs), Metacam 0.5 mg/ml - Oral suspension (dogs), Metacam 1.5 mg/ml - Oral suspension (dogs), Metacam 15 mg/ml - Oral suspension (horses), Metacam 15 mg/ml - Oral suspension (pigs), Metacam 5 mg/ml - Solution for injection (cats, dogs), Metacam 5 mg/ml - Solution for injection (cattle, pigs), Metacam 5 mg/ml - Solution for injection (dogs), КЕТАМИН 10 %","Acute renal failure, Anorexia, Decreased body temperature, Dehydration, Disseminated intravascular coagulation, Dry mucous membrane, Elevated renal parameters, Lateral recumbency, Lethargy (see also Central nervous system depression in Neurological), Leukocytosis NOS, Mucosa petechiae, Neutrophilia, Ocular discharge, Prolonged capillary refill time, Proteinuria, Retching",1,1,
CA-DEBIAHP-2012CA00283,"<a target=""_blank""  href=""/xmlpserver/EVVET3 PW NEW/Subject Area Contents/Public Website/Report (PDF)/AER.xdo?_xpf=&_xpt=1&_params%2FOracle%20BI%20EE%3A%3ADefaultApp%3A%3AEVVET3%20PR%20NEW%2FAER%3A%3Adimension%2FAER%20Id%3A%3Aattribute%3A%3Anoaggr%3A%3Axsd%3Adouble=303339&_xt=AER&_xf=pdf""> AER </a>",2012-03-30 00:00:00,Veterinarian,Canada,MALE,Dog,Mountain Dog - Bernese,"Dexdomitor 0.1 mg/ml - Solution for injection, Dexdomitor 0.5 mg/ml - Solution for injection, Metacam 0.5 mg/ml - Oral suspension (cats, guinea pigs), Metacam 0.5 mg/ml - Oral suspension (dogs), Metacam 1.5 mg/ml - Oral suspension (dogs), Metacam 15 mg/ml - Oral suspension (horses), Metacam 15 mg/ml - Oral suspension (pigs)","Anorexia, Death by euthanasia, Dehydration, Drinking a lot, Elevated liver enzymes NOS, Elevated renal parameters, Lethargy (see also Central nervous system depression in Neurological), Leukocytosis NOS, Neutrophilia, Rash, Tarry or black stool (see also haemorrhagic diarrhoea), Thrombocytopenia",1,1,1
CA-DEBIAHP-2012CA00297,"<a target=""_blank""  href=""/xmlpserver/EVVET3 PW NEW/Subject Area Contents/Public Website/Report (PDF)/AER.xdo?_xpf=&_xpt=1&_params%2FOracle%20BI%20EE%3A%3ADefaultApp%3A%3AEVVET3%20PR%20NEW%2FAER%3A%3Adimension%2FAER%20Id%3A%3Aattribute%3A%3Anoaggr%3A%3Axsd%3Adouble=303604&_xt=AER&_xf=pdf""> AER </a>",2012-04-03 00:00:00,Veterinarian,Canada,MALE,Cat,Cat (other),"Combiclav Intramammary Suspension for Lactating Cows, Metacam 0.5 mg/ml - Oral suspension (cats, guinea pigs), Metacam 0.5 mg/ml - Oral suspension (dogs), Metacam 1.5 mg/ml - Oral suspension (dogs), Metacam 15 mg/ml - Oral suspension (horses), Metacam 15 mg/ml - Oral suspension (pigs), Metacam 5 mg/ml - Solution for injection (cats, dogs), Metacam 5 mg/ml - Solution for injection (cattle, pigs), Metacam 5 mg/ml - Solution for injection (dogs), NOROCLAV 250 mg, comprimate, NOROCLAV INJECTION, NOROCLAV injekčná suspenzia, NOROCLAV, 200/50mg, Tableta, NOROCLAV, 40/10mg, Tableta, NOROCLAV, injekcinė suspensija, Noroclav 140/35 mg/ml szuszpenziós injekció szarvasmarhák és kutyák számáraA.U.V., Noroclav 200/50 mg tablety, Noroclav 250 mg Tablets for dogs, Noroclav 250 mg tabletta kutyák részére A.U.V., Noroclav 250 mg, tabletid koertele ja kassidele, Noroclav 40/10 mg tablety, Noroclav 400/100 Ízesített tabletta kutyák részére A.U.V., Noroclav 50 mg Tablets for Dogs and Cats, Noroclav 50 mg tabletta kutyák és macskák részére A.U.V., Noroclav 50 mg, tabletid koertele ja kassidele, Noroclav 500 mg Palatable Tablets for Dogs, Noroclav 500 mg, tabletid koertele, Noroclav Injection for Cattle and Dogs, Noroclav Injection, 140 mg + 35 mg/ml süstesuspensioon veistele, Noroclav Intramammary Suspension for Lactating Cows, Noroclav Suspension zur intramammären Anwendung bei laktierenden Kühen, Noroclav suspensija ievadīšanai tesmenī laktējošām govīm, Noroclav, Injekční suspenze, Synuclav Suspension for Injection, VETERGESIC MULTIDOSE, 0.3MG/ML, SOLUTION FOR INJECTION FOR DOGS AND CATS, Нороклав 50 мг, 250 мг таблетки","Acute renal failure, Anorexia, Elevated renal parameters, Lethargy (see also Central nervous system depression in Neurological), Panting, Pleural effusion, Pulmonary oedema",1,1,
CA-DEBIAHP-2012CA00298,"<a target=""_blank""  href=""/xmlpserver/EVVET3 PW NEW/Subject Area Contents/Public Website/Report (PDF)/AER.xdo?_xpf=&_xpt=1&_params%2FOracle%20BI%20EE%3A%3ADefaultApp%3A%3AEVVET3%20PR%20NEW%2FAER%3A%3Adimension%2FAER%20Id%3A%3Aattribute%3A%3Anoaggr%3A%3Axsd%3Adouble=305953&_xt=AER&_xf=pdf""> AER </a>",2012-04-17 00:00:00,Veterinarian,Canada,FEMALE,Cat,Cat (other),"Metacam 0.5 mg/ml - Oral suspension (cats, guinea pigs), Metacam 0.5 mg/ml - Oral suspension (dogs), Metacam 1.5 mg/ml - Oral suspension (dogs), Metacam 15 mg/ml - Oral suspension (horses), Metacam 15 mg/ml - Oral suspension (pigs), Metacam 5 mg/ml - Solution for injection (cats, dogs), Metacam 5 mg/ml - Solution for injection (cattle, pigs), Metacam 5 mg/ml - Solution for injection (dogs)","Abdominal pain, Anorexia, Blood in urine, Death by euthanasia, Diarrhoea, Digestive tract neoplasm NOS, Disseminated intravascular coagulation, Elevated renal parameters, Heart murmur, Increased heart rate, Increased respiratory rate, Lethargy (see also Central nervous system depression in Neurological), Lymphopenia, Not drinking, Pancreatitis NOS, Proteinuria, Pulmonary oedema, Renal vascular disorder, Urine abnormalities NOS, Vomiting",1,1,1
CA-DEBIAHP-2012CA00308,"<a target=""_blank""  href=""/xmlpserver/EVVET3 PW NEW/Subject Area Contents/Public Website/Report (PDF)/AER.xdo?_xpf=&_xpt=1&_params%2FOracle%20BI%20EE%3A%3ADefaultApp%3A%3AEVVET3%20PR%20NEW%2FAER%3A%3Adimension%2FAER%20Id%3A%3Aattribute%3A%3Anoaggr%3A%3Axsd%3Adouble=303608&_xt=AER&_xf=pdf""> AER </a>",2012-04-03 00:00:00,Veterinarian,Canada,MALE,Dog,Spitz - German Pomeranian,"Convenia 80 mg/ml  - Powder and solvent for solution for injection, Metacam 0.5 mg/ml - Oral suspension (cats, guinea pigs), Metacam 0.5 mg/ml - Oral suspension (dogs), Metacam 1.5 mg/ml - Oral suspension (dogs), Metacam 15 mg/ml - Oral suspension (horses), Metacam 15 mg/ml - Oral suspension (pigs), Metacam 5 mg/ml - Solution for injection (cats, dogs), Metacam 5 mg/ml - Solution for injection (cattle, pigs), Metacam 5 mg/ml - Solution for injection (dogs)","Death, Muscle stiffness, Seizure NOS",1,1,
CA-DEBIAHP-2012CA00352,"<a target=""_blank""  href=""/xmlpserver/EVVET3 PW NEW/Subject Area Contents/Public Website/Report (PDF)/AER.xdo?_xpf=&_xpt=1&_params%2FOracle%20BI%20EE%3A%3ADefaultApp%3A%3AEVVET3%20PR%20NEW%2FAER%3A%3Adimension%2FAER%20Id%3A%3Aattribute%3A%3Anoaggr%3A%3Axsd%3Adouble=305428&_xt=AER&_xf=pdf""> AER </a>",2012-04-16 00:00:00,Veterinarian,Canada,FEMALE,Dog,Shepherd Dog - German,"Metacam 2.5 mg - Chewable tablet (dogs), Metacam 5 mg/ml - Solution for injection (cats, dogs), Metacam 5 mg/ml - Solution for injection (cattle, pigs), Metacam 5 mg/ml - Solution for injection (dogs)","Anorexia, Drinking a lot, Elevated renal parameters, Lethargy (see also Central nervous system depression in Neurological), Proteinuria, Pyelonephritis, Vomiting",1,1,
CA-DEBIAHP-2012CA00357,"<a target=""_blank""  href=""/xmlpserver/EVVET3 PW NEW/Subject Area Contents/Public Website/Report (PDF)/AER.xdo?_xpf=&_xpt=1&_params%2FOracle%20BI%20EE%3A%3ADefaultApp%3A%3AEVVET3%20PR%20NEW%2FAER%3A%3Adimension%2FAER%20Id%3A%3Aattribute%3A%3Anoaggr%3A%3Axsd%3Adouble=305334&_xt=AER&_xf=pdf""> AER </a>",2012-04-12 00:00:00,Veterinarian,Canada,FEMALE,Cattle,Holstein-Friesian also known as Holstein,"Metacam 20 mg/ml - Solution for injection (cattle, pigs, horses)","Excess tear flow, Eyelid oedema, Open mouth breathing, Respiratory distress",1,4,
CA-DEBIAHP-2012CA00368,"<a target=""_blank""  href=""/xmlpserver/EVVET3 PW NEW/Subject Area Contents/Public Website/Report (PDF)/AER.xdo?_xpf=&_xpt=1&_params%2FOracle%20BI%20EE%3A%3ADefaultApp%3A%3AEVVET3%20PR%20NEW%2FAER%3A%3Adimension%2FAER%20Id%3A%3Aattribute%3A%3Anoaggr%3A%3Axsd%3Adouble=307780&_xt=AER&_xf=pdf""> AER </a>",2012-04-27 00:00:00,Veterinarian,Canada,MALE,Dog,Retriever - Labrador,"Anarthron 100 mg/ml Solution for Injection, Cartrophen Vet 100 mg/ml Solution for Injection., Cartrophen Vet. 100 mg/ml injektionsvæske, opløsning, Cartrophen vet, Cartrophen vet. 100 mg/ml Injektionsvätska, lösning, Cartrophen vet. 100 mg/ml injektioneste, liuos, Metacam 0.5 mg/ml - Oral suspension (cats, guinea pigs), Metacam 0.5 mg/ml - Oral suspension (dogs), Metacam 1.5 mg/ml - Oral suspension (dogs), Metacam 15 mg/ml - Oral suspension (horses), Metacam 15 mg/ml - Oral suspension (pigs), Metacam 5 mg/ml - Solution for injection (cats, dogs), Metacam 5 mg/ml - Solution for injection (cattle, pigs), Metacam 5 mg/ml - Solution for injection (dogs)","Anaemia NOS, Blood in vomit, Gastric ulcer, Increased heart rate, Lethargy (see also Central nervous system depression in Neurological), Not eating, Pale mucous membrane, Tarry or black stool (see also haemorrhagic diarrhoea)",1,1,
CA-DEBIAHP-2012CA00369,"<a target=""_blank""  href=""/xmlpserver/EVVET3 PW NEW/Subject Area Contents/Public Website/Report (PDF)/AER.xdo?_xpf=&_xpt=1&_params%2FOracle%20BI%20EE%3A%3ADefaultApp%3A%3AEVVET3%20PR%20NEW%2FAER%3A%3Adimension%2FAER%20Id%3A%3Aattribute%3A%3Anoaggr%3A%3Axsd%3Adouble=313314&_xt=AER&_xf=pdf""> AER </a>",2012-06-06 00:00:00,Veterinarian,Canada,FEMALE,Dog,Retriever - Golden,"Metacam 0.5 mg/ml - Oral suspension (cats, guinea pigs), Metacam 0.5 mg/ml - Oral suspension (dogs), Metacam 1.5 mg/ml - Oral suspension (dogs), Metacam 15 mg/ml - Oral suspension (horses), Metacam 15 mg/ml - Oral suspension (pigs)","Decreased appetite, Elevated blood urea nitrogen (BUN), Elevated liver enzymes NOS, Lethargy (see also Central nervous system depression in Neurological), Proteinuria, Urinary tract infection",1,1,
CA-DEBIAHP-2012CA00371,"<a target=""_blank""  href=""/xmlpserver/EVVET3 PW NEW/Subject Area Contents/Public Website/Report (PDF)/AER.xdo?_xpf=&_xpt=1&_params%2FOracle%20BI%20EE%3A%3ADefaultApp%3A%3AEVVET3%20PR%20NEW%2FAER%3A%3Adimension%2FAER%20Id%3A%3Aattribute%3A%3Anoaggr%3A%3Axsd%3Adouble=305960&_xt=AER&_xf=pdf""> AER </a>",2012-04-17 00:00:00,Veterinarian,Canada,FEMALE,Cattle,Shorthorn (unspecified),"Metacam 20 mg/ml - Solution for injection (cattle, pigs, horses)","Death, Shaking, Teeth grinding",1,1,
CA-DEBIAHP-2012CA00387,"<a target=""_blank""  href=""/xmlpserver/EVVET3 PW NEW/Subject Area Contents/Public Website/Report (PDF)/AER.xdo?_xpf=&_xpt=1&_params%2FOracle%20BI%20EE%3A%3ADefaultApp%3A%3AEVVET3%20PR%20NEW%2FAER%3A%3Adimension%2FAER%20Id%3A%3Aattribute%3A%3Anoaggr%3A%3Axsd%3Adouble=306127&_xt=AER&_xf=pdf""> AER </a>",2012-04-18 00:00:00,Veterinarian,Canada,MALE,Dog,Crossbred Canine/dog,"Convenia 80 mg/ml  - Powder and solvent for solution for injection, Metacam 5 mg/ml - Solution for injection (cats, dogs), Metacam 5 mg/ml - Solution for injection (cattle, pigs), Metacam 5 mg/ml - Solution for injection (dogs)","Circulatory collapse (see also Neurological and Systemic disorders), Cough, Decreased heart rate, Pale mucous membrane",1,1,
CA-DEBIAHP-2012CA00389,"<a target=""_blank""  href=""/xmlpserver/EVVET3 PW NEW/Subject Area Contents/Public Website/Report (PDF)/AER.xdo?_xpf=&_xpt=1&_params%2FOracle%20BI%20EE%3A%3ADefaultApp%3A%3AEVVET3%20PR%20NEW%2FAER%3A%3Adimension%2FAER%20Id%3A%3Aattribute%3A%3Anoaggr%3A%3Axsd%3Adouble=342804&_xt=AER&_xf=pdf""> AER </a>",2012-12-11 00:00:00,Veterinarian,Canada,FEMALE,Dog,Crossbred Canine/dog,"Isoflurane 100% Inhalation Vapour, Liquid, Metacam 0.5 mg/ml - Oral suspension (cats, guinea pigs), Metacam 0.5 mg/ml - Oral suspension (dogs), Metacam 1.5 mg/ml - Oral suspension (dogs), Metacam 15 mg/ml - Oral suspension (horses), Metacam 15 mg/ml - Oral suspension (pigs), Metacam 5 mg/ml - Solution for injection (cats, dogs), Metacam 5 mg/ml - Solution for injection (cattle, pigs), Metacam 5 mg/ml - Solution for injection (dogs)","Anorexia, Circulatory collapse (see also Neurological and Systemic disorders), Death, Elevated renal parameters, Emesis, Fever, Gastric perforation, Hydronephrosis, Hypotension, Lethargy (see also Central nervous system depression in Neurological), Pale mucous membrane, Peritonitis, Tachycardia, Tachypnoea, Tarry or black stool (see also haemorrhagic diarrhoea)",1,1,
CA-DEBIAHP-2012CA00435,"<a target=""_blank""  href=""/xmlpserver/EVVET3 PW NEW/Subject Area Contents/Public Website/Report (PDF)/AER.xdo?_xpf=&_xpt=1&_params%2FOracle%20BI%20EE%3A%3ADefaultApp%3A%3AEVVET3%20PR%20NEW%2FAER%3A%3Adimension%2FAER%20Id%3A%3Aattribute%3A%3Anoaggr%3A%3Axsd%3Adouble=316927&_xt=AER&_xf=pdf""> AER </a>",2012-06-28 00:00:00,Veterinarian,Canada,MALE,Cat,Cat (other),"DUPLOCILLINE, Dexdomitor 0.1 mg/ml - Solution for injection, Dexdomitor 0.5 mg/ml - Solution for injection, Fuxien vet 1000 mg/g inhalaatiohöyry, neste, ISOFLURANE-Vet 1000 mg/g liquido per inalazione per cani e gatti, ISOFLURIN 1000mg/g ΥΓΡΟ ΓΙΑ ΕΙΣΠΝΕΟΜΕΝΟΥΣ ΑΤΜΟΥΣ, Isoflurane 100% Inhalation Vapour, Liquid, Isoflurane 1000 mg/g Inhalation Vapour, liquid., Ketavet 100 mg/ml Solution for Injection for Dogs, Cats and Horses, LIDOCAINE 2% (w/w) injekčný roztok, LIDOCAINE, 2%, Injekční roztok, Lidocaine 2 inj. (+noradrenaline), injectievloeistof voor honden en katten, Lidocaine 20 mg/ml + adrenaline 10 mcg/ml, oplossing voor injectie voor honden en katten, Lidocaine 4% inj. oplossing voor injectie voor honden en katten, Metacam 0.5 mg/ml - Oral suspension (cats, guinea pigs), Metacam 0.5 mg/ml - Oral suspension (dogs)","Anxiety, Dehydration, Diarrhoea, Elevated alanine aminotransferase (ALT), Elevated blood urea nitrogen (BUN), Elevated creatinine, Not eating, Pain NOS, Stumbling gait, Walking difficulty",1,1,
CA-DEBIAHP-2012CA00440,"<a target=""_blank""  href=""/xmlpserver/EVVET3 PW NEW/Subject Area Contents/Public Website/Report (PDF)/AER.xdo?_xpf=&_xpt=1&_params%2FOracle%20BI%20EE%3A%3ADefaultApp%3A%3AEVVET3%20PR%20NEW%2FAER%3A%3Adimension%2FAER%20Id%3A%3Aattribute%3A%3Anoaggr%3A%3Axsd%3Adouble=309295&_xt=AER&_xf=pdf""> AER </a>",2012-05-08 00:00:00,Veterinarian,Canada,FEMALE,Dog,Crossbred Canine/dog,"Dexdomitor 0.1 mg/ml - Solution for injection, Dexdomitor 0.5 mg/ml - Solution for injection, Metacam 0.5 mg/ml - Oral suspension (cats, guinea pigs), Metacam 0.5 mg/ml - Oral suspension (dogs), Metacam 1.5 mg/ml - Oral suspension (dogs), Metacam 15 mg/ml - Oral suspension (horses), Metacam 15 mg/ml - Oral suspension (pigs), Metacam 5 mg/ml - Solution for injection (cats, dogs), Metacam 5 mg/ml - Solution for injection (cattle, pigs), Metacam 5 mg/ml - Solution for injection (dogs)","Blood in urine, Dehydration, Drinking a lot, Elevated renal parameters, Lethargy (see also Central nervous system depression in Neurological), Proteinuria, Urinary incontinence, Urinary tract infection, Vomiting",1,1,
CA-DEBIAHP-2012CA00450,"<a target=""_blank""  href=""/xmlpserver/EVVET3 PW NEW/Subject Area Contents/Public Website/Report (PDF)/AER.xdo?_xpf=&_xpt=1&_params%2FOracle%20BI%20EE%3A%3ADefaultApp%3A%3AEVVET3%20PR%20NEW%2FAER%3A%3Adimension%2FAER%20Id%3A%3Aattribute%3A%3Anoaggr%3A%3Axsd%3Adouble=312220&_xt=AER&_xf=pdf""> AER </a>",2012-05-29 00:00:00,Veterinarian,Canada,MALE,Dog,Retriever - Golden,"Metacam 0.5 mg/ml - Oral suspension (cats, guinea pigs), Metacam 0.5 mg/ml - Oral suspension (dogs), Metacam 1.5 mg/ml - Oral suspension (dogs), Metacam 15 mg/ml - Oral suspension (horses), Metacam 15 mg/ml - Oral suspension (pigs)","Anorexia, Blood in faeces, Dehydration, Tarry or black stool (see also haemorrhagic diarrhoea), Vomiting",1,1,
CA-DEBIAHP-2012CA00490,"<a target=""_blank""  href=""/xmlpserver/EVVET3 PW NEW/Subject Area Contents/Public Website/Report (PDF)/AER.xdo?_xpf=&_xpt=1&_params%2FOracle%20BI%20EE%3A%3ADefaultApp%3A%3AEVVET3%20PR%20NEW%2FAER%3A%3Adimension%2FAER%20Id%3A%3Aattribute%3A%3Anoaggr%3A%3Axsd%3Adouble=309547&_xt=AER&_xf=pdf""> AER </a>",2012-05-09 00:00:00,Veterinarian,Canada,MALE,Dog,Dog (other),"Metacam 0.5 mg/ml - Oral suspension (cats, guinea pigs), Metacam 0.5 mg/ml - Oral suspension (dogs), Metacam 1.5 mg/ml - Oral suspension (dogs), Metacam 15 mg/ml - Oral suspension (horses), Metacam 15 mg/ml - Oral suspension (pigs)","Abdominal discomfort, Anorexia, Dehydration, Vomiting",1,1,
CA-DEBIAHP-2012CA00504,"<a target=""_blank""  href=""/xmlpserver/EVVET3 PW NEW/Subject Area Contents/Public Website/Report (PDF)/AER.xdo?_xpf=&_xpt=1&_params%2FOracle%20BI%20EE%3A%3ADefaultApp%3A%3AEVVET3%20PR%20NEW%2FAER%3A%3Adimension%2FAER%20Id%3A%3Aattribute%3A%3Anoaggr%3A%3Axsd%3Adouble=309581&_xt=AER&_xf=pdf""> AER </a>",2012-05-10 00:00:00,Veterinarian,Canada,MALE,Dog,Poodle - Standard,"ANTISEDAN, ANTISEDAN 5 mg/ml SOLUCIÓN INYECTABLE PARA PERROS Y GATOS, ANTISEDAN 5 mg/ml raztopina za injiciranje za pse in mačke, ANTISEDAN 5MG/ML ΕΝΕΣΙΜΟ ΔΙΑΛΥΜΑ, ANTISEDAN SOLUTION INJECTABLE POUR CHIENS ET CHATS, ANTISEDAN, 5 mg/mL, otopina za injekciju, za pse i mačke, Antisedan 5 mg/ 1 ml, roztwór do wstrzykiwań dla psów i kotów, Antisedan 5 mg/ml  Injektionslösung für Hunde und Katzen, Antisedan 5 mg/ml - Injektionslösung für Hunde und Katzen, Antisedan 5 mg/ml Oplossing voor injectie, Antisedan 5 mg/ml Solution injectable, Antisedan 5 mg/ml injekčný roztok pre psy a mačky, Antisedan 5 mg/ml oldatos injekció kutya és macska részére.A.U.V., Antisedan 5 mg/ml solution for injection, Antisedan 5 mg/ml solução injetável para cães e gatos, Antisedan Vet 5 mg/ml injekcinis tirpalas, Antisedan Vet 5 mg/ml šķīdums injekcijām, Antisedan Vet, 5 mg/ml süstelahus, Antisedan Vet. 5 mg/ml injektionsvæske, opløsning, Antisedan vet 5 mg/ml injektioneste, liuos, Antisedan vet. 5 mg/ml Injektionsvätska, lösning, Antisedan vet. 5 mg/ml Stungulyf, lausn Handa hundum og köttum., Antisedan vet. 5 mg/ml injeksjonsvæske, oppløsning, til hund og katt, Antisedan vet., 5 mg/ml, Injektionsvätska, lösning, Antisedan, 5 mg/ml oplossing voor injectie voor honden en katten, Antisedan, 5mg/ml, Injekční roztok, Dexdomitor 0.1 mg/ml - Solution for injection, Dexdomitor 0.5 mg/ml - Solution for injection, Metacam 0.5 mg/ml - Oral suspension (cats, guinea pigs), Metacam 0.5 mg/ml - Oral suspension (dogs), Metacam 1.5 mg/ml - Oral suspension (dogs), Metacam 15 mg/ml - Oral suspension (horses), Metacam 15 mg/ml - Oral suspension (pigs), Torbugesic 10 mg/ml Solution for Injection, Torbugesic Vet 10 mg/ml solution injectable pour chevaux, chiens et chats, Torbugesic Vet. 10 mg/ml injektionsvæske, opløsning, Torbuphanol Vet 10 mg/ml solution for injection for injection for horses, dogs and cats, АНТИСЕДАН ВЕТ 5 mg/ml инжекционен разтвор","Anorexia, Halitosis, Low platelet count, Mucosa petechiae, Oral bleeding, Oral ulceration, Tongue ulceration",1,1,
CA-DEBIAHP-2012CA00508,"<a target=""_blank""  href=""/xmlpserver/EVVET3 PW NEW/Subject Area Contents/Public Website/Report (PDF)/AER.xdo?_xpf=&_xpt=1&_params%2FOracle%20BI%20EE%3A%3ADefaultApp%3A%3AEVVET3%20PR%20NEW%2FAER%3A%3Adimension%2FAER%20Id%3A%3Aattribute%3A%3Anoaggr%3A%3Axsd%3Adouble=309546&_xt=AER&_xf=pdf""> AER </a>",2012-05-09 00:00:00,Veterinarian,Canada,FEMALE,Dog,Crossbred Canine/dog,"ACEPROMAZINE 10%/AGROSEED CANDILIDIS ενέσιμο διάλυμα 10 mg/ml για σκύλο και γάτα, Metacam 0.5 mg/ml - Oral suspension (cats, guinea pigs), Metacam 0.5 mg/ml - Oral suspension (dogs), Metacam 1.5 mg/ml - Oral suspension (dogs), Metacam 15 mg/ml - Oral suspension (horses), Metacam 15 mg/ml - Oral suspension (pigs), Metacam 5 mg/ml - Solution for injection (cats, dogs), Metacam 5 mg/ml - Solution for injection (cattle, pigs), Metacam 5 mg/ml - Solution for injection (dogs)","Abdominal pain, Anorexia, Drinking a lot, Fever, Increased heart rate, Lethargy (see also Central nervous system depression in Neurological), Uncoded sign, Vomiting",1,1,
CA-DEBIAHP-2012CA00514,"<a target=""_blank""  href=""/xmlpserver/EVVET3 PW NEW/Subject Area Contents/Public Website/Report (PDF)/AER.xdo?_xpf=&_xpt=1&_params%2FOracle%20BI%20EE%3A%3ADefaultApp%3A%3AEVVET3%20PR%20NEW%2FAER%3A%3Adimension%2FAER%20Id%3A%3Aattribute%3A%3Anoaggr%3A%3Axsd%3Adouble=309629&_xt=AER&_xf=pdf""> AER </a>",2012-05-10 00:00:00,Veterinarian,Canada,MALE,Dog,Terrier - Yorkshire,"Metacam 0.5 mg/ml - Oral suspension (cats, guinea pigs), Metacam 0.5 mg/ml - Oral suspension (dogs), Metacam 1.5 mg/ml - Oral suspension (dogs), Metacam 15 mg/ml - Oral suspension (horses), Metacam 15 mg/ml - Oral suspension (pigs), Metacam 5 mg/ml - Solution for injection (cats, dogs), Metacam 5 mg/ml - Solution for injection (cattle, pigs), Metacam 5 mg/ml - Solution for injection (dogs), Torbugesic 10 mg/ml Solution for Injection, Torbugesic Vet 10 mg/ml solution injectable pour chevaux, chiens et chats, Torbugesic Vet. 10 mg/ml injektionsvæske, opløsning, Torbuphanol Vet 10 mg/ml solution for injection for injection for horses, dogs and cats, VETERGESIC MULTIDOSE, 0.3MG/ML, SOLUTION FOR INJECTION FOR DOGS AND CATS","Bloody diarrhoea, Dehydration, Elevated liver enzymes NOS, Lethargy (see also Central nervous system depression in Neurological), Mucous stool, Pale mucous membrane, Tense abdomen, Vomiting",1,1,
CA-DEBIAHP-2012CA00530,"<a target=""_blank""  href=""/xmlpserver/EVVET3 PW NEW/Subject Area Contents/Public Website/Report (PDF)/AER.xdo?_xpf=&_xpt=1&_params%2FOracle%20BI%20EE%3A%3ADefaultApp%3A%3AEVVET3%20PR%20NEW%2FAER%3A%3Adimension%2FAER%20Id%3A%3Aattribute%3A%3Anoaggr%3A%3Axsd%3Adouble=311406&_xt=AER&_xf=pdf""> AER </a>",2012-05-23 00:00:00,Veterinarian,Canada,FEMALE,Dog,Rottweiler,"DUPLOCILLINE, Metacam 2.5 mg - Chewable tablet (dogs), Metacam 5 mg/ml - Solution for injection (cats, dogs), Metacam 5 mg/ml - Solution for injection (cattle, pigs), Metacam 5 mg/ml - Solution for injection (dogs)","Acute renal failure, Anorexia, Blood in urine, Dehydration, Elevated renal parameters, Lethargy (see also Central nervous system depression in Neurological), Leukocytosis NOS, Lymphopenia, Neutrophilia, Proteinuria, Urinary incontinence, Urine abnormalities NOS, Weight loss",1,1,
CA-DEBIAHP-2012CA00548,"<a target=""_blank""  href=""/xmlpserver/EVVET3 PW NEW/Subject Area Contents/Public Website/Report (PDF)/AER.xdo?_xpf=&_xpt=1&_params%2FOracle%20BI%20EE%3A%3ADefaultApp%3A%3AEVVET3%20PR%20NEW%2FAER%3A%3Adimension%2FAER%20Id%3A%3Aattribute%3A%3Anoaggr%3A%3Axsd%3Adouble=312457&_xt=AER&_xf=pdf""> AER </a>",2012-05-30 00:00:00,Veterinarian,Canada,FEMALE,Dog,Terrier - Yorkshire,"Metacam 0.5 mg/ml - Oral suspension (cats, guinea pigs), Metacam 0.5 mg/ml - Oral suspension (dogs), Metacam 1.5 mg/ml - Oral suspension (dogs), Metacam 15 mg/ml - Oral suspension (horses), Metacam 15 mg/ml - Oral suspension (pigs), Metacam 5 mg/ml - Solution for injection (cats, dogs), Metacam 5 mg/ml - Solution for injection (cattle, pigs), Metacam 5 mg/ml - Solution for injection (dogs)","Abdominal discomfort, Anorexia, Blood in vomit, Bloody diarrhoea, Dehydration, Diarrhoea, Enteritis, Panting",1,1,
CA-DEBIAHP-2012CA00585,"<a target=""_blank""  href=""/xmlpserver/EVVET3 PW NEW/Subject Area Contents/Public Website/Report (PDF)/AER.xdo?_xpf=&_xpt=1&_params%2FOracle%20BI%20EE%3A%3ADefaultApp%3A%3AEVVET3%20PR%20NEW%2FAER%3A%3Adimension%2FAER%20Id%3A%3Aattribute%3A%3Anoaggr%3A%3Axsd%3Adouble=312160&_xt=AER&_xf=pdf""> AER </a>",2012-05-29 00:00:00,Veterinarian,Canada,FEMALE,Dog,Pekingese,"Metacam 0.5 mg/ml - Oral suspension (cats, guinea pigs), Metacam 0.5 mg/ml - Oral suspension (dogs), Metacam 1.5 mg/ml - Oral suspension (dogs), Metacam 15 mg/ml - Oral suspension (horses), Metacam 15 mg/ml - Oral suspension (pigs), SYNULOX (200+50)MG/TAB ΔΙΣΚΙΟ, SYNULOX (40+10)MG/TAB ΔΙΣΚΙΟ, SYNULOX 140 mg/ml + 35 mg/ml suspensión inyectable, SYNULOX 200 mg/50 mg tablety pre psy a mačky, SYNULOX 200/50 mg COMPRIMIDOS APETITOSOS PARA PERROS, SYNULOX 250 COMPRIMES POUR CHIENS, SYNULOX 250 mg, SYNULOX 250 mg kramtomosios tabletės šunims ir katėms, SYNULOX 250 mg tablete za pse in mačke, SYNULOX 250mg, δισκία για σκύλους και γάτες, SYNULOX 40 mg/10 mg tablety pre psy a mačky, SYNULOX 40 mg/ml + 10 mg/ml POLVO PARA GOTAS ORALES EN SUSPENSION, SYNULOX 40/10 MG COMPRIMIDOS APETITOSOS PARA PERROS Y GATOS, SYNULOX 400 mg/100 mg tablety pre psy, SYNULOX 400/100 mg COMPRIMIDOS APETITOSOS PARA PERROS, SYNULOX 50 COMPRIMES POUR CHIENS ET CHATS, SYNULOX 50 mg, SYNULOX 50 mg kramtomosios tabletės šunims ir katėms, SYNULOX 50 mg tablete za pse in mačke, SYNULOX 500 COMPRIMES POUR CHIENS, SYNULOX 500 mg kramtomosios tabletės šunims, SYNULOX 500 mg tablete za pse, SYNULOX 500 mg, kramtomosios tabletės šunims, SYNULOX 500MG/TAB ΔΙΣΚΙΟ, SYNULOX 50mg, δισκία για σκύλους και γάτες, SYNULOX OGIVETTES POUR VEAUX, SYNULOX SUSPENSION INJECTABLE POUR BOVINS, SYNULOX VET 140 mg/ml injektioneste, suspensio koiralle, kissalle ja sialle, SYNULOX suspensão injetável para suínos, bovinos, cães e gatos, SYNULOX vet 200 mg/50 mg tabletti, koiralle ja kissalle, SYNULOX vet 40 mg/10 mg tabletti, koiralle ja kissalle, SYNULOX vet 400 mg/100 mg tabletti, koiralle, SYNULOX, 400/100mg, Tableta, Synulox 250 mg Comprimés Appétents, Synulox 250 mg Smakelijke tabletten, Synulox 250 mg tabletes suņiem un kaķiem, Synulox 250 mg, tabletid koertele ja kassidele, Synulox 250 mg, таблетки за кучета и котки, Synulox 250mg (200 mg/50 mg)  Tabletten für Hunde, Synulox 50 mg Comprimés Appétents, Synulox 50 mg Smakelijke Tabletten, Synulox 50 mg tabletes suņiem un kaķiem, Synulox 50 mg, tabletid koertele ja kassidele, Synulox 50 mg, таблетки за кучета и котки, Synulox 500 mg Bolus 400 mg - 100 mg Omhulde tablet, Synulox 500 mg Comprimés Appétents, Synulox 500 mg Smakelijke Tabletten, Synulox 500 mg tabletes suņiem, Synulox 500 mg, tabletid koertele, Synulox 500mg (400 mg/100 mg) Tabletten für Hunde, Synulox 50mg (40 mg/10 mg) Tabletten für Hunde und Katzen, Synulox Bolus 500 mg, 400 mg + 100 mg comprimés enrobés pour veaux, Synulox Lactating Cow Intramammary suspension., Synulox Tabletki 250 mg, Synulox Tabletki 250 mg (200+50) mg/tablete; tabletes suņiem, Synulox Tabletki 50 mg, Synulox Tabletki 50 mg (40+10) mg/ tablete; tabletes suņiem un kaķiem, Synulox Tabletki 500 mg, Synulox Vet. til hund og kat 200 + 50 mg tabletter, Synulox Vet. til hund og kat 40 + 10 mg tabletter, Synulox Vet. til hund tabletter 400 + 100 mg, Synulox Vet. til kalve 400 + 100 mg tabletter, Synulox comprimidos palatáveis 250 mg para cães e gatos, Synulox comprimidos palatáveis 50 mg para cães e gatos, Synulox comprimidos palatáveis 500 mg para cães, Synulox vet 40 mg/ml jauhe oraalisuspensiota varten koiralle ja kissalle, Synulox vet. 200 mg tabletter for hund og katt, Synulox vet. 200 mg/50 mg Tablett, Synulox vet. 40 mg tabletter for hund og katt, Synulox vet. 40 mg/10 mg Tablett, Synulox vet. 400 mg tabletter for hund, Synulox vet. 400 mg/100 mg Tablett, Synulox, 200/50mg, Tableta, Synulox, 40/10mg, Tableta, Synulox-Kalb 400 mg/100 mg Filmtabletten für Rinder (Kälber)","Death by euthanasia, Dehydration, Jaundice, Lethargy (see also Central nervous system depression in Neurological), Liver disorder NOS, Proteinuria, Recumbency, Urine abnormalities NOS, Vomiting",1,1,1
CA-DEBIAHP-2012CA00673,"<a target=""_blank""  href=""/xmlpserver/EVVET3 PW NEW/Subject Area Contents/Public Website/Report (PDF)/AER.xdo?_xpf=&_xpt=1&_params%2FOracle%20BI%20EE%3A%3ADefaultApp%3A%3AEVVET3%20PR%20NEW%2FAER%3A%3Adimension%2FAER%20Id%3A%3Aattribute%3A%3Anoaggr%3A%3Axsd%3Adouble=315633&_xt=AER&_xf=pdf""> AER </a>",2012-06-21 00:00:00,Veterinarian,Canada,MALE,Dog,Crossbred Canine/dog,"Metacam 0.5 mg/ml - Oral suspension (cats, guinea pigs), Metacam 0.5 mg/ml - Oral suspension (dogs), Metacam 1.5 mg/ml - Oral suspension (dogs), Metacam 15 mg/ml - Oral suspension (horses), Metacam 15 mg/ml - Oral suspension (pigs)","Abdominal discomfort, Anorexia, Blood in vomit, Bloody diarrhoea, Dehydration, Diarrhoea, Elevated alanine aminotransferase (ALT), Loose stool",1,1,
CA-DEBIAHP-2012CA00696,"<a target=""_blank""  href=""/xmlpserver/EVVET3 PW NEW/Subject Area Contents/Public Website/Report (PDF)/AER.xdo?_xpf=&_xpt=1&_params%2FOracle%20BI%20EE%3A%3ADefaultApp%3A%3AEVVET3%20PR%20NEW%2FAER%3A%3Adimension%2FAER%20Id%3A%3Aattribute%3A%3Anoaggr%3A%3Axsd%3Adouble=315877&_xt=AER&_xf=pdf""> AER </a>",2012-06-21 00:00:00,Veterinarian,Canada,FEMALE,Dog,Rottweiler,"DUPLOCILLINE, Metacam 2.5 mg - Chewable tablet (dogs), Metacam 5 mg/ml - Solution for injection (cats, dogs), Metacam 5 mg/ml - Solution for injection (cattle, pigs), Metacam 5 mg/ml - Solution for injection (dogs)","Acute renal failure, Elevated renal parameters, Inappetence, Vomiting",1,1,
CA-DEBIAHP-2012CA00721,"<a target=""_blank""  href=""/xmlpserver/EVVET3 PW NEW/Subject Area Contents/Public Website/Report (PDF)/AER.xdo?_xpf=&_xpt=1&_params%2FOracle%20BI%20EE%3A%3ADefaultApp%3A%3AEVVET3%20PR%20NEW%2FAER%3A%3Adimension%2FAER%20Id%3A%3Aattribute%3A%3Anoaggr%3A%3Axsd%3Adouble=318487&_xt=AER&_xf=pdf""> AER </a>",2012-07-10 00:00:00,Veterinarian,Canada,FEMALE,Dog,Spaniel - Cocker American,"Metacam 0.5 mg/ml - Oral suspension (cats, guinea pigs), Metacam 0.5 mg/ml - Oral suspension (dogs), Metacam 1.5 mg/ml - Oral suspension (dogs), Metacam 15 mg/ml - Oral suspension (horses), Metacam 15 mg/ml - Oral suspension (pigs), Metacam 5 mg/ml - Solution for injection (cats, dogs), Metacam 5 mg/ml - Solution for injection (cattle, pigs), Metacam 5 mg/ml - Solution for injection (dogs)","Acute renal failure, Anorexia, Anuria, Blood in urine, Death by euthanasia, Decreased urine concentration, Dehydration, Dry coat, Dry nose, Elevated alanine aminotransferase (ALT), Elevated renal parameters, Hypercalcaemia, Hyperphosphataemia, Lethargy (see also Central nervous system depression in Neurological), Leukocytosis NOS, Nephropathy, Neutrophilia, Not drinking, Other abnormal test result NOS, Proteinuria, Renal disorder NOS, Trembling, Urine abnormalities NOS, Vomiting, Weight loss",1,1,1
CA-DEBIAHP-2012CA00733,"<a target=""_blank""  href=""/xmlpserver/EVVET3 PW NEW/Subject Area Contents/Public Website/Report (PDF)/AER.xdo?_xpf=&_xpt=1&_params%2FOracle%20BI%20EE%3A%3ADefaultApp%3A%3AEVVET3%20PR%20NEW%2FAER%3A%3Adimension%2FAER%20Id%3A%3Aattribute%3A%3Anoaggr%3A%3Axsd%3Adouble=316590&_xt=AER&_xf=pdf""> AER </a>",2012-06-27 00:00:00,Veterinarian,Canada,FEMALE,Dog,Crossbred Canine/dog,"DUPLOCILLINE, Ketalin 100 mg/ml oplossing voor injectie voor honden en katten, Metacam 0.5 mg/ml - Oral suspension (cats, guinea pigs), Metacam 0.5 mg/ml - Oral suspension (dogs), Metacam 1.5 mg/ml - Oral suspension (dogs), Metacam 15 mg/ml - Oral suspension (horses), Metacam 15 mg/ml - Oral suspension (pigs), Metacam 5 mg/ml - Solution for injection (cats, dogs), Metacam 5 mg/ml - Solution for injection (cattle, pigs), Metacam 5 mg/ml - Solution for injection (dogs), Torbugesic 10 mg/ml Solution for Injection, Torbugesic Vet 10 mg/ml solution injectable pour chevaux, chiens et chats, Torbugesic Vet. 10 mg/ml injektionsvæske, opløsning, Torbuphanol Vet 10 mg/ml solution for injection for injection for horses, dogs and cats","Blood in urine, Decreased urine concentration, Drinking a lot, Elevated renal parameters, Frequent urination, Proteinuria, Urine abnormalities NOS",1,1,
CA-DEBIAHP-2012CA00743,"<a target=""_blank""  href=""/xmlpserver/EVVET3 PW NEW/Subject Area Contents/Public Website/Report (PDF)/AER.xdo?_xpf=&_xpt=1&_params%2FOracle%20BI%20EE%3A%3ADefaultApp%3A%3AEVVET3%20PR%20NEW%2FAER%3A%3Adimension%2FAER%20Id%3A%3Aattribute%3A%3Anoaggr%3A%3Axsd%3Adouble=319048&_xt=AER&_xf=pdf""> AER </a>",2012-07-17 00:00:00,Veterinarian,Canada,FEMALE,Dog,Terrier - West Highland White,"Cartrophen vet, Metacam 0.5 mg/ml - Oral suspension (cats, guinea pigs), Metacam 0.5 mg/ml - Oral suspension (dogs), Metacam 1.5 mg/ml - Oral suspension (dogs), Metacam 15 mg/ml - Oral suspension (horses), Metacam 15 mg/ml - Oral suspension (pigs), Metacam 5 mg/ml - Solution for injection (cats, dogs), Metacam 5 mg/ml - Solution for injection (cattle, pigs), Metacam 5 mg/ml - Solution for injection (dogs), Tramadog 50 mg tablet for dogs","Abdominal pain, Acute renal failure, Anorexia, Blood in urine, Chemosis, Death by euthanasia, Decreased urine concentration, Dehydration, Diarrhoea, Elevated creatinine, Heart murmur, Hypersalivation, Hypothermia, Lethargy (see also Central nervous system depression in Neurological), Not drinking, Other abnormal test result NOS, Pancreatitis NOS, Proteinuria, Renal disorder NOS, Seizure NOS, Uraemia, Urinary tract infection, Vomiting",1,1,1
CA-DEBIAHP-2012CA00770,"<a target=""_blank""  href=""/xmlpserver/EVVET3 PW NEW/Subject Area Contents/Public Website/Report (PDF)/AER.xdo?_xpf=&_xpt=1&_params%2FOracle%20BI%20EE%3A%3ADefaultApp%3A%3AEVVET3%20PR%20NEW%2FAER%3A%3Adimension%2FAER%20Id%3A%3Aattribute%3A%3Anoaggr%3A%3Axsd%3Adouble=319237&_xt=AER&_xf=pdf""> AER </a>",2012-07-18 00:00:00,Veterinarian,Canada,MALE,Cat,Cat (other),"Metacam 0.5 mg/ml - Oral suspension (cats, guinea pigs), Metacam 0.5 mg/ml - Oral suspension (dogs), Metacam 1.5 mg/ml - Oral suspension (dogs), Metacam 15 mg/ml - Oral suspension (horses), Metacam 15 mg/ml - Oral suspension (pigs)","Anaemia NOS, Anorexia, Death by euthanasia, Elevated creatinine, Lymphoma, Renal failure",1,1,1
CA-DEBIAHP-2012CA00772,"<a target=""_blank""  href=""/xmlpserver/EVVET3 PW NEW/Subject Area Contents/Public Website/Report (PDF)/AER.xdo?_xpf=&_xpt=1&_params%2FOracle%20BI%20EE%3A%3ADefaultApp%3A%3AEVVET3%20PR%20NEW%2FAER%3A%3Adimension%2FAER%20Id%3A%3Aattribute%3A%3Anoaggr%3A%3Axsd%3Adouble=319552&_xt=AER&_xf=pdf""> AER </a>",2012-07-20 00:00:00,Veterinarian,Canada,MALE,Cat,Rex - Devon,"Metacam 5 mg/ml - Solution for injection (cats, dogs), Metacam 5 mg/ml - Solution for injection (cattle, pigs), Metacam 5 mg/ml - Solution for injection (dogs)","Injection site lump, Injection site sarcoma",1,1,
CA-DEBIAHP-2012CA00797,"<a target=""_blank""  href=""/xmlpserver/EVVET3 PW NEW/Subject Area Contents/Public Website/Report (PDF)/AER.xdo?_xpf=&_xpt=1&_params%2FOracle%20BI%20EE%3A%3ADefaultApp%3A%3AEVVET3%20PR%20NEW%2FAER%3A%3Adimension%2FAER%20Id%3A%3Aattribute%3A%3Anoaggr%3A%3Axsd%3Adouble=320555&_xt=AER&_xf=pdf""> AER </a>",2012-07-28 00:00:00,Veterinarian,Canada,MALE,Dog,Retriever - Golden,"Metacam 0.5 mg/ml - Oral suspension (cats, guinea pigs), Metacam 0.5 mg/ml - Oral suspension (dogs), Metacam 1.5 mg/ml - Oral suspension (dogs), Metacam 15 mg/ml - Oral suspension (horses), Metacam 15 mg/ml - Oral suspension (pigs)","Anaemia NOS, Coagulopathy, Death, Ecchymosis, Loose stool, Metastatic tumour, Palpable mass NOS, Spindle cell tumour, Thrombocytopenia",1,1,
CA-DEBIAHP-2012CA00833,"<a target=""_blank""  href=""/xmlpserver/EVVET3 PW NEW/Subject Area Contents/Public Website/Report (PDF)/AER.xdo?_xpf=&_xpt=1&_params%2FOracle%20BI%20EE%3A%3ADefaultApp%3A%3AEVVET3%20PR%20NEW%2FAER%3A%3Adimension%2FAER%20Id%3A%3Aattribute%3A%3Anoaggr%3A%3Axsd%3Adouble=320715&_xt=AER&_xf=pdf""> AER </a>",2012-07-30 00:00:00,Veterinarian,Canada,MALE,Dog,Pointing Dog - German Wire-haired,"IsoFlo 100% w/w Inhalation Vapour, Liquid, Metacam 0.5 mg/ml - Oral suspension (cats, guinea pigs), Metacam 0.5 mg/ml - Oral suspension (dogs), Metacam 1.5 mg/ml - Oral suspension (dogs), Metacam 15 mg/ml - Oral suspension (horses), Metacam 15 mg/ml - Oral suspension (pigs), Metacam 5 mg/ml - Solution for injection (cats, dogs), Metacam 5 mg/ml - Solution for injection (cattle, pigs), Metacam 5 mg/ml - Solution for injection (dogs), Torbugesic 10 mg/ml Solution for Injection, Torbugesic Vet 10 mg/ml solution injectable pour chevaux, chiens et chats, Torbugesic Vet. 10 mg/ml injektionsvæske, opløsning, Torbuphanol Vet 10 mg/ml solution for injection for injection for horses, dogs and cats","Anorexia, Dehydration, Haematuria, Lethargy (see also Central nervous system depression in Neurological), Not drinking, Other abnormal test result NOS, Ruminal bloat, Vomiting",1,1,
CA-DEBIAHP-2012CA00842,"<a target=""_blank""  href=""/xmlpserver/EVVET3 PW NEW/Subject Area Contents/Public Website/Report (PDF)/AER.xdo?_xpf=&_xpt=1&_params%2FOracle%20BI%20EE%3A%3ADefaultApp%3A%3AEVVET3%20PR%20NEW%2FAER%3A%3Adimension%2FAER%20Id%3A%3Aattribute%3A%3Anoaggr%3A%3Axsd%3Adouble=319553&_xt=AER&_xf=pdf""> AER </a>",2012-07-20 00:00:00,Veterinarian,Canada,FEMALE,Dog,Shepherd Dog - German,"Metacam 0.5 mg/ml - Oral suspension (cats, guinea pigs), Metacam 0.5 mg/ml - Oral suspension (dogs), Metacam 1.5 mg/ml - Oral suspension (dogs), Metacam 15 mg/ml - Oral suspension (horses), Metacam 15 mg/ml - Oral suspension (pigs), Metacam 5 mg/ml - Solution for injection (cats, dogs), Metacam 5 mg/ml - Solution for injection (cattle, pigs), Metacam 5 mg/ml - Solution for injection (dogs)","Acute renal failure, Anorexia, Arrhythmia, Death by euthanasia, Elevated blood urea nitrogen (BUN), Elevated creatinine, Lethargy (see also Central nervous system depression in Neurological), Pain NOS, Respiratory distress, Vomiting, Weight loss",1,1,1
CA-DEBIAHP-2012CA00846,"<a target=""_blank""  href=""/xmlpserver/EVVET3 PW NEW/Subject Area Contents/Public Website/Report (PDF)/AER.xdo?_xpf=&_xpt=1&_params%2FOracle%20BI%20EE%3A%3ADefaultApp%3A%3AEVVET3%20PR%20NEW%2FAER%3A%3Adimension%2FAER%20Id%3A%3Aattribute%3A%3Anoaggr%3A%3Axsd%3Adouble=326114&_xt=AER&_xf=pdf""> AER </a>",2012-09-17 00:00:00,Veterinarian,Canada,FEMALE,Dog,Chihuahua,"ALFAXAN 10 mg/ml solution for injection for dogs and cats, ANTISEDAN, ANTISEDAN 5 mg/ml SOLUCIÓN INYECTABLE PARA PERROS Y GATOS, ANTISEDAN 5 mg/ml raztopina za injiciranje za pse in mačke, ANTISEDAN 5MG/ML ΕΝΕΣΙΜΟ ΔΙΑΛΥΜΑ, ANTISEDAN SOLUTION INJECTABLE POUR CHIENS ET CHATS, ANTISEDAN, 5 mg/mL, otopina za injekciju, za pse i mačke, Antisedan 5 mg/ 1 ml, roztwór do wstrzykiwań dla psów i kotów, Antisedan 5 mg/ml  Injektionslösung für Hunde und Katzen, Antisedan 5 mg/ml - Injektionslösung für Hunde und Katzen, Antisedan 5 mg/ml Oplossing voor injectie, Antisedan 5 mg/ml Solution injectable, Antisedan 5 mg/ml injekčný roztok pre psy a mačky, Antisedan 5 mg/ml oldatos injekció kutya és macska részére.A.U.V., Antisedan 5 mg/ml solution for injection, Antisedan 5 mg/ml solução injetável para cães e gatos, Antisedan Vet 5 mg/ml injekcinis tirpalas, Antisedan Vet 5 mg/ml šķīdums injekcijām, Antisedan Vet, 5 mg/ml süstelahus, Antisedan Vet. 5 mg/ml injektionsvæske, opløsning, Antisedan vet 5 mg/ml injektioneste, liuos, Antisedan vet. 5 mg/ml Injektionsvätska, lösning, Antisedan vet. 5 mg/ml Stungulyf, lausn Handa hundum og köttum., Antisedan vet. 5 mg/ml injeksjonsvæske, oppløsning, til hund og katt, Antisedan vet., 5 mg/ml, Injektionsvätska, lösning, Antisedan, 5 mg/ml oplossing voor injectie voor honden en katten, Antisedan, 5mg/ml, Injekční roztok, Dexdomitor 0.1 mg/ml - Solution for injection, Dexdomitor 0.5 mg/ml - Solution for injection, Metacam 0.5 mg/ml - Oral suspension (cats, guinea pigs), Metacam 0.5 mg/ml - Oral suspension (dogs), Metacam 1.5 mg/ml - Oral suspension (dogs), Metacam 15 mg/ml - Oral suspension (horses), Metacam 15 mg/ml - Oral suspension (pigs), Metacam 5 mg/ml - Solution for injection (cats, dogs), Metacam 5 mg/ml - Solution for injection (cattle, pigs), Metacam 5 mg/ml - Solution for injection (dogs), АНТИСЕДАН ВЕТ 5 mg/ml инжекционен разтвор","Anorexia, Dehydration, Discoloured urine, Elevated liver enzymes NOS, Elevated total bilirubin, Glucosuria, Urine abnormalities NOS, Vomiting, Yellow mucous membranes",1,1,
CA-DEBIAHP-2012CA00848,"<a target=""_blank""  href=""/xmlpserver/EVVET3 PW NEW/Subject Area Contents/Public Website/Report (PDF)/AER.xdo?_xpf=&_xpt=1&_params%2FOracle%20BI%20EE%3A%3ADefaultApp%3A%3AEVVET3%20PR%20NEW%2FAER%3A%3Adimension%2FAER%20Id%3A%3Aattribute%3A%3Anoaggr%3A%3Axsd%3Adouble=320962&_xt=AER&_xf=pdf""> AER </a>",2012-08-01 00:00:00,Veterinarian,Canada,FEMALE,Dog,Retriever - Labrador,"Metacam 0.5 mg/ml - Oral suspension (cats, guinea pigs), Metacam 0.5 mg/ml - Oral suspension (dogs), Metacam 1.5 mg/ml - Oral suspension (dogs), Metacam 15 mg/ml - Oral suspension (horses), Metacam 15 mg/ml - Oral suspension (pigs)","Anorexia, Blood in vomit, Lethargy (see also Central nervous system depression in Neurological), Other abnormal test result NOS, Pale mucous membrane, Prolonged capillary refill time, Tachycardia, Tachypnoea, Tarry or black stool (see also haemorrhagic diarrhoea), Tense abdomen",1,1,
CA-DEBIAHP-2012CA00849,"<a target=""_blank""  href=""/xmlpserver/EVVET3 PW NEW/Subject Area Contents/Public Website/Report (PDF)/AER.xdo?_xpf=&_xpt=1&_params%2FOracle%20BI%20EE%3A%3ADefaultApp%3A%3AEVVET3%20PR%20NEW%2FAER%3A%3Adimension%2FAER%20Id%3A%3Aattribute%3A%3Anoaggr%3A%3Axsd%3Adouble=320964&_xt=AER&_xf=pdf""> AER </a>",2012-08-02 00:00:00,Veterinarian,Canada,MALE,Dog,Crossbred Canine/dog,"Metacam 0.5 mg/ml - Oral suspension (cats, guinea pigs), Metacam 0.5 mg/ml - Oral suspension (dogs), Metacam 1.5 mg/ml - Oral suspension (dogs), Metacam 15 mg/ml - Oral suspension (horses), Metacam 15 mg/ml - Oral suspension (pigs)","Anorexia, Lethargy (see also Central nervous system depression in Neurological), Vomiting",1,1,
CA-DEBIAHP-2012CA00879,"<a target=""_blank""  href=""/xmlpserver/EVVET3 PW NEW/Subject Area Contents/Public Website/Report (PDF)/AER.xdo?_xpf=&_xpt=1&_params%2FOracle%20BI%20EE%3A%3ADefaultApp%3A%3AEVVET3%20PR%20NEW%2FAER%3A%3Adimension%2FAER%20Id%3A%3Aattribute%3A%3Anoaggr%3A%3Axsd%3Adouble=327175&_xt=AER&_xf=pdf""> AER </a>",2012-09-24 00:00:00,Veterinarian,Canada,FEMALE,Dog,"Deutsche Dogge, Great Dane","Metacam 2.5 mg - Chewable tablet (dogs), Metacam 5 mg/ml - Solution for injection (cats, dogs), Metacam 5 mg/ml - Solution for injection (cattle, pigs), Metacam 5 mg/ml - Solution for injection (dogs)","Anorexia, Constipation, Other abnormal test result NOS, Polydipsia, Polyuria, Vomiting, Weight loss",1,1,
CA-DEBIAHP-2012CA00882,"<a target=""_blank""  href=""/xmlpserver/EVVET3 PW NEW/Subject Area Contents/Public Website/Report (PDF)/AER.xdo?_xpf=&_xpt=1&_params%2FOracle%20BI%20EE%3A%3ADefaultApp%3A%3AEVVET3%20PR%20NEW%2FAER%3A%3Adimension%2FAER%20Id%3A%3Aattribute%3A%3Anoaggr%3A%3Axsd%3Adouble=321643&_xt=AER&_xf=pdf""> AER </a>",2012-08-10 00:00:00,Veterinarian,Canada,FEMALE,Dog,Crossbred Canine/dog,"BAYTRIL 0,5% W/V ΠΟΣΙΜΟ ΔΙΑΛΥΜΑ, BAYTRIL 0,5% πόσιμο διάλυμα ενροφλοξακίνης για ορνίθια και γαλοπούλες, BAYTRIL 10 % SOLUTION BUVABLE, BAYTRIL 10 % SOLUTION INJECTABLE, BAYTRIL 10% W/V ΠΟΣΙΜΟ ΔΙΑΛΥΜΑ, BAYTRIL 100 mg/ml - soluţie orală, BAYTRIL 100 mg/ml SOLUCION INYECTABLE, BAYTRIL 100 mg/ml soluție injectabilă, BAYTRIL 15 mg δισκία για γάτες και σκύλους, BAYTRIL 150 mg δισκία για γάτες και σκύλους, BAYTRIL 2,5 % SOLUTION BUVABLE, BAYTRIL 2,5 % SOLUTION INJECTABLE, BAYTRIL 2,5% W/V ΕΝΕΣΙΜΟ ΔΙΑΛΥΜΑ, BAYTRIL 2,5% W/V ΠΟΣΙΜΟ ΔΙΑΛΥΜΑ, BAYTRIL 25 mg/ml SOLUCION INYECTABLE, BAYTRIL 25 mg/ml SOLUCION ORAL, BAYTRIL 5 % SOLUTION INJECTABLE, BAYTRIL 5 mg/ml SOLUCION ORAL, BAYTRIL 50 mg δισκία για γάτες και σκύλους, BAYTRIL 50 mg/ml SOLUCION INYECTABLE, BAYTRIL 50mg/ml ενέσιμο διάλυμα, BAYTRIL, 25mg/ml, Injekční roztok, BAYTRIL, 5% ενέσιμο διάλυμα για μόσχους, χοίρους, πρόβατα, αίγες, σκύλους και γάτες, BAYTRIL, 50mg/ml, Injekční roztok, Baytril  100 mg/ml Oplossing voor injectie, Baytril  100 mg/ml Solution injectable, Baytril - Das Original - 100 mg/ml Injektionslösung, Baytril - Das Original - 25 mg/ml Injektionslösung, Baytril - Das Original - 50 mg/ml Injektionslösung, Baytril 0,5 % solução oral para leitões, Baytril 0,5%, Baytril 10 % solução oral, Baytril 10%, Baytril 10% O.L., Baytril 10% Oral Solution, Baytril 100 mg/mL, otopina za injekciju, za goveda, ovce, koze i svinje, Baytril 100 mg/mL, otopina za primjenu u vodi za piće, za kokoši, purane i kuniće, Baytril 100 mg/ml - Injektionslösung für Tiere, Baytril 100 mg/ml - Lösung zum Eingeben für Hühner, Puten und Kaninchen, Baytril 100 mg/ml Oplossing voor gebruik in drinkwater, Baytril 100 mg/ml Solution buvable, Baytril 100 mg/ml Solution for Injection, Baytril 100 mg/ml koncentrat za peroralno raztopino za piščance, purane in kunce, Baytril 100 mg/ml oldat ivóvízbe keveréshez A.U.V., Baytril 100 mg/ml oplossing voor gebruik in drinkwater voor kippen, kalkoenen en konijnen, Baytril 100 mg/ml oplossing voor injectie, Baytril 100 mg/ml raztopina za injiciranje, Baytril 100 mg/ml solution for injection, Baytril 100 mg/ml soluzione iniettabile, Baytril 100 mg/ml solução injetável, Baytril 150 mg tabletta A.U.V., Baytril 2,5%, 25 mg/mL, otopina za injekciju za pse, mačke, prasad, kuniće, glodavce, gmazove i ukrasne ptice, Baytril 25 mg/ml - Injektionslösung für Tiere, Baytril 25 mg/ml - Lösung zum Eingeben für Kälber und Lämmer, Baytril 25 mg/ml Lösung zum Eingeben für Rinder (Kälber), Baytril 25 mg/ml Oplossing voor injectie, Baytril 25 mg/ml Oral Solution, Baytril 25 mg/ml Solution injectable, Baytril 25 mg/ml injekčný roztok, Baytril 25 mg/ml oldatos injekció A.U.V., Baytril 25 mg/ml oplossing voor injectie, Baytril 25 mg/ml roztwór do wstrzykiwań, Baytril 25 mg/ml solution for injection, Baytril 25 mg/ml soluzione iniettabile, Baytril 25 mg/ml soluzione iniettabile per cani, gatti, roditori e conigli da compagnia, rettili e uccelli ornamentali, Baytril 25 mg/ml soluzione orale per vitelli, ovini, caprini, suini, Baytril 25 mg/ml solução injetável, Baytril 5 mg/ml - Lösung zum Eingeben für Schweine, Baytril 5 mg/ml belsőleges oldat sertések részére A.U.V., Baytril 50 mg tabletta A.U.V., Baytril 50 mg/mL, otopina za injekciju, za telad, ovce, koze, svinje, pse i mačke, Baytril 50 mg/ml - Injektionslösung für Tiere, Baytril 50 mg/ml Oplossing voor injectie, Baytril 50 mg/ml Solution for Injection, Baytril 50 mg/ml Solution injectable, Baytril 50 mg/ml injekčný roztok, Baytril 50 mg/ml oldatos injekció A.U.V., Baytril 50 mg/ml oplossing voor injectie, Baytril 50 mg/ml raztopina za injiciranje, Baytril 50 mg/ml soluzione iniettabile, Baytril 50 mg/ml solução injetável, Baytril 50 mg/ml soluție injectabilă, Baytril Direct 100 mg/ml Injektionslösung für Rinder und Schweine, Baytril Piglet Doser 0.5% Oral Solution, Baytril Vet. 100 mg/ml injektionsvæske, opløsning, Baytril Vet. 150 mg tabletter, Baytril Vet. 25 mg/ml oral opløsning, Baytril Vet. 50 mg tabletter, Baytril Vet. 50 mg/ml i","Abdominal pain, Death, Duodenal ulcer, Lateral recumbency, Pain NOS, Peritonitis, Restlessness, Septicaemia, Vomiting, Walking difficulty",1,1,
CA-DEBIAHP-2012CA00956,"<a target=""_blank""  href=""/xmlpserver/EVVET3 PW NEW/Subject Area Contents/Public Website/Report (PDF)/AER.xdo?_xpf=&_xpt=1&_params%2FOracle%20BI%20EE%3A%3ADefaultApp%3A%3AEVVET3%20PR%20NEW%2FAER%3A%3Adimension%2FAER%20Id%3A%3Aattribute%3A%3Anoaggr%3A%3Axsd%3Adouble=323884&_xt=AER&_xf=pdf""> AER </a>",2012-08-27 00:00:00,Veterinarian,Canada,FEMALE,Cat,Cat (other),"Convenia 80 mg/ml  - Powder and solvent for solution for injection, Metacam 5 mg/ml - Solution for injection (cats, dogs), Metacam 5 mg/ml - Solution for injection (cattle, pigs), Metacam 5 mg/ml - Solution for injection (dogs)","Anorexia, Lethargy (see also Central nervous system depression in Neurological), Renal failure",1,1,1
CA-DEBIAHP-2012CA00959,"<a target=""_blank""  href=""/xmlpserver/EVVET3 PW NEW/Subject Area Contents/Public Website/Report (PDF)/AER.xdo?_xpf=&_xpt=1&_params%2FOracle%20BI%20EE%3A%3ADefaultApp%3A%3AEVVET3%20PR%20NEW%2FAER%3A%3Adimension%2FAER%20Id%3A%3Aattribute%3A%3Anoaggr%3A%3Axsd%3Adouble=322385&_xt=AER&_xf=pdf""> AER </a>",2012-08-17 00:00:00,Veterinarian,Canada,FEMALE,Cat,Abyssinian cat,"Metacam 0.5 mg/ml - Oral suspension (cats, guinea pigs), Metacam 0.5 mg/ml - Oral suspension (dogs), Metacam 1.5 mg/ml - Oral suspension (dogs), Metacam 15 mg/ml - Oral suspension (horses), Metacam 15 mg/ml - Oral suspension (pigs), Metacam 5 mg/ml - Solution for injection (cats, dogs), Metacam 5 mg/ml - Solution for injection (cattle, pigs), Metacam 5 mg/ml - Solution for injection (dogs)","Constipation, Decreased urine concentration, Hypothermia, Inappropriate urination, Not drinking, Other abnormal test result NOS, Vomiting, Weight loss",1,1,
CA-DEBIAHP-2012CA01013,"<a target=""_blank""  href=""/xmlpserver/EVVET3 PW NEW/Subject Area Contents/Public Website/Report (PDF)/AER.xdo?_xpf=&_xpt=1&_params%2FOracle%20BI%20EE%3A%3ADefaultApp%3A%3AEVVET3%20PR%20NEW%2FAER%3A%3Adimension%2FAER%20Id%3A%3Aattribute%3A%3Anoaggr%3A%3Axsd%3Adouble=342469&_xt=AER&_xf=pdf""> AER </a>",2012-12-10 00:00:00,Veterinarian,Canada,MALE,Dog,Shih Tzu,"Metacam 0.5 mg/ml - Oral suspension (cats, guinea pigs), Metacam 0.5 mg/ml - Oral suspension (dogs), Metacam 1.5 mg/ml - Oral suspension (dogs), Metacam 15 mg/ml - Oral suspension (horses), Metacam 15 mg/ml - Oral suspension (pigs), Metacam 5 mg/ml - Solution for injection (cats, dogs), Metacam 5 mg/ml - Solution for injection (cattle, pigs), Metacam 5 mg/ml - Solution for injection (dogs), OPTIMMUNE, OPTIMMUNE 2 mg/g POMADA OFTALMICA PARA PERROS, OPTIMMUNE 2 mg/g očná masť pre psy, OPTIMMUNE 2 mg/g, unguento oftalmico per cani, OPTIMMUNE POMMADE OPHTALMIQUE POUR CHIENS, OPTIMMUNE, 2mg, Oční mast, Optimmune 2 mg/g Eye Ointment, Optimmune 2 mg/g maść do oczu dla psów, Optimmune 2,0 mg/g Augensalbe für Hunde, Optimmune Augensalbe, Optimmune Vet. 2 mg/g øjensalve, Optimmune szemkenőcs A.U.V., Optimmune vet 2 mg/g silmävoide koirille, Optimmune vet. 2 mg/g øyesalve til hund","Abdominal discomfort, Anorexia, Dehydration, Haematochezia, Lethargy (see also Central nervous system depression in Neurological), Vomiting",1,1,
CA-DEBIAHP-2012CA01020,"<a target=""_blank""  href=""/xmlpserver/EVVET3 PW NEW/Subject Area Contents/Public Website/Report (PDF)/AER.xdo?_xpf=&_xpt=1&_params%2FOracle%20BI%20EE%3A%3ADefaultApp%3A%3AEVVET3%20PR%20NEW%2FAER%3A%3Adimension%2FAER%20Id%3A%3Aattribute%3A%3Anoaggr%3A%3Axsd%3Adouble=326584&_xt=AER&_xf=pdf""> AER </a>",2012-09-19 00:00:00,Veterinarian,Canada,FEMALE,Dog,Dog (other),"IsoFlo 100% w/w Inhalation Vapour, Liquid, Metacam 0.5 mg/ml - Oral suspension (cats, guinea pigs), Metacam 0.5 mg/ml - Oral suspension (dogs), Metacam 1.5 mg/ml - Oral suspension (dogs), Metacam 15 mg/ml - Oral suspension (horses), Metacam 15 mg/ml - Oral suspension (pigs), Metacam 5 mg/ml - Solution for injection (cats, dogs), Metacam 5 mg/ml - Solution for injection (cattle, pigs), Metacam 5 mg/ml - Solution for injection (dogs)","Acute renal failure, Anorexia, Dehydration, Elevated creatinine, Frequent urination, Inappropriate urination, Lethargy (see also Central nervous system depression in Neurological), Polydipsia, Polyuria, Uraemia, Vomiting",1,1,
CA-DEBIAHP-2012CA01022,"<a target=""_blank""  href=""/xmlpserver/EVVET3 PW NEW/Subject Area Contents/Public Website/Report (PDF)/AER.xdo?_xpf=&_xpt=1&_params%2FOracle%20BI%20EE%3A%3ADefaultApp%3A%3AEVVET3%20PR%20NEW%2FAER%3A%3Adimension%2FAER%20Id%3A%3Aattribute%3A%3Anoaggr%3A%3Axsd%3Adouble=327303&_xt=AER&_xf=pdf""> AER </a>",2012-09-26 00:00:00,Veterinarian,Canada,MALE,Dog,Brittany,"Metacam 0.5 mg/ml - Oral suspension (cats, guinea pigs), Metacam 0.5 mg/ml - Oral suspension (dogs), Metacam 1.5 mg/ml - Oral suspension (dogs), Metacam 15 mg/ml - Oral suspension (horses), Metacam 15 mg/ml - Oral suspension (pigs), Metacam 5 mg/ml - Solution for injection (cats, dogs), Metacam 5 mg/ml - Solution for injection (cattle, pigs), Metacam 5 mg/ml - Solution for injection (dogs)","Disorientation, Impaired consciousness, Lethargy (see also Central nervous system depression in Neurological), Vomiting",1,1,
CA-DEBIAHP-2012CA01044,"<a target=""_blank""  href=""/xmlpserver/EVVET3 PW NEW/Subject Area Contents/Public Website/Report (PDF)/AER.xdo?_xpf=&_xpt=1&_params%2FOracle%20BI%20EE%3A%3ADefaultApp%3A%3AEVVET3%20PR%20NEW%2FAER%3A%3Adimension%2FAER%20Id%3A%3Aattribute%3A%3Anoaggr%3A%3Axsd%3Adouble=331361&_xt=AER&_xf=pdf""> AER </a>",2012-11-01 00:00:00,Veterinarian,Canada,FEMALE,Cat,Himalayan,"Metacam 0.5 mg/ml - Oral suspension (cats, guinea pigs), Metacam 0.5 mg/ml - Oral suspension (dogs), Metacam 1.5 mg/ml - Oral suspension (dogs), Metacam 15 mg/ml - Oral suspension (horses), Metacam 15 mg/ml - Oral suspension (pigs)","Acute renal failure, Anorexia, Dehydration, Polydipsia, Polyuria",1,1,
CA-DEBIAHP-2012CA01048,"<a target=""_blank""  href=""/xmlpserver/EVVET3 PW NEW/Subject Area Contents/Public Website/Report (PDF)/AER.xdo?_xpf=&_xpt=1&_params%2FOracle%20BI%20EE%3A%3ADefaultApp%3A%3AEVVET3%20PR%20NEW%2FAER%3A%3Adimension%2FAER%20Id%3A%3Aattribute%3A%3Anoaggr%3A%3Axsd%3Adouble=327432&_xt=AER&_xf=pdf""> AER </a>",2012-09-27 00:00:00,Veterinarian,Canada,MALE,Dog,Poodle - Miniature,"Metacam 0.5 mg/ml - Oral suspension (cats, guinea pigs), Metacam 0.5 mg/ml - Oral suspension (dogs), Metacam 1.5 mg/ml - Oral suspension (dogs), Metacam 15 mg/ml - Oral suspension (horses), Metacam 15 mg/ml - Oral suspension (pigs), Metacam 5 mg/ml - Solution for injection (cats, dogs), Metacam 5 mg/ml - Solution for injection (cattle, pigs), Metacam 5 mg/ml - Solution for injection (dogs)","Anorexia, Blood in vomit, Bloody diarrhoea, Decreased body temperature, Dehydration, Lethargy (see also Central nervous system depression in Neurological), Neutrophilia, Pale mucous membrane, Proteinuria, Urinary tract infection",1,1,
CA-DEBIAHP-2012CA01053,"<a target=""_blank""  href=""/xmlpserver/EVVET3 PW NEW/Subject Area Contents/Public Website/Report (PDF)/AER.xdo?_xpf=&_xpt=1&_params%2FOracle%20BI%20EE%3A%3ADefaultApp%3A%3AEVVET3%20PR%20NEW%2FAER%3A%3Adimension%2FAER%20Id%3A%3Aattribute%3A%3Anoaggr%3A%3Axsd%3Adouble=349613&_xt=AER&_xf=pdf""> AER </a>",2012-10-01 00:00:00,Veterinarian,Canada,FEMALE,Cat,Cat (other),"ALFAXAN 10 mg/ml solution for injection for dogs and cats, Fuxien vet 1000 mg/g inhalaatiohöyry, neste, ISOFLURANE-Vet 1000 mg/g liquido per inalazione per cani e gatti, ISOFLURIN 1000mg/g ΥΓΡΟ ΓΙΑ ΕΙΣΠΝΕΟΜΕΝΟΥΣ ΑΤΜΟΥΣ, Isoflurane 100% Inhalation Vapour, Liquid, Isoflurane 1000 mg/g Inhalation Vapour, liquid., Metacam 0.5 mg/ml - Oral suspension (cats, guinea pigs), Metacam 0.5 mg/ml - Oral suspension (dogs), Metacam 5 mg/ml - Solution for injection (cats, dogs), Metacam 5 mg/ml - Solution for injection (cattle, pigs), Metacam 5 mg/ml - Solution for injection (dogs), SYNULOX (200+50)MG/TAB ΔΙΣΚΙΟ, SYNULOX (40+10)MG/TAB ΔΙΣΚΙΟ, SYNULOX 140 mg/ml + 35 mg/ml suspensión inyectable, SYNULOX 200 mg/50 mg tablety pre psy a mačky, SYNULOX 200/50 mg COMPRIMIDOS APETITOSOS PARA PERROS, SYNULOX 250 COMPRIMES POUR CHIENS, SYNULOX 250 mg, SYNULOX 250 mg kramtomosios tabletės šunims ir katėms, SYNULOX 250 mg tablete za pse in mačke, SYNULOX 250mg, δισκία για σκύλους και γάτες, SYNULOX 40 mg/10 mg tablety pre psy a mačky, SYNULOX 40 mg/ml + 10 mg/ml POLVO PARA GOTAS ORALES EN SUSPENSION, SYNULOX 40/10 MG COMPRIMIDOS APETITOSOS PARA PERROS Y GATOS, SYNULOX 400 mg/100 mg tablety pre psy, SYNULOX 400/100 mg COMPRIMIDOS APETITOSOS PARA PERROS, SYNULOX 50 COMPRIMES POUR CHIENS ET CHATS, SYNULOX 50 mg, SYNULOX 50 mg kramtomosios tabletės šunims ir katėms, SYNULOX 50 mg tablete za pse in mačke, SYNULOX 500 COMPRIMES POUR CHIENS, SYNULOX 500 mg kramtomosios tabletės šunims, SYNULOX 500 mg tablete za pse, SYNULOX 500 mg, kramtomosios tabletės šunims, SYNULOX 500MG/TAB ΔΙΣΚΙΟ, SYNULOX 50mg, δισκία για σκύλους και γάτες, SYNULOX OGIVETTES POUR VEAUX, SYNULOX SUSPENSION INJECTABLE POUR BOVINS, SYNULOX VET 140 mg/ml injektioneste, suspensio koiralle, kissalle ja sialle, SYNULOX suspensão injetável para suínos, bovinos, cães e gatos, SYNULOX vet 200 mg/50 mg tabletti, koiralle ja kissalle, SYNULOX vet 40 mg/10 mg tabletti, koiralle ja kissalle, SYNULOX vet 400 mg/100 mg tabletti, koiralle, SYNULOX, 400/100mg, Tableta, Synulox 250 mg Comprimés Appétents, Synulox 250 mg Smakelijke tabletten, Synulox 250 mg tabletes suņiem un kaķiem, Synulox 250 mg, tabletid koertele ja kassidele, Synulox 250 mg, таблетки за кучета и котки, Synulox 250mg (200 mg/50 mg)  Tabletten für Hunde, Synulox 50 mg Comprimés Appétents, Synulox 50 mg Smakelijke Tabletten, Synulox 50 mg tabletes suņiem un kaķiem, Synulox 50 mg, tabletid koertele ja kassidele, Synulox 50 mg, таблетки за кучета и котки, Synulox 500 mg Bolus 400 mg - 100 mg Omhulde tablet, Synulox 500 mg Comprimés Appétents, Synulox 500 mg Smakelijke Tabletten, Synulox 500 mg tabletes suņiem, Synulox 500 mg, tabletid koertele, Synulox 500mg (400 mg/100 mg) Tabletten für Hunde, Synulox 50mg (40 mg/10 mg) Tabletten für Hunde und Katzen, Synulox Bolus 500 mg, 400 mg + 100 mg comprimés enrobés pour veaux, Synulox Lactating Cow Intramammary suspension., Synulox Tabletki 250 mg, Synulox Tabletki 250 mg (200+50) mg/tablete; tabletes suņiem, Synulox Tabletki 50 mg, Synulox Tabletki 50 mg (40+10) mg/ tablete; tabletes suņiem un kaķiem, Synulox Tabletki 500 mg, Synulox Vet. til hund og kat 200 + 50 mg tabletter, Synulox Vet. til hund og kat 40 + 10 mg tabletter, Synulox Vet. til hund tabletter 400 + 100 mg, Synulox Vet. til kalve 400 + 100 mg tabletter, Synulox comprimidos palatáveis 250 mg para cães e gatos, Synulox comprimidos palatáveis 50 mg para cães e gatos, Synulox comprimidos palatáveis 500 mg para cães, Synulox vet 40 mg/ml jauhe oraalisuspensiota varten koiralle ja kissalle, Synulox vet. 200 mg tabletter for hund og katt, Synulox vet. 200 mg/50 mg Tablett, Synulox vet. 40 mg tabletter for hund og katt, Synulox vet. 40 mg/10 mg Tablett, Synulox vet. 400 mg tabletter for hund, Synulox vet. 400 mg/100 mg Tablett, Synulox, 200/50mg, Tableta, Synulox, 40/10mg, Tableta, Synulox-Kalb 400 mg/100 mg Filmtabletten für Rinder (Kälber), Torbugesic 10 mg/ml Solution for Injection, Torbugesic Vet 10 mg/ml solution injectable pour chevaux","Anorexia, Elevated blood urea nitrogen (BUN), Elevated creatinine, Vomiting",1,1,
CA-DEBIAHP-2012CA01115,"<a target=""_blank""  href=""/xmlpserver/EVVET3 PW NEW/Subject Area Contents/Public Website/Report (PDF)/AER.xdo?_xpf=&_xpt=1&_params%2FOracle%20BI%20EE%3A%3ADefaultApp%3A%3AEVVET3%20PR%20NEW%2FAER%3A%3Adimension%2FAER%20Id%3A%3Aattribute%3A%3Anoaggr%3A%3Axsd%3Adouble=328935&_xt=AER&_xf=pdf""> AER </a>",2012-10-12 00:00:00,Veterinarian,Canada,MALE,Dog,Dog (other),"Diazepam 10 mg, tabletten voor honden en katten, Diazepam 2 mg, tabletten voor honden en katten, Diazepam 5 mg, tabletten voor honden en katten, Diazepam 5 mg/ml, oplossing voor injectie voor honden en katten, Metacam 5 mg/ml - Solution for injection (cats, dogs), Metacam 5 mg/ml - Solution for injection (cattle, pigs), Metacam 5 mg/ml - Solution for injection (dogs), ZIAPAM 5 mg/ml, solution for injection for dogs and cats","Anorexia, Blood in urine, Dehydration, Elevated renal parameters, Glucosuria, Hyperphosphataemia, Inappropriate urination, Lethargy (see also Central nervous system depression in Neurological), Other abnormal test result NOS, Pancreatitis NOS, Polyuria, Proteinuria, Renal failure, Urine abnormalities NOS, Vomiting",1,1,
CA-DEBIAHP-2012CA01139,"<a target=""_blank""  href=""/xmlpserver/EVVET3 PW NEW/Subject Area Contents/Public Website/Report (PDF)/AER.xdo?_xpf=&_xpt=1&_params%2FOracle%20BI%20EE%3A%3ADefaultApp%3A%3AEVVET3%20PR%20NEW%2FAER%3A%3Adimension%2FAER%20Id%3A%3Aattribute%3A%3Anoaggr%3A%3Axsd%3Adouble=330559&_xt=AER&_xf=pdf""> AER </a>",2012-10-26 00:00:00,Veterinarian,Canada,FEMALE,Dog,Retriever - Golden,"AURIZON, AURIZON EAR DROPS, SUSPENSION, Aurizon (3 mg + 10 mg + 1 mg)/ml Krople do uszu, zawiesina, Aurizon Vet. 3+10+0,9 mg/ml øredråber, suspension, Aurizon ausu pilieni, suspensija suņiem, Aurizon, kapi za uho, suspenzija, za pse, Aurizon, ušní kapky, Ketavet 100 mg/ml Solution for Injection for Dogs, Cats and Horses, Metacam 2.5 mg - Chewable tablet (dogs), Metacam 5 mg/ml - Solution for injection (cats, dogs), Metacam 5 mg/ml - Solution for injection (cattle, pigs), Metacam 5 mg/ml - Solution for injection (dogs), Torbugesic 10 mg/ml Solution for Injection, Torbugesic Vet 10 mg/ml solution injectable pour chevaux, chiens et chats, Torbugesic Vet. 10 mg/ml injektionsvæske, opløsning, Torbuphanol Vet 10 mg/ml solution for injection for injection for horses, dogs and cats, АУРИЗОН ВЕТ, капки за уши, суспензия за кучета","Acute renal failure, Anorexia, Anxiety, Blood in urine, Dry mucous membrane, Elevated blood urea nitrogen (BUN), Haemorrhagic diarrhoea, Lethargy (see also Central nervous system depression in Neurological), Leukocytosis NOS, Lymphocytosis, Neutrophilia, Not drinking, Pain NOS, Polydipsia, Polyuria, Proteinuria, Vomiting, Weight loss",1,1,
CA-DEBIAHP-2012CA01185,"<a target=""_blank""  href=""/xmlpserver/EVVET3 PW NEW/Subject Area Contents/Public Website/Report (PDF)/AER.xdo?_xpf=&_xpt=1&_params%2FOracle%20BI%20EE%3A%3ADefaultApp%3A%3AEVVET3%20PR%20NEW%2FAER%3A%3Adimension%2FAER%20Id%3A%3Aattribute%3A%3Anoaggr%3A%3Axsd%3Adouble=330206&_xt=AER&_xf=pdf""> AER </a>",2012-10-24 00:00:00,Veterinarian,Canada,MALE,Dog,Dachshund - Standard Wire-haired,"Metacam 0.5 mg/ml - Oral suspension (cats, guinea pigs), Metacam 0.5 mg/ml - Oral suspension (dogs), Metacam 1.5 mg/ml - Oral suspension (dogs), Metacam 15 mg/ml - Oral suspension (horses), Metacam 15 mg/ml - Oral suspension (pigs)",Blindness,1,1,
CA-DEBIAHP-2012CA01232,"<a target=""_blank""  href=""/xmlpserver/EVVET3 PW NEW/Subject Area Contents/Public Website/Report (PDF)/AER.xdo?_xpf=&_xpt=1&_params%2FOracle%20BI%20EE%3A%3ADefaultApp%3A%3AEVVET3%20PR%20NEW%2FAER%3A%3Adimension%2FAER%20Id%3A%3Aattribute%3A%3Anoaggr%3A%3Axsd%3Adouble=336893&_xt=AER&_xf=pdf""> AER </a>",2012-11-07 00:00:00,Veterinarian,Canada,MALE,Dog,Crossbred Canine/dog,"Metacam 0.5 mg/ml - Oral suspension (cats, guinea pigs), Metacam 0.5 mg/ml - Oral suspension (dogs), Metacam 1.5 mg/ml - Oral suspension (dogs), Metacam 15 mg/ml - Oral suspension (horses), Metacam 15 mg/ml - Oral suspension (pigs), Tylan Soluble Powder for Oral Solution","Anorexia, Ataxia, Behavioural disorder NOS, Decreased heart rate, Dehydration, Lethargy (see also Central nervous system depression in Neurological), Other abnormal test result NOS, Pale mucous membrane, Prolonged capillary refill time, Regenerative anaemia, Syncope, Vomiting, Weight loss",1,1,
CA-DEBIAHP-2012CA01240,"<a target=""_blank""  href=""/xmlpserver/EVVET3 PW NEW/Subject Area Contents/Public Website/Report (PDF)/AER.xdo?_xpf=&_xpt=1&_params%2FOracle%20BI%20EE%3A%3ADefaultApp%3A%3AEVVET3%20PR%20NEW%2FAER%3A%3Adimension%2FAER%20Id%3A%3Aattribute%3A%3Anoaggr%3A%3Axsd%3Adouble=342117&_xt=AER&_xf=pdf""> AER </a>",2012-12-06 00:00:00,Veterinarian,Canada,FEMALE,Dog,Boxer (German Boxer),"Metacam 0.5 mg/ml - Oral suspension (cats, guinea pigs), Metacam 0.5 mg/ml - Oral suspension (dogs), Metacam 1.5 mg/ml - Oral suspension (dogs), Metacam 15 mg/ml - Oral suspension (horses), Metacam 15 mg/ml - Oral suspension (pigs), Tramadog 50 mg tablet for dogs","Acidosis, Acute renal failure, Anorexia, Bloody diarrhoea, Decreased urine concentration, Elevated blood urea nitrogen (BUN), Elevated creatinine, Neutrophilia, Other abnormal test result NOS, Urinary tract infection, Urine abnormalities NOS, Vomiting",1,1,
CA-DEBIAHP-2012CA01366,"<a target=""_blank""  href=""/xmlpserver/EVVET3 PW NEW/Subject Area Contents/Public Website/Report (PDF)/AER.xdo?_xpf=&_xpt=1&_params%2FOracle%20BI%20EE%3A%3ADefaultApp%3A%3AEVVET3%20PR%20NEW%2FAER%3A%3Adimension%2FAER%20Id%3A%3Aattribute%3A%3Anoaggr%3A%3Axsd%3Adouble=340424&_xt=AER&_xf=pdf""> AER </a>",2012-11-28 00:00:00,Veterinarian,Canada,FEMALE,Dog,"Deutsche Dogge, Great Dane","Fuxien vet 1000 mg/g inhalaatiohöyry, neste, ISOFLURANE-Vet 1000 mg/g liquido per inalazione per cani e gatti, ISOFLURIN 1000mg/g ΥΓΡΟ ΓΙΑ ΕΙΣΠΝΕΟΜΕΝΟΥΣ ΑΤΜΟΥΣ, Isoflurane 100% Inhalation Vapour, Liquid, Isoflurane 1000 mg/g Inhalation Vapour, liquid., Ketamin 10 % šķīdums injekcijām suņiem un kaķiem, Ketamin 10%, Ketamin 100 mg/ml, Ketamine 10% oplossing voor injectie voor honden en katten, Ketamine 10% pro inj., oplossing voor injectie voor honden en katten, Ketamine 10% šķīdums injekcijām suņiem un kaķiem, Ketamine 10%, oplossing voor injectie voor honden en katten, Metacam 0.5 mg/ml - Oral suspension (cats, guinea pigs), Metacam 0.5 mg/ml - Oral suspension (dogs), Metacam 1.5 mg/ml - Oral suspension (dogs), Metacam 15 mg/ml - Oral suspension (horses), Metacam 15 mg/ml - Oral suspension (pigs), Metacam 5 mg/ml - Solution for injection (cats, dogs), Metacam 5 mg/ml - Solution for injection (cattle, pigs), Metacam 5 mg/ml - Solution for injection (dogs), Torbugesic 10 mg/ml Solution for Injection, Torbugesic Vet 10 mg/ml solution injectable pour chevaux, chiens et chats, Torbugesic Vet. 10 mg/ml injektionsvæske, opløsning, Torbuphanol Vet 10 mg/ml solution for injection for injection for horses, dogs and cats, КЕТАМИН 10 %","Elevated renal parameters, Polydipsia, Polyuria, Uraemia, Vomiting",1,1,
CA-DEBIAHP-2012CA01390,"<a target=""_blank""  href=""/xmlpserver/EVVET3 PW NEW/Subject Area Contents/Public Website/Report (PDF)/AER.xdo?_xpf=&_xpt=1&_params%2FOracle%20BI%20EE%3A%3ADefaultApp%3A%3AEVVET3%20PR%20NEW%2FAER%3A%3Adimension%2FAER%20Id%3A%3Aattribute%3A%3Anoaggr%3A%3Axsd%3Adouble=341528&_xt=AER&_xf=pdf""> AER </a>",2012-12-04 00:00:00,Veterinarian,Canada,FEMALE,Dog,Retriever - Labrador,"ALFAXAN 10 mg/ml solution for injection for dogs and cats, Cartrophen vet, Dexdomitor 0.5 mg/ml - Solution for injection, Metacam 0.5 mg/ml - Oral suspension (cats, guinea pigs), Metacam 0.5 mg/ml - Oral suspension (dogs), Metacam 1.5 mg/ml - Oral suspension (dogs), Metacam 15 mg/ml - Oral suspension (horses), Metacam 15 mg/ml - Oral suspension (pigs), Metacam 5 mg/ml - Solution for injection (cats, dogs), Metacam 5 mg/ml - Solution for injection (cattle, pigs), Metacam 5 mg/ml - Solution for injection (dogs)","Abdominal pain, Anorexia, Gastric ulcer, Lethargy (see also Central nervous system depression in Neurological)",1,1,
CA-DEBIAHP-2012CA01399,"<a target=""_blank""  href=""/xmlpserver/EVVET3 PW NEW/Subject Area Contents/Public Website/Report (PDF)/AER.xdo?_xpf=&_xpt=1&_params%2FOracle%20BI%20EE%3A%3ADefaultApp%3A%3AEVVET3%20PR%20NEW%2FAER%3A%3Adimension%2FAER%20Id%3A%3Aattribute%3A%3Anoaggr%3A%3Axsd%3Adouble=343366&_xt=AER&_xf=pdf""> AER </a>",2012-12-13 00:00:00,Veterinarian,Canada,FEMALE,Dog,Retriever - Labrador,"ALFAXAN 10 mg/ml solution for injection for dogs and cats, ANTISEDAN, ANTISEDAN 5 mg/ml SOLUCIÓN INYECTABLE PARA PERROS Y GATOS, ANTISEDAN 5 mg/ml raztopina za injiciranje za pse in mačke, ANTISEDAN 5MG/ML ΕΝΕΣΙΜΟ ΔΙΑΛΥΜΑ, ANTISEDAN SOLUTION INJECTABLE POUR CHIENS ET CHATS, ANTISEDAN, 5 mg/mL, otopina za injekciju, za pse i mačke, Antisedan 5 mg/ 1 ml, roztwór do wstrzykiwań dla psów i kotów, Antisedan 5 mg/ml  Injektionslösung für Hunde und Katzen, Antisedan 5 mg/ml - Injektionslösung für Hunde und Katzen, Antisedan 5 mg/ml Oplossing voor injectie, Antisedan 5 mg/ml Solution injectable, Antisedan 5 mg/ml injekčný roztok pre psy a mačky, Antisedan 5 mg/ml oldatos injekció kutya és macska részére.A.U.V., Antisedan 5 mg/ml solution for injection, Antisedan 5 mg/ml solução injetável para cães e gatos, Antisedan Vet 5 mg/ml injekcinis tirpalas, Antisedan Vet 5 mg/ml šķīdums injekcijām, Antisedan Vet, 5 mg/ml süstelahus, Antisedan Vet. 5 mg/ml injektionsvæske, opløsning, Antisedan vet 5 mg/ml injektioneste, liuos, Antisedan vet. 5 mg/ml Injektionsvätska, lösning, Antisedan vet. 5 mg/ml Stungulyf, lausn Handa hundum og köttum., Antisedan vet. 5 mg/ml injeksjonsvæske, oppløsning, til hund og katt, Antisedan vet., 5 mg/ml, Injektionsvätska, lösning, Antisedan, 5 mg/ml oplossing voor injectie voor honden en katten, Antisedan, 5mg/ml, Injekční roztok, Dexdomitor 0.5 mg/ml - Solution for injection, Metacam 0.5 mg/ml - Oral suspension (cats, guinea pigs), Metacam 0.5 mg/ml - Oral suspension (dogs), Metacam 1.5 mg/ml - Oral suspension (dogs), Metacam 15 mg/ml - Oral suspension (horses), Metacam 15 mg/ml - Oral suspension (pigs), Metacam 5 mg/ml - Solution for injection (cats, dogs), Metacam 5 mg/ml - Solution for injection (cattle, pigs), Metacam 5 mg/ml - Solution for injection (dogs), Torbugesic 10 mg/ml Solution for Injection, Torbugesic Vet 10 mg/ml solution injectable pour chevaux, chiens et chats, Torbugesic Vet. 10 mg/ml injektionsvæske, opløsning, Torbuphanol Vet 10 mg/ml solution for injection for injection for horses, dogs and cats, АНТИСЕДАН ВЕТ 5 mg/ml инжекционен разтвор","Abdominal discomfort, Dehydration, Elevated renal parameters, Lethargy (see also Central nervous system depression in Neurological), Loose stool, Other abnormal test result NOS, Urine abnormalities NOS, Vomiting, Weight loss",1,1,
CA-DEBIAHP-2012CA01454,"<a target=""_blank""  href=""/xmlpserver/EVVET3 PW NEW/Subject Area Contents/Public Website/Report (PDF)/AER.xdo?_xpf=&_xpt=1&_params%2FOracle%20BI%20EE%3A%3ADefaultApp%3A%3AEVVET3%20PR%20NEW%2FAER%3A%3Adimension%2FAER%20Id%3A%3Aattribute%3A%3Anoaggr%3A%3Axsd%3Adouble=344256&_xt=AER&_xf=pdf""> AER </a>",2012-12-19 00:00:00,Veterinarian,Canada,MALE,Dog,Retriever - Golden,"ANTISEDAN, ANTISEDAN 5 mg/ml SOLUCIÓN INYECTABLE PARA PERROS Y GATOS, ANTISEDAN 5 mg/ml raztopina za injiciranje za pse in mačke, ANTISEDAN 5MG/ML ΕΝΕΣΙΜΟ ΔΙΑΛΥΜΑ, ANTISEDAN SOLUTION INJECTABLE POUR CHIENS ET CHATS, ANTISEDAN, 5 mg/mL, otopina za injekciju, za pse i mačke, Antisedan 5 mg/ 1 ml, roztwór do wstrzykiwań dla psów i kotów, Antisedan 5 mg/ml  Injektionslösung für Hunde und Katzen, Antisedan 5 mg/ml - Injektionslösung für Hunde und Katzen, Antisedan 5 mg/ml Oplossing voor injectie, Antisedan 5 mg/ml Solution injectable, Antisedan 5 mg/ml injekčný roztok pre psy a mačky, Antisedan 5 mg/ml oldatos injekció kutya és macska részére.A.U.V., Antisedan 5 mg/ml solution for injection, Antisedan 5 mg/ml solução injetável para cães e gatos, Antisedan Vet 5 mg/ml injekcinis tirpalas, Antisedan Vet 5 mg/ml šķīdums injekcijām, Antisedan Vet, 5 mg/ml süstelahus, Antisedan Vet. 5 mg/ml injektionsvæske, opløsning, Antisedan vet 5 mg/ml injektioneste, liuos, Antisedan vet. 5 mg/ml Injektionsvätska, lösning, Antisedan vet. 5 mg/ml Stungulyf, lausn Handa hundum og köttum., Antisedan vet. 5 mg/ml injeksjonsvæske, oppløsning, til hund og katt, Antisedan vet., 5 mg/ml, Injektionsvätska, lösning, Antisedan, 5 mg/ml oplossing voor injectie voor honden en katten, Antisedan, 5mg/ml, Injekční roztok, DOMITOR 1 mg/ml raztopina za injiciranje za pse in mačke, DOMITOR 1 mg/ml ενέσιμο διάλυμα για σκύλους και γάτες, DOMITOR 1 mg/ml, soluție injectabilă pentru câini și pisici, DOMITOR, 1 mg/mL, otopina za injekciju za pse i mačke, DOMITOR, 1mg/ml, Injekční roztok, DOMITOR, SOLUTION INJECTABLE, Domitor, Domitor 1 mg/1 ml, roztwór do wstrzykiwań dla psów i kotów, Domitor 1 mg/ml - Injektionslösung für Hunde und Katzen, Domitor 1 mg/ml Oplossing voor injectie, Domitor 1 mg/ml Solution injectable, Domitor 1 mg/ml injekčný roztok, Domitor 1 mg/ml oldatos injekció kutyáknak és macskáknak A.U.V., Domitor 1 mg/ml solution for injection, Domitor 1 mg/ml soluzione iniettabile per cani e gatti, Domitor Vet 1 mg/ml injekcinis tirpalas, Domitor Vet 1 mg/ml šķīdums injekcijām, Domitor Vet, 1 mg/ml süstelahus, Domitor Vet. 1 mg/ml injektionsvæske, opløsning, Domitor vet 1 mg/ml injektioneste, liuos, Domitor vet. 1 mg/ml Injektionsvätska, lösning, Domitor vet. 1 mg/ml injeksjonsvæske, oppløsning til hund og katt, Metacam 0.5 mg/ml - Oral suspension (cats, guinea pigs), Metacam 0.5 mg/ml - Oral suspension (dogs), Metacam 1.5 mg/ml - Oral suspension (dogs), Metacam 15 mg/ml - Oral suspension (horses), Metacam 15 mg/ml - Oral suspension (pigs), Torbugesic 10 mg/ml Solution for Injection, Torbugesic Vet 10 mg/ml solution injectable pour chevaux, chiens et chats, Torbugesic Vet. 10 mg/ml injektionsvæske, opløsning, Torbuphanol Vet 10 mg/ml solution for injection for injection for horses, dogs and cats, АНТИСЕДАН ВЕТ 5 mg/ml инжекционен разтвор, Домитор Вет 1 mg/ml инжекционен разтвор за кучета и котки","Bloody diarrhoea, Dehydration, Diarrhoea, Eosinophilia, Gastroenteritis, Lethargy (see also Central nervous system depression in Neurological), Pain NOS, Painful defecation, Vomiting",1,1,
CA-DEBIAHP-2012CA01466,"<a target=""_blank""  href=""/xmlpserver/EVVET3 PW NEW/Subject Area Contents/Public Website/Report (PDF)/AER.xdo?_xpf=&_xpt=1&_params%2FOracle%20BI%20EE%3A%3ADefaultApp%3A%3AEVVET3%20PR%20NEW%2FAER%3A%3Adimension%2FAER%20Id%3A%3Aattribute%3A%3Anoaggr%3A%3Axsd%3Adouble=344906&_xt=AER&_xf=pdf""> AER </a>",2012-12-21 00:00:00,Veterinarian,Canada,FEMALE,Dog,Doberman Pinscher,"Ketalin 100 mg/ml oplossing voor injectie voor honden en katten, Metacam 0.5 mg/ml - Oral suspension (cats, guinea pigs), Metacam 0.5 mg/ml - Oral suspension (dogs), Metacam 1.5 mg/ml - Oral suspension (dogs), Metacam 15 mg/ml - Oral suspension (horses), Metacam 15 mg/ml - Oral suspension (pigs), Metacam 5 mg/ml - Solution for injection (cats, dogs), Metacam 5 mg/ml - Solution for injection (cattle, pigs), Metacam 5 mg/ml - Solution for injection (dogs), Tramadog 50 mg tablet for dogs","Anorexia, Elevated renal parameters, Vomiting",1,1,
CA-NLINTVINT-2012-CA-00779,"<a target=""_blank""  href=""/xmlpserver/EVVET3 PW NEW/Subject Area Contents/Public Website/Report (PDF)/AER.xdo?_xpf=&_xpt=1&_params%2FOracle%20BI%20EE%3A%3ADefaultApp%3A%3AEVVET3%20PR%20NEW%2FAER%3A%3Adimension%2FAER%20Id%3A%3Aattribute%3A%3Anoaggr%3A%3Axsd%3Adouble=327288&_xt=AER&_xf=pdf""> AER </a>",2012-09-26 00:00:00,Veterinarian,Canada,MALE,Dog,Shih Tzu,"Fuxien vet 1000 mg/g inhalaatiohöyry, neste, Gentocin Vet. 5 mg/dosis oral opløsning, ISOFLURANE-Vet 1000 mg/g liquido per inalazione per cani e gatti, ISOFLURIN 1000mg/g ΥΓΡΟ ΓΙΑ ΕΙΣΠΝΕΟΜΕΝΟΥΣ ΑΤΜΟΥΣ, Isoflurane 100% Inhalation Vapour, Liquid, Isoflurane 1000 mg/g Inhalation Vapour, liquid., Metacam 0.5 mg/ml - Oral suspension (cats, guinea pigs), Metacam 0.5 mg/ml - Oral suspension (dogs), Metacam 1 mg - Chewable tablet (dogs), Metacam 1.5 mg/ml - Oral suspension (dogs), Metacam 15 mg/ml - Oral suspension (horses), Metacam 15 mg/ml - Oral suspension (pigs), Metacam 2 mg/ml - Solution for injection (cats), Metacam 2.5 mg - Chewable tablet (dogs), Metacam 20 mg/ml - Solution for injection (cattle, pigs, horses), Metacam 40 mg/ml - Solution for injection (cattle, horses), Metacam 5 mg/ml - Solution for injection (cats, dogs), Metacam 5 mg/ml - Solution for injection (cattle, pigs), Metacam 5 mg/ml - Solution for injection (dogs)","Anorexia, Emesis (multiple), Renal insufficiency, Splenomegaly",1,1,
CA-OPAH-CA20110029,"<a target=""_blank""  href=""/xmlpserver/EVVET3 PW NEW/Subject Area Contents/Public Website/Report (PDF)/AER.xdo?_xpf=&_xpt=1&_params%2FOracle%20BI%20EE%3A%3ADefaultApp%3A%3AEVVET3%20PR%20NEW%2FAER%3A%3Adimension%2FAER%20Id%3A%3Aattribute%3A%3Anoaggr%3A%3Axsd%3Adouble=310219&_xt=AER&_xf=pdf""> AER </a>",2012-05-15 00:00:00,Other health care professional,Canada,MALE,Dog,Dog (other),"ANTISEDAN, ANTISEDAN 5 mg/ml SOLUCIÓN INYECTABLE PARA PERROS Y GATOS, ANTISEDAN 5 mg/ml raztopina za injiciranje za pse in mačke, ANTISEDAN 5MG/ML ΕΝΕΣΙΜΟ ΔΙΑΛΥΜΑ, ANTISEDAN SOLUTION INJECTABLE POUR CHIENS ET CHATS, ANTISEDAN, 5 mg/mL, otopina za injekciju, za pse i mačke, Antisedan 5 mg/ 1 ml, roztwór do wstrzykiwań dla psów i kotów, Antisedan 5 mg/ml  Injektionslösung für Hunde und Katzen, Antisedan 5 mg/ml - Injektionslösung für Hunde und Katzen, Antisedan 5 mg/ml Oplossing voor injectie, Antisedan 5 mg/ml Solution injectable, Antisedan 5 mg/ml injekčný roztok pre psy a mačky, Antisedan 5 mg/ml oldatos injekció kutya és macska részére.A.U.V., Antisedan 5 mg/ml solution for injection, Antisedan 5 mg/ml solução injetável para cães e gatos, Antisedan Vet 5 mg/ml injekcinis tirpalas, Antisedan Vet 5 mg/ml šķīdums injekcijām, Antisedan Vet, 5 mg/ml süstelahus, Antisedan Vet. 5 mg/ml injektionsvæske, opløsning, Antisedan vet 5 mg/ml injektioneste, liuos, Antisedan vet. 5 mg/ml Injektionsvätska, lösning, Antisedan vet. 5 mg/ml Stungulyf, lausn Handa hundum og köttum., Antisedan vet. 5 mg/ml injeksjonsvæske, oppløsning, til hund og katt, Antisedan vet., 5 mg/ml, Injektionsvätska, lösning, Antisedan, 5 mg/ml oplossing voor injectie voor honden en katten, Antisedan, 5mg/ml, Injekční roztok, DOMITOR 1 mg/ml raztopina za injiciranje za pse in mačke, DOMITOR 1 mg/ml ενέσιμο διάλυμα για σκύλους και γάτες, DOMITOR 1 mg/ml, soluție injectabilă pentru câini și pisici, DOMITOR, 1 mg/mL, otopina za injekciju za pse i mačke, DOMITOR, 1mg/ml, Injekční roztok, DOMITOR, SOLUTION INJECTABLE, Domitor, Domitor 1 mg/1 ml, roztwór do wstrzykiwań dla psów i kotów, Domitor 1 mg/ml - Injektionslösung für Hunde und Katzen, Domitor 1 mg/ml Oplossing voor injectie, Domitor 1 mg/ml Solution injectable, Domitor 1 mg/ml injekčný roztok, Domitor 1 mg/ml oldatos injekció kutyáknak és macskáknak A.U.V., Domitor 1 mg/ml solution for injection, Domitor 1 mg/ml soluzione iniettabile per cani e gatti, Domitor Vet 1 mg/ml injekcinis tirpalas, Domitor Vet 1 mg/ml šķīdums injekcijām, Domitor Vet, 1 mg/ml süstelahus, Domitor Vet. 1 mg/ml injektionsvæske, opløsning, Domitor vet 1 mg/ml injektioneste, liuos, Domitor vet. 1 mg/ml Injektionsvätska, lösning, Domitor vet. 1 mg/ml injeksjonsvæske, oppløsning til hund og katt, LIDOCAINE 2% (w/w) injekčný roztok, LIDOCAINE, 2%, Injekční roztok, Lidocaine 2 inj. (+noradrenaline), injectievloeistof voor honden en katten, Lidocaine 20 mg/ml + adrenaline 10 mcg/ml, oplossing voor injectie voor honden en katten, Lidocaine 4% inj. oplossing voor injectie voor honden en katten, Metacam 0.5 mg/ml - Oral suspension (cats, guinea pigs), Metacam 0.5 mg/ml - Oral suspension (dogs), Metacam 1 mg - Chewable tablet (dogs), Metacam 1.5 mg/ml - Oral suspension (dogs), Metacam 15 mg/ml - Oral suspension (horses), Metacam 15 mg/ml - Oral suspension (pigs), Metacam 2 mg/ml - Solution for injection (cats), Metacam 2.5 mg - Chewable tablet (dogs), Metacam 20 mg/ml - Solution for injection (cattle, pigs, horses), Metacam 40 mg/ml - Solution for injection (cattle, horses), Metacam 5 mg/ml - Solution for injection (cats, dogs), Metacam 5 mg/ml - Solution for injection (cattle, pigs), Metacam 5 mg/ml - Solution for injection (dogs), АНТИСЕДАН ВЕТ 5 mg/ml инжекционен разтвор, Домитор Вет 1 mg/ml инжекционен разтвор за кучета и котки",Convulsion,1,1,
CA-OPAH-CA20110041,"<a target=""_blank""  href=""/xmlpserver/EVVET3 PW NEW/Subject Area Contents/Public Website/Report (PDF)/AER.xdo?_xpf=&_xpt=1&_params%2FOracle%20BI%20EE%3A%3ADefaultApp%3A%3AEVVET3%20PR%20NEW%2FAER%3A%3Adimension%2FAER%20Id%3A%3Aattribute%3A%3Anoaggr%3A%3Axsd%3Adouble=309375&_xt=AER&_xf=pdf""> AER </a>",2012-05-09 00:00:00,Other health care professional,Canada,FEMALE,Cat,Cat (other),"Dexdomitor 0.1 mg/ml - Solution for injection, Dexdomitor 0.5 mg/ml - Solution for injection, Ketamin 10 % šķīdums injekcijām suņiem un kaķiem, Ketamin 10%, Ketamin 100 mg/ml, Ketamine 10% oplossing voor injectie voor honden en katten, Ketamine 10% pro inj., oplossing voor injectie voor honden en katten, Ketamine 10% šķīdums injekcijām suņiem un kaķiem, Ketamine 10%, oplossing voor injectie voor honden en katten, Metacam 0.5 mg/ml - Oral suspension (cats, guinea pigs), Metacam 0.5 mg/ml - Oral suspension (dogs), Metacam 1 mg - Chewable tablet (dogs), Metacam 1.5 mg/ml - Oral suspension (dogs), Metacam 15 mg/ml - Oral suspension (horses), Metacam 15 mg/ml - Oral suspension (pigs), Metacam 2 mg/ml - Solution for injection (cats), Metacam 2.5 mg - Chewable tablet (dogs), Metacam 20 mg/ml - Solution for injection (cattle, pigs, horses), Metacam 40 mg/ml - Solution for injection (cattle, horses), Metacam 5 mg/ml - Solution for injection (cats, dogs), Metacam 5 mg/ml - Solution for injection (cattle, pigs), Metacam 5 mg/ml - Solution for injection (dogs), Torbugesic 10 mg/ml Solution for Injection, Torbugesic Vet 10 mg/ml solution injectable pour chevaux, chiens et chats, Torbugesic Vet. 10 mg/ml injektionsvæske, opløsning, Torbuphanol Vet 10 mg/ml solution for injection for injection for horses, dogs and cats, КЕТАМИН 10 %","Death, Pulmonary congestion, Rale",1,1,1
CA-OPAH-CA20110099,"<a target=""_blank""  href=""/xmlpserver/EVVET3 PW NEW/Subject Area Contents/Public Website/Report (PDF)/AER.xdo?_xpf=&_xpt=1&_params%2FOracle%20BI%20EE%3A%3ADefaultApp%3A%3AEVVET3%20PR%20NEW%2FAER%3A%3Adimension%2FAER%20Id%3A%3Aattribute%3A%3Anoaggr%3A%3Axsd%3Adouble=308706&_xt=AER&_xf=pdf""> AER </a>",2012-05-04 00:00:00,Other health care professional,Canada,FEMALE,Cat,Cat (other),"Dexdomitor 0.1 mg/ml - Solution for injection, Dexdomitor 0.5 mg/ml - Solution for injection, Ketamin 10 % šķīdums injekcijām suņiem un kaķiem, Ketamin 10%, Ketamin 100 mg/ml, Ketamine 10% oplossing voor injectie voor honden en katten, Ketamine 10% pro inj., oplossing voor injectie voor honden en katten, Ketamine 10% šķīdums injekcijām suņiem un kaķiem, Ketamine 10%, oplossing voor injectie voor honden en katten, Metacam 0.5 mg/ml - Oral suspension (cats, guinea pigs), Metacam 0.5 mg/ml - Oral suspension (dogs), Metacam 1 mg - Chewable tablet (dogs), Metacam 1.5 mg/ml - Oral suspension (dogs), Metacam 15 mg/ml - Oral suspension (horses), Metacam 15 mg/ml - Oral suspension (pigs), Metacam 2 mg/ml - Solution for injection (cats), Metacam 2.5 mg - Chewable tablet (dogs), Metacam 20 mg/ml - Solution for injection (cattle, pigs, horses), Metacam 40 mg/ml - Solution for injection (cattle, horses), Metacam 5 mg/ml - Solution for injection (cats, dogs), Metacam 5 mg/ml - Solution for injection (cattle, pigs), Metacam 5 mg/ml - Solution for injection (dogs), Torbugesic 10 mg/ml Solution for Injection, Torbugesic Vet 10 mg/ml solution injectable pour chevaux, chiens et chats, Torbugesic Vet. 10 mg/ml injektionsvæske, opløsning, Torbuphanol Vet 10 mg/ml solution for injection for injection for horses, dogs and cats, КЕТАМИН 10 %","Cardiac arrest, Death",1,1,1
CA-OPAH-CA20110101,"<a target=""_blank""  href=""/xmlpserver/EVVET3 PW NEW/Subject Area Contents/Public Website/Report (PDF)/AER.xdo?_xpf=&_xpt=1&_params%2FOracle%20BI%20EE%3A%3ADefaultApp%3A%3AEVVET3%20PR%20NEW%2FAER%3A%3Adimension%2FAER%20Id%3A%3Aattribute%3A%3Anoaggr%3A%3Axsd%3Adouble=308705&_xt=AER&_xf=pdf""> AER </a>",2012-05-04 00:00:00,Other health care professional,Canada,FEMALE,Dog,Pug,"Dexdomitor 0.1 mg/ml - Solution for injection, Dexdomitor 0.5 mg/ml - Solution for injection, Fuxien vet 1000 mg/g inhalaatiohöyry, neste, ISOFLURANE-Vet 1000 mg/g liquido per inalazione per cani e gatti, ISOFLURIN 1000mg/g ΥΓΡΟ ΓΙΑ ΕΙΣΠΝΕΟΜΕΝΟΥΣ ΑΤΜΟΥΣ, Isoflurane 100% Inhalation Vapour, Liquid, Isoflurane 1000 mg/g Inhalation Vapour, liquid., Ketamin 10 % šķīdums injekcijām suņiem un kaķiem, Ketamin 10%, Ketamin 100 mg/ml, Ketamine 10% oplossing voor injectie voor honden en katten, Ketamine 10% pro inj., oplossing voor injectie voor honden en katten, Ketamine 10% šķīdums injekcijām suņiem un kaķiem, Ketamine 10%, oplossing voor injectie voor honden en katten, Metacam 0.5 mg/ml - Oral suspension (cats, guinea pigs), Metacam 0.5 mg/ml - Oral suspension (dogs), Metacam 1 mg - Chewable tablet (dogs), Metacam 1.5 mg/ml - Oral suspension (dogs), Metacam 15 mg/ml - Oral suspension (horses), Metacam 15 mg/ml - Oral suspension (pigs), Metacam 2 mg/ml - Solution for injection (cats), Metacam 2.5 mg - Chewable tablet (dogs), Metacam 20 mg/ml - Solution for injection (cattle, pigs, horses), Metacam 40 mg/ml - Solution for injection (cattle, horses), Metacam 5 mg/ml - Solution for injection (cats, dogs), Metacam 5 mg/ml - Solution for injection (cattle, pigs), Metacam 5 mg/ml - Solution for injection (dogs), КЕТАМИН 10 %","Bradycardia, Cardiac arrest, Pale mucous membrane",1,1,
CA-UKPFIZAH-2011-CA-02348,"<a target=""_blank""  href=""/xmlpserver/EVVET3 PW NEW/Subject Area Contents/Public Website/Report (PDF)/AER.xdo?_xpf=&_xpt=1&_params%2FOracle%20BI%20EE%3A%3ADefaultApp%3A%3AEVVET3%20PR%20NEW%2FAER%3A%3Adimension%2FAER%20Id%3A%3Aattribute%3A%3Anoaggr%3A%3Axsd%3Adouble=292789&_xt=AER&_xf=pdf""> AER </a>",2012-01-19 00:00:00,Veterinarian,Canada,MALE,Dog,Doberman Pinscher,"Convenia 80 mg/ml  - Powder and solvent for solution for injection, Metacam 2 mg/ml - Solution for injection (cats), Metacam 20 mg/ml - Solution for injection (cattle, pigs, horses), Metacam 40 mg/ml - Solution for injection (cattle, horses), Metacam 5 mg/ml - Solution for injection (cats, dogs), Metacam 5 mg/ml - Solution for injection (cattle, pigs), Metacam 5 mg/ml - Solution for injection (dogs)","Anaphylaxis, Facial oedema, Respiratory distress, Urticaria",1,1,
CA-UKPFIZAH-2012-CA-00254,"<a target=""_blank""  href=""/xmlpserver/EVVET3 PW NEW/Subject Area Contents/Public Website/Report (PDF)/AER.xdo?_xpf=&_xpt=1&_params%2FOracle%20BI%20EE%3A%3ADefaultApp%3A%3AEVVET3%20PR%20NEW%2FAER%3A%3Adimension%2FAER%20Id%3A%3Aattribute%3A%3Anoaggr%3A%3Axsd%3Adouble=303088&_xt=AER&_xf=pdf""> AER </a>",2012-03-29 00:00:00,Veterinarian,Canada,MALE,Cat,Cat (other),"ACEPROMAZINE 10%/AGROSEED CANDILIDIS ενέσιμο διάλυμα 10 mg/ml για σκύλο και γάτα, Atropine 0,1% pro inj., 1 mg/ml oplossing voor injectie voor honden en katten., Convenia 80 mg/ml  - Powder and solvent for solution for injection, Fuxien vet 1000 mg/g inhalaatiohöyry, neste, ISOFLURANE-Vet 1000 mg/g liquido per inalazione per cani e gatti, ISOFLURIN 1000mg/g ΥΓΡΟ ΓΙΑ ΕΙΣΠΝΕΟΜΕΝΟΥΣ ΑΤΜΟΥΣ, Isoflurane 100% Inhalation Vapour, Liquid, Isoflurane 1000 mg/g Inhalation Vapour, liquid., Metacam 0.5 mg/ml - Oral suspension (cats, guinea pigs), Metacam 0.5 mg/ml - Oral suspension (dogs), Metacam 1 mg - Chewable tablet (dogs), Metacam 1.5 mg/ml - Oral suspension (dogs), Metacam 15 mg/ml - Oral suspension (horses), Metacam 15 mg/ml - Oral suspension (pigs), Metacam 2 mg/ml - Solution for injection (cats), Metacam 2.5 mg - Chewable tablet (dogs), Metacam 20 mg/ml - Solution for injection (cattle, pigs, horses), Metacam 40 mg/ml - Solution for injection (cattle, horses), Metacam 5 mg/ml - Solution for injection (cats, dogs), Metacam 5 mg/ml - Solution for injection (cattle, pigs), Metacam 5 mg/ml - Solution for injection (dogs), Stronghold 120 mg - Spot-on solution (12% - dogs), Stronghold 15 mg - Spot-on solution (6% - cats and dogs), Stronghold 240 mg - Spot-on solution (12% - dogs), Stronghold 30 mg - Spot-on solution (12% - dogs), Stronghold 360 mg - Spot-on solution (12% - dogs), Stronghold 45 mg - Spot-on solution (6% - cats), Stronghold 60 mg - Spot-on solution (12% - dogs), Stronghold 60 mg - Spot-on solution (6% - cats)","Abnormal menace reflex test, Alopecia general, Ataxia, Generalised itching, Transient blindness",1,1,
CA-UKPFIZAH-2012-CA-00314,"<a target=""_blank""  href=""/xmlpserver/EVVET3 PW NEW/Subject Area Contents/Public Website/Report (PDF)/AER.xdo?_xpf=&_xpt=1&_params%2FOracle%20BI%20EE%3A%3ADefaultApp%3A%3AEVVET3%20PR%20NEW%2FAER%3A%3Adimension%2FAER%20Id%3A%3Aattribute%3A%3Anoaggr%3A%3Axsd%3Adouble=298192&_xt=AER&_xf=pdf""> AER </a>",2012-02-23 00:00:00,Veterinarian,Canada,FEMALE,Cat,Siamese,"Convenia 80 mg/ml  - Powder and solvent for solution for injection, Metacam 0.5 mg/ml - Oral suspension (cats, guinea pigs), Metacam 0.5 mg/ml - Oral suspension (dogs), Metacam 1 mg - Chewable tablet (dogs), Metacam 1.5 mg/ml - Oral suspension (dogs), Metacam 15 mg/ml - Oral suspension (horses), Metacam 15 mg/ml - Oral suspension (pigs), Metacam 2 mg/ml - Solution for injection (cats), Metacam 2.5 mg - Chewable tablet (dogs), Metacam 20 mg/ml - Solution for injection (cattle, pigs, horses), Metacam 40 mg/ml - Solution for injection (cattle, horses), Metacam 5 mg/ml - Solution for injection (cats, dogs), Metacam 5 mg/ml - Solution for injection (cattle, pigs), Metacam 5 mg/ml - Solution for injection (dogs)","Anaemia NOS, Death, Depression, Hypersalivation, Inappetence, Oedema of the extremities (see also other SOCs for most applicable oedema), Pinnal cyanosis",1,1,1
CA-UKPFIZAH-2012-CA-00609,"<a target=""_blank""  href=""/xmlpserver/EVVET3 PW NEW/Subject Area Contents/Public Website/Report (PDF)/AER.xdo?_xpf=&_xpt=1&_params%2FOracle%20BI%20EE%3A%3ADefaultApp%3A%3AEVVET3%20PR%20NEW%2FAER%3A%3Adimension%2FAER%20Id%3A%3Aattribute%3A%3Anoaggr%3A%3Axsd%3Adouble=307719&_xt=AER&_xf=pdf""> AER </a>",2012-04-26 00:00:00,Veterinarian,Canada,MALE,Cat,Cat (other),"ANTISEDAN, ANTISEDAN 5 mg/ml SOLUCIÓN INYECTABLE PARA PERROS Y GATOS, ANTISEDAN 5 mg/ml raztopina za injiciranje za pse in mačke, ANTISEDAN 5MG/ML ΕΝΕΣΙΜΟ ΔΙΑΛΥΜΑ, ANTISEDAN SOLUTION INJECTABLE POUR CHIENS ET CHATS, ANTISEDAN, 5 mg/mL, otopina za injekciju, za pse i mačke, Antisedan 5 mg/ 1 ml, roztwór do wstrzykiwań dla psów i kotów, Antisedan 5 mg/ml  Injektionslösung für Hunde und Katzen, Antisedan 5 mg/ml - Injektionslösung für Hunde und Katzen, Antisedan 5 mg/ml Oplossing voor injectie, Antisedan 5 mg/ml Solution injectable, Antisedan 5 mg/ml injekčný roztok pre psy a mačky, Antisedan 5 mg/ml oldatos injekció kutya és macska részére.A.U.V., Antisedan 5 mg/ml solution for injection, Antisedan 5 mg/ml solução injetável para cães e gatos, Antisedan Vet 5 mg/ml injekcinis tirpalas, Antisedan Vet 5 mg/ml šķīdums injekcijām, Antisedan Vet, 5 mg/ml süstelahus, Antisedan Vet. 5 mg/ml injektionsvæske, opløsning, Antisedan vet 5 mg/ml injektioneste, liuos, Antisedan vet. 5 mg/ml Injektionsvätska, lösning, Antisedan vet. 5 mg/ml Stungulyf, lausn Handa hundum og köttum., Antisedan vet. 5 mg/ml injeksjonsvæske, oppløsning, til hund og katt, Antisedan vet., 5 mg/ml, Injektionsvätska, lösning, Antisedan, 5 mg/ml oplossing voor injectie voor honden en katten, Antisedan, 5mg/ml, Injekční roztok, Dexdomitor 0.1 mg/ml - Solution for injection, Dexdomitor 0.5 mg/ml - Solution for injection, Ketavet 100 mg/ml Solution for Injection for Dogs, Cats and Horses, Metacam 2 mg/ml - Solution for injection (cats), Metacam 20 mg/ml - Solution for injection (cattle, pigs, horses), Metacam 40 mg/ml - Solution for injection (cattle, horses), Metacam 5 mg/ml - Solution for injection (cats, dogs), Metacam 5 mg/ml - Solution for injection (cattle, pigs), Metacam 5 mg/ml - Solution for injection (dogs), Stronghold 120 mg - Spot-on solution (12% - dogs), Stronghold 15 mg - Spot-on solution (6% - cats and dogs), Stronghold 240 mg - Spot-on solution (12% - dogs), Stronghold 30 mg - Spot-on solution (12% - dogs), Stronghold 360 mg - Spot-on solution (12% - dogs), Stronghold 45 mg - Spot-on solution (6% - cats), Stronghold 60 mg - Spot-on solution (12% - dogs), Stronghold 60 mg - Spot-on solution (6% - cats), АНТИСЕДАН ВЕТ 5 mg/ml инжекционен разтвор",Tonic-clonic seizure,1,1,
CA-UKPFIZAH-2012-CA-00678,"<a target=""_blank""  href=""/xmlpserver/EVVET3 PW NEW/Subject Area Contents/Public Website/Report (PDF)/AER.xdo?_xpf=&_xpt=1&_params%2FOracle%20BI%20EE%3A%3ADefaultApp%3A%3AEVVET3%20PR%20NEW%2FAER%3A%3Adimension%2FAER%20Id%3A%3Aattribute%3A%3Anoaggr%3A%3Axsd%3Adouble=305320&_xt=AER&_xf=pdf""> AER </a>",2012-04-12 00:00:00,Veterinarian,Canada,MALE,Dog,Terrier - Jack Russell,"Convenia 80 mg/ml  - Powder and solvent for solution for injection, Metacam 2 mg/ml - Solution for injection (cats), Metacam 20 mg/ml - Solution for injection (cattle, pigs, horses), Metacam 40 mg/ml - Solution for injection (cattle, horses), Metacam 5 mg/ml - Solution for injection (cats, dogs), Metacam 5 mg/ml - Solution for injection (cattle, pigs), Metacam 5 mg/ml - Solution for injection (dogs)","Circulatory collapse (see also Neurological and Systemic disorders), Lateral recumbency, Pale mucous membrane",1,1,
CA-UKPFIZAH-2012-CA-02620,"<a target=""_blank""  href=""/xmlpserver/EVVET3 PW NEW/Subject Area Contents/Public Website/Report (PDF)/AER.xdo?_xpf=&_xpt=1&_params%2FOracle%20BI%20EE%3A%3ADefaultApp%3A%3AEVVET3%20PR%20NEW%2FAER%3A%3Adimension%2FAER%20Id%3A%3Aattribute%3A%3Anoaggr%3A%3Axsd%3Adouble=342486&_xt=AER&_xf=pdf""> AER </a>",2012-12-10 00:00:00,Veterinarian,Canada,MALE,Cat,Cat (other),"Convenia 80 mg/ml  - Powder and solvent for solution for injection, Dexdomitor 0.1 mg/ml - Solution for injection, Dexdomitor 0.5 mg/ml - Solution for injection, Ketavet 100 mg/ml Solution for Injection for Dogs, Cats and Horses, Metacam 2 mg/ml - Solution for injection (cats), Metacam 20 mg/ml - Solution for injection (cattle, pigs, horses), Metacam 40 mg/ml - Solution for injection (cattle, horses), Metacam 5 mg/ml - Solution for injection (cats, dogs), Metacam 5 mg/ml - Solution for injection (cattle, pigs), Metacam 5 mg/ml - Solution for injection (dogs), Torbugesic 10 mg/ml Solution for Injection, Torbugesic Vet 10 mg/ml solution injectable pour chevaux, chiens et chats, Torbugesic Vet. 10 mg/ml injektionsvæske, opløsning, Torbuphanol Vet 10 mg/ml solution for injection for injection for horses, dogs and cats","Anaphylactic-type reaction, Facial oedema",1,1,
CA-UKPFIZAH-2012-CA-02742,"<a target=""_blank""  href=""/xmlpserver/EVVET3 PW NEW/Subject Area Contents/Public Website/Report (PDF)/AER.xdo?_xpf=&_xpt=1&_params%2FOracle%20BI%20EE%3A%3ADefaultApp%3A%3AEVVET3%20PR%20NEW%2FAER%3A%3Adimension%2FAER%20Id%3A%3Aattribute%3A%3Anoaggr%3A%3Axsd%3Adouble=345236&_xt=AER&_xf=pdf""> AER </a>",2012-12-26 00:00:00,Veterinarian,Canada,MALE,Dog,Retriever - Golden,"Metacam 0.5 mg/ml - Oral suspension (cats, guinea pigs), Metacam 0.5 mg/ml - Oral suspension (dogs), Metacam 1 mg - Chewable tablet (dogs), Metacam 1.5 mg/ml - Oral suspension (dogs), Metacam 15 mg/ml - Oral suspension (horses), Metacam 15 mg/ml - Oral suspension (pigs), Metacam 2 mg/ml - Solution for injection (cats), Metacam 2.5 mg - Chewable tablet (dogs), Metacam 20 mg/ml - Solution for injection (cattle, pigs, horses), Metacam 40 mg/ml - Solution for injection (cattle, horses), Metacam 5 mg/ml - Solution for injection (cats, dogs), Metacam 5 mg/ml - Solution for injection (cattle, pigs), Metacam 5 mg/ml - Solution for injection (dogs), Rimadyl, 100 mg närimistablett koertele","Anorexia, Elevated liver enzymes NOS, Icterus",1,1,
CA-UKPFIZAH-2012-CA-02957,"<a target=""_blank""  href=""/xmlpserver/EVVET3 PW NEW/Subject Area Contents/Public Website/Report (PDF)/AER.xdo?_xpf=&_xpt=1&_params%2FOracle%20BI%20EE%3A%3ADefaultApp%3A%3AEVVET3%20PR%20NEW%2FAER%3A%3Adimension%2FAER%20Id%3A%3Aattribute%3A%3Anoaggr%3A%3Axsd%3Adouble=344618&_xt=AER&_xf=pdf""> AER </a>",2012-12-20 00:00:00,Veterinarian,Canada,MALE,Cat,Siamese,"ACEPROMAZINE 10%/AGROSEED CANDILIDIS ενέσιμο διάλυμα 10 mg/ml για σκύλο και γάτα, Convenia 80 mg/ml  - Powder and solvent for solution for injection, Fuxien vet 1000 mg/g inhalaatiohöyry, neste, ISOFLURANE-Vet 1000 mg/g liquido per inalazione per cani e gatti, ISOFLURIN 1000mg/g ΥΓΡΟ ΓΙΑ ΕΙΣΠΝΕΟΜΕΝΟΥΣ ΑΤΜΟΥΣ, Isoflurane 100% Inhalation Vapour, Liquid, Isoflurane 1000 mg/g Inhalation Vapour, liquid., Ketamin 10 % šķīdums injekcijām suņiem un kaķiem, Ketamin 10%, Ketamin 100 mg/ml, Ketamine 10% oplossing voor injectie voor honden en katten, Ketamine 10% pro inj., oplossing voor injectie voor honden en katten, Ketamine 10% šķīdums injekcijām suņiem un kaķiem, Ketamine 10%, oplossing voor injectie voor honden en katten, Metacam 0.5 mg/ml - Oral suspension (cats, guinea pigs), Metacam 0.5 mg/ml - Oral suspension (dogs), Metacam 1 mg - Chewable tablet (dogs), Metacam 1.5 mg/ml - Oral suspension (dogs), Metacam 15 mg/ml - Oral suspension (horses), Metacam 15 mg/ml - Oral suspension (pigs), Metacam 2 mg/ml - Solution for injection (cats), Metacam 2.5 mg - Chewable tablet (dogs), Metacam 20 mg/ml - Solution for injection (cattle, pigs, horses), Metacam 40 mg/ml - Solution for injection (cattle, horses), Metacam 5 mg/ml - Solution for injection (cats, dogs), Metacam 5 mg/ml - Solution for injection (cattle, pigs), Metacam 5 mg/ml - Solution for injection (dogs), PROGRAM 204,9 mg COMPRIMIDOS RECUBIERTOS, PROGRAM 409,8 mg COMPRIMIDOS RECUBIERTOS, PROGRAM 67,8 mg COMPRIMIDOS RECUBIERTOS, PROGRAM 70 mg/g SUSPENSION ORAL, PROGRAM 80 mg suspension injectable pour chats, PROGRAM, 40 mg suspension injectable pour chats, Program 133 mg Suspension zum Eingeben für Katzen, Program 204,9 mg comprimidos revestidos por película para cães, Program 204,9 mg tabletten voor honden, Program 204.9mg, Program 23,1 mg comprimidos revestidos por película para cães, Program 40 mg Suspension for Injection for Cats, Program 409,8 mg comprimidos revestidos por película para cães, Program 409.8mg, Program 67,8 mg comprimidos revestidos por película para cães, Program 67,8 mg tabletten voor honden, Program 67.8mg, Program 80 mg Suspension for Injection for Cats, Program Suspension für Katzen bis 4.5kg, Program Suspension für Katzen von 4.5 bis 9kg, Program Vet. 204,9 mg filmovertrukne tabletter, Program Vet. 409,8 mg filmovertrukne tabletter, Program Vet. 67,8 mg filmovertrukne tabletter, Program suspensie voor oraal gebruik bij katten, Program suspensão oral para gatos, Program vet. 204,9 mg Filmdragerad tablett, Program vet. 409,8 mg Filmdragerad tablett, Program vet. 67,8 mg Filmdragerad tablett, КЕТАМИН 10 %","Prolonged bleeding NOS, Regenerative anaemia",1,1,
CA-ZZELANCORG-CA201200891,"<a target=""_blank""  href=""/xmlpserver/EVVET3 PW NEW/Subject Area Contents/Public Website/Report (PDF)/AER.xdo?_xpf=&_xpt=1&_params%2FOracle%20BI%20EE%3A%3ADefaultApp%3A%3AEVVET3%20PR%20NEW%2FAER%3A%3Adimension%2FAER%20Id%3A%3Aattribute%3A%3Anoaggr%3A%3Axsd%3Adouble=330222&_xt=AER&_xf=pdf""> AER </a>",2012-10-24 00:00:00,Veterinarian,Canada,FEMALE,Dog,Bichon Frise,"MIPREPOL, oily suspension for dogs and cats, Metacam 0.5 mg/ml - Oral suspension (cats, guinea pigs), Metacam 0.5 mg/ml - Oral suspension (dogs), Metacam 1 mg - Chewable tablet (dogs), Metacam 1.5 mg/ml - Oral suspension (dogs), Metacam 15 mg/ml - Oral suspension (horses), Metacam 15 mg/ml - Oral suspension (pigs), Metacam 2 mg/ml - Solution for injection (cats), Metacam 2.5 mg - Chewable tablet (dogs), Metacam 20 mg/ml - Solution for injection (cattle, pigs, horses), Metacam 40 mg/ml - Solution for injection (cattle, horses), Metacam 5 mg/ml - Solution for injection (cats, dogs), Metacam 5 mg/ml - Solution for injection (cattle, pigs), Metacam 5 mg/ml - Solution for injection (dogs), SUROLAN, SUROLAN (23MG+5MG+0,5293MG)/ML ΩΤΙΚΕΣ ΣΤΑΓΟΝΕΣ, ΕΝΑΙΩΡΗΜΑ, SUROLAN DROPS 23mg/ml, 5500IU/ml, 5mg/ml ωτικές σταγόνες σε εναιώρημα και δερματικό εναιώρημα για σκύλους και γάτες, SUROLAN sospensione oleosa per cani e gatti, SUROLAN ušné kvapky a dermálna suspenzia, SUROLAN, Kožní/ušní kapky, suspenze, SUROLAN, kapi za uho i suspenzija za kožu za pse i mačke, SUROLAN, picături auriculate si suspensie cutanată, SUROLAN, suspensija šunims ir katėms, SUROLAN, капки за уши и суспензия за кожа за кучета и котки, Surolan, Surolan  Oordruppels, suspensie, Surolan (23 mg + 0,5293 mg + 5 mg )/ml Krople do uszu, zawiesina, Surolan 5,0 mg/0,5293 mg/23,0 mg/ml, Ohrentropfen, Suspension zur Anwendung auf der Haut für Hunde und Katzen, Surolan Ear Drops and Cutaneous Suspension, Surolan Vet. 5 + 23 + 0,529 mg/ml øredråber, suspension og kutansuspension, Surolan külsőleges szuszpenzió A.U.V., Surolan suspensija ārīgai lietošanai suņiem un kaķiem, Surolan vet.  Örondroppar/kutan suspension, Surolan vet., örondroppar/kutan suspension, Surolan, nahasuspensioon koertele ja kassidele, Surolan, suspensie voor cutaan gebruik, bij honden en katten, Surolan, suspension pour application cutanée/suspension auriculaire en gouttes pour chiens et chats",Deafness,1,1,
DE-BAH-2010-066719,"<a target=""_blank""  href=""/xmlpserver/EVVET3 PW NEW/Subject Area Contents/Public Website/Report (PDF)/AER.xdo?_xpf=&_xpt=1&_params%2FOracle%20BI%20EE%3A%3ADefaultApp%3A%3AEVVET3%20PR%20NEW%2FAER%3A%3Adimension%2FAER%20Id%3A%3Aattribute%3A%3Anoaggr%3A%3Axsd%3Adouble=312303&_xt=AER&_xf=pdf""> AER </a>",2012-05-30 00:00:00,Other health care professional,Germany,FEMALE,Cattle,German Original Black Pied,"Amynin, oplossing voor injectie en infusie, Baytril - Das Original - 100 mg/ml Injektionslösung, Metacam 0.5 mg/ml - Oral suspension (cats, guinea pigs), Metacam 0.5 mg/ml - Oral suspension (dogs), Metacam 1 mg - Chewable tablet (dogs), Metacam 1.5 mg/ml - Oral suspension (dogs), Metacam 15 mg/ml - Oral suspension (horses), Metacam 15 mg/ml - Oral suspension (pigs), Metacam 2 mg/ml - Solution for injection (cats), Metacam 2.5 mg - Chewable tablet (dogs), Metacam 20 mg/ml - Solution for injection (cattle, pigs, horses), Metacam 40 mg/ml - Solution for injection (cattle, horses), Metacam 5 mg/ml - Solution for injection (cats, dogs), Metacam 5 mg/ml - Solution for injection (cattle, pigs), Metacam 5 mg/ml - Solution for injection (dogs)","Agitation, Behavioural disorder NOS, Hypersalivation, Injection site swelling, Swollen vulva",1,1,
DE-BAH-2012-112982,"<a target=""_blank""  href=""/xmlpserver/EVVET3 PW NEW/Subject Area Contents/Public Website/Report (PDF)/AER.xdo?_xpf=&_xpt=1&_params%2FOracle%20BI%20EE%3A%3ADefaultApp%3A%3AEVVET3%20PR%20NEW%2FAER%3A%3Adimension%2FAER%20Id%3A%3Aattribute%3A%3Anoaggr%3A%3Axsd%3Adouble=295213&_xt=AER&_xf=pdf""> AER </a>",2012-02-07 00:00:00,Animal owner,Germany,UNKNOWN,Cat,Norwegian Forest,"Metacam 0.5 mg/ml - Oral suspension (cats, guinea pigs), Metacam 0.5 mg/ml - Oral suspension (dogs), Metacam 1 mg - Chewable tablet (dogs), Metacam 1.5 mg/ml - Oral suspension (dogs), Metacam 15 mg/ml - Oral suspension (horses), Metacam 15 mg/ml - Oral suspension (pigs), Metacam 2 mg/ml - Solution for injection (cats), Metacam 2.5 mg - Chewable tablet (dogs), Metacam 20 mg/ml - Solution for injection (cattle, pigs, horses), Metacam 40 mg/ml - Solution for injection (cattle, horses), Metacam 5 mg/ml - Solution for injection (cats, dogs), Metacam 5 mg/ml - Solution for injection (cattle, pigs), Metacam 5 mg/ml - Solution for injection (dogs), Veraflox 120 mg  - Tablet, Veraflox 15 mg  - Tablet, Veraflox 25 mg/ml  - Oral suspension, Veraflox 60 mg  - Tablet","Diarrhoea, Epileptic fit",1,1,
DE-BVL-2011-5389,"<a target=""_blank""  href=""/xmlpserver/EVVET3 PW NEW/Subject Area Contents/Public Website/Report (PDF)/AER.xdo?_xpf=&_xpt=1&_params%2FOracle%20BI%20EE%3A%3ADefaultApp%3A%3AEVVET3%20PR%20NEW%2FAER%3A%3Adimension%2FAER%20Id%3A%3Aattribute%3A%3Anoaggr%3A%3Axsd%3Adouble=290321&_xt=AER&_xf=pdf""> AER </a>",2012-01-03 00:00:00,Veterinarian,Germany,FEMALE,Dog,Shepherd Dog - German,"Metacam 1 mg - Chewable tablet (dogs), Metacam 2.5 mg - Chewable tablet (dogs), Metacam 5 mg/ml - Solution for injection (cats, dogs), Metacam 5 mg/ml - Solution for injection (cattle, pigs), Metacam 5 mg/ml - Solution for injection (dogs)",Diarrhoea,1,1,
DE-BVL-2012-0535,"<a target=""_blank""  href=""/xmlpserver/EVVET3 PW NEW/Subject Area Contents/Public Website/Report (PDF)/AER.xdo?_xpf=&_xpt=1&_params%2FOracle%20BI%20EE%3A%3ADefaultApp%3A%3AEVVET3%20PR%20NEW%2FAER%3A%3Adimension%2FAER%20Id%3A%3Aattribute%3A%3Anoaggr%3A%3Axsd%3Adouble=296334&_xt=AER&_xf=pdf""> AER </a>",2012-02-13 00:00:00,Veterinarian,Germany,FEMALE,Cat,European,"Loxicom 0.5 mg/ml  - Oral suspension (cats), Loxicom 0.5 mg/ml  - Oral suspension (dogs), Loxicom 1 mg  - Chewable tablet (dogs), Loxicom 1.5 mg/ml  - Oral suspension (dogs), Loxicom 2.5 mg  - Chewable tablet (dogs), Loxicom 20 mg/ml - Solution for injection (cattle, pigs, horses), Loxicom 5 mg/ml  - Solution for injection (cats, dogs), Loxicom 50 mg/g  - Oral paste (horses)","Eyeball protrusion, Facial swelling (see also Skin), Protrusion membrana nictitans",1,1,
DE-BVL-2012-1534,"<a target=""_blank""  href=""/xmlpserver/EVVET3 PW NEW/Subject Area Contents/Public Website/Report (PDF)/AER.xdo?_xpf=&_xpt=1&_params%2FOracle%20BI%20EE%3A%3ADefaultApp%3A%3AEVVET3%20PR%20NEW%2FAER%3A%3Adimension%2FAER%20Id%3A%3Aattribute%3A%3Anoaggr%3A%3Axsd%3Adouble=306312&_xt=AER&_xf=pdf""> AER </a>",2012-04-19 00:00:00,Veterinarian,Germany,MALE,Dog,Dachshund (unspecified),"Metacam 0.5 mg/ml - Oral suspension (cats, guinea pigs), Metacam 0.5 mg/ml - Oral suspension (dogs), Metacam 1 mg - Chewable tablet (dogs), Metacam 1.5 mg/ml - Oral suspension (dogs), Metacam 15 mg/ml - Oral suspension (horses), Metacam 15 mg/ml - Oral suspension (pigs), Metacam 2 mg/ml - Solution for injection (cats), Metacam 2.5 mg - Chewable tablet (dogs), Metacam 20 mg/ml - Solution for injection (cattle, pigs, horses), Metacam 40 mg/ml - Solution for injection (cattle, horses), Metacam 5 mg/ml - Solution for injection (cats, dogs), Metacam 5 mg/ml - Solution for injection (cattle, pigs), Metacam 5 mg/ml - Solution for injection (dogs), PRILACTONE NEXT 10 MG CHEWABLE TABLETS FOR DOGS, PRILACTONE NEXT 100 MG CHEWABLE TABLETS FOR DOGS, PRILACTONE NEXT 50 MG CHEWABLE TABLETS FOR DOGS, Vetmedin 2,5 mg capsule per cani, Vetmedin 2,5mg",Haemorrhagic diarrhoea,1,1,
DE-BVL-2012-1862,"<a target=""_blank""  href=""/xmlpserver/EVVET3 PW NEW/Subject Area Contents/Public Website/Report (PDF)/AER.xdo?_xpf=&_xpt=1&_params%2FOracle%20BI%20EE%3A%3ADefaultApp%3A%3AEVVET3%20PR%20NEW%2FAER%3A%3Adimension%2FAER%20Id%3A%3Aattribute%3A%3Anoaggr%3A%3Axsd%3Adouble=308413&_xt=AER&_xf=pdf""> AER </a>",2012-05-03 00:00:00,Veterinarian,Germany,FEMALE,Pigeon,Unknown,"Metacam 0.5 mg/ml - Oral suspension (cats, guinea pigs), Metacam 0.5 mg/ml - Oral suspension (dogs)",Sudden death,1,1,1
DE-BVL-2012-3891,"<a target=""_blank""  href=""/xmlpserver/EVVET3 PW NEW/Subject Area Contents/Public Website/Report (PDF)/AER.xdo?_xpf=&_xpt=1&_params%2FOracle%20BI%20EE%3A%3ADefaultApp%3A%3AEVVET3%20PR%20NEW%2FAER%3A%3Adimension%2FAER%20Id%3A%3Aattribute%3A%3Anoaggr%3A%3Axsd%3Adouble=331407&_xt=AER&_xf=pdf""> AER </a>",2012-11-01 00:00:00,Veterinarian,Germany,FEMALE,Dog,Terrier - German Hunting,"Baytril Flavour 50 mg Tablet, Baytril flavour 50mg Tablette, Metacam 1 mg - Chewable tablet (dogs), NICILAN 200 mg/50 mg tablets for dogs","Inappetence, Melaena, Vomiting",1,1,
DE-BVL-2012-5193,"<a target=""_blank""  href=""/xmlpserver/EVVET3 PW NEW/Subject Area Contents/Public Website/Report (PDF)/AER.xdo?_xpf=&_xpt=1&_params%2FOracle%20BI%20EE%3A%3ADefaultApp%3A%3AEVVET3%20PR%20NEW%2FAER%3A%3Adimension%2FAER%20Id%3A%3Aattribute%3A%3Anoaggr%3A%3Axsd%3Adouble=329650&_xt=AER&_xf=pdf""> AER </a>",2012-10-19 00:00:00,Veterinarian,Germany,FEMALE,Cat,European,"Metacam 0.5 mg/ml - Oral suspension (cats, guinea pigs), Metacam 0.5 mg/ml - Oral suspension (dogs), Metacam 5 mg/ml - Solution for injection (cats, dogs), Metacam 5 mg/ml - Solution for injection (cattle, pigs), Metacam 5 mg/ml - Solution for injection (dogs)","Emesis, Inappetence",1,1,
DE-BVL-2012-5922,"<a target=""_blank""  href=""/xmlpserver/EVVET3 PW NEW/Subject Area Contents/Public Website/Report (PDF)/AER.xdo?_xpf=&_xpt=1&_params%2FOracle%20BI%20EE%3A%3ADefaultApp%3A%3AEVVET3%20PR%20NEW%2FAER%3A%3Adimension%2FAER%20Id%3A%3Aattribute%3A%3Anoaggr%3A%3Axsd%3Adouble=341343&_xt=AER&_xf=pdf""> AER </a>",2012-12-03 00:00:00,Veterinarian,Germany,MALE,Cat,Unknown,"Metacam 0.5 mg/ml - Oral suspension (cats, guinea pigs), Metacam 0.5 mg/ml - Oral suspension (dogs)","Chronic renal failure, Death, Drinking a lot",1,1,1
DE-DEBIAHP-2012DE00027,"<a target=""_blank""  href=""/xmlpserver/EVVET3 PW NEW/Subject Area Contents/Public Website/Report (PDF)/AER.xdo?_xpf=&_xpt=1&_params%2FOracle%20BI%20EE%3A%3ADefaultApp%3A%3AEVVET3%20PR%20NEW%2FAER%3A%3Adimension%2FAER%20Id%3A%3Aattribute%3A%3Anoaggr%3A%3Axsd%3Adouble=305232&_xt=AER&_xf=pdf""> AER </a>",2012-04-11 00:00:00,Veterinarian,Germany,FEMALE,Dog,Dog (other),"Metacam 0.5 mg/ml - Oral suspension (cats, guinea pigs), Metacam 0.5 mg/ml - Oral suspension (dogs), Metacam 1 mg - Chewable tablet (dogs), Metacam 1.5 mg/ml - Oral suspension (dogs), Metacam 15 mg/ml - Oral suspension (horses), Metacam 15 mg/ml - Oral suspension (pigs), Metacam 2 mg/ml - Solution for injection (cats), Metacam 2.5 mg - Chewable tablet (dogs), Metacam 20 mg/ml - Solution for injection (cattle, pigs, horses), Metacam 40 mg/ml - Solution for injection (cattle, horses), Metacam 5 mg/ml - Solution for injection (cats, dogs), Metacam 5 mg/ml - Solution for injection (cattle, pigs), Metacam 5 mg/ml - Solution for injection (dogs)","Death, Emesis, Gastric ulcer, Peritonitis, Septicaemia",1,1,1
DE-DEBIAHP-2012DE00048,"<a target=""_blank""  href=""/xmlpserver/EVVET3 PW NEW/Subject Area Contents/Public Website/Report (PDF)/AER.xdo?_xpf=&_xpt=1&_params%2FOracle%20BI%20EE%3A%3ADefaultApp%3A%3AEVVET3%20PR%20NEW%2FAER%3A%3Adimension%2FAER%20Id%3A%3Aattribute%3A%3Anoaggr%3A%3Axsd%3Adouble=310305&_xt=AER&_xf=pdf""> AER </a>",2012-05-16 00:00:00,Animal owner,Germany,UNKNOWN,Dog,Terrier - Yorkshire,"BUSCOPAN COMPOSITUM ad us. vet. 4 mg/ml + 500 mg/ml, oplossing voor injectie voor paarden, kalveren en honden, BUSCOPAN compositum injekčný roztok pre kone a teľatá, BUSCOPAN compositum raztopina za injiciranje za konje, govedo, prašiče in pse, BUSCOPAN compositum, soluţie injectabilă, Buscopan Compositum, Buscopan Compositum Solution for Injection, Buscopan Compositum Vet (0,4 g + 50 g)/100 ml Roztwór do wstrzykiwań, Buscopan Compositum ad us.vet. 4 mg/ml + 500 mg/ml, solution injectable pour chevaux, veaux et chiens, Buscopan compositum, Buscopan compositum - Injektionslösung für Tiere, Buscopan compositum 504 mg/ml ενέσιμο διάλυμα για άλογα, βοοειδή, χοίρους και σκύλους, Buscopan compositum injekció A.U.V., Buscopan compositum vet. injektioneste, liuos hevosille, Buscopan compositum, Injekční roztok, Buscopan compositum, injekcinis tirpalas arkliams ir galvijams (veršeliams), Buscopan compositum-injectie 4 mg/ml + 500 mg/ml oplossing voor injectie, Buscopan compositum-injectie I.M. 4 mg/ml + 500 mg/ml oplossing voor injectie voor runderen, varkens en honden, Cortico Veyxin 10 mg/ml suspension for injection for cattle, horses, dogs and cats, Metacam 5 mg/ml - Solution for injection (cats, dogs), Metacam 5 mg/ml - Solution for injection (cattle, pigs), Metacam 5 mg/ml - Solution for injection (dogs), Prednisolon 5 mg, Prednisolon 5 mg, tabletten voor honden en katten, Prednisolon ad us. vet 10 mg/ml suspension for injection for cattle, horses, dogs and cats, Prednisolon-50 mg, Veyxin 10 mg/ml suspensão injetável para bovinos, equídeos, cães e gatos","Abnormal breathing, Anxiety, Ataxia, Blood in vomit, Bloody diarrhoea, Chattering of teeth, Colic, Convulsion, Death, Eyeball protrusion, Faecal impaction, Hind limb paresis, Lethargy (see also Central nervous system depression in Neurological), Panting, Recumbency",1,1,1
DE-DEBIAHP-2012DE00090,"<a target=""_blank""  href=""/xmlpserver/EVVET3 PW NEW/Subject Area Contents/Public Website/Report (PDF)/AER.xdo?_xpf=&_xpt=1&_params%2FOracle%20BI%20EE%3A%3ADefaultApp%3A%3AEVVET3%20PR%20NEW%2FAER%3A%3Adimension%2FAER%20Id%3A%3Aattribute%3A%3Anoaggr%3A%3Axsd%3Adouble=329261&_xt=AER&_xf=pdf""> AER </a>",2012-10-16 00:00:00,Veterinarian,Germany,MALE,Guinea pig,Unknown,"Metacam 0.5 mg/ml - Oral suspension (cats, guinea pigs), Metacam 0.5 mg/ml - Oral suspension (dogs)","Apathy, Appetite loss, Convulsion, Death, Lateral recumbency, Loss of condition",1,1,1
DE-NLINTVINT-2010-DE-00026,"<a target=""_blank""  href=""/xmlpserver/EVVET3 PW NEW/Subject Area Contents/Public Website/Report (PDF)/AER.xdo?_xpf=&_xpt=1&_params%2FOracle%20BI%20EE%3A%3ADefaultApp%3A%3AEVVET3%20PR%20NEW%2FAER%3A%3Adimension%2FAER%20Id%3A%3Aattribute%3A%3Anoaggr%3A%3Axsd%3Adouble=295210&_xt=AER&_xf=pdf""> AER </a>",2012-02-07 00:00:00,Veterinarian,Germany,FEMALE,Dog,Dog (other),"DEXADRESON FORTE, Dexadreson forte 1,32 mg/ml + 2,67 mg/ml Injektionssuspension  für Rinder, Pferde und Hunde, Meloxidyl 0.5 mg/ml  - Oral suspension, Meloxidyl 1.5 mg/ml  - Oral suspension, Meloxidyl 20 mg/ml  - Solution for injection, Meloxidyl 20 mg/ml oplossing voor injectie voor runderen en varkens, Meloxidyl 5 mg/ml  - Solution for injection","Behavioural disorder NOS, Convulsion, Death, Disorientation, Hypersalivation, Inappropriate defecation, Panting, Trembling",1,1,1
DE-NLINTVINT-2012-DE-00507,"<a target=""_blank""  href=""/xmlpserver/EVVET3 PW NEW/Subject Area Contents/Public Website/Report (PDF)/AER.xdo?_xpf=&_xpt=1&_params%2FOracle%20BI%20EE%3A%3ADefaultApp%3A%3AEVVET3%20PR%20NEW%2FAER%3A%3Adimension%2FAER%20Id%3A%3Aattribute%3A%3Anoaggr%3A%3Axsd%3Adouble=336914&_xt=AER&_xf=pdf""> AER </a>",2012-11-08 00:00:00,Other health care professional,Germany,UNKNOWN,Cat,Unknown,"Dimazon Tabletten 40mg, Metacam 0.5 mg/ml - Oral suspension (cats, guinea pigs), Metacam 0.5 mg/ml - Oral suspension (dogs), Metacam 1 mg - Chewable tablet (dogs), Metacam 1.5 mg/ml - Oral suspension (dogs), Metacam 15 mg/ml - Oral suspension (horses), Metacam 15 mg/ml - Oral suspension (pigs), Metacam 2 mg/ml - Solution for injection (cats), Metacam 2.5 mg - Chewable tablet (dogs), Metacam 20 mg/ml - Solution for injection (cattle, pigs, horses), Metacam 40 mg/ml - Solution for injection (cattle, horses), Metacam 5 mg/ml - Solution for injection (cats, dogs), Metacam 5 mg/ml - Solution for injection (cattle, pigs), Metacam 5 mg/ml - Solution for injection (dogs)","Dermatitis, Eczema",1,1,
DE-UKDECHRAP-2012-6797,"<a target=""_blank""  href=""/xmlpserver/EVVET3 PW NEW/Subject Area Contents/Public Website/Report (PDF)/AER.xdo?_xpf=&_xpt=1&_params%2FOracle%20BI%20EE%3A%3ADefaultApp%3A%3AEVVET3%20PR%20NEW%2FAER%3A%3Adimension%2FAER%20Id%3A%3Aattribute%3A%3Anoaggr%3A%3Axsd%3Adouble=344354&_xt=AER&_xf=pdf""> AER </a>",2012-12-19 00:00:00,Other health care professional,Germany,UNKNOWN,Rabbit,Unknown,"Atipam 5.0 mg/ml solution for injection for Cats and Dogs - atipamezole hydrochloride, Metacam 2 mg/ml - Solution for injection (cats), МЕТАМИЗОЛ НАТРИЙ 30% инжекционен разтвор 100 ml",Death,1,1,1
DE-UKNBROOKT-2012-DE-NOR-00005,"<a target=""_blank""  href=""/xmlpserver/EVVET3 PW NEW/Subject Area Contents/Public Website/Report (PDF)/AER.xdo?_xpf=&_xpt=1&_params%2FOracle%20BI%20EE%3A%3ADefaultApp%3A%3AEVVET3%20PR%20NEW%2FAER%3A%3Adimension%2FAER%20Id%3A%3Aattribute%3A%3Anoaggr%3A%3Axsd%3Adouble=322322&_xt=AER&_xf=pdf""> AER </a>",2012-08-17 00:00:00,Animal owner,Germany,MALE,Cat,European,Loxicom 0.5 mg/ml  - Oral suspension (cats),"Anorexia, Vomiting",1,1,
DE-UKNBROOKT-2012-DE-NOR-00007,"<a target=""_blank""  href=""/xmlpserver/EVVET3 PW NEW/Subject Area Contents/Public Website/Report (PDF)/AER.xdo?_xpf=&_xpt=1&_params%2FOracle%20BI%20EE%3A%3ADefaultApp%3A%3AEVVET3%20PR%20NEW%2FAER%3A%3Adimension%2FAER%20Id%3A%3Aattribute%3A%3Anoaggr%3A%3Axsd%3Adouble=323607&_xt=AER&_xf=pdf""> AER </a>",2012-08-24 00:00:00,Animal owner,Germany,MALE,Cat,European,"Loxicom 20 mg/ml - Solution for injection (cattle, pigs, horses), Loxicom 5 mg/ml  - Solution for injection (cats, dogs)","Elevated liver enzymes NOS, Icterus, Renal insufficiency",1,1,
DE-UKPFIZAH-2012-DE-00215,"<a target=""_blank""  href=""/xmlpserver/EVVET3 PW NEW/Subject Area Contents/Public Website/Report (PDF)/AER.xdo?_xpf=&_xpt=1&_params%2FOracle%20BI%20EE%3A%3ADefaultApp%3A%3AEVVET3%20PR%20NEW%2FAER%3A%3Adimension%2FAER%20Id%3A%3Aattribute%3A%3Anoaggr%3A%3Axsd%3Adouble=311635&_xt=AER&_xf=pdf""> AER </a>",2012-05-25 00:00:00,Veterinarian,Germany,MALE,Dog,Mountain Dog - Bernese,"CATOSAL, CATOSAL 10% (w/v) injekčný roztok, CATOSAL 100 mg/ml  + 0,05 mg/ml SOLUCION INYECTABLE PARA BOVINO, CABALLOS Y PERROS, CATOSAL 100 mg/ml + 0,05 mg/ml, CATOSAL, 100/0,05mg/ml, Injekční roztok, CATOSAL, ενέσιμο διάλυμα για άλογα, βοοειδή, σκύλοι και γάτες, Catosal (10 g + 0,005 g )/100 ml Roztwór do wstrzykiwań, Catosal 100 mg/mL + 0,05 mg/mL, otopina za injekciju za goveda, konje i pse, Catosal 100 mg/ml + 0,05 mg/ml Injektionslösung  für Rinder, Pferde und Hunde, Catosal 100 mg/ml + 0,05 mg/ml Injektionslösung für Rinder, Pferde und Hunde, Catosal 100 mg/ml + 0,05 mg/ml oplossing voor injectie voor runderen, paarden en honden, Catosal 100 mg/ml + 0,05 mg/ml raztopina za injiciranje za govedo, konje in pse, Catosal 100 mg/ml + 0,05 mg/ml ενέσιμο διάλυμα για βοοειδή, ιπποειδή και σκύλο, Catosal 100 mg/ml + 0.05 mg/ml нжекционен разтвор за говеда, коне и кучета, Catosal 100 mg/ml - 0.05 mg/ml Oplossing voor injectie, Catosal 100 mg/ml Solution injectable, Catosal oldatos injekció A.U.V., Catosal solução injetável para bovinos, cães e gatos, DEXADRESON FORTE, Dexadreson forte 1,32 mg/ml + 2,67 mg/ml Injektionssuspension  für Rinder, Pferde und Hunde, IMAVEROL, IMAVEROL 100 mg/ml, IMAVEROL 100 mg/ml CONCENTRADO PARA EMULSION CUTANEA PARA BOVINO, EQUINO Y PERROS, IMAVEROL 100 mg/ml Concentrado para solução cutânea para bovinos, equinos e cães, IMAVEROL 100 mg/ml concentrato per emulsione cutanea per cani, IMAVEROL 100 mg/ml koncentrát na prípravu kožnej emulzie, IMAVEROL VET 100 mg/ml konsentraatti liuosta varten, iholle, IMAVEROL koncentrátum külsőleges emulzió készítéséhez A.U.V., Imaverol, Imaverol 100 mg/mL, δερματικό διάλυμα, πυκνό διάλυμα για αραίωση για βοοειδή, άλογα, σκύλους, Imaverol 100 mg/ml , Konzentrat zur Herstellung einer Emulsion zur Anwendung auf der Haut für Pferde, Rinder und Hunde, Imaverol 100 mg/ml Concentraat voor oplossing voor cutaan gebruik, Imaverol 100 mg/ml Concentrate for Cutaneous Emulsion, Imaverol 100 mg/ml Koncentrat do sporządzania emulsji, Imaverol 100 mg/ml concentraat voor emulsie voor cutaan gebruik voor honden, Imaverol 100 mg/ml concentraat voor emulsie voor cutaan gebruik voor honden, runderen en paarden, Imaverol 100 mg/ml koncentrāts uz ādas lietojamas emulsijas pagatavošanai liellopiem, zirgiem un suņiem, Imaverol 100 mg/ml, koncentratas odos tirpalui ruošti arkliams, galvijams ir šunims, Imaverol Vet. 100 mg/ml koncentrat til kutanopløsning, Imaverol, 100 mg/ml nahalahuse kontsentraat hobustele, veistele ja koertele, Imaverol, 100mg/ml, Koncentrát pro kožní emulzi, Metacam 5 mg/ml - Solution for injection (cats, dogs), Metacam 5 mg/ml - Solution for injection (cattle, pigs), Metacam 5 mg/ml - Solution for injection (dogs), Phosphorum B12, 100,00 mg/ml + 0,05 mg/ml, soluzione iniettabile per bovini, cani, gatti e animali da pelliccia, Previcox 227 mg - Chewable tablet, Trocoxil 95 mg  - Chewable tablet, ИМАВЕРОЛ","Acute renal failure, Anorexia, Dry coat, Fungal skin infection NOS, Lethargy (see also Central nervous system depression in Neurological), Polydipsia, Weight loss",1,1,1
DK-DEBIAHP-2012DK00016,"<a target=""_blank""  href=""/xmlpserver/EVVET3 PW NEW/Subject Area Contents/Public Website/Report (PDF)/AER.xdo?_xpf=&_xpt=1&_params%2FOracle%20BI%20EE%3A%3ADefaultApp%3A%3AEVVET3%20PR%20NEW%2FAER%3A%3Adimension%2FAER%20Id%3A%3Aattribute%3A%3Anoaggr%3A%3Axsd%3Adouble=340049&_xt=AER&_xf=pdf""> AER </a>",2012-11-27 00:00:00,Veterinarian,Denmark,FEMALE,Dog,"Hound - Swiss - (Lucerne Hound (Luzerner Laufhund), Schwyz Hound (Schweizer Laufhund), Bernese Hound, Jura Hound)","Metacam 0.5 mg/ml - Oral suspension (cats, guinea pigs), Metacam 0.5 mg/ml - Oral suspension (dogs), Metacam 5 mg/ml - Solution for injection (cats, dogs), Metacam 5 mg/ml - Solution for injection (cattle, pigs), Metacam 5 mg/ml - Solution for injection (dogs)","Death, Lung oedema",1,1,
DK-DKMA-V20120005,"<a target=""_blank""  href=""/xmlpserver/EVVET3 PW NEW/Subject Area Contents/Public Website/Report (PDF)/AER.xdo?_xpf=&_xpt=1&_params%2FOracle%20BI%20EE%3A%3ADefaultApp%3A%3AEVVET3%20PR%20NEW%2FAER%3A%3Adimension%2FAER%20Id%3A%3Aattribute%3A%3Anoaggr%3A%3Axsd%3Adouble=293775&_xt=AER&_xf=pdf""> AER </a>",2012-01-27 00:00:00,Veterinarian,Denmark,FEMALE,Horse,Warmblood - Danish,"EQUIP EHV 1,4, EQUIP EHV 1,4 - Injektionssuspension für Pferde, EQUIP EHV 1,4 sospensione iniettabile per cavalli e ponies, EQUIP EHV 1-4 SUSPENSION INJECTABLE POUR EQUINS, EQUIP EHV1,4, injekcinė suspensija arkliams, EQUIP FT, EQUIP FT SUSPENSION INJECTABLE POUR CHEVAUX ET PONEYS, EQUIP FT injekčná suspenzia, Equip EHV 1,4, Equip EHV 1,4  Suspensie voor injectie, Equip EHV 1,4 Injektionssuspension für Pferde, Equip EHV 1,4 Suspension for injection, Equip EHV 1,4 injektionsvæske, suspension, Equip EHV 1,4 injekčná suspenzia, Equip EHV 1,4 suspension injectable pour chevaux et poneys, Equip EHV 1,4 vakcina A.U.V., Equip EHV 1,4 zawiesina do wstrzykiwań dla koni, Equip EHV l,4, Equip EHV, 1,4, Injekční suspenze, Equip FT, Equip FT  Suspensie voor injectie, Equip FT Injektionssuspension für Pferde und Ponys, Equip FT Sospensione iniettabile per cavalli, Equip FT Suspension injectable, Equip FT Vet. injeksjonsvæske, suspension, Equip FT Vet. injektionsvæske, suspension, Equip FT suspensão injetável para equinos, Equip FT vet.   Injektionsvätska, suspension, Equip FT vet. injektioneste, suspensio, Equip FT, Injekční suspenze, Metacam 0.5 mg/ml - Oral suspension (cats, guinea pigs), Metacam 0.5 mg/ml - Oral suspension (dogs), Metacam 1 mg - Chewable tablet (dogs), Metacam 1.5 mg/ml - Oral suspension (dogs), Metacam 15 mg/ml - Oral suspension (horses), Metacam 15 mg/ml - Oral suspension (pigs), Metacam 2 mg/ml - Solution for injection (cats), Metacam 2.5 mg - Chewable tablet (dogs), Metacam 20 mg/ml - Solution for injection (cattle, pigs, horses), Metacam 40 mg/ml - Solution for injection (cattle, horses), Metacam 5 mg/ml - Solution for injection (cats, dogs), Metacam 5 mg/ml - Solution for injection (cattle, pigs), Metacam 5 mg/ml - Solution for injection (dogs)","Abortion, Malaise",1,1,
DK-DKMA-V20120016,"<a target=""_blank""  href=""/xmlpserver/EVVET3 PW NEW/Subject Area Contents/Public Website/Report (PDF)/AER.xdo?_xpf=&_xpt=1&_params%2FOracle%20BI%20EE%3A%3ADefaultApp%3A%3AEVVET3%20PR%20NEW%2FAER%3A%3Adimension%2FAER%20Id%3A%3Aattribute%3A%3Anoaggr%3A%3Axsd%3Adouble=305119&_xt=AER&_xf=pdf""> AER </a>",2012-04-11 00:00:00,Veterinarian,Denmark,FEMALE,Dog,Shepherd Dog - German,"CLINDAMYCIN 75 mg tablety, Clindamycin 75mg, Clindamycin, 75mg, Tableta, Meloxidyl 1.5 mg/ml  - Oral suspension, Metacam 0.5 mg/ml - Oral suspension (cats, guinea pigs), Metacam 0.5 mg/ml - Oral suspension (dogs), Metacam 1 mg - Chewable tablet (dogs), Metacam 1.5 mg/ml - Oral suspension (dogs), Metacam 15 mg/ml - Oral suspension (horses), Metacam 15 mg/ml - Oral suspension (pigs), Metacam 2 mg/ml - Solution for injection (cats), Metacam 2.5 mg - Chewable tablet (dogs), Metacam 20 mg/ml - Solution for injection (cattle, pigs, horses), Metacam 40 mg/ml - Solution for injection (cattle, horses), Metacam 5 mg/ml - Solution for injection (cats, dogs), Metacam 5 mg/ml - Solution for injection (cattle, pigs), Metacam 5 mg/ml - Solution for injection (dogs), Streptocillin Vet. 200000 IE +250 mg/ml injektionsvæske, suspension, Streptocillin vet. 250 mg/ml + 200 mg/ml Injektionsvätska, suspension, Streptocillin vet. injeksjonsvæske, suspensjon, Streptocillin vet. stungulyf, dreifa","Death by euthanasia, Diarrhoea, Emesis, Seizure NOS, Septicaemia, Shock",1,1,1
DK-DKMA-V20120089,"<a target=""_blank""  href=""/xmlpserver/EVVET3 PW NEW/Subject Area Contents/Public Website/Report (PDF)/AER.xdo?_xpf=&_xpt=1&_params%2FOracle%20BI%20EE%3A%3ADefaultApp%3A%3AEVVET3%20PR%20NEW%2FAER%3A%3Adimension%2FAER%20Id%3A%3Aattribute%3A%3Anoaggr%3A%3Axsd%3Adouble=317118&_xt=AER&_xf=pdf""> AER </a>",2012-06-30 00:00:00,Veterinarian,Denmark,MALE,Dog,Unknown,"Clavoral 250/62.5 mg tablet for dogs and cats (strength 250 mg amoxicillin + 62.5 mg), Clavoral 50/12.5 mg tablet for dogs and cats (strength 50 mg amoxicillin + 12.5 mg, Clavoral 500/125 mg tablet for dogs  (strength 500 mg amoxicillin + 125 mg, Clavubactin 250/62.5 MG tabletes iekšķīgai lietošanai suņiem, Clavubactin 250/62.5 mg tablet, Clavubactin 50/12.5, Clavubactin 50/12.5 MG tabletes iekšķīgai lietošanai suņiem un kaķiem, Clavubactin 500/125 MG tabletes iekšķīgai lietošanai suņiem, Clavubactin 500/125 mg tablet, Metacam 1.5 mg/ml - Oral suspension (dogs)","Abdominal pain, Appetite loss, Lethargy (see also Central nervous system depression in Neurological), Shaking",1,1,
DK-DKMA-V20120150,"<a target=""_blank""  href=""/xmlpserver/EVVET3 PW NEW/Subject Area Contents/Public Website/Report (PDF)/AER.xdo?_xpf=&_xpt=1&_params%2FOracle%20BI%20EE%3A%3ADefaultApp%3A%3AEVVET3%20PR%20NEW%2FAER%3A%3Adimension%2FAER%20Id%3A%3Aattribute%3A%3Anoaggr%3A%3Axsd%3Adouble=331768&_xt=AER&_xf=pdf""> AER </a>",2012-11-02 00:00:00,Veterinarian,Denmark,FEMALE,Dog,Rottweiler,"Metacam 0.5 mg/ml - Oral suspension (cats, guinea pigs), Metacam 0.5 mg/ml - Oral suspension (dogs), Metacam 1 mg - Chewable tablet (dogs), Metacam 1.5 mg/ml - Oral suspension (dogs), Metacam 15 mg/ml - Oral suspension (horses), Metacam 15 mg/ml - Oral suspension (pigs), Metacam 2 mg/ml - Solution for injection (cats), Metacam 2.5 mg - Chewable tablet (dogs), Metacam 20 mg/ml - Solution for injection (cattle, pigs, horses), Metacam 40 mg/ml - Solution for injection (cattle, horses), Metacam 5 mg/ml - Solution for injection (cats, dogs), Metacam 5 mg/ml - Solution for injection (cattle, pigs), Metacam 5 mg/ml - Solution for injection (dogs), Noromox Prolongatum Vet. 150 mg/ml injektionsvæske, suspension","Anaphylactic shock, Convulsion, Elevated liver enzymes NOS, Pale mucous membrane, Stiffness limb",1,1,
DK-NLINTVINT-2012-DK-00112,"<a target=""_blank""  href=""/xmlpserver/EVVET3 PW NEW/Subject Area Contents/Public Website/Report (PDF)/AER.xdo?_xpf=&_xpt=1&_params%2FOracle%20BI%20EE%3A%3ADefaultApp%3A%3AEVVET3%20PR%20NEW%2FAER%3A%3Adimension%2FAER%20Id%3A%3Aattribute%3A%3Anoaggr%3A%3Axsd%3Adouble=327292&_xt=AER&_xf=pdf""> AER </a>",2012-09-26 00:00:00,Veterinarian,Denmark,FEMALE,Dog,Terrier - West Highland White,"Metacam 1 mg - Chewable tablet (dogs), Nobivac DHPPiL Vet. pulver og solvens til injektionsvæske, suspension, OTOMAX EAR DROPS SUSPENSION, OTOMAX ear drops, OTOMAX ušná suspenzia pre psy, OTOMAX, Ušní kapky, suspenze, OTOMAX, kapi za uho, suspenzija, za pse, Otomax (2640 j.m. + 0,88 mg + 8,8 mg)/ml Zawiesina do uszu, Otomax 2640 NE / 0,88 mg / 8,8 mg / ml szuszpenziós fülcsepp kutyák számára, Otomax gotas auriculares, suspensão, Otomax kapljice za uho, suspenzija",Deafness NOS,1,1,
DK-OPAH-DK20110004,"<a target=""_blank""  href=""/xmlpserver/EVVET3 PW NEW/Subject Area Contents/Public Website/Report (PDF)/AER.xdo?_xpf=&_xpt=1&_params%2FOracle%20BI%20EE%3A%3ADefaultApp%3A%3AEVVET3%20PR%20NEW%2FAER%3A%3Adimension%2FAER%20Id%3A%3Aattribute%3A%3Anoaggr%3A%3Axsd%3Adouble=310479&_xt=AER&_xf=pdf""> AER </a>",2012-05-18 00:00:00,Other health care professional,Denmark,MALE,Cat,European,"CLAMOXYL Palatable Tablets 200 mg, CLAMOXYL Palatable Tablets 40 mg, CLAMOXYL Palatable Tablets 400 mg, DOMITOR 1 mg/ml raztopina za injiciranje za pse in mačke, DOMITOR 1 mg/ml ενέσιμο διάλυμα για σκύλους και γάτες, DOMITOR 1 mg/ml, soluție injectabilă pentru câini și pisici, DOMITOR, 1 mg/mL, otopina za injekciju za pse i mačke, DOMITOR, 1mg/ml, Injekční roztok, DOMITOR, SOLUTION INJECTABLE, Domitor, Domitor 1 mg/1 ml, roztwór do wstrzykiwań dla psów i kotów, Domitor 1 mg/ml - Injektionslösung für Hunde und Katzen, Domitor 1 mg/ml Oplossing voor injectie, Domitor 1 mg/ml Solution injectable, Domitor 1 mg/ml injekčný roztok, Domitor 1 mg/ml oldatos injekció kutyáknak és macskáknak A.U.V., Domitor 1 mg/ml solution for injection, Domitor 1 mg/ml soluzione iniettabile per cani e gatti, Domitor Vet 1 mg/ml injekcinis tirpalas, Domitor Vet 1 mg/ml šķīdums injekcijām, Domitor Vet, 1 mg/ml süstelahus, Domitor Vet. 1 mg/ml injektionsvæske, opløsning, Domitor vet 1 mg/ml injektioneste, liuos, Domitor vet. 1 mg/ml Injektionsvätska, lösning, Domitor vet. 1 mg/ml injeksjonsvæske, oppløsning til hund og katt, Ketamin-10%, Metacam 0.5 mg/ml - Oral suspension (cats, guinea pigs), Metacam 0.5 mg/ml - Oral suspension (dogs), Metacam 1 mg - Chewable tablet (dogs), Metacam 1.5 mg/ml - Oral suspension (dogs), Metacam 15 mg/ml - Oral suspension (horses), Metacam 15 mg/ml - Oral suspension (pigs), Metacam 2 mg/ml - Solution for injection (cats), Metacam 2.5 mg - Chewable tablet (dogs), Metacam 20 mg/ml - Solution for injection (cattle, pigs, horses), Metacam 40 mg/ml - Solution for injection (cattle, horses), Metacam 5 mg/ml - Solution for injection (cats, dogs), Metacam 5 mg/ml - Solution for injection (cattle, pigs), Metacam 5 mg/ml - Solution for injection (dogs), Rimadyl 100 mg tabletes suņiem, Rimadyl 50 mg košļājamās tabletes suņiem, Rimadyl Palatable Tablets da 100 mg per cani, Rimadyl Palatable Tablets da 20 mg per cani, Rimadyl Palatable Tablets da 50 mg per cani, Домитор Вет 1 mg/ml инжекционен разтвор за кучета и котки","Ascites, Death, Gastric ulceration NOS",1,1,1
DK-UKPFIZAH-2012-DK-00001,"<a target=""_blank""  href=""/xmlpserver/EVVET3 PW NEW/Subject Area Contents/Public Website/Report (PDF)/AER.xdo?_xpf=&_xpt=1&_params%2FOracle%20BI%20EE%3A%3ADefaultApp%3A%3AEVVET3%20PR%20NEW%2FAER%3A%3Adimension%2FAER%20Id%3A%3Aattribute%3A%3Anoaggr%3A%3Axsd%3Adouble=293774&_xt=AER&_xf=pdf""> AER </a>",2012-01-27 00:00:00,Veterinarian,Denmark,FEMALE,Horse,Horse (other),"EQUIP FT, EQUIP FT SUSPENSION INJECTABLE POUR CHEVAUX ET PONEYS, EQUIP FT injekčná suspenzia, Equip FT, Equip FT  Suspensie voor injectie, Equip FT Injektionssuspension für Pferde und Ponys, Equip FT Sospensione iniettabile per cavalli, Equip FT Suspension injectable, Equip FT Vet. injeksjonsvæske, suspension, Equip FT Vet. injektionsvæske, suspension, Equip FT suspensão injetável para equinos, Equip FT vet.   Injektionsvätska, suspension, Equip FT vet. injektioneste, suspensio, Equip FT, Injekční suspenze, Metacam 0.5 mg/ml - Oral suspension (cats, guinea pigs), Metacam 0.5 mg/ml - Oral suspension (dogs), Metacam 1 mg - Chewable tablet (dogs), Metacam 1.5 mg/ml - Oral suspension (dogs), Metacam 15 mg/ml - Oral suspension (horses), Metacam 15 mg/ml - Oral suspension (pigs), Metacam 2 mg/ml - Solution for injection (cats), Metacam 2.5 mg - Chewable tablet (dogs), Metacam 20 mg/ml - Solution for injection (cattle, pigs, horses), Metacam 40 mg/ml - Solution for injection (cattle, horses), Metacam 5 mg/ml - Solution for injection (cats, dogs), Metacam 5 mg/ml - Solution for injection (cattle, pigs), Metacam 5 mg/ml - Solution for injection (dogs)","Abortion, Malaise",1,1,
DNK-CEVAPROD-00002,"<a target=""_blank""  href=""/xmlpserver/EVVET3 PW NEW/Subject Area Contents/Public Website/Report (PDF)/AER.xdo?_xpf=&_xpt=1&_params%2FOracle%20BI%20EE%3A%3ADefaultApp%3A%3AEVVET3%20PR%20NEW%2FAER%3A%3Adimension%2FAER%20Id%3A%3Aattribute%3A%3Anoaggr%3A%3Axsd%3Adouble=305118&_xt=AER&_xf=pdf""> AER </a>",2012-04-11 00:00:00,Veterinarian,Denmark,FEMALE,Dog,Shepherd Dog - German,"ANTIROBE 150 MG GELULES POUR CHIENS, ANTIROBE 150MG/CAP ΚΑΨΑΚΙΟ, ΣΚΛΗΡΟ, ANTIROBE 25 MG GELULES POUR CHIENS, ANTIROBE 300 MG GELULES POUR CHIENS, ANTIROBE 300MG/CAP ΚΑΨΑΚΙΟ, ΣΚΛΗΡΟ, ANTIROBE 75 MG GELULES POUR CHIENS, ANTIROBE 75MG/CAP ΚΑΨΑΚΙΟ, ΣΚΛΗΡΟ, ANTIROBE Capsule da 150 mg per cani, ANTIROBE Capsule da 25 mg per cani e gatti, ANTIROBE Capsule da 300 mg per cani, ANTIROBE Capsule da 75 mg per cani e gatti, ANTIROBE GOUTTES SOLUTION BUVABLE POUR CHIEN ET CHAT, Antirobe 150 mg - Kapseln  für Hunde, Antirobe 150 mg Capsule, hard, Antirobe 150 mg capsules pour chiens, Antirobe 25 mg - Kapseln  für Hunde, Antirobe 25 mg Capsule, hard, Antirobe 25 mg capsules voor honden en katten, Antirobe 25 mg, capsules pour chiens et chats, Antirobe 300 mg - Kapseln für Hunde, Antirobe 300 mg Capsule, hard, Antirobe 300 mg, Capsules pour chiens, Antirobe 75 mg - Kapseln  für Hunde, Antirobe 75 mg Capsule, hard, Antirobe 75 mg, capsules pour chiens, Antirobe Vet. 150 mg kapsler, hårde, Antirobe Vet. 25 mg kapsler, hårde, Antirobe Vet. 300 mg kapsler, hårde, Antirobe Vet. 75 mg kapsler, hårde, Antirobe vet. 150 mg Kapsel, hård, Antirobe vet. 150 mg kapsel, hard til hund, Antirobe vet. 150 mg kapseli, kova koiralle, Antirobe vet. 25 mg Kapsel, hård, Antirobe vet. 25 mg kapseli, kova koiralle ja kissalle, Antirobe vet. 25 mg, kapsel, hard til hund og katt, Antirobe vet. 300 mg Kapsel, hård, Antirobe vet. 300 mg kapseli, kova koiralle, Antirobe vet. 75 mg Kapsel, hård, Antirobe vet. 75 mg kapseli, kova koiralle ja kissalle, Antirobe vet. 75 mg, kapsel, hard til hund og katt, Meloxidyl 1.5 mg/ml  - Oral suspension, Metacam 0.5 mg/ml - Oral suspension (cats, guinea pigs), Metacam 0.5 mg/ml - Oral suspension (dogs), Metacam 1 mg - Chewable tablet (dogs), Metacam 1.5 mg/ml - Oral suspension (dogs), Metacam 15 mg/ml - Oral suspension (horses), Metacam 15 mg/ml - Oral suspension (pigs), Metacam 2 mg/ml - Solution for injection (cats), Metacam 2.5 mg - Chewable tablet (dogs), Metacam 20 mg/ml - Solution for injection (cattle, pigs, horses), Metacam 40 mg/ml - Solution for injection (cattle, horses), Metacam 5 mg/ml - Solution for injection (cats, dogs), Metacam 5 mg/ml - Solution for injection (cattle, pigs), Metacam 5 mg/ml - Solution for injection (dogs), Streptocillin Vet. 200000 IE +250 mg/ml injektionsvæske, suspension, Streptocillin vet. 250 mg/ml + 200 mg/ml Injektionsvätska, suspension, Streptocillin vet. injeksjonsvæske, suspensjon, Streptocillin vet. stungulyf, dreifa","Death by euthanasia, Diarrhoea, Emesis, Septicaemia, Shock",1,1,1
ES-AGEMEDV-ADR-0529-2007,"<a target=""_blank""  href=""/xmlpserver/EVVET3 PW NEW/Subject Area Contents/Public Website/Report (PDF)/AER.xdo?_xpf=&_xpt=1&_params%2FOracle%20BI%20EE%3A%3ADefaultApp%3A%3AEVVET3%20PR%20NEW%2FAER%3A%3Adimension%2FAER%20Id%3A%3Aattribute%3A%3Anoaggr%3A%3Axsd%3Adouble=332504&_xt=AER&_xf=pdf""> AER </a>",2012-10-31 00:00:00,Veterinarian,Spain,MALE,Dog,Shepherd Dog - German,"Metacam 1.5 mg/ml - Oral suspension (dogs), Metacam 5 mg/ml - Solution for injection (cats, dogs), Metacam 5 mg/ml - Solution for injection (cattle, pigs), Metacam 5 mg/ml - Solution for injection (dogs)",Sudden death,1,1,1
ES-AGEMEDV-ADR-0558-2008,"<a target=""_blank""  href=""/xmlpserver/EVVET3 PW NEW/Subject Area Contents/Public Website/Report (PDF)/AER.xdo?_xpf=&_xpt=1&_params%2FOracle%20BI%20EE%3A%3ADefaultApp%3A%3AEVVET3%20PR%20NEW%2FAER%3A%3Adimension%2FAER%20Id%3A%3Aattribute%3A%3Anoaggr%3A%3Axsd%3Adouble=332746&_xt=AER&_xf=pdf""> AER </a>",2012-10-31 00:00:00,Veterinarian,Spain,MALE,Cat,Unknown,Metacam 1.5 mg/ml - Oral suspension (dogs),"Anaemia NOS, Ataxia, Incoordination, Neurological signs NOS",1,1,
ES-AGEMEDV-ADR-0678-2008,"<a target=""_blank""  href=""/xmlpserver/EVVET3 PW NEW/Subject Area Contents/Public Website/Report (PDF)/AER.xdo?_xpf=&_xpt=1&_params%2FOracle%20BI%20EE%3A%3ADefaultApp%3A%3AEVVET3%20PR%20NEW%2FAER%3A%3Adimension%2FAER%20Id%3A%3Aattribute%3A%3Anoaggr%3A%3Axsd%3Adouble=332855&_xt=AER&_xf=pdf""> AER </a>",2012-10-31 00:00:00,Veterinarian,Spain,FEMALE,Horse,Breton,"Metacam 20 mg/ml - Solution for injection (cattle, pigs, horses)","Circulatory shock, Death",1,1,1
ES-AGEMEDV-ADR-0873-2009,"<a target=""_blank""  href=""/xmlpserver/EVVET3 PW NEW/Subject Area Contents/Public Website/Report (PDF)/AER.xdo?_xpf=&_xpt=1&_params%2FOracle%20BI%20EE%3A%3ADefaultApp%3A%3AEVVET3%20PR%20NEW%2FAER%3A%3Adimension%2FAER%20Id%3A%3Aattribute%3A%3Anoaggr%3A%3Axsd%3Adouble=334122&_xt=AER&_xf=pdf""> AER </a>",2012-11-05 00:00:00,Veterinarian,Spain,FEMALE,Cat,European,"Metacam 0.5 mg/ml - Oral suspension (cats, guinea pigs), Metacam 0.5 mg/ml - Oral suspension (dogs)","Anorexia, Melaena, Vomiting, Weakness",1,1,
ES-AGEMEDV-ADR-0900-2005,"<a target=""_blank""  href=""/xmlpserver/EVVET3 PW NEW/Subject Area Contents/Public Website/Report (PDF)/AER.xdo?_xpf=&_xpt=1&_params%2FOracle%20BI%20EE%3A%3ADefaultApp%3A%3AEVVET3%20PR%20NEW%2FAER%3A%3Adimension%2FAER%20Id%3A%3Aattribute%3A%3Anoaggr%3A%3Axsd%3Adouble=331996&_xt=AER&_xf=pdf""> AER </a>",2012-10-31 00:00:00,Veterinarian,Spain,MALE,Cat,Unknown,Metacam 1.5 mg/ml - Oral suspension (dogs),"Sudden death, Vomiting",1,1,1
ES-AGEMEDV-ADR-0906-2005,"<a target=""_blank""  href=""/xmlpserver/EVVET3 PW NEW/Subject Area Contents/Public Website/Report (PDF)/AER.xdo?_xpf=&_xpt=1&_params%2FOracle%20BI%20EE%3A%3ADefaultApp%3A%3AEVVET3%20PR%20NEW%2FAER%3A%3Adimension%2FAER%20Id%3A%3Aattribute%3A%3Anoaggr%3A%3Axsd%3Adouble=332006&_xt=AER&_xf=pdf""> AER </a>",2012-10-31 00:00:00,Veterinarian,Spain,FEMALE,Dog,Schnauzer (unspecified),"Metacam 1.5 mg/ml - Oral suspension (dogs), Metacam 5 mg/ml - Solution for injection (cats, dogs), Metacam 5 mg/ml - Solution for injection (cattle, pigs), Metacam 5 mg/ml - Solution for injection (dogs)",Blood in vomit,1,1,1
ES-AGEMEDV-ADR-1025-2008,"<a target=""_blank""  href=""/xmlpserver/EVVET3 PW NEW/Subject Area Contents/Public Website/Report (PDF)/AER.xdo?_xpf=&_xpt=1&_params%2FOracle%20BI%20EE%3A%3ADefaultApp%3A%3AEVVET3%20PR%20NEW%2FAER%3A%3Adimension%2FAER%20Id%3A%3Aattribute%3A%3Anoaggr%3A%3Axsd%3Adouble=332902&_xt=AER&_xf=pdf""> AER </a>",2012-10-31 00:00:00,Veterinarian,Spain,MALE,Cat,Siamese,Metacam 1.5 mg/ml - Oral suspension (dogs),"Acute renal failure, Nystagmus",1,1,
ES-AGEMEDV-ADR-1097-2009,"<a target=""_blank""  href=""/xmlpserver/EVVET3 PW NEW/Subject Area Contents/Public Website/Report (PDF)/AER.xdo?_xpf=&_xpt=1&_params%2FOracle%20BI%20EE%3A%3ADefaultApp%3A%3AEVVET3%20PR%20NEW%2FAER%3A%3Adimension%2FAER%20Id%3A%3Aattribute%3A%3Anoaggr%3A%3Axsd%3Adouble=333997&_xt=AER&_xf=pdf""> AER </a>",2012-11-05 00:00:00,Veterinarian,Spain,FEMALE,Dog,Terrier - Yorkshire,Metacam 1.5 mg/ml - Oral suspension (dogs),"Death, Haemorrhagic diarrhoea",1,1,1
ES-AGEMEDV-ADR-1599-2007,"<a target=""_blank""  href=""/xmlpserver/EVVET3 PW NEW/Subject Area Contents/Public Website/Report (PDF)/AER.xdo?_xpf=&_xpt=1&_params%2FOracle%20BI%20EE%3A%3ADefaultApp%3A%3AEVVET3%20PR%20NEW%2FAER%3A%3Adimension%2FAER%20Id%3A%3Aattribute%3A%3Anoaggr%3A%3Axsd%3Adouble=332625&_xt=AER&_xf=pdf""> AER </a>",2012-10-31 00:00:00,Veterinarian,Spain,MALE,Dog,Rottweiler,"Metacam 1.5 mg/ml - Oral suspension (dogs), Previcox 227 mg - Chewable tablet","Death, Prostration, Vomiting",1,1,1
ES-AGEMEDV-ADR-1919-2008,"<a target=""_blank""  href=""/xmlpserver/EVVET3 PW NEW/Subject Area Contents/Public Website/Report (PDF)/AER.xdo?_xpf=&_xpt=1&_params%2FOracle%20BI%20EE%3A%3ADefaultApp%3A%3AEVVET3%20PR%20NEW%2FAER%3A%3Adimension%2FAER%20Id%3A%3Aattribute%3A%3Anoaggr%3A%3Axsd%3Adouble=333145&_xt=AER&_xf=pdf""> AER </a>",2012-10-31 00:00:00,Animal owner,Spain,UNKNOWN,Rabbit,Unknown,Meloxidyl 1.5 mg/ml  - Oral suspension,"Abnormal posture NOS, Ataxia",1,1,
ES-AGEMEDV-ADR-2503-2006,"<a target=""_blank""  href=""/xmlpserver/EVVET3 PW NEW/Subject Area Contents/Public Website/Report (PDF)/AER.xdo?_xpf=&_xpt=1&_params%2FOracle%20BI%20EE%3A%3ADefaultApp%3A%3AEVVET3%20PR%20NEW%2FAER%3A%3Adimension%2FAER%20Id%3A%3Aattribute%3A%3Anoaggr%3A%3Axsd%3Adouble=332157&_xt=AER&_xf=pdf""> AER </a>",2012-10-31 00:00:00,Veterinarian,Spain,FEMALE,Dog,Unknown,"Metacam 5 mg/ml - Solution for injection (cats, dogs), Metacam 5 mg/ml - Solution for injection (cattle, pigs), Metacam 5 mg/ml - Solution for injection (dogs)",Gastric ulcer,1,1,1
ES-AGEMEDV-ADR-2695-2006,"<a target=""_blank""  href=""/xmlpserver/EVVET3 PW NEW/Subject Area Contents/Public Website/Report (PDF)/AER.xdo?_xpf=&_xpt=1&_params%2FOracle%20BI%20EE%3A%3ADefaultApp%3A%3AEVVET3%20PR%20NEW%2FAER%3A%3Adimension%2FAER%20Id%3A%3Aattribute%3A%3Anoaggr%3A%3Axsd%3Adouble=332195&_xt=AER&_xf=pdf""> AER </a>",2012-10-31 00:00:00,Veterinarian,Spain,FEMALE,Cat,Unknown,Metacam 1.5 mg/ml - Oral suspension (dogs),"Found dead, Vomiting",1,1,1
ES-AGEMEDV-ADR-3212-2006,"<a target=""_blank""  href=""/xmlpserver/EVVET3 PW NEW/Subject Area Contents/Public Website/Report (PDF)/AER.xdo?_xpf=&_xpt=1&_params%2FOracle%20BI%20EE%3A%3ADefaultApp%3A%3AEVVET3%20PR%20NEW%2FAER%3A%3Adimension%2FAER%20Id%3A%3Aattribute%3A%3Anoaggr%3A%3Axsd%3Adouble=332135&_xt=AER&_xf=pdf""> AER </a>",2012-10-31 00:00:00,Veterinarian,Spain,FEMALE,Cattle,Holstein-Friesian - French Black Pied,"Metacam 20 mg/ml - Solution for injection (cattle, pigs, horses)",Cardiac arrest,1,1,1
ES-AGEMEDV-S-01-ADR-1985-2008,"<a target=""_blank""  href=""/xmlpserver/EVVET3 PW NEW/Subject Area Contents/Public Website/Report (PDF)/AER.xdo?_xpf=&_xpt=1&_params%2FOracle%20BI%20EE%3A%3ADefaultApp%3A%3AEVVET3%20PR%20NEW%2FAER%3A%3Adimension%2FAER%20Id%3A%3Aattribute%3A%3Anoaggr%3A%3Axsd%3Adouble=333143&_xt=AER&_xf=pdf""> AER </a>",2012-10-31 00:00:00,Veterinarian,Spain,MALE,Dog,Crossbred Canine/dog,Metacam 1.5 mg/ml - Oral suspension (dogs),"Dilated renal pelvis, Polydipsia, Polyuria",1,1,
ES-CP-2011-0008,"<a target=""_blank""  href=""/xmlpserver/EVVET3 PW NEW/Subject Area Contents/Public Website/Report (PDF)/AER.xdo?_xpf=&_xpt=1&_params%2FOracle%20BI%20EE%3A%3ADefaultApp%3A%3AEVVET3%20PR%20NEW%2FAER%3A%3Adimension%2FAER%20Id%3A%3Aattribute%3A%3Anoaggr%3A%3Axsd%3Adouble=331718&_xt=AER&_xf=pdf""> AER </a>",2012-11-02 00:00:00,Veterinarian,Spain,FEMALE,Cat,Unknown,"Cepetor 1 mg/ml Solution for Injection for Dog and Cat, Metacam 0.5 mg/ml - Oral suspension (cats, guinea pigs), Metacam 0.5 mg/ml - Oral suspension (dogs), Revertor 5 mg/ml Solution for Injection for Dogs and Cats, SYNULOX (200+50)MG/TAB ΔΙΣΚΙΟ, SYNULOX (40+10)MG/TAB ΔΙΣΚΙΟ, SYNULOX 140 mg/ml + 35 mg/ml suspensión inyectable, SYNULOX 200 mg/50 mg tablety pre psy a mačky, SYNULOX 200/50 mg COMPRIMIDOS APETITOSOS PARA PERROS, SYNULOX 250 COMPRIMES POUR CHIENS, SYNULOX 250 mg, SYNULOX 250 mg kramtomosios tabletės šunims ir katėms, SYNULOX 250 mg tablete za pse in mačke, SYNULOX 250mg, δισκία για σκύλους και γάτες, SYNULOX 40 mg/10 mg tablety pre psy a mačky, SYNULOX 40 mg/ml + 10 mg/ml POLVO PARA GOTAS ORALES EN SUSPENSION, SYNULOX 40/10 MG COMPRIMIDOS APETITOSOS PARA PERROS Y GATOS, SYNULOX 400 mg/100 mg tablety pre psy, SYNULOX 400/100 mg COMPRIMIDOS APETITOSOS PARA PERROS, SYNULOX 50 COMPRIMES POUR CHIENS ET CHATS, SYNULOX 50 mg, SYNULOX 50 mg kramtomosios tabletės šunims ir katėms, SYNULOX 50 mg tablete za pse in mačke, SYNULOX 500 COMPRIMES POUR CHIENS, SYNULOX 500 mg kramtomosios tabletės šunims, SYNULOX 500 mg tablete za pse, SYNULOX 500 mg, kramtomosios tabletės šunims, SYNULOX 500MG/TAB ΔΙΣΚΙΟ, SYNULOX 50mg, δισκία για σκύλους και γάτες, SYNULOX OGIVETTES POUR VEAUX, SYNULOX SUSPENSION INJECTABLE POUR BOVINS, SYNULOX VET 140 mg/ml injektioneste, suspensio koiralle, kissalle ja sialle, SYNULOX suspensão injetável para suínos, bovinos, cães e gatos, SYNULOX vet 200 mg/50 mg tabletti, koiralle ja kissalle, SYNULOX vet 40 mg/10 mg tabletti, koiralle ja kissalle, SYNULOX vet 400 mg/100 mg tabletti, koiralle, SYNULOX, 400/100mg, Tableta, Synulox 250 mg Comprimés Appétents, Synulox 250 mg Smakelijke tabletten, Synulox 250 mg tabletes suņiem un kaķiem, Synulox 250 mg, tabletid koertele ja kassidele, Synulox 250 mg, таблетки за кучета и котки, Synulox 250mg (200 mg/50 mg)  Tabletten für Hunde, Synulox 50 mg Comprimés Appétents, Synulox 50 mg Smakelijke Tabletten, Synulox 50 mg tabletes suņiem un kaķiem, Synulox 50 mg, tabletid koertele ja kassidele, Synulox 50 mg, таблетки за кучета и котки, Synulox 500 mg Bolus 400 mg - 100 mg Omhulde tablet, Synulox 500 mg Comprimés Appétents, Synulox 500 mg Smakelijke Tabletten, Synulox 500 mg tabletes suņiem, Synulox 500 mg, tabletid koertele, Synulox 500mg (400 mg/100 mg) Tabletten für Hunde, Synulox 50mg (40 mg/10 mg) Tabletten für Hunde und Katzen, Synulox Bolus 500 mg, 400 mg + 100 mg comprimés enrobés pour veaux, Synulox Lactating Cow Intramammary suspension., Synulox Tabletki 250 mg, Synulox Tabletki 250 mg (200+50) mg/tablete; tabletes suņiem, Synulox Tabletki 50 mg, Synulox Tabletki 50 mg (40+10) mg/ tablete; tabletes suņiem un kaķiem, Synulox Tabletki 500 mg, Synulox Vet. til hund og kat 200 + 50 mg tabletter, Synulox Vet. til hund og kat 40 + 10 mg tabletter, Synulox Vet. til hund tabletter 400 + 100 mg, Synulox Vet. til kalve 400 + 100 mg tabletter, Synulox comprimidos palatáveis 250 mg para cães e gatos, Synulox comprimidos palatáveis 50 mg para cães e gatos, Synulox comprimidos palatáveis 500 mg para cães, Synulox vet 40 mg/ml jauhe oraalisuspensiota varten koiralle ja kissalle, Synulox vet. 200 mg tabletter for hund og katt, Synulox vet. 200 mg/50 mg Tablett, Synulox vet. 40 mg tabletter for hund og katt, Synulox vet. 40 mg/10 mg Tablett, Synulox vet. 400 mg tabletter for hund, Synulox vet. 400 mg/100 mg Tablett, Synulox, 200/50mg, Tableta, Synulox, 40/10mg, Tableta, Synulox-Kalb 400 mg/100 mg Filmtabletten für Rinder (Kälber)","Coma, Incoordination, Neurological signs NOS, Recovery prolonged",1,1,
ES-DEBIAHP-2012ES00001,"<a target=""_blank""  href=""/xmlpserver/EVVET3 PW NEW/Subject Area Contents/Public Website/Report (PDF)/AER.xdo?_xpf=&_xpt=1&_params%2FOracle%20BI%20EE%3A%3ADefaultApp%3A%3AEVVET3%20PR%20NEW%2FAER%3A%3Adimension%2FAER%20Id%3A%3Aattribute%3A%3Anoaggr%3A%3Axsd%3Adouble=299342&_xt=AER&_xf=pdf""> AER </a>",2012-03-05 00:00:00,Veterinarian,Spain,FEMALE,Dog,Terrier - Yorkshire,"Metacam 0.5 mg/ml - Oral suspension (cats, guinea pigs), Metacam 0.5 mg/ml - Oral suspension (dogs), Metacam 5 mg/ml - Solution for injection (cats, dogs), Metacam 5 mg/ml - Solution for injection (cattle, pigs), Metacam 5 mg/ml - Solution for injection (dogs)","Bloody diarrhoea, Haematemesis",2,2,
FI-FIMEA-20120139,"<a target=""_blank""  href=""/xmlpserver/EVVET3 PW NEW/Subject Area Contents/Public Website/Report (PDF)/AER.xdo?_xpf=&_xpt=1&_params%2FOracle%20BI%20EE%3A%3ADefaultApp%3A%3AEVVET3%20PR%20NEW%2FAER%3A%3Adimension%2FAER%20Id%3A%3Aattribute%3A%3Anoaggr%3A%3Axsd%3Adouble=319321&_xt=AER&_xf=pdf""> AER </a>",2012-07-19 00:00:00,Veterinarian,Finland,FEMALE,Cat,European,"Dolorex 10 mg/ml Solution for Injection for horse, dog and cat, Dorbene vet 1 mg/ml solution for injection for dogs and cats, Ketaminol 100 mg/ml - Injektionslösung für Tiere, Ketaminol Vet. 100 mg/ml injektionsvæske, opløsning, Ketaminol Vet. 50 mg/ml injektionsvæske, opløsning, Ketaminol vet 50 mg/ml injektioneste, liuos, Ketaminol vet. 100 mg/ml Injektionsvätska, lösning, Ketaminol vet. 50 mg/ml Injektionsvätska, lösning, Metacam 5 mg/ml - Solution for injection (cats, dogs), Metacam 5 mg/ml - Solution for injection (cattle, pigs), Metacam 5 mg/ml - Solution for injection (dogs), Synulox Ready To Use Injection, Synulox Ready to Use Injection, Vetofol 10 mg/ml Emulsion for Injection for Cats and Dogs, Vetofol 10 mg/ml emúlziós injekció A.U.V., Vetofol 10mg/ml Emulsion for Injection for cats and dogs","Cough, Dyspnoea, Lung oedema, Nasal discharge, Rale",1,1,
FI-UKPFIZAH-2009-FI-00045,"<a target=""_blank""  href=""/xmlpserver/EVVET3 PW NEW/Subject Area Contents/Public Website/Report (PDF)/AER.xdo?_xpf=&_xpt=1&_params%2FOracle%20BI%20EE%3A%3ADefaultApp%3A%3AEVVET3%20PR%20NEW%2FAER%3A%3Adimension%2FAER%20Id%3A%3Aattribute%3A%3Anoaggr%3A%3Axsd%3Adouble=299057&_xt=AER&_xf=pdf""> AER </a>",2012-02-29 00:00:00,Veterinarian,Finland,MALE,Cat,Cat (other),"Convenia 80 mg/ml  - Powder and solvent for solution for injection, Metacam 0.5 mg/ml - Oral suspension (cats, guinea pigs), Metacam 0.5 mg/ml - Oral suspension (dogs), Metacam 1 mg - Chewable tablet (dogs), Metacam 1.5 mg/ml - Oral suspension (dogs), Metacam 15 mg/ml - Oral suspension (horses), Metacam 15 mg/ml - Oral suspension (pigs), Metacam 2 mg/ml - Solution for injection (cats), Metacam 2.5 mg - Chewable tablet (dogs), Metacam 20 mg/ml - Solution for injection (cattle, pigs, horses), Metacam 40 mg/ml - Solution for injection (cattle, horses), Metacam 5 mg/ml - Solution for injection (cats, dogs), Metacam 5 mg/ml - Solution for injection (cattle, pigs), Metacam 5 mg/ml - Solution for injection (dogs)","Ataxia, Collapse (see also Cardio-vascular and Systemic disorders), Death by euthanasia, Drooling",1,1,1
FI-UKPFIZAH-2009-FI-00055,"<a target=""_blank""  href=""/xmlpserver/EVVET3 PW NEW/Subject Area Contents/Public Website/Report (PDF)/AER.xdo?_xpf=&_xpt=1&_params%2FOracle%20BI%20EE%3A%3ADefaultApp%3A%3AEVVET3%20PR%20NEW%2FAER%3A%3Adimension%2FAER%20Id%3A%3Aattribute%3A%3Anoaggr%3A%3Axsd%3Adouble=299058&_xt=AER&_xf=pdf""> AER </a>",2012-02-29 00:00:00,Other health care professional,Finland,MALE,Dog,Sheepdog - Shetland,"Convenia 80 mg/ml  - Powder and solvent for solution for injection, Domitor vet 1 mg/ml injektioneste, liuos, Metacam 0.5 mg/ml - Oral suspension (cats, guinea pigs), Metacam 0.5 mg/ml - Oral suspension (dogs), Metacam 1 mg - Chewable tablet (dogs), Metacam 1.5 mg/ml - Oral suspension (dogs), Metacam 15 mg/ml - Oral suspension (horses), Metacam 15 mg/ml - Oral suspension (pigs), Metacam 2 mg/ml - Solution for injection (cats), Metacam 2.5 mg - Chewable tablet (dogs), Metacam 20 mg/ml - Solution for injection (cattle, pigs, horses), Metacam 40 mg/ml - Solution for injection (cattle, horses), Metacam 5 mg/ml - Solution for injection (cats, dogs), Metacam 5 mg/ml - Solution for injection (cattle, pigs), Metacam 5 mg/ml - Solution for injection (dogs), Torbugesic 10 mg/ml Solution for Injection, Torbugesic Vet 10 mg/ml solution injectable pour chevaux, chiens et chats, Torbugesic Vet. 10 mg/ml injektionsvæske, opløsning, Torbuphanol Vet 10 mg/ml solution for injection for injection for horses, dogs and cats","Death, Emesis, Weakness",1,1,1
FR-ANMV-11 CPVL 02143,"<a target=""_blank""  href=""/xmlpserver/EVVET3 PW NEW/Subject Area Contents/Public Website/Report (PDF)/AER.xdo?_xpf=&_xpt=1&_params%2FOracle%20BI%20EE%3A%3ADefaultApp%3A%3AEVVET3%20PR%20NEW%2FAER%3A%3Adimension%2FAER%20Id%3A%3Aattribute%3A%3Anoaggr%3A%3Axsd%3Adouble=297095&_xt=AER&_xf=pdf""> AER </a>",2012-02-16 00:00:00,Veterinarian,France,MALE,Dog,Retriever - Labrador,"Metacam 1.5 mg/ml - Oral suspension (dogs), Metacam 5 mg/ml - Solution for injection (cats, dogs), Metacam 5 mg/ml - Solution for injection (cattle, pigs), Metacam 5 mg/ml - Solution for injection (dogs)","Muscle tremor, Weakness",1,1,
FR-ANMV-11 CPVL 02246,"<a target=""_blank""  href=""/xmlpserver/EVVET3 PW NEW/Subject Area Contents/Public Website/Report (PDF)/AER.xdo?_xpf=&_xpt=1&_params%2FOracle%20BI%20EE%3A%3ADefaultApp%3A%3AEVVET3%20PR%20NEW%2FAER%3A%3Adimension%2FAER%20Id%3A%3Aattribute%3A%3Anoaggr%3A%3Axsd%3Adouble=297029&_xt=AER&_xf=pdf""> AER </a>",2012-02-17 00:00:00,Veterinarian,France,FEMALE,Dog,Shepherd Dog - German,"Cosacthen 0,25 mg/ml oplossing voor injectie voor honden, Dexdomitor 0.5 mg/ml - Solution for injection, KETAMINE 1000 VIRBAC FRANCE SOLUTION INJECTABLE, Metacam 5 mg/ml - Solution for injection (cats, dogs), Metacam 5 mg/ml - Solution for injection (cattle, pigs), Metacam 5 mg/ml - Solution for injection (dogs), RILEXINE POUDRE INJECTABLE 1 G, Vetflurane 1000 mg/g Inhalation vapour, liquid","Eyelid oedema, Facial oedema, Pruritus",1,1,
FR-ANMV-11 CPVL 02283,"<a target=""_blank""  href=""/xmlpserver/EVVET3 PW NEW/Subject Area Contents/Public Website/Report (PDF)/AER.xdo?_xpf=&_xpt=1&_params%2FOracle%20BI%20EE%3A%3ADefaultApp%3A%3AEVVET3%20PR%20NEW%2FAER%3A%3Adimension%2FAER%20Id%3A%3Aattribute%3A%3Anoaggr%3A%3Axsd%3Adouble=295690&_xt=AER&_xf=pdf""> AER </a>",2012-02-09 00:00:00,Unknown,France,UNKNOWN,Guinea pig,Unknown,Metacam 1.5 mg/ml - Oral suspension (dogs),"Abdominal pain, Breathing difficulty",1,1,
FR-ANMV-11 CPVL 02306,"<a target=""_blank""  href=""/xmlpserver/EVVET3 PW NEW/Subject Area Contents/Public Website/Report (PDF)/AER.xdo?_xpf=&_xpt=1&_params%2FOracle%20BI%20EE%3A%3ADefaultApp%3A%3AEVVET3%20PR%20NEW%2FAER%3A%3Adimension%2FAER%20Id%3A%3Aattribute%3A%3Anoaggr%3A%3Axsd%3Adouble=295601&_xt=AER&_xf=pdf""> AER </a>",2012-02-09 00:00:00,Veterinarian,France,MALE,Cat,Unknown,"Metacam 0.5 mg/ml - Oral suspension (cats, guinea pigs), Metacam 0.5 mg/ml - Oral suspension (dogs), SPASMOGLUCINOL COMPRIMES","Constipation, Faecal impaction",1,1,
FR-ANMV-11 CPVL 02390,"<a target=""_blank""  href=""/xmlpserver/EVVET3 PW NEW/Subject Area Contents/Public Website/Report (PDF)/AER.xdo?_xpf=&_xpt=1&_params%2FOracle%20BI%20EE%3A%3ADefaultApp%3A%3AEVVET3%20PR%20NEW%2FAER%3A%3Adimension%2FAER%20Id%3A%3Aattribute%3A%3Anoaggr%3A%3Axsd%3Adouble=296366&_xt=AER&_xf=pdf""> AER </a>",2012-02-14 00:00:00,Veterinarian,France,MALE,Dog,Shepherd Dog - Belgian Malinois,Metacam 1 mg - Chewable tablet (dogs),"Ataxia, Drunken gait, Urinary incontinence",1,1,
FR-ANMV-11 CPVL 02441,"<a target=""_blank""  href=""/xmlpserver/EVVET3 PW NEW/Subject Area Contents/Public Website/Report (PDF)/AER.xdo?_xpf=&_xpt=1&_params%2FOracle%20BI%20EE%3A%3ADefaultApp%3A%3AEVVET3%20PR%20NEW%2FAER%3A%3Adimension%2FAER%20Id%3A%3Aattribute%3A%3Anoaggr%3A%3Axsd%3Adouble=299582&_xt=AER&_xf=pdf""> AER </a>",2012-03-06 00:00:00,Veterinarian,France,FEMALE,Dog,Maltese,"Meloxidyl 5 mg/ml  - Solution for injection, Meloxoral 1.5 mg/ml  - Oral suspension","Anaemia NOS, Elevated liver enzymes NOS, Hyperthermia, Leukocytosis NOS, Pyoderma, Weight loss",1,1,
FR-ANMV-11 CPVL 02476,"<a target=""_blank""  href=""/xmlpserver/EVVET3 PW NEW/Subject Area Contents/Public Website/Report (PDF)/AER.xdo?_xpf=&_xpt=1&_params%2FOracle%20BI%20EE%3A%3ADefaultApp%3A%3AEVVET3%20PR%20NEW%2FAER%3A%3Adimension%2FAER%20Id%3A%3Aattribute%3A%3Anoaggr%3A%3Axsd%3Adouble=300690&_xt=AER&_xf=pdf""> AER </a>",2012-03-13 00:00:00,Veterinarian,France,FEMALE,Dog,Shepherd Dog - German,Metacam 1.5 mg/ml - Oral suspension (dogs),"Anuria, Appetite disorder NOS",1,1,
FR-ANMV-11 CPVL 02588,"<a target=""_blank""  href=""/xmlpserver/EVVET3 PW NEW/Subject Area Contents/Public Website/Report (PDF)/AER.xdo?_xpf=&_xpt=1&_params%2FOracle%20BI%20EE%3A%3ADefaultApp%3A%3AEVVET3%20PR%20NEW%2FAER%3A%3Adimension%2FAER%20Id%3A%3Aattribute%3A%3Anoaggr%3A%3Axsd%3Adouble=301731&_xt=AER&_xf=pdf""> AER </a>",2012-03-19 00:00:00,Veterinarian,France,MALE,Cat,European,"CLAMOXYL L.A. Инжекционен, CLAMOXYL L.A., Injekční suspenze, CLAMOXYL LA, CLAMOXYL LA Sospensione iniettabile, 150 mg/ml , per cani e gatti, CLAMOXYL LA ΕΝΕΣΙΜΟ ΕΝΑΙΩΡΗΜΑ, Clamoxyl L.A. 150 mg/ml Zawiesina do wstrzykiwań, Clamoxyl LA, Clamoxyl LA 150 mg/ ml suspensão injetável para bovinos, ovinos, caprinos, suínos, cães e gatos, Clamoxyl LA 150 mg/ml injekčná suspenzia, Dorbene vet 1 mg/ml solution for injection for dogs and cats, KETAMINE 1000 VIRBAC FRANCE SOLUTION INJECTABLE, Metacam 5 mg/ml - Solution for injection (cats, dogs), Metacam 5 mg/ml - Solution for injection (cattle, pigs), Metacam 5 mg/ml - Solution for injection (dogs)","Agitation, Miosis, Muscle tremor, Vomiting",1,1,
FR-ANMV-11 CPVL 02633,"<a target=""_blank""  href=""/xmlpserver/EVVET3 PW NEW/Subject Area Contents/Public Website/Report (PDF)/AER.xdo?_xpf=&_xpt=1&_params%2FOracle%20BI%20EE%3A%3ADefaultApp%3A%3AEVVET3%20PR%20NEW%2FAER%3A%3Adimension%2FAER%20Id%3A%3Aattribute%3A%3Anoaggr%3A%3Axsd%3Adouble=301754&_xt=AER&_xf=pdf""> AER </a>",2012-03-19 00:00:00,Veterinarian,France,FEMALE,Cat,European,"Convenia 80 mg/ml  - Powder and solvent for solution for injection, ESTOCELAN INJECTABLE, Metacam 5 mg/ml - Solution for injection (cats, dogs), Metacam 5 mg/ml - Solution for injection (cattle, pigs), Metacam 5 mg/ml - Solution for injection (dogs)",Hypersalivation,1,1,
FR-ANMV-12 ANMV 00037,"<a target=""_blank""  href=""/xmlpserver/EVVET3 PW NEW/Subject Area Contents/Public Website/Report (PDF)/AER.xdo?_xpf=&_xpt=1&_params%2FOracle%20BI%20EE%3A%3ADefaultApp%3A%3AEVVET3%20PR%20NEW%2FAER%3A%3Adimension%2FAER%20Id%3A%3Aattribute%3A%3Anoaggr%3A%3Axsd%3Adouble=293389&_xt=AER&_xf=pdf""> AER </a>",2012-01-24 00:00:00,Veterinarian,France,MALE,Cattle,Charolais,"Metacam 20 mg/ml - Solution for injection (cattle, pigs, horses)","Agitation, Anaphylaxis, Death, Haemorrhage NOS, Oedema NOS (see other SOCs for specific oedemas), Recumbency",1,1,1
FR-ANMV-12 ANMV 00153,"<a target=""_blank""  href=""/xmlpserver/EVVET3 PW NEW/Subject Area Contents/Public Website/Report (PDF)/AER.xdo?_xpf=&_xpt=1&_params%2FOracle%20BI%20EE%3A%3ADefaultApp%3A%3AEVVET3%20PR%20NEW%2FAER%3A%3Adimension%2FAER%20Id%3A%3Aattribute%3A%3Anoaggr%3A%3Axsd%3Adouble=298599&_xt=AER&_xf=pdf""> AER </a>",2012-02-27 00:00:00,Veterinarian,France,UNKNOWN,Dog,Pug,Meloxoral 1.5 mg/ml  - Oral suspension,"Anaphylaxis, Quincke's oedema",1,1,
FR-ANMV-12 ANMV 00357,"<a target=""_blank""  href=""/xmlpserver/EVVET3 PW NEW/Subject Area Contents/Public Website/Report (PDF)/AER.xdo?_xpf=&_xpt=1&_params%2FOracle%20BI%20EE%3A%3ADefaultApp%3A%3AEVVET3%20PR%20NEW%2FAER%3A%3Adimension%2FAER%20Id%3A%3Aattribute%3A%3Anoaggr%3A%3Axsd%3Adouble=309370&_xt=AER&_xf=pdf""> AER </a>",2012-05-09 00:00:00,Veterinarian,France,MALE,Cat,Birman (Sacred Birman),"KETAMINE 1000 VIRBAC FRANCE SOLUTION INJECTABLE, Metacam 0.5 mg/ml - Oral suspension (cats, guinea pigs), Metacam 0.5 mg/ml - Oral suspension (dogs), PAXMAN SOLUTION INJECTABLE POUR BOVINS, CHEVAUX, CHIENS ET CHATS","Acute renal failure, Anorexia, Death by euthanasia, Dehydration, Elevated blood urea nitrogen (BUN), Elevated creatinine, Vomiting",1,1,1
FR-ANMV-12 ANMV 00409,"<a target=""_blank""  href=""/xmlpserver/EVVET3 PW NEW/Subject Area Contents/Public Website/Report (PDF)/AER.xdo?_xpf=&_xpt=1&_params%2FOracle%20BI%20EE%3A%3ADefaultApp%3A%3AEVVET3%20PR%20NEW%2FAER%3A%3Adimension%2FAER%20Id%3A%3Aattribute%3A%3Anoaggr%3A%3Axsd%3Adouble=317718&_xt=AER&_xf=pdf""> AER </a>",2012-07-04 00:00:00,Veterinarian,France,FEMALE,Cattle,Montbeliard,"Dalmazin, 75 micrograms/ml, solution for injection for cattle, buffaloes and pigs, Metacam 20 mg/ml - Solution for injection (cattle, pigs, horses), SHOTAPEN (100+100+200)mg/ml ΕΝΕΣΙΜΟ ΕΝΑΙΩΡΗΜΑ, SHOTAPEN SUSPENSION INJECTABLE POUR BOVINS PORCINS CHIENS ET CHATS, SHOTAPEN injekčná suspenzia, SHOTAPEN, Injekční suspenze, Shotapen suspensija injekcijām liellopiem, cūkām, zirgiem, suņiem un kaķiem, Shotapen szuszpenziós injekció sertések és szarvasmarhák részére A.U.V., Shotapen, injekcinė suspensija galvijams, kiaulėms, arkliams, šunims ir katėms, Shotapen, süstesuspensioon, Shotapen, zawiesina do wstrzykiwań dla świń i bydła 10 g/100 ml + 16400000 j.m./100 ml + 10 g/100 ml, ШОТАПЕН","Anaemia NOS, Arrhythmia, Colic, Death, Hypersalivation, Hypothermia, Icterus, Polypnoea, Sternoabdominal recumbency, Tachycardia, Tenesmus, Urine abnormalities NOS",1,1,1
FR-ANMV-12 ANMV 00457,"<a target=""_blank""  href=""/xmlpserver/EVVET3 PW NEW/Subject Area Contents/Public Website/Report (PDF)/AER.xdo?_xpf=&_xpt=1&_params%2FOracle%20BI%20EE%3A%3ADefaultApp%3A%3AEVVET3%20PR%20NEW%2FAER%3A%3Adimension%2FAER%20Id%3A%3Aattribute%3A%3Anoaggr%3A%3Axsd%3Adouble=315415&_xt=AER&_xf=pdf""> AER </a>",2012-06-20 00:00:00,Veterinarian,France,FEMALE,Cattle,Limousin,"Metacam 20 mg/ml - Solution for injection (cattle, pigs, horses), ORBENOR HORS LACTATION, TENALINE L.A., VERSATRINE SOLUTION POUR POUR-ON POUR BOVINS ET OVINS","Anaphylactic shock, Cyanosis, Foam in the nose, Respiratory distress, Sternoabdominal recumbency",1,3,
FR-ANMV-12 ANMV 00484,"<a target=""_blank""  href=""/xmlpserver/EVVET3 PW NEW/Subject Area Contents/Public Website/Report (PDF)/AER.xdo?_xpf=&_xpt=1&_params%2FOracle%20BI%20EE%3A%3ADefaultApp%3A%3AEVVET3%20PR%20NEW%2FAER%3A%3Adimension%2FAER%20Id%3A%3Aattribute%3A%3Anoaggr%3A%3Axsd%3Adouble=317053&_xt=AER&_xf=pdf""> AER </a>",2012-06-29 00:00:00,Veterinarian,France,MALE,Dog,Pointing Dog - German Short-haired,"Meloxidyl 5 mg/ml  - Solution for injection, OXYTETRACYCLINE 5 % VETOQUINOL","Allergic reaction, Facial oedema, Facial rash (For urticaria see Immune SOC), Pruritus",1,1,
FR-ANMV-12 ANMV 00822,"<a target=""_blank""  href=""/xmlpserver/EVVET3 PW NEW/Subject Area Contents/Public Website/Report (PDF)/AER.xdo?_xpf=&_xpt=1&_params%2FOracle%20BI%20EE%3A%3ADefaultApp%3A%3AEVVET3%20PR%20NEW%2FAER%3A%3Adimension%2FAER%20Id%3A%3Aattribute%3A%3Anoaggr%3A%3Axsd%3Adouble=324433&_xt=AER&_xf=pdf""> AER </a>",2012-09-03 00:00:00,Veterinarian,France,MALE,Dog,Shepherd Dog - Australian,"Metacam 1.5 mg/ml - Oral suspension (dogs), RONAXAN 100 MG COMPRIMES POUR CHIENS ET CHATS, VETERGESIC MULTIDOSE, 0.3MG/ML, SOLUTION FOR INJECTION FOR DOGS AND CATS","Crust, Facial oedema, Lymphadenopathy, Pain NOS, Pyoderma",1,1,
FR-ANMV-12 ANMV 00946,"<a target=""_blank""  href=""/xmlpserver/EVVET3 PW NEW/Subject Area Contents/Public Website/Report (PDF)/AER.xdo?_xpf=&_xpt=1&_params%2FOracle%20BI%20EE%3A%3ADefaultApp%3A%3AEVVET3%20PR%20NEW%2FAER%3A%3Adimension%2FAER%20Id%3A%3Aattribute%3A%3Anoaggr%3A%3Axsd%3Adouble=328553&_xt=AER&_xf=pdf""> AER </a>",2012-10-09 00:00:00,Veterinarian,France,FEMALE,Cattle,Brown Swiss,"COBACTAN 2,5%, Metacam 20 mg/ml - Solution for injection (cattle, pigs, horses)",Abortion,1,1,
FR-ANMV-12 ANMV 01013,"<a target=""_blank""  href=""/xmlpserver/EVVET3 PW NEW/Subject Area Contents/Public Website/Report (PDF)/AER.xdo?_xpf=&_xpt=1&_params%2FOracle%20BI%20EE%3A%3ADefaultApp%3A%3AEVVET3%20PR%20NEW%2FAER%3A%3Adimension%2FAER%20Id%3A%3Aattribute%3A%3Anoaggr%3A%3Axsd%3Adouble=331833&_xt=AER&_xf=pdf""> AER </a>",2012-11-05 00:00:00,Veterinarian,France,FEMALE,Dog,Rottweiler,"Metacam 2.5 mg - Chewable tablet (dogs), Previcox 227 mg - Chewable tablet","Appetite loss, Death, Decubitus, Dehydration, Duodenal ulcer, Haemorrhagic diarrhoea, Hypothermia, Peritonitis, Vomiting",1,1,1
FR-ANMV-12 CPVL 00013,"<a target=""_blank""  href=""/xmlpserver/EVVET3 PW NEW/Subject Area Contents/Public Website/Report (PDF)/AER.xdo?_xpf=&_xpt=1&_params%2FOracle%20BI%20EE%3A%3ADefaultApp%3A%3AEVVET3%20PR%20NEW%2FAER%3A%3Adimension%2FAER%20Id%3A%3Aattribute%3A%3Anoaggr%3A%3Axsd%3Adouble=291428&_xt=AER&_xf=pdf""> AER </a>",2012-01-09 00:00:00,Veterinarian,France,FEMALE,Dog,Crossbred Canine/dog,Metacam 1.5 mg/ml - Oral suspension (dogs),"Death, Disorientation, Muscle stiffness, Respiratory arrest, Unable to stand",1,1,1
FR-ANMV-12 CPVL 00110,"<a target=""_blank""  href=""/xmlpserver/EVVET3 PW NEW/Subject Area Contents/Public Website/Report (PDF)/AER.xdo?_xpf=&_xpt=1&_params%2FOracle%20BI%20EE%3A%3ADefaultApp%3A%3AEVVET3%20PR%20NEW%2FAER%3A%3Adimension%2FAER%20Id%3A%3Aattribute%3A%3Anoaggr%3A%3Axsd%3Adouble=308768&_xt=AER&_xf=pdf""> AER </a>",2012-05-07 00:00:00,Unknown,France,MALE,Dog,Shepherd Dog - Dutch,Meloxoral 1.5 mg/ml  - Oral suspension,"Abnormal ultrasound finding, Anorexia, Depression, Hepatic disorder NOS",1,1,
FR-ANMV-12 CPVL 00208,"<a target=""_blank""  href=""/xmlpserver/EVVET3 PW NEW/Subject Area Contents/Public Website/Report (PDF)/AER.xdo?_xpf=&_xpt=1&_params%2FOracle%20BI%20EE%3A%3ADefaultApp%3A%3AEVVET3%20PR%20NEW%2FAER%3A%3Adimension%2FAER%20Id%3A%3Aattribute%3A%3Anoaggr%3A%3Axsd%3Adouble=315898&_xt=AER&_xf=pdf""> AER </a>",2012-06-22 00:00:00,Veterinarian,France,FEMALE,Dog,Greyhound - Italian,"ALFAXAN 10 mg/ml solution for injection for dogs and cats, CLORKETAM 1000, Clorketam 1000, solução injetável, Cosacthen 0,25 mg/ml oplossing voor injectie voor honden, Dorbene vet 1 mg/ml solution for injection for dogs and cats, MARBO FD, MARBOCYL FD 10MG/ML ΚΟΝΙΣ ΚΑΙ ΔΙΑΛΥΤΗΣ ΓΙΑ ΕΝΕΣΙΜΟ ΔΙΑΛΥΜΑ, MARBOCYL FD, Lyofilizát a rozpouštědlo pro injekční roztok, MARBOCYL P 20 MG, MARBOCYL P 20 mg, Marbocyl FD, süstelahuse pulber ja lahusti, Marbocyl P 20 mg, Marbocyl P 20 mg, compresse per cani, Meloxidyl 5 mg/ml  - Solution for injection, Metacam 1.5 mg/ml - Oral suspension (dogs), Torphasol 10 mg/ml solution for injection for horses, Vetflurane 1000 mg/g Inhalation vapour, liquid","Skin necrosis, Skin vascular disorder NOS",1,1,
FR-ANMV-12 CPVL 00217,"<a target=""_blank""  href=""/xmlpserver/EVVET3 PW NEW/Subject Area Contents/Public Website/Report (PDF)/AER.xdo?_xpf=&_xpt=1&_params%2FOracle%20BI%20EE%3A%3ADefaultApp%3A%3AEVVET3%20PR%20NEW%2FAER%3A%3Adimension%2FAER%20Id%3A%3Aattribute%3A%3Anoaggr%3A%3Axsd%3Adouble=315831&_xt=AER&_xf=pdf""> AER </a>",2012-06-21 00:00:00,Veterinarian,France,MALE,Dog,Shih Tzu,"CaniLeish (--) - Lyophilisate and solvent for suspension for injection, Metacam 1.5 mg/ml - Oral suspension (dogs)","Apathy, Crying, Injection site pain",1,1,
FR-ANMV-12 CPVL 00222,"<a target=""_blank""  href=""/xmlpserver/EVVET3 PW NEW/Subject Area Contents/Public Website/Report (PDF)/AER.xdo?_xpf=&_xpt=1&_params%2FOracle%20BI%20EE%3A%3ADefaultApp%3A%3AEVVET3%20PR%20NEW%2FAER%3A%3Adimension%2FAER%20Id%3A%3Aattribute%3A%3Anoaggr%3A%3Axsd%3Adouble=296281&_xt=AER&_xf=pdf""> AER </a>",2012-02-13 00:00:00,Veterinarian,France,MALE,Dog,Sheepdog - Shetland,"MARBOCYL P 20 MG, MARBOCYL P 20 mg, Marbocyl P 20 mg, Marbocyl P 20 mg, compresse per cani, Meloxidyl 1.5 mg/ml  - Oral suspension","Coagulopathy, Oral bleeding, Prolonged bleeding NOS, Red blood cell disorder, Regenerative anaemia",1,1,
FR-ANMV-12 CPVL 00291,"<a target=""_blank""  href=""/xmlpserver/EVVET3 PW NEW/Subject Area Contents/Public Website/Report (PDF)/AER.xdo?_xpf=&_xpt=1&_params%2FOracle%20BI%20EE%3A%3ADefaultApp%3A%3AEVVET3%20PR%20NEW%2FAER%3A%3Adimension%2FAER%20Id%3A%3Aattribute%3A%3Anoaggr%3A%3Axsd%3Adouble=309726&_xt=AER&_xf=pdf""> AER </a>",2012-05-11 00:00:00,Veterinarian,France,FEMALE,Dog,Rottweiler,"DERMIPRED 20 MG TABLETS FOR DOGS, Meloxidyl 1.5 mg/ml  - Oral suspension, Zitac vet 200 mg tablets for dogs","Anxiety, Panting, Respiratory tract disorder NOS",1,1,
FR-ANMV-12 CPVL 00296,"<a target=""_blank""  href=""/xmlpserver/EVVET3 PW NEW/Subject Area Contents/Public Website/Report (PDF)/AER.xdo?_xpf=&_xpt=1&_params%2FOracle%20BI%20EE%3A%3ADefaultApp%3A%3AEVVET3%20PR%20NEW%2FAER%3A%3Adimension%2FAER%20Id%3A%3Aattribute%3A%3Anoaggr%3A%3Axsd%3Adouble=315906&_xt=AER&_xf=pdf""> AER </a>",2012-06-22 00:00:00,Veterinarian,France,FEMALE,Dog,Crossbred Canine/dog,Meloxoral 1.5 mg/ml  - Oral suspension,"Anorexia, Depression, Icterus, Vomiting",1,1,
FR-ANMV-12 CPVL 00308,"<a target=""_blank""  href=""/xmlpserver/EVVET3 PW NEW/Subject Area Contents/Public Website/Report (PDF)/AER.xdo?_xpf=&_xpt=1&_params%2FOracle%20BI%20EE%3A%3ADefaultApp%3A%3AEVVET3%20PR%20NEW%2FAER%3A%3Adimension%2FAER%20Id%3A%3Aattribute%3A%3Anoaggr%3A%3Axsd%3Adouble=299010&_xt=AER&_xf=pdf""> AER </a>",2012-02-29 00:00:00,Veterinarian,France,FEMALE,Horse,Horse (other),"Metacam 20 mg/ml - Solution for injection (cattle, pigs, horses)","Anaphylactic shock, Death, Falling, Opisthotonus, Staggering",1,1,1
FR-ANMV-12 CPVL 00357,"<a target=""_blank""  href=""/xmlpserver/EVVET3 PW NEW/Subject Area Contents/Public Website/Report (PDF)/AER.xdo?_xpf=&_xpt=1&_params%2FOracle%20BI%20EE%3A%3ADefaultApp%3A%3AEVVET3%20PR%20NEW%2FAER%3A%3Adimension%2FAER%20Id%3A%3Aattribute%3A%3Anoaggr%3A%3Axsd%3Adouble=299348&_xt=AER&_xf=pdf""> AER </a>",2012-03-05 00:00:00,Veterinarian,France,FEMALE,Dog,Poodle - Medium size,"Metacam 5 mg/ml - Solution for injection (cats, dogs), Metacam 5 mg/ml - Solution for injection (cattle, pigs), Metacam 5 mg/ml - Solution for injection (dogs)","Anaemia NOS, Elevated blood urea nitrogen (BUN), Elevated creatinine, Leukocytosis NOS, Oedema of the extremities (see also other SOCs for most applicable oedema), Skin haematoma, Vomiting",1,1,
FR-ANMV-12 CPVL 00384,"<a target=""_blank""  href=""/xmlpserver/EVVET3 PW NEW/Subject Area Contents/Public Website/Report (PDF)/AER.xdo?_xpf=&_xpt=1&_params%2FOracle%20BI%20EE%3A%3ADefaultApp%3A%3AEVVET3%20PR%20NEW%2FAER%3A%3Adimension%2FAER%20Id%3A%3Aattribute%3A%3Anoaggr%3A%3Axsd%3Adouble=316243&_xt=AER&_xf=pdf""> AER </a>",2012-06-25 00:00:00,Unknown,France,FEMALE,Cat,European,Metacam 1.5 mg/ml - Oral suspension (dogs),Vomiting,1,1,
FR-ANMV-12 CPVL 00392,"<a target=""_blank""  href=""/xmlpserver/EVVET3 PW NEW/Subject Area Contents/Public Website/Report (PDF)/AER.xdo?_xpf=&_xpt=1&_params%2FOracle%20BI%20EE%3A%3ADefaultApp%3A%3AEVVET3%20PR%20NEW%2FAER%3A%3Adimension%2FAER%20Id%3A%3Aattribute%3A%3Anoaggr%3A%3Axsd%3Adouble=300493&_xt=AER&_xf=pdf""> AER </a>",2012-03-12 00:00:00,Veterinarian,France,FEMALE,Cattle,Blonde d’Aquitaine,"Metacam 20 mg/ml - Solution for injection (cattle, pigs, horses)","Abnormal posture NOS, Anaphylactic-type reaction, Hypersalivation, Hyperthermia, Shock, Staggering",1,1,
FR-ANMV-12 CPVL 00595,"<a target=""_blank""  href=""/xmlpserver/EVVET3 PW NEW/Subject Area Contents/Public Website/Report (PDF)/AER.xdo?_xpf=&_xpt=1&_params%2FOracle%20BI%20EE%3A%3ADefaultApp%3A%3AEVVET3%20PR%20NEW%2FAER%3A%3Adimension%2FAER%20Id%3A%3Aattribute%3A%3Anoaggr%3A%3Axsd%3Adouble=305009&_xt=AER&_xf=pdf""> AER </a>",2012-04-10 00:00:00,Veterinarian,France,FEMALE,Cat,Unknown,"AMOXIVAL 40 FELIN COMPRIMES, Metacam 0.5 mg/ml - Oral suspension (cats, guinea pigs), Metacam 0.5 mg/ml - Oral suspension (dogs)","Cutaneous necrosis, Toxic epidermal necrolysis",1,1,
FR-ANMV-12 CPVL 00778,"<a target=""_blank""  href=""/xmlpserver/EVVET3 PW NEW/Subject Area Contents/Public Website/Report (PDF)/AER.xdo?_xpf=&_xpt=1&_params%2FOracle%20BI%20EE%3A%3ADefaultApp%3A%3AEVVET3%20PR%20NEW%2FAER%3A%3Adimension%2FAER%20Id%3A%3Aattribute%3A%3Anoaggr%3A%3Axsd%3Adouble=322623&_xt=AER&_xf=pdf""> AER </a>",2012-08-21 00:00:00,Veterinarian,France,MALE,Cat,Unknown,"Metacam 5 mg/ml - Solution for injection (cats, dogs), Metacam 5 mg/ml - Solution for injection (cattle, pigs), Metacam 5 mg/ml - Solution for injection (dogs), RILEXINE SUSPENSION INJECTABLE","Appetite loss, Hyperthermia, Lethargy (see also Central nervous system depression in Neurological)",1,1,
FR-ANMV-12 CPVL 00842,"<a target=""_blank""  href=""/xmlpserver/EVVET3 PW NEW/Subject Area Contents/Public Website/Report (PDF)/AER.xdo?_xpf=&_xpt=1&_params%2FOracle%20BI%20EE%3A%3ADefaultApp%3A%3AEVVET3%20PR%20NEW%2FAER%3A%3Adimension%2FAER%20Id%3A%3Aattribute%3A%3Anoaggr%3A%3Axsd%3Adouble=328200&_xt=AER&_xf=pdf""> AER </a>",2012-10-05 00:00:00,Veterinarian,France,FEMALE,Dog,Retriever - Golden,Metacam 1.5 mg/ml - Oral suspension (dogs),"Crust, Seborrhoea",1,1,
FR-ANMV-12 CPVL 00867,"<a target=""_blank""  href=""/xmlpserver/EVVET3 PW NEW/Subject Area Contents/Public Website/Report (PDF)/AER.xdo?_xpf=&_xpt=1&_params%2FOracle%20BI%20EE%3A%3ADefaultApp%3A%3AEVVET3%20PR%20NEW%2FAER%3A%3Adimension%2FAER%20Id%3A%3Aattribute%3A%3Anoaggr%3A%3Axsd%3Adouble=311317&_xt=AER&_xf=pdf""> AER </a>",2012-05-24 00:00:00,Veterinarian,France,MALE,Dog,Terrier - Yorkshire,"DOXYVAL 20, Meloxidyl 1.5 mg/ml  - Oral suspension","Abnormal ultrasound finding, Anorexia, Depression, Renal failure, Vomiting",1,1,
FR-ANMV-12 CPVL 00895,"<a target=""_blank""  href=""/xmlpserver/EVVET3 PW NEW/Subject Area Contents/Public Website/Report (PDF)/AER.xdo?_xpf=&_xpt=1&_params%2FOracle%20BI%20EE%3A%3ADefaultApp%3A%3AEVVET3%20PR%20NEW%2FAER%3A%3Adimension%2FAER%20Id%3A%3Aattribute%3A%3Anoaggr%3A%3Axsd%3Adouble=312117&_xt=AER&_xf=pdf""> AER </a>",2012-05-29 00:00:00,Veterinarian,France,UNKNOWN,Dog,Lhasa Apso,Metacam 1 mg - Chewable tablet (dogs),"Anaemia NOS, Melaena, Pallor, Prostration",1,1,
FR-ANMV-12 CPVL 00951,"<a target=""_blank""  href=""/xmlpserver/EVVET3 PW NEW/Subject Area Contents/Public Website/Report (PDF)/AER.xdo?_xpf=&_xpt=1&_params%2FOracle%20BI%20EE%3A%3ADefaultApp%3A%3AEVVET3%20PR%20NEW%2FAER%3A%3Adimension%2FAER%20Id%3A%3Aattribute%3A%3Anoaggr%3A%3Axsd%3Adouble=326259&_xt=AER&_xf=pdf""> AER </a>",2012-09-18 00:00:00,Veterinarian,France,MALE,Dog,Mountain Dog - Bernese,"CRISAX 17 MG/100 MG/40 MG COMPRIMES POUR CHIENS ET CHATS, MARBOCYL P 20 MG, MARBOCYL P 20 mg, MARBOCYL P 80 MG, MARBOCYL P 80 mg, Marbocyl P 20 mg, Marbocyl P 20 mg, compresse per cani, Marbocyl P 80 mg, Marbocyl P 80 mg, compresse per cani, Metacam 1.5 mg/ml - Oral suspension (dogs)","Apathy, Hyperthermia",1,1,
FR-ANMV-12 CPVL 00960,"<a target=""_blank""  href=""/xmlpserver/EVVET3 PW NEW/Subject Area Contents/Public Website/Report (PDF)/AER.xdo?_xpf=&_xpt=1&_params%2FOracle%20BI%20EE%3A%3ADefaultApp%3A%3AEVVET3%20PR%20NEW%2FAER%3A%3Adimension%2FAER%20Id%3A%3Aattribute%3A%3Anoaggr%3A%3Axsd%3Adouble=326269&_xt=AER&_xf=pdf""> AER </a>",2012-09-18 00:00:00,Veterinarian,France,FEMALE,Dog,Retriever - Labrador,"Metacam 5 mg/ml - Solution for injection (cats, dogs), Metacam 5 mg/ml - Solution for injection (cattle, pigs), Metacam 5 mg/ml - Solution for injection (dogs), RILEXINE POUDRE INJECTABLE 1 G, VETERGESIC MULTIDOSE, 0.3MG/ML, SOLUTION FOR INJECTION FOR DOGS AND CATS",Haemorrhagic diarrhoea,1,1,
FR-ANMV-12 CPVL 01013,"<a target=""_blank""  href=""/xmlpserver/EVVET3 PW NEW/Subject Area Contents/Public Website/Report (PDF)/AER.xdo?_xpf=&_xpt=1&_params%2FOracle%20BI%20EE%3A%3ADefaultApp%3A%3AEVVET3%20PR%20NEW%2FAER%3A%3Adimension%2FAER%20Id%3A%3Aattribute%3A%3Anoaggr%3A%3Axsd%3Adouble=316877&_xt=AER&_xf=pdf""> AER </a>",2012-06-29 00:00:00,Veterinarian,France,MALE,Dog,Pointing Dog - German Wire-haired,"Meloxidyl 5 mg/ml  - Solution for injection, OXYTETRACYCLINE 5 % VETOQUINOL","Facial swelling (see also Skin), Head shake - ear disorder, Hyperthermia, Pinnal erythema, Pinnal oedema, Red eye, Scratching",1,1,
FR-ANMV-12 CPVL 01020,"<a target=""_blank""  href=""/xmlpserver/EVVET3 PW NEW/Subject Area Contents/Public Website/Report (PDF)/AER.xdo?_xpf=&_xpt=1&_params%2FOracle%20BI%20EE%3A%3ADefaultApp%3A%3AEVVET3%20PR%20NEW%2FAER%3A%3Adimension%2FAER%20Id%3A%3Aattribute%3A%3Anoaggr%3A%3Axsd%3Adouble=314124&_xt=AER&_xf=pdf""> AER </a>",2012-06-12 00:00:00,Veterinarian,France,FEMALE,Dog,Boxer (German Boxer),"IMALGENE 1000, IMALGENE 1000 100MG/ML ΕΝΕΣΙΜΟ ΔΙΑΛΥΜΑ, Imalgene 1000 100 mg/ ml solução injetável para cães e gatos, Metacam 5 mg/ml - Solution for injection (cats, dogs), Metacam 5 mg/ml - Solution for injection (cattle, pigs), Metacam 5 mg/ml - Solution for injection (dogs), Narcostart (Sedastart) 1 mg/ml solution for injection for cats and dogs, Synulox sospensione iniettabile 140 mg/ml + 35 mg/ml per suini, bovini, cani e gatti, VETERGESIC MULTIDOSE, 0.3MG/ML, SOLUTION FOR INJECTION FOR DOGS AND CATS","Epileptic seizure, Hypersalivation, Staggering",1,1,
FR-ANMV-12 CPVL 01049,"<a target=""_blank""  href=""/xmlpserver/EVVET3 PW NEW/Subject Area Contents/Public Website/Report (PDF)/AER.xdo?_xpf=&_xpt=1&_params%2FOracle%20BI%20EE%3A%3ADefaultApp%3A%3AEVVET3%20PR%20NEW%2FAER%3A%3Adimension%2FAER%20Id%3A%3Aattribute%3A%3Anoaggr%3A%3Axsd%3Adouble=328860&_xt=AER&_xf=pdf""> AER </a>",2012-10-12 00:00:00,Veterinarian,France,MALE,Dog,Saint Bernard Dog,Metacam 1.5 mg/ml - Oral suspension (dogs),"Anaemia NOS, Elevated blood urea nitrogen (BUN), Elevated creatinine, Gum bruising, Oral bleeding",1,1,
FR-ANMV-12 CPVL 01086,"<a target=""_blank""  href=""/xmlpserver/EVVET3 PW NEW/Subject Area Contents/Public Website/Report (PDF)/AER.xdo?_xpf=&_xpt=1&_params%2FOracle%20BI%20EE%3A%3ADefaultApp%3A%3AEVVET3%20PR%20NEW%2FAER%3A%3Adimension%2FAER%20Id%3A%3Aattribute%3A%3Anoaggr%3A%3Axsd%3Adouble=330189&_xt=AER&_xf=pdf""> AER </a>",2012-10-24 00:00:00,Veterinarian,France,MALE,Cat,Unknown,"ESTOCELAN INJECTABLE, Enrocare 50 mg/ml Solution for Injection for Cattle, Pigs, Dogs and Cats, Loxicom 5 mg/ml  - Solution for injection (cats, dogs)","Aggression, Hypersalivation, Mydriasis",1,1,
FR-ANMV-12 CPVL 01097,"<a target=""_blank""  href=""/xmlpserver/EVVET3 PW NEW/Subject Area Contents/Public Website/Report (PDF)/AER.xdo?_xpf=&_xpt=1&_params%2FOracle%20BI%20EE%3A%3ADefaultApp%3A%3AEVVET3%20PR%20NEW%2FAER%3A%3Adimension%2FAER%20Id%3A%3Aattribute%3A%3Anoaggr%3A%3Axsd%3Adouble=337445&_xt=AER&_xf=pdf""> AER </a>",2012-11-12 00:00:00,Veterinarian,France,FEMALE,Dog,Collie - Border,Meloxidyl 1.5 mg/ml  - Oral suspension,Vomiting,1,1,
FR-ANMV-12 CPVL 01191,"<a target=""_blank""  href=""/xmlpserver/EVVET3 PW NEW/Subject Area Contents/Public Website/Report (PDF)/AER.xdo?_xpf=&_xpt=1&_params%2FOracle%20BI%20EE%3A%3ADefaultApp%3A%3AEVVET3%20PR%20NEW%2FAER%3A%3Adimension%2FAER%20Id%3A%3Aattribute%3A%3Anoaggr%3A%3Axsd%3Adouble=327358&_xt=AER&_xf=pdf""> AER </a>",2012-09-27 00:00:00,Unknown,France,FEMALE,Dog,Bichon Frise,Metacam 1.5 mg/ml - Oral suspension (dogs),Vomiting,1,1,
FR-ANMV-12 CPVL 01210,"<a target=""_blank""  href=""/xmlpserver/EVVET3 PW NEW/Subject Area Contents/Public Website/Report (PDF)/AER.xdo?_xpf=&_xpt=1&_params%2FOracle%20BI%20EE%3A%3ADefaultApp%3A%3AEVVET3%20PR%20NEW%2FAER%3A%3Adimension%2FAER%20Id%3A%3Aattribute%3A%3Anoaggr%3A%3Axsd%3Adouble=317049&_xt=AER&_xf=pdf""> AER </a>",2012-06-29 00:00:00,Veterinarian,France,MALE,Cat,European,"ANTIROBE GOUTTES SOLUTION BUVABLE POUR CHIEN ET CHAT, Metacam 0.5 mg/ml - Oral suspension (cats, guinea pigs), Metacam 0.5 mg/ml - Oral suspension (dogs)","Death, Dehydration, Electrolyte disorder, Elevated blood urea nitrogen (BUN), Elevated creatinine, Hyperphosphataemia, Renal failure, Weight loss",1,1,1
FR-ANMV-12 CPVL 01540,"<a target=""_blank""  href=""/xmlpserver/EVVET3 PW NEW/Subject Area Contents/Public Website/Report (PDF)/AER.xdo?_xpf=&_xpt=1&_params%2FOracle%20BI%20EE%3A%3ADefaultApp%3A%3AEVVET3%20PR%20NEW%2FAER%3A%3Adimension%2FAER%20Id%3A%3Aattribute%3A%3Anoaggr%3A%3Axsd%3Adouble=338512&_xt=AER&_xf=pdf""> AER </a>",2012-11-19 00:00:00,Veterinarian,France,FEMALE,Cat,European,"CLAMOXYL L.A. Инжекционен, CLAMOXYL L.A., Injekční suspenze, CLAMOXYL LA, CLAMOXYL LA Sospensione iniettabile, 150 mg/ml , per cani e gatti, CLAMOXYL LA ΕΝΕΣΙΜΟ ΕΝΑΙΩΡΗΜΑ, CONTRALAC 5 COMPRIMES, Clamoxyl L.A. 150 mg/ml Zawiesina do wstrzykiwań, Clamoxyl LA, Clamoxyl LA 150 mg/ ml suspensão injetável para bovinos, ovinos, caprinos, suínos, cães e gatos, Clamoxyl LA 150 mg/ml injekčná suspenzia, Contralac 5 comprimidos para cães, Contralac 5, 0,5 mg tabletten voor honden en katten, Metacam 5 mg/ml - Solution for injection (cats, dogs), Metacam 5 mg/ml - Solution for injection (cattle, pigs), Metacam 5 mg/ml - Solution for injection (dogs)","Ataxia, Depression, Inappropriate urination, Tremor",1,1,
FR-ANMV-12 CPVL 01672,"<a target=""_blank""  href=""/xmlpserver/EVVET3 PW NEW/Subject Area Contents/Public Website/Report (PDF)/AER.xdo?_xpf=&_xpt=1&_params%2FOracle%20BI%20EE%3A%3ADefaultApp%3A%3AEVVET3%20PR%20NEW%2FAER%3A%3Adimension%2FAER%20Id%3A%3Aattribute%3A%3Anoaggr%3A%3Axsd%3Adouble=323437&_xt=AER&_xf=pdf""> AER </a>",2012-08-24 00:00:00,Veterinarian,France,MALE,Cat,European,"Convenia 80 mg/ml  - Powder and solvent for solution for injection, MIPREPOL, oily suspension for dogs and cats, Metacam 5 mg/ml - Solution for injection (cats, dogs), Metacam 5 mg/ml - Solution for injection (cattle, pigs), Metacam 5 mg/ml - Solution for injection (dogs), SUROLAN, SUROLAN (23MG+5MG+0,5293MG)/ML ΩΤΙΚΕΣ ΣΤΑΓΟΝΕΣ, ΕΝΑΙΩΡΗΜΑ, SUROLAN DROPS 23mg/ml, 5500IU/ml, 5mg/ml ωτικές σταγόνες σε εναιώρημα και δερματικό εναιώρημα για σκύλους και γάτες, SUROLAN sospensione oleosa per cani e gatti, SUROLAN ušné kvapky a dermálna suspenzia, SUROLAN, Kožní/ušní kapky, suspenze, SUROLAN, kapi za uho i suspenzija za kožu za pse i mačke, SUROLAN, picături auriculate si suspensie cutanată, SUROLAN, suspensija šunims ir katėms, SUROLAN, капки за уши и суспензия за кожа за кучета и котки, Surolan, Surolan  Oordruppels, suspensie, Surolan (23 mg + 0,5293 mg + 5 mg )/ml Krople do uszu, zawiesina, Surolan 5,0 mg/0,5293 mg/23,0 mg/ml, Ohrentropfen, Suspension zur Anwendung auf der Haut für Hunde und Katzen, Surolan Ear Drops and Cutaneous Suspension, Surolan Vet. 5 + 23 + 0,529 mg/ml øredråber, suspension og kutansuspension, Surolan külsőleges szuszpenzió A.U.V., Surolan suspensija ārīgai lietošanai suņiem un kaķiem, Surolan vet.  Örondroppar/kutan suspension, Surolan vet., örondroppar/kutan suspension, Surolan, nahasuspensioon koertele ja kassidele, Surolan, suspensie voor cutaan gebruik, bij honden en katten, Surolan, suspension pour application cutanée/suspension auriculaire en gouttes pour chiens et chats, VETERGESIC MULTIDOSE, 0.3MG/ML, SOLUTION FOR INJECTION FOR DOGS AND CATS","Ataxia, Deafness",1,1,
FR-ANMV-12 CPVL 01686,"<a target=""_blank""  href=""/xmlpserver/EVVET3 PW NEW/Subject Area Contents/Public Website/Report (PDF)/AER.xdo?_xpf=&_xpt=1&_params%2FOracle%20BI%20EE%3A%3ADefaultApp%3A%3AEVVET3%20PR%20NEW%2FAER%3A%3Adimension%2FAER%20Id%3A%3Aattribute%3A%3Anoaggr%3A%3Axsd%3Adouble=324443&_xt=AER&_xf=pdf""> AER </a>",2012-09-03 00:00:00,Veterinarian,France,FEMALE,Cat,European,"DUPHAMOX  LA, 150.0mg/ml, Injekční suspenze, DUPHAMOX LA, Dolorex 10 mg/ml Solution for Injection for horse, dog and cat, Duphamox LA 150 mg/ml Injektionssuspension für Rinder, Schweine, Schafe, Hunde, Katzen, Duphamox LA 150 mg/ml Suspensie voor injectie, Duphamox LA 150 mg/ml injekčná suspenzia, Duphamox Long Acting, 150mg/ml, solution injectable pour bovins, ovins et porcins, IMALGENE 1000, IMALGENE 1000 100MG/ML ΕΝΕΣΙΜΟ ΔΙΑΛΥΜΑ, Imalgene 1000 100 mg/ ml solução injetável para cães e gatos, Meloxidyl 5 mg/ml  - Solution for injection, Narcostart (Sedastart) 1 mg/ml solution for injection for cats and dogs, Narcostop 5 mg/ml, solution for injection for cats and dogs","Breathing difficulty, Pleural effusion, Polypnoea, Pulmonary oedema",1,1,
FR-ANMV-12 CPVL 01693,"<a target=""_blank""  href=""/xmlpserver/EVVET3 PW NEW/Subject Area Contents/Public Website/Report (PDF)/AER.xdo?_xpf=&_xpt=1&_params%2FOracle%20BI%20EE%3A%3ADefaultApp%3A%3AEVVET3%20PR%20NEW%2FAER%3A%3Adimension%2FAER%20Id%3A%3Aattribute%3A%3Anoaggr%3A%3Axsd%3Adouble=325056&_xt=AER&_xf=pdf""> AER </a>",2012-09-07 00:00:00,Veterinarian,France,FEMALE,Dog,Retriever - Labrador,"CALMIVET SOLUTION INJECTABLE, DUPHAMOX  LA, 150.0mg/ml, Injekční suspenze, DUPHAMOX LA, Duphamox LA 150 mg/ml Injektionssuspension für Rinder, Schweine, Schafe, Hunde, Katzen, Duphamox LA 150 mg/ml Suspensie voor injectie, Duphamox LA 150 mg/ml injekčná suspenzia, Duphamox Long Acting, 150mg/ml, solution injectable pour bovins, ovins et porcins, IMALGENE 100 mg/ml SOLUCION INYECTABLE, Imalgene 100 mg/ml, süstelahus koertele ja kassidele, Loxicom 5 mg/ml  - Solution for injection (cats, dogs), ROMPUN 2 %, Rompun 2%, VETERGESIC MULTIDOSE, 0.3MG/ML, SOLUTION FOR INJECTION FOR DOGS AND CATS","Diarrhoea, Haemorrhagic diarrhoea, Hyperthermia, Polypnoea, Tarry or black stool (see also haemorrhagic diarrhoea), Vomiting",1,1,
FR-ANMV-12 CPVL 01817,"<a target=""_blank""  href=""/xmlpserver/EVVET3 PW NEW/Subject Area Contents/Public Website/Report (PDF)/AER.xdo?_xpf=&_xpt=1&_params%2FOracle%20BI%20EE%3A%3ADefaultApp%3A%3AEVVET3%20PR%20NEW%2FAER%3A%3Adimension%2FAER%20Id%3A%3Aattribute%3A%3Anoaggr%3A%3Axsd%3Adouble=326038&_xt=AER&_xf=pdf""> AER </a>",2012-09-17 00:00:00,Veterinarian,France,UNKNOWN,Dog,Chihuahua,"Metacam 5 mg/ml - Solution for injection (cats, dogs), Metacam 5 mg/ml - Solution for injection (cattle, pigs), Metacam 5 mg/ml - Solution for injection (dogs)","Facial oedema, Localised itching",1,1,
FR-ANMV-12 CPVL 01843,"<a target=""_blank""  href=""/xmlpserver/EVVET3 PW NEW/Subject Area Contents/Public Website/Report (PDF)/AER.xdo?_xpf=&_xpt=1&_params%2FOracle%20BI%20EE%3A%3ADefaultApp%3A%3AEVVET3%20PR%20NEW%2FAER%3A%3Adimension%2FAER%20Id%3A%3Aattribute%3A%3Anoaggr%3A%3Axsd%3Adouble=326048&_xt=AER&_xf=pdf""> AER </a>",2012-09-17 00:00:00,Veterinarian,France,UNKNOWN,Dog,Retriever - Labrador,"ANTIROBE Capsule da 300 mg per cani, Meloxidyl 5 mg/ml  - Solution for injection","Abdominal pain, Blood in vomit, Death, Diarrhoea, Elevated blood urea nitrogen (BUN), Elevated creatinine, Haematuria, Intestinal congestion, Liver degeneration, Melaena, Pallor, Recumbency",1,1,1
FR-ANMV-12 CPVL 01983,"<a target=""_blank""  href=""/xmlpserver/EVVET3 PW NEW/Subject Area Contents/Public Website/Report (PDF)/AER.xdo?_xpf=&_xpt=1&_params%2FOracle%20BI%20EE%3A%3ADefaultApp%3A%3AEVVET3%20PR%20NEW%2FAER%3A%3Adimension%2FAER%20Id%3A%3Aattribute%3A%3Anoaggr%3A%3Axsd%3Adouble=330076&_xt=AER&_xf=pdf""> AER </a>",2012-10-23 00:00:00,Veterinarian,France,FEMALE,Dog,Retriever - Labrador,"Meloxidyl 1.5 mg/ml  - Oral suspension, Meloxidyl 20 mg/ml  - Solution for injection","Eruption, Pruritus, Pustules",1,1,
FR-ANMV-12 CPVL 02179,"<a target=""_blank""  href=""/xmlpserver/EVVET3 PW NEW/Subject Area Contents/Public Website/Report (PDF)/AER.xdo?_xpf=&_xpt=1&_params%2FOracle%20BI%20EE%3A%3ADefaultApp%3A%3AEVVET3%20PR%20NEW%2FAER%3A%3Adimension%2FAER%20Id%3A%3Aattribute%3A%3Anoaggr%3A%3Axsd%3Adouble=331830&_xt=AER&_xf=pdf""> AER </a>",2012-11-05 00:00:00,Veterinarian,France,MALE,Dog,Sheepdog - Beauce (Beauceron),"CLAVASEPTIN 500MG PALATABLE TABLETS FOR DOGS, Metacam 1.5 mg/ml - Oral suspension (dogs), Metacam 5 mg/ml - Solution for injection (cats, dogs), Metacam 5 mg/ml - Solution for injection (cattle, pigs), Metacam 5 mg/ml - Solution for injection (dogs)","Anuria, Death, Elevated blood urea nitrogen (BUN), Elevated creatinine, Renal failure, Vomiting",1,1,1
FR-ANMV-12 CPVL 02246,"<a target=""_blank""  href=""/xmlpserver/EVVET3 PW NEW/Subject Area Contents/Public Website/Report (PDF)/AER.xdo?_xpf=&_xpt=1&_params%2FOracle%20BI%20EE%3A%3ADefaultApp%3A%3AEVVET3%20PR%20NEW%2FAER%3A%3Adimension%2FAER%20Id%3A%3Aattribute%3A%3Anoaggr%3A%3Axsd%3Adouble=337415&_xt=AER&_xf=pdf""> AER </a>",2012-11-12 00:00:00,Veterinarian,France,MALE,Cat,European,"CLORKETAM 1000, Clorketam 1000, solução injetável, DOMITOR 1 mg/ml raztopina za injiciranje za pse in mačke, DOMITOR 1 mg/ml ενέσιμο διάλυμα για σκύλους και γάτες, DOMITOR 1 mg/ml, soluție injectabilă pentru câini și pisici, DOMITOR, 1 mg/mL, otopina za injekciju za pse i mačke, DOMITOR, 1mg/ml, Injekční roztok, DOMITOR, SOLUTION INJECTABLE, Dolorex 10 mg/ml Solution for Injection for horse, dog and cat, Domitor, Domitor 1 mg/1 ml, roztwór do wstrzykiwań dla psów i kotów, Domitor 1 mg/ml - Injektionslösung für Hunde und Katzen, Domitor 1 mg/ml Oplossing voor injectie, Domitor 1 mg/ml Solution injectable, Domitor 1 mg/ml injekčný roztok, Domitor 1 mg/ml oldatos injekció kutyáknak és macskáknak A.U.V., Domitor 1 mg/ml solution for injection, Domitor 1 mg/ml soluzione iniettabile per cani e gatti, Domitor Vet 1 mg/ml injekcinis tirpalas, Domitor Vet 1 mg/ml šķīdums injekcijām, Domitor Vet, 1 mg/ml süstelahus, Domitor Vet. 1 mg/ml injektionsvæske, opløsning, Domitor vet 1 mg/ml injektioneste, liuos, Domitor vet. 1 mg/ml Injektionsvätska, lösning, Domitor vet. 1 mg/ml injeksjonsvæske, oppløsning til hund og katt, MARBO FD, MARBOCYL FD 10MG/ML ΚΟΝΙΣ ΚΑΙ ΔΙΑΛΥΤΗΣ ΓΙΑ ΕΝΕΣΙΜΟ ΔΙΑΛΥΜΑ, MARBOCYL FD, Lyofilizát a rozpouštědlo pro injekční roztok, Marbocyl FD, süstelahuse pulber ja lahusti, Metacam 5 mg/ml - Solution for injection (cats, dogs), Metacam 5 mg/ml - Solution for injection (cattle, pigs), Metacam 5 mg/ml - Solution for injection (dogs), VETERGESIC MULTIDOSE, 0.3MG/ML, SOLUTION FOR INJECTION FOR DOGS AND CATS, Домитор Вет 1 mg/ml инжекционен разтвор за кучета и котки","Abnormal pupil light reflex, Anisocoria, Cranial nerve paralysis, Death by euthanasia, Flaccid paralysis, Horner's syndrome, Mydriasis, Respiratory arrest, Stiffness limb",1,1,1
FR-ANMV-12 CPVL 02270,"<a target=""_blank""  href=""/xmlpserver/EVVET3 PW NEW/Subject Area Contents/Public Website/Report (PDF)/AER.xdo?_xpf=&_xpt=1&_params%2FOracle%20BI%20EE%3A%3ADefaultApp%3A%3AEVVET3%20PR%20NEW%2FAER%3A%3Adimension%2FAER%20Id%3A%3Aattribute%3A%3Anoaggr%3A%3Axsd%3Adouble=338238&_xt=AER&_xf=pdf""> AER </a>",2012-11-16 00:00:00,Veterinarian,France,MALE,Cattle,Charolais,"Metacam 20 mg/ml - Solution for injection (cattle, pigs, horses), Zuprevo 180 mg/ml - Solution for injection","Cutaneous oedema, Eyelid oedema, Facial oedema, Periorbital oedema (see also Immune system disorders), Pinnal oedema, Pruritus",1,33,
FR-ANMV-12 CPVL 02273,"<a target=""_blank""  href=""/xmlpserver/EVVET3 PW NEW/Subject Area Contents/Public Website/Report (PDF)/AER.xdo?_xpf=&_xpt=1&_params%2FOracle%20BI%20EE%3A%3ADefaultApp%3A%3AEVVET3%20PR%20NEW%2FAER%3A%3Adimension%2FAER%20Id%3A%3Aattribute%3A%3Anoaggr%3A%3Axsd%3Adouble=338300&_xt=AER&_xf=pdf""> AER </a>",2012-11-16 00:00:00,Veterinarian,France,FEMALE,Cat,European,"CLORKETAM 1000, Clorketam 1000, solução injetável, Dorbene vet 1 mg/ml solution for injection for dogs and cats, Metacam 5 mg/ml - Solution for injection (cats, dogs), Metacam 5 mg/ml - Solution for injection (cattle, pigs), Metacam 5 mg/ml - Solution for injection (dogs)","Anorexia, Dehydration, Depression, Elevated alanine aminotransferase (ALT), Elevated blood urea nitrogen (BUN), Elevated creatinine, Hyperglycaemia, Icterus, Shock, Vomiting",1,1,
FR-ANMV-12 CPVL 02335,"<a target=""_blank""  href=""/xmlpserver/EVVET3 PW NEW/Subject Area Contents/Public Website/Report (PDF)/AER.xdo?_xpf=&_xpt=1&_params%2FOracle%20BI%20EE%3A%3ADefaultApp%3A%3AEVVET3%20PR%20NEW%2FAER%3A%3Adimension%2FAER%20Id%3A%3Aattribute%3A%3Anoaggr%3A%3Axsd%3Adouble=339710&_xt=AER&_xf=pdf""> AER </a>",2012-11-26 00:00:00,Veterinarian,France,UNKNOWN,Dog,Retriever - Labrador,"Metacam 20 mg/ml - Solution for injection (cattle, pigs, horses)","Amaurosis (see also PT Impaired vision), Ataxia, Mydriasis, Vomiting",1,1,
FR-ANMV-12 CPVL 02373,"<a target=""_blank""  href=""/xmlpserver/EVVET3 PW NEW/Subject Area Contents/Public Website/Report (PDF)/AER.xdo?_xpf=&_xpt=1&_params%2FOracle%20BI%20EE%3A%3ADefaultApp%3A%3AEVVET3%20PR%20NEW%2FAER%3A%3Adimension%2FAER%20Id%3A%3Aattribute%3A%3Anoaggr%3A%3Axsd%3Adouble=343801&_xt=AER&_xf=pdf""> AER </a>",2012-12-17 00:00:00,Veterinarian,France,FEMALE,Dog,Retriever - Labrador,"CARPRODYL F 100 MG COMPRIME POUR CHIENS, Metacam 5 mg/ml - Solution for injection (cats, dogs), Metacam 5 mg/ml - Solution for injection (cattle, pigs), Metacam 5 mg/ml - Solution for injection (dogs)","Decubitus, Hyperthermia, Injection site oedema, Oedema of the extremities (see also other SOCs for most applicable oedema), Pain NOS, Polydipsia, Polypnoea, Polyuria",1,1,1
FR-ANMV-12 CPVL 02463,"<a target=""_blank""  href=""/xmlpserver/EVVET3 PW NEW/Subject Area Contents/Public Website/Report (PDF)/AER.xdo?_xpf=&_xpt=1&_params%2FOracle%20BI%20EE%3A%3ADefaultApp%3A%3AEVVET3%20PR%20NEW%2FAER%3A%3Adimension%2FAER%20Id%3A%3Aattribute%3A%3Anoaggr%3A%3Axsd%3Adouble=343903&_xt=AER&_xf=pdf""> AER </a>",2012-12-17 00:00:00,Veterinarian,France,UNKNOWN,Cat,Unknown,"MARBO FD, MARBOCYL FD 10MG/ML ΚΟΝΙΣ ΚΑΙ ΔΙΑΛΥΤΗΣ ΓΙΑ ΕΝΕΣΙΜΟ ΔΙΑΛΥΜΑ, MARBOCYL FD, Lyofilizát a rozpouštědlo pro injekční roztok, Marbocyl FD, süstelahuse pulber ja lahusti, Meloxidyl 5 mg/ml  - Solution for injection","Convulsion, Hypersalivation, Opisthotonus, Panting, Vomiting",1,1,
FR-BAH-2012-134115,"<a target=""_blank""  href=""/xmlpserver/EVVET3 PW NEW/Subject Area Contents/Public Website/Report (PDF)/AER.xdo?_xpf=&_xpt=1&_params%2FOracle%20BI%20EE%3A%3ADefaultApp%3A%3AEVVET3%20PR%20NEW%2FAER%3A%3Adimension%2FAER%20Id%3A%3Aattribute%3A%3Anoaggr%3A%3Axsd%3Adouble=323051&_xt=AER&_xf=pdf""> AER </a>",2012-08-23 00:00:00,Veterinarian,France,UNKNOWN,Dog,Crossbred Canine/dog,"BAYTRIL S 250 MG, MARBO FD, MARBOCYL FD 10MG/ML ΚΟΝΙΣ ΚΑΙ ΔΙΑΛΥΤΗΣ ΓΙΑ ΕΝΕΣΙΜΟ ΔΙΑΛΥΜΑ, MARBOCYL FD, Lyofilizát a rozpouštědlo pro injekční roztok, Marbocyl FD, süstelahuse pulber ja lahusti, Metacam 2.5 mg - Chewable tablet (dogs)","Death by euthanasia, Hyperactivity, Hyperthermia, Nystagmus, Ptyalism, Tetany",1,1,1
FR-DEBIAHP-2012FR00043,"<a target=""_blank""  href=""/xmlpserver/EVVET3 PW NEW/Subject Area Contents/Public Website/Report (PDF)/AER.xdo?_xpf=&_xpt=1&_params%2FOracle%20BI%20EE%3A%3ADefaultApp%3A%3AEVVET3%20PR%20NEW%2FAER%3A%3Adimension%2FAER%20Id%3A%3Aattribute%3A%3Anoaggr%3A%3Axsd%3Adouble=302953&_xt=AER&_xf=pdf""> AER </a>",2012-03-29 00:00:00,Veterinarian,France,MALE,Cat,European,"BAYTRIL 5 % SOLUTION INJECTABLE, Metacam 2 mg/ml - Solution for injection (cats)","Anorexia, Gastric perforation, Pancreatitis NOS, Vomiting, Weight loss",1,1,
FR-DEBIAHP-2012FR00055,"<a target=""_blank""  href=""/xmlpserver/EVVET3 PW NEW/Subject Area Contents/Public Website/Report (PDF)/AER.xdo?_xpf=&_xpt=1&_params%2FOracle%20BI%20EE%3A%3ADefaultApp%3A%3AEVVET3%20PR%20NEW%2FAER%3A%3Adimension%2FAER%20Id%3A%3Aattribute%3A%3Anoaggr%3A%3Axsd%3Adouble=304805&_xt=AER&_xf=pdf""> AER </a>",2012-04-10 00:00:00,Veterinarian,France,MALE,Dog,Unknown,Metacam 1.5 mg/ml - Oral suspension (dogs),"Blood in faeces, Death by euthanasia, Elevated liver enzymes NOS, Gastric dilation, Haemorrhagic gastroenteritis, Hypoproteinaemia",1,1,1
FR-DEBIAHP-2012FR00087,"<a target=""_blank""  href=""/xmlpserver/EVVET3 PW NEW/Subject Area Contents/Public Website/Report (PDF)/AER.xdo?_xpf=&_xpt=1&_params%2FOracle%20BI%20EE%3A%3ADefaultApp%3A%3AEVVET3%20PR%20NEW%2FAER%3A%3Adimension%2FAER%20Id%3A%3Aattribute%3A%3Anoaggr%3A%3Axsd%3Adouble=317929&_xt=AER&_xf=pdf""> AER </a>",2012-07-05 00:00:00,Veterinarian,France,FEMALE,Cat,Cat (other),"Metacam 0.5 mg/ml - Oral suspension (cats, guinea pigs), Metacam 0.5 mg/ml - Oral suspension (dogs), TRAUMASEDYL PA SOLUTION BUVABLE","Abortion, Peritonitis, Pyometra",1,1,
FR-DEBIAHP-2012FR00125,"<a target=""_blank""  href=""/xmlpserver/EVVET3 PW NEW/Subject Area Contents/Public Website/Report (PDF)/AER.xdo?_xpf=&_xpt=1&_params%2FOracle%20BI%20EE%3A%3ADefaultApp%3A%3AEVVET3%20PR%20NEW%2FAER%3A%3Adimension%2FAER%20Id%3A%3Aattribute%3A%3Anoaggr%3A%3Axsd%3Adouble=341601&_xt=AER&_xf=pdf""> AER </a>",2012-12-04 00:00:00,Veterinarian,France,FEMALE,Cattle,Cattle (other),"COFACALCIUM SOLUTION INJECTABLE, COFACALCIUM, injekcinis tirpalas, COFACALCIUM, soluție injectabilă, Cofacalcium oldatos injekció A.U.V., Metacam 20 mg/ml - Solution for injection (cattle, pigs, horses)",Found dead,1,1,1
FR-DEBIAHP-2012FR00129,"<a target=""_blank""  href=""/xmlpserver/EVVET3 PW NEW/Subject Area Contents/Public Website/Report (PDF)/AER.xdo?_xpf=&_xpt=1&_params%2FOracle%20BI%20EE%3A%3ADefaultApp%3A%3AEVVET3%20PR%20NEW%2FAER%3A%3Adimension%2FAER%20Id%3A%3Aattribute%3A%3Anoaggr%3A%3Axsd%3Adouble=331293&_xt=AER&_xf=pdf""> AER </a>",2012-10-31 00:00:00,Veterinarian,France,FEMALE,Cat,Chartreuse,"CLAMOXYL L.A. Инжекционен, CLAMOXYL L.A., Injekční suspenze, CLAMOXYL LA, CLAMOXYL LA Sospensione iniettabile, 150 mg/ml , per cani e gatti, CLAMOXYL LA ΕΝΕΣΙΜΟ ΕΝΑΙΩΡΗΜΑ, CLAVASEPTIN 50MG PALATABLE TABLETS FOR DOGS AND CATS, Clamoxyl L.A. 150 mg/ml Zawiesina do wstrzykiwań, Clamoxyl LA, Clamoxyl LA 150 mg/ ml suspensão injetável para bovinos, ovinos, caprinos, suínos, cães e gatos, Clamoxyl LA 150 mg/ml injekčná suspenzia, DEXADRESON, DEXADRESON 2 MG/ML SOLUTION INJECTABLE POUR CHEVAUX BOVINS CAPRINS PORCINS CHIENS ET CHATS, DEXADRESON 2 mg/ml injekčný roztok, DEXADRESON 2MG/ML ΕΝΕΣΙΜΟ ΔΙΑΛΥΜΑ, DEXADRESON, 2 mg/ml Soluzione iniettabile per cavalli non destinati alla produzione di alimenti per il consumo umano, cani e gatti, DEXADRESON, 2 mg/ml Soluzione iniettabile per cavalli, bovini, suini, capre, cani e gatti, Dexadreson 2 mg/ml oldatos injekció szarvasmarhák,lovak,sertések,kutyák és macskák részére A.U.V., Dexadreson 2 mg/ml solution for injection, Dexadreson 2 mg/ml, ενέσιμο διάλυμα, Dexadreson 2,0 mg/ml oplossing voor injectie voor hond en kat, Dexadreson 2,0 mg/ml oplossing voor injectie voor rund, Dexadreson Vet. 2 mg/ml injektionsvæske, opløsning, Dexadreson, 2mg/ml, Injekční roztok, Dexadreson® vet., solution for injection, LAURABOLIN P.A., Metacam 0.5 mg/ml - Oral suspension (cats, guinea pigs), Metacam 0.5 mg/ml - Oral suspension (dogs), Metacam 5 mg/ml - Solution for injection (cats, dogs), Metacam 5 mg/ml - Solution for injection (cattle, pigs), Metacam 5 mg/ml - Solution for injection (dogs), Onsior 20 mg/ml  - Solution for injection (cats and dogs), Onsior 6 mg  - Tablet (cats)","Anorexia, Apathy, Death, Dyspnoea, Gastric ulcer, Hypothermia, Pleural effusion",1,1,1
FR-DEBIAHP-2012FR00153,"<a target=""_blank""  href=""/xmlpserver/EVVET3 PW NEW/Subject Area Contents/Public Website/Report (PDF)/AER.xdo?_xpf=&_xpt=1&_params%2FOracle%20BI%20EE%3A%3ADefaultApp%3A%3AEVVET3%20PR%20NEW%2FAER%3A%3Adimension%2FAER%20Id%3A%3Aattribute%3A%3Anoaggr%3A%3Axsd%3Adouble=341613&_xt=AER&_xf=pdf""> AER </a>",2012-12-04 00:00:00,Veterinarian,France,MALE,Cat,Bengal,"Metacam 0.5 mg/ml - Oral suspension (cats, guinea pigs), Metacam 0.5 mg/ml - Oral suspension (dogs), TOLFEDINE 4 % SOLUTION INJECTABLE","Blood and lymphatic system disorder NOS, Death, Depression, Dyspnoea, Hyperthermia",1,1,1
FR-EURO25PV-120176,"<a target=""_blank""  href=""/xmlpserver/EVVET3 PW NEW/Subject Area Contents/Public Website/Report (PDF)/AER.xdo?_xpf=&_xpt=1&_params%2FOracle%20BI%20EE%3A%3ADefaultApp%3A%3AEVVET3%20PR%20NEW%2FAER%3A%3Adimension%2FAER%20Id%3A%3Aattribute%3A%3Anoaggr%3A%3Axsd%3Adouble=324780&_xt=AER&_xf=pdf""> AER </a>",2012-09-05 00:00:00,Veterinarian,France,FEMALE,Dog,Rottweiler,"Comfortan 10 mg/ml Solution injectable, Comfortan 10 mg/ml solution for injection for dogs and cats, IMALGENE 1000, IMALGENE 1000 100MG/ML ΕΝΕΣΙΜΟ ΔΙΑΛΥΜΑ, Imalgene 1000 100 mg/ ml solução injetável para cães e gatos, Metacam 5 mg/ml - Solution for injection (cats, dogs), Metacam 5 mg/ml - Solution for injection (cattle, pigs), Metacam 5 mg/ml - Solution for injection (dogs), RILEXINE POUDRE INJECTABLE 1 G, SEDATOR, 1.0 mg/ml, solution for injection for cats and dogs, Sedator, 1.0 mg/ml, solution for injection for cats and dogs","Cardiac arrest, Respiratory arrest, Tachycardia",1,1,
FR-FRMERIAL-11FR000825,"<a target=""_blank""  href=""/xmlpserver/EVVET3 PW NEW/Subject Area Contents/Public Website/Report (PDF)/AER.xdo?_xpf=&_xpt=1&_params%2FOracle%20BI%20EE%3A%3ADefaultApp%3A%3AEVVET3%20PR%20NEW%2FAER%3A%3Adimension%2FAER%20Id%3A%3Aattribute%3A%3Anoaggr%3A%3Axsd%3Adouble=292083&_xt=AER&_xf=pdf""> AER </a>",2012-01-13 00:00:00,Veterinarian,France,FEMALE,Dog,Bichon Frise,"Metacam 0.5 mg/ml - Oral suspension (cats, guinea pigs), Metacam 0.5 mg/ml - Oral suspension (dogs), Metacam 1 mg - Chewable tablet (dogs), Metacam 1.5 mg/ml - Oral suspension (dogs), Metacam 15 mg/ml - Oral suspension (horses), Metacam 15 mg/ml - Oral suspension (pigs), Metacam 2 mg/ml - Solution for injection (cats), Metacam 2.5 mg - Chewable tablet (dogs), Metacam 20 mg/ml - Solution for injection (cattle, pigs, horses), Metacam 40 mg/ml - Solution for injection (cattle, horses), Metacam 5 mg/ml - Solution for injection (cats, dogs), Metacam 5 mg/ml - Solution for injection (cattle, pigs), Metacam 5 mg/ml - Solution for injection (dogs)","Ataxia, Lethargy (see also Central nervous system depression in Neurological), Localised pain NOS (see other SOCs for specific pain), Neurological signs NOS, Panting, Proprioception deficit",1,1,
FR-NLINTVINT-2012-FR-00188,"<a target=""_blank""  href=""/xmlpserver/EVVET3 PW NEW/Subject Area Contents/Public Website/Report (PDF)/AER.xdo?_xpf=&_xpt=1&_params%2FOracle%20BI%20EE%3A%3ADefaultApp%3A%3AEVVET3%20PR%20NEW%2FAER%3A%3Adimension%2FAER%20Id%3A%3Aattribute%3A%3Anoaggr%3A%3Axsd%3Adouble=308024&_xt=AER&_xf=pdf""> AER </a>",2012-04-30 00:00:00,Veterinarian,France,MALE,Dog,Bulldog - French,"DERMIPRED 10 MG TABLETS FOR DOGS, Metacam 1 mg - Chewable tablet (dogs), Metacam 5 mg/ml - Solution for injection (cats, dogs), Metacam 5 mg/ml - Solution for injection (cattle, pigs), Metacam 5 mg/ml - Solution for injection (dogs), PHOSPHALUVET GEL ORAL, SOLU-MEDROL 40 MG, Zitac vet 100 mg tablet for dogs","Apathy, Cutaneous oedema, Death, Eruption, Gastroenteritis, Haemorrhagic diarrhoea, Hyperthermia, Injection site lump, Injection site pain, Vomiting",1,1,1
FR-SOGEVAL-12 SGVL 00124,"<a target=""_blank""  href=""/xmlpserver/EVVET3 PW NEW/Subject Area Contents/Public Website/Report (PDF)/AER.xdo?_xpf=&_xpt=1&_params%2FOracle%20BI%20EE%3A%3ADefaultApp%3A%3AEVVET3%20PR%20NEW%2FAER%3A%3Adimension%2FAER%20Id%3A%3Aattribute%3A%3Anoaggr%3A%3Axsd%3Adouble=344049&_xt=AER&_xf=pdf""> AER </a>",2012-12-18 00:00:00,Veterinarian,France,MALE,Dog,Terrier - Scottish,"Loxicom 5 mg/ml  - Solution for injection (cats, dogs)","Death, Somnolence",1,1,1
FR-UKPFIZAH-2011-FR-00400,"<a target=""_blank""  href=""/xmlpserver/EVVET3 PW NEW/Subject Area Contents/Public Website/Report (PDF)/AER.xdo?_xpf=&_xpt=1&_params%2FOracle%20BI%20EE%3A%3ADefaultApp%3A%3AEVVET3%20PR%20NEW%2FAER%3A%3Adimension%2FAER%20Id%3A%3Aattribute%3A%3Anoaggr%3A%3Axsd%3Adouble=302691&_xt=AER&_xf=pdf""> AER </a>",2012-03-26 00:00:00,Veterinarian,France,FEMALE,Horse,Unknown,"Metacam 20 mg/ml - Solution for injection (cattle, pigs, horses)","Anaphylaxis, Death, Shock",1,1,1
FR-UKPFIZAH-2012-FR-00278,"<a target=""_blank""  href=""/xmlpserver/EVVET3 PW NEW/Subject Area Contents/Public Website/Report (PDF)/AER.xdo?_xpf=&_xpt=1&_params%2FOracle%20BI%20EE%3A%3ADefaultApp%3A%3AEVVET3%20PR%20NEW%2FAER%3A%3Adimension%2FAER%20Id%3A%3Aattribute%3A%3Anoaggr%3A%3Axsd%3Adouble=321143&_xt=AER&_xf=pdf""> AER </a>",2012-08-03 00:00:00,Veterinarian,France,MALE,Cat,Unknown,"Convenia 80 mg/ml  - Powder and solvent for solution for injection, ESTOCELAN INJECTABLE, Metacam 0.5 mg/ml - Oral suspension (cats, guinea pigs), Metacam 0.5 mg/ml - Oral suspension (dogs), Metacam 1 mg - Chewable tablet (dogs), Metacam 1.5 mg/ml - Oral suspension (dogs), Metacam 15 mg/ml - Oral suspension (horses), Metacam 15 mg/ml - Oral suspension (pigs), Metacam 2 mg/ml - Solution for injection (cats), Metacam 2.5 mg - Chewable tablet (dogs), Metacam 20 mg/ml - Solution for injection (cattle, pigs, horses), Metacam 40 mg/ml - Solution for injection (cattle, horses), Metacam 5 mg/ml - Solution for injection (cats, dogs), Metacam 5 mg/ml - Solution for injection (cattle, pigs), Metacam 5 mg/ml - Solution for injection (dogs)","Abdominal pain, Drooling, Head tremor, Hypersalivation, Pulmonary oedema, Weakness",1,1,
FR-VETOQUINOL-6787/7047/FR  / 12 VTQL 00026,"<a target=""_blank""  href=""/xmlpserver/EVVET3 PW NEW/Subject Area Contents/Public Website/Report (PDF)/AER.xdo?_xpf=&_xpt=1&_params%2FOracle%20BI%20EE%3A%3ADefaultApp%3A%3AEVVET3%20PR%20NEW%2FAER%3A%3Adimension%2FAER%20Id%3A%3Aattribute%3A%3Anoaggr%3A%3Axsd%3Adouble=293382&_xt=AER&_xf=pdf""> AER </a>",2012-01-24 00:00:00,Veterinarian,France,UNKNOWN,Dog,Shih Tzu,"Cimalgex 8 mg - Chewable tablet, Metacam 2 mg/ml - Solution for injection (cats), Metacam 20 mg/ml - Solution for injection (cattle, pigs, horses), Metacam 40 mg/ml - Solution for injection (cattle, horses), Metacam 5 mg/ml - Solution for injection (cats, dogs), Metacam 5 mg/ml - Solution for injection (cattle, pigs), Metacam 5 mg/ml - Solution for injection (dogs)","Cyanosis, Death, Pulmonary haemorrhage, Respiratory distress",1,1,1
FRA-CEVAPROD-00010,"<a target=""_blank""  href=""/xmlpserver/EVVET3 PW NEW/Subject Area Contents/Public Website/Report (PDF)/AER.xdo?_xpf=&_xpt=1&_params%2FOracle%20BI%20EE%3A%3ADefaultApp%3A%3AEVVET3%20PR%20NEW%2FAER%3A%3Adimension%2FAER%20Id%3A%3Aattribute%3A%3Anoaggr%3A%3Axsd%3Adouble=316833&_xt=AER&_xf=pdf""> AER </a>",2012-06-28 00:00:00,Animal owner,France,MALE,Dog,Setter - English,Meloxidyl 5 mg/ml  - Solution for injection,"Agitation, Application site itching, Self mutilation",1,1,
FRA-CEVAPROD-00036,"<a target=""_blank""  href=""/xmlpserver/EVVET3 PW NEW/Subject Area Contents/Public Website/Report (PDF)/AER.xdo?_xpf=&_xpt=1&_params%2FOracle%20BI%20EE%3A%3ADefaultApp%3A%3AEVVET3%20PR%20NEW%2FAER%3A%3Adimension%2FAER%20Id%3A%3Aattribute%3A%3Anoaggr%3A%3Axsd%3Adouble=319058&_xt=AER&_xf=pdf""> AER </a>",2012-07-17 00:00:00,Veterinarian,France,MALE,Dog,Retriever - Golden,Meloxidyl 1.5 mg/ml  - Oral suspension,"Acute renal failure, Death, Elevated blood urea nitrogen (BUN), Elevated creatinine, Vomiting",1,1,1
GB-DEBIAHP-2011UK00084,"<a target=""_blank""  href=""/xmlpserver/EVVET3 PW NEW/Subject Area Contents/Public Website/Report (PDF)/AER.xdo?_xpf=&_xpt=1&_params%2FOracle%20BI%20EE%3A%3ADefaultApp%3A%3AEVVET3%20PR%20NEW%2FAER%3A%3Adimension%2FAER%20Id%3A%3Aattribute%3A%3Anoaggr%3A%3Axsd%3Adouble=298427&_xt=AER&_xf=pdf""> AER </a>",2012-02-24 00:00:00,Other health care professional,United Kingdom,MALE,Dog,Bulldog,"Metacam 5 mg/ml - Solution for injection (cats, dogs), Metacam 5 mg/ml - Solution for injection (cattle, pigs), Metacam 5 mg/ml - Solution for injection (dogs)","Appetite loss, Found dead, Hyperthermia, Lethargy (see also Central nervous system depression in Neurological), Vomiting",1,1,1
GB-DEBIAHP-2011UK00085,"<a target=""_blank""  href=""/xmlpserver/EVVET3 PW NEW/Subject Area Contents/Public Website/Report (PDF)/AER.xdo?_xpf=&_xpt=1&_params%2FOracle%20BI%20EE%3A%3ADefaultApp%3A%3AEVVET3%20PR%20NEW%2FAER%3A%3Adimension%2FAER%20Id%3A%3Aattribute%3A%3Anoaggr%3A%3Axsd%3Adouble=297301&_xt=AER&_xf=pdf""> AER </a>",2012-02-17 00:00:00,Other health care professional,United Kingdom,FEMALE,Cattle,Unknown,"Metacam 20 mg/ml - Solution for injection (cattle, pigs, horses), Micotil 300 mg/ml Solution for Injection",Abortion,1,1,1
GB-DEBIAHP-2011UK00117,"<a target=""_blank""  href=""/xmlpserver/EVVET3 PW NEW/Subject Area Contents/Public Website/Report (PDF)/AER.xdo?_xpf=&_xpt=1&_params%2FOracle%20BI%20EE%3A%3ADefaultApp%3A%3AEVVET3%20PR%20NEW%2FAER%3A%3Adimension%2FAER%20Id%3A%3Aattribute%3A%3Anoaggr%3A%3Axsd%3Adouble=296416&_xt=AER&_xf=pdf""> AER </a>",2012-02-13 00:00:00,Other health care professional,United Kingdom,FEMALE,Dog,Dogue de Bordeaux,"Metacam 1.5 mg/ml - Oral suspension (dogs), Metacam 5 mg/ml - Solution for injection (cats, dogs), Metacam 5 mg/ml - Solution for injection (cattle, pigs), Metacam 5 mg/ml - Solution for injection (dogs)","Death, Dyspnoea, Lethargy (see also Central nervous system depression in Neurological), Perinatal mortality NOS",13,13,13
GB-DEBIAHP-2011UK00149,"<a target=""_blank""  href=""/xmlpserver/EVVET3 PW NEW/Subject Area Contents/Public Website/Report (PDF)/AER.xdo?_xpf=&_xpt=1&_params%2FOracle%20BI%20EE%3A%3ADefaultApp%3A%3AEVVET3%20PR%20NEW%2FAER%3A%3Adimension%2FAER%20Id%3A%3Aattribute%3A%3Anoaggr%3A%3Axsd%3Adouble=294762&_xt=AER&_xf=pdf""> AER </a>",2012-02-03 00:00:00,Other health care professional,United Kingdom,MALE,Dog,Bichon Frise,Metacam 1.5 mg/ml - Oral suspension (dogs),"Appetite loss, Cyanosis, Death, Elevated renal parameters, Haematemesis, Haemorrhagic diarrhoea, Oral ulceration, Seizure NOS",1,1,1
GB-DEBIAHP-2011UK00334,"<a target=""_blank""  href=""/xmlpserver/EVVET3 PW NEW/Subject Area Contents/Public Website/Report (PDF)/AER.xdo?_xpf=&_xpt=1&_params%2FOracle%20BI%20EE%3A%3ADefaultApp%3A%3AEVVET3%20PR%20NEW%2FAER%3A%3Adimension%2FAER%20Id%3A%3Aattribute%3A%3Anoaggr%3A%3Axsd%3Adouble=294763&_xt=AER&_xf=pdf""> AER </a>",2012-02-03 00:00:00,Other health care professional,United Kingdom,MALE,Dog,Terrier - West Highland White,"Dexadreson 2 mg/ml solution for injection, Metacam 1.5 mg/ml - Oral suspension (dogs), Metacam 5 mg/ml - Solution for injection (cats, dogs), Metacam 5 mg/ml - Solution for injection (cattle, pigs), Metacam 5 mg/ml - Solution for injection (dogs)","Acute renal failure, Circulatory shock, Death by euthanasia, Elevated renal parameters, Emesis, Hypothermia, Retching",1,1,1
GB-DEBIAHP-2011UK00364,"<a target=""_blank""  href=""/xmlpserver/EVVET3 PW NEW/Subject Area Contents/Public Website/Report (PDF)/AER.xdo?_xpf=&_xpt=1&_params%2FOracle%20BI%20EE%3A%3ADefaultApp%3A%3AEVVET3%20PR%20NEW%2FAER%3A%3Adimension%2FAER%20Id%3A%3Aattribute%3A%3Anoaggr%3A%3Axsd%3Adouble=292725&_xt=AER&_xf=pdf""> AER </a>",2012-01-20 00:00:00,Other health care professional,United Kingdom,FEMALE,Dog,Chihuahua,"Metacam 1.5 mg/ml - Oral suspension (dogs), Metacam 5 mg/ml - Solution for injection (cats, dogs), Metacam 5 mg/ml - Solution for injection (cattle, pigs), Metacam 5 mg/ml - Solution for injection (dogs), Sedastart 1 mg/ml oplossing voor injectie voor honden en katten, Sedastop 5 mg/ml oplossing voor injectie voor honden en katten","Acute renal failure, Anorexia, Anuria, Death by euthanasia, Depression, Diarrhoea, Hind limb ataxia, Hypothermia, Polyuria, Pyrexia, Vomiting",1,1,1
GB-DEBIAHP-2011UK00367,"<a target=""_blank""  href=""/xmlpserver/EVVET3 PW NEW/Subject Area Contents/Public Website/Report (PDF)/AER.xdo?_xpf=&_xpt=1&_params%2FOracle%20BI%20EE%3A%3ADefaultApp%3A%3AEVVET3%20PR%20NEW%2FAER%3A%3Adimension%2FAER%20Id%3A%3Aattribute%3A%3Anoaggr%3A%3Axsd%3Adouble=291423&_xt=AER&_xf=pdf""> AER </a>",2012-01-09 00:00:00,Other health care professional,United Kingdom,FEMALE,Cat,Unknown,"Metacam 0.5 mg/ml - Oral suspension (cats, guinea pigs), Metacam 0.5 mg/ml - Oral suspension (dogs), Metacam 2 mg/ml - Solution for injection (cats), Metacam 20 mg/ml - Solution for injection (cattle, pigs, horses)","Anorexia, Elevated renal parameters",1,1,
GB-DEBIAHP-2012UK00014,"<a target=""_blank""  href=""/xmlpserver/EVVET3 PW NEW/Subject Area Contents/Public Website/Report (PDF)/AER.xdo?_xpf=&_xpt=1&_params%2FOracle%20BI%20EE%3A%3ADefaultApp%3A%3AEVVET3%20PR%20NEW%2FAER%3A%3Adimension%2FAER%20Id%3A%3Aattribute%3A%3Anoaggr%3A%3Axsd%3Adouble=292723&_xt=AER&_xf=pdf""> AER </a>",2012-01-20 00:00:00,Other health care professional,United Kingdom,MALE,Hamster,European Hamster,"Metacam 0.5 mg/ml - Oral suspension (cats, guinea pigs), Metacam 0.5 mg/ml - Oral suspension (dogs)","Death, Laboured breathing",1,1,1
GB-DEBIAHP-2012UK00015,"<a target=""_blank""  href=""/xmlpserver/EVVET3 PW NEW/Subject Area Contents/Public Website/Report (PDF)/AER.xdo?_xpf=&_xpt=1&_params%2FOracle%20BI%20EE%3A%3ADefaultApp%3A%3AEVVET3%20PR%20NEW%2FAER%3A%3Adimension%2FAER%20Id%3A%3Aattribute%3A%3Anoaggr%3A%3Axsd%3Adouble=293601&_xt=AER&_xf=pdf""> AER </a>",2012-01-26 00:00:00,Other health care professional,United Kingdom,FEMALE,Cat,Unknown,"Convenia 80 mg/ml  - Powder and solvent for solution for injection, Metacam 0.5 mg/ml - Oral suspension (cats, guinea pigs), Metacam 0.5 mg/ml - Oral suspension (dogs)","Acute renal failure, Anorexia, Cellulitis, Death by euthanasia, Depression, Disorientation, High blood pressure, Lethargy (see also Central nervous system depression in Neurological), Melaena, Pyrexia",1,1,2
GB-DEBIAHP-2012UK00016,"<a target=""_blank""  href=""/xmlpserver/EVVET3 PW NEW/Subject Area Contents/Public Website/Report (PDF)/AER.xdo?_xpf=&_xpt=1&_params%2FOracle%20BI%20EE%3A%3ADefaultApp%3A%3AEVVET3%20PR%20NEW%2FAER%3A%3Adimension%2FAER%20Id%3A%3Aattribute%3A%3Anoaggr%3A%3Axsd%3Adouble=291931&_xt=AER&_xf=pdf""> AER </a>",2012-01-13 00:00:00,Other health care professional,United Kingdom,MALE,Cat,Unknown,"Antisedan 5 mg/ml solution for injection, Convenia 80 mg/ml  - Powder and solvent for solution for injection, Domitor 1 mg/ml solution for injection, Domitor 1 mg/ml soluzione iniettabile per cani e gatti, Metacam 0.5 mg/ml - Oral suspension (cats, guinea pigs), Metacam 0.5 mg/ml - Oral suspension (dogs), Metacam 2 mg/ml - Solution for injection (cats), Metacam 20 mg/ml - Solution for injection (cattle, pigs, horses), Vetofol 10 mg/ml Emulsion for Injection for Cats and Dogs, Vetofol 10mg/ml Emulsion for Injection for cats and dogs","Dehydration, Diarrhoea, Elevated renal parameters, Hyperkalaemia, Not drinking, Not eating, Vomiting",1,1,
GB-DEBIAHP-2012UK00018,"<a target=""_blank""  href=""/xmlpserver/EVVET3 PW NEW/Subject Area Contents/Public Website/Report (PDF)/AER.xdo?_xpf=&_xpt=1&_params%2FOracle%20BI%20EE%3A%3ADefaultApp%3A%3AEVVET3%20PR%20NEW%2FAER%3A%3Adimension%2FAER%20Id%3A%3Aattribute%3A%3Anoaggr%3A%3Axsd%3Adouble=292709&_xt=AER&_xf=pdf""> AER </a>",2012-01-20 00:00:00,Other health care professional,United Kingdom,MALE,Cat,Unknown,"Metacam 2 mg/ml - Solution for injection (cats), Metacam 20 mg/ml - Solution for injection (cattle, pigs, horses)","Death by euthanasia, Elevated renal parameters",1,1,1
GB-DEBIAHP-2012UK00019,"<a target=""_blank""  href=""/xmlpserver/EVVET3 PW NEW/Subject Area Contents/Public Website/Report (PDF)/AER.xdo?_xpf=&_xpt=1&_params%2FOracle%20BI%20EE%3A%3ADefaultApp%3A%3AEVVET3%20PR%20NEW%2FAER%3A%3Adimension%2FAER%20Id%3A%3Aattribute%3A%3Anoaggr%3A%3Axsd%3Adouble=292710&_xt=AER&_xf=pdf""> AER </a>",2012-01-20 00:00:00,Other health care professional,United Kingdom,MALE,Dog,Terrier - Border,"Ceporex 250 mg tablets, voor honden, Metacam 1.5 mg/ml - Oral suspension (dogs), Metacam 5 mg/ml - Solution for injection (cats, dogs), Metacam 5 mg/ml - Solution for injection (cattle, pigs), Metacam 5 mg/ml - Solution for injection (dogs)","Anaemia NOS, Jaundice, Lethargy (see also Central nervous system depression in Neurological), Melaena, Restlessness, Weakness",1,1,
GB-DEBIAHP-2012UK00020,"<a target=""_blank""  href=""/xmlpserver/EVVET3 PW NEW/Subject Area Contents/Public Website/Report (PDF)/AER.xdo?_xpf=&_xpt=1&_params%2FOracle%20BI%20EE%3A%3ADefaultApp%3A%3AEVVET3%20PR%20NEW%2FAER%3A%3Adimension%2FAER%20Id%3A%3Aattribute%3A%3Anoaggr%3A%3Axsd%3Adouble=292909&_xt=AER&_xf=pdf""> AER </a>",2012-01-20 00:00:00,Other health care professional,United Kingdom,FEMALE,Dog,Greyhound,"Metacam 5 mg/ml - Solution for injection (cats, dogs), Metacam 5 mg/ml - Solution for injection (cattle, pigs), Metacam 5 mg/ml - Solution for injection (dogs)","Dehydration, Dullness, Elevated renal parameters, Lethargy (see also Central nervous system depression in Neurological), Not drinking, Not eating",3,3,
GB-DEBIAHP-2012UK00021,"<a target=""_blank""  href=""/xmlpserver/EVVET3 PW NEW/Subject Area Contents/Public Website/Report (PDF)/AER.xdo?_xpf=&_xpt=1&_params%2FOracle%20BI%20EE%3A%3ADefaultApp%3A%3AEVVET3%20PR%20NEW%2FAER%3A%3Adimension%2FAER%20Id%3A%3Aattribute%3A%3Anoaggr%3A%3Axsd%3Adouble=293761&_xt=AER&_xf=pdf""> AER </a>",2012-01-27 00:00:00,Other health care professional,United Kingdom,MALE,Dog,Crossbred Canine/dog,"Metacam 1.5 mg/ml - Oral suspension (dogs), Metacam 5 mg/ml - Solution for injection (cats, dogs), Metacam 5 mg/ml - Solution for injection (cattle, pigs), Metacam 5 mg/ml - Solution for injection (dogs)","Haemorrhagic diarrhoea, Vomiting",1,1,
GB-DEBIAHP-2012UK00028,"<a target=""_blank""  href=""/xmlpserver/EVVET3 PW NEW/Subject Area Contents/Public Website/Report (PDF)/AER.xdo?_xpf=&_xpt=1&_params%2FOracle%20BI%20EE%3A%3ADefaultApp%3A%3AEVVET3%20PR%20NEW%2FAER%3A%3Adimension%2FAER%20Id%3A%3Aattribute%3A%3Anoaggr%3A%3Axsd%3Adouble=294760&_xt=AER&_xf=pdf""> AER </a>",2012-02-03 00:00:00,Other health care professional,United Kingdom,FEMALE,Dog,Unknown,"Convenia 80 mg/ml  - Powder and solvent for solution for injection, Metacam 5 mg/ml - Solution for injection (cats, dogs), Metacam 5 mg/ml - Solution for injection (cattle, pigs), Metacam 5 mg/ml - Solution for injection (dogs)",Death by euthanasia,1,1,1
GB-DEBIAHP-2012UK00032,"<a target=""_blank""  href=""/xmlpserver/EVVET3 PW NEW/Subject Area Contents/Public Website/Report (PDF)/AER.xdo?_xpf=&_xpt=1&_params%2FOracle%20BI%20EE%3A%3ADefaultApp%3A%3AEVVET3%20PR%20NEW%2FAER%3A%3Adimension%2FAER%20Id%3A%3Aattribute%3A%3Anoaggr%3A%3Axsd%3Adouble=296321&_xt=AER&_xf=pdf""> AER </a>",2012-02-13 00:00:00,Other health care professional,United Kingdom,MALE,Cat,Unknown,"Metacam 0.5 mg/ml - Oral suspension (cats, guinea pigs), Metacam 0.5 mg/ml - Oral suspension (dogs)","Acute renal failure, Appetite loss, Death by euthanasia, Lethargy (see also Central nervous system depression in Neurological), Nystagmus, Vomiting",1,1,1
GB-DEBIAHP-2012UK00033,"<a target=""_blank""  href=""/xmlpserver/EVVET3 PW NEW/Subject Area Contents/Public Website/Report (PDF)/AER.xdo?_xpf=&_xpt=1&_params%2FOracle%20BI%20EE%3A%3ADefaultApp%3A%3AEVVET3%20PR%20NEW%2FAER%3A%3Adimension%2FAER%20Id%3A%3Aattribute%3A%3Anoaggr%3A%3Axsd%3Adouble=296413&_xt=AER&_xf=pdf""> AER </a>",2012-02-13 00:00:00,Other health care professional,United Kingdom,MALE,Cat,Unknown,"Convenia 80 mg/ml  - Powder and solvent for solution for injection, Metacam 0.5 mg/ml - Oral suspension (cats, guinea pigs), Metacam 0.5 mg/ml - Oral suspension (dogs)",Blindness,1,1,
GB-DEBIAHP-2012UK00038,"<a target=""_blank""  href=""/xmlpserver/EVVET3 PW NEW/Subject Area Contents/Public Website/Report (PDF)/AER.xdo?_xpf=&_xpt=1&_params%2FOracle%20BI%20EE%3A%3ADefaultApp%3A%3AEVVET3%20PR%20NEW%2FAER%3A%3Adimension%2FAER%20Id%3A%3Aattribute%3A%3Anoaggr%3A%3Axsd%3Adouble=300191&_xt=AER&_xf=pdf""> AER </a>",2012-03-08 00:00:00,Other health care professional,United Kingdom,FEMALE,Cat,Persian,"Metacam 0.5 mg/ml - Oral suspension (cats, guinea pigs), Metacam 0.5 mg/ml - Oral suspension (dogs)","Death by euthanasia, Elevated liver enzymes NOS, Elevated total bilirubin, Icterus, Liver failure",1,1,1
GB-DEBIAHP-2012UK00039,"<a target=""_blank""  href=""/xmlpserver/EVVET3 PW NEW/Subject Area Contents/Public Website/Report (PDF)/AER.xdo?_xpf=&_xpt=1&_params%2FOracle%20BI%20EE%3A%3ADefaultApp%3A%3AEVVET3%20PR%20NEW%2FAER%3A%3Adimension%2FAER%20Id%3A%3Aattribute%3A%3Anoaggr%3A%3Axsd%3Adouble=297300&_xt=AER&_xf=pdf""> AER </a>",2012-02-17 00:00:00,Other health care professional,United Kingdom,MALE,Cat,Unknown,"Metacam 2 mg/ml - Solution for injection (cats), Metacam 20 mg/ml - Solution for injection (cattle, pigs, horses), SYNULOX  RTU, SYNULOX RTU, SYNULOX RTU 140 mg/38,5 mg suspenzija za injiciranje, SYNULOX RTU 140/35 mg/ml injekčná suspenzia, SYNULOX RTU ενέσιμο εναιώρημα για βοοειδή, χοίρους, σκύλους και γάτες, SYNULOX RTU, Injekční suspenze, SYNULOX RTU, injekcinė suspensija galvijams, kiaulėms, šunims ir katėms, SYNULOX® RTU 140/35 mg/ml, Injektionssuspension für Rinder, Schweine (Ferkel, Mastschweine), Hunde und Katzen, Synulox RTU 140/35 mg/ml Injektionssuspension für Rinder, Schweine (Ferkel, Mastschweine), Hunde und Katzen, Synulox RTU 140/35 mg/ml szuszpenziós injekció szarvasmarhák, sertések, kutyák és macskák részére A.U.V., Synulox RTU suspensija injekcijām liellopiem, cūkām, suņiem un kaķiem, Synulox RTU инжекционна суспензия за говеда, свине, кучета и котки, Synulox RTU, süstesuspensioon veistele, sigadele, koertele ja kassidele, Synulox Ready To Use Injection, Synulox Ready to Use Injection, Synulox Ready-To-Use 140 mg/ml Suspensie voor injectie, Synulox Ready-To-Use, 140 mg/ml + 35 mg/ml, suspension injectable pour chiens et chats","Abnormal menace reflex test, Anisocoria, Ataxia, Blindness, Disorientation, Dullness, Head pressing",1,1,
GB-DEBIAHP-2012UK00041,"<a target=""_blank""  href=""/xmlpserver/EVVET3 PW NEW/Subject Area Contents/Public Website/Report (PDF)/AER.xdo?_xpf=&_xpt=1&_params%2FOracle%20BI%20EE%3A%3ADefaultApp%3A%3AEVVET3%20PR%20NEW%2FAER%3A%3Adimension%2FAER%20Id%3A%3Aattribute%3A%3Anoaggr%3A%3Axsd%3Adouble=297303&_xt=AER&_xf=pdf""> AER </a>",2012-02-17 00:00:00,Other health care professional,United Kingdom,MALE,Dog,Spaniel - Cocker American,"Metacam 1.5 mg/ml - Oral suspension (dogs), Metacam 5 mg/ml - Solution for injection (cats, dogs), Metacam 5 mg/ml - Solution for injection (cattle, pigs), Metacam 5 mg/ml - Solution for injection (dogs)","Elevated liver enzymes NOS, Hepatic tumour, Inappetence, Jaundice, Weight loss",1,1,
GB-DEBIAHP-2012UK00042,"<a target=""_blank""  href=""/xmlpserver/EVVET3 PW NEW/Subject Area Contents/Public Website/Report (PDF)/AER.xdo?_xpf=&_xpt=1&_params%2FOracle%20BI%20EE%3A%3ADefaultApp%3A%3AEVVET3%20PR%20NEW%2FAER%3A%3Adimension%2FAER%20Id%3A%3Aattribute%3A%3Anoaggr%3A%3Axsd%3Adouble=297299&_xt=AER&_xf=pdf""> AER </a>",2012-02-17 00:00:00,Other health care professional,United Kingdom,MALE,Dog,Mountain Dog - Bernese,Metacam 1.5 mg/ml - Oral suspension (dogs),"Paddling, Tonic-clonic seizure",1,1,
GB-DEBIAHP-2012UK00053,"<a target=""_blank""  href=""/xmlpserver/EVVET3 PW NEW/Subject Area Contents/Public Website/Report (PDF)/AER.xdo?_xpf=&_xpt=1&_params%2FOracle%20BI%20EE%3A%3ADefaultApp%3A%3AEVVET3%20PR%20NEW%2FAER%3A%3Adimension%2FAER%20Id%3A%3Aattribute%3A%3Anoaggr%3A%3Axsd%3Adouble=298415&_xt=AER&_xf=pdf""> AER </a>",2012-02-24 00:00:00,Other health care professional,United Kingdom,FEMALE,Dog,Collie - Border,Metacam 1.5 mg/ml - Oral suspension (dogs),"Anorexia, Death by euthanasia, Musculoskeletal pain, Pallor, Pulmonary haemorrhage, Respiratory distress",1,1,1
GB-DEBIAHP-2012UK00054,"<a target=""_blank""  href=""/xmlpserver/EVVET3 PW NEW/Subject Area Contents/Public Website/Report (PDF)/AER.xdo?_xpf=&_xpt=1&_params%2FOracle%20BI%20EE%3A%3ADefaultApp%3A%3AEVVET3%20PR%20NEW%2FAER%3A%3Adimension%2FAER%20Id%3A%3Aattribute%3A%3Anoaggr%3A%3Axsd%3Adouble=298426&_xt=AER&_xf=pdf""> AER </a>",2012-02-24 00:00:00,Other health care professional,United Kingdom,FEMALE,Human,Unknown,"Metacam 5 mg/ml - Solution for injection (cats, dogs), Metacam 5 mg/ml - Solution for injection (cattle, pigs), Metacam 5 mg/ml - Solution for injection (dogs)",Eye irritation,1,1,
GB-DEBIAHP-2012UK00057,"<a target=""_blank""  href=""/xmlpserver/EVVET3 PW NEW/Subject Area Contents/Public Website/Report (PDF)/AER.xdo?_xpf=&_xpt=1&_params%2FOracle%20BI%20EE%3A%3ADefaultApp%3A%3AEVVET3%20PR%20NEW%2FAER%3A%3Adimension%2FAER%20Id%3A%3Aattribute%3A%3Anoaggr%3A%3Axsd%3Adouble=298417&_xt=AER&_xf=pdf""> AER </a>",2012-02-24 00:00:00,Other health care professional,United Kingdom,FEMALE,Dog,Retriever - Labrador,"Cartrophen Vet 100 mg/ml Solution for Injection., Metacam 1.5 mg/ml - Oral suspension (dogs), Nobivac Lepto 2 Suspension for Injection for Dogs, Previcox 227 mg - Chewable tablet","Anorexia, Cardiac murmur, Death by euthanasia, Diarrhoea, Emesis, Renal failure",1,1,1
GB-DEBIAHP-2012UK00058,"<a target=""_blank""  href=""/xmlpserver/EVVET3 PW NEW/Subject Area Contents/Public Website/Report (PDF)/AER.xdo?_xpf=&_xpt=1&_params%2FOracle%20BI%20EE%3A%3ADefaultApp%3A%3AEVVET3%20PR%20NEW%2FAER%3A%3Adimension%2FAER%20Id%3A%3Aattribute%3A%3Anoaggr%3A%3Axsd%3Adouble=298420&_xt=AER&_xf=pdf""> AER </a>",2012-02-24 00:00:00,Other health care professional,United Kingdom,MALE,Dog,Spaniel - King Charles,"Cartrophen Vet 100 mg/ml Solution for Injection., Metacam 1.5 mg/ml - Oral suspension (dogs), Metacam 5 mg/ml - Solution for injection (cats, dogs), Metacam 5 mg/ml - Solution for injection (cattle, pigs), Metacam 5 mg/ml - Solution for injection (dogs)","Collapse NOS (see also Cardio-vascular and Neurological disorders), Death by euthanasia, Decreased appetite, Dehydration, Elevated renal parameters, Emesis, Lung sound, Polydipsia, Polyuria",1,1,1
GB-DEBIAHP-2012UK00068,"<a target=""_blank""  href=""/xmlpserver/EVVET3 PW NEW/Subject Area Contents/Public Website/Report (PDF)/AER.xdo?_xpf=&_xpt=1&_params%2FOracle%20BI%20EE%3A%3ADefaultApp%3A%3AEVVET3%20PR%20NEW%2FAER%3A%3Adimension%2FAER%20Id%3A%3Aattribute%3A%3Anoaggr%3A%3Axsd%3Adouble=301512&_xt=AER&_xf=pdf""> AER </a>",2012-03-16 00:00:00,Other health care professional,United Kingdom,FEMALE,Dog,Crossbred Canine/dog,Metacam 1.5 mg/ml - Oral suspension (dogs),"Anorexia, Death by euthanasia, Lethargy (see also Central nervous system depression in Neurological), Not drinking, Off colour, Weight loss",1,1,1
GB-DEBIAHP-2012UK00072,"<a target=""_blank""  href=""/xmlpserver/EVVET3 PW NEW/Subject Area Contents/Public Website/Report (PDF)/AER.xdo?_xpf=&_xpt=1&_params%2FOracle%20BI%20EE%3A%3ADefaultApp%3A%3AEVVET3%20PR%20NEW%2FAER%3A%3Adimension%2FAER%20Id%3A%3Aattribute%3A%3Anoaggr%3A%3Axsd%3Adouble=301978&_xt=AER&_xf=pdf""> AER </a>",2012-03-21 00:00:00,Other health care professional,United Kingdom,MALE,Dog,Unknown,"Metacam 1.5 mg/ml - Oral suspension (dogs), Metacam 5 mg/ml - Solution for injection (cats, dogs), Metacam 5 mg/ml - Solution for injection (cattle, pigs), Metacam 5 mg/ml - Solution for injection (dogs), VANGUARD 7, VANGUARD 7 liofilizado y suspension para suspension inyectable para perros, VANGUARD 7 sospensione iniettabile per cani, VANGUARD 7, liofilizat i suspenzija za suspenziju za injekciju, za pse, VANGUARD 7, ΚΟΝΙΣ ΓΙΑ ΕΝΕΣΙΜΟ ΕΝΑΙΩΡΗΜΑ, VANGUARD 7., Vanguard 7, Vanguard 7 pó e solvente para suspensão injetável, Vanguard 7 λυοφιλοποιημένο υλικό και εναιώρημα για την παρασκευή ενέσιμου εναιωρήματος για  σκύλους από την ηλικία των 6 εβδομάδων","Ataxia, Unexplained death",1,1,1
GB-DEBIAHP-2012UK00077,"<a target=""_blank""  href=""/xmlpserver/EVVET3 PW NEW/Subject Area Contents/Public Website/Report (PDF)/AER.xdo?_xpf=&_xpt=1&_params%2FOracle%20BI%20EE%3A%3ADefaultApp%3A%3AEVVET3%20PR%20NEW%2FAER%3A%3Adimension%2FAER%20Id%3A%3Aattribute%3A%3Anoaggr%3A%3Axsd%3Adouble=302618&_xt=AER&_xf=pdf""> AER </a>",2012-03-23 00:00:00,Other health care professional,United Kingdom,MALE,Dog,Terrier - Yorkshire,"Metacam 1.5 mg/ml - Oral suspension (dogs), Metacam 5 mg/ml - Solution for injection (cats, dogs), Metacam 5 mg/ml - Solution for injection (cattle, pigs), Metacam 5 mg/ml - Solution for injection (dogs)","Collapse NOS (see also Cardio-vascular and Neurological disorders), Inappetence, Lethargy (see also Central nervous system depression in Neurological), Renal failure, Vomiting",1,1,
GB-DEBIAHP-2012UK00080,"<a target=""_blank""  href=""/xmlpserver/EVVET3 PW NEW/Subject Area Contents/Public Website/Report (PDF)/AER.xdo?_xpf=&_xpt=1&_params%2FOracle%20BI%20EE%3A%3ADefaultApp%3A%3AEVVET3%20PR%20NEW%2FAER%3A%3Adimension%2FAER%20Id%3A%3Aattribute%3A%3Anoaggr%3A%3Axsd%3Adouble=302616&_xt=AER&_xf=pdf""> AER </a>",2012-03-23 00:00:00,Other health care professional,United Kingdom,FEMALE,Dog,Crossbred Canine/dog,"Metacam 1.5 mg/ml - Oral suspension (dogs), Metacam 5 mg/ml - Solution for injection (cats, dogs), Metacam 5 mg/ml - Solution for injection (cattle, pigs), Metacam 5 mg/ml - Solution for injection (dogs)","Gastric ulcer, Haematemesis, Haematochezia, Increased borborygmus, Melaena, Vomiting",1,1,
GB-DEBIAHP-2012UK00083,"<a target=""_blank""  href=""/xmlpserver/EVVET3 PW NEW/Subject Area Contents/Public Website/Report (PDF)/AER.xdo?_xpf=&_xpt=1&_params%2FOracle%20BI%20EE%3A%3ADefaultApp%3A%3AEVVET3%20PR%20NEW%2FAER%3A%3Adimension%2FAER%20Id%3A%3Aattribute%3A%3Anoaggr%3A%3Axsd%3Adouble=302617&_xt=AER&_xf=pdf""> AER </a>",2012-03-23 00:00:00,Other health care professional,United Kingdom,MALE,Dog,Retriever - Labrador,Metacam 1.5 mg/ml - Oral suspension (dogs),Tonic-clonic seizure,1,1,
GB-DEBIAHP-2012UK00085,"<a target=""_blank""  href=""/xmlpserver/EVVET3 PW NEW/Subject Area Contents/Public Website/Report (PDF)/AER.xdo?_xpf=&_xpt=1&_params%2FOracle%20BI%20EE%3A%3ADefaultApp%3A%3AEVVET3%20PR%20NEW%2FAER%3A%3Adimension%2FAER%20Id%3A%3Aattribute%3A%3Anoaggr%3A%3Axsd%3Adouble=303341&_xt=AER&_xf=pdf""> AER </a>",2012-03-30 00:00:00,Other health care professional,United Kingdom,FEMALE,Dog,Collie - Border,"Metacam 1.5 mg/ml - Oral suspension (dogs), Metacam 5 mg/ml - Solution for injection (cats, dogs), Metacam 5 mg/ml - Solution for injection (cattle, pigs), Metacam 5 mg/ml - Solution for injection (dogs)","Acute renal failure, Anorexia, Dehydration, Elevated blood urea nitrogen (BUN), Elevated creatinine, Hyperphosphataemia, Vomiting",1,1,
GB-DEBIAHP-2012UK00086,"<a target=""_blank""  href=""/xmlpserver/EVVET3 PW NEW/Subject Area Contents/Public Website/Report (PDF)/AER.xdo?_xpf=&_xpt=1&_params%2FOracle%20BI%20EE%3A%3ADefaultApp%3A%3AEVVET3%20PR%20NEW%2FAER%3A%3Adimension%2FAER%20Id%3A%3Aattribute%3A%3Anoaggr%3A%3Axsd%3Adouble=303160&_xt=AER&_xf=pdf""> AER </a>",2012-03-30 00:00:00,Other health care professional,United Kingdom,FEMALE,Dog,Terrier - Border,"Metacam 1.5 mg/ml - Oral suspension (dogs), Metacam 5 mg/ml - Solution for injection (cats, dogs), Metacam 5 mg/ml - Solution for injection (cattle, pigs), Metacam 5 mg/ml - Solution for injection (dogs)","Diarrhoea, Lethargy (see also Central nervous system depression in Neurological), Vomiting",1,1,
GB-DEBIAHP-2012UK00087,"<a target=""_blank""  href=""/xmlpserver/EVVET3 PW NEW/Subject Area Contents/Public Website/Report (PDF)/AER.xdo?_xpf=&_xpt=1&_params%2FOracle%20BI%20EE%3A%3ADefaultApp%3A%3AEVVET3%20PR%20NEW%2FAER%3A%3Adimension%2FAER%20Id%3A%3Aattribute%3A%3Anoaggr%3A%3Axsd%3Adouble=303161&_xt=AER&_xf=pdf""> AER </a>",2012-03-30 00:00:00,Other health care professional,United Kingdom,MALE,Other amphibians,Other Amphibians (other),Metacam 1.5 mg/ml - Oral suspension (dogs),"Death by euthanasia, Hind limb paralysis, Shaking",1,1,1
GB-DEBIAHP-2012UK00090,"<a target=""_blank""  href=""/xmlpserver/EVVET3 PW NEW/Subject Area Contents/Public Website/Report (PDF)/AER.xdo?_xpf=&_xpt=1&_params%2FOracle%20BI%20EE%3A%3ADefaultApp%3A%3AEVVET3%20PR%20NEW%2FAER%3A%3Adimension%2FAER%20Id%3A%3Aattribute%3A%3Anoaggr%3A%3Axsd%3Adouble=304098&_xt=AER&_xf=pdf""> AER </a>",2012-04-05 00:00:00,Veterinarian,United Kingdom,MALE,Dog,Dog (other),"Metacam 1.5 mg/ml - Oral suspension (dogs), Metacam 5 mg/ml - Solution for injection (cats, dogs), Metacam 5 mg/ml - Solution for injection (cattle, pigs), Metacam 5 mg/ml - Solution for injection (dogs)","Elevated liver enzymes NOS, Fluid in abdomen NOS, Lethargy (see also Central nervous system depression in Neurological), Neutrophilia, Small intestine ulcer, Vomiting",1,1,
GB-DEBIAHP-2012UK00099,"<a target=""_blank""  href=""/xmlpserver/EVVET3 PW NEW/Subject Area Contents/Public Website/Report (PDF)/AER.xdo?_xpf=&_xpt=1&_params%2FOracle%20BI%20EE%3A%3ADefaultApp%3A%3AEVVET3%20PR%20NEW%2FAER%3A%3Adimension%2FAER%20Id%3A%3Aattribute%3A%3Anoaggr%3A%3Axsd%3Adouble=306334&_xt=AER&_xf=pdf""> AER </a>",2012-04-19 00:00:00,Other health care professional,United Kingdom,FEMALE,Cat,Unknown,"Metacam 0.5 mg/ml - Oral suspension (cats, guinea pigs), Metacam 0.5 mg/ml - Oral suspension (dogs), Metacam 2 mg/ml - Solution for injection (cats), Metacam 20 mg/ml - Solution for injection (cattle, pigs, horses)","Anorexia, Lethargy (see also Central nervous system depression in Neurological), Polydipsia, Renal failure",1,1,
GB-DEBIAHP-2012UK00100,"<a target=""_blank""  href=""/xmlpserver/EVVET3 PW NEW/Subject Area Contents/Public Website/Report (PDF)/AER.xdo?_xpf=&_xpt=1&_params%2FOracle%20BI%20EE%3A%3ADefaultApp%3A%3AEVVET3%20PR%20NEW%2FAER%3A%3Adimension%2FAER%20Id%3A%3Aattribute%3A%3Anoaggr%3A%3Axsd%3Adouble=305426&_xt=AER&_xf=pdf""> AER </a>",2012-04-16 00:00:00,Other health care professional,United Kingdom,FEMALE,Cat,Unknown,"Convenia 80 mg/ml  - Powder and solvent for solution for injection, Metacam 0.5 mg/ml - Oral suspension (cats, guinea pigs), Metacam 0.5 mg/ml - Oral suspension (dogs), Metacam 2 mg/ml - Solution for injection (cats), Metacam 20 mg/ml - Solution for injection (cattle, pigs, horses)","Elevated renal parameters, Emesis",1,1,
GB-DEBIAHP-2012UK00104,"<a target=""_blank""  href=""/xmlpserver/EVVET3 PW NEW/Subject Area Contents/Public Website/Report (PDF)/AER.xdo?_xpf=&_xpt=1&_params%2FOracle%20BI%20EE%3A%3ADefaultApp%3A%3AEVVET3%20PR%20NEW%2FAER%3A%3Adimension%2FAER%20Id%3A%3Aattribute%3A%3Anoaggr%3A%3Axsd%3Adouble=306265&_xt=AER&_xf=pdf""> AER </a>",2012-04-19 00:00:00,Other health care professional,United Kingdom,MALE,Cat,Unknown,Metacam 1.5 mg/ml - Oral suspension (dogs),"Anorexia, Blood in vomit, Emesis, Gastric perforation, Gastric ulcer, Lethargy (see also Central nervous system depression in Neurological)",1,1,
GB-DEBIAHP-2012UK00109,"<a target=""_blank""  href=""/xmlpserver/EVVET3 PW NEW/Subject Area Contents/Public Website/Report (PDF)/AER.xdo?_xpf=&_xpt=1&_params%2FOracle%20BI%20EE%3A%3ADefaultApp%3A%3AEVVET3%20PR%20NEW%2FAER%3A%3Adimension%2FAER%20Id%3A%3Aattribute%3A%3Anoaggr%3A%3Axsd%3Adouble=309560&_xt=AER&_xf=pdf""> AER </a>",2012-05-10 00:00:00,Other health care professional,United Kingdom,FEMALE,Dog,Terrier - Jack Russell,"Metacam 1.5 mg/ml - Oral suspension (dogs), Metacam 5 mg/ml - Solution for injection (cats, dogs), Metacam 5 mg/ml - Solution for injection (cattle, pigs), Metacam 5 mg/ml - Solution for injection (dogs)","Anorexia, Decreased urine concentration, Dehydration, Elevated renal parameters, Emesis, Hyperphosphataemia, Other abnormal test result NOS, Polydipsia, Weakness",1,1,
GB-DEBIAHP-2012UK00115,"<a target=""_blank""  href=""/xmlpserver/EVVET3 PW NEW/Subject Area Contents/Public Website/Report (PDF)/AER.xdo?_xpf=&_xpt=1&_params%2FOracle%20BI%20EE%3A%3ADefaultApp%3A%3AEVVET3%20PR%20NEW%2FAER%3A%3Adimension%2FAER%20Id%3A%3Aattribute%3A%3Anoaggr%3A%3Axsd%3Adouble=320676&_xt=AER&_xf=pdf""> AER </a>",2012-07-30 00:00:00,Other health care professional,United Kingdom,FEMALE,Dog,Terrier - West Highland White,"Metacam 1.5 mg/ml - Oral suspension (dogs), Metacam 5 mg/ml - Solution for injection (cats, dogs), Metacam 5 mg/ml - Solution for injection (cattle, pigs), Metacam 5 mg/ml - Solution for injection (dogs)","Death, Dyspnoea, Heart failure",1,1,1
GB-DEBIAHP-2012UK00121,"<a target=""_blank""  href=""/xmlpserver/EVVET3 PW NEW/Subject Area Contents/Public Website/Report (PDF)/AER.xdo?_xpf=&_xpt=1&_params%2FOracle%20BI%20EE%3A%3ADefaultApp%3A%3AEVVET3%20PR%20NEW%2FAER%3A%3Adimension%2FAER%20Id%3A%3Aattribute%3A%3Anoaggr%3A%3Axsd%3Adouble=308259&_xt=AER&_xf=pdf""> AER </a>",2012-05-02 00:00:00,Other health care professional,United Kingdom,MALE,Turkey,Turkey (unknown),Metacam 1.5 mg/ml - Oral suspension (dogs),"Anorexia, Skin lesion NOS, Sudden death",1,1,1
GB-DEBIAHP-2012UK00127,"<a target=""_blank""  href=""/xmlpserver/EVVET3 PW NEW/Subject Area Contents/Public Website/Report (PDF)/AER.xdo?_xpf=&_xpt=1&_params%2FOracle%20BI%20EE%3A%3ADefaultApp%3A%3AEVVET3%20PR%20NEW%2FAER%3A%3Adimension%2FAER%20Id%3A%3Aattribute%3A%3Anoaggr%3A%3Axsd%3Adouble=309808&_xt=AER&_xf=pdf""> AER </a>",2012-05-11 00:00:00,Other health care professional,United Kingdom,FEMALE,Dog,Doberman Pinscher,"Metacam 5 mg/ml - Solution for injection (cats, dogs), Metacam 5 mg/ml - Solution for injection (cattle, pigs), Metacam 5 mg/ml - Solution for injection (dogs)","Gastric perforation, Gastric ulcer, Pale mucous membrane, Pancreatitis NOS, Peritonitis, Tachycardia",1,1,
GB-DEBIAHP-2012UK00128,"<a target=""_blank""  href=""/xmlpserver/EVVET3 PW NEW/Subject Area Contents/Public Website/Report (PDF)/AER.xdo?_xpf=&_xpt=1&_params%2FOracle%20BI%20EE%3A%3ADefaultApp%3A%3AEVVET3%20PR%20NEW%2FAER%3A%3Adimension%2FAER%20Id%3A%3Aattribute%3A%3Anoaggr%3A%3Axsd%3Adouble=310019&_xt=AER&_xf=pdf""> AER </a>",2012-05-14 00:00:00,Other health care professional,United Kingdom,FEMALE,Cat,Unknown,"Metacam 0.5 mg/ml - Oral suspension (cats, guinea pigs), Metacam 0.5 mg/ml - Oral suspension (dogs)","Impaired vision, Retinal detachment",1,1,
GB-DEBIAHP-2012UK00136,"<a target=""_blank""  href=""/xmlpserver/EVVET3 PW NEW/Subject Area Contents/Public Website/Report (PDF)/AER.xdo?_xpf=&_xpt=1&_params%2FOracle%20BI%20EE%3A%3ADefaultApp%3A%3AEVVET3%20PR%20NEW%2FAER%3A%3Adimension%2FAER%20Id%3A%3Aattribute%3A%3Anoaggr%3A%3Axsd%3Adouble=310476&_xt=AER&_xf=pdf""> AER </a>",2012-05-18 00:00:00,Other health care professional,United Kingdom,FEMALE,Cat,Unknown,"Metacam 0.5 mg/ml - Oral suspension (cats, guinea pigs), Metacam 0.5 mg/ml - Oral suspension (dogs)","Anorexia, Elevated renal parameters, Haematemesis, Lethargy (see also Central nervous system depression in Neurological), Tarry or black stool (see also haemorrhagic diarrhoea)",1,1,
GB-DEBIAHP-2012UK00140,"<a target=""_blank""  href=""/xmlpserver/EVVET3 PW NEW/Subject Area Contents/Public Website/Report (PDF)/AER.xdo?_xpf=&_xpt=1&_params%2FOracle%20BI%20EE%3A%3ADefaultApp%3A%3AEVVET3%20PR%20NEW%2FAER%3A%3Adimension%2FAER%20Id%3A%3Aattribute%3A%3Anoaggr%3A%3Axsd%3Adouble=310477&_xt=AER&_xf=pdf""> AER </a>",2012-05-18 00:00:00,Other health care professional,United Kingdom,MALE,Dog,Crossbred Canine/dog,Metacam 1.5 mg/ml - Oral suspension (dogs),"Anaemia NOS, Anorexia, Lethargy (see also Central nervous system depression in Neurological), Pale mucous membrane",1,1,
GB-DEBIAHP-2012UK00155,"<a target=""_blank""  href=""/xmlpserver/EVVET3 PW NEW/Subject Area Contents/Public Website/Report (PDF)/AER.xdo?_xpf=&_xpt=1&_params%2FOracle%20BI%20EE%3A%3ADefaultApp%3A%3AEVVET3%20PR%20NEW%2FAER%3A%3Adimension%2FAER%20Id%3A%3Aattribute%3A%3Anoaggr%3A%3Axsd%3Adouble=315725&_xt=AER&_xf=pdf""> AER </a>",2012-06-21 00:00:00,Other health care professional,United Kingdom,FEMALE,Cat,Siamese,"Metacam 0.5 mg/ml - Oral suspension (cats, guinea pigs), Metacam 0.5 mg/ml - Oral suspension (dogs), Metacam 2 mg/ml - Solution for injection (cats), Metacam 20 mg/ml - Solution for injection (cattle, pigs, horses)","Acute renal failure, Death by euthanasia, Diarrhoea, Elevated blood urea nitrogen (BUN), Elevated creatinine, Hyperkalaemia, Hyperphosphataemia, Lethargy (see also Central nervous system depression in Neurological), Leukocytosis NOS, Off colour",1,1,2
GB-DEBIAHP-2012UK00158,"<a target=""_blank""  href=""/xmlpserver/EVVET3 PW NEW/Subject Area Contents/Public Website/Report (PDF)/AER.xdo?_xpf=&_xpt=1&_params%2FOracle%20BI%20EE%3A%3ADefaultApp%3A%3AEVVET3%20PR%20NEW%2FAER%3A%3Adimension%2FAER%20Id%3A%3Aattribute%3A%3Anoaggr%3A%3Axsd%3Adouble=313806&_xt=AER&_xf=pdf""> AER </a>",2012-06-07 00:00:00,Other health care professional,United Kingdom,MALE,Dog,Shepherd Dog - German,Metacam 1.5 mg/ml - Oral suspension (dogs),"Ataxia, Collapse (see also Cardio-vascular and Systemic disorders), Death by euthanasia, Dyspnoea",1,1,1
GB-DEBIAHP-2012UK00167,"<a target=""_blank""  href=""/xmlpserver/EVVET3 PW NEW/Subject Area Contents/Public Website/Report (PDF)/AER.xdo?_xpf=&_xpt=1&_params%2FOracle%20BI%20EE%3A%3ADefaultApp%3A%3AEVVET3%20PR%20NEW%2FAER%3A%3Adimension%2FAER%20Id%3A%3Aattribute%3A%3Anoaggr%3A%3Axsd%3Adouble=313804&_xt=AER&_xf=pdf""> AER </a>",2012-06-07 00:00:00,Other health care professional,United Kingdom,FEMALE,Dog,Spaniel - Springer English,Metacam 1 mg - Chewable tablet (dogs),"Death by euthanasia, Pale mucous membrane, Panting, Tachycardia, Weakness",1,1,1
GB-DEBIAHP-2012UK00169,"<a target=""_blank""  href=""/xmlpserver/EVVET3 PW NEW/Subject Area Contents/Public Website/Report (PDF)/AER.xdo?_xpf=&_xpt=1&_params%2FOracle%20BI%20EE%3A%3ADefaultApp%3A%3AEVVET3%20PR%20NEW%2FAER%3A%3Adimension%2FAER%20Id%3A%3Aattribute%3A%3Anoaggr%3A%3Axsd%3Adouble=313803&_xt=AER&_xf=pdf""> AER </a>",2012-06-07 00:00:00,Other health care professional,United Kingdom,FEMALE,Dog,Terrier - Yorkshire,"Metacam 0.5 mg/ml - Oral suspension (cats, guinea pigs), Metacam 0.5 mg/ml - Oral suspension (dogs)","Sudden death, Vomiting",1,1,1
GB-DEBIAHP-2012UK00173,"<a target=""_blank""  href=""/xmlpserver/EVVET3 PW NEW/Subject Area Contents/Public Website/Report (PDF)/AER.xdo?_xpf=&_xpt=1&_params%2FOracle%20BI%20EE%3A%3ADefaultApp%3A%3AEVVET3%20PR%20NEW%2FAER%3A%3Adimension%2FAER%20Id%3A%3Aattribute%3A%3Anoaggr%3A%3Axsd%3Adouble=313805&_xt=AER&_xf=pdf""> AER </a>",2012-06-07 00:00:00,Other health care professional,United Kingdom,FEMALE,Dog,Beagle,Metacam 1.5 mg/ml - Oral suspension (dogs),"Decreased appetite, Malaise, Vomiting",1,1,
GB-DEBIAHP-2012UK00177,"<a target=""_blank""  href=""/xmlpserver/EVVET3 PW NEW/Subject Area Contents/Public Website/Report (PDF)/AER.xdo?_xpf=&_xpt=1&_params%2FOracle%20BI%20EE%3A%3ADefaultApp%3A%3AEVVET3%20PR%20NEW%2FAER%3A%3Adimension%2FAER%20Id%3A%3Aattribute%3A%3Anoaggr%3A%3Axsd%3Adouble=315896&_xt=AER&_xf=pdf""> AER </a>",2012-06-22 00:00:00,Other health care professional,United Kingdom,FEMALE,Cat,Unknown,"Convenia 80 mg/ml  - Powder and solvent for solution for injection, Meloxidyl 5 mg/ml  - Solution for injection, Metacam 0.5 mg/ml - Oral suspension (cats, guinea pigs), Metacam 0.5 mg/ml - Oral suspension (dogs)","Abnormal breathing, Anaemia NOS, Death by euthanasia, Decreased activity, Decreased appetite, Elevated renal parameters, Melaena, Pale mucous membrane",1,1,2
GB-DEBIAHP-2012UK00181,"<a target=""_blank""  href=""/xmlpserver/EVVET3 PW NEW/Subject Area Contents/Public Website/Report (PDF)/AER.xdo?_xpf=&_xpt=1&_params%2FOracle%20BI%20EE%3A%3ADefaultApp%3A%3AEVVET3%20PR%20NEW%2FAER%3A%3Adimension%2FAER%20Id%3A%3Aattribute%3A%3Anoaggr%3A%3Axsd%3Adouble=319191&_xt=AER&_xf=pdf""> AER </a>",2012-07-18 00:00:00,Other health care professional,United Kingdom,MALE,Cat,Crossbred Feline/cat,"Convenia 80 mg/ml  - Powder and solvent for solution for injection, Metacam 5 mg/ml - Solution for injection (cats, dogs), Metacam 5 mg/ml - Solution for injection (cattle, pigs), Metacam 5 mg/ml - Solution for injection (dogs)","Death by euthanasia, Elevated renal parameters, Fit",1,1,1
GB-DEBIAHP-2012UK00183,"<a target=""_blank""  href=""/xmlpserver/EVVET3 PW NEW/Subject Area Contents/Public Website/Report (PDF)/AER.xdo?_xpf=&_xpt=1&_params%2FOracle%20BI%20EE%3A%3ADefaultApp%3A%3AEVVET3%20PR%20NEW%2FAER%3A%3Adimension%2FAER%20Id%3A%3Aattribute%3A%3Anoaggr%3A%3Axsd%3Adouble=318567&_xt=AER&_xf=pdf""> AER </a>",2012-07-11 00:00:00,Other health care professional,United Kingdom,FEMALE,Cattle,Holstein-Friesian also known as Holstein,"Metacam 20 mg/ml - Solution for injection (cattle, pigs, horses)","Death, Melaena",3,3,3
GB-DEBIAHP-2012UK00185,"<a target=""_blank""  href=""/xmlpserver/EVVET3 PW NEW/Subject Area Contents/Public Website/Report (PDF)/AER.xdo?_xpf=&_xpt=1&_params%2FOracle%20BI%20EE%3A%3ADefaultApp%3A%3AEVVET3%20PR%20NEW%2FAER%3A%3Adimension%2FAER%20Id%3A%3Aattribute%3A%3Anoaggr%3A%3Axsd%3Adouble=317749&_xt=AER&_xf=pdf""> AER </a>",2012-07-04 00:00:00,Other health care professional,United Kingdom,FEMALE,Cat,Unknown,"Metacam 0.5 mg/ml - Oral suspension (cats, guinea pigs), Metacam 0.5 mg/ml - Oral suspension (dogs)","Acute renal failure, Anorexia, Death, Hyperphosphataemia, Lethargy (see also Central nervous system depression in Neurological)",1,1,1
GB-DEBIAHP-2012UK00188,"<a target=""_blank""  href=""/xmlpserver/EVVET3 PW NEW/Subject Area Contents/Public Website/Report (PDF)/AER.xdo?_xpf=&_xpt=1&_params%2FOracle%20BI%20EE%3A%3ADefaultApp%3A%3AEVVET3%20PR%20NEW%2FAER%3A%3Adimension%2FAER%20Id%3A%3Aattribute%3A%3Anoaggr%3A%3Axsd%3Adouble=318574&_xt=AER&_xf=pdf""> AER </a>",2012-07-11 00:00:00,Other health care professional,United Kingdom,MALE,Dog,Spaniel - Cocker American,"Metacam 1.5 mg/ml - Oral suspension (dogs), Metacam 5 mg/ml - Solution for injection (cats, dogs), Metacam 5 mg/ml - Solution for injection (cattle, pigs), Metacam 5 mg/ml - Solution for injection (dogs)","Anorexia, Elevated liver enzymes NOS, Elevated total bilirubin, Haemorrhagic diarrhoea, Hypocalcaemic condition, Hypoproteinaemia, Lethargy (see also Central nervous system depression in Neurological)",1,1,
GB-DEBIAHP-2012UK00189,"<a target=""_blank""  href=""/xmlpserver/EVVET3 PW NEW/Subject Area Contents/Public Website/Report (PDF)/AER.xdo?_xpf=&_xpt=1&_params%2FOracle%20BI%20EE%3A%3ADefaultApp%3A%3AEVVET3%20PR%20NEW%2FAER%3A%3Adimension%2FAER%20Id%3A%3Aattribute%3A%3Anoaggr%3A%3Axsd%3Adouble=317921&_xt=AER&_xf=pdf""> AER </a>",2012-07-05 00:00:00,Other health care professional,United Kingdom,FEMALE,Rabbit,Lop - French,"BAYTRIL 2,5 % SOLUTION INJECTABLE, Metacam 2 mg/ml - Solution for injection (cats), Metacam 20 mg/ml - Solution for injection (cattle, pigs, horses)",Stillbirth,3,1,3
GB-DEBIAHP-2012UK00195,"<a target=""_blank""  href=""/xmlpserver/EVVET3 PW NEW/Subject Area Contents/Public Website/Report (PDF)/AER.xdo?_xpf=&_xpt=1&_params%2FOracle%20BI%20EE%3A%3ADefaultApp%3A%3AEVVET3%20PR%20NEW%2FAER%3A%3Adimension%2FAER%20Id%3A%3Aattribute%3A%3Anoaggr%3A%3Axsd%3Adouble=318576&_xt=AER&_xf=pdf""> AER </a>",2012-07-11 00:00:00,Other health care professional,United Kingdom,FEMALE,Dog,Rottweiler,"Metacam 1.5 mg/ml - Oral suspension (dogs), Metacam 5 mg/ml - Solution for injection (cats, dogs), Metacam 5 mg/ml - Solution for injection (cattle, pigs), Metacam 5 mg/ml - Solution for injection (dogs)","Anorexia, Collapse NOS (see also Cardio-vascular and Neurological disorders), Haematochezia, Haemorrhagic diarrhoea, Sudden death, Vomiting",1,1,1
GB-DEBIAHP-2012UK00196,"<a target=""_blank""  href=""/xmlpserver/EVVET3 PW NEW/Subject Area Contents/Public Website/Report (PDF)/AER.xdo?_xpf=&_xpt=1&_params%2FOracle%20BI%20EE%3A%3ADefaultApp%3A%3AEVVET3%20PR%20NEW%2FAER%3A%3Adimension%2FAER%20Id%3A%3Aattribute%3A%3Anoaggr%3A%3Axsd%3Adouble=318579&_xt=AER&_xf=pdf""> AER </a>",2012-07-11 00:00:00,Other health care professional,United Kingdom,FEMALE,Dog,Retriever - Labrador,"Metacam 1.5 mg/ml - Oral suspension (dogs), Metacam 5 mg/ml - Solution for injection (cats, dogs), Metacam 5 mg/ml - Solution for injection (cattle, pigs), Metacam 5 mg/ml - Solution for injection (dogs)","Anorexia, Elevated renal parameters, Polydipsia, Polyuria",1,1,
GB-DEBIAHP-2012UK00199,"<a target=""_blank""  href=""/xmlpserver/EVVET3 PW NEW/Subject Area Contents/Public Website/Report (PDF)/AER.xdo?_xpf=&_xpt=1&_params%2FOracle%20BI%20EE%3A%3ADefaultApp%3A%3AEVVET3%20PR%20NEW%2FAER%3A%3Adimension%2FAER%20Id%3A%3Aattribute%3A%3Anoaggr%3A%3Axsd%3Adouble=326260&_xt=AER&_xf=pdf""> AER </a>",2012-09-18 00:00:00,Other health care professional,United Kingdom,FEMALE,Dog,Bichon Frise,"Metacam 5 mg/ml - Solution for injection (cats, dogs), Metacam 5 mg/ml - Solution for injection (cattle, pigs), Metacam 5 mg/ml - Solution for injection (dogs)","Acute renal failure, Death, Elevated liver enzymes NOS, Inappetence, Jaundice, Lethargy (see also Central nervous system depression in Neurological), Vomiting",1,1,1
GB-DEBIAHP-2012UK00202,"<a target=""_blank""  href=""/xmlpserver/EVVET3 PW NEW/Subject Area Contents/Public Website/Report (PDF)/AER.xdo?_xpf=&_xpt=1&_params%2FOracle%20BI%20EE%3A%3ADefaultApp%3A%3AEVVET3%20PR%20NEW%2FAER%3A%3Adimension%2FAER%20Id%3A%3Aattribute%3A%3Anoaggr%3A%3Axsd%3Adouble=319189&_xt=AER&_xf=pdf""> AER </a>",2012-07-18 00:00:00,Other health care professional,United Kingdom,FEMALE,Cattle,Holstein-Friesian also known as Holstein,"Metacam 20 mg/ml - Solution for injection (cattle, pigs, horses)",Sudden death,1,1,1
GB-DEBIAHP-2012UK00210,"<a target=""_blank""  href=""/xmlpserver/EVVET3 PW NEW/Subject Area Contents/Public Website/Report (PDF)/AER.xdo?_xpf=&_xpt=1&_params%2FOracle%20BI%20EE%3A%3ADefaultApp%3A%3AEVVET3%20PR%20NEW%2FAER%3A%3Adimension%2FAER%20Id%3A%3Aattribute%3A%3Anoaggr%3A%3Axsd%3Adouble=319190&_xt=AER&_xf=pdf""> AER </a>",2012-07-18 00:00:00,Other health care professional,United Kingdom,FEMALE,Cat,Unknown,"Metacam 0.5 mg/ml - Oral suspension (cats, guinea pigs), Metacam 0.5 mg/ml - Oral suspension (dogs), Metacam 2 mg/ml - Solution for injection (cats), Metacam 20 mg/ml - Solution for injection (cattle, pigs, horses), Vidalta 15 mg prolonged-release tablets for cats","Constipation, Death by euthanasia, Elevated renal parameters, Haematuria, Off colour",1,1,1
GB-DEBIAHP-2012UK00220,"<a target=""_blank""  href=""/xmlpserver/EVVET3 PW NEW/Subject Area Contents/Public Website/Report (PDF)/AER.xdo?_xpf=&_xpt=1&_params%2FOracle%20BI%20EE%3A%3ADefaultApp%3A%3AEVVET3%20PR%20NEW%2FAER%3A%3Adimension%2FAER%20Id%3A%3Aattribute%3A%3Anoaggr%3A%3Axsd%3Adouble=320677&_xt=AER&_xf=pdf""> AER </a>",2012-07-30 00:00:00,Other health care professional,United Kingdom,FEMALE,Dog,Retriever - Labrador,"Metacam 1.5 mg/ml - Oral suspension (dogs), Metacam 5 mg/ml - Solution for injection (cats, dogs), Metacam 5 mg/ml - Solution for injection (cattle, pigs), Metacam 5 mg/ml - Solution for injection (dogs)","Abdominal pain, Duodenal ulcer, Intestinal perforation, Peritonitis, Vomiting",1,1,
GB-DEBIAHP-2012UK00225,"<a target=""_blank""  href=""/xmlpserver/EVVET3 PW NEW/Subject Area Contents/Public Website/Report (PDF)/AER.xdo?_xpf=&_xpt=1&_params%2FOracle%20BI%20EE%3A%3ADefaultApp%3A%3AEVVET3%20PR%20NEW%2FAER%3A%3Adimension%2FAER%20Id%3A%3Aattribute%3A%3Anoaggr%3A%3Axsd%3Adouble=320859&_xt=AER&_xf=pdf""> AER </a>",2012-08-01 00:00:00,Other health care professional,United Kingdom,MALE,Dog,Retriever - Labrador,"Metacam 1.5 mg/ml - Oral suspension (dogs), Metacam 5 mg/ml - Solution for injection (cats, dogs), Metacam 5 mg/ml - Solution for injection (cattle, pigs), Metacam 5 mg/ml - Solution for injection (dogs)","Blood in faeces, Collapse NOS (see also Cardio-vascular and Neurological disorders), Congested mucous membrane, Death by euthanasia, Haematemesis, Haematuria, Lethargy (see also Central nervous system depression in Neurological), Leukocytosis NOS, Pain NOS, Pyrexia, Thrombocytopenia",1,1,1
GB-DEBIAHP-2012UK00227,"<a target=""_blank""  href=""/xmlpserver/EVVET3 PW NEW/Subject Area Contents/Public Website/Report (PDF)/AER.xdo?_xpf=&_xpt=1&_params%2FOracle%20BI%20EE%3A%3ADefaultApp%3A%3AEVVET3%20PR%20NEW%2FAER%3A%3Adimension%2FAER%20Id%3A%3Aattribute%3A%3Anoaggr%3A%3Axsd%3Adouble=320858&_xt=AER&_xf=pdf""> AER </a>",2012-08-01 00:00:00,Other health care professional,United Kingdom,MALE,Dog,Retriever - Labrador,"Metacam 1.5 mg/ml - Oral suspension (dogs), Noroclav 500 mg Palatable Tablets for Dogs","Death, Haemorrhagic gastroenteritis, Inappetence, Malaise",1,1,1
GB-DEBIAHP-2012UK00230,"<a target=""_blank""  href=""/xmlpserver/EVVET3 PW NEW/Subject Area Contents/Public Website/Report (PDF)/AER.xdo?_xpf=&_xpt=1&_params%2FOracle%20BI%20EE%3A%3ADefaultApp%3A%3AEVVET3%20PR%20NEW%2FAER%3A%3Adimension%2FAER%20Id%3A%3Aattribute%3A%3Anoaggr%3A%3Axsd%3Adouble=321424&_xt=AER&_xf=pdf""> AER </a>",2012-08-08 00:00:00,Other health care professional,United Kingdom,MALE,Dog,"Corgi - Welsh Cardigan, Dog (other)","Metacam 15 mg/ml - Oral suspension (horses), Metacam 15 mg/ml - Oral suspension (pigs)","Anaemia NOS, Elevated renal parameters, Inappetence, Melaena, Off colour",2,2,
GB-DEBIAHP-2012UK00236,"<a target=""_blank""  href=""/xmlpserver/EVVET3 PW NEW/Subject Area Contents/Public Website/Report (PDF)/AER.xdo?_xpf=&_xpt=1&_params%2FOracle%20BI%20EE%3A%3ADefaultApp%3A%3AEVVET3%20PR%20NEW%2FAER%3A%3Adimension%2FAER%20Id%3A%3Aattribute%3A%3Anoaggr%3A%3Axsd%3Adouble=322139&_xt=AER&_xf=pdf""> AER </a>",2012-08-15 00:00:00,Other health care professional,United Kingdom,FEMALE,Dog,Retriever - Labrador,"ANTIROBE Capsule da 150 mg per cani, Antirobe 150 mg Capsule, hard, Antirobe vet. 150 mg kapsel, hard til hund, Metacam 1.5 mg/ml - Oral suspension (dogs), Metacam 5 mg/ml - Solution for injection (cats, dogs), Metacam 5 mg/ml - Solution for injection (cattle, pigs), Metacam 5 mg/ml - Solution for injection (dogs)",Thrombocytopenia,1,1,
GB-DEBIAHP-2012UK00238,"<a target=""_blank""  href=""/xmlpserver/EVVET3 PW NEW/Subject Area Contents/Public Website/Report (PDF)/AER.xdo?_xpf=&_xpt=1&_params%2FOracle%20BI%20EE%3A%3ADefaultApp%3A%3AEVVET3%20PR%20NEW%2FAER%3A%3Adimension%2FAER%20Id%3A%3Aattribute%3A%3Anoaggr%3A%3Axsd%3Adouble=322133&_xt=AER&_xf=pdf""> AER </a>",2012-08-15 00:00:00,Other health care professional,United Kingdom,UNKNOWN,Cat,Unknown,"Metacam 0.5 mg/ml - Oral suspension (cats, guinea pigs), Metacam 0.5 mg/ml - Oral suspension (dogs)",Renal failure,1,1,
GB-DEBIAHP-2012UK00241,"<a target=""_blank""  href=""/xmlpserver/EVVET3 PW NEW/Subject Area Contents/Public Website/Report (PDF)/AER.xdo?_xpf=&_xpt=1&_params%2FOracle%20BI%20EE%3A%3ADefaultApp%3A%3AEVVET3%20PR%20NEW%2FAER%3A%3Adimension%2FAER%20Id%3A%3Aattribute%3A%3Anoaggr%3A%3Axsd%3Adouble=322134&_xt=AER&_xf=pdf""> AER </a>",2012-08-15 00:00:00,Other health care professional,United Kingdom,FEMALE,Dog,Retriever - Labrador,"Metacam 1.5 mg/ml - Oral suspension (dogs), Onsior 20 mg  - Tablet (dogs)","Death by euthanasia, Gastric perforation, Gastric ulcer, Lethargy (see also Central nervous system depression in Neurological), Peritonitis, Vomiting",1,1,2
GB-DEBIAHP-2012UK00247,"<a target=""_blank""  href=""/xmlpserver/EVVET3 PW NEW/Subject Area Contents/Public Website/Report (PDF)/AER.xdo?_xpf=&_xpt=1&_params%2FOracle%20BI%20EE%3A%3ADefaultApp%3A%3AEVVET3%20PR%20NEW%2FAER%3A%3Adimension%2FAER%20Id%3A%3Aattribute%3A%3Anoaggr%3A%3Axsd%3Adouble=322135&_xt=AER&_xf=pdf""> AER </a>",2012-08-15 00:00:00,Other health care professional,United Kingdom,FEMALE,Dog,Collie - Border,Metacam 1.5 mg/ml - Oral suspension (dogs),"Diarrhoea, Haematemesis, Haemorrhagic diarrhoea, Lethargy (see also Central nervous system depression in Neurological), Vomiting",1,1,
GB-DEBIAHP-2012UK00248,"<a target=""_blank""  href=""/xmlpserver/EVVET3 PW NEW/Subject Area Contents/Public Website/Report (PDF)/AER.xdo?_xpf=&_xpt=1&_params%2FOracle%20BI%20EE%3A%3ADefaultApp%3A%3AEVVET3%20PR%20NEW%2FAER%3A%3Adimension%2FAER%20Id%3A%3Aattribute%3A%3Anoaggr%3A%3Axsd%3Adouble=322136&_xt=AER&_xf=pdf""> AER </a>",2012-08-15 00:00:00,Other health care professional,United Kingdom,MALE,Dog,Terrier - Manchester,Metacam 1.5 mg/ml - Oral suspension (dogs),"Abdominal pain, Blood dyscrasia NOS, Blood in vomit, Melaena, Vomiting",1,1,
GB-DEBIAHP-2012UK00249,"<a target=""_blank""  href=""/xmlpserver/EVVET3 PW NEW/Subject Area Contents/Public Website/Report (PDF)/AER.xdo?_xpf=&_xpt=1&_params%2FOracle%20BI%20EE%3A%3ADefaultApp%3A%3AEVVET3%20PR%20NEW%2FAER%3A%3Adimension%2FAER%20Id%3A%3Aattribute%3A%3Anoaggr%3A%3Axsd%3Adouble=322137&_xt=AER&_xf=pdf""> AER </a>",2012-08-15 00:00:00,Other health care professional,United Kingdom,FEMALE,Dog,Retriever - Labrador,"Metacam 1 mg - Chewable tablet (dogs), Metacam 5 mg/ml - Solution for injection (cats, dogs), Metacam 5 mg/ml - Solution for injection (cattle, pigs), Metacam 5 mg/ml - Solution for injection (dogs)","Elevated renal parameters, Emesis, Polydipsia, Polyuria",1,1,
GB-DEBIAHP-2012UK00260,"<a target=""_blank""  href=""/xmlpserver/EVVET3 PW NEW/Subject Area Contents/Public Website/Report (PDF)/AER.xdo?_xpf=&_xpt=1&_params%2FOracle%20BI%20EE%3A%3ADefaultApp%3A%3AEVVET3%20PR%20NEW%2FAER%3A%3Adimension%2FAER%20Id%3A%3Aattribute%3A%3Anoaggr%3A%3Axsd%3Adouble=322844&_xt=AER&_xf=pdf""> AER </a>",2012-08-22 00:00:00,Other health care professional,United Kingdom,UNKNOWN,Cat,Unknown,"Metacam 0.5 mg/ml - Oral suspension (cats, guinea pigs), Metacam 0.5 mg/ml - Oral suspension (dogs)","Acute renal failure, Death",1,1,1
GB-DEBIAHP-2012UK00267,"<a target=""_blank""  href=""/xmlpserver/EVVET3 PW NEW/Subject Area Contents/Public Website/Report (PDF)/AER.xdo?_xpf=&_xpt=1&_params%2FOracle%20BI%20EE%3A%3ADefaultApp%3A%3AEVVET3%20PR%20NEW%2FAER%3A%3Adimension%2FAER%20Id%3A%3Aattribute%3A%3Anoaggr%3A%3Axsd%3Adouble=327096&_xt=AER&_xf=pdf""> AER </a>",2012-09-24 00:00:00,Other health care professional,United Kingdom,MALE,Dog,Chihuahua,"Clamoxyl LA 150 mg/ml injekčná suspenzia, Convenia 80 mg/ml  - Powder and solvent for solution for injection, Metacam 1.5 mg/ml - Oral suspension (dogs)","Anorexia, Death by euthanasia, Depression, Renal failure",1,1,1
GB-DEBIAHP-2012UK00268,"<a target=""_blank""  href=""/xmlpserver/EVVET3 PW NEW/Subject Area Contents/Public Website/Report (PDF)/AER.xdo?_xpf=&_xpt=1&_params%2FOracle%20BI%20EE%3A%3ADefaultApp%3A%3AEVVET3%20PR%20NEW%2FAER%3A%3Adimension%2FAER%20Id%3A%3Aattribute%3A%3Anoaggr%3A%3Axsd%3Adouble=324235&_xt=AER&_xf=pdf""> AER </a>",2012-08-31 00:00:00,Other health care professional,United Kingdom,FEMALE,Dog,Spaniel - Springer Welsh,"Metacam 1.5 mg/ml - Oral suspension (dogs), Metacam 5 mg/ml - Solution for injection (cats, dogs), Metacam 5 mg/ml - Solution for injection (cattle, pigs), Metacam 5 mg/ml - Solution for injection (dogs)","Abdominal cavity haemorrhage, Abdominal pain, Blood and lymphatic system disorder NOS, Death, Diarrhoea, Digestive tract haemorrhage NOS, Elevated renal parameters, Emesis, Gastric perforation, Gastric ulcer, Inappetence, Increased heart rate, Lethargy (see also Central nervous system depression in Neurological), Leukocytosis NOS, Neutrophilia",1,1,1
GB-DEBIAHP-2012UK00284,"<a target=""_blank""  href=""/xmlpserver/EVVET3 PW NEW/Subject Area Contents/Public Website/Report (PDF)/AER.xdo?_xpf=&_xpt=1&_params%2FOracle%20BI%20EE%3A%3ADefaultApp%3A%3AEVVET3%20PR%20NEW%2FAER%3A%3Adimension%2FAER%20Id%3A%3Aattribute%3A%3Anoaggr%3A%3Axsd%3Adouble=325565&_xt=AER&_xf=pdf""> AER </a>",2012-09-13 00:00:00,Other health care professional,United Kingdom,MALE,Dog,Schnauzer (unspecified),"Metacam 1.5 mg/ml - Oral suspension (dogs), Metacam 5 mg/ml - Solution for injection (cats, dogs), Metacam 5 mg/ml - Solution for injection (cattle, pigs), Metacam 5 mg/ml - Solution for injection (dogs)","Blood in faeces, Death by euthanasia, Gastric perforation, Gastric ulcer, Melaena, Vomiting",1,1,1
GB-DEBIAHP-2012UK00287,"<a target=""_blank""  href=""/xmlpserver/EVVET3 PW NEW/Subject Area Contents/Public Website/Report (PDF)/AER.xdo?_xpf=&_xpt=1&_params%2FOracle%20BI%20EE%3A%3ADefaultApp%3A%3AEVVET3%20PR%20NEW%2FAER%3A%3Adimension%2FAER%20Id%3A%3Aattribute%3A%3Anoaggr%3A%3Axsd%3Adouble=325564&_xt=AER&_xf=pdf""> AER </a>",2012-09-13 00:00:00,Other health care professional,United Kingdom,FEMALE,Dog,Collie - Border,"Cartrophen Vet 100 mg/ml Solution for Injection., Metacam 1.5 mg/ml - Oral suspension (dogs)","Anaemia NOS, Leukopenia NOS, Mucosa petechiae, Thrombocytopenia",1,1,
GB-DEBIAHP-2012UK00294,"<a target=""_blank""  href=""/xmlpserver/EVVET3 PW NEW/Subject Area Contents/Public Website/Report (PDF)/AER.xdo?_xpf=&_xpt=1&_params%2FOracle%20BI%20EE%3A%3ADefaultApp%3A%3AEVVET3%20PR%20NEW%2FAER%3A%3Adimension%2FAER%20Id%3A%3Aattribute%3A%3Anoaggr%3A%3Axsd%3Adouble=326535&_xt=AER&_xf=pdf""> AER </a>",2012-09-19 00:00:00,Other health care professional,United Kingdom,UNKNOWN,Dog,Unknown,Metacam 1.5 mg/ml - Oral suspension (dogs),Ataxia,4,1,
GB-DEBIAHP-2012UK00295,"<a target=""_blank""  href=""/xmlpserver/EVVET3 PW NEW/Subject Area Contents/Public Website/Report (PDF)/AER.xdo?_xpf=&_xpt=1&_params%2FOracle%20BI%20EE%3A%3ADefaultApp%3A%3AEVVET3%20PR%20NEW%2FAER%3A%3Adimension%2FAER%20Id%3A%3Aattribute%3A%3Anoaggr%3A%3Axsd%3Adouble=326534&_xt=AER&_xf=pdf""> AER </a>",2012-09-19 00:00:00,Other health care professional,United Kingdom,FEMALE,Dog,Retriever - Golden,Metacam 1.5 mg/ml - Oral suspension (dogs),"Ascites, Death by euthanasia, Diarrhoea, Elevated liver enzymes NOS, Haemorrhagic diarrhoea, Liver tumour, Pleural effusion, Vomiting",1,1,1
GB-DEBIAHP-2012UK00299,"<a target=""_blank""  href=""/xmlpserver/EVVET3 PW NEW/Subject Area Contents/Public Website/Report (PDF)/AER.xdo?_xpf=&_xpt=1&_params%2FOracle%20BI%20EE%3A%3ADefaultApp%3A%3AEVVET3%20PR%20NEW%2FAER%3A%3Adimension%2FAER%20Id%3A%3Aattribute%3A%3Anoaggr%3A%3Axsd%3Adouble=327250&_xt=AER&_xf=pdf""> AER </a>",2012-09-26 00:00:00,Other health care professional,United Kingdom,FEMALE,Dog,Rottweiler,"Metacam 1.5 mg/ml - Oral suspension (dogs), Metacam 5 mg/ml - Solution for injection (cats, dogs), Metacam 5 mg/ml - Solution for injection (cattle, pigs), Metacam 5 mg/ml - Solution for injection (dogs)","Dullness, Elevated renal parameters, Polydipsia, Polyuria",1,1,
GB-DEBIAHP-2012UK00300,"<a target=""_blank""  href=""/xmlpserver/EVVET3 PW NEW/Subject Area Contents/Public Website/Report (PDF)/AER.xdo?_xpf=&_xpt=1&_params%2FOracle%20BI%20EE%3A%3ADefaultApp%3A%3AEVVET3%20PR%20NEW%2FAER%3A%3Adimension%2FAER%20Id%3A%3Aattribute%3A%3Anoaggr%3A%3Axsd%3Adouble=327249&_xt=AER&_xf=pdf""> AER </a>",2012-09-26 00:00:00,Other health care professional,United Kingdom,FEMALE,Dog,Poodle - Toy,"Antisedan 5 mg/ml solution for injection, Domitor 1 mg/ml solution for injection, Domitor 1 mg/ml soluzione iniettabile per cani e gatti, Metacam 5 mg/ml - Solution for injection (cats, dogs), Metacam 5 mg/ml - Solution for injection (cattle, pigs), Metacam 5 mg/ml - Solution for injection (dogs), VETERGESIC MULTIDOSE, 0.3MG/ML, SOLUTION FOR INJECTION FOR DOGS AND CATS, Vetofol 10 mg/ml Emulsion for Injection for Cats and Dogs, Vetofol 10mg/ml Emulsion for Injection for cats and dogs","Elevated renal parameters, Elevated total bilirubin, Vomiting",1,1,
GB-DEBIAHP-2012UK00304,"<a target=""_blank""  href=""/xmlpserver/EVVET3 PW NEW/Subject Area Contents/Public Website/Report (PDF)/AER.xdo?_xpf=&_xpt=1&_params%2FOracle%20BI%20EE%3A%3ADefaultApp%3A%3AEVVET3%20PR%20NEW%2FAER%3A%3Adimension%2FAER%20Id%3A%3Aattribute%3A%3Anoaggr%3A%3Axsd%3Adouble=328123&_xt=AER&_xf=pdf""> AER </a>",2012-10-04 00:00:00,Other health care professional,United Kingdom,FEMALE,Dog,Shar Pei,"Metacam 1.5 mg/ml - Oral suspension (dogs), Metacam 5 mg/ml - Solution for injection (cats, dogs), Metacam 5 mg/ml - Solution for injection (cattle, pigs), Metacam 5 mg/ml - Solution for injection (dogs)","Dehydration, Depression, Duodenal ulcer, Intestinal perforation, Neutrophilia, Peritonitis, Pyrexia, Vomiting",1,1,
GB-DEBIAHP-2012UK00305,"<a target=""_blank""  href=""/xmlpserver/EVVET3 PW NEW/Subject Area Contents/Public Website/Report (PDF)/AER.xdo?_xpf=&_xpt=1&_params%2FOracle%20BI%20EE%3A%3ADefaultApp%3A%3AEVVET3%20PR%20NEW%2FAER%3A%3Adimension%2FAER%20Id%3A%3Aattribute%3A%3Anoaggr%3A%3Axsd%3Adouble=328122&_xt=AER&_xf=pdf""> AER </a>",2012-10-04 00:00:00,Other health care professional,United Kingdom,FEMALE,Dog,Retriever - Labrador,"Incurin 1 mg - Tablet, Metacam 1.5 mg/ml - Oral suspension (dogs)","Anorexia, Depression, Inappetence, Intestinal perforation, Pyrexia, Vomiting",1,1,
GB-DEBIAHP-2012UK00309,"<a target=""_blank""  href=""/xmlpserver/EVVET3 PW NEW/Subject Area Contents/Public Website/Report (PDF)/AER.xdo?_xpf=&_xpt=1&_params%2FOracle%20BI%20EE%3A%3ADefaultApp%3A%3AEVVET3%20PR%20NEW%2FAER%3A%3Adimension%2FAER%20Id%3A%3Aattribute%3A%3Anoaggr%3A%3Axsd%3Adouble=328171&_xt=AER&_xf=pdf""> AER </a>",2012-10-04 00:00:00,Other health care professional,United Kingdom,FEMALE,Human,Unknown,Metacam 1.5 mg/ml - Oral suspension (dogs),Burning sensation (skin),1,1,
GB-DEBIAHP-2012UK00321,"<a target=""_blank""  href=""/xmlpserver/EVVET3 PW NEW/Subject Area Contents/Public Website/Report (PDF)/AER.xdo?_xpf=&_xpt=1&_params%2FOracle%20BI%20EE%3A%3ADefaultApp%3A%3AEVVET3%20PR%20NEW%2FAER%3A%3Adimension%2FAER%20Id%3A%3Aattribute%3A%3Anoaggr%3A%3Axsd%3Adouble=330297&_xt=AER&_xf=pdf""> AER </a>",2012-10-25 00:00:00,Other health care professional,United Kingdom,MALE,Other amphibians,Other Amphibians (other),"BAYTRIL 2,5 % SOLUTION BUVABLE, Metacam 1.5 mg/ml - Oral suspension (dogs)","Collapse (see also Cardio-vascular and Systemic disorders), Death, Dehydration, Haemorrhagic gastroenteritis, Polyuria, Twitching",1,1,1
GB-DEBIAHP-2012UK00327,"<a target=""_blank""  href=""/xmlpserver/EVVET3 PW NEW/Subject Area Contents/Public Website/Report (PDF)/AER.xdo?_xpf=&_xpt=1&_params%2FOracle%20BI%20EE%3A%3ADefaultApp%3A%3AEVVET3%20PR%20NEW%2FAER%3A%3Adimension%2FAER%20Id%3A%3Aattribute%3A%3Anoaggr%3A%3Axsd%3Adouble=330452&_xt=AER&_xf=pdf""> AER </a>",2012-10-26 00:00:00,Other health care professional,United Kingdom,FEMALE,Dog,Newfoundland,"CARPRODYL F 100 MG, TABLETS FOR DOGS, Metacam 1.5 mg/ml - Oral suspension (dogs), Metacam 5 mg/ml - Solution for injection (cats, dogs), Metacam 5 mg/ml - Solution for injection (cattle, pigs), Metacam 5 mg/ml - Solution for injection (dogs)",Haemorrhagic gastroenteritis,1,1,
GB-DEBIAHP-2012UK00331,"<a target=""_blank""  href=""/xmlpserver/EVVET3 PW NEW/Subject Area Contents/Public Website/Report (PDF)/AER.xdo?_xpf=&_xpt=1&_params%2FOracle%20BI%20EE%3A%3ADefaultApp%3A%3AEVVET3%20PR%20NEW%2FAER%3A%3Adimension%2FAER%20Id%3A%3Aattribute%3A%3Anoaggr%3A%3Axsd%3Adouble=331331&_xt=AER&_xf=pdf""> AER </a>",2012-10-31 00:00:00,Other health care professional,United Kingdom,FEMALE,Cat,Unknown,"Metacam 0.5 mg/ml - Oral suspension (cats, guinea pigs), Metacam 0.5 mg/ml - Oral suspension (dogs)","Acute renal failure, Death, Dehydration, Elevated renal parameters, Hypertension, Retinal detachment",1,1,1
GB-DEBIAHP-2012UK00341,"<a target=""_blank""  href=""/xmlpserver/EVVET3 PW NEW/Subject Area Contents/Public Website/Report (PDF)/AER.xdo?_xpf=&_xpt=1&_params%2FOracle%20BI%20EE%3A%3ADefaultApp%3A%3AEVVET3%20PR%20NEW%2FAER%3A%3Adimension%2FAER%20Id%3A%3Aattribute%3A%3Anoaggr%3A%3Axsd%3Adouble=331329&_xt=AER&_xf=pdf""> AER </a>",2012-10-31 00:00:00,Other health care professional,United Kingdom,FEMALE,Cat,Unknown,"Convenia 80 mg/ml  - Powder and solvent for solution for injection, Metacam 0.5 mg/ml - Oral suspension (cats, guinea pigs), Metacam 0.5 mg/ml - Oral suspension (dogs), Metacam 2 mg/ml - Solution for injection (cats), Metacam 20 mg/ml - Solution for injection (cattle, pigs, horses)","Death, Depression, Drooling, Oral ulceration, Retching",1,1,1
GB-DEBIAHP-2012UK00356,"<a target=""_blank""  href=""/xmlpserver/EVVET3 PW NEW/Subject Area Contents/Public Website/Report (PDF)/AER.xdo?_xpf=&_xpt=1&_params%2FOracle%20BI%20EE%3A%3ADefaultApp%3A%3AEVVET3%20PR%20NEW%2FAER%3A%3Adimension%2FAER%20Id%3A%3Aattribute%3A%3Anoaggr%3A%3Axsd%3Adouble=337104&_xt=AER&_xf=pdf""> AER </a>",2012-11-08 00:00:00,Other health care professional,United Kingdom,MALE,Dog,"Hound - Swiss - (Lucerne Hound (Luzerner Laufhund), Schwyz Hound (Schweizer Laufhund), Bernese Hound, Jura Hound)","Metacam 1.5 mg/ml - Oral suspension (dogs), Metacam 5 mg/ml - Solution for injection (cats, dogs), Metacam 5 mg/ml - Solution for injection (cattle, pigs), Metacam 5 mg/ml - Solution for injection (dogs)","Anaemia NOS, Collapse (see also Cardio-vascular and Systemic disorders), Death by euthanasia, Decreased urine concentration, Elevated blood urea nitrogen (BUN), Hyperphosphataemia, Lethargy (see also Central nervous system depression in Neurological), Pale mucous membrane",1,1,1
GB-DEBIAHP-2012UK00360,"<a target=""_blank""  href=""/xmlpserver/EVVET3 PW NEW/Subject Area Contents/Public Website/Report (PDF)/AER.xdo?_xpf=&_xpt=1&_params%2FOracle%20BI%20EE%3A%3ADefaultApp%3A%3AEVVET3%20PR%20NEW%2FAER%3A%3Adimension%2FAER%20Id%3A%3Aattribute%3A%3Anoaggr%3A%3Axsd%3Adouble=337102&_xt=AER&_xf=pdf""> AER </a>",2012-11-08 00:00:00,Other health care professional,United Kingdom,FEMALE,Dog,Retriever - Labrador,Metacam 1.5 mg/ml - Oral suspension (dogs),"Anorexia, Death by euthanasia, Diarrhoea, Disseminated intravascular coagulation, Gastric perforation, Peritonitis, Vomiting",1,1,1
GB-DEBIAHP-2012UK00368,"<a target=""_blank""  href=""/xmlpserver/EVVET3 PW NEW/Subject Area Contents/Public Website/Report (PDF)/AER.xdo?_xpf=&_xpt=1&_params%2FOracle%20BI%20EE%3A%3ADefaultApp%3A%3AEVVET3%20PR%20NEW%2FAER%3A%3Adimension%2FAER%20Id%3A%3Aattribute%3A%3Anoaggr%3A%3Axsd%3Adouble=338965&_xt=AER&_xf=pdf""> AER </a>",2012-11-21 00:00:00,Other health care professional,United Kingdom,FEMALE,Dog,Retriever - Labrador,"Cerenia 10 mg/ml  - Solution for injection, Metacam 1.5 mg/ml - Oral suspension (dogs)","Collapse NOS (see also Cardio-vascular and Neurological disorders), Death, Gastric ulcer, Off colour, Peritonitis, Vomiting",1,1,1
GB-DEBIAHP-2012UK00372,"<a target=""_blank""  href=""/xmlpserver/EVVET3 PW NEW/Subject Area Contents/Public Website/Report (PDF)/AER.xdo?_xpf=&_xpt=1&_params%2FOracle%20BI%20EE%3A%3ADefaultApp%3A%3AEVVET3%20PR%20NEW%2FAER%3A%3Adimension%2FAER%20Id%3A%3Aattribute%3A%3Anoaggr%3A%3Axsd%3Adouble=338967&_xt=AER&_xf=pdf""> AER </a>",2012-11-21 00:00:00,Other health care professional,United Kingdom,UNKNOWN,Dog,Rottweiler,"Metacam 1.5 mg/ml - Oral suspension (dogs), Metacam 5 mg/ml - Solution for injection (cats, dogs), Metacam 5 mg/ml - Solution for injection (cattle, pigs), Metacam 5 mg/ml - Solution for injection (dogs)","Circulatory collapse (see also Neurological and Systemic disorders), Death",1,1,1
GB-DEBIAHP-2012UK00373,"<a target=""_blank""  href=""/xmlpserver/EVVET3 PW NEW/Subject Area Contents/Public Website/Report (PDF)/AER.xdo?_xpf=&_xpt=1&_params%2FOracle%20BI%20EE%3A%3ADefaultApp%3A%3AEVVET3%20PR%20NEW%2FAER%3A%3Adimension%2FAER%20Id%3A%3Aattribute%3A%3Anoaggr%3A%3Axsd%3Adouble=338966&_xt=AER&_xf=pdf""> AER </a>",2012-11-21 00:00:00,Other health care professional,United Kingdom,FEMALE,Cat,Unknown,"Convenia 80 mg/ml  - Powder and solvent for solution for injection, Metacam 2 mg/ml - Solution for injection (cats), Metacam 20 mg/ml - Solution for injection (cattle, pigs, horses)","Anorexia, Death by euthanasia, Excoriation, Gastric perforation, Lethargy (see also Central nervous system depression in Neurological), Melaena, Peritonitis, Pruritus, Vomiting",1,1,1
GB-DEBIAHP-2012UK00392,"<a target=""_blank""  href=""/xmlpserver/EVVET3 PW NEW/Subject Area Contents/Public Website/Report (PDF)/AER.xdo?_xpf=&_xpt=1&_params%2FOracle%20BI%20EE%3A%3ADefaultApp%3A%3AEVVET3%20PR%20NEW%2FAER%3A%3Adimension%2FAER%20Id%3A%3Aattribute%3A%3Anoaggr%3A%3Axsd%3Adouble=340428&_xt=AER&_xf=pdf""> AER </a>",2012-11-28 00:00:00,Other health care professional,United Kingdom,FEMALE,Cat,Unknown,"Clamoxyl LA 150 mg/ml injekčná suspenzia, Metacam 0.5 mg/ml - Oral suspension (cats, guinea pigs), Metacam 0.5 mg/ml - Oral suspension (dogs)","Acute renal failure, Death by euthanasia",1,1,1
GB-DEBIAHP-2012UK00403,"<a target=""_blank""  href=""/xmlpserver/EVVET3 PW NEW/Subject Area Contents/Public Website/Report (PDF)/AER.xdo?_xpf=&_xpt=1&_params%2FOracle%20BI%20EE%3A%3ADefaultApp%3A%3AEVVET3%20PR%20NEW%2FAER%3A%3Adimension%2FAER%20Id%3A%3Aattribute%3A%3Anoaggr%3A%3Axsd%3Adouble=343116&_xt=AER&_xf=pdf""> AER </a>",2012-12-12 00:00:00,Other health care professional,United Kingdom,MALE,Dog,Weimaraner,"Metacam 1.5 mg/ml - Oral suspension (dogs), Metacam 5 mg/ml - Solution for injection (cats, dogs), Metacam 5 mg/ml - Solution for injection (cattle, pigs), Metacam 5 mg/ml - Solution for injection (dogs)","Blood and lymphatic system disorder NOS, Dehydration, Depression, Elevated liver enzymes NOS, Elevated renal parameters, Haemorrhagic diarrhoea, Hypoglycaemia, Hypoproteinaemia, Hypotension, Inappetence, Lethargy (see also Central nervous system depression in Neurological), Pyrexia, Tachycardia, Vocalisation, Vomiting",1,1,
GB-DEBIAHP-2012UK00408,"<a target=""_blank""  href=""/xmlpserver/EVVET3 PW NEW/Subject Area Contents/Public Website/Report (PDF)/AER.xdo?_xpf=&_xpt=1&_params%2FOracle%20BI%20EE%3A%3ADefaultApp%3A%3AEVVET3%20PR%20NEW%2FAER%3A%3Adimension%2FAER%20Id%3A%3Aattribute%3A%3Anoaggr%3A%3Axsd%3Adouble=343114&_xt=AER&_xf=pdf""> AER </a>",2012-12-12 00:00:00,Other health care professional,United Kingdom,MALE,Cat,Unknown,"Metacam 0.5 mg/ml - Oral suspension (cats, guinea pigs), Metacam 0.5 mg/ml - Oral suspension (dogs), Metacam 2 mg/ml - Solution for injection (cats), Metacam 20 mg/ml - Solution for injection (cattle, pigs, horses)","Abdominal pain, Anaemia NOS, Anorexia, Blood in faeces, Elevated alanine aminotransferase (ALT), Elevated total bilirubin, Fluid in abdomen NOS, Hyperphosphataemia, Lethargy (see also Central nervous system depression in Neurological), Neutrophilia, Pale mucous membrane, Pancreatitis NOS, Pyrexia, Red blood cell disorder, Tachycardia, Vomiting",1,1,
GB-DEBIAHP-2012UK00409,"<a target=""_blank""  href=""/xmlpserver/EVVET3 PW NEW/Subject Area Contents/Public Website/Report (PDF)/AER.xdo?_xpf=&_xpt=1&_params%2FOracle%20BI%20EE%3A%3ADefaultApp%3A%3AEVVET3%20PR%20NEW%2FAER%3A%3Adimension%2FAER%20Id%3A%3Aattribute%3A%3Anoaggr%3A%3Axsd%3Adouble=343118&_xt=AER&_xf=pdf""> AER </a>",2012-12-12 00:00:00,Other health care professional,United Kingdom,UNKNOWN,Dog,Unknown,"Metacam 5 mg/ml - Solution for injection (cats, dogs), Metacam 5 mg/ml - Solution for injection (cattle, pigs), Metacam 5 mg/ml - Solution for injection (dogs)",Renal failure,1,1,
GB-DEBIAHP-2012UK00412,"<a target=""_blank""  href=""/xmlpserver/EVVET3 PW NEW/Subject Area Contents/Public Website/Report (PDF)/AER.xdo?_xpf=&_xpt=1&_params%2FOracle%20BI%20EE%3A%3ADefaultApp%3A%3AEVVET3%20PR%20NEW%2FAER%3A%3Adimension%2FAER%20Id%3A%3Aattribute%3A%3Anoaggr%3A%3Axsd%3Adouble=344365&_xt=AER&_xf=pdf""> AER </a>",2012-12-19 00:00:00,Other health care professional,United Kingdom,FEMALE,Dog,Unknown,Metacam 1.5 mg/ml - Oral suspension (dogs),"Lethargy (see also Central nervous system depression in Neurological), Megaoesophagus, Renal failure, Vomiting",1,1,
GB-DEBIAHP-2012UK00420,"<a target=""_blank""  href=""/xmlpserver/EVVET3 PW NEW/Subject Area Contents/Public Website/Report (PDF)/AER.xdo?_xpf=&_xpt=1&_params%2FOracle%20BI%20EE%3A%3ADefaultApp%3A%3AEVVET3%20PR%20NEW%2FAER%3A%3Adimension%2FAER%20Id%3A%3Aattribute%3A%3Anoaggr%3A%3Axsd%3Adouble=344233&_xt=AER&_xf=pdf""> AER </a>",2012-12-19 00:00:00,Other health care professional,United Kingdom,MALE,Dog,Griffon - Brussels,Metacam 1.5 mg/ml - Oral suspension (dogs),Epileptic seizure,1,1,
GB-UKDECHRAP-2012-3614,"<a target=""_blank""  href=""/xmlpserver/EVVET3 PW NEW/Subject Area Contents/Public Website/Report (PDF)/AER.xdo?_xpf=&_xpt=1&_params%2FOracle%20BI%20EE%3A%3ADefaultApp%3A%3AEVVET3%20PR%20NEW%2FAER%3A%3Adimension%2FAER%20Id%3A%3Aattribute%3A%3Anoaggr%3A%3Axsd%3Adouble=321449&_xt=AER&_xf=pdf""> AER </a>",2012-08-08 00:00:00,Other health care professional,United Kingdom,FEMALE,Dog,Unknown,"Metacam 1.5 mg/ml - Oral suspension (dogs), Vetoryl 120 mg hard capsules for dogs","Addison's disease, Anorexia, Dullness, Lethargy (see also Central nervous system depression in Neurological), Weight loss",1,1,
GB-UKNBROOKT-2011-UK-NOR-00071,"<a target=""_blank""  href=""/xmlpserver/EVVET3 PW NEW/Subject Area Contents/Public Website/Report (PDF)/AER.xdo?_xpf=&_xpt=1&_params%2FOracle%20BI%20EE%3A%3ADefaultApp%3A%3AEVVET3%20PR%20NEW%2FAER%3A%3Adimension%2FAER%20Id%3A%3Aattribute%3A%3Anoaggr%3A%3Axsd%3Adouble=323585&_xt=AER&_xf=pdf""> AER </a>",2012-08-24 00:00:00,Veterinarian,United Kingdom,UNKNOWN,Cat,Unknown,"Loxicom 0.5 mg/ml  - Oral suspension (cats), Loxicom 5 mg/ml  - Solution for injection (cats, dogs)","Elevated renal parameters, Emesis, Inappetence, Renal insufficiency",1,1,
GB-UKNBROOKT-2012-UK-NOR-00156,"<a target=""_blank""  href=""/xmlpserver/EVVET3 PW NEW/Subject Area Contents/Public Website/Report (PDF)/AER.xdo?_xpf=&_xpt=1&_params%2FOracle%20BI%20EE%3A%3ADefaultApp%3A%3AEVVET3%20PR%20NEW%2FAER%3A%3Adimension%2FAER%20Id%3A%3Aattribute%3A%3Anoaggr%3A%3Axsd%3Adouble=323587&_xt=AER&_xf=pdf""> AER </a>",2012-08-24 00:00:00,Veterinarian,United Kingdom,FEMALE,Cat,Unknown,Loxicom 0.5 mg/ml  - Oral suspension (cats),Injection site reaction NOS,1,1,
GB-UKNBROOKT-2012-UK-NOR-00205,"<a target=""_blank""  href=""/xmlpserver/EVVET3 PW NEW/Subject Area Contents/Public Website/Report (PDF)/AER.xdo?_xpf=&_xpt=1&_params%2FOracle%20BI%20EE%3A%3ADefaultApp%3A%3AEVVET3%20PR%20NEW%2FAER%3A%3Adimension%2FAER%20Id%3A%3Aattribute%3A%3Anoaggr%3A%3Axsd%3Adouble=323605&_xt=AER&_xf=pdf""> AER </a>",2012-08-24 00:00:00,Animal owner,United Kingdom,UNKNOWN,Rabbit,Unknown,Loxicom 0.5 mg/ml  - Oral suspension (cats),"Lethargy (see also Central nervous system depression in Neurological), Pruritus, Pyrexia",1,1,
GB-UKNBROOKT-2012-UK-NOR-00241,"<a target=""_blank""  href=""/xmlpserver/EVVET3 PW NEW/Subject Area Contents/Public Website/Report (PDF)/AER.xdo?_xpf=&_xpt=1&_params%2FOracle%20BI%20EE%3A%3ADefaultApp%3A%3AEVVET3%20PR%20NEW%2FAER%3A%3Adimension%2FAER%20Id%3A%3Aattribute%3A%3Anoaggr%3A%3Axsd%3Adouble=323586&_xt=AER&_xf=pdf""> AER </a>",2012-08-24 00:00:00,Animal owner,United Kingdom,MALE,Dog,Terrier - Border,"Loxicom 1.5 mg/ml  - Oral suspension (dogs), Loxicom 5 mg/ml  - Solution for injection (cats, dogs)","Hypersensitivity NOS, Oedema NOS (see other SOCs for specific oedemas), Swelling NOS",1,1,
GB-UKNBROOKT-2012-UK-NOR-00307,"<a target=""_blank""  href=""/xmlpserver/EVVET3 PW NEW/Subject Area Contents/Public Website/Report (PDF)/AER.xdo?_xpf=&_xpt=1&_params%2FOracle%20BI%20EE%3A%3ADefaultApp%3A%3AEVVET3%20PR%20NEW%2FAER%3A%3Adimension%2FAER%20Id%3A%3Aattribute%3A%3Anoaggr%3A%3Axsd%3Adouble=341939&_xt=AER&_xf=pdf""> AER </a>",2012-12-05 00:00:00,Other health care professional,United Kingdom,FEMALE,Dog,Schnauzer (unspecified),Loxicom 1.5 mg/ml  - Oral suspension (dogs),"Death by euthanasia, Diarrhoea, Uraemia, Vomiting",1,1,1
GB-UKPFIZAH-2012-UK-00994,"<a target=""_blank""  href=""/xmlpserver/EVVET3 PW NEW/Subject Area Contents/Public Website/Report (PDF)/AER.xdo?_xpf=&_xpt=1&_params%2FOracle%20BI%20EE%3A%3ADefaultApp%3A%3AEVVET3%20PR%20NEW%2FAER%3A%3Adimension%2FAER%20Id%3A%3Aattribute%3A%3Anoaggr%3A%3Axsd%3Adouble=320210&_xt=AER&_xf=pdf""> AER </a>",2012-07-25 00:00:00,Other health care professional,United Kingdom,UNKNOWN,Cattle,Unknown,"Draxxin 100 mg/ml - Solution for injection (cattle), Draxxin 100 mg/ml - Solution for injection (cattle, pig, sheep), Metacam 20 mg/ml - Solution for injection (cattle, pigs, horses)",Death,1,1,1
GB-UKPFIZAH-2012-UK-01315,"<a target=""_blank""  href=""/xmlpserver/EVVET3 PW NEW/Subject Area Contents/Public Website/Report (PDF)/AER.xdo?_xpf=&_xpt=1&_params%2FOracle%20BI%20EE%3A%3ADefaultApp%3A%3AEVVET3%20PR%20NEW%2FAER%3A%3Adimension%2FAER%20Id%3A%3Aattribute%3A%3Anoaggr%3A%3Axsd%3Adouble=321444&_xt=AER&_xf=pdf""> AER </a>",2012-08-08 00:00:00,Other health care professional,United Kingdom,UNKNOWN,Rabbit,Netherland Dwarf,"Metacam 2 mg/ml - Solution for injection (cats), Metacam 20 mg/ml - Solution for injection (cattle, pigs, horses), NARKETAN 100 mg/ml raztopina za injiciranje, Sedivet 10 mg/ml Solution for Injection for horses, Torbugesic 10 mg/ml Solution for Injection",Sedation prolonged,1,1,
GBR-CEVAPROD-00029,"<a target=""_blank""  href=""/xmlpserver/EVVET3 PW NEW/Subject Area Contents/Public Website/Report (PDF)/AER.xdo?_xpf=&_xpt=1&_params%2FOracle%20BI%20EE%3A%3ADefaultApp%3A%3AEVVET3%20PR%20NEW%2FAER%3A%3Adimension%2FAER%20Id%3A%3Aattribute%3A%3Anoaggr%3A%3Axsd%3Adouble=299039&_xt=AER&_xf=pdf""> AER </a>",2012-02-29 00:00:00,Other health care professional,United Kingdom,FEMALE,Cattle,Unknown,"Meloxidyl 20 mg/ml  - Solution for injection, Noroclav Injection for Cattle and Dogs","Agitation, Lateral recumbency, Recumbency, Sudden death",1,1,1
GBR-CEVAPROD-00055,"<a target=""_blank""  href=""/xmlpserver/EVVET3 PW NEW/Subject Area Contents/Public Website/Report (PDF)/AER.xdo?_xpf=&_xpt=1&_params%2FOracle%20BI%20EE%3A%3ADefaultApp%3A%3AEVVET3%20PR%20NEW%2FAER%3A%3Adimension%2FAER%20Id%3A%3Aattribute%3A%3Anoaggr%3A%3Axsd%3Adouble=313602&_xt=AER&_xf=pdf""> AER </a>",2012-06-07 00:00:00,Other health care professional,United Kingdom,FEMALE,Dog,Terrier - Yorkshire,Meloxidyl 1.5 mg/ml  - Oral suspension,"Collapse (see also Cardio-vascular and Systemic disorders), Diarrhoea, Vomiting",1,1,
GBR-CEVAPROD-00088,"<a target=""_blank""  href=""/xmlpserver/EVVET3 PW NEW/Subject Area Contents/Public Website/Report (PDF)/AER.xdo?_xpf=&_xpt=1&_params%2FOracle%20BI%20EE%3A%3ADefaultApp%3A%3AEVVET3%20PR%20NEW%2FAER%3A%3Adimension%2FAER%20Id%3A%3Aattribute%3A%3Anoaggr%3A%3Axsd%3Adouble=329432&_xt=AER&_xf=pdf""> AER </a>",2012-10-18 00:00:00,Other health care professional,United Kingdom,MALE,Dog,Retriever - Labrador,Meloxidyl 1.5 mg/ml  - Oral suspension,"Death by euthanasia, Generalised weakness, Liver disorder NOS",1,1,1
IE-DEBIAHP-2012IE00005,"<a target=""_blank""  href=""/xmlpserver/EVVET3 PW NEW/Subject Area Contents/Public Website/Report (PDF)/AER.xdo?_xpf=&_xpt=1&_params%2FOracle%20BI%20EE%3A%3ADefaultApp%3A%3AEVVET3%20PR%20NEW%2FAER%3A%3Adimension%2FAER%20Id%3A%3Aattribute%3A%3Anoaggr%3A%3Axsd%3Adouble=311110&_xt=AER&_xf=pdf""> AER </a>",2012-05-23 00:00:00,Veterinarian,Ireland,MALE,Dog,Terrier - Yorkshire,Metacam 1.5 mg/ml - Oral suspension (dogs),"Immune mediated haemolytic anaemia, Lethargy (see also Central nervous system depression in Neurological), Melaena, Vomiting",1,1,
IE-EURO25PV-120093,"<a target=""_blank""  href=""/xmlpserver/EVVET3 PW NEW/Subject Area Contents/Public Website/Report (PDF)/AER.xdo?_xpf=&_xpt=1&_params%2FOracle%20BI%20EE%3A%3ADefaultApp%3A%3AEVVET3%20PR%20NEW%2FAER%3A%3Adimension%2FAER%20Id%3A%3Aattribute%3A%3Anoaggr%3A%3Axsd%3Adouble=309503&_xt=AER&_xf=pdf""> AER </a>",2012-05-09 00:00:00,Veterinarian,Ireland,FEMALE,Cat,European,"Betamox 150 mg/ml - Injektionssuspension für Tiere, Betamox 150 mg/ml Suspension for Injection, Betamox Injection, Betamox Injection, 150 mg /ml Ενέσιμο Εναιώρημα, Betamox Vet. 150 mg/ml injektionsvæske, suspension, Betamox vet 150 mg/ml injektioneste, suspensio, FELIGEN RCP lyophilisate and solvent for suspension for injection, Metacam 0.5 mg/ml - Oral suspension (cats, guinea pigs), Metacam 0.5 mg/ml - Oral suspension (dogs), Metacam 1.5 mg/ml - Oral suspension (dogs), Metacam 15 mg/ml - Oral suspension (horses), Metacam 15 mg/ml - Oral suspension (pigs), Purevax FeLV (--) - Lyophilisate and solvent for suspension for injection, Purevax FeLV (--) - Suspension for injection, SEDATOR, 1.0 mg/ml, solution for injection for cats and dogs, Sedator, 1.0 mg/ml, solution for injection for cats and dogs, Surolan Ear Drops and Cutaneous Suspension, Torbugesic 10 mg/ml Solution for Injection","Ataxia, Deafness, Drowsiness - neurological disorder, Incoordination",1,1,
IE-UKPFIZAH-2012-IE-00098,"<a target=""_blank""  href=""/xmlpserver/EVVET3 PW NEW/Subject Area Contents/Public Website/Report (PDF)/AER.xdo?_xpf=&_xpt=1&_params%2FOracle%20BI%20EE%3A%3ADefaultApp%3A%3AEVVET3%20PR%20NEW%2FAER%3A%3Adimension%2FAER%20Id%3A%3Aattribute%3A%3Anoaggr%3A%3Axsd%3Adouble=325437&_xt=AER&_xf=pdf""> AER </a>",2012-09-12 00:00:00,Veterinarian,Ireland,FEMALE,Dog,Terrier - Jack Russell,"Bimoxyl vet. 150 mg/ml Injektionsvätska, suspension, Bimoxyvet LA 150 mg/ml, Suspension for Injection for cattle, sheep and pigs, Metacam 2 mg/ml - Solution for injection (cats), Metacam 20 mg/ml - Solution for injection (cattle, pigs, horses), Metacam 40 mg/ml - Solution for injection (cattle, horses), Metacam 5 mg/ml - Solution for injection (cats, dogs), Metacam 5 mg/ml - Solution for injection (cattle, pigs), Metacam 5 mg/ml - Solution for injection (dogs), Rimadyl Palatable Tablets 20 mg, Synulox Palatable Tablets 50 mg","Ataxia, Blindness, Deafness, Death by euthanasia, Hyperaesthesia, Seizure NOS",1,1,1
IT-ITDGSVA11-IT-2011-192,"<a target=""_blank""  href=""/xmlpserver/EVVET3 PW NEW/Subject Area Contents/Public Website/Report (PDF)/AER.xdo?_xpf=&_xpt=1&_params%2FOracle%20BI%20EE%3A%3ADefaultApp%3A%3AEVVET3%20PR%20NEW%2FAER%3A%3Adimension%2FAER%20Id%3A%3Aattribute%3A%3Anoaggr%3A%3Axsd%3Adouble=290362&_xt=AER&_xf=pdf""> AER </a>",2012-01-04 00:00:00,Unknown,Italy,FEMALE,Rabbit,Unknown,"Metacam 5 mg/ml - Solution for injection (cats, dogs), Metacam 5 mg/ml - Solution for injection (cattle, pigs), Metacam 5 mg/ml - Solution for injection (dogs)","Death, Hind limb paralysis, Inappetence",1,1,1
JP-UKPFIZAH-2010-JP-00337,"<a target=""_blank""  href=""/xmlpserver/EVVET3 PW NEW/Subject Area Contents/Public Website/Report (PDF)/AER.xdo?_xpf=&_xpt=1&_params%2FOracle%20BI%20EE%3A%3ADefaultApp%3A%3AEVVET3%20PR%20NEW%2FAER%3A%3Adimension%2FAER%20Id%3A%3Aattribute%3A%3Anoaggr%3A%3Axsd%3Adouble=306516&_xt=AER&_xf=pdf""> AER </a>",2012-04-19 00:00:00,Veterinarian,Japan,MALE,Cat,Cat (other),"Convenia 80 mg/ml  - Powder and solvent for solution for injection, Metacam 0.5 mg/ml - Oral suspension (cats, guinea pigs), Metacam 0.5 mg/ml - Oral suspension (dogs), Metacam 1 mg - Chewable tablet (dogs), Metacam 1.5 mg/ml - Oral suspension (dogs), Metacam 15 mg/ml - Oral suspension (horses), Metacam 15 mg/ml - Oral suspension (pigs), Metacam 2 mg/ml - Solution for injection (cats), Metacam 2.5 mg - Chewable tablet (dogs), Metacam 20 mg/ml - Solution for injection (cattle, pigs, horses), Metacam 40 mg/ml - Solution for injection (cattle, horses), Metacam 5 mg/ml - Solution for injection (cats, dogs), Metacam 5 mg/ml - Solution for injection (cattle, pigs), Metacam 5 mg/ml - Solution for injection (dogs)",Death,1,1,1
NL-DEBIAHP-2012NL00007,"<a target=""_blank""  href=""/xmlpserver/EVVET3 PW NEW/Subject Area Contents/Public Website/Report (PDF)/AER.xdo?_xpf=&_xpt=1&_params%2FOracle%20BI%20EE%3A%3ADefaultApp%3A%3AEVVET3%20PR%20NEW%2FAER%3A%3Adimension%2FAER%20Id%3A%3Aattribute%3A%3Anoaggr%3A%3Axsd%3Adouble=306311&_xt=AER&_xf=pdf""> AER </a>",2012-04-19 00:00:00,Veterinarian,Netherlands,UNKNOWN,Dog,Crossbred Canine/dog,Metacam 1.5 mg/ml - Oral suspension (dogs),"Behavioural disorder NOS, Epileptic seizure, Excessive appetite",1,1,
NL-DEBIAHP-2012NL00008,"<a target=""_blank""  href=""/xmlpserver/EVVET3 PW NEW/Subject Area Contents/Public Website/Report (PDF)/AER.xdo?_xpf=&_xpt=1&_params%2FOracle%20BI%20EE%3A%3ADefaultApp%3A%3AEVVET3%20PR%20NEW%2FAER%3A%3Adimension%2FAER%20Id%3A%3Aattribute%3A%3Anoaggr%3A%3Axsd%3Adouble=306313&_xt=AER&_xf=pdf""> AER </a>",2012-04-19 00:00:00,Other health care professional,Netherlands,FEMALE,Cat,Cat (other),"Metacam 1.5 mg/ml - Oral suspension (dogs), Metacam 2 mg/ml - Solution for injection (cats), Metacam 20 mg/ml - Solution for injection (cattle, pigs, horses)","Acute renal failure, Anorexia, Death by euthanasia, Spasticity",1,1,1
NL-DEBIAHP-2012NL00012,"<a target=""_blank""  href=""/xmlpserver/EVVET3 PW NEW/Subject Area Contents/Public Website/Report (PDF)/AER.xdo?_xpf=&_xpt=1&_params%2FOracle%20BI%20EE%3A%3ADefaultApp%3A%3AEVVET3%20PR%20NEW%2FAER%3A%3Adimension%2FAER%20Id%3A%3Aattribute%3A%3Anoaggr%3A%3Axsd%3Adouble=310004&_xt=AER&_xf=pdf""> AER </a>",2012-05-13 00:00:00,Veterinarian,Netherlands,UNKNOWN,Cattle,Cattle (other),Novem 20 mg/ml  - Solution for injection,Death,2,2,2
NL-DEBIAHP-2012NL00013,"<a target=""_blank""  href=""/xmlpserver/EVVET3 PW NEW/Subject Area Contents/Public Website/Report (PDF)/AER.xdo?_xpf=&_xpt=1&_params%2FOracle%20BI%20EE%3A%3ADefaultApp%3A%3AEVVET3%20PR%20NEW%2FAER%3A%3Adimension%2FAER%20Id%3A%3Aattribute%3A%3Anoaggr%3A%3Axsd%3Adouble=310005&_xt=AER&_xf=pdf""> AER </a>",2012-05-13 00:00:00,Veterinarian,Netherlands,UNKNOWN,Sheep,Sheep (other),Novem 20 mg/ml  - Solution for injection,Death,1,1,1
NL-DEBIAHP-2012NL00024,"<a target=""_blank""  href=""/xmlpserver/EVVET3 PW NEW/Subject Area Contents/Public Website/Report (PDF)/AER.xdo?_xpf=&_xpt=1&_params%2FOracle%20BI%20EE%3A%3ADefaultApp%3A%3AEVVET3%20PR%20NEW%2FAER%3A%3Adimension%2FAER%20Id%3A%3Aattribute%3A%3Anoaggr%3A%3Axsd%3Adouble=316790&_xt=AER&_xf=pdf""> AER </a>",2012-06-27 00:00:00,Veterinarian,Netherlands,MALE,Dog,Retriever - Labrador,"Metacam 5 mg/ml - Solution for injection (cats, dogs), Metacam 5 mg/ml - Solution for injection (cattle, pigs), Metacam 5 mg/ml - Solution for injection (dogs)","Collapse (see also Cardio-vascular and Systemic disorders), Unconscious",1,1,
NL-DEBIAHP-2012NL00034,"<a target=""_blank""  href=""/xmlpserver/EVVET3 PW NEW/Subject Area Contents/Public Website/Report (PDF)/AER.xdo?_xpf=&_xpt=1&_params%2FOracle%20BI%20EE%3A%3ADefaultApp%3A%3AEVVET3%20PR%20NEW%2FAER%3A%3Adimension%2FAER%20Id%3A%3Aattribute%3A%3Anoaggr%3A%3Axsd%3Adouble=326867&_xt=AER&_xf=pdf""> AER </a>",2012-09-21 00:00:00,Veterinarian,Netherlands,MALE,Dog,Boxer (German Boxer),"Clavubactin 250/62.5 MG tabletes iekšķīgai lietošanai suņiem, Clavubactin 250/62.5 mg tablet, Metacam 1.5 mg/ml - Oral suspension (dogs), Phenoral 100 mg tablet voor honden","Death by euthanasia, Epileptic seizure",1,1,1
NL-DEBIAHP-2012NL00043,"<a target=""_blank""  href=""/xmlpserver/EVVET3 PW NEW/Subject Area Contents/Public Website/Report (PDF)/AER.xdo?_xpf=&_xpt=1&_params%2FOracle%20BI%20EE%3A%3ADefaultApp%3A%3AEVVET3%20PR%20NEW%2FAER%3A%3Adimension%2FAER%20Id%3A%3Aattribute%3A%3Anoaggr%3A%3Axsd%3Adouble=345130&_xt=AER&_xf=pdf""> AER </a>",2012-12-24 00:00:00,Animal owner,Netherlands,MALE,Cat,European,"BAYTRIL 0,5% W/V ΠΟΣΙΜΟ ΔΙΑΛΥΜΑ, BAYTRIL 0,5% πόσιμο διάλυμα ενροφλοξακίνης για ορνίθια και γαλοπούλες, BAYTRIL 10 % SOLUTION BUVABLE, BAYTRIL 10 % SOLUTION INJECTABLE, BAYTRIL 10% W/V ΠΟΣΙΜΟ ΔΙΑΛΥΜΑ, BAYTRIL 100 mg/ml - soluţie orală, BAYTRIL 100 mg/ml SOLUCION INYECTABLE, BAYTRIL 100 mg/ml soluție injectabilă, BAYTRIL 15 mg δισκία για γάτες και σκύλους, BAYTRIL 150 mg δισκία για γάτες και σκύλους, BAYTRIL 2,5 % SOLUTION BUVABLE, BAYTRIL 2,5 % SOLUTION INJECTABLE, BAYTRIL 2,5% W/V ΕΝΕΣΙΜΟ ΔΙΑΛΥΜΑ, BAYTRIL 2,5% W/V ΠΟΣΙΜΟ ΔΙΑΛΥΜΑ, BAYTRIL 25 mg/ml SOLUCION INYECTABLE, BAYTRIL 25 mg/ml SOLUCION ORAL, BAYTRIL 5 % SOLUTION INJECTABLE, BAYTRIL 5 mg/ml SOLUCION ORAL, BAYTRIL 50 mg δισκία για γάτες και σκύλους, BAYTRIL 50 mg/ml SOLUCION INYECTABLE, BAYTRIL 50mg/ml ενέσιμο διάλυμα, BAYTRIL, 25mg/ml, Injekční roztok, BAYTRIL, 5% ενέσιμο διάλυμα για μόσχους, χοίρους, πρόβατα, αίγες, σκύλους και γάτες, BAYTRIL, 50mg/ml, Injekční roztok, Baytril  100 mg/ml Oplossing voor injectie, Baytril  100 mg/ml Solution injectable, Baytril - Das Original - 100 mg/ml Injektionslösung, Baytril - Das Original - 25 mg/ml Injektionslösung, Baytril - Das Original - 50 mg/ml Injektionslösung, Baytril 0,5 % solução oral para leitões, Baytril 0,5%, Baytril 10 % solução oral, Baytril 10%, Baytril 10% O.L., Baytril 10% Oral Solution, Baytril 100 mg/mL, otopina za injekciju, za goveda, ovce, koze i svinje, Baytril 100 mg/mL, otopina za primjenu u vodi za piće, za kokoši, purane i kuniće, Baytril 100 mg/ml - Injektionslösung für Tiere, Baytril 100 mg/ml - Lösung zum Eingeben für Hühner, Puten und Kaninchen, Baytril 100 mg/ml Oplossing voor gebruik in drinkwater, Baytril 100 mg/ml Solution buvable, Baytril 100 mg/ml Solution for Injection, Baytril 100 mg/ml koncentrat za peroralno raztopino za piščance, purane in kunce, Baytril 100 mg/ml oldat ivóvízbe keveréshez A.U.V., Baytril 100 mg/ml oplossing voor gebruik in drinkwater voor kippen, kalkoenen en konijnen, Baytril 100 mg/ml oplossing voor injectie, Baytril 100 mg/ml raztopina za injiciranje, Baytril 100 mg/ml solution for injection, Baytril 100 mg/ml soluzione iniettabile, Baytril 100 mg/ml solução injetável, Baytril 150 mg tabletta A.U.V., Baytril 2,5%, 25 mg/mL, otopina za injekciju za pse, mačke, prasad, kuniće, glodavce, gmazove i ukrasne ptice, Baytril 25 mg/ml - Injektionslösung für Tiere, Baytril 25 mg/ml - Lösung zum Eingeben für Kälber und Lämmer, Baytril 25 mg/ml Lösung zum Eingeben für Rinder (Kälber), Baytril 25 mg/ml Oplossing voor injectie, Baytril 25 mg/ml Oral Solution, Baytril 25 mg/ml Solution injectable, Baytril 25 mg/ml injekčný roztok, Baytril 25 mg/ml oldatos injekció A.U.V., Baytril 25 mg/ml oplossing voor injectie, Baytril 25 mg/ml roztwór do wstrzykiwań, Baytril 25 mg/ml solution for injection, Baytril 25 mg/ml soluzione iniettabile, Baytril 25 mg/ml soluzione iniettabile per cani, gatti, roditori e conigli da compagnia, rettili e uccelli ornamentali, Baytril 25 mg/ml soluzione orale per vitelli, ovini, caprini, suini, Baytril 25 mg/ml solução injetável, Baytril 5 mg/ml - Lösung zum Eingeben für Schweine, Baytril 5 mg/ml belsőleges oldat sertések részére A.U.V., Baytril 50 mg tabletta A.U.V., Baytril 50 mg/mL, otopina za injekciju, za telad, ovce, koze, svinje, pse i mačke, Baytril 50 mg/ml - Injektionslösung für Tiere, Baytril 50 mg/ml Oplossing voor injectie, Baytril 50 mg/ml Solution for Injection, Baytril 50 mg/ml Solution injectable, Baytril 50 mg/ml injekčný roztok, Baytril 50 mg/ml oldatos injekció A.U.V., Baytril 50 mg/ml oplossing voor injectie, Baytril 50 mg/ml raztopina za injiciranje, Baytril 50 mg/ml soluzione iniettabile, Baytril 50 mg/ml solução injetável, Baytril 50 mg/ml soluție injectabilă, Baytril Direct 100 mg/ml Injektionslösung für Rinder und Schweine, Baytril Piglet Doser 0.5% Oral Solution, Baytril Vet. 100 mg/ml injektionsvæske, opløsning, Baytril Vet. 150 mg tabletter, Baytril Vet. 25 mg/ml oral opløsning, Baytril Vet. 50 mg tabletter, Baytril Vet. 50 mg/ml i","Anorexia, Blood in urine, Faecal impaction, Lethargy (see also Central nervous system depression in Neurological), Urine abnormalities NOS, Vomiting, Weight loss",1,1,
NL-NLBBD-2012-3089,"<a target=""_blank""  href=""/xmlpserver/EVVET3 PW NEW/Subject Area Contents/Public Website/Report (PDF)/AER.xdo?_xpf=&_xpt=1&_params%2FOracle%20BI%20EE%3A%3ADefaultApp%3A%3AEVVET3%20PR%20NEW%2FAER%3A%3Adimension%2FAER%20Id%3A%3Aattribute%3A%3Anoaggr%3A%3Axsd%3Adouble=328548&_xt=AER&_xf=pdf""> AER </a>",2012-10-09 00:00:00,Veterinarian,Netherlands,FEMALE,Cattle,Holstein-Friesian also known as Holstein,"MAMYZIN PARENTERAL 318 mg/ml POLVO Y DISOLVENTE PARA SUSPENSIÓN INYECTABLE PARA BOVINO, Mamyzin 1 g/3 ml polvere e solvente per sospensione iniettabile per bovini, suini e cani, Mamyzin 269.5 mg/ml Powder and Solvent for Suspension for Injection for cattle, Mamyzin Parenteral pó e solvente para suspensão injetável, para bovinos, Mamyzin Vet. 10 Mill. IE pulver og solvens til injektionsvæske, suspension, Mamyzin injector suspensão intramamária para bovinos (vacas), Mamyzin vet 10 g injektiokuiva-aine ja liuotin suspensiota varten naudoille, Mamyzin vet. 10 g stungulyfsstofn og leysir, dreifa, Mamyzin, poeder voor suspensie voor injectie voor runderen, Novem 20 mg/ml  - Solution for injection, Synulox Lactating Cow Intramammary suspension.","Acute mastitis, Fever, Malaise",1,1,
NL-NLINTVINT-2012-NL-00428,"<a target=""_blank""  href=""/xmlpserver/EVVET3 PW NEW/Subject Area Contents/Public Website/Report (PDF)/AER.xdo?_xpf=&_xpt=1&_params%2FOracle%20BI%20EE%3A%3ADefaultApp%3A%3AEVVET3%20PR%20NEW%2FAER%3A%3Adimension%2FAER%20Id%3A%3Aattribute%3A%3Anoaggr%3A%3Axsd%3Adouble=345711&_xt=AER&_xf=pdf""> AER </a>",2012-12-29 00:00:00,Veterinarian,Netherlands,MALE,Cattle,Holstein-Friesian also known as Holstein,"Melovem 20 mg/ml - Solution for injection (Horse, Cattle, Pig), Melovem 30 mg/ml - Solution for injection (Cattle, Pig), Melovem 5 mg/ml  - Solution for injection (Cattle, Pig), NUFLOR 300 mg/ml, NUFLOR 300 mg/ml injekčný roztok pre hovädzí dobytok a ošípané, NUFLOR 300 mg/ml raztopina za injiciranje, NUFLOR 300 mg/ml solution for injection for cattle and sheep, NUFLOR Swine 300 mg/ml Solution for injection, NUFLOR, 300mg/ml, Injekční roztok, Nuflor 300 mg/ml  Injektionslösung für Rinder und Schafe, Nuflor 300 mg/ml oldatos injekció szarvasmarhák és sertések számára, Nuflor 300 mg/ml roztwór do wstrzykiwań dla bydła i świń, Nuflor 40 mg/g Premix for Medicated Feeding Stuff for Swine, Nuflor Minidose 450 mg/ml solution for injection for cattle, Nuflor Premix 40 mg/g Premix voor gemedicineerd voer","Death, Digestive tract disorder NOS, Pneumonia",1,15,1
NL-NLLEVET-CLAVUBACTIN-250-20121121,"<a target=""_blank""  href=""/xmlpserver/EVVET3 PW NEW/Subject Area Contents/Public Website/Report (PDF)/AER.xdo?_xpf=&_xpt=1&_params%2FOracle%20BI%20EE%3A%3ADefaultApp%3A%3AEVVET3%20PR%20NEW%2FAER%3A%3Adimension%2FAER%20Id%3A%3Aattribute%3A%3Anoaggr%3A%3Axsd%3Adouble=342464&_xt=AER&_xf=pdf""> AER </a>",2012-12-10 00:00:00,Veterinarian,Netherlands,MALE,Cat,Maine Coon,"Clavoral 250/62.5 mg tablet for dogs and cats (strength 250 mg amoxicillin + 62.5 mg), Doxycycline 100 mg tablet, voor honden en katten, EMEPRID 1 MG/ML ORAL SOLUTION FOR DOGS AND CATS, EMEPRID 5 MG/ML SOLUTION FOR INJECTION FOR DOGS AND CATS, EMEPRID COMPRIMES, Novacam 0,5 mg/ml suspensie voor oraal gebruik voor katten, SURAMOX / STABOX 50 % O.S.P. POULTRY, SURAMOX 1000 MG/G POWDER FOR USE IN DRINKING WATER FOR CHICKENS, DUCKS, TURKEYS, SURAMOX 1000mg/G ΚΟΝΙΣ ΓΙΑ ΧΟΡΗΓΗΣΗ ΜΕ ΠΟΣΙΜΟ ΝΕΡΟ, SURAMOX 50 % POS, SURAMOX 50 % POWDER FOR ORAL SOLUTION FOR PIGS, SURAMOX 50 PREMELANGE MEDICAMENTEUX, SURAMOX 50 mg/g πρόμιγμα για φαρμακούχο τροφή για χοιρίδια, SURAMOX 50%, SURAMOX 50%(OSP PIG) ΚΟΝΙΣ ΓΙΑ ΠΟΣΙΜΟ ΔΙΑΛΥΜΑ, SURAMOX 50%(OSP POULTRY) ΚΟΝΙΣ ΓΙΑ ΠΟΣΙΜΟ ΔΙΑΛΥΜΑ, SURAMOX 500 mg/g premix na medikáciu krmiva, SURAMOX, 500 mg/g, milteliai geriamajam tirpalui kiaulėms, SURAMOX, 500 mg/g, milteliai geriamajam tirpalui vištoms, SURAMOX, 500mg/g, Premix pro medikaci krmiva, Suramox 5 % Premix 50 mg/g Premix voor gemedicineerd voer, Suramox 50 g / 100 g Proszek do podania w wodzie do picia, Suramox 500 mg/g gyógypremix sertésnek A.U.V., Suramox 500 mg/g por ivóvízbe keveréshez sertések részére A.U.V., Suramox 500 mg/g pulveris iekšķīgi lietojama šķīduma pagatavošanai vistām, Suramox 500 mg/g pulveris šķīduma iekšķīgai lietošanai pagatavošanai cūkām, Suramox, 500 mg/g suukaudse lahuse pulber kanadele, Suramox, 500 mg/g suukaudse lahuse pulber sigadele, Suramox, 500mg/g, Prášek pro perorální roztok, СУРАМОКС  50% ОСП","Death, Elevated renal parameters, Hyperproteinaemia, Hypothermia, Leukocytosis NOS, Weight loss",1,1,1
NO-NONOMA-2012-15771,"<a target=""_blank""  href=""/xmlpserver/EVVET3 PW NEW/Subject Area Contents/Public Website/Report (PDF)/AER.xdo?_xpf=&_xpt=1&_params%2FOracle%20BI%20EE%3A%3ADefaultApp%3A%3AEVVET3%20PR%20NEW%2FAER%3A%3Adimension%2FAER%20Id%3A%3Aattribute%3A%3Anoaggr%3A%3Axsd%3Adouble=344731&_xt=AER&_xf=pdf""> AER </a>",2012-12-21 00:00:00,Veterinarian,Norway,MALE,Dog,Shepherd Dog - Belgian Malinois,Metacam 1.5 mg/ml - Oral suspension (dogs),"Appetite loss, Delayed healing, Mouth pain, Tongue ulceration",1,1,
NZ-UKPFIZAH-2009-NZ-00069,"<a target=""_blank""  href=""/xmlpserver/EVVET3 PW NEW/Subject Area Contents/Public Website/Report (PDF)/AER.xdo?_xpf=&_xpt=1&_params%2FOracle%20BI%20EE%3A%3ADefaultApp%3A%3AEVVET3%20PR%20NEW%2FAER%3A%3Adimension%2FAER%20Id%3A%3Aattribute%3A%3Anoaggr%3A%3Axsd%3Adouble=306547&_xt=AER&_xf=pdf""> AER </a>",2012-04-19 00:00:00,Veterinarian,New Zealand,FEMALE,Cat,British cat,"Metacam 0.5 mg/ml - Oral suspension (cats, guinea pigs), Metacam 0.5 mg/ml - Oral suspension (dogs)","Anorexia, Death, General pain (see other SOCs for specific pain)",1,1,1
PL-UKPFIZAH-2011-PL-00028,"<a target=""_blank""  href=""/xmlpserver/EVVET3 PW NEW/Subject Area Contents/Public Website/Report (PDF)/AER.xdo?_xpf=&_xpt=1&_params%2FOracle%20BI%20EE%3A%3ADefaultApp%3A%3AEVVET3%20PR%20NEW%2FAER%3A%3Adimension%2FAER%20Id%3A%3Aattribute%3A%3Anoaggr%3A%3Axsd%3Adouble=301827&_xt=AER&_xf=pdf""> AER </a>",2012-03-21 00:00:00,Veterinarian,Poland,FEMALE,Cattle,Holstein-Friesian also known as Holstein,"ADVOCIN 180, 180 MG/ML, SOLUTION FOR INJECTION FOR CATTLE, GLUCOSE 25 % SOLUTION WITH METHIONINE, infuzinis tirpalas galvijams, arkliams, šunims ir katėms, Glucose 30 % Oplossing voor infusie, Glucose 30 % Solution pour perfusion, Glucose – Lösung 40 % Bernburg, infuzinis tirpalas arkliams, galvijams, avims, ožkoms, kiaulėms, šunims, katėms, Glucose – Lösung 40 %, 400 mg/ml infuzinis tirpalas arkliams, galvijams, avims, ožkoms, kiaulėms, šunims ir katėms, Meloxidyl 0.5 mg/ml  - Oral suspension, Meloxidyl 1.5 mg/ml  - Oral suspension, Meloxidyl 20 mg/ml  - Solution for injection, Meloxidyl 20 mg/ml oplossing voor injectie voor runderen en varkens, Meloxidyl 5 mg/ml  - Solution for injection, Глюкоза-Разтвор 40% БГ","Anaphylactic-type reaction, Collapse (see also Cardio-vascular and Systemic disorders), Death, Facial oedema, Hair standing on end, Hypersalivation, Urticaria",4,4,1
SE-DEBIAHP-2012SE00004,"<a target=""_blank""  href=""/xmlpserver/EVVET3 PW NEW/Subject Area Contents/Public Website/Report (PDF)/AER.xdo?_xpf=&_xpt=1&_params%2FOracle%20BI%20EE%3A%3ADefaultApp%3A%3AEVVET3%20PR%20NEW%2FAER%3A%3Adimension%2FAER%20Id%3A%3Aattribute%3A%3Anoaggr%3A%3Axsd%3Adouble=325284&_xt=AER&_xf=pdf""> AER </a>",2012-09-10 00:00:00,Veterinarian,Sweden,MALE,Horse,Icelandic Pony,"Metacam 15 mg/ml - Oral suspension (horses), Metacam 15 mg/ml - Oral suspension (pigs)","Abdominal oedema, Abdominal pain, Death by euthanasia, Decreased appetite, Dehydration, Diarrhoea, Digestive tract hypermotility, Discoloured urine, Drinking a lot, Hyperthermia, Increased heart rate, Lethargy (see also Central nervous system depression in Neurological), Pale mucous membrane, Prolonged capillary refill time",1,1,1
SE-DEBIAHP-2012SE00011,"<a target=""_blank""  href=""/xmlpserver/EVVET3 PW NEW/Subject Area Contents/Public Website/Report (PDF)/AER.xdo?_xpf=&_xpt=1&_params%2FOracle%20BI%20EE%3A%3ADefaultApp%3A%3AEVVET3%20PR%20NEW%2FAER%3A%3Adimension%2FAER%20Id%3A%3Aattribute%3A%3Anoaggr%3A%3Axsd%3Adouble=318933&_xt=AER&_xf=pdf""> AER </a>",2012-07-16 00:00:00,Veterinarian,Sweden,FEMALE,Dog,Rottweiler,"Metacam 15 mg/ml - Oral suspension (horses), Metacam 15 mg/ml - Oral suspension (pigs)","Cardiac arrest, Death, Diarrhoea, Lethargy (see also Central nervous system depression in Neurological), Shock, Vomiting",1,1,
SE-DEBIAHP-2012SE00012,"<a target=""_blank""  href=""/xmlpserver/EVVET3 PW NEW/Subject Area Contents/Public Website/Report (PDF)/AER.xdo?_xpf=&_xpt=1&_params%2FOracle%20BI%20EE%3A%3ADefaultApp%3A%3AEVVET3%20PR%20NEW%2FAER%3A%3Adimension%2FAER%20Id%3A%3Aattribute%3A%3Anoaggr%3A%3Axsd%3Adouble=320439&_xt=AER&_xf=pdf""> AER </a>",2012-07-27 00:00:00,Veterinarian,Sweden,MALE,Pig,Crossbred Porcine/Pig,"Metacam 5 mg/ml - Solution for injection (cattle, pigs), Uniferon 200 mg fe3+/ml Injektionsvätska, lösning","Death, Profuse bleeding",4,93,
SE-SEMPAV-2011-286,"<a target=""_blank""  href=""/xmlpserver/EVVET3 PW NEW/Subject Area Contents/Public Website/Report (PDF)/AER.xdo?_xpf=&_xpt=1&_params%2FOracle%20BI%20EE%3A%3ADefaultApp%3A%3AEVVET3%20PR%20NEW%2FAER%3A%3Adimension%2FAER%20Id%3A%3Aattribute%3A%3Anoaggr%3A%3Axsd%3Adouble=297291&_xt=AER&_xf=pdf""> AER </a>",2012-02-17 00:00:00,Veterinarian,Sweden,MALE,Dog,Akita,Meloxidyl 1.5 mg/ml  - Oral suspension,"Anaemia NOS, Constipation, Dehydration, Haematemesis, Inappetence, Pale mucous membrane",1,1,
SE-SEMPAV-2012-009,"<a target=""_blank""  href=""/xmlpserver/EVVET3 PW NEW/Subject Area Contents/Public Website/Report (PDF)/AER.xdo?_xpf=&_xpt=1&_params%2FOracle%20BI%20EE%3A%3ADefaultApp%3A%3AEVVET3%20PR%20NEW%2FAER%3A%3Adimension%2FAER%20Id%3A%3Aattribute%3A%3Anoaggr%3A%3Axsd%3Adouble=308815&_xt=AER&_xf=pdf""> AER </a>",2012-05-07 00:00:00,Veterinarian,Sweden,MALE,Cat,Unknown,"Metacam 5 mg/ml - Solution for injection (cats, dogs), Metacam 5 mg/ml - Solution for injection (cattle, pigs), Metacam 5 mg/ml - Solution for injection (dogs)","Injection site hair loss, Injection site itching, Injection site reddening, Injection site ulcer",1,1,
SE-SEMPAV-2012-049,"<a target=""_blank""  href=""/xmlpserver/EVVET3 PW NEW/Subject Area Contents/Public Website/Report (PDF)/AER.xdo?_xpf=&_xpt=1&_params%2FOracle%20BI%20EE%3A%3ADefaultApp%3A%3AEVVET3%20PR%20NEW%2FAER%3A%3Adimension%2FAER%20Id%3A%3Aattribute%3A%3Anoaggr%3A%3Axsd%3Adouble=300485&_xt=AER&_xf=pdf""> AER </a>",2012-03-12 00:00:00,Veterinarian,Sweden,MALE,Cat,Cat (other),"Metacam 0.5 mg/ml - Oral suspension (cats, guinea pigs), Metacam 0.5 mg/ml - Oral suspension (dogs)",Lethargy (see also Central nervous system depression in Neurological),1,1,
SE-SEMPAV-2012-105,"<a target=""_blank""  href=""/xmlpserver/EVVET3 PW NEW/Subject Area Contents/Public Website/Report (PDF)/AER.xdo?_xpf=&_xpt=1&_params%2FOracle%20BI%20EE%3A%3ADefaultApp%3A%3AEVVET3%20PR%20NEW%2FAER%3A%3Adimension%2FAER%20Id%3A%3Aattribute%3A%3Anoaggr%3A%3Axsd%3Adouble=311726&_xt=AER&_xf=pdf""> AER </a>",2012-05-25 00:00:00,Veterinarian,Sweden,MALE,Dog,Shepherd Dog - German,"Metacam 5 mg/ml - Solution for injection (cats, dogs), Metacam 5 mg/ml - Solution for injection (cattle, pigs), Metacam 5 mg/ml - Solution for injection (dogs), Rimadyl, 50 mg närimistablett koertele","Abdominal pain, Acute renal failure, Polydipsia, Polyuria, Urinary incontinence, Vomiting",1,1,1
SE-SEMPAV-2012-119,"<a target=""_blank""  href=""/xmlpserver/EVVET3 PW NEW/Subject Area Contents/Public Website/Report (PDF)/AER.xdo?_xpf=&_xpt=1&_params%2FOracle%20BI%20EE%3A%3ADefaultApp%3A%3AEVVET3%20PR%20NEW%2FAER%3A%3Adimension%2FAER%20Id%3A%3Aattribute%3A%3Anoaggr%3A%3Axsd%3Adouble=315868&_xt=AER&_xf=pdf""> AER </a>",2012-06-21 00:00:00,Veterinarian,Sweden,FEMALE,Cat,Unknown,"Metacam 0.5 mg/ml - Oral suspension (cats, guinea pigs), Metacam 0.5 mg/ml - Oral suspension (dogs)","Acute renal failure, Death by euthanasia, Dullness, Elevated creatinine",1,1,1
SE-SEMPAV-2012-150,"<a target=""_blank""  href=""/xmlpserver/EVVET3 PW NEW/Subject Area Contents/Public Website/Report (PDF)/AER.xdo?_xpf=&_xpt=1&_params%2FOracle%20BI%20EE%3A%3ADefaultApp%3A%3AEVVET3%20PR%20NEW%2FAER%3A%3Adimension%2FAER%20Id%3A%3Aattribute%3A%3Anoaggr%3A%3Axsd%3Adouble=323103&_xt=AER&_xf=pdf""> AER </a>",2012-08-23 00:00:00,Veterinarian,Sweden,MALE,Pig,Crossbred Porcine/Pig,"Metacam 5 mg/ml - Solution for injection (cattle, pigs)",Found dead,4,93,4
SE-SEMPAV-2012-194,"<a target=""_blank""  href=""/xmlpserver/EVVET3 PW NEW/Subject Area Contents/Public Website/Report (PDF)/AER.xdo?_xpf=&_xpt=1&_params%2FOracle%20BI%20EE%3A%3ADefaultApp%3A%3AEVVET3%20PR%20NEW%2FAER%3A%3Adimension%2FAER%20Id%3A%3Aattribute%3A%3Anoaggr%3A%3Axsd%3Adouble=328031&_xt=AER&_xf=pdf""> AER </a>",2012-10-03 00:00:00,Veterinarian,Sweden,MALE,Horse,Horse (other),"Metacam 0.5 mg/ml - Oral suspension (cats, guinea pigs), Metacam 0.5 mg/ml - Oral suspension (dogs), Metacam 1 mg - Chewable tablet (dogs), Metacam 1.5 mg/ml - Oral suspension (dogs), Metacam 15 mg/ml - Oral suspension (horses), Metacam 15 mg/ml - Oral suspension (pigs), Metacam 2 mg/ml - Solution for injection (cats), Metacam 2.5 mg - Chewable tablet (dogs), Metacam 20 mg/ml - Solution for injection (cattle, pigs, horses), Metacam 40 mg/ml - Solution for injection (cattle, horses), Metacam 5 mg/ml - Solution for injection (cats, dogs), Metacam 5 mg/ml - Solution for injection (cattle, pigs), Metacam 5 mg/ml - Solution for injection (dogs), ProteqFlu-Te (--) - Powder and solvent for suspension for injection, ProteqFlu-Te (--) - Suspension for injection",Colic,1,1,
SE-SEMPAV-2012-198,"<a target=""_blank""  href=""/xmlpserver/EVVET3 PW NEW/Subject Area Contents/Public Website/Report (PDF)/AER.xdo?_xpf=&_xpt=1&_params%2FOracle%20BI%20EE%3A%3ADefaultApp%3A%3AEVVET3%20PR%20NEW%2FAER%3A%3Adimension%2FAER%20Id%3A%3Aattribute%3A%3Anoaggr%3A%3Axsd%3Adouble=328116&_xt=AER&_xf=pdf""> AER </a>",2012-10-04 00:00:00,Veterinarian,Sweden,FEMALE,Dog,Retriever - Labrador,Metacam 1.5 mg/ml - Oral suspension (dogs),"Bradycardia, Death by euthanasia, Hypotension, Lethargy (see also Central nervous system depression in Neurological), Vomiting",1,1,1
SE-SEMPAV-2012-225,"<a target=""_blank""  href=""/xmlpserver/EVVET3 PW NEW/Subject Area Contents/Public Website/Report (PDF)/AER.xdo?_xpf=&_xpt=1&_params%2FOracle%20BI%20EE%3A%3ADefaultApp%3A%3AEVVET3%20PR%20NEW%2FAER%3A%3Adimension%2FAER%20Id%3A%3Aattribute%3A%3Anoaggr%3A%3Axsd%3Adouble=344033&_xt=AER&_xf=pdf""> AER </a>",2012-12-18 00:00:00,Veterinarian,Sweden,FEMALE,Horse,Warmblood - Swedish,"Metacam 15 mg/ml - Oral suspension (horses), Metacam 15 mg/ml - Oral suspension (pigs), Penovet vet. 300 mg/ml injeksjonsvæske, suspensjon",Behavioural disorder NOS,1,1,
SE-SEMPAV-2012-247,"<a target=""_blank""  href=""/xmlpserver/EVVET3 PW NEW/Subject Area Contents/Public Website/Report (PDF)/AER.xdo?_xpf=&_xpt=1&_params%2FOracle%20BI%20EE%3A%3ADefaultApp%3A%3AEVVET3%20PR%20NEW%2FAER%3A%3Adimension%2FAER%20Id%3A%3Aattribute%3A%3Anoaggr%3A%3Axsd%3Adouble=345508&_xt=AER&_xf=pdf""> AER </a>",2012-12-28 00:00:00,Veterinarian,Sweden,FEMALE,Dog,Retriever - Labrador,"ATOPICA 10 mg soft capsules for dogs, ATOPICA 100 MG/ML SOLUTION BUVABLE POUR CHATS ET CHIENS, ATOPICA 25 mg CAPSULAS BLANDAS PARA PERROS, ATOPICA 25 mg capsules molles pour chiens, ATOPICA 50 mg capsules molles pour chiens, Atopica 10 mg soft capsules for dogs, Atopica 100 mg soft capsules for dogs, Atopica 100 mg/ml oral solution for cats and dogs, Atopica 25 mg soft capsules for dogs, Atopica 50 mg soft capsules for dogs, Atopica Vet. 50 mg kapseli, pehmeä, Atopica vet., 100 mg, Kapsel, mjuk, Atopica vet., 100 mg, mjuka kapslar, Atopica vet., 50 mg, Kapsel, mjuk, Meloxidyl 1.5 mg/ml  - Oral suspension","Diarrhoea, Urination",1,1,
SE-SEMPAV-2012-263,"<a target=""_blank""  href=""/xmlpserver/EVVET3 PW NEW/Subject Area Contents/Public Website/Report (PDF)/AER.xdo?_xpf=&_xpt=1&_params%2FOracle%20BI%20EE%3A%3ADefaultApp%3A%3AEVVET3%20PR%20NEW%2FAER%3A%3Adimension%2FAER%20Id%3A%3Aattribute%3A%3Anoaggr%3A%3Axsd%3Adouble=345560&_xt=AER&_xf=pdf""> AER </a>",2012-12-28 00:00:00,Veterinarian,Sweden,FEMALE,Dog,Mountain Dog - Pyrenean,"Metacam 0.5 mg/ml - Oral suspension (cats, guinea pigs), Metacam 0.5 mg/ml - Oral suspension (dogs), Metacam 1 mg - Chewable tablet (dogs), Metacam 1.5 mg/ml - Oral suspension (dogs), Metacam 15 mg/ml - Oral suspension (horses), Metacam 15 mg/ml - Oral suspension (pigs), Metacam 2 mg/ml - Solution for injection (cats), Metacam 2.5 mg - Chewable tablet (dogs), Metacam 20 mg/ml - Solution for injection (cattle, pigs, horses), Metacam 40 mg/ml - Solution for injection (cattle, horses), Metacam 5 mg/ml - Solution for injection (cats, dogs), Metacam 5 mg/ml - Solution for injection (cattle, pigs), Metacam 5 mg/ml - Solution for injection (dogs)","Collapse (see also Cardio-vascular and Systemic disorders), Intestinal perforation, Peritonitis, Small intestine ulcer, Vomiting",1,1,
UK-VMD-0059/11,"<a target=""_blank""  href=""/xmlpserver/EVVET3 PW NEW/Subject Area Contents/Public Website/Report (PDF)/AER.xdo?_xpf=&_xpt=1&_params%2FOracle%20BI%20EE%3A%3ADefaultApp%3A%3AEVVET3%20PR%20NEW%2FAER%3A%3Adimension%2FAER%20Id%3A%3Aattribute%3A%3Anoaggr%3A%3Axsd%3Adouble=319865&_xt=AER&_xf=pdf""> AER </a>",2012-07-23 00:00:00,Veterinarian,United Kingdom,FEMALE,Dog,Unknown,"Metacam 0.5 mg/ml - Oral suspension (cats, guinea pigs), Metacam 0.5 mg/ml - Oral suspension (dogs)",Haemorrhagic diarrhoea,1,1,
UK-VMD-0075/11,"<a target=""_blank""  href=""/xmlpserver/EVVET3 PW NEW/Subject Area Contents/Public Website/Report (PDF)/AER.xdo?_xpf=&_xpt=1&_params%2FOracle%20BI%20EE%3A%3ADefaultApp%3A%3AEVVET3%20PR%20NEW%2FAER%3A%3Adimension%2FAER%20Id%3A%3Aattribute%3A%3Anoaggr%3A%3Axsd%3Adouble=319863&_xt=AER&_xf=pdf""> AER </a>",2012-07-23 00:00:00,Veterinarian,United Kingdom,FEMALE,Dog,Collie - Border,Loxicom 1.5 mg/ml  - Oral suspension (dogs),Haematemesis,1,1,
UK-VMD-0094/11,"<a target=""_blank""  href=""/xmlpserver/EVVET3 PW NEW/Subject Area Contents/Public Website/Report (PDF)/AER.xdo?_xpf=&_xpt=1&_params%2FOracle%20BI%20EE%3A%3ADefaultApp%3A%3AEVVET3%20PR%20NEW%2FAER%3A%3Adimension%2FAER%20Id%3A%3Aattribute%3A%3Anoaggr%3A%3Axsd%3Adouble=316611&_xt=AER&_xf=pdf""> AER </a>",2012-06-28 00:00:00,Other health care professional,United Kingdom,MALE,Cat,Crossbred Feline/cat,"Atipam, 5.0 mg/ml, solution for injection for cats and dogs, Dolorex 10 mg/ml Solution for Injection for horse, dog and cat, Metacam 2 mg/ml - Solution for injection (cats), Metacam 20 mg/ml - Solution for injection (cattle, pigs, horses), SEDATOR, 1.0 mg/ml, solution for injection for cats and dogs, Sedator, 1.0 mg/ml, solution for injection for cats and dogs","Agitation, Hypersalivation, Hypertension, Hyperthermia, Myoclonus, Tachycardia, Tachypnoea",1,1,
UK-VMD-0576/12,"<a target=""_blank""  href=""/xmlpserver/EVVET3 PW NEW/Subject Area Contents/Public Website/Report (PDF)/AER.xdo?_xpf=&_xpt=1&_params%2FOracle%20BI%20EE%3A%3ADefaultApp%3A%3AEVVET3%20PR%20NEW%2FAER%3A%3Adimension%2FAER%20Id%3A%3Aattribute%3A%3Anoaggr%3A%3Axsd%3Adouble=298897&_xt=AER&_xf=pdf""> AER </a>",2012-02-29 00:00:00,Veterinarian,United Kingdom,MIXED,Rabbit,Lop - French,"Atipam, 5.0 mg/ml, solution for injection for cats and dogs, BAYTRIL 2,5 % SOLUTION INJECTABLE, Domitor 1 mg/ml solution for injection, Domitor 1 mg/ml soluzione iniettabile per cani e gatti, Ketavet 100 mg/ml Solution for Injection for Dogs, Cats and Horses, Metacam 2 mg/ml - Solution for injection (cats), Metacam 20 mg/ml - Solution for injection (cattle, pigs, horses), Torbugesic 10 mg/ml Solution for Injection","Death, Lethargy (see also Central nervous system depression in Neurological)",2,2,1
UK-VMD-0664/12,"<a target=""_blank""  href=""/xmlpserver/EVVET3 PW NEW/Subject Area Contents/Public Website/Report (PDF)/AER.xdo?_xpf=&_xpt=1&_params%2FOracle%20BI%20EE%3A%3ADefaultApp%3A%3AEVVET3%20PR%20NEW%2FAER%3A%3Adimension%2FAER%20Id%3A%3Aattribute%3A%3Anoaggr%3A%3Axsd%3Adouble=300311&_xt=AER&_xf=pdf""> AER </a>",2012-03-09 00:00:00,Veterinarian,United Kingdom,FEMALE,Cat,Unknown,"Isoflurane 100% Inhalation Vapour, Liquid, Lincoject 100 mg/ml oldatos injekció A.U.V., Metacam 2 mg/ml - Solution for injection (cats), Metacam 20 mg/ml - Solution for injection (cattle, pigs, horses), VETERGESIC MULTIDOSE, 0.3MG/ML, SOLUTION FOR INJECTION FOR DOGS AND CATS, Линкоджект","Collapse NOS (see also Cardio-vascular and Neurological disorders), Death",1,1,1
UK-VMD-1207/12,"<a target=""_blank""  href=""/xmlpserver/EVVET3 PW NEW/Subject Area Contents/Public Website/Report (PDF)/AER.xdo?_xpf=&_xpt=1&_params%2FOracle%20BI%20EE%3A%3ADefaultApp%3A%3AEVVET3%20PR%20NEW%2FAER%3A%3Adimension%2FAER%20Id%3A%3Aattribute%3A%3Anoaggr%3A%3Axsd%3Adouble=315401&_xt=AER&_xf=pdf""> AER </a>",2012-06-20 00:00:00,Veterinarian,United Kingdom,FEMALE,Cattle,Ayrshire,"Metacam 20 mg/ml - Solution for injection (cattle, pigs, horses)","Allergic oedema, Anaphylactoid reaction, Ataxia, Collapse (see also Cardio-vascular and Systemic disorders), Collapse NOS (see also Cardio-vascular and Neurological disorders), Cyanosis, Death by euthanasia, Dyspnoea, Hypersalivation, Nasal bleeding, Tachycardia, Tachypnoea",1,1,2
UK-VMD-1477/12,"<a target=""_blank""  href=""/xmlpserver/EVVET3 PW NEW/Subject Area Contents/Public Website/Report (PDF)/AER.xdo?_xpf=&_xpt=1&_params%2FOracle%20BI%20EE%3A%3ADefaultApp%3A%3AEVVET3%20PR%20NEW%2FAER%3A%3Adimension%2FAER%20Id%3A%3Aattribute%3A%3Anoaggr%3A%3Axsd%3Adouble=310275&_xt=AER&_xf=pdf""> AER </a>",2012-05-17 00:00:00,Veterinarian,United Kingdom,FEMALE,Dog,Shepherd Dog - German,"Cartrophen Vet 100 mg/ml Solution for Injection., Metacam 1.5 mg/ml - Oral suspension (dogs)","Death by euthanasia, Pale mucous membrane",1,1,2
UK-VMD-1655/11,"<a target=""_blank""  href=""/xmlpserver/EVVET3 PW NEW/Subject Area Contents/Public Website/Report (PDF)/AER.xdo?_xpf=&_xpt=1&_params%2FOracle%20BI%20EE%3A%3ADefaultApp%3A%3AEVVET3%20PR%20NEW%2FAER%3A%3Adimension%2FAER%20Id%3A%3Aattribute%3A%3Anoaggr%3A%3Axsd%3Adouble=319869&_xt=AER&_xf=pdf""> AER </a>",2012-07-23 00:00:00,Veterinarian,United Kingdom,FEMALE,Dog,Crossbred Canine/dog,Metacam 1.5 mg/ml - Oral suspension (dogs),Haemorrhagic gastroenteritis,1,1,
UK-VMD-1908/11,"<a target=""_blank""  href=""/xmlpserver/EVVET3 PW NEW/Subject Area Contents/Public Website/Report (PDF)/AER.xdo?_xpf=&_xpt=1&_params%2FOracle%20BI%20EE%3A%3ADefaultApp%3A%3AEVVET3%20PR%20NEW%2FAER%3A%3Adimension%2FAER%20Id%3A%3Aattribute%3A%3Anoaggr%3A%3Axsd%3Adouble=316282&_xt=AER&_xf=pdf""> AER </a>",2012-06-25 00:00:00,Veterinarian,United Kingdom,FEMALE,Cat,Crossbred Feline/cat,"Metacam 0.5 mg/ml - Oral suspension (cats, guinea pigs), Metacam 0.5 mg/ml - Oral suspension (dogs)",Acute renal failure,1,1,
UK-VMD-1912/11,"<a target=""_blank""  href=""/xmlpserver/EVVET3 PW NEW/Subject Area Contents/Public Website/Report (PDF)/AER.xdo?_xpf=&_xpt=1&_params%2FOracle%20BI%20EE%3A%3ADefaultApp%3A%3AEVVET3%20PR%20NEW%2FAER%3A%3Adimension%2FAER%20Id%3A%3Aattribute%3A%3Anoaggr%3A%3Axsd%3Adouble=319868&_xt=AER&_xf=pdf""> AER </a>",2012-07-23 00:00:00,Veterinarian,United Kingdom,FEMALE,Dog,Shih Tzu,"Canaural ear drops, suspension for dogs and cats, Metacam 1.5 mg/ml - Oral suspension (dogs)",Haemorrhagic gastroenteritis,1,1,
UK-VMD-2004/12,"<a target=""_blank""  href=""/xmlpserver/EVVET3 PW NEW/Subject Area Contents/Public Website/Report (PDF)/AER.xdo?_xpf=&_xpt=1&_params%2FOracle%20BI%20EE%3A%3ADefaultApp%3A%3AEVVET3%20PR%20NEW%2FAER%3A%3Adimension%2FAER%20Id%3A%3Aattribute%3A%3Anoaggr%3A%3Axsd%3Adouble=317767&_xt=AER&_xf=pdf""> AER </a>",2012-07-04 00:00:00,Veterinarian,United Kingdom,FEMALE,Cat,Unknown,"Clamoxyl LA 150 mg/ml injekčná suspenzia, Metacam 2 mg/ml - Solution for injection (cats), Metacam 20 mg/ml - Solution for injection (cattle, pigs, horses), PropoFlo Plus, 10mg/ml, Emulsion for Injection, VETERGESIC MULTIDOSE, 0.3MG/ML, SOLUTION FOR INJECTION FOR DOGS AND CATS","Apnoea, Blindness, Brain damage NOS, Opisthotonus, Prolonged anaesthesia",1,1,
UK-VMD-2071/12,"<a target=""_blank""  href=""/xmlpserver/EVVET3 PW NEW/Subject Area Contents/Public Website/Report (PDF)/AER.xdo?_xpf=&_xpt=1&_params%2FOracle%20BI%20EE%3A%3ADefaultApp%3A%3AEVVET3%20PR%20NEW%2FAER%3A%3Adimension%2FAER%20Id%3A%3Aattribute%3A%3Anoaggr%3A%3Axsd%3Adouble=317748&_xt=AER&_xf=pdf""> AER </a>",2012-07-04 00:00:00,Veterinarian,United Kingdom,FEMALE,Dog,Unknown,Loxicom 1.5 mg/ml  - Oral suspension (dogs),"Death by euthanasia, Lethargy (see also Central nervous system depression in Neurological), Melaena, Pale mucous membrane, Vomiting",1,1,2
UK-VMD-2211/12,"<a target=""_blank""  href=""/xmlpserver/EVVET3 PW NEW/Subject Area Contents/Public Website/Report (PDF)/AER.xdo?_xpf=&_xpt=1&_params%2FOracle%20BI%20EE%3A%3ADefaultApp%3A%3AEVVET3%20PR%20NEW%2FAER%3A%3Adimension%2FAER%20Id%3A%3Aattribute%3A%3Anoaggr%3A%3Axsd%3Adouble=320033&_xt=AER&_xf=pdf""> AER </a>",2012-07-24 00:00:00,Veterinarian,United Kingdom,FEMALE,Cattle,Holstein-Friesian also known as Holstein,"Metacam 20 mg/ml - Solution for injection (cattle, pigs, horses)","Abomasal perforation, Abomasal ulcer, Death, Melaena, Peritonitis",1,1,1
UK-VMD-2255/12,"<a target=""_blank""  href=""/xmlpserver/EVVET3 PW NEW/Subject Area Contents/Public Website/Report (PDF)/AER.xdo?_xpf=&_xpt=1&_params%2FOracle%20BI%20EE%3A%3ADefaultApp%3A%3AEVVET3%20PR%20NEW%2FAER%3A%3Adimension%2FAER%20Id%3A%3Aattribute%3A%3Anoaggr%3A%3Axsd%3Adouble=320215&_xt=AER&_xf=pdf""> AER </a>",2012-07-25 00:00:00,Veterinarian,United Kingdom,MALE,Dog,Crossbred Canine/dog,"Metacam 1.5 mg/ml - Oral suspension (dogs), Metacam 5 mg/ml - Solution for injection (cats, dogs), Metacam 5 mg/ml - Solution for injection (cattle, pigs), Metacam 5 mg/ml - Solution for injection (dogs)","Blood in vomit, Collapse NOS (see also Cardio-vascular and Neurological disorders), Death, Diarrhoea, Dyspnoea, Melaena, Pain NOS, Recumbency, Vomiting",1,1,1
UK-VMD-2358/11,"<a target=""_blank""  href=""/xmlpserver/EVVET3 PW NEW/Subject Area Contents/Public Website/Report (PDF)/AER.xdo?_xpf=&_xpt=1&_params%2FOracle%20BI%20EE%3A%3ADefaultApp%3A%3AEVVET3%20PR%20NEW%2FAER%3A%3Adimension%2FAER%20Id%3A%3Aattribute%3A%3Anoaggr%3A%3Axsd%3Adouble=319870&_xt=AER&_xf=pdf""> AER </a>",2012-07-23 00:00:00,Veterinarian,United Kingdom,FEMALE,Dog,Crossbred Canine/dog,"Metacam 1.5 mg/ml - Oral suspension (dogs), Metacam 5 mg/ml - Solution for injection (cats, dogs), Metacam 5 mg/ml - Solution for injection (cattle, pigs), Metacam 5 mg/ml - Solution for injection (dogs)",Haemorrhagic gastroenteritis,1,1,
UK-VMD-2404/12,"<a target=""_blank""  href=""/xmlpserver/EVVET3 PW NEW/Subject Area Contents/Public Website/Report (PDF)/AER.xdo?_xpf=&_xpt=1&_params%2FOracle%20BI%20EE%3A%3ADefaultApp%3A%3AEVVET3%20PR%20NEW%2FAER%3A%3Adimension%2FAER%20Id%3A%3Aattribute%3A%3Anoaggr%3A%3Axsd%3Adouble=321475&_xt=AER&_xf=pdf""> AER </a>",2012-08-08 00:00:00,Animal owner,United Kingdom,MALE,Dog,Terrier - Jack Russell,"Lincoject 100 mg/ml oldatos injekció A.U.V., Metacam 1.5 mg/ml - Oral suspension (dogs), SYNULOX  RTU, SYNULOX RTU, SYNULOX RTU 140 mg/38,5 mg suspenzija za injiciranje, SYNULOX RTU 140/35 mg/ml injekčná suspenzia, SYNULOX RTU ενέσιμο εναιώρημα για βοοειδή, χοίρους, σκύλους και γάτες, SYNULOX RTU, Injekční suspenze, SYNULOX RTU, injekcinė suspensija galvijams, kiaulėms, šunims ir katėms, SYNULOX® RTU 140/35 mg/ml, Injektionssuspension für Rinder, Schweine (Ferkel, Mastschweine), Hunde und Katzen, Synulox RTU 140/35 mg/ml Injektionssuspension für Rinder, Schweine (Ferkel, Mastschweine), Hunde und Katzen, Synulox RTU 140/35 mg/ml szuszpenziós injekció szarvasmarhák, sertések, kutyák és macskák részére A.U.V., Synulox RTU suspensija injekcijām liellopiem, cūkām, suņiem un kaķiem, Synulox RTU инжекционна суспензия за говеда, свине, кучета и котки, Synulox RTU, süstesuspensioon veistele, sigadele, koertele ja kassidele, Synulox Ready To Use Injection, Synulox Ready to Use Injection, Synulox Ready-To-Use 140 mg/ml Suspensie voor injectie, Synulox Ready-To-Use, 140 mg/ml + 35 mg/ml, suspension injectable pour chiens et chats, VETERGESIC MULTIDOSE, 0.3MG/ML, SOLUTION FOR INJECTION FOR DOGS AND CATS, Линкоджект","Death by euthanasia, Restlessness, Vocalisation",1,1,1
UK-VMD-2481/12,"<a target=""_blank""  href=""/xmlpserver/EVVET3 PW NEW/Subject Area Contents/Public Website/Report (PDF)/AER.xdo?_xpf=&_xpt=1&_params%2FOracle%20BI%20EE%3A%3ADefaultApp%3A%3AEVVET3%20PR%20NEW%2FAER%3A%3Adimension%2FAER%20Id%3A%3Aattribute%3A%3Anoaggr%3A%3Axsd%3Adouble=321423&_xt=AER&_xf=pdf""> AER </a>",2012-08-08 00:00:00,Veterinarian,United Kingdom,FEMALE,Cat,Crossbred Feline/cat,"Metacam 0.5 mg/ml - Oral suspension (cats, guinea pigs), Metacam 0.5 mg/ml - Oral suspension (dogs)","Bradycardia, Collapse NOS (see also Cardio-vascular and Neurological disorders), Death by euthanasia, Dehydration, Haematemesis, Hypothermia, Jaundice, Weight loss",1,1,1
UK-VMD-2494/11,"<a target=""_blank""  href=""/xmlpserver/EVVET3 PW NEW/Subject Area Contents/Public Website/Report (PDF)/AER.xdo?_xpf=&_xpt=1&_params%2FOracle%20BI%20EE%3A%3ADefaultApp%3A%3AEVVET3%20PR%20NEW%2FAER%3A%3Adimension%2FAER%20Id%3A%3Aattribute%3A%3Anoaggr%3A%3Axsd%3Adouble=317039&_xt=AER&_xf=pdf""> AER </a>",2012-06-29 00:00:00,Veterinarian,United Kingdom,FEMALE,Dog,Terrier - Yorkshire,Loxicom 1.5 mg/ml  - Oral suspension (dogs),"Behavioural disorder NOS, Seizure NOS, Vocalisation",1,1,
UK-VMD-2539/11,"<a target=""_blank""  href=""/xmlpserver/EVVET3 PW NEW/Subject Area Contents/Public Website/Report (PDF)/AER.xdo?_xpf=&_xpt=1&_params%2FOracle%20BI%20EE%3A%3ADefaultApp%3A%3AEVVET3%20PR%20NEW%2FAER%3A%3Adimension%2FAER%20Id%3A%3Aattribute%3A%3Anoaggr%3A%3Axsd%3Adouble=319867&_xt=AER&_xf=pdf""> AER </a>",2012-07-23 00:00:00,Veterinarian,United Kingdom,MALE,Dog,Bichon Frise,Metacam 1.5 mg/ml - Oral suspension (dogs),"Haemorrhagic diarrhoea, Inappetence, Off colour",1,1,
UK-VMD-2824/11,"<a target=""_blank""  href=""/xmlpserver/EVVET3 PW NEW/Subject Area Contents/Public Website/Report (PDF)/AER.xdo?_xpf=&_xpt=1&_params%2FOracle%20BI%20EE%3A%3ADefaultApp%3A%3AEVVET3%20PR%20NEW%2FAER%3A%3Adimension%2FAER%20Id%3A%3Aattribute%3A%3Anoaggr%3A%3Axsd%3Adouble=316875&_xt=AER&_xf=pdf""> AER </a>",2012-06-29 00:00:00,Veterinarian,United Kingdom,MALE,Dog,Alaskan Malamute,"CEPOREX 18% w/v suspenzija za injiciranje za govedo, pse in mačke, CEPOREX 180 mg/ml injekčná suspenzia, CEPOREX 180MG/ML ΕΝΕΣΙΜΟ ΕΝΑΙΩΡΗΜΑ, CEPOREX INYECTABLE, CEPOREX, injekcinė suspensija, Ceporex 18 %w/v Suspension for Injection, Ceporex 180 mg/ml Zawiesina do wstrzykiwań, Ceporex 250 mg Filmomhulde tablet, Ceporex 250 mg tablets, voor honden, Ceporex 50 mg Filmomhulde tablet, Ceporex Druppels 174.5 mg/g Granulaat voor orale suspensie, Ceporex Injectable, 180 mg/ml, suspension injectable, Ceporex Injectie 191 mg/ml Suspensie voor injectie, Ceporex szuszpenziós injekció szarvasmarhák részére A.U.V., Ceporex vet 180 mg/ml suspensão injetável para bovinos, cães e gatos, Ceporex, 180mg/ml, Injekční suspenze, Metacam 1.5 mg/ml - Oral suspension (dogs)",Seizure NOS,1,1,
UK-VMD-2880/11,"<a target=""_blank""  href=""/xmlpserver/EVVET3 PW NEW/Subject Area Contents/Public Website/Report (PDF)/AER.xdo?_xpf=&_xpt=1&_params%2FOracle%20BI%20EE%3A%3ADefaultApp%3A%3AEVVET3%20PR%20NEW%2FAER%3A%3Adimension%2FAER%20Id%3A%3Aattribute%3A%3Anoaggr%3A%3Axsd%3Adouble=319864&_xt=AER&_xf=pdf""> AER </a>",2012-07-23 00:00:00,Veterinarian,United Kingdom,MALE,Dog,Crossbred Canine/dog,"Metacam 0.5 mg/ml - Oral suspension (cats, guinea pigs), Metacam 0.5 mg/ml - Oral suspension (dogs)","Abdominal discomfort, Depression, Haemorrhagic diarrhoea, Pale mucous membrane",1,1,
UK-VMD-2912/11,"<a target=""_blank""  href=""/xmlpserver/EVVET3 PW NEW/Subject Area Contents/Public Website/Report (PDF)/AER.xdo?_xpf=&_xpt=1&_params%2FOracle%20BI%20EE%3A%3ADefaultApp%3A%3AEVVET3%20PR%20NEW%2FAER%3A%3Adimension%2FAER%20Id%3A%3Aattribute%3A%3Anoaggr%3A%3Axsd%3Adouble=319866&_xt=AER&_xf=pdf""> AER </a>",2012-07-23 00:00:00,Veterinarian,United Kingdom,MALE,Dog,Retriever - Labrador,Metacam 1.5 mg/ml - Oral suspension (dogs),"Duodenal ulcer, Intestinal perforation, Vomiting",1,1,
UK-VMD-3117/12,"<a target=""_blank""  href=""/xmlpserver/EVVET3 PW NEW/Subject Area Contents/Public Website/Report (PDF)/AER.xdo?_xpf=&_xpt=1&_params%2FOracle%20BI%20EE%3A%3ADefaultApp%3A%3AEVVET3%20PR%20NEW%2FAER%3A%3Adimension%2FAER%20Id%3A%3Aattribute%3A%3Anoaggr%3A%3Axsd%3Adouble=328134&_xt=AER&_xf=pdf""> AER </a>",2012-10-04 00:00:00,Veterinarian,United Kingdom,MALE,Dog,Terrier - Bull - Staffordshire,"Loxicom 5 mg/ml  - Solution for injection (cats, dogs), Noroclav 250 mg Tablets for dogs, Noroclav Injection for Cattle and Dogs","Death, Disseminated intravascular coagulation, Lack of efficacy - NOS",1,1,1
UK-VMD-3260/12,"<a target=""_blank""  href=""/xmlpserver/EVVET3 PW NEW/Subject Area Contents/Public Website/Report (PDF)/AER.xdo?_xpf=&_xpt=1&_params%2FOracle%20BI%20EE%3A%3ADefaultApp%3A%3AEVVET3%20PR%20NEW%2FAER%3A%3Adimension%2FAER%20Id%3A%3Aattribute%3A%3Anoaggr%3A%3Axsd%3Adouble=329443&_xt=AER&_xf=pdf""> AER </a>",2012-10-18 00:00:00,Veterinarian,United Kingdom,MALE,Dog,Terrier - West Highland White,"Loxicom 0.5 mg/ml  - Oral suspension (dogs), Nobivac Lepto 2 Suspension for Injection for Dogs","Death, Hypothermia, Recumbency, Vomiting",1,1,1
UK-VMD-3407/12,"<a target=""_blank""  href=""/xmlpserver/EVVET3 PW NEW/Subject Area Contents/Public Website/Report (PDF)/AER.xdo?_xpf=&_xpt=1&_params%2FOracle%20BI%20EE%3A%3ADefaultApp%3A%3AEVVET3%20PR%20NEW%2FAER%3A%3Adimension%2FAER%20Id%3A%3Aattribute%3A%3Anoaggr%3A%3Axsd%3Adouble=330296&_xt=AER&_xf=pdf""> AER </a>",2012-10-25 00:00:00,Veterinarian,United Kingdom,FEMALE,Dog,Weimaraner,Loxicom 1.5 mg/ml  - Oral suspension (dogs),"Anaemia NOS, Death, Melaena",1,1,1
UK-VMD-3489/11,"<a target=""_blank""  href=""/xmlpserver/EVVET3 PW NEW/Subject Area Contents/Public Website/Report (PDF)/AER.xdo?_xpf=&_xpt=1&_params%2FOracle%20BI%20EE%3A%3ADefaultApp%3A%3AEVVET3%20PR%20NEW%2FAER%3A%3Adimension%2FAER%20Id%3A%3Aattribute%3A%3Anoaggr%3A%3Axsd%3Adouble=294755&_xt=AER&_xf=pdf""> AER </a>",2012-02-03 00:00:00,Veterinarian,United Kingdom,FEMALE,Cat,Crossbred Feline/cat,"Metacam 2 mg/ml - Solution for injection (cats), Metacam 20 mg/ml - Solution for injection (cattle, pigs, horses), VETERGESIC MULTIDOSE, 0.3MG/ML, SOLUTION FOR INJECTION FOR DOGS AND CATS, Vetofol 10 mg/ml Emulsion for Injection for Cats and Dogs, Vetofol 10mg/ml Emulsion for Injection for cats and dogs","Death by euthanasia, Renal failure",1,4,1
UK-VMD-3514/12,"<a target=""_blank""  href=""/xmlpserver/EVVET3 PW NEW/Subject Area Contents/Public Website/Report (PDF)/AER.xdo?_xpf=&_xpt=1&_params%2FOracle%20BI%20EE%3A%3ADefaultApp%3A%3AEVVET3%20PR%20NEW%2FAER%3A%3Adimension%2FAER%20Id%3A%3Aattribute%3A%3Anoaggr%3A%3Axsd%3Adouble=331332&_xt=AER&_xf=pdf""> AER </a>",2012-10-31 00:00:00,Veterinarian,United Kingdom,MALE,Dog,Greyhound,"Metacam 5 mg/ml - Solution for injection (cats, dogs), Metacam 5 mg/ml - Solution for injection (cattle, pigs), Metacam 5 mg/ml - Solution for injection (dogs)","Abnormal urine odour, Blood in faeces, Death by euthanasia, Vomiting",1,1,1
UK-VMD-3549/11,"<a target=""_blank""  href=""/xmlpserver/EVVET3 PW NEW/Subject Area Contents/Public Website/Report (PDF)/AER.xdo?_xpf=&_xpt=1&_params%2FOracle%20BI%20EE%3A%3ADefaultApp%3A%3AEVVET3%20PR%20NEW%2FAER%3A%3Adimension%2FAER%20Id%3A%3Aattribute%3A%3Anoaggr%3A%3Axsd%3Adouble=316283&_xt=AER&_xf=pdf""> AER </a>",2012-06-25 00:00:00,Animal owner,United Kingdom,FEMALE,Cat,Crossbred Feline/cat,"Metacam 0.5 mg/ml - Oral suspension (cats, guinea pigs), Metacam 0.5 mg/ml - Oral suspension (dogs)","Acute renal failure, Anorexia, Lethargy (see also Central nervous system depression in Neurological), Malaise, Polydipsia",1,1,
UK-VMD-3759/12,"<a target=""_blank""  href=""/xmlpserver/EVVET3 PW NEW/Subject Area Contents/Public Website/Report (PDF)/AER.xdo?_xpf=&_xpt=1&_params%2FOracle%20BI%20EE%3A%3ADefaultApp%3A%3AEVVET3%20PR%20NEW%2FAER%3A%3Adimension%2FAER%20Id%3A%3Aattribute%3A%3Anoaggr%3A%3Axsd%3Adouble=338964&_xt=AER&_xf=pdf""> AER </a>",2012-11-21 00:00:00,Veterinarian,United Kingdom,FEMALE,Dog,Retriever - Labrador,Metacam 1.5 mg/ml - Oral suspension (dogs),"Death, Gastric perforation, Peritonitis",1,1,1
UK-VMD-3773/12,"<a target=""_blank""  href=""/xmlpserver/EVVET3 PW NEW/Subject Area Contents/Public Website/Report (PDF)/AER.xdo?_xpf=&_xpt=1&_params%2FOracle%20BI%20EE%3A%3ADefaultApp%3A%3AEVVET3%20PR%20NEW%2FAER%3A%3Adimension%2FAER%20Id%3A%3Aattribute%3A%3Anoaggr%3A%3Axsd%3Adouble=340406&_xt=AER&_xf=pdf""> AER </a>",2012-11-28 00:00:00,Veterinarian,United Kingdom,FEMALE,Cat,Unknown,"Convenia 80 mg/ml  - Powder and solvent for solution for injection, Metacam 2 mg/ml - Solution for injection (cats), Metacam 20 mg/ml - Solution for injection (cattle, pigs, horses)","Abdominal pain, Death by euthanasia, Erythema (for urticaria see Immune SOC), Gastric perforation, Inappetence, Lethargy (see also Central nervous system depression in Neurological), Melaena, Peritonitis, Pinnal erythema, Pruritus, Vocalisation, Vomiting",1,1,1
UK-VMD-3871/11,"<a target=""_blank""  href=""/xmlpserver/EVVET3 PW NEW/Subject Area Contents/Public Website/Report (PDF)/AER.xdo?_xpf=&_xpt=1&_params%2FOracle%20BI%20EE%3A%3ADefaultApp%3A%3AEVVET3%20PR%20NEW%2FAER%3A%3Adimension%2FAER%20Id%3A%3Aattribute%3A%3Anoaggr%3A%3Axsd%3Adouble=316631&_xt=AER&_xf=pdf""> AER </a>",2012-06-26 00:00:00,Veterinarian,United Kingdom,FEMALE,Dog,Retriever - Labrador,Metacam 1.5 mg/ml - Oral suspension (dogs),"Duodenal ulcer, Peritonitis",1,1,
UK-VMD-3890/12,"<a target=""_blank""  href=""/xmlpserver/EVVET3 PW NEW/Subject Area Contents/Public Website/Report (PDF)/AER.xdo?_xpf=&_xpt=1&_params%2FOracle%20BI%20EE%3A%3ADefaultApp%3A%3AEVVET3%20PR%20NEW%2FAER%3A%3Adimension%2FAER%20Id%3A%3Aattribute%3A%3Anoaggr%3A%3Axsd%3Adouble=340429&_xt=AER&_xf=pdf""> AER </a>",2012-11-28 00:00:00,Veterinarian,United Kingdom,MALE,Cat,Burmilla,"LINCOCIN 100 mg/ml raztopina za injiciranje za prašiče, pse in mačke, Metacam 2 mg/ml - Solution for injection (cats), Metacam 20 mg/ml - Solution for injection (cattle, pigs, horses)","Death, Haemorrhagic gastroenteritis",1,1,1
UK-VMD-4112/12,"<a target=""_blank""  href=""/xmlpserver/EVVET3 PW NEW/Subject Area Contents/Public Website/Report (PDF)/AER.xdo?_xpf=&_xpt=1&_params%2FOracle%20BI%20EE%3A%3ADefaultApp%3A%3AEVVET3%20PR%20NEW%2FAER%3A%3Adimension%2FAER%20Id%3A%3Aattribute%3A%3Anoaggr%3A%3Axsd%3Adouble=343115&_xt=AER&_xf=pdf""> AER </a>",2012-12-12 00:00:00,Veterinarian,United Kingdom,FEMALE,Dog,Retriever - Labrador,Metacam 1.5 mg/ml - Oral suspension (dogs),"Collapse (see also Cardio-vascular and Systemic disorders), Death, Diarrhoea, Vomiting",1,1,1
US-BAH-2011-US0003952,"<a target=""_blank""  href=""/xmlpserver/EVVET3 PW NEW/Subject Area Contents/Public Website/Report (PDF)/AER.xdo?_xpf=&_xpt=1&_params%2FOracle%20BI%20EE%3A%3ADefaultApp%3A%3AEVVET3%20PR%20NEW%2FAER%3A%3Adimension%2FAER%20Id%3A%3Aattribute%3A%3Anoaggr%3A%3Axsd%3Adouble=291601&_xt=AER&_xf=pdf""> AER </a>",2012-01-10 00:00:00,Veterinarian,United States,MALE,Cat,Cat (other),"Baytril vet. 100 mg/ml Injektionsvätska, lösning, Baytril vet. 25 mg/ml Injektionsvätska, lösning, Metacam 0.5 mg/ml - Oral suspension (cats, guinea pigs), Metacam 0.5 mg/ml - Oral suspension (dogs), Metacam 1 mg - Chewable tablet (dogs), Metacam 1.5 mg/ml - Oral suspension (dogs), Metacam 15 mg/ml - Oral suspension (horses), Metacam 15 mg/ml - Oral suspension (pigs), Metacam 2 mg/ml - Solution for injection (cats), Metacam 2.5 mg - Chewable tablet (dogs), Metacam 20 mg/ml - Solution for injection (cattle, pigs, horses), Metacam 40 mg/ml - Solution for injection (cattle, horses), Metacam 5 mg/ml - Solution for injection (cats, dogs), Metacam 5 mg/ml - Solution for injection (cattle, pigs), Metacam 5 mg/ml - Solution for injection (dogs), Profender 15 mg + 3 mg - Modified-release tablet, Profender 150 mg + 30 mg - Modified-release tablet, Profender 50 mg + 10 mg - Modified-release tablet, Profender 85.8 mg/ml + 21.4 mg/ml - Spot-on solution","Alopecia NOS, Death by euthanasia, General pain (see other SOCs for specific pain), Generalised skin slough",1,1,1
US-DEBIAHP-2010US6656,"<a target=""_blank""  href=""/xmlpserver/EVVET3 PW NEW/Subject Area Contents/Public Website/Report (PDF)/AER.xdo?_xpf=&_xpt=1&_params%2FOracle%20BI%20EE%3A%3ADefaultApp%3A%3AEVVET3%20PR%20NEW%2FAER%3A%3Adimension%2FAER%20Id%3A%3Aattribute%3A%3Anoaggr%3A%3Axsd%3Adouble=305242&_xt=AER&_xf=pdf""> AER </a>",2012-04-11 00:00:00,Animal owner,United States,FEMALE,Cat,Cat (other),"Convenia 80 mg/ml  - Powder and solvent for solution for injection, Metacam 5 mg/ml - Solution for injection (cats, dogs), Metacam 5 mg/ml - Solution for injection (cattle, pigs), Metacam 5 mg/ml - Solution for injection (dogs)","Abdominal pain, Dehydration, Dry mucous membrane, Dyspnoea, Elevated renal parameters, Hyperglycaemia, Impaired consciousness, Lethargy (see also Central nervous system depression in Neurological), Not drinking, Not eating, Other abnormal test result NOS, Proteinuria, Uncoded sign, Vomiting",1,1,1
US-DEBIAHP-2011US03653,"<a target=""_blank""  href=""/xmlpserver/EVVET3 PW NEW/Subject Area Contents/Public Website/Report (PDF)/AER.xdo?_xpf=&_xpt=1&_params%2FOracle%20BI%20EE%3A%3ADefaultApp%3A%3AEVVET3%20PR%20NEW%2FAER%3A%3Adimension%2FAER%20Id%3A%3Aattribute%3A%3Anoaggr%3A%3Axsd%3Adouble=330142&_xt=AER&_xf=pdf""> AER </a>",2012-10-18 00:00:00,Veterinarian,United States,FEMALE,Cat,Cat (other),Metacam 1.5 mg/ml - Oral suspension (dogs),"Anaemia NOS, Behavioural disorder NOS, Elevated renal parameters, Foaming at the mouth, Inappetence, Inappropriate urination, Other abnormal test result NOS, Polydipsia, Polyuria, Vomiting",1,1,
US-DEBIAHP-2011US05520,"<a target=""_blank""  href=""/xmlpserver/EVVET3 PW NEW/Subject Area Contents/Public Website/Report (PDF)/AER.xdo?_xpf=&_xpt=1&_params%2FOracle%20BI%20EE%3A%3ADefaultApp%3A%3AEVVET3%20PR%20NEW%2FAER%3A%3Adimension%2FAER%20Id%3A%3Aattribute%3A%3Anoaggr%3A%3Axsd%3Adouble=322097&_xt=AER&_xf=pdf""> AER </a>",2012-08-15 00:00:00,Veterinarian,United States,FEMALE,Cat,Cat (other),"Metacam 5 mg/ml - Solution for injection (cats, dogs), Metacam 5 mg/ml - Solution for injection (cattle, pigs), Metacam 5 mg/ml - Solution for injection (dogs)","Fever, Skin abscess, Skin swelling",1,1,
US-DEBIAHP-2011US09513,"<a target=""_blank""  href=""/xmlpserver/EVVET3 PW NEW/Subject Area Contents/Public Website/Report (PDF)/AER.xdo?_xpf=&_xpt=1&_params%2FOracle%20BI%20EE%3A%3ADefaultApp%3A%3AEVVET3%20PR%20NEW%2FAER%3A%3Adimension%2FAER%20Id%3A%3Aattribute%3A%3Anoaggr%3A%3Axsd%3Adouble=295108&_xt=AER&_xf=pdf""> AER </a>",2012-02-06 00:00:00,Other health care professional,United States,MALE,Cat,Himalayan,"Metacam 1.5 mg/ml - Oral suspension (dogs), Metacam 5 mg/ml - Solution for injection (cats, dogs), Metacam 5 mg/ml - Solution for injection (cattle, pigs), Metacam 5 mg/ml - Solution for injection (dogs)","Anorexia, Decreased urine concentration, Elevated creatinine, Lethargy (see also Central nervous system depression in Neurological), Neutrophilia, Other abnormal test result NOS, Renal disorder NOS",1,1,
US-DEBIAHP-2011US09938,"<a target=""_blank""  href=""/xmlpserver/EVVET3 PW NEW/Subject Area Contents/Public Website/Report (PDF)/AER.xdo?_xpf=&_xpt=1&_params%2FOracle%20BI%20EE%3A%3ADefaultApp%3A%3AEVVET3%20PR%20NEW%2FAER%3A%3Adimension%2FAER%20Id%3A%3Aattribute%3A%3Anoaggr%3A%3Axsd%3Adouble=291099&_xt=AER&_xf=pdf""> AER </a>",2012-01-06 00:00:00,Animal owner,United States,FEMALE,Cat,Cat (other),"Metacam 0.5 mg/ml - Oral suspension (cats, guinea pigs), Metacam 0.5 mg/ml - Oral suspension (dogs), Metacam 5 mg/ml - Solution for injection (cats, dogs), Metacam 5 mg/ml - Solution for injection (cattle, pigs), Metacam 5 mg/ml - Solution for injection (dogs)","Acute renal failure, Digestive tract disorder NOS, Elevated blood urea nitrogen (BUN), Elevated creatinine, Not eating, Pain NOS, Reluctant to move, Vomiting",1,1,
US-DEBIAHP-2011US11205,"<a target=""_blank""  href=""/xmlpserver/EVVET3 PW NEW/Subject Area Contents/Public Website/Report (PDF)/AER.xdo?_xpf=&_xpt=1&_params%2FOracle%20BI%20EE%3A%3ADefaultApp%3A%3AEVVET3%20PR%20NEW%2FAER%3A%3Adimension%2FAER%20Id%3A%3Aattribute%3A%3Anoaggr%3A%3Axsd%3Adouble=291097&_xt=AER&_xf=pdf""> AER </a>",2012-01-06 00:00:00,Veterinarian,United States,FEMALE,Cat,Siamese,"Metacam 1.5 mg/ml - Oral suspension (dogs), Metacam 5 mg/ml - Solution for injection (cats, dogs), Metacam 5 mg/ml - Solution for injection (cattle, pigs), Metacam 5 mg/ml - Solution for injection (dogs)","Anaemia NOS, Death by euthanasia, Decreased urine concentration, Dehydration, Elevated blood urea nitrogen (BUN), Elevated creatinine, Hyperphosphataemia, Hypothermia, Nasal discharge, Oral ulceration, Shock, Sneezing",1,1,1
US-DEBIAHP-2011US11584,"<a target=""_blank""  href=""/xmlpserver/EVVET3 PW NEW/Subject Area Contents/Public Website/Report (PDF)/AER.xdo?_xpf=&_xpt=1&_params%2FOracle%20BI%20EE%3A%3ADefaultApp%3A%3AEVVET3%20PR%20NEW%2FAER%3A%3Adimension%2FAER%20Id%3A%3Aattribute%3A%3Anoaggr%3A%3Axsd%3Adouble=325807&_xt=AER&_xf=pdf""> AER </a>",2012-09-14 00:00:00,Veterinarian,United States,MALE,Cat,Cat (other),"Metacam 5 mg/ml - Solution for injection (cats, dogs), Metacam 5 mg/ml - Solution for injection (cattle, pigs), Metacam 5 mg/ml - Solution for injection (dogs)","Death by euthanasia, Dermal cyst(s), Injection site sarcoma, Injection site serous discharge, Weight loss",1,1,1
US-DEBIAHP-2011US11624,"<a target=""_blank""  href=""/xmlpserver/EVVET3 PW NEW/Subject Area Contents/Public Website/Report (PDF)/AER.xdo?_xpf=&_xpt=1&_params%2FOracle%20BI%20EE%3A%3ADefaultApp%3A%3AEVVET3%20PR%20NEW%2FAER%3A%3Adimension%2FAER%20Id%3A%3Aattribute%3A%3Anoaggr%3A%3Axsd%3Adouble=294178&_xt=AER&_xf=pdf""> AER </a>",2012-01-30 00:00:00,Animal owner,United States,MALE,Dog,Shepherd Dog - German,"Atropine 0,1% pro inj., 1 mg/ml oplossing voor injectie voor honden en katten., Fuxien vet 1000 mg/g inhalaatiohöyry, neste, ISOFLURANE-Vet 1000 mg/g liquido per inalazione per cani e gatti, ISOFLURIN 1000mg/g ΥΓΡΟ ΓΙΑ ΕΙΣΠΝΕΟΜΕΝΟΥΣ ΑΤΜΟΥΣ, Isoflurane 100% Inhalation Vapour, Liquid, Isoflurane 1000 mg/g Inhalation Vapour, liquid., Metacam 1.5 mg/ml - Oral suspension (dogs), Torbugesic 10 mg/ml Solution for Injection, Torbugesic Vet 10 mg/ml solution injectable pour chevaux, chiens et chats, Torbugesic Vet. 10 mg/ml injektionsvæske, opløsning, Torbuphanol Vet 10 mg/ml solution for injection for injection for horses, dogs and cats","Anorexia, Emesis, Fever, Immune mediated haemolytic anaemia, Leukocytosis NOS, Listless, Other abnormal test result NOS, Pale mucous membrane",1,1,
US-DEBIAHP-2011US11842,"<a target=""_blank""  href=""/xmlpserver/EVVET3 PW NEW/Subject Area Contents/Public Website/Report (PDF)/AER.xdo?_xpf=&_xpt=1&_params%2FOracle%20BI%20EE%3A%3ADefaultApp%3A%3AEVVET3%20PR%20NEW%2FAER%3A%3Adimension%2FAER%20Id%3A%3Aattribute%3A%3Anoaggr%3A%3Axsd%3Adouble=292275&_xt=AER&_xf=pdf""> AER </a>",2012-01-17 00:00:00,Veterinarian,United States,MALE,Dog,Shepherd Dog - Australian,Metacam 1.5 mg/ml - Oral suspension (dogs),"Elevated alanine aminotransferase (ALT), Elevated serum alkaline phosphatase (ALP), Other abnormal test result NOS",1,1,
US-DEBIAHP-2011US12258,"<a target=""_blank""  href=""/xmlpserver/EVVET3 PW NEW/Subject Area Contents/Public Website/Report (PDF)/AER.xdo?_xpf=&_xpt=1&_params%2FOracle%20BI%20EE%3A%3ADefaultApp%3A%3AEVVET3%20PR%20NEW%2FAER%3A%3Adimension%2FAER%20Id%3A%3Aattribute%3A%3Anoaggr%3A%3Axsd%3Adouble=290806&_xt=AER&_xf=pdf""> AER </a>",2012-01-04 00:00:00,Veterinarian,United States,FEMALE,Cat,Cat (other),"Diazepam 10 mg, tabletten voor honden en katten, Diazepam 2 mg, tabletten voor honden en katten, Diazepam 5 mg, tabletten voor honden en katten, Diazepam 5 mg/ml, oplossing voor injectie voor honden en katten, Fuxien vet 1000 mg/g inhalaatiohöyry, neste, ISOFLURANE-Vet 1000 mg/g liquido per inalazione per cani e gatti, ISOFLURIN 1000mg/g ΥΓΡΟ ΓΙΑ ΕΙΣΠΝΕΟΜΕΝΟΥΣ ΑΤΜΟΥΣ, Isoflurane 100% Inhalation Vapour, Liquid, Isoflurane 1000 mg/g Inhalation Vapour, liquid., Keta-Ject 10% oplossing voor injectie voor honden en katten, Metacam 5 mg/ml - Solution for injection (cats, dogs), Metacam 5 mg/ml - Solution for injection (cattle, pigs), Metacam 5 mg/ml - Solution for injection (dogs), ZIAPAM 5 mg/ml, solution for injection for dogs and cats","Acute renal failure, Anorexia, Elevated blood urea nitrogen (BUN), Elevated creatinine, Lethargy (see also Central nervous system depression in Neurological), Vocalisation",1,1,
US-DEBIAHP-2011US12409,"<a target=""_blank""  href=""/xmlpserver/EVVET3 PW NEW/Subject Area Contents/Public Website/Report (PDF)/AER.xdo?_xpf=&_xpt=1&_params%2FOracle%20BI%20EE%3A%3ADefaultApp%3A%3AEVVET3%20PR%20NEW%2FAER%3A%3Adimension%2FAER%20Id%3A%3Aattribute%3A%3Anoaggr%3A%3Axsd%3Adouble=290992&_xt=AER&_xf=pdf""> AER </a>",2012-01-05 00:00:00,Veterinarian,United States,MALE,Dog,Poodle - Miniature,"Metacam 1.5 mg/ml - Oral suspension (dogs), Metacam 5 mg/ml - Solution for injection (cats, dogs), Metacam 5 mg/ml - Solution for injection (cattle, pigs), Metacam 5 mg/ml - Solution for injection (dogs)","Anorexia, Bloody diarrhoea, Emesis, Lethargy (see also Central nervous system depression in Neurological), Lymphopenia, Other abnormal test result NOS",1,1,
US-DEBIAHP-2011US12438,"<a target=""_blank""  href=""/xmlpserver/EVVET3 PW NEW/Subject Area Contents/Public Website/Report (PDF)/AER.xdo?_xpf=&_xpt=1&_params%2FOracle%20BI%20EE%3A%3ADefaultApp%3A%3AEVVET3%20PR%20NEW%2FAER%3A%3Adimension%2FAER%20Id%3A%3Aattribute%3A%3Anoaggr%3A%3Axsd%3Adouble=290335&_xt=AER&_xf=pdf""> AER </a>",2012-01-03 00:00:00,Veterinarian,United States,FEMALE,Dog,Boxer (German Boxer),Metacam 1.5 mg/ml - Oral suspension (dogs),Urticaria,1,1,
US-DEBIAHP-2011US12596,"<a target=""_blank""  href=""/xmlpserver/EVVET3 PW NEW/Subject Area Contents/Public Website/Report (PDF)/AER.xdo?_xpf=&_xpt=1&_params%2FOracle%20BI%20EE%3A%3ADefaultApp%3A%3AEVVET3%20PR%20NEW%2FAER%3A%3Adimension%2FAER%20Id%3A%3Aattribute%3A%3Anoaggr%3A%3Axsd%3Adouble=290993&_xt=AER&_xf=pdf""> AER </a>",2012-01-05 00:00:00,Veterinarian,United States,MALE,Dog,Rottweiler,Metacam 1.5 mg/ml - Oral suspension (dogs),"Facial swelling (see also Skin), Hypersalivation",1,1,
US-DEBIAHP-2011US12634,"<a target=""_blank""  href=""/xmlpserver/EVVET3 PW NEW/Subject Area Contents/Public Website/Report (PDF)/AER.xdo?_xpf=&_xpt=1&_params%2FOracle%20BI%20EE%3A%3ADefaultApp%3A%3AEVVET3%20PR%20NEW%2FAER%3A%3Adimension%2FAER%20Id%3A%3Aattribute%3A%3Anoaggr%3A%3Axsd%3Adouble=291092&_xt=AER&_xf=pdf""> AER </a>",2012-01-06 00:00:00,Veterinarian,United States,MALE,Dog,Shepherd Dog - German,"Metacam 5 mg/ml - Solution for injection (cats, dogs), Metacam 5 mg/ml - Solution for injection (cattle, pigs), Metacam 5 mg/ml - Solution for injection (dogs)","Diarrhoea, Gastroenteritis",1,1,
US-DEBIAHP-2011US12636,"<a target=""_blank""  href=""/xmlpserver/EVVET3 PW NEW/Subject Area Contents/Public Website/Report (PDF)/AER.xdo?_xpf=&_xpt=1&_params%2FOracle%20BI%20EE%3A%3ADefaultApp%3A%3AEVVET3%20PR%20NEW%2FAER%3A%3Adimension%2FAER%20Id%3A%3Aattribute%3A%3Anoaggr%3A%3Axsd%3Adouble=291604&_xt=AER&_xf=pdf""> AER </a>",2012-01-10 00:00:00,Veterinarian,United States,FEMALE,Dog,Chihuahua,Metacam 1.5 mg/ml - Oral suspension (dogs),Urticaria,1,1,
US-DEBIAHP-2011US12638,"<a target=""_blank""  href=""/xmlpserver/EVVET3 PW NEW/Subject Area Contents/Public Website/Report (PDF)/AER.xdo?_xpf=&_xpt=1&_params%2FOracle%20BI%20EE%3A%3ADefaultApp%3A%3AEVVET3%20PR%20NEW%2FAER%3A%3Adimension%2FAER%20Id%3A%3Aattribute%3A%3Anoaggr%3A%3Axsd%3Adouble=291204&_xt=AER&_xf=pdf""> AER </a>",2012-01-09 00:00:00,Veterinarian,United States,MALE,Cat,Cat (other),"Metacam 1.5 mg/ml - Oral suspension (dogs), Metacam 5 mg/ml - Solution for injection (cats, dogs), Metacam 5 mg/ml - Solution for injection (cattle, pigs), Metacam 5 mg/ml - Solution for injection (dogs)","Death, Ecchymosis, Epistaxis, Pulmonary haemorrhage, Sneezing, Thrombocytopenia",1,1,
US-DEBIAHP-2012US00013,"<a target=""_blank""  href=""/xmlpserver/EVVET3 PW NEW/Subject Area Contents/Public Website/Report (PDF)/AER.xdo?_xpf=&_xpt=1&_params%2FOracle%20BI%20EE%3A%3ADefaultApp%3A%3AEVVET3%20PR%20NEW%2FAER%3A%3Adimension%2FAER%20Id%3A%3Aattribute%3A%3Anoaggr%3A%3Axsd%3Adouble=291813&_xt=AER&_xf=pdf""> AER </a>",2012-01-11 00:00:00,Other health care professional,United States,MALE,Dog,Spaniel - King Charles,Metacam 1.5 mg/ml - Oral suspension (dogs),Lack of efficacy - NOS,1,1,
US-DEBIAHP-2012US00045,"<a target=""_blank""  href=""/xmlpserver/EVVET3 PW NEW/Subject Area Contents/Public Website/Report (PDF)/AER.xdo?_xpf=&_xpt=1&_params%2FOracle%20BI%20EE%3A%3ADefaultApp%3A%3AEVVET3%20PR%20NEW%2FAER%3A%3Adimension%2FAER%20Id%3A%3Aattribute%3A%3Anoaggr%3A%3Axsd%3Adouble=291706&_xt=AER&_xf=pdf""> AER </a>",2012-01-11 00:00:00,Veterinarian,United States,MALE,Cat,Cat (other),"Metacam 5 mg/ml - Solution for injection (cats, dogs), Metacam 5 mg/ml - Solution for injection (cattle, pigs), Metacam 5 mg/ml - Solution for injection (dogs)","Anorexia, Elevated renal parameters, Emesis, Haematuria, Other abnormal test result NOS, Proteinuria",1,1,
US-DEBIAHP-2012US00049,"<a target=""_blank""  href=""/xmlpserver/EVVET3 PW NEW/Subject Area Contents/Public Website/Report (PDF)/AER.xdo?_xpf=&_xpt=1&_params%2FOracle%20BI%20EE%3A%3ADefaultApp%3A%3AEVVET3%20PR%20NEW%2FAER%3A%3Adimension%2FAER%20Id%3A%3Aattribute%3A%3Anoaggr%3A%3Axsd%3Adouble=291814&_xt=AER&_xf=pdf""> AER </a>",2012-01-11 00:00:00,Veterinarian,United States,MALE,Dog,Pug,Metacam 1.5 mg/ml - Oral suspension (dogs),"Anorexia, Bloody diarrhoea, Vomiting",1,1,
US-DEBIAHP-2012US00077,"<a target=""_blank""  href=""/xmlpserver/EVVET3 PW NEW/Subject Area Contents/Public Website/Report (PDF)/AER.xdo?_xpf=&_xpt=1&_params%2FOracle%20BI%20EE%3A%3ADefaultApp%3A%3AEVVET3%20PR%20NEW%2FAER%3A%3Adimension%2FAER%20Id%3A%3Aattribute%3A%3Anoaggr%3A%3Axsd%3Adouble=291440&_xt=AER&_xf=pdf""> AER </a>",2012-01-09 00:00:00,Animal owner,United States,FEMALE,Cat,Cat (other),"MARAVET AMOXICILLIN, Metacam 0.5 mg/ml - Oral suspension (cats, guinea pigs), Metacam 0.5 mg/ml - Oral suspension (dogs)","Death, Halitosis, Lethargy (see also Central nervous system depression in Neurological), Polydipsia, Vomiting, Weakness",1,1,
US-DEBIAHP-2012US00080,"<a target=""_blank""  href=""/xmlpserver/EVVET3 PW NEW/Subject Area Contents/Public Website/Report (PDF)/AER.xdo?_xpf=&_xpt=1&_params%2FOracle%20BI%20EE%3A%3ADefaultApp%3A%3AEVVET3%20PR%20NEW%2FAER%3A%3Adimension%2FAER%20Id%3A%3Aattribute%3A%3Anoaggr%3A%3Axsd%3Adouble=292274&_xt=AER&_xf=pdf""> AER </a>",2012-01-17 00:00:00,Veterinarian,United States,FEMALE,Dog,Dog (other),"MARAVET AMOXICILLIN, Metacam 0.5 mg/ml - Oral suspension (cats, guinea pigs), Metacam 0.5 mg/ml - Oral suspension (dogs), Metacam 5 mg/ml - Solution for injection (cats, dogs), Metacam 5 mg/ml - Solution for injection (cattle, pigs), Metacam 5 mg/ml - Solution for injection (dogs), Proin 15 mg chewable tablets for dogs, Proin 50 mg chewable tablets for dogs","Anaemia NOS, Death by euthanasia, Falling, Haemorrhagic diarrhoea, Lethargy (see also Central nervous system depression in Neurological), Rectal haemorrhage, Seizure NOS, Vocalisation",1,1,1
US-DEBIAHP-2012US00103,"<a target=""_blank""  href=""/xmlpserver/EVVET3 PW NEW/Subject Area Contents/Public Website/Report (PDF)/AER.xdo?_xpf=&_xpt=1&_params%2FOracle%20BI%20EE%3A%3ADefaultApp%3A%3AEVVET3%20PR%20NEW%2FAER%3A%3Adimension%2FAER%20Id%3A%3Aattribute%3A%3Anoaggr%3A%3Axsd%3Adouble=293771&_xt=AER&_xf=pdf""> AER </a>",2012-01-27 00:00:00,Veterinarian,United States,FEMALE,Dog,Sheepdog - Shetland,Metacam 1.5 mg/ml - Oral suspension (dogs),"Anorexia, Ataxia, Decreased urine concentration, Diarrhoea, Elevated blood urea nitrogen (BUN), Elevated creatinine, Elevated serum alkaline phosphatase (ALP), Hyperphosphataemia, Lethargy (see also Central nervous system depression in Neurological), Unexplained death, Vomiting",1,1,
US-DEBIAHP-2012US00117,"<a target=""_blank""  href=""/xmlpserver/EVVET3 PW NEW/Subject Area Contents/Public Website/Report (PDF)/AER.xdo?_xpf=&_xpt=1&_params%2FOracle%20BI%20EE%3A%3ADefaultApp%3A%3AEVVET3%20PR%20NEW%2FAER%3A%3Adimension%2FAER%20Id%3A%3Aattribute%3A%3Anoaggr%3A%3Axsd%3Adouble=293256&_xt=AER&_xf=pdf""> AER </a>",2012-01-23 00:00:00,Veterinarian,United States,MALE,Dog,Rottweiler,"Metacam 1.5 mg/ml - Oral suspension (dogs), Metacam 5 mg/ml - Solution for injection (cats, dogs), Metacam 5 mg/ml - Solution for injection (cattle, pigs), Metacam 5 mg/ml - Solution for injection (dogs)","Blood in vomit, Vomiting",1,1,
US-DEBIAHP-2012US00118,"<a target=""_blank""  href=""/xmlpserver/EVVET3 PW NEW/Subject Area Contents/Public Website/Report (PDF)/AER.xdo?_xpf=&_xpt=1&_params%2FOracle%20BI%20EE%3A%3ADefaultApp%3A%3AEVVET3%20PR%20NEW%2FAER%3A%3Adimension%2FAER%20Id%3A%3Aattribute%3A%3Anoaggr%3A%3Axsd%3Adouble=296997&_xt=AER&_xf=pdf""> AER </a>",2012-02-16 00:00:00,Veterinarian,United States,FEMALE,Dog,Retriever - Golden,Metacam 1.5 mg/ml - Oral suspension (dogs),"Decreased urine concentration, Elevated blood urea nitrogen (BUN), Elevated creatinine",1,1,
US-DEBIAHP-2012US00126,"<a target=""_blank""  href=""/xmlpserver/EVVET3 PW NEW/Subject Area Contents/Public Website/Report (PDF)/AER.xdo?_xpf=&_xpt=1&_params%2FOracle%20BI%20EE%3A%3ADefaultApp%3A%3AEVVET3%20PR%20NEW%2FAER%3A%3Adimension%2FAER%20Id%3A%3Aattribute%3A%3Anoaggr%3A%3Axsd%3Adouble=293516&_xt=AER&_xf=pdf""> AER </a>",2012-01-27 00:00:00,Veterinarian,United States,MALE,Dog,Chihuahua,"ACEPROMAZINE 10%/AGROSEED CANDILIDIS ενέσιμο διάλυμα 10 mg/ml για σκύλο και γάτα, Metacam 1.5 mg/ml - Oral suspension (dogs)","Death, Decreased body temperature, Decreased urine concentration, Dehydration, Elevated blood urea nitrogen (BUN), Elevated creatinine, Enteritis, Glomerulonephritis, Other abnormal test result NOS, Renal disorder NOS, Seizure NOS, Uncoded sign, Urinary bladder disorder NOS, Vomiting",1,1,
US-DEBIAHP-2012US00155,"<a target=""_blank""  href=""/xmlpserver/EVVET3 PW NEW/Subject Area Contents/Public Website/Report (PDF)/AER.xdo?_xpf=&_xpt=1&_params%2FOracle%20BI%20EE%3A%3ADefaultApp%3A%3AEVVET3%20PR%20NEW%2FAER%3A%3Adimension%2FAER%20Id%3A%3Aattribute%3A%3Anoaggr%3A%3Axsd%3Adouble=293878&_xt=AER&_xf=pdf""> AER </a>",2012-01-27 00:00:00,Veterinarian,United States,FEMALE,Dog,Dog (other),Metacam 1.5 mg/ml - Oral suspension (dogs),"Elevated alanine aminotransferase (ALT), Elevated serum alkaline phosphatase (ALP)",1,1,
US-DEBIAHP-2012US00171,"<a target=""_blank""  href=""/xmlpserver/EVVET3 PW NEW/Subject Area Contents/Public Website/Report (PDF)/AER.xdo?_xpf=&_xpt=1&_params%2FOracle%20BI%20EE%3A%3ADefaultApp%3A%3AEVVET3%20PR%20NEW%2FAER%3A%3Adimension%2FAER%20Id%3A%3Aattribute%3A%3Anoaggr%3A%3Axsd%3Adouble=292593&_xt=AER&_xf=pdf""> AER </a>",2012-01-18 00:00:00,Animal owner,United States,FEMALE,Dog,Terrier - Bedlington,Metacam 1.5 mg/ml - Oral suspension (dogs),"Alopecia local, Vasculitis",1,1,
US-DEBIAHP-2012US00180,"<a target=""_blank""  href=""/xmlpserver/EVVET3 PW NEW/Subject Area Contents/Public Website/Report (PDF)/AER.xdo?_xpf=&_xpt=1&_params%2FOracle%20BI%20EE%3A%3ADefaultApp%3A%3AEVVET3%20PR%20NEW%2FAER%3A%3Adimension%2FAER%20Id%3A%3Aattribute%3A%3Anoaggr%3A%3Axsd%3Adouble=292714&_xt=AER&_xf=pdf""> AER </a>",2012-01-20 00:00:00,Animal owner,United States,FEMALE,Dog,Pug,"ENACARD 1 - 4 KG, ENACARD 15 - 30 KG, ENACARD 2,5 mg tablety pre psy, ENACARD 30 - 60 KG, ENACARD 4 - 8 KG, ENACARD 5 mg tablety pre psy, ENACARD 8 - 15 KG, Enacard 10mg, Enacard 1mg, Enacard 2,5mg, Enacard 20mg, Enacard 5mg, Metacam 1.5 mg/ml - Oral suspension (dogs)","Breathing difficulty, Death by euthanasia, Hyperactivity, Vomiting",1,1,1
US-DEBIAHP-2012US00193,"<a target=""_blank""  href=""/xmlpserver/EVVET3 PW NEW/Subject Area Contents/Public Website/Report (PDF)/AER.xdo?_xpf=&_xpt=1&_params%2FOracle%20BI%20EE%3A%3ADefaultApp%3A%3AEVVET3%20PR%20NEW%2FAER%3A%3Adimension%2FAER%20Id%3A%3Aattribute%3A%3Anoaggr%3A%3Axsd%3Adouble=292515&_xt=AER&_xf=pdf""> AER </a>",2012-01-18 00:00:00,Veterinarian,United States,MALE,Cat,Cat (other),"Metacam 5 mg/ml - Solution for injection (cats, dogs), Metacam 5 mg/ml - Solution for injection (cattle, pigs), Metacam 5 mg/ml - Solution for injection (dogs)","Elevated blood urea nitrogen (BUN), Elevated creatinine, Elevated total bilirubin, Hypercalcaemia, Hyperkalaemia, Hyperphosphataemia, Leukopenia NOS, Listless, Not eating, Other abnormal test result NOS, Vomiting",1,1,
US-DEBIAHP-2012US00206,"<a target=""_blank""  href=""/xmlpserver/EVVET3 PW NEW/Subject Area Contents/Public Website/Report (PDF)/AER.xdo?_xpf=&_xpt=1&_params%2FOracle%20BI%20EE%3A%3ADefaultApp%3A%3AEVVET3%20PR%20NEW%2FAER%3A%3Adimension%2FAER%20Id%3A%3Aattribute%3A%3Anoaggr%3A%3Axsd%3Adouble=305876&_xt=AER&_xf=pdf""> AER </a>",2012-04-16 00:00:00,Animal owner,United States,MALE,Dog,Corgi - Welsh Pembroke,Metacam 1.5 mg/ml - Oral suspension (dogs),Hair shedding,1,1,
US-DEBIAHP-2012US00265,"<a target=""_blank""  href=""/xmlpserver/EVVET3 PW NEW/Subject Area Contents/Public Website/Report (PDF)/AER.xdo?_xpf=&_xpt=1&_params%2FOracle%20BI%20EE%3A%3ADefaultApp%3A%3AEVVET3%20PR%20NEW%2FAER%3A%3Adimension%2FAER%20Id%3A%3Aattribute%3A%3Anoaggr%3A%3Axsd%3Adouble=292685&_xt=AER&_xf=pdf""> AER </a>",2012-01-19 00:00:00,Veterinarian,United States,UNKNOWN,Dog,Dog (other),Metacam 1.5 mg/ml - Oral suspension (dogs),Decreased activity,1,1,
US-DEBIAHP-2012US00283,"<a target=""_blank""  href=""/xmlpserver/EVVET3 PW NEW/Subject Area Contents/Public Website/Report (PDF)/AER.xdo?_xpf=&_xpt=1&_params%2FOracle%20BI%20EE%3A%3ADefaultApp%3A%3AEVVET3%20PR%20NEW%2FAER%3A%3Adimension%2FAER%20Id%3A%3Aattribute%3A%3Anoaggr%3A%3Axsd%3Adouble=292687&_xt=AER&_xf=pdf""> AER </a>",2012-01-19 00:00:00,Veterinarian,United States,MALE,Dog,Terrier - Scottish,Metacam 1.5 mg/ml - Oral suspension (dogs),"Death by euthanasia, Elevated temperature, Fluid in abdomen NOS, Gastric perforation, Inappetence, Peritonitis, Purulent lesion(s)",1,1,1
US-DEBIAHP-2012US00405,"<a target=""_blank""  href=""/xmlpserver/EVVET3 PW NEW/Subject Area Contents/Public Website/Report (PDF)/AER.xdo?_xpf=&_xpt=1&_params%2FOracle%20BI%20EE%3A%3ADefaultApp%3A%3AEVVET3%20PR%20NEW%2FAER%3A%3Adimension%2FAER%20Id%3A%3Aattribute%3A%3Anoaggr%3A%3Axsd%3Adouble=293249&_xt=AER&_xf=pdf""> AER </a>",2012-01-23 00:00:00,Animal owner,United States,FEMALE,Dog,Retriever - Labrador,Metacam 1.5 mg/ml - Oral suspension (dogs),Pruritus,1,1,
US-DEBIAHP-2012US00442,"<a target=""_blank""  href=""/xmlpserver/EVVET3 PW NEW/Subject Area Contents/Public Website/Report (PDF)/AER.xdo?_xpf=&_xpt=1&_params%2FOracle%20BI%20EE%3A%3ADefaultApp%3A%3AEVVET3%20PR%20NEW%2FAER%3A%3Adimension%2FAER%20Id%3A%3Aattribute%3A%3Anoaggr%3A%3Axsd%3Adouble=293290&_xt=AER&_xf=pdf""> AER </a>",2012-01-24 00:00:00,Other health care professional,United States,FEMALE,Dog,Spitz - German Pomeranian,Metacam 1.5 mg/ml - Oral suspension (dogs),"Anorexia, Elevated liver enzymes NOS, Vomiting",1,1,
US-DEBIAHP-2012US00450,"<a target=""_blank""  href=""/xmlpserver/EVVET3 PW NEW/Subject Area Contents/Public Website/Report (PDF)/AER.xdo?_xpf=&_xpt=1&_params%2FOracle%20BI%20EE%3A%3ADefaultApp%3A%3AEVVET3%20PR%20NEW%2FAER%3A%3Adimension%2FAER%20Id%3A%3Aattribute%3A%3Anoaggr%3A%3Axsd%3Adouble=293404&_xt=AER&_xf=pdf""> AER </a>",2012-01-24 00:00:00,Animal owner,United States,FEMALE,Dog,Terrier - Yorkshire,"Metacam 5 mg/ml - Solution for injection (cats, dogs), Metacam 5 mg/ml - Solution for injection (cattle, pigs), Metacam 5 mg/ml - Solution for injection (dogs)","Acute renal failure, Appetite disorder NOS, Death, Diarrhoea, Excessive thirst, Frequent urination, Lethargy (see also Central nervous system depression in Neurological), Vomiting, Weight loss",1,1,
US-DEBIAHP-2012US00491,"<a target=""_blank""  href=""/xmlpserver/EVVET3 PW NEW/Subject Area Contents/Public Website/Report (PDF)/AER.xdo?_xpf=&_xpt=1&_params%2FOracle%20BI%20EE%3A%3ADefaultApp%3A%3AEVVET3%20PR%20NEW%2FAER%3A%3Adimension%2FAER%20Id%3A%3Aattribute%3A%3Anoaggr%3A%3Axsd%3Adouble=293410&_xt=AER&_xf=pdf""> AER </a>",2012-01-24 00:00:00,Other health care professional,United States,MALE,Human,Unknown,Metacam 1.5 mg/ml - Oral suspension (dogs),Dizzy spell,1,1,
US-DEBIAHP-2012US00502,"<a target=""_blank""  href=""/xmlpserver/EVVET3 PW NEW/Subject Area Contents/Public Website/Report (PDF)/AER.xdo?_xpf=&_xpt=1&_params%2FOracle%20BI%20EE%3A%3ADefaultApp%3A%3AEVVET3%20PR%20NEW%2FAER%3A%3Adimension%2FAER%20Id%3A%3Aattribute%3A%3Anoaggr%3A%3Axsd%3Adouble=293453&_xt=AER&_xf=pdf""> AER </a>",2012-01-25 00:00:00,Veterinarian,United States,MALE,Dog,Retriever - Golden,Metacam 1.5 mg/ml - Oral suspension (dogs),"Diarrhoea, Elevated alanine aminotransferase (ALT), Elevated serum alkaline phosphatase (ALP), Vomiting",1,1,
US-DEBIAHP-2012US00505,"<a target=""_blank""  href=""/xmlpserver/EVVET3 PW NEW/Subject Area Contents/Public Website/Report (PDF)/AER.xdo?_xpf=&_xpt=1&_params%2FOracle%20BI%20EE%3A%3ADefaultApp%3A%3AEVVET3%20PR%20NEW%2FAER%3A%3Adimension%2FAER%20Id%3A%3Aattribute%3A%3Anoaggr%3A%3Axsd%3Adouble=293677&_xt=AER&_xf=pdf""> AER </a>",2012-01-26 00:00:00,Veterinarian,United States,FEMALE,Dog,Dog (other),Metacam 1.5 mg/ml - Oral suspension (dogs),"Decreased urine concentration, Polydipsia, Polyuria, Weight gain",1,1,
US-DEBIAHP-2012US00512,"<a target=""_blank""  href=""/xmlpserver/EVVET3 PW NEW/Subject Area Contents/Public Website/Report (PDF)/AER.xdo?_xpf=&_xpt=1&_params%2FOracle%20BI%20EE%3A%3ADefaultApp%3A%3AEVVET3%20PR%20NEW%2FAER%3A%3Adimension%2FAER%20Id%3A%3Aattribute%3A%3Anoaggr%3A%3Axsd%3Adouble=293768&_xt=AER&_xf=pdf""> AER </a>",2012-01-27 00:00:00,Veterinarian,United States,MALE,Dog,Retriever - Flat-coated,Metacam 1.5 mg/ml - Oral suspension (dogs),Vomiting,1,1,
US-DEBIAHP-2012US00523,"<a target=""_blank""  href=""/xmlpserver/EVVET3 PW NEW/Subject Area Contents/Public Website/Report (PDF)/AER.xdo?_xpf=&_xpt=1&_params%2FOracle%20BI%20EE%3A%3ADefaultApp%3A%3AEVVET3%20PR%20NEW%2FAER%3A%3Adimension%2FAER%20Id%3A%3Aattribute%3A%3Anoaggr%3A%3Axsd%3Adouble=294101&_xt=AER&_xf=pdf""> AER </a>",2012-01-30 00:00:00,Animal owner,United States,FEMALE,Cat,Cat (other),"Metacam 0.5 mg/ml - Oral suspension (cats, guinea pigs), Metacam 0.5 mg/ml - Oral suspension (dogs)",Death by euthanasia,1,1,1
US-DEBIAHP-2012US00528,"<a target=""_blank""  href=""/xmlpserver/EVVET3 PW NEW/Subject Area Contents/Public Website/Report (PDF)/AER.xdo?_xpf=&_xpt=1&_params%2FOracle%20BI%20EE%3A%3ADefaultApp%3A%3AEVVET3%20PR%20NEW%2FAER%3A%3Adimension%2FAER%20Id%3A%3Aattribute%3A%3Anoaggr%3A%3Axsd%3Adouble=293504&_xt=AER&_xf=pdf""> AER </a>",2012-01-26 00:00:00,Veterinarian,United States,MALE,Dog,Retriever - Labrador,Metacam 1.5 mg/ml - Oral suspension (dogs),"Bloody diarrhoea, Tarry or black stool (see also haemorrhagic diarrhoea)",1,1,
US-DEBIAHP-2012US00534,"<a target=""_blank""  href=""/xmlpserver/EVVET3 PW NEW/Subject Area Contents/Public Website/Report (PDF)/AER.xdo?_xpf=&_xpt=1&_params%2FOracle%20BI%20EE%3A%3ADefaultApp%3A%3AEVVET3%20PR%20NEW%2FAER%3A%3Adimension%2FAER%20Id%3A%3Aattribute%3A%3Anoaggr%3A%3Axsd%3Adouble=294097&_xt=AER&_xf=pdf""> AER </a>",2012-01-30 00:00:00,Veterinarian,United States,UNKNOWN,Dog,Chihuahua,"Metacam 0.5 mg/ml - Oral suspension (cats, guinea pigs), Metacam 0.5 mg/ml - Oral suspension (dogs)","Death, Oral ulceration, Renal failure",1,1,
US-DEBIAHP-2012US00601,"<a target=""_blank""  href=""/xmlpserver/EVVET3 PW NEW/Subject Area Contents/Public Website/Report (PDF)/AER.xdo?_xpf=&_xpt=1&_params%2FOracle%20BI%20EE%3A%3ADefaultApp%3A%3AEVVET3%20PR%20NEW%2FAER%3A%3Adimension%2FAER%20Id%3A%3Aattribute%3A%3Anoaggr%3A%3Axsd%3Adouble=294099&_xt=AER&_xf=pdf""> AER </a>",2012-01-30 00:00:00,Veterinarian,United States,MALE,Dog,Shepherd Dog - German,Metacam 1.5 mg/ml - Oral suspension (dogs),"Aggression, Behavioural disorder NOS",1,1,
US-DEBIAHP-2012US00603,"<a target=""_blank""  href=""/xmlpserver/EVVET3 PW NEW/Subject Area Contents/Public Website/Report (PDF)/AER.xdo?_xpf=&_xpt=1&_params%2FOracle%20BI%20EE%3A%3ADefaultApp%3A%3AEVVET3%20PR%20NEW%2FAER%3A%3Adimension%2FAER%20Id%3A%3Aattribute%3A%3Anoaggr%3A%3Axsd%3Adouble=294104&_xt=AER&_xf=pdf""> AER </a>",2012-01-30 00:00:00,Animal owner,United States,FEMALE,Dog,Dog (other),Metacam 1.5 mg/ml - Oral suspension (dogs),Diarrhoea,1,1,
US-DEBIAHP-2012US00611,"<a target=""_blank""  href=""/xmlpserver/EVVET3 PW NEW/Subject Area Contents/Public Website/Report (PDF)/AER.xdo?_xpf=&_xpt=1&_params%2FOracle%20BI%20EE%3A%3ADefaultApp%3A%3AEVVET3%20PR%20NEW%2FAER%3A%3Adimension%2FAER%20Id%3A%3Aattribute%3A%3Anoaggr%3A%3Axsd%3Adouble=294179&_xt=AER&_xf=pdf""> AER </a>",2012-01-30 00:00:00,Veterinarian,United States,FEMALE,Cat,Cat (other),"Dexdomitor 0.5 mg/ml - Solution for injection, Fuxien vet 1000 mg/g inhalaatiohöyry, neste, ISOFLURANE-Vet 1000 mg/g liquido per inalazione per cani e gatti, ISOFLURIN 1000mg/g ΥΓΡΟ ΓΙΑ ΕΙΣΠΝΕΟΜΕΝΟΥΣ ΑΤΜΟΥΣ, Isoflurane 100% Inhalation Vapour, Liquid, Isoflurane 1000 mg/g Inhalation Vapour, liquid., Metacam 5 mg/ml - Solution for injection (cats, dogs), Metacam 5 mg/ml - Solution for injection (cattle, pigs), Metacam 5 mg/ml - Solution for injection (dogs)","Dehydration, Elevated blood urea nitrogen (BUN), Elevated creatinine, Hyperkalaemia, Vomiting",1,1,
US-DEBIAHP-2012US00613,"<a target=""_blank""  href=""/xmlpserver/EVVET3 PW NEW/Subject Area Contents/Public Website/Report (PDF)/AER.xdo?_xpf=&_xpt=1&_params%2FOracle%20BI%20EE%3A%3ADefaultApp%3A%3AEVVET3%20PR%20NEW%2FAER%3A%3Adimension%2FAER%20Id%3A%3Aattribute%3A%3Anoaggr%3A%3Axsd%3Adouble=294297&_xt=AER&_xf=pdf""> AER </a>",2012-01-31 00:00:00,Animal owner,United States,FEMALE,Cat,Cat (other),"Metacam 0.5 mg/ml - Oral suspension (cats, guinea pigs), Metacam 0.5 mg/ml - Oral suspension (dogs)","Anorexia, Respiratory tract disorder NOS, Vomiting",1,1,
US-DEBIAHP-2012US00619,"<a target=""_blank""  href=""/xmlpserver/EVVET3 PW NEW/Subject Area Contents/Public Website/Report (PDF)/AER.xdo?_xpf=&_xpt=1&_params%2FOracle%20BI%20EE%3A%3ADefaultApp%3A%3AEVVET3%20PR%20NEW%2FAER%3A%3Adimension%2FAER%20Id%3A%3Aattribute%3A%3Anoaggr%3A%3Axsd%3Adouble=294338&_xt=AER&_xf=pdf""> AER </a>",2012-02-01 00:00:00,Other health care professional,United States,FEMALE,Dog,Bichon Frise,Metacam 1.5 mg/ml - Oral suspension (dogs),Lethargy (see also Central nervous system depression in Neurological),1,1,
US-DEBIAHP-2012US00630,"<a target=""_blank""  href=""/xmlpserver/EVVET3 PW NEW/Subject Area Contents/Public Website/Report (PDF)/AER.xdo?_xpf=&_xpt=1&_params%2FOracle%20BI%20EE%3A%3ADefaultApp%3A%3AEVVET3%20PR%20NEW%2FAER%3A%3Adimension%2FAER%20Id%3A%3Aattribute%3A%3Anoaggr%3A%3Axsd%3Adouble=294294&_xt=AER&_xf=pdf""> AER </a>",2012-01-31 00:00:00,Animal owner,United States,FEMALE,Dog,Newfoundland,Metacam 1.5 mg/ml - Oral suspension (dogs),"Lethargy (see also Central nervous system depression in Neurological), Vomiting",1,1,
US-DEBIAHP-2012US00700,"<a target=""_blank""  href=""/xmlpserver/EVVET3 PW NEW/Subject Area Contents/Public Website/Report (PDF)/AER.xdo?_xpf=&_xpt=1&_params%2FOracle%20BI%20EE%3A%3ADefaultApp%3A%3AEVVET3%20PR%20NEW%2FAER%3A%3Adimension%2FAER%20Id%3A%3Aattribute%3A%3Anoaggr%3A%3Axsd%3Adouble=294327&_xt=AER&_xf=pdf""> AER </a>",2012-02-01 00:00:00,Other health care professional,United States,MALE,Dog,Lhasa Apso,Metacam 1.5 mg/ml - Oral suspension (dogs),"Loose stool, Tarry or black stool (see also haemorrhagic diarrhoea)",1,1,
US-DEBIAHP-2012US00705,"<a target=""_blank""  href=""/xmlpserver/EVVET3 PW NEW/Subject Area Contents/Public Website/Report (PDF)/AER.xdo?_xpf=&_xpt=1&_params%2FOracle%20BI%20EE%3A%3ADefaultApp%3A%3AEVVET3%20PR%20NEW%2FAER%3A%3Adimension%2FAER%20Id%3A%3Aattribute%3A%3Anoaggr%3A%3Axsd%3Adouble=294420&_xt=AER&_xf=pdf""> AER </a>",2012-02-01 00:00:00,Veterinarian,United States,MALE,Dog,Maltese,"Metacam 5 mg/ml - Solution for injection (cats, dogs), Metacam 5 mg/ml - Solution for injection (cattle, pigs), Metacam 5 mg/ml - Solution for injection (dogs)","Death by euthanasia, Dermal thickening, Injection site bruising, Other abnormal test result NOS, Skin necrosis",1,1,1
US-DEBIAHP-2012US00708,"<a target=""_blank""  href=""/xmlpserver/EVVET3 PW NEW/Subject Area Contents/Public Website/Report (PDF)/AER.xdo?_xpf=&_xpt=1&_params%2FOracle%20BI%20EE%3A%3ADefaultApp%3A%3AEVVET3%20PR%20NEW%2FAER%3A%3Adimension%2FAER%20Id%3A%3Aattribute%3A%3Anoaggr%3A%3Axsd%3Adouble=294484&_xt=AER&_xf=pdf""> AER </a>",2012-02-02 00:00:00,Veterinarian,United States,FEMALE,Cat,Cat (other),"Dexdomitor 0.1 mg/ml - Solution for injection, Dexdomitor 0.5 mg/ml - Solution for injection, Ketavet 100 mg/ml Solution for Injection for Dogs, Cats and Horses, Metacam 5 mg/ml - Solution for injection (cats, dogs), Metacam 5 mg/ml - Solution for injection (cattle, pigs), Metacam 5 mg/ml - Solution for injection (dogs), Plasmalyte WET 5,26 g/1000 ml + 0,37 g/1000 ml + 0,3 g/1000 ml + 3,68 g/1000 ml + 5,02 g/1000 ml Roztwór do infuzji, Torbugesic 10 mg/ml Solution for Injection, Torbugesic Vet 10 mg/ml solution injectable pour chevaux, chiens et chats, Torbugesic Vet. 10 mg/ml injektionsvæske, opløsning, Torbuphanol Vet 10 mg/ml solution for injection for injection for horses, dogs and cats","Anorexia, Death, Elevated blood urea nitrogen (BUN), Injection site abscess, Injection site pain, Lethargy (see also Central nervous system depression in Neurological), Leukocytosis NOS, Skin necrosis",1,1,
US-DEBIAHP-2012US00803,"<a target=""_blank""  href=""/xmlpserver/EVVET3 PW NEW/Subject Area Contents/Public Website/Report (PDF)/AER.xdo?_xpf=&_xpt=1&_params%2FOracle%20BI%20EE%3A%3ADefaultApp%3A%3AEVVET3%20PR%20NEW%2FAER%3A%3Adimension%2FAER%20Id%3A%3Aattribute%3A%3Anoaggr%3A%3Axsd%3Adouble=294478&_xt=AER&_xf=pdf""> AER </a>",2012-02-02 00:00:00,Veterinarian,United States,UNKNOWN,Dog,Dog (other),Metacam 1.5 mg/ml - Oral suspension (dogs),Twitching,1,1,
US-DEBIAHP-2012US00818,"<a target=""_blank""  href=""/xmlpserver/EVVET3 PW NEW/Subject Area Contents/Public Website/Report (PDF)/AER.xdo?_xpf=&_xpt=1&_params%2FOracle%20BI%20EE%3A%3ADefaultApp%3A%3AEVVET3%20PR%20NEW%2FAER%3A%3Adimension%2FAER%20Id%3A%3Aattribute%3A%3Anoaggr%3A%3Axsd%3Adouble=297991&_xt=AER&_xf=pdf""> AER </a>",2012-02-22 00:00:00,Veterinarian,United States,FEMALE,Dog,Terrier - Yorkshire,"Fuxien vet 1000 mg/g inhalaatiohöyry, neste, ISOFLURANE-Vet 1000 mg/g liquido per inalazione per cani e gatti, ISOFLURIN 1000mg/g ΥΓΡΟ ΓΙΑ ΕΙΣΠΝΕΟΜΕΝΟΥΣ ΑΤΜΟΥΣ, Isoflurane 100% Inhalation Vapour, Liquid, Isoflurane 1000 mg/g Inhalation Vapour, liquid., Metacam 1.5 mg/ml - Oral suspension (dogs), Metacam 5 mg/ml - Solution for injection (cats, dogs), Metacam 5 mg/ml - Solution for injection (cattle, pigs), Metacam 5 mg/ml - Solution for injection (dogs)","Anaemia NOS, Death by euthanasia, Dehydration, Depression, Elevated blood urea nitrogen (BUN), Elevated serum alkaline phosphatase (ALP), Elevated total bilirubin, Jaundice, Lethargy (see also Central nervous system depression in Neurological), Not eating, Other abnormal test result NOS, Pyrexia",1,1,1
US-DEBIAHP-2012US00855,"<a target=""_blank""  href=""/xmlpserver/EVVET3 PW NEW/Subject Area Contents/Public Website/Report (PDF)/AER.xdo?_xpf=&_xpt=1&_params%2FOracle%20BI%20EE%3A%3ADefaultApp%3A%3AEVVET3%20PR%20NEW%2FAER%3A%3Adimension%2FAER%20Id%3A%3Aattribute%3A%3Anoaggr%3A%3Axsd%3Adouble=295107&_xt=AER&_xf=pdf""> AER </a>",2012-02-06 00:00:00,Animal owner,United States,MALE,Dog,Dog (other),Metacam 1.5 mg/ml - Oral suspension (dogs),"Lymphoma, Vomiting",1,1,
US-DEBIAHP-2012US00891,"<a target=""_blank""  href=""/xmlpserver/EVVET3 PW NEW/Subject Area Contents/Public Website/Report (PDF)/AER.xdo?_xpf=&_xpt=1&_params%2FOracle%20BI%20EE%3A%3ADefaultApp%3A%3AEVVET3%20PR%20NEW%2FAER%3A%3Adimension%2FAER%20Id%3A%3Aattribute%3A%3Anoaggr%3A%3Axsd%3Adouble=295055&_xt=AER&_xf=pdf""> AER </a>",2012-02-06 00:00:00,Veterinarian,United States,UNKNOWN,Dog,Dog (other),Metacam 1.5 mg/ml - Oral suspension (dogs),Myoclonus,1,1,
US-DEBIAHP-2012US00901,"<a target=""_blank""  href=""/xmlpserver/EVVET3 PW NEW/Subject Area Contents/Public Website/Report (PDF)/AER.xdo?_xpf=&_xpt=1&_params%2FOracle%20BI%20EE%3A%3ADefaultApp%3A%3AEVVET3%20PR%20NEW%2FAER%3A%3Adimension%2FAER%20Id%3A%3Aattribute%3A%3Anoaggr%3A%3Axsd%3Adouble=305417&_xt=AER&_xf=pdf""> AER </a>",2012-04-13 00:00:00,Animal owner,United States,MALE,Dog,Cattle Dog - Flanders (Bouvier),Metacam 1.5 mg/ml - Oral suspension (dogs),Diarrhoea,1,1,
US-DEBIAHP-2012US00916,"<a target=""_blank""  href=""/xmlpserver/EVVET3 PW NEW/Subject Area Contents/Public Website/Report (PDF)/AER.xdo?_xpf=&_xpt=1&_params%2FOracle%20BI%20EE%3A%3ADefaultApp%3A%3AEVVET3%20PR%20NEW%2FAER%3A%3Adimension%2FAER%20Id%3A%3Aattribute%3A%3Anoaggr%3A%3Axsd%3Adouble=295113&_xt=AER&_xf=pdf""> AER </a>",2012-02-06 00:00:00,Other health care professional,United States,FEMALE,Cat,Siamese,"Metacam 5 mg/ml - Solution for injection (cats, dogs), Metacam 5 mg/ml - Solution for injection (cattle, pigs), Metacam 5 mg/ml - Solution for injection (dogs), Torbugesic 10 mg/ml Solution for Injection, Torbugesic Vet 10 mg/ml solution injectable pour chevaux, chiens et chats, Torbugesic Vet. 10 mg/ml injektionsvæske, opløsning, Torbuphanol Vet 10 mg/ml solution for injection for injection for horses, dogs and cats",Injection site itching,1,1,
US-DEBIAHP-2012US00930,"<a target=""_blank""  href=""/xmlpserver/EVVET3 PW NEW/Subject Area Contents/Public Website/Report (PDF)/AER.xdo?_xpf=&_xpt=1&_params%2FOracle%20BI%20EE%3A%3ADefaultApp%3A%3AEVVET3%20PR%20NEW%2FAER%3A%3Adimension%2FAER%20Id%3A%3Aattribute%3A%3Anoaggr%3A%3Axsd%3Adouble=300600&_xt=AER&_xf=pdf""> AER </a>",2012-03-12 00:00:00,Veterinarian,United States,FEMALE,Dog,Retriever - Labrador,"Metacam 1.5 mg/ml - Oral suspension (dogs), Metacam 5 mg/ml - Solution for injection (cats, dogs), Metacam 5 mg/ml - Solution for injection (cattle, pigs), Metacam 5 mg/ml - Solution for injection (dogs), Tramadog 50 mg tablet for dogs","Anorexia, Dehydration, Hyperthermia, Hypothyroidism, Lethargy (see also Central nervous system depression in Neurological), Lymphopenia, Neutrophilia, Other abnormal test result NOS, Shaking, Tense abdomen, Thrombocytopenia, Urine abnormalities NOS",1,1,
US-DEBIAHP-2012US00944,"<a target=""_blank""  href=""/xmlpserver/EVVET3 PW NEW/Subject Area Contents/Public Website/Report (PDF)/AER.xdo?_xpf=&_xpt=1&_params%2FOracle%20BI%20EE%3A%3ADefaultApp%3A%3AEVVET3%20PR%20NEW%2FAER%3A%3Adimension%2FAER%20Id%3A%3Aattribute%3A%3Anoaggr%3A%3Axsd%3Adouble=295223&_xt=AER&_xf=pdf""> AER </a>",2012-02-07 00:00:00,Veterinarian,United States,FEMALE,Dog,Retriever - Labrador,"CEPHALEXIN 180 mg/ml suspenzija za injiciranje, Metacam 1.5 mg/ml - Oral suspension (dogs)",Hyperactivity,1,1,
US-DEBIAHP-2012US00950,"<a target=""_blank""  href=""/xmlpserver/EVVET3 PW NEW/Subject Area Contents/Public Website/Report (PDF)/AER.xdo?_xpf=&_xpt=1&_params%2FOracle%20BI%20EE%3A%3ADefaultApp%3A%3AEVVET3%20PR%20NEW%2FAER%3A%3Adimension%2FAER%20Id%3A%3Aattribute%3A%3Anoaggr%3A%3Axsd%3Adouble=295297&_xt=AER&_xf=pdf""> AER </a>",2012-02-07 00:00:00,Veterinarian,United States,FEMALE,Cat,Cat (other),"Convenia 80 mg/ml  - Powder and solvent for solution for injection, Metacam 1.5 mg/ml - Oral suspension (dogs), Metacam 5 mg/ml - Solution for injection (cats, dogs), Metacam 5 mg/ml - Solution for injection (cattle, pigs), Metacam 5 mg/ml - Solution for injection (dogs)","Acidic urine, Anorexia, Elevated creatinine, Hyperglycaemia, Hyperphosphataemia, Other abnormal test result NOS, Proteinuria, Renal failure",1,1,
US-DEBIAHP-2012US00978,"<a target=""_blank""  href=""/xmlpserver/EVVET3 PW NEW/Subject Area Contents/Public Website/Report (PDF)/AER.xdo?_xpf=&_xpt=1&_params%2FOracle%20BI%20EE%3A%3ADefaultApp%3A%3AEVVET3%20PR%20NEW%2FAER%3A%3Adimension%2FAER%20Id%3A%3Aattribute%3A%3Anoaggr%3A%3Axsd%3Adouble=295295&_xt=AER&_xf=pdf""> AER </a>",2012-02-07 00:00:00,Veterinarian,United States,FEMALE,Dog,Dachshund - Standard Wire-haired,"Metacam 5 mg/ml - Solution for injection (cats, dogs), Metacam 5 mg/ml - Solution for injection (cattle, pigs), Metacam 5 mg/ml - Solution for injection (dogs)","Emesis, Hypotension, Inappropriate urination, Involuntary defecation, Trembling, Weakness",1,1,
US-DEBIAHP-2012US00996,"<a target=""_blank""  href=""/xmlpserver/EVVET3 PW NEW/Subject Area Contents/Public Website/Report (PDF)/AER.xdo?_xpf=&_xpt=1&_params%2FOracle%20BI%20EE%3A%3ADefaultApp%3A%3AEVVET3%20PR%20NEW%2FAER%3A%3Adimension%2FAER%20Id%3A%3Aattribute%3A%3Anoaggr%3A%3Axsd%3Adouble=295505&_xt=AER&_xf=pdf""> AER </a>",2012-02-08 00:00:00,Animal owner,United States,MALE,Dog,Bichon Frise,Metacam 1.5 mg/ml - Oral suspension (dogs),Hepatomegaly,1,1,
US-DEBIAHP-2012US01032,"<a target=""_blank""  href=""/xmlpserver/EVVET3 PW NEW/Subject Area Contents/Public Website/Report (PDF)/AER.xdo?_xpf=&_xpt=1&_params%2FOracle%20BI%20EE%3A%3ADefaultApp%3A%3AEVVET3%20PR%20NEW%2FAER%3A%3Adimension%2FAER%20Id%3A%3Aattribute%3A%3Anoaggr%3A%3Axsd%3Adouble=295511&_xt=AER&_xf=pdf""> AER </a>",2012-02-08 00:00:00,Veterinarian,United States,MALE,Dog,Maltese,Metacam 1.5 mg/ml - Oral suspension (dogs),"Anorexia, Elevated alanine aminotransferase (ALT), Elevated aspartate aminotransferase (AST), Lethargy (see also Central nervous system depression in Neurological)",1,1,
US-DEBIAHP-2012US01042,"<a target=""_blank""  href=""/xmlpserver/EVVET3 PW NEW/Subject Area Contents/Public Website/Report (PDF)/AER.xdo?_xpf=&_xpt=1&_params%2FOracle%20BI%20EE%3A%3ADefaultApp%3A%3AEVVET3%20PR%20NEW%2FAER%3A%3Adimension%2FAER%20Id%3A%3Aattribute%3A%3Anoaggr%3A%3Axsd%3Adouble=295518&_xt=AER&_xf=pdf""> AER </a>",2012-02-08 00:00:00,Veterinarian,United States,MALE,Cat,Cat (other),"Metacam 0.5 mg/ml - Oral suspension (cats, guinea pigs), Metacam 0.5 mg/ml - Oral suspension (dogs)",Ataxia,1,1,
US-DEBIAHP-2012US01081,"<a target=""_blank""  href=""/xmlpserver/EVVET3 PW NEW/Subject Area Contents/Public Website/Report (PDF)/AER.xdo?_xpf=&_xpt=1&_params%2FOracle%20BI%20EE%3A%3ADefaultApp%3A%3AEVVET3%20PR%20NEW%2FAER%3A%3Adimension%2FAER%20Id%3A%3Aattribute%3A%3Anoaggr%3A%3Axsd%3Adouble=295111&_xt=AER&_xf=pdf""> AER </a>",2012-02-06 00:00:00,Veterinarian,United States,MALE,Dog,Dog (other),"Metacam 5 mg/ml - Solution for injection (cats, dogs), Metacam 5 mg/ml - Solution for injection (cattle, pigs), Metacam 5 mg/ml - Solution for injection (dogs)",Elevated liver enzymes NOS,1,1,
US-DEBIAHP-2012US01134,"<a target=""_blank""  href=""/xmlpserver/EVVET3 PW NEW/Subject Area Contents/Public Website/Report (PDF)/AER.xdo?_xpf=&_xpt=1&_params%2FOracle%20BI%20EE%3A%3ADefaultApp%3A%3AEVVET3%20PR%20NEW%2FAER%3A%3Adimension%2FAER%20Id%3A%3Aattribute%3A%3Anoaggr%3A%3Axsd%3Adouble=295578&_xt=AER&_xf=pdf""> AER </a>",2012-02-08 00:00:00,Animal owner,United States,MALE,Dog,Shepherd Dog - German,"Clomicalm 20 mg - Tablet, Clomicalm 5 mg - Tablet, Clomicalm 80 mg - Tablet, Metacam 0.5 mg/ml - Oral suspension (cats, guinea pigs), Metacam 0.5 mg/ml - Oral suspension (dogs)","Behavioural disorder NOS, Hyperactivity",1,1,
US-DEBIAHP-2012US01172,"<a target=""_blank""  href=""/xmlpserver/EVVET3 PW NEW/Subject Area Contents/Public Website/Report (PDF)/AER.xdo?_xpf=&_xpt=1&_params%2FOracle%20BI%20EE%3A%3ADefaultApp%3A%3AEVVET3%20PR%20NEW%2FAER%3A%3Adimension%2FAER%20Id%3A%3Aattribute%3A%3Anoaggr%3A%3Axsd%3Adouble=296695&_xt=AER&_xf=pdf""> AER </a>",2012-02-14 00:00:00,Other health care professional,United States,FEMALE,Dog,Chihuahua,"Metacam 5 mg/ml - Solution for injection (cats, dogs), Metacam 5 mg/ml - Solution for injection (cattle, pigs), Metacam 5 mg/ml - Solution for injection (dogs)","Injection site erythema, Injection site swelling",1,1,
US-DEBIAHP-2012US01189,"<a target=""_blank""  href=""/xmlpserver/EVVET3 PW NEW/Subject Area Contents/Public Website/Report (PDF)/AER.xdo?_xpf=&_xpt=1&_params%2FOracle%20BI%20EE%3A%3ADefaultApp%3A%3AEVVET3%20PR%20NEW%2FAER%3A%3Adimension%2FAER%20Id%3A%3Aattribute%3A%3Anoaggr%3A%3Axsd%3Adouble=295735&_xt=AER&_xf=pdf""> AER </a>",2012-02-09 00:00:00,Veterinarian,United States,MALE,Dog,Chihuahua,"Dexdomitor 0.1 mg/ml - Solution for injection, Dexdomitor 0.5 mg/ml - Solution for injection, Metacam 1.5 mg/ml - Oral suspension (dogs), Metacam 5 mg/ml - Solution for injection (cats, dogs), Metacam 5 mg/ml - Solution for injection (cattle, pigs), Metacam 5 mg/ml - Solution for injection (dogs)","Bloody diarrhoea, Diarrhoea, Elevated blood urea nitrogen (BUN), Lateral recumbency, Leukopenia NOS, Other abnormal test result NOS, Pale mucous membrane, Vomiting",1,1,
US-DEBIAHP-2012US01284,"<a target=""_blank""  href=""/xmlpserver/EVVET3 PW NEW/Subject Area Contents/Public Website/Report (PDF)/AER.xdo?_xpf=&_xpt=1&_params%2FOracle%20BI%20EE%3A%3ADefaultApp%3A%3AEVVET3%20PR%20NEW%2FAER%3A%3Adimension%2FAER%20Id%3A%3Aattribute%3A%3Anoaggr%3A%3Axsd%3Adouble=296103&_xt=AER&_xf=pdf""> AER </a>",2012-02-10 00:00:00,Other health care professional,United States,FEMALE,Dog,Dog (other),Metacam 1.5 mg/ml - Oral suspension (dogs),Elevated blood urea nitrogen (BUN),1,1,
US-DEBIAHP-2012US01285,"<a target=""_blank""  href=""/xmlpserver/EVVET3 PW NEW/Subject Area Contents/Public Website/Report (PDF)/AER.xdo?_xpf=&_xpt=1&_params%2FOracle%20BI%20EE%3A%3ADefaultApp%3A%3AEVVET3%20PR%20NEW%2FAER%3A%3Adimension%2FAER%20Id%3A%3Aattribute%3A%3Anoaggr%3A%3Axsd%3Adouble=297377&_xt=AER&_xf=pdf""> AER </a>",2012-02-17 00:00:00,Veterinarian,United States,MALE,Dog,Retriever - Labrador,Metacam 1.5 mg/ml - Oral suspension (dogs),Moist dermatitis,1,1,
US-DEBIAHP-2012US01318,"<a target=""_blank""  href=""/xmlpserver/EVVET3 PW NEW/Subject Area Contents/Public Website/Report (PDF)/AER.xdo?_xpf=&_xpt=1&_params%2FOracle%20BI%20EE%3A%3ADefaultApp%3A%3AEVVET3%20PR%20NEW%2FAER%3A%3Adimension%2FAER%20Id%3A%3Aattribute%3A%3Anoaggr%3A%3Axsd%3Adouble=297379&_xt=AER&_xf=pdf""> AER </a>",2012-02-18 00:00:00,Other health care professional,United States,FEMALE,Cat,Cat (other),"Fuxien vet 1000 mg/g inhalaatiohöyry, neste, ISOFLURANE-Vet 1000 mg/g liquido per inalazione per cani e gatti, ISOFLURIN 1000mg/g ΥΓΡΟ ΓΙΑ ΕΙΣΠΝΕΟΜΕΝΟΥΣ ΑΤΜΟΥΣ, Isoflurane 100% Inhalation Vapour, Liquid, Isoflurane 1000 mg/g Inhalation Vapour, liquid., Ketavet 100 mg/ml Solution for Injection for Dogs, Cats and Horses, Metacam 5 mg/ml - Solution for injection (cats, dogs), Metacam 5 mg/ml - Solution for injection (cattle, pigs), Metacam 5 mg/ml - Solution for injection (dogs)","Anaemia NOS, Prolonged anaesthesia",1,1,
US-DEBIAHP-2012US01353,"<a target=""_blank""  href=""/xmlpserver/EVVET3 PW NEW/Subject Area Contents/Public Website/Report (PDF)/AER.xdo?_xpf=&_xpt=1&_params%2FOracle%20BI%20EE%3A%3ADefaultApp%3A%3AEVVET3%20PR%20NEW%2FAER%3A%3Adimension%2FAER%20Id%3A%3Aattribute%3A%3Anoaggr%3A%3Axsd%3Adouble=296330&_xt=AER&_xf=pdf""> AER </a>",2012-02-13 00:00:00,Other health care professional,United States,MALE,Dog,Schipperke,"ADEQUAN IM 500 MG/5 ML SOLUTION FOR INJECTION, Adequan, Adequan 100 mg/ml Solution for Injection, Adequan 250 mg/ml Solution for Injection, Metacam 0.5 mg/ml - Oral suspension (cats, guinea pigs), Metacam 0.5 mg/ml - Oral suspension (dogs)","Elevated serum alkaline phosphatase (ALP), Other abnormal test result NOS, Vomiting",1,1,
US-DEBIAHP-2012US01364,"<a target=""_blank""  href=""/xmlpserver/EVVET3 PW NEW/Subject Area Contents/Public Website/Report (PDF)/AER.xdo?_xpf=&_xpt=1&_params%2FOracle%20BI%20EE%3A%3ADefaultApp%3A%3AEVVET3%20PR%20NEW%2FAER%3A%3Adimension%2FAER%20Id%3A%3Aattribute%3A%3Anoaggr%3A%3Axsd%3Adouble=297166&_xt=AER&_xf=pdf""> AER </a>",2012-02-16 00:00:00,Veterinarian,United States,MALE,Dog,Spitz - German Pomeranian,Metacam 1.5 mg/ml - Oral suspension (dogs),Hair shedding,1,1,
US-DEBIAHP-2012US01448,"<a target=""_blank""  href=""/xmlpserver/EVVET3 PW NEW/Subject Area Contents/Public Website/Report (PDF)/AER.xdo?_xpf=&_xpt=1&_params%2FOracle%20BI%20EE%3A%3ADefaultApp%3A%3AEVVET3%20PR%20NEW%2FAER%3A%3Adimension%2FAER%20Id%3A%3Aattribute%3A%3Anoaggr%3A%3Axsd%3Adouble=296998&_xt=AER&_xf=pdf""> AER </a>",2012-02-16 00:00:00,Veterinarian,United States,MALE,Dog,Dog (other),"Cerenia 10 mg/ml  - Solution for injection, Cerenia 16 mg  - Tablet, Cerenia 160 mg  - Tablet, Cerenia 24 mg  - Tablet, Cerenia 60 mg - Tablet, Metacam 5 mg/ml - Solution for injection (cats, dogs), Metacam 5 mg/ml - Solution for injection (cattle, pigs), Metacam 5 mg/ml - Solution for injection (dogs)","Anaemia NOS, Elevated total bilirubin, Pancreas endocrine disorder NOS",1,1,
US-DEBIAHP-2012US01458,"<a target=""_blank""  href=""/xmlpserver/EVVET3 PW NEW/Subject Area Contents/Public Website/Report (PDF)/AER.xdo?_xpf=&_xpt=1&_params%2FOracle%20BI%20EE%3A%3ADefaultApp%3A%3AEVVET3%20PR%20NEW%2FAER%3A%3Adimension%2FAER%20Id%3A%3Aattribute%3A%3Anoaggr%3A%3Axsd%3Adouble=296690&_xt=AER&_xf=pdf""> AER </a>",2012-02-14 00:00:00,Animal owner,United States,FEMALE,Dog,Shepherd Dog - Australian,Metacam 1.5 mg/ml - Oral suspension (dogs),"Circling - neurological disorder (see also Behavioural disorders), Death by euthanasia, Ruminal bloat",1,1,1
US-DEBIAHP-2012US01465,"<a target=""_blank""  href=""/xmlpserver/EVVET3 PW NEW/Subject Area Contents/Public Website/Report (PDF)/AER.xdo?_xpf=&_xpt=1&_params%2FOracle%20BI%20EE%3A%3ADefaultApp%3A%3AEVVET3%20PR%20NEW%2FAER%3A%3Adimension%2FAER%20Id%3A%3Aattribute%3A%3Anoaggr%3A%3Axsd%3Adouble=301136&_xt=AER&_xf=pdf""> AER </a>",2012-03-15 00:00:00,Veterinarian,United States,MALE,Dog,Retriever - Labrador,Metacam 1.5 mg/ml - Oral suspension (dogs),"Cushings disease NOS, Decreased urine concentration, Elevated alanine aminotransferase (ALT), Elevated serum alkaline phosphatase (ALP), Glucosuria, Liver tumour, Weight loss",1,1,
US-DEBIAHP-2012US01504,"<a target=""_blank""  href=""/xmlpserver/EVVET3 PW NEW/Subject Area Contents/Public Website/Report (PDF)/AER.xdo?_xpf=&_xpt=1&_params%2FOracle%20BI%20EE%3A%3ADefaultApp%3A%3AEVVET3%20PR%20NEW%2FAER%3A%3Adimension%2FAER%20Id%3A%3Aattribute%3A%3Anoaggr%3A%3Axsd%3Adouble=297878&_xt=AER&_xf=pdf""> AER </a>",2012-02-21 00:00:00,Veterinarian,United States,MALE,Dog,Retriever - Labrador,"Metacam 1.5 mg/ml - Oral suspension (dogs), Vectra 3D 196 mg dinotefuran, 17.4 mg pyriproxyfen, 1429 mg permethrin - Spot-on solution, Vectra 3D 256 mg dinotefuran, 22.7 mg pyriproxyfen, 1865 mg permethrin - Spot-on solution, Vectra 3D 436 mg dinotefuran, 38.7 mg pyriproxyfen, 3175 mg permethrin - Spot-on solution, Vectra 3D 44 mg dinotefuran, 3.9 mg pyriproxyfen, 317 mg permethrin - Spot-on solution, Vectra 3D 87 mg dinotefuran, 7.7 mg pyriproxyfen, 635 mg permethrin - Spot-on solution","Elevated blood urea nitrogen (BUN), Gagging",1,1,
US-DEBIAHP-2012US01559,"<a target=""_blank""  href=""/xmlpserver/EVVET3 PW NEW/Subject Area Contents/Public Website/Report (PDF)/AER.xdo?_xpf=&_xpt=1&_params%2FOracle%20BI%20EE%3A%3ADefaultApp%3A%3AEVVET3%20PR%20NEW%2FAER%3A%3Adimension%2FAER%20Id%3A%3Aattribute%3A%3Anoaggr%3A%3Axsd%3Adouble=297918&_xt=AER&_xf=pdf""> AER </a>",2012-02-22 00:00:00,Veterinarian,United States,MALE,Cat,Cat (other),"Metacam 0.5 mg/ml - Oral suspension (cats, guinea pigs), Metacam 0.5 mg/ml - Oral suspension (dogs)","Decreased urine concentration, Elevated blood urea nitrogen (BUN), Leukocytosis NOS, Neutrophilia, Other abnormal test result NOS, Polydipsia, Polyuria",1,1,
US-DEBIAHP-2012US01604,"<a target=""_blank""  href=""/xmlpserver/EVVET3 PW NEW/Subject Area Contents/Public Website/Report (PDF)/AER.xdo?_xpf=&_xpt=1&_params%2FOracle%20BI%20EE%3A%3ADefaultApp%3A%3AEVVET3%20PR%20NEW%2FAER%3A%3Adimension%2FAER%20Id%3A%3Aattribute%3A%3Anoaggr%3A%3Axsd%3Adouble=298267&_xt=AER&_xf=pdf""> AER </a>",2012-02-23 00:00:00,Veterinarian,United States,FEMALE,Dog,Dog (other),"Metacam 1.5 mg/ml - Oral suspension (dogs), Metacam 5 mg/ml - Solution for injection (cats, dogs), Metacam 5 mg/ml - Solution for injection (cattle, pigs), Metacam 5 mg/ml - Solution for injection (dogs), Metoclopramide hydrochloride 10 mg, tabletten voor honden",Diarrhoea,1,1,
US-DEBIAHP-2012US01626,"<a target=""_blank""  href=""/xmlpserver/EVVET3 PW NEW/Subject Area Contents/Public Website/Report (PDF)/AER.xdo?_xpf=&_xpt=1&_params%2FOracle%20BI%20EE%3A%3ADefaultApp%3A%3AEVVET3%20PR%20NEW%2FAER%3A%3Adimension%2FAER%20Id%3A%3Aattribute%3A%3Anoaggr%3A%3Axsd%3Adouble=298437&_xt=AER&_xf=pdf""> AER </a>",2012-02-24 00:00:00,Veterinarian,United States,MALE,Dog,Sheepdog - Shetland,"Metacam 1.5 mg/ml - Oral suspension (dogs), Tramadog 50 mg tablet for dogs","Elevated renal parameters, Inappetence",1,1,
US-DEBIAHP-2012US01638,"<a target=""_blank""  href=""/xmlpserver/EVVET3 PW NEW/Subject Area Contents/Public Website/Report (PDF)/AER.xdo?_xpf=&_xpt=1&_params%2FOracle%20BI%20EE%3A%3ADefaultApp%3A%3AEVVET3%20PR%20NEW%2FAER%3A%3Adimension%2FAER%20Id%3A%3Aattribute%3A%3Anoaggr%3A%3Axsd%3Adouble=298477&_xt=AER&_xf=pdf""> AER </a>",2012-02-24 00:00:00,Veterinarian,United States,MALE,Cat,Siamese,"Metacam 0.5 mg/ml - Oral suspension (cats, guinea pigs), Metacam 0.5 mg/ml - Oral suspension (dogs)","Anorexia, Elevated renal parameters, Haematuria, Vomiting",1,1,
US-DEBIAHP-2012US01650,"<a target=""_blank""  href=""/xmlpserver/EVVET3 PW NEW/Subject Area Contents/Public Website/Report (PDF)/AER.xdo?_xpf=&_xpt=1&_params%2FOracle%20BI%20EE%3A%3ADefaultApp%3A%3AEVVET3%20PR%20NEW%2FAER%3A%3Adimension%2FAER%20Id%3A%3Aattribute%3A%3Anoaggr%3A%3Axsd%3Adouble=300601&_xt=AER&_xf=pdf""> AER </a>",2012-03-12 00:00:00,Veterinarian,United States,FEMALE,Dog,Shih Tzu,"Ketamin 10 % šķīdums injekcijām suņiem un kaķiem, Ketamin 10%, Ketamin 100 mg/ml, Ketamine 10% oplossing voor injectie voor honden en katten, Ketamine 10% pro inj., oplossing voor injectie voor honden en katten, Ketamine 10% šķīdums injekcijām suņiem un kaķiem, Ketamine 10%, oplossing voor injectie voor honden en katten, Metacam 0.5 mg/ml - Oral suspension (cats, guinea pigs), Metacam 0.5 mg/ml - Oral suspension (dogs), Metacam 5 mg/ml - Solution for injection (cats, dogs), Metacam 5 mg/ml - Solution for injection (cattle, pigs), Metacam 5 mg/ml - Solution for injection (dogs), Tramadog 50 mg tablet for dogs, АМПИЦИЛИН шприц-канюли, КЕТАМИН 10 %","Congenital hepato-biliary disorder, Elevated liver enzymes NOS, Icterus, Not eating",1,1,
US-DEBIAHP-2012US01690,"<a target=""_blank""  href=""/xmlpserver/EVVET3 PW NEW/Subject Area Contents/Public Website/Report (PDF)/AER.xdo?_xpf=&_xpt=1&_params%2FOracle%20BI%20EE%3A%3ADefaultApp%3A%3AEVVET3%20PR%20NEW%2FAER%3A%3Adimension%2FAER%20Id%3A%3Aattribute%3A%3Anoaggr%3A%3Axsd%3Adouble=298702&_xt=AER&_xf=pdf""> AER </a>",2012-02-28 00:00:00,Veterinarian,United States,MALE,Cat,Cat (other),Metacam 1.5 mg/ml - Oral suspension (dogs),"Death, Haemorrhage NOS, Hepatic tumour, Metastatic neoplasia",1,1,
US-DEBIAHP-2012US01720,"<a target=""_blank""  href=""/xmlpserver/EVVET3 PW NEW/Subject Area Contents/Public Website/Report (PDF)/AER.xdo?_xpf=&_xpt=1&_params%2FOracle%20BI%20EE%3A%3ADefaultApp%3A%3AEVVET3%20PR%20NEW%2FAER%3A%3Adimension%2FAER%20Id%3A%3Aattribute%3A%3Anoaggr%3A%3Axsd%3Adouble=299299&_xt=AER&_xf=pdf""> AER </a>",2012-03-02 00:00:00,Veterinarian,United States,MALE,Dog,Retriever - Labrador,"Metacam 5 mg/ml - Solution for injection (cats, dogs), Metacam 5 mg/ml - Solution for injection (cattle, pigs), Metacam 5 mg/ml - Solution for injection (dogs)","Cellulitis, Death by euthanasia",1,1,1
US-DEBIAHP-2012US01737,"<a target=""_blank""  href=""/xmlpserver/EVVET3 PW NEW/Subject Area Contents/Public Website/Report (PDF)/AER.xdo?_xpf=&_xpt=1&_params%2FOracle%20BI%20EE%3A%3ADefaultApp%3A%3AEVVET3%20PR%20NEW%2FAER%3A%3Adimension%2FAER%20Id%3A%3Aattribute%3A%3Anoaggr%3A%3Axsd%3Adouble=298690&_xt=AER&_xf=pdf""> AER </a>",2012-02-27 00:00:00,Veterinarian,United States,FEMALE,Cat,Cat (other),"ACEPROMAZINE 10%/AGROSEED CANDILIDIS ενέσιμο διάλυμα 10 mg/ml για σκύλο και γάτα, Atropine 0,1% pro inj., 1 mg/ml oplossing voor injectie voor honden en katten., Metacam 5 mg/ml - Solution for injection (cats, dogs), Metacam 5 mg/ml - Solution for injection (cattle, pigs), Metacam 5 mg/ml - Solution for injection (dogs)","Death, Elevated renal parameters, Hyperphosphataemia, Renal failure",1,1,
US-DEBIAHP-2012US01755,"<a target=""_blank""  href=""/xmlpserver/EVVET3 PW NEW/Subject Area Contents/Public Website/Report (PDF)/AER.xdo?_xpf=&_xpt=1&_params%2FOracle%20BI%20EE%3A%3ADefaultApp%3A%3AEVVET3%20PR%20NEW%2FAER%3A%3Adimension%2FAER%20Id%3A%3Aattribute%3A%3Anoaggr%3A%3Axsd%3Adouble=303003&_xt=AER&_xf=pdf""> AER </a>",2012-03-28 00:00:00,Veterinarian,United States,MALE,Dog,Shih Tzu,Metacam 1.5 mg/ml - Oral suspension (dogs),"Crust, Excessive chewing, licking and/or grooming, Generalised skin slough, Skin ulcer",1,1,
US-DEBIAHP-2012US01795,"<a target=""_blank""  href=""/xmlpserver/EVVET3 PW NEW/Subject Area Contents/Public Website/Report (PDF)/AER.xdo?_xpf=&_xpt=1&_params%2FOracle%20BI%20EE%3A%3ADefaultApp%3A%3AEVVET3%20PR%20NEW%2FAER%3A%3Adimension%2FAER%20Id%3A%3Aattribute%3A%3Anoaggr%3A%3Axsd%3Adouble=299311&_xt=AER&_xf=pdf""> AER </a>",2012-03-02 00:00:00,Veterinarian,United States,MALE,Dog,Schnauzer - Miniature,Metacam 1.5 mg/ml - Oral suspension (dogs),"Gastric ulcer, Haematemesis",1,1,
US-DEBIAHP-2012US01868,"<a target=""_blank""  href=""/xmlpserver/EVVET3 PW NEW/Subject Area Contents/Public Website/Report (PDF)/AER.xdo?_xpf=&_xpt=1&_params%2FOracle%20BI%20EE%3A%3ADefaultApp%3A%3AEVVET3%20PR%20NEW%2FAER%3A%3Adimension%2FAER%20Id%3A%3Aattribute%3A%3Anoaggr%3A%3Axsd%3Adouble=299314&_xt=AER&_xf=pdf""> AER </a>",2012-03-02 00:00:00,Animal owner,United States,MALE,Cat,Cat (other),"Convenia 80 mg/ml  - Powder and solvent for solution for injection, Metacam 5 mg/ml - Solution for injection (cats, dogs), Metacam 5 mg/ml - Solution for injection (cattle, pigs), Metacam 5 mg/ml - Solution for injection (dogs)","Anorexia, Death by euthanasia, Lethargy (see also Central nervous system depression in Neurological), Renal disorder NOS, Renal failure, Vomiting",1,1,1
US-DEBIAHP-2012US01879,"<a target=""_blank""  href=""/xmlpserver/EVVET3 PW NEW/Subject Area Contents/Public Website/Report (PDF)/AER.xdo?_xpf=&_xpt=1&_params%2FOracle%20BI%20EE%3A%3ADefaultApp%3A%3AEVVET3%20PR%20NEW%2FAER%3A%3Adimension%2FAER%20Id%3A%3Aattribute%3A%3Anoaggr%3A%3Axsd%3Adouble=299596&_xt=AER&_xf=pdf""> AER </a>",2012-03-06 00:00:00,Veterinarian,United States,FEMALE,Dog,Terrier - Yorkshire,Metacam 1.5 mg/ml - Oral suspension (dogs),"Death by euthanasia, Decreased appetite, Decreased urine concentration, Elevated creatinine, Hypocalcaemic condition, Hypoproteinaemia, Low blood pressure, Oedema NOS (see other SOCs for specific oedemas), Other abnormal test result NOS, Polydipsia, Polyuria, Proteinuria, Urine abnormalities NOS",1,1,1
US-DEBIAHP-2012US01901,"<a target=""_blank""  href=""/xmlpserver/EVVET3 PW NEW/Subject Area Contents/Public Website/Report (PDF)/AER.xdo?_xpf=&_xpt=1&_params%2FOracle%20BI%20EE%3A%3ADefaultApp%3A%3AEVVET3%20PR%20NEW%2FAER%3A%3Adimension%2FAER%20Id%3A%3Aattribute%3A%3Anoaggr%3A%3Axsd%3Adouble=299313&_xt=AER&_xf=pdf""> AER </a>",2012-03-02 00:00:00,Veterinarian,United States,FEMALE,Dog,Chihuahua,"DFV DOXIVET 200 mg/ml, solution for use in drinking water for pigs and chickens, DFV DOXIVET 500 mg/g, powder for use in drinking water for pigs and chickens, Doxycycline 100 mg tablet, voor honden en katten, Doxycycline 15 mg tabletten voor honden en katten, Doxycycline 20% W.O., Doxycycline 20% W.O. poeder voor toediening via drinkwater voor vleeskuikens, Doxycycline 50% WSP, 500 mg/g, prašak za primjenu u vodi za piće/mliječnoj zamjenici, za goveda, svinje i kokoši, Doxycycline 500 mg/kg, poeder voor gebruik in drinkwater voor varken en kip, Doxycycline 75 mg tabletten voor honden, Doxycycline tabletten 20 mg voor honden en katten, Metacam 0.5 mg/ml - Oral suspension (cats, guinea pigs), Metacam 0.5 mg/ml - Oral suspension (dogs), SYNULOX (200+50)MG/TAB ΔΙΣΚΙΟ, SYNULOX (40+10)MG/TAB ΔΙΣΚΙΟ, SYNULOX 140 mg/ml + 35 mg/ml suspensión inyectable, SYNULOX 200 mg/50 mg tablety pre psy a mačky, SYNULOX 200/50 mg COMPRIMIDOS APETITOSOS PARA PERROS, SYNULOX 250 COMPRIMES POUR CHIENS, SYNULOX 250 mg, SYNULOX 250 mg kramtomosios tabletės šunims ir katėms, SYNULOX 250 mg tablete za pse in mačke, SYNULOX 250mg, δισκία για σκύλους και γάτες, SYNULOX 40 mg/10 mg tablety pre psy a mačky, SYNULOX 40 mg/ml + 10 mg/ml POLVO PARA GOTAS ORALES EN SUSPENSION, SYNULOX 40/10 MG COMPRIMIDOS APETITOSOS PARA PERROS Y GATOS, SYNULOX 400 mg/100 mg tablety pre psy, SYNULOX 400/100 mg COMPRIMIDOS APETITOSOS PARA PERROS, SYNULOX 50 COMPRIMES POUR CHIENS ET CHATS, SYNULOX 50 mg, SYNULOX 50 mg kramtomosios tabletės šunims ir katėms, SYNULOX 50 mg tablete za pse in mačke, SYNULOX 500 COMPRIMES POUR CHIENS, SYNULOX 500 mg kramtomosios tabletės šunims, SYNULOX 500 mg tablete za pse, SYNULOX 500 mg, kramtomosios tabletės šunims, SYNULOX 500MG/TAB ΔΙΣΚΙΟ, SYNULOX 50mg, δισκία για σκύλους και γάτες, SYNULOX OGIVETTES POUR VEAUX, SYNULOX SUSPENSION INJECTABLE POUR BOVINS, SYNULOX VET 140 mg/ml injektioneste, suspensio koiralle, kissalle ja sialle, SYNULOX suspensão injetável para suínos, bovinos, cães e gatos, SYNULOX vet 200 mg/50 mg tabletti, koiralle ja kissalle, SYNULOX vet 40 mg/10 mg tabletti, koiralle ja kissalle, SYNULOX vet 400 mg/100 mg tabletti, koiralle, SYNULOX, 400/100mg, Tableta, Synulox 250 mg Comprimés Appétents, Synulox 250 mg Smakelijke tabletten, Synulox 250 mg tabletes suņiem un kaķiem, Synulox 250 mg, tabletid koertele ja kassidele, Synulox 250 mg, таблетки за кучета и котки, Synulox 250mg (200 mg/50 mg)  Tabletten für Hunde, Synulox 50 mg Comprimés Appétents, Synulox 50 mg Smakelijke Tabletten, Synulox 50 mg tabletes suņiem un kaķiem, Synulox 50 mg, tabletid koertele ja kassidele, Synulox 50 mg, таблетки за кучета и котки, Synulox 500 mg Bolus 400 mg - 100 mg Omhulde tablet, Synulox 500 mg Comprimés Appétents, Synulox 500 mg Smakelijke Tabletten, Synulox 500 mg tabletes suņiem, Synulox 500 mg, tabletid koertele, Synulox 500mg (400 mg/100 mg) Tabletten für Hunde, Synulox 50mg (40 mg/10 mg) Tabletten für Hunde und Katzen, Synulox Bolus 500 mg, 400 mg + 100 mg comprimés enrobés pour veaux, Synulox Lactating Cow Intramammary suspension., Synulox Tabletki 250 mg, Synulox Tabletki 250 mg (200+50) mg/tablete; tabletes suņiem, Synulox Tabletki 50 mg, Synulox Tabletki 50 mg (40+10) mg/ tablete; tabletes suņiem un kaķiem, Synulox Tabletki 500 mg, Synulox Vet. til hund og kat 200 + 50 mg tabletter, Synulox Vet. til hund og kat 40 + 10 mg tabletter, Synulox Vet. til hund tabletter 400 + 100 mg, Synulox Vet. til kalve 400 + 100 mg tabletter, Synulox comprimidos palatáveis 250 mg para cães e gatos, Synulox comprimidos palatáveis 50 mg para cães e gatos, Synulox comprimidos palatáveis 500 mg para cães, Synulox vet 40 mg/ml jauhe oraalisuspensiota varten koiralle ja kissalle, Synulox vet. 200 mg tabletter for hund og katt, Synulox vet. 200 mg/50 mg Tablett, Synulox vet. 40 mg tabletter for hund og katt, Synulox vet. 40 mg/10 mg Tablett, Synulox vet. 400 mg tabletter for hund, Synulox vet. 400 mg/100 mg Tablett, Synulox, 200/50mg, Tableta, Synulox, 40/10mg, T","Anorexia, Elevated liver enzymes NOS, Elevated renal parameters, Lethargy (see also Central nervous system depression in Neurological), Shaking",1,1,
US-DEBIAHP-2012US01923,"<a target=""_blank""  href=""/xmlpserver/EVVET3 PW NEW/Subject Area Contents/Public Website/Report (PDF)/AER.xdo?_xpf=&_xpt=1&_params%2FOracle%20BI%20EE%3A%3ADefaultApp%3A%3AEVVET3%20PR%20NEW%2FAER%3A%3Adimension%2FAER%20Id%3A%3Aattribute%3A%3Anoaggr%3A%3Axsd%3Adouble=299315&_xt=AER&_xf=pdf""> AER </a>",2012-03-02 00:00:00,Animal owner,United States,MALE,Dog,Dog (other),Metacam 1.5 mg/ml - Oral suspension (dogs),"Death, Dyspnoea, Vomiting",1,1,
US-DEBIAHP-2012US02000,"<a target=""_blank""  href=""/xmlpserver/EVVET3 PW NEW/Subject Area Contents/Public Website/Report (PDF)/AER.xdo?_xpf=&_xpt=1&_params%2FOracle%20BI%20EE%3A%3ADefaultApp%3A%3AEVVET3%20PR%20NEW%2FAER%3A%3Adimension%2FAER%20Id%3A%3Aattribute%3A%3Anoaggr%3A%3Axsd%3Adouble=303348&_xt=AER&_xf=pdf""> AER </a>",2012-03-30 00:00:00,Veterinarian,United States,MALE,Dog,Shih Tzu,"Convenia 80 mg/ml  - Powder and solvent for solution for injection, Metacam 1.5 mg/ml - Oral suspension (dogs)","Anorexia, Death by euthanasia, Decreased urine concentration, Elevated blood urea nitrogen (BUN), Elevated creatinine, Hyperphosphataemia, Not eating, Seizure NOS, Tarry or black stool (see also haemorrhagic diarrhoea), Vomiting",1,1,1
US-DEBIAHP-2012US02001,"<a target=""_blank""  href=""/xmlpserver/EVVET3 PW NEW/Subject Area Contents/Public Website/Report (PDF)/AER.xdo?_xpf=&_xpt=1&_params%2FOracle%20BI%20EE%3A%3ADefaultApp%3A%3AEVVET3%20PR%20NEW%2FAER%3A%3Adimension%2FAER%20Id%3A%3Aattribute%3A%3Anoaggr%3A%3Axsd%3Adouble=299535&_xt=AER&_xf=pdf""> AER </a>",2012-03-06 00:00:00,Veterinarian,United States,MALE,Cat,Cat (other),"Metacam 1.5 mg/ml - Oral suspension (dogs), Metacam 5 mg/ml - Solution for injection (cats, dogs), Metacam 5 mg/ml - Solution for injection (cattle, pigs), Metacam 5 mg/ml - Solution for injection (dogs)","Acute renal failure, Decreased appetite, Dehydration, Dry mucous membrane, Hyperglycaemia, Lethargy (see also Central nervous system depression in Neurological), Lymphopenia, Other abnormal test result NOS, Tense abdomen, Vomiting, Weight loss",1,1,
US-DEBIAHP-2012US02007,"<a target=""_blank""  href=""/xmlpserver/EVVET3 PW NEW/Subject Area Contents/Public Website/Report (PDF)/AER.xdo?_xpf=&_xpt=1&_params%2FOracle%20BI%20EE%3A%3ADefaultApp%3A%3AEVVET3%20PR%20NEW%2FAER%3A%3Adimension%2FAER%20Id%3A%3Aattribute%3A%3Anoaggr%3A%3Axsd%3Adouble=299678&_xt=AER&_xf=pdf""> AER </a>",2012-03-06 00:00:00,Veterinarian,United States,MALE,Dog,Mastiff,Metacam 1.5 mg/ml - Oral suspension (dogs),"Acute renal failure, Anorexia, Death by euthanasia, Diarrhoea, Duodenal ulcer, Lung oedema, Melaena, Other abnormal test result NOS",1,1,1
US-DEBIAHP-2012US02020,"<a target=""_blank""  href=""/xmlpserver/EVVET3 PW NEW/Subject Area Contents/Public Website/Report (PDF)/AER.xdo?_xpf=&_xpt=1&_params%2FOracle%20BI%20EE%3A%3ADefaultApp%3A%3AEVVET3%20PR%20NEW%2FAER%3A%3Adimension%2FAER%20Id%3A%3Aattribute%3A%3Anoaggr%3A%3Axsd%3Adouble=299652&_xt=AER&_xf=pdf""> AER </a>",2012-03-06 00:00:00,Animal owner,United States,FEMALE,Dog,Terrier - Yorkshire,"Metacam 0.5 mg/ml - Oral suspension (cats, guinea pigs), Metacam 0.5 mg/ml - Oral suspension (dogs), Metacam 5 mg/ml - Solution for injection (cats, dogs), Metacam 5 mg/ml - Solution for injection (cattle, pigs), Metacam 5 mg/ml - Solution for injection (dogs)","Depression, Diabetes, Frequent urination, Hyperglycaemia, Lethargy (see also Central nervous system depression in Neurological), Weakness",1,1,
US-DEBIAHP-2012US02094,"<a target=""_blank""  href=""/xmlpserver/EVVET3 PW NEW/Subject Area Contents/Public Website/Report (PDF)/AER.xdo?_xpf=&_xpt=1&_params%2FOracle%20BI%20EE%3A%3ADefaultApp%3A%3AEVVET3%20PR%20NEW%2FAER%3A%3Adimension%2FAER%20Id%3A%3Aattribute%3A%3Anoaggr%3A%3Axsd%3Adouble=300092&_xt=AER&_xf=pdf""> AER </a>",2012-03-07 00:00:00,Other health care professional,United States,MALE,Dog,Shih Tzu,Metacam 1.5 mg/ml - Oral suspension (dogs),Seizure NOS,1,1,
US-DEBIAHP-2012US02179,"<a target=""_blank""  href=""/xmlpserver/EVVET3 PW NEW/Subject Area Contents/Public Website/Report (PDF)/AER.xdo?_xpf=&_xpt=1&_params%2FOracle%20BI%20EE%3A%3ADefaultApp%3A%3AEVVET3%20PR%20NEW%2FAER%3A%3Adimension%2FAER%20Id%3A%3Aattribute%3A%3Anoaggr%3A%3Axsd%3Adouble=300603&_xt=AER&_xf=pdf""> AER </a>",2012-03-12 00:00:00,Veterinarian,United States,MALE,Cat,Cat (other),"Ketamin 10 % šķīdums injekcijām suņiem un kaķiem, Ketamin 10%, Ketamin 100 mg/ml, Ketamine 10% oplossing voor injectie voor honden en katten, Ketamine 10% pro inj., oplossing voor injectie voor honden en katten, Ketamine 10% šķīdums injekcijām suņiem un kaķiem, Ketamine 10%, oplossing voor injectie voor honden en katten, Metacam 5 mg/ml - Solution for injection (cats, dogs), Metacam 5 mg/ml - Solution for injection (cattle, pigs), Metacam 5 mg/ml - Solution for injection (dogs), КЕТАМИН 10 %","Decreased appetite, Dehydration, Elevated blood urea nitrogen (BUN), Elevated creatinine, Lethargy (see also Central nervous system depression in Neurological), Not drinking, Other abnormal test result NOS, Weight loss",1,1,
US-DEBIAHP-2012US02191,"<a target=""_blank""  href=""/xmlpserver/EVVET3 PW NEW/Subject Area Contents/Public Website/Report (PDF)/AER.xdo?_xpf=&_xpt=1&_params%2FOracle%20BI%20EE%3A%3ADefaultApp%3A%3AEVVET3%20PR%20NEW%2FAER%3A%3Adimension%2FAER%20Id%3A%3Aattribute%3A%3Anoaggr%3A%3Axsd%3Adouble=300091&_xt=AER&_xf=pdf""> AER </a>",2012-03-07 00:00:00,Veterinarian,United States,MALE,Dog,Spitz - German Pomeranian,"Metacam 0.5 mg/ml - Oral suspension (cats, guinea pigs), Metacam 0.5 mg/ml - Oral suspension (dogs), SYNULOX (200+50)MG/TAB ΔΙΣΚΙΟ, SYNULOX (40+10)MG/TAB ΔΙΣΚΙΟ, SYNULOX 140 mg/ml + 35 mg/ml suspensión inyectable, SYNULOX 200 mg/50 mg tablety pre psy a mačky, SYNULOX 200/50 mg COMPRIMIDOS APETITOSOS PARA PERROS, SYNULOX 250 COMPRIMES POUR CHIENS, SYNULOX 250 mg, SYNULOX 250 mg kramtomosios tabletės šunims ir katėms, SYNULOX 250 mg tablete za pse in mačke, SYNULOX 250mg, δισκία για σκύλους και γάτες, SYNULOX 40 mg/10 mg tablety pre psy a mačky, SYNULOX 40 mg/ml + 10 mg/ml POLVO PARA GOTAS ORALES EN SUSPENSION, SYNULOX 40/10 MG COMPRIMIDOS APETITOSOS PARA PERROS Y GATOS, SYNULOX 400 mg/100 mg tablety pre psy, SYNULOX 400/100 mg COMPRIMIDOS APETITOSOS PARA PERROS, SYNULOX 50 COMPRIMES POUR CHIENS ET CHATS, SYNULOX 50 mg, SYNULOX 50 mg kramtomosios tabletės šunims ir katėms, SYNULOX 50 mg tablete za pse in mačke, SYNULOX 500 COMPRIMES POUR CHIENS, SYNULOX 500 mg kramtomosios tabletės šunims, SYNULOX 500 mg tablete za pse, SYNULOX 500 mg, kramtomosios tabletės šunims, SYNULOX 500MG/TAB ΔΙΣΚΙΟ, SYNULOX 50mg, δισκία για σκύλους και γάτες, SYNULOX OGIVETTES POUR VEAUX, SYNULOX SUSPENSION INJECTABLE POUR BOVINS, SYNULOX VET 140 mg/ml injektioneste, suspensio koiralle, kissalle ja sialle, SYNULOX suspensão injetável para suínos, bovinos, cães e gatos, SYNULOX vet 200 mg/50 mg tabletti, koiralle ja kissalle, SYNULOX vet 40 mg/10 mg tabletti, koiralle ja kissalle, SYNULOX vet 400 mg/100 mg tabletti, koiralle, SYNULOX, 400/100mg, Tableta, Synulox 250 mg Comprimés Appétents, Synulox 250 mg Smakelijke tabletten, Synulox 250 mg tabletes suņiem un kaķiem, Synulox 250 mg, tabletid koertele ja kassidele, Synulox 250 mg, таблетки за кучета и котки, Synulox 250mg (200 mg/50 mg)  Tabletten für Hunde, Synulox 50 mg Comprimés Appétents, Synulox 50 mg Smakelijke Tabletten, Synulox 50 mg tabletes suņiem un kaķiem, Synulox 50 mg, tabletid koertele ja kassidele, Synulox 50 mg, таблетки за кучета и котки, Synulox 500 mg Bolus 400 mg - 100 mg Omhulde tablet, Synulox 500 mg Comprimés Appétents, Synulox 500 mg Smakelijke Tabletten, Synulox 500 mg tabletes suņiem, Synulox 500 mg, tabletid koertele, Synulox 500mg (400 mg/100 mg) Tabletten für Hunde, Synulox 50mg (40 mg/10 mg) Tabletten für Hunde und Katzen, Synulox Bolus 500 mg, 400 mg + 100 mg comprimés enrobés pour veaux, Synulox Lactating Cow Intramammary suspension., Synulox Tabletki 250 mg, Synulox Tabletki 250 mg (200+50) mg/tablete; tabletes suņiem, Synulox Tabletki 50 mg, Synulox Tabletki 50 mg (40+10) mg/ tablete; tabletes suņiem un kaķiem, Synulox Tabletki 500 mg, Synulox Vet. til hund og kat 200 + 50 mg tabletter, Synulox Vet. til hund og kat 40 + 10 mg tabletter, Synulox Vet. til hund tabletter 400 + 100 mg, Synulox Vet. til kalve 400 + 100 mg tabletter, Synulox comprimidos palatáveis 250 mg para cães e gatos, Synulox comprimidos palatáveis 50 mg para cães e gatos, Synulox comprimidos palatáveis 500 mg para cães, Synulox vet 40 mg/ml jauhe oraalisuspensiota varten koiralle ja kissalle, Synulox vet. 200 mg tabletter for hund og katt, Synulox vet. 200 mg/50 mg Tablett, Synulox vet. 40 mg tabletter for hund og katt, Synulox vet. 40 mg/10 mg Tablett, Synulox vet. 400 mg tabletter for hund, Synulox vet. 400 mg/100 mg Tablett, Synulox, 200/50mg, Tableta, Synulox, 40/10mg, Tableta, Synulox-Kalb 400 mg/100 mg Filmtabletten für Rinder (Kälber)",Vocalisation,1,1,
US-DEBIAHP-2012US02206,"<a target=""_blank""  href=""/xmlpserver/EVVET3 PW NEW/Subject Area Contents/Public Website/Report (PDF)/AER.xdo?_xpf=&_xpt=1&_params%2FOracle%20BI%20EE%3A%3ADefaultApp%3A%3AEVVET3%20PR%20NEW%2FAER%3A%3Adimension%2FAER%20Id%3A%3Aattribute%3A%3Anoaggr%3A%3Axsd%3Adouble=302682&_xt=AER&_xf=pdf""> AER </a>",2012-03-23 00:00:00,Animal owner,United States,MALE,Cat,Siamese,Metacam 1.5 mg/ml - Oral suspension (dogs),"Elevated blood urea nitrogen (BUN), Elevated creatinine, Haematemesis, Hyperglycaemia, Hyperphosphataemia, Other abnormal test result NOS, Renal disorder NOS",1,1,
US-DEBIAHP-2012US02216,"<a target=""_blank""  href=""/xmlpserver/EVVET3 PW NEW/Subject Area Contents/Public Website/Report (PDF)/AER.xdo?_xpf=&_xpt=1&_params%2FOracle%20BI%20EE%3A%3ADefaultApp%3A%3AEVVET3%20PR%20NEW%2FAER%3A%3Adimension%2FAER%20Id%3A%3Aattribute%3A%3Anoaggr%3A%3Axsd%3Adouble=300579&_xt=AER&_xf=pdf""> AER </a>",2012-03-09 00:00:00,Other health care professional,United States,FEMALE,Dog,Terrier - Boston,Metacam 1.5 mg/ml - Oral suspension (dogs),"Diarrhoea, Vomiting",1,1,
US-DEBIAHP-2012US02225,"<a target=""_blank""  href=""/xmlpserver/EVVET3 PW NEW/Subject Area Contents/Public Website/Report (PDF)/AER.xdo?_xpf=&_xpt=1&_params%2FOracle%20BI%20EE%3A%3ADefaultApp%3A%3AEVVET3%20PR%20NEW%2FAER%3A%3Adimension%2FAER%20Id%3A%3Aattribute%3A%3Anoaggr%3A%3Axsd%3Adouble=300608&_xt=AER&_xf=pdf""> AER </a>",2012-03-12 00:00:00,Veterinarian,United States,FEMALE,Dog,Terrier - West Highland White,"Fuxien vet 1000 mg/g inhalaatiohöyry, neste, ISOFLURANE-Vet 1000 mg/g liquido per inalazione per cani e gatti, ISOFLURIN 1000mg/g ΥΓΡΟ ΓΙΑ ΕΙΣΠΝΕΟΜΕΝΟΥΣ ΑΤΜΟΥΣ, Isoflurane 100% Inhalation Vapour, Liquid, Isoflurane 1000 mg/g Inhalation Vapour, liquid., MARAVET AMOXICILLIN, Metacam 1.5 mg/ml - Oral suspension (dogs), Metacam 5 mg/ml - Solution for injection (cats, dogs), Metacam 5 mg/ml - Solution for injection (cattle, pigs), Metacam 5 mg/ml - Solution for injection (dogs)","Anxiety, Breathing difficulty, Cough, Death by euthanasia, Decreased appetite, Disorientation, Elevated liver enzymes NOS, Elevated temperature, Falling, Lethargy (see also Central nervous system depression in Neurological), Other abnormal test result NOS, Unable to stand, Weakness",1,1,1
US-DEBIAHP-2012US02234,"<a target=""_blank""  href=""/xmlpserver/EVVET3 PW NEW/Subject Area Contents/Public Website/Report (PDF)/AER.xdo?_xpf=&_xpt=1&_params%2FOracle%20BI%20EE%3A%3ADefaultApp%3A%3AEVVET3%20PR%20NEW%2FAER%3A%3Adimension%2FAER%20Id%3A%3Aattribute%3A%3Anoaggr%3A%3Axsd%3Adouble=300533&_xt=AER&_xf=pdf""> AER </a>",2012-03-12 00:00:00,Animal owner,United States,MALE,Cat,Cat (other),"Metacam 5 mg/ml - Solution for injection (cats, dogs), Metacam 5 mg/ml - Solution for injection (cattle, pigs), Metacam 5 mg/ml - Solution for injection (dogs)","Death, Open mouth breathing",1,1,
US-DEBIAHP-2012US02249,"<a target=""_blank""  href=""/xmlpserver/EVVET3 PW NEW/Subject Area Contents/Public Website/Report (PDF)/AER.xdo?_xpf=&_xpt=1&_params%2FOracle%20BI%20EE%3A%3ADefaultApp%3A%3AEVVET3%20PR%20NEW%2FAER%3A%3Adimension%2FAER%20Id%3A%3Aattribute%3A%3Anoaggr%3A%3Axsd%3Adouble=300607&_xt=AER&_xf=pdf""> AER </a>",2012-03-12 00:00:00,Animal owner,United States,FEMALE,Dog,Shih Tzu,Metacam 1.5 mg/ml - Oral suspension (dogs),"Bloody diarrhoea, Diarrhoea",1,1,
US-DEBIAHP-2012US02250,"<a target=""_blank""  href=""/xmlpserver/EVVET3 PW NEW/Subject Area Contents/Public Website/Report (PDF)/AER.xdo?_xpf=&_xpt=1&_params%2FOracle%20BI%20EE%3A%3ADefaultApp%3A%3AEVVET3%20PR%20NEW%2FAER%3A%3Adimension%2FAER%20Id%3A%3Aattribute%3A%3Anoaggr%3A%3Axsd%3Adouble=300828&_xt=AER&_xf=pdf""> AER </a>",2012-03-13 00:00:00,Other health care professional,United States,FEMALE,Human,Unknown,"Metacam 0.5 mg/ml - Oral suspension (cats, guinea pigs), Metacam 0.5 mg/ml - Oral suspension (dogs)","Eye irritation, Eye pain",1,1,
US-DEBIAHP-2012US02292,"<a target=""_blank""  href=""/xmlpserver/EVVET3 PW NEW/Subject Area Contents/Public Website/Report (PDF)/AER.xdo?_xpf=&_xpt=1&_params%2FOracle%20BI%20EE%3A%3ADefaultApp%3A%3AEVVET3%20PR%20NEW%2FAER%3A%3Adimension%2FAER%20Id%3A%3Aattribute%3A%3Anoaggr%3A%3Axsd%3Adouble=300602&_xt=AER&_xf=pdf""> AER </a>",2012-03-12 00:00:00,Veterinarian,United States,FEMALE,Dog,Collie - Border,Metacam 1.5 mg/ml - Oral suspension (dogs),"Elevated blood urea nitrogen (BUN), Elevated creatinine",1,1,
US-DEBIAHP-2012US02447,"<a target=""_blank""  href=""/xmlpserver/EVVET3 PW NEW/Subject Area Contents/Public Website/Report (PDF)/AER.xdo?_xpf=&_xpt=1&_params%2FOracle%20BI%20EE%3A%3ADefaultApp%3A%3AEVVET3%20PR%20NEW%2FAER%3A%3Adimension%2FAER%20Id%3A%3Aattribute%3A%3Anoaggr%3A%3Axsd%3Adouble=308203&_xt=AER&_xf=pdf""> AER </a>",2012-05-01 00:00:00,Other health care professional,United States,FEMALE,Dog,Retriever - Golden,"ADEQUAN IM 500 MG/5 ML SOLUTION FOR INJECTION, Adequan, Adequan 100 mg/ml Solution for Injection, Adequan 250 mg/ml Solution for Injection, Metacam 1.5 mg/ml - Oral suspension (dogs)","Decreased appetite, Elevated blood urea nitrogen (BUN), Lethargy (see also Central nervous system depression in Neurological), Vomiting",1,1,
US-DEBIAHP-2012US02461,"<a target=""_blank""  href=""/xmlpserver/EVVET3 PW NEW/Subject Area Contents/Public Website/Report (PDF)/AER.xdo?_xpf=&_xpt=1&_params%2FOracle%20BI%20EE%3A%3ADefaultApp%3A%3AEVVET3%20PR%20NEW%2FAER%3A%3Adimension%2FAER%20Id%3A%3Aattribute%3A%3Anoaggr%3A%3Axsd%3Adouble=300919&_xt=AER&_xf=pdf""> AER </a>",2012-03-14 00:00:00,Veterinarian,United States,FEMALE,Dog,Terrier - Yorkshire,"ACEPROMAZINE 10%/AGROSEED CANDILIDIS ενέσιμο διάλυμα 10 mg/ml για σκύλο και γάτα, Metacam 1.5 mg/ml - Oral suspension (dogs), Metacam 5 mg/ml - Solution for injection (cats, dogs), Metacam 5 mg/ml - Solution for injection (cattle, pigs), Metacam 5 mg/ml - Solution for injection (dogs), Tramadog 50 mg tablet for dogs","Inappropriate defecation, Lethargy (see also Central nervous system depression in Neurological)",1,1,
US-DEBIAHP-2012US02470,"<a target=""_blank""  href=""/xmlpserver/EVVET3 PW NEW/Subject Area Contents/Public Website/Report (PDF)/AER.xdo?_xpf=&_xpt=1&_params%2FOracle%20BI%20EE%3A%3ADefaultApp%3A%3AEVVET3%20PR%20NEW%2FAER%3A%3Adimension%2FAER%20Id%3A%3Aattribute%3A%3Anoaggr%3A%3Axsd%3Adouble=303819&_xt=AER&_xf=pdf""> AER </a>",2012-04-04 00:00:00,Veterinarian,United States,MALE,Dog,Boxer (German Boxer),"Fuxien vet 1000 mg/g inhalaatiohöyry, neste, ISOFLURANE-Vet 1000 mg/g liquido per inalazione per cani e gatti, ISOFLURIN 1000mg/g ΥΓΡΟ ΓΙΑ ΕΙΣΠΝΕΟΜΕΝΟΥΣ ΑΤΜΟΥΣ, Isoflurane 100% Inhalation Vapour, Liquid, Isoflurane 1000 mg/g Inhalation Vapour, liquid., Ketamin 10 % šķīdums injekcijām suņiem un kaķiem, Ketamin 10%, Ketamin 100 mg/ml, Ketamine 10% oplossing voor injectie voor honden en katten, Ketamine 10% pro inj., oplossing voor injectie voor honden en katten, Ketamine 10% šķīdums injekcijām suņiem un kaķiem, Ketamine 10%, oplossing voor injectie voor honden en katten, Metacam 5 mg/ml - Solution for injection (cats, dogs), Metacam 5 mg/ml - Solution for injection (cattle, pigs), Metacam 5 mg/ml - Solution for injection (dogs), Proin 15 mg chewable tablets for dogs, Proin 50 mg chewable tablets for dogs, КЕТАМИН 10 %","Decreased appetite, Decreased urine concentration, Elevated blood urea nitrogen (BUN), Elevated creatinine, Other abnormal test result NOS, Vomiting",1,1,
US-DEBIAHP-2012US02474,"<a target=""_blank""  href=""/xmlpserver/EVVET3 PW NEW/Subject Area Contents/Public Website/Report (PDF)/AER.xdo?_xpf=&_xpt=1&_params%2FOracle%20BI%20EE%3A%3ADefaultApp%3A%3AEVVET3%20PR%20NEW%2FAER%3A%3Adimension%2FAER%20Id%3A%3Aattribute%3A%3Anoaggr%3A%3Axsd%3Adouble=301148&_xt=AER&_xf=pdf""> AER </a>",2012-03-15 00:00:00,Veterinarian,United States,FEMALE,Dog,Poodle - Toy,"Metacam 0.5 mg/ml - Oral suspension (cats, guinea pigs), Metacam 0.5 mg/ml - Oral suspension (dogs)","Bruising, Elevated liver enzymes NOS, Regenerative anaemia",1,1,
US-DEBIAHP-2012US02490,"<a target=""_blank""  href=""/xmlpserver/EVVET3 PW NEW/Subject Area Contents/Public Website/Report (PDF)/AER.xdo?_xpf=&_xpt=1&_params%2FOracle%20BI%20EE%3A%3ADefaultApp%3A%3AEVVET3%20PR%20NEW%2FAER%3A%3Adimension%2FAER%20Id%3A%3Aattribute%3A%3Anoaggr%3A%3Axsd%3Adouble=305523&_xt=AER&_xf=pdf""> AER </a>",2012-04-13 00:00:00,Animal owner,United States,FEMALE,Cat,Cat (other),"ACEPROMAZINE 10%/AGROSEED CANDILIDIS ενέσιμο διάλυμα 10 mg/ml για σκύλο και γάτα, Metacam 0.5 mg/ml - Oral suspension (cats, guinea pigs), Metacam 0.5 mg/ml - Oral suspension (dogs), Metacam 5 mg/ml - Solution for injection (cats, dogs), Metacam 5 mg/ml - Solution for injection (cattle, pigs), Metacam 5 mg/ml - Solution for injection (dogs)","Acute renal failure, Behavioural disorder NOS, Emesis, Impaired vision, Lethargy (see also Central nervous system depression in Neurological), Other abnormal test result NOS",1,1,
US-DEBIAHP-2012US02540,"<a target=""_blank""  href=""/xmlpserver/EVVET3 PW NEW/Subject Area Contents/Public Website/Report (PDF)/AER.xdo?_xpf=&_xpt=1&_params%2FOracle%20BI%20EE%3A%3ADefaultApp%3A%3AEVVET3%20PR%20NEW%2FAER%3A%3Adimension%2FAER%20Id%3A%3Aattribute%3A%3Anoaggr%3A%3Axsd%3Adouble=301769&_xt=AER&_xf=pdf""> AER </a>",2012-03-19 00:00:00,Veterinarian,United States,MALE,Dog,Boxer (German Boxer),"DFV DOXIVET 200 mg/ml, solution for use in drinking water for pigs and chickens, DFV DOXIVET 500 mg/g, powder for use in drinking water for pigs and chickens, Doxycycline 100 mg tablet, voor honden en katten, Doxycycline 15 mg tabletten voor honden en katten, Doxycycline 20% W.O., Doxycycline 20% W.O. poeder voor toediening via drinkwater voor vleeskuikens, Doxycycline 50% WSP, 500 mg/g, prašak za primjenu u vodi za piće/mliječnoj zamjenici, za goveda, svinje i kokoši, Doxycycline 500 mg/kg, poeder voor gebruik in drinkwater voor varken en kip, Doxycycline 75 mg tabletten voor honden, Doxycycline tabletten 20 mg voor honden en katten, Metacam 1.5 mg/ml - Oral suspension (dogs), Доксициклин 20% водоразтворим прах, Доксициклин 200 водоразтворим прах","Blepharospasm, Blood in urine, Elevated serum alkaline phosphatase (ALP), Other abnormal test result NOS, Seizure NOS",1,1,
US-DEBIAHP-2012US02542,"<a target=""_blank""  href=""/xmlpserver/EVVET3 PW NEW/Subject Area Contents/Public Website/Report (PDF)/AER.xdo?_xpf=&_xpt=1&_params%2FOracle%20BI%20EE%3A%3ADefaultApp%3A%3AEVVET3%20PR%20NEW%2FAER%3A%3Adimension%2FAER%20Id%3A%3Aattribute%3A%3Anoaggr%3A%3Axsd%3Adouble=301149&_xt=AER&_xf=pdf""> AER </a>",2012-03-15 00:00:00,Other health care professional,United States,MALE,Dog,Dog (other),Metacam 1.5 mg/ml - Oral suspension (dogs),Vomiting,1,1,
US-DEBIAHP-2012US02574,"<a target=""_blank""  href=""/xmlpserver/EVVET3 PW NEW/Subject Area Contents/Public Website/Report (PDF)/AER.xdo?_xpf=&_xpt=1&_params%2FOracle%20BI%20EE%3A%3ADefaultApp%3A%3AEVVET3%20PR%20NEW%2FAER%3A%3Adimension%2FAER%20Id%3A%3Aattribute%3A%3Anoaggr%3A%3Axsd%3Adouble=301761&_xt=AER&_xf=pdf""> AER </a>",2012-03-19 00:00:00,Veterinarian,United States,FEMALE,Dog,Retriever - Labrador,"ADEQUAN IM 500 MG/5 ML SOLUTION FOR INJECTION, Adequan, Adequan 100 mg/ml Solution for Injection, Adequan 250 mg/ml Solution for Injection, Metacam 1.5 mg/ml - Oral suspension (dogs)","Abdominal pain, Anaemia NOS, Anorexia, Dehydration, Other abnormal test result NOS, Thrombocytopenia, Uncoded sign, Vomiting",1,1,
US-DEBIAHP-2012US02621,"<a target=""_blank""  href=""/xmlpserver/EVVET3 PW NEW/Subject Area Contents/Public Website/Report (PDF)/AER.xdo?_xpf=&_xpt=1&_params%2FOracle%20BI%20EE%3A%3ADefaultApp%3A%3AEVVET3%20PR%20NEW%2FAER%3A%3Adimension%2FAER%20Id%3A%3Aattribute%3A%3Anoaggr%3A%3Axsd%3Adouble=301777&_xt=AER&_xf=pdf""> AER </a>",2012-03-19 00:00:00,Veterinarian,United States,MALE,Cat,Cat (other),"Metacam 5 mg/ml - Solution for injection (cats, dogs), Metacam 5 mg/ml - Solution for injection (cattle, pigs), Metacam 5 mg/ml - Solution for injection (dogs)","Elevated blood urea nitrogen (BUN), Elevated creatinine, Lethargy (see also Central nervous system depression in Neurological), Vomiting",1,1,
US-DEBIAHP-2012US02651,"<a target=""_blank""  href=""/xmlpserver/EVVET3 PW NEW/Subject Area Contents/Public Website/Report (PDF)/AER.xdo?_xpf=&_xpt=1&_params%2FOracle%20BI%20EE%3A%3ADefaultApp%3A%3AEVVET3%20PR%20NEW%2FAER%3A%3Adimension%2FAER%20Id%3A%3Aattribute%3A%3Anoaggr%3A%3Axsd%3Adouble=301775&_xt=AER&_xf=pdf""> AER </a>",2012-03-19 00:00:00,Veterinarian,United States,MALE,Dog,Terrier - Yorkshire,Metacam 1.5 mg/ml - Oral suspension (dogs),"Melaena, Not eating, Vomiting",1,1,
US-DEBIAHP-2012US02720,"<a target=""_blank""  href=""/xmlpserver/EVVET3 PW NEW/Subject Area Contents/Public Website/Report (PDF)/AER.xdo?_xpf=&_xpt=1&_params%2FOracle%20BI%20EE%3A%3ADefaultApp%3A%3AEVVET3%20PR%20NEW%2FAER%3A%3Adimension%2FAER%20Id%3A%3Aattribute%3A%3Anoaggr%3A%3Axsd%3Adouble=301981&_xt=AER&_xf=pdf""> AER </a>",2012-03-21 00:00:00,Animal owner,United States,FEMALE,Dog,Spitz - German Pomeranian,"CLINDAMYCIN 75 mg tablety, Clindamycin 75mg, Clindamycin, 75mg, Tableta, Metacam 1.5 mg/ml - Oral suspension (dogs)",Death,1,1,
US-DEBIAHP-2012US02725,"<a target=""_blank""  href=""/xmlpserver/EVVET3 PW NEW/Subject Area Contents/Public Website/Report (PDF)/AER.xdo?_xpf=&_xpt=1&_params%2FOracle%20BI%20EE%3A%3ADefaultApp%3A%3AEVVET3%20PR%20NEW%2FAER%3A%3Adimension%2FAER%20Id%3A%3Aattribute%3A%3Anoaggr%3A%3Axsd%3Adouble=305603&_xt=AER&_xf=pdf""> AER </a>",2012-04-13 00:00:00,Animal owner,United States,FEMALE,Dog,Sheepdog - Shetland,Metacam 1.5 mg/ml - Oral suspension (dogs),"Bloody diarrhoea, Dehydration, Diarrhoea, Elevated renal parameters, Inappropriate urination, Lethargy (see also Central nervous system depression in Neurological), Not eating, Polydipsia, Weight loss",1,1,
US-DEBIAHP-2012US02745,"<a target=""_blank""  href=""/xmlpserver/EVVET3 PW NEW/Subject Area Contents/Public Website/Report (PDF)/AER.xdo?_xpf=&_xpt=1&_params%2FOracle%20BI%20EE%3A%3ADefaultApp%3A%3AEVVET3%20PR%20NEW%2FAER%3A%3Adimension%2FAER%20Id%3A%3Aattribute%3A%3Anoaggr%3A%3Axsd%3Adouble=302379&_xt=AER&_xf=pdf""> AER </a>",2012-03-22 00:00:00,Other health care professional,United States,FEMALE,Human,Unknown,Metacam 1.5 mg/ml - Oral suspension (dogs),Eye irritation,1,1,
US-DEBIAHP-2012US02836,"<a target=""_blank""  href=""/xmlpserver/EVVET3 PW NEW/Subject Area Contents/Public Website/Report (PDF)/AER.xdo?_xpf=&_xpt=1&_params%2FOracle%20BI%20EE%3A%3ADefaultApp%3A%3AEVVET3%20PR%20NEW%2FAER%3A%3Adimension%2FAER%20Id%3A%3Aattribute%3A%3Anoaggr%3A%3Axsd%3Adouble=302893&_xt=AER&_xf=pdf""> AER </a>",2012-03-27 00:00:00,Veterinarian,United States,MALE,Dog,Retriever - Labrador,"Ketamin 10 % šķīdums injekcijām suņiem un kaķiem, Ketamin 10%, Ketamin 100 mg/ml, Ketamine 10% oplossing voor injectie voor honden en katten, Ketamine 10% pro inj., oplossing voor injectie voor honden en katten, Ketamine 10% šķīdums injekcijām suņiem un kaķiem, Ketamine 10%, oplossing voor injectie voor honden en katten, Metacam 1.5 mg/ml - Oral suspension (dogs), Metacam 5 mg/ml - Solution for injection (cats, dogs), Metacam 5 mg/ml - Solution for injection (cattle, pigs), Metacam 5 mg/ml - Solution for injection (dogs), RABISIN SUSPENSION INJECTABLE, RABISIN injekčná suspenzia, RABISIN suspenzija za injiciranje, RABISIN vet, injeksjonsvæske, suspensjon Vaksine mot rabies til dyr (inaktivert), RABISIN, Injekční suspenze, RABISIN, injekcinė suspensija, RABISIN, sospensione iniettabile per cani, gatti, equini, bovini, ovini, RABISIN, suspensie injectabilă, RABISIN, ενέσιμο εναιώρημα, RABISIN, ≥ 2,09 log10 OD50 i ≥ 1 I.J., suspenzija za injekciju za pse, mačke, pitome vretice, konje, govedo i ovce, Rabisin, Rabisin  Suspensie voor injectie, Rabisin Glikoproteiny wirusa wścieklizny nie mniej niż 1IU Zawiesina do wstrzykiwań, Rabisin Injektionssuspension für Hunde, Katzen, Marderartige, Pferde, Rinder und Schafe, Rabisin Vet. injektionsvæske, suspension, Rabisin suspensija injekcijām liellopiem, zirgiem, aitām, suņiem, kaķiem un mājas seskiem, Rabisin suspension injectable, Rabisin suspensão injectável, Rabisin vakcina A.U.V., Rabisin vet injektioneste, suspensio, Rabisin vet.  Injektionsvätska, suspension, Rabisin, Injektionssuspension für Hunde, Katzen, Marderartige, Pferde, Rinder und Schafe, Rabisin, suspensie voor injectie voor hond, kat en rund, Rabisin, süstesuspensioon, Xylazine 2 %, injectable solution, Xylazine 2 %, injekcinis tirpalas galvijams, arkliams, katėms ir šunims, Xylazine 2% 20 mg/ml šķīdums injekcijām liellopiem, zirgiem, aitām, suņiem, kaķiem, Xylazine 2%, süstelahus, Xylazine 20 mg/mL,  otopina za injekciju za konje, goveda, pse i mačke, Xylazine 500 mg 100%, poeder voor oplossing voor parenteraal gebruik, КЕТАМИН 10 %, РАБИЗИН",Cough,1,1,
US-DEBIAHP-2012US02854,"<a target=""_blank""  href=""/xmlpserver/EVVET3 PW NEW/Subject Area Contents/Public Website/Report (PDF)/AER.xdo?_xpf=&_xpt=1&_params%2FOracle%20BI%20EE%3A%3ADefaultApp%3A%3AEVVET3%20PR%20NEW%2FAER%3A%3Adimension%2FAER%20Id%3A%3Aattribute%3A%3Anoaggr%3A%3Axsd%3Adouble=302895&_xt=AER&_xf=pdf""> AER </a>",2012-03-27 00:00:00,Veterinarian,United States,MALE,Dog,Terrier - Yorkshire,Metacam 1.5 mg/ml - Oral suspension (dogs),"Death by euthanasia, Elevated blood urea nitrogen (BUN), Elevated creatinine, Hyperphosphataemia, Inappetence",1,1,1
US-DEBIAHP-2012US02863,"<a target=""_blank""  href=""/xmlpserver/EVVET3 PW NEW/Subject Area Contents/Public Website/Report (PDF)/AER.xdo?_xpf=&_xpt=1&_params%2FOracle%20BI%20EE%3A%3ADefaultApp%3A%3AEVVET3%20PR%20NEW%2FAER%3A%3Adimension%2FAER%20Id%3A%3Aattribute%3A%3Anoaggr%3A%3Axsd%3Adouble=302093&_xt=AER&_xf=pdf""> AER </a>",2012-03-21 00:00:00,Veterinarian,United States,MALE,Cat,Cat (other),"Metacam 1.5 mg/ml - Oral suspension (dogs), Metacam 5 mg/ml - Solution for injection (cats, dogs), Metacam 5 mg/ml - Solution for injection (cattle, pigs), Metacam 5 mg/ml - Solution for injection (dogs)","Lethargy (see also Central nervous system depression in Neurological), Renal failure, Weight loss",1,1,
US-DEBIAHP-2012US02878,"<a target=""_blank""  href=""/xmlpserver/EVVET3 PW NEW/Subject Area Contents/Public Website/Report (PDF)/AER.xdo?_xpf=&_xpt=1&_params%2FOracle%20BI%20EE%3A%3ADefaultApp%3A%3AEVVET3%20PR%20NEW%2FAER%3A%3Adimension%2FAER%20Id%3A%3Aattribute%3A%3Anoaggr%3A%3Axsd%3Adouble=302982&_xt=AER&_xf=pdf""> AER </a>",2012-03-27 00:00:00,Animal owner,United States,UNKNOWN,Dog,Dog (other),Metacam 1.5 mg/ml - Oral suspension (dogs),Appetite disorder NOS,1,1,
US-DEBIAHP-2012US02895,"<a target=""_blank""  href=""/xmlpserver/EVVET3 PW NEW/Subject Area Contents/Public Website/Report (PDF)/AER.xdo?_xpf=&_xpt=1&_params%2FOracle%20BI%20EE%3A%3ADefaultApp%3A%3AEVVET3%20PR%20NEW%2FAER%3A%3Adimension%2FAER%20Id%3A%3Aattribute%3A%3Anoaggr%3A%3Axsd%3Adouble=302894&_xt=AER&_xf=pdf""> AER </a>",2012-03-27 00:00:00,Veterinarian,United States,FEMALE,Cat,Cat (other),"Metacam 0.5 mg/ml - Oral suspension (cats, guinea pigs), Metacam 0.5 mg/ml - Oral suspension (dogs)","Injection site abscess, Injection site lump, Injection site necrosis",1,1,
US-DEBIAHP-2012US02903,"<a target=""_blank""  href=""/xmlpserver/EVVET3 PW NEW/Subject Area Contents/Public Website/Report (PDF)/AER.xdo?_xpf=&_xpt=1&_params%2FOracle%20BI%20EE%3A%3ADefaultApp%3A%3AEVVET3%20PR%20NEW%2FAER%3A%3Adimension%2FAER%20Id%3A%3Aattribute%3A%3Anoaggr%3A%3Axsd%3Adouble=314325&_xt=AER&_xf=pdf""> AER </a>",2012-06-12 00:00:00,Veterinarian,United States,MALE,Cat,Cat (other),"Metacam 0.5 mg/ml - Oral suspension (cats, guinea pigs), Metacam 0.5 mg/ml - Oral suspension (dogs)","Anorexia, Death by euthanasia, Injection site lump, Injection site sarcoma",1,1,1
US-DEBIAHP-2012US02911,"<a target=""_blank""  href=""/xmlpserver/EVVET3 PW NEW/Subject Area Contents/Public Website/Report (PDF)/AER.xdo?_xpf=&_xpt=1&_params%2FOracle%20BI%20EE%3A%3ADefaultApp%3A%3AEVVET3%20PR%20NEW%2FAER%3A%3Adimension%2FAER%20Id%3A%3Aattribute%3A%3Anoaggr%3A%3Axsd%3Adouble=302896&_xt=AER&_xf=pdf""> AER </a>",2012-03-27 00:00:00,Veterinarian,United States,FEMALE,Cat,Cat (other),"Metacam 0.5 mg/ml - Oral suspension (cats, guinea pigs), Metacam 0.5 mg/ml - Oral suspension (dogs)",Injection site sarcoma,1,1,
US-DEBIAHP-2012US03003,"<a target=""_blank""  href=""/xmlpserver/EVVET3 PW NEW/Subject Area Contents/Public Website/Report (PDF)/AER.xdo?_xpf=&_xpt=1&_params%2FOracle%20BI%20EE%3A%3ADefaultApp%3A%3AEVVET3%20PR%20NEW%2FAER%3A%3Adimension%2FAER%20Id%3A%3Aattribute%3A%3Anoaggr%3A%3Axsd%3Adouble=302725&_xt=AER&_xf=pdf""> AER </a>",2012-03-26 00:00:00,Veterinarian,United States,UNKNOWN,Cat,Cat (other),Metacam 1.5 mg/ml - Oral suspension (dogs),"Anorexia, Death by euthanasia, Liver failure",1,1,1
US-DEBIAHP-2012US03012,"<a target=""_blank""  href=""/xmlpserver/EVVET3 PW NEW/Subject Area Contents/Public Website/Report (PDF)/AER.xdo?_xpf=&_xpt=1&_params%2FOracle%20BI%20EE%3A%3ADefaultApp%3A%3AEVVET3%20PR%20NEW%2FAER%3A%3Adimension%2FAER%20Id%3A%3Aattribute%3A%3Anoaggr%3A%3Axsd%3Adouble=303362&_xt=AER&_xf=pdf""> AER </a>",2012-03-30 00:00:00,Veterinarian,United States,FEMALE,Cat,Cat (other),"Metacam 5 mg/ml - Solution for injection (cats, dogs), Metacam 5 mg/ml - Solution for injection (cattle, pigs), Metacam 5 mg/ml - Solution for injection (dogs)","Acute renal failure, Blood in urine, Dehydration, Elevated blood urea nitrogen (BUN), Elevated creatinine, Hyperphosphataemia, Other abnormal test result NOS, Proteinuria, Vomiting",1,1,
US-DEBIAHP-2012US03031,"<a target=""_blank""  href=""/xmlpserver/EVVET3 PW NEW/Subject Area Contents/Public Website/Report (PDF)/AER.xdo?_xpf=&_xpt=1&_params%2FOracle%20BI%20EE%3A%3ADefaultApp%3A%3AEVVET3%20PR%20NEW%2FAER%3A%3Adimension%2FAER%20Id%3A%3Aattribute%3A%3Anoaggr%3A%3Axsd%3Adouble=303112&_xt=AER&_xf=pdf""> AER </a>",2012-03-29 00:00:00,Veterinarian,United States,MALE,Cat,Cat (other),Metacam 1.5 mg/ml - Oral suspension (dogs),"Ataxia, Death by euthanasia, Decreased urine concentration, Disorientation, Other abnormal test result NOS, Renal failure, Vomiting, Weight loss",1,1,1
US-DEBIAHP-2012US03040,"<a target=""_blank""  href=""/xmlpserver/EVVET3 PW NEW/Subject Area Contents/Public Website/Report (PDF)/AER.xdo?_xpf=&_xpt=1&_params%2FOracle%20BI%20EE%3A%3ADefaultApp%3A%3AEVVET3%20PR%20NEW%2FAER%3A%3Adimension%2FAER%20Id%3A%3Aattribute%3A%3Anoaggr%3A%3Axsd%3Adouble=303346&_xt=AER&_xf=pdf""> AER </a>",2012-03-30 00:00:00,Other health care professional,United States,FEMALE,Dog,Shepherd Dog - Australian,Metacam 1.5 mg/ml - Oral suspension (dogs),"Decreased urine concentration, Oral bleeding, Other abnormal test result NOS, Polydipsia, Polyuria, Weight loss",1,1,
US-DEBIAHP-2012US03129,"<a target=""_blank""  href=""/xmlpserver/EVVET3 PW NEW/Subject Area Contents/Public Website/Report (PDF)/AER.xdo?_xpf=&_xpt=1&_params%2FOracle%20BI%20EE%3A%3ADefaultApp%3A%3AEVVET3%20PR%20NEW%2FAER%3A%3Adimension%2FAER%20Id%3A%3Aattribute%3A%3Anoaggr%3A%3Axsd%3Adouble=302944&_xt=AER&_xf=pdf""> AER </a>",2012-03-28 00:00:00,Veterinarian,United States,UNKNOWN,Dog,Dog (other),"Metacam 0.5 mg/ml - Oral suspension (cats, guinea pigs), Metacam 0.5 mg/ml - Oral suspension (dogs)","Bloody diarrhoea, Vomiting",1,1,
US-DEBIAHP-2012US03135,"<a target=""_blank""  href=""/xmlpserver/EVVET3 PW NEW/Subject Area Contents/Public Website/Report (PDF)/AER.xdo?_xpf=&_xpt=1&_params%2FOracle%20BI%20EE%3A%3ADefaultApp%3A%3AEVVET3%20PR%20NEW%2FAER%3A%3Adimension%2FAER%20Id%3A%3Aattribute%3A%3Anoaggr%3A%3Axsd%3Adouble=303347&_xt=AER&_xf=pdf""> AER </a>",2012-03-30 00:00:00,Other health care professional,United States,FEMALE,Dog,Bichon Frise,"BAYTRIL 0,5% W/V ΠΟΣΙΜΟ ΔΙΑΛΥΜΑ, BAYTRIL 0,5% πόσιμο διάλυμα ενροφλοξακίνης για ορνίθια και γαλοπούλες, BAYTRIL 10 % SOLUTION BUVABLE, BAYTRIL 10 % SOLUTION INJECTABLE, BAYTRIL 10% W/V ΠΟΣΙΜΟ ΔΙΑΛΥΜΑ, BAYTRIL 100 mg/ml - soluţie orală, BAYTRIL 100 mg/ml SOLUCION INYECTABLE, BAYTRIL 100 mg/ml soluție injectabilă, BAYTRIL 15 mg δισκία για γάτες και σκύλους, BAYTRIL 150 mg δισκία για γάτες και σκύλους, BAYTRIL 2,5 % SOLUTION BUVABLE, BAYTRIL 2,5 % SOLUTION INJECTABLE, BAYTRIL 2,5% W/V ΕΝΕΣΙΜΟ ΔΙΑΛΥΜΑ, BAYTRIL 2,5% W/V ΠΟΣΙΜΟ ΔΙΑΛΥΜΑ, BAYTRIL 25 mg/ml SOLUCION INYECTABLE, BAYTRIL 25 mg/ml SOLUCION ORAL, BAYTRIL 5 % SOLUTION INJECTABLE, BAYTRIL 5 mg/ml SOLUCION ORAL, BAYTRIL 50 mg δισκία για γάτες και σκύλους, BAYTRIL 50 mg/ml SOLUCION INYECTABLE, BAYTRIL 50mg/ml ενέσιμο διάλυμα, BAYTRIL, 25mg/ml, Injekční roztok, BAYTRIL, 5% ενέσιμο διάλυμα για μόσχους, χοίρους, πρόβατα, αίγες, σκύλους και γάτες, BAYTRIL, 50mg/ml, Injekční roztok, Baytril  100 mg/ml Oplossing voor injectie, Baytril  100 mg/ml Solution injectable, Baytril - Das Original - 100 mg/ml Injektionslösung, Baytril - Das Original - 25 mg/ml Injektionslösung, Baytril - Das Original - 50 mg/ml Injektionslösung, Baytril 0,5 % solução oral para leitões, Baytril 0,5%, Baytril 10 % solução oral, Baytril 10%, Baytril 10% O.L., Baytril 10% Oral Solution, Baytril 100 mg/mL, otopina za injekciju, za goveda, ovce, koze i svinje, Baytril 100 mg/mL, otopina za primjenu u vodi za piće, za kokoši, purane i kuniće, Baytril 100 mg/ml - Injektionslösung für Tiere, Baytril 100 mg/ml - Lösung zum Eingeben für Hühner, Puten und Kaninchen, Baytril 100 mg/ml Oplossing voor gebruik in drinkwater, Baytril 100 mg/ml Solution buvable, Baytril 100 mg/ml Solution for Injection, Baytril 100 mg/ml koncentrat za peroralno raztopino za piščance, purane in kunce, Baytril 100 mg/ml oldat ivóvízbe keveréshez A.U.V., Baytril 100 mg/ml oplossing voor gebruik in drinkwater voor kippen, kalkoenen en konijnen, Baytril 100 mg/ml oplossing voor injectie, Baytril 100 mg/ml raztopina za injiciranje, Baytril 100 mg/ml solution for injection, Baytril 100 mg/ml soluzione iniettabile, Baytril 100 mg/ml solução injetável, Baytril 150 mg tabletta A.U.V., Baytril 2,5%, 25 mg/mL, otopina za injekciju za pse, mačke, prasad, kuniće, glodavce, gmazove i ukrasne ptice, Baytril 25 mg/ml - Injektionslösung für Tiere, Baytril 25 mg/ml - Lösung zum Eingeben für Kälber und Lämmer, Baytril 25 mg/ml Lösung zum Eingeben für Rinder (Kälber), Baytril 25 mg/ml Oplossing voor injectie, Baytril 25 mg/ml Oral Solution, Baytril 25 mg/ml Solution injectable, Baytril 25 mg/ml injekčný roztok, Baytril 25 mg/ml oldatos injekció A.U.V., Baytril 25 mg/ml oplossing voor injectie, Baytril 25 mg/ml roztwór do wstrzykiwań, Baytril 25 mg/ml solution for injection, Baytril 25 mg/ml soluzione iniettabile, Baytril 25 mg/ml soluzione iniettabile per cani, gatti, roditori e conigli da compagnia, rettili e uccelli ornamentali, Baytril 25 mg/ml soluzione orale per vitelli, ovini, caprini, suini, Baytril 25 mg/ml solução injetável, Baytril 5 mg/ml - Lösung zum Eingeben für Schweine, Baytril 5 mg/ml belsőleges oldat sertések részére A.U.V., Baytril 50 mg tabletta A.U.V., Baytril 50 mg/mL, otopina za injekciju, za telad, ovce, koze, svinje, pse i mačke, Baytril 50 mg/ml - Injektionslösung für Tiere, Baytril 50 mg/ml Oplossing voor injectie, Baytril 50 mg/ml Solution for Injection, Baytril 50 mg/ml Solution injectable, Baytril 50 mg/ml injekčný roztok, Baytril 50 mg/ml oldatos injekció A.U.V., Baytril 50 mg/ml oplossing voor injectie, Baytril 50 mg/ml raztopina za injiciranje, Baytril 50 mg/ml soluzione iniettabile, Baytril 50 mg/ml solução injetável, Baytril 50 mg/ml soluție injectabilă, Baytril Direct 100 mg/ml Injektionslösung für Rinder und Schweine, Baytril Piglet Doser 0.5% Oral Solution, Baytril Vet. 100 mg/ml injektionsvæske, opløsning, Baytril Vet. 150 mg tabletter, Baytril Vet. 25 mg/ml oral opløsning, Baytril Vet. 50 mg tabletter, Baytril Vet. 50 mg/ml i",Vomiting,1,1,
US-DEBIAHP-2012US03137,"<a target=""_blank""  href=""/xmlpserver/EVVET3 PW NEW/Subject Area Contents/Public Website/Report (PDF)/AER.xdo?_xpf=&_xpt=1&_params%2FOracle%20BI%20EE%3A%3ADefaultApp%3A%3AEVVET3%20PR%20NEW%2FAER%3A%3Adimension%2FAER%20Id%3A%3Aattribute%3A%3Anoaggr%3A%3Axsd%3Adouble=303310&_xt=AER&_xf=pdf""> AER </a>",2012-03-28 00:00:00,Veterinarian,United States,MALE,Dog,Spitz - German Pomeranian,Metacam 1.5 mg/ml - Oral suspension (dogs),Pain NOS,1,1,
US-DEBIAHP-2012US03142,"<a target=""_blank""  href=""/xmlpserver/EVVET3 PW NEW/Subject Area Contents/Public Website/Report (PDF)/AER.xdo?_xpf=&_xpt=1&_params%2FOracle%20BI%20EE%3A%3ADefaultApp%3A%3AEVVET3%20PR%20NEW%2FAER%3A%3Adimension%2FAER%20Id%3A%3Aattribute%3A%3Anoaggr%3A%3Axsd%3Adouble=309757&_xt=AER&_xf=pdf""> AER </a>",2012-05-11 00:00:00,Animal owner,United States,FEMALE,Dog,Siberian Husky,"Metacam 1.5 mg/ml - Oral suspension (dogs), Tramadog 50 mg tablet for dogs","Elevated blood urea nitrogen (BUN), Elevated creatinine, Inappetence, Lethargy (see also Central nervous system depression in Neurological), Not drinking, Renal failure",1,1,
US-DEBIAHP-2012US03150,"<a target=""_blank""  href=""/xmlpserver/EVVET3 PW NEW/Subject Area Contents/Public Website/Report (PDF)/AER.xdo?_xpf=&_xpt=1&_params%2FOracle%20BI%20EE%3A%3ADefaultApp%3A%3AEVVET3%20PR%20NEW%2FAER%3A%3Adimension%2FAER%20Id%3A%3Aattribute%3A%3Anoaggr%3A%3Axsd%3Adouble=303004&_xt=AER&_xf=pdf""> AER </a>",2012-03-28 00:00:00,Other health care professional,United States,MALE,Dog,Spitz - German Pomeranian,Metacam 1.5 mg/ml - Oral suspension (dogs),Elevated bile acids,1,1,
US-DEBIAHP-2012US03178,"<a target=""_blank""  href=""/xmlpserver/EVVET3 PW NEW/Subject Area Contents/Public Website/Report (PDF)/AER.xdo?_xpf=&_xpt=1&_params%2FOracle%20BI%20EE%3A%3ADefaultApp%3A%3AEVVET3%20PR%20NEW%2FAER%3A%3Adimension%2FAER%20Id%3A%3Aattribute%3A%3Anoaggr%3A%3Axsd%3Adouble=306671&_xt=AER&_xf=pdf""> AER </a>",2012-04-18 00:00:00,Animal owner,United States,MALE,Other,Unknown,Metacam 1.5 mg/ml - Oral suspension (dogs),"Death by euthanasia, Hind limb paralysis, Limb weakness",1,1,1
US-DEBIAHP-2012US03232,"<a target=""_blank""  href=""/xmlpserver/EVVET3 PW NEW/Subject Area Contents/Public Website/Report (PDF)/AER.xdo?_xpf=&_xpt=1&_params%2FOracle%20BI%20EE%3A%3ADefaultApp%3A%3AEVVET3%20PR%20NEW%2FAER%3A%3Adimension%2FAER%20Id%3A%3Aattribute%3A%3Anoaggr%3A%3Axsd%3Adouble=302943&_xt=AER&_xf=pdf""> AER </a>",2012-03-28 00:00:00,Other health care professional,United States,UNKNOWN,Dog,Dog (other),Metacam 1.5 mg/ml - Oral suspension (dogs),"Inappetence, Lethargy (see also Central nervous system depression in Neurological)",1,1,
US-DEBIAHP-2012US03257,"<a target=""_blank""  href=""/xmlpserver/EVVET3 PW NEW/Subject Area Contents/Public Website/Report (PDF)/AER.xdo?_xpf=&_xpt=1&_params%2FOracle%20BI%20EE%3A%3ADefaultApp%3A%3AEVVET3%20PR%20NEW%2FAER%3A%3Adimension%2FAER%20Id%3A%3Aattribute%3A%3Anoaggr%3A%3Axsd%3Adouble=305240&_xt=AER&_xf=pdf""> AER </a>",2012-04-11 00:00:00,Veterinarian,United States,FEMALE,Cat,Cat (other),"ACEPROMAZINE 10%/AGROSEED CANDILIDIS ενέσιμο διάλυμα 10 mg/ml για σκύλο και γάτα, Fuxien vet 1000 mg/g inhalaatiohöyry, neste, ISOFLURANE-Vet 1000 mg/g liquido per inalazione per cani e gatti, ISOFLURIN 1000mg/g ΥΓΡΟ ΓΙΑ ΕΙΣΠΝΕΟΜΕΝΟΥΣ ΑΤΜΟΥΣ, Isoflurane 100% Inhalation Vapour, Liquid, Isoflurane 1000 mg/g Inhalation Vapour, liquid., Ketamin 10 % šķīdums injekcijām suņiem un kaķiem, Ketamin 10%, Ketamin 100 mg/ml, Ketamine 10% oplossing voor injectie voor honden en katten, Ketamine 10% pro inj., oplossing voor injectie voor honden en katten, Ketamine 10% šķīdums injekcijām suņiem un kaķiem, Ketamine 10%, oplossing voor injectie voor honden en katten, Metacam 5 mg/ml - Solution for injection (cats, dogs), Metacam 5 mg/ml - Solution for injection (cattle, pigs), Metacam 5 mg/ml - Solution for injection (dogs), КЕТАМИН 10 %","Abdominal discomfort, Elevated renal parameters, Vomiting",1,1,
US-DEBIAHP-2012US03286,"<a target=""_blank""  href=""/xmlpserver/EVVET3 PW NEW/Subject Area Contents/Public Website/Report (PDF)/AER.xdo?_xpf=&_xpt=1&_params%2FOracle%20BI%20EE%3A%3ADefaultApp%3A%3AEVVET3%20PR%20NEW%2FAER%3A%3Adimension%2FAER%20Id%3A%3Aattribute%3A%3Anoaggr%3A%3Axsd%3Adouble=303493&_xt=AER&_xf=pdf""> AER </a>",2012-04-02 00:00:00,Veterinarian,United States,FEMALE,Dog,Chihuahua,Metacam 1.5 mg/ml - Oral suspension (dogs),"Death, Immune mediated haemolytic anaemia",1,1,
US-DEBIAHP-2012US03306,"<a target=""_blank""  href=""/xmlpserver/EVVET3 PW NEW/Subject Area Contents/Public Website/Report (PDF)/AER.xdo?_xpf=&_xpt=1&_params%2FOracle%20BI%20EE%3A%3ADefaultApp%3A%3AEVVET3%20PR%20NEW%2FAER%3A%3Adimension%2FAER%20Id%3A%3Aattribute%3A%3Anoaggr%3A%3Axsd%3Adouble=303815&_xt=AER&_xf=pdf""> AER </a>",2012-04-04 00:00:00,Veterinarian,United States,FEMALE,Dog,Terrier - Jack Russell,"Fuxien vet 1000 mg/g inhalaatiohöyry, neste, ISOFLURANE-Vet 1000 mg/g liquido per inalazione per cani e gatti, ISOFLURIN 1000mg/g ΥΓΡΟ ΓΙΑ ΕΙΣΠΝΕΟΜΕΝΟΥΣ ΑΤΜΟΥΣ, Isoflurane 100% Inhalation Vapour, Liquid, Isoflurane 1000 mg/g Inhalation Vapour, liquid., Ketamin 10 % šķīdums injekcijām suņiem un kaķiem, Ketamin 10%, Ketamin 100 mg/ml, Ketamine 10% oplossing voor injectie voor honden en katten, Ketamine 10% pro inj., oplossing voor injectie voor honden en katten, Ketamine 10% šķīdums injekcijām suņiem un kaķiem, Ketamine 10%, oplossing voor injectie voor honden en katten, Metacam 1.5 mg/ml - Oral suspension (dogs), Tramadog 50 mg tablet for dogs, Xylazine 2 %, injectable solution, Xylazine 2 %, injekcinis tirpalas galvijams, arkliams, katėms ir šunims, Xylazine 2% 20 mg/ml šķīdums injekcijām liellopiem, zirgiem, aitām, suņiem, kaķiem, Xylazine 2%, süstelahus, Xylazine 20 mg/mL,  otopina za injekciju za konje, goveda, pse i mačke, Xylazine 500 mg 100%, poeder voor oplossing voor parenteraal gebruik, КЕТАМИН 10 %","Anuria, Elevated renal parameters, Fluid in abdomen NOS, Urinary bladder disorder NOS, Vomiting",1,1,
US-DEBIAHP-2012US03353,"<a target=""_blank""  href=""/xmlpserver/EVVET3 PW NEW/Subject Area Contents/Public Website/Report (PDF)/AER.xdo?_xpf=&_xpt=1&_params%2FOracle%20BI%20EE%3A%3ADefaultApp%3A%3AEVVET3%20PR%20NEW%2FAER%3A%3Adimension%2FAER%20Id%3A%3Aattribute%3A%3Anoaggr%3A%3Axsd%3Adouble=304617&_xt=AER&_xf=pdf""> AER </a>",2012-04-05 00:00:00,Other health care professional,United States,MALE,Dog,Retriever - Labrador,"Metacam 1.5 mg/ml - Oral suspension (dogs), Metacam 5 mg/ml - Solution for injection (cats, dogs), Metacam 5 mg/ml - Solution for injection (cattle, pigs), Metacam 5 mg/ml - Solution for injection (dogs)",Vomiting,1,1,
US-DEBIAHP-2012US03356,"<a target=""_blank""  href=""/xmlpserver/EVVET3 PW NEW/Subject Area Contents/Public Website/Report (PDF)/AER.xdo?_xpf=&_xpt=1&_params%2FOracle%20BI%20EE%3A%3ADefaultApp%3A%3AEVVET3%20PR%20NEW%2FAER%3A%3Adimension%2FAER%20Id%3A%3Aattribute%3A%3Anoaggr%3A%3Axsd%3Adouble=304616&_xt=AER&_xf=pdf""> AER </a>",2012-04-05 00:00:00,Veterinarian,United States,FEMALE,Dog,Retriever - Golden,Metacam 1.5 mg/ml - Oral suspension (dogs),"Abdominal pain, Anorexia, Death by euthanasia, Lateral recumbency, Lethargy (see also Central nervous system depression in Neurological), Other abnormal test result NOS, Peritonitis",1,1,1
US-DEBIAHP-2012US03391,"<a target=""_blank""  href=""/xmlpserver/EVVET3 PW NEW/Subject Area Contents/Public Website/Report (PDF)/AER.xdo?_xpf=&_xpt=1&_params%2FOracle%20BI%20EE%3A%3ADefaultApp%3A%3AEVVET3%20PR%20NEW%2FAER%3A%3Adimension%2FAER%20Id%3A%3Aattribute%3A%3Anoaggr%3A%3Axsd%3Adouble=307635&_xt=AER&_xf=pdf""> AER </a>",2012-04-26 00:00:00,Veterinarian,United States,MIXED,Cat,Ragdoll,"ANTISEDAN, ANTISEDAN 5 mg/ml SOLUCIÓN INYECTABLE PARA PERROS Y GATOS, ANTISEDAN 5 mg/ml raztopina za injiciranje za pse in mačke, ANTISEDAN 5MG/ML ΕΝΕΣΙΜΟ ΔΙΑΛΥΜΑ, ANTISEDAN SOLUTION INJECTABLE POUR CHIENS ET CHATS, ANTISEDAN, 5 mg/mL, otopina za injekciju, za pse i mačke, Antisedan 5 mg/ 1 ml, roztwór do wstrzykiwań dla psów i kotów, Antisedan 5 mg/ml  Injektionslösung für Hunde und Katzen, Antisedan 5 mg/ml - Injektionslösung für Hunde und Katzen, Antisedan 5 mg/ml Oplossing voor injectie, Antisedan 5 mg/ml Solution injectable, Antisedan 5 mg/ml injekčný roztok pre psy a mačky, Antisedan 5 mg/ml oldatos injekció kutya és macska részére.A.U.V., Antisedan 5 mg/ml solution for injection, Antisedan 5 mg/ml solução injetável para cães e gatos, Antisedan Vet 5 mg/ml injekcinis tirpalas, Antisedan Vet 5 mg/ml šķīdums injekcijām, Antisedan Vet, 5 mg/ml süstelahus, Antisedan Vet. 5 mg/ml injektionsvæske, opløsning, Antisedan vet 5 mg/ml injektioneste, liuos, Antisedan vet. 5 mg/ml Injektionsvätska, lösning, Antisedan vet. 5 mg/ml Stungulyf, lausn Handa hundum og köttum., Antisedan vet. 5 mg/ml injeksjonsvæske, oppløsning, til hund og katt, Antisedan vet., 5 mg/ml, Injektionsvätska, lösning, Antisedan, 5 mg/ml oplossing voor injectie voor honden en katten, Antisedan, 5mg/ml, Injekční roztok, DOMITOR 1 mg/ml raztopina za injiciranje za pse in mačke, DOMITOR 1 mg/ml ενέσιμο διάλυμα για σκύλους και γάτες, DOMITOR 1 mg/ml, soluție injectabilă pentru câini și pisici, DOMITOR, 1 mg/mL, otopina za injekciju za pse i mačke, DOMITOR, 1mg/ml, Injekční roztok, DOMITOR, SOLUTION INJECTABLE, Domitor, Domitor 1 mg/1 ml, roztwór do wstrzykiwań dla psów i kotów, Domitor 1 mg/ml - Injektionslösung für Hunde und Katzen, Domitor 1 mg/ml Oplossing voor injectie, Domitor 1 mg/ml Solution injectable, Domitor 1 mg/ml injekčný roztok, Domitor 1 mg/ml oldatos injekció kutyáknak és macskáknak A.U.V., Domitor 1 mg/ml solution for injection, Domitor 1 mg/ml soluzione iniettabile per cani e gatti, Domitor Vet 1 mg/ml injekcinis tirpalas, Domitor Vet 1 mg/ml šķīdums injekcijām, Domitor Vet, 1 mg/ml süstelahus, Domitor Vet. 1 mg/ml injektionsvæske, opløsning, Domitor vet 1 mg/ml injektioneste, liuos, Domitor vet. 1 mg/ml Injektionsvätska, lösning, Domitor vet. 1 mg/ml injeksjonsvæske, oppløsning til hund og katt, Ketamin 10 % šķīdums injekcijām suņiem un kaķiem, Ketamin 10%, Ketamin 100 mg/ml, Ketamine 10% oplossing voor injectie voor honden en katten, Ketamine 10% pro inj., oplossing voor injectie voor honden en katten, Ketamine 10% šķīdums injekcijām suņiem un kaķiem, Ketamine 10%, oplossing voor injectie voor honden en katten, Metacam 5 mg/ml - Solution for injection (cats, dogs), Metacam 5 mg/ml - Solution for injection (cattle, pigs), Metacam 5 mg/ml - Solution for injection (dogs), Torbugesic 10 mg/ml Solution for Injection, Torbugesic Vet 10 mg/ml solution injectable pour chevaux, chiens et chats, Torbugesic Vet. 10 mg/ml injektionsvæske, opløsning, Torbuphanol Vet 10 mg/ml solution for injection for injection for horses, dogs and cats, АНТИСЕДАН ВЕТ 5 mg/ml инжекционен разтвор, Домитор Вет 1 mg/ml инжекционен разтвор за кучета и котки, КЕТАМИН 10 %","Death, Elevated renal parameters, Vomiting",3,4,
US-DEBIAHP-2012US03415,"<a target=""_blank""  href=""/xmlpserver/EVVET3 PW NEW/Subject Area Contents/Public Website/Report (PDF)/AER.xdo?_xpf=&_xpt=1&_params%2FOracle%20BI%20EE%3A%3ADefaultApp%3A%3AEVVET3%20PR%20NEW%2FAER%3A%3Adimension%2FAER%20Id%3A%3Aattribute%3A%3Anoaggr%3A%3Axsd%3Adouble=304118&_xt=AER&_xf=pdf""> AER </a>",2012-04-05 00:00:00,Veterinarian,United States,MALE,Dog,Retriever - Labrador,Metacam 1.5 mg/ml - Oral suspension (dogs),"Blood in urine, Urinary bladder disorder NOS",1,1,
US-DEBIAHP-2012US03440,"<a target=""_blank""  href=""/xmlpserver/EVVET3 PW NEW/Subject Area Contents/Public Website/Report (PDF)/AER.xdo?_xpf=&_xpt=1&_params%2FOracle%20BI%20EE%3A%3ADefaultApp%3A%3AEVVET3%20PR%20NEW%2FAER%3A%3Adimension%2FAER%20Id%3A%3Aattribute%3A%3Anoaggr%3A%3Axsd%3Adouble=304436&_xt=AER&_xf=pdf""> AER </a>",2012-04-06 00:00:00,Animal owner,United States,MALE,Dog,Hound - Basset,Metacam 1.5 mg/ml - Oral suspension (dogs),"Constipation, Dehydration, Other abnormal test result NOS",1,1,
US-DEBIAHP-2012US03477,"<a target=""_blank""  href=""/xmlpserver/EVVET3 PW NEW/Subject Area Contents/Public Website/Report (PDF)/AER.xdo?_xpf=&_xpt=1&_params%2FOracle%20BI%20EE%3A%3ADefaultApp%3A%3AEVVET3%20PR%20NEW%2FAER%3A%3Adimension%2FAER%20Id%3A%3Aattribute%3A%3Anoaggr%3A%3Axsd%3Adouble=304610&_xt=AER&_xf=pdf""> AER </a>",2012-04-09 00:00:00,Animal owner,United States,MALE,Cat,Cat (other),Metacam 1.5 mg/ml - Oral suspension (dogs),"Behavioural disorder NOS, Vomiting",1,1,
US-DEBIAHP-2012US03481,"<a target=""_blank""  href=""/xmlpserver/EVVET3 PW NEW/Subject Area Contents/Public Website/Report (PDF)/AER.xdo?_xpf=&_xpt=1&_params%2FOracle%20BI%20EE%3A%3ADefaultApp%3A%3AEVVET3%20PR%20NEW%2FAER%3A%3Adimension%2FAER%20Id%3A%3Aattribute%3A%3Anoaggr%3A%3Axsd%3Adouble=304964&_xt=AER&_xf=pdf""> AER </a>",2012-04-10 00:00:00,Other health care professional,United States,UNKNOWN,Dog,Dog (other),Metacam 1.5 mg/ml - Oral suspension (dogs),Lack of efficacy - NOS,4,4,
US-DEBIAHP-2012US03504,"<a target=""_blank""  href=""/xmlpserver/EVVET3 PW NEW/Subject Area Contents/Public Website/Report (PDF)/AER.xdo?_xpf=&_xpt=1&_params%2FOracle%20BI%20EE%3A%3ADefaultApp%3A%3AEVVET3%20PR%20NEW%2FAER%3A%3Adimension%2FAER%20Id%3A%3Aattribute%3A%3Anoaggr%3A%3Axsd%3Adouble=308209&_xt=AER&_xf=pdf""> AER </a>",2012-05-01 00:00:00,Veterinarian,United States,FEMALE,Cat,Cat (other),Metacam 1.5 mg/ml - Oral suspension (dogs),"Adipsia, Anaemia NOS, Decreased appetite, Decreased urine concentration, Elevated blood urea nitrogen (BUN), Elevated creatinine, Other abnormal test result NOS, Urinary tract infection",1,1,
US-DEBIAHP-2012US03568,"<a target=""_blank""  href=""/xmlpserver/EVVET3 PW NEW/Subject Area Contents/Public Website/Report (PDF)/AER.xdo?_xpf=&_xpt=1&_params%2FOracle%20BI%20EE%3A%3ADefaultApp%3A%3AEVVET3%20PR%20NEW%2FAER%3A%3Adimension%2FAER%20Id%3A%3Aattribute%3A%3Anoaggr%3A%3Axsd%3Adouble=304959&_xt=AER&_xf=pdf""> AER </a>",2012-04-10 00:00:00,Other health care professional,United States,MALE,Cat,Cat (other),Metacam 1.5 mg/ml - Oral suspension (dogs),Vomiting,1,1,
US-DEBIAHP-2012US03581,"<a target=""_blank""  href=""/xmlpserver/EVVET3 PW NEW/Subject Area Contents/Public Website/Report (PDF)/AER.xdo?_xpf=&_xpt=1&_params%2FOracle%20BI%20EE%3A%3ADefaultApp%3A%3AEVVET3%20PR%20NEW%2FAER%3A%3Adimension%2FAER%20Id%3A%3Aattribute%3A%3Anoaggr%3A%3Axsd%3Adouble=307270&_xt=AER&_xf=pdf""> AER </a>",2012-04-24 00:00:00,Animal owner,United States,FEMALE,Cat,Cat (other),"Convenia 80 mg/ml  - Powder and solvent for solution for injection, Metacam 5 mg/ml - Solution for injection (cats, dogs), Metacam 5 mg/ml - Solution for injection (cattle, pigs), Metacam 5 mg/ml - Solution for injection (dogs)","Acute renal failure, Decreased appetite, Decreased urine concentration, Elevated renal parameters, Malaise, Not drinking, Not eating, Vomiting",1,1,
US-DEBIAHP-2012US03657,"<a target=""_blank""  href=""/xmlpserver/EVVET3 PW NEW/Subject Area Contents/Public Website/Report (PDF)/AER.xdo?_xpf=&_xpt=1&_params%2FOracle%20BI%20EE%3A%3ADefaultApp%3A%3AEVVET3%20PR%20NEW%2FAER%3A%3Adimension%2FAER%20Id%3A%3Aattribute%3A%3Anoaggr%3A%3Axsd%3Adouble=307197&_xt=AER&_xf=pdf""> AER </a>",2012-04-24 00:00:00,Veterinarian,United States,MALE,Cat,Cat (other),"Metacam 5 mg/ml - Solution for injection (cats, dogs), Metacam 5 mg/ml - Solution for injection (cattle, pigs), Metacam 5 mg/ml - Solution for injection (dogs)","Abnormal radiograph finding, Heart murmur, Injection site sarcoma, Low platelet count",1,1,
US-DEBIAHP-2012US03828,"<a target=""_blank""  href=""/xmlpserver/EVVET3 PW NEW/Subject Area Contents/Public Website/Report (PDF)/AER.xdo?_xpf=&_xpt=1&_params%2FOracle%20BI%20EE%3A%3ADefaultApp%3A%3AEVVET3%20PR%20NEW%2FAER%3A%3Adimension%2FAER%20Id%3A%3Aattribute%3A%3Anoaggr%3A%3Axsd%3Adouble=305525&_xt=AER&_xf=pdf""> AER </a>",2012-04-13 00:00:00,Veterinarian,United States,MALE,Dog,Papillon - Spaniel - Continental Toy (with erect ears or with dropped ears (Phaléne)),"Metacam 0.5 mg/ml - Oral suspension (cats, guinea pigs), Metacam 0.5 mg/ml - Oral suspension (dogs)","Bruising, Immune mediated thrombocytopenia",1,1,
US-DEBIAHP-2012US03961,"<a target=""_blank""  href=""/xmlpserver/EVVET3 PW NEW/Subject Area Contents/Public Website/Report (PDF)/AER.xdo?_xpf=&_xpt=1&_params%2FOracle%20BI%20EE%3A%3ADefaultApp%3A%3AEVVET3%20PR%20NEW%2FAER%3A%3Adimension%2FAER%20Id%3A%3Aattribute%3A%3Anoaggr%3A%3Axsd%3Adouble=306357&_xt=AER&_xf=pdf""> AER </a>",2012-04-19 00:00:00,Veterinarian,United States,MALE,Dog,Beagle,"CLINDAMYCIN 75 mg tablety, Clindamycin 75mg, Clindamycin, 75mg, Tableta, Metacam 1.5 mg/ml - Oral suspension (dogs)",Seizure NOS,1,1,
US-DEBIAHP-2012US03998,"<a target=""_blank""  href=""/xmlpserver/EVVET3 PW NEW/Subject Area Contents/Public Website/Report (PDF)/AER.xdo?_xpf=&_xpt=1&_params%2FOracle%20BI%20EE%3A%3ADefaultApp%3A%3AEVVET3%20PR%20NEW%2FAER%3A%3Adimension%2FAER%20Id%3A%3Aattribute%3A%3Anoaggr%3A%3Axsd%3Adouble=306330&_xt=AER&_xf=pdf""> AER </a>",2012-04-19 00:00:00,Animal owner,United States,FEMALE,Cat,Cat (other),"Dexdomitor 0.1 mg/ml - Solution for injection, Dexdomitor 0.5 mg/ml - Solution for injection, Fuxien vet 1000 mg/g inhalaatiohöyry, neste, ISOFLURANE-Vet 1000 mg/g liquido per inalazione per cani e gatti, ISOFLURIN 1000mg/g ΥΓΡΟ ΓΙΑ ΕΙΣΠΝΕΟΜΕΝΟΥΣ ΑΤΜΟΥΣ, Isoflurane 100% Inhalation Vapour, Liquid, Isoflurane 1000 mg/g Inhalation Vapour, liquid., Ketavet 100 mg/ml Solution for Injection for Dogs, Cats and Horses, Metacam 5 mg/ml - Solution for injection (cats, dogs), Metacam 5 mg/ml - Solution for injection (cattle, pigs), Metacam 5 mg/ml - Solution for injection (dogs)","Elevated blood urea nitrogen (BUN), Elevated creatinine, Head tilt - ear disorder, Pulmonary oedema, Recovery prolonged",1,1,
US-DEBIAHP-2012US04096,"<a target=""_blank""  href=""/xmlpserver/EVVET3 PW NEW/Subject Area Contents/Public Website/Report (PDF)/AER.xdo?_xpf=&_xpt=1&_params%2FOracle%20BI%20EE%3A%3ADefaultApp%3A%3AEVVET3%20PR%20NEW%2FAER%3A%3Adimension%2FAER%20Id%3A%3Aattribute%3A%3Anoaggr%3A%3Axsd%3Adouble=306821&_xt=AER&_xf=pdf""> AER </a>",2012-04-20 00:00:00,Veterinarian,United States,MALE,Cat,Cat (other),"Hyaluronan 10 mg/ml Roztwór do wstrzykiwań, Metacam 0.5 mg/ml - Oral suspension (cats, guinea pigs), Metacam 0.5 mg/ml - Oral suspension (dogs)","Cardiomyopathy, Lethargy (see also Central nervous system depression in Neurological), Seizure NOS",1,1,
US-DEBIAHP-2012US04114,"<a target=""_blank""  href=""/xmlpserver/EVVET3 PW NEW/Subject Area Contents/Public Website/Report (PDF)/AER.xdo?_xpf=&_xpt=1&_params%2FOracle%20BI%20EE%3A%3ADefaultApp%3A%3AEVVET3%20PR%20NEW%2FAER%3A%3Adimension%2FAER%20Id%3A%3Aattribute%3A%3Anoaggr%3A%3Axsd%3Adouble=307258&_xt=AER&_xf=pdf""> AER </a>",2012-04-24 00:00:00,Animal owner,United States,FEMALE,Cat,Cat (other),Metacam 1.5 mg/ml - Oral suspension (dogs),"Death by euthanasia, Elevated blood urea nitrogen (BUN), Elevated creatinine, Frequent urination, Hyperkalaemia, Not drinking, Not eating, Renal failure, Uncoded sign",1,1,1
US-DEBIAHP-2012US04167,"<a target=""_blank""  href=""/xmlpserver/EVVET3 PW NEW/Subject Area Contents/Public Website/Report (PDF)/AER.xdo?_xpf=&_xpt=1&_params%2FOracle%20BI%20EE%3A%3ADefaultApp%3A%3AEVVET3%20PR%20NEW%2FAER%3A%3Adimension%2FAER%20Id%3A%3Aattribute%3A%3Anoaggr%3A%3Axsd%3Adouble=307267&_xt=AER&_xf=pdf""> AER </a>",2012-04-24 00:00:00,Veterinarian,United States,FEMALE,Cat,Cat (other),"Convenia 80 mg/ml  - Powder and solvent for solution for injection, Metacam 5 mg/ml - Solution for injection (cats, dogs), Metacam 5 mg/ml - Solution for injection (cattle, pigs), Metacam 5 mg/ml - Solution for injection (dogs)","Death by euthanasia, Dehydration, Elevated blood urea nitrogen (BUN), Elevated creatinine, Hyperkalaemia",1,1,1
US-DEBIAHP-2012US04173,"<a target=""_blank""  href=""/xmlpserver/EVVET3 PW NEW/Subject Area Contents/Public Website/Report (PDF)/AER.xdo?_xpf=&_xpt=1&_params%2FOracle%20BI%20EE%3A%3ADefaultApp%3A%3AEVVET3%20PR%20NEW%2FAER%3A%3Adimension%2FAER%20Id%3A%3Aattribute%3A%3Anoaggr%3A%3Axsd%3Adouble=307200&_xt=AER&_xf=pdf""> AER </a>",2012-04-24 00:00:00,Veterinarian,United States,MALE,Dog,Terrier - Boston,"Metacam 1.5 mg/ml - Oral suspension (dogs), OTOMAX EAR DROPS SUSPENSION, OTOMAX ear drops, OTOMAX ušná suspenzia pre psy, OTOMAX, Ušní kapky, suspenze, OTOMAX, kapi za uho, suspenzija, za pse, Otomax (2640 j.m. + 0,88 mg + 8,8 mg)/ml Zawiesina do uszu, Otomax 2640 NE / 0,88 mg / 8,8 mg / ml szuszpenziós fülcsepp kutyák számára, Otomax gotas auriculares, suspensão, Otomax kapljice za uho, suspenzija","Anaemia NOS, Death by euthanasia, Elevated creatinine, Elevated renal parameters, Hypoproteinaemia, Lethargy (see also Central nervous system depression in Neurological), Weight loss",1,1,1
US-DEBIAHP-2012US04212,"<a target=""_blank""  href=""/xmlpserver/EVVET3 PW NEW/Subject Area Contents/Public Website/Report (PDF)/AER.xdo?_xpf=&_xpt=1&_params%2FOracle%20BI%20EE%3A%3ADefaultApp%3A%3AEVVET3%20PR%20NEW%2FAER%3A%3Adimension%2FAER%20Id%3A%3Aattribute%3A%3Anoaggr%3A%3Axsd%3Adouble=307416&_xt=AER&_xf=pdf""> AER </a>",2012-04-25 00:00:00,Veterinarian,United States,MALE,Dog,Shepherd Dog - German,Metacam 1.5 mg/ml - Oral suspension (dogs),"Abnormal breathing, Anorexia, Lethargy (see also Central nervous system depression in Neurological), Pericardial effusion, Tarry or black stool (see also haemorrhagic diarrhoea), Vomiting",1,1,
US-DEBIAHP-2012US04237,"<a target=""_blank""  href=""/xmlpserver/EVVET3 PW NEW/Subject Area Contents/Public Website/Report (PDF)/AER.xdo?_xpf=&_xpt=1&_params%2FOracle%20BI%20EE%3A%3ADefaultApp%3A%3AEVVET3%20PR%20NEW%2FAER%3A%3Adimension%2FAER%20Id%3A%3Aattribute%3A%3Anoaggr%3A%3Axsd%3Adouble=307417&_xt=AER&_xf=pdf""> AER </a>",2012-04-25 00:00:00,Other health care professional,United States,FEMALE,Dog,Chihuahua,"Metacam 0.5 mg/ml - Oral suspension (cats, guinea pigs), Metacam 0.5 mg/ml - Oral suspension (dogs)",Seizure NOS,1,1,
US-DEBIAHP-2012US04266,"<a target=""_blank""  href=""/xmlpserver/EVVET3 PW NEW/Subject Area Contents/Public Website/Report (PDF)/AER.xdo?_xpf=&_xpt=1&_params%2FOracle%20BI%20EE%3A%3ADefaultApp%3A%3AEVVET3%20PR%20NEW%2FAER%3A%3Adimension%2FAER%20Id%3A%3Aattribute%3A%3Anoaggr%3A%3Axsd%3Adouble=310205&_xt=AER&_xf=pdf""> AER </a>",2012-05-14 00:00:00,Veterinarian,United States,FEMALE,Cat,Cat (other),"Metacam 1.5 mg/ml - Oral suspension (dogs), Metacam 5 mg/ml - Solution for injection (cats, dogs), Metacam 5 mg/ml - Solution for injection (cattle, pigs), Metacam 5 mg/ml - Solution for injection (dogs)","Anorexia, Elevated renal parameters, Hyperkalaemia, Hypoproteinaemia, Renal failure",1,1,
US-DEBIAHP-2012US04341,"<a target=""_blank""  href=""/xmlpserver/EVVET3 PW NEW/Subject Area Contents/Public Website/Report (PDF)/AER.xdo?_xpf=&_xpt=1&_params%2FOracle%20BI%20EE%3A%3ADefaultApp%3A%3AEVVET3%20PR%20NEW%2FAER%3A%3Adimension%2FAER%20Id%3A%3Aattribute%3A%3Anoaggr%3A%3Axsd%3Adouble=320922&_xt=AER&_xf=pdf""> AER </a>",2012-08-01 00:00:00,Veterinarian,United States,MALE,Cat,Cat (other),"Metacam 5 mg/ml - Solution for injection (cats, dogs), Metacam 5 mg/ml - Solution for injection (cattle, pigs), Metacam 5 mg/ml - Solution for injection (dogs)","Anorexia, Elevated blood urea nitrogen (BUN), Elevated creatinine, Lethargy (see also Central nervous system depression in Neurological), Other abnormal test result NOS, Vomiting",1,1,
US-DEBIAHP-2012US04366,"<a target=""_blank""  href=""/xmlpserver/EVVET3 PW NEW/Subject Area Contents/Public Website/Report (PDF)/AER.xdo?_xpf=&_xpt=1&_params%2FOracle%20BI%20EE%3A%3ADefaultApp%3A%3AEVVET3%20PR%20NEW%2FAER%3A%3Adimension%2FAER%20Id%3A%3Aattribute%3A%3Anoaggr%3A%3Axsd%3Adouble=307712&_xt=AER&_xf=pdf""> AER </a>",2012-04-26 00:00:00,Veterinarian,United States,FEMALE,Dog,Shepherd Dog - German,"Metacam 1.5 mg/ml - Oral suspension (dogs), Metacam 5 mg/ml - Solution for injection (cats, dogs), Metacam 5 mg/ml - Solution for injection (cattle, pigs), Metacam 5 mg/ml - Solution for injection (dogs)","Anorexia, Elevated blood urea nitrogen (BUN), Elevated creatinine",1,1,
US-DEBIAHP-2012US04439,"<a target=""_blank""  href=""/xmlpserver/EVVET3 PW NEW/Subject Area Contents/Public Website/Report (PDF)/AER.xdo?_xpf=&_xpt=1&_params%2FOracle%20BI%20EE%3A%3ADefaultApp%3A%3AEVVET3%20PR%20NEW%2FAER%3A%3Adimension%2FAER%20Id%3A%3Aattribute%3A%3Anoaggr%3A%3Axsd%3Adouble=308270&_xt=AER&_xf=pdf""> AER </a>",2012-05-02 00:00:00,Other health care professional,United States,MALE,Cat,Ragdoll,"Metacam 5 mg/ml - Solution for injection (cats, dogs), Metacam 5 mg/ml - Solution for injection (cattle, pigs), Metacam 5 mg/ml - Solution for injection (dogs)","Anorexia, Bloody diarrhoea, Death, Enterotoxaemia, Hyperthermia, Lethargy (see also Central nervous system depression in Neurological), Nasal discharge, Other abnormal test result NOS",1,1,
US-DEBIAHP-2012US04440,"<a target=""_blank""  href=""/xmlpserver/EVVET3 PW NEW/Subject Area Contents/Public Website/Report (PDF)/AER.xdo?_xpf=&_xpt=1&_params%2FOracle%20BI%20EE%3A%3ADefaultApp%3A%3AEVVET3%20PR%20NEW%2FAER%3A%3Adimension%2FAER%20Id%3A%3Aattribute%3A%3Anoaggr%3A%3Axsd%3Adouble=307988&_xt=AER&_xf=pdf""> AER </a>",2012-04-30 00:00:00,Animal owner,United States,MALE,Cat,Cat (other),"Ketamine 100 inj., 100 mg/ml oplossing voor injectie voor honden en katten, Metacam 0.5 mg/ml - Oral suspension (cats, guinea pigs), Metacam 0.5 mg/ml - Oral suspension (dogs), ROMPUN, ROMPUN 2 %, ROMPUN 20MG/ML ΕΝΕΣΙΜΟ ΔΙΑΛΥΜΑ, Rompun 2%, Rompun 2% 20 mg/ml Oplossing voor injectie, Rompun 2% 20 mg/ml Solution injectable, Rompun 20 mg/ml Injektionslösung für Tiere, Rompun 20 mg/ml solução injetável para bovinos, cavalos, cães e gatos., Rompun Vet. 2 % injektionsvæske, opløsning, Rompun vet 20 mg/ml injektioneste, liuos, Rompun vet. 20 mg/ml Injektionsvätska, lösning, Rompun vet. 20 mg/ml injeksjonsvæske, oppløsning, Rompun vet. 20 mg/ml stungulyf, lausn","Anorexia, Death, Elevated blood urea nitrogen (BUN), Elevated creatinine, Inappropriate urination, Polydipsia, Polyuria, Vomiting",1,1,
US-DEBIAHP-2012US04469,"<a target=""_blank""  href=""/xmlpserver/EVVET3 PW NEW/Subject Area Contents/Public Website/Report (PDF)/AER.xdo?_xpf=&_xpt=1&_params%2FOracle%20BI%20EE%3A%3ADefaultApp%3A%3AEVVET3%20PR%20NEW%2FAER%3A%3Adimension%2FAER%20Id%3A%3Aattribute%3A%3Anoaggr%3A%3Axsd%3Adouble=308000&_xt=AER&_xf=pdf""> AER </a>",2012-05-01 00:00:00,Animal owner,United States,MALE,Dog,Boxer (German Boxer),Metacam 1.5 mg/ml - Oral suspension (dogs),"Prolonged bleeding NOS, Skin abscess",1,1,
US-DEBIAHP-2012US04575,"<a target=""_blank""  href=""/xmlpserver/EVVET3 PW NEW/Subject Area Contents/Public Website/Report (PDF)/AER.xdo?_xpf=&_xpt=1&_params%2FOracle%20BI%20EE%3A%3ADefaultApp%3A%3AEVVET3%20PR%20NEW%2FAER%3A%3Adimension%2FAER%20Id%3A%3Aattribute%3A%3Anoaggr%3A%3Axsd%3Adouble=308268&_xt=AER&_xf=pdf""> AER </a>",2012-05-02 00:00:00,Veterinarian,United States,FEMALE,Dog,Chihuahua,"Metacam 5 mg/ml - Solution for injection (cats, dogs), Metacam 5 mg/ml - Solution for injection (cattle, pigs), Metacam 5 mg/ml - Solution for injection (dogs)","Blood in faeces, Diarrhoea, Emesis",1,1,
US-DEBIAHP-2012US04584,"<a target=""_blank""  href=""/xmlpserver/EVVET3 PW NEW/Subject Area Contents/Public Website/Report (PDF)/AER.xdo?_xpf=&_xpt=1&_params%2FOracle%20BI%20EE%3A%3ADefaultApp%3A%3AEVVET3%20PR%20NEW%2FAER%3A%3Adimension%2FAER%20Id%3A%3Aattribute%3A%3Anoaggr%3A%3Axsd%3Adouble=308281&_xt=AER&_xf=pdf""> AER </a>",2012-05-02 00:00:00,Veterinarian,United States,FEMALE,Dog,Retriever - Labrador,"Metacam 1.5 mg/ml - Oral suspension (dogs), Tramadog 50 mg tablet for dogs","Elevated renal parameters, Limb weakness",1,1,
US-DEBIAHP-2012US04588,"<a target=""_blank""  href=""/xmlpserver/EVVET3 PW NEW/Subject Area Contents/Public Website/Report (PDF)/AER.xdo?_xpf=&_xpt=1&_params%2FOracle%20BI%20EE%3A%3ADefaultApp%3A%3AEVVET3%20PR%20NEW%2FAER%3A%3Adimension%2FAER%20Id%3A%3Aattribute%3A%3Anoaggr%3A%3Axsd%3Adouble=310206&_xt=AER&_xf=pdf""> AER </a>",2012-05-14 00:00:00,Veterinarian,United States,MALE,Cat,Cat (other),Metacam 1.5 mg/ml - Oral suspension (dogs),"Anaemia NOS, Anorexia, Death, Elevated renal parameters, Hypothermia",1,1,
US-DEBIAHP-2012US04590,"<a target=""_blank""  href=""/xmlpserver/EVVET3 PW NEW/Subject Area Contents/Public Website/Report (PDF)/AER.xdo?_xpf=&_xpt=1&_params%2FOracle%20BI%20EE%3A%3ADefaultApp%3A%3AEVVET3%20PR%20NEW%2FAER%3A%3Adimension%2FAER%20Id%3A%3Aattribute%3A%3Anoaggr%3A%3Axsd%3Adouble=308266&_xt=AER&_xf=pdf""> AER </a>",2012-05-02 00:00:00,Animal owner,United States,FEMALE,Cat,Cat (other),"Metacam 0.5 mg/ml - Oral suspension (cats, guinea pigs), Metacam 0.5 mg/ml - Oral suspension (dogs)","Acute renal failure, Anorexia, Anuria, Behavioural disorder NOS, Death by euthanasia",1,1,1
US-DEBIAHP-2012US04632,"<a target=""_blank""  href=""/xmlpserver/EVVET3 PW NEW/Subject Area Contents/Public Website/Report (PDF)/AER.xdo?_xpf=&_xpt=1&_params%2FOracle%20BI%20EE%3A%3ADefaultApp%3A%3AEVVET3%20PR%20NEW%2FAER%3A%3Adimension%2FAER%20Id%3A%3Aattribute%3A%3Anoaggr%3A%3Axsd%3Adouble=308562&_xt=AER&_xf=pdf""> AER </a>",2012-05-03 00:00:00,Veterinarian,United States,MALE,Cat,Cat (other),Metacam 1.5 mg/ml - Oral suspension (dogs),Vomiting,1,1,
US-DEBIAHP-2012US04659,"<a target=""_blank""  href=""/xmlpserver/EVVET3 PW NEW/Subject Area Contents/Public Website/Report (PDF)/AER.xdo?_xpf=&_xpt=1&_params%2FOracle%20BI%20EE%3A%3ADefaultApp%3A%3AEVVET3%20PR%20NEW%2FAER%3A%3Adimension%2FAER%20Id%3A%3Aattribute%3A%3Anoaggr%3A%3Axsd%3Adouble=308737&_xt=AER&_xf=pdf""> AER </a>",2012-05-04 00:00:00,Veterinarian,United States,FEMALE,Dog,Terrier - Yorkshire,"Fuxien vet 1000 mg/g inhalaatiohöyry, neste, ISOFLURANE-Vet 1000 mg/g liquido per inalazione per cani e gatti, ISOFLURIN 1000mg/g ΥΓΡΟ ΓΙΑ ΕΙΣΠΝΕΟΜΕΝΟΥΣ ΑΤΜΟΥΣ, Isoflurane 100% Inhalation Vapour, Liquid, Isoflurane 1000 mg/g Inhalation Vapour, liquid., Metacam 0.5 mg/ml - Oral suspension (cats, guinea pigs), Metacam 0.5 mg/ml - Oral suspension (dogs)","Anaemia NOS, Anorexia, Diarrhoea, Elevated blood urea nitrogen (BUN), Elevated serum alkaline phosphatase (ALP), Hyperthermia, Hypoglycaemia, Melaena, Neutrophilia, Vomiting",1,1,
US-DEBIAHP-2012US04712,"<a target=""_blank""  href=""/xmlpserver/EVVET3 PW NEW/Subject Area Contents/Public Website/Report (PDF)/AER.xdo?_xpf=&_xpt=1&_params%2FOracle%20BI%20EE%3A%3ADefaultApp%3A%3AEVVET3%20PR%20NEW%2FAER%3A%3Adimension%2FAER%20Id%3A%3Aattribute%3A%3Anoaggr%3A%3Axsd%3Adouble=308561&_xt=AER&_xf=pdf""> AER </a>",2012-05-03 00:00:00,Veterinarian,United States,FEMALE,Dog,Pointing Dog - German Short-haired,Metacam 1.5 mg/ml - Oral suspension (dogs),"Other abnormal test result NOS, Pancreatitis NOS",1,1,
US-DEBIAHP-2012US04721,"<a target=""_blank""  href=""/xmlpserver/EVVET3 PW NEW/Subject Area Contents/Public Website/Report (PDF)/AER.xdo?_xpf=&_xpt=1&_params%2FOracle%20BI%20EE%3A%3ADefaultApp%3A%3AEVVET3%20PR%20NEW%2FAER%3A%3Adimension%2FAER%20Id%3A%3Aattribute%3A%3Anoaggr%3A%3Axsd%3Adouble=310232&_xt=AER&_xf=pdf""> AER </a>",2012-05-15 00:00:00,Veterinarian,United States,MALE,Cat,Cat (other),"Metacam 0.5 mg/ml - Oral suspension (cats, guinea pigs), Metacam 0.5 mg/ml - Oral suspension (dogs)","Inappetence, Lethargy (see also Central nervous system depression in Neurological)",1,1,
US-DEBIAHP-2012US04759,"<a target=""_blank""  href=""/xmlpserver/EVVET3 PW NEW/Subject Area Contents/Public Website/Report (PDF)/AER.xdo?_xpf=&_xpt=1&_params%2FOracle%20BI%20EE%3A%3ADefaultApp%3A%3AEVVET3%20PR%20NEW%2FAER%3A%3Adimension%2FAER%20Id%3A%3Aattribute%3A%3Anoaggr%3A%3Axsd%3Adouble=312565&_xt=AER&_xf=pdf""> AER </a>",2012-05-31 00:00:00,Veterinarian,United States,FEMALE,Dog,Dog (other),"Metacam 5 mg/ml - Solution for injection (cats, dogs), Metacam 5 mg/ml - Solution for injection (cattle, pigs), Metacam 5 mg/ml - Solution for injection (dogs)","Elevated blood urea nitrogen (BUN), Glucosuria, Other abnormal test result NOS, Weight loss",1,1,
US-DEBIAHP-2012US04844,"<a target=""_blank""  href=""/xmlpserver/EVVET3 PW NEW/Subject Area Contents/Public Website/Report (PDF)/AER.xdo?_xpf=&_xpt=1&_params%2FOracle%20BI%20EE%3A%3ADefaultApp%3A%3AEVVET3%20PR%20NEW%2FAER%3A%3Adimension%2FAER%20Id%3A%3Aattribute%3A%3Anoaggr%3A%3Axsd%3Adouble=308945&_xt=AER&_xf=pdf""> AER </a>",2012-05-07 00:00:00,Animal owner,United States,MALE,Dog,Schnauzer (unspecified),Metacam 1.5 mg/ml - Oral suspension (dogs),Itching,1,1,
US-DEBIAHP-2012US04869,"<a target=""_blank""  href=""/xmlpserver/EVVET3 PW NEW/Subject Area Contents/Public Website/Report (PDF)/AER.xdo?_xpf=&_xpt=1&_params%2FOracle%20BI%20EE%3A%3ADefaultApp%3A%3AEVVET3%20PR%20NEW%2FAER%3A%3Adimension%2FAER%20Id%3A%3Aattribute%3A%3Anoaggr%3A%3Axsd%3Adouble=310447&_xt=AER&_xf=pdf""> AER </a>",2012-05-17 00:00:00,Veterinarian,United States,FEMALE,Dog,Retriever - Labrador,Metacam 1.5 mg/ml - Oral suspension (dogs),"Anorexia, Elevated bile acids, Elevated liver enzymes NOS, Lethargy (see also Central nervous system depression in Neurological), Loose stool, Other abnormal test result NOS, Vomiting",1,1,
US-DEBIAHP-2012US04902,"<a target=""_blank""  href=""/xmlpserver/EVVET3 PW NEW/Subject Area Contents/Public Website/Report (PDF)/AER.xdo?_xpf=&_xpt=1&_params%2FOracle%20BI%20EE%3A%3ADefaultApp%3A%3AEVVET3%20PR%20NEW%2FAER%3A%3Adimension%2FAER%20Id%3A%3Aattribute%3A%3Anoaggr%3A%3Axsd%3Adouble=309541&_xt=AER&_xf=pdf""> AER </a>",2012-05-09 00:00:00,Veterinarian,United States,FEMALE,Dog,Crossbred Canine/dog,"Metacam 0.5 mg/ml - Oral suspension (cats, guinea pigs), Metacam 0.5 mg/ml - Oral suspension (dogs)","Elevated serum alkaline phosphatase (ALP), Not eating, Other abnormal test result NOS, Vomiting",1,1,
US-DEBIAHP-2012US04995,"<a target=""_blank""  href=""/xmlpserver/EVVET3 PW NEW/Subject Area Contents/Public Website/Report (PDF)/AER.xdo?_xpf=&_xpt=1&_params%2FOracle%20BI%20EE%3A%3ADefaultApp%3A%3AEVVET3%20PR%20NEW%2FAER%3A%3Adimension%2FAER%20Id%3A%3Aattribute%3A%3Anoaggr%3A%3Axsd%3Adouble=309545&_xt=AER&_xf=pdf""> AER </a>",2012-05-09 00:00:00,Animal owner,United States,FEMALE,Dog,Maltese,"Metacam 0.5 mg/ml - Oral suspension (cats, guinea pigs), Metacam 0.5 mg/ml - Oral suspension (dogs)","Elevated blood urea nitrogen (BUN), Lethargy (see also Central nervous system depression in Neurological), Polydipsia, Polyuria, Vomiting",1,1,
US-DEBIAHP-2012US05105,"<a target=""_blank""  href=""/xmlpserver/EVVET3 PW NEW/Subject Area Contents/Public Website/Report (PDF)/AER.xdo?_xpf=&_xpt=1&_params%2FOracle%20BI%20EE%3A%3ADefaultApp%3A%3AEVVET3%20PR%20NEW%2FAER%3A%3Adimension%2FAER%20Id%3A%3Aattribute%3A%3Anoaggr%3A%3Axsd%3Adouble=319569&_xt=AER&_xf=pdf""> AER </a>",2012-07-20 00:00:00,Veterinarian,United States,FEMALE,Dog,Pointing Dog - German Short-haired,Metacam 1.5 mg/ml - Oral suspension (dogs),"Gastric perforation, Other abnormal test result NOS, Pancreatitis NOS, Vomiting",1,1,
US-DEBIAHP-2012US05119,"<a target=""_blank""  href=""/xmlpserver/EVVET3 PW NEW/Subject Area Contents/Public Website/Report (PDF)/AER.xdo?_xpf=&_xpt=1&_params%2FOracle%20BI%20EE%3A%3ADefaultApp%3A%3AEVVET3%20PR%20NEW%2FAER%3A%3Adimension%2FAER%20Id%3A%3Aattribute%3A%3Anoaggr%3A%3Axsd%3Adouble=309760&_xt=AER&_xf=pdf""> AER </a>",2012-05-11 00:00:00,Other health care professional,United States,FEMALE,Dog,Spitz - German Pomeranian,Metacam 1.5 mg/ml - Oral suspension (dogs),Seizure NOS,1,1,
US-DEBIAHP-2012US05145,"<a target=""_blank""  href=""/xmlpserver/EVVET3 PW NEW/Subject Area Contents/Public Website/Report (PDF)/AER.xdo?_xpf=&_xpt=1&_params%2FOracle%20BI%20EE%3A%3ADefaultApp%3A%3AEVVET3%20PR%20NEW%2FAER%3A%3Adimension%2FAER%20Id%3A%3Aattribute%3A%3Anoaggr%3A%3Axsd%3Adouble=309762&_xt=AER&_xf=pdf""> AER </a>",2012-05-11 00:00:00,Veterinarian,United States,FEMALE,Dog,Terrier - Jack Russell,"Fuxien vet 1000 mg/g inhalaatiohöyry, neste, ISOFLURANE-Vet 1000 mg/g liquido per inalazione per cani e gatti, ISOFLURIN 1000mg/g ΥΓΡΟ ΓΙΑ ΕΙΣΠΝΕΟΜΕΝΟΥΣ ΑΤΜΟΥΣ, Isoflurane 100% Inhalation Vapour, Liquid, Isoflurane 1000 mg/g Inhalation Vapour, liquid., Metacam 1.5 mg/ml - Oral suspension (dogs), Metacam 5 mg/ml - Solution for injection (cats, dogs), Metacam 5 mg/ml - Solution for injection (cattle, pigs), Metacam 5 mg/ml - Solution for injection (dogs)",Diarrhoea,1,1,
US-DEBIAHP-2012US05218,"<a target=""_blank""  href=""/xmlpserver/EVVET3 PW NEW/Subject Area Contents/Public Website/Report (PDF)/AER.xdo?_xpf=&_xpt=1&_params%2FOracle%20BI%20EE%3A%3ADefaultApp%3A%3AEVVET3%20PR%20NEW%2FAER%3A%3Adimension%2FAER%20Id%3A%3Aattribute%3A%3Anoaggr%3A%3Axsd%3Adouble=310137&_xt=AER&_xf=pdf""> AER </a>",2012-05-14 00:00:00,Veterinarian,United States,FEMALE,Cat,Cat (other),"Metacam 0.5 mg/ml - Oral suspension (cats, guinea pigs), Metacam 0.5 mg/ml - Oral suspension (dogs), Metacam 5 mg/ml - Solution for injection (cats, dogs), Metacam 5 mg/ml - Solution for injection (cattle, pigs), Metacam 5 mg/ml - Solution for injection (dogs)","Elevated blood urea nitrogen (BUN), Elevated creatinine, Elevated liver enzymes NOS, Not eating, Vomiting",1,1,
US-DEBIAHP-2012US05251,"<a target=""_blank""  href=""/xmlpserver/EVVET3 PW NEW/Subject Area Contents/Public Website/Report (PDF)/AER.xdo?_xpf=&_xpt=1&_params%2FOracle%20BI%20EE%3A%3ADefaultApp%3A%3AEVVET3%20PR%20NEW%2FAER%3A%3Adimension%2FAER%20Id%3A%3Aattribute%3A%3Anoaggr%3A%3Axsd%3Adouble=310207&_xt=AER&_xf=pdf""> AER </a>",2012-05-14 00:00:00,Other health care professional,United States,FEMALE,Dog,Weimaraner,Metacam 1.5 mg/ml - Oral suspension (dogs),Facial swelling (see also Skin),1,1,
US-DEBIAHP-2012US05345,"<a target=""_blank""  href=""/xmlpserver/EVVET3 PW NEW/Subject Area Contents/Public Website/Report (PDF)/AER.xdo?_xpf=&_xpt=1&_params%2FOracle%20BI%20EE%3A%3ADefaultApp%3A%3AEVVET3%20PR%20NEW%2FAER%3A%3Adimension%2FAER%20Id%3A%3Aattribute%3A%3Anoaggr%3A%3Axsd%3Adouble=312453&_xt=AER&_xf=pdf""> AER </a>",2012-05-30 00:00:00,Other health care professional,United States,MALE,Cat,Cat (other),"Metacam 0.5 mg/ml - Oral suspension (cats, guinea pigs), Metacam 0.5 mg/ml - Oral suspension (dogs)","Anorexia, Dehydration, Elevated creatinine, Other abnormal test result NOS, Polyuria, Weight loss",1,1,
US-DEBIAHP-2012US05347,"<a target=""_blank""  href=""/xmlpserver/EVVET3 PW NEW/Subject Area Contents/Public Website/Report (PDF)/AER.xdo?_xpf=&_xpt=1&_params%2FOracle%20BI%20EE%3A%3ADefaultApp%3A%3AEVVET3%20PR%20NEW%2FAER%3A%3Adimension%2FAER%20Id%3A%3Aattribute%3A%3Anoaggr%3A%3Axsd%3Adouble=310263&_xt=AER&_xf=pdf""> AER </a>",2012-05-16 00:00:00,Veterinarian,United States,FEMALE,Cat,Cat (other),Metacam 1.5 mg/ml - Oral suspension (dogs),"Decreased urine concentration, Elevated blood urea nitrogen (BUN), Elevated creatinine, Hyperphosphataemia, Lethargy (see also Central nervous system depression in Neurological), Leukocytosis NOS, Polydipsia, Urinary tract infection, Weight loss",1,1,
US-DEBIAHP-2012US05369,"<a target=""_blank""  href=""/xmlpserver/EVVET3 PW NEW/Subject Area Contents/Public Website/Report (PDF)/AER.xdo?_xpf=&_xpt=1&_params%2FOracle%20BI%20EE%3A%3ADefaultApp%3A%3AEVVET3%20PR%20NEW%2FAER%3A%3Adimension%2FAER%20Id%3A%3Aattribute%3A%3Anoaggr%3A%3Axsd%3Adouble=310407&_xt=AER&_xf=pdf""> AER </a>",2012-05-16 00:00:00,Veterinarian,United States,MALE,Cat,Cat (other),Metacam 1.5 mg/ml - Oral suspension (dogs),Death,1,1,
US-DEBIAHP-2012US05395,"<a target=""_blank""  href=""/xmlpserver/EVVET3 PW NEW/Subject Area Contents/Public Website/Report (PDF)/AER.xdo?_xpf=&_xpt=1&_params%2FOracle%20BI%20EE%3A%3ADefaultApp%3A%3AEVVET3%20PR%20NEW%2FAER%3A%3Adimension%2FAER%20Id%3A%3Aattribute%3A%3Anoaggr%3A%3Axsd%3Adouble=310406&_xt=AER&_xf=pdf""> AER </a>",2012-05-16 00:00:00,Veterinarian,United States,MALE,Dog,Pug,"ATOPICA 10 mg soft capsules for dogs, ATOPICA 100 MG/ML SOLUTION BUVABLE POUR CHATS ET CHIENS, ATOPICA 25 mg CAPSULAS BLANDAS PARA PERROS, ATOPICA 25 mg capsules molles pour chiens, ATOPICA 50 mg capsules molles pour chiens, Atopica 10 mg soft capsules for dogs, Atopica 100 mg soft capsules for dogs, Atopica 100 mg/ml oral solution for cats and dogs, Atopica 25 mg soft capsules for dogs, Atopica 50 mg soft capsules for dogs, Atopica Vet. 50 mg kapseli, pehmeä, Atopica vet., 100 mg, Kapsel, mjuk, Atopica vet., 100 mg, mjuka kapslar, Atopica vet., 50 mg, Kapsel, mjuk, Metacam 1.5 mg/ml - Oral suspension (dogs)",Pruritus,1,1,
US-DEBIAHP-2012US05445,"<a target=""_blank""  href=""/xmlpserver/EVVET3 PW NEW/Subject Area Contents/Public Website/Report (PDF)/AER.xdo?_xpf=&_xpt=1&_params%2FOracle%20BI%20EE%3A%3ADefaultApp%3A%3AEVVET3%20PR%20NEW%2FAER%3A%3Adimension%2FAER%20Id%3A%3Aattribute%3A%3Anoaggr%3A%3Axsd%3Adouble=310427&_xt=AER&_xf=pdf""> AER </a>",2012-05-17 00:00:00,Other health care professional,United States,FEMALE,Dog,Terrier - Yorkshire,"Fuxien vet 1000 mg/g inhalaatiohöyry, neste, ISOFLURANE-Vet 1000 mg/g liquido per inalazione per cani e gatti, ISOFLURIN 1000mg/g ΥΓΡΟ ΓΙΑ ΕΙΣΠΝΕΟΜΕΝΟΥΣ ΑΤΜΟΥΣ, Isoflurane 100% Inhalation Vapour, Liquid, Isoflurane 1000 mg/g Inhalation Vapour, liquid., Metacam 1.5 mg/ml - Oral suspension (dogs)","Bloody diarrhoea, Hypothermia, Lethargy (see also Central nervous system depression in Neurological)",1,1,
US-DEBIAHP-2012US05694,"<a target=""_blank""  href=""/xmlpserver/EVVET3 PW NEW/Subject Area Contents/Public Website/Report (PDF)/AER.xdo?_xpf=&_xpt=1&_params%2FOracle%20BI%20EE%3A%3ADefaultApp%3A%3AEVVET3%20PR%20NEW%2FAER%3A%3Adimension%2FAER%20Id%3A%3Aattribute%3A%3Anoaggr%3A%3Axsd%3Adouble=313108&_xt=AER&_xf=pdf""> AER </a>",2012-06-04 00:00:00,Veterinarian,United States,MALE,Cat,Cat (other),"Metacam 5 mg/ml - Solution for injection (cats, dogs), Metacam 5 mg/ml - Solution for injection (cattle, pigs), Metacam 5 mg/ml - Solution for injection (dogs)","Injection site alopecia, Injection site inflammation, Injection site scab",1,1,
US-DEBIAHP-2012US05718,"<a target=""_blank""  href=""/xmlpserver/EVVET3 PW NEW/Subject Area Contents/Public Website/Report (PDF)/AER.xdo?_xpf=&_xpt=1&_params%2FOracle%20BI%20EE%3A%3ADefaultApp%3A%3AEVVET3%20PR%20NEW%2FAER%3A%3Adimension%2FAER%20Id%3A%3Aattribute%3A%3Anoaggr%3A%3Axsd%3Adouble=311648&_xt=AER&_xf=pdf""> AER </a>",2012-05-25 00:00:00,Animal owner,United States,MALE,Dog,Ridgeback - Rhodesian,Metacam 1.5 mg/ml - Oral suspension (dogs),"Blood in faeces, Loose stool, Pain NOS",1,1,
US-DEBIAHP-2012US05755,"<a target=""_blank""  href=""/xmlpserver/EVVET3 PW NEW/Subject Area Contents/Public Website/Report (PDF)/AER.xdo?_xpf=&_xpt=1&_params%2FOracle%20BI%20EE%3A%3ADefaultApp%3A%3AEVVET3%20PR%20NEW%2FAER%3A%3Adimension%2FAER%20Id%3A%3Aattribute%3A%3Anoaggr%3A%3Axsd%3Adouble=311703&_xt=AER&_xf=pdf""> AER </a>",2012-05-24 00:00:00,Veterinarian,United States,FEMALE,Dog,Schnauzer (unspecified),"Metacam 0.5 mg/ml - Oral suspension (cats, guinea pigs), Metacam 0.5 mg/ml - Oral suspension (dogs)","Death by euthanasia, Liver failure, Uncoded sign",1,1,1
US-DEBIAHP-2012US05816,"<a target=""_blank""  href=""/xmlpserver/EVVET3 PW NEW/Subject Area Contents/Public Website/Report (PDF)/AER.xdo?_xpf=&_xpt=1&_params%2FOracle%20BI%20EE%3A%3ADefaultApp%3A%3AEVVET3%20PR%20NEW%2FAER%3A%3Adimension%2FAER%20Id%3A%3Aattribute%3A%3Anoaggr%3A%3Axsd%3Adouble=311705&_xt=AER&_xf=pdf""> AER </a>",2012-05-24 00:00:00,Veterinarian,United States,MALE,Dog,Dog (other),"Dexdomitor 0.1 mg/ml - Solution for injection, Dexdomitor 0.5 mg/ml - Solution for injection, Metacam 5 mg/ml - Solution for injection (cats, dogs), Metacam 5 mg/ml - Solution for injection (cattle, pigs), Metacam 5 mg/ml - Solution for injection (dogs)","Anorexia, Ataxia, Death, Emesis, Lethargy (see also Central nervous system depression in Neurological)",1,1,
US-DEBIAHP-2012US05861,"<a target=""_blank""  href=""/xmlpserver/EVVET3 PW NEW/Subject Area Contents/Public Website/Report (PDF)/AER.xdo?_xpf=&_xpt=1&_params%2FOracle%20BI%20EE%3A%3ADefaultApp%3A%3AEVVET3%20PR%20NEW%2FAER%3A%3Adimension%2FAER%20Id%3A%3Aattribute%3A%3Anoaggr%3A%3Axsd%3Adouble=311806&_xt=AER&_xf=pdf""> AER </a>",2012-05-25 00:00:00,Veterinarian,United States,MALE,Dog,Mastiff,Metacam 1.5 mg/ml - Oral suspension (dogs),"Hypersalivation, Vomiting",1,1,
US-DEBIAHP-2012US05870,"<a target=""_blank""  href=""/xmlpserver/EVVET3 PW NEW/Subject Area Contents/Public Website/Report (PDF)/AER.xdo?_xpf=&_xpt=1&_params%2FOracle%20BI%20EE%3A%3ADefaultApp%3A%3AEVVET3%20PR%20NEW%2FAER%3A%3Adimension%2FAER%20Id%3A%3Aattribute%3A%3Anoaggr%3A%3Axsd%3Adouble=312159&_xt=AER&_xf=pdf""> AER </a>",2012-05-29 00:00:00,Animal owner,United States,MALE,Dog,Terrier - Yorkshire,Metacam 1.5 mg/ml - Oral suspension (dogs),"Renal failure, Vomiting",1,1,
US-DEBIAHP-2012US05902,"<a target=""_blank""  href=""/xmlpserver/EVVET3 PW NEW/Subject Area Contents/Public Website/Report (PDF)/AER.xdo?_xpf=&_xpt=1&_params%2FOracle%20BI%20EE%3A%3ADefaultApp%3A%3AEVVET3%20PR%20NEW%2FAER%3A%3Adimension%2FAER%20Id%3A%3Aattribute%3A%3Anoaggr%3A%3Axsd%3Adouble=315549&_xt=AER&_xf=pdf""> AER </a>",2012-06-20 00:00:00,Veterinarian,United States,MALE,Dog,Crossbred Canine/dog,Metacam 1.5 mg/ml - Oral suspension (dogs),"Blood in urine, Decreased urine concentration, Elevated renal parameters, Hyperphosphataemia, Proteinuria, Renal disorder NOS, Small liver",1,1,
US-DEBIAHP-2012US05975,"<a target=""_blank""  href=""/xmlpserver/EVVET3 PW NEW/Subject Area Contents/Public Website/Report (PDF)/AER.xdo?_xpf=&_xpt=1&_params%2FOracle%20BI%20EE%3A%3ADefaultApp%3A%3AEVVET3%20PR%20NEW%2FAER%3A%3Adimension%2FAER%20Id%3A%3Aattribute%3A%3Anoaggr%3A%3Axsd%3Adouble=312455&_xt=AER&_xf=pdf""> AER </a>",2012-05-30 00:00:00,Veterinarian,United States,FEMALE,Cat,Cat (other),"Dexdomitor 0.1 mg/ml - Solution for injection, Dexdomitor 0.5 mg/ml - Solution for injection, Metacam 0.5 mg/ml - Oral suspension (cats, guinea pigs), Metacam 0.5 mg/ml - Oral suspension (dogs), Metacam 5 mg/ml - Solution for injection (cats, dogs), Metacam 5 mg/ml - Solution for injection (cattle, pigs), Metacam 5 mg/ml - Solution for injection (dogs)","Drooling, Elevated blood urea nitrogen (BUN), Elevated creatinine, Hyperphosphataemia, Lethargy (see also Central nervous system depression in Neurological), Leukocytosis NOS, Vomiting",1,1,
US-DEBIAHP-2012US06023,"<a target=""_blank""  href=""/xmlpserver/EVVET3 PW NEW/Subject Area Contents/Public Website/Report (PDF)/AER.xdo?_xpf=&_xpt=1&_params%2FOracle%20BI%20EE%3A%3ADefaultApp%3A%3AEVVET3%20PR%20NEW%2FAER%3A%3Adimension%2FAER%20Id%3A%3Aattribute%3A%3Anoaggr%3A%3Axsd%3Adouble=312741&_xt=AER&_xf=pdf""> AER </a>",2012-06-01 00:00:00,Veterinarian,United States,FEMALE,Dog,Retriever - Labrador,"ADEQUAN IM 500 MG/5 ML SOLUTION FOR INJECTION, Adequan, Adequan 100 mg/ml Solution for Injection, Adequan 250 mg/ml Solution for Injection, Metacam 1.5 mg/ml - Oral suspension (dogs), Tramadog 50 mg tablet for dogs","Allergic oedema, Bruising, Elevated serum alkaline phosphatase (ALP), Injection site bruising, Injection site haemorrhage, Injection site oedema, Lethargy (see also Central nervous system depression in Neurological), Proteinuria, Thrombocytopenia",1,1,
US-DEBIAHP-2012US06116,"<a target=""_blank""  href=""/xmlpserver/EVVET3 PW NEW/Subject Area Contents/Public Website/Report (PDF)/AER.xdo?_xpf=&_xpt=1&_params%2FOracle%20BI%20EE%3A%3ADefaultApp%3A%3AEVVET3%20PR%20NEW%2FAER%3A%3Adimension%2FAER%20Id%3A%3Aattribute%3A%3Anoaggr%3A%3Axsd%3Adouble=312904&_xt=AER&_xf=pdf""> AER </a>",2012-06-01 00:00:00,Animal owner,United States,FEMALE,Dog,Papillon - Spaniel - Continental Toy (with erect ears or with dropped ears (Phaléne)),Metacam 1.5 mg/ml - Oral suspension (dogs),"Appetite loss, Death by euthanasia, Depression, Elevated blood urea nitrogen (BUN), Elevated creatinine, Hyperphosphataemia, Laboured breathing, Lethargy (see also Central nervous system depression in Neurological), Pancreatitis NOS, Renal failure",1,1,1
US-DEBIAHP-2012US06232,"<a target=""_blank""  href=""/xmlpserver/EVVET3 PW NEW/Subject Area Contents/Public Website/Report (PDF)/AER.xdo?_xpf=&_xpt=1&_params%2FOracle%20BI%20EE%3A%3ADefaultApp%3A%3AEVVET3%20PR%20NEW%2FAER%3A%3Adimension%2FAER%20Id%3A%3Aattribute%3A%3Anoaggr%3A%3Axsd%3Adouble=312903&_xt=AER&_xf=pdf""> AER </a>",2012-06-01 00:00:00,Other health care professional,United States,FEMALE,Dog,Shepherd Dog - German,Metacam 1.5 mg/ml - Oral suspension (dogs),Vomiting,1,1,
US-DEBIAHP-2012US06246,"<a target=""_blank""  href=""/xmlpserver/EVVET3 PW NEW/Subject Area Contents/Public Website/Report (PDF)/AER.xdo?_xpf=&_xpt=1&_params%2FOracle%20BI%20EE%3A%3ADefaultApp%3A%3AEVVET3%20PR%20NEW%2FAER%3A%3Adimension%2FAER%20Id%3A%3Aattribute%3A%3Anoaggr%3A%3Axsd%3Adouble=314303&_xt=AER&_xf=pdf""> AER </a>",2012-06-12 00:00:00,Veterinarian,United States,MALE,Cat,Cat (other),"Metacam 5 mg/ml - Solution for injection (cats, dogs), Metacam 5 mg/ml - Solution for injection (cattle, pigs), Metacam 5 mg/ml - Solution for injection (dogs)","Abnormal ultrasound finding, Death by euthanasia, Drooling, Renal failure, Vomiting",1,1,1
US-DEBIAHP-2012US06271,"<a target=""_blank""  href=""/xmlpserver/EVVET3 PW NEW/Subject Area Contents/Public Website/Report (PDF)/AER.xdo?_xpf=&_xpt=1&_params%2FOracle%20BI%20EE%3A%3ADefaultApp%3A%3AEVVET3%20PR%20NEW%2FAER%3A%3Adimension%2FAER%20Id%3A%3Aattribute%3A%3Anoaggr%3A%3Axsd%3Adouble=313946&_xt=AER&_xf=pdf""> AER </a>",2012-06-11 00:00:00,Veterinarian,United States,FEMALE,Other rodents,Other Rodents (unknown),"BAYTRIL 0,5% W/V ΠΟΣΙΜΟ ΔΙΑΛΥΜΑ, BAYTRIL 0,5% πόσιμο διάλυμα ενροφλοξακίνης για ορνίθια και γαλοπούλες, BAYTRIL 10 % SOLUTION BUVABLE, BAYTRIL 10 % SOLUTION INJECTABLE, BAYTRIL 10% W/V ΠΟΣΙΜΟ ΔΙΑΛΥΜΑ, BAYTRIL 100 mg/ml - soluţie orală, BAYTRIL 100 mg/ml SOLUCION INYECTABLE, BAYTRIL 100 mg/ml soluție injectabilă, BAYTRIL 15 mg δισκία για γάτες και σκύλους, BAYTRIL 150 mg δισκία για γάτες και σκύλους, BAYTRIL 2,5 % SOLUTION BUVABLE, BAYTRIL 2,5 % SOLUTION INJECTABLE, BAYTRIL 2,5% W/V ΕΝΕΣΙΜΟ ΔΙΑΛΥΜΑ, BAYTRIL 2,5% W/V ΠΟΣΙΜΟ ΔΙΑΛΥΜΑ, BAYTRIL 25 mg/ml SOLUCION INYECTABLE, BAYTRIL 25 mg/ml SOLUCION ORAL, BAYTRIL 5 % SOLUTION INJECTABLE, BAYTRIL 5 mg/ml SOLUCION ORAL, BAYTRIL 50 mg δισκία για γάτες και σκύλους, BAYTRIL 50 mg/ml SOLUCION INYECTABLE, BAYTRIL 50mg/ml ενέσιμο διάλυμα, BAYTRIL, 25mg/ml, Injekční roztok, BAYTRIL, 5% ενέσιμο διάλυμα για μόσχους, χοίρους, πρόβατα, αίγες, σκύλους και γάτες, BAYTRIL, 50mg/ml, Injekční roztok, Baytril  100 mg/ml Oplossing voor injectie, Baytril  100 mg/ml Solution injectable, Baytril - Das Original - 100 mg/ml Injektionslösung, Baytril - Das Original - 25 mg/ml Injektionslösung, Baytril - Das Original - 50 mg/ml Injektionslösung, Baytril 0,5 % solução oral para leitões, Baytril 0,5%, Baytril 10 % solução oral, Baytril 10%, Baytril 10% O.L., Baytril 10% Oral Solution, Baytril 100 mg/mL, otopina za injekciju, za goveda, ovce, koze i svinje, Baytril 100 mg/mL, otopina za primjenu u vodi za piće, za kokoši, purane i kuniće, Baytril 100 mg/ml - Injektionslösung für Tiere, Baytril 100 mg/ml - Lösung zum Eingeben für Hühner, Puten und Kaninchen, Baytril 100 mg/ml Oplossing voor gebruik in drinkwater, Baytril 100 mg/ml Solution buvable, Baytril 100 mg/ml Solution for Injection, Baytril 100 mg/ml koncentrat za peroralno raztopino za piščance, purane in kunce, Baytril 100 mg/ml oldat ivóvízbe keveréshez A.U.V., Baytril 100 mg/ml oplossing voor gebruik in drinkwater voor kippen, kalkoenen en konijnen, Baytril 100 mg/ml oplossing voor injectie, Baytril 100 mg/ml raztopina za injiciranje, Baytril 100 mg/ml solution for injection, Baytril 100 mg/ml soluzione iniettabile, Baytril 100 mg/ml solução injetável, Baytril 150 mg tabletta A.U.V., Baytril 2,5%, 25 mg/mL, otopina za injekciju za pse, mačke, prasad, kuniće, glodavce, gmazove i ukrasne ptice, Baytril 25 mg/ml - Injektionslösung für Tiere, Baytril 25 mg/ml - Lösung zum Eingeben für Kälber und Lämmer, Baytril 25 mg/ml Lösung zum Eingeben für Rinder (Kälber), Baytril 25 mg/ml Oplossing voor injectie, Baytril 25 mg/ml Oral Solution, Baytril 25 mg/ml Solution injectable, Baytril 25 mg/ml injekčný roztok, Baytril 25 mg/ml oldatos injekció A.U.V., Baytril 25 mg/ml oplossing voor injectie, Baytril 25 mg/ml roztwór do wstrzykiwań, Baytril 25 mg/ml solution for injection, Baytril 25 mg/ml soluzione iniettabile, Baytril 25 mg/ml soluzione iniettabile per cani, gatti, roditori e conigli da compagnia, rettili e uccelli ornamentali, Baytril 25 mg/ml soluzione orale per vitelli, ovini, caprini, suini, Baytril 25 mg/ml solução injetável, Baytril 5 mg/ml - Lösung zum Eingeben für Schweine, Baytril 5 mg/ml belsőleges oldat sertések részére A.U.V., Baytril 50 mg tabletta A.U.V., Baytril 50 mg/mL, otopina za injekciju, za telad, ovce, koze, svinje, pse i mačke, Baytril 50 mg/ml - Injektionslösung für Tiere, Baytril 50 mg/ml Oplossing voor injectie, Baytril 50 mg/ml Solution for Injection, Baytril 50 mg/ml Solution injectable, Baytril 50 mg/ml injekčný roztok, Baytril 50 mg/ml oldatos injekció A.U.V., Baytril 50 mg/ml oplossing voor injectie, Baytril 50 mg/ml raztopina za injiciranje, Baytril 50 mg/ml soluzione iniettabile, Baytril 50 mg/ml solução injetável, Baytril 50 mg/ml soluție injectabilă, Baytril Direct 100 mg/ml Injektionslösung für Rinder und Schweine, Baytril Piglet Doser 0.5% Oral Solution, Baytril Vet. 100 mg/ml injektionsvæske, opløsning, Baytril Vet. 150 mg tabletter, Baytril Vet. 25 mg/ml oral opløsning, Baytril Vet. 50 mg tabletter, Baytril Vet. 50 mg/ml i","Death by euthanasia, Dehydration, Diarrhoea, Seizure NOS",1,1,1
US-DEBIAHP-2012US06299,"<a target=""_blank""  href=""/xmlpserver/EVVET3 PW NEW/Subject Area Contents/Public Website/Report (PDF)/AER.xdo?_xpf=&_xpt=1&_params%2FOracle%20BI%20EE%3A%3ADefaultApp%3A%3AEVVET3%20PR%20NEW%2FAER%3A%3Adimension%2FAER%20Id%3A%3Aattribute%3A%3Anoaggr%3A%3Axsd%3Adouble=313039&_xt=AER&_xf=pdf""> AER </a>",2012-06-04 00:00:00,Animal owner,United States,MALE,Cat,Cat (other),"CEPHALEXIN 180 mg/ml suspenzija za injiciranje, Dexamethasone 2 mg/mL, Dexamethasone 2 mg/ml, Dexamethasone 2 mg/ml 2 mg/ml šķīdums injekcijām zirgiem, liellopiem, aitām, kazām, cūkām, suņiem un kaķiem, Dexamethasone 2 mg/ml solution for injection for dogs, cats, cattle and horses, Dexamethasone pro inj, 2 mg/ml oplossing voor injectie voor honden en katten, Metacam 1.5 mg/ml - Oral suspension (dogs), Metacam 5 mg/ml - Solution for injection (cats, dogs), Metacam 5 mg/ml - Solution for injection (cattle, pigs), Metacam 5 mg/ml - Solution for injection (dogs), ДЕКСАМЕТАЗОН 2 mg/ml инжекционен разтвор","Death, Lethargy (see also Central nervous system depression in Neurological)",1,1,
US-DEBIAHP-2012US06322,"<a target=""_blank""  href=""/xmlpserver/EVVET3 PW NEW/Subject Area Contents/Public Website/Report (PDF)/AER.xdo?_xpf=&_xpt=1&_params%2FOracle%20BI%20EE%3A%3ADefaultApp%3A%3AEVVET3%20PR%20NEW%2FAER%3A%3Adimension%2FAER%20Id%3A%3Aattribute%3A%3Anoaggr%3A%3Axsd%3Adouble=315138&_xt=AER&_xf=pdf""> AER </a>",2012-06-18 00:00:00,Other health care professional,United States,MALE,Cat,Cat (other),"Convenia 80 mg/ml  - Powder and solvent for solution for injection, DOLOREX, Dexdomitor 0.1 mg/ml - Solution for injection, Dexdomitor 0.5 mg/ml - Solution for injection, Dolorex 10 mg/ml Solution for Injection for horse, dog and cat, Dolorex 10 mg/ml ενέσιμο διάλυμα για άλογο, σκύλο και γάτα, Ketamin 10 % šķīdums injekcijām suņiem un kaķiem, Ketamin 10%, Ketamin 100 mg/ml, Ketamine 10% oplossing voor injectie voor honden en katten, Ketamine 10% pro inj., oplossing voor injectie voor honden en katten, Ketamine 10% šķīdums injekcijām suņiem un kaķiem, Ketamine 10%, oplossing voor injectie voor honden en katten, LIDOCAINE 2% (w/w) injekčný roztok, LIDOCAINE, 2%, Injekční roztok, Lidocaine 2 inj. (+noradrenaline), injectievloeistof voor honden en katten, Lidocaine 20 mg/ml + adrenaline 10 mcg/ml, oplossing voor injectie voor honden en katten, Lidocaine 4% inj. oplossing voor injectie voor honden en katten, Metacam 5 mg/ml - Solution for injection (cats, dogs), Metacam 5 mg/ml - Solution for injection (cattle, pigs), Metacam 5 mg/ml - Solution for injection (dogs), КЕТАМИН 10 %","Angioedema, Anorexia, Dehydration, Hypocalcaemic condition, Hypoproteinaemia, Inappetence, Leukocytosis NOS, Licking, Moist dermatitis, Other abnormal test result NOS",1,1,
US-DEBIAHP-2012US06338,"<a target=""_blank""  href=""/xmlpserver/EVVET3 PW NEW/Subject Area Contents/Public Website/Report (PDF)/AER.xdo?_xpf=&_xpt=1&_params%2FOracle%20BI%20EE%3A%3ADefaultApp%3A%3AEVVET3%20PR%20NEW%2FAER%3A%3Adimension%2FAER%20Id%3A%3Aattribute%3A%3Anoaggr%3A%3Axsd%3Adouble=313800&_xt=AER&_xf=pdf""> AER </a>",2012-06-08 00:00:00,Veterinarian,United States,MALE,Dog,Maltese,"Metacam 5 mg/ml - Solution for injection (cats, dogs), Metacam 5 mg/ml - Solution for injection (cattle, pigs), Metacam 5 mg/ml - Solution for injection (dogs)",Drooling,1,1,
US-DEBIAHP-2012US06339,"<a target=""_blank""  href=""/xmlpserver/EVVET3 PW NEW/Subject Area Contents/Public Website/Report (PDF)/AER.xdo?_xpf=&_xpt=1&_params%2FOracle%20BI%20EE%3A%3ADefaultApp%3A%3AEVVET3%20PR%20NEW%2FAER%3A%3Adimension%2FAER%20Id%3A%3Aattribute%3A%3Anoaggr%3A%3Axsd%3Adouble=313822&_xt=AER&_xf=pdf""> AER </a>",2012-06-08 00:00:00,Veterinarian,United States,MALE,Dog,Poodle - Miniature,"Metacam 0.5 mg/ml - Oral suspension (cats, guinea pigs), Metacam 0.5 mg/ml - Oral suspension (dogs)","Death by euthanasia, Decreased appetite, Elevated alanine aminotransferase (ALT), Elevated aspartate aminotransferase (AST), Other abnormal test result NOS, Weight loss",1,1,1
US-DEBIAHP-2012US06549,"<a target=""_blank""  href=""/xmlpserver/EVVET3 PW NEW/Subject Area Contents/Public Website/Report (PDF)/AER.xdo?_xpf=&_xpt=1&_params%2FOracle%20BI%20EE%3A%3ADefaultApp%3A%3AEVVET3%20PR%20NEW%2FAER%3A%3Adimension%2FAER%20Id%3A%3Aattribute%3A%3Anoaggr%3A%3Axsd%3Adouble=313950&_xt=AER&_xf=pdf""> AER </a>",2012-06-12 00:00:00,Veterinarian,United States,FEMALE,Dog,Dog (other),Metacam 1.5 mg/ml - Oral suspension (dogs),Lymphocytosis,1,1,
US-DEBIAHP-2012US06648,"<a target=""_blank""  href=""/xmlpserver/EVVET3 PW NEW/Subject Area Contents/Public Website/Report (PDF)/AER.xdo?_xpf=&_xpt=1&_params%2FOracle%20BI%20EE%3A%3ADefaultApp%3A%3AEVVET3%20PR%20NEW%2FAER%3A%3Adimension%2FAER%20Id%3A%3Aattribute%3A%3Anoaggr%3A%3Axsd%3Adouble=314606&_xt=AER&_xf=pdf""> AER </a>",2012-06-13 00:00:00,Veterinarian,United States,FEMALE,Dog,Whippet,Metacam 1.5 mg/ml - Oral suspension (dogs),Blood in urine,1,1,
US-DEBIAHP-2012US06654,"<a target=""_blank""  href=""/xmlpserver/EVVET3 PW NEW/Subject Area Contents/Public Website/Report (PDF)/AER.xdo?_xpf=&_xpt=1&_params%2FOracle%20BI%20EE%3A%3ADefaultApp%3A%3AEVVET3%20PR%20NEW%2FAER%3A%3Adimension%2FAER%20Id%3A%3Aattribute%3A%3Anoaggr%3A%3Axsd%3Adouble=314605&_xt=AER&_xf=pdf""> AER </a>",2012-06-13 00:00:00,Animal owner,United States,FEMALE,Cat,Cat (other),Metacam 1.5 mg/ml - Oral suspension (dogs),Anuria,1,1,
US-DEBIAHP-2012US06658,"<a target=""_blank""  href=""/xmlpserver/EVVET3 PW NEW/Subject Area Contents/Public Website/Report (PDF)/AER.xdo?_xpf=&_xpt=1&_params%2FOracle%20BI%20EE%3A%3ADefaultApp%3A%3AEVVET3%20PR%20NEW%2FAER%3A%3Adimension%2FAER%20Id%3A%3Aattribute%3A%3Anoaggr%3A%3Axsd%3Adouble=314740&_xt=AER&_xf=pdf""> AER </a>",2012-06-14 00:00:00,Other health care professional,United States,FEMALE,Dog,Shepherd Dog - German,Metacam 1.5 mg/ml - Oral suspension (dogs),"Bloody diarrhoea, Death by euthanasia, Not eating, Vomiting, Weight loss",1,1,1
US-DEBIAHP-2012US06691,"<a target=""_blank""  href=""/xmlpserver/EVVET3 PW NEW/Subject Area Contents/Public Website/Report (PDF)/AER.xdo?_xpf=&_xpt=1&_params%2FOracle%20BI%20EE%3A%3ADefaultApp%3A%3AEVVET3%20PR%20NEW%2FAER%3A%3Adimension%2FAER%20Id%3A%3Aattribute%3A%3Anoaggr%3A%3Axsd%3Adouble=316348&_xt=AER&_xf=pdf""> AER </a>",2012-06-25 00:00:00,Veterinarian,United States,MALE,Dog,Dog (other),"CEPHALEXIN 180 mg/ml suspenzija za injiciranje, Metacam 1.5 mg/ml - Oral suspension (dogs)","Death by euthanasia, Disorientation, Incoordination, Neurological signs NOS, Uncoded sign",1,1,1
US-DEBIAHP-2012US06701,"<a target=""_blank""  href=""/xmlpserver/EVVET3 PW NEW/Subject Area Contents/Public Website/Report (PDF)/AER.xdo?_xpf=&_xpt=1&_params%2FOracle%20BI%20EE%3A%3ADefaultApp%3A%3AEVVET3%20PR%20NEW%2FAER%3A%3Adimension%2FAER%20Id%3A%3Aattribute%3A%3Anoaggr%3A%3Axsd%3Adouble=314737&_xt=AER&_xf=pdf""> AER </a>",2012-06-14 00:00:00,Animal owner,United States,MALE,Dog,Dog (other),Metacam 1.5 mg/ml - Oral suspension (dogs),Diarrhoea,1,1,
US-DEBIAHP-2012US06728,"<a target=""_blank""  href=""/xmlpserver/EVVET3 PW NEW/Subject Area Contents/Public Website/Report (PDF)/AER.xdo?_xpf=&_xpt=1&_params%2FOracle%20BI%20EE%3A%3ADefaultApp%3A%3AEVVET3%20PR%20NEW%2FAER%3A%3Adimension%2FAER%20Id%3A%3Aattribute%3A%3Anoaggr%3A%3Axsd%3Adouble=314656&_xt=AER&_xf=pdf""> AER </a>",2012-06-14 00:00:00,Animal owner,United States,MALE,Dog,Dog (other),Metacam 1.5 mg/ml - Oral suspension (dogs),Death,1,1,
US-DEBIAHP-2012US06734,"<a target=""_blank""  href=""/xmlpserver/EVVET3 PW NEW/Subject Area Contents/Public Website/Report (PDF)/AER.xdo?_xpf=&_xpt=1&_params%2FOracle%20BI%20EE%3A%3ADefaultApp%3A%3AEVVET3%20PR%20NEW%2FAER%3A%3Adimension%2FAER%20Id%3A%3Aattribute%3A%3Anoaggr%3A%3Axsd%3Adouble=314657&_xt=AER&_xf=pdf""> AER </a>",2012-06-14 00:00:00,Other health care professional,United States,FEMALE,Dog,Dog (other),Metacam 1.5 mg/ml - Oral suspension (dogs),"Bloody diarrhoea, Vomiting",1,1,
US-DEBIAHP-2012US06738,"<a target=""_blank""  href=""/xmlpserver/EVVET3 PW NEW/Subject Area Contents/Public Website/Report (PDF)/AER.xdo?_xpf=&_xpt=1&_params%2FOracle%20BI%20EE%3A%3ADefaultApp%3A%3AEVVET3%20PR%20NEW%2FAER%3A%3Adimension%2FAER%20Id%3A%3Aattribute%3A%3Anoaggr%3A%3Axsd%3Adouble=314921&_xt=AER&_xf=pdf""> AER </a>",2012-06-15 00:00:00,Veterinarian,United States,FEMALE,Dog,Spaniel - King Charles,Metacam 1.5 mg/ml - Oral suspension (dogs),Blood in faeces,1,1,
US-DEBIAHP-2012US06766,"<a target=""_blank""  href=""/xmlpserver/EVVET3 PW NEW/Subject Area Contents/Public Website/Report (PDF)/AER.xdo?_xpf=&_xpt=1&_params%2FOracle%20BI%20EE%3A%3ADefaultApp%3A%3AEVVET3%20PR%20NEW%2FAER%3A%3Adimension%2FAER%20Id%3A%3Aattribute%3A%3Anoaggr%3A%3Axsd%3Adouble=314815&_xt=AER&_xf=pdf""> AER </a>",2012-06-14 00:00:00,Animal owner,United States,FEMALE,Cat,Cat (other),"ADEQUAN IM 500 MG/5 ML SOLUTION FOR INJECTION, Adequan, Adequan 100 mg/ml Solution for Injection, Adequan 250 mg/ml Solution for Injection, Metacam 0.5 mg/ml - Oral suspension (cats, guinea pigs), Metacam 0.5 mg/ml - Oral suspension (dogs)","Elevated blood urea nitrogen (BUN), Elevated creatinine, Hyperphosphataemia, Not eating, Uncoded sign",1,1,
US-DEBIAHP-2012US06777,"<a target=""_blank""  href=""/xmlpserver/EVVET3 PW NEW/Subject Area Contents/Public Website/Report (PDF)/AER.xdo?_xpf=&_xpt=1&_params%2FOracle%20BI%20EE%3A%3ADefaultApp%3A%3AEVVET3%20PR%20NEW%2FAER%3A%3Adimension%2FAER%20Id%3A%3Aattribute%3A%3Anoaggr%3A%3Axsd%3Adouble=314741&_xt=AER&_xf=pdf""> AER </a>",2012-06-15 00:00:00,Other health care professional,United States,FEMALE,Dog,Siberian Husky,Metacam 1.5 mg/ml - Oral suspension (dogs),Lack of efficacy - NOS,1,1,
US-DEBIAHP-2012US06846,"<a target=""_blank""  href=""/xmlpserver/EVVET3 PW NEW/Subject Area Contents/Public Website/Report (PDF)/AER.xdo?_xpf=&_xpt=1&_params%2FOracle%20BI%20EE%3A%3ADefaultApp%3A%3AEVVET3%20PR%20NEW%2FAER%3A%3Adimension%2FAER%20Id%3A%3Aattribute%3A%3Anoaggr%3A%3Axsd%3Adouble=317635&_xt=AER&_xf=pdf""> AER </a>",2012-07-03 00:00:00,Veterinarian,United States,MALE,Cat,Cat (other),"Metacam 1.5 mg/ml - Oral suspension (dogs), Metacam 5 mg/ml - Solution for injection (cats, dogs), Metacam 5 mg/ml - Solution for injection (cattle, pigs), Metacam 5 mg/ml - Solution for injection (dogs)","Abnormal radiograph finding, Anaemia NOS, Anorexia, Depression, Drooling, Elevated blood urea nitrogen (BUN), Elevated creatinine, Gastric perforation, Glucosuria, Hyperglycaemia, Hyperphosphataemia, Hypoproteinaemia, Leukocytosis NOS, Peritonitis",1,1,
US-DEBIAHP-2012US06854,"<a target=""_blank""  href=""/xmlpserver/EVVET3 PW NEW/Subject Area Contents/Public Website/Report (PDF)/AER.xdo?_xpf=&_xpt=1&_params%2FOracle%20BI%20EE%3A%3ADefaultApp%3A%3AEVVET3%20PR%20NEW%2FAER%3A%3Adimension%2FAER%20Id%3A%3Aattribute%3A%3Anoaggr%3A%3Axsd%3Adouble=318024&_xt=AER&_xf=pdf""> AER </a>",2012-07-05 00:00:00,Veterinarian,United States,MALE,Cat,Cat (other),"Metacam 0.5 mg/ml - Oral suspension (cats, guinea pigs), Metacam 0.5 mg/ml - Oral suspension (dogs)","Decreased urine concentration, Elevated renal parameters, Hyperphosphataemia, Inappetence, Renal disorder NOS, Vomiting",1,1,
US-DEBIAHP-2012US06875,"<a target=""_blank""  href=""/xmlpserver/EVVET3 PW NEW/Subject Area Contents/Public Website/Report (PDF)/AER.xdo?_xpf=&_xpt=1&_params%2FOracle%20BI%20EE%3A%3ADefaultApp%3A%3AEVVET3%20PR%20NEW%2FAER%3A%3Adimension%2FAER%20Id%3A%3Aattribute%3A%3Anoaggr%3A%3Axsd%3Adouble=314920&_xt=AER&_xf=pdf""> AER </a>",2012-06-15 00:00:00,Veterinarian,United States,MALE,Cat,Cat (other),"Metacam 5 mg/ml - Solution for injection (cats, dogs), Metacam 5 mg/ml - Solution for injection (cattle, pigs), Metacam 5 mg/ml - Solution for injection (dogs), Tramadog 50 mg tablet for dogs","Death, Dilated pupils",1,1,
US-DEBIAHP-2012US06880,"<a target=""_blank""  href=""/xmlpserver/EVVET3 PW NEW/Subject Area Contents/Public Website/Report (PDF)/AER.xdo?_xpf=&_xpt=1&_params%2FOracle%20BI%20EE%3A%3ADefaultApp%3A%3AEVVET3%20PR%20NEW%2FAER%3A%3Adimension%2FAER%20Id%3A%3Aattribute%3A%3Anoaggr%3A%3Axsd%3Adouble=315628&_xt=AER&_xf=pdf""> AER </a>",2012-06-20 00:00:00,Veterinarian,United States,MALE,Dog,Corgi - Welsh Cardigan,Metacam 1.5 mg/ml - Oral suspension (dogs),"Elevated alanine aminotransferase (ALT), Elevated serum alkaline phosphatase (ALP)",1,1,
US-DEBIAHP-2012US06882,"<a target=""_blank""  href=""/xmlpserver/EVVET3 PW NEW/Subject Area Contents/Public Website/Report (PDF)/AER.xdo?_xpf=&_xpt=1&_params%2FOracle%20BI%20EE%3A%3ADefaultApp%3A%3AEVVET3%20PR%20NEW%2FAER%3A%3Adimension%2FAER%20Id%3A%3Aattribute%3A%3Anoaggr%3A%3Axsd%3Adouble=321506&_xt=AER&_xf=pdf""> AER </a>",2012-08-08 00:00:00,Veterinarian,United States,FEMALE,Dog,Mastiff,Metacam 1.5 mg/ml - Oral suspension (dogs),"Elevated blood urea nitrogen (BUN), Elevated creatinine, Inappetence, Lethargy (see also Central nervous system depression in Neurological), Urinary tract infection",1,1,
US-DEBIAHP-2012US06903,"<a target=""_blank""  href=""/xmlpserver/EVVET3 PW NEW/Subject Area Contents/Public Website/Report (PDF)/AER.xdo?_xpf=&_xpt=1&_params%2FOracle%20BI%20EE%3A%3ADefaultApp%3A%3AEVVET3%20PR%20NEW%2FAER%3A%3Adimension%2FAER%20Id%3A%3Aattribute%3A%3Anoaggr%3A%3Axsd%3Adouble=314832&_xt=AER&_xf=pdf""> AER </a>",2012-06-15 00:00:00,Animal owner,United States,MALE,Dog,Retriever - Labrador,Metacam 1.5 mg/ml - Oral suspension (dogs),"Bloody diarrhoea, Vomiting",1,1,
US-DEBIAHP-2012US06914,"<a target=""_blank""  href=""/xmlpserver/EVVET3 PW NEW/Subject Area Contents/Public Website/Report (PDF)/AER.xdo?_xpf=&_xpt=1&_params%2FOracle%20BI%20EE%3A%3ADefaultApp%3A%3AEVVET3%20PR%20NEW%2FAER%3A%3Adimension%2FAER%20Id%3A%3Aattribute%3A%3Anoaggr%3A%3Axsd%3Adouble=314834&_xt=AER&_xf=pdf""> AER </a>",2012-06-15 00:00:00,Animal owner,United States,FEMALE,Dog,Terrier - West Highland White,Metacam 1.5 mg/ml - Oral suspension (dogs),"Drinking a lot, Elevated serum alkaline phosphatase (ALP), Impaired vision, Lethargy (see also Central nervous system depression in Neurological), Urination, Vomiting",1,1,
US-DEBIAHP-2012US07010,"<a target=""_blank""  href=""/xmlpserver/EVVET3 PW NEW/Subject Area Contents/Public Website/Report (PDF)/AER.xdo?_xpf=&_xpt=1&_params%2FOracle%20BI%20EE%3A%3ADefaultApp%3A%3AEVVET3%20PR%20NEW%2FAER%3A%3Adimension%2FAER%20Id%3A%3Aattribute%3A%3Anoaggr%3A%3Axsd%3Adouble=319046&_xt=AER&_xf=pdf""> AER </a>",2012-07-16 00:00:00,Veterinarian,United States,MALE,Dog,Otterhound,Metacam 1.5 mg/ml - Oral suspension (dogs),"Death, Lack of efficacy - NOS, Weight loss",1,1,
US-DEBIAHP-2012US07041,"<a target=""_blank""  href=""/xmlpserver/EVVET3 PW NEW/Subject Area Contents/Public Website/Report (PDF)/AER.xdo?_xpf=&_xpt=1&_params%2FOracle%20BI%20EE%3A%3ADefaultApp%3A%3AEVVET3%20PR%20NEW%2FAER%3A%3Adimension%2FAER%20Id%3A%3Aattribute%3A%3Anoaggr%3A%3Axsd%3Adouble=315783&_xt=AER&_xf=pdf""> AER </a>",2012-06-21 00:00:00,Other health care professional,United States,UNKNOWN,Dog,Dog (other),"Metacam 5 mg/ml - Solution for injection (cats, dogs), Metacam 5 mg/ml - Solution for injection (cattle, pigs), Metacam 5 mg/ml - Solution for injection (dogs)",Injection site irritation,1,1,
US-DEBIAHP-2012US07051,"<a target=""_blank""  href=""/xmlpserver/EVVET3 PW NEW/Subject Area Contents/Public Website/Report (PDF)/AER.xdo?_xpf=&_xpt=1&_params%2FOracle%20BI%20EE%3A%3ADefaultApp%3A%3AEVVET3%20PR%20NEW%2FAER%3A%3Adimension%2FAER%20Id%3A%3Aattribute%3A%3Anoaggr%3A%3Axsd%3Adouble=315374&_xt=AER&_xf=pdf""> AER </a>",2012-06-19 00:00:00,Veterinarian,United States,FEMALE,Cat,Cat (other),"Convenia 80 mg/ml  - Powder and solvent for solution for injection, Metacam 5 mg/ml - Solution for injection (cats, dogs), Metacam 5 mg/ml - Solution for injection (cattle, pigs), Metacam 5 mg/ml - Solution for injection (dogs)","Anorexia, Death by euthanasia, Elevated blood urea nitrogen (BUN), Elevated creatinine, Hyperphosphataemia, Lethargy (see also Central nervous system depression in Neurological), Vomiting",1,1,1
US-DEBIAHP-2012US07052,"<a target=""_blank""  href=""/xmlpserver/EVVET3 PW NEW/Subject Area Contents/Public Website/Report (PDF)/AER.xdo?_xpf=&_xpt=1&_params%2FOracle%20BI%20EE%3A%3ADefaultApp%3A%3AEVVET3%20PR%20NEW%2FAER%3A%3Adimension%2FAER%20Id%3A%3Aattribute%3A%3Anoaggr%3A%3Axsd%3Adouble=315379&_xt=AER&_xf=pdf""> AER </a>",2012-06-19 00:00:00,Veterinarian,United States,FEMALE,Dog,Shepherd Dog - German,"Metacam 5 mg/ml - Solution for injection (cats, dogs), Metacam 5 mg/ml - Solution for injection (cattle, pigs), Metacam 5 mg/ml - Solution for injection (dogs)","Collapse NOS (see also Cardio-vascular and Neurological disorders), Sudden death",1,1,
US-DEBIAHP-2012US07190,"<a target=""_blank""  href=""/xmlpserver/EVVET3 PW NEW/Subject Area Contents/Public Website/Report (PDF)/AER.xdo?_xpf=&_xpt=1&_params%2FOracle%20BI%20EE%3A%3ADefaultApp%3A%3AEVVET3%20PR%20NEW%2FAER%3A%3Adimension%2FAER%20Id%3A%3Aattribute%3A%3Anoaggr%3A%3Axsd%3Adouble=319044&_xt=AER&_xf=pdf""> AER </a>",2012-07-16 00:00:00,Veterinarian,United States,FEMALE,Cat,Cat (other),"Metacam 5 mg/ml - Solution for injection (cats, dogs), Metacam 5 mg/ml - Solution for injection (cattle, pigs), Metacam 5 mg/ml - Solution for injection (dogs)","Dehydration, Elevated blood urea nitrogen (BUN), Elevated creatinine, Hypercalcaemia, Hyperkalaemia, Hyperphosphataemia, Lethargy (see also Central nervous system depression in Neurological), Not eating, Vomiting, Weight loss",1,1,
US-DEBIAHP-2012US07222,"<a target=""_blank""  href=""/xmlpserver/EVVET3 PW NEW/Subject Area Contents/Public Website/Report (PDF)/AER.xdo?_xpf=&_xpt=1&_params%2FOracle%20BI%20EE%3A%3ADefaultApp%3A%3AEVVET3%20PR%20NEW%2FAER%3A%3Adimension%2FAER%20Id%3A%3Aattribute%3A%3Anoaggr%3A%3Axsd%3Adouble=315879&_xt=AER&_xf=pdf""> AER </a>",2012-06-21 00:00:00,Other health care professional,United States,FEMALE,Dog,Retriever - Chesapeake Bay,Metacam 1.5 mg/ml - Oral suspension (dogs),Diabetes mellitus,1,1,
US-DEBIAHP-2012US07303,"<a target=""_blank""  href=""/xmlpserver/EVVET3 PW NEW/Subject Area Contents/Public Website/Report (PDF)/AER.xdo?_xpf=&_xpt=1&_params%2FOracle%20BI%20EE%3A%3ADefaultApp%3A%3AEVVET3%20PR%20NEW%2FAER%3A%3Adimension%2FAER%20Id%3A%3Aattribute%3A%3Anoaggr%3A%3Axsd%3Adouble=320083&_xt=AER&_xf=pdf""> AER </a>",2012-07-24 00:00:00,Veterinarian,United States,FEMALE,Dog,Mountain Dog - Bernese,Metacam 1.5 mg/ml - Oral suspension (dogs),Lack of efficacy - NOS,1,1,
US-DEBIAHP-2012US07319,"<a target=""_blank""  href=""/xmlpserver/EVVET3 PW NEW/Subject Area Contents/Public Website/Report (PDF)/AER.xdo?_xpf=&_xpt=1&_params%2FOracle%20BI%20EE%3A%3ADefaultApp%3A%3AEVVET3%20PR%20NEW%2FAER%3A%3Adimension%2FAER%20Id%3A%3Aattribute%3A%3Anoaggr%3A%3Axsd%3Adouble=316592&_xt=AER&_xf=pdf""> AER </a>",2012-06-27 00:00:00,Animal owner,United States,FEMALE,Dog,Retriever - Golden,Metacam 1.5 mg/ml - Oral suspension (dogs),Diarrhoea,1,1,
US-DEBIAHP-2012US07352,"<a target=""_blank""  href=""/xmlpserver/EVVET3 PW NEW/Subject Area Contents/Public Website/Report (PDF)/AER.xdo?_xpf=&_xpt=1&_params%2FOracle%20BI%20EE%3A%3ADefaultApp%3A%3AEVVET3%20PR%20NEW%2FAER%3A%3Adimension%2FAER%20Id%3A%3Aattribute%3A%3Anoaggr%3A%3Axsd%3Adouble=323549&_xt=AER&_xf=pdf""> AER </a>",2012-08-24 00:00:00,Animal owner,United States,FEMALE,Dog,Beagle,Metacam 1.5 mg/ml - Oral suspension (dogs),"Abdominal pain, Anorexia, Death, Elevated liver enzymes NOS, Hepatic neoplasm, Lethargy (see also Central nervous system depression in Neurological)",1,1,
US-DEBIAHP-2012US07358,"<a target=""_blank""  href=""/xmlpserver/EVVET3 PW NEW/Subject Area Contents/Public Website/Report (PDF)/AER.xdo?_xpf=&_xpt=1&_params%2FOracle%20BI%20EE%3A%3ADefaultApp%3A%3AEVVET3%20PR%20NEW%2FAER%3A%3Adimension%2FAER%20Id%3A%3Aattribute%3A%3Anoaggr%3A%3Axsd%3Adouble=316360&_xt=AER&_xf=pdf""> AER </a>",2012-06-25 00:00:00,Other health care professional,United States,FEMALE,Dog,Chihuahua,"Metacam 0.5 mg/ml - Oral suspension (cats, guinea pigs), Metacam 0.5 mg/ml - Oral suspension (dogs)",Seizure NOS,1,1,
US-DEBIAHP-2012US07403,"<a target=""_blank""  href=""/xmlpserver/EVVET3 PW NEW/Subject Area Contents/Public Website/Report (PDF)/AER.xdo?_xpf=&_xpt=1&_params%2FOracle%20BI%20EE%3A%3ADefaultApp%3A%3AEVVET3%20PR%20NEW%2FAER%3A%3Adimension%2FAER%20Id%3A%3Aattribute%3A%3Anoaggr%3A%3Axsd%3Adouble=316536&_xt=AER&_xf=pdf""> AER </a>",2012-06-26 00:00:00,Animal owner,United States,FEMALE,Dog,Dog (other),Metacam 1.5 mg/ml - Oral suspension (dogs),"Death, Renal failure, Vestibular disorder NOS",1,1,
US-DEBIAHP-2012US07474,"<a target=""_blank""  href=""/xmlpserver/EVVET3 PW NEW/Subject Area Contents/Public Website/Report (PDF)/AER.xdo?_xpf=&_xpt=1&_params%2FOracle%20BI%20EE%3A%3ADefaultApp%3A%3AEVVET3%20PR%20NEW%2FAER%3A%3Adimension%2FAER%20Id%3A%3Aattribute%3A%3Anoaggr%3A%3Axsd%3Adouble=316922&_xt=AER&_xf=pdf""> AER </a>",2012-06-28 00:00:00,Other health care professional,United States,MALE,Dog,Chihuahua,"Metacam 0.5 mg/ml - Oral suspension (cats, guinea pigs), Metacam 0.5 mg/ml - Oral suspension (dogs)","Blood in faeces, Blood in vomit, Dehydration, Elevated blood urea nitrogen (BUN), Leukocytosis NOS",1,1,
US-DEBIAHP-2012US07576,"<a target=""_blank""  href=""/xmlpserver/EVVET3 PW NEW/Subject Area Contents/Public Website/Report (PDF)/AER.xdo?_xpf=&_xpt=1&_params%2FOracle%20BI%20EE%3A%3ADefaultApp%3A%3AEVVET3%20PR%20NEW%2FAER%3A%3Adimension%2FAER%20Id%3A%3Aattribute%3A%3Anoaggr%3A%3Axsd%3Adouble=316609&_xt=AER&_xf=pdf""> AER </a>",2012-06-28 00:00:00,Animal owner,United States,MALE,Cat,Cat (other),"Metacam 0.5 mg/ml - Oral suspension (cats, guinea pigs), Metacam 0.5 mg/ml - Oral suspension (dogs)","Death, Vocalisation",1,1,
US-DEBIAHP-2012US07594,"<a target=""_blank""  href=""/xmlpserver/EVVET3 PW NEW/Subject Area Contents/Public Website/Report (PDF)/AER.xdo?_xpf=&_xpt=1&_params%2FOracle%20BI%20EE%3A%3ADefaultApp%3A%3AEVVET3%20PR%20NEW%2FAER%3A%3Adimension%2FAER%20Id%3A%3Aattribute%3A%3Anoaggr%3A%3Axsd%3Adouble=319029&_xt=AER&_xf=pdf""> AER </a>",2012-07-16 00:00:00,Veterinarian,United States,MALE,Dog,Terrier - Yorkshire,"Metacam 0.5 mg/ml - Oral suspension (cats, guinea pigs), Metacam 0.5 mg/ml - Oral suspension (dogs)","Ataxia, Bloody diarrhoea, Central nervous system disorder NOS, Death, Haematuria, Liver disorder NOS, Pale mucous membrane, Renal disorder NOS, Urolithiasis, Vomiting",1,1,
US-DEBIAHP-2012US07648,"<a target=""_blank""  href=""/xmlpserver/EVVET3 PW NEW/Subject Area Contents/Public Website/Report (PDF)/AER.xdo?_xpf=&_xpt=1&_params%2FOracle%20BI%20EE%3A%3ADefaultApp%3A%3AEVVET3%20PR%20NEW%2FAER%3A%3Adimension%2FAER%20Id%3A%3Aattribute%3A%3Anoaggr%3A%3Axsd%3Adouble=317058&_xt=AER&_xf=pdf""> AER </a>",2012-06-29 00:00:00,Veterinarian,United States,FEMALE,Dog,Bichon Frise,Metacam 1.5 mg/ml - Oral suspension (dogs),"Anaemia NOS, Chronic renal failure, Decreased appetite, Dilated renal pelvis, Elevated alanine aminotransferase (ALT), Elevated blood urea nitrogen (BUN), Elevated creatinine, Lethargy (see also Central nervous system depression in Neurological), Liver disorder NOS, Renal disorder NOS, Uncoded sign",1,1,
US-DEBIAHP-2012US07700,"<a target=""_blank""  href=""/xmlpserver/EVVET3 PW NEW/Subject Area Contents/Public Website/Report (PDF)/AER.xdo?_xpf=&_xpt=1&_params%2FOracle%20BI%20EE%3A%3ADefaultApp%3A%3AEVVET3%20PR%20NEW%2FAER%3A%3Adimension%2FAER%20Id%3A%3Aattribute%3A%3Anoaggr%3A%3Axsd%3Adouble=316928&_xt=AER&_xf=pdf""> AER </a>",2012-06-28 00:00:00,Veterinarian,United States,MALE,Dog,Dog (other),Metacam 1.5 mg/ml - Oral suspension (dogs),"Facial swelling (see also Skin), Itching, Swelling NOS, Urticaria, Vomiting",1,2,
US-DEBIAHP-2012US07703,"<a target=""_blank""  href=""/xmlpserver/EVVET3 PW NEW/Subject Area Contents/Public Website/Report (PDF)/AER.xdo?_xpf=&_xpt=1&_params%2FOracle%20BI%20EE%3A%3ADefaultApp%3A%3AEVVET3%20PR%20NEW%2FAER%3A%3Adimension%2FAER%20Id%3A%3Aattribute%3A%3Anoaggr%3A%3Axsd%3Adouble=320711&_xt=AER&_xf=pdf""> AER </a>",2012-07-30 00:00:00,Veterinarian,United States,FEMALE,Dog,Terrier - Jack Russell,"DFV DOXIVET 200 mg/ml, solution for use in drinking water for pigs and chickens, DFV DOXIVET 500 mg/g, powder for use in drinking water for pigs and chickens, Doxycycline 100 mg tablet, voor honden en katten, Doxycycline 15 mg tabletten voor honden en katten, Doxycycline 20% W.O., Doxycycline 20% W.O. poeder voor toediening via drinkwater voor vleeskuikens, Doxycycline 50% WSP, 500 mg/g, prašak za primjenu u vodi za piće/mliječnoj zamjenici, za goveda, svinje i kokoši, Doxycycline 500 mg/kg, poeder voor gebruik in drinkwater voor varken en kip, Doxycycline 75 mg tabletten voor honden, Doxycycline tabletten 20 mg voor honden en katten, Metacam 0.5 mg/ml - Oral suspension (cats, guinea pigs), Metacam 0.5 mg/ml - Oral suspension (dogs), Prednisolone 1% 10 mg/ml Oplossing voor injectie, Prednisolone 2,5% suspensie voor injectie voor honden, Prednisolone 2.5 % Oplossing voor injectie, Доксициклин 20% водоразтворим прах, Доксициклин 200 водоразтворим прах",Vomiting,1,1,
US-DEBIAHP-2012US07743,"<a target=""_blank""  href=""/xmlpserver/EVVET3 PW NEW/Subject Area Contents/Public Website/Report (PDF)/AER.xdo?_xpf=&_xpt=1&_params%2FOracle%20BI%20EE%3A%3ADefaultApp%3A%3AEVVET3%20PR%20NEW%2FAER%3A%3Adimension%2FAER%20Id%3A%3Aattribute%3A%3Anoaggr%3A%3Axsd%3Adouble=319248&_xt=AER&_xf=pdf""> AER </a>",2012-07-18 00:00:00,Veterinarian,United States,MALE,Dog,Sheepdog - Shetland,Metacam 1.5 mg/ml - Oral suspension (dogs),Elevated blood urea nitrogen (BUN),1,1,
US-DEBIAHP-2012US07847,"<a target=""_blank""  href=""/xmlpserver/EVVET3 PW NEW/Subject Area Contents/Public Website/Report (PDF)/AER.xdo?_xpf=&_xpt=1&_params%2FOracle%20BI%20EE%3A%3ADefaultApp%3A%3AEVVET3%20PR%20NEW%2FAER%3A%3Adimension%2FAER%20Id%3A%3Aattribute%3A%3Anoaggr%3A%3Axsd%3Adouble=317639&_xt=AER&_xf=pdf""> AER </a>",2012-07-03 00:00:00,Other health care professional,United States,MALE,Cat,Cat (other),"Metacam 1.5 mg/ml - Oral suspension (dogs), Metacam 5 mg/ml - Solution for injection (cats, dogs), Metacam 5 mg/ml - Solution for injection (cattle, pigs), Metacam 5 mg/ml - Solution for injection (dogs), Tramadog 50 mg tablet for dogs","Decreased urine concentration, Elevated blood urea nitrogen (BUN), Elevated creatinine, Hyperphosphataemia, Polydipsia, Polyuria, Urinary tract infection, Vomiting",1,1,
US-DEBIAHP-2012US07874,"<a target=""_blank""  href=""/xmlpserver/EVVET3 PW NEW/Subject Area Contents/Public Website/Report (PDF)/AER.xdo?_xpf=&_xpt=1&_params%2FOracle%20BI%20EE%3A%3ADefaultApp%3A%3AEVVET3%20PR%20NEW%2FAER%3A%3Adimension%2FAER%20Id%3A%3Aattribute%3A%3Anoaggr%3A%3Axsd%3Adouble=317557&_xt=AER&_xf=pdf""> AER </a>",2012-07-03 00:00:00,Animal owner,United States,MALE,Dog,Spitz - German Pomeranian,"Metacam 0.5 mg/ml - Oral suspension (cats, guinea pigs), Metacam 0.5 mg/ml - Oral suspension (dogs)","Behavioural disorder NOS, Collapse NOS (see also Cardio-vascular and Neurological disorders), Depression, Lethargy (see also Central nervous system depression in Neurological)",1,1,
US-DEBIAHP-2012US07895,"<a target=""_blank""  href=""/xmlpserver/EVVET3 PW NEW/Subject Area Contents/Public Website/Report (PDF)/AER.xdo?_xpf=&_xpt=1&_params%2FOracle%20BI%20EE%3A%3ADefaultApp%3A%3AEVVET3%20PR%20NEW%2FAER%3A%3Adimension%2FAER%20Id%3A%3Aattribute%3A%3Anoaggr%3A%3Axsd%3Adouble=319047&_xt=AER&_xf=pdf""> AER </a>",2012-07-16 00:00:00,Veterinarian,United States,FEMALE,Dog,Chihuahua,"Metacam 1.5 mg/ml - Oral suspension (dogs), Tramadog 50 mg tablet for dogs","Anorexia, Death by euthanasia, Elevated blood urea nitrogen (BUN), Elevated creatinine, Hyperkalaemia, Hypothermia, Other abnormal test result NOS, Renal disorder NOS",1,1,1
US-DEBIAHP-2012US07937,"<a target=""_blank""  href=""/xmlpserver/EVVET3 PW NEW/Subject Area Contents/Public Website/Report (PDF)/AER.xdo?_xpf=&_xpt=1&_params%2FOracle%20BI%20EE%3A%3ADefaultApp%3A%3AEVVET3%20PR%20NEW%2FAER%3A%3Adimension%2FAER%20Id%3A%3Aattribute%3A%3Anoaggr%3A%3Axsd%3Adouble=317590&_xt=AER&_xf=pdf""> AER </a>",2012-07-03 00:00:00,Veterinarian,United States,MALE,Cat,Cat (other),"Fuxien vet 1000 mg/g inhalaatiohöyry, neste, ISOFLURANE-Vet 1000 mg/g liquido per inalazione per cani e gatti, ISOFLURIN 1000mg/g ΥΓΡΟ ΓΙΑ ΕΙΣΠΝΕΟΜΕΝΟΥΣ ΑΤΜΟΥΣ, Isoflurane 100% Inhalation Vapour, Liquid, Isoflurane 1000 mg/g Inhalation Vapour, liquid., Metacam 5 mg/ml - Solution for injection (cats, dogs), Metacam 5 mg/ml - Solution for injection (cattle, pigs), Metacam 5 mg/ml - Solution for injection (dogs)","Ataxia, Blood in vomit, Death by euthanasia, Elevated renal parameters, Ureteric disorder",1,1,1
US-DEBIAHP-2012US07955,"<a target=""_blank""  href=""/xmlpserver/EVVET3 PW NEW/Subject Area Contents/Public Website/Report (PDF)/AER.xdo?_xpf=&_xpt=1&_params%2FOracle%20BI%20EE%3A%3ADefaultApp%3A%3AEVVET3%20PR%20NEW%2FAER%3A%3Adimension%2FAER%20Id%3A%3Aattribute%3A%3Anoaggr%3A%3Axsd%3Adouble=318018&_xt=AER&_xf=pdf""> AER </a>",2012-07-05 00:00:00,Animal owner,United States,MALE,Dog,Retriever - Labrador,Metacam 1.5 mg/ml - Oral suspension (dogs),"Diarrhoea, Partial lack of efficacy",1,1,
US-DEBIAHP-2012US07992,"<a target=""_blank""  href=""/xmlpserver/EVVET3 PW NEW/Subject Area Contents/Public Website/Report (PDF)/AER.xdo?_xpf=&_xpt=1&_params%2FOracle%20BI%20EE%3A%3ADefaultApp%3A%3AEVVET3%20PR%20NEW%2FAER%3A%3Adimension%2FAER%20Id%3A%3Aattribute%3A%3Anoaggr%3A%3Axsd%3Adouble=318489&_xt=AER&_xf=pdf""> AER </a>",2012-07-10 00:00:00,Veterinarian,United States,MIXED,Cat,Cat (other),"Convenia 80 mg/ml  - Powder and solvent for solution for injection, Metacam 5 mg/ml - Solution for injection (cats, dogs), Metacam 5 mg/ml - Solution for injection (cattle, pigs), Metacam 5 mg/ml - Solution for injection (dogs)","Acute renal failure, Death, Death by euthanasia, Elevated blood urea nitrogen (BUN), Elevated creatinine",3,3,1
US-DEBIAHP-2012US08031,"<a target=""_blank""  href=""/xmlpserver/EVVET3 PW NEW/Subject Area Contents/Public Website/Report (PDF)/AER.xdo?_xpf=&_xpt=1&_params%2FOracle%20BI%20EE%3A%3ADefaultApp%3A%3AEVVET3%20PR%20NEW%2FAER%3A%3Adimension%2FAER%20Id%3A%3Aattribute%3A%3Anoaggr%3A%3Axsd%3Adouble=318280&_xt=AER&_xf=pdf""> AER </a>",2012-07-06 00:00:00,Animal owner,United States,FEMALE,Dog,Chihuahua,"Metacam 0.5 mg/ml - Oral suspension (cats, guinea pigs), Metacam 0.5 mg/ml - Oral suspension (dogs)",Excessive thirst,1,1,
US-DEBIAHP-2012US08060,"<a target=""_blank""  href=""/xmlpserver/EVVET3 PW NEW/Subject Area Contents/Public Website/Report (PDF)/AER.xdo?_xpf=&_xpt=1&_params%2FOracle%20BI%20EE%3A%3ADefaultApp%3A%3AEVVET3%20PR%20NEW%2FAER%3A%3Adimension%2FAER%20Id%3A%3Aattribute%3A%3Anoaggr%3A%3Axsd%3Adouble=318427&_xt=AER&_xf=pdf""> AER </a>",2012-07-09 00:00:00,Other health care professional,United States,MALE,Dog,Pug,Metacam 1.5 mg/ml - Oral suspension (dogs),Blood in vomit,1,1,
US-DEBIAHP-2012US08197,"<a target=""_blank""  href=""/xmlpserver/EVVET3 PW NEW/Subject Area Contents/Public Website/Report (PDF)/AER.xdo?_xpf=&_xpt=1&_params%2FOracle%20BI%20EE%3A%3ADefaultApp%3A%3AEVVET3%20PR%20NEW%2FAER%3A%3Adimension%2FAER%20Id%3A%3Aattribute%3A%3Anoaggr%3A%3Axsd%3Adouble=318635&_xt=AER&_xf=pdf""> AER </a>",2012-07-12 00:00:00,Veterinarian,United States,FEMALE,Cat,Cat (other),"Metacam 0.5 mg/ml - Oral suspension (cats, guinea pigs), Metacam 0.5 mg/ml - Oral suspension (dogs)","Ataxia, Ear discharge, Weakness",1,1,
US-DEBIAHP-2012US08233,"<a target=""_blank""  href=""/xmlpserver/EVVET3 PW NEW/Subject Area Contents/Public Website/Report (PDF)/AER.xdo?_xpf=&_xpt=1&_params%2FOracle%20BI%20EE%3A%3ADefaultApp%3A%3AEVVET3%20PR%20NEW%2FAER%3A%3Adimension%2FAER%20Id%3A%3Aattribute%3A%3Anoaggr%3A%3Axsd%3Adouble=318732&_xt=AER&_xf=pdf""> AER </a>",2012-07-13 00:00:00,Veterinarian,United States,FEMALE,Dog,Chihuahua,"Metacam 0.5 mg/ml - Oral suspension (cats, guinea pigs), Metacam 0.5 mg/ml - Oral suspension (dogs), Metacam 5 mg/ml - Solution for injection (cats, dogs), Metacam 5 mg/ml - Solution for injection (cattle, pigs), Metacam 5 mg/ml - Solution for injection (dogs)","Disorientation, Falling, Icterus, Incoordination, Seizure NOS",1,1,
US-DEBIAHP-2012US08288,"<a target=""_blank""  href=""/xmlpserver/EVVET3 PW NEW/Subject Area Contents/Public Website/Report (PDF)/AER.xdo?_xpf=&_xpt=1&_params%2FOracle%20BI%20EE%3A%3ADefaultApp%3A%3AEVVET3%20PR%20NEW%2FAER%3A%3Adimension%2FAER%20Id%3A%3Aattribute%3A%3Anoaggr%3A%3Axsd%3Adouble=318739&_xt=AER&_xf=pdf""> AER </a>",2012-07-13 00:00:00,Other health care professional,United States,MALE,Cat,Cat (other),"Convenia 80 mg/ml  - Powder and solvent for solution for injection, Metacam 5 mg/ml - Solution for injection (cats, dogs), Metacam 5 mg/ml - Solution for injection (cattle, pigs), Metacam 5 mg/ml - Solution for injection (dogs)","Anorexia, Death by euthanasia, Dyspnoea, Elevated renal parameters, Heart murmur, Lethargy (see also Central nervous system depression in Neurological)",1,1,1
US-DEBIAHP-2012US08301,"<a target=""_blank""  href=""/xmlpserver/EVVET3 PW NEW/Subject Area Contents/Public Website/Report (PDF)/AER.xdo?_xpf=&_xpt=1&_params%2FOracle%20BI%20EE%3A%3ADefaultApp%3A%3AEVVET3%20PR%20NEW%2FAER%3A%3Adimension%2FAER%20Id%3A%3Aattribute%3A%3Anoaggr%3A%3Axsd%3Adouble=318737&_xt=AER&_xf=pdf""> AER </a>",2012-07-13 00:00:00,Animal owner,United States,MALE,Dog,Retriever - Labrador,Metacam 1.5 mg/ml - Oral suspension (dogs),Diarrhoea,1,1,
US-DEBIAHP-2012US08336,"<a target=""_blank""  href=""/xmlpserver/EVVET3 PW NEW/Subject Area Contents/Public Website/Report (PDF)/AER.xdo?_xpf=&_xpt=1&_params%2FOracle%20BI%20EE%3A%3ADefaultApp%3A%3AEVVET3%20PR%20NEW%2FAER%3A%3Adimension%2FAER%20Id%3A%3Aattribute%3A%3Anoaggr%3A%3Axsd%3Adouble=318738&_xt=AER&_xf=pdf""> AER </a>",2012-07-13 00:00:00,Veterinarian,United States,MALE,Dog,Rottweiler,"Metacam 1.5 mg/ml - Oral suspension (dogs), Vetmedin 5 mg Kautabletten für Hunde","Anorexia, Vomiting",1,1,
US-DEBIAHP-2012US08352,"<a target=""_blank""  href=""/xmlpserver/EVVET3 PW NEW/Subject Area Contents/Public Website/Report (PDF)/AER.xdo?_xpf=&_xpt=1&_params%2FOracle%20BI%20EE%3A%3ADefaultApp%3A%3AEVVET3%20PR%20NEW%2FAER%3A%3Adimension%2FAER%20Id%3A%3Aattribute%3A%3Anoaggr%3A%3Axsd%3Adouble=319109&_xt=AER&_xf=pdf""> AER </a>",2012-07-17 00:00:00,Veterinarian,United States,FEMALE,Dog,Poodle - Standard,Metacam 1.5 mg/ml - Oral suspension (dogs),"Anorexia, Diarrhoea, Elevated blood urea nitrogen (BUN), Elevated creatinine, Vomiting",1,1,
US-DEBIAHP-2012US08453,"<a target=""_blank""  href=""/xmlpserver/EVVET3 PW NEW/Subject Area Contents/Public Website/Report (PDF)/AER.xdo?_xpf=&_xpt=1&_params%2FOracle%20BI%20EE%3A%3ADefaultApp%3A%3AEVVET3%20PR%20NEW%2FAER%3A%3Adimension%2FAER%20Id%3A%3Aattribute%3A%3Anoaggr%3A%3Axsd%3Adouble=320698&_xt=AER&_xf=pdf""> AER </a>",2012-07-30 00:00:00,Animal owner,United States,FEMALE,Cat,Cat (other),"Metacam 0.5 mg/ml - Oral suspension (cats, guinea pigs), Metacam 0.5 mg/ml - Oral suspension (dogs), Metacam 5 mg/ml - Solution for injection (cats, dogs), Metacam 5 mg/ml - Solution for injection (cattle, pigs), Metacam 5 mg/ml - Solution for injection (dogs)","Anaemia NOS, Anorexia, Elevated blood urea nitrogen (BUN), Elevated creatinine, Lethargy (see also Central nervous system depression in Neurological), Other abnormal test result NOS, Renal failure",1,1,
US-DEBIAHP-2012US08455,"<a target=""_blank""  href=""/xmlpserver/EVVET3 PW NEW/Subject Area Contents/Public Website/Report (PDF)/AER.xdo?_xpf=&_xpt=1&_params%2FOracle%20BI%20EE%3A%3ADefaultApp%3A%3AEVVET3%20PR%20NEW%2FAER%3A%3Adimension%2FAER%20Id%3A%3Aattribute%3A%3Anoaggr%3A%3Axsd%3Adouble=319446&_xt=AER&_xf=pdf""> AER </a>",2012-07-19 00:00:00,Animal owner,United States,MALE,Dog,Schnauzer (unspecified),Metacam 1.5 mg/ml - Oral suspension (dogs),"Anorexia, Elevated alanine aminotransferase (ALT), Lethargy (see also Central nervous system depression in Neurological), Vomiting",1,1,
US-DEBIAHP-2012US08463,"<a target=""_blank""  href=""/xmlpserver/EVVET3 PW NEW/Subject Area Contents/Public Website/Report (PDF)/AER.xdo?_xpf=&_xpt=1&_params%2FOracle%20BI%20EE%3A%3ADefaultApp%3A%3AEVVET3%20PR%20NEW%2FAER%3A%3Adimension%2FAER%20Id%3A%3Aattribute%3A%3Anoaggr%3A%3Axsd%3Adouble=319249&_xt=AER&_xf=pdf""> AER </a>",2012-07-18 00:00:00,Veterinarian,United States,MALE,Dog,Poodle - Miniature,Metacam 1.5 mg/ml - Oral suspension (dogs),"Bloody diarrhoea, Hyperglycaemia, Other abnormal test result NOS, Vomiting",1,1,
US-DEBIAHP-2012US08519,"<a target=""_blank""  href=""/xmlpserver/EVVET3 PW NEW/Subject Area Contents/Public Website/Report (PDF)/AER.xdo?_xpf=&_xpt=1&_params%2FOracle%20BI%20EE%3A%3ADefaultApp%3A%3AEVVET3%20PR%20NEW%2FAER%3A%3Adimension%2FAER%20Id%3A%3Aattribute%3A%3Anoaggr%3A%3Axsd%3Adouble=319445&_xt=AER&_xf=pdf""> AER </a>",2012-07-19 00:00:00,Veterinarian,United States,MALE,Ferret,Ferret (unknown),"Metacam 5 mg/ml - Solution for injection (cats, dogs), Metacam 5 mg/ml - Solution for injection (cattle, pigs), Metacam 5 mg/ml - Solution for injection (dogs)","Acute renal failure, Death, Lethargy (see also Central nervous system depression in Neurological)",1,1,
US-DEBIAHP-2012US08520,"<a target=""_blank""  href=""/xmlpserver/EVVET3 PW NEW/Subject Area Contents/Public Website/Report (PDF)/AER.xdo?_xpf=&_xpt=1&_params%2FOracle%20BI%20EE%3A%3ADefaultApp%3A%3AEVVET3%20PR%20NEW%2FAER%3A%3Adimension%2FAER%20Id%3A%3Aattribute%3A%3Anoaggr%3A%3Axsd%3Adouble=319246&_xt=AER&_xf=pdf""> AER </a>",2012-07-18 00:00:00,Animal owner,United States,MALE,Dog,Shepherd Dog - Australian,Metacam 1.5 mg/ml - Oral suspension (dogs),"Anaemia NOS, Collapse NOS (see also Cardio-vascular and Neurological disorders), Shock",1,1,
US-DEBIAHP-2012US08529,"<a target=""_blank""  href=""/xmlpserver/EVVET3 PW NEW/Subject Area Contents/Public Website/Report (PDF)/AER.xdo?_xpf=&_xpt=1&_params%2FOracle%20BI%20EE%3A%3ADefaultApp%3A%3AEVVET3%20PR%20NEW%2FAER%3A%3Adimension%2FAER%20Id%3A%3Aattribute%3A%3Anoaggr%3A%3Axsd%3Adouble=319247&_xt=AER&_xf=pdf""> AER </a>",2012-07-18 00:00:00,Other health care professional,United States,FEMALE,Dog,Lhasa Apso,"Metacam 5 mg/ml - Solution for injection (cats, dogs), Metacam 5 mg/ml - Solution for injection (cattle, pigs), Metacam 5 mg/ml - Solution for injection (dogs)","Facial swelling (see also Skin), Lethargy (see also Central nervous system depression in Neurological), Pyrexia, Vomiting",1,1,
US-DEBIAHP-2012US08536,"<a target=""_blank""  href=""/xmlpserver/EVVET3 PW NEW/Subject Area Contents/Public Website/Report (PDF)/AER.xdo?_xpf=&_xpt=1&_params%2FOracle%20BI%20EE%3A%3ADefaultApp%3A%3AEVVET3%20PR%20NEW%2FAER%3A%3Adimension%2FAER%20Id%3A%3Aattribute%3A%3Anoaggr%3A%3Axsd%3Adouble=319518&_xt=AER&_xf=pdf""> AER </a>",2012-07-19 00:00:00,Animal owner,United States,FEMALE,Human,Unknown,Metacam 1.5 mg/ml - Oral suspension (dogs),Eye stinging,1,1,
US-DEBIAHP-2012US08775,"<a target=""_blank""  href=""/xmlpserver/EVVET3 PW NEW/Subject Area Contents/Public Website/Report (PDF)/AER.xdo?_xpf=&_xpt=1&_params%2FOracle%20BI%20EE%3A%3ADefaultApp%3A%3AEVVET3%20PR%20NEW%2FAER%3A%3Adimension%2FAER%20Id%3A%3Aattribute%3A%3Anoaggr%3A%3Axsd%3Adouble=319942&_xt=AER&_xf=pdf""> AER </a>",2012-07-23 00:00:00,Other health care professional,United States,FEMALE,Dog,Alaskan Malamute,Metacam 1.5 mg/ml - Oral suspension (dogs),"Lethargy (see also Central nervous system depression in Neurological), Not eating, Tarry or black stool (see also haemorrhagic diarrhoea)",1,1,
US-DEBIAHP-2012US08814,"<a target=""_blank""  href=""/xmlpserver/EVVET3 PW NEW/Subject Area Contents/Public Website/Report (PDF)/AER.xdo?_xpf=&_xpt=1&_params%2FOracle%20BI%20EE%3A%3ADefaultApp%3A%3AEVVET3%20PR%20NEW%2FAER%3A%3Adimension%2FAER%20Id%3A%3Aattribute%3A%3Anoaggr%3A%3Axsd%3Adouble=320085&_xt=AER&_xf=pdf""> AER </a>",2012-07-24 00:00:00,Veterinarian,United States,FEMALE,Dog,Chihuahua,"Metacam 0.5 mg/ml - Oral suspension (cats, guinea pigs), Metacam 0.5 mg/ml - Oral suspension (dogs)","Bruising, Death, Oral bleeding, Rectal bleeding",1,1,
US-DEBIAHP-2012US08842,"<a target=""_blank""  href=""/xmlpserver/EVVET3 PW NEW/Subject Area Contents/Public Website/Report (PDF)/AER.xdo?_xpf=&_xpt=1&_params%2FOracle%20BI%20EE%3A%3ADefaultApp%3A%3AEVVET3%20PR%20NEW%2FAER%3A%3Adimension%2FAER%20Id%3A%3Aattribute%3A%3Anoaggr%3A%3Axsd%3Adouble=320932&_xt=AER&_xf=pdf""> AER </a>",2012-08-01 00:00:00,Veterinarian,United States,FEMALE,Dog,Retriever - Labrador,"Dexdomitor 0.1 mg/ml - Solution for injection, Dexdomitor 0.5 mg/ml - Solution for injection, Metacam 5 mg/ml - Solution for injection (cats, dogs), Metacam 5 mg/ml - Solution for injection (cattle, pigs), Metacam 5 mg/ml - Solution for injection (dogs)","Blood in urine, Elevated alanine aminotransferase (ALT), Hind limb ataxia, Hot spot (pyotraumatic dermatitis)",1,1,
US-DEBIAHP-2012US08862,"<a target=""_blank""  href=""/xmlpserver/EVVET3 PW NEW/Subject Area Contents/Public Website/Report (PDF)/AER.xdo?_xpf=&_xpt=1&_params%2FOracle%20BI%20EE%3A%3ADefaultApp%3A%3AEVVET3%20PR%20NEW%2FAER%3A%3Adimension%2FAER%20Id%3A%3Aattribute%3A%3Anoaggr%3A%3Axsd%3Adouble=320406&_xt=AER&_xf=pdf""> AER </a>",2012-07-26 00:00:00,Animal owner,United States,FEMALE,Dog,Shar Pei,Metacam 1.5 mg/ml - Oral suspension (dogs),"Adipsia, Decreased appetite, Elevated liver enzymes NOS, Hepatic tumour, Lethargy (see also Central nervous system depression in Neurological), Vomiting, Weakness",1,1,
US-DEBIAHP-2012US08877,"<a target=""_blank""  href=""/xmlpserver/EVVET3 PW NEW/Subject Area Contents/Public Website/Report (PDF)/AER.xdo?_xpf=&_xpt=1&_params%2FOracle%20BI%20EE%3A%3ADefaultApp%3A%3AEVVET3%20PR%20NEW%2FAER%3A%3Adimension%2FAER%20Id%3A%3Aattribute%3A%3Anoaggr%3A%3Axsd%3Adouble=320246&_xt=AER&_xf=pdf""> AER </a>",2012-07-25 00:00:00,Other health care professional,United States,FEMALE,Human,Unknown,Metacam 1.5 mg/ml - Oral suspension (dogs),Eye pain,1,1,
US-DEBIAHP-2012US09001,"<a target=""_blank""  href=""/xmlpserver/EVVET3 PW NEW/Subject Area Contents/Public Website/Report (PDF)/AER.xdo?_xpf=&_xpt=1&_params%2FOracle%20BI%20EE%3A%3ADefaultApp%3A%3AEVVET3%20PR%20NEW%2FAER%3A%3Adimension%2FAER%20Id%3A%3Aattribute%3A%3Anoaggr%3A%3Axsd%3Adouble=321508&_xt=AER&_xf=pdf""> AER </a>",2012-08-08 00:00:00,Veterinarian,United States,FEMALE,Dog,Spaniel - Cocker American,Metacam 1.5 mg/ml - Oral suspension (dogs),Epistaxis,1,1,
US-DEBIAHP-2012US09010,"<a target=""_blank""  href=""/xmlpserver/EVVET3 PW NEW/Subject Area Contents/Public Website/Report (PDF)/AER.xdo?_xpf=&_xpt=1&_params%2FOracle%20BI%20EE%3A%3ADefaultApp%3A%3AEVVET3%20PR%20NEW%2FAER%3A%3Adimension%2FAER%20Id%3A%3Aattribute%3A%3Anoaggr%3A%3Axsd%3Adouble=322377&_xt=AER&_xf=pdf""> AER </a>",2012-08-17 00:00:00,Veterinarian,United States,FEMALE,Dog,Shepherd Dog - German,Metacam 1.5 mg/ml - Oral suspension (dogs),"Disorientation, Elevated alanine aminotransferase (ALT), Elevated blood urea nitrogen (BUN), Hyperphosphataemia, Hypoproteinaemia, Lethargy (see also Central nervous system depression in Neurological), Mucous stool, Neutrophilia, Not eating, Other abnormal test result NOS, Polydipsia, Proteinuria, Regenerative anaemia, Thrombocytopenia, Unexplained death",1,1,
US-DEBIAHP-2012US09011,"<a target=""_blank""  href=""/xmlpserver/EVVET3 PW NEW/Subject Area Contents/Public Website/Report (PDF)/AER.xdo?_xpf=&_xpt=1&_params%2FOracle%20BI%20EE%3A%3ADefaultApp%3A%3AEVVET3%20PR%20NEW%2FAER%3A%3Adimension%2FAER%20Id%3A%3Aattribute%3A%3Anoaggr%3A%3Axsd%3Adouble=320928&_xt=AER&_xf=pdf""> AER </a>",2012-08-01 00:00:00,Veterinarian,United States,MALE,Cat,Cat (other),Metacam 1.5 mg/ml - Oral suspension (dogs),"Anaemia NOS, Elevated blood urea nitrogen (BUN), Elevated creatinine, Lethargy (see also Central nervous system depression in Neurological), Not drinking, Not eating",1,1,
US-DEBIAHP-2012US09022,"<a target=""_blank""  href=""/xmlpserver/EVVET3 PW NEW/Subject Area Contents/Public Website/Report (PDF)/AER.xdo?_xpf=&_xpt=1&_params%2FOracle%20BI%20EE%3A%3ADefaultApp%3A%3AEVVET3%20PR%20NEW%2FAER%3A%3Adimension%2FAER%20Id%3A%3Aattribute%3A%3Anoaggr%3A%3Axsd%3Adouble=320701&_xt=AER&_xf=pdf""> AER </a>",2012-07-30 00:00:00,Animal owner,United States,MALE,Dog,Spitz - German Pomeranian,"Metacam 0.5 mg/ml - Oral suspension (cats, guinea pigs), Metacam 0.5 mg/ml - Oral suspension (dogs)","Emesis, Lethargy (see also Central nervous system depression in Neurological)",1,1,
US-DEBIAHP-2012US09029,"<a target=""_blank""  href=""/xmlpserver/EVVET3 PW NEW/Subject Area Contents/Public Website/Report (PDF)/AER.xdo?_xpf=&_xpt=1&_params%2FOracle%20BI%20EE%3A%3ADefaultApp%3A%3AEVVET3%20PR%20NEW%2FAER%3A%3Adimension%2FAER%20Id%3A%3Aattribute%3A%3Anoaggr%3A%3Axsd%3Adouble=322078&_xt=AER&_xf=pdf""> AER </a>",2012-08-14 00:00:00,Veterinarian,United States,FEMALE,Cat,Cat (other),"BAYTRIL 0,5% W/V ΠΟΣΙΜΟ ΔΙΑΛΥΜΑ, BAYTRIL 0,5% πόσιμο διάλυμα ενροφλοξακίνης για ορνίθια και γαλοπούλες, BAYTRIL 10 % SOLUTION BUVABLE, BAYTRIL 10 % SOLUTION INJECTABLE, BAYTRIL 10% W/V ΠΟΣΙΜΟ ΔΙΑΛΥΜΑ, BAYTRIL 100 mg/ml - soluţie orală, BAYTRIL 100 mg/ml SOLUCION INYECTABLE, BAYTRIL 100 mg/ml soluție injectabilă, BAYTRIL 15 mg δισκία για γάτες και σκύλους, BAYTRIL 150 mg δισκία για γάτες και σκύλους, BAYTRIL 2,5 % SOLUTION BUVABLE, BAYTRIL 2,5 % SOLUTION INJECTABLE, BAYTRIL 2,5% W/V ΕΝΕΣΙΜΟ ΔΙΑΛΥΜΑ, BAYTRIL 2,5% W/V ΠΟΣΙΜΟ ΔΙΑΛΥΜΑ, BAYTRIL 25 mg/ml SOLUCION INYECTABLE, BAYTRIL 25 mg/ml SOLUCION ORAL, BAYTRIL 5 % SOLUTION INJECTABLE, BAYTRIL 5 mg/ml SOLUCION ORAL, BAYTRIL 50 mg δισκία για γάτες και σκύλους, BAYTRIL 50 mg/ml SOLUCION INYECTABLE, BAYTRIL 50mg/ml ενέσιμο διάλυμα, BAYTRIL, 25mg/ml, Injekční roztok, BAYTRIL, 5% ενέσιμο διάλυμα για μόσχους, χοίρους, πρόβατα, αίγες, σκύλους και γάτες, BAYTRIL, 50mg/ml, Injekční roztok, Baytril  100 mg/ml Oplossing voor injectie, Baytril  100 mg/ml Solution injectable, Baytril - Das Original - 100 mg/ml Injektionslösung, Baytril - Das Original - 25 mg/ml Injektionslösung, Baytril - Das Original - 50 mg/ml Injektionslösung, Baytril 0,5 % solução oral para leitões, Baytril 0,5%, Baytril 10 % solução oral, Baytril 10%, Baytril 10% O.L., Baytril 10% Oral Solution, Baytril 100 mg/mL, otopina za injekciju, za goveda, ovce, koze i svinje, Baytril 100 mg/mL, otopina za primjenu u vodi za piće, za kokoši, purane i kuniće, Baytril 100 mg/ml - Injektionslösung für Tiere, Baytril 100 mg/ml - Lösung zum Eingeben für Hühner, Puten und Kaninchen, Baytril 100 mg/ml Oplossing voor gebruik in drinkwater, Baytril 100 mg/ml Solution buvable, Baytril 100 mg/ml Solution for Injection, Baytril 100 mg/ml koncentrat za peroralno raztopino za piščance, purane in kunce, Baytril 100 mg/ml oldat ivóvízbe keveréshez A.U.V., Baytril 100 mg/ml oplossing voor gebruik in drinkwater voor kippen, kalkoenen en konijnen, Baytril 100 mg/ml oplossing voor injectie, Baytril 100 mg/ml raztopina za injiciranje, Baytril 100 mg/ml solution for injection, Baytril 100 mg/ml soluzione iniettabile, Baytril 100 mg/ml solução injetável, Baytril 150 mg tabletta A.U.V., Baytril 2,5%, 25 mg/mL, otopina za injekciju za pse, mačke, prasad, kuniće, glodavce, gmazove i ukrasne ptice, Baytril 25 mg/ml - Injektionslösung für Tiere, Baytril 25 mg/ml - Lösung zum Eingeben für Kälber und Lämmer, Baytril 25 mg/ml Lösung zum Eingeben für Rinder (Kälber), Baytril 25 mg/ml Oplossing voor injectie, Baytril 25 mg/ml Oral Solution, Baytril 25 mg/ml Solution injectable, Baytril 25 mg/ml injekčný roztok, Baytril 25 mg/ml oldatos injekció A.U.V., Baytril 25 mg/ml oplossing voor injectie, Baytril 25 mg/ml roztwór do wstrzykiwań, Baytril 25 mg/ml solution for injection, Baytril 25 mg/ml soluzione iniettabile, Baytril 25 mg/ml soluzione iniettabile per cani, gatti, roditori e conigli da compagnia, rettili e uccelli ornamentali, Baytril 25 mg/ml soluzione orale per vitelli, ovini, caprini, suini, Baytril 25 mg/ml solução injetável, Baytril 5 mg/ml - Lösung zum Eingeben für Schweine, Baytril 5 mg/ml belsőleges oldat sertések részére A.U.V., Baytril 50 mg tabletta A.U.V., Baytril 50 mg/mL, otopina za injekciju, za telad, ovce, koze, svinje, pse i mačke, Baytril 50 mg/ml - Injektionslösung für Tiere, Baytril 50 mg/ml Oplossing voor injectie, Baytril 50 mg/ml Solution for Injection, Baytril 50 mg/ml Solution injectable, Baytril 50 mg/ml injekčný roztok, Baytril 50 mg/ml oldatos injekció A.U.V., Baytril 50 mg/ml oplossing voor injectie, Baytril 50 mg/ml raztopina za injiciranje, Baytril 50 mg/ml soluzione iniettabile, Baytril 50 mg/ml solução injetável, Baytril 50 mg/ml soluție injectabilă, Baytril Direct 100 mg/ml Injektionslösung für Rinder und Schweine, Baytril Piglet Doser 0.5% Oral Solution, Baytril Vet. 100 mg/ml injektionsvæske, opløsning, Baytril Vet. 150 mg tabletter, Baytril Vet. 25 mg/ml oral opløsning, Baytril Vet. 50 mg tabletter, Baytril Vet. 50 mg/ml i",Elevated alanine aminotransferase (ALT),1,1,
US-DEBIAHP-2012US09049,"<a target=""_blank""  href=""/xmlpserver/EVVET3 PW NEW/Subject Area Contents/Public Website/Report (PDF)/AER.xdo?_xpf=&_xpt=1&_params%2FOracle%20BI%20EE%3A%3ADefaultApp%3A%3AEVVET3%20PR%20NEW%2FAER%3A%3Adimension%2FAER%20Id%3A%3Aattribute%3A%3Anoaggr%3A%3Axsd%3Adouble=320924&_xt=AER&_xf=pdf""> AER </a>",2012-08-01 00:00:00,Veterinarian,United States,MALE,Dog,Pinscher - Miniature,"Metacam 5 mg/ml - Solution for injection (cats, dogs), Metacam 5 mg/ml - Solution for injection (cattle, pigs), Metacam 5 mg/ml - Solution for injection (dogs)","Dermal thickening, General pain (see other SOCs for specific pain), Reddening of the skin",1,1,
US-DEBIAHP-2012US09093,"<a target=""_blank""  href=""/xmlpserver/EVVET3 PW NEW/Subject Area Contents/Public Website/Report (PDF)/AER.xdo?_xpf=&_xpt=1&_params%2FOracle%20BI%20EE%3A%3ADefaultApp%3A%3AEVVET3%20PR%20NEW%2FAER%3A%3Adimension%2FAER%20Id%3A%3Aattribute%3A%3Anoaggr%3A%3Axsd%3Adouble=320712&_xt=AER&_xf=pdf""> AER </a>",2012-07-30 00:00:00,Animal owner,United States,FEMALE,Cat,Cat (other),"Metacam 0.5 mg/ml - Oral suspension (cats, guinea pigs), Metacam 0.5 mg/ml - Oral suspension (dogs)","Acute renal failure, Anorexia, Lethargy (see also Central nervous system depression in Neurological)",1,1,
US-DEBIAHP-2012US09095,"<a target=""_blank""  href=""/xmlpserver/EVVET3 PW NEW/Subject Area Contents/Public Website/Report (PDF)/AER.xdo?_xpf=&_xpt=1&_params%2FOracle%20BI%20EE%3A%3ADefaultApp%3A%3AEVVET3%20PR%20NEW%2FAER%3A%3Adimension%2FAER%20Id%3A%3Aattribute%3A%3Anoaggr%3A%3Axsd%3Adouble=320699&_xt=AER&_xf=pdf""> AER </a>",2012-07-30 00:00:00,Veterinarian,United States,FEMALE,Human,Unknown,"Metacam 0.5 mg/ml - Oral suspension (cats, guinea pigs), Metacam 0.5 mg/ml - Oral suspension (dogs)",Eye pain,1,1,
US-DEBIAHP-2012US09100,"<a target=""_blank""  href=""/xmlpserver/EVVET3 PW NEW/Subject Area Contents/Public Website/Report (PDF)/AER.xdo?_xpf=&_xpt=1&_params%2FOracle%20BI%20EE%3A%3ADefaultApp%3A%3AEVVET3%20PR%20NEW%2FAER%3A%3Adimension%2FAER%20Id%3A%3Aattribute%3A%3Anoaggr%3A%3Axsd%3Adouble=321646&_xt=AER&_xf=pdf""> AER </a>",2012-08-10 00:00:00,Veterinarian,United States,FEMALE,Dog,Maltese,Metacam 1.5 mg/ml - Oral suspension (dogs),"Anaemia NOS, Elevated renal parameters, Leukocytosis NOS, Regenerative anaemia, Vomiting",1,1,
US-DEBIAHP-2012US09116,"<a target=""_blank""  href=""/xmlpserver/EVVET3 PW NEW/Subject Area Contents/Public Website/Report (PDF)/AER.xdo?_xpf=&_xpt=1&_params%2FOracle%20BI%20EE%3A%3ADefaultApp%3A%3AEVVET3%20PR%20NEW%2FAER%3A%3Adimension%2FAER%20Id%3A%3Aattribute%3A%3Anoaggr%3A%3Axsd%3Adouble=320751&_xt=AER&_xf=pdf""> AER </a>",2012-07-31 00:00:00,Animal owner,United States,FEMALE,Cat,Cat (other),"Metacam 5 mg/ml - Solution for injection (cats, dogs), Metacam 5 mg/ml - Solution for injection (cattle, pigs), Metacam 5 mg/ml - Solution for injection (dogs)","Anorexia, Death by euthanasia, Renal failure",1,1,1
US-DEBIAHP-2012US09219,"<a target=""_blank""  href=""/xmlpserver/EVVET3 PW NEW/Subject Area Contents/Public Website/Report (PDF)/AER.xdo?_xpf=&_xpt=1&_params%2FOracle%20BI%20EE%3A%3ADefaultApp%3A%3AEVVET3%20PR%20NEW%2FAER%3A%3Adimension%2FAER%20Id%3A%3Aattribute%3A%3Anoaggr%3A%3Axsd%3Adouble=321500&_xt=AER&_xf=pdf""> AER </a>",2012-08-08 00:00:00,Animal owner,United States,UNKNOWN,Dog,Maltese,Metacam 1.5 mg/ml - Oral suspension (dogs),"Death, Diarrhoea, Neurological signs NOS, Renal disorder NOS",1,1,
US-DEBIAHP-2012US09285,"<a target=""_blank""  href=""/xmlpserver/EVVET3 PW NEW/Subject Area Contents/Public Website/Report (PDF)/AER.xdo?_xpf=&_xpt=1&_params%2FOracle%20BI%20EE%3A%3ADefaultApp%3A%3AEVVET3%20PR%20NEW%2FAER%3A%3Adimension%2FAER%20Id%3A%3Aattribute%3A%3Anoaggr%3A%3Axsd%3Adouble=320963&_xt=AER&_xf=pdf""> AER </a>",2012-08-01 00:00:00,Veterinarian,United States,FEMALE,Dog,Poodle - Miniature,"ANTISEDAN, ANTISEDAN 5 mg/ml SOLUCIÓN INYECTABLE PARA PERROS Y GATOS, ANTISEDAN 5 mg/ml raztopina za injiciranje za pse in mačke, ANTISEDAN 5MG/ML ΕΝΕΣΙΜΟ ΔΙΑΛΥΜΑ, ANTISEDAN SOLUTION INJECTABLE POUR CHIENS ET CHATS, ANTISEDAN, 5 mg/mL, otopina za injekciju, za pse i mačke, Antisedan 5 mg/ 1 ml, roztwór do wstrzykiwań dla psów i kotów, Antisedan 5 mg/ml  Injektionslösung für Hunde und Katzen, Antisedan 5 mg/ml - Injektionslösung für Hunde und Katzen, Antisedan 5 mg/ml Oplossing voor injectie, Antisedan 5 mg/ml Solution injectable, Antisedan 5 mg/ml injekčný roztok pre psy a mačky, Antisedan 5 mg/ml oldatos injekció kutya és macska részére.A.U.V., Antisedan 5 mg/ml solution for injection, Antisedan 5 mg/ml solução injetável para cães e gatos, Antisedan Vet 5 mg/ml injekcinis tirpalas, Antisedan Vet 5 mg/ml šķīdums injekcijām, Antisedan Vet, 5 mg/ml süstelahus, Antisedan Vet. 5 mg/ml injektionsvæske, opløsning, Antisedan vet 5 mg/ml injektioneste, liuos, Antisedan vet. 5 mg/ml Injektionsvätska, lösning, Antisedan vet. 5 mg/ml Stungulyf, lausn Handa hundum og köttum., Antisedan vet. 5 mg/ml injeksjonsvæske, oppløsning, til hund og katt, Antisedan vet., 5 mg/ml, Injektionsvätska, lösning, Antisedan, 5 mg/ml oplossing voor injectie voor honden en katten, Antisedan, 5mg/ml, Injekční roztok, CLINDAMYCIN 75 mg tablety, Clindamycin 75mg, Clindamycin, 75mg, Tableta, Metacam 5 mg/ml - Solution for injection (cats, dogs), Metacam 5 mg/ml - Solution for injection (cattle, pigs), Metacam 5 mg/ml - Solution for injection (dogs), АНТИСЕДАН ВЕТ 5 mg/ml инжекционен разтвор",Rectal bleeding,1,1,
US-DEBIAHP-2012US09329,"<a target=""_blank""  href=""/xmlpserver/EVVET3 PW NEW/Subject Area Contents/Public Website/Report (PDF)/AER.xdo?_xpf=&_xpt=1&_params%2FOracle%20BI%20EE%3A%3ADefaultApp%3A%3AEVVET3%20PR%20NEW%2FAER%3A%3Adimension%2FAER%20Id%3A%3Aattribute%3A%3Anoaggr%3A%3Axsd%3Adouble=321056&_xt=AER&_xf=pdf""> AER </a>",2012-08-02 00:00:00,Animal owner,United States,FEMALE,Dog,Collie - Border,Metacam 1.5 mg/ml - Oral suspension (dogs),"Death by euthanasia, Enlarged liver, Liver tumour",1,1,1
US-DEBIAHP-2012US09337,"<a target=""_blank""  href=""/xmlpserver/EVVET3 PW NEW/Subject Area Contents/Public Website/Report (PDF)/AER.xdo?_xpf=&_xpt=1&_params%2FOracle%20BI%20EE%3A%3ADefaultApp%3A%3AEVVET3%20PR%20NEW%2FAER%3A%3Adimension%2FAER%20Id%3A%3Aattribute%3A%3Anoaggr%3A%3Axsd%3Adouble=324191&_xt=AER&_xf=pdf""> AER </a>",2012-08-30 00:00:00,Veterinarian,United States,MALE,Cat,Cat (other),"Convenia 80 mg/ml  - Powder and solvent for solution for injection, Metacam 5 mg/ml - Solution for injection (cats, dogs), Metacam 5 mg/ml - Solution for injection (cattle, pigs), Metacam 5 mg/ml - Solution for injection (dogs)","Adipsia, Decreased appetite, Elevated blood urea nitrogen (BUN), Elevated creatinine, Weight loss",1,1,
US-DEBIAHP-2012US09360,"<a target=""_blank""  href=""/xmlpserver/EVVET3 PW NEW/Subject Area Contents/Public Website/Report (PDF)/AER.xdo?_xpf=&_xpt=1&_params%2FOracle%20BI%20EE%3A%3ADefaultApp%3A%3AEVVET3%20PR%20NEW%2FAER%3A%3Adimension%2FAER%20Id%3A%3Aattribute%3A%3Anoaggr%3A%3Axsd%3Adouble=321278&_xt=AER&_xf=pdf""> AER </a>",2012-08-06 00:00:00,Veterinarian,United States,FEMALE,Dog,"Deutsche Dogge, Great Dane","Metacam 5 mg/ml - Solution for injection (cats, dogs), Metacam 5 mg/ml - Solution for injection (cattle, pigs), Metacam 5 mg/ml - Solution for injection (dogs)",Aggression,1,1,
US-DEBIAHP-2012US09386,"<a target=""_blank""  href=""/xmlpserver/EVVET3 PW NEW/Subject Area Contents/Public Website/Report (PDF)/AER.xdo?_xpf=&_xpt=1&_params%2FOracle%20BI%20EE%3A%3ADefaultApp%3A%3AEVVET3%20PR%20NEW%2FAER%3A%3Adimension%2FAER%20Id%3A%3Aattribute%3A%3Anoaggr%3A%3Axsd%3Adouble=321363&_xt=AER&_xf=pdf""> AER </a>",2012-08-07 00:00:00,Veterinarian,United States,UNKNOWN,Cat,Cat (other),"Metacam 0.5 mg/ml - Oral suspension (cats, guinea pigs), Metacam 0.5 mg/ml - Oral suspension (dogs)",Acute renal failure,1,1,
US-DEBIAHP-2012US09532,"<a target=""_blank""  href=""/xmlpserver/EVVET3 PW NEW/Subject Area Contents/Public Website/Report (PDF)/AER.xdo?_xpf=&_xpt=1&_params%2FOracle%20BI%20EE%3A%3ADefaultApp%3A%3AEVVET3%20PR%20NEW%2FAER%3A%3Adimension%2FAER%20Id%3A%3Aattribute%3A%3Anoaggr%3A%3Axsd%3Adouble=321364&_xt=AER&_xf=pdf""> AER </a>",2012-08-07 00:00:00,Animal owner,United States,UNKNOWN,Dog,Dog (other),"Metacam 0.5 mg/ml - Oral suspension (cats, guinea pigs), Metacam 0.5 mg/ml - Oral suspension (dogs)","Cushings disease NOS, Enlarged liver",1,1,
US-DEBIAHP-2012US09559,"<a target=""_blank""  href=""/xmlpserver/EVVET3 PW NEW/Subject Area Contents/Public Website/Report (PDF)/AER.xdo?_xpf=&_xpt=1&_params%2FOracle%20BI%20EE%3A%3ADefaultApp%3A%3AEVVET3%20PR%20NEW%2FAER%3A%3Adimension%2FAER%20Id%3A%3Aattribute%3A%3Anoaggr%3A%3Axsd%3Adouble=321401&_xt=AER&_xf=pdf""> AER </a>",2012-08-07 00:00:00,Other health care professional,United States,MALE,Dog,Spaniel - Springer English,Metacam 1.5 mg/ml - Oral suspension (dogs),Aggression,1,1,
US-DEBIAHP-2012US09843,"<a target=""_blank""  href=""/xmlpserver/EVVET3 PW NEW/Subject Area Contents/Public Website/Report (PDF)/AER.xdo?_xpf=&_xpt=1&_params%2FOracle%20BI%20EE%3A%3ADefaultApp%3A%3AEVVET3%20PR%20NEW%2FAER%3A%3Adimension%2FAER%20Id%3A%3Aattribute%3A%3Anoaggr%3A%3Axsd%3Adouble=321644&_xt=AER&_xf=pdf""> AER </a>",2012-08-10 00:00:00,Animal owner,United States,FEMALE,Cat,Cat (other),"ANTISEDAN, ANTISEDAN 5 mg/ml SOLUCIÓN INYECTABLE PARA PERROS Y GATOS, ANTISEDAN 5 mg/ml raztopina za injiciranje za pse in mačke, ANTISEDAN 5MG/ML ΕΝΕΣΙΜΟ ΔΙΑΛΥΜΑ, ANTISEDAN SOLUTION INJECTABLE POUR CHIENS ET CHATS, ANTISEDAN, 5 mg/mL, otopina za injekciju, za pse i mačke, Antisedan 5 mg/ 1 ml, roztwór do wstrzykiwań dla psów i kotów, Antisedan 5 mg/ml  Injektionslösung für Hunde und Katzen, Antisedan 5 mg/ml - Injektionslösung für Hunde und Katzen, Antisedan 5 mg/ml Oplossing voor injectie, Antisedan 5 mg/ml Solution injectable, Antisedan 5 mg/ml injekčný roztok pre psy a mačky, Antisedan 5 mg/ml oldatos injekció kutya és macska részére.A.U.V., Antisedan 5 mg/ml solution for injection, Antisedan 5 mg/ml solução injetável para cães e gatos, Antisedan Vet 5 mg/ml injekcinis tirpalas, Antisedan Vet 5 mg/ml šķīdums injekcijām, Antisedan Vet, 5 mg/ml süstelahus, Antisedan Vet. 5 mg/ml injektionsvæske, opløsning, Antisedan vet 5 mg/ml injektioneste, liuos, Antisedan vet. 5 mg/ml Injektionsvätska, lösning, Antisedan vet. 5 mg/ml Stungulyf, lausn Handa hundum og köttum., Antisedan vet. 5 mg/ml injeksjonsvæske, oppløsning, til hund og katt, Antisedan vet., 5 mg/ml, Injektionsvätska, lösning, Antisedan, 5 mg/ml oplossing voor injectie voor honden en katten, Antisedan, 5mg/ml, Injekční roztok, Dexdomitor 0.1 mg/ml - Solution for injection, Dexdomitor 0.5 mg/ml - Solution for injection, Ketamin 10 % šķīdums injekcijām suņiem un kaķiem, Ketamin 10%, Ketamin 100 mg/ml, Ketamine 10% oplossing voor injectie voor honden en katten, Ketamine 10% pro inj., oplossing voor injectie voor honden en katten, Ketamine 10% šķīdums injekcijām suņiem un kaķiem, Ketamine 10%, oplossing voor injectie voor honden en katten, Metacam 5 mg/ml - Solution for injection (cats, dogs), Metacam 5 mg/ml - Solution for injection (cattle, pigs), Metacam 5 mg/ml - Solution for injection (dogs), АНТИСЕДАН ВЕТ 5 mg/ml инжекционен разтвор, КЕТАМИН 10 %",Lethargy (see also Central nervous system depression in Neurological),1,1,
US-DEBIAHP-2012US09871,"<a target=""_blank""  href=""/xmlpserver/EVVET3 PW NEW/Subject Area Contents/Public Website/Report (PDF)/AER.xdo?_xpf=&_xpt=1&_params%2FOracle%20BI%20EE%3A%3ADefaultApp%3A%3AEVVET3%20PR%20NEW%2FAER%3A%3Adimension%2FAER%20Id%3A%3Aattribute%3A%3Anoaggr%3A%3Axsd%3Adouble=322528&_xt=AER&_xf=pdf""> AER </a>",2012-08-21 00:00:00,Veterinarian,United States,FEMALE,Dog,Terrier - Yorkshire,Metacam 1.5 mg/ml - Oral suspension (dogs),"Death by euthanasia, Elevated renal parameters, Vomiting",1,1,1
US-DEBIAHP-2012US09897,"<a target=""_blank""  href=""/xmlpserver/EVVET3 PW NEW/Subject Area Contents/Public Website/Report (PDF)/AER.xdo?_xpf=&_xpt=1&_params%2FOracle%20BI%20EE%3A%3ADefaultApp%3A%3AEVVET3%20PR%20NEW%2FAER%3A%3Adimension%2FAER%20Id%3A%3Aattribute%3A%3Anoaggr%3A%3Axsd%3Adouble=321991&_xt=AER&_xf=pdf""> AER </a>",2012-08-13 00:00:00,Veterinarian,United States,FEMALE,Dog,Newfoundland,"ANTISEDAN, ANTISEDAN 5 mg/ml SOLUCIÓN INYECTABLE PARA PERROS Y GATOS, ANTISEDAN 5 mg/ml raztopina za injiciranje za pse in mačke, ANTISEDAN 5MG/ML ΕΝΕΣΙΜΟ ΔΙΑΛΥΜΑ, ANTISEDAN SOLUTION INJECTABLE POUR CHIENS ET CHATS, ANTISEDAN, 5 mg/mL, otopina za injekciju, za pse i mačke, Antisedan 5 mg/ 1 ml, roztwór do wstrzykiwań dla psów i kotów, Antisedan 5 mg/ml  Injektionslösung für Hunde und Katzen, Antisedan 5 mg/ml - Injektionslösung für Hunde und Katzen, Antisedan 5 mg/ml Oplossing voor injectie, Antisedan 5 mg/ml Solution injectable, Antisedan 5 mg/ml injekčný roztok pre psy a mačky, Antisedan 5 mg/ml oldatos injekció kutya és macska részére.A.U.V., Antisedan 5 mg/ml solution for injection, Antisedan 5 mg/ml solução injetável para cães e gatos, Antisedan Vet 5 mg/ml injekcinis tirpalas, Antisedan Vet 5 mg/ml šķīdums injekcijām, Antisedan Vet, 5 mg/ml süstelahus, Antisedan Vet. 5 mg/ml injektionsvæske, opløsning, Antisedan vet 5 mg/ml injektioneste, liuos, Antisedan vet. 5 mg/ml Injektionsvätska, lösning, Antisedan vet. 5 mg/ml Stungulyf, lausn Handa hundum og köttum., Antisedan vet. 5 mg/ml injeksjonsvæske, oppløsning, til hund og katt, Antisedan vet., 5 mg/ml, Injektionsvätska, lösning, Antisedan, 5 mg/ml oplossing voor injectie voor honden en katten, Antisedan, 5mg/ml, Injekční roztok, Dexdomitor 0.1 mg/ml - Solution for injection, Dexdomitor 0.5 mg/ml - Solution for injection, Metacam 5 mg/ml - Solution for injection (cats, dogs), Metacam 5 mg/ml - Solution for injection (cattle, pigs), Metacam 5 mg/ml - Solution for injection (dogs), АНТИСЕДАН ВЕТ 5 mg/ml инжекционен разтвор","Decreased appetite, Diarrhoea, Elevated blood urea nitrogen (BUN), Elevated creatinine, Lethargy (see also Central nervous system depression in Neurological)",1,1,
US-DEBIAHP-2012US09903,"<a target=""_blank""  href=""/xmlpserver/EVVET3 PW NEW/Subject Area Contents/Public Website/Report (PDF)/AER.xdo?_xpf=&_xpt=1&_params%2FOracle%20BI%20EE%3A%3ADefaultApp%3A%3AEVVET3%20PR%20NEW%2FAER%3A%3Adimension%2FAER%20Id%3A%3Aattribute%3A%3Anoaggr%3A%3Axsd%3Adouble=330553&_xt=AER&_xf=pdf""> AER </a>",2012-10-26 00:00:00,Veterinarian,United States,FEMALE,Dog,Retriever - Labrador,Metacam 1.5 mg/ml - Oral suspension (dogs),"Abdominal pain, Abnormal radiograph finding, Abnormal ultrasound finding, Anaemia NOS, Dehydration, Elevated liver enzymes NOS, Gastric ulcer, Not eating, Vomiting, Weight loss",1,1,
US-DEBIAHP-2012US09980,"<a target=""_blank""  href=""/xmlpserver/EVVET3 PW NEW/Subject Area Contents/Public Website/Report (PDF)/AER.xdo?_xpf=&_xpt=1&_params%2FOracle%20BI%20EE%3A%3ADefaultApp%3A%3AEVVET3%20PR%20NEW%2FAER%3A%3Adimension%2FAER%20Id%3A%3Aattribute%3A%3Anoaggr%3A%3Axsd%3Adouble=322091&_xt=AER&_xf=pdf""> AER </a>",2012-08-14 00:00:00,Veterinarian,United States,MALE,Dog,Pug,Metacam 1.5 mg/ml - Oral suspension (dogs),"Low platelet count, Mucosa petechiae, Skin petechiae",1,1,
US-DEBIAHP-2012US10005,"<a target=""_blank""  href=""/xmlpserver/EVVET3 PW NEW/Subject Area Contents/Public Website/Report (PDF)/AER.xdo?_xpf=&_xpt=1&_params%2FOracle%20BI%20EE%3A%3ADefaultApp%3A%3AEVVET3%20PR%20NEW%2FAER%3A%3Adimension%2FAER%20Id%3A%3Aattribute%3A%3Anoaggr%3A%3Axsd%3Adouble=326692&_xt=AER&_xf=pdf""> AER </a>",2012-09-20 00:00:00,Veterinarian,United States,FEMALE,Dog,Poodle - Miniature,"Metacam 1.5 mg/ml - Oral suspension (dogs), Metacam 5 mg/ml - Solution for injection (cats, dogs), Metacam 5 mg/ml - Solution for injection (cattle, pigs), Metacam 5 mg/ml - Solution for injection (dogs)","Elevated alanine aminotransferase (ALT), Elevated aspartate aminotransferase (AST), Elevated liver enzymes NOS, Elevated total bilirubin, Icterus, Lethargy (see also Central nervous system depression in Neurological), Vomiting",1,1,
US-DEBIAHP-2012US10030,"<a target=""_blank""  href=""/xmlpserver/EVVET3 PW NEW/Subject Area Contents/Public Website/Report (PDF)/AER.xdo?_xpf=&_xpt=1&_params%2FOracle%20BI%20EE%3A%3ADefaultApp%3A%3AEVVET3%20PR%20NEW%2FAER%3A%3Adimension%2FAER%20Id%3A%3Aattribute%3A%3Anoaggr%3A%3Axsd%3Adouble=322305&_xt=AER&_xf=pdf""> AER </a>",2012-08-16 00:00:00,Animal owner,United States,MALE,Cat,Cat (other),"Metacam 0.5 mg/ml - Oral suspension (cats, guinea pigs), Metacam 0.5 mg/ml - Oral suspension (dogs), Metacam 5 mg/ml - Solution for injection (cats, dogs), Metacam 5 mg/ml - Solution for injection (cattle, pigs), Metacam 5 mg/ml - Solution for injection (dogs)","Adipsia, Anorexia, Anuria, Dehydration, Dilated pupils, Elevated renal parameters, Lethargy (see also Central nervous system depression in Neurological), Renal failure, Uncoded sign, Vomiting",1,1,
US-DEBIAHP-2012US10034,"<a target=""_blank""  href=""/xmlpserver/EVVET3 PW NEW/Subject Area Contents/Public Website/Report (PDF)/AER.xdo?_xpf=&_xpt=1&_params%2FOracle%20BI%20EE%3A%3ADefaultApp%3A%3AEVVET3%20PR%20NEW%2FAER%3A%3Adimension%2FAER%20Id%3A%3Aattribute%3A%3Anoaggr%3A%3Axsd%3Adouble=322379&_xt=AER&_xf=pdf""> AER </a>",2012-08-17 00:00:00,Veterinarian,United States,MALE,Cat,Cat (other),"Metacam 0.5 mg/ml - Oral suspension (cats, guinea pigs), Metacam 0.5 mg/ml - Oral suspension (dogs), Metacam 5 mg/ml - Solution for injection (cats, dogs), Metacam 5 mg/ml - Solution for injection (cattle, pigs), Metacam 5 mg/ml - Solution for injection (dogs)","Adipsia, Anorexia",1,1,
US-DEBIAHP-2012US10043,"<a target=""_blank""  href=""/xmlpserver/EVVET3 PW NEW/Subject Area Contents/Public Website/Report (PDF)/AER.xdo?_xpf=&_xpt=1&_params%2FOracle%20BI%20EE%3A%3ADefaultApp%3A%3AEVVET3%20PR%20NEW%2FAER%3A%3Adimension%2FAER%20Id%3A%3Aattribute%3A%3Anoaggr%3A%3Axsd%3Adouble=322375&_xt=AER&_xf=pdf""> AER </a>",2012-08-17 00:00:00,Animal owner,United States,FEMALE,Dog,Pinscher - Miniature,Metacam 1.5 mg/ml - Oral suspension (dogs),General hair loss,1,1,
US-DEBIAHP-2012US10175,"<a target=""_blank""  href=""/xmlpserver/EVVET3 PW NEW/Subject Area Contents/Public Website/Report (PDF)/AER.xdo?_xpf=&_xpt=1&_params%2FOracle%20BI%20EE%3A%3ADefaultApp%3A%3AEVVET3%20PR%20NEW%2FAER%3A%3Adimension%2FAER%20Id%3A%3Aattribute%3A%3Anoaggr%3A%3Axsd%3Adouble=322380&_xt=AER&_xf=pdf""> AER </a>",2012-08-17 00:00:00,Animal owner,United States,FEMALE,Cat,Cat (other),"Metacam 0.5 mg/ml - Oral suspension (cats, guinea pigs), Metacam 0.5 mg/ml - Oral suspension (dogs)",Lack of efficacy - NOS,1,1,
US-DEBIAHP-2012US10222,"<a target=""_blank""  href=""/xmlpserver/EVVET3 PW NEW/Subject Area Contents/Public Website/Report (PDF)/AER.xdo?_xpf=&_xpt=1&_params%2FOracle%20BI%20EE%3A%3ADefaultApp%3A%3AEVVET3%20PR%20NEW%2FAER%3A%3Adimension%2FAER%20Id%3A%3Aattribute%3A%3Anoaggr%3A%3Axsd%3Adouble=322935&_xt=AER&_xf=pdf""> AER </a>",2012-08-22 00:00:00,Veterinarian,United States,MALE,Dog,Spaniel - King Charles Cavalier,Metacam 1.5 mg/ml - Oral suspension (dogs),Nasal bleeding,1,1,
US-DEBIAHP-2012US10242,"<a target=""_blank""  href=""/xmlpserver/EVVET3 PW NEW/Subject Area Contents/Public Website/Report (PDF)/AER.xdo?_xpf=&_xpt=1&_params%2FOracle%20BI%20EE%3A%3ADefaultApp%3A%3AEVVET3%20PR%20NEW%2FAER%3A%3Adimension%2FAER%20Id%3A%3Aattribute%3A%3Anoaggr%3A%3Axsd%3Adouble=322689&_xt=AER&_xf=pdf""> AER </a>",2012-08-21 00:00:00,Veterinarian,United States,MALE,Cat,Cat (other),"Metacam 1.5 mg/ml - Oral suspension (dogs), Metacam 5 mg/ml - Solution for injection (cats, dogs), Metacam 5 mg/ml - Solution for injection (cattle, pigs), Metacam 5 mg/ml - Solution for injection (dogs)","Adipsia, Anorexia, Decreased appetite, Dehydration, Elevated blood urea nitrogen (BUN), Elevated creatinine, Elevated serum alkaline phosphatase (ALP), Eosinophilia, Hyperphosphataemia, Inappropriate urination, Lethargy (see also Central nervous system depression in Neurological), Localised pain NOS (see other SOCs for specific pain), Other abnormal test result NOS",1,1,
US-DEBIAHP-2012US10245,"<a target=""_blank""  href=""/xmlpserver/EVVET3 PW NEW/Subject Area Contents/Public Website/Report (PDF)/AER.xdo?_xpf=&_xpt=1&_params%2FOracle%20BI%20EE%3A%3ADefaultApp%3A%3AEVVET3%20PR%20NEW%2FAER%3A%3Adimension%2FAER%20Id%3A%3Aattribute%3A%3Anoaggr%3A%3Axsd%3Adouble=322525&_xt=AER&_xf=pdf""> AER </a>",2012-08-20 00:00:00,Animal owner,United States,UNKNOWN,Cat,Cat (other),"Metacam 0.5 mg/ml - Oral suspension (cats, guinea pigs), Metacam 0.5 mg/ml - Oral suspension (dogs)",Constipation,1,1,
US-DEBIAHP-2012US10263,"<a target=""_blank""  href=""/xmlpserver/EVVET3 PW NEW/Subject Area Contents/Public Website/Report (PDF)/AER.xdo?_xpf=&_xpt=1&_params%2FOracle%20BI%20EE%3A%3ADefaultApp%3A%3AEVVET3%20PR%20NEW%2FAER%3A%3Adimension%2FAER%20Id%3A%3Aattribute%3A%3Anoaggr%3A%3Axsd%3Adouble=322386&_xt=AER&_xf=pdf""> AER </a>",2012-08-17 00:00:00,Other health care professional,United States,FEMALE,Human,Unknown,Metacam 1.5 mg/ml - Oral suspension (dogs),"Cold and clammy skin, Eye redness, Headache",1,1,
US-DEBIAHP-2012US10376,"<a target=""_blank""  href=""/xmlpserver/EVVET3 PW NEW/Subject Area Contents/Public Website/Report (PDF)/AER.xdo?_xpf=&_xpt=1&_params%2FOracle%20BI%20EE%3A%3ADefaultApp%3A%3AEVVET3%20PR%20NEW%2FAER%3A%3Adimension%2FAER%20Id%3A%3Aattribute%3A%3Anoaggr%3A%3Axsd%3Adouble=324573&_xt=AER&_xf=pdf""> AER </a>",2012-09-04 00:00:00,Veterinarian,United States,FEMALE,Dog,"Deutsche Dogge, Great Dane",Metacam 1.5 mg/ml - Oral suspension (dogs),"Elevated alanine aminotransferase (ALT), Elevated total bilirubin, Icterus, Lethargy (see also Central nervous system depression in Neurological), Urinary incontinence",1,1,
US-DEBIAHP-2012US10400,"<a target=""_blank""  href=""/xmlpserver/EVVET3 PW NEW/Subject Area Contents/Public Website/Report (PDF)/AER.xdo?_xpf=&_xpt=1&_params%2FOracle%20BI%20EE%3A%3ADefaultApp%3A%3AEVVET3%20PR%20NEW%2FAER%3A%3Adimension%2FAER%20Id%3A%3Aattribute%3A%3Anoaggr%3A%3Axsd%3Adouble=322936&_xt=AER&_xf=pdf""> AER </a>",2012-08-22 00:00:00,Animal owner,United States,FEMALE,Dog,Terrier - Australian,Metacam 1.5 mg/ml - Oral suspension (dogs),"Distension of abdomen, Enlarged liver",1,1,
US-DEBIAHP-2012US10443,"<a target=""_blank""  href=""/xmlpserver/EVVET3 PW NEW/Subject Area Contents/Public Website/Report (PDF)/AER.xdo?_xpf=&_xpt=1&_params%2FOracle%20BI%20EE%3A%3ADefaultApp%3A%3AEVVET3%20PR%20NEW%2FAER%3A%3Adimension%2FAER%20Id%3A%3Aattribute%3A%3Anoaggr%3A%3Axsd%3Adouble=343154&_xt=AER&_xf=pdf""> AER </a>",2012-12-12 00:00:00,Animal owner,United States,MALE,Cat,Cat (other),"ANTISEDAN, ANTISEDAN 5 mg/ml SOLUCIÓN INYECTABLE PARA PERROS Y GATOS, ANTISEDAN 5 mg/ml raztopina za injiciranje za pse in mačke, ANTISEDAN 5MG/ML ΕΝΕΣΙΜΟ ΔΙΑΛΥΜΑ, ANTISEDAN SOLUTION INJECTABLE POUR CHIENS ET CHATS, ANTISEDAN, 5 mg/mL, otopina za injekciju, za pse i mačke, Antisedan 5 mg/ 1 ml, roztwór do wstrzykiwań dla psów i kotów, Antisedan 5 mg/ml  Injektionslösung für Hunde und Katzen, Antisedan 5 mg/ml - Injektionslösung für Hunde und Katzen, Antisedan 5 mg/ml Oplossing voor injectie, Antisedan 5 mg/ml Solution injectable, Antisedan 5 mg/ml injekčný roztok pre psy a mačky, Antisedan 5 mg/ml oldatos injekció kutya és macska részére.A.U.V., Antisedan 5 mg/ml solution for injection, Antisedan 5 mg/ml solução injetável para cães e gatos, Antisedan Vet 5 mg/ml injekcinis tirpalas, Antisedan Vet 5 mg/ml šķīdums injekcijām, Antisedan Vet, 5 mg/ml süstelahus, Antisedan Vet. 5 mg/ml injektionsvæske, opløsning, Antisedan vet 5 mg/ml injektioneste, liuos, Antisedan vet. 5 mg/ml Injektionsvätska, lösning, Antisedan vet. 5 mg/ml Stungulyf, lausn Handa hundum og köttum., Antisedan vet. 5 mg/ml injeksjonsvæske, oppløsning, til hund og katt, Antisedan vet., 5 mg/ml, Injektionsvätska, lösning, Antisedan, 5 mg/ml oplossing voor injectie voor honden en katten, Antisedan, 5mg/ml, Injekční roztok, DOMITOR 1 mg/ml raztopina za injiciranje za pse in mačke, DOMITOR 1 mg/ml ενέσιμο διάλυμα για σκύλους και γάτες, DOMITOR 1 mg/ml, soluție injectabilă pentru câini și pisici, DOMITOR, 1 mg/mL, otopina za injekciju za pse i mačke, DOMITOR, 1mg/ml, Injekční roztok, DOMITOR, SOLUTION INJECTABLE, Domitor, Domitor 1 mg/1 ml, roztwór do wstrzykiwań dla psów i kotów, Domitor 1 mg/ml - Injektionslösung für Hunde und Katzen, Domitor 1 mg/ml Oplossing voor injectie, Domitor 1 mg/ml Solution injectable, Domitor 1 mg/ml injekčný roztok, Domitor 1 mg/ml oldatos injekció kutyáknak és macskáknak A.U.V., Domitor 1 mg/ml solution for injection, Domitor 1 mg/ml soluzione iniettabile per cani e gatti, Domitor Vet 1 mg/ml injekcinis tirpalas, Domitor Vet 1 mg/ml šķīdums injekcijām, Domitor Vet, 1 mg/ml süstelahus, Domitor Vet. 1 mg/ml injektionsvæske, opløsning, Domitor vet 1 mg/ml injektioneste, liuos, Domitor vet. 1 mg/ml Injektionsvätska, lösning, Domitor vet. 1 mg/ml injeksjonsvæske, oppløsning til hund og katt, Fuxien vet 1000 mg/g inhalaatiohöyry, neste, ISOFLURANE-Vet 1000 mg/g liquido per inalazione per cani e gatti, ISOFLURIN 1000mg/g ΥΓΡΟ ΓΙΑ ΕΙΣΠΝΕΟΜΕΝΟΥΣ ΑΤΜΟΥΣ, Isoflurane 100% Inhalation Vapour, Liquid, Isoflurane 1000 mg/g Inhalation Vapour, liquid., Ketavet 100 mg/ml Solution for Injection for Dogs, Cats and Horses, Metacam 5 mg/ml - Solution for injection (cats, dogs), Metacam 5 mg/ml - Solution for injection (cattle, pigs), Metacam 5 mg/ml - Solution for injection (dogs), Torbugesic 10 mg/ml Solution for Injection, Torbugesic Vet 10 mg/ml solution injectable pour chevaux, chiens et chats, Torbugesic Vet. 10 mg/ml injektionsvæske, opløsning, Torbuphanol Vet 10 mg/ml solution for injection for injection for horses, dogs and cats, АНТИСЕДАН ВЕТ 5 mg/ml инжекционен разтвор, Домитор Вет 1 mg/ml инжекционен разтвор за кучета и котки","Adipsia, Anorexia, Elevated blood urea nitrogen (BUN), Elevated creatinine, Heart murmur, Other abnormal test result NOS, Renal disorder NOS, Urinary tract infection, Weight loss",1,1,
US-DEBIAHP-2012US10480,"<a target=""_blank""  href=""/xmlpserver/EVVET3 PW NEW/Subject Area Contents/Public Website/Report (PDF)/AER.xdo?_xpf=&_xpt=1&_params%2FOracle%20BI%20EE%3A%3ADefaultApp%3A%3AEVVET3%20PR%20NEW%2FAER%3A%3Adimension%2FAER%20Id%3A%3Aattribute%3A%3Anoaggr%3A%3Axsd%3Adouble=325034&_xt=AER&_xf=pdf""> AER </a>",2012-09-06 00:00:00,Other health care professional,United States,FEMALE,Dog,Terrier - Yorkshire,Metacam 1.5 mg/ml - Oral suspension (dogs),"Anorexia, Anxiety, Elevated blood urea nitrogen (BUN), Lethargy (see also Central nervous system depression in Neurological)",1,1,
US-DEBIAHP-2012US10499,"<a target=""_blank""  href=""/xmlpserver/EVVET3 PW NEW/Subject Area Contents/Public Website/Report (PDF)/AER.xdo?_xpf=&_xpt=1&_params%2FOracle%20BI%20EE%3A%3ADefaultApp%3A%3AEVVET3%20PR%20NEW%2FAER%3A%3Adimension%2FAER%20Id%3A%3Aattribute%3A%3Anoaggr%3A%3Axsd%3Adouble=323265&_xt=AER&_xf=pdf""> AER </a>",2012-08-23 00:00:00,Animal owner,United States,MALE,Dog,Dog (other),Metacam 1.5 mg/ml - Oral suspension (dogs),Lethargy (see also Central nervous system depression in Neurological),1,1,
US-DEBIAHP-2012US10611,"<a target=""_blank""  href=""/xmlpserver/EVVET3 PW NEW/Subject Area Contents/Public Website/Report (PDF)/AER.xdo?_xpf=&_xpt=1&_params%2FOracle%20BI%20EE%3A%3ADefaultApp%3A%3AEVVET3%20PR%20NEW%2FAER%3A%3Adimension%2FAER%20Id%3A%3Aattribute%3A%3Anoaggr%3A%3Axsd%3Adouble=324190&_xt=AER&_xf=pdf""> AER </a>",2012-08-30 00:00:00,Other health care professional,United States,FEMALE,Dog,Dog (other),"Metacam 5 mg/ml - Solution for injection (cats, dogs), Metacam 5 mg/ml - Solution for injection (cattle, pigs), Metacam 5 mg/ml - Solution for injection (dogs)",Facial swelling (see also Skin),1,1,
US-DEBIAHP-2012US10616,"<a target=""_blank""  href=""/xmlpserver/EVVET3 PW NEW/Subject Area Contents/Public Website/Report (PDF)/AER.xdo?_xpf=&_xpt=1&_params%2FOracle%20BI%20EE%3A%3ADefaultApp%3A%3AEVVET3%20PR%20NEW%2FAER%3A%3Adimension%2FAER%20Id%3A%3Aattribute%3A%3Anoaggr%3A%3Axsd%3Adouble=331023&_xt=AER&_xf=pdf""> AER </a>",2012-10-30 00:00:00,Veterinarian,United States,MALE,Dog,Collie - Border,Metacam 1.5 mg/ml - Oral suspension (dogs),"Elevated aspartate aminotransferase (AST), Hepatic cirrhosis, Hepatitis",1,1,
US-DEBIAHP-2012US10628,"<a target=""_blank""  href=""/xmlpserver/EVVET3 PW NEW/Subject Area Contents/Public Website/Report (PDF)/AER.xdo?_xpf=&_xpt=1&_params%2FOracle%20BI%20EE%3A%3ADefaultApp%3A%3AEVVET3%20PR%20NEW%2FAER%3A%3Adimension%2FAER%20Id%3A%3Aattribute%3A%3Anoaggr%3A%3Axsd%3Adouble=325035&_xt=AER&_xf=pdf""> AER </a>",2012-09-06 00:00:00,Veterinarian,United States,MALE,Dog,Spaniel - King Charles Cavalier,Metacam 1.5 mg/ml - Oral suspension (dogs),Elevated liver enzymes NOS,1,1,
US-DEBIAHP-2012US10663,"<a target=""_blank""  href=""/xmlpserver/EVVET3 PW NEW/Subject Area Contents/Public Website/Report (PDF)/AER.xdo?_xpf=&_xpt=1&_params%2FOracle%20BI%20EE%3A%3ADefaultApp%3A%3AEVVET3%20PR%20NEW%2FAER%3A%3Adimension%2FAER%20Id%3A%3Aattribute%3A%3Anoaggr%3A%3Axsd%3Adouble=323848&_xt=AER&_xf=pdf""> AER </a>",2012-08-27 00:00:00,Other health care professional,United States,MALE,Dog,Retriever - Labrador,Metacam 1.5 mg/ml - Oral suspension (dogs),Diarrhoea,1,1,
US-DEBIAHP-2012US10684,"<a target=""_blank""  href=""/xmlpserver/EVVET3 PW NEW/Subject Area Contents/Public Website/Report (PDF)/AER.xdo?_xpf=&_xpt=1&_params%2FOracle%20BI%20EE%3A%3ADefaultApp%3A%3AEVVET3%20PR%20NEW%2FAER%3A%3Adimension%2FAER%20Id%3A%3Aattribute%3A%3Anoaggr%3A%3Axsd%3Adouble=324137&_xt=AER&_xf=pdf""> AER </a>",2012-08-30 00:00:00,Veterinarian,United States,FEMALE,Cat,Cat (other),Metacam 1.5 mg/ml - Oral suspension (dogs),"Anorexia, Constipation, Dehydration, Elevated blood urea nitrogen (BUN), Elevated creatinine, Hyperphosphataemia, Other abnormal test result NOS, Vomiting",1,1,
US-DEBIAHP-2012US10709,"<a target=""_blank""  href=""/xmlpserver/EVVET3 PW NEW/Subject Area Contents/Public Website/Report (PDF)/AER.xdo?_xpf=&_xpt=1&_params%2FOracle%20BI%20EE%3A%3ADefaultApp%3A%3AEVVET3%20PR%20NEW%2FAER%3A%3Adimension%2FAER%20Id%3A%3Aattribute%3A%3Anoaggr%3A%3Axsd%3Adouble=324188&_xt=AER&_xf=pdf""> AER </a>",2012-08-30 00:00:00,Other health care professional,United States,FEMALE,Dog,Pointing Dog - German Short-haired,Metacam 1.5 mg/ml - Oral suspension (dogs),"Application site alopecia, Application site inflammation, Reddening of the skin",1,1,
US-DEBIAHP-2012US10717,"<a target=""_blank""  href=""/xmlpserver/EVVET3 PW NEW/Subject Area Contents/Public Website/Report (PDF)/AER.xdo?_xpf=&_xpt=1&_params%2FOracle%20BI%20EE%3A%3ADefaultApp%3A%3AEVVET3%20PR%20NEW%2FAER%3A%3Adimension%2FAER%20Id%3A%3Aattribute%3A%3Anoaggr%3A%3Axsd%3Adouble=323917&_xt=AER&_xf=pdf""> AER </a>",2012-08-28 00:00:00,Animal owner,United States,FEMALE,Dog,Terrier - Australian,Metacam 1.5 mg/ml - Oral suspension (dogs),"Abnormal ultrasound finding, Digestive tract disorder NOS, Excessive appetite, Flatulence, bloating and distension, Gall bladder & bile duct disorder NOS, Liver disorder NOS",1,1,
US-DEBIAHP-2012US10718,"<a target=""_blank""  href=""/xmlpserver/EVVET3 PW NEW/Subject Area Contents/Public Website/Report (PDF)/AER.xdo?_xpf=&_xpt=1&_params%2FOracle%20BI%20EE%3A%3ADefaultApp%3A%3AEVVET3%20PR%20NEW%2FAER%3A%3Adimension%2FAER%20Id%3A%3Aattribute%3A%3Anoaggr%3A%3Axsd%3Adouble=325809&_xt=AER&_xf=pdf""> AER </a>",2012-09-14 00:00:00,Animal owner,United States,MALE,Dog,Spaniel - Cocker American,Metacam 1.5 mg/ml - Oral suspension (dogs),"Seizure NOS, Weight loss",1,1,
US-DEBIAHP-2012US10807,"<a target=""_blank""  href=""/xmlpserver/EVVET3 PW NEW/Subject Area Contents/Public Website/Report (PDF)/AER.xdo?_xpf=&_xpt=1&_params%2FOracle%20BI%20EE%3A%3ADefaultApp%3A%3AEVVET3%20PR%20NEW%2FAER%3A%3Adimension%2FAER%20Id%3A%3Aattribute%3A%3Anoaggr%3A%3Axsd%3Adouble=324150&_xt=AER&_xf=pdf""> AER </a>",2012-08-30 00:00:00,Veterinarian,United States,MALE,Cat,Cat (other),"Metacam 5 mg/ml - Solution for injection (cats, dogs), Metacam 5 mg/ml - Solution for injection (cattle, pigs), Metacam 5 mg/ml - Solution for injection (dogs)","Anaemia NOS, Anorexia, Lung sound, Other abnormal test result NOS, Vomiting",1,1,
US-DEBIAHP-2012US10811,"<a target=""_blank""  href=""/xmlpserver/EVVET3 PW NEW/Subject Area Contents/Public Website/Report (PDF)/AER.xdo?_xpf=&_xpt=1&_params%2FOracle%20BI%20EE%3A%3ADefaultApp%3A%3AEVVET3%20PR%20NEW%2FAER%3A%3Adimension%2FAER%20Id%3A%3Aattribute%3A%3Anoaggr%3A%3Axsd%3Adouble=324285&_xt=AER&_xf=pdf""> AER </a>",2012-08-31 00:00:00,Veterinarian,United States,FEMALE,Cat,Cat (other),Metacam 1.5 mg/ml - Oral suspension (dogs),"Acute renal failure, Anaemia NOS, Decreased appetite, Hypercalcaemia",1,1,
US-DEBIAHP-2012US10986,"<a target=""_blank""  href=""/xmlpserver/EVVET3 PW NEW/Subject Area Contents/Public Website/Report (PDF)/AER.xdo?_xpf=&_xpt=1&_params%2FOracle%20BI%20EE%3A%3ADefaultApp%3A%3AEVVET3%20PR%20NEW%2FAER%3A%3Adimension%2FAER%20Id%3A%3Aattribute%3A%3Anoaggr%3A%3Axsd%3Adouble=325037&_xt=AER&_xf=pdf""> AER </a>",2012-09-06 00:00:00,Other health care professional,United States,MALE,Cat,Cat (other),"Ketamin 10 % šķīdums injekcijām suņiem un kaķiem, Ketamin 10%, Ketamin 100 mg/ml, Ketamine 10% oplossing voor injectie voor honden en katten, Ketamine 10% pro inj., oplossing voor injectie voor honden en katten, Ketamine 10% šķīdums injekcijām suņiem un kaķiem, Ketamine 10%, oplossing voor injectie voor honden en katten, Metacam 1.5 mg/ml - Oral suspension (dogs), Metacam 5 mg/ml - Solution for injection (cats, dogs), Metacam 5 mg/ml - Solution for injection (cattle, pigs), Metacam 5 mg/ml - Solution for injection (dogs), КЕТАМИН 10 %","Decreased appetite, Decreased urine concentration, Elevated blood urea nitrogen (BUN), Elevated creatinine, Haematuria, Other abnormal test result NOS, Proteinuria, Urine abnormalities NOS, Vomiting",1,1,
US-DEBIAHP-2012US11008,"<a target=""_blank""  href=""/xmlpserver/EVVET3 PW NEW/Subject Area Contents/Public Website/Report (PDF)/AER.xdo?_xpf=&_xpt=1&_params%2FOracle%20BI%20EE%3A%3ADefaultApp%3A%3AEVVET3%20PR%20NEW%2FAER%3A%3Adimension%2FAER%20Id%3A%3Aattribute%3A%3Anoaggr%3A%3Axsd%3Adouble=325086&_xt=AER&_xf=pdf""> AER </a>",2012-09-07 00:00:00,Animal owner,United States,MALE,Cat,Himalayan,Metacam 1.5 mg/ml - Oral suspension (dogs),"Anorexia, Anuria, Decreased bowel movements, Lethargy (see also Central nervous system depression in Neurological)",1,1,
US-DEBIAHP-2012US11019,"<a target=""_blank""  href=""/xmlpserver/EVVET3 PW NEW/Subject Area Contents/Public Website/Report (PDF)/AER.xdo?_xpf=&_xpt=1&_params%2FOracle%20BI%20EE%3A%3ADefaultApp%3A%3AEVVET3%20PR%20NEW%2FAER%3A%3Adimension%2FAER%20Id%3A%3Aattribute%3A%3Anoaggr%3A%3Axsd%3Adouble=324574&_xt=AER&_xf=pdf""> AER </a>",2012-09-04 00:00:00,Veterinarian,United States,FEMALE,Dog,Pinscher - Miniature,"Metacam 1.5 mg/ml - Oral suspension (dogs), Metacam 5 mg/ml - Solution for injection (cats, dogs), Metacam 5 mg/ml - Solution for injection (cattle, pigs), Metacam 5 mg/ml - Solution for injection (dogs)","Other abnormal test result NOS, Urticaria",1,1,
US-DEBIAHP-2012US11035,"<a target=""_blank""  href=""/xmlpserver/EVVET3 PW NEW/Subject Area Contents/Public Website/Report (PDF)/AER.xdo?_xpf=&_xpt=1&_params%2FOracle%20BI%20EE%3A%3ADefaultApp%3A%3AEVVET3%20PR%20NEW%2FAER%3A%3Adimension%2FAER%20Id%3A%3Aattribute%3A%3Anoaggr%3A%3Axsd%3Adouble=327834&_xt=AER&_xf=pdf""> AER </a>",2012-10-01 00:00:00,Veterinarian,United States,MALE,Cat,Maine Coon,"Metacam 0.5 mg/ml - Oral suspension (cats, guinea pigs), Metacam 0.5 mg/ml - Oral suspension (dogs)","Anorexia, Fever, Lethargy (see also Central nervous system depression in Neurological), Renal failure",1,1,
US-DEBIAHP-2012US11088,"<a target=""_blank""  href=""/xmlpserver/EVVET3 PW NEW/Subject Area Contents/Public Website/Report (PDF)/AER.xdo?_xpf=&_xpt=1&_params%2FOracle%20BI%20EE%3A%3ADefaultApp%3A%3AEVVET3%20PR%20NEW%2FAER%3A%3Adimension%2FAER%20Id%3A%3Aattribute%3A%3Anoaggr%3A%3Axsd%3Adouble=324570&_xt=AER&_xf=pdf""> AER </a>",2012-09-04 00:00:00,Animal owner,United States,MALE,Dog,Dog (other),Metacam 1.5 mg/ml - Oral suspension (dogs),Vomiting,1,1,
US-DEBIAHP-2012US11167,"<a target=""_blank""  href=""/xmlpserver/EVVET3 PW NEW/Subject Area Contents/Public Website/Report (PDF)/AER.xdo?_xpf=&_xpt=1&_params%2FOracle%20BI%20EE%3A%3ADefaultApp%3A%3AEVVET3%20PR%20NEW%2FAER%3A%3Adimension%2FAER%20Id%3A%3Aattribute%3A%3Anoaggr%3A%3Axsd%3Adouble=324576&_xt=AER&_xf=pdf""> AER </a>",2012-09-04 00:00:00,Veterinarian,United States,MALE,Cat,Cat (other),Metacam 1.5 mg/ml - Oral suspension (dogs),"Elevated blood urea nitrogen (BUN), Elevated creatinine",1,1,
US-DEBIAHP-2012US11203,"<a target=""_blank""  href=""/xmlpserver/EVVET3 PW NEW/Subject Area Contents/Public Website/Report (PDF)/AER.xdo?_xpf=&_xpt=1&_params%2FOracle%20BI%20EE%3A%3ADefaultApp%3A%3AEVVET3%20PR%20NEW%2FAER%3A%3Adimension%2FAER%20Id%3A%3Aattribute%3A%3Anoaggr%3A%3Axsd%3Adouble=325042&_xt=AER&_xf=pdf""> AER </a>",2012-09-06 00:00:00,Veterinarian,United States,MALE,Dog,Terrier - Yorkshire,"Convenia 80 mg/ml  - Powder and solvent for solution for injection, Metacam 0.5 mg/ml - Oral suspension (cats, guinea pigs), Metacam 0.5 mg/ml - Oral suspension (dogs)",Seizure NOS,1,1,
US-DEBIAHP-2012US11276,"<a target=""_blank""  href=""/xmlpserver/EVVET3 PW NEW/Subject Area Contents/Public Website/Report (PDF)/AER.xdo?_xpf=&_xpt=1&_params%2FOracle%20BI%20EE%3A%3ADefaultApp%3A%3AEVVET3%20PR%20NEW%2FAER%3A%3Adimension%2FAER%20Id%3A%3Aattribute%3A%3Anoaggr%3A%3Axsd%3Adouble=326223&_xt=AER&_xf=pdf""> AER </a>",2012-09-17 00:00:00,Veterinarian,United States,MALE,Dog,Dog (other),Metacam 1.5 mg/ml - Oral suspension (dogs),"Elevated alanine aminotransferase (ALT), Elevated serum alkaline phosphatase (ALP)",1,1,
US-DEBIAHP-2012US11375,"<a target=""_blank""  href=""/xmlpserver/EVVET3 PW NEW/Subject Area Contents/Public Website/Report (PDF)/AER.xdo?_xpf=&_xpt=1&_params%2FOracle%20BI%20EE%3A%3ADefaultApp%3A%3AEVVET3%20PR%20NEW%2FAER%3A%3Adimension%2FAER%20Id%3A%3Aattribute%3A%3Anoaggr%3A%3Axsd%3Adouble=343624&_xt=AER&_xf=pdf""> AER </a>",2012-12-14 00:00:00,Animal owner,United States,MALE,Cat,Cat (other),Metacam 1.5 mg/ml - Oral suspension (dogs),"Acute renal failure, Anaemia NOS, Chronic renal failure, Decreased appetite, Lethargy (see also Central nervous system depression in Neurological), Polydipsia, Vomiting",1,1,
US-DEBIAHP-2012US11403,"<a target=""_blank""  href=""/xmlpserver/EVVET3 PW NEW/Subject Area Contents/Public Website/Report (PDF)/AER.xdo?_xpf=&_xpt=1&_params%2FOracle%20BI%20EE%3A%3ADefaultApp%3A%3AEVVET3%20PR%20NEW%2FAER%3A%3Adimension%2FAER%20Id%3A%3Aattribute%3A%3Anoaggr%3A%3Axsd%3Adouble=344902&_xt=AER&_xf=pdf""> AER </a>",2012-12-21 00:00:00,Veterinarian,United States,MALE,Dog,Pekingese,Metacam 1.5 mg/ml - Oral suspension (dogs),"Anorexia, Elevated alanine aminotransferase (ALT), Elevated aspartate aminotransferase (AST), Elevated serum alkaline phosphatase (ALP), Elevated total bilirubin, Leukocytosis NOS, Vomiting",1,1,
US-DEBIAHP-2012US11412,"<a target=""_blank""  href=""/xmlpserver/EVVET3 PW NEW/Subject Area Contents/Public Website/Report (PDF)/AER.xdo?_xpf=&_xpt=1&_params%2FOracle%20BI%20EE%3A%3ADefaultApp%3A%3AEVVET3%20PR%20NEW%2FAER%3A%3Adimension%2FAER%20Id%3A%3Aattribute%3A%3Anoaggr%3A%3Axsd%3Adouble=326706&_xt=AER&_xf=pdf""> AER </a>",2012-09-20 00:00:00,Veterinarian,United States,MALE,Cat,Cat (other),"Metacam 5 mg/ml - Solution for injection (cats, dogs), Metacam 5 mg/ml - Solution for injection (cattle, pigs), Metacam 5 mg/ml - Solution for injection (dogs)",Emesis,1,1,
US-DEBIAHP-2012US11418,"<a target=""_blank""  href=""/xmlpserver/EVVET3 PW NEW/Subject Area Contents/Public Website/Report (PDF)/AER.xdo?_xpf=&_xpt=1&_params%2FOracle%20BI%20EE%3A%3ADefaultApp%3A%3AEVVET3%20PR%20NEW%2FAER%3A%3Adimension%2FAER%20Id%3A%3Aattribute%3A%3Anoaggr%3A%3Axsd%3Adouble=325773&_xt=AER&_xf=pdf""> AER </a>",2012-09-14 00:00:00,Other health care professional,United States,UNKNOWN,Pig,Pig (other),"Metacam 5 mg/ml - Solution for injection (cats, dogs), Metacam 5 mg/ml - Solution for injection (cattle, pigs), Metacam 5 mg/ml - Solution for injection (dogs)","Central nervous system disorder NOS, Death",5,6,
US-DEBIAHP-2012US11425,"<a target=""_blank""  href=""/xmlpserver/EVVET3 PW NEW/Subject Area Contents/Public Website/Report (PDF)/AER.xdo?_xpf=&_xpt=1&_params%2FOracle%20BI%20EE%3A%3ADefaultApp%3A%3AEVVET3%20PR%20NEW%2FAER%3A%3Adimension%2FAER%20Id%3A%3Aattribute%3A%3Anoaggr%3A%3Axsd%3Adouble=327205&_xt=AER&_xf=pdf""> AER </a>",2012-09-10 00:00:00,Veterinarian,United States,MALE,Cat,Cat (other),"Metacam 5 mg/ml - Solution for injection (cats, dogs), Metacam 5 mg/ml - Solution for injection (cattle, pigs), Metacam 5 mg/ml - Solution for injection (dogs)","Crystalluria, Excessive chewing, licking and/or grooming, Inappropriate defecation, Inappropriate urination",1,1,
US-DEBIAHP-2012US11522,"<a target=""_blank""  href=""/xmlpserver/EVVET3 PW NEW/Subject Area Contents/Public Website/Report (PDF)/AER.xdo?_xpf=&_xpt=1&_params%2FOracle%20BI%20EE%3A%3ADefaultApp%3A%3AEVVET3%20PR%20NEW%2FAER%3A%3Adimension%2FAER%20Id%3A%3Aattribute%3A%3Anoaggr%3A%3Axsd%3Adouble=325275&_xt=AER&_xf=pdf""> AER </a>",2012-09-10 00:00:00,Animal owner,United States,FEMALE,Dog,Spitz - German Pomeranian,Metacam 1.5 mg/ml - Oral suspension (dogs),"Abnormal stool colouration, Decreased appetite",1,1,
US-DEBIAHP-2012US11554,"<a target=""_blank""  href=""/xmlpserver/EVVET3 PW NEW/Subject Area Contents/Public Website/Report (PDF)/AER.xdo?_xpf=&_xpt=1&_params%2FOracle%20BI%20EE%3A%3ADefaultApp%3A%3AEVVET3%20PR%20NEW%2FAER%3A%3Adimension%2FAER%20Id%3A%3Aattribute%3A%3Anoaggr%3A%3Axsd%3Adouble=327206&_xt=AER&_xf=pdf""> AER </a>",2012-09-25 00:00:00,Veterinarian,United States,FEMALE,Cat,Cat (other),"Dexdomitor 0.1 mg/ml - Solution for injection, Dexdomitor 0.5 mg/ml - Solution for injection, Ketavet 100 mg/ml Solution for Injection for Dogs, Cats and Horses, Metacam 5 mg/ml - Solution for injection (cats, dogs), Metacam 5 mg/ml - Solution for injection (cattle, pigs), Metacam 5 mg/ml - Solution for injection (dogs), Torbugesic 10 mg/ml Solution for Injection, Torbugesic Vet 10 mg/ml solution injectable pour chevaux, chiens et chats, Torbugesic Vet. 10 mg/ml injektionsvæske, opløsning, Torbuphanol Vet 10 mg/ml solution for injection for injection for horses, dogs and cats","Anorexia, Decreased urine concentration, Elevated blood urea nitrogen (BUN), Elevated creatinine, Glucosuria, Lethargy (see also Central nervous system depression in Neurological), Leukocytosis NOS, Other abnormal test result NOS, Weight loss",2,2,
US-DEBIAHP-2012US11666,"<a target=""_blank""  href=""/xmlpserver/EVVET3 PW NEW/Subject Area Contents/Public Website/Report (PDF)/AER.xdo?_xpf=&_xpt=1&_params%2FOracle%20BI%20EE%3A%3ADefaultApp%3A%3AEVVET3%20PR%20NEW%2FAER%3A%3Adimension%2FAER%20Id%3A%3Aattribute%3A%3Anoaggr%3A%3Axsd%3Adouble=326086&_xt=AER&_xf=pdf""> AER </a>",2012-09-17 00:00:00,Veterinarian,United States,MALE,Cat,Cat (other),"Metacam 1.5 mg/ml - Oral suspension (dogs), NOBI-VAC RABIES INJECTION, NOBIVAC RABIES, NOBIVAC RABIES ΕΝΕΣΙΜΟ ΕΝΑΙΩΡΗΜΑ, NOBIVAC RABIES, injekcinė suspensija šunims, katėms, galvijams, avims, ožkoms, lapėms, šeškams ir arkliams, Nobivac Rabies  Suspensie voor injectie, Nobivac Rabies Vet. injektionsvæske, suspension, Nobivac Rabies Zawiesina do wstrzykiwań, Nobivac Rabies injekčná suspenzia pre psy, mačky, hovädzí dobytok, ovce, kozy, líšky, fretky a kone, Nobivac Rabies suspensija injekcijām liellopiem, zirgiem, aitām, kazām, lapsām, mājas seskiem, suņiem un kaķiem, Nobivac Rabies suspension for injection for dogs and cats, Nobivac Rabies suspensão injetável para cães, gatos, bovinos e equinos, Nobivac Rabies vakcina A.U.V., Nobivac Rabies vet injektioneste, suspensio, Nobivac Rabies vet. 2 IE Injektionsvätska, suspension, Nobivac Rabies vet., 2 IE, Injektionsvätska, suspension, Nobivac Rabies vsaj 2 i.e./ml, suspenzija za injiciranje, Nobivac Rabies, Injekční suspenze, Nobivac Rabies, injekcinė suspensija šunims, katėms, galvijams, avims, ožkoms, lapėms, šeškams ir arkliams, Nobivac Rabies, suspenzija za injekciju, za pse, mačke, goveda, konje, ovce, koze, lisice i pitome vretice, Nobivac Rabies, süstesuspensioon koertele, kassidele, veistele, lammastele, kitsedele, rebastele, tuhkrutele ja hobustele, НОБИВАК РАБИЕС","Abnormal pupil light reflex, Anorexia, Lateral recumbency, Lethargy (see also Central nervous system depression in Neurological), Unable to stand",1,1,
US-DEBIAHP-2012US11743,"<a target=""_blank""  href=""/xmlpserver/EVVET3 PW NEW/Subject Area Contents/Public Website/Report (PDF)/AER.xdo?_xpf=&_xpt=1&_params%2FOracle%20BI%20EE%3A%3ADefaultApp%3A%3AEVVET3%20PR%20NEW%2FAER%3A%3Adimension%2FAER%20Id%3A%3Aattribute%3A%3Anoaggr%3A%3Axsd%3Adouble=328503&_xt=AER&_xf=pdf""> AER </a>",2012-10-08 00:00:00,Veterinarian,United States,MALE,Cat,Cat (other),Metacam 1.5 mg/ml - Oral suspension (dogs),"Dehydration, Elevated blood urea nitrogen (BUN), Elevated creatinine, Lethargy (see also Central nervous system depression in Neurological), Weakness, Weight loss",1,1,
US-DEBIAHP-2012US11763,"<a target=""_blank""  href=""/xmlpserver/EVVET3 PW NEW/Subject Area Contents/Public Website/Report (PDF)/AER.xdo?_xpf=&_xpt=1&_params%2FOracle%20BI%20EE%3A%3ADefaultApp%3A%3AEVVET3%20PR%20NEW%2FAER%3A%3Adimension%2FAER%20Id%3A%3Aattribute%3A%3Anoaggr%3A%3Axsd%3Adouble=325098&_xt=AER&_xf=pdf""> AER </a>",2012-09-07 00:00:00,Veterinarian,United States,MALE,Dog,Dog (other),Metacam 1.5 mg/ml - Oral suspension (dogs),"Bruising, Inappetence, Joint swelling, Other coagulation investigation abnormality, Skin petechiae",1,1,
US-DEBIAHP-2012US11780,"<a target=""_blank""  href=""/xmlpserver/EVVET3 PW NEW/Subject Area Contents/Public Website/Report (PDF)/AER.xdo?_xpf=&_xpt=1&_params%2FOracle%20BI%20EE%3A%3ADefaultApp%3A%3AEVVET3%20PR%20NEW%2FAER%3A%3Adimension%2FAER%20Id%3A%3Aattribute%3A%3Anoaggr%3A%3Axsd%3Adouble=326218&_xt=AER&_xf=pdf""> AER </a>",2012-09-17 00:00:00,Veterinarian,United States,MALE,Cat,Cat (other),"DEPO-MEDROL SUSPENSION INJECTABLE POUR CHIENS CHATS ET CHEVAUX, DEPO-MEDROL Vet 40 mg/ml Sospensione iniettabile per equidi non destinati alla produzione di alimenti e per cani e gatti, DEPOMEDROL 40MG/ML ΕΝΕΣΙΜΟ ΕΝΑΙΩΡΗΜΑ, Depo-Medrol vet 40 mg/ml injektioneste, suspensio, Depo-medrol Vet. 40 mg/ml injektionsvæske, suspension, Metacam 1.5 mg/ml - Oral suspension (dogs)","Anorexia, Hyperglycaemia, Muscle tremor, Other abnormal test result NOS, Stupor",1,1,
US-DEBIAHP-2012US11801,"<a target=""_blank""  href=""/xmlpserver/EVVET3 PW NEW/Subject Area Contents/Public Website/Report (PDF)/AER.xdo?_xpf=&_xpt=1&_params%2FOracle%20BI%20EE%3A%3ADefaultApp%3A%3AEVVET3%20PR%20NEW%2FAER%3A%3Adimension%2FAER%20Id%3A%3Aattribute%3A%3Anoaggr%3A%3Axsd%3Adouble=326596&_xt=AER&_xf=pdf""> AER </a>",2012-09-20 00:00:00,Other health care professional,United States,FEMALE,Human,Unknown,Metacam 1.5 mg/ml - Oral suspension (dogs),Tingling sensation,1,1,
US-DEBIAHP-2012US11849,"<a target=""_blank""  href=""/xmlpserver/EVVET3 PW NEW/Subject Area Contents/Public Website/Report (PDF)/AER.xdo?_xpf=&_xpt=1&_params%2FOracle%20BI%20EE%3A%3ADefaultApp%3A%3AEVVET3%20PR%20NEW%2FAER%3A%3Adimension%2FAER%20Id%3A%3Aattribute%3A%3Anoaggr%3A%3Axsd%3Adouble=326882&_xt=AER&_xf=pdf""> AER </a>",2012-09-21 00:00:00,Other health care professional,United States,MALE,Dog,Collie - Border,Metacam 1.5 mg/ml - Oral suspension (dogs),Elevated alanine aminotransferase (ALT),1,1,
US-DEBIAHP-2012US11959,"<a target=""_blank""  href=""/xmlpserver/EVVET3 PW NEW/Subject Area Contents/Public Website/Report (PDF)/AER.xdo?_xpf=&_xpt=1&_params%2FOracle%20BI%20EE%3A%3ADefaultApp%3A%3AEVVET3%20PR%20NEW%2FAER%3A%3Adimension%2FAER%20Id%3A%3Aattribute%3A%3Anoaggr%3A%3Axsd%3Adouble=326739&_xt=AER&_xf=pdf""> AER </a>",2012-09-20 00:00:00,Veterinarian,United States,UNKNOWN,Dog,Dog (other),Metacam 1.5 mg/ml - Oral suspension (dogs),"Duodenal ulcer, Inappetence",1,1,
US-DEBIAHP-2012US11974,"<a target=""_blank""  href=""/xmlpserver/EVVET3 PW NEW/Subject Area Contents/Public Website/Report (PDF)/AER.xdo?_xpf=&_xpt=1&_params%2FOracle%20BI%20EE%3A%3ADefaultApp%3A%3AEVVET3%20PR%20NEW%2FAER%3A%3Adimension%2FAER%20Id%3A%3Aattribute%3A%3Anoaggr%3A%3Axsd%3Adouble=326743&_xt=AER&_xf=pdf""> AER </a>",2012-09-20 00:00:00,Veterinarian,United States,FEMALE,Cat,Cat (other),Metacam 1.5 mg/ml - Oral suspension (dogs),"Acute renal failure, Death by euthanasia, Elevated blood urea nitrogen (BUN)",1,1,1
US-DEBIAHP-2012US11999,"<a target=""_blank""  href=""/xmlpserver/EVVET3 PW NEW/Subject Area Contents/Public Website/Report (PDF)/AER.xdo?_xpf=&_xpt=1&_params%2FOracle%20BI%20EE%3A%3ADefaultApp%3A%3AEVVET3%20PR%20NEW%2FAER%3A%3Adimension%2FAER%20Id%3A%3Aattribute%3A%3Anoaggr%3A%3Axsd%3Adouble=326890&_xt=AER&_xf=pdf""> AER </a>",2012-09-21 00:00:00,Veterinarian,United States,MALE,Dog,Maltese,Metacam 1.5 mg/ml - Oral suspension (dogs),"Bloody diarrhoea, Vomiting",1,1,
US-DEBIAHP-2012US12021,"<a target=""_blank""  href=""/xmlpserver/EVVET3 PW NEW/Subject Area Contents/Public Website/Report (PDF)/AER.xdo?_xpf=&_xpt=1&_params%2FOracle%20BI%20EE%3A%3ADefaultApp%3A%3AEVVET3%20PR%20NEW%2FAER%3A%3Adimension%2FAER%20Id%3A%3Aattribute%3A%3Anoaggr%3A%3Axsd%3Adouble=326893&_xt=AER&_xf=pdf""> AER </a>",2012-09-21 00:00:00,Other health care professional,United States,FEMALE,Dog,Maltese,Metacam 1.5 mg/ml - Oral suspension (dogs),"Inappetence, Weight loss",1,1,
US-DEBIAHP-2012US12160,"<a target=""_blank""  href=""/xmlpserver/EVVET3 PW NEW/Subject Area Contents/Public Website/Report (PDF)/AER.xdo?_xpf=&_xpt=1&_params%2FOracle%20BI%20EE%3A%3ADefaultApp%3A%3AEVVET3%20PR%20NEW%2FAER%3A%3Adimension%2FAER%20Id%3A%3Aattribute%3A%3Anoaggr%3A%3Axsd%3Adouble=327437&_xt=AER&_xf=pdf""> AER </a>",2012-09-27 00:00:00,Animal owner,United States,FEMALE,Dog,Schnauzer - Miniature,Metacam 1.5 mg/ml - Oral suspension (dogs),"Diarrhoea, Inappetence, Miscellaneous eating disorder NOS",1,1,
US-DEBIAHP-2012US12183,"<a target=""_blank""  href=""/xmlpserver/EVVET3 PW NEW/Subject Area Contents/Public Website/Report (PDF)/AER.xdo?_xpf=&_xpt=1&_params%2FOracle%20BI%20EE%3A%3ADefaultApp%3A%3AEVVET3%20PR%20NEW%2FAER%3A%3Adimension%2FAER%20Id%3A%3Aattribute%3A%3Anoaggr%3A%3Axsd%3Adouble=327429&_xt=AER&_xf=pdf""> AER </a>",2012-09-27 00:00:00,Animal owner,United States,MALE,Cat,Cat (other),"Metacam 5 mg/ml - Solution for injection (cats, dogs), Metacam 5 mg/ml - Solution for injection (cattle, pigs), Metacam 5 mg/ml - Solution for injection (dogs)","Elevated blood urea nitrogen (BUN), Elevated creatinine, Hyperphosphataemia",1,1,1
US-DEBIAHP-2012US12190,"<a target=""_blank""  href=""/xmlpserver/EVVET3 PW NEW/Subject Area Contents/Public Website/Report (PDF)/AER.xdo?_xpf=&_xpt=1&_params%2FOracle%20BI%20EE%3A%3ADefaultApp%3A%3AEVVET3%20PR%20NEW%2FAER%3A%3Adimension%2FAER%20Id%3A%3Aattribute%3A%3Anoaggr%3A%3Axsd%3Adouble=327224&_xt=AER&_xf=pdf""> AER </a>",2012-09-25 00:00:00,Other health care professional,United States,MALE,Dog,Spitz - German Pomeranian,"Metacam 0.5 mg/ml - Oral suspension (cats, guinea pigs), Metacam 0.5 mg/ml - Oral suspension (dogs)","Anal irritation, Diarrhoea",1,1,
US-DEBIAHP-2012US12229,"<a target=""_blank""  href=""/xmlpserver/EVVET3 PW NEW/Subject Area Contents/Public Website/Report (PDF)/AER.xdo?_xpf=&_xpt=1&_params%2FOracle%20BI%20EE%3A%3ADefaultApp%3A%3AEVVET3%20PR%20NEW%2FAER%3A%3Adimension%2FAER%20Id%3A%3Aattribute%3A%3Anoaggr%3A%3Axsd%3Adouble=327436&_xt=AER&_xf=pdf""> AER </a>",2012-09-27 00:00:00,Veterinarian,United States,MALE,Cat,Maine Coon,"Metacam 0.5 mg/ml - Oral suspension (cats, guinea pigs), Metacam 0.5 mg/ml - Oral suspension (dogs), Metacam 5 mg/ml - Solution for injection (cats, dogs), Metacam 5 mg/ml - Solution for injection (cattle, pigs), Metacam 5 mg/ml - Solution for injection (dogs)","Elevated blood urea nitrogen (BUN), Elevated creatinine",1,1,
US-DEBIAHP-2012US12237,"<a target=""_blank""  href=""/xmlpserver/EVVET3 PW NEW/Subject Area Contents/Public Website/Report (PDF)/AER.xdo?_xpf=&_xpt=1&_params%2FOracle%20BI%20EE%3A%3ADefaultApp%3A%3AEVVET3%20PR%20NEW%2FAER%3A%3Adimension%2FAER%20Id%3A%3Aattribute%3A%3Anoaggr%3A%3Axsd%3Adouble=327308&_xt=AER&_xf=pdf""> AER </a>",2012-09-26 00:00:00,Other health care professional,United States,MALE,Cat,Cat (other),"Metacam 5 mg/ml - Solution for injection (cats, dogs), Metacam 5 mg/ml - Solution for injection (cattle, pigs), Metacam 5 mg/ml - Solution for injection (dogs)","Death by euthanasia, Diarrhoea, Lethargy (see also Central nervous system depression in Neurological), Urine abnormalities NOS, Weakness",1,1,1
US-DEBIAHP-2012US12272,"<a target=""_blank""  href=""/xmlpserver/EVVET3 PW NEW/Subject Area Contents/Public Website/Report (PDF)/AER.xdo?_xpf=&_xpt=1&_params%2FOracle%20BI%20EE%3A%3ADefaultApp%3A%3AEVVET3%20PR%20NEW%2FAER%3A%3Adimension%2FAER%20Id%3A%3Aattribute%3A%3Anoaggr%3A%3Axsd%3Adouble=327527&_xt=AER&_xf=pdf""> AER </a>",2012-09-28 00:00:00,Veterinarian,United States,FEMALE,Dog,Pug,"Metacam 5 mg/ml - Solution for injection (cats, dogs), Metacam 5 mg/ml - Solution for injection (cattle, pigs), Metacam 5 mg/ml - Solution for injection (dogs)",Death,1,1,
US-DEBIAHP-2012US12277,"<a target=""_blank""  href=""/xmlpserver/EVVET3 PW NEW/Subject Area Contents/Public Website/Report (PDF)/AER.xdo?_xpf=&_xpt=1&_params%2FOracle%20BI%20EE%3A%3ADefaultApp%3A%3AEVVET3%20PR%20NEW%2FAER%3A%3Adimension%2FAER%20Id%3A%3Aattribute%3A%3Anoaggr%3A%3Axsd%3Adouble=337642&_xt=AER&_xf=pdf""> AER </a>",2012-11-13 00:00:00,Veterinarian,United States,FEMALE,Dog,"Hound - Swiss - (Lucerne Hound (Luzerner Laufhund), Schwyz Hound (Schweizer Laufhund), Bernese Hound, Jura Hound)","Metacam 5 mg/ml - Solution for injection (cats, dogs), Metacam 5 mg/ml - Solution for injection (cattle, pigs), Metacam 5 mg/ml - Solution for injection (dogs), SYNULOX (200+50)MG/TAB ΔΙΣΚΙΟ, SYNULOX (40+10)MG/TAB ΔΙΣΚΙΟ, SYNULOX 140 mg/ml + 35 mg/ml suspensión inyectable, SYNULOX 200 mg/50 mg tablety pre psy a mačky, SYNULOX 200/50 mg COMPRIMIDOS APETITOSOS PARA PERROS, SYNULOX 250 COMPRIMES POUR CHIENS, SYNULOX 250 mg, SYNULOX 250 mg kramtomosios tabletės šunims ir katėms, SYNULOX 250 mg tablete za pse in mačke, SYNULOX 250mg, δισκία για σκύλους και γάτες, SYNULOX 40 mg/10 mg tablety pre psy a mačky, SYNULOX 40 mg/ml + 10 mg/ml POLVO PARA GOTAS ORALES EN SUSPENSION, SYNULOX 40/10 MG COMPRIMIDOS APETITOSOS PARA PERROS Y GATOS, SYNULOX 400 mg/100 mg tablety pre psy, SYNULOX 400/100 mg COMPRIMIDOS APETITOSOS PARA PERROS, SYNULOX 50 COMPRIMES POUR CHIENS ET CHATS, SYNULOX 50 mg, SYNULOX 50 mg kramtomosios tabletės šunims ir katėms, SYNULOX 50 mg tablete za pse in mačke, SYNULOX 500 COMPRIMES POUR CHIENS, SYNULOX 500 mg kramtomosios tabletės šunims, SYNULOX 500 mg tablete za pse, SYNULOX 500 mg, kramtomosios tabletės šunims, SYNULOX 500MG/TAB ΔΙΣΚΙΟ, SYNULOX 50mg, δισκία για σκύλους και γάτες, SYNULOX OGIVETTES POUR VEAUX, SYNULOX SUSPENSION INJECTABLE POUR BOVINS, SYNULOX VET 140 mg/ml injektioneste, suspensio koiralle, kissalle ja sialle, SYNULOX suspensão injetável para suínos, bovinos, cães e gatos, SYNULOX vet 200 mg/50 mg tabletti, koiralle ja kissalle, SYNULOX vet 40 mg/10 mg tabletti, koiralle ja kissalle, SYNULOX vet 400 mg/100 mg tabletti, koiralle, SYNULOX, 400/100mg, Tableta, Synulox 250 mg Comprimés Appétents, Synulox 250 mg Smakelijke tabletten, Synulox 250 mg tabletes suņiem un kaķiem, Synulox 250 mg, tabletid koertele ja kassidele, Synulox 250 mg, таблетки за кучета и котки, Synulox 250mg (200 mg/50 mg)  Tabletten für Hunde, Synulox 50 mg Comprimés Appétents, Synulox 50 mg Smakelijke Tabletten, Synulox 50 mg tabletes suņiem un kaķiem, Synulox 50 mg, tabletid koertele ja kassidele, Synulox 50 mg, таблетки за кучета и котки, Synulox 500 mg Bolus 400 mg - 100 mg Omhulde tablet, Synulox 500 mg Comprimés Appétents, Synulox 500 mg Smakelijke Tabletten, Synulox 500 mg tabletes suņiem, Synulox 500 mg, tabletid koertele, Synulox 500mg (400 mg/100 mg) Tabletten für Hunde, Synulox 50mg (40 mg/10 mg) Tabletten für Hunde und Katzen, Synulox Bolus 500 mg, 400 mg + 100 mg comprimés enrobés pour veaux, Synulox Lactating Cow Intramammary suspension., Synulox Tabletki 250 mg, Synulox Tabletki 250 mg (200+50) mg/tablete; tabletes suņiem, Synulox Tabletki 50 mg, Synulox Tabletki 50 mg (40+10) mg/ tablete; tabletes suņiem un kaķiem, Synulox Tabletki 500 mg, Synulox Vet. til hund og kat 200 + 50 mg tabletter, Synulox Vet. til hund og kat 40 + 10 mg tabletter, Synulox Vet. til hund tabletter 400 + 100 mg, Synulox Vet. til kalve 400 + 100 mg tabletter, Synulox comprimidos palatáveis 250 mg para cães e gatos, Synulox comprimidos palatáveis 50 mg para cães e gatos, Synulox comprimidos palatáveis 500 mg para cães, Synulox vet 40 mg/ml jauhe oraalisuspensiota varten koiralle ja kissalle, Synulox vet. 200 mg tabletter for hund og katt, Synulox vet. 200 mg/50 mg Tablett, Synulox vet. 40 mg tabletter for hund og katt, Synulox vet. 40 mg/10 mg Tablett, Synulox vet. 400 mg tabletter for hund, Synulox vet. 400 mg/100 mg Tablett, Synulox, 200/50mg, Tableta, Synulox, 40/10mg, Tableta, Synulox-Kalb 400 mg/100 mg Filmtabletten für Rinder (Kälber)",Uncoded sign,1,1,
US-DEBIAHP-2012US12285,"<a target=""_blank""  href=""/xmlpserver/EVVET3 PW NEW/Subject Area Contents/Public Website/Report (PDF)/AER.xdo?_xpf=&_xpt=1&_params%2FOracle%20BI%20EE%3A%3ADefaultApp%3A%3AEVVET3%20PR%20NEW%2FAER%3A%3Adimension%2FAER%20Id%3A%3Aattribute%3A%3Anoaggr%3A%3Axsd%3Adouble=327592&_xt=AER&_xf=pdf""> AER </a>",2012-09-29 00:00:00,Veterinarian,United States,MALE,Dog,Retriever - Golden,Metacam 1.5 mg/ml - Oral suspension (dogs),"Elevated liver enzymes NOS, Gastroenteritis, Haematochezia, Leukopenia NOS, Lymphadenitis, Thrombocytopenia",1,1,
US-DEBIAHP-2012US12293,"<a target=""_blank""  href=""/xmlpserver/EVVET3 PW NEW/Subject Area Contents/Public Website/Report (PDF)/AER.xdo?_xpf=&_xpt=1&_params%2FOracle%20BI%20EE%3A%3ADefaultApp%3A%3AEVVET3%20PR%20NEW%2FAER%3A%3Adimension%2FAER%20Id%3A%3Aattribute%3A%3Anoaggr%3A%3Axsd%3Adouble=330152&_xt=AER&_xf=pdf""> AER </a>",2012-10-22 00:00:00,Animal owner,United States,FEMALE,Dog,Chihuahua,"Metacam 0.5 mg/ml - Oral suspension (cats, guinea pigs), Metacam 0.5 mg/ml - Oral suspension (dogs), Tramadog 50 mg tablet for dogs",Polydipsia,1,1,
US-DEBIAHP-2012US12324,"<a target=""_blank""  href=""/xmlpserver/EVVET3 PW NEW/Subject Area Contents/Public Website/Report (PDF)/AER.xdo?_xpf=&_xpt=1&_params%2FOracle%20BI%20EE%3A%3ADefaultApp%3A%3AEVVET3%20PR%20NEW%2FAER%3A%3Adimension%2FAER%20Id%3A%3Aattribute%3A%3Anoaggr%3A%3Axsd%3Adouble=328505&_xt=AER&_xf=pdf""> AER </a>",2012-10-08 00:00:00,Veterinarian,United States,MALE,Cat,Cat (other),Metacam 1.5 mg/ml - Oral suspension (dogs),"Anaemia NOS, Elevated blood urea nitrogen (BUN), Elevated creatinine, Hyperthyroidism, Inappropriate urination, Increased heart rate, Pale mucous membrane, Polydipsia, Proteinuria, Renal failure, Uraemia, Urinary tract infection, Weight loss",1,1,
US-DEBIAHP-2012US12336,"<a target=""_blank""  href=""/xmlpserver/EVVET3 PW NEW/Subject Area Contents/Public Website/Report (PDF)/AER.xdo?_xpf=&_xpt=1&_params%2FOracle%20BI%20EE%3A%3ADefaultApp%3A%3AEVVET3%20PR%20NEW%2FAER%3A%3Adimension%2FAER%20Id%3A%3Aattribute%3A%3Anoaggr%3A%3Axsd%3Adouble=330551&_xt=AER&_xf=pdf""> AER </a>",2012-10-26 00:00:00,Veterinarian,United States,FEMALE,Dog,Shih Tzu,"Metacam 5 mg/ml - Solution for injection (cats, dogs), Metacam 5 mg/ml - Solution for injection (cattle, pigs), Metacam 5 mg/ml - Solution for injection (dogs)",Injection site oedema,1,1,
US-DEBIAHP-2012US12381,"<a target=""_blank""  href=""/xmlpserver/EVVET3 PW NEW/Subject Area Contents/Public Website/Report (PDF)/AER.xdo?_xpf=&_xpt=1&_params%2FOracle%20BI%20EE%3A%3ADefaultApp%3A%3AEVVET3%20PR%20NEW%2FAER%3A%3Adimension%2FAER%20Id%3A%3Aattribute%3A%3Anoaggr%3A%3Axsd%3Adouble=330552&_xt=AER&_xf=pdf""> AER </a>",2012-10-26 00:00:00,Veterinarian,United States,FEMALE,Cat,Cat (other),Metacam 1.5 mg/ml - Oral suspension (dogs),"Elevated blood urea nitrogen (BUN), Elevated creatinine, Other abnormal test result NOS",1,1,
US-DEBIAHP-2012US12423,"<a target=""_blank""  href=""/xmlpserver/EVVET3 PW NEW/Subject Area Contents/Public Website/Report (PDF)/AER.xdo?_xpf=&_xpt=1&_params%2FOracle%20BI%20EE%3A%3ADefaultApp%3A%3AEVVET3%20PR%20NEW%2FAER%3A%3Adimension%2FAER%20Id%3A%3Aattribute%3A%3Anoaggr%3A%3Axsd%3Adouble=327928&_xt=AER&_xf=pdf""> AER </a>",2012-10-02 00:00:00,Veterinarian,United States,MALE,Cat,Cat (other),"Convenia 80 mg/ml  - Powder and solvent for solution for injection, Metacam 5 mg/ml - Solution for injection (cats, dogs), Metacam 5 mg/ml - Solution for injection (cattle, pigs), Metacam 5 mg/ml - Solution for injection (dogs)","Death by euthanasia, Decreased appetite, Decreased urine concentration, Elevated blood urea nitrogen (BUN), Elevated creatinine, Hyperphosphataemia",1,1,1
US-DEBIAHP-2012US12445,"<a target=""_blank""  href=""/xmlpserver/EVVET3 PW NEW/Subject Area Contents/Public Website/Report (PDF)/AER.xdo?_xpf=&_xpt=1&_params%2FOracle%20BI%20EE%3A%3ADefaultApp%3A%3AEVVET3%20PR%20NEW%2FAER%3A%3Adimension%2FAER%20Id%3A%3Aattribute%3A%3Anoaggr%3A%3Axsd%3Adouble=327931&_xt=AER&_xf=pdf""> AER </a>",2012-10-02 00:00:00,Veterinarian,United States,MALE,Cat,Cat (other),"Convenia 80 mg/ml  - Powder and solvent for solution for injection, Metacam 5 mg/ml - Solution for injection (cats, dogs), Metacam 5 mg/ml - Solution for injection (cattle, pigs), Metacam 5 mg/ml - Solution for injection (dogs)",Vestibular disorder NOS,1,1,
US-DEBIAHP-2012US12454,"<a target=""_blank""  href=""/xmlpserver/EVVET3 PW NEW/Subject Area Contents/Public Website/Report (PDF)/AER.xdo?_xpf=&_xpt=1&_params%2FOracle%20BI%20EE%3A%3ADefaultApp%3A%3AEVVET3%20PR%20NEW%2FAER%3A%3Adimension%2FAER%20Id%3A%3Aattribute%3A%3Anoaggr%3A%3Axsd%3Adouble=338302&_xt=AER&_xf=pdf""> AER </a>",2012-11-16 00:00:00,Veterinarian,United States,FEMALE,Cat,Cat (other),"Metacam 5 mg/ml - Solution for injection (cats, dogs), Metacam 5 mg/ml - Solution for injection (cattle, pigs), Metacam 5 mg/ml - Solution for injection (dogs), ROMPUN, ROMPUN 2 %, ROMPUN 20MG/ML ΕΝΕΣΙΜΟ ΔΙΑΛΥΜΑ, Rompun 2%, Rompun 2% 20 mg/ml Oplossing voor injectie, Rompun 2% 20 mg/ml Solution injectable, Rompun 20 mg/ml Injektionslösung für Tiere, Rompun 20 mg/ml solução injetável para bovinos, cavalos, cães e gatos., Rompun Vet. 2 % injektionsvæske, opløsning, Rompun vet 20 mg/ml injektioneste, liuos, Rompun vet. 20 mg/ml Injektionsvätska, lösning, Rompun vet. 20 mg/ml injeksjonsvæske, oppløsning, Rompun vet. 20 mg/ml stungulyf, lausn","Death, Elevated blood urea nitrogen (BUN), Lethargy (see also Central nervous system depression in Neurological), Liver disorder NOS, Nephritis, Perivascular necrosis, Pneumonia",1,1,
US-DEBIAHP-2012US12458,"<a target=""_blank""  href=""/xmlpserver/EVVET3 PW NEW/Subject Area Contents/Public Website/Report (PDF)/AER.xdo?_xpf=&_xpt=1&_params%2FOracle%20BI%20EE%3A%3ADefaultApp%3A%3AEVVET3%20PR%20NEW%2FAER%3A%3Adimension%2FAER%20Id%3A%3Aattribute%3A%3Anoaggr%3A%3Axsd%3Adouble=329183&_xt=AER&_xf=pdf""> AER </a>",2012-10-15 00:00:00,Animal owner,United States,FEMALE,Dog,Retriever - Golden,Metacam 1.5 mg/ml - Oral suspension (dogs),"Pruritus, Skin lesion NOS",1,1,
US-DEBIAHP-2012US12493,"<a target=""_blank""  href=""/xmlpserver/EVVET3 PW NEW/Subject Area Contents/Public Website/Report (PDF)/AER.xdo?_xpf=&_xpt=1&_params%2FOracle%20BI%20EE%3A%3ADefaultApp%3A%3AEVVET3%20PR%20NEW%2FAER%3A%3Adimension%2FAER%20Id%3A%3Aattribute%3A%3Anoaggr%3A%3Axsd%3Adouble=328152&_xt=AER&_xf=pdf""> AER </a>",2012-10-04 00:00:00,Veterinarian,United States,MALE,Dog,Terrier - West Highland White,"Convenia 80 mg/ml  - Powder and solvent for solution for injection, Metacam 5 mg/ml - Solution for injection (cats, dogs), Metacam 5 mg/ml - Solution for injection (cattle, pigs), Metacam 5 mg/ml - Solution for injection (dogs)","Congested mucous membrane, Dry mucous membrane, Lethargy (see also Central nervous system depression in Neurological), Not eating, Vomiting",1,1,
US-DEBIAHP-2012US12507,"<a target=""_blank""  href=""/xmlpserver/EVVET3 PW NEW/Subject Area Contents/Public Website/Report (PDF)/AER.xdo?_xpf=&_xpt=1&_params%2FOracle%20BI%20EE%3A%3ADefaultApp%3A%3AEVVET3%20PR%20NEW%2FAER%3A%3Adimension%2FAER%20Id%3A%3Aattribute%3A%3Anoaggr%3A%3Axsd%3Adouble=328126&_xt=AER&_xf=pdf""> AER </a>",2012-10-04 00:00:00,Other health care professional,United States,FEMALE,Dog,Shih Tzu,"Metacam 5 mg/ml - Solution for injection (cats, dogs), Metacam 5 mg/ml - Solution for injection (cattle, pigs), Metacam 5 mg/ml - Solution for injection (dogs)","Alopecia local, Pruritus",1,1,
US-DEBIAHP-2012US12508,"<a target=""_blank""  href=""/xmlpserver/EVVET3 PW NEW/Subject Area Contents/Public Website/Report (PDF)/AER.xdo?_xpf=&_xpt=1&_params%2FOracle%20BI%20EE%3A%3ADefaultApp%3A%3AEVVET3%20PR%20NEW%2FAER%3A%3Adimension%2FAER%20Id%3A%3Aattribute%3A%3Anoaggr%3A%3Axsd%3Adouble=328850&_xt=AER&_xf=pdf""> AER </a>",2012-10-11 00:00:00,Veterinarian,United States,MALE,Monkey,Monkey (unknown),Metacam 1.5 mg/ml - Oral suspension (dogs),Hallucination,1,1,
US-DEBIAHP-2012US12525,"<a target=""_blank""  href=""/xmlpserver/EVVET3 PW NEW/Subject Area Contents/Public Website/Report (PDF)/AER.xdo?_xpf=&_xpt=1&_params%2FOracle%20BI%20EE%3A%3ADefaultApp%3A%3AEVVET3%20PR%20NEW%2FAER%3A%3Adimension%2FAER%20Id%3A%3Aattribute%3A%3Anoaggr%3A%3Axsd%3Adouble=328321&_xt=AER&_xf=pdf""> AER </a>",2012-10-05 00:00:00,Animal owner,United States,UNKNOWN,Dog,Dog (other),Metacam 1.5 mg/ml - Oral suspension (dogs),"Death, Lethargy (see also Central nervous system depression in Neurological)",1,1,
US-DEBIAHP-2012US12529,"<a target=""_blank""  href=""/xmlpserver/EVVET3 PW NEW/Subject Area Contents/Public Website/Report (PDF)/AER.xdo?_xpf=&_xpt=1&_params%2FOracle%20BI%20EE%3A%3ADefaultApp%3A%3AEVVET3%20PR%20NEW%2FAER%3A%3Adimension%2FAER%20Id%3A%3Aattribute%3A%3Anoaggr%3A%3Axsd%3Adouble=328318&_xt=AER&_xf=pdf""> AER </a>",2012-10-05 00:00:00,Veterinarian,United States,FEMALE,Dog,Beagle,"Metacam 1.5 mg/ml - Oral suspension (dogs), Tramadog 50 mg tablet for dogs","Bloody diarrhoea, Pancreatitis NOS",1,1,
US-DEBIAHP-2012US12568,"<a target=""_blank""  href=""/xmlpserver/EVVET3 PW NEW/Subject Area Contents/Public Website/Report (PDF)/AER.xdo?_xpf=&_xpt=1&_params%2FOracle%20BI%20EE%3A%3ADefaultApp%3A%3AEVVET3%20PR%20NEW%2FAER%3A%3Adimension%2FAER%20Id%3A%3Aattribute%3A%3Anoaggr%3A%3Axsd%3Adouble=342404&_xt=AER&_xf=pdf""> AER </a>",2012-12-07 00:00:00,Veterinarian,United States,FEMALE,Cat,Cat (other),"Metacam 0.5 mg/ml - Oral suspension (cats, guinea pigs), Metacam 0.5 mg/ml - Oral suspension (dogs)","Anorexia, Decreased urine concentration, Elevated blood urea nitrogen (BUN), Elevated creatinine, Lethargy (see also Central nervous system depression in Neurological), Other abnormal test result NOS, Polydipsia, Respiratory tract disorder NOS, Vomiting",1,1,
US-DEBIAHP-2012US12720,"<a target=""_blank""  href=""/xmlpserver/EVVET3 PW NEW/Subject Area Contents/Public Website/Report (PDF)/AER.xdo?_xpf=&_xpt=1&_params%2FOracle%20BI%20EE%3A%3ADefaultApp%3A%3AEVVET3%20PR%20NEW%2FAER%3A%3Adimension%2FAER%20Id%3A%3Aattribute%3A%3Anoaggr%3A%3Axsd%3Adouble=328724&_xt=AER&_xf=pdf""> AER </a>",2012-10-10 00:00:00,Animal owner,United States,FEMALE,Dog,"Cattle Dog - Australian (blue heeler, red heeler, Queensland cattledog)","Metacam 1.5 mg/ml - Oral suspension (dogs), RIMADYL 100 mg COMPRIMIDOS MASTICABLES PARA PERROS, RIMADYL 100 mg comprimate pentru câini, RIMADYL 100 mg, kramtomosios tabletės šunims, RIMADYL 100MG/TAB ΜΑΣΩΜΕΝΟ ΔΙΣΚΙΟ, RIMADYL 20 mg COMPRIMIDOS MASTICABLES PARA PERROS, RIMADYL 20 mg, kramtomosios tabletės šunims, RIMADYL 20MG/TAB ΜΑΣΩΜΕΝΟ ΔΙΣΚΙΟ, RIMADYL 50 mg COMPRIMIDOS MASTICABLES PARA PERROS, RIMADYL 50 mg comprimate pentru câini, RIMADYL 50 mg, kramtomosios tabletės šunims, RIMADYL 50MG/TAB ΜΑΣΩΜΕΝΟ ΔΙΣΚΙΟ, RIMADYL 50mg/ml ενέσιμο διάλυμα για σκύλους και γάτες, RIMADYL CATTLE 50 mg/ml, injekcinis tirpalas galvijams, RIMADYL Cattle 50 mg/ml Solution for Injection, RIMADYL INJECTABLE SOLUTION INJECTABLE POUR CHATS ET CHIENS, RIMADYL Injection 50mg/ml Διαυγές αποστειρωμένο ενέσιμο διάλυμα για σκύλους και γάτες, RIMADYL SMAKELIJKE TABLETTEN 100 mg voor honden, RIMADYL SMAKELIJKE TABLETTEN 50 mg voor honden, RIMADYL VET 50 mg/ml injektioneste, liuos, RIMADYL vet 100 mg purutabletti, RIMADYL vet 20 mg purutabletti, RIMADYL vet 50 mg purutabletti, Rimadyl 100 mg - Kautabletten für Hunde, Rimadyl 100 mg Comprimés Appétents 100 mg Tablet, Rimadyl 100 mg Kautablette für Hunde, Rimadyl 100 mg comprimidos mastigáveis para cães, Rimadyl 100 mg comprimés appétents, 100 mg, comprimés pour chiens, Rimadyl 100 mg okusne, žvečljive tablete za pse, Rimadyl 100 mg tabletes suņiem, Rimadyl 100 mg ízesített tabletta A.U.V., Rimadyl 20 mg - Kautabletten für Hunde, Rimadyl 20 mg Comprimés Appétents 20 mg Comprimé, Rimadyl 20 mg Comprimés Appétents 20 mg Tablet, Rimadyl 20 mg Kautablette für Hunde, Rimadyl 20 mg okusne, žvečljive tablete za pse, Rimadyl 20 mg ízesített tabletta A.U.V., Rimadyl 20 mg таблетки за кучета/Rimadyl 50 mg таблетки за кучета/Rimadyl 100 mg таблетки за кучета, Rimadyl 50 mg - Kautabletten für Hunde, Rimadyl 50 mg Comprimés Appétents 50 mg Tablet, Rimadyl 50 mg Kautablette für Hunde, Rimadyl 50 mg comprimidos mastigáveis para cães, Rimadyl 50 mg comprimés appétents, 50 mg, comprimés pour chiens, Rimadyl 50 mg košļājamās tabletes suņiem, Rimadyl 50 mg okusne, žvečljive tablete za pse, Rimadyl 50 mg ízesített tabletta A.U.V., Rimadyl 50 mg/ml - Injektionslösung für Hunde und Katzen, Rimadyl 50 mg/ml injekčný roztok, Rimadyl 50mg/ml Injektionslösung für Hunde und Katzen, Rimadyl Cattle, 50 mg/mL, otopina za injekciju, za goveda, Rimadyl Iniettabile 50 mg/ml, soluzione iniettabile per cane e gatto., Rimadyl Palatable 100 mg tablety pre psy, Rimadyl Palatable 20 mg tablety pre psy, Rimadyl Palatable 50 mg tablety pre psy, Rimadyl Palatable Tablets 100, Rimadyl Palatable Tablets 100 mg, Rimadyl Palatable Tablets 100 mg tabletes suņiem, Rimadyl Palatable Tablets 20 mg, Rimadyl Palatable Tablets 20 mg tabletes suņiem, Rimadyl Palatable Tablets 50, Rimadyl Palatable Tablets 50 mg, Rimadyl Palatable Tablets 50 mg tabletes suņiem, Rimadyl Palatable Tablets da 100 mg per cani, Rimadyl Palatable Tablets da 20 mg per cani, Rimadyl Palatable Tablets da 50 mg per cani, Rimadyl Palatable, 100mg, Žvýkací tableta, Rimadyl Palatable, 20mg, Žvýkací tableta, Rimadyl Palatable, 50mg, Žvýkací tableta, Rimadyl Solution for Injection for dogs and cats 50 mg/ml, Rimadyl Vet. 100 mg tyggetabletter, Rimadyl Vet. 20 mg tyggetabletter, Rimadyl Vet. 50 mg tyggetabletter, Rimadyl cattle 50 mg/ml oplossing voor injectie, Rimadyl injectievloeistof, 50 mg/ml voor honden en katten, Rimadyl smakelijke tabletten 100 mg voor honden, Rimadyl smakelijke tabletten 20 mg voor honden, Rimadyl smakelijke tabletten 50 mg voor honden, Rimadyl vet. 100 mg Tuggtablett, Rimadyl vet. 100 mg tyggetabletter, Rimadyl vet. 20 mg Tuggtablett, Rimadyl vet. 20 mg tyggetabletter, Rimadyl vet. 50 mg Tuggtablett, Rimadyl vet. 50 mg tyggetabletter, Rimadyl vet., 100 mg, Tuggtablett, Rimadyl Μασώμενο Δισκίο 100mg για σκύλους, Rimadyl Μασώμενο Δισκίο 20mg για σκύλους, Rimadyl Μασώμενο Δισκίο 50mg για σκύλους, Rimadyl, 100 mg närimistablett koertele, Rimadyl, 20 mg närimistablett koertele,","Anorexia, Bloody diarrhoea, Lethargy (see also Central nervous system depression in Neurological), Vomiting",1,1,
US-DEBIAHP-2012US12746,"<a target=""_blank""  href=""/xmlpserver/EVVET3 PW NEW/Subject Area Contents/Public Website/Report (PDF)/AER.xdo?_xpf=&_xpt=1&_params%2FOracle%20BI%20EE%3A%3ADefaultApp%3A%3AEVVET3%20PR%20NEW%2FAER%3A%3Adimension%2FAER%20Id%3A%3Aattribute%3A%3Anoaggr%3A%3Axsd%3Adouble=328826&_xt=AER&_xf=pdf""> AER </a>",2012-10-11 00:00:00,Veterinarian,United States,MALE,Dog,Retriever - Labrador,Metacam 1.5 mg/ml - Oral suspension (dogs),"Elevated alanine aminotransferase (ALT), Fever, Neutrophilia, Other abnormal test result NOS, Pain NOS, Swelling NOS",1,1,
US-DEBIAHP-2012US12788,"<a target=""_blank""  href=""/xmlpserver/EVVET3 PW NEW/Subject Area Contents/Public Website/Report (PDF)/AER.xdo?_xpf=&_xpt=1&_params%2FOracle%20BI%20EE%3A%3ADefaultApp%3A%3AEVVET3%20PR%20NEW%2FAER%3A%3Adimension%2FAER%20Id%3A%3Aattribute%3A%3Anoaggr%3A%3Axsd%3Adouble=328945&_xt=AER&_xf=pdf""> AER </a>",2012-10-12 00:00:00,Animal owner,United States,MALE,Dog,Terrier - Yorkshire,"Metacam 0.5 mg/ml - Oral suspension (cats, guinea pigs), Metacam 0.5 mg/ml - Oral suspension (dogs)",Pruritus,1,1,
US-DEBIAHP-2012US12830,"<a target=""_blank""  href=""/xmlpserver/EVVET3 PW NEW/Subject Area Contents/Public Website/Report (PDF)/AER.xdo?_xpf=&_xpt=1&_params%2FOracle%20BI%20EE%3A%3ADefaultApp%3A%3AEVVET3%20PR%20NEW%2FAER%3A%3Adimension%2FAER%20Id%3A%3Aattribute%3A%3Anoaggr%3A%3Axsd%3Adouble=328824&_xt=AER&_xf=pdf""> AER </a>",2012-10-11 00:00:00,Veterinarian,United States,MALE,Cat,Cat (other),"Metacam 0.5 mg/ml - Oral suspension (cats, guinea pigs), Metacam 0.5 mg/ml - Oral suspension (dogs)",Hyperthyroidism,1,1,
US-DEBIAHP-2012US12851,"<a target=""_blank""  href=""/xmlpserver/EVVET3 PW NEW/Subject Area Contents/Public Website/Report (PDF)/AER.xdo?_xpf=&_xpt=1&_params%2FOracle%20BI%20EE%3A%3ADefaultApp%3A%3AEVVET3%20PR%20NEW%2FAER%3A%3Adimension%2FAER%20Id%3A%3Aattribute%3A%3Anoaggr%3A%3Axsd%3Adouble=328959&_xt=AER&_xf=pdf""> AER </a>",2012-10-12 00:00:00,Animal owner,United States,MALE,Dog,Bichon Frise,Metacam 1.5 mg/ml - Oral suspension (dogs),Hearing affected,1,1,
US-DEBIAHP-2012US12940,"<a target=""_blank""  href=""/xmlpserver/EVVET3 PW NEW/Subject Area Contents/Public Website/Report (PDF)/AER.xdo?_xpf=&_xpt=1&_params%2FOracle%20BI%20EE%3A%3ADefaultApp%3A%3AEVVET3%20PR%20NEW%2FAER%3A%3Adimension%2FAER%20Id%3A%3Aattribute%3A%3Anoaggr%3A%3Axsd%3Adouble=329335&_xt=AER&_xf=pdf""> AER </a>",2012-10-16 00:00:00,Animal owner,United States,FEMALE,Dog,Weimaraner,Metacam 1.5 mg/ml - Oral suspension (dogs),Vomiting,1,1,
US-DEBIAHP-2012US12975,"<a target=""_blank""  href=""/xmlpserver/EVVET3 PW NEW/Subject Area Contents/Public Website/Report (PDF)/AER.xdo?_xpf=&_xpt=1&_params%2FOracle%20BI%20EE%3A%3ADefaultApp%3A%3AEVVET3%20PR%20NEW%2FAER%3A%3Adimension%2FAER%20Id%3A%3Aattribute%3A%3Anoaggr%3A%3Axsd%3Adouble=329178&_xt=AER&_xf=pdf""> AER </a>",2012-10-15 00:00:00,Animal owner,United States,FEMALE,Dog,Dalmatian,Metacam 1.5 mg/ml - Oral suspension (dogs),Lack of efficacy - NOS,1,1,
US-DEBIAHP-2012US13022,"<a target=""_blank""  href=""/xmlpserver/EVVET3 PW NEW/Subject Area Contents/Public Website/Report (PDF)/AER.xdo?_xpf=&_xpt=1&_params%2FOracle%20BI%20EE%3A%3ADefaultApp%3A%3AEVVET3%20PR%20NEW%2FAER%3A%3Adimension%2FAER%20Id%3A%3Aattribute%3A%3Anoaggr%3A%3Axsd%3Adouble=330150&_xt=AER&_xf=pdf""> AER </a>",2012-10-18 00:00:00,Other health care professional,United States,MALE,Cat,Cat (other),Metacam 1.5 mg/ml - Oral suspension (dogs),"Decreased appetite, Elevated blood urea nitrogen (BUN), Elevated creatinine, Emesis",1,1,
US-DEBIAHP-2012US13128,"<a target=""_blank""  href=""/xmlpserver/EVVET3 PW NEW/Subject Area Contents/Public Website/Report (PDF)/AER.xdo?_xpf=&_xpt=1&_params%2FOracle%20BI%20EE%3A%3ADefaultApp%3A%3AEVVET3%20PR%20NEW%2FAER%3A%3Adimension%2FAER%20Id%3A%3Aattribute%3A%3Anoaggr%3A%3Axsd%3Adouble=330147&_xt=AER&_xf=pdf""> AER </a>",2012-10-18 00:00:00,Other health care professional,United States,FEMALE,Dog,Shih Tzu,Metacam 1.5 mg/ml - Oral suspension (dogs),Blindness,1,1,
US-DEBIAHP-2012US13165,"<a target=""_blank""  href=""/xmlpserver/EVVET3 PW NEW/Subject Area Contents/Public Website/Report (PDF)/AER.xdo?_xpf=&_xpt=1&_params%2FOracle%20BI%20EE%3A%3ADefaultApp%3A%3AEVVET3%20PR%20NEW%2FAER%3A%3Adimension%2FAER%20Id%3A%3Aattribute%3A%3Anoaggr%3A%3Axsd%3Adouble=330148&_xt=AER&_xf=pdf""> AER </a>",2012-10-22 00:00:00,Veterinarian,United States,MALE,Dog,Retriever - Labrador,Metacam 1.5 mg/ml - Oral suspension (dogs),"Decreased appetite, Elevated alanine aminotransferase (ALT), Elevated total bilirubin, Fever, Icterus, Other abnormal test result NOS, Weight loss",1,1,
US-DEBIAHP-2012US13213,"<a target=""_blank""  href=""/xmlpserver/EVVET3 PW NEW/Subject Area Contents/Public Website/Report (PDF)/AER.xdo?_xpf=&_xpt=1&_params%2FOracle%20BI%20EE%3A%3ADefaultApp%3A%3AEVVET3%20PR%20NEW%2FAER%3A%3Adimension%2FAER%20Id%3A%3Aattribute%3A%3Anoaggr%3A%3Axsd%3Adouble=330171&_xt=AER&_xf=pdf""> AER </a>",2012-10-24 00:00:00,Veterinarian,United States,FEMALE,Dog,Crossbred Canine/dog,Metacam 1.5 mg/ml - Oral suspension (dogs),"Elevated blood urea nitrogen (BUN), Elevated creatinine",1,1,
US-DEBIAHP-2012US13258,"<a target=""_blank""  href=""/xmlpserver/EVVET3 PW NEW/Subject Area Contents/Public Website/Report (PDF)/AER.xdo?_xpf=&_xpt=1&_params%2FOracle%20BI%20EE%3A%3ADefaultApp%3A%3AEVVET3%20PR%20NEW%2FAER%3A%3Adimension%2FAER%20Id%3A%3Aattribute%3A%3Anoaggr%3A%3Axsd%3Adouble=330201&_xt=AER&_xf=pdf""> AER </a>",2012-10-24 00:00:00,Other health care professional,United States,MALE,Cat,Cat (other),"Metacam 0.5 mg/ml - Oral suspension (cats, guinea pigs), Metacam 0.5 mg/ml - Oral suspension (dogs)",Vomiting,1,1,
US-DEBIAHP-2012US13297,"<a target=""_blank""  href=""/xmlpserver/EVVET3 PW NEW/Subject Area Contents/Public Website/Report (PDF)/AER.xdo?_xpf=&_xpt=1&_params%2FOracle%20BI%20EE%3A%3ADefaultApp%3A%3AEVVET3%20PR%20NEW%2FAER%3A%3Adimension%2FAER%20Id%3A%3Aattribute%3A%3Anoaggr%3A%3Axsd%3Adouble=330494&_xt=AER&_xf=pdf""> AER </a>",2012-10-26 00:00:00,Other health care professional,United States,MALE,Dog,Chihuahua,"Metacam 0.5 mg/ml - Oral suspension (cats, guinea pigs), Metacam 0.5 mg/ml - Oral suspension (dogs)",Application site scab,1,1,
US-DEBIAHP-2012US13299,"<a target=""_blank""  href=""/xmlpserver/EVVET3 PW NEW/Subject Area Contents/Public Website/Report (PDF)/AER.xdo?_xpf=&_xpt=1&_params%2FOracle%20BI%20EE%3A%3ADefaultApp%3A%3AEVVET3%20PR%20NEW%2FAER%3A%3Adimension%2FAER%20Id%3A%3Aattribute%3A%3Anoaggr%3A%3Axsd%3Adouble=344555&_xt=AER&_xf=pdf""> AER </a>",2012-12-20 00:00:00,Veterinarian,United States,MALE,Dog,Poodle - Miniature,"Metacam 0.5 mg/ml - Oral suspension (cats, guinea pigs), Metacam 0.5 mg/ml - Oral suspension (dogs), SYNULOX (200+50)MG/TAB ΔΙΣΚΙΟ, SYNULOX (40+10)MG/TAB ΔΙΣΚΙΟ, SYNULOX 140 mg/ml + 35 mg/ml suspensión inyectable, SYNULOX 200 mg/50 mg tablety pre psy a mačky, SYNULOX 200/50 mg COMPRIMIDOS APETITOSOS PARA PERROS, SYNULOX 250 COMPRIMES POUR CHIENS, SYNULOX 250 mg, SYNULOX 250 mg kramtomosios tabletės šunims ir katėms, SYNULOX 250 mg tablete za pse in mačke, SYNULOX 250mg, δισκία για σκύλους και γάτες, SYNULOX 40 mg/10 mg tablety pre psy a mačky, SYNULOX 40 mg/ml + 10 mg/ml POLVO PARA GOTAS ORALES EN SUSPENSION, SYNULOX 40/10 MG COMPRIMIDOS APETITOSOS PARA PERROS Y GATOS, SYNULOX 400 mg/100 mg tablety pre psy, SYNULOX 400/100 mg COMPRIMIDOS APETITOSOS PARA PERROS, SYNULOX 50 COMPRIMES POUR CHIENS ET CHATS, SYNULOX 50 mg, SYNULOX 50 mg kramtomosios tabletės šunims ir katėms, SYNULOX 50 mg tablete za pse in mačke, SYNULOX 500 COMPRIMES POUR CHIENS, SYNULOX 500 mg kramtomosios tabletės šunims, SYNULOX 500 mg tablete za pse, SYNULOX 500 mg, kramtomosios tabletės šunims, SYNULOX 500MG/TAB ΔΙΣΚΙΟ, SYNULOX 50mg, δισκία για σκύλους και γάτες, SYNULOX OGIVETTES POUR VEAUX, SYNULOX SUSPENSION INJECTABLE POUR BOVINS, SYNULOX VET 140 mg/ml injektioneste, suspensio koiralle, kissalle ja sialle, SYNULOX suspensão injetável para suínos, bovinos, cães e gatos, SYNULOX vet 200 mg/50 mg tabletti, koiralle ja kissalle, SYNULOX vet 40 mg/10 mg tabletti, koiralle ja kissalle, SYNULOX vet 400 mg/100 mg tabletti, koiralle, SYNULOX, 400/100mg, Tableta, Synulox 250 mg Comprimés Appétents, Synulox 250 mg Smakelijke tabletten, Synulox 250 mg tabletes suņiem un kaķiem, Synulox 250 mg, tabletid koertele ja kassidele, Synulox 250 mg, таблетки за кучета и котки, Synulox 250mg (200 mg/50 mg)  Tabletten für Hunde, Synulox 50 mg Comprimés Appétents, Synulox 50 mg Smakelijke Tabletten, Synulox 50 mg tabletes suņiem un kaķiem, Synulox 50 mg, tabletid koertele ja kassidele, Synulox 50 mg, таблетки за кучета и котки, Synulox 500 mg Bolus 400 mg - 100 mg Omhulde tablet, Synulox 500 mg Comprimés Appétents, Synulox 500 mg Smakelijke Tabletten, Synulox 500 mg tabletes suņiem, Synulox 500 mg, tabletid koertele, Synulox 500mg (400 mg/100 mg) Tabletten für Hunde, Synulox 50mg (40 mg/10 mg) Tabletten für Hunde und Katzen, Synulox Bolus 500 mg, 400 mg + 100 mg comprimés enrobés pour veaux, Synulox Lactating Cow Intramammary suspension., Synulox Tabletki 250 mg, Synulox Tabletki 250 mg (200+50) mg/tablete; tabletes suņiem, Synulox Tabletki 50 mg, Synulox Tabletki 50 mg (40+10) mg/ tablete; tabletes suņiem un kaķiem, Synulox Tabletki 500 mg, Synulox Vet. til hund og kat 200 + 50 mg tabletter, Synulox Vet. til hund og kat 40 + 10 mg tabletter, Synulox Vet. til hund tabletter 400 + 100 mg, Synulox Vet. til kalve 400 + 100 mg tabletter, Synulox comprimidos palatáveis 250 mg para cães e gatos, Synulox comprimidos palatáveis 50 mg para cães e gatos, Synulox comprimidos palatáveis 500 mg para cães, Synulox vet 40 mg/ml jauhe oraalisuspensiota varten koiralle ja kissalle, Synulox vet. 200 mg tabletter for hund og katt, Synulox vet. 200 mg/50 mg Tablett, Synulox vet. 40 mg tabletter for hund og katt, Synulox vet. 40 mg/10 mg Tablett, Synulox vet. 400 mg tabletter for hund, Synulox vet. 400 mg/100 mg Tablett, Synulox, 200/50mg, Tableta, Synulox, 40/10mg, Tableta, Synulox-Kalb 400 mg/100 mg Filmtabletten für Rinder (Kälber)","Anaemia NOS, Bloody diarrhoea, Diarrhoea, Elevated alanine aminotransferase (ALT), Elevated liver enzymes NOS, Hypocalcaemic condition, Other abnormal test result NOS, Vomiting",1,1,
US-DEBIAHP-2012US13336,"<a target=""_blank""  href=""/xmlpserver/EVVET3 PW NEW/Subject Area Contents/Public Website/Report (PDF)/AER.xdo?_xpf=&_xpt=1&_params%2FOracle%20BI%20EE%3A%3ADefaultApp%3A%3AEVVET3%20PR%20NEW%2FAER%3A%3Adimension%2FAER%20Id%3A%3Aattribute%3A%3Anoaggr%3A%3Axsd%3Adouble=331890&_xt=AER&_xf=pdf""> AER </a>",2012-11-05 00:00:00,Other health care professional,United States,FEMALE,Cat,Cat (other),Metacam 1.5 mg/ml - Oral suspension (dogs),"Elevated alanine aminotransferase (ALT), Elevated liver enzymes NOS",1,1,
US-DEBIAHP-2012US13352,"<a target=""_blank""  href=""/xmlpserver/EVVET3 PW NEW/Subject Area Contents/Public Website/Report (PDF)/AER.xdo?_xpf=&_xpt=1&_params%2FOracle%20BI%20EE%3A%3ADefaultApp%3A%3AEVVET3%20PR%20NEW%2FAER%3A%3Adimension%2FAER%20Id%3A%3Aattribute%3A%3Anoaggr%3A%3Axsd%3Adouble=330366&_xt=AER&_xf=pdf""> AER </a>",2012-10-25 00:00:00,Animal owner,United States,MALE,Dog,Shih Tzu,"Metacam 0.5 mg/ml - Oral suspension (cats, guinea pigs), Metacam 0.5 mg/ml - Oral suspension (dogs)","Appetite loss, Ataxia, Cough, Death, Increased respiratory rate, Nasal discharge, Shaking",1,1,
US-DEBIAHP-2012US13553,"<a target=""_blank""  href=""/xmlpserver/EVVET3 PW NEW/Subject Area Contents/Public Website/Report (PDF)/AER.xdo?_xpf=&_xpt=1&_params%2FOracle%20BI%20EE%3A%3ADefaultApp%3A%3AEVVET3%20PR%20NEW%2FAER%3A%3Adimension%2FAER%20Id%3A%3Aattribute%3A%3Anoaggr%3A%3Axsd%3Adouble=331325&_xt=AER&_xf=pdf""> AER </a>",2012-10-31 00:00:00,Veterinarian,United States,MALE,Dog,Shepherd Dog - German,Metacam 1.5 mg/ml - Oral suspension (dogs),"Abnormal urine odour, Blood in urine, Urinary tract infection",1,1,
US-DEBIAHP-2012US13570,"<a target=""_blank""  href=""/xmlpserver/EVVET3 PW NEW/Subject Area Contents/Public Website/Report (PDF)/AER.xdo?_xpf=&_xpt=1&_params%2FOracle%20BI%20EE%3A%3ADefaultApp%3A%3AEVVET3%20PR%20NEW%2FAER%3A%3Adimension%2FAER%20Id%3A%3Aattribute%3A%3Anoaggr%3A%3Axsd%3Adouble=331356&_xt=AER&_xf=pdf""> AER </a>",2012-10-31 00:00:00,Animal owner,United States,MALE,Dog,Chihuahua,Metacam 1.5 mg/ml - Oral suspension (dogs),Vomiting,1,1,
US-DEBIAHP-2012US13707,"<a target=""_blank""  href=""/xmlpserver/EVVET3 PW NEW/Subject Area Contents/Public Website/Report (PDF)/AER.xdo?_xpf=&_xpt=1&_params%2FOracle%20BI%20EE%3A%3ADefaultApp%3A%3AEVVET3%20PR%20NEW%2FAER%3A%3Adimension%2FAER%20Id%3A%3Aattribute%3A%3Anoaggr%3A%3Axsd%3Adouble=331730&_xt=AER&_xf=pdf""> AER </a>",2012-11-02 00:00:00,Animal owner,United States,MALE,Dog,Retriever - Labrador,Metacam 1.5 mg/ml - Oral suspension (dogs),Vomiting,1,1,
US-DEBIAHP-2012US13730,"<a target=""_blank""  href=""/xmlpserver/EVVET3 PW NEW/Subject Area Contents/Public Website/Report (PDF)/AER.xdo?_xpf=&_xpt=1&_params%2FOracle%20BI%20EE%3A%3ADefaultApp%3A%3AEVVET3%20PR%20NEW%2FAER%3A%3Adimension%2FAER%20Id%3A%3Aattribute%3A%3Anoaggr%3A%3Axsd%3Adouble=331888&_xt=AER&_xf=pdf""> AER </a>",2012-11-05 00:00:00,Veterinarian,United States,MALE,Dog,Retriever - Labrador,"Metacam 5 mg/ml - Solution for injection (cats, dogs), Metacam 5 mg/ml - Solution for injection (cattle, pigs), Metacam 5 mg/ml - Solution for injection (dogs), Torbugesic 10 mg/ml Solution for Injection, Torbugesic Vet 10 mg/ml solution injectable pour chevaux, chiens et chats, Torbugesic Vet. 10 mg/ml injektionsvæske, opløsning, Torbuphanol Vet 10 mg/ml solution for injection for injection for horses, dogs and cats","Blood in vomit, Immune mediated haemolytic anaemia, Pale mucous membrane",1,1,
US-DEBIAHP-2012US13731,"<a target=""_blank""  href=""/xmlpserver/EVVET3 PW NEW/Subject Area Contents/Public Website/Report (PDF)/AER.xdo?_xpf=&_xpt=1&_params%2FOracle%20BI%20EE%3A%3ADefaultApp%3A%3AEVVET3%20PR%20NEW%2FAER%3A%3Adimension%2FAER%20Id%3A%3Aattribute%3A%3Anoaggr%3A%3Axsd%3Adouble=343623&_xt=AER&_xf=pdf""> AER </a>",2012-12-14 00:00:00,Veterinarian,United States,MALE,Cat,Cat (other),"Metacam 5 mg/ml - Solution for injection (cats, dogs), Metacam 5 mg/ml - Solution for injection (cattle, pigs), Metacam 5 mg/ml - Solution for injection (dogs)","Anorexia, Dehydration, Elevated blood urea nitrogen (BUN), Elevated creatinine, Lethargy (see also Central nervous system depression in Neurological)",1,1,
US-DEBIAHP-2012US13787,"<a target=""_blank""  href=""/xmlpserver/EVVET3 PW NEW/Subject Area Contents/Public Website/Report (PDF)/AER.xdo?_xpf=&_xpt=1&_params%2FOracle%20BI%20EE%3A%3ADefaultApp%3A%3AEVVET3%20PR%20NEW%2FAER%3A%3Adimension%2FAER%20Id%3A%3Aattribute%3A%3Anoaggr%3A%3Axsd%3Adouble=338270&_xt=AER&_xf=pdf""> AER </a>",2012-11-16 00:00:00,Veterinarian,United States,FEMALE,Dog,Dachshund - Standard Wire-haired,Metacam 1.5 mg/ml - Oral suspension (dogs),"Abnormal stool colouration, Arteritis, Death, Ear flap oedema, Epistaxis, Facial oedema, Hepatomegaly, Increased respiratory rate, Nasal discharge, Not eating, Skin petechiae, Vomiting",1,1,
US-DEBIAHP-2012US13858,"<a target=""_blank""  href=""/xmlpserver/EVVET3 PW NEW/Subject Area Contents/Public Website/Report (PDF)/AER.xdo?_xpf=&_xpt=1&_params%2FOracle%20BI%20EE%3A%3ADefaultApp%3A%3AEVVET3%20PR%20NEW%2FAER%3A%3Adimension%2FAER%20Id%3A%3Aattribute%3A%3Anoaggr%3A%3Axsd%3Adouble=341525&_xt=AER&_xf=pdf""> AER </a>",2012-12-04 00:00:00,Veterinarian,United States,FEMALE,Dog,Irish Wolfhound,Metacam 1.5 mg/ml - Oral suspension (dogs),"Ataxia, Death by euthanasia, Head tremor",1,1,1
US-DEBIAHP-2012US13877,"<a target=""_blank""  href=""/xmlpserver/EVVET3 PW NEW/Subject Area Contents/Public Website/Report (PDF)/AER.xdo?_xpf=&_xpt=1&_params%2FOracle%20BI%20EE%3A%3ADefaultApp%3A%3AEVVET3%20PR%20NEW%2FAER%3A%3Adimension%2FAER%20Id%3A%3Aattribute%3A%3Anoaggr%3A%3Axsd%3Adouble=340119&_xt=AER&_xf=pdf""> AER </a>",2012-11-27 00:00:00,Veterinarian,United States,FEMALE,Cat,Cat (other),"Metacam 0.5 mg/ml - Oral suspension (cats, guinea pigs), Metacam 0.5 mg/ml - Oral suspension (dogs)","Alopecia general, Dermatitis, Pruritus",1,1,
US-DEBIAHP-2012US13931,"<a target=""_blank""  href=""/xmlpserver/EVVET3 PW NEW/Subject Area Contents/Public Website/Report (PDF)/AER.xdo?_xpf=&_xpt=1&_params%2FOracle%20BI%20EE%3A%3ADefaultApp%3A%3AEVVET3%20PR%20NEW%2FAER%3A%3Adimension%2FAER%20Id%3A%3Aattribute%3A%3Anoaggr%3A%3Axsd%3Adouble=337497&_xt=AER&_xf=pdf""> AER </a>",2012-11-12 00:00:00,Veterinarian,United States,MALE,Cat,Cat (other),"Metacam 1.5 mg/ml - Oral suspension (dogs), Metacam 5 mg/ml - Solution for injection (cats, dogs), Metacam 5 mg/ml - Solution for injection (cattle, pigs), Metacam 5 mg/ml - Solution for injection (dogs)","Anaemia NOS, Death by euthanasia, Decreased appetite, Elevated blood urea nitrogen (BUN), Elevated creatinine, Hyperphosphataemia, Oral bleeding, Other abnormal test result NOS, Prolonged bleeding NOS, Thrombocytopenia",1,1,1
US-DEBIAHP-2012US13959,"<a target=""_blank""  href=""/xmlpserver/EVVET3 PW NEW/Subject Area Contents/Public Website/Report (PDF)/AER.xdo?_xpf=&_xpt=1&_params%2FOracle%20BI%20EE%3A%3ADefaultApp%3A%3AEVVET3%20PR%20NEW%2FAER%3A%3Adimension%2FAER%20Id%3A%3Aattribute%3A%3Anoaggr%3A%3Axsd%3Adouble=337499&_xt=AER&_xf=pdf""> AER </a>",2012-11-12 00:00:00,Animal owner,United States,MALE,Dog,Retriever - Labrador,Metacam 1.5 mg/ml - Oral suspension (dogs),"Abnormal radiograph finding, Anorexia, Vomiting",1,1,
US-DEBIAHP-2012US14135,"<a target=""_blank""  href=""/xmlpserver/EVVET3 PW NEW/Subject Area Contents/Public Website/Report (PDF)/AER.xdo?_xpf=&_xpt=1&_params%2FOracle%20BI%20EE%3A%3ADefaultApp%3A%3AEVVET3%20PR%20NEW%2FAER%3A%3Adimension%2FAER%20Id%3A%3Aattribute%3A%3Anoaggr%3A%3Axsd%3Adouble=338001&_xt=AER&_xf=pdf""> AER </a>",2012-11-14 00:00:00,Other health care professional,United States,FEMALE,Human,Unknown,Metacam 1.5 mg/ml - Oral suspension (dogs),"Burning sensation of eye, Eye pain",1,1,
US-DEBIAHP-2012US14144,"<a target=""_blank""  href=""/xmlpserver/EVVET3 PW NEW/Subject Area Contents/Public Website/Report (PDF)/AER.xdo?_xpf=&_xpt=1&_params%2FOracle%20BI%20EE%3A%3ADefaultApp%3A%3AEVVET3%20PR%20NEW%2FAER%3A%3Adimension%2FAER%20Id%3A%3Aattribute%3A%3Anoaggr%3A%3Axsd%3Adouble=341023&_xt=AER&_xf=pdf""> AER </a>",2012-11-30 00:00:00,Veterinarian,United States,FEMALE,Dog,Poodle - Miniature,Metacam 1.5 mg/ml - Oral suspension (dogs),"Dehydration, Elevated alanine aminotransferase (ALT), Elevated serum alkaline phosphatase (ALP), Emesis",1,1,
US-DEBIAHP-2012US14198,"<a target=""_blank""  href=""/xmlpserver/EVVET3 PW NEW/Subject Area Contents/Public Website/Report (PDF)/AER.xdo?_xpf=&_xpt=1&_params%2FOracle%20BI%20EE%3A%3ADefaultApp%3A%3AEVVET3%20PR%20NEW%2FAER%3A%3Adimension%2FAER%20Id%3A%3Aattribute%3A%3Anoaggr%3A%3Axsd%3Adouble=340900&_xt=AER&_xf=pdf""> AER </a>",2012-11-30 00:00:00,Other health care professional,United States,FEMALE,Dog,Mastiff,Metacam 1.5 mg/ml - Oral suspension (dogs),"Anorexia, Elevated blood urea nitrogen (BUN), Elevated creatinine, Hyperphosphataemia, Vomiting",1,1,
US-DEBIAHP-2012US14243,"<a target=""_blank""  href=""/xmlpserver/EVVET3 PW NEW/Subject Area Contents/Public Website/Report (PDF)/AER.xdo?_xpf=&_xpt=1&_params%2FOracle%20BI%20EE%3A%3ADefaultApp%3A%3AEVVET3%20PR%20NEW%2FAER%3A%3Adimension%2FAER%20Id%3A%3Aattribute%3A%3Anoaggr%3A%3Axsd%3Adouble=338629&_xt=AER&_xf=pdf""> AER </a>",2012-11-20 00:00:00,Veterinarian,United States,MALE,Cat,Cat (other),Metacam 1.5 mg/ml - Oral suspension (dogs),Heart murmur,1,1,
US-DEBIAHP-2012US14274,"<a target=""_blank""  href=""/xmlpserver/EVVET3 PW NEW/Subject Area Contents/Public Website/Report (PDF)/AER.xdo?_xpf=&_xpt=1&_params%2FOracle%20BI%20EE%3A%3ADefaultApp%3A%3AEVVET3%20PR%20NEW%2FAER%3A%3Adimension%2FAER%20Id%3A%3Aattribute%3A%3Anoaggr%3A%3Axsd%3Adouble=339105&_xt=AER&_xf=pdf""> AER </a>",2012-11-21 00:00:00,Veterinarian,United States,MALE,Dog,Shepherd Dog - Australian,"Metacam 1.5 mg/ml - Oral suspension (dogs), Tramadog 50 mg tablet for dogs","Elevated serum alkaline phosphatase (ALP), Polydipsia, Polyuria",1,1,
US-DEBIAHP-2012US14299,"<a target=""_blank""  href=""/xmlpserver/EVVET3 PW NEW/Subject Area Contents/Public Website/Report (PDF)/AER.xdo?_xpf=&_xpt=1&_params%2FOracle%20BI%20EE%3A%3ADefaultApp%3A%3AEVVET3%20PR%20NEW%2FAER%3A%3Adimension%2FAER%20Id%3A%3Aattribute%3A%3Anoaggr%3A%3Axsd%3Adouble=341400&_xt=AER&_xf=pdf""> AER </a>",2012-12-03 00:00:00,Other health care professional,United States,FEMALE,Dog,Poodle - Miniature,Metacam 1.5 mg/ml - Oral suspension (dogs),"Elevated liver enzymes NOS, Pancreatitis NOS, Vomiting",1,1,
US-DEBIAHP-2012US14304,"<a target=""_blank""  href=""/xmlpserver/EVVET3 PW NEW/Subject Area Contents/Public Website/Report (PDF)/AER.xdo?_xpf=&_xpt=1&_params%2FOracle%20BI%20EE%3A%3ADefaultApp%3A%3AEVVET3%20PR%20NEW%2FAER%3A%3Adimension%2FAER%20Id%3A%3Aattribute%3A%3Anoaggr%3A%3Axsd%3Adouble=338622&_xt=AER&_xf=pdf""> AER </a>",2012-11-20 00:00:00,Veterinarian,United States,FEMALE,Dog,Crossbred Canine/dog,Metacam 1.5 mg/ml - Oral suspension (dogs),"Collapse (see also Cardio-vascular and Systemic disorders), Erythema (for urticaria see Immune SOC), Facial swelling (see also Skin), Lethargy (see also Central nervous system depression in Neurological), Pruritus, Urticaria",1,1,
US-DEBIAHP-2012US14478,"<a target=""_blank""  href=""/xmlpserver/EVVET3 PW NEW/Subject Area Contents/Public Website/Report (PDF)/AER.xdo?_xpf=&_xpt=1&_params%2FOracle%20BI%20EE%3A%3ADefaultApp%3A%3AEVVET3%20PR%20NEW%2FAER%3A%3Adimension%2FAER%20Id%3A%3Aattribute%3A%3Anoaggr%3A%3Axsd%3Adouble=339827&_xt=AER&_xf=pdf""> AER </a>",2012-11-26 00:00:00,Other health care professional,United States,UNKNOWN,Dog,Poodle - Standard,Metacam 1.5 mg/ml - Oral suspension (dogs),"Gastric dilation, Gastric volvulus",1,1,
US-DEBIAHP-2012US14560,"<a target=""_blank""  href=""/xmlpserver/EVVET3 PW NEW/Subject Area Contents/Public Website/Report (PDF)/AER.xdo?_xpf=&_xpt=1&_params%2FOracle%20BI%20EE%3A%3ADefaultApp%3A%3AEVVET3%20PR%20NEW%2FAER%3A%3Adimension%2FAER%20Id%3A%3Aattribute%3A%3Anoaggr%3A%3Axsd%3Adouble=341025&_xt=AER&_xf=pdf""> AER </a>",2012-11-30 00:00:00,Veterinarian,United States,MALE,Cat,Cat (other),Metacam 1.5 mg/ml - Oral suspension (dogs),"Death, Dehydration, Elevated blood urea nitrogen (BUN), Hyperphosphataemia, Low blood pressure, Other abnormal test result NOS, Seizure NOS, Vomiting",1,1,
US-DEBIAHP-2012US14581,"<a target=""_blank""  href=""/xmlpserver/EVVET3 PW NEW/Subject Area Contents/Public Website/Report (PDF)/AER.xdo?_xpf=&_xpt=1&_params%2FOracle%20BI%20EE%3A%3ADefaultApp%3A%3AEVVET3%20PR%20NEW%2FAER%3A%3Adimension%2FAER%20Id%3A%3Aattribute%3A%3Anoaggr%3A%3Axsd%3Adouble=341027&_xt=AER&_xf=pdf""> AER </a>",2012-11-30 00:00:00,Veterinarian,United States,FEMALE,Dog,Pinscher - Miniature,Metacam 1.5 mg/ml - Oral suspension (dogs),"Ataxia, Death, Dilated pupils, Dyspnoea, Loose stool, Megaoesophagus, Neurological signs NOS, Uncoded sign, Vomiting",1,1,
US-DEBIAHP-2012US14624,"<a target=""_blank""  href=""/xmlpserver/EVVET3 PW NEW/Subject Area Contents/Public Website/Report (PDF)/AER.xdo?_xpf=&_xpt=1&_params%2FOracle%20BI%20EE%3A%3ADefaultApp%3A%3AEVVET3%20PR%20NEW%2FAER%3A%3Adimension%2FAER%20Id%3A%3Aattribute%3A%3Anoaggr%3A%3Axsd%3Adouble=339104&_xt=AER&_xf=pdf""> AER </a>",2012-11-21 00:00:00,Other health care professional,United States,FEMALE,Dog,"Hound - Swiss - (Lucerne Hound (Luzerner Laufhund), Schwyz Hound (Schweizer Laufhund), Bernese Hound, Jura Hound)",Metacam 1.5 mg/ml - Oral suspension (dogs),"Death by euthanasia, Haemorrhage NOS, Splenic neoplasm NOS",1,1,1
US-DEBIAHP-2012US14673,"<a target=""_blank""  href=""/xmlpserver/EVVET3 PW NEW/Subject Area Contents/Public Website/Report (PDF)/AER.xdo?_xpf=&_xpt=1&_params%2FOracle%20BI%20EE%3A%3ADefaultApp%3A%3AEVVET3%20PR%20NEW%2FAER%3A%3Adimension%2FAER%20Id%3A%3Aattribute%3A%3Anoaggr%3A%3Axsd%3Adouble=345416&_xt=AER&_xf=pdf""> AER </a>",2012-12-27 00:00:00,Animal owner,United States,FEMALE,Dog,Retriever - Labrador,"Metacam 1.5 mg/ml - Oral suspension (dogs), Tramadog 50 mg tablet for dogs","Anxiety, Behavioural disorder NOS, Loose stool",1,1,
US-DEBIAHP-2012US14685,"<a target=""_blank""  href=""/xmlpserver/EVVET3 PW NEW/Subject Area Contents/Public Website/Report (PDF)/AER.xdo?_xpf=&_xpt=1&_params%2FOracle%20BI%20EE%3A%3ADefaultApp%3A%3AEVVET3%20PR%20NEW%2FAER%3A%3Adimension%2FAER%20Id%3A%3Aattribute%3A%3Anoaggr%3A%3Axsd%3Adouble=341034&_xt=AER&_xf=pdf""> AER </a>",2012-11-30 00:00:00,Other health care professional,United States,FEMALE,Dog,Pointing Dog - German Short-haired,Metacam 1.5 mg/ml - Oral suspension (dogs),Diarrhoea,1,1,
US-DEBIAHP-2012US14754,"<a target=""_blank""  href=""/xmlpserver/EVVET3 PW NEW/Subject Area Contents/Public Website/Report (PDF)/AER.xdo?_xpf=&_xpt=1&_params%2FOracle%20BI%20EE%3A%3ADefaultApp%3A%3AEVVET3%20PR%20NEW%2FAER%3A%3Adimension%2FAER%20Id%3A%3Aattribute%3A%3Anoaggr%3A%3Axsd%3Adouble=342200&_xt=AER&_xf=pdf""> AER </a>",2012-12-06 00:00:00,Other health care professional,United States,FEMALE,Dog,Retriever - Labrador,Metacam 1.5 mg/ml - Oral suspension (dogs),"Elevated alanine aminotransferase (ALT), Elevated serum alkaline phosphatase (ALP), Emesis, Trembling, Walking difficulty",1,1,
US-DEBIAHP-2012US14779,"<a target=""_blank""  href=""/xmlpserver/EVVET3 PW NEW/Subject Area Contents/Public Website/Report (PDF)/AER.xdo?_xpf=&_xpt=1&_params%2FOracle%20BI%20EE%3A%3ADefaultApp%3A%3AEVVET3%20PR%20NEW%2FAER%3A%3Adimension%2FAER%20Id%3A%3Aattribute%3A%3Anoaggr%3A%3Axsd%3Adouble=342206&_xt=AER&_xf=pdf""> AER </a>",2012-12-06 00:00:00,Veterinarian,United States,MALE,Cat,Manx,Metacam 1.5 mg/ml - Oral suspension (dogs),"Adipsia, Anorexia",1,1,
US-DEBIAHP-2012US14824,"<a target=""_blank""  href=""/xmlpserver/EVVET3 PW NEW/Subject Area Contents/Public Website/Report (PDF)/AER.xdo?_xpf=&_xpt=1&_params%2FOracle%20BI%20EE%3A%3ADefaultApp%3A%3AEVVET3%20PR%20NEW%2FAER%3A%3Adimension%2FAER%20Id%3A%3Aattribute%3A%3Anoaggr%3A%3Axsd%3Adouble=342118&_xt=AER&_xf=pdf""> AER </a>",2012-12-06 00:00:00,Veterinarian,United States,FEMALE,Dog,Shepherd Dog - Australian,Metacam 1.5 mg/ml - Oral suspension (dogs),"Diarrhoea, Vomiting",1,1,
US-DEBIAHP-2012US14834,"<a target=""_blank""  href=""/xmlpserver/EVVET3 PW NEW/Subject Area Contents/Public Website/Report (PDF)/AER.xdo?_xpf=&_xpt=1&_params%2FOracle%20BI%20EE%3A%3ADefaultApp%3A%3AEVVET3%20PR%20NEW%2FAER%3A%3Adimension%2FAER%20Id%3A%3Aattribute%3A%3Anoaggr%3A%3Axsd%3Adouble=345413&_xt=AER&_xf=pdf""> AER </a>",2012-12-27 00:00:00,Veterinarian,United States,MALE,Cat,Cat (other),Metacam 1.5 mg/ml - Oral suspension (dogs),Febrile,1,1,
US-DEBIAHP-2012US14947,"<a target=""_blank""  href=""/xmlpserver/EVVET3 PW NEW/Subject Area Contents/Public Website/Report (PDF)/AER.xdo?_xpf=&_xpt=1&_params%2FOracle%20BI%20EE%3A%3ADefaultApp%3A%3AEVVET3%20PR%20NEW%2FAER%3A%3Adimension%2FAER%20Id%3A%3Aattribute%3A%3Anoaggr%3A%3Axsd%3Adouble=342405&_xt=AER&_xf=pdf""> AER </a>",2012-12-07 00:00:00,Veterinarian,United States,FEMALE,Dog,"Hound - Swiss - (Lucerne Hound (Luzerner Laufhund), Schwyz Hound (Schweizer Laufhund), Bernese Hound, Jura Hound)",Metacam 1.5 mg/ml - Oral suspension (dogs),"Eye disorder NOS (for Photophobia see neurological), Glaucoma, Uveitis",1,1,
US-DEBIAHP-2012US14970,"<a target=""_blank""  href=""/xmlpserver/EVVET3 PW NEW/Subject Area Contents/Public Website/Report (PDF)/AER.xdo?_xpf=&_xpt=1&_params%2FOracle%20BI%20EE%3A%3ADefaultApp%3A%3AEVVET3%20PR%20NEW%2FAER%3A%3Adimension%2FAER%20Id%3A%3Aattribute%3A%3Anoaggr%3A%3Axsd%3Adouble=343167&_xt=AER&_xf=pdf""> AER </a>",2012-12-12 00:00:00,Veterinarian,United States,FEMALE,Dog,Maltese,"Metacam 5 mg/ml - Solution for injection (cats, dogs), Metacam 5 mg/ml - Solution for injection (cattle, pigs), Metacam 5 mg/ml - Solution for injection (dogs)","Anorexia, Death, Dyspnoea, Panting, Uncoded sign",1,1,
US-DEBIAHP-2012US15002,"<a target=""_blank""  href=""/xmlpserver/EVVET3 PW NEW/Subject Area Contents/Public Website/Report (PDF)/AER.xdo?_xpf=&_xpt=1&_params%2FOracle%20BI%20EE%3A%3ADefaultApp%3A%3AEVVET3%20PR%20NEW%2FAER%3A%3Adimension%2FAER%20Id%3A%3Aattribute%3A%3Anoaggr%3A%3Axsd%3Adouble=343362&_xt=AER&_xf=pdf""> AER </a>",2012-12-13 00:00:00,Veterinarian,United States,MALE,Dog,Retriever - Labrador,Metacam 1.5 mg/ml - Oral suspension (dogs),"Anorexia, Death by euthanasia, Elevated alanine aminotransferase (ALT), Elevated blood urea nitrogen (BUN), Elevated creatinine, Elevated serum alkaline phosphatase (ALP), Liver tumour, Vomiting",1,1,1
US-DEBIAHP-2012US15048,"<a target=""_blank""  href=""/xmlpserver/EVVET3 PW NEW/Subject Area Contents/Public Website/Report (PDF)/AER.xdo?_xpf=&_xpt=1&_params%2FOracle%20BI%20EE%3A%3ADefaultApp%3A%3AEVVET3%20PR%20NEW%2FAER%3A%3Adimension%2FAER%20Id%3A%3Aattribute%3A%3Anoaggr%3A%3Axsd%3Adouble=343449&_xt=AER&_xf=pdf""> AER </a>",2012-12-14 00:00:00,Animal owner,United States,FEMALE,Cat,Cat (other),"Metacam 1.5 mg/ml - Oral suspension (dogs), SYNULOX (200+50)MG/TAB ΔΙΣΚΙΟ, SYNULOX (40+10)MG/TAB ΔΙΣΚΙΟ, SYNULOX 140 mg/ml + 35 mg/ml suspensión inyectable, SYNULOX 200 mg/50 mg tablety pre psy a mačky, SYNULOX 200/50 mg COMPRIMIDOS APETITOSOS PARA PERROS, SYNULOX 250 COMPRIMES POUR CHIENS, SYNULOX 250 mg, SYNULOX 250 mg kramtomosios tabletės šunims ir katėms, SYNULOX 250 mg tablete za pse in mačke, SYNULOX 250mg, δισκία για σκύλους και γάτες, SYNULOX 40 mg/10 mg tablety pre psy a mačky, SYNULOX 40 mg/ml + 10 mg/ml POLVO PARA GOTAS ORALES EN SUSPENSION, SYNULOX 40/10 MG COMPRIMIDOS APETITOSOS PARA PERROS Y GATOS, SYNULOX 400 mg/100 mg tablety pre psy, SYNULOX 400/100 mg COMPRIMIDOS APETITOSOS PARA PERROS, SYNULOX 50 COMPRIMES POUR CHIENS ET CHATS, SYNULOX 50 mg, SYNULOX 50 mg kramtomosios tabletės šunims ir katėms, SYNULOX 50 mg tablete za pse in mačke, SYNULOX 500 COMPRIMES POUR CHIENS, SYNULOX 500 mg kramtomosios tabletės šunims, SYNULOX 500 mg tablete za pse, SYNULOX 500 mg, kramtomosios tabletės šunims, SYNULOX 500MG/TAB ΔΙΣΚΙΟ, SYNULOX 50mg, δισκία για σκύλους και γάτες, SYNULOX OGIVETTES POUR VEAUX, SYNULOX SUSPENSION INJECTABLE POUR BOVINS, SYNULOX VET 140 mg/ml injektioneste, suspensio koiralle, kissalle ja sialle, SYNULOX suspensão injetável para suínos, bovinos, cães e gatos, SYNULOX vet 200 mg/50 mg tabletti, koiralle ja kissalle, SYNULOX vet 40 mg/10 mg tabletti, koiralle ja kissalle, SYNULOX vet 400 mg/100 mg tabletti, koiralle, SYNULOX, 400/100mg, Tableta, Synulox 250 mg Comprimés Appétents, Synulox 250 mg Smakelijke tabletten, Synulox 250 mg tabletes suņiem un kaķiem, Synulox 250 mg, tabletid koertele ja kassidele, Synulox 250 mg, таблетки за кучета и котки, Synulox 250mg (200 mg/50 mg)  Tabletten für Hunde, Synulox 50 mg Comprimés Appétents, Synulox 50 mg Smakelijke Tabletten, Synulox 50 mg tabletes suņiem un kaķiem, Synulox 50 mg, tabletid koertele ja kassidele, Synulox 50 mg, таблетки за кучета и котки, Synulox 500 mg Bolus 400 mg - 100 mg Omhulde tablet, Synulox 500 mg Comprimés Appétents, Synulox 500 mg Smakelijke Tabletten, Synulox 500 mg tabletes suņiem, Synulox 500 mg, tabletid koertele, Synulox 500mg (400 mg/100 mg) Tabletten für Hunde, Synulox 50mg (40 mg/10 mg) Tabletten für Hunde und Katzen, Synulox Bolus 500 mg, 400 mg + 100 mg comprimés enrobés pour veaux, Synulox Lactating Cow Intramammary suspension., Synulox Tabletki 250 mg, Synulox Tabletki 250 mg (200+50) mg/tablete; tabletes suņiem, Synulox Tabletki 50 mg, Synulox Tabletki 50 mg (40+10) mg/ tablete; tabletes suņiem un kaķiem, Synulox Tabletki 500 mg, Synulox Vet. til hund og kat 200 + 50 mg tabletter, Synulox Vet. til hund og kat 40 + 10 mg tabletter, Synulox Vet. til hund tabletter 400 + 100 mg, Synulox Vet. til kalve 400 + 100 mg tabletter, Synulox comprimidos palatáveis 250 mg para cães e gatos, Synulox comprimidos palatáveis 50 mg para cães e gatos, Synulox comprimidos palatáveis 500 mg para cães, Synulox vet 40 mg/ml jauhe oraalisuspensiota varten koiralle ja kissalle, Synulox vet. 200 mg tabletter for hund og katt, Synulox vet. 200 mg/50 mg Tablett, Synulox vet. 40 mg tabletter for hund og katt, Synulox vet. 40 mg/10 mg Tablett, Synulox vet. 400 mg tabletter for hund, Synulox vet. 400 mg/100 mg Tablett, Synulox, 200/50mg, Tableta, Synulox, 40/10mg, Tableta, Synulox-Kalb 400 mg/100 mg Filmtabletten für Rinder (Kälber)","Acute renal failure, Anorexia, Decreased urine concentration, Elevated blood urea nitrogen (BUN), Elevated creatinine, Uncoded sign",1,1,
US-DEBIAHP-2012US15082,"<a target=""_blank""  href=""/xmlpserver/EVVET3 PW NEW/Subject Area Contents/Public Website/Report (PDF)/AER.xdo?_xpf=&_xpt=1&_params%2FOracle%20BI%20EE%3A%3ADefaultApp%3A%3AEVVET3%20PR%20NEW%2FAER%3A%3Adimension%2FAER%20Id%3A%3Aattribute%3A%3Anoaggr%3A%3Axsd%3Adouble=343364&_xt=AER&_xf=pdf""> AER </a>",2012-12-13 00:00:00,Veterinarian,United States,FEMALE,Cat,Cat (other),"Ketavet 100 mg/ml Solution for Injection for Dogs, Cats and Horses, Metacam 5 mg/ml - Solution for injection (cats, dogs), Metacam 5 mg/ml - Solution for injection (cattle, pigs), Metacam 5 mg/ml - Solution for injection (dogs)","Pemphigus, Skin lesion NOS, Vomiting",1,1,
US-DEBIAHP-2012US15096,"<a target=""_blank""  href=""/xmlpserver/EVVET3 PW NEW/Subject Area Contents/Public Website/Report (PDF)/AER.xdo?_xpf=&_xpt=1&_params%2FOracle%20BI%20EE%3A%3ADefaultApp%3A%3AEVVET3%20PR%20NEW%2FAER%3A%3Adimension%2FAER%20Id%3A%3Aattribute%3A%3Anoaggr%3A%3Axsd%3Adouble=343363&_xt=AER&_xf=pdf""> AER </a>",2012-12-13 00:00:00,Veterinarian,United States,FEMALE,Dog,Terrier - Yorkshire,"Metacam 0.5 mg/ml - Oral suspension (cats, guinea pigs), Metacam 0.5 mg/ml - Oral suspension (dogs)","Diarrhoea, Other abnormal test result NOS, Pancreatitis NOS, Vomiting",1,1,
US-DEBIAHP-2012US15118,"<a target=""_blank""  href=""/xmlpserver/EVVET3 PW NEW/Subject Area Contents/Public Website/Report (PDF)/AER.xdo?_xpf=&_xpt=1&_params%2FOracle%20BI%20EE%3A%3ADefaultApp%3A%3AEVVET3%20PR%20NEW%2FAER%3A%3Adimension%2FAER%20Id%3A%3Aattribute%3A%3Anoaggr%3A%3Axsd%3Adouble=343616&_xt=AER&_xf=pdf""> AER </a>",2012-12-14 00:00:00,Veterinarian,United States,MALE,Cat,Cat (other),"Metacam 1.5 mg/ml - Oral suspension (dogs), Metacam 5 mg/ml - Solution for injection (cats, dogs), Metacam 5 mg/ml - Solution for injection (cattle, pigs), Metacam 5 mg/ml - Solution for injection (dogs)","Acute renal failure, Lethargy (see also Central nervous system depression in Neurological)",1,1,
US-DEBIAHP-2012US15119,"<a target=""_blank""  href=""/xmlpserver/EVVET3 PW NEW/Subject Area Contents/Public Website/Report (PDF)/AER.xdo?_xpf=&_xpt=1&_params%2FOracle%20BI%20EE%3A%3ADefaultApp%3A%3AEVVET3%20PR%20NEW%2FAER%3A%3Adimension%2FAER%20Id%3A%3Aattribute%3A%3Anoaggr%3A%3Axsd%3Adouble=343365&_xt=AER&_xf=pdf""> AER </a>",2012-12-13 00:00:00,Other health care professional,United States,FEMALE,Dog,Bulldog,Metacam 1.5 mg/ml - Oral suspension (dogs),"Reddening of the skin, Skin inflammation NOS, Urticaria",1,1,
US-DEBIAHP-2012US15156,"<a target=""_blank""  href=""/xmlpserver/EVVET3 PW NEW/Subject Area Contents/Public Website/Report (PDF)/AER.xdo?_xpf=&_xpt=1&_params%2FOracle%20BI%20EE%3A%3ADefaultApp%3A%3AEVVET3%20PR%20NEW%2FAER%3A%3Adimension%2FAER%20Id%3A%3Aattribute%3A%3Anoaggr%3A%3Axsd%3Adouble=343617&_xt=AER&_xf=pdf""> AER </a>",2012-12-14 00:00:00,Animal owner,United States,FEMALE,Cat,Russian,Metacam 1.5 mg/ml - Oral suspension (dogs),"Anorexia, Death, Dehydration, Lethargy (see also Central nervous system depression in Neurological), Weight loss",1,1,
US-DEBIAHP-2012US15183,"<a target=""_blank""  href=""/xmlpserver/EVVET3 PW NEW/Subject Area Contents/Public Website/Report (PDF)/AER.xdo?_xpf=&_xpt=1&_params%2FOracle%20BI%20EE%3A%3ADefaultApp%3A%3AEVVET3%20PR%20NEW%2FAER%3A%3Adimension%2FAER%20Id%3A%3Aattribute%3A%3Anoaggr%3A%3Axsd%3Adouble=343448&_xt=AER&_xf=pdf""> AER </a>",2012-12-14 00:00:00,Veterinarian,United States,MALE,Dog,Pinscher - Miniature,Metacam 1.5 mg/ml - Oral suspension (dogs),Diabetes mellitus,1,1,
US-DEBIAHP-2012US15195,"<a target=""_blank""  href=""/xmlpserver/EVVET3 PW NEW/Subject Area Contents/Public Website/Report (PDF)/AER.xdo?_xpf=&_xpt=1&_params%2FOracle%20BI%20EE%3A%3ADefaultApp%3A%3AEVVET3%20PR%20NEW%2FAER%3A%3Adimension%2FAER%20Id%3A%3Aattribute%3A%3Anoaggr%3A%3Axsd%3Adouble=343919&_xt=AER&_xf=pdf""> AER </a>",2012-12-17 00:00:00,Other health care professional,United States,MALE,Dog,Retriever - Labrador,Metacam 1.5 mg/ml - Oral suspension (dogs),"Depression, Diarrhoea, Not drinking, Not eating",1,1,
US-DEBIAHP-2012US15238,"<a target=""_blank""  href=""/xmlpserver/EVVET3 PW NEW/Subject Area Contents/Public Website/Report (PDF)/AER.xdo?_xpf=&_xpt=1&_params%2FOracle%20BI%20EE%3A%3ADefaultApp%3A%3AEVVET3%20PR%20NEW%2FAER%3A%3Adimension%2FAER%20Id%3A%3Aattribute%3A%3Anoaggr%3A%3Axsd%3Adouble=344253&_xt=AER&_xf=pdf""> AER </a>",2012-12-19 00:00:00,Veterinarian,United States,UNKNOWN,Cat,Cat (other),"Metacam 0.5 mg/ml - Oral suspension (cats, guinea pigs), Metacam 0.5 mg/ml - Oral suspension (dogs), Metacam 5 mg/ml - Solution for injection (cats, dogs), Metacam 5 mg/ml - Solution for injection (cattle, pigs), Metacam 5 mg/ml - Solution for injection (dogs)","Death by euthanasia, Renal failure",1,1,1
US-DEBIAHP-2012US15298,"<a target=""_blank""  href=""/xmlpserver/EVVET3 PW NEW/Subject Area Contents/Public Website/Report (PDF)/AER.xdo?_xpf=&_xpt=1&_params%2FOracle%20BI%20EE%3A%3ADefaultApp%3A%3AEVVET3%20PR%20NEW%2FAER%3A%3Adimension%2FAER%20Id%3A%3Aattribute%3A%3Anoaggr%3A%3Axsd%3Adouble=344257&_xt=AER&_xf=pdf""> AER </a>",2012-12-19 00:00:00,Other health care professional,United States,MALE,Dog,Retriever - Golden,Metacam 1.5 mg/ml - Oral suspension (dogs),"Abnormal breathing, Generalised allergic reaction NOS, Licking",1,1,
US-DEBIAHP-2012US15331,"<a target=""_blank""  href=""/xmlpserver/EVVET3 PW NEW/Subject Area Contents/Public Website/Report (PDF)/AER.xdo?_xpf=&_xpt=1&_params%2FOracle%20BI%20EE%3A%3ADefaultApp%3A%3AEVVET3%20PR%20NEW%2FAER%3A%3Adimension%2FAER%20Id%3A%3Aattribute%3A%3Anoaggr%3A%3Axsd%3Adouble=344403&_xt=AER&_xf=pdf""> AER </a>",2012-12-19 00:00:00,Veterinarian,United States,FEMALE,Dog,Dog (other),Metacam 1.5 mg/ml - Oral suspension (dogs),"Blood in vomit, Bloody diarrhoea, Dehydration, Inappetence",1,1,
US-DEBIAHP-2012US15350,"<a target=""_blank""  href=""/xmlpserver/EVVET3 PW NEW/Subject Area Contents/Public Website/Report (PDF)/AER.xdo?_xpf=&_xpt=1&_params%2FOracle%20BI%20EE%3A%3ADefaultApp%3A%3AEVVET3%20PR%20NEW%2FAER%3A%3Adimension%2FAER%20Id%3A%3Aattribute%3A%3Anoaggr%3A%3Axsd%3Adouble=344400&_xt=AER&_xf=pdf""> AER </a>",2012-12-19 00:00:00,Other health care professional,United States,MALE,Cat,Cat (other),Metacam 1.5 mg/ml - Oral suspension (dogs),"Skin fibrosarcoma, Skin lump, Uncoded sign",1,1,
US-DEBIAHP-2012US15474,"<a target=""_blank""  href=""/xmlpserver/EVVET3 PW NEW/Subject Area Contents/Public Website/Report (PDF)/AER.xdo?_xpf=&_xpt=1&_params%2FOracle%20BI%20EE%3A%3ADefaultApp%3A%3AEVVET3%20PR%20NEW%2FAER%3A%3Adimension%2FAER%20Id%3A%3Aattribute%3A%3Anoaggr%3A%3Axsd%3Adouble=345000&_xt=AER&_xf=pdf""> AER </a>",2012-12-21 00:00:00,Other health care professional,United States,FEMALE,Dog,Spaniel - King Charles Cavalier,"Metacam 0.5 mg/ml - Oral suspension (cats, guinea pigs), Metacam 0.5 mg/ml - Oral suspension (dogs)",Facial swelling (see also Skin),1,1,
US-DEBIAHP-2012US15486,"<a target=""_blank""  href=""/xmlpserver/EVVET3 PW NEW/Subject Area Contents/Public Website/Report (PDF)/AER.xdo?_xpf=&_xpt=1&_params%2FOracle%20BI%20EE%3A%3ADefaultApp%3A%3AEVVET3%20PR%20NEW%2FAER%3A%3Adimension%2FAER%20Id%3A%3Aattribute%3A%3Anoaggr%3A%3Axsd%3Adouble=344907&_xt=AER&_xf=pdf""> AER </a>",2012-12-21 00:00:00,Other health care professional,United States,MALE,Dog,Crossbred Canine/dog,Metacam 1.5 mg/ml - Oral suspension (dogs),"Diarrhoea, Lack of efficacy - NOS",1,1,
US-DEBIAHP-2012US15487,"<a target=""_blank""  href=""/xmlpserver/EVVET3 PW NEW/Subject Area Contents/Public Website/Report (PDF)/AER.xdo?_xpf=&_xpt=1&_params%2FOracle%20BI%20EE%3A%3ADefaultApp%3A%3AEVVET3%20PR%20NEW%2FAER%3A%3Adimension%2FAER%20Id%3A%3Aattribute%3A%3Anoaggr%3A%3Axsd%3Adouble=344908&_xt=AER&_xf=pdf""> AER </a>",2012-12-21 00:00:00,Other health care professional,United States,FEMALE,Dog,Schnauzer (unspecified),Metacam 1.5 mg/ml - Oral suspension (dogs),Diarrhoea,1,1,
US-DEBIAHP-2012US15668,"<a target=""_blank""  href=""/xmlpserver/EVVET3 PW NEW/Subject Area Contents/Public Website/Report (PDF)/AER.xdo?_xpf=&_xpt=1&_params%2FOracle%20BI%20EE%3A%3ADefaultApp%3A%3AEVVET3%20PR%20NEW%2FAER%3A%3Adimension%2FAER%20Id%3A%3Aattribute%3A%3Anoaggr%3A%3Axsd%3Adouble=345420&_xt=AER&_xf=pdf""> AER </a>",2012-12-27 00:00:00,Other health care professional,United States,MALE,Dog,Papillon - Spaniel - Continental Toy (with erect ears or with dropped ears (Phaléne)),"BAYTRIL 0,5% W/V ΠΟΣΙΜΟ ΔΙΑΛΥΜΑ, BAYTRIL 0,5% πόσιμο διάλυμα ενροφλοξακίνης για ορνίθια και γαλοπούλες, BAYTRIL 10 % SOLUTION BUVABLE, BAYTRIL 10 % SOLUTION INJECTABLE, BAYTRIL 10% W/V ΠΟΣΙΜΟ ΔΙΑΛΥΜΑ, BAYTRIL 100 mg/ml - soluţie orală, BAYTRIL 100 mg/ml SOLUCION INYECTABLE, BAYTRIL 100 mg/ml soluție injectabilă, BAYTRIL 15 mg δισκία για γάτες και σκύλους, BAYTRIL 150 mg δισκία για γάτες και σκύλους, BAYTRIL 2,5 % SOLUTION BUVABLE, BAYTRIL 2,5 % SOLUTION INJECTABLE, BAYTRIL 2,5% W/V ΕΝΕΣΙΜΟ ΔΙΑΛΥΜΑ, BAYTRIL 2,5% W/V ΠΟΣΙΜΟ ΔΙΑΛΥΜΑ, BAYTRIL 25 mg/ml SOLUCION INYECTABLE, BAYTRIL 25 mg/ml SOLUCION ORAL, BAYTRIL 5 % SOLUTION INJECTABLE, BAYTRIL 5 mg/ml SOLUCION ORAL, BAYTRIL 50 mg δισκία για γάτες και σκύλους, BAYTRIL 50 mg/ml SOLUCION INYECTABLE, BAYTRIL 50mg/ml ενέσιμο διάλυμα, BAYTRIL, 25mg/ml, Injekční roztok, BAYTRIL, 5% ενέσιμο διάλυμα για μόσχους, χοίρους, πρόβατα, αίγες, σκύλους και γάτες, BAYTRIL, 50mg/ml, Injekční roztok, Baytril  100 mg/ml Oplossing voor injectie, Baytril  100 mg/ml Solution injectable, Baytril - Das Original - 100 mg/ml Injektionslösung, Baytril - Das Original - 25 mg/ml Injektionslösung, Baytril - Das Original - 50 mg/ml Injektionslösung, Baytril 0,5 % solução oral para leitões, Baytril 0,5%, Baytril 10 % solução oral, Baytril 10%, Baytril 10% O.L., Baytril 10% Oral Solution, Baytril 100 mg/mL, otopina za injekciju, za goveda, ovce, koze i svinje, Baytril 100 mg/mL, otopina za primjenu u vodi za piće, za kokoši, purane i kuniće, Baytril 100 mg/ml - Injektionslösung für Tiere, Baytril 100 mg/ml - Lösung zum Eingeben für Hühner, Puten und Kaninchen, Baytril 100 mg/ml Oplossing voor gebruik in drinkwater, Baytril 100 mg/ml Solution buvable, Baytril 100 mg/ml Solution for Injection, Baytril 100 mg/ml koncentrat za peroralno raztopino za piščance, purane in kunce, Baytril 100 mg/ml oldat ivóvízbe keveréshez A.U.V., Baytril 100 mg/ml oplossing voor gebruik in drinkwater voor kippen, kalkoenen en konijnen, Baytril 100 mg/ml oplossing voor injectie, Baytril 100 mg/ml raztopina za injiciranje, Baytril 100 mg/ml solution for injection, Baytril 100 mg/ml soluzione iniettabile, Baytril 100 mg/ml solução injetável, Baytril 150 mg tabletta A.U.V., Baytril 2,5%, 25 mg/mL, otopina za injekciju za pse, mačke, prasad, kuniće, glodavce, gmazove i ukrasne ptice, Baytril 25 mg/ml - Injektionslösung für Tiere, Baytril 25 mg/ml - Lösung zum Eingeben für Kälber und Lämmer, Baytril 25 mg/ml Lösung zum Eingeben für Rinder (Kälber), Baytril 25 mg/ml Oplossing voor injectie, Baytril 25 mg/ml Oral Solution, Baytril 25 mg/ml Solution injectable, Baytril 25 mg/ml injekčný roztok, Baytril 25 mg/ml oldatos injekció A.U.V., Baytril 25 mg/ml oplossing voor injectie, Baytril 25 mg/ml roztwór do wstrzykiwań, Baytril 25 mg/ml solution for injection, Baytril 25 mg/ml soluzione iniettabile, Baytril 25 mg/ml soluzione iniettabile per cani, gatti, roditori e conigli da compagnia, rettili e uccelli ornamentali, Baytril 25 mg/ml soluzione orale per vitelli, ovini, caprini, suini, Baytril 25 mg/ml solução injetável, Baytril 5 mg/ml - Lösung zum Eingeben für Schweine, Baytril 5 mg/ml belsőleges oldat sertések részére A.U.V., Baytril 50 mg tabletta A.U.V., Baytril 50 mg/mL, otopina za injekciju, za telad, ovce, koze, svinje, pse i mačke, Baytril 50 mg/ml - Injektionslösung für Tiere, Baytril 50 mg/ml Oplossing voor injectie, Baytril 50 mg/ml Solution for Injection, Baytril 50 mg/ml Solution injectable, Baytril 50 mg/ml injekčný roztok, Baytril 50 mg/ml oldatos injekció A.U.V., Baytril 50 mg/ml oplossing voor injectie, Baytril 50 mg/ml raztopina za injiciranje, Baytril 50 mg/ml soluzione iniettabile, Baytril 50 mg/ml solução injetável, Baytril 50 mg/ml soluție injectabilă, Baytril Direct 100 mg/ml Injektionslösung für Rinder und Schweine, Baytril Piglet Doser 0.5% Oral Solution, Baytril Vet. 100 mg/ml injektionsvæske, opløsning, Baytril Vet. 150 mg tabletter, Baytril Vet. 25 mg/ml oral opløsning, Baytril Vet. 50 mg tabletter, Baytril Vet. 50 mg/ml i","Dermal thickening, Injection site alopecia, Scale, Skin lesion NOS, Vomiting",1,1,
US-DEBIAHP-2012US15669,"<a target=""_blank""  href=""/xmlpserver/EVVET3 PW NEW/Subject Area Contents/Public Website/Report (PDF)/AER.xdo?_xpf=&_xpt=1&_params%2FOracle%20BI%20EE%3A%3ADefaultApp%3A%3AEVVET3%20PR%20NEW%2FAER%3A%3Adimension%2FAER%20Id%3A%3Aattribute%3A%3Anoaggr%3A%3Axsd%3Adouble=345419&_xt=AER&_xf=pdf""> AER </a>",2012-12-27 00:00:00,Other health care professional,United States,MALE,Human,Unknown,"Metacam 5 mg/ml - Solution for injection (cats, dogs), Metacam 5 mg/ml - Solution for injection (cattle, pigs), Metacam 5 mg/ml - Solution for injection (dogs)","Injection site pain, Injection site swelling",1,1,
US-DEBIAHP-2012US15838,"<a target=""_blank""  href=""/xmlpserver/EVVET3 PW NEW/Subject Area Contents/Public Website/Report (PDF)/AER.xdo?_xpf=&_xpt=1&_params%2FOracle%20BI%20EE%3A%3ADefaultApp%3A%3AEVVET3%20PR%20NEW%2FAER%3A%3Adimension%2FAER%20Id%3A%3Aattribute%3A%3Anoaggr%3A%3Axsd%3Adouble=345754&_xt=AER&_xf=pdf""> AER </a>",2012-12-31 00:00:00,Veterinarian,United States,MALE,Dog,Griffon - French Wire-haired Pointing,"Cerenia 10 mg/ml  - Solution for injection, Cerenia 16 mg  - Tablet, Cerenia 160 mg  - Tablet, Cerenia 24 mg  - Tablet, Cerenia 60 mg - Tablet, Metacam 5 mg/ml - Solution for injection (cats, dogs), Metacam 5 mg/ml - Solution for injection (cattle, pigs), Metacam 5 mg/ml - Solution for injection (dogs)","Hypersalivation, Tracheitis",1,1,
US-FRMERIAL-12US026444,"<a target=""_blank""  href=""/xmlpserver/EVVET3 PW NEW/Subject Area Contents/Public Website/Report (PDF)/AER.xdo?_xpf=&_xpt=1&_params%2FOracle%20BI%20EE%3A%3ADefaultApp%3A%3AEVVET3%20PR%20NEW%2FAER%3A%3Adimension%2FAER%20Id%3A%3Aattribute%3A%3Anoaggr%3A%3Axsd%3Adouble=307931&_xt=AER&_xf=pdf""> AER </a>",2012-04-30 00:00:00,Veterinarian,United States,MALE,Dog,Maltese,"IMMITICIDE, IMMITICIDE 25 mg/ml pó e solvente para solução injetável para cães, Metacam 0.5 mg/ml - Oral suspension (cats, guinea pigs), Metacam 0.5 mg/ml - Oral suspension (dogs), Metacam 1 mg - Chewable tablet (dogs), Metacam 1.5 mg/ml - Oral suspension (dogs), Metacam 15 mg/ml - Oral suspension (horses), Metacam 15 mg/ml - Oral suspension (pigs), Metacam 2 mg/ml - Solution for injection (cats), Metacam 2.5 mg - Chewable tablet (dogs), Metacam 20 mg/ml - Solution for injection (cattle, pigs, horses), Metacam 40 mg/ml - Solution for injection (cattle, horses), Metacam 5 mg/ml - Solution for injection (cats, dogs), Metacam 5 mg/ml - Solution for injection (cattle, pigs), Metacam 5 mg/ml - Solution for injection (dogs)","Anorexia, Ataxia, Cardiac enlargement, Coughing up blood, Diarrhoea, Hypersalivation, Lateral recumbency, Lethargy (see also Central nervous system depression in Neurological), Lung sound, Pale mucous membrane, Shock, Tachycardia, Tachypnoea",1,1,
US-FRMERIAL-12US034780,"<a target=""_blank""  href=""/xmlpserver/EVVET3 PW NEW/Subject Area Contents/Public Website/Report (PDF)/AER.xdo?_xpf=&_xpt=1&_params%2FOracle%20BI%20EE%3A%3ADefaultApp%3A%3AEVVET3%20PR%20NEW%2FAER%3A%3Adimension%2FAER%20Id%3A%3Aattribute%3A%3Anoaggr%3A%3Axsd%3Adouble=311566&_xt=AER&_xf=pdf""> AER </a>",2012-05-24 00:00:00,Veterinarian,United States,FEMALE,Dog,Retriever - Golden,"Interceptor Flavor 11.5 mg tablets for dogs, Interceptor Flavor 2,3 mg tablets for dogs, Interceptor Flavor 23 mg tablets for dogs, Interceptor Flavor 5.75 mg tablets for dogs, Interceptor vet. 11,5 mg tabletter til hund, Metacam 0.5 mg/ml - Oral suspension (cats, guinea pigs), Metacam 0.5 mg/ml - Oral suspension (dogs), Metacam 1 mg - Chewable tablet (dogs), Metacam 1.5 mg/ml - Oral suspension (dogs), Metacam 15 mg/ml - Oral suspension (horses), Metacam 15 mg/ml - Oral suspension (pigs), Metacam 2 mg/ml - Solution for injection (cats), Metacam 2.5 mg - Chewable tablet (dogs), Metacam 20 mg/ml - Solution for injection (cattle, pigs, horses), Metacam 40 mg/ml - Solution for injection (cattle, horses), Metacam 5 mg/ml - Solution for injection (cats, dogs), Metacam 5 mg/ml - Solution for injection (cattle, pigs), Metacam 5 mg/ml - Solution for injection (dogs)","Bradycardia, Lethargy (see also Central nervous system depression in Neurological)",1,1,
US-FRMERIAL-12US043414,"<a target=""_blank""  href=""/xmlpserver/EVVET3 PW NEW/Subject Area Contents/Public Website/Report (PDF)/AER.xdo?_xpf=&_xpt=1&_params%2FOracle%20BI%20EE%3A%3ADefaultApp%3A%3AEVVET3%20PR%20NEW%2FAER%3A%3Adimension%2FAER%20Id%3A%3Aattribute%3A%3Anoaggr%3A%3Axsd%3Adouble=316583&_xt=AER&_xf=pdf""> AER </a>",2012-06-27 00:00:00,Animal owner,United States,FEMALE,Dog,Dog (other),"Metacam 0.5 mg/ml - Oral suspension (cats, guinea pigs), Metacam 0.5 mg/ml - Oral suspension (dogs), Metacam 1 mg - Chewable tablet (dogs), Metacam 1.5 mg/ml - Oral suspension (dogs), Metacam 15 mg/ml - Oral suspension (horses), Metacam 15 mg/ml - Oral suspension (pigs), Metacam 2 mg/ml - Solution for injection (cats), Metacam 2.5 mg - Chewable tablet (dogs), Metacam 20 mg/ml - Solution for injection (cattle, pigs, horses), Metacam 40 mg/ml - Solution for injection (cattle, horses), Metacam 5 mg/ml - Solution for injection (cats, dogs), Metacam 5 mg/ml - Solution for injection (cattle, pigs), Metacam 5 mg/ml - Solution for injection (dogs)","Death by euthanasia, Scratching, Skin sore",1,1,1
US-FRMERIAL-12US052603,"<a target=""_blank""  href=""/xmlpserver/EVVET3 PW NEW/Subject Area Contents/Public Website/Report (PDF)/AER.xdo?_xpf=&_xpt=1&_params%2FOracle%20BI%20EE%3A%3ADefaultApp%3A%3AEVVET3%20PR%20NEW%2FAER%3A%3Adimension%2FAER%20Id%3A%3Aattribute%3A%3Anoaggr%3A%3Axsd%3Adouble=318365&_xt=AER&_xf=pdf""> AER </a>",2012-07-09 00:00:00,Other health care professional,United States,FEMALE,Dog,"Dog (other), Hound - Swiss - (Lucerne Hound (Luzerner Laufhund), Schwyz Hound (Schweizer Laufhund), Bernese Hound, Jura Hound)","CARDOTEK 30 PLUS 68 mcg / 163 mg COMPRIMIDOS MASTICABLES, IMMITICIDE, IMMITICIDE 25 mg/ml pó e solvente para solução injetável para cães, Metacam 0.5 mg/ml - Oral suspension (cats, guinea pigs), Metacam 0.5 mg/ml - Oral suspension (dogs), Metacam 1 mg - Chewable tablet (dogs), Metacam 1.5 mg/ml - Oral suspension (dogs), Metacam 15 mg/ml - Oral suspension (horses), Metacam 15 mg/ml - Oral suspension (pigs), Metacam 2 mg/ml - Solution for injection (cats), Metacam 2.5 mg - Chewable tablet (dogs), Metacam 20 mg/ml - Solution for injection (cattle, pigs, horses), Metacam 40 mg/ml - Solution for injection (cattle, horses), Metacam 5 mg/ml - Solution for injection (cats, dogs), Metacam 5 mg/ml - Solution for injection (cattle, pigs), Metacam 5 mg/ml - Solution for injection (dogs)","Lack of efficacy - NOS, Uncoded sign",1,1,
US-FRMERIAL-12US064405,"<a target=""_blank""  href=""/xmlpserver/EVVET3 PW NEW/Subject Area Contents/Public Website/Report (PDF)/AER.xdo?_xpf=&_xpt=1&_params%2FOracle%20BI%20EE%3A%3ADefaultApp%3A%3AEVVET3%20PR%20NEW%2FAER%3A%3Adimension%2FAER%20Id%3A%3Aattribute%3A%3Anoaggr%3A%3Axsd%3Adouble=327822&_xt=AER&_xf=pdf""> AER </a>",2012-10-01 00:00:00,Other health care professional,United States,MALE,Dog,Dog (other),"Metacam 0.5 mg/ml - Oral suspension (cats, guinea pigs), Metacam 0.5 mg/ml - Oral suspension (dogs), Metacam 1 mg - Chewable tablet (dogs), Metacam 1.5 mg/ml - Oral suspension (dogs), Metacam 15 mg/ml - Oral suspension (horses), Metacam 15 mg/ml - Oral suspension (pigs), Metacam 2 mg/ml - Solution for injection (cats), Metacam 2.5 mg - Chewable tablet (dogs), Metacam 20 mg/ml - Solution for injection (cattle, pigs, horses), Metacam 40 mg/ml - Solution for injection (cattle, horses), Metacam 5 mg/ml - Solution for injection (cats, dogs), Metacam 5 mg/ml - Solution for injection (cattle, pigs), Metacam 5 mg/ml - Solution for injection (dogs)","Alopecia local, Anorexia, Crust, Itching, Pemphigus foliaceus, Pustules, Scaly condition NOS, Skin necrosis",4,4,
US-FRMERIAL-12US081383,"<a target=""_blank""  href=""/xmlpserver/EVVET3 PW NEW/Subject Area Contents/Public Website/Report (PDF)/AER.xdo?_xpf=&_xpt=1&_params%2FOracle%20BI%20EE%3A%3ADefaultApp%3A%3AEVVET3%20PR%20NEW%2FAER%3A%3Adimension%2FAER%20Id%3A%3Aattribute%3A%3Anoaggr%3A%3Axsd%3Adouble=325359&_xt=AER&_xf=pdf""> AER </a>",2012-09-11 00:00:00,Veterinarian,United States,MALE,Dog,Dog (other),"Metacam 0.5 mg/ml - Oral suspension (cats, guinea pigs), Metacam 0.5 mg/ml - Oral suspension (dogs), Metacam 1 mg - Chewable tablet (dogs), Metacam 1.5 mg/ml - Oral suspension (dogs), Metacam 15 mg/ml - Oral suspension (horses), Metacam 15 mg/ml - Oral suspension (pigs), Metacam 2 mg/ml - Solution for injection (cats), Metacam 2.5 mg - Chewable tablet (dogs), Metacam 20 mg/ml - Solution for injection (cattle, pigs, horses), Metacam 40 mg/ml - Solution for injection (cattle, horses), Metacam 5 mg/ml - Solution for injection (cats, dogs), Metacam 5 mg/ml - Solution for injection (cattle, pigs), Metacam 5 mg/ml - Solution for injection (dogs), Previcox 57 mg - Chewable tablet","Diarrhoea, Drooling, Elevated liver enzymes NOS, Haemorrhagic diarrhoea, Lethargy (see also Central nervous system depression in Neurological), Neutropenia, Retching, Vomiting",1,1,
US-FRMERIAL-12US088307,"<a target=""_blank""  href=""/xmlpserver/EVVET3 PW NEW/Subject Area Contents/Public Website/Report (PDF)/AER.xdo?_xpf=&_xpt=1&_params%2FOracle%20BI%20EE%3A%3ADefaultApp%3A%3AEVVET3%20PR%20NEW%2FAER%3A%3Adimension%2FAER%20Id%3A%3Aattribute%3A%3Anoaggr%3A%3Axsd%3Adouble=327333&_xt=AER&_xf=pdf""> AER </a>",2012-09-27 00:00:00,Veterinarian,United States,FEMALE,Dog,Dog (other),"MARAVET AMOXICILLIN, Metacam 0.5 mg/ml - Oral suspension (cats, guinea pigs), Metacam 0.5 mg/ml - Oral suspension (dogs), Metacam 1 mg - Chewable tablet (dogs), Metacam 1.5 mg/ml - Oral suspension (dogs), Metacam 15 mg/ml - Oral suspension (horses), Metacam 15 mg/ml - Oral suspension (pigs), Metacam 2 mg/ml - Solution for injection (cats), Metacam 2.5 mg - Chewable tablet (dogs), Metacam 20 mg/ml - Solution for injection (cattle, pigs, horses), Metacam 40 mg/ml - Solution for injection (cattle, horses), Metacam 5 mg/ml - Solution for injection (cats, dogs), Metacam 5 mg/ml - Solution for injection (cattle, pigs), Metacam 5 mg/ml - Solution for injection (dogs), Previcox 57 mg - Chewable tablet","Anorexia, Death, Hypothermia, Inappetence, Lethargy (see also Central nervous system depression in Neurological)",3,5,2
US-FRMERIAL-12US109867,"<a target=""_blank""  href=""/xmlpserver/EVVET3 PW NEW/Subject Area Contents/Public Website/Report (PDF)/AER.xdo?_xpf=&_xpt=1&_params%2FOracle%20BI%20EE%3A%3ADefaultApp%3A%3AEVVET3%20PR%20NEW%2FAER%3A%3Adimension%2FAER%20Id%3A%3Aattribute%3A%3Anoaggr%3A%3Axsd%3Adouble=345111&_xt=AER&_xf=pdf""> AER </a>",2012-12-22 00:00:00,Veterinarian,United States,MALE,Dog,Mastiff,"Metacam 0.5 mg/ml - Oral suspension (cats, guinea pigs), Metacam 0.5 mg/ml - Oral suspension (dogs), Metacam 1 mg - Chewable tablet (dogs), Metacam 1.5 mg/ml - Oral suspension (dogs), Metacam 15 mg/ml - Oral suspension (horses), Metacam 15 mg/ml - Oral suspension (pigs), Metacam 2 mg/ml - Solution for injection (cats), Metacam 2.5 mg - Chewable tablet (dogs), Metacam 20 mg/ml - Solution for injection (cattle, pigs, horses), Metacam 40 mg/ml - Solution for injection (cattle, horses), Metacam 5 mg/ml - Solution for injection (cats, dogs), Metacam 5 mg/ml - Solution for injection (cattle, pigs), Metacam 5 mg/ml - Solution for injection (dogs), Previcox 227 mg - Chewable tablet","Abdominal cavity haemorrhage, Death, Elevated blood urea nitrogen (BUN), Elevated creatinine, Other abnormal test result NOS, Tarry or black stool (see also haemorrhagic diarrhoea)",1,1,1
US-OPAH-US20110452,"<a target=""_blank""  href=""/xmlpserver/EVVET3 PW NEW/Subject Area Contents/Public Website/Report (PDF)/AER.xdo?_xpf=&_xpt=1&_params%2FOracle%20BI%20EE%3A%3ADefaultApp%3A%3AEVVET3%20PR%20NEW%2FAER%3A%3Adimension%2FAER%20Id%3A%3Aattribute%3A%3Anoaggr%3A%3Axsd%3Adouble=291808&_xt=AER&_xf=pdf""> AER </a>",2012-01-11 00:00:00,Other health care professional,United States,MALE,Cat,Cat (other),"DOLOREX, Dexdomitor 0.1 mg/ml - Solution for injection, Dexdomitor 0.5 mg/ml - Solution for injection, Dolorex 10 mg/ml Solution for Injection for horse, dog and cat, Dolorex 10 mg/ml ενέσιμο διάλυμα για άλογο, σκύλο και γάτα, Metacam 0.5 mg/ml - Oral suspension (cats, guinea pigs), Metacam 0.5 mg/ml - Oral suspension (dogs), Metacam 1 mg - Chewable tablet (dogs), Metacam 1.5 mg/ml - Oral suspension (dogs), Metacam 15 mg/ml - Oral suspension (horses), Metacam 15 mg/ml - Oral suspension (pigs), Metacam 2 mg/ml - Solution for injection (cats), Metacam 2.5 mg - Chewable tablet (dogs), Metacam 20 mg/ml - Solution for injection (cattle, pigs, horses), Metacam 40 mg/ml - Solution for injection (cattle, horses), Metacam 5 mg/ml - Solution for injection (cats, dogs), Metacam 5 mg/ml - Solution for injection (cattle, pigs), Metacam 5 mg/ml - Solution for injection (dogs), SYNULOX (200+50)MG/TAB ΔΙΣΚΙΟ, SYNULOX (40+10)MG/TAB ΔΙΣΚΙΟ, SYNULOX 140 mg/ml + 35 mg/ml suspensión inyectable, SYNULOX 200 mg/50 mg tablety pre psy a mačky, SYNULOX 200/50 mg COMPRIMIDOS APETITOSOS PARA PERROS, SYNULOX 250 COMPRIMES POUR CHIENS, SYNULOX 250 mg, SYNULOX 250 mg kramtomosios tabletės šunims ir katėms, SYNULOX 250 mg tablete za pse in mačke, SYNULOX 250mg, δισκία για σκύλους και γάτες, SYNULOX 40 mg/10 mg tablety pre psy a mačky, SYNULOX 40 mg/ml + 10 mg/ml POLVO PARA GOTAS ORALES EN SUSPENSION, SYNULOX 40/10 MG COMPRIMIDOS APETITOSOS PARA PERROS Y GATOS, SYNULOX 400 mg/100 mg tablety pre psy, SYNULOX 400/100 mg COMPRIMIDOS APETITOSOS PARA PERROS, SYNULOX 50 COMPRIMES POUR CHIENS ET CHATS, SYNULOX 50 mg, SYNULOX 50 mg kramtomosios tabletės šunims ir katėms, SYNULOX 50 mg tablete za pse in mačke, SYNULOX 500 COMPRIMES POUR CHIENS, SYNULOX 500 mg kramtomosios tabletės šunims, SYNULOX 500 mg tablete za pse, SYNULOX 500 mg, kramtomosios tabletės šunims, SYNULOX 500MG/TAB ΔΙΣΚΙΟ, SYNULOX 50mg, δισκία για σκύλους και γάτες, SYNULOX OGIVETTES POUR VEAUX, SYNULOX SUSPENSION INJECTABLE POUR BOVINS, SYNULOX VET 140 mg/ml injektioneste, suspensio koiralle, kissalle ja sialle, SYNULOX suspensão injetável para suínos, bovinos, cães e gatos, SYNULOX vet 200 mg/50 mg tabletti, koiralle ja kissalle, SYNULOX vet 40 mg/10 mg tabletti, koiralle ja kissalle, SYNULOX vet 400 mg/100 mg tabletti, koiralle, SYNULOX, 400/100mg, Tableta, Stronghold 120 mg - Spot-on solution (12% - dogs), Stronghold 15 mg - Spot-on solution (6% - cats and dogs), Stronghold 240 mg - Spot-on solution (12% - dogs), Stronghold 30 mg - Spot-on solution (12% - dogs), Stronghold 360 mg - Spot-on solution (12% - dogs), Stronghold 45 mg - Spot-on solution (6% - cats), Stronghold 60 mg - Spot-on solution (12% - dogs), Stronghold 60 mg - Spot-on solution (6% - cats), Synulox 250 mg Comprimés Appétents, Synulox 250 mg Smakelijke tabletten, Synulox 250 mg tabletes suņiem un kaķiem, Synulox 250 mg, tabletid koertele ja kassidele, Synulox 250 mg, таблетки за кучета и котки, Synulox 250mg (200 mg/50 mg)  Tabletten für Hunde, Synulox 50 mg Comprimés Appétents, Synulox 50 mg Smakelijke Tabletten, Synulox 50 mg tabletes suņiem un kaķiem, Synulox 50 mg, tabletid koertele ja kassidele, Synulox 50 mg, таблетки за кучета и котки, Synulox 500 mg Bolus 400 mg - 100 mg Omhulde tablet, Synulox 500 mg Comprimés Appétents, Synulox 500 mg Smakelijke Tabletten, Synulox 500 mg tabletes suņiem, Synulox 500 mg, tabletid koertele, Synulox 500mg (400 mg/100 mg) Tabletten für Hunde, Synulox 50mg (40 mg/10 mg) Tabletten für Hunde und Katzen, Synulox Bolus 500 mg, 400 mg + 100 mg comprimés enrobés pour veaux, Synulox Lactating Cow Intramammary suspension., Synulox Tabletki 250 mg, Synulox Tabletki 250 mg (200+50) mg/tablete; tabletes suņiem, Synulox Tabletki 50 mg, Synulox Tabletki 50 mg (40+10) mg/ tablete; tabletes suņiem un kaķiem, Synulox Tabletki 500 mg, Synulox Vet. til hund og kat 200 + 50 mg tabletter, Synulox Vet. til hund og kat 40 + 10 mg tabletter, Synulox Vet. til hund tabletter 400 + 100 mg, Synulox Vet. til kalve 400 +","Cough, Death, Diarrhoea, Epistaxis, Hyphaemia, Lethargy (see also Central nervous system depression in Neurological), Pinnal irritation, Pruritus, Skin haematoma, Sneezing, Thrombocytopenia",1,1,1
US-OPAH-US20120025,"<a target=""_blank""  href=""/xmlpserver/EVVET3 PW NEW/Subject Area Contents/Public Website/Report (PDF)/AER.xdo?_xpf=&_xpt=1&_params%2FOracle%20BI%20EE%3A%3ADefaultApp%3A%3AEVVET3%20PR%20NEW%2FAER%3A%3Adimension%2FAER%20Id%3A%3Aattribute%3A%3Anoaggr%3A%3Axsd%3Adouble=296430&_xt=AER&_xf=pdf""> AER </a>",2012-02-13 00:00:00,Other health care professional,United States,MALE,Cat,Himalayan,"ANTISEDAN, ANTISEDAN 5 mg/ml SOLUCIÓN INYECTABLE PARA PERROS Y GATOS, ANTISEDAN 5 mg/ml raztopina za injiciranje za pse in mačke, ANTISEDAN 5MG/ML ΕΝΕΣΙΜΟ ΔΙΑΛΥΜΑ, ANTISEDAN SOLUTION INJECTABLE POUR CHIENS ET CHATS, ANTISEDAN, 5 mg/mL, otopina za injekciju, za pse i mačke, Antisedan 5 mg/ 1 ml, roztwór do wstrzykiwań dla psów i kotów, Antisedan 5 mg/ml  Injektionslösung für Hunde und Katzen, Antisedan 5 mg/ml - Injektionslösung für Hunde und Katzen, Antisedan 5 mg/ml Oplossing voor injectie, Antisedan 5 mg/ml Solution injectable, Antisedan 5 mg/ml injekčný roztok pre psy a mačky, Antisedan 5 mg/ml oldatos injekció kutya és macska részére.A.U.V., Antisedan 5 mg/ml solution for injection, Antisedan 5 mg/ml solução injetável para cães e gatos, Antisedan Vet 5 mg/ml injekcinis tirpalas, Antisedan Vet 5 mg/ml šķīdums injekcijām, Antisedan Vet, 5 mg/ml süstelahus, Antisedan Vet. 5 mg/ml injektionsvæske, opløsning, Antisedan vet 5 mg/ml injektioneste, liuos, Antisedan vet. 5 mg/ml Injektionsvätska, lösning, Antisedan vet. 5 mg/ml Stungulyf, lausn Handa hundum og köttum., Antisedan vet. 5 mg/ml injeksjonsvæske, oppløsning, til hund og katt, Antisedan vet., 5 mg/ml, Injektionsvätska, lösning, Antisedan, 5 mg/ml oplossing voor injectie voor honden en katten, Antisedan, 5mg/ml, Injekční roztok, Convenia 80 mg/ml  - Powder and solvent for solution for injection, Dexdomitor 0.1 mg/ml - Solution for injection, Dexdomitor 0.5 mg/ml - Solution for injection, Felocell CVR, Fuxien vet 1000 mg/g inhalaatiohöyry, neste, ISOFLURANE-Vet 1000 mg/g liquido per inalazione per cani e gatti, ISOFLURIN 1000mg/g ΥΓΡΟ ΓΙΑ ΕΙΣΠΝΕΟΜΕΝΟΥΣ ΑΤΜΟΥΣ, Isoflurane 100% Inhalation Vapour, Liquid, Isoflurane 1000 mg/g Inhalation Vapour, liquid., Ketamin 10 % šķīdums injekcijām suņiem un kaķiem, Ketamin 10%, Ketamin 100 mg/ml, Ketamine 10% oplossing voor injectie voor honden en katten, Ketamine 10% pro inj., oplossing voor injectie voor honden en katten, Ketamine 10% šķīdums injekcijām suņiem un kaķiem, Ketamine 10%, oplossing voor injectie voor honden en katten, Metacam 0.5 mg/ml - Oral suspension (cats, guinea pigs), Metacam 0.5 mg/ml - Oral suspension (dogs), Metacam 1 mg - Chewable tablet (dogs), Metacam 1.5 mg/ml - Oral suspension (dogs), Metacam 15 mg/ml - Oral suspension (horses), Metacam 15 mg/ml - Oral suspension (pigs), Metacam 2 mg/ml - Solution for injection (cats), Metacam 2.5 mg - Chewable tablet (dogs), Metacam 20 mg/ml - Solution for injection (cattle, pigs, horses), Metacam 40 mg/ml - Solution for injection (cattle, horses), Metacam 5 mg/ml - Solution for injection (cats, dogs), Metacam 5 mg/ml - Solution for injection (cattle, pigs), Metacam 5 mg/ml - Solution for injection (dogs), АНТИСЕДАН ВЕТ 5 mg/ml инжекционен разтвор, КЕТАМИН 10 %","Cyanosis, Hyperactive, Hypersalivation, Hypersensitivity NOS, Mydriasis, Tachypnoea",1,1,
US-OPAH-US20120026,"<a target=""_blank""  href=""/xmlpserver/EVVET3 PW NEW/Subject Area Contents/Public Website/Report (PDF)/AER.xdo?_xpf=&_xpt=1&_params%2FOracle%20BI%20EE%3A%3ADefaultApp%3A%3AEVVET3%20PR%20NEW%2FAER%3A%3Adimension%2FAER%20Id%3A%3Aattribute%3A%3Anoaggr%3A%3Axsd%3Adouble=303887&_xt=AER&_xf=pdf""> AER </a>",2012-04-04 00:00:00,Other health care professional,United States,MALE,Dog,Chihuahua,"ANTISEDAN, ANTISEDAN 5 mg/ml SOLUCIÓN INYECTABLE PARA PERROS Y GATOS, ANTISEDAN 5 mg/ml raztopina za injiciranje za pse in mačke, ANTISEDAN 5MG/ML ΕΝΕΣΙΜΟ ΔΙΑΛΥΜΑ, ANTISEDAN SOLUTION INJECTABLE POUR CHIENS ET CHATS, ANTISEDAN, 5 mg/mL, otopina za injekciju, za pse i mačke, Antisedan 5 mg/ 1 ml, roztwór do wstrzykiwań dla psów i kotów, Antisedan 5 mg/ml  Injektionslösung für Hunde und Katzen, Antisedan 5 mg/ml - Injektionslösung für Hunde und Katzen, Antisedan 5 mg/ml Oplossing voor injectie, Antisedan 5 mg/ml Solution injectable, Antisedan 5 mg/ml injekčný roztok pre psy a mačky, Antisedan 5 mg/ml oldatos injekció kutya és macska részére.A.U.V., Antisedan 5 mg/ml solution for injection, Antisedan 5 mg/ml solução injetável para cães e gatos, Antisedan Vet 5 mg/ml injekcinis tirpalas, Antisedan Vet 5 mg/ml šķīdums injekcijām, Antisedan Vet, 5 mg/ml süstelahus, Antisedan Vet. 5 mg/ml injektionsvæske, opløsning, Antisedan vet 5 mg/ml injektioneste, liuos, Antisedan vet. 5 mg/ml Injektionsvätska, lösning, Antisedan vet. 5 mg/ml Stungulyf, lausn Handa hundum og köttum., Antisedan vet. 5 mg/ml injeksjonsvæske, oppløsning, til hund og katt, Antisedan vet., 5 mg/ml, Injektionsvätska, lösning, Antisedan, 5 mg/ml oplossing voor injectie voor honden en katten, Antisedan, 5mg/ml, Injekční roztok, Dexdomitor 0.1 mg/ml - Solution for injection, Dexdomitor 0.5 mg/ml - Solution for injection, Metacam 0.5 mg/ml - Oral suspension (cats, guinea pigs), Metacam 0.5 mg/ml - Oral suspension (dogs), Metacam 1 mg - Chewable tablet (dogs), Metacam 1.5 mg/ml - Oral suspension (dogs), Metacam 15 mg/ml - Oral suspension (horses), Metacam 15 mg/ml - Oral suspension (pigs), Metacam 2 mg/ml - Solution for injection (cats), Metacam 2.5 mg - Chewable tablet (dogs), Metacam 20 mg/ml - Solution for injection (cattle, pigs, horses), Metacam 40 mg/ml - Solution for injection (cattle, horses), Metacam 5 mg/ml - Solution for injection (cats, dogs), Metacam 5 mg/ml - Solution for injection (cattle, pigs), Metacam 5 mg/ml - Solution for injection (dogs), Prednisolone 1% 10 mg/ml Oplossing voor injectie, Prednisolone 2,5% suspensie voor injectie voor honden, Prednisolone 2.5 % Oplossing voor injectie, АНТИСЕДАН ВЕТ 5 mg/ml инжекционен разтвор","Blindness, Convulsion, Hepatopathy, Other abnormal test result NOS, Paresis",1,1,
US-OPAH-US20120128,"<a target=""_blank""  href=""/xmlpserver/EVVET3 PW NEW/Subject Area Contents/Public Website/Report (PDF)/AER.xdo?_xpf=&_xpt=1&_params%2FOracle%20BI%20EE%3A%3ADefaultApp%3A%3AEVVET3%20PR%20NEW%2FAER%3A%3Adimension%2FAER%20Id%3A%3Aattribute%3A%3Anoaggr%3A%3Axsd%3Adouble=313506&_xt=AER&_xf=pdf""> AER </a>",2012-06-07 00:00:00,Other health care professional,United States,FEMALE,Turtle,Unknown,"ANTISEDAN, ANTISEDAN 5 mg/ml SOLUCIÓN INYECTABLE PARA PERROS Y GATOS, ANTISEDAN 5 mg/ml raztopina za injiciranje za pse in mačke, ANTISEDAN 5MG/ML ΕΝΕΣΙΜΟ ΔΙΑΛΥΜΑ, ANTISEDAN SOLUTION INJECTABLE POUR CHIENS ET CHATS, ANTISEDAN, 5 mg/mL, otopina za injekciju, za pse i mačke, Antisedan 5 mg/ 1 ml, roztwór do wstrzykiwań dla psów i kotów, Antisedan 5 mg/ml  Injektionslösung für Hunde und Katzen, Antisedan 5 mg/ml - Injektionslösung für Hunde und Katzen, Antisedan 5 mg/ml Oplossing voor injectie, Antisedan 5 mg/ml Solution injectable, Antisedan 5 mg/ml injekčný roztok pre psy a mačky, Antisedan 5 mg/ml oldatos injekció kutya és macska részére.A.U.V., Antisedan 5 mg/ml solution for injection, Antisedan 5 mg/ml solução injetável para cães e gatos, Antisedan Vet 5 mg/ml injekcinis tirpalas, Antisedan Vet 5 mg/ml šķīdums injekcijām, Antisedan Vet, 5 mg/ml süstelahus, Antisedan Vet. 5 mg/ml injektionsvæske, opløsning, Antisedan vet 5 mg/ml injektioneste, liuos, Antisedan vet. 5 mg/ml Injektionsvätska, lösning, Antisedan vet. 5 mg/ml Stungulyf, lausn Handa hundum og köttum., Antisedan vet. 5 mg/ml injeksjonsvæske, oppløsning, til hund og katt, Antisedan vet., 5 mg/ml, Injektionsvätska, lösning, Antisedan, 5 mg/ml oplossing voor injectie voor honden en katten, Antisedan, 5mg/ml, Injekční roztok, Dexdomitor 0.1 mg/ml - Solution for injection, Dexdomitor 0.5 mg/ml - Solution for injection, Fuxien vet 1000 mg/g inhalaatiohöyry, neste, ISOFLURANE-Vet 1000 mg/g liquido per inalazione per cani e gatti, ISOFLURIN 1000mg/g ΥΓΡΟ ΓΙΑ ΕΙΣΠΝΕΟΜΕΝΟΥΣ ΑΤΜΟΥΣ, Isoflurane 100% Inhalation Vapour, Liquid, Isoflurane 1000 mg/g Inhalation Vapour, liquid., Metacam 0.5 mg/ml - Oral suspension (cats, guinea pigs), Metacam 0.5 mg/ml - Oral suspension (dogs), Metacam 1 mg - Chewable tablet (dogs), Metacam 1.5 mg/ml - Oral suspension (dogs), Metacam 15 mg/ml - Oral suspension (horses), Metacam 15 mg/ml - Oral suspension (pigs), Metacam 2 mg/ml - Solution for injection (cats), Metacam 2.5 mg - Chewable tablet (dogs), Metacam 20 mg/ml - Solution for injection (cattle, pigs, horses), Metacam 40 mg/ml - Solution for injection (cattle, horses), Metacam 5 mg/ml - Solution for injection (cats, dogs), Metacam 5 mg/ml - Solution for injection (cattle, pigs), Metacam 5 mg/ml - Solution for injection (dogs), АНТИСЕДАН ВЕТ 5 mg/ml инжекционен разтвор",Death,1,1,1
US-OPAH-US20120129,"<a target=""_blank""  href=""/xmlpserver/EVVET3 PW NEW/Subject Area Contents/Public Website/Report (PDF)/AER.xdo?_xpf=&_xpt=1&_params%2FOracle%20BI%20EE%3A%3ADefaultApp%3A%3AEVVET3%20PR%20NEW%2FAER%3A%3Adimension%2FAER%20Id%3A%3Aattribute%3A%3Anoaggr%3A%3Axsd%3Adouble=313507&_xt=AER&_xf=pdf""> AER </a>",2012-06-07 00:00:00,Other health care professional,United States,FEMALE,Turtle,Unknown,"ANTISEDAN, ANTISEDAN 5 mg/ml SOLUCIÓN INYECTABLE PARA PERROS Y GATOS, ANTISEDAN 5 mg/ml raztopina za injiciranje za pse in mačke, ANTISEDAN 5MG/ML ΕΝΕΣΙΜΟ ΔΙΑΛΥΜΑ, ANTISEDAN SOLUTION INJECTABLE POUR CHIENS ET CHATS, ANTISEDAN, 5 mg/mL, otopina za injekciju, za pse i mačke, Antisedan 5 mg/ 1 ml, roztwór do wstrzykiwań dla psów i kotów, Antisedan 5 mg/ml  Injektionslösung für Hunde und Katzen, Antisedan 5 mg/ml - Injektionslösung für Hunde und Katzen, Antisedan 5 mg/ml Oplossing voor injectie, Antisedan 5 mg/ml Solution injectable, Antisedan 5 mg/ml injekčný roztok pre psy a mačky, Antisedan 5 mg/ml oldatos injekció kutya és macska részére.A.U.V., Antisedan 5 mg/ml solution for injection, Antisedan 5 mg/ml solução injetável para cães e gatos, Antisedan Vet 5 mg/ml injekcinis tirpalas, Antisedan Vet 5 mg/ml šķīdums injekcijām, Antisedan Vet, 5 mg/ml süstelahus, Antisedan Vet. 5 mg/ml injektionsvæske, opløsning, Antisedan vet 5 mg/ml injektioneste, liuos, Antisedan vet. 5 mg/ml Injektionsvätska, lösning, Antisedan vet. 5 mg/ml Stungulyf, lausn Handa hundum og köttum., Antisedan vet. 5 mg/ml injeksjonsvæske, oppløsning, til hund og katt, Antisedan vet., 5 mg/ml, Injektionsvätska, lösning, Antisedan, 5 mg/ml oplossing voor injectie voor honden en katten, Antisedan, 5mg/ml, Injekční roztok, Dexdomitor 0.1 mg/ml - Solution for injection, Dexdomitor 0.5 mg/ml - Solution for injection, Fuxien vet 1000 mg/g inhalaatiohöyry, neste, ISOFLURANE-Vet 1000 mg/g liquido per inalazione per cani e gatti, ISOFLURIN 1000mg/g ΥΓΡΟ ΓΙΑ ΕΙΣΠΝΕΟΜΕΝΟΥΣ ΑΤΜΟΥΣ, Isoflurane 100% Inhalation Vapour, Liquid, Isoflurane 1000 mg/g Inhalation Vapour, liquid., Metacam 0.5 mg/ml - Oral suspension (cats, guinea pigs), Metacam 0.5 mg/ml - Oral suspension (dogs), Metacam 1 mg - Chewable tablet (dogs), Metacam 1.5 mg/ml - Oral suspension (dogs), Metacam 15 mg/ml - Oral suspension (horses), Metacam 15 mg/ml - Oral suspension (pigs), Metacam 2 mg/ml - Solution for injection (cats), Metacam 2.5 mg - Chewable tablet (dogs), Metacam 20 mg/ml - Solution for injection (cattle, pigs, horses), Metacam 40 mg/ml - Solution for injection (cattle, horses), Metacam 5 mg/ml - Solution for injection (cats, dogs), Metacam 5 mg/ml - Solution for injection (cattle, pigs), Metacam 5 mg/ml - Solution for injection (dogs), АНТИСЕДАН ВЕТ 5 mg/ml инжекционен разтвор","Apnoea, Bradycardia, Cardiac arrest, Death, Dyspnoea, Systemic disorder NOS",1,1,1
US-OPAH-US20120243,"<a target=""_blank""  href=""/xmlpserver/EVVET3 PW NEW/Subject Area Contents/Public Website/Report (PDF)/AER.xdo?_xpf=&_xpt=1&_params%2FOracle%20BI%20EE%3A%3ADefaultApp%3A%3AEVVET3%20PR%20NEW%2FAER%3A%3Adimension%2FAER%20Id%3A%3Aattribute%3A%3Anoaggr%3A%3Axsd%3Adouble=343406&_xt=AER&_xf=pdf""> AER </a>",2012-12-14 00:00:00,Other health care professional,United States,MALE,Cat,Cat (other),"Dexdomitor 0.1 mg/ml - Solution for injection, Dexdomitor 0.5 mg/ml - Solution for injection, Ketavet 100 mg/ml Solution for Injection for Dogs, Cats and Horses, Metacam 0.5 mg/ml - Oral suspension (cats, guinea pigs), Metacam 0.5 mg/ml - Oral suspension (dogs), Metacam 1 mg - Chewable tablet (dogs), Metacam 1.5 mg/ml - Oral suspension (dogs), Metacam 15 mg/ml - Oral suspension (horses), Metacam 15 mg/ml - Oral suspension (pigs), Metacam 2 mg/ml - Solution for injection (cats), Metacam 2.5 mg - Chewable tablet (dogs), Metacam 20 mg/ml - Solution for injection (cattle, pigs, horses), Metacam 40 mg/ml - Solution for injection (cattle, horses), Metacam 5 mg/ml - Solution for injection (cats, dogs), Metacam 5 mg/ml - Solution for injection (cattle, pigs), Metacam 5 mg/ml - Solution for injection (dogs), Torbugesic 10 mg/ml Solution for Injection, Torbugesic Vet 10 mg/ml solution injectable pour chevaux, chiens et chats, Torbugesic Vet. 10 mg/ml injektionsvæske, opløsning, Torbuphanol Vet 10 mg/ml solution for injection for injection for horses, dogs and cats","Anorexia, General pain (see other SOCs for specific pain), Lethargy (see also Central nervous system depression in Neurological), Murmur, Other abnormal test result NOS, Renal insufficiency",1,1,
US-OPAH-US20120297,"<a target=""_blank""  href=""/xmlpserver/EVVET3 PW NEW/Subject Area Contents/Public Website/Report (PDF)/AER.xdo?_xpf=&_xpt=1&_params%2FOracle%20BI%20EE%3A%3ADefaultApp%3A%3AEVVET3%20PR%20NEW%2FAER%3A%3Adimension%2FAER%20Id%3A%3Aattribute%3A%3Anoaggr%3A%3Axsd%3Adouble=330104&_xt=AER&_xf=pdf""> AER </a>",2012-10-23 00:00:00,Other health care professional,United States,FEMALE,Dog,"Maltese, Poodle - Miniature","Dexdomitor 0.1 mg/ml - Solution for injection, Dexdomitor 0.5 mg/ml - Solution for injection, Fuxien vet 1000 mg/g inhalaatiohöyry, neste, ISOFLURANE-Vet 1000 mg/g liquido per inalazione per cani e gatti, ISOFLURIN 1000mg/g ΥΓΡΟ ΓΙΑ ΕΙΣΠΝΕΟΜΕΝΟΥΣ ΑΤΜΟΥΣ, Isoflurane 100% Inhalation Vapour, Liquid, Isoflurane 1000 mg/g Inhalation Vapour, liquid., Ketamin 10 % šķīdums injekcijām suņiem un kaķiem, Ketamin 10%, Ketamin 100 mg/ml, Ketamine 10% oplossing voor injectie voor honden en katten, Ketamine 10% pro inj., oplossing voor injectie voor honden en katten, Ketamine 10% šķīdums injekcijām suņiem un kaķiem, Ketamine 10%, oplossing voor injectie voor honden en katten, Metacam 0.5 mg/ml - Oral suspension (cats, guinea pigs), Metacam 0.5 mg/ml - Oral suspension (dogs), Metacam 1 mg - Chewable tablet (dogs), Metacam 1.5 mg/ml - Oral suspension (dogs), Metacam 15 mg/ml - Oral suspension (horses), Metacam 15 mg/ml - Oral suspension (pigs), Metacam 2 mg/ml - Solution for injection (cats), Metacam 2.5 mg - Chewable tablet (dogs), Metacam 20 mg/ml - Solution for injection (cattle, pigs, horses), Metacam 40 mg/ml - Solution for injection (cattle, horses), Metacam 5 mg/ml - Solution for injection (cats, dogs), Metacam 5 mg/ml - Solution for injection (cattle, pigs), Metacam 5 mg/ml - Solution for injection (dogs), АМПИЦИЛИН шприц-канюли, КЕТАМИН 10 %","Cardiac arrest, Cardiac disorder NOS, Congested mucous membrane, Death",1,1,1
US-UKDECHRAP-2012-5302,"<a target=""_blank""  href=""/xmlpserver/EVVET3 PW NEW/Subject Area Contents/Public Website/Report (PDF)/AER.xdo?_xpf=&_xpt=1&_params%2FOracle%20BI%20EE%3A%3ADefaultApp%3A%3AEVVET3%20PR%20NEW%2FAER%3A%3Adimension%2FAER%20Id%3A%3Aattribute%3A%3Anoaggr%3A%3Axsd%3Adouble=337647&_xt=AER&_xf=pdf""> AER </a>",2012-11-14 00:00:00,Animal owner,United States,MALE,Dog,Retriever - Golden,"BAYTRIL 0,5% W/V ΠΟΣΙΜΟ ΔΙΑΛΥΜΑ, BAYTRIL 0,5% πόσιμο διάλυμα ενροφλοξακίνης για ορνίθια και γαλοπούλες, BAYTRIL 10 % SOLUTION BUVABLE, BAYTRIL 10 % SOLUTION INJECTABLE, BAYTRIL 10% W/V ΠΟΣΙΜΟ ΔΙΑΛΥΜΑ, BAYTRIL 100 mg/ml - soluţie orală, BAYTRIL 100 mg/ml SOLUCION INYECTABLE, BAYTRIL 100 mg/ml soluție injectabilă, BAYTRIL 15 mg δισκία για γάτες και σκύλους, BAYTRIL 150 mg δισκία για γάτες και σκύλους, BAYTRIL 2,5 % SOLUTION BUVABLE, BAYTRIL 2,5 % SOLUTION INJECTABLE, BAYTRIL 2,5% W/V ΕΝΕΣΙΜΟ ΔΙΑΛΥΜΑ, BAYTRIL 2,5% W/V ΠΟΣΙΜΟ ΔΙΑΛΥΜΑ, BAYTRIL 25 mg/ml SOLUCION INYECTABLE, BAYTRIL 25 mg/ml SOLUCION ORAL, BAYTRIL 5 % SOLUTION INJECTABLE, BAYTRIL 5 mg/ml SOLUCION ORAL, BAYTRIL 50 mg δισκία για γάτες και σκύλους, BAYTRIL 50 mg/ml SOLUCION INYECTABLE, BAYTRIL 50mg/ml ενέσιμο διάλυμα, BAYTRIL, 25mg/ml, Injekční roztok, BAYTRIL, 5% ενέσιμο διάλυμα για μόσχους, χοίρους, πρόβατα, αίγες, σκύλους και γάτες, BAYTRIL, 50mg/ml, Injekční roztok, Baytril  100 mg/ml Oplossing voor injectie, Baytril  100 mg/ml Solution injectable, Baytril - Das Original - 100 mg/ml Injektionslösung, Baytril - Das Original - 25 mg/ml Injektionslösung, Baytril - Das Original - 50 mg/ml Injektionslösung, Baytril 0,5 % solução oral para leitões, Baytril 0,5%, Baytril 10 % solução oral, Baytril 10%, Baytril 10% O.L., Baytril 10% Oral Solution, Baytril 100 mg/mL, otopina za injekciju, za goveda, ovce, koze i svinje, Baytril 100 mg/mL, otopina za primjenu u vodi za piće, za kokoši, purane i kuniće, Baytril 100 mg/ml - Injektionslösung für Tiere, Baytril 100 mg/ml - Lösung zum Eingeben für Hühner, Puten und Kaninchen, Baytril 100 mg/ml Oplossing voor gebruik in drinkwater, Baytril 100 mg/ml Solution buvable, Baytril 100 mg/ml Solution for Injection, Baytril 100 mg/ml koncentrat za peroralno raztopino za piščance, purane in kunce, Baytril 100 mg/ml oldat ivóvízbe keveréshez A.U.V., Baytril 100 mg/ml oplossing voor gebruik in drinkwater voor kippen, kalkoenen en konijnen, Baytril 100 mg/ml oplossing voor injectie, Baytril 100 mg/ml raztopina za injiciranje, Baytril 100 mg/ml solution for injection, Baytril 100 mg/ml soluzione iniettabile, Baytril 100 mg/ml solução injetável, Baytril 150 mg tabletta A.U.V., Baytril 2,5%, 25 mg/mL, otopina za injekciju za pse, mačke, prasad, kuniće, glodavce, gmazove i ukrasne ptice, Baytril 25 mg/ml - Injektionslösung für Tiere, Baytril 25 mg/ml - Lösung zum Eingeben für Kälber und Lämmer, Baytril 25 mg/ml Lösung zum Eingeben für Rinder (Kälber), Baytril 25 mg/ml Oplossing voor injectie, Baytril 25 mg/ml Oral Solution, Baytril 25 mg/ml Solution injectable, Baytril 25 mg/ml injekčný roztok, Baytril 25 mg/ml oldatos injekció A.U.V., Baytril 25 mg/ml oplossing voor injectie, Baytril 25 mg/ml roztwór do wstrzykiwań, Baytril 25 mg/ml solution for injection, Baytril 25 mg/ml soluzione iniettabile, Baytril 25 mg/ml soluzione iniettabile per cani, gatti, roditori e conigli da compagnia, rettili e uccelli ornamentali, Baytril 25 mg/ml soluzione orale per vitelli, ovini, caprini, suini, Baytril 25 mg/ml solução injetável, Baytril 5 mg/ml - Lösung zum Eingeben für Schweine, Baytril 5 mg/ml belsőleges oldat sertések részére A.U.V., Baytril 50 mg tabletta A.U.V., Baytril 50 mg/mL, otopina za injekciju, za telad, ovce, koze, svinje, pse i mačke, Baytril 50 mg/ml - Injektionslösung für Tiere, Baytril 50 mg/ml Oplossing voor injectie, Baytril 50 mg/ml Solution for Injection, Baytril 50 mg/ml Solution injectable, Baytril 50 mg/ml injekčný roztok, Baytril 50 mg/ml oldatos injekció A.U.V., Baytril 50 mg/ml oplossing voor injectie, Baytril 50 mg/ml raztopina za injiciranje, Baytril 50 mg/ml soluzione iniettabile, Baytril 50 mg/ml solução injetável, Baytril 50 mg/ml soluție injectabilă, Baytril Direct 100 mg/ml Injektionslösung für Rinder und Schweine, Baytril Piglet Doser 0.5% Oral Solution, Baytril Vet. 100 mg/ml injektionsvæske, opløsning, Baytril Vet. 150 mg tabletter, Baytril Vet. 25 mg/ml oral opløsning, Baytril Vet. 50 mg tabletter, Baytril Vet. 50 mg/ml i","Anaemia NOS, Death by euthanasia, Electrolyte disorder, Inappetence, Lethargy (see also Central nervous system depression in Neurological), Loss of consciousness, Low blood pressure, Other abnormal test result NOS, Renal failure",1,1,1
US-UKPFIZAH-2011-US-41188,"<a target=""_blank""  href=""/xmlpserver/EVVET3 PW NEW/Subject Area Contents/Public Website/Report (PDF)/AER.xdo?_xpf=&_xpt=1&_params%2FOracle%20BI%20EE%3A%3ADefaultApp%3A%3AEVVET3%20PR%20NEW%2FAER%3A%3Adimension%2FAER%20Id%3A%3Aattribute%3A%3Anoaggr%3A%3Axsd%3Adouble=290751&_xt=AER&_xf=pdf""> AER </a>",2012-01-05 00:00:00,Veterinarian,United States,MALE,Cat,Cat (other),"Convenia 80 mg/ml  - Powder and solvent for solution for injection, Metacam 0.5 mg/ml - Oral suspension (cats, guinea pigs), Metacam 0.5 mg/ml - Oral suspension (dogs), Metacam 1 mg - Chewable tablet (dogs), Metacam 1.5 mg/ml - Oral suspension (dogs), Metacam 15 mg/ml - Oral suspension (horses), Metacam 15 mg/ml - Oral suspension (pigs), Metacam 2 mg/ml - Solution for injection (cats), Metacam 2.5 mg - Chewable tablet (dogs), Metacam 20 mg/ml - Solution for injection (cattle, pigs, horses), Metacam 40 mg/ml - Solution for injection (cattle, horses), Metacam 5 mg/ml - Solution for injection (cats, dogs), Metacam 5 mg/ml - Solution for injection (cattle, pigs), Metacam 5 mg/ml - Solution for injection (dogs)","Death by euthanasia, Pruritus",1,1,1
US-UKPFIZAH-2011-US-44068,"<a target=""_blank""  href=""/xmlpserver/EVVET3 PW NEW/Subject Area Contents/Public Website/Report (PDF)/AER.xdo?_xpf=&_xpt=1&_params%2FOracle%20BI%20EE%3A%3ADefaultApp%3A%3AEVVET3%20PR%20NEW%2FAER%3A%3Adimension%2FAER%20Id%3A%3Aattribute%3A%3Anoaggr%3A%3Axsd%3Adouble=290774&_xt=AER&_xf=pdf""> AER </a>",2012-01-05 00:00:00,Veterinarian,United States,MALE,Cat,Cat (other),"DOLOREX, Dexdomitor 0.1 mg/ml - Solution for injection, Dexdomitor 0.5 mg/ml - Solution for injection, Dolorex 10 mg/ml Solution for Injection for horse, dog and cat, Dolorex 10 mg/ml ενέσιμο διάλυμα για άλογο, σκύλο και γάτα, Metacam 0.5 mg/ml - Oral suspension (cats, guinea pigs), Metacam 0.5 mg/ml - Oral suspension (dogs), Metacam 1 mg - Chewable tablet (dogs), Metacam 1.5 mg/ml - Oral suspension (dogs), Metacam 15 mg/ml - Oral suspension (horses), Metacam 15 mg/ml - Oral suspension (pigs), Metacam 2 mg/ml - Solution for injection (cats), Metacam 2.5 mg - Chewable tablet (dogs), Metacam 20 mg/ml - Solution for injection (cattle, pigs, horses), Metacam 40 mg/ml - Solution for injection (cattle, horses), Metacam 5 mg/ml - Solution for injection (cats, dogs), Metacam 5 mg/ml - Solution for injection (cattle, pigs), Metacam 5 mg/ml - Solution for injection (dogs), SYNULOX GOUTTES, Stronghold 120 mg - Spot-on solution (12% - dogs), Stronghold 15 mg - Spot-on solution (6% - cats and dogs), Stronghold 240 mg - Spot-on solution (12% - dogs), Stronghold 30 mg - Spot-on solution (12% - dogs), Stronghold 360 mg - Spot-on solution (12% - dogs), Stronghold 45 mg - Spot-on solution (6% - cats), Stronghold 60 mg - Spot-on solution (12% - dogs), Stronghold 60 mg - Spot-on solution (6% - cats), Synulox Gouttes Appétentes 40 mg/ml Poudre pour suspension oral en gouttes, Synulox Smakelijke Druppels 40 mg/ml Druppels voor oraal gebruik, poeder voor suspensie","Cough, Death, Decreased activity, Diarrhoea, Ecchymosis, Erythema (for urticaria see Immune SOC), Eye haemorrhage, Low platelet count, Nasal bleeding, Oral bleeding, Pinnal erythema, Scratching, Skin petechiae, Sneezing",1,1,1
US-UKPFIZAH-2012-US-02410,"<a target=""_blank""  href=""/xmlpserver/EVVET3 PW NEW/Subject Area Contents/Public Website/Report (PDF)/AER.xdo?_xpf=&_xpt=1&_params%2FOracle%20BI%20EE%3A%3ADefaultApp%3A%3AEVVET3%20PR%20NEW%2FAER%3A%3Adimension%2FAER%20Id%3A%3Aattribute%3A%3Anoaggr%3A%3Axsd%3Adouble=293632&_xt=AER&_xf=pdf""> AER </a>",2012-01-26 00:00:00,Veterinarian,United States,MALE,Dog,Dachshund - Standard Smooth-haired,"FUROSEMIDE 5%/AGROSEED CANDILIDIS ενέσιμο διάλυμα 50 mg/ml για σκύλο και γάτα, Furosemide 40 mg, tabletten voor honden en katten., Furosemide 5% 50 mg/ml šķīdums injekcijām liellopiem, zirgiem, suņiem un kaķiem, Furosemide 5% pro inj., 50 mg/ml oplossing voor injectie, Furosemide 5%, injekcinis tirpalas galvijams, arkliams, šunims ir katėms, Metacam 0.5 mg/ml - Oral suspension (cats, guinea pigs), Metacam 0.5 mg/ml - Oral suspension (dogs), Metacam 1 mg - Chewable tablet (dogs), Metacam 1.5 mg/ml - Oral suspension (dogs), Metacam 15 mg/ml - Oral suspension (horses), Metacam 15 mg/ml - Oral suspension (pigs), Metacam 2 mg/ml - Solution for injection (cats), Metacam 2.5 mg - Chewable tablet (dogs), Metacam 20 mg/ml - Solution for injection (cattle, pigs, horses), Metacam 40 mg/ml - Solution for injection (cattle, horses), Metacam 5 mg/ml - Solution for injection (cats, dogs), Metacam 5 mg/ml - Solution for injection (cattle, pigs), Metacam 5 mg/ml - Solution for injection (dogs), Palladia 10 mg  - Film-coated tablet, Palladia 15 mg  - Film-coated tablet, Palladia 50 mg  - Film-coated tablet, Prednisolone 1% 10 mg/ml Oplossing voor injectie, Prednisolone 2,5% suspensie voor injectie voor honden, Prednisolone 2.5 % Oplossing voor injectie, Tramadog 50 mg tablet for dogs, Фуроземид 5 %","Ataxia, Behavioural disorder NOS, Coma, Death by euthanasia, Dilated pupils, Disorientation, Falling, Fixed pupil, Hind limb paralysis, Neurological signs NOS, Walking difficulty",1,1,1
US-UKPFIZAH-2012-US-03017,"<a target=""_blank""  href=""/xmlpserver/EVVET3 PW NEW/Subject Area Contents/Public Website/Report (PDF)/AER.xdo?_xpf=&_xpt=1&_params%2FOracle%20BI%20EE%3A%3ADefaultApp%3A%3AEVVET3%20PR%20NEW%2FAER%3A%3Adimension%2FAER%20Id%3A%3Aattribute%3A%3Anoaggr%3A%3Axsd%3Adouble=301115&_xt=AER&_xf=pdf""> AER </a>",2012-03-15 00:00:00,Veterinarian,United States,FEMALE,Dog,"Dog (other), Hound - Swiss - (Lucerne Hound (Luzerner Laufhund), Schwyz Hound (Schweizer Laufhund), Bernese Hound, Jura Hound)","Cerenia 10 mg/ml  - Solution for injection, Metacam 0.5 mg/ml - Oral suspension (cats, guinea pigs), Metacam 0.5 mg/ml - Oral suspension (dogs), Metacam 1 mg - Chewable tablet (dogs), Metacam 1.5 mg/ml - Oral suspension (dogs), Metacam 15 mg/ml - Oral suspension (horses), Metacam 15 mg/ml - Oral suspension (pigs), Metacam 2 mg/ml - Solution for injection (cats), Metacam 2.5 mg - Chewable tablet (dogs), Metacam 20 mg/ml - Solution for injection (cattle, pigs, horses), Metacam 40 mg/ml - Solution for injection (cattle, horses), Metacam 5 mg/ml - Solution for injection (cats, dogs), Metacam 5 mg/ml - Solution for injection (cattle, pigs), Metacam 5 mg/ml - Solution for injection (dogs), Metronidazole VET-AGRO 250 mg tabletten voor honden en katten, SYNULOX (200+50)MG/TAB ΔΙΣΚΙΟ, SYNULOX (40+10)MG/TAB ΔΙΣΚΙΟ, SYNULOX 140 mg/ml + 35 mg/ml suspensión inyectable, SYNULOX 200 mg/50 mg tablety pre psy a mačky, SYNULOX 200/50 mg COMPRIMIDOS APETITOSOS PARA PERROS, SYNULOX 250 COMPRIMES POUR CHIENS, SYNULOX 250 mg, SYNULOX 250 mg kramtomosios tabletės šunims ir katėms, SYNULOX 250 mg tablete za pse in mačke, SYNULOX 250mg, δισκία για σκύλους και γάτες, SYNULOX 40 mg/10 mg tablety pre psy a mačky, SYNULOX 40 mg/ml + 10 mg/ml POLVO PARA GOTAS ORALES EN SUSPENSION, SYNULOX 40/10 MG COMPRIMIDOS APETITOSOS PARA PERROS Y GATOS, SYNULOX 400 mg/100 mg tablety pre psy, SYNULOX 400/100 mg COMPRIMIDOS APETITOSOS PARA PERROS, SYNULOX 50 COMPRIMES POUR CHIENS ET CHATS, SYNULOX 50 mg, SYNULOX 50 mg kramtomosios tabletės šunims ir katėms, SYNULOX 50 mg tablete za pse in mačke, SYNULOX 500 COMPRIMES POUR CHIENS, SYNULOX 500 mg kramtomosios tabletės šunims, SYNULOX 500 mg tablete za pse, SYNULOX 500 mg, kramtomosios tabletės šunims, SYNULOX 500MG/TAB ΔΙΣΚΙΟ, SYNULOX 50mg, δισκία για σκύλους και γάτες, SYNULOX OGIVETTES POUR VEAUX, SYNULOX SUSPENSION INJECTABLE POUR BOVINS, SYNULOX VET 140 mg/ml injektioneste, suspensio koiralle, kissalle ja sialle, SYNULOX suspensão injetável para suínos, bovinos, cães e gatos, SYNULOX vet 200 mg/50 mg tabletti, koiralle ja kissalle, SYNULOX vet 40 mg/10 mg tabletti, koiralle ja kissalle, SYNULOX vet 400 mg/100 mg tabletti, koiralle, SYNULOX, 400/100mg, Tableta, Synulox 250 mg Comprimés Appétents, Synulox 250 mg Smakelijke tabletten, Synulox 250 mg tabletes suņiem un kaķiem, Synulox 250 mg, tabletid koertele ja kassidele, Synulox 250 mg, таблетки за кучета и котки, Synulox 250mg (200 mg/50 mg)  Tabletten für Hunde, Synulox 50 mg Comprimés Appétents, Synulox 50 mg Smakelijke Tabletten, Synulox 50 mg tabletes suņiem un kaķiem, Synulox 50 mg, tabletid koertele ja kassidele, Synulox 50 mg, таблетки за кучета и котки, Synulox 500 mg Bolus 400 mg - 100 mg Omhulde tablet, Synulox 500 mg Comprimés Appétents, Synulox 500 mg Smakelijke Tabletten, Synulox 500 mg tabletes suņiem, Synulox 500 mg, tabletid koertele, Synulox 500mg (400 mg/100 mg) Tabletten für Hunde, Synulox 50mg (40 mg/10 mg) Tabletten für Hunde und Katzen, Synulox Bolus 500 mg, 400 mg + 100 mg comprimés enrobés pour veaux, Synulox Lactating Cow Intramammary suspension., Synulox Tabletki 250 mg, Synulox Tabletki 250 mg (200+50) mg/tablete; tabletes suņiem, Synulox Tabletki 50 mg, Synulox Tabletki 50 mg (40+10) mg/ tablete; tabletes suņiem un kaķiem, Synulox Tabletki 500 mg, Synulox Vet. til hund og kat 200 + 50 mg tabletter, Synulox Vet. til hund og kat 40 + 10 mg tabletter, Synulox Vet. til hund tabletter 400 + 100 mg, Synulox Vet. til kalve 400 + 100 mg tabletter, Synulox comprimidos palatáveis 250 mg para cães e gatos, Synulox comprimidos palatáveis 50 mg para cães e gatos, Synulox comprimidos palatáveis 500 mg para cães, Synulox vet 40 mg/ml jauhe oraalisuspensiota varten koiralle ja kissalle, Synulox vet. 200 mg tabletter for hund og katt, Synulox vet. 200 mg/50 mg Tablett, Synulox vet. 40 mg tabletter for hund og katt, Synulox vet. 40 mg/10 mg Tablett, Synulox vet. 400 mg tabletter for hund, Synulox vet. 400 mg/100 mg Tablett, Synulox, 200/50mg, Tableta, Synulox","Death, Ecchymosis, Localised pain NOS (see other SOCs for specific pain), Swelling NOS",1,1,1
US-UKPFIZAH-2012-US-06818,"<a target=""_blank""  href=""/xmlpserver/EVVET3 PW NEW/Subject Area Contents/Public Website/Report (PDF)/AER.xdo?_xpf=&_xpt=1&_params%2FOracle%20BI%20EE%3A%3ADefaultApp%3A%3AEVVET3%20PR%20NEW%2FAER%3A%3Adimension%2FAER%20Id%3A%3Aattribute%3A%3Anoaggr%3A%3Axsd%3Adouble=303094&_xt=AER&_xf=pdf""> AER </a>",2012-03-29 00:00:00,Other health care professional,United States,MALE,Cat,Cat (other),"Convenia 80 mg/ml  - Powder and solvent for solution for injection, Metacam 0.5 mg/ml - Oral suspension (cats, guinea pigs), Metacam 0.5 mg/ml - Oral suspension (dogs), Metacam 1 mg - Chewable tablet (dogs), Metacam 1.5 mg/ml - Oral suspension (dogs), Metacam 15 mg/ml - Oral suspension (horses), Metacam 15 mg/ml - Oral suspension (pigs), Metacam 2 mg/ml - Solution for injection (cats), Metacam 2.5 mg - Chewable tablet (dogs), Metacam 20 mg/ml - Solution for injection (cattle, pigs, horses), Metacam 40 mg/ml - Solution for injection (cattle, horses), Metacam 5 mg/ml - Solution for injection (cats, dogs), Metacam 5 mg/ml - Solution for injection (cattle, pigs), Metacam 5 mg/ml - Solution for injection (dogs)","Abnormal radiograph finding, Abnormal ultrasound finding, Breathing difficulty, Cough, Oedema of the extremities (see also other SOCs for most applicable oedema), Pale mucous membrane, Pulmonary oedema",1,1,
US-UKPFIZAH-2012-US-13230,"<a target=""_blank""  href=""/xmlpserver/EVVET3 PW NEW/Subject Area Contents/Public Website/Report (PDF)/AER.xdo?_xpf=&_xpt=1&_params%2FOracle%20BI%20EE%3A%3ADefaultApp%3A%3AEVVET3%20PR%20NEW%2FAER%3A%3Adimension%2FAER%20Id%3A%3Aattribute%3A%3Anoaggr%3A%3Axsd%3Adouble=308544&_xt=AER&_xf=pdf""> AER </a>",2012-05-03 00:00:00,Veterinarian,United States,FEMALE,Dog,Pekingese,"Cerenia 10 mg/ml  - Solution for injection, Convenia 80 mg/ml  - Powder and solvent for solution for injection, Metacam 0.5 mg/ml - Oral suspension (cats, guinea pigs), Metacam 0.5 mg/ml - Oral suspension (dogs), Metacam 1 mg - Chewable tablet (dogs), Metacam 1.5 mg/ml - Oral suspension (dogs), Metacam 15 mg/ml - Oral suspension (horses), Metacam 15 mg/ml - Oral suspension (pigs), Metacam 2 mg/ml - Solution for injection (cats), Metacam 2.5 mg - Chewable tablet (dogs), Metacam 20 mg/ml - Solution for injection (cattle, pigs, horses), Metacam 40 mg/ml - Solution for injection (cattle, horses), Metacam 5 mg/ml - Solution for injection (cats, dogs), Metacam 5 mg/ml - Solution for injection (cattle, pigs), Metacam 5 mg/ml - Solution for injection (dogs), SYNULOX (200+50)MG/TAB ΔΙΣΚΙΟ, SYNULOX (40+10)MG/TAB ΔΙΣΚΙΟ, SYNULOX 140 mg/ml + 35 mg/ml suspensión inyectable, SYNULOX 200 mg/50 mg tablety pre psy a mačky, SYNULOX 200/50 mg COMPRIMIDOS APETITOSOS PARA PERROS, SYNULOX 250 COMPRIMES POUR CHIENS, SYNULOX 250 mg, SYNULOX 250 mg kramtomosios tabletės šunims ir katėms, SYNULOX 250 mg tablete za pse in mačke, SYNULOX 250mg, δισκία για σκύλους και γάτες, SYNULOX 40 mg/10 mg tablety pre psy a mačky, SYNULOX 40 mg/ml + 10 mg/ml POLVO PARA GOTAS ORALES EN SUSPENSION, SYNULOX 40/10 MG COMPRIMIDOS APETITOSOS PARA PERROS Y GATOS, SYNULOX 400 mg/100 mg tablety pre psy, SYNULOX 400/100 mg COMPRIMIDOS APETITOSOS PARA PERROS, SYNULOX 50 COMPRIMES POUR CHIENS ET CHATS, SYNULOX 50 mg, SYNULOX 50 mg kramtomosios tabletės šunims ir katėms, SYNULOX 50 mg tablete za pse in mačke, SYNULOX 500 COMPRIMES POUR CHIENS, SYNULOX 500 mg kramtomosios tabletės šunims, SYNULOX 500 mg tablete za pse, SYNULOX 500 mg, kramtomosios tabletės šunims, SYNULOX 500MG/TAB ΔΙΣΚΙΟ, SYNULOX 50mg, δισκία για σκύλους και γάτες, SYNULOX OGIVETTES POUR VEAUX, SYNULOX SUSPENSION INJECTABLE POUR BOVINS, SYNULOX VET 140 mg/ml injektioneste, suspensio koiralle, kissalle ja sialle, SYNULOX suspensão injetável para suínos, bovinos, cães e gatos, SYNULOX vet 200 mg/50 mg tabletti, koiralle ja kissalle, SYNULOX vet 40 mg/10 mg tabletti, koiralle ja kissalle, SYNULOX vet 400 mg/100 mg tabletti, koiralle, SYNULOX, 400/100mg, Tableta, Synulox 250 mg Comprimés Appétents, Synulox 250 mg Smakelijke tabletten, Synulox 250 mg tabletes suņiem un kaķiem, Synulox 250 mg, tabletid koertele ja kassidele, Synulox 250 mg, таблетки за кучета и котки, Synulox 250mg (200 mg/50 mg)  Tabletten für Hunde, Synulox 50 mg Comprimés Appétents, Synulox 50 mg Smakelijke Tabletten, Synulox 50 mg tabletes suņiem un kaķiem, Synulox 50 mg, tabletid koertele ja kassidele, Synulox 50 mg, таблетки за кучета и котки, Synulox 500 mg Bolus 400 mg - 100 mg Omhulde tablet, Synulox 500 mg Comprimés Appétents, Synulox 500 mg Smakelijke Tabletten, Synulox 500 mg tabletes suņiem, Synulox 500 mg, tabletid koertele, Synulox 500mg (400 mg/100 mg) Tabletten für Hunde, Synulox 50mg (40 mg/10 mg) Tabletten für Hunde und Katzen, Synulox Bolus 500 mg, 400 mg + 100 mg comprimés enrobés pour veaux, Synulox Lactating Cow Intramammary suspension., Synulox Tabletki 250 mg, Synulox Tabletki 250 mg (200+50) mg/tablete; tabletes suņiem, Synulox Tabletki 50 mg, Synulox Tabletki 50 mg (40+10) mg/ tablete; tabletes suņiem un kaķiem, Synulox Tabletki 500 mg, Synulox Vet. til hund og kat 200 + 50 mg tabletter, Synulox Vet. til hund og kat 40 + 10 mg tabletter, Synulox Vet. til hund tabletter 400 + 100 mg, Synulox Vet. til kalve 400 + 100 mg tabletter, Synulox comprimidos palatáveis 250 mg para cães e gatos, Synulox comprimidos palatáveis 50 mg para cães e gatos, Synulox comprimidos palatáveis 500 mg para cães, Synulox vet 40 mg/ml jauhe oraalisuspensiota varten koiralle ja kissalle, Synulox vet. 200 mg tabletter for hund og katt, Synulox vet. 200 mg/50 mg Tablett, Synulox vet. 40 mg tabletter for hund og katt, Synulox vet. 40 mg/10 mg Tablett, Synulox vet. 400 mg tabletter for hund, Synulox vet. 400 mg/100 mg Tablett, Synulox, 200/50mg, Tableta, Sy","Abnormal radiograph finding, Anaemia NOS, Anorexia, Death by euthanasia, Eosinophilia, General illness, Injection site haematoma, Injection site lump, Injection site reaction NOS, Lameness, Malaise, Other abnormal test result NOS, Tarry or black stool (see also haemorrhagic diarrhoea)",1,1,1
US-UKPFIZAH-2012-US-16390,"<a target=""_blank""  href=""/xmlpserver/EVVET3 PW NEW/Subject Area Contents/Public Website/Report (PDF)/AER.xdo?_xpf=&_xpt=1&_params%2FOracle%20BI%20EE%3A%3ADefaultApp%3A%3AEVVET3%20PR%20NEW%2FAER%3A%3Adimension%2FAER%20Id%3A%3Aattribute%3A%3Anoaggr%3A%3Axsd%3Adouble=315143&_xt=AER&_xf=pdf""> AER </a>",2012-06-18 00:00:00,Veterinarian,United States,FEMALE,Cat,Cat (other),"Cerenia 10 mg/ml  - Solution for injection, Convenia 80 mg/ml  - Powder and solvent for solution for injection, Diazepam 10 mg, tabletten voor honden en katten, Diazepam 2 mg, tabletten voor honden en katten, Diazepam 5 mg, tabletten voor honden en katten, Diazepam 5 mg/ml, oplossing voor injectie voor honden en katten, Fuxien vet 1000 mg/g inhalaatiohöyry, neste, ISOFLURANE-Vet 1000 mg/g liquido per inalazione per cani e gatti, ISOFLURIN 1000mg/g ΥΓΡΟ ΓΙΑ ΕΙΣΠΝΕΟΜΕΝΟΥΣ ΑΤΜΟΥΣ, Isoflurane 100% Inhalation Vapour, Liquid, Isoflurane 1000 mg/g Inhalation Vapour, liquid., LIDOCAINE, 2%, Injekční roztok, Metacam 0.5 mg/ml - Oral suspension (cats, guinea pigs), Metacam 0.5 mg/ml - Oral suspension (dogs), Metacam 1 mg - Chewable tablet (dogs), Metacam 1.5 mg/ml - Oral suspension (dogs), Metacam 15 mg/ml - Oral suspension (horses), Metacam 15 mg/ml - Oral suspension (pigs), Metacam 2 mg/ml - Solution for injection (cats), Metacam 2.5 mg - Chewable tablet (dogs), Metacam 20 mg/ml - Solution for injection (cattle, pigs, horses), Metacam 40 mg/ml - Solution for injection (cattle, horses), Metacam 5 mg/ml - Solution for injection (cats, dogs), Metacam 5 mg/ml - Solution for injection (cattle, pigs), Metacam 5 mg/ml - Solution for injection (dogs), Metronidazole VET-AGRO 250 mg tabletten voor honden en katten, ZIAPAM 5 mg/ml, solution for injection for dogs and cats, АМПИЦИЛИН шприц-канюли","Abnormal stool colouration, Abnormal ultrasound finding, Anorexia, Behavioural disorder NOS, Bloody diarrhoea, Death by euthanasia, Dehydration, Depression, Diarrhoea, Digestive tract disorder NOS, Elevated total bilirubin, Emesis, Lethargy (see also Central nervous system depression in Neurological), Liver disorder NOS, Lymphadenopathy, Mucous stool, Neutropenia, Other abnormal test result NOS, Painful defecation, Weight loss",1,1,1
US-UKPFIZAH-2012-US-19496,"<a target=""_blank""  href=""/xmlpserver/EVVET3 PW NEW/Subject Area Contents/Public Website/Report (PDF)/AER.xdo?_xpf=&_xpt=1&_params%2FOracle%20BI%20EE%3A%3ADefaultApp%3A%3AEVVET3%20PR%20NEW%2FAER%3A%3Adimension%2FAER%20Id%3A%3Aattribute%3A%3Anoaggr%3A%3Axsd%3Adouble=315148&_xt=AER&_xf=pdf""> AER </a>",2012-06-18 00:00:00,Animal owner,United States,MALE,Dog,Boxer (German Boxer),"Metacam 0.5 mg/ml - Oral suspension (cats, guinea pigs), Metacam 0.5 mg/ml - Oral suspension (dogs), Metacam 1 mg - Chewable tablet (dogs), Metacam 1.5 mg/ml - Oral suspension (dogs), Metacam 15 mg/ml - Oral suspension (horses), Metacam 15 mg/ml - Oral suspension (pigs), Metacam 2 mg/ml - Solution for injection (cats), Metacam 2.5 mg - Chewable tablet (dogs), Metacam 20 mg/ml - Solution for injection (cattle, pigs, horses), Metacam 40 mg/ml - Solution for injection (cattle, horses), Metacam 5 mg/ml - Solution for injection (cats, dogs), Metacam 5 mg/ml - Solution for injection (cattle, pigs), Metacam 5 mg/ml - Solution for injection (dogs), Rimadyl vet. 100 mg Tuggtablett, Rimadyl vet. 20 mg Tuggtablett, Rimadyl vet. 50 mg Tuggtablett, Rimadyl vet., 100 mg, Tuggtablett","Behavioural disorder NOS, Death, Drinking a lot, Panting, Stumbling gait, Vocalisation",1,1,1
US-UKPFIZAH-2012-US-22892,"<a target=""_blank""  href=""/xmlpserver/EVVET3 PW NEW/Subject Area Contents/Public Website/Report (PDF)/AER.xdo?_xpf=&_xpt=1&_params%2FOracle%20BI%20EE%3A%3ADefaultApp%3A%3AEVVET3%20PR%20NEW%2FAER%3A%3Adimension%2FAER%20Id%3A%3Aattribute%3A%3Anoaggr%3A%3Axsd%3Adouble=318987&_xt=AER&_xf=pdf""> AER </a>",2012-07-16 00:00:00,Other health care professional,United States,MALE,Dog,Retriever - Labrador,"CEPHALEXIN 180 mg/ml suspenzija za injiciranje, Cerenia 10 mg/ml  - Solution for injection, Cerenia 16 mg  - Tablet, Cerenia 160 mg  - Tablet, Cerenia 24 mg  - Tablet, Cerenia 60 mg - Tablet, Fuxien vet 1000 mg/g inhalaatiohöyry, neste, Gentocin Vet. 5 mg/dosis oral opløsning, ISOFLURANE-Vet 1000 mg/g liquido per inalazione per cani e gatti, ISOFLURIN 1000mg/g ΥΓΡΟ ΓΙΑ ΕΙΣΠΝΕΟΜΕΝΟΥΣ ΑΤΜΟΥΣ, Isoflurane 100% Inhalation Vapour, Liquid, Isoflurane 1000 mg/g Inhalation Vapour, liquid., MARAVET AMOXICILLIN, Metacam 0.5 mg/ml - Oral suspension (cats, guinea pigs), Metacam 0.5 mg/ml - Oral suspension (dogs), Metacam 1 mg - Chewable tablet (dogs), Metacam 1.5 mg/ml - Oral suspension (dogs), Metacam 15 mg/ml - Oral suspension (horses), Metacam 15 mg/ml - Oral suspension (pigs), Metacam 2 mg/ml - Solution for injection (cats), Metacam 2.5 mg - Chewable tablet (dogs), Metacam 20 mg/ml - Solution for injection (cattle, pigs, horses), Metacam 40 mg/ml - Solution for injection (cattle, horses), Metacam 5 mg/ml - Solution for injection (cats, dogs), Metacam 5 mg/ml - Solution for injection (cattle, pigs), Metacam 5 mg/ml - Solution for injection (dogs), RIMADYL 100 mg COMPRIMIDOS MASTICABLES PARA PERROS, RIMADYL 100 mg comprimate pentru câini, RIMADYL 100 mg, kramtomosios tabletės šunims, RIMADYL 100MG/TAB ΜΑΣΩΜΕΝΟ ΔΙΣΚΙΟ, RIMADYL 20 mg COMPRIMIDOS MASTICABLES PARA PERROS, RIMADYL 20 mg, kramtomosios tabletės šunims, RIMADYL 20MG/TAB ΜΑΣΩΜΕΝΟ ΔΙΣΚΙΟ, RIMADYL 50 mg COMPRIMIDOS MASTICABLES PARA PERROS, RIMADYL 50 mg comprimate pentru câini, RIMADYL 50 mg, kramtomosios tabletės šunims, RIMADYL 50MG/TAB ΜΑΣΩΜΕΝΟ ΔΙΣΚΙΟ, RIMADYL 50mg/ml ενέσιμο διάλυμα για σκύλους και γάτες, RIMADYL CATTLE 50 mg/ml, injekcinis tirpalas galvijams, RIMADYL Cattle 50 mg/ml Solution for Injection, RIMADYL INJECTABLE SOLUTION INJECTABLE POUR CHATS ET CHIENS, RIMADYL Injection 50mg/ml Διαυγές αποστειρωμένο ενέσιμο διάλυμα για σκύλους και γάτες, RIMADYL SMAKELIJKE TABLETTEN 100 mg voor honden, RIMADYL SMAKELIJKE TABLETTEN 50 mg voor honden, RIMADYL VET 50 mg/ml injektioneste, liuos, RIMADYL vet 100 mg purutabletti, RIMADYL vet 20 mg purutabletti, RIMADYL vet 50 mg purutabletti, Rimadyl 100 mg - Kautabletten für Hunde, Rimadyl 100 mg Comprimés Appétents 100 mg Tablet, Rimadyl 100 mg Kautablette für Hunde, Rimadyl 100 mg comprimidos mastigáveis para cães, Rimadyl 100 mg comprimés appétents, 100 mg, comprimés pour chiens, Rimadyl 100 mg okusne, žvečljive tablete za pse, Rimadyl 100 mg tabletes suņiem, Rimadyl 100 mg ízesített tabletta A.U.V., Rimadyl 20 mg - Kautabletten für Hunde, Rimadyl 20 mg Comprimés Appétents 20 mg Comprimé, Rimadyl 20 mg Comprimés Appétents 20 mg Tablet, Rimadyl 20 mg Kautablette für Hunde, Rimadyl 20 mg okusne, žvečljive tablete za pse, Rimadyl 20 mg ízesített tabletta A.U.V., Rimadyl 20 mg таблетки за кучета/Rimadyl 50 mg таблетки за кучета/Rimadyl 100 mg таблетки за кучета, Rimadyl 50 mg - Kautabletten für Hunde, Rimadyl 50 mg Comprimés Appétents 50 mg Tablet, Rimadyl 50 mg Kautablette für Hunde, Rimadyl 50 mg comprimidos mastigáveis para cães, Rimadyl 50 mg comprimés appétents, 50 mg, comprimés pour chiens, Rimadyl 50 mg košļājamās tabletes suņiem, Rimadyl 50 mg okusne, žvečljive tablete za pse, Rimadyl 50 mg ízesített tabletta A.U.V., Rimadyl 50 mg/ml - Injektionslösung für Hunde und Katzen, Rimadyl 50 mg/ml injekčný roztok, Rimadyl 50mg/ml Injektionslösung für Hunde und Katzen, Rimadyl Cattle, 50 mg/mL, otopina za injekciju, za goveda, Rimadyl Iniettabile 50 mg/ml, soluzione iniettabile per cane e gatto., Rimadyl Palatable 100 mg tablety pre psy, Rimadyl Palatable 20 mg tablety pre psy, Rimadyl Palatable 50 mg tablety pre psy, Rimadyl Palatable Tablets 100, Rimadyl Palatable Tablets 100 mg, Rimadyl Palatable Tablets 100 mg tabletes suņiem, Rimadyl Palatable Tablets 20 mg, Rimadyl Palatable Tablets 20 mg tabletes suņiem, Rimadyl Palatable Tablets 50, Rimadyl Palatable Tablets 50 mg, Rimadyl Palatable Tablets 50 mg tabletes suņiem, Rimadyl Palata","Adipsia, Anorexia, Behavioural disorder NOS, Death by euthanasia, Depression, Elevated liver enzymes NOS, Elevated renal parameters, Emesis, Icterus, Loose stool, Other abnormal test result NOS",1,1,1
US-UKPFIZAH-2012-US-23617,"<a target=""_blank""  href=""/xmlpserver/EVVET3 PW NEW/Subject Area Contents/Public Website/Report (PDF)/AER.xdo?_xpf=&_xpt=1&_params%2FOracle%20BI%20EE%3A%3ADefaultApp%3A%3AEVVET3%20PR%20NEW%2FAER%3A%3Adimension%2FAER%20Id%3A%3Aattribute%3A%3Anoaggr%3A%3Axsd%3Adouble=318660&_xt=AER&_xf=pdf""> AER </a>",2012-07-12 00:00:00,Animal owner,United States,MALE,Dog,Chihuahua,"Convenia 80 mg/ml  - Powder and solvent for solution for injection, Metacam 0.5 mg/ml - Oral suspension (cats, guinea pigs), Metacam 0.5 mg/ml - Oral suspension (dogs), Metacam 1 mg - Chewable tablet (dogs), Metacam 1.5 mg/ml - Oral suspension (dogs), Metacam 15 mg/ml - Oral suspension (horses), Metacam 15 mg/ml - Oral suspension (pigs), Metacam 2 mg/ml - Solution for injection (cats), Metacam 2.5 mg - Chewable tablet (dogs), Metacam 20 mg/ml - Solution for injection (cattle, pigs, horses), Metacam 40 mg/ml - Solution for injection (cattle, horses), Metacam 5 mg/ml - Solution for injection (cats, dogs), Metacam 5 mg/ml - Solution for injection (cattle, pigs), Metacam 5 mg/ml - Solution for injection (dogs), SYNULOX (200+50)MG/TAB ΔΙΣΚΙΟ, SYNULOX (40+10)MG/TAB ΔΙΣΚΙΟ, SYNULOX 140 mg/ml + 35 mg/ml suspensión inyectable, SYNULOX 200 mg/50 mg tablety pre psy a mačky, SYNULOX 200/50 mg COMPRIMIDOS APETITOSOS PARA PERROS, SYNULOX 250 COMPRIMES POUR CHIENS, SYNULOX 250 mg, SYNULOX 250 mg kramtomosios tabletės šunims ir katėms, SYNULOX 250 mg tablete za pse in mačke, SYNULOX 250mg, δισκία για σκύλους και γάτες, SYNULOX 40 mg/10 mg tablety pre psy a mačky, SYNULOX 40 mg/ml + 10 mg/ml POLVO PARA GOTAS ORALES EN SUSPENSION, SYNULOX 40/10 MG COMPRIMIDOS APETITOSOS PARA PERROS Y GATOS, SYNULOX 400 mg/100 mg tablety pre psy, SYNULOX 400/100 mg COMPRIMIDOS APETITOSOS PARA PERROS, SYNULOX 50 COMPRIMES POUR CHIENS ET CHATS, SYNULOX 50 mg, SYNULOX 50 mg kramtomosios tabletės šunims ir katėms, SYNULOX 50 mg tablete za pse in mačke, SYNULOX 500 COMPRIMES POUR CHIENS, SYNULOX 500 mg kramtomosios tabletės šunims, SYNULOX 500 mg tablete za pse, SYNULOX 500 mg, kramtomosios tabletės šunims, SYNULOX 500MG/TAB ΔΙΣΚΙΟ, SYNULOX 50mg, δισκία για σκύλους και γάτες, SYNULOX OGIVETTES POUR VEAUX, SYNULOX SUSPENSION INJECTABLE POUR BOVINS, SYNULOX VET 140 mg/ml injektioneste, suspensio koiralle, kissalle ja sialle, SYNULOX suspensão injetável para suínos, bovinos, cães e gatos, SYNULOX vet 200 mg/50 mg tabletti, koiralle ja kissalle, SYNULOX vet 40 mg/10 mg tabletti, koiralle ja kissalle, SYNULOX vet 400 mg/100 mg tabletti, koiralle, SYNULOX, 400/100mg, Tableta, Synulox 250 mg Comprimés Appétents, Synulox 250 mg Smakelijke tabletten, Synulox 250 mg tabletes suņiem un kaķiem, Synulox 250 mg, tabletid koertele ja kassidele, Synulox 250 mg, таблетки за кучета и котки, Synulox 250mg (200 mg/50 mg)  Tabletten für Hunde, Synulox 50 mg Comprimés Appétents, Synulox 50 mg Smakelijke Tabletten, Synulox 50 mg tabletes suņiem un kaķiem, Synulox 50 mg, tabletid koertele ja kassidele, Synulox 50 mg, таблетки за кучета и котки, Synulox 500 mg Bolus 400 mg - 100 mg Omhulde tablet, Synulox 500 mg Comprimés Appétents, Synulox 500 mg Smakelijke Tabletten, Synulox 500 mg tabletes suņiem, Synulox 500 mg, tabletid koertele, Synulox 500mg (400 mg/100 mg) Tabletten für Hunde, Synulox 50mg (40 mg/10 mg) Tabletten für Hunde und Katzen, Synulox Bolus 500 mg, 400 mg + 100 mg comprimés enrobés pour veaux, Synulox Lactating Cow Intramammary suspension., Synulox Tabletki 250 mg, Synulox Tabletki 250 mg (200+50) mg/tablete; tabletes suņiem, Synulox Tabletki 50 mg, Synulox Tabletki 50 mg (40+10) mg/ tablete; tabletes suņiem un kaķiem, Synulox Tabletki 500 mg, Synulox Vet. til hund og kat 200 + 50 mg tabletter, Synulox Vet. til hund og kat 40 + 10 mg tabletter, Synulox Vet. til hund tabletter 400 + 100 mg, Synulox Vet. til kalve 400 + 100 mg tabletter, Synulox comprimidos palatáveis 250 mg para cães e gatos, Synulox comprimidos palatáveis 50 mg para cães e gatos, Synulox comprimidos palatáveis 500 mg para cães, Synulox vet 40 mg/ml jauhe oraalisuspensiota varten koiralle ja kissalle, Synulox vet. 200 mg tabletter for hund og katt, Synulox vet. 200 mg/50 mg Tablett, Synulox vet. 40 mg tabletter for hund og katt, Synulox vet. 40 mg/10 mg Tablett, Synulox vet. 400 mg tabletter for hund, Synulox vet. 400 mg/100 mg Tablett, Synulox, 200/50mg, Tableta, Synulox, 40/10mg, Tableta, Synulox-Kalb 400 mg","Anaemia NOS, Ataxia, Elevated alanine aminotransferase (ALT), Glucosuria, Lethargy (see also Central nervous system depression in Neurological), Other abnormal test result NOS, Weakness",1,1,
US-UKPFIZAH-2012-US-25861,"<a target=""_blank""  href=""/xmlpserver/EVVET3 PW NEW/Subject Area Contents/Public Website/Report (PDF)/AER.xdo?_xpf=&_xpt=1&_params%2FOracle%20BI%20EE%3A%3ADefaultApp%3A%3AEVVET3%20PR%20NEW%2FAER%3A%3Adimension%2FAER%20Id%3A%3Aattribute%3A%3Anoaggr%3A%3Axsd%3Adouble=320661&_xt=AER&_xf=pdf""> AER </a>",2012-07-30 00:00:00,Veterinarian,United States,MALE,Cat,Cat (other),"Cerenia 10 mg/ml  - Solution for injection, Metacam 0.5 mg/ml - Oral suspension (cats, guinea pigs), Metacam 0.5 mg/ml - Oral suspension (dogs), Metacam 1 mg - Chewable tablet (dogs), Metacam 1.5 mg/ml - Oral suspension (dogs), Metacam 15 mg/ml - Oral suspension (horses), Metacam 15 mg/ml - Oral suspension (pigs), Metacam 2 mg/ml - Solution for injection (cats), Metacam 2.5 mg - Chewable tablet (dogs), Metacam 20 mg/ml - Solution for injection (cattle, pigs, horses), Metacam 40 mg/ml - Solution for injection (cattle, horses), Metacam 5 mg/ml - Solution for injection (cats, dogs), Metacam 5 mg/ml - Solution for injection (cattle, pigs), Metacam 5 mg/ml - Solution for injection (dogs), SYNULOX GOUTTES, Stronghold 120 mg - Spot-on solution (12% - dogs), Stronghold 15 mg - Spot-on solution (6% - cats and dogs), Stronghold 240 mg - Spot-on solution (12% - dogs), Stronghold 30 mg - Spot-on solution (12% - dogs), Stronghold 360 mg - Spot-on solution (12% - dogs), Stronghold 45 mg - Spot-on solution (6% - cats), Stronghold 60 mg - Spot-on solution (12% - dogs), Stronghold 60 mg - Spot-on solution (6% - cats), Synulox Gouttes Appétentes 40 mg/ml Poudre pour suspension oral en gouttes, Synulox Smakelijke Druppels 40 mg/ml Druppels voor oraal gebruik, poeder voor suspensie","Abdominal discomfort, Behavioural disorder NOS, Dry mucous membrane, Fever, Hyperglycaemia, Lethargy (see also Central nervous system depression in Neurological), Neutrophilia, Other abnormal test result NOS, Respiratory tract infection NOS, Seizure NOS, Sneezing",1,1,
US-UKPFIZAH-2012-US-30418,"<a target=""_blank""  href=""/xmlpserver/EVVET3 PW NEW/Subject Area Contents/Public Website/Report (PDF)/AER.xdo?_xpf=&_xpt=1&_params%2FOracle%20BI%20EE%3A%3ADefaultApp%3A%3AEVVET3%20PR%20NEW%2FAER%3A%3Adimension%2FAER%20Id%3A%3Aattribute%3A%3Anoaggr%3A%3Axsd%3Adouble=324186&_xt=AER&_xf=pdf""> AER </a>",2012-08-30 00:00:00,Other health care professional,United States,MALE,Dog,Pekingese,"Atropine 0,1% pro inj., 1 mg/ml oplossing voor injectie voor honden en katten., Baytril vet. 15 mg Tablett, Baytril vet. 150 mg Tablett, Baytril vet. 50 mg Tablett, Baytril vet., 150 mg, Tablett, CLINDAMYCIN 75 mg tablety, Clindamycin 75mg, Clindamycin, 75mg, Tableta, Fuxien vet 1000 mg/g inhalaatiohöyry, neste, ISOFLURANE-Vet 1000 mg/g liquido per inalazione per cani e gatti, ISOFLURIN 1000mg/g ΥΓΡΟ ΓΙΑ ΕΙΣΠΝΕΟΜΕΝΟΥΣ ΑΤΜΟΥΣ, Isoflurane 100% Inhalation Vapour, Liquid, Isoflurane 1000 mg/g Inhalation Vapour, liquid., Ketamin 10 % šķīdums injekcijām suņiem un kaķiem, Ketamin 10%, Ketamin 100 mg/ml, Ketamine 10% oplossing voor injectie voor honden en katten, Ketamine 10% pro inj., oplossing voor injectie voor honden en katten, Ketamine 10% šķīdums injekcijām suņiem un kaķiem, Ketamine 10%, oplossing voor injectie voor honden en katten, MARAVET AMOXICILLIN, Metacam 0.5 mg/ml - Oral suspension (cats, guinea pigs), Metacam 0.5 mg/ml - Oral suspension (dogs), Metacam 1 mg - Chewable tablet (dogs), Metacam 1.5 mg/ml - Oral suspension (dogs), Metacam 15 mg/ml - Oral suspension (horses), Metacam 15 mg/ml - Oral suspension (pigs), Metacam 2 mg/ml - Solution for injection (cats), Metacam 2.5 mg - Chewable tablet (dogs), Metacam 20 mg/ml - Solution for injection (cattle, pigs, horses), Metacam 40 mg/ml - Solution for injection (cattle, horses), Metacam 5 mg/ml - Solution for injection (cats, dogs), Metacam 5 mg/ml - Solution for injection (cattle, pigs), Metacam 5 mg/ml - Solution for injection (dogs), OPTIMMUNE, OPTIMMUNE 2 mg/g POMADA OFTALMICA PARA PERROS, OPTIMMUNE 2 mg/g očná masť pre psy, OPTIMMUNE 2 mg/g, unguento oftalmico per cani, OPTIMMUNE POMMADE OPHTALMIQUE POUR CHIENS, OPTIMMUNE, 2mg, Oční mast, Optimmune 2 mg/g Eye Ointment, Optimmune 2 mg/g maść do oczu dla psów, Optimmune 2,0 mg/g Augensalbe für Hunde, Optimmune Augensalbe, Optimmune Vet. 2 mg/g øjensalve, Optimmune szemkenőcs A.U.V., Optimmune vet 2 mg/g silmävoide koirille, Optimmune vet. 2 mg/g øyesalve til hund, КЕТАМИН 10 %","Anorexia, Elevated liver enzymes NOS, Leukocytosis NOS, Vomiting",1,1,
US-UKPFIZAH-2012-US-30818,"<a target=""_blank""  href=""/xmlpserver/EVVET3 PW NEW/Subject Area Contents/Public Website/Report (PDF)/AER.xdo?_xpf=&_xpt=1&_params%2FOracle%20BI%20EE%3A%3ADefaultApp%3A%3AEVVET3%20PR%20NEW%2FAER%3A%3Adimension%2FAER%20Id%3A%3Aattribute%3A%3Anoaggr%3A%3Axsd%3Adouble=325257&_xt=AER&_xf=pdf""> AER </a>",2012-09-10 00:00:00,Veterinarian,United States,FEMALE,Cat,Cat (other),"Convenia 80 mg/ml  - Powder and solvent for solution for injection, Metacam 0.5 mg/ml - Oral suspension (cats, guinea pigs), Metacam 0.5 mg/ml - Oral suspension (dogs), Metacam 1 mg - Chewable tablet (dogs), Metacam 1.5 mg/ml - Oral suspension (dogs), Metacam 15 mg/ml - Oral suspension (horses), Metacam 15 mg/ml - Oral suspension (pigs), Metacam 2 mg/ml - Solution for injection (cats), Metacam 2.5 mg - Chewable tablet (dogs), Metacam 20 mg/ml - Solution for injection (cattle, pigs, horses), Metacam 40 mg/ml - Solution for injection (cattle, horses), Metacam 5 mg/ml - Solution for injection (cats, dogs), Metacam 5 mg/ml - Solution for injection (cattle, pigs), Metacam 5 mg/ml - Solution for injection (dogs)","Dyspnoea, Laboured breathing, Lethargy (see also Central nervous system depression in Neurological), Pulmonary congestion, Tachypnoea",1,1,
US-UKPFIZAH-2012-US-31276,"<a target=""_blank""  href=""/xmlpserver/EVVET3 PW NEW/Subject Area Contents/Public Website/Report (PDF)/AER.xdo?_xpf=&_xpt=1&_params%2FOracle%20BI%20EE%3A%3ADefaultApp%3A%3AEVVET3%20PR%20NEW%2FAER%3A%3Adimension%2FAER%20Id%3A%3Aattribute%3A%3Anoaggr%3A%3Axsd%3Adouble=326066&_xt=AER&_xf=pdf""> AER </a>",2012-09-17 00:00:00,Other health care professional,United States,MALE,Cat,Siamese,"Baytril vet. 100 mg/ml Injektionsvätska, lösning, Baytril vet. 25 mg/ml Injektionsvätska, lösning, Convenia 80 mg/ml  - Powder and solvent for solution for injection, LEUKOCELL 2, Metacam 0.5 mg/ml - Oral suspension (cats, guinea pigs), Metacam 0.5 mg/ml - Oral suspension (dogs), Metacam 1 mg - Chewable tablet (dogs), Metacam 1.5 mg/ml - Oral suspension (dogs), Metacam 15 mg/ml - Oral suspension (horses), Metacam 15 mg/ml - Oral suspension (pigs), Metacam 2 mg/ml - Solution for injection (cats), Metacam 2.5 mg - Chewable tablet (dogs), Metacam 20 mg/ml - Solution for injection (cattle, pigs, horses), Metacam 40 mg/ml - Solution for injection (cattle, horses), Metacam 5 mg/ml - Solution for injection (cats, dogs), Metacam 5 mg/ml - Solution for injection (cattle, pigs), Metacam 5 mg/ml - Solution for injection (dogs), Stronghold 120 mg - Spot-on solution (12% - dogs), Stronghold 15 mg - Spot-on solution (6% - cats and dogs), Stronghold 240 mg - Spot-on solution (12% - dogs), Stronghold 30 mg - Spot-on solution (12% - dogs), Stronghold 360 mg - Spot-on solution (12% - dogs), Stronghold 45 mg - Spot-on solution (6% - cats), Stronghold 60 mg - Spot-on solution (12% - dogs), Stronghold 60 mg - Spot-on solution (6% - cats)","Coma, Death, Fever, Hypothermia, Lethargy (see also Central nervous system depression in Neurological), Moribund, Purulent lesion(s), Skin swelling",1,1,1
US-UKPFIZAH-2012-US-31507,"<a target=""_blank""  href=""/xmlpserver/EVVET3 PW NEW/Subject Area Contents/Public Website/Report (PDF)/AER.xdo?_xpf=&_xpt=1&_params%2FOracle%20BI%20EE%3A%3ADefaultApp%3A%3AEVVET3%20PR%20NEW%2FAER%3A%3Adimension%2FAER%20Id%3A%3Aattribute%3A%3Anoaggr%3A%3Axsd%3Adouble=331489&_xt=AER&_xf=pdf""> AER </a>",2012-11-02 00:00:00,Veterinarian,United States,MALE,Dog,"Dog (other), Hound - Swiss - (Lucerne Hound (Luzerner Laufhund), Schwyz Hound (Schweizer Laufhund), Bernese Hound, Jura Hound)","Cerenia 10 mg/ml  - Solution for injection, Convenia 80 mg/ml  - Powder and solvent for solution for injection, Metacam 0.5 mg/ml - Oral suspension (cats, guinea pigs), Metacam 0.5 mg/ml - Oral suspension (dogs), Metacam 1 mg - Chewable tablet (dogs), Metacam 1.5 mg/ml - Oral suspension (dogs), Metacam 15 mg/ml - Oral suspension (horses), Metacam 15 mg/ml - Oral suspension (pigs), Metacam 2 mg/ml - Solution for injection (cats), Metacam 2.5 mg - Chewable tablet (dogs), Metacam 20 mg/ml - Solution for injection (cattle, pigs, horses), Metacam 40 mg/ml - Solution for injection (cattle, horses), Metacam 5 mg/ml - Solution for injection (cats, dogs), Metacam 5 mg/ml - Solution for injection (cattle, pigs), Metacam 5 mg/ml - Solution for injection (dogs)","Adipsia, Bruising, Decreased appetite, Generalised skin slough, Limping, Skin haematoma, Skin lesion NOS, Systemic disorder NOS",1,1,
US-UKPFIZAH-2012-US-31953,"<a target=""_blank""  href=""/xmlpserver/EVVET3 PW NEW/Subject Area Contents/Public Website/Report (PDF)/AER.xdo?_xpf=&_xpt=1&_params%2FOracle%20BI%20EE%3A%3ADefaultApp%3A%3AEVVET3%20PR%20NEW%2FAER%3A%3Adimension%2FAER%20Id%3A%3Aattribute%3A%3Anoaggr%3A%3Axsd%3Adouble=325683&_xt=AER&_xf=pdf""> AER </a>",2012-09-13 00:00:00,Veterinarian,United States,UNKNOWN,Cat,Cat (other),"Convenia 80 mg/ml  - Powder and solvent for solution for injection, Metacam 0.5 mg/ml - Oral suspension (cats, guinea pigs), Metacam 0.5 mg/ml - Oral suspension (dogs), Metacam 1 mg - Chewable tablet (dogs), Metacam 1.5 mg/ml - Oral suspension (dogs), Metacam 15 mg/ml - Oral suspension (horses), Metacam 15 mg/ml - Oral suspension (pigs), Metacam 2 mg/ml - Solution for injection (cats), Metacam 2.5 mg - Chewable tablet (dogs), Metacam 20 mg/ml - Solution for injection (cattle, pigs, horses), Metacam 40 mg/ml - Solution for injection (cattle, horses), Metacam 5 mg/ml - Solution for injection (cats, dogs), Metacam 5 mg/ml - Solution for injection (cattle, pigs), Metacam 5 mg/ml - Solution for injection (dogs)","Abnormal breathing, Death, Distress, Open mouth breathing",1,1,1
US-ZZELANCORG-US201201128,"<a target=""_blank""  href=""/xmlpserver/EVVET3 PW NEW/Subject Area Contents/Public Website/Report (PDF)/AER.xdo?_xpf=&_xpt=1&_params%2FOracle%20BI%20EE%3A%3ADefaultApp%3A%3AEVVET3%20PR%20NEW%2FAER%3A%3Adimension%2FAER%20Id%3A%3Aattribute%3A%3Anoaggr%3A%3Axsd%3Adouble=297171&_xt=AER&_xf=pdf""> AER </a>",2012-02-16 00:00:00,Other health care professional,United States,FEMALE,Dog,Dog (other),"Comfortis 1620 mg  - Chewable tablet, Metacam 0.5 mg/ml - Oral suspension (cats, guinea pigs), Metacam 0.5 mg/ml - Oral suspension (dogs), Metacam 1 mg - Chewable tablet (dogs), Metacam 1.5 mg/ml - Oral suspension (dogs), Metacam 15 mg/ml - Oral suspension (horses), Metacam 15 mg/ml - Oral suspension (pigs), Metacam 2 mg/ml - Solution for injection (cats), Metacam 2.5 mg - Chewable tablet (dogs), Metacam 20 mg/ml - Solution for injection (cattle, pigs, horses), Metacam 40 mg/ml - Solution for injection (cattle, horses), Metacam 5 mg/ml - Solution for injection (cats, dogs), Metacam 5 mg/ml - Solution for injection (cattle, pigs), Metacam 5 mg/ml - Solution for injection (dogs)","Abnormal breathing, Abnormal posture NOS, Blindness, Circling - neurological disorder (see also Behavioural disorders), Constricted pupils, Corneal ulcer, Death by euthanasia, Disorientation, Eye redness, Eyeball protrusion, Hypercalcaemia, Increased appetite, Lameness, Lens disorder NOS, Lethargy (see also Central nervous system depression in Neurological), Muscle tremor, Neurological symptoms NOS, Not eating, Other abnormal test result NOS, Recumbency, Sore lip, Strabismus",1,1,1
USA-BAYERBAH-2012-US0047132,"<a target=""_blank""  href=""/xmlpserver/EVVET3 PW NEW/Subject Area Contents/Public Website/Report (PDF)/AER.xdo?_xpf=&_xpt=1&_params%2FOracle%20BI%20EE%3A%3ADefaultApp%3A%3AEVVET3%20PR%20NEW%2FAER%3A%3Adimension%2FAER%20Id%3A%3Aattribute%3A%3Anoaggr%3A%3Axsd%3Adouble=345104&_xt=AER&_xf=pdf""> AER </a>",2012-12-23 00:00:00,Veterinarian,United States,FEMALE,Cat,Cat (other),"ACEPROMAZINE 10%/AGROSEED CANDILIDIS ενέσιμο διάλυμα 10 mg/ml για σκύλο και γάτα, Ketamin 10 % šķīdums injekcijām suņiem un kaķiem, Ketamin 10%, Ketamin 100 mg/ml, Ketamine 10% oplossing voor injectie voor honden en katten, Ketamine 10% pro inj., oplossing voor injectie voor honden en katten, Ketamine 10% šķīdums injekcijām suņiem un kaķiem, Ketamine 10%, oplossing voor injectie voor honden en katten, Metacam 0.5 mg/ml - Oral suspension (cats, guinea pigs), Metacam 0.5 mg/ml - Oral suspension (dogs), Metacam 1 mg - Chewable tablet (dogs), Metacam 1.5 mg/ml - Oral suspension (dogs), Metacam 15 mg/ml - Oral suspension (horses), Metacam 15 mg/ml - Oral suspension (pigs), Metacam 2 mg/ml - Solution for injection (cats), Metacam 2.5 mg - Chewable tablet (dogs), Metacam 20 mg/ml - Solution for injection (cattle, pigs, horses), Metacam 40 mg/ml - Solution for injection (cattle, horses), Metacam 5 mg/ml - Solution for injection (cats, dogs), Metacam 5 mg/ml - Solution for injection (cattle, pigs), Metacam 5 mg/ml - Solution for injection (dogs), Profender 15 mg + 3 mg - Modified-release tablet, Profender 150 mg + 30 mg - Modified-release tablet, Profender 50 mg + 10 mg - Modified-release tablet, Profender 85.8 mg/ml + 21.4 mg/ml - Spot-on solution, Tramadog 50 mg tablet for dogs, КЕТАМИН 10 %",Seizure NOS,1,1,
USA-PFZRCVMP-2012-US-17819,"<a target=""_blank""  href=""/xmlpserver/EVVET3 PW NEW/Subject Area Contents/Public Website/Report (PDF)/AER.xdo?_xpf=&_xpt=1&_params%2FOracle%20BI%20EE%3A%3ADefaultApp%3A%3AEVVET3%20PR%20NEW%2FAER%3A%3Adimension%2FAER%20Id%3A%3Aattribute%3A%3Anoaggr%3A%3Axsd%3Adouble=318398&_xt=AER&_xf=pdf""> AER </a>",2012-07-09 00:00:00,Veterinarian,United States,FEMALE,Dog,Spitz - German Pomeranian,"Cerenia 10 mg/ml  - Solution for injection, Cerenia 16 mg  - Tablet, Cerenia 160 mg  - Tablet, Cerenia 24 mg  - Tablet, Cerenia 60 mg - Tablet, Convenia 80 mg/ml  - Powder and solvent for solution for injection, Metacam 0.5 mg/ml - Oral suspension (cats, guinea pigs), Metacam 0.5 mg/ml - Oral suspension (dogs), Metacam 1 mg - Chewable tablet (dogs), Metacam 1.5 mg/ml - Oral suspension (dogs), Metacam 15 mg/ml - Oral suspension (horses), Metacam 15 mg/ml - Oral suspension (pigs), Metacam 2 mg/ml - Solution for injection (cats), Metacam 2.5 mg - Chewable tablet (dogs), Metacam 20 mg/ml - Solution for injection (cattle, pigs, horses), Metacam 40 mg/ml - Solution for injection (cattle, horses), Metacam 5 mg/ml - Solution for injection (cats, dogs), Metacam 5 mg/ml - Solution for injection (cattle, pigs), Metacam 5 mg/ml - Solution for injection (dogs), АМПИЦИЛИН шприц-канюли","Anorexia, Cyanosis, Death by euthanasia, Dehydration, Depression, Elevated renal parameters, Emesis, Hyperphosphataemia, Hypoglycaemia, Lateral recumbency, Neutrophilia, Other abnormal test result NOS, Pancreatitis NOS, Polydipsia, Systemic disorder NOS",1,1,1
USA-PFZRCVMP-2012-US-24009,"<a target=""_blank""  href=""/xmlpserver/EVVET3 PW NEW/Subject Area Contents/Public Website/Report (PDF)/AER.xdo?_xpf=&_xpt=1&_params%2FOracle%20BI%20EE%3A%3ADefaultApp%3A%3AEVVET3%20PR%20NEW%2FAER%3A%3Adimension%2FAER%20Id%3A%3Aattribute%3A%3Anoaggr%3A%3Axsd%3Adouble=319410&_xt=AER&_xf=pdf""> AER </a>",2012-07-19 00:00:00,Veterinarian,United States,FEMALE,Cat,Cat (other),"Convenia 80 mg/ml  - Powder and solvent for solution for injection, Metacam 0.5 mg/ml - Oral suspension (cats, guinea pigs), Metacam 0.5 mg/ml - Oral suspension (dogs), Metacam 1 mg - Chewable tablet (dogs), Metacam 1.5 mg/ml - Oral suspension (dogs), Metacam 15 mg/ml - Oral suspension (horses), Metacam 15 mg/ml - Oral suspension (pigs), Metacam 2 mg/ml - Solution for injection (cats), Metacam 2.5 mg - Chewable tablet (dogs), Metacam 20 mg/ml - Solution for injection (cattle, pigs, horses), Metacam 40 mg/ml - Solution for injection (cattle, horses), Metacam 5 mg/ml - Solution for injection (cats, dogs), Metacam 5 mg/ml - Solution for injection (cattle, pigs), Metacam 5 mg/ml - Solution for injection (dogs)","Anorexia, Cutaneous oedema, Death by euthanasia, Decreased urine concentration, Dehydration, Depression, Elevated renal parameters, Emesis, Eye disorder NOS (for Photophobia see neurological), Hyperglycaemia, Hyperphosphataemia, Hypothermia, Lethargy (see also Central nervous system depression in Neurological), Localised pain NOS (see other SOCs for specific pain), Muscle wasting, Other abnormal test result NOS, Polyuria, Systemic disorder NOS",1,1,1
USA-PFZRCVMP-2012-US-24088,"<a target=""_blank""  href=""/xmlpserver/EVVET3 PW NEW/Subject Area Contents/Public Website/Report (PDF)/AER.xdo?_xpf=&_xpt=1&_params%2FOracle%20BI%20EE%3A%3ADefaultApp%3A%3AEVVET3%20PR%20NEW%2FAER%3A%3Adimension%2FAER%20Id%3A%3Aattribute%3A%3Anoaggr%3A%3Axsd%3Adouble=319413&_xt=AER&_xf=pdf""> AER </a>",2012-07-19 00:00:00,Veterinarian,United States,MALE,Dog,"Dog (other), Hound - Swiss - (Lucerne Hound (Luzerner Laufhund), Schwyz Hound (Schweizer Laufhund), Bernese Hound, Jura Hound)","Metacam 0.5 mg/ml - Oral suspension (cats, guinea pigs), Metacam 0.5 mg/ml - Oral suspension (dogs), Metacam 1 mg - Chewable tablet (dogs), Metacam 1.5 mg/ml - Oral suspension (dogs), Metacam 15 mg/ml - Oral suspension (horses), Metacam 15 mg/ml - Oral suspension (pigs), Metacam 2 mg/ml - Solution for injection (cats), Metacam 2.5 mg - Chewable tablet (dogs), Metacam 20 mg/ml - Solution for injection (cattle, pigs, horses), Metacam 40 mg/ml - Solution for injection (cattle, horses), Metacam 5 mg/ml - Solution for injection (cats, dogs), Metacam 5 mg/ml - Solution for injection (cattle, pigs), Metacam 5 mg/ml - Solution for injection (dogs), Tramadog 50 mg tablet for dogs","Blindness, Gingival hyperplasia, Retinal degeneration",1,1,
USA-PFZRCVMP-2012-US-26182,"<a target=""_blank""  href=""/xmlpserver/EVVET3 PW NEW/Subject Area Contents/Public Website/Report (PDF)/AER.xdo?_xpf=&_xpt=1&_params%2FOracle%20BI%20EE%3A%3ADefaultApp%3A%3AEVVET3%20PR%20NEW%2FAER%3A%3Adimension%2FAER%20Id%3A%3Aattribute%3A%3Anoaggr%3A%3Axsd%3Adouble=321041&_xt=AER&_xf=pdf""> AER </a>",2012-08-02 00:00:00,Other health care professional,United States,FEMALE,Dog,Pug,"ANTISEDAN, ANTISEDAN 5 mg/ml SOLUCIÓN INYECTABLE PARA PERROS Y GATOS, ANTISEDAN 5 mg/ml raztopina za injiciranje za pse in mačke, ANTISEDAN 5MG/ML ΕΝΕΣΙΜΟ ΔΙΑΛΥΜΑ, ANTISEDAN SOLUTION INJECTABLE POUR CHIENS ET CHATS, ANTISEDAN, 5 mg/mL, otopina za injekciju, za pse i mačke, Antisedan 5 mg/ 1 ml, roztwór do wstrzykiwań dla psów i kotów, Antisedan 5 mg/ml  Injektionslösung für Hunde und Katzen, Antisedan 5 mg/ml - Injektionslösung für Hunde und Katzen, Antisedan 5 mg/ml Oplossing voor injectie, Antisedan 5 mg/ml Solution injectable, Antisedan 5 mg/ml injekčný roztok pre psy a mačky, Antisedan 5 mg/ml oldatos injekció kutya és macska részére.A.U.V., Antisedan 5 mg/ml solution for injection, Antisedan 5 mg/ml solução injetável para cães e gatos, Antisedan Vet 5 mg/ml injekcinis tirpalas, Antisedan Vet 5 mg/ml šķīdums injekcijām, Antisedan Vet, 5 mg/ml süstelahus, Antisedan Vet. 5 mg/ml injektionsvæske, opløsning, Antisedan vet 5 mg/ml injektioneste, liuos, Antisedan vet. 5 mg/ml Injektionsvätska, lösning, Antisedan vet. 5 mg/ml Stungulyf, lausn Handa hundum og köttum., Antisedan vet. 5 mg/ml injeksjonsvæske, oppløsning, til hund og katt, Antisedan vet., 5 mg/ml, Injektionsvätska, lösning, Antisedan, 5 mg/ml oplossing voor injectie voor honden en katten, Antisedan, 5mg/ml, Injekční roztok, Convenia 80 mg/ml  - Powder and solvent for solution for injection, Dexdomitor 0.1 mg/ml - Solution for injection, Dexdomitor 0.5 mg/ml - Solution for injection, Metacam 0.5 mg/ml - Oral suspension (cats, guinea pigs), Metacam 0.5 mg/ml - Oral suspension (dogs), Metacam 1 mg - Chewable tablet (dogs), Metacam 1.5 mg/ml - Oral suspension (dogs), Metacam 15 mg/ml - Oral suspension (horses), Metacam 15 mg/ml - Oral suspension (pigs), Metacam 2 mg/ml - Solution for injection (cats), Metacam 2.5 mg - Chewable tablet (dogs), Metacam 20 mg/ml - Solution for injection (cattle, pigs, horses), Metacam 40 mg/ml - Solution for injection (cattle, horses), Metacam 5 mg/ml - Solution for injection (cats, dogs), Metacam 5 mg/ml - Solution for injection (cattle, pigs), Metacam 5 mg/ml - Solution for injection (dogs), Tramadog 50 mg tablet for dogs, АНТИСЕДАН ВЕТ 5 mg/ml инжекционен разтвор","Behavioural disorder NOS, Blindness",1,1,
USA-PFZRCVMP-2012-US-32322,"<a target=""_blank""  href=""/xmlpserver/EVVET3 PW NEW/Subject Area Contents/Public Website/Report (PDF)/AER.xdo?_xpf=&_xpt=1&_params%2FOracle%20BI%20EE%3A%3ADefaultApp%3A%3AEVVET3%20PR%20NEW%2FAER%3A%3Adimension%2FAER%20Id%3A%3Aattribute%3A%3Anoaggr%3A%3Axsd%3Adouble=331490&_xt=AER&_xf=pdf""> AER </a>",2012-11-02 00:00:00,Other health care professional,United States,FEMALE,Dog,Dog (other),"ADEQUAN IM 500 MG/5 ML SOLUTION FOR INJECTION, Adequan, Adequan 100 mg/ml Solution for Injection, Adequan 250 mg/ml Solution for Injection, Baytril vet. 100 mg/ml Injektionsvätska, lösning, Baytril vet. 25 mg/ml Injektionsvätska, lösning, Cerenia 10 mg/ml  - Solution for injection, Convenia 80 mg/ml  - Powder and solvent for solution for injection, Fuxien vet 1000 mg/g inhalaatiohöyry, neste, ISOFLURANE-Vet 1000 mg/g liquido per inalazione per cani e gatti, ISOFLURIN 1000mg/g ΥΓΡΟ ΓΙΑ ΕΙΣΠΝΕΟΜΕΝΟΥΣ ΑΤΜΟΥΣ, Isoflurane 100% Inhalation Vapour, Liquid, Isoflurane 1000 mg/g Inhalation Vapour, liquid., Metacam 0.5 mg/ml - Oral suspension (cats, guinea pigs), Metacam 0.5 mg/ml - Oral suspension (dogs), Metacam 1 mg - Chewable tablet (dogs), Metacam 1.5 mg/ml - Oral suspension (dogs), Metacam 15 mg/ml - Oral suspension (horses), Metacam 15 mg/ml - Oral suspension (pigs), Metacam 2 mg/ml - Solution for injection (cats), Metacam 2.5 mg - Chewable tablet (dogs), Metacam 20 mg/ml - Solution for injection (cattle, pigs, horses), Metacam 40 mg/ml - Solution for injection (cattle, horses), Metacam 5 mg/ml - Solution for injection (cats, dogs), Metacam 5 mg/ml - Solution for injection (cattle, pigs), Metacam 5 mg/ml - Solution for injection (dogs), Vitamine B-complex, oplossing voor injectie, АМПИЦИЛИН шприц-канюли","Abdominal pain, Abnormal radiograph finding, Abnormal ultrasound finding, Anaemia NOS, Anorexia, Cardiac arrest, Circulatory collapse (see also Neurological and Systemic disorders), Constipation, Death, Depression, Distension of abdomen, Dry mucous membrane, Elevated liver enzymes NOS, Elevated renal parameters, Gall bladder & bile duct disorder NOS, Hepatomegaly, Hypoglycaemia, Hypotension, Hypothyroidism, Icterus, Lethargy (see also Central nervous system depression in Neurological), Leukocytosis NOS, Other abnormal test result NOS, Pale mucous membrane, Respiratory tract disorder NOS, Thrombocytopenia, Vomiting",1,1,1
USA-USMERIAL-12US004977,"<a target=""_blank""  href=""/xmlpserver/EVVET3 PW NEW/Subject Area Contents/Public Website/Report (PDF)/AER.xdo?_xpf=&_xpt=1&_params%2FOracle%20BI%20EE%3A%3ADefaultApp%3A%3AEVVET3%20PR%20NEW%2FAER%3A%3Adimension%2FAER%20Id%3A%3Aattribute%3A%3Anoaggr%3A%3Axsd%3Adouble=295484&_xt=AER&_xf=pdf""> AER </a>",2012-02-08 00:00:00,Veterinarian,United States,MALE,Dog,Siberian Husky,"Metacam 0.5 mg/ml - Oral suspension (cats, guinea pigs), Metacam 0.5 mg/ml - Oral suspension (dogs), Metacam 1 mg - Chewable tablet (dogs), Metacam 1.5 mg/ml - Oral suspension (dogs), Metacam 15 mg/ml - Oral suspension (horses), Metacam 15 mg/ml - Oral suspension (pigs), Metacam 2 mg/ml - Solution for injection (cats), Metacam 2.5 mg - Chewable tablet (dogs), Metacam 20 mg/ml - Solution for injection (cattle, pigs, horses), Metacam 40 mg/ml - Solution for injection (cattle, horses), Metacam 5 mg/ml - Solution for injection (cats, dogs), Metacam 5 mg/ml - Solution for injection (cattle, pigs), Metacam 5 mg/ml - Solution for injection (dogs), Previcox 227 mg - Chewable tablet","Bradycardia, Death, Pale mucous membrane, Recumbency, Reluctant to move, Vomiting",1,1,1
USA-USMERIAL-12US005102,"<a target=""_blank""  href=""/xmlpserver/EVVET3 PW NEW/Subject Area Contents/Public Website/Report (PDF)/AER.xdo?_xpf=&_xpt=1&_params%2FOracle%20BI%20EE%3A%3ADefaultApp%3A%3AEVVET3%20PR%20NEW%2FAER%3A%3Adimension%2FAER%20Id%3A%3Aattribute%3A%3Anoaggr%3A%3Axsd%3Adouble=295490&_xt=AER&_xf=pdf""> AER </a>",2012-02-08 00:00:00,Veterinarian,United States,FEMALE,Dog,Dog (other),"BAYTRIL 0,5% W/V ΠΟΣΙΜΟ ΔΙΑΛΥΜΑ, BAYTRIL 0,5% πόσιμο διάλυμα ενροφλοξακίνης για ορνίθια και γαλοπούλες, BAYTRIL 10 % SOLUTION BUVABLE, BAYTRIL 10 % SOLUTION INJECTABLE, BAYTRIL 10% W/V ΠΟΣΙΜΟ ΔΙΑΛΥΜΑ, BAYTRIL 100 mg/ml - soluţie orală, BAYTRIL 100 mg/ml SOLUCION INYECTABLE, BAYTRIL 100 mg/ml soluție injectabilă, BAYTRIL 15 mg δισκία για γάτες και σκύλους, BAYTRIL 150 mg δισκία για γάτες και σκύλους, BAYTRIL 2,5 % SOLUTION BUVABLE, BAYTRIL 2,5 % SOLUTION INJECTABLE, BAYTRIL 2,5% W/V ΕΝΕΣΙΜΟ ΔΙΑΛΥΜΑ, BAYTRIL 2,5% W/V ΠΟΣΙΜΟ ΔΙΑΛΥΜΑ, BAYTRIL 25 mg/ml SOLUCION INYECTABLE, BAYTRIL 25 mg/ml SOLUCION ORAL, BAYTRIL 5 % SOLUTION INJECTABLE, BAYTRIL 5 mg/ml SOLUCION ORAL, BAYTRIL 50 mg δισκία για γάτες και σκύλους, BAYTRIL 50 mg/ml SOLUCION INYECTABLE, BAYTRIL 50mg/ml ενέσιμο διάλυμα, BAYTRIL, 25mg/ml, Injekční roztok, BAYTRIL, 5% ενέσιμο διάλυμα για μόσχους, χοίρους, πρόβατα, αίγες, σκύλους και γάτες, BAYTRIL, 50mg/ml, Injekční roztok, Baytril  100 mg/ml Oplossing voor injectie, Baytril  100 mg/ml Solution injectable, Baytril - Das Original - 100 mg/ml Injektionslösung, Baytril - Das Original - 25 mg/ml Injektionslösung, Baytril - Das Original - 50 mg/ml Injektionslösung, Baytril 0,5 % solução oral para leitões, Baytril 0,5%, Baytril 10 % solução oral, Baytril 10%, Baytril 10% O.L., Baytril 10% Oral Solution, Baytril 100 mg/mL, otopina za injekciju, za goveda, ovce, koze i svinje, Baytril 100 mg/mL, otopina za primjenu u vodi za piće, za kokoši, purane i kuniće, Baytril 100 mg/ml - Injektionslösung für Tiere, Baytril 100 mg/ml - Lösung zum Eingeben für Hühner, Puten und Kaninchen, Baytril 100 mg/ml Oplossing voor gebruik in drinkwater, Baytril 100 mg/ml Solution buvable, Baytril 100 mg/ml Solution for Injection, Baytril 100 mg/ml koncentrat za peroralno raztopino za piščance, purane in kunce, Baytril 100 mg/ml oldat ivóvízbe keveréshez A.U.V., Baytril 100 mg/ml oplossing voor gebruik in drinkwater voor kippen, kalkoenen en konijnen, Baytril 100 mg/ml oplossing voor injectie, Baytril 100 mg/ml raztopina za injiciranje, Baytril 100 mg/ml solution for injection, Baytril 100 mg/ml soluzione iniettabile, Baytril 100 mg/ml solução injetável, Baytril 150 mg tabletta A.U.V., Baytril 2,5%, 25 mg/mL, otopina za injekciju za pse, mačke, prasad, kuniće, glodavce, gmazove i ukrasne ptice, Baytril 25 mg/ml - Injektionslösung für Tiere, Baytril 25 mg/ml - Lösung zum Eingeben für Kälber und Lämmer, Baytril 25 mg/ml Lösung zum Eingeben für Rinder (Kälber), Baytril 25 mg/ml Oplossing voor injectie, Baytril 25 mg/ml Oral Solution, Baytril 25 mg/ml Solution injectable, Baytril 25 mg/ml injekčný roztok, Baytril 25 mg/ml oldatos injekció A.U.V., Baytril 25 mg/ml oplossing voor injectie, Baytril 25 mg/ml roztwór do wstrzykiwań, Baytril 25 mg/ml solution for injection, Baytril 25 mg/ml soluzione iniettabile, Baytril 25 mg/ml soluzione iniettabile per cani, gatti, roditori e conigli da compagnia, rettili e uccelli ornamentali, Baytril 25 mg/ml soluzione orale per vitelli, ovini, caprini, suini, Baytril 25 mg/ml solução injetável, Baytril 5 mg/ml - Lösung zum Eingeben für Schweine, Baytril 5 mg/ml belsőleges oldat sertések részére A.U.V., Baytril 50 mg tabletta A.U.V., Baytril 50 mg/mL, otopina za injekciju, za telad, ovce, koze, svinje, pse i mačke, Baytril 50 mg/ml - Injektionslösung für Tiere, Baytril 50 mg/ml Oplossing voor injectie, Baytril 50 mg/ml Solution for Injection, Baytril 50 mg/ml Solution injectable, Baytril 50 mg/ml injekčný roztok, Baytril 50 mg/ml oldatos injekció A.U.V., Baytril 50 mg/ml oplossing voor injectie, Baytril 50 mg/ml raztopina za injiciranje, Baytril 50 mg/ml soluzione iniettabile, Baytril 50 mg/ml solução injetável, Baytril 50 mg/ml soluție injectabilă, Baytril Direct 100 mg/ml Injektionslösung für Rinder und Schweine, Baytril Piglet Doser 0.5% Oral Solution, Baytril Vet. 100 mg/ml injektionsvæske, opløsning, Baytril Vet. 150 mg tabletter, Baytril Vet. 25 mg/ml oral opløsning, Baytril Vet. 50 mg tabletter, Baytril Vet. 50 mg/ml i","Elevated alanine aminotransferase (ALT), Elevated blood urea nitrogen (BUN), Elevated serum alkaline phosphatase (ALP), Enlarged liver, Impaired vision, Itching, Other abnormal test result NOS, Pruritus, Splenomegaly, Tense abdomen, Uncoded sign",1,1,
USA-USMERIAL-12US005896,"<a target=""_blank""  href=""/xmlpserver/EVVET3 PW NEW/Subject Area Contents/Public Website/Report (PDF)/AER.xdo?_xpf=&_xpt=1&_params%2FOracle%20BI%20EE%3A%3ADefaultApp%3A%3AEVVET3%20PR%20NEW%2FAER%3A%3Adimension%2FAER%20Id%3A%3Aattribute%3A%3Anoaggr%3A%3Axsd%3Adouble=296389&_xt=AER&_xf=pdf""> AER </a>",2012-02-13 00:00:00,Veterinarian,United States,FEMALE,Dog,Dog (other),"IMMITICIDE, IMMITICIDE 25 mg/ml pó e solvente para solução injetável para cães, Metacam 0.5 mg/ml - Oral suspension (cats, guinea pigs), Metacam 0.5 mg/ml - Oral suspension (dogs), Metacam 1 mg - Chewable tablet (dogs), Metacam 1.5 mg/ml - Oral suspension (dogs), Metacam 15 mg/ml - Oral suspension (horses), Metacam 15 mg/ml - Oral suspension (pigs), Metacam 2 mg/ml - Solution for injection (cats), Metacam 2.5 mg - Chewable tablet (dogs), Metacam 20 mg/ml - Solution for injection (cattle, pigs, horses), Metacam 40 mg/ml - Solution for injection (cattle, horses), Metacam 5 mg/ml - Solution for injection (cats, dogs), Metacam 5 mg/ml - Solution for injection (cattle, pigs), Metacam 5 mg/ml - Solution for injection (dogs)","Circling - neurological disorder (see also Behavioural disorders), Congested mucous membrane, Lateral recumbency, Pale mucous membrane, Panting, Shivering",2,2,
USA-USMERIAL-12US033230,"<a target=""_blank""  href=""/xmlpserver/EVVET3 PW NEW/Subject Area Contents/Public Website/Report (PDF)/AER.xdo?_xpf=&_xpt=1&_params%2FOracle%20BI%20EE%3A%3ADefaultApp%3A%3AEVVET3%20PR%20NEW%2FAER%3A%3Adimension%2FAER%20Id%3A%3Aattribute%3A%3Anoaggr%3A%3Axsd%3Adouble=310905&_xt=AER&_xf=pdf""> AER </a>",2012-05-21 00:00:00,Other health care professional,United States,FEMALE,Dog,Pointer - English Pointer,"BAYTRIL 0,5% W/V ΠΟΣΙΜΟ ΔΙΑΛΥΜΑ, BAYTRIL 0,5% πόσιμο διάλυμα ενροφλοξακίνης για ορνίθια και γαλοπούλες, BAYTRIL 10 % SOLUTION BUVABLE, BAYTRIL 10 % SOLUTION INJECTABLE, BAYTRIL 10% W/V ΠΟΣΙΜΟ ΔΙΑΛΥΜΑ, BAYTRIL 100 mg/ml - soluţie orală, BAYTRIL 100 mg/ml SOLUCION INYECTABLE, BAYTRIL 100 mg/ml soluție injectabilă, BAYTRIL 15 mg δισκία για γάτες και σκύλους, BAYTRIL 150 mg δισκία για γάτες και σκύλους, BAYTRIL 2,5 % SOLUTION BUVABLE, BAYTRIL 2,5 % SOLUTION INJECTABLE, BAYTRIL 2,5% W/V ΕΝΕΣΙΜΟ ΔΙΑΛΥΜΑ, BAYTRIL 2,5% W/V ΠΟΣΙΜΟ ΔΙΑΛΥΜΑ, BAYTRIL 25 mg/ml SOLUCION INYECTABLE, BAYTRIL 25 mg/ml SOLUCION ORAL, BAYTRIL 5 % SOLUTION INJECTABLE, BAYTRIL 5 mg/ml SOLUCION ORAL, BAYTRIL 50 mg δισκία για γάτες και σκύλους, BAYTRIL 50 mg/ml SOLUCION INYECTABLE, BAYTRIL 50mg/ml ενέσιμο διάλυμα, BAYTRIL, 25mg/ml, Injekční roztok, BAYTRIL, 5% ενέσιμο διάλυμα για μόσχους, χοίρους, πρόβατα, αίγες, σκύλους και γάτες, BAYTRIL, 50mg/ml, Injekční roztok, Baytril  100 mg/ml Oplossing voor injectie, Baytril  100 mg/ml Solution injectable, Baytril - Das Original - 100 mg/ml Injektionslösung, Baytril - Das Original - 25 mg/ml Injektionslösung, Baytril - Das Original - 50 mg/ml Injektionslösung, Baytril 0,5 % solução oral para leitões, Baytril 0,5%, Baytril 10 % solução oral, Baytril 10%, Baytril 10% O.L., Baytril 10% Oral Solution, Baytril 100 mg/mL, otopina za injekciju, za goveda, ovce, koze i svinje, Baytril 100 mg/mL, otopina za primjenu u vodi za piće, za kokoši, purane i kuniće, Baytril 100 mg/ml - Injektionslösung für Tiere, Baytril 100 mg/ml - Lösung zum Eingeben für Hühner, Puten und Kaninchen, Baytril 100 mg/ml Oplossing voor gebruik in drinkwater, Baytril 100 mg/ml Solution buvable, Baytril 100 mg/ml Solution for Injection, Baytril 100 mg/ml koncentrat za peroralno raztopino za piščance, purane in kunce, Baytril 100 mg/ml oldat ivóvízbe keveréshez A.U.V., Baytril 100 mg/ml oplossing voor gebruik in drinkwater voor kippen, kalkoenen en konijnen, Baytril 100 mg/ml oplossing voor injectie, Baytril 100 mg/ml raztopina za injiciranje, Baytril 100 mg/ml solution for injection, Baytril 100 mg/ml soluzione iniettabile, Baytril 100 mg/ml solução injetável, Baytril 150 mg tabletta A.U.V., Baytril 2,5%, 25 mg/mL, otopina za injekciju za pse, mačke, prasad, kuniće, glodavce, gmazove i ukrasne ptice, Baytril 25 mg/ml - Injektionslösung für Tiere, Baytril 25 mg/ml - Lösung zum Eingeben für Kälber und Lämmer, Baytril 25 mg/ml Lösung zum Eingeben für Rinder (Kälber), Baytril 25 mg/ml Oplossing voor injectie, Baytril 25 mg/ml Oral Solution, Baytril 25 mg/ml Solution injectable, Baytril 25 mg/ml injekčný roztok, Baytril 25 mg/ml oldatos injekció A.U.V., Baytril 25 mg/ml oplossing voor injectie, Baytril 25 mg/ml roztwór do wstrzykiwań, Baytril 25 mg/ml solution for injection, Baytril 25 mg/ml soluzione iniettabile, Baytril 25 mg/ml soluzione iniettabile per cani, gatti, roditori e conigli da compagnia, rettili e uccelli ornamentali, Baytril 25 mg/ml soluzione orale per vitelli, ovini, caprini, suini, Baytril 25 mg/ml solução injetável, Baytril 5 mg/ml - Lösung zum Eingeben für Schweine, Baytril 5 mg/ml belsőleges oldat sertések részére A.U.V., Baytril 50 mg tabletta A.U.V., Baytril 50 mg/mL, otopina za injekciju, za telad, ovce, koze, svinje, pse i mačke, Baytril 50 mg/ml - Injektionslösung für Tiere, Baytril 50 mg/ml Oplossing voor injectie, Baytril 50 mg/ml Solution for Injection, Baytril 50 mg/ml Solution injectable, Baytril 50 mg/ml injekčný roztok, Baytril 50 mg/ml oldatos injekció A.U.V., Baytril 50 mg/ml oplossing voor injectie, Baytril 50 mg/ml raztopina za injiciranje, Baytril 50 mg/ml soluzione iniettabile, Baytril 50 mg/ml solução injetável, Baytril 50 mg/ml soluție injectabilă, Baytril Direct 100 mg/ml Injektionslösung für Rinder und Schweine, Baytril Piglet Doser 0.5% Oral Solution, Baytril Vet. 100 mg/ml injektionsvæske, opløsning, Baytril Vet. 150 mg tabletter, Baytril Vet. 25 mg/ml oral opløsning, Baytril Vet. 50 mg tabletter, Baytril Vet. 50 mg/ml i","Anorexia, Elevated alanine aminotransferase (ALT), Elevated blood urea nitrogen (BUN), Elevated creatinine, Elevated serum alkaline phosphatase (ALP), Hyperphosphataemia, Lethargy (see also Central nervous system depression in Neurological), Leukocytosis NOS, Uncoded sign",1,1,
USA-USMERIAL-12US045538,"<a target=""_blank""  href=""/xmlpserver/EVVET3 PW NEW/Subject Area Contents/Public Website/Report (PDF)/AER.xdo?_xpf=&_xpt=1&_params%2FOracle%20BI%20EE%3A%3ADefaultApp%3A%3AEVVET3%20PR%20NEW%2FAER%3A%3Adimension%2FAER%20Id%3A%3Aattribute%3A%3Anoaggr%3A%3Axsd%3Adouble=321403&_xt=AER&_xf=pdf""> AER </a>",2012-08-07 00:00:00,Veterinarian,United States,FEMALE,Dog,Dog (other),"Metacam 0.5 mg/ml - Oral suspension (cats, guinea pigs), Metacam 0.5 mg/ml - Oral suspension (dogs), Metacam 1 mg - Chewable tablet (dogs), Metacam 1.5 mg/ml - Oral suspension (dogs), Metacam 15 mg/ml - Oral suspension (horses), Metacam 15 mg/ml - Oral suspension (pigs), Metacam 2 mg/ml - Solution for injection (cats), Metacam 2.5 mg - Chewable tablet (dogs), Metacam 20 mg/ml - Solution for injection (cattle, pigs, horses), Metacam 40 mg/ml - Solution for injection (cattle, horses), Metacam 5 mg/ml - Solution for injection (cats, dogs), Metacam 5 mg/ml - Solution for injection (cattle, pigs), Metacam 5 mg/ml - Solution for injection (dogs), Previcox 227 mg - Chewable tablet, Tramadog 50 mg tablet for dogs","Death, Disseminated intravascular coagulation, Head pressing, Hepatopathy, Hyperphosphataemia, Lateral recumbency, Leukocytosis NOS, Low platelet count, Melaena, Nasal bleeding, Petechiae NOS, Renal insufficiency, Tachycardia, Uncoded sign",1,1,1
USA-USMERIAL-12US058418,"<a target=""_blank""  href=""/xmlpserver/EVVET3 PW NEW/Subject Area Contents/Public Website/Report (PDF)/AER.xdo?_xpf=&_xpt=1&_params%2FOracle%20BI%20EE%3A%3ADefaultApp%3A%3AEVVET3%20PR%20NEW%2FAER%3A%3Adimension%2FAER%20Id%3A%3Aattribute%3A%3Anoaggr%3A%3Axsd%3Adouble=319525&_xt=AER&_xf=pdf""> AER </a>",2012-07-20 00:00:00,Veterinarian,United States,MALE,Dog,Terrier - Jack Russell,"Metacam 0.5 mg/ml - Oral suspension (cats, guinea pigs), Metacam 0.5 mg/ml - Oral suspension (dogs), Metacam 1 mg - Chewable tablet (dogs), Metacam 1.5 mg/ml - Oral suspension (dogs), Metacam 15 mg/ml - Oral suspension (horses), Metacam 15 mg/ml - Oral suspension (pigs), Metacam 2 mg/ml - Solution for injection (cats), Metacam 2.5 mg - Chewable tablet (dogs), Metacam 20 mg/ml - Solution for injection (cattle, pigs, horses), Metacam 40 mg/ml - Solution for injection (cattle, horses), Metacam 5 mg/ml - Solution for injection (cats, dogs), Metacam 5 mg/ml - Solution for injection (cattle, pigs), Metacam 5 mg/ml - Solution for injection (dogs), Previcox 57 mg - Chewable tablet","Disorientation, Hypersalivation, Retching, Seizure NOS, Tremor",1,1,
USA-USMERIAL-12US061056,"<a target=""_blank""  href=""/xmlpserver/EVVET3 PW NEW/Subject Area Contents/Public Website/Report (PDF)/AER.xdo?_xpf=&_xpt=1&_params%2FOracle%20BI%20EE%3A%3ADefaultApp%3A%3AEVVET3%20PR%20NEW%2FAER%3A%3Adimension%2FAER%20Id%3A%3Aattribute%3A%3Anoaggr%3A%3Axsd%3Adouble=320545&_xt=AER&_xf=pdf""> AER </a>",2012-07-27 00:00:00,Veterinarian,United States,FEMALE,Dog,Rottweiler,"Metacam 2 mg/ml - Solution for injection (cats), Metacam 20 mg/ml - Solution for injection (cattle, pigs, horses), Metacam 40 mg/ml - Solution for injection (cattle, horses), Metacam 5 mg/ml - Solution for injection (cats, dogs), Metacam 5 mg/ml - Solution for injection (cattle, pigs), Metacam 5 mg/ml - Solution for injection (dogs), Previcox 227 mg - Chewable tablet","Ascites, Elevated blood urea nitrogen (BUN), Intestinal perforation, Vomiting",1,1,
USA-USMERIAL-12US068938,"<a target=""_blank""  href=""/xmlpserver/EVVET3 PW NEW/Subject Area Contents/Public Website/Report (PDF)/AER.xdo?_xpf=&_xpt=1&_params%2FOracle%20BI%20EE%3A%3ADefaultApp%3A%3AEVVET3%20PR%20NEW%2FAER%3A%3Adimension%2FAER%20Id%3A%3Aattribute%3A%3Anoaggr%3A%3Axsd%3Adouble=322042&_xt=AER&_xf=pdf""> AER </a>",2012-08-14 00:00:00,Veterinarian,United States,FEMALE,Dog,Retriever - Labrador,"Fuxien vet 1000 mg/g inhalaatiohöyry, neste, ISOFLURANE-Vet 1000 mg/g liquido per inalazione per cani e gatti, ISOFLURIN 1000mg/g ΥΓΡΟ ΓΙΑ ΕΙΣΠΝΕΟΜΕΝΟΥΣ ΑΤΜΟΥΣ, Isoflurane 100% Inhalation Vapour, Liquid, Isoflurane 1000 mg/g Inhalation Vapour, liquid., Metacam 0.5 mg/ml - Oral suspension (cats, guinea pigs), Metacam 0.5 mg/ml - Oral suspension (dogs), Metacam 1 mg - Chewable tablet (dogs), Metacam 1.5 mg/ml - Oral suspension (dogs), Metacam 15 mg/ml - Oral suspension (horses), Metacam 15 mg/ml - Oral suspension (pigs), Metacam 2 mg/ml - Solution for injection (cats), Metacam 2.5 mg - Chewable tablet (dogs), Metacam 20 mg/ml - Solution for injection (cattle, pigs, horses), Metacam 40 mg/ml - Solution for injection (cattle, horses), Metacam 5 mg/ml - Solution for injection (cats, dogs), Metacam 5 mg/ml - Solution for injection (cattle, pigs), Metacam 5 mg/ml - Solution for injection (dogs), Previcox 227 mg - Chewable tablet, Soloxine 0.1 mg Tablet, Soloxine 0.2 mg Tablet, Soloxine 0.3 mg Tablet, Soloxine 0.5 mg Tablet, Soloxine 0.8 mg Tablet","Appetite loss, Elevated blood urea nitrogen (BUN), Elevated creatinine, Elevated total bilirubin, Hyperphosphataemia, Lethargy (see also Central nervous system depression in Neurological), Uncoded sign, Vomiting",1,1,
USA-USMERIAL-12US085800,"<a target=""_blank""  href=""/xmlpserver/EVVET3 PW NEW/Subject Area Contents/Public Website/Report (PDF)/AER.xdo?_xpf=&_xpt=1&_params%2FOracle%20BI%20EE%3A%3ADefaultApp%3A%3AEVVET3%20PR%20NEW%2FAER%3A%3Adimension%2FAER%20Id%3A%3Aattribute%3A%3Anoaggr%3A%3Axsd%3Adouble=326822&_xt=AER&_xf=pdf""> AER </a>",2012-09-21 00:00:00,Veterinarian,United States,FEMALE,Dog,Dog (other),"Metacam 0.5 mg/ml - Oral suspension (cats, guinea pigs), Metacam 0.5 mg/ml - Oral suspension (dogs), Metacam 1 mg - Chewable tablet (dogs), Metacam 1.5 mg/ml - Oral suspension (dogs), Metacam 15 mg/ml - Oral suspension (horses), Metacam 15 mg/ml - Oral suspension (pigs), Metacam 2 mg/ml - Solution for injection (cats), Metacam 2.5 mg - Chewable tablet (dogs), Metacam 20 mg/ml - Solution for injection (cattle, pigs, horses), Metacam 40 mg/ml - Solution for injection (cattle, horses), Metacam 5 mg/ml - Solution for injection (cats, dogs), Metacam 5 mg/ml - Solution for injection (cattle, pigs), Metacam 5 mg/ml - Solution for injection (dogs), Metronidazole VET-AGRO 250 mg tabletten voor honden en katten, Previcox 57 mg - Chewable tablet, Tramadog 50 mg tablet for dogs","Abdominal pain, Elevated alanine aminotransferase (ALT), Elevated renal parameters, Hyperphosphataemia, Leukocytosis NOS, Urine abnormalities NOS, Vomiting",1,1,
USA-USMERIAL-12US112541,"<a target=""_blank""  href=""/xmlpserver/EVVET3 PW NEW/Subject Area Contents/Public Website/Report (PDF)/AER.xdo?_xpf=&_xpt=1&_params%2FOracle%20BI%20EE%3A%3ADefaultApp%3A%3AEVVET3%20PR%20NEW%2FAER%3A%3Adimension%2FAER%20Id%3A%3Aattribute%3A%3Anoaggr%3A%3Axsd%3Adouble=340000&_xt=AER&_xf=pdf""> AER </a>",2012-11-27 00:00:00,Veterinarian,United States,FEMALE,Dog,Boxer (German Boxer),"Metacam 0.5 mg/ml - Oral suspension (cats, guinea pigs), Metacam 0.5 mg/ml - Oral suspension (dogs), Metacam 1 mg - Chewable tablet (dogs), Metacam 1.5 mg/ml - Oral suspension (dogs), Metacam 15 mg/ml - Oral suspension (horses), Metacam 15 mg/ml - Oral suspension (pigs), Metacam 2 mg/ml - Solution for injection (cats), Metacam 2.5 mg - Chewable tablet (dogs), Metacam 20 mg/ml - Solution for injection (cattle, pigs, horses), Metacam 40 mg/ml - Solution for injection (cattle, horses), Metacam 5 mg/ml - Solution for injection (cats, dogs), Metacam 5 mg/ml - Solution for injection (cattle, pigs), Metacam 5 mg/ml - Solution for injection (dogs), Metronidazole VET-AGRO 250 mg tabletten voor honden en katten, Previcox 227 mg - Chewable tablet, SYNULOX (200+50)MG/TAB ΔΙΣΚΙΟ, SYNULOX (40+10)MG/TAB ΔΙΣΚΙΟ, SYNULOX 140 mg/ml + 35 mg/ml suspensión inyectable, SYNULOX 200 mg/50 mg tablety pre psy a mačky, SYNULOX 200/50 mg COMPRIMIDOS APETITOSOS PARA PERROS, SYNULOX 250 COMPRIMES POUR CHIENS, SYNULOX 250 mg, SYNULOX 250 mg kramtomosios tabletės šunims ir katėms, SYNULOX 250 mg tablete za pse in mačke, SYNULOX 250mg, δισκία για σκύλους και γάτες, SYNULOX 40 mg/10 mg tablety pre psy a mačky, SYNULOX 40 mg/ml + 10 mg/ml POLVO PARA GOTAS ORALES EN SUSPENSION, SYNULOX 40/10 MG COMPRIMIDOS APETITOSOS PARA PERROS Y GATOS, SYNULOX 400 mg/100 mg tablety pre psy, SYNULOX 400/100 mg COMPRIMIDOS APETITOSOS PARA PERROS, SYNULOX 50 COMPRIMES POUR CHIENS ET CHATS, SYNULOX 50 mg, SYNULOX 50 mg kramtomosios tabletės šunims ir katėms, SYNULOX 50 mg tablete za pse in mačke, SYNULOX 500 COMPRIMES POUR CHIENS, SYNULOX 500 mg kramtomosios tabletės šunims, SYNULOX 500 mg tablete za pse, SYNULOX 500 mg, kramtomosios tabletės šunims, SYNULOX 500MG/TAB ΔΙΣΚΙΟ, SYNULOX 50mg, δισκία για σκύλους και γάτες, SYNULOX OGIVETTES POUR VEAUX, SYNULOX SUSPENSION INJECTABLE POUR BOVINS, SYNULOX VET 140 mg/ml injektioneste, suspensio koiralle, kissalle ja sialle, SYNULOX suspensão injetável para suínos, bovinos, cães e gatos, SYNULOX vet 200 mg/50 mg tabletti, koiralle ja kissalle, SYNULOX vet 40 mg/10 mg tabletti, koiralle ja kissalle, SYNULOX vet 400 mg/100 mg tabletti, koiralle, SYNULOX, 400/100mg, Tableta, Synulox 250 mg Comprimés Appétents, Synulox 250 mg Smakelijke tabletten, Synulox 250 mg tabletes suņiem un kaķiem, Synulox 250 mg, tabletid koertele ja kassidele, Synulox 250 mg, таблетки за кучета и котки, Synulox 250mg (200 mg/50 mg)  Tabletten für Hunde, Synulox 50 mg Comprimés Appétents, Synulox 50 mg Smakelijke Tabletten, Synulox 50 mg tabletes suņiem un kaķiem, Synulox 50 mg, tabletid koertele ja kassidele, Synulox 50 mg, таблетки за кучета и котки, Synulox 500 mg Bolus 400 mg - 100 mg Omhulde tablet, Synulox 500 mg Comprimés Appétents, Synulox 500 mg Smakelijke Tabletten, Synulox 500 mg tabletes suņiem, Synulox 500 mg, tabletid koertele, Synulox 500mg (400 mg/100 mg) Tabletten für Hunde, Synulox 50mg (40 mg/10 mg) Tabletten für Hunde und Katzen, Synulox Bolus 500 mg, 400 mg + 100 mg comprimés enrobés pour veaux, Synulox Lactating Cow Intramammary suspension., Synulox Tabletki 250 mg, Synulox Tabletki 250 mg (200+50) mg/tablete; tabletes suņiem, Synulox Tabletki 50 mg, Synulox Tabletki 50 mg (40+10) mg/ tablete; tabletes suņiem un kaķiem, Synulox Tabletki 500 mg, Synulox Vet. til hund og kat 200 + 50 mg tabletter, Synulox Vet. til hund og kat 40 + 10 mg tabletter, Synulox Vet. til hund tabletter 400 + 100 mg, Synulox Vet. til kalve 400 + 100 mg tabletter, Synulox comprimidos palatáveis 250 mg para cães e gatos, Synulox comprimidos palatáveis 50 mg para cães e gatos, Synulox comprimidos palatáveis 500 mg para cães, Synulox vet 40 mg/ml jauhe oraalisuspensiota varten koiralle ja kissalle, Synulox vet. 200 mg tabletter for hund og katt, Synulox vet. 200 mg/50 mg Tablett, Synulox vet. 40 mg tabletter for hund og katt, Synulox vet. 40 mg/10 mg Tablett, Synulox vet. 400 mg tabletter for hund, Synulox vet. 400 mg/100 mg Tablett, Synulox, 200/50mg, Tableta, Synulox, 40/10mg","Abdominal cavity disorder NOS, Death, Duodenal ulcer, Lethargy (see also Central nervous system depression in Neurological), Vomiting",1,1,1
USA-ZZELANCO-US201121978,"<a target=""_blank""  href=""/xmlpserver/EVVET3 PW NEW/Subject Area Contents/Public Website/Report (PDF)/AER.xdo?_xpf=&_xpt=1&_params%2FOracle%20BI%20EE%3A%3ADefaultApp%3A%3AEVVET3%20PR%20NEW%2FAER%3A%3Adimension%2FAER%20Id%3A%3Aattribute%3A%3Anoaggr%3A%3Axsd%3Adouble=291225&_xt=AER&_xf=pdf""> AER </a>",2012-01-10 00:00:00,Animal owner,United States,FEMALE,Dog,Shepherd Dog - German,"Comfortis 1620 mg  - Chewable tablet, Metacam 0.5 mg/ml - Oral suspension (cats, guinea pigs), Metacam 0.5 mg/ml - Oral suspension (dogs), Metacam 1 mg - Chewable tablet (dogs), Metacam 1.5 mg/ml - Oral suspension (dogs), Metacam 15 mg/ml - Oral suspension (horses), Metacam 15 mg/ml - Oral suspension (pigs), Metacam 2 mg/ml - Solution for injection (cats), Metacam 2.5 mg - Chewable tablet (dogs), Metacam 20 mg/ml - Solution for injection (cattle, pigs, horses), Metacam 40 mg/ml - Solution for injection (cattle, horses), Metacam 5 mg/ml - Solution for injection (cats, dogs), Metacam 5 mg/ml - Solution for injection (cattle, pigs), Metacam 5 mg/ml - Solution for injection (dogs)","Breathlessness, Collapse (see also Cardio-vascular and Systemic disorders), Dilated pupils, Disorder of red blood cell NOS, Disorientation, Electrolyte disorder, Elevated alanine aminotransferase (ALT), Elevated total bilirubin, Emesis, Eosinophilia, Facial swelling (see also Skin), Fever, Hyperglycaemia, Increased heart rate, Loss of voluntary movement, Low platelet count, Neutropenia, Other abnormal test result NOS, Other immune system disorder NOS, Pale mucous membrane, Panting, Thrombocytopenia, Twitching",1,1,
USA-ZZELANCO-US201201411,"<a target=""_blank""  href=""/xmlpserver/EVVET3 PW NEW/Subject Area Contents/Public Website/Report (PDF)/AER.xdo?_xpf=&_xpt=1&_params%2FOracle%20BI%20EE%3A%3ADefaultApp%3A%3AEVVET3%20PR%20NEW%2FAER%3A%3Adimension%2FAER%20Id%3A%3Aattribute%3A%3Anoaggr%3A%3Axsd%3Adouble=296800&_xt=AER&_xf=pdf""> AER </a>",2012-02-15 00:00:00,Other health care professional,United States,FEMALE,Dog,Shih Tzu,"Comfortis 270 mg - Chewable tablet, Metacam 0.5 mg/ml - Oral suspension (cats, guinea pigs), Metacam 0.5 mg/ml - Oral suspension (dogs), Metacam 1 mg - Chewable tablet (dogs), Metacam 1.5 mg/ml - Oral suspension (dogs), Metacam 15 mg/ml - Oral suspension (horses), Metacam 15 mg/ml - Oral suspension (pigs), Metacam 2 mg/ml - Solution for injection (cats), Metacam 2.5 mg - Chewable tablet (dogs), Metacam 20 mg/ml - Solution for injection (cattle, pigs, horses), Metacam 40 mg/ml - Solution for injection (cattle, horses), Metacam 5 mg/ml - Solution for injection (cats, dogs), Metacam 5 mg/ml - Solution for injection (cattle, pigs), Metacam 5 mg/ml - Solution for injection (dogs), SYNULOX (200+50)MG/TAB ΔΙΣΚΙΟ, SYNULOX (40+10)MG/TAB ΔΙΣΚΙΟ, SYNULOX 140 mg/ml + 35 mg/ml suspensión inyectable, SYNULOX 200 mg/50 mg tablety pre psy a mačky, SYNULOX 200/50 mg COMPRIMIDOS APETITOSOS PARA PERROS, SYNULOX 250 COMPRIMES POUR CHIENS, SYNULOX 250 mg, SYNULOX 250 mg kramtomosios tabletės šunims ir katėms, SYNULOX 250 mg tablete za pse in mačke, SYNULOX 250mg, δισκία για σκύλους και γάτες, SYNULOX 40 mg/10 mg tablety pre psy a mačky, SYNULOX 40 mg/ml + 10 mg/ml POLVO PARA GOTAS ORALES EN SUSPENSION, SYNULOX 40/10 MG COMPRIMIDOS APETITOSOS PARA PERROS Y GATOS, SYNULOX 400 mg/100 mg tablety pre psy, SYNULOX 400/100 mg COMPRIMIDOS APETITOSOS PARA PERROS, SYNULOX 50 COMPRIMES POUR CHIENS ET CHATS, SYNULOX 50 mg, SYNULOX 50 mg kramtomosios tabletės šunims ir katėms, SYNULOX 50 mg tablete za pse in mačke, SYNULOX 500 COMPRIMES POUR CHIENS, SYNULOX 500 mg kramtomosios tabletės šunims, SYNULOX 500 mg tablete za pse, SYNULOX 500 mg, kramtomosios tabletės šunims, SYNULOX 500MG/TAB ΔΙΣΚΙΟ, SYNULOX 50mg, δισκία για σκύλους και γάτες, SYNULOX OGIVETTES POUR VEAUX, SYNULOX SUSPENSION INJECTABLE POUR BOVINS, SYNULOX VET 140 mg/ml injektioneste, suspensio koiralle, kissalle ja sialle, SYNULOX suspensão injetável para suínos, bovinos, cães e gatos, SYNULOX vet 200 mg/50 mg tabletti, koiralle ja kissalle, SYNULOX vet 40 mg/10 mg tabletti, koiralle ja kissalle, SYNULOX vet 400 mg/100 mg tabletti, koiralle, SYNULOX, 400/100mg, Tableta, Synulox 250 mg Comprimés Appétents, Synulox 250 mg Smakelijke tabletten, Synulox 250 mg tabletes suņiem un kaķiem, Synulox 250 mg, tabletid koertele ja kassidele, Synulox 250 mg, таблетки за кучета и котки, Synulox 250mg (200 mg/50 mg)  Tabletten für Hunde, Synulox 50 mg Comprimés Appétents, Synulox 50 mg Smakelijke Tabletten, Synulox 50 mg tabletes suņiem un kaķiem, Synulox 50 mg, tabletid koertele ja kassidele, Synulox 50 mg, таблетки за кучета и котки, Synulox 500 mg Bolus 400 mg - 100 mg Omhulde tablet, Synulox 500 mg Comprimés Appétents, Synulox 500 mg Smakelijke Tabletten, Synulox 500 mg tabletes suņiem, Synulox 500 mg, tabletid koertele, Synulox 500mg (400 mg/100 mg) Tabletten für Hunde, Synulox 50mg (40 mg/10 mg) Tabletten für Hunde und Katzen, Synulox Bolus 500 mg, 400 mg + 100 mg comprimés enrobés pour veaux, Synulox Lactating Cow Intramammary suspension., Synulox Tabletki 250 mg, Synulox Tabletki 250 mg (200+50) mg/tablete; tabletes suņiem, Synulox Tabletki 50 mg, Synulox Tabletki 50 mg (40+10) mg/ tablete; tabletes suņiem un kaķiem, Synulox Tabletki 500 mg, Synulox Vet. til hund og kat 200 + 50 mg tabletter, Synulox Vet. til hund og kat 40 + 10 mg tabletter, Synulox Vet. til hund tabletter 400 + 100 mg, Synulox Vet. til kalve 400 + 100 mg tabletter, Synulox comprimidos palatáveis 250 mg para cães e gatos, Synulox comprimidos palatáveis 50 mg para cães e gatos, Synulox comprimidos palatáveis 500 mg para cães, Synulox vet 40 mg/ml jauhe oraalisuspensiota varten koiralle ja kissalle, Synulox vet. 200 mg tabletter for hund og katt, Synulox vet. 200 mg/50 mg Tablett, Synulox vet. 40 mg tabletter for hund og katt, Synulox vet. 40 mg/10 mg Tablett, Synulox vet. 400 mg tabletter for hund, Synulox vet. 400 mg/100 mg Tablett, Synulox, 200/50mg, Tableta, Synulox, 40/10mg, Tableta, Synulox-Kalb 400 mg/100 mg Filmtabletten für Rinder","Abnormal menace reflex test, Abnormal radiograph finding, Adipsia, Arthritis, Behavioural disorder NOS, Blindness, Cloudy eye (for Miosis, Mydriasis, Anisocoria, Nystagmus - see Neurological), Cough, Decreased appetite, Dilated pupils, Eye disorder NOS (for Photophobia see neurological), Fever, Lethargy (see also Central nervous system depression in Neurological), Limping, Neurological pain NOS, Optic nerve disorder, Partial blindness, Polydipsia, Polyuria, Pulmonary disorder NOS, Respiratory tract disorder NOS, Stiffness NOS, Urinary tract infection, Urine abnormalities NOS, Wheezing",1,1,
USA-ZZELANCO-US201203608,"<a target=""_blank""  href=""/xmlpserver/EVVET3 PW NEW/Subject Area Contents/Public Website/Report (PDF)/AER.xdo?_xpf=&_xpt=1&_params%2FOracle%20BI%20EE%3A%3ADefaultApp%3A%3AEVVET3%20PR%20NEW%2FAER%3A%3Adimension%2FAER%20Id%3A%3Aattribute%3A%3Anoaggr%3A%3Axsd%3Adouble=300371&_xt=AER&_xf=pdf""> AER </a>",2012-03-09 00:00:00,Other health care professional,United States,FEMALE,Dog,Dog (other),"Metacam 0.5 mg/ml - Oral suspension (cats, guinea pigs), Metacam 0.5 mg/ml - Oral suspension (dogs), Metacam 1 mg - Chewable tablet (dogs), Metacam 1.5 mg/ml - Oral suspension (dogs), Metacam 15 mg/ml - Oral suspension (horses), Metacam 15 mg/ml - Oral suspension (pigs), Metacam 2 mg/ml - Solution for injection (cats), Metacam 2.5 mg - Chewable tablet (dogs), Metacam 20 mg/ml - Solution for injection (cattle, pigs, horses), Metacam 40 mg/ml - Solution for injection (cattle, horses), Metacam 5 mg/ml - Solution for injection (cats, dogs), Metacam 5 mg/ml - Solution for injection (cattle, pigs), Metacam 5 mg/ml - Solution for injection (dogs)","Abnormal ultrasound finding, Anorexia, Elevated alanine aminotransferase (ALT), Elevated bile acids, Elevated liver enzymes NOS, Elevated serum alkaline phosphatase (ALP), Lethargy (see also Central nervous system depression in Neurological), Vomiting",1,1,
USA-ZZELANCO-US201220275,"<a target=""_blank""  href=""/xmlpserver/EVVET3 PW NEW/Subject Area Contents/Public Website/Report (PDF)/AER.xdo?_xpf=&_xpt=1&_params%2FOracle%20BI%20EE%3A%3ADefaultApp%3A%3AEVVET3%20PR%20NEW%2FAER%3A%3Adimension%2FAER%20Id%3A%3Aattribute%3A%3Anoaggr%3A%3Axsd%3Adouble=321156&_xt=AER&_xf=pdf""> AER </a>",2012-08-03 00:00:00,Veterinarian,United States,MALE,Dog,Terrier - Yorkshire,"Comfortis 1040 mg  - Chewable tablet, Comfortis 140 mg - Chewable tablet, Comfortis 1620 mg  - Chewable tablet, Comfortis 180 mg - Chewable tablet, Comfortis 270 mg - Chewable tablet, Comfortis 425 mg  - Chewable tablet, Comfortis 665 mg  - Chewable tablet, Comfortis 90 mg - Chewable tablet, Metacam 0.5 mg/ml - Oral suspension (cats, guinea pigs), Metacam 0.5 mg/ml - Oral suspension (dogs), Metacam 1 mg - Chewable tablet (dogs), Metacam 1.5 mg/ml - Oral suspension (dogs), Metacam 15 mg/ml - Oral suspension (horses), Metacam 15 mg/ml - Oral suspension (pigs), Metacam 2 mg/ml - Solution for injection (cats), Metacam 2.5 mg - Chewable tablet (dogs), Metacam 20 mg/ml - Solution for injection (cattle, pigs, horses), Metacam 40 mg/ml - Solution for injection (cattle, horses), Metacam 5 mg/ml - Solution for injection (cats, dogs), Metacam 5 mg/ml - Solution for injection (cattle, pigs), Metacam 5 mg/ml - Solution for injection (dogs)","Abnormal pupil light reflex, Blindness, Blood and lymphatic system disorder NOS, Drunken gait, Dullness, Elevated blood urea nitrogen (BUN), Lethargy (see also Central nervous system depression in Neurological), Limping, Sleepiness - neurological disorder, Uncoded sign",1,3,
USA-ZZELANCO-US201223628,"<a target=""_blank""  href=""/xmlpserver/EVVET3 PW NEW/Subject Area Contents/Public Website/Report (PDF)/AER.xdo?_xpf=&_xpt=1&_params%2FOracle%20BI%20EE%3A%3ADefaultApp%3A%3AEVVET3%20PR%20NEW%2FAER%3A%3Adimension%2FAER%20Id%3A%3Aattribute%3A%3Anoaggr%3A%3Axsd%3Adouble=324832&_xt=AER&_xf=pdf""> AER </a>",2012-09-05 00:00:00,Animal owner,United States,MALE,Dog,Shih Tzu,"Comfortis 270 mg - Chewable tablet, Metacam 0.5 mg/ml - Oral suspension (cats, guinea pigs), Metacam 0.5 mg/ml - Oral suspension (dogs), Metacam 1 mg - Chewable tablet (dogs), Metacam 1.5 mg/ml - Oral suspension (dogs), Metacam 15 mg/ml - Oral suspension (horses), Metacam 15 mg/ml - Oral suspension (pigs), Metacam 2 mg/ml - Solution for injection (cats), Metacam 2.5 mg - Chewable tablet (dogs), Metacam 20 mg/ml - Solution for injection (cattle, pigs, horses), Metacam 40 mg/ml - Solution for injection (cattle, horses), Metacam 5 mg/ml - Solution for injection (cats, dogs), Metacam 5 mg/ml - Solution for injection (cattle, pigs), Metacam 5 mg/ml - Solution for injection (dogs)","Behavioural disorder NOS, Bloody diarrhoea, Colitis, Corneal disorder NOS, Corneal ulcer, Death by euthanasia, Eye disorder NOS (for Photophobia see neurological), Haemorrhage NOS, Haemorrhagic gastroenteritis, Heart murmur, Lethargy (see also Central nervous system depression in Neurological), Listless, Not eating, Other abnormal test result NOS, Rectal bleeding, Vomiting",1,1,1
USA-ZZELANCO-US201227184,"<a target=""_blank""  href=""/xmlpserver/EVVET3 PW NEW/Subject Area Contents/Public Website/Report (PDF)/AER.xdo?_xpf=&_xpt=1&_params%2FOracle%20BI%20EE%3A%3ADefaultApp%3A%3AEVVET3%20PR%20NEW%2FAER%3A%3Adimension%2FAER%20Id%3A%3Aattribute%3A%3Anoaggr%3A%3Axsd%3Adouble=338646&_xt=AER&_xf=pdf""> AER </a>",2012-11-20 00:00:00,Animal owner,United States,MALE,Dog,Retriever - Labrador,"Comfortis 1620 mg  - Chewable tablet, Metacam 0.5 mg/ml - Oral suspension (cats, guinea pigs), Metacam 0.5 mg/ml - Oral suspension (dogs), Metacam 1 mg - Chewable tablet (dogs), Metacam 1.5 mg/ml - Oral suspension (dogs), Metacam 15 mg/ml - Oral suspension (horses), Metacam 15 mg/ml - Oral suspension (pigs), Metacam 2 mg/ml - Solution for injection (cats), Metacam 2.5 mg - Chewable tablet (dogs), Metacam 20 mg/ml - Solution for injection (cattle, pigs, horses), Metacam 40 mg/ml - Solution for injection (cattle, horses), Metacam 5 mg/ml - Solution for injection (cats, dogs), Metacam 5 mg/ml - Solution for injection (cattle, pigs), Metacam 5 mg/ml - Solution for injection (dogs)","Abnormal breathing, Blood in faeces, Bronchitis, Cardiac disorder NOS, Cardiac enlargement, Cough, Digestive tract disorder NOS, Flatulence, Heart failure, Heart insufficiency, Heart valve disorder, Laryngeal paralysis, Loose stool, Muscle weakness NOS, Panting, Tenesmus, Vomiting",1,1,
ZA-FRMERIAL-12ZA000009,"<a target=""_blank""  href=""/xmlpserver/EVVET3 PW NEW/Subject Area Contents/Public Website/Report (PDF)/AER.xdo?_xpf=&_xpt=1&_params%2FOracle%20BI%20EE%3A%3ADefaultApp%3A%3AEVVET3%20PR%20NEW%2FAER%3A%3Adimension%2FAER%20Id%3A%3Aattribute%3A%3Anoaggr%3A%3Axsd%3Adouble=303697&_xt=AER&_xf=pdf""> AER </a>",2012-04-03 00:00:00,Veterinarian,South Africa,MALE,Dog,Ridgeback - Rhodesian,"Metacam 0.5 mg/ml - Oral suspension (cats, guinea pigs), Metacam 0.5 mg/ml - Oral suspension (dogs), Metacam 1 mg - Chewable tablet (dogs), Metacam 1.5 mg/ml - Oral suspension (dogs), Metacam 15 mg/ml - Oral suspension (horses), Metacam 15 mg/ml - Oral suspension (pigs), Metacam 2 mg/ml - Solution for injection (cats), Metacam 2.5 mg - Chewable tablet (dogs), Metacam 20 mg/ml - Solution for injection (cattle, pigs, horses), Metacam 40 mg/ml - Solution for injection (cattle, horses), Metacam 5 mg/ml - Solution for injection (cats, dogs), Metacam 5 mg/ml - Solution for injection (cattle, pigs), Metacam 5 mg/ml - Solution for injection (dogs), Previcox 227 mg - Chewable tablet","Anorexia, Blood in vomit, Vomiting",1,1,