Case number,AER form,Received date,Reporter,Country,Gender,Species,Breed,Drug,Reaction,Animals affected,Animals treated,Animals died
AT-DEBIAHP-2011AT00001,"<a target=""_blank""  href=""/xmlpserver/EVVET3 PW NEW/Subject Area Contents/Public Website/Report (PDF)/AER.xdo?_xpf=&_xpt=1&_params%2FOracle%20BI%20EE%3A%3ADefaultApp%3A%3AEVVET3%20PR%20NEW%2FAER%3A%3Adimension%2FAER%20Id%3A%3Aattribute%3A%3Anoaggr%3A%3Axsd%3Adouble=360067&_xt=AER&_xf=pdf""> AER </a>",2013-04-15 00:00:00,Veterinarian,Austria,MALE,Dog,Siberian Husky,Metacam 1 mg - Chewable tablet (dogs),"Apathy, Haematuria",1,1,
AT-VETOQUINOL-8120/8361/AT / 13 VTQL 00519,"<a target=""_blank""  href=""/xmlpserver/EVVET3 PW NEW/Subject Area Contents/Public Website/Report (PDF)/AER.xdo?_xpf=&_xpt=1&_params%2FOracle%20BI%20EE%3A%3ADefaultApp%3A%3AEVVET3%20PR%20NEW%2FAER%3A%3Adimension%2FAER%20Id%3A%3Aattribute%3A%3Anoaggr%3A%3Axsd%3Adouble=380725&_xt=AER&_xf=pdf""> AER </a>",2013-12-02 00:00:00,Veterinarian,Austria,FEMALE,Dog,Shepherd Dog - Belgian Malinois,"Cimalgex 80 mg - Chewable tablet, Metacam 2 mg/ml - Solution for injection (cats), Metacam 20 mg/ml - Solution for injection (cattle, pigs, horses), Metacam 40 mg/ml - Solution for injection (cattle, horses), Metacam 5 mg/ml - Solution for injection (cats, dogs), Metacam 5 mg/ml - Solution for injection (cattle, pigs), Metacam 5 mg/ml - Solution for injection (dogs)","Blood in vomit, Duodenal ulcer, Gastric ulcer, Panting, Trembling, Vomiting",1,1,
AU-DEBIAHP-2010AU00070,"<a target=""_blank""  href=""/xmlpserver/EVVET3 PW NEW/Subject Area Contents/Public Website/Report (PDF)/AER.xdo?_xpf=&_xpt=1&_params%2FOracle%20BI%20EE%3A%3ADefaultApp%3A%3AEVVET3%20PR%20NEW%2FAER%3A%3Adimension%2FAER%20Id%3A%3Aattribute%3A%3Anoaggr%3A%3Axsd%3Adouble=363195&_xt=AER&_xf=pdf""> AER </a>",2013-05-17 00:00:00,Veterinarian,Australia,MALE,Dog,Spitz - German Pomeranian,"Metacam 2 mg/ml - Solution for injection (cats), Metacam 20 mg/ml - Solution for injection (cattle, pigs, horses), Metacam 40 mg/ml - Solution for injection (cattle, horses), Metacam 5 mg/ml - Solution for injection (cats, dogs), Metacam 5 mg/ml - Solution for injection (cattle, pigs), Metacam 5 mg/ml - Solution for injection (dogs)","Collapse NOS (see also Cardio-vascular and Neurological disorders), Death, Vomiting",1,1,
AU-DEBIAHP-2010AU00104,"<a target=""_blank""  href=""/xmlpserver/EVVET3 PW NEW/Subject Area Contents/Public Website/Report (PDF)/AER.xdo?_xpf=&_xpt=1&_params%2FOracle%20BI%20EE%3A%3ADefaultApp%3A%3AEVVET3%20PR%20NEW%2FAER%3A%3Adimension%2FAER%20Id%3A%3Aattribute%3A%3Anoaggr%3A%3Axsd%3Adouble=361382&_xt=AER&_xf=pdf""> AER </a>",2013-04-30 00:00:00,Other health care professional,Australia,MALE,Dog,Retriever - Labrador,"Metacam 0.5 mg/ml - Oral suspension (cats, guinea pigs), Metacam 0.5 mg/ml - Oral suspension (dogs), Metacam 1.5 mg/ml - Oral suspension (dogs), Metacam 15 mg/ml - Oral suspension (horses), Metacam 15 mg/ml - Oral suspension (pigs)",Diarrhoea,1,1,
AU-DEBIAHP-2010AU00133,"<a target=""_blank""  href=""/xmlpserver/EVVET3 PW NEW/Subject Area Contents/Public Website/Report (PDF)/AER.xdo?_xpf=&_xpt=1&_params%2FOracle%20BI%20EE%3A%3ADefaultApp%3A%3AEVVET3%20PR%20NEW%2FAER%3A%3Adimension%2FAER%20Id%3A%3Aattribute%3A%3Anoaggr%3A%3Axsd%3Adouble=360563&_xt=AER&_xf=pdf""> AER </a>",2013-04-22 00:00:00,Veterinarian,Australia,FEMALE,Dog,Crossbred Canine/dog,"ALFAXAN 10 mg/ml solution for injection for dogs and cats, Metacam 2 mg/ml - Solution for injection (cats), Metacam 20 mg/ml - Solution for injection (cattle, pigs, horses), Metacam 40 mg/ml - Solution for injection (cattle, horses), Metacam 5 mg/ml - Solution for injection (cats, dogs), Metacam 5 mg/ml - Solution for injection (cattle, pigs), Metacam 5 mg/ml - Solution for injection (dogs)","Bradycardia, Facial swelling (see also Skin)",1,1,
AU-DEBIAHP-2011AU00062,"<a target=""_blank""  href=""/xmlpserver/EVVET3 PW NEW/Subject Area Contents/Public Website/Report (PDF)/AER.xdo?_xpf=&_xpt=1&_params%2FOracle%20BI%20EE%3A%3ADefaultApp%3A%3AEVVET3%20PR%20NEW%2FAER%3A%3Adimension%2FAER%20Id%3A%3Aattribute%3A%3Anoaggr%3A%3Axsd%3Adouble=361383&_xt=AER&_xf=pdf""> AER </a>",2013-04-30 00:00:00,Veterinarian,Australia,FEMALE,Dog,Maltese,"Metacam 0.5 mg/ml - Oral suspension (cats, guinea pigs), Metacam 0.5 mg/ml - Oral suspension (dogs), Metacam 1.5 mg/ml - Oral suspension (dogs), Metacam 15 mg/ml - Oral suspension (horses), Metacam 15 mg/ml - Oral suspension (pigs)",Vomiting,1,1,
AU-DEBIAHP-2011AU00097,"<a target=""_blank""  href=""/xmlpserver/EVVET3 PW NEW/Subject Area Contents/Public Website/Report (PDF)/AER.xdo?_xpf=&_xpt=1&_params%2FOracle%20BI%20EE%3A%3ADefaultApp%3A%3AEVVET3%20PR%20NEW%2FAER%3A%3Adimension%2FAER%20Id%3A%3Aattribute%3A%3Anoaggr%3A%3Axsd%3Adouble=363158&_xt=AER&_xf=pdf""> AER </a>",2013-05-17 00:00:00,Veterinarian,Australia,FEMALE,Dog,Dog (other),"Metacam 2 mg/ml - Solution for injection (cats), Metacam 20 mg/ml - Solution for injection (cattle, pigs, horses), Metacam 40 mg/ml - Solution for injection (cattle, horses), Metacam 5 mg/ml - Solution for injection (cats, dogs), Metacam 5 mg/ml - Solution for injection (cattle, pigs), Metacam 5 mg/ml - Solution for injection (dogs), Previcox 227 mg - Chewable tablet, Previcox 57 mg - Chewable tablet","Death, Decreased urine concentration, Elevated blood urea nitrogen (BUN), Elevated creatinine, Inappetence, Inappropriate urination, Neutrophilia",1,1,
AU-DEBIAHP-2011AU00110,"<a target=""_blank""  href=""/xmlpserver/EVVET3 PW NEW/Subject Area Contents/Public Website/Report (PDF)/AER.xdo?_xpf=&_xpt=1&_params%2FOracle%20BI%20EE%3A%3ADefaultApp%3A%3AEVVET3%20PR%20NEW%2FAER%3A%3Adimension%2FAER%20Id%3A%3Aattribute%3A%3Anoaggr%3A%3Axsd%3Adouble=361384&_xt=AER&_xf=pdf""> AER </a>",2013-04-30 00:00:00,Veterinarian,Australia,FEMALE,Dog,Doberman Pinscher,"Metacam 0.5 mg/ml - Oral suspension (cats, guinea pigs), Metacam 0.5 mg/ml - Oral suspension (dogs), Metacam 1.5 mg/ml - Oral suspension (dogs), Metacam 15 mg/ml - Oral suspension (horses), Metacam 15 mg/ml - Oral suspension (pigs)",Anxiety,1,1,
AU-DEBIAHP-2011AU00113,"<a target=""_blank""  href=""/xmlpserver/EVVET3 PW NEW/Subject Area Contents/Public Website/Report (PDF)/AER.xdo?_xpf=&_xpt=1&_params%2FOracle%20BI%20EE%3A%3ADefaultApp%3A%3AEVVET3%20PR%20NEW%2FAER%3A%3Adimension%2FAER%20Id%3A%3Aattribute%3A%3Anoaggr%3A%3Axsd%3Adouble=361385&_xt=AER&_xf=pdf""> AER </a>",2013-04-30 00:00:00,Veterinarian,Australia,FEMALE,Dog,Rottweiler,"Metacam 0.5 mg/ml - Oral suspension (cats, guinea pigs), Metacam 0.5 mg/ml - Oral suspension (dogs), Metacam 1.5 mg/ml - Oral suspension (dogs), Metacam 15 mg/ml - Oral suspension (horses), Metacam 15 mg/ml - Oral suspension (pigs)","Off colour, Vomiting",1,1,
AU-DEBIAHP-2012AU00049,"<a target=""_blank""  href=""/xmlpserver/EVVET3 PW NEW/Subject Area Contents/Public Website/Report (PDF)/AER.xdo?_xpf=&_xpt=1&_params%2FOracle%20BI%20EE%3A%3ADefaultApp%3A%3AEVVET3%20PR%20NEW%2FAER%3A%3Adimension%2FAER%20Id%3A%3Aattribute%3A%3Anoaggr%3A%3Axsd%3Adouble=360675&_xt=AER&_xf=pdf""> AER </a>",2013-04-23 00:00:00,Veterinarian,Australia,MALE,Dog,Siberian Husky,Metacam 2.5 mg - Chewable tablet (dogs),"Found dead, Gastric ulcer, Peritonitis, Vomiting",1,1,
AU-DEBIAHP-2012AU00062,"<a target=""_blank""  href=""/xmlpserver/EVVET3 PW NEW/Subject Area Contents/Public Website/Report (PDF)/AER.xdo?_xpf=&_xpt=1&_params%2FOracle%20BI%20EE%3A%3ADefaultApp%3A%3AEVVET3%20PR%20NEW%2FAER%3A%3Adimension%2FAER%20Id%3A%3Aattribute%3A%3Anoaggr%3A%3Axsd%3Adouble=361386&_xt=AER&_xf=pdf""> AER </a>",2013-04-30 00:00:00,Veterinarian,Australia,FEMALE,Dog,Dog (other),"Metacam 0.5 mg/ml - Oral suspension (cats, guinea pigs), Metacam 0.5 mg/ml - Oral suspension (dogs), Metacam 1.5 mg/ml - Oral suspension (dogs), Metacam 15 mg/ml - Oral suspension (horses), Metacam 15 mg/ml - Oral suspension (pigs), Metacam 2 mg/ml - Solution for injection (cats), Metacam 20 mg/ml - Solution for injection (cattle, pigs, horses), Metacam 40 mg/ml - Solution for injection (cattle, horses), Metacam 5 mg/ml - Solution for injection (cats, dogs), Metacam 5 mg/ml - Solution for injection (cattle, pigs), Metacam 5 mg/ml - Solution for injection (dogs)","Diarrhoea, Inappetence, Vomiting",1,1,
AU-DEBIAHP-2012AU00084,"<a target=""_blank""  href=""/xmlpserver/EVVET3 PW NEW/Subject Area Contents/Public Website/Report (PDF)/AER.xdo?_xpf=&_xpt=1&_params%2FOracle%20BI%20EE%3A%3ADefaultApp%3A%3AEVVET3%20PR%20NEW%2FAER%3A%3Adimension%2FAER%20Id%3A%3Aattribute%3A%3Anoaggr%3A%3Axsd%3Adouble=361387&_xt=AER&_xf=pdf""> AER </a>",2013-04-30 00:00:00,Veterinarian,Australia,MALE,Dog,Dog (other),"Metacam 0.5 mg/ml - Oral suspension (cats, guinea pigs), Metacam 0.5 mg/ml - Oral suspension (dogs), Metacam 1.5 mg/ml - Oral suspension (dogs), Metacam 15 mg/ml - Oral suspension (horses), Metacam 15 mg/ml - Oral suspension (pigs)","Diarrhoea, Itching, Vomiting",1,1,
AU-DEBIAHP-2012AU00162,"<a target=""_blank""  href=""/xmlpserver/EVVET3 PW NEW/Subject Area Contents/Public Website/Report (PDF)/AER.xdo?_xpf=&_xpt=1&_params%2FOracle%20BI%20EE%3A%3ADefaultApp%3A%3AEVVET3%20PR%20NEW%2FAER%3A%3Adimension%2FAER%20Id%3A%3Aattribute%3A%3Anoaggr%3A%3Axsd%3Adouble=360075&_xt=AER&_xf=pdf""> AER </a>",2013-04-15 00:00:00,Veterinarian,Australia,MALE,Dog,Retriever - Labrador,"ACEPROMAZINE 10%/AGROSEED CANDILIDIS ενέσιμο διάλυμα 10 mg/ml για σκύλο και γάτα, Metacam 1 mg - Chewable tablet (dogs), Metacam 2 mg/ml - Solution for injection (cats), Metacam 20 mg/ml - Solution for injection (cattle, pigs, horses), Metacam 40 mg/ml - Solution for injection (cattle, horses), Metacam 5 mg/ml - Solution for injection (cats, dogs), Metacam 5 mg/ml - Solution for injection (cattle, pigs), Metacam 5 mg/ml - Solution for injection (dogs)","Acute renal failure, Polydipsia, Polyuria, Vomiting",1,1,
AU-DEBIAHP-2012AU00179,"<a target=""_blank""  href=""/xmlpserver/EVVET3 PW NEW/Subject Area Contents/Public Website/Report (PDF)/AER.xdo?_xpf=&_xpt=1&_params%2FOracle%20BI%20EE%3A%3ADefaultApp%3A%3AEVVET3%20PR%20NEW%2FAER%3A%3Adimension%2FAER%20Id%3A%3Aattribute%3A%3Anoaggr%3A%3Axsd%3Adouble=360678&_xt=AER&_xf=pdf""> AER </a>",2013-04-23 00:00:00,Veterinarian,Australia,MALE,Dog,Retriever - Labrador,"Metacam 2 mg/ml - Solution for injection (cats), Metacam 2.5 mg - Chewable tablet (dogs), Metacam 20 mg/ml - Solution for injection (cattle, pigs, horses), Metacam 40 mg/ml - Solution for injection (cattle, horses), Metacam 5 mg/ml - Solution for injection (cats, dogs), Metacam 5 mg/ml - Solution for injection (cattle, pigs), Metacam 5 mg/ml - Solution for injection (dogs)","Fluid in abdomen NOS, Vomiting",1,1,
AU-DEBIAHP-2013AU00081,"<a target=""_blank""  href=""/xmlpserver/EVVET3 PW NEW/Subject Area Contents/Public Website/Report (PDF)/AER.xdo?_xpf=&_xpt=1&_params%2FOracle%20BI%20EE%3A%3ADefaultApp%3A%3AEVVET3%20PR%20NEW%2FAER%3A%3Adimension%2FAER%20Id%3A%3Aattribute%3A%3Anoaggr%3A%3Axsd%3Adouble=364387&_xt=AER&_xf=pdf""> AER </a>",2013-06-03 00:00:00,Veterinarian,Australia,MALE,Dog,"Cattle Dog - Australian (blue heeler, red heeler, Queensland cattledog)","Metacam 0.5 mg/ml - Oral suspension (cats, guinea pigs), Metacam 0.5 mg/ml - Oral suspension (dogs), Metacam 1.5 mg/ml - Oral suspension (dogs), Metacam 15 mg/ml - Oral suspension (horses), Metacam 15 mg/ml - Oral suspension (pigs)","Pemphigus, Ulcerative dermatitis",1,1,
AU-DEBIAHP-2013AU00088,"<a target=""_blank""  href=""/xmlpserver/EVVET3 PW NEW/Subject Area Contents/Public Website/Report (PDF)/AER.xdo?_xpf=&_xpt=1&_params%2FOracle%20BI%20EE%3A%3ADefaultApp%3A%3AEVVET3%20PR%20NEW%2FAER%3A%3Adimension%2FAER%20Id%3A%3Aattribute%3A%3Anoaggr%3A%3Axsd%3Adouble=366318&_xt=AER&_xf=pdf""> AER </a>",2013-06-25 00:00:00,Veterinarian,Australia,FEMALE,Dog,Retriever - Golden,"Metacam 0.5 mg/ml - Oral suspension (cats, guinea pigs), Metacam 0.5 mg/ml - Oral suspension (dogs), Metacam 1.5 mg/ml - Oral suspension (dogs), Metacam 15 mg/ml - Oral suspension (horses), Metacam 15 mg/ml - Oral suspension (pigs)","Abdominal pain, Acute renal failure, Anaemia NOS, Diarrhoea, Vomiting, Weakness",1,1,1
AU-DEBIAHP-2013AU00109,"<a target=""_blank""  href=""/xmlpserver/EVVET3 PW NEW/Subject Area Contents/Public Website/Report (PDF)/AER.xdo?_xpf=&_xpt=1&_params%2FOracle%20BI%20EE%3A%3ADefaultApp%3A%3AEVVET3%20PR%20NEW%2FAER%3A%3Adimension%2FAER%20Id%3A%3Aattribute%3A%3Anoaggr%3A%3Axsd%3Adouble=366587&_xt=AER&_xf=pdf""> AER </a>",2013-06-27 00:00:00,Other health care professional,Australia,MALE,Dog,Dog (other),"Metacam 2 mg/ml - Solution for injection (cats), Metacam 20 mg/ml - Solution for injection (cattle, pigs, horses), Metacam 40 mg/ml - Solution for injection (cattle, horses), Metacam 5 mg/ml - Solution for injection (cats, dogs), Metacam 5 mg/ml - Solution for injection (cattle, pigs), Metacam 5 mg/ml - Solution for injection (dogs), Tramadog 50 mg tablet for dogs","Abdominal pain, Death, Gastric ulcer",1,1,
AU-DEBIAHP-2013AU00185,"<a target=""_blank""  href=""/xmlpserver/EVVET3 PW NEW/Subject Area Contents/Public Website/Report (PDF)/AER.xdo?_xpf=&_xpt=1&_params%2FOracle%20BI%20EE%3A%3ADefaultApp%3A%3AEVVET3%20PR%20NEW%2FAER%3A%3Adimension%2FAER%20Id%3A%3Aattribute%3A%3Anoaggr%3A%3Axsd%3Adouble=377204&_xt=AER&_xf=pdf""> AER </a>",2013-10-29 00:00:00,Veterinarian,Australia,FEMALE,Dog,Retriever - Labrador,"Metacam 0.5 mg/ml - Oral suspension (cats, guinea pigs), Metacam 0.5 mg/ml - Oral suspension (dogs), Metacam 1.5 mg/ml - Oral suspension (dogs), Metacam 15 mg/ml - Oral suspension (horses), Metacam 15 mg/ml - Oral suspension (pigs)","Lethargy (see also Central nervous system depression in Neurological), Sedation",1,1,
AU-OPAH-CA20130018,"<a target=""_blank""  href=""/xmlpserver/EVVET3 PW NEW/Subject Area Contents/Public Website/Report (PDF)/AER.xdo?_xpf=&_xpt=1&_params%2FOracle%20BI%20EE%3A%3ADefaultApp%3A%3AEVVET3%20PR%20NEW%2FAER%3A%3Adimension%2FAER%20Id%3A%3Aattribute%3A%3Anoaggr%3A%3Axsd%3Adouble=362931&_xt=AER&_xf=pdf""> AER </a>",2013-05-16 00:00:00,Other health care professional,Canada,FEMALE,Dog,Bulldog - French,"Dexdomitor 0.1 mg/ml - Solution for injection, Dexdomitor 0.5 mg/ml - Solution for injection, Fuxien vet 1000 mg/g inhalaatiohöyry, neste, ISOFLURANE-Vet 1000 mg/g liquido per inalazione per cani e gatti, ISOFLURIN 1000mg/g ΥΓΡΟ ΓΙΑ ΕΙΣΠΝΕΟΜΕΝΟΥΣ ΑΤΜΟΥΣ, Isoflurane 100% Inhalation Vapour, Liquid, Isoflurane 1000 mg/g Inhalation Vapour, liquid., Ketamin 10 % šķīdums injekcijām suņiem un kaķiem, Ketamin 10%, Ketamin 100 mg/ml, Ketamine 10% oplossing voor injectie voor honden en katten, Ketamine 10% pro inj., oplossing voor injectie voor honden en katten, Ketamine 10% šķīdums injekcijām suņiem un kaķiem, Ketamine 10%, oplossing voor injectie voor honden en katten, Metacam 0.5 mg/ml - Oral suspension (cats, guinea pigs), Metacam 0.5 mg/ml - Oral suspension (dogs), Metacam 1 mg - Chewable tablet (dogs), Metacam 1.5 mg/ml - Oral suspension (dogs), Metacam 15 mg/ml - Oral suspension (horses), Metacam 15 mg/ml - Oral suspension (pigs), Metacam 2 mg/ml - Solution for injection (cats), Metacam 2.5 mg - Chewable tablet (dogs), Metacam 20 mg/ml - Solution for injection (cattle, pigs, horses), Metacam 40 mg/ml - Solution for injection (cattle, horses), Metacam 5 mg/ml - Solution for injection (cats, dogs), Metacam 5 mg/ml - Solution for injection (cattle, pigs), Metacam 5 mg/ml - Solution for injection (dogs), КЕТАМИН 10 %",Cardiac arrest,1,1,
BE-DEBIAHP-2012BE00015,"<a target=""_blank""  href=""/xmlpserver/EVVET3 PW NEW/Subject Area Contents/Public Website/Report (PDF)/AER.xdo?_xpf=&_xpt=1&_params%2FOracle%20BI%20EE%3A%3ADefaultApp%3A%3AEVVET3%20PR%20NEW%2FAER%3A%3Adimension%2FAER%20Id%3A%3Aattribute%3A%3Anoaggr%3A%3Axsd%3Adouble=361397&_xt=AER&_xf=pdf""> AER </a>",2013-04-30 00:00:00,Veterinarian,Belgium,UNKNOWN,Dog,Spaniel - King Charles Cavalier,Metacam 1.5 mg/ml - Oral suspension (dogs),Vomiting,1,1,
CA-DEBIAHP-2010CA00457,"<a target=""_blank""  href=""/xmlpserver/EVVET3 PW NEW/Subject Area Contents/Public Website/Report (PDF)/AER.xdo?_xpf=&_xpt=1&_params%2FOracle%20BI%20EE%3A%3ADefaultApp%3A%3AEVVET3%20PR%20NEW%2FAER%3A%3Adimension%2FAER%20Id%3A%3Aattribute%3A%3Anoaggr%3A%3Axsd%3Adouble=363106&_xt=AER&_xf=pdf""> AER </a>",2013-05-17 00:00:00,Veterinarian,Canada,MALE,Dog,Retriever - Labrador,"Metacam 0.5 mg/ml - Oral suspension (cats, guinea pigs), Metacam 0.5 mg/ml - Oral suspension (dogs), Metacam 1.5 mg/ml - Oral suspension (dogs), Metacam 15 mg/ml - Oral suspension (horses), Metacam 15 mg/ml - Oral suspension (pigs)","Erythema (for urticaria see Immune SOC), Excitation, Fever",1,1,
CA-DEBIAHP-2010CA00461,"<a target=""_blank""  href=""/xmlpserver/EVVET3 PW NEW/Subject Area Contents/Public Website/Report (PDF)/AER.xdo?_xpf=&_xpt=1&_params%2FOracle%20BI%20EE%3A%3ADefaultApp%3A%3AEVVET3%20PR%20NEW%2FAER%3A%3Adimension%2FAER%20Id%3A%3Aattribute%3A%3Anoaggr%3A%3Axsd%3Adouble=361491&_xt=AER&_xf=pdf""> AER </a>",2013-04-30 00:00:00,Veterinarian,Canada,FEMALE,Dog,Dog (other),"Metacam 0.5 mg/ml - Oral suspension (cats, guinea pigs), Metacam 0.5 mg/ml - Oral suspension (dogs), Metacam 1.5 mg/ml - Oral suspension (dogs), Metacam 15 mg/ml - Oral suspension (horses), Metacam 15 mg/ml - Oral suspension (pigs), Metacam 2 mg/ml - Solution for injection (cats), Metacam 20 mg/ml - Solution for injection (cattle, pigs, horses), Metacam 40 mg/ml - Solution for injection (cattle, horses), Metacam 5 mg/ml - Solution for injection (cats, dogs), Metacam 5 mg/ml - Solution for injection (cattle, pigs), Metacam 5 mg/ml - Solution for injection (dogs)","Bloody diarrhoea, Vomiting",1,1,
CA-DEBIAHP-2010CA00636,"<a target=""_blank""  href=""/xmlpserver/EVVET3 PW NEW/Subject Area Contents/Public Website/Report (PDF)/AER.xdo?_xpf=&_xpt=1&_params%2FOracle%20BI%20EE%3A%3ADefaultApp%3A%3AEVVET3%20PR%20NEW%2FAER%3A%3Adimension%2FAER%20Id%3A%3Aattribute%3A%3Anoaggr%3A%3Axsd%3Adouble=363108&_xt=AER&_xf=pdf""> AER </a>",2013-05-17 00:00:00,Veterinarian,Canada,MALE,Dog,Ridgeback - Rhodesian,"Fuxien vet 1000 mg/g inhalaatiohöyry, neste, ISOFLURANE-Vet 1000 mg/g liquido per inalazione per cani e gatti, ISOFLURIN 1000mg/g ΥΓΡΟ ΓΙΑ ΕΙΣΠΝΕΟΜΕΝΟΥΣ ΑΤΜΟΥΣ, Isoflurane 100% Inhalation Vapour, Liquid, Isoflurane 1000 mg/g Inhalation Vapour, liquid., Metacam 0.5 mg/ml - Oral suspension (cats, guinea pigs), Metacam 0.5 mg/ml - Oral suspension (dogs), Metacam 1.5 mg/ml - Oral suspension (dogs), Metacam 15 mg/ml - Oral suspension (horses), Metacam 15 mg/ml - Oral suspension (pigs)",Bloody diarrhoea,1,1,
CA-DEBIAHP-2010CA00770,"<a target=""_blank""  href=""/xmlpserver/EVVET3 PW NEW/Subject Area Contents/Public Website/Report (PDF)/AER.xdo?_xpf=&_xpt=1&_params%2FOracle%20BI%20EE%3A%3ADefaultApp%3A%3AEVVET3%20PR%20NEW%2FAER%3A%3Adimension%2FAER%20Id%3A%3Aattribute%3A%3Anoaggr%3A%3Axsd%3Adouble=363107&_xt=AER&_xf=pdf""> AER </a>",2013-05-17 00:00:00,Veterinarian,Canada,FEMALE,Dog,Dog (other),"Metacam 0.5 mg/ml - Oral suspension (cats, guinea pigs), Metacam 0.5 mg/ml - Oral suspension (dogs), Metacam 1.5 mg/ml - Oral suspension (dogs), Metacam 15 mg/ml - Oral suspension (horses), Metacam 15 mg/ml - Oral suspension (pigs)",Thrombocytopenia,1,1,
CA-DEBIAHP-2010CA00772,"<a target=""_blank""  href=""/xmlpserver/EVVET3 PW NEW/Subject Area Contents/Public Website/Report (PDF)/AER.xdo?_xpf=&_xpt=1&_params%2FOracle%20BI%20EE%3A%3ADefaultApp%3A%3AEVVET3%20PR%20NEW%2FAER%3A%3Adimension%2FAER%20Id%3A%3Aattribute%3A%3Anoaggr%3A%3Axsd%3Adouble=363109&_xt=AER&_xf=pdf""> AER </a>",2013-05-17 00:00:00,Veterinarian,Canada,MALE,Dog,Collie - Border,"Anarthron 100 mg/ml Solution for Injection, Cartrophen Vet 100 mg/ml Solution for Injection., Cartrophen Vet. 100 mg/ml injektionsvæske, opløsning, Cartrophen vet, Cartrophen vet. 100 mg/ml Injektionsvätska, lösning, Cartrophen vet. 100 mg/ml injektioneste, liuos, Metacam 0.5 mg/ml - Oral suspension (cats, guinea pigs), Metacam 0.5 mg/ml - Oral suspension (dogs), Metacam 1.5 mg/ml - Oral suspension (dogs), Metacam 15 mg/ml - Oral suspension (horses), Metacam 15 mg/ml - Oral suspension (pigs), Stronghold 120 mg - Spot-on solution (12% - dogs), Stronghold 15 mg - Spot-on solution (6% - cats and dogs), Stronghold 240 mg - Spot-on solution (12% - dogs), Stronghold 30 mg - Spot-on solution (12% - dogs), Stronghold 360 mg - Spot-on solution (12% - dogs), Stronghold 45 mg - Spot-on solution (6% - cats), Stronghold 60 mg - Spot-on solution (12% - dogs), Stronghold 60 mg - Spot-on solution (6% - cats)",Elevated renal parameters,1,1,
CA-DEBIAHP-2010CA00790,"<a target=""_blank""  href=""/xmlpserver/EVVET3 PW NEW/Subject Area Contents/Public Website/Report (PDF)/AER.xdo?_xpf=&_xpt=1&_params%2FOracle%20BI%20EE%3A%3ADefaultApp%3A%3AEVVET3%20PR%20NEW%2FAER%3A%3Adimension%2FAER%20Id%3A%3Aattribute%3A%3Anoaggr%3A%3Axsd%3Adouble=361492&_xt=AER&_xf=pdf""> AER </a>",2013-04-30 00:00:00,Veterinarian,Canada,FEMALE,Dog,Spaniel - Cocker American,"Metacam 0.5 mg/ml - Oral suspension (cats, guinea pigs), Metacam 0.5 mg/ml - Oral suspension (dogs), Metacam 1.5 mg/ml - Oral suspension (dogs), Metacam 15 mg/ml - Oral suspension (horses), Metacam 15 mg/ml - Oral suspension (pigs), Metacam 2 mg/ml - Solution for injection (cats), Metacam 20 mg/ml - Solution for injection (cattle, pigs, horses), Metacam 40 mg/ml - Solution for injection (cattle, horses), Metacam 5 mg/ml - Solution for injection (cats, dogs), Metacam 5 mg/ml - Solution for injection (cattle, pigs), Metacam 5 mg/ml - Solution for injection (dogs)","Agitation, Urination",1,1,
CA-DEBIAHP-2010CA00809,"<a target=""_blank""  href=""/xmlpserver/EVVET3 PW NEW/Subject Area Contents/Public Website/Report (PDF)/AER.xdo?_xpf=&_xpt=1&_params%2FOracle%20BI%20EE%3A%3ADefaultApp%3A%3AEVVET3%20PR%20NEW%2FAER%3A%3Adimension%2FAER%20Id%3A%3Aattribute%3A%3Anoaggr%3A%3Axsd%3Adouble=363111&_xt=AER&_xf=pdf""> AER </a>",2013-05-17 00:00:00,Veterinarian,Canada,FEMALE,Dog,Bichon Frise,"Metacam 5 mg/ml - Solution for injection (cats, dogs), Metacam 5 mg/ml - Solution for injection (cattle, pigs), Metacam 5 mg/ml - Solution for injection (dogs)","Injection site itching, Injection site mucopurulent discharge, Injection site scab, Pruritus",1,1,
CA-DEBIAHP-2010CA00823,"<a target=""_blank""  href=""/xmlpserver/EVVET3 PW NEW/Subject Area Contents/Public Website/Report (PDF)/AER.xdo?_xpf=&_xpt=1&_params%2FOracle%20BI%20EE%3A%3ADefaultApp%3A%3AEVVET3%20PR%20NEW%2FAER%3A%3Adimension%2FAER%20Id%3A%3Aattribute%3A%3Anoaggr%3A%3Axsd%3Adouble=361493&_xt=AER&_xf=pdf""> AER </a>",2013-04-30 00:00:00,Veterinarian,Canada,MALE,Dog,Boxer (German Boxer),"Metacam 0.5 mg/ml - Oral suspension (cats, guinea pigs), Metacam 0.5 mg/ml - Oral suspension (dogs), Metacam 1.5 mg/ml - Oral suspension (dogs), Metacam 15 mg/ml - Oral suspension (horses), Metacam 15 mg/ml - Oral suspension (pigs), Metacam 2 mg/ml - Solution for injection (cats), Metacam 20 mg/ml - Solution for injection (cattle, pigs, horses), Metacam 40 mg/ml - Solution for injection (cattle, horses), Metacam 5 mg/ml - Solution for injection (cats, dogs), Metacam 5 mg/ml - Solution for injection (cattle, pigs), Metacam 5 mg/ml - Solution for injection (dogs)",Vomiting,1,1,
CA-DEBIAHP-2010CA00873,"<a target=""_blank""  href=""/xmlpserver/EVVET3 PW NEW/Subject Area Contents/Public Website/Report (PDF)/AER.xdo?_xpf=&_xpt=1&_params%2FOracle%20BI%20EE%3A%3ADefaultApp%3A%3AEVVET3%20PR%20NEW%2FAER%3A%3Adimension%2FAER%20Id%3A%3Aattribute%3A%3Anoaggr%3A%3Axsd%3Adouble=361494&_xt=AER&_xf=pdf""> AER </a>",2013-04-30 00:00:00,Veterinarian,Canada,FEMALE,Dog,Retriever - Labrador,"Metacam 0.5 mg/ml - Oral suspension (cats, guinea pigs), Metacam 0.5 mg/ml - Oral suspension (dogs), Metacam 1.5 mg/ml - Oral suspension (dogs), Metacam 15 mg/ml - Oral suspension (horses), Metacam 15 mg/ml - Oral suspension (pigs)","Diarrhoea, Haematemesis, Melaena, Vomiting",1,1,
CA-DEBIAHP-2010CA00908,"<a target=""_blank""  href=""/xmlpserver/EVVET3 PW NEW/Subject Area Contents/Public Website/Report (PDF)/AER.xdo?_xpf=&_xpt=1&_params%2FOracle%20BI%20EE%3A%3ADefaultApp%3A%3AEVVET3%20PR%20NEW%2FAER%3A%3Adimension%2FAER%20Id%3A%3Aattribute%3A%3Anoaggr%3A%3Axsd%3Adouble=363113&_xt=AER&_xf=pdf""> AER </a>",2013-05-17 00:00:00,Veterinarian,Canada,MALE,Dog,Dog (other),"DOMITOR 1 mg/ml raztopina za injiciranje za pse in mačke, DOMITOR 1 mg/ml ενέσιμο διάλυμα για σκύλους και γάτες, DOMITOR 1 mg/ml, soluție injectabilă pentru câini și pisici, DOMITOR, 1 mg/mL, otopina za injekciju za pse i mačke, DOMITOR, 1mg/ml, Injekční roztok, DOMITOR, SOLUTION INJECTABLE, Domitor, Domitor 1 mg/1 ml, roztwór do wstrzykiwań dla psów i kotów, Domitor 1 mg/ml - Injektionslösung für Hunde und Katzen, Domitor 1 mg/ml Oplossing voor injectie, Domitor 1 mg/ml Solution injectable, Domitor 1 mg/ml injekčný roztok, Domitor 1 mg/ml oldatos injekció kutyáknak és macskáknak A.U.V., Domitor 1 mg/ml solution for injection, Domitor 1 mg/ml soluzione iniettabile per cani e gatti, Domitor Vet 1 mg/ml injekcinis tirpalas, Domitor Vet 1 mg/ml šķīdums injekcijām, Domitor Vet, 1 mg/ml süstelahus, Domitor Vet. 1 mg/ml injektionsvæske, opløsning, Domitor vet 1 mg/ml injektioneste, liuos, Domitor vet. 1 mg/ml Injektionsvätska, lösning, Domitor vet. 1 mg/ml injeksjonsvæske, oppløsning til hund og katt, Metacam 0.5 mg/ml - Oral suspension (cats, guinea pigs), Metacam 0.5 mg/ml - Oral suspension (dogs), Metacam 1.5 mg/ml - Oral suspension (dogs), Metacam 15 mg/ml - Oral suspension (horses), Metacam 15 mg/ml - Oral suspension (pigs), Torbugesic 10 mg/ml Solution for Injection, Torbugesic Vet 10 mg/ml solution injectable pour chevaux, chiens et chats, Torbugesic Vet. 10 mg/ml injektionsvæske, opløsning, Torbuphanol Vet 10 mg/ml solution for injection for injection for horses, dogs and cats, Домитор Вет 1 mg/ml инжекционен разтвор за кучета и котки","Papule, Skin ulcer",1,1,
CA-DEBIAHP-2010CA00949,"<a target=""_blank""  href=""/xmlpserver/EVVET3 PW NEW/Subject Area Contents/Public Website/Report (PDF)/AER.xdo?_xpf=&_xpt=1&_params%2FOracle%20BI%20EE%3A%3ADefaultApp%3A%3AEVVET3%20PR%20NEW%2FAER%3A%3Adimension%2FAER%20Id%3A%3Aattribute%3A%3Anoaggr%3A%3Axsd%3Adouble=363112&_xt=AER&_xf=pdf""> AER </a>",2013-05-17 00:00:00,Veterinarian,Canada,MALE,Dog,Shih Tzu,"Metacam 5 mg/ml - Solution for injection (cats, dogs), Metacam 5 mg/ml - Solution for injection (cattle, pigs), Metacam 5 mg/ml - Solution for injection (dogs), Vanguard Plus 5 vakcina A.U.V., Vanguard Plus 5, liofilizat i rozpuszczalnik do sporządzania zawiesiny do wstrzykiwań dla psów",Injection site pain,1,1,
CA-DEBIAHP-2010CA01013,"<a target=""_blank""  href=""/xmlpserver/EVVET3 PW NEW/Subject Area Contents/Public Website/Report (PDF)/AER.xdo?_xpf=&_xpt=1&_params%2FOracle%20BI%20EE%3A%3ADefaultApp%3A%3AEVVET3%20PR%20NEW%2FAER%3A%3Adimension%2FAER%20Id%3A%3Aattribute%3A%3Anoaggr%3A%3Axsd%3Adouble=361495&_xt=AER&_xf=pdf""> AER </a>",2013-04-30 00:00:00,Veterinarian,Canada,FEMALE,Dog,Retriever - Golden,"Metacam 0.5 mg/ml - Oral suspension (cats, guinea pigs), Metacam 0.5 mg/ml - Oral suspension (dogs), Metacam 1.5 mg/ml - Oral suspension (dogs), Metacam 15 mg/ml - Oral suspension (horses), Metacam 15 mg/ml - Oral suspension (pigs)",Diarrhoea,1,1,
CA-DEBIAHP-2010CA01060,"<a target=""_blank""  href=""/xmlpserver/EVVET3 PW NEW/Subject Area Contents/Public Website/Report (PDF)/AER.xdo?_xpf=&_xpt=1&_params%2FOracle%20BI%20EE%3A%3ADefaultApp%3A%3AEVVET3%20PR%20NEW%2FAER%3A%3Adimension%2FAER%20Id%3A%3Aattribute%3A%3Anoaggr%3A%3Axsd%3Adouble=362954&_xt=AER&_xf=pdf""> AER </a>",2013-05-16 00:00:00,Veterinarian,Canada,FEMALE,Dog,Pug,"Metacam 2 mg/ml - Solution for injection (cats), Metacam 20 mg/ml - Solution for injection (cattle, pigs, horses), Metacam 40 mg/ml - Solution for injection (cattle, horses), Metacam 5 mg/ml - Solution for injection (cats, dogs), Metacam 5 mg/ml - Solution for injection (cattle, pigs), Metacam 5 mg/ml - Solution for injection (dogs)","Bloody diarrhoea, Colitis, Diarrhoea",1,1,
CA-DEBIAHP-2010CA01101,"<a target=""_blank""  href=""/xmlpserver/EVVET3 PW NEW/Subject Area Contents/Public Website/Report (PDF)/AER.xdo?_xpf=&_xpt=1&_params%2FOracle%20BI%20EE%3A%3ADefaultApp%3A%3AEVVET3%20PR%20NEW%2FAER%3A%3Adimension%2FAER%20Id%3A%3Aattribute%3A%3Anoaggr%3A%3Axsd%3Adouble=363115&_xt=AER&_xf=pdf""> AER </a>",2013-05-17 00:00:00,Veterinarian,Canada,MALE,Dog,Dog (other),"Metacam 0.5 mg/ml - Oral suspension (cats, guinea pigs), Metacam 0.5 mg/ml - Oral suspension (dogs), Metacam 1.5 mg/ml - Oral suspension (dogs), Metacam 15 mg/ml - Oral suspension (horses), Metacam 15 mg/ml - Oral suspension (pigs), RABISIN SUSPENSION INJECTABLE, RABISIN injekčná suspenzia, RABISIN suspenzija za injiciranje, RABISIN vet, injeksjonsvæske, suspensjon Vaksine mot rabies til dyr (inaktivert), RABISIN, Injekční suspenze, RABISIN, injekcinė suspensija, RABISIN, sospensione iniettabile per cani, gatti, equini, bovini, ovini, RABISIN, suspensie injectabilă, RABISIN, ενέσιμο εναιώρημα, RABISIN, ≥ 2,09 log10 OD50 i ≥ 1 I.J., suspenzija za injekciju za pse, mačke, pitome vretice, konje, govedo i ovce, Rabisin, Rabisin  Suspensie voor injectie, Rabisin Glikoproteiny wirusa wścieklizny nie mniej niż 1IU Zawiesina do wstrzykiwań, Rabisin Injektionssuspension für Hunde, Katzen, Marderartige, Pferde, Rinder und Schafe, Rabisin Vet. injektionsvæske, suspension, Rabisin suspensija injekcijām liellopiem, zirgiem, aitām, suņiem, kaķiem un mājas seskiem, Rabisin suspension injectable, Rabisin suspensão injectável, Rabisin vakcina A.U.V., Rabisin vet injektioneste, suspensio, Rabisin vet.  Injektionsvätska, suspension, Rabisin, Injektionssuspension für Hunde, Katzen, Marderartige, Pferde, Rinder und Schafe, Rabisin, suspensie voor injectie voor hond, kat en rund, Rabisin, süstesuspensioon, Vanguard Plus 5, liofilizat i rozpuszczalnik do sporządzania zawiesiny do wstrzykiwań dla psów, РАБИЗИН",Diarrhoea,1,1,
CA-DEBIAHP-2010CA01110,"<a target=""_blank""  href=""/xmlpserver/EVVET3 PW NEW/Subject Area Contents/Public Website/Report (PDF)/AER.xdo?_xpf=&_xpt=1&_params%2FOracle%20BI%20EE%3A%3ADefaultApp%3A%3AEVVET3%20PR%20NEW%2FAER%3A%3Adimension%2FAER%20Id%3A%3Aattribute%3A%3Anoaggr%3A%3Axsd%3Adouble=361496&_xt=AER&_xf=pdf""> AER </a>",2013-04-30 00:00:00,Veterinarian,Canada,FEMALE,Dog,Pointing Dog - Hungarian Wire-haired (Vizsla),"Metacam 0.5 mg/ml - Oral suspension (cats, guinea pigs), Metacam 0.5 mg/ml - Oral suspension (dogs), Metacam 1.5 mg/ml - Oral suspension (dogs), Metacam 15 mg/ml - Oral suspension (horses), Metacam 15 mg/ml - Oral suspension (pigs)",Urticaria,1,1,
CA-DEBIAHP-2010CA01199,"<a target=""_blank""  href=""/xmlpserver/EVVET3 PW NEW/Subject Area Contents/Public Website/Report (PDF)/AER.xdo?_xpf=&_xpt=1&_params%2FOracle%20BI%20EE%3A%3ADefaultApp%3A%3AEVVET3%20PR%20NEW%2FAER%3A%3Adimension%2FAER%20Id%3A%3Aattribute%3A%3Anoaggr%3A%3Axsd%3Adouble=363114&_xt=AER&_xf=pdf""> AER </a>",2013-05-17 00:00:00,Veterinarian,Canada,FEMALE,Dog,Shepherd Dog - German,"Metacam 0.5 mg/ml - Oral suspension (cats, guinea pigs), Metacam 0.5 mg/ml - Oral suspension (dogs), Metacam 1.5 mg/ml - Oral suspension (dogs), Metacam 15 mg/ml - Oral suspension (horses), Metacam 15 mg/ml - Oral suspension (pigs)","Anorexia, Bloody diarrhoea, Dehydration, Vomiting",1,1,
CA-DEBIAHP-2010CA01229,"<a target=""_blank""  href=""/xmlpserver/EVVET3 PW NEW/Subject Area Contents/Public Website/Report (PDF)/AER.xdo?_xpf=&_xpt=1&_params%2FOracle%20BI%20EE%3A%3ADefaultApp%3A%3AEVVET3%20PR%20NEW%2FAER%3A%3Adimension%2FAER%20Id%3A%3Aattribute%3A%3Anoaggr%3A%3Axsd%3Adouble=362955&_xt=AER&_xf=pdf""> AER </a>",2013-05-16 00:00:00,Veterinarian,Canada,FEMALE,Dog,Spitz - German Pomeranian,"Metacam 2 mg/ml - Solution for injection (cats), Metacam 20 mg/ml - Solution for injection (cattle, pigs, horses), Metacam 40 mg/ml - Solution for injection (cattle, horses), Metacam 5 mg/ml - Solution for injection (cats, dogs), Metacam 5 mg/ml - Solution for injection (cattle, pigs), Metacam 5 mg/ml - Solution for injection (dogs)","Bloody diarrhoea, Loose stool, Mucous stool, Vomiting",1,1,
CA-DEBIAHP-2010CA01295,"<a target=""_blank""  href=""/xmlpserver/EVVET3 PW NEW/Subject Area Contents/Public Website/Report (PDF)/AER.xdo?_xpf=&_xpt=1&_params%2FOracle%20BI%20EE%3A%3ADefaultApp%3A%3AEVVET3%20PR%20NEW%2FAER%3A%3Adimension%2FAER%20Id%3A%3Aattribute%3A%3Anoaggr%3A%3Axsd%3Adouble=361498&_xt=AER&_xf=pdf""> AER </a>",2013-04-30 00:00:00,Veterinarian,Canada,FEMALE,Dog,Retriever - Labrador,"Metacam 0.5 mg/ml - Oral suspension (cats, guinea pigs), Metacam 0.5 mg/ml - Oral suspension (dogs), Metacam 1.5 mg/ml - Oral suspension (dogs), Metacam 15 mg/ml - Oral suspension (horses), Metacam 15 mg/ml - Oral suspension (pigs)","Anorexia, Halitosis, Hypersalivation, Tongue ulceration, Ulceration NOS",1,1,
CA-DEBIAHP-2010CA01336,"<a target=""_blank""  href=""/xmlpserver/EVVET3 PW NEW/Subject Area Contents/Public Website/Report (PDF)/AER.xdo?_xpf=&_xpt=1&_params%2FOracle%20BI%20EE%3A%3ADefaultApp%3A%3AEVVET3%20PR%20NEW%2FAER%3A%3Adimension%2FAER%20Id%3A%3Aattribute%3A%3Anoaggr%3A%3Axsd%3Adouble=363116&_xt=AER&_xf=pdf""> AER </a>",2013-05-17 00:00:00,Veterinarian,Canada,MALE,Dog,Crossbred Canine/dog,"Metacam 5 mg/ml - Solution for injection (cats, dogs), Metacam 5 mg/ml - Solution for injection (cattle, pigs), Metacam 5 mg/ml - Solution for injection (dogs)","Injection site hair loss, Injection site lesion",1,1,
CA-DEBIAHP-2010CA01373,"<a target=""_blank""  href=""/xmlpserver/EVVET3 PW NEW/Subject Area Contents/Public Website/Report (PDF)/AER.xdo?_xpf=&_xpt=1&_params%2FOracle%20BI%20EE%3A%3ADefaultApp%3A%3AEVVET3%20PR%20NEW%2FAER%3A%3Adimension%2FAER%20Id%3A%3Aattribute%3A%3Anoaggr%3A%3Axsd%3Adouble=362958&_xt=AER&_xf=pdf""> AER </a>",2013-05-16 00:00:00,Veterinarian,Canada,MALE,Dog,Dog (other),"Metacam 2 mg/ml - Solution for injection (cats), Metacam 20 mg/ml - Solution for injection (cattle, pigs, horses), Metacam 40 mg/ml - Solution for injection (cattle, horses), Metacam 5 mg/ml - Solution for injection (cats, dogs), Metacam 5 mg/ml - Solution for injection (cattle, pigs), Metacam 5 mg/ml - Solution for injection (dogs)",Seizure NOS,1,1,
CA-DEBIAHP-2010CA01374,"<a target=""_blank""  href=""/xmlpserver/EVVET3 PW NEW/Subject Area Contents/Public Website/Report (PDF)/AER.xdo?_xpf=&_xpt=1&_params%2FOracle%20BI%20EE%3A%3ADefaultApp%3A%3AEVVET3%20PR%20NEW%2FAER%3A%3Adimension%2FAER%20Id%3A%3Aattribute%3A%3Anoaggr%3A%3Axsd%3Adouble=363120&_xt=AER&_xf=pdf""> AER </a>",2013-05-17 00:00:00,Veterinarian,Canada,FEMALE,Dog,Crossbred Canine/dog,"Metacam 0.5 mg/ml - Oral suspension (cats, guinea pigs), Metacam 0.5 mg/ml - Oral suspension (dogs), Metacam 1.5 mg/ml - Oral suspension (dogs), Metacam 15 mg/ml - Oral suspension (horses), Metacam 15 mg/ml - Oral suspension (pigs), Metacam 5 mg/ml - Solution for injection (cats, dogs), Metacam 5 mg/ml - Solution for injection (cattle, pigs), Metacam 5 mg/ml - Solution for injection (dogs)","Bloody diarrhoea, Colitis, Diarrhoea",1,1,
CA-DEBIAHP-2010CA01437,"<a target=""_blank""  href=""/xmlpserver/EVVET3 PW NEW/Subject Area Contents/Public Website/Report (PDF)/AER.xdo?_xpf=&_xpt=1&_params%2FOracle%20BI%20EE%3A%3ADefaultApp%3A%3AEVVET3%20PR%20NEW%2FAER%3A%3Adimension%2FAER%20Id%3A%3Aattribute%3A%3Anoaggr%3A%3Axsd%3Adouble=363119&_xt=AER&_xf=pdf""> AER </a>",2013-05-17 00:00:00,Veterinarian,Canada,FEMALE,Dog,Poodle - Toy,"Metacam 5 mg/ml - Solution for injection (cats, dogs), Metacam 5 mg/ml - Solution for injection (cattle, pigs), Metacam 5 mg/ml - Solution for injection (dogs), Stronghold 120 mg - Spot-on solution (12% - dogs), Stronghold 15 mg - Spot-on solution (6% - cats and dogs), Stronghold 240 mg - Spot-on solution (12% - dogs), Stronghold 30 mg - Spot-on solution (12% - dogs), Stronghold 360 mg - Spot-on solution (12% - dogs), Stronghold 45 mg - Spot-on solution (6% - cats), Stronghold 60 mg - Spot-on solution (12% - dogs), Stronghold 60 mg - Spot-on solution (6% - cats), Torbugesic 10 mg/ml Solution for Injection, Torbugesic Vet 10 mg/ml solution injectable pour chevaux, chiens et chats, Torbugesic Vet. 10 mg/ml injektionsvæske, opløsning, Torbuphanol Vet 10 mg/ml solution for injection for injection for horses, dogs and cats","Injection site erythema, Injection site inflammation, Injection site scab",1,1,
CA-DEBIAHP-2010CA01457,"<a target=""_blank""  href=""/xmlpserver/EVVET3 PW NEW/Subject Area Contents/Public Website/Report (PDF)/AER.xdo?_xpf=&_xpt=1&_params%2FOracle%20BI%20EE%3A%3ADefaultApp%3A%3AEVVET3%20PR%20NEW%2FAER%3A%3Adimension%2FAER%20Id%3A%3Aattribute%3A%3Anoaggr%3A%3Axsd%3Adouble=361499&_xt=AER&_xf=pdf""> AER </a>",2013-04-30 00:00:00,Veterinarian,Canada,MALE,Dog,Dog (other),"Metacam 0.5 mg/ml - Oral suspension (cats, guinea pigs), Metacam 0.5 mg/ml - Oral suspension (dogs), Metacam 1.5 mg/ml - Oral suspension (dogs), Metacam 15 mg/ml - Oral suspension (horses), Metacam 15 mg/ml - Oral suspension (pigs)","Agitation, Appetite loss, Haematemesis",1,1,
CA-DEBIAHP-2010CA01463,"<a target=""_blank""  href=""/xmlpserver/EVVET3 PW NEW/Subject Area Contents/Public Website/Report (PDF)/AER.xdo?_xpf=&_xpt=1&_params%2FOracle%20BI%20EE%3A%3ADefaultApp%3A%3AEVVET3%20PR%20NEW%2FAER%3A%3Adimension%2FAER%20Id%3A%3Aattribute%3A%3Anoaggr%3A%3Axsd%3Adouble=363121&_xt=AER&_xf=pdf""> AER </a>",2013-05-17 00:00:00,Veterinarian,Canada,FEMALE,Dog,Chihuahua,"Metacam 0.5 mg/ml - Oral suspension (cats, guinea pigs), Metacam 0.5 mg/ml - Oral suspension (dogs), Metacam 1.5 mg/ml - Oral suspension (dogs), Metacam 15 mg/ml - Oral suspension (horses), Metacam 15 mg/ml - Oral suspension (pigs), Metacam 5 mg/ml - Solution for injection (cats, dogs), Metacam 5 mg/ml - Solution for injection (cattle, pigs), Metacam 5 mg/ml - Solution for injection (dogs)","Appetite loss, Bloody diarrhoea, Vomiting, Weight loss",1,1,
CA-DEBIAHP-2010CA01469,"<a target=""_blank""  href=""/xmlpserver/EVVET3 PW NEW/Subject Area Contents/Public Website/Report (PDF)/AER.xdo?_xpf=&_xpt=1&_params%2FOracle%20BI%20EE%3A%3ADefaultApp%3A%3AEVVET3%20PR%20NEW%2FAER%3A%3Adimension%2FAER%20Id%3A%3Aattribute%3A%3Anoaggr%3A%3Axsd%3Adouble=363122&_xt=AER&_xf=pdf""> AER </a>",2013-05-17 00:00:00,Veterinarian,Canada,MALE,Dog,Chihuahua,"Metacam 0.5 mg/ml - Oral suspension (cats, guinea pigs), Metacam 0.5 mg/ml - Oral suspension (dogs), Metacam 1.5 mg/ml - Oral suspension (dogs), Metacam 15 mg/ml - Oral suspension (horses), Metacam 15 mg/ml - Oral suspension (pigs)","Ataxia, Elevated liver enzymes NOS, Knuckling",1,1,
CA-DEBIAHP-2010CA01522,"<a target=""_blank""  href=""/xmlpserver/EVVET3 PW NEW/Subject Area Contents/Public Website/Report (PDF)/AER.xdo?_xpf=&_xpt=1&_params%2FOracle%20BI%20EE%3A%3ADefaultApp%3A%3AEVVET3%20PR%20NEW%2FAER%3A%3Adimension%2FAER%20Id%3A%3Aattribute%3A%3Anoaggr%3A%3Axsd%3Adouble=361500&_xt=AER&_xf=pdf""> AER </a>",2013-04-30 00:00:00,Veterinarian,Canada,MALE,Dog,Terrier - Cairn,"Metacam 0.5 mg/ml - Oral suspension (cats, guinea pigs), Metacam 0.5 mg/ml - Oral suspension (dogs), Metacam 1.5 mg/ml - Oral suspension (dogs), Metacam 15 mg/ml - Oral suspension (horses), Metacam 15 mg/ml - Oral suspension (pigs)","Anorexia, Elevated renal parameters, Lethargy (see also Central nervous system depression in Neurological)",1,1,
CA-DEBIAHP-2011CA00005,"<a target=""_blank""  href=""/xmlpserver/EVVET3 PW NEW/Subject Area Contents/Public Website/Report (PDF)/AER.xdo?_xpf=&_xpt=1&_params%2FOracle%20BI%20EE%3A%3ADefaultApp%3A%3AEVVET3%20PR%20NEW%2FAER%3A%3Adimension%2FAER%20Id%3A%3Aattribute%3A%3Anoaggr%3A%3Axsd%3Adouble=361501&_xt=AER&_xf=pdf""> AER </a>",2013-04-30 00:00:00,Veterinarian,Canada,FEMALE,Dog,Crossbred Canine/dog,"Metacam 0.5 mg/ml - Oral suspension (cats, guinea pigs), Metacam 0.5 mg/ml - Oral suspension (dogs), Metacam 1.5 mg/ml - Oral suspension (dogs), Metacam 15 mg/ml - Oral suspension (horses), Metacam 15 mg/ml - Oral suspension (pigs)","Anorexia, Bloody diarrhoea, Elevated renal parameters, Hypoproteinaemia, Melaena, Vomiting",1,1,
CA-DEBIAHP-2011CA00132,"<a target=""_blank""  href=""/xmlpserver/EVVET3 PW NEW/Subject Area Contents/Public Website/Report (PDF)/AER.xdo?_xpf=&_xpt=1&_params%2FOracle%20BI%20EE%3A%3ADefaultApp%3A%3AEVVET3%20PR%20NEW%2FAER%3A%3Adimension%2FAER%20Id%3A%3Aattribute%3A%3Anoaggr%3A%3Axsd%3Adouble=363125&_xt=AER&_xf=pdf""> AER </a>",2013-05-17 00:00:00,Veterinarian,Canada,FEMALE,Dog,Crossbred Canine/dog,"MARAVET AMOXICILLIN, Metacam 0.5 mg/ml - Oral suspension (cats, guinea pigs), Metacam 0.5 mg/ml - Oral suspension (dogs), Metacam 1.5 mg/ml - Oral suspension (dogs), Metacam 15 mg/ml - Oral suspension (horses), Metacam 15 mg/ml - Oral suspension (pigs), Metacam 5 mg/ml - Solution for injection (cats, dogs), Metacam 5 mg/ml - Solution for injection (cattle, pigs), Metacam 5 mg/ml - Solution for injection (dogs)","Bloody diarrhoea, Vomiting",1,1,
CA-DEBIAHP-2011CA00145,"<a target=""_blank""  href=""/xmlpserver/EVVET3 PW NEW/Subject Area Contents/Public Website/Report (PDF)/AER.xdo?_xpf=&_xpt=1&_params%2FOracle%20BI%20EE%3A%3ADefaultApp%3A%3AEVVET3%20PR%20NEW%2FAER%3A%3Adimension%2FAER%20Id%3A%3Aattribute%3A%3Anoaggr%3A%3Axsd%3Adouble=361502&_xt=AER&_xf=pdf""> AER </a>",2013-04-30 00:00:00,Veterinarian,Canada,MALE,Dog,Crossbred Canine/dog,"Metacam 0.5 mg/ml - Oral suspension (cats, guinea pigs), Metacam 0.5 mg/ml - Oral suspension (dogs), Metacam 1.5 mg/ml - Oral suspension (dogs), Metacam 15 mg/ml - Oral suspension (horses), Metacam 15 mg/ml - Oral suspension (pigs), Metacam 2 mg/ml - Solution for injection (cats), Metacam 20 mg/ml - Solution for injection (cattle, pigs, horses), Metacam 40 mg/ml - Solution for injection (cattle, horses), Metacam 5 mg/ml - Solution for injection (cats, dogs), Metacam 5 mg/ml - Solution for injection (cattle, pigs), Metacam 5 mg/ml - Solution for injection (dogs)","Bloody diarrhoea, Drooling, Not eating, Vomiting",1,1,
CA-DEBIAHP-2011CA00167,"<a target=""_blank""  href=""/xmlpserver/EVVET3 PW NEW/Subject Area Contents/Public Website/Report (PDF)/AER.xdo?_xpf=&_xpt=1&_params%2FOracle%20BI%20EE%3A%3ADefaultApp%3A%3AEVVET3%20PR%20NEW%2FAER%3A%3Adimension%2FAER%20Id%3A%3Aattribute%3A%3Anoaggr%3A%3Axsd%3Adouble=363126&_xt=AER&_xf=pdf""> AER </a>",2013-05-17 00:00:00,Veterinarian,Canada,FEMALE,Dog,Poodle - Miniature,"CLINDAMYCIN 75 mg tablety, Clindamycin 75mg, Clindamycin, 75mg, Tableta, Metacam 0.5 mg/ml - Oral suspension (cats, guinea pigs), Metacam 0.5 mg/ml - Oral suspension (dogs), Metacam 1.5 mg/ml - Oral suspension (dogs), Metacam 15 mg/ml - Oral suspension (horses), Metacam 15 mg/ml - Oral suspension (pigs)",Vomiting,1,1,
CA-DEBIAHP-2011CA00174,"<a target=""_blank""  href=""/xmlpserver/EVVET3 PW NEW/Subject Area Contents/Public Website/Report (PDF)/AER.xdo?_xpf=&_xpt=1&_params%2FOracle%20BI%20EE%3A%3ADefaultApp%3A%3AEVVET3%20PR%20NEW%2FAER%3A%3Adimension%2FAER%20Id%3A%3Aattribute%3A%3Anoaggr%3A%3Axsd%3Adouble=361503&_xt=AER&_xf=pdf""> AER </a>",2013-04-30 00:00:00,Veterinarian,Canada,FEMALE,Dog,Crossbred Canine/dog,"Metacam 0.5 mg/ml - Oral suspension (cats, guinea pigs), Metacam 0.5 mg/ml - Oral suspension (dogs), Metacam 1.5 mg/ml - Oral suspension (dogs), Metacam 15 mg/ml - Oral suspension (horses), Metacam 15 mg/ml - Oral suspension (pigs)","Equilibrium disorder, Lethargy (see also Central nervous system depression in Neurological)",1,1,
CA-DEBIAHP-2011CA00186,"<a target=""_blank""  href=""/xmlpserver/EVVET3 PW NEW/Subject Area Contents/Public Website/Report (PDF)/AER.xdo?_xpf=&_xpt=1&_params%2FOracle%20BI%20EE%3A%3ADefaultApp%3A%3AEVVET3%20PR%20NEW%2FAER%3A%3Adimension%2FAER%20Id%3A%3Aattribute%3A%3Anoaggr%3A%3Axsd%3Adouble=363124&_xt=AER&_xf=pdf""> AER </a>",2013-05-17 00:00:00,Veterinarian,Canada,MALE,Dog,Crossbred Canine/dog,"BAYTRIL 0,5% W/V ΠΟΣΙΜΟ ΔΙΑΛΥΜΑ, BAYTRIL 0,5% πόσιμο διάλυμα ενροφλοξακίνης για ορνίθια και γαλοπούλες, BAYTRIL 10 % SOLUTION BUVABLE, BAYTRIL 10 % SOLUTION INJECTABLE, BAYTRIL 10% W/V ΠΟΣΙΜΟ ΔΙΑΛΥΜΑ, BAYTRIL 100 mg/ml - soluţie orală, BAYTRIL 100 mg/ml SOLUCION INYECTABLE, BAYTRIL 100 mg/ml soluție injectabilă, BAYTRIL 15 mg δισκία για γάτες και σκύλους, BAYTRIL 150 mg δισκία για γάτες και σκύλους, BAYTRIL 2,5 % SOLUTION BUVABLE, BAYTRIL 2,5 % SOLUTION INJECTABLE, BAYTRIL 2,5% W/V ΕΝΕΣΙΜΟ ΔΙΑΛΥΜΑ, BAYTRIL 2,5% W/V ΠΟΣΙΜΟ ΔΙΑΛΥΜΑ, BAYTRIL 25 mg/ml SOLUCION INYECTABLE, BAYTRIL 25 mg/ml SOLUCION ORAL, BAYTRIL 5 % SOLUTION INJECTABLE, BAYTRIL 5 mg/ml SOLUCION ORAL, BAYTRIL 50 mg δισκία για γάτες και σκύλους, BAYTRIL 50 mg/ml SOLUCION INYECTABLE, BAYTRIL 50mg/ml ενέσιμο διάλυμα, BAYTRIL, 25mg/ml, Injekční roztok, BAYTRIL, 5% ενέσιμο διάλυμα για μόσχους, χοίρους, πρόβατα, αίγες, σκύλους και γάτες, BAYTRIL, 50mg/ml, Injekční roztok, Baytril  100 mg/ml Oplossing voor injectie, Baytril  100 mg/ml Solution injectable, Baytril - Das Original - 100 mg/ml Injektionslösung, Baytril - Das Original - 25 mg/ml Injektionslösung, Baytril - Das Original - 50 mg/ml Injektionslösung, Baytril 0,5 % solução oral para leitões, Baytril 0,5%, Baytril 10 % solução oral, Baytril 10%, Baytril 10% O.L., Baytril 10% Oral Solution, Baytril 100 mg/mL, otopina za injekciju, za goveda, ovce, koze i svinje, Baytril 100 mg/mL, otopina za primjenu u vodi za piće, za kokoši, purane i kuniće, Baytril 100 mg/ml - Injektionslösung für Tiere, Baytril 100 mg/ml - Lösung zum Eingeben für Hühner, Puten und Kaninchen, Baytril 100 mg/ml Oplossing voor gebruik in drinkwater, Baytril 100 mg/ml Solution buvable, Baytril 100 mg/ml Solution for Injection, Baytril 100 mg/ml koncentrat za peroralno raztopino za piščance, purane in kunce, Baytril 100 mg/ml oldat ivóvízbe keveréshez A.U.V., Baytril 100 mg/ml oplossing voor gebruik in drinkwater voor kippen, kalkoenen en konijnen, Baytril 100 mg/ml oplossing voor injectie, Baytril 100 mg/ml raztopina za injiciranje, Baytril 100 mg/ml solution for injection, Baytril 100 mg/ml soluzione iniettabile, Baytril 100 mg/ml solução injetável, Baytril 150 mg tabletta A.U.V., Baytril 2,5%, 25 mg/mL, otopina za injekciju za pse, mačke, prasad, kuniće, glodavce, gmazove i ukrasne ptice, Baytril 25 mg/ml - Injektionslösung für Tiere, Baytril 25 mg/ml - Lösung zum Eingeben für Kälber und Lämmer, Baytril 25 mg/ml Lösung zum Eingeben für Rinder (Kälber), Baytril 25 mg/ml Oplossing voor injectie, Baytril 25 mg/ml Oral Solution, Baytril 25 mg/ml Solution injectable, Baytril 25 mg/ml injekčný roztok, Baytril 25 mg/ml oldatos injekció A.U.V., Baytril 25 mg/ml oplossing voor injectie, Baytril 25 mg/ml roztwór do wstrzykiwań, Baytril 25 mg/ml solution for injection, Baytril 25 mg/ml soluzione iniettabile, Baytril 25 mg/ml soluzione iniettabile per cani, gatti, roditori e conigli da compagnia, rettili e uccelli ornamentali, Baytril 25 mg/ml soluzione orale per vitelli, ovini, caprini, suini, Baytril 25 mg/ml solução injetável, Baytril 5 mg/ml - Lösung zum Eingeben für Schweine, Baytril 5 mg/ml belsőleges oldat sertések részére A.U.V., Baytril 50 mg tabletta A.U.V., Baytril 50 mg/mL, otopina za injekciju, za telad, ovce, koze, svinje, pse i mačke, Baytril 50 mg/ml - Injektionslösung für Tiere, Baytril 50 mg/ml Oplossing voor injectie, Baytril 50 mg/ml Solution for Injection, Baytril 50 mg/ml Solution injectable, Baytril 50 mg/ml injekčný roztok, Baytril 50 mg/ml oldatos injekció A.U.V., Baytril 50 mg/ml oplossing voor injectie, Baytril 50 mg/ml raztopina za injiciranje, Baytril 50 mg/ml soluzione iniettabile, Baytril 50 mg/ml solução injetável, Baytril 50 mg/ml soluție injectabilă, Baytril Direct 100 mg/ml Injektionslösung für Rinder und Schweine, Baytril Piglet Doser 0.5% Oral Solution, Baytril Vet. 100 mg/ml injektionsvæske, opløsning, Baytril Vet. 150 mg tabletter, Baytril Vet. 25 mg/ml oral opløsning, Baytril Vet. 50 mg tabletter, Baytril Vet. 50 mg/ml i","Equilibrium disorder, Neurological signs NOS",1,1,
CA-DEBIAHP-2011CA00284,"<a target=""_blank""  href=""/xmlpserver/EVVET3 PW NEW/Subject Area Contents/Public Website/Report (PDF)/AER.xdo?_xpf=&_xpt=1&_params%2FOracle%20BI%20EE%3A%3ADefaultApp%3A%3AEVVET3%20PR%20NEW%2FAER%3A%3Adimension%2FAER%20Id%3A%3Aattribute%3A%3Anoaggr%3A%3Axsd%3Adouble=361504&_xt=AER&_xf=pdf""> AER </a>",2013-04-30 00:00:00,Veterinarian,Canada,FEMALE,Dog,Spaniel - Springer Welsh,"Metacam 0.5 mg/ml - Oral suspension (cats, guinea pigs), Metacam 0.5 mg/ml - Oral suspension (dogs), Metacam 1.5 mg/ml - Oral suspension (dogs), Metacam 15 mg/ml - Oral suspension (horses), Metacam 15 mg/ml - Oral suspension (pigs)",Thrombocytopenia,1,1,
CA-DEBIAHP-2011CA00318,"<a target=""_blank""  href=""/xmlpserver/EVVET3 PW NEW/Subject Area Contents/Public Website/Report (PDF)/AER.xdo?_xpf=&_xpt=1&_params%2FOracle%20BI%20EE%3A%3ADefaultApp%3A%3AEVVET3%20PR%20NEW%2FAER%3A%3Adimension%2FAER%20Id%3A%3Aattribute%3A%3Anoaggr%3A%3Axsd%3Adouble=361505&_xt=AER&_xf=pdf""> AER </a>",2013-04-30 00:00:00,Veterinarian,Canada,MALE,Dog,Pug,"Metacam 0.5 mg/ml - Oral suspension (cats, guinea pigs), Metacam 0.5 mg/ml - Oral suspension (dogs), Metacam 1.5 mg/ml - Oral suspension (dogs), Metacam 15 mg/ml - Oral suspension (horses), Metacam 15 mg/ml - Oral suspension (pigs), Metacam 2 mg/ml - Solution for injection (cats), Metacam 20 mg/ml - Solution for injection (cattle, pigs, horses), Metacam 40 mg/ml - Solution for injection (cattle, horses), Metacam 5 mg/ml - Solution for injection (cats, dogs), Metacam 5 mg/ml - Solution for injection (cattle, pigs), Metacam 5 mg/ml - Solution for injection (dogs)",Seizure NOS,1,1,
CA-DEBIAHP-2011CA00336,"<a target=""_blank""  href=""/xmlpserver/EVVET3 PW NEW/Subject Area Contents/Public Website/Report (PDF)/AER.xdo?_xpf=&_xpt=1&_params%2FOracle%20BI%20EE%3A%3ADefaultApp%3A%3AEVVET3%20PR%20NEW%2FAER%3A%3Adimension%2FAER%20Id%3A%3Aattribute%3A%3Anoaggr%3A%3Axsd%3Adouble=361506&_xt=AER&_xf=pdf""> AER </a>",2013-04-30 00:00:00,Veterinarian,Canada,FEMALE,Dog,Crossbred Canine/dog,"Metacam 0.5 mg/ml - Oral suspension (cats, guinea pigs), Metacam 0.5 mg/ml - Oral suspension (dogs), Metacam 1.5 mg/ml - Oral suspension (dogs), Metacam 15 mg/ml - Oral suspension (horses), Metacam 15 mg/ml - Oral suspension (pigs)",Diarrhoea,1,1,
CA-DEBIAHP-2011CA00351,"<a target=""_blank""  href=""/xmlpserver/EVVET3 PW NEW/Subject Area Contents/Public Website/Report (PDF)/AER.xdo?_xpf=&_xpt=1&_params%2FOracle%20BI%20EE%3A%3ADefaultApp%3A%3AEVVET3%20PR%20NEW%2FAER%3A%3Adimension%2FAER%20Id%3A%3Aattribute%3A%3Anoaggr%3A%3Axsd%3Adouble=363128&_xt=AER&_xf=pdf""> AER </a>",2013-05-17 00:00:00,Veterinarian,Canada,FEMALE,Dog,Shih Tzu,"Diazepam 10 mg, tabletten voor honden en katten, Diazepam 2 mg, tabletten voor honden en katten, Diazepam 5 mg, tabletten voor honden en katten, Diazepam 5 mg/ml, oplossing voor injectie voor honden en katten, Fuxien vet 1000 mg/g inhalaatiohöyry, neste, ISOFLURANE-Vet 1000 mg/g liquido per inalazione per cani e gatti, ISOFLURIN 1000mg/g ΥΓΡΟ ΓΙΑ ΕΙΣΠΝΕΟΜΕΝΟΥΣ ΑΤΜΟΥΣ, Isoflurane 100% Inhalation Vapour, Liquid, Isoflurane 1000 mg/g Inhalation Vapour, liquid., Ketamin 10 % šķīdums injekcijām suņiem un kaķiem, Ketamin 10%, Ketamin 100 mg/ml, Ketamine 10% oplossing voor injectie voor honden en katten, Ketamine 10% pro inj., oplossing voor injectie voor honden en katten, Ketamine 10% šķīdums injekcijām suņiem un kaķiem, Ketamine 10%, oplossing voor injectie voor honden en katten, Metacam 5 mg/ml - Solution for injection (cats, dogs), Metacam 5 mg/ml - Solution for injection (cattle, pigs), Metacam 5 mg/ml - Solution for injection (dogs), ZIAPAM 5 mg/ml, solution for injection for dogs and cats, КЕТАМИН 10 %","Erythema (for urticaria see Immune SOC), Eyelid inflammation, Facial swelling (see also Skin)",1,1,
CA-DEBIAHP-2011CA00367,"<a target=""_blank""  href=""/xmlpserver/EVVET3 PW NEW/Subject Area Contents/Public Website/Report (PDF)/AER.xdo?_xpf=&_xpt=1&_params%2FOracle%20BI%20EE%3A%3ADefaultApp%3A%3AEVVET3%20PR%20NEW%2FAER%3A%3Adimension%2FAER%20Id%3A%3Aattribute%3A%3Anoaggr%3A%3Axsd%3Adouble=361507&_xt=AER&_xf=pdf""> AER </a>",2013-04-30 00:00:00,Veterinarian,Canada,FEMALE,Dog,Crossbred Canine/dog,"Metacam 0.5 mg/ml - Oral suspension (cats, guinea pigs), Metacam 0.5 mg/ml - Oral suspension (dogs), Metacam 1.5 mg/ml - Oral suspension (dogs), Metacam 15 mg/ml - Oral suspension (horses), Metacam 15 mg/ml - Oral suspension (pigs)","Anorexia, Ataxia, Falling, Incoordination, Lethargy (see also Central nervous system depression in Neurological), Muscle tremor, Vomiting, Weakness",1,1,
CA-DEBIAHP-2011CA00450,"<a target=""_blank""  href=""/xmlpserver/EVVET3 PW NEW/Subject Area Contents/Public Website/Report (PDF)/AER.xdo?_xpf=&_xpt=1&_params%2FOracle%20BI%20EE%3A%3ADefaultApp%3A%3AEVVET3%20PR%20NEW%2FAER%3A%3Adimension%2FAER%20Id%3A%3Aattribute%3A%3Anoaggr%3A%3Axsd%3Adouble=361508&_xt=AER&_xf=pdf""> AER </a>",2013-04-30 00:00:00,Veterinarian,Canada,FEMALE,Dog,Terrier - Jack Russell,"Metacam 0.5 mg/ml - Oral suspension (cats, guinea pigs), Metacam 0.5 mg/ml - Oral suspension (dogs), Metacam 1.5 mg/ml - Oral suspension (dogs), Metacam 15 mg/ml - Oral suspension (horses), Metacam 15 mg/ml - Oral suspension (pigs)","Anorexia, Decreased activity, Vomiting",1,1,
CA-DEBIAHP-2011CA00476,"<a target=""_blank""  href=""/xmlpserver/EVVET3 PW NEW/Subject Area Contents/Public Website/Report (PDF)/AER.xdo?_xpf=&_xpt=1&_params%2FOracle%20BI%20EE%3A%3ADefaultApp%3A%3AEVVET3%20PR%20NEW%2FAER%3A%3Adimension%2FAER%20Id%3A%3Aattribute%3A%3Anoaggr%3A%3Axsd%3Adouble=363130&_xt=AER&_xf=pdf""> AER </a>",2013-05-17 00:00:00,Veterinarian,Canada,FEMALE,Dog,Maltese,"Metacam 0.5 mg/ml - Oral suspension (cats, guinea pigs), Metacam 0.5 mg/ml - Oral suspension (dogs), Metacam 1.5 mg/ml - Oral suspension (dogs), Metacam 15 mg/ml - Oral suspension (horses), Metacam 15 mg/ml - Oral suspension (pigs)","Anorexia, Lethargy (see also Central nervous system depression in Neurological), Melaena, Vomiting",1,1,
CA-DEBIAHP-2011CA00657,"<a target=""_blank""  href=""/xmlpserver/EVVET3 PW NEW/Subject Area Contents/Public Website/Report (PDF)/AER.xdo?_xpf=&_xpt=1&_params%2FOracle%20BI%20EE%3A%3ADefaultApp%3A%3AEVVET3%20PR%20NEW%2FAER%3A%3Adimension%2FAER%20Id%3A%3Aattribute%3A%3Anoaggr%3A%3Axsd%3Adouble=362956&_xt=AER&_xf=pdf""> AER </a>",2013-05-16 00:00:00,Veterinarian,Canada,MALE,Dog,Pointing Dog - Hungarian Wire-haired (Vizsla),"Metacam 5 mg/ml - Solution for injection (cats, dogs), Metacam 5 mg/ml - Solution for injection (cattle, pigs), Metacam 5 mg/ml - Solution for injection (dogs)","Injection site alopecia, Injection site erythema, Injection site lump, Injection site scab",1,1,
CA-DEBIAHP-2011CA00677,"<a target=""_blank""  href=""/xmlpserver/EVVET3 PW NEW/Subject Area Contents/Public Website/Report (PDF)/AER.xdo?_xpf=&_xpt=1&_params%2FOracle%20BI%20EE%3A%3ADefaultApp%3A%3AEVVET3%20PR%20NEW%2FAER%3A%3Adimension%2FAER%20Id%3A%3Aattribute%3A%3Anoaggr%3A%3Axsd%3Adouble=361509&_xt=AER&_xf=pdf""> AER </a>",2013-04-30 00:00:00,Veterinarian,Canada,MALE,Dog,Retriever - Golden,"Metacam 0.5 mg/ml - Oral suspension (cats, guinea pigs), Metacam 0.5 mg/ml - Oral suspension (dogs), Metacam 1.5 mg/ml - Oral suspension (dogs), Metacam 15 mg/ml - Oral suspension (horses), Metacam 15 mg/ml - Oral suspension (pigs), Vanguard Plus 5 vakcina A.U.V., Vanguard Plus 5, liofilizat i rozpuszczalnik do sporządzania zawiesiny do wstrzykiwań dla psów","Decreased appetite, Diarrhoea, Vomiting",1,1,
CA-DEBIAHP-2011CA00684,"<a target=""_blank""  href=""/xmlpserver/EVVET3 PW NEW/Subject Area Contents/Public Website/Report (PDF)/AER.xdo?_xpf=&_xpt=1&_params%2FOracle%20BI%20EE%3A%3ADefaultApp%3A%3AEVVET3%20PR%20NEW%2FAER%3A%3Adimension%2FAER%20Id%3A%3Aattribute%3A%3Anoaggr%3A%3Axsd%3Adouble=362957&_xt=AER&_xf=pdf""> AER </a>",2013-05-16 00:00:00,Veterinarian,Canada,FEMALE,Dog,Bulldog,"ACEPROMAZINE 10%/AGROSEED CANDILIDIS ενέσιμο διάλυμα 10 mg/ml για σκύλο και γάτα, Ketamin 10 % šķīdums injekcijām suņiem un kaķiem, Ketamin 10%, Ketamin 100 mg/ml, Ketamine 10% oplossing voor injectie voor honden en katten, Ketamine 10% pro inj., oplossing voor injectie voor honden en katten, Ketamine 10% šķīdums injekcijām suņiem un kaķiem, Ketamine 10%, oplossing voor injectie voor honden en katten, Metacam 5 mg/ml - Solution for injection (cats, dogs), Metacam 5 mg/ml - Solution for injection (cattle, pigs), Metacam 5 mg/ml - Solution for injection (dogs), КЕТАМИН 10 %","Diarrhoea, Inappetence, Lethargy (see also Central nervous system depression in Neurological), Vomiting",1,1,
CA-DEBIAHP-2011CA00703,"<a target=""_blank""  href=""/xmlpserver/EVVET3 PW NEW/Subject Area Contents/Public Website/Report (PDF)/AER.xdo?_xpf=&_xpt=1&_params%2FOracle%20BI%20EE%3A%3ADefaultApp%3A%3AEVVET3%20PR%20NEW%2FAER%3A%3Adimension%2FAER%20Id%3A%3Aattribute%3A%3Anoaggr%3A%3Axsd%3Adouble=360512&_xt=AER&_xf=pdf""> AER </a>",2013-04-19 00:00:00,Veterinarian,Canada,FEMALE,Dog,Retriever - Nova Scotia Duck Tolling,"ANTISEDAN, ANTISEDAN 5 mg/ml SOLUCIÓN INYECTABLE PARA PERROS Y GATOS, ANTISEDAN 5 mg/ml raztopina za injiciranje za pse in mačke, ANTISEDAN 5MG/ML ΕΝΕΣΙΜΟ ΔΙΑΛΥΜΑ, ANTISEDAN SOLUTION INJECTABLE POUR CHIENS ET CHATS, ANTISEDAN, 5 mg/mL, otopina za injekciju, za pse i mačke, Antisedan 5 mg/ 1 ml, roztwór do wstrzykiwań dla psów i kotów, Antisedan 5 mg/ml  Injektionslösung für Hunde und Katzen, Antisedan 5 mg/ml - Injektionslösung für Hunde und Katzen, Antisedan 5 mg/ml Oplossing voor injectie, Antisedan 5 mg/ml Solution injectable, Antisedan 5 mg/ml injekčný roztok pre psy a mačky, Antisedan 5 mg/ml oldatos injekció kutya és macska részére.A.U.V., Antisedan 5 mg/ml solution for injection, Antisedan 5 mg/ml solução injetável para cães e gatos, Antisedan Vet 5 mg/ml injekcinis tirpalas, Antisedan Vet 5 mg/ml šķīdums injekcijām, Antisedan Vet, 5 mg/ml süstelahus, Antisedan Vet. 5 mg/ml injektionsvæske, opløsning, Antisedan vet 5 mg/ml injektioneste, liuos, Antisedan vet. 5 mg/ml Injektionsvätska, lösning, Antisedan vet. 5 mg/ml Stungulyf, lausn Handa hundum og köttum., Antisedan vet. 5 mg/ml injeksjonsvæske, oppløsning, til hund og katt, Antisedan vet., 5 mg/ml, Injektionsvätska, lösning, Antisedan, 5 mg/ml oplossing voor injectie voor honden en katten, Antisedan, 5mg/ml, Injekční roztok, Cefalexin 120mg, Cefalexin 180 mg/ml injekčná suspenzia, Cefalexin 600mg, DOMITOR 1 mg/ml raztopina za injiciranje za pse in mačke, DOMITOR 1 mg/ml ενέσιμο διάλυμα για σκύλους και γάτες, DOMITOR 1 mg/ml, soluție injectabilă pentru câini și pisici, DOMITOR, 1 mg/mL, otopina za injekciju za pse i mačke, DOMITOR, 1mg/ml, Injekční roztok, DOMITOR, SOLUTION INJECTABLE, Domitor, Domitor 1 mg/1 ml, roztwór do wstrzykiwań dla psów i kotów, Domitor 1 mg/ml - Injektionslösung für Hunde und Katzen, Domitor 1 mg/ml Oplossing voor injectie, Domitor 1 mg/ml Solution injectable, Domitor 1 mg/ml injekčný roztok, Domitor 1 mg/ml oldatos injekció kutyáknak és macskáknak A.U.V., Domitor 1 mg/ml solution for injection, Domitor 1 mg/ml soluzione iniettabile per cani e gatti, Domitor Vet 1 mg/ml injekcinis tirpalas, Domitor Vet 1 mg/ml šķīdums injekcijām, Domitor Vet, 1 mg/ml süstelahus, Domitor Vet. 1 mg/ml injektionsvæske, opløsning, Domitor vet 1 mg/ml injektioneste, liuos, Domitor vet. 1 mg/ml Injektionsvätska, lösning, Domitor vet. 1 mg/ml injeksjonsvæske, oppløsning til hund og katt, Metacam 0.5 mg/ml - Oral suspension (cats, guinea pigs), Metacam 0.5 mg/ml - Oral suspension (dogs), Metacam 1.5 mg/ml - Oral suspension (dogs), Metacam 15 mg/ml - Oral suspension (horses), Metacam 15 mg/ml - Oral suspension (pigs), Metacam 5 mg/ml - Solution for injection (cats, dogs), Metacam 5 mg/ml - Solution for injection (cattle, pigs), Metacam 5 mg/ml - Solution for injection (dogs), Torbugesic 10 mg/ml Solution for Injection, Torbugesic Vet 10 mg/ml solution injectable pour chevaux, chiens et chats, Torbugesic Vet. 10 mg/ml injektionsvæske, opløsning, Torbuphanol Vet 10 mg/ml solution for injection for injection for horses, dogs and cats, АНТИСЕДАН ВЕТ 5 mg/ml инжекционен разтвор, Домитор Вет 1 mg/ml инжекционен разтвор за кучета и котки","Anorexia, Cutaneous necrosis, Dehydration, Depression, Dermatitis, Drooling, Dyspnoea, Elevated bile acids, Elevated blood urea nitrogen (BUN), Elevated creatinine, Elevated total bilirubin, Facial oedema, Hepatopathy, Hypoproteinaemia, Leukocytosis NOS, Lymphopenia, Neutrophilia, Not drinking, Pulmonary oedema, Pyoderma, Thrombocytopenia",1,1,
CA-DEBIAHP-2011CA00747,"<a target=""_blank""  href=""/xmlpserver/EVVET3 PW NEW/Subject Area Contents/Public Website/Report (PDF)/AER.xdo?_xpf=&_xpt=1&_params%2FOracle%20BI%20EE%3A%3ADefaultApp%3A%3AEVVET3%20PR%20NEW%2FAER%3A%3Adimension%2FAER%20Id%3A%3Aattribute%3A%3Anoaggr%3A%3Axsd%3Adouble=361510&_xt=AER&_xf=pdf""> AER </a>",2013-04-30 00:00:00,Veterinarian,Canada,MALE,Dog,Crossbred Canine/dog,"Metacam 0.5 mg/ml - Oral suspension (cats, guinea pigs), Metacam 0.5 mg/ml - Oral suspension (dogs), Metacam 1.5 mg/ml - Oral suspension (dogs), Metacam 15 mg/ml - Oral suspension (horses), Metacam 15 mg/ml - Oral suspension (pigs)",Diarrhoea,1,1,
CA-DEBIAHP-2011CA00750,"<a target=""_blank""  href=""/xmlpserver/EVVET3 PW NEW/Subject Area Contents/Public Website/Report (PDF)/AER.xdo?_xpf=&_xpt=1&_params%2FOracle%20BI%20EE%3A%3ADefaultApp%3A%3AEVVET3%20PR%20NEW%2FAER%3A%3Adimension%2FAER%20Id%3A%3Aattribute%3A%3Anoaggr%3A%3Axsd%3Adouble=361511&_xt=AER&_xf=pdf""> AER </a>",2013-04-30 00:00:00,Veterinarian,Canada,MALE,Dog,Poodle - Standard,"Metacam 0.5 mg/ml - Oral suspension (cats, guinea pigs), Metacam 0.5 mg/ml - Oral suspension (dogs), Metacam 1.5 mg/ml - Oral suspension (dogs), Metacam 15 mg/ml - Oral suspension (horses), Metacam 15 mg/ml - Oral suspension (pigs), SYNULOX (200+50)MG/TAB ΔΙΣΚΙΟ, SYNULOX (40+10)MG/TAB ΔΙΣΚΙΟ, SYNULOX 140 mg/ml + 35 mg/ml suspensión inyectable, SYNULOX 200 mg/50 mg tablety pre psy a mačky, SYNULOX 200/50 mg COMPRIMIDOS APETITOSOS PARA PERROS, SYNULOX 250 COMPRIMES POUR CHIENS, SYNULOX 250 mg, SYNULOX 250 mg kramtomosios tabletės šunims ir katėms, SYNULOX 250 mg tablete za pse in mačke, SYNULOX 250mg, δισκία για σκύλους και γάτες, SYNULOX 40 mg/10 mg tablety pre psy a mačky, SYNULOX 40 mg/ml + 10 mg/ml POLVO PARA GOTAS ORALES EN SUSPENSION, SYNULOX 40/10 MG COMPRIMIDOS APETITOSOS PARA PERROS Y GATOS, SYNULOX 400 mg/100 mg tablety pre psy, SYNULOX 400/100 mg COMPRIMIDOS APETITOSOS PARA PERROS, SYNULOX 50 COMPRIMES POUR CHIENS ET CHATS, SYNULOX 50 mg, SYNULOX 50 mg kramtomosios tabletės šunims ir katėms, SYNULOX 50 mg tablete za pse in mačke, SYNULOX 500 COMPRIMES POUR CHIENS, SYNULOX 500 mg kramtomosios tabletės šunims, SYNULOX 500 mg tablete za pse, SYNULOX 500 mg, kramtomosios tabletės šunims, SYNULOX 500MG/TAB ΔΙΣΚΙΟ, SYNULOX 50mg, δισκία για σκύλους και γάτες, SYNULOX OGIVETTES POUR VEAUX, SYNULOX SUSPENSION INJECTABLE POUR BOVINS, SYNULOX VET 140 mg/ml injektioneste, suspensio koiralle, kissalle ja sialle, SYNULOX suspensão injetável para suínos, bovinos, cães e gatos, SYNULOX vet 200 mg/50 mg tabletti, koiralle ja kissalle, SYNULOX vet 40 mg/10 mg tabletti, koiralle ja kissalle, SYNULOX vet 400 mg/100 mg tabletti, koiralle, SYNULOX, 400/100mg, Tableta, Synulox 250 mg Comprimés Appétents, Synulox 250 mg Smakelijke tabletten, Synulox 250 mg tabletes suņiem un kaķiem, Synulox 250 mg, tabletid koertele ja kassidele, Synulox 250 mg, таблетки за кучета и котки, Synulox 250mg (200 mg/50 mg)  Tabletten für Hunde, Synulox 50 mg Comprimés Appétents, Synulox 50 mg Smakelijke Tabletten, Synulox 50 mg tabletes suņiem un kaķiem, Synulox 50 mg, tabletid koertele ja kassidele, Synulox 50 mg, таблетки за кучета и котки, Synulox 500 mg Bolus 400 mg - 100 mg Omhulde tablet, Synulox 500 mg Comprimés Appétents, Synulox 500 mg Smakelijke Tabletten, Synulox 500 mg tabletes suņiem, Synulox 500 mg, tabletid koertele, Synulox 500mg (400 mg/100 mg) Tabletten für Hunde, Synulox 50mg (40 mg/10 mg) Tabletten für Hunde und Katzen, Synulox Bolus 500 mg, 400 mg + 100 mg comprimés enrobés pour veaux, Synulox Lactating Cow Intramammary suspension., Synulox Tabletki 250 mg, Synulox Tabletki 250 mg (200+50) mg/tablete; tabletes suņiem, Synulox Tabletki 50 mg, Synulox Tabletki 50 mg (40+10) mg/ tablete; tabletes suņiem un kaķiem, Synulox Tabletki 500 mg, Synulox Vet. til hund og kat 200 + 50 mg tabletter, Synulox Vet. til hund og kat 40 + 10 mg tabletter, Synulox Vet. til hund tabletter 400 + 100 mg, Synulox Vet. til kalve 400 + 100 mg tabletter, Synulox comprimidos palatáveis 250 mg para cães e gatos, Synulox comprimidos palatáveis 50 mg para cães e gatos, Synulox comprimidos palatáveis 500 mg para cães, Synulox vet 40 mg/ml jauhe oraalisuspensiota varten koiralle ja kissalle, Synulox vet. 200 mg tabletter for hund og katt, Synulox vet. 200 mg/50 mg Tablett, Synulox vet. 40 mg tabletter for hund og katt, Synulox vet. 40 mg/10 mg Tablett, Synulox vet. 400 mg tabletter for hund, Synulox vet. 400 mg/100 mg Tablett, Synulox, 200/50mg, Tableta, Synulox, 40/10mg, Tableta, Synulox-Kalb 400 mg/100 mg Filmtabletten für Rinder (Kälber)","Blood in faeces, Blood in vomit",1,1,
CA-DEBIAHP-2011CA00758,"<a target=""_blank""  href=""/xmlpserver/EVVET3 PW NEW/Subject Area Contents/Public Website/Report (PDF)/AER.xdo?_xpf=&_xpt=1&_params%2FOracle%20BI%20EE%3A%3ADefaultApp%3A%3AEVVET3%20PR%20NEW%2FAER%3A%3Adimension%2FAER%20Id%3A%3Aattribute%3A%3Anoaggr%3A%3Axsd%3Adouble=360069&_xt=AER&_xf=pdf""> AER </a>",2013-04-15 00:00:00,Veterinarian,Canada,FEMALE,Dog,Boxer (German Boxer),"Advocate 100 mg + 25 mg - Spot-on solution, Advocate 250 mg + 62.5 mg - Spot-on solution, Advocate 40 mg + 10 mg - Spot-on solution, Advocate 40 mg + 4 mg - Spot-on solution, Advocate 400 mg + 100 mg - Spot-on solution, Advocate 80 mg + 8 mg - Spot-on solution, Atropine 0,1% pro inj., 1 mg/ml oplossing voor injectie voor honden en katten., Metacam 1 mg - Chewable tablet (dogs), Metacam 5 mg/ml - Solution for injection (cats, dogs), Metacam 5 mg/ml - Solution for injection (cattle, pigs), Metacam 5 mg/ml - Solution for injection (dogs)","Vomiting, Walking difficulty",1,1,
CA-DEBIAHP-2011CA00824,"<a target=""_blank""  href=""/xmlpserver/EVVET3 PW NEW/Subject Area Contents/Public Website/Report (PDF)/AER.xdo?_xpf=&_xpt=1&_params%2FOracle%20BI%20EE%3A%3ADefaultApp%3A%3AEVVET3%20PR%20NEW%2FAER%3A%3Adimension%2FAER%20Id%3A%3Aattribute%3A%3Anoaggr%3A%3Axsd%3Adouble=361512&_xt=AER&_xf=pdf""> AER </a>",2013-04-30 00:00:00,Veterinarian,Canada,MALE,Dog,Siberian Husky,"Metacam 0.5 mg/ml - Oral suspension (cats, guinea pigs), Metacam 0.5 mg/ml - Oral suspension (dogs), Metacam 1.5 mg/ml - Oral suspension (dogs), Metacam 15 mg/ml - Oral suspension (horses), Metacam 15 mg/ml - Oral suspension (pigs), Vanguard Plus 5 vakcina A.U.V., Vanguard Plus 5, liofilizat i rozpuszczalnik do sporządzania zawiesiny do wstrzykiwań dla psów","Anorexia, Bloody diarrhoea, Diarrhoea, Vomiting",1,1,
CA-DEBIAHP-2011CA00854,"<a target=""_blank""  href=""/xmlpserver/EVVET3 PW NEW/Subject Area Contents/Public Website/Report (PDF)/AER.xdo?_xpf=&_xpt=1&_params%2FOracle%20BI%20EE%3A%3ADefaultApp%3A%3AEVVET3%20PR%20NEW%2FAER%3A%3Adimension%2FAER%20Id%3A%3Aattribute%3A%3Anoaggr%3A%3Axsd%3Adouble=363133&_xt=AER&_xf=pdf""> AER </a>",2013-05-17 00:00:00,Veterinarian,Canada,MALE,Dog,Spaniel - Springer English,"ACEPROMAZINE 10%/AGROSEED CANDILIDIS ενέσιμο διάλυμα 10 mg/ml για σκύλο και γάτα, Anarthron 100 mg/ml Solution for Injection, Atropine 0,1% pro inj., 1 mg/ml oplossing voor injectie voor honden en katten., Cartrophen Vet 100 mg/ml Solution for Injection., Cartrophen Vet. 100 mg/ml injektionsvæske, opløsning, Cartrophen vet, Cartrophen vet. 100 mg/ml Injektionsvätska, lösning, Cartrophen vet. 100 mg/ml injektioneste, liuos, Metacam 0.5 mg/ml - Oral suspension (cats, guinea pigs), Metacam 0.5 mg/ml - Oral suspension (dogs), Metacam 1.5 mg/ml - Oral suspension (dogs), Metacam 15 mg/ml - Oral suspension (horses), Metacam 15 mg/ml - Oral suspension (pigs)",Hot spot (pyotraumatic dermatitis),1,1,
CA-DEBIAHP-2011CA00871,"<a target=""_blank""  href=""/xmlpserver/EVVET3 PW NEW/Subject Area Contents/Public Website/Report (PDF)/AER.xdo?_xpf=&_xpt=1&_params%2FOracle%20BI%20EE%3A%3ADefaultApp%3A%3AEVVET3%20PR%20NEW%2FAER%3A%3Adimension%2FAER%20Id%3A%3Aattribute%3A%3Anoaggr%3A%3Axsd%3Adouble=361513&_xt=AER&_xf=pdf""> AER </a>",2013-04-30 00:00:00,Veterinarian,Canada,MALE,Dog,"Dog (other), Hound - Swiss - (Lucerne Hound (Luzerner Laufhund), Schwyz Hound (Schweizer Laufhund), Bernese Hound, Jura Hound)","Metacam 0.5 mg/ml - Oral suspension (cats, guinea pigs), Metacam 0.5 mg/ml - Oral suspension (dogs), Metacam 1.5 mg/ml - Oral suspension (dogs), Metacam 15 mg/ml - Oral suspension (horses), Metacam 15 mg/ml - Oral suspension (pigs)",Urticaria,1,1,
CA-DEBIAHP-2011CA00877,"<a target=""_blank""  href=""/xmlpserver/EVVET3 PW NEW/Subject Area Contents/Public Website/Report (PDF)/AER.xdo?_xpf=&_xpt=1&_params%2FOracle%20BI%20EE%3A%3ADefaultApp%3A%3AEVVET3%20PR%20NEW%2FAER%3A%3Adimension%2FAER%20Id%3A%3Aattribute%3A%3Anoaggr%3A%3Axsd%3Adouble=361514&_xt=AER&_xf=pdf""> AER </a>",2013-04-30 00:00:00,Veterinarian,Canada,MALE,Dog,Crossbred Canine/dog,"ACEPROMAZINE 10%/AGROSEED CANDILIDIS ενέσιμο διάλυμα 10 mg/ml για σκύλο και γάτα, Fuxien vet 1000 mg/g inhalaatiohöyry, neste, ISOFLURANE-Vet 1000 mg/g liquido per inalazione per cani e gatti, ISOFLURIN 1000mg/g ΥΓΡΟ ΓΙΑ ΕΙΣΠΝΕΟΜΕΝΟΥΣ ΑΤΜΟΥΣ, Isoflurane 100% Inhalation Vapour, Liquid, Isoflurane 1000 mg/g Inhalation Vapour, liquid., Ketamin 10 % šķīdums injekcijām suņiem un kaķiem, Ketamin 10%, Ketamin 100 mg/ml, Ketamine 10% oplossing voor injectie voor honden en katten, Ketamine 10% pro inj., oplossing voor injectie voor honden en katten, Ketamine 10% šķīdums injekcijām suņiem un kaķiem, Ketamine 10%, oplossing voor injectie voor honden en katten, Metacam 0.5 mg/ml - Oral suspension (cats, guinea pigs), Metacam 0.5 mg/ml - Oral suspension (dogs), Metacam 1.5 mg/ml - Oral suspension (dogs), Metacam 15 mg/ml - Oral suspension (horses), Metacam 15 mg/ml - Oral suspension (pigs), Metacam 5 mg/ml - Solution for injection (cats, dogs), Metacam 5 mg/ml - Solution for injection (cattle, pigs), Metacam 5 mg/ml - Solution for injection (dogs), КЕТАМИН 10 %",Tarry or black stool (see also haemorrhagic diarrhoea),1,1,
CA-DEBIAHP-2011CA00937,"<a target=""_blank""  href=""/xmlpserver/EVVET3 PW NEW/Subject Area Contents/Public Website/Report (PDF)/AER.xdo?_xpf=&_xpt=1&_params%2FOracle%20BI%20EE%3A%3ADefaultApp%3A%3AEVVET3%20PR%20NEW%2FAER%3A%3Adimension%2FAER%20Id%3A%3Aattribute%3A%3Anoaggr%3A%3Axsd%3Adouble=361516&_xt=AER&_xf=pdf""> AER </a>",2013-04-30 00:00:00,Veterinarian,Canada,FEMALE,Dog,Bichon Frise,"Metacam 0.5 mg/ml - Oral suspension (cats, guinea pigs), Metacam 0.5 mg/ml - Oral suspension (dogs), Metacam 1.5 mg/ml - Oral suspension (dogs), Metacam 15 mg/ml - Oral suspension (horses), Metacam 15 mg/ml - Oral suspension (pigs), RABISIN SUSPENSION INJECTABLE, RABISIN injekčná suspenzia, RABISIN suspenzija za injiciranje, RABISIN vet, injeksjonsvæske, suspensjon Vaksine mot rabies til dyr (inaktivert), RABISIN, Injekční suspenze, RABISIN, injekcinė suspensija, RABISIN, sospensione iniettabile per cani, gatti, equini, bovini, ovini, RABISIN, suspensie injectabilă, RABISIN, ενέσιμο εναιώρημα, RABISIN, ≥ 2,09 log10 OD50 i ≥ 1 I.J., suspenzija za injekciju za pse, mačke, pitome vretice, konje, govedo i ovce, Rabisin, Rabisin  Suspensie voor injectie, Rabisin Glikoproteiny wirusa wścieklizny nie mniej niż 1IU Zawiesina do wstrzykiwań, Rabisin Injektionssuspension für Hunde, Katzen, Marderartige, Pferde, Rinder und Schafe, Rabisin Vet. injektionsvæske, suspension, Rabisin suspensija injekcijām liellopiem, zirgiem, aitām, suņiem, kaķiem un mājas seskiem, Rabisin suspension injectable, Rabisin suspensão injectável, Rabisin vakcina A.U.V., Rabisin vet injektioneste, suspensio, Rabisin vet.  Injektionsvätska, suspension, Rabisin, Injektionssuspension für Hunde, Katzen, Marderartige, Pferde, Rinder und Schafe, Rabisin, suspensie voor injectie voor hond, kat en rund, Rabisin, süstesuspensioon, РАБИЗИН","Diarrhoea, Renal disorder NOS, Vomiting",1,1,
CA-DEBIAHP-2011CA00980,"<a target=""_blank""  href=""/xmlpserver/EVVET3 PW NEW/Subject Area Contents/Public Website/Report (PDF)/AER.xdo?_xpf=&_xpt=1&_params%2FOracle%20BI%20EE%3A%3ADefaultApp%3A%3AEVVET3%20PR%20NEW%2FAER%3A%3Adimension%2FAER%20Id%3A%3Aattribute%3A%3Anoaggr%3A%3Axsd%3Adouble=361517&_xt=AER&_xf=pdf""> AER </a>",2013-04-30 00:00:00,Veterinarian,Canada,FEMALE,Dog,Crossbred Canine/dog,"Metacam 0.5 mg/ml - Oral suspension (cats, guinea pigs), Metacam 0.5 mg/ml - Oral suspension (dogs), Metacam 1.5 mg/ml - Oral suspension (dogs), Metacam 15 mg/ml - Oral suspension (horses), Metacam 15 mg/ml - Oral suspension (pigs), NOBI VAC LEPTO, NOBIVAC LEPTO, NOBIVAC LEPTO, suspenzija za injekciju, za pse, Nobivac Lepto, Nobivac Lepto Mais suspensão injetável para cães, Nobivac Lepto injekcinė suspensija šunims, Nobivac Lepto injekčná suspenzia pre psy, Nobivac Lepto suspensija injekcijām suņiem, Nobivac Lepto suspenzija za injiciranje za pse, Nobivac Lepto vakcina A.U.V., Nobivac Lepto zawiesina do wstrzykiwań dla psów, Nobivac Lepto ενέσιμο εναιώρημα για σκύλους, Nobivac Lepto, Injektionssuspension für Hunde, Nobivac Lepto, Injekční suspenze, Nobivac Lepto, sospensione iniettabile per cani, Nobivac Lepto, süstesuspensioon koertele, Nobivac Lepto, ενέσιμο εναιώρημα για σκύλους","Anorexia, Tarry or black stool (see also haemorrhagic diarrhoea), Vomiting",1,1,
CA-DEBIAHP-2011CA01010,"<a target=""_blank""  href=""/xmlpserver/EVVET3 PW NEW/Subject Area Contents/Public Website/Report (PDF)/AER.xdo?_xpf=&_xpt=1&_params%2FOracle%20BI%20EE%3A%3ADefaultApp%3A%3AEVVET3%20PR%20NEW%2FAER%3A%3Adimension%2FAER%20Id%3A%3Aattribute%3A%3Anoaggr%3A%3Axsd%3Adouble=361518&_xt=AER&_xf=pdf""> AER </a>",2013-04-30 00:00:00,Veterinarian,Canada,MALE,Dog,"Dog (other), Hound - Swiss - (Lucerne Hound (Luzerner Laufhund), Schwyz Hound (Schweizer Laufhund), Bernese Hound, Jura Hound)","Metacam 0.5 mg/ml - Oral suspension (cats, guinea pigs), Metacam 0.5 mg/ml - Oral suspension (dogs), Metacam 1.5 mg/ml - Oral suspension (dogs), Metacam 15 mg/ml - Oral suspension (horses), Metacam 15 mg/ml - Oral suspension (pigs), Metacam 5 mg/ml - Solution for injection (cats, dogs), Metacam 5 mg/ml - Solution for injection (cattle, pigs), Metacam 5 mg/ml - Solution for injection (dogs)","Dermatitis, Skin lesion NOS",1,1,
CA-DEBIAHP-2011CA01052,"<a target=""_blank""  href=""/xmlpserver/EVVET3 PW NEW/Subject Area Contents/Public Website/Report (PDF)/AER.xdo?_xpf=&_xpt=1&_params%2FOracle%20BI%20EE%3A%3ADefaultApp%3A%3AEVVET3%20PR%20NEW%2FAER%3A%3Adimension%2FAER%20Id%3A%3Aattribute%3A%3Anoaggr%3A%3Axsd%3Adouble=361519&_xt=AER&_xf=pdf""> AER </a>",2013-04-30 00:00:00,Veterinarian,Canada,FEMALE,Dog,Crossbred Canine/dog,"ANTISEDAN, ANTISEDAN 5 mg/ml SOLUCIÓN INYECTABLE PARA PERROS Y GATOS, ANTISEDAN 5 mg/ml raztopina za injiciranje za pse in mačke, ANTISEDAN 5MG/ML ΕΝΕΣΙΜΟ ΔΙΑΛΥΜΑ, ANTISEDAN SOLUTION INJECTABLE POUR CHIENS ET CHATS, ANTISEDAN, 5 mg/mL, otopina za injekciju, za pse i mačke, Antisedan 5 mg/ 1 ml, roztwór do wstrzykiwań dla psów i kotów, Antisedan 5 mg/ml  Injektionslösung für Hunde und Katzen, Antisedan 5 mg/ml - Injektionslösung für Hunde und Katzen, Antisedan 5 mg/ml Oplossing voor injectie, Antisedan 5 mg/ml Solution injectable, Antisedan 5 mg/ml injekčný roztok pre psy a mačky, Antisedan 5 mg/ml oldatos injekció kutya és macska részére.A.U.V., Antisedan 5 mg/ml solution for injection, Antisedan 5 mg/ml solução injetável para cães e gatos, Antisedan Vet 5 mg/ml injekcinis tirpalas, Antisedan Vet 5 mg/ml šķīdums injekcijām, Antisedan Vet, 5 mg/ml süstelahus, Antisedan Vet. 5 mg/ml injektionsvæske, opløsning, Antisedan vet 5 mg/ml injektioneste, liuos, Antisedan vet. 5 mg/ml Injektionsvätska, lösning, Antisedan vet. 5 mg/ml Stungulyf, lausn Handa hundum og köttum., Antisedan vet. 5 mg/ml injeksjonsvæske, oppløsning, til hund og katt, Antisedan vet., 5 mg/ml, Injektionsvätska, lösning, Antisedan, 5 mg/ml oplossing voor injectie voor honden en katten, Antisedan, 5mg/ml, Injekční roztok, Dexdomitor 0.1 mg/ml - Solution for injection, Dexdomitor 0.5 mg/ml - Solution for injection, Metacam 0.5 mg/ml - Oral suspension (cats, guinea pigs), Metacam 0.5 mg/ml - Oral suspension (dogs), Metacam 1.5 mg/ml - Oral suspension (dogs), Metacam 15 mg/ml - Oral suspension (horses), Metacam 15 mg/ml - Oral suspension (pigs), Metacam 5 mg/ml - Solution for injection (cats, dogs), Metacam 5 mg/ml - Solution for injection (cattle, pigs), Metacam 5 mg/ml - Solution for injection (dogs), АНТИСЕДАН ВЕТ 5 mg/ml инжекционен разтвор",Dermatitis,1,1,
CA-DEBIAHP-2011CA01053,"<a target=""_blank""  href=""/xmlpserver/EVVET3 PW NEW/Subject Area Contents/Public Website/Report (PDF)/AER.xdo?_xpf=&_xpt=1&_params%2FOracle%20BI%20EE%3A%3ADefaultApp%3A%3AEVVET3%20PR%20NEW%2FAER%3A%3Adimension%2FAER%20Id%3A%3Aattribute%3A%3Anoaggr%3A%3Axsd%3Adouble=361520&_xt=AER&_xf=pdf""> AER </a>",2013-04-30 00:00:00,Veterinarian,Canada,FEMALE,Dog,Schnauzer - Miniature,"Advocate 100 mg + 25 mg - Spot-on solution, Advocate 250 mg + 62.5 mg - Spot-on solution, Advocate 40 mg + 10 mg - Spot-on solution, Advocate 40 mg + 4 mg - Spot-on solution, Advocate 400 mg + 100 mg - Spot-on solution, Advocate 80 mg + 8 mg - Spot-on solution, Metacam 0.5 mg/ml - Oral suspension (cats, guinea pigs), Metacam 0.5 mg/ml - Oral suspension (dogs), Metacam 1.5 mg/ml - Oral suspension (dogs), Metacam 15 mg/ml - Oral suspension (horses), Metacam 15 mg/ml - Oral suspension (pigs)","Decreased appetite, Fever, Injection site swelling, Lethargy (see also Central nervous system depression in Neurological), Vomiting",1,1,
CA-DEBIAHP-2011CA01072,"<a target=""_blank""  href=""/xmlpserver/EVVET3 PW NEW/Subject Area Contents/Public Website/Report (PDF)/AER.xdo?_xpf=&_xpt=1&_params%2FOracle%20BI%20EE%3A%3ADefaultApp%3A%3AEVVET3%20PR%20NEW%2FAER%3A%3Adimension%2FAER%20Id%3A%3Aattribute%3A%3Anoaggr%3A%3Axsd%3Adouble=361521&_xt=AER&_xf=pdf""> AER </a>",2013-04-30 00:00:00,Veterinarian,Canada,MALE,Dog,Terrier - Yorkshire,"Fuxien vet 1000 mg/g inhalaatiohöyry, neste, ISOFLURANE-Vet 1000 mg/g liquido per inalazione per cani e gatti, ISOFLURIN 1000mg/g ΥΓΡΟ ΓΙΑ ΕΙΣΠΝΕΟΜΕΝΟΥΣ ΑΤΜΟΥΣ, Isoflurane 100% Inhalation Vapour, Liquid, Isoflurane 1000 mg/g Inhalation Vapour, liquid., Metacam 0.5 mg/ml - Oral suspension (cats, guinea pigs), Metacam 0.5 mg/ml - Oral suspension (dogs), Metacam 1.5 mg/ml - Oral suspension (dogs), Metacam 15 mg/ml - Oral suspension (horses), Metacam 15 mg/ml - Oral suspension (pigs), Metacam 5 mg/ml - Solution for injection (cats, dogs), Metacam 5 mg/ml - Solution for injection (cattle, pigs), Metacam 5 mg/ml - Solution for injection (dogs)","Erythema (for urticaria see Immune SOC), Generalised itching",1,1,
CA-DEBIAHP-2011CA01185,"<a target=""_blank""  href=""/xmlpserver/EVVET3 PW NEW/Subject Area Contents/Public Website/Report (PDF)/AER.xdo?_xpf=&_xpt=1&_params%2FOracle%20BI%20EE%3A%3ADefaultApp%3A%3AEVVET3%20PR%20NEW%2FAER%3A%3Adimension%2FAER%20Id%3A%3Aattribute%3A%3Anoaggr%3A%3Axsd%3Adouble=362959&_xt=AER&_xf=pdf""> AER </a>",2013-05-16 00:00:00,Veterinarian,Canada,MALE,Dog,Spitz - German Pomeranian,"Isoflurane 100% Inhalation Vapour, Liquid, Metacam 5 mg/ml - Solution for injection (cats, dogs), Metacam 5 mg/ml - Solution for injection (cattle, pigs), Metacam 5 mg/ml - Solution for injection (dogs)","Mucous stool, Tarry or black stool (see also haemorrhagic diarrhoea), Vomiting",1,1,
CA-DEBIAHP-2011CA01192,"<a target=""_blank""  href=""/xmlpserver/EVVET3 PW NEW/Subject Area Contents/Public Website/Report (PDF)/AER.xdo?_xpf=&_xpt=1&_params%2FOracle%20BI%20EE%3A%3ADefaultApp%3A%3AEVVET3%20PR%20NEW%2FAER%3A%3Adimension%2FAER%20Id%3A%3Aattribute%3A%3Anoaggr%3A%3Axsd%3Adouble=362960&_xt=AER&_xf=pdf""> AER </a>",2013-05-16 00:00:00,Veterinarian,Canada,FEMALE,Dog,Chihuahua,"Metacam 5 mg/ml - Solution for injection (cats, dogs), Metacam 5 mg/ml - Solution for injection (cattle, pigs), Metacam 5 mg/ml - Solution for injection (dogs)","Facial swelling (see also Skin), Urticaria",1,1,
CA-DEBIAHP-2011CA01195,"<a target=""_blank""  href=""/xmlpserver/EVVET3 PW NEW/Subject Area Contents/Public Website/Report (PDF)/AER.xdo?_xpf=&_xpt=1&_params%2FOracle%20BI%20EE%3A%3ADefaultApp%3A%3AEVVET3%20PR%20NEW%2FAER%3A%3Adimension%2FAER%20Id%3A%3Aattribute%3A%3Anoaggr%3A%3Axsd%3Adouble=361522&_xt=AER&_xf=pdf""> AER </a>",2013-04-30 00:00:00,Veterinarian,Canada,FEMALE,Dog,Maltese,"Metacam 0.5 mg/ml - Oral suspension (cats, guinea pigs), Metacam 0.5 mg/ml - Oral suspension (dogs), Metacam 1.5 mg/ml - Oral suspension (dogs), Metacam 15 mg/ml - Oral suspension (horses), Metacam 15 mg/ml - Oral suspension (pigs)","Bloody diarrhoea, Vomiting",1,1,
CA-DEBIAHP-2011CA01237,"<a target=""_blank""  href=""/xmlpserver/EVVET3 PW NEW/Subject Area Contents/Public Website/Report (PDF)/AER.xdo?_xpf=&_xpt=1&_params%2FOracle%20BI%20EE%3A%3ADefaultApp%3A%3AEVVET3%20PR%20NEW%2FAER%3A%3Adimension%2FAER%20Id%3A%3Aattribute%3A%3Anoaggr%3A%3Axsd%3Adouble=361523&_xt=AER&_xf=pdf""> AER </a>",2013-04-30 00:00:00,Veterinarian,Canada,FEMALE,Dog,Maltese,"Metacam 0.5 mg/ml - Oral suspension (cats, guinea pigs), Metacam 0.5 mg/ml - Oral suspension (dogs), Metacam 1.5 mg/ml - Oral suspension (dogs), Metacam 15 mg/ml - Oral suspension (horses), Metacam 15 mg/ml - Oral suspension (pigs), RABISIN SUSPENSION INJECTABLE, RABISIN injekčná suspenzia, RABISIN suspenzija za injiciranje, RABISIN vet, injeksjonsvæske, suspensjon Vaksine mot rabies til dyr (inaktivert), RABISIN, Injekční suspenze, RABISIN, injekcinė suspensija, RABISIN, sospensione iniettabile per cani, gatti, equini, bovini, ovini, RABISIN, suspensie injectabilă, RABISIN, ενέσιμο εναιώρημα, RABISIN, ≥ 2,09 log10 OD50 i ≥ 1 I.J., suspenzija za injekciju za pse, mačke, pitome vretice, konje, govedo i ovce, Rabisin, Rabisin  Suspensie voor injectie, Rabisin Glikoproteiny wirusa wścieklizny nie mniej niż 1IU Zawiesina do wstrzykiwań, Rabisin Injektionssuspension für Hunde, Katzen, Marderartige, Pferde, Rinder und Schafe, Rabisin Vet. injektionsvæske, suspension, Rabisin suspensija injekcijām liellopiem, zirgiem, aitām, suņiem, kaķiem un mājas seskiem, Rabisin suspension injectable, Rabisin suspensão injectável, Rabisin vakcina A.U.V., Rabisin vet injektioneste, suspensio, Rabisin vet.  Injektionsvätska, suspension, Rabisin, Injektionssuspension für Hunde, Katzen, Marderartige, Pferde, Rinder und Schafe, Rabisin, suspensie voor injectie voor hond, kat en rund, Rabisin, süstesuspensioon, РАБИЗИН","Abdominal discomfort, Diarrhoea, Tarry or black stool (see also haemorrhagic diarrhoea), Vomiting",1,1,
CA-DEBIAHP-2011CA01249,"<a target=""_blank""  href=""/xmlpserver/EVVET3 PW NEW/Subject Area Contents/Public Website/Report (PDF)/AER.xdo?_xpf=&_xpt=1&_params%2FOracle%20BI%20EE%3A%3ADefaultApp%3A%3AEVVET3%20PR%20NEW%2FAER%3A%3Adimension%2FAER%20Id%3A%3Aattribute%3A%3Anoaggr%3A%3Axsd%3Adouble=361524&_xt=AER&_xf=pdf""> AER </a>",2013-04-30 00:00:00,Veterinarian,Canada,MALE,Dog,Spitz - American Eskimo Dog,"Metacam 0.5 mg/ml - Oral suspension (cats, guinea pigs), Metacam 0.5 mg/ml - Oral suspension (dogs), Metacam 1.5 mg/ml - Oral suspension (dogs), Metacam 15 mg/ml - Oral suspension (horses), Metacam 15 mg/ml - Oral suspension (pigs)","Abdominal discomfort, Diarrhoea, Distension of abdomen, Lethargy (see also Central nervous system depression in Neurological), Vomiting",1,1,
CA-DEBIAHP-2011CA01260,"<a target=""_blank""  href=""/xmlpserver/EVVET3 PW NEW/Subject Area Contents/Public Website/Report (PDF)/AER.xdo?_xpf=&_xpt=1&_params%2FOracle%20BI%20EE%3A%3ADefaultApp%3A%3AEVVET3%20PR%20NEW%2FAER%3A%3Adimension%2FAER%20Id%3A%3Aattribute%3A%3Anoaggr%3A%3Axsd%3Adouble=362961&_xt=AER&_xf=pdf""> AER </a>",2013-05-16 00:00:00,Veterinarian,Canada,FEMALE,Dog,Crossbred Canine/dog,"Metacam 5 mg/ml - Solution for injection (cats, dogs), Metacam 5 mg/ml - Solution for injection (cattle, pigs), Metacam 5 mg/ml - Solution for injection (dogs)","Bloody diarrhoea, Inappetence, Lethargy (see also Central nervous system depression in Neurological), Vomiting",1,1,
CA-DEBIAHP-2011CA01261,"<a target=""_blank""  href=""/xmlpserver/EVVET3 PW NEW/Subject Area Contents/Public Website/Report (PDF)/AER.xdo?_xpf=&_xpt=1&_params%2FOracle%20BI%20EE%3A%3ADefaultApp%3A%3AEVVET3%20PR%20NEW%2FAER%3A%3Adimension%2FAER%20Id%3A%3Aattribute%3A%3Anoaggr%3A%3Axsd%3Adouble=361525&_xt=AER&_xf=pdf""> AER </a>",2013-04-30 00:00:00,Veterinarian,Canada,MALE,Dog,Retriever - Labrador,"Metacam 0.5 mg/ml - Oral suspension (cats, guinea pigs), Metacam 0.5 mg/ml - Oral suspension (dogs), Metacam 1.5 mg/ml - Oral suspension (dogs), Metacam 15 mg/ml - Oral suspension (horses), Metacam 15 mg/ml - Oral suspension (pigs), RABISIN SUSPENSION INJECTABLE, RABISIN injekčná suspenzia, RABISIN suspenzija za injiciranje, RABISIN vet, injeksjonsvæske, suspensjon Vaksine mot rabies til dyr (inaktivert), RABISIN, Injekční suspenze, RABISIN, injekcinė suspensija, RABISIN, sospensione iniettabile per cani, gatti, equini, bovini, ovini, RABISIN, suspensie injectabilă, RABISIN, ενέσιμο εναιώρημα, RABISIN, ≥ 2,09 log10 OD50 i ≥ 1 I.J., suspenzija za injekciju za pse, mačke, pitome vretice, konje, govedo i ovce, Rabisin, Rabisin  Suspensie voor injectie, Rabisin Glikoproteiny wirusa wścieklizny nie mniej niż 1IU Zawiesina do wstrzykiwań, Rabisin Injektionssuspension für Hunde, Katzen, Marderartige, Pferde, Rinder und Schafe, Rabisin Vet. injektionsvæske, suspension, Rabisin suspensija injekcijām liellopiem, zirgiem, aitām, suņiem, kaķiem un mājas seskiem, Rabisin suspension injectable, Rabisin suspensão injectável, Rabisin vakcina A.U.V., Rabisin vet injektioneste, suspensio, Rabisin vet.  Injektionsvätska, suspension, Rabisin, Injektionssuspension für Hunde, Katzen, Marderartige, Pferde, Rinder und Schafe, Rabisin, suspensie voor injectie voor hond, kat en rund, Rabisin, süstesuspensioon, РАБИЗИН","Ear flap oedema, Pruritus, Vomiting",1,1,
CA-DEBIAHP-2011CA01275,"<a target=""_blank""  href=""/xmlpserver/EVVET3 PW NEW/Subject Area Contents/Public Website/Report (PDF)/AER.xdo?_xpf=&_xpt=1&_params%2FOracle%20BI%20EE%3A%3ADefaultApp%3A%3AEVVET3%20PR%20NEW%2FAER%3A%3Adimension%2FAER%20Id%3A%3Aattribute%3A%3Anoaggr%3A%3Axsd%3Adouble=361526&_xt=AER&_xf=pdf""> AER </a>",2013-04-30 00:00:00,Veterinarian,Canada,FEMALE,Dog,Crossbred Canine/dog,"ANTISEDAN, ANTISEDAN 5 mg/ml SOLUCIÓN INYECTABLE PARA PERROS Y GATOS, ANTISEDAN 5 mg/ml raztopina za injiciranje za pse in mačke, ANTISEDAN 5MG/ML ΕΝΕΣΙΜΟ ΔΙΑΛΥΜΑ, ANTISEDAN SOLUTION INJECTABLE POUR CHIENS ET CHATS, ANTISEDAN, 5 mg/mL, otopina za injekciju, za pse i mačke, Antisedan 5 mg/ 1 ml, roztwór do wstrzykiwań dla psów i kotów, Antisedan 5 mg/ml  Injektionslösung für Hunde und Katzen, Antisedan 5 mg/ml - Injektionslösung für Hunde und Katzen, Antisedan 5 mg/ml Oplossing voor injectie, Antisedan 5 mg/ml Solution injectable, Antisedan 5 mg/ml injekčný roztok pre psy a mačky, Antisedan 5 mg/ml oldatos injekció kutya és macska részére.A.U.V., Antisedan 5 mg/ml solution for injection, Antisedan 5 mg/ml solução injetável para cães e gatos, Antisedan Vet 5 mg/ml injekcinis tirpalas, Antisedan Vet 5 mg/ml šķīdums injekcijām, Antisedan Vet, 5 mg/ml süstelahus, Antisedan Vet. 5 mg/ml injektionsvæske, opløsning, Antisedan vet 5 mg/ml injektioneste, liuos, Antisedan vet. 5 mg/ml Injektionsvätska, lösning, Antisedan vet. 5 mg/ml Stungulyf, lausn Handa hundum og köttum., Antisedan vet. 5 mg/ml injeksjonsvæske, oppløsning, til hund og katt, Antisedan vet., 5 mg/ml, Injektionsvätska, lösning, Antisedan, 5 mg/ml oplossing voor injectie voor honden en katten, Antisedan, 5mg/ml, Injekční roztok, DOMITOR 1 mg/ml raztopina za injiciranje za pse in mačke, DOMITOR 1 mg/ml ενέσιμο διάλυμα για σκύλους και γάτες, DOMITOR 1 mg/ml, soluție injectabilă pentru câini și pisici, DOMITOR, 1 mg/mL, otopina za injekciju za pse i mačke, DOMITOR, 1mg/ml, Injekční roztok, DOMITOR, SOLUTION INJECTABLE, Domitor, Domitor 1 mg/1 ml, roztwór do wstrzykiwań dla psów i kotów, Domitor 1 mg/ml - Injektionslösung für Hunde und Katzen, Domitor 1 mg/ml Oplossing voor injectie, Domitor 1 mg/ml Solution injectable, Domitor 1 mg/ml injekčný roztok, Domitor 1 mg/ml oldatos injekció kutyáknak és macskáknak A.U.V., Domitor 1 mg/ml solution for injection, Domitor 1 mg/ml soluzione iniettabile per cani e gatti, Domitor Vet 1 mg/ml injekcinis tirpalas, Domitor Vet 1 mg/ml šķīdums injekcijām, Domitor Vet, 1 mg/ml süstelahus, Domitor Vet. 1 mg/ml injektionsvæske, opløsning, Domitor vet 1 mg/ml injektioneste, liuos, Domitor vet. 1 mg/ml Injektionsvätska, lösning, Domitor vet. 1 mg/ml injeksjonsvæske, oppløsning til hund og katt, MIPREPOL, oily suspension for dogs and cats, Metacam 0.5 mg/ml - Oral suspension (cats, guinea pigs), Metacam 0.5 mg/ml - Oral suspension (dogs), Metacam 1.5 mg/ml - Oral suspension (dogs), Metacam 15 mg/ml - Oral suspension (horses), Metacam 15 mg/ml - Oral suspension (pigs), SUROLAN, SUROLAN (23MG+5MG+0,5293MG)/ML ΩΤΙΚΕΣ ΣΤΑΓΟΝΕΣ, ΕΝΑΙΩΡΗΜΑ, SUROLAN DROPS 23mg/ml, 5500IU/ml, 5mg/ml ωτικές σταγόνες σε εναιώρημα και δερματικό εναιώρημα για σκύλους και γάτες, SUROLAN sospensione oleosa per cani e gatti, SUROLAN ušné kvapky a dermálna suspenzia, SUROLAN, Kožní/ušní kapky, suspenze, SUROLAN, kapi za uho i suspenzija za kožu za pse i mačke, SUROLAN, picături auriculate si suspensie cutanată, SUROLAN, suspensija šunims ir katėms, SUROLAN, капки за уши и суспензия за кожа за кучета и котки, Surolan, Surolan  Oordruppels, suspensie, Surolan (23 mg + 0,5293 mg + 5 mg )/ml Krople do uszu, zawiesina, Surolan 5,0 mg/0,5293 mg/23,0 mg/ml, Ohrentropfen, Suspension zur Anwendung auf der Haut für Hunde und Katzen, Surolan Ear Drops and Cutaneous Suspension, Surolan Vet. 5 + 23 + 0,529 mg/ml øredråber, suspension og kutansuspension, Surolan külsőleges szuszpenzió A.U.V., Surolan suspensija ārīgai lietošanai suņiem un kaķiem, Surolan vet.  Örondroppar/kutan suspension, Surolan vet., örondroppar/kutan suspension, Surolan, nahasuspensioon koertele ja kassidele, Surolan, suspensie voor cutaan gebruik, bij honden en katten, Surolan, suspension pour application cutanée/suspension auriculaire en gouttes pour chiens et chats, АНТИСЕДАН ВЕТ 5 mg/ml инжекционен разтвор, Домитор Вет 1 mg/ml инжекционен разтвор за кучета и котки",Diarrhoea,1,1,
CA-DEBIAHP-2011CA01330,"<a target=""_blank""  href=""/xmlpserver/EVVET3 PW NEW/Subject Area Contents/Public Website/Report (PDF)/AER.xdo?_xpf=&_xpt=1&_params%2FOracle%20BI%20EE%3A%3ADefaultApp%3A%3AEVVET3%20PR%20NEW%2FAER%3A%3Adimension%2FAER%20Id%3A%3Aattribute%3A%3Anoaggr%3A%3Axsd%3Adouble=363135&_xt=AER&_xf=pdf""> AER </a>",2013-05-17 00:00:00,Veterinarian,Canada,MALE,Dog,Retriever - Labrador,"Metacam 0.5 mg/ml - Oral suspension (cats, guinea pigs), Metacam 0.5 mg/ml - Oral suspension (dogs), Metacam 1.5 mg/ml - Oral suspension (dogs), Metacam 15 mg/ml - Oral suspension (horses), Metacam 15 mg/ml - Oral suspension (pigs)","Rectal bleeding, Skin sore, Swelling NOS",1,1,
CA-DEBIAHP-2011CA01341,"<a target=""_blank""  href=""/xmlpserver/EVVET3 PW NEW/Subject Area Contents/Public Website/Report (PDF)/AER.xdo?_xpf=&_xpt=1&_params%2FOracle%20BI%20EE%3A%3ADefaultApp%3A%3AEVVET3%20PR%20NEW%2FAER%3A%3Adimension%2FAER%20Id%3A%3Aattribute%3A%3Anoaggr%3A%3Axsd%3Adouble=361527&_xt=AER&_xf=pdf""> AER </a>",2013-04-30 00:00:00,Veterinarian,Canada,MALE,Dog,Retriever - Labrador,"Metacam 0.5 mg/ml - Oral suspension (cats, guinea pigs), Metacam 0.5 mg/ml - Oral suspension (dogs), Metacam 1.5 mg/ml - Oral suspension (dogs), Metacam 15 mg/ml - Oral suspension (horses), Metacam 15 mg/ml - Oral suspension (pigs)","Diarrhoea, Vomiting",1,1,
CA-DEBIAHP-2011CA01411,"<a target=""_blank""  href=""/xmlpserver/EVVET3 PW NEW/Subject Area Contents/Public Website/Report (PDF)/AER.xdo?_xpf=&_xpt=1&_params%2FOracle%20BI%20EE%3A%3ADefaultApp%3A%3AEVVET3%20PR%20NEW%2FAER%3A%3Adimension%2FAER%20Id%3A%3Aattribute%3A%3Anoaggr%3A%3Axsd%3Adouble=361528&_xt=AER&_xf=pdf""> AER </a>",2013-04-30 00:00:00,Veterinarian,Canada,MALE,Dog,Pug,"Metacam 0.5 mg/ml - Oral suspension (cats, guinea pigs), Metacam 0.5 mg/ml - Oral suspension (dogs), Metacam 1.5 mg/ml - Oral suspension (dogs), Metacam 15 mg/ml - Oral suspension (horses), Metacam 15 mg/ml - Oral suspension (pigs)","Anorexia, Diarrhoea, Drooling, Lethargy (see also Central nervous system depression in Neurological), Vomiting",1,1,
CA-DEBIAHP-2012CA00027,"<a target=""_blank""  href=""/xmlpserver/EVVET3 PW NEW/Subject Area Contents/Public Website/Report (PDF)/AER.xdo?_xpf=&_xpt=1&_params%2FOracle%20BI%20EE%3A%3ADefaultApp%3A%3AEVVET3%20PR%20NEW%2FAER%3A%3Adimension%2FAER%20Id%3A%3Aattribute%3A%3Anoaggr%3A%3Axsd%3Adouble=361549&_xt=AER&_xf=pdf""> AER </a>",2013-04-30 00:00:00,Veterinarian,Canada,MALE,Dog,Shepherd Dog - German,"Metacam 0.5 mg/ml - Oral suspension (cats, guinea pigs), Metacam 0.5 mg/ml - Oral suspension (dogs), Metacam 1.5 mg/ml - Oral suspension (dogs), Metacam 15 mg/ml - Oral suspension (horses), Metacam 15 mg/ml - Oral suspension (pigs)","Anorexia, Lethargy (see also Central nervous system depression in Neurological), Loose stool, Pain NOS, Vomiting",1,1,
CA-DEBIAHP-2012CA00051,"<a target=""_blank""  href=""/xmlpserver/EVVET3 PW NEW/Subject Area Contents/Public Website/Report (PDF)/AER.xdo?_xpf=&_xpt=1&_params%2FOracle%20BI%20EE%3A%3ADefaultApp%3A%3AEVVET3%20PR%20NEW%2FAER%3A%3Adimension%2FAER%20Id%3A%3Aattribute%3A%3Anoaggr%3A%3Axsd%3Adouble=361550&_xt=AER&_xf=pdf""> AER </a>",2013-04-30 00:00:00,Veterinarian,Canada,FEMALE,Dog,Crossbred Canine/dog,"Metacam 0.5 mg/ml - Oral suspension (cats, guinea pigs), Metacam 0.5 mg/ml - Oral suspension (dogs), Metacam 1.5 mg/ml - Oral suspension (dogs), Metacam 15 mg/ml - Oral suspension (horses), Metacam 15 mg/ml - Oral suspension (pigs)",Vomiting,1,1,
CA-DEBIAHP-2012CA00074,"<a target=""_blank""  href=""/xmlpserver/EVVET3 PW NEW/Subject Area Contents/Public Website/Report (PDF)/AER.xdo?_xpf=&_xpt=1&_params%2FOracle%20BI%20EE%3A%3ADefaultApp%3A%3AEVVET3%20PR%20NEW%2FAER%3A%3Adimension%2FAER%20Id%3A%3Aattribute%3A%3Anoaggr%3A%3Axsd%3Adouble=361551&_xt=AER&_xf=pdf""> AER </a>",2013-04-30 00:00:00,Veterinarian,Canada,MALE,Dog,Crossbred Canine/dog,"Ketavet 100 mg/ml Solution for Injection for Dogs, Cats and Horses, Metacam 0.5 mg/ml - Oral suspension (cats, guinea pigs), Metacam 0.5 mg/ml - Oral suspension (dogs), Metacam 1.5 mg/ml - Oral suspension (dogs), Metacam 15 mg/ml - Oral suspension (horses), Metacam 15 mg/ml - Oral suspension (pigs), Metacam 5 mg/ml - Solution for injection (cats, dogs), Metacam 5 mg/ml - Solution for injection (cattle, pigs), Metacam 5 mg/ml - Solution for injection (dogs), ROBINUL V","Bloody diarrhoea, Diarrhoea, Inappetence, Not drinking, Vomiting",1,1,
CA-DEBIAHP-2012CA00081,"<a target=""_blank""  href=""/xmlpserver/EVVET3 PW NEW/Subject Area Contents/Public Website/Report (PDF)/AER.xdo?_xpf=&_xpt=1&_params%2FOracle%20BI%20EE%3A%3ADefaultApp%3A%3AEVVET3%20PR%20NEW%2FAER%3A%3Adimension%2FAER%20Id%3A%3Aattribute%3A%3Anoaggr%3A%3Axsd%3Adouble=361552&_xt=AER&_xf=pdf""> AER </a>",2013-04-30 00:00:00,Veterinarian,Canada,MALE,Dog,Retriever - Labrador,"Metacam 0.5 mg/ml - Oral suspension (cats, guinea pigs), Metacam 0.5 mg/ml - Oral suspension (dogs), Metacam 1.5 mg/ml - Oral suspension (dogs), Metacam 15 mg/ml - Oral suspension (horses), Metacam 15 mg/ml - Oral suspension (pigs)",Vomiting,1,1,
CA-DEBIAHP-2012CA00086,"<a target=""_blank""  href=""/xmlpserver/EVVET3 PW NEW/Subject Area Contents/Public Website/Report (PDF)/AER.xdo?_xpf=&_xpt=1&_params%2FOracle%20BI%20EE%3A%3ADefaultApp%3A%3AEVVET3%20PR%20NEW%2FAER%3A%3Adimension%2FAER%20Id%3A%3Aattribute%3A%3Anoaggr%3A%3Axsd%3Adouble=361553&_xt=AER&_xf=pdf""> AER </a>",2013-04-30 00:00:00,Veterinarian,Canada,MALE,Dog,"Dog (other), Hound - Swiss - (Lucerne Hound (Luzerner Laufhund), Schwyz Hound (Schweizer Laufhund), Bernese Hound, Jura Hound)","Amoxiclav 200/50 mg Tabletten für Hunde, Amoxiclav 200/50 mg tabletta kutyák és macskák részére A.U.V., Amoxiclav 40/10 mg, Amoxiclav 40/10 mg tabletta kutyák és macskák részére A.U.V., Amoxiclav 400/100 mg, Amoxiclav 400/100 mg tabletta kutyák részére A.U.V., Metacam 0.5 mg/ml - Oral suspension (cats, guinea pigs), Metacam 0.5 mg/ml - Oral suspension (dogs), Metacam 1.5 mg/ml - Oral suspension (dogs), Metacam 15 mg/ml - Oral suspension (horses), Metacam 15 mg/ml - Oral suspension (pigs), Tramadog 50 mg tablet for dogs",Facial swelling (see also Skin),1,1,
CA-DEBIAHP-2012CA00099,"<a target=""_blank""  href=""/xmlpserver/EVVET3 PW NEW/Subject Area Contents/Public Website/Report (PDF)/AER.xdo?_xpf=&_xpt=1&_params%2FOracle%20BI%20EE%3A%3ADefaultApp%3A%3AEVVET3%20PR%20NEW%2FAER%3A%3Adimension%2FAER%20Id%3A%3Aattribute%3A%3Anoaggr%3A%3Axsd%3Adouble=361554&_xt=AER&_xf=pdf""> AER </a>",2013-04-30 00:00:00,Veterinarian,Canada,FEMALE,Dog,Terrier - Fox Smooth,"Metacam 0.5 mg/ml - Oral suspension (cats, guinea pigs), Metacam 0.5 mg/ml - Oral suspension (dogs), Metacam 1.5 mg/ml - Oral suspension (dogs), Metacam 15 mg/ml - Oral suspension (horses), Metacam 15 mg/ml - Oral suspension (pigs)","Polydipsia, Polyuria, Urinary incontinence",1,1,
CA-DEBIAHP-2012CA00103,"<a target=""_blank""  href=""/xmlpserver/EVVET3 PW NEW/Subject Area Contents/Public Website/Report (PDF)/AER.xdo?_xpf=&_xpt=1&_params%2FOracle%20BI%20EE%3A%3ADefaultApp%3A%3AEVVET3%20PR%20NEW%2FAER%3A%3Adimension%2FAER%20Id%3A%3Aattribute%3A%3Anoaggr%3A%3Axsd%3Adouble=361555&_xt=AER&_xf=pdf""> AER </a>",2013-04-30 00:00:00,Veterinarian,Canada,FEMALE,Dog,Rottweiler,"Dexdomitor 0.1 mg/ml - Solution for injection, Dexdomitor 0.5 mg/ml - Solution for injection, Metacam 0.5 mg/ml - Oral suspension (cats, guinea pigs), Metacam 0.5 mg/ml - Oral suspension (dogs), Metacam 1.5 mg/ml - Oral suspension (dogs), Metacam 15 mg/ml - Oral suspension (horses), Metacam 15 mg/ml - Oral suspension (pigs)","Anorexia, Diarrhoea, Vomiting",1,1,
CA-DEBIAHP-2012CA00126,"<a target=""_blank""  href=""/xmlpserver/EVVET3 PW NEW/Subject Area Contents/Public Website/Report (PDF)/AER.xdo?_xpf=&_xpt=1&_params%2FOracle%20BI%20EE%3A%3ADefaultApp%3A%3AEVVET3%20PR%20NEW%2FAER%3A%3Adimension%2FAER%20Id%3A%3Aattribute%3A%3Anoaggr%3A%3Axsd%3Adouble=361556&_xt=AER&_xf=pdf""> AER </a>",2013-04-30 00:00:00,Veterinarian,Canada,FEMALE,Dog,Retriever - Golden,"Metacam 0.5 mg/ml - Oral suspension (cats, guinea pigs), Metacam 0.5 mg/ml - Oral suspension (dogs), Metacam 1.5 mg/ml - Oral suspension (dogs), Metacam 15 mg/ml - Oral suspension (horses), Metacam 15 mg/ml - Oral suspension (pigs)",Diarrhoea,1,1,
CA-DEBIAHP-2012CA00191,"<a target=""_blank""  href=""/xmlpserver/EVVET3 PW NEW/Subject Area Contents/Public Website/Report (PDF)/AER.xdo?_xpf=&_xpt=1&_params%2FOracle%20BI%20EE%3A%3ADefaultApp%3A%3AEVVET3%20PR%20NEW%2FAER%3A%3Adimension%2FAER%20Id%3A%3Aattribute%3A%3Anoaggr%3A%3Axsd%3Adouble=363136&_xt=AER&_xf=pdf""> AER </a>",2013-05-17 00:00:00,Veterinarian,Canada,FEMALE,Dog,Dog (other),"BAYTRIL 0,5% W/V ΠΟΣΙΜΟ ΔΙΑΛΥΜΑ, BAYTRIL 0,5% πόσιμο διάλυμα ενροφλοξακίνης για ορνίθια και γαλοπούλες, BAYTRIL 10 % SOLUTION BUVABLE, BAYTRIL 10 % SOLUTION INJECTABLE, BAYTRIL 10% W/V ΠΟΣΙΜΟ ΔΙΑΛΥΜΑ, BAYTRIL 100 mg/ml - soluţie orală, BAYTRIL 100 mg/ml SOLUCION INYECTABLE, BAYTRIL 100 mg/ml soluție injectabilă, BAYTRIL 15 mg δισκία για γάτες και σκύλους, BAYTRIL 150 mg δισκία για γάτες και σκύλους, BAYTRIL 2,5 % SOLUTION BUVABLE, BAYTRIL 2,5 % SOLUTION INJECTABLE, BAYTRIL 2,5% W/V ΕΝΕΣΙΜΟ ΔΙΑΛΥΜΑ, BAYTRIL 2,5% W/V ΠΟΣΙΜΟ ΔΙΑΛΥΜΑ, BAYTRIL 25 mg/ml SOLUCION INYECTABLE, BAYTRIL 25 mg/ml SOLUCION ORAL, BAYTRIL 5 % SOLUTION INJECTABLE, BAYTRIL 5 mg/ml SOLUCION ORAL, BAYTRIL 50 mg δισκία για γάτες και σκύλους, BAYTRIL 50 mg/ml SOLUCION INYECTABLE, BAYTRIL 50mg/ml ενέσιμο διάλυμα, BAYTRIL, 25mg/ml, Injekční roztok, BAYTRIL, 5% ενέσιμο διάλυμα για μόσχους, χοίρους, πρόβατα, αίγες, σκύλους και γάτες, BAYTRIL, 50mg/ml, Injekční roztok, Baytril  100 mg/ml Oplossing voor injectie, Baytril  100 mg/ml Solution injectable, Baytril - Das Original - 100 mg/ml Injektionslösung, Baytril - Das Original - 25 mg/ml Injektionslösung, Baytril - Das Original - 50 mg/ml Injektionslösung, Baytril 0,5 % solução oral para leitões, Baytril 0,5%, Baytril 10 % solução oral, Baytril 10%, Baytril 10% O.L., Baytril 10% Oral Solution, Baytril 100 mg/mL, otopina za injekciju, za goveda, ovce, koze i svinje, Baytril 100 mg/mL, otopina za primjenu u vodi za piće, za kokoši, purane i kuniće, Baytril 100 mg/ml - Injektionslösung für Tiere, Baytril 100 mg/ml - Lösung zum Eingeben für Hühner, Puten und Kaninchen, Baytril 100 mg/ml Oplossing voor gebruik in drinkwater, Baytril 100 mg/ml Solution buvable, Baytril 100 mg/ml Solution for Injection, Baytril 100 mg/ml koncentrat za peroralno raztopino za piščance, purane in kunce, Baytril 100 mg/ml oldat ivóvízbe keveréshez A.U.V., Baytril 100 mg/ml oplossing voor gebruik in drinkwater voor kippen, kalkoenen en konijnen, Baytril 100 mg/ml oplossing voor injectie, Baytril 100 mg/ml raztopina za injiciranje, Baytril 100 mg/ml solution for injection, Baytril 100 mg/ml soluzione iniettabile, Baytril 100 mg/ml solução injetável, Baytril 150 mg tabletta A.U.V., Baytril 2,5%, 25 mg/mL, otopina za injekciju za pse, mačke, prasad, kuniće, glodavce, gmazove i ukrasne ptice, Baytril 25 mg/ml - Injektionslösung für Tiere, Baytril 25 mg/ml - Lösung zum Eingeben für Kälber und Lämmer, Baytril 25 mg/ml Lösung zum Eingeben für Rinder (Kälber), Baytril 25 mg/ml Oplossing voor injectie, Baytril 25 mg/ml Oral Solution, Baytril 25 mg/ml Solution injectable, Baytril 25 mg/ml injekčný roztok, Baytril 25 mg/ml oldatos injekció A.U.V., Baytril 25 mg/ml oplossing voor injectie, Baytril 25 mg/ml roztwór do wstrzykiwań, Baytril 25 mg/ml solution for injection, Baytril 25 mg/ml soluzione iniettabile, Baytril 25 mg/ml soluzione iniettabile per cani, gatti, roditori e conigli da compagnia, rettili e uccelli ornamentali, Baytril 25 mg/ml soluzione orale per vitelli, ovini, caprini, suini, Baytril 25 mg/ml solução injetável, Baytril 5 mg/ml - Lösung zum Eingeben für Schweine, Baytril 5 mg/ml belsőleges oldat sertések részére A.U.V., Baytril 50 mg tabletta A.U.V., Baytril 50 mg/mL, otopina za injekciju, za telad, ovce, koze, svinje, pse i mačke, Baytril 50 mg/ml - Injektionslösung für Tiere, Baytril 50 mg/ml Oplossing voor injectie, Baytril 50 mg/ml Solution for Injection, Baytril 50 mg/ml Solution injectable, Baytril 50 mg/ml injekčný roztok, Baytril 50 mg/ml oldatos injekció A.U.V., Baytril 50 mg/ml oplossing voor injectie, Baytril 50 mg/ml raztopina za injiciranje, Baytril 50 mg/ml soluzione iniettabile, Baytril 50 mg/ml solução injetável, Baytril 50 mg/ml soluție injectabilă, Baytril Direct 100 mg/ml Injektionslösung für Rinder und Schweine, Baytril Piglet Doser 0.5% Oral Solution, Baytril Vet. 100 mg/ml injektionsvæske, opløsning, Baytril Vet. 150 mg tabletter, Baytril Vet. 25 mg/ml oral opløsning, Baytril Vet. 50 mg tabletter, Baytril Vet. 50 mg/ml i","Anorexia, Vomiting",1,1,
CA-DEBIAHP-2012CA00296,"<a target=""_blank""  href=""/xmlpserver/EVVET3 PW NEW/Subject Area Contents/Public Website/Report (PDF)/AER.xdo?_xpf=&_xpt=1&_params%2FOracle%20BI%20EE%3A%3ADefaultApp%3A%3AEVVET3%20PR%20NEW%2FAER%3A%3Adimension%2FAER%20Id%3A%3Aattribute%3A%3Anoaggr%3A%3Axsd%3Adouble=361558&_xt=AER&_xf=pdf""> AER </a>",2013-04-30 00:00:00,Veterinarian,Canada,MALE,Dog,Retriever - Labrador,"Metacam 0.5 mg/ml - Oral suspension (cats, guinea pigs), Metacam 0.5 mg/ml - Oral suspension (dogs), Metacam 1.5 mg/ml - Oral suspension (dogs), Metacam 15 mg/ml - Oral suspension (horses), Metacam 15 mg/ml - Oral suspension (pigs), RABISIN SUSPENSION INJECTABLE, RABISIN injekčná suspenzia, RABISIN suspenzija za injiciranje, RABISIN vet, injeksjonsvæske, suspensjon Vaksine mot rabies til dyr (inaktivert), RABISIN, Injekční suspenze, RABISIN, injekcinė suspensija, RABISIN, sospensione iniettabile per cani, gatti, equini, bovini, ovini, RABISIN, suspensie injectabilă, RABISIN, ενέσιμο εναιώρημα, RABISIN, ≥ 2,09 log10 OD50 i ≥ 1 I.J., suspenzija za injekciju za pse, mačke, pitome vretice, konje, govedo i ovce, Rabisin, Rabisin  Suspensie voor injectie, Rabisin Glikoproteiny wirusa wścieklizny nie mniej niż 1IU Zawiesina do wstrzykiwań, Rabisin Injektionssuspension für Hunde, Katzen, Marderartige, Pferde, Rinder und Schafe, Rabisin Vet. injektionsvæske, suspension, Rabisin suspensija injekcijām liellopiem, zirgiem, aitām, suņiem, kaķiem un mājas seskiem, Rabisin suspension injectable, Rabisin suspensão injectável, Rabisin vakcina A.U.V., Rabisin vet injektioneste, suspensio, Rabisin vet.  Injektionsvätska, suspension, Rabisin, Injektionssuspension für Hunde, Katzen, Marderartige, Pferde, Rinder und Schafe, Rabisin, suspensie voor injectie voor hond, kat en rund, Rabisin, süstesuspensioon, РАБИЗИН","Distension of abdomen, Elevated renal parameters, Pale mucous membrane, Seizure NOS, Walking difficulty",1,1,
CA-DEBIAHP-2012CA00299,"<a target=""_blank""  href=""/xmlpserver/EVVET3 PW NEW/Subject Area Contents/Public Website/Report (PDF)/AER.xdo?_xpf=&_xpt=1&_params%2FOracle%20BI%20EE%3A%3ADefaultApp%3A%3AEVVET3%20PR%20NEW%2FAER%3A%3Adimension%2FAER%20Id%3A%3Aattribute%3A%3Anoaggr%3A%3Axsd%3Adouble=361559&_xt=AER&_xf=pdf""> AER </a>",2013-04-30 00:00:00,Veterinarian,Canada,FEMALE,Dog,Samoyed,"Metacam 0.5 mg/ml - Oral suspension (cats, guinea pigs), Metacam 0.5 mg/ml - Oral suspension (dogs), Metacam 1.5 mg/ml - Oral suspension (dogs), Metacam 15 mg/ml - Oral suspension (horses), Metacam 15 mg/ml - Oral suspension (pigs)","Alopecia general, Dermatitis, Dry skin, Scratching",1,1,
CA-DEBIAHP-2012CA00322,"<a target=""_blank""  href=""/xmlpserver/EVVET3 PW NEW/Subject Area Contents/Public Website/Report (PDF)/AER.xdo?_xpf=&_xpt=1&_params%2FOracle%20BI%20EE%3A%3ADefaultApp%3A%3AEVVET3%20PR%20NEW%2FAER%3A%3Adimension%2FAER%20Id%3A%3Aattribute%3A%3Anoaggr%3A%3Axsd%3Adouble=361560&_xt=AER&_xf=pdf""> AER </a>",2013-04-30 00:00:00,Veterinarian,Canada,MALE,Dog,Crossbred Canine/dog,"Metacam 0.5 mg/ml - Oral suspension (cats, guinea pigs), Metacam 0.5 mg/ml - Oral suspension (dogs), Metacam 1.5 mg/ml - Oral suspension (dogs), Metacam 15 mg/ml - Oral suspension (horses), Metacam 15 mg/ml - Oral suspension (pigs)","Rash, Scratching",1,1,
CA-DEBIAHP-2012CA00328,"<a target=""_blank""  href=""/xmlpserver/EVVET3 PW NEW/Subject Area Contents/Public Website/Report (PDF)/AER.xdo?_xpf=&_xpt=1&_params%2FOracle%20BI%20EE%3A%3ADefaultApp%3A%3AEVVET3%20PR%20NEW%2FAER%3A%3Adimension%2FAER%20Id%3A%3Aattribute%3A%3Anoaggr%3A%3Axsd%3Adouble=361561&_xt=AER&_xf=pdf""> AER </a>",2013-04-30 00:00:00,Veterinarian,Canada,MALE,Dog,Spaniel - Cocker American,"Metacam 0.5 mg/ml - Oral suspension (cats, guinea pigs), Metacam 0.5 mg/ml - Oral suspension (dogs), Metacam 1.5 mg/ml - Oral suspension (dogs), Metacam 15 mg/ml - Oral suspension (horses), Metacam 15 mg/ml - Oral suspension (pigs), Metacam 5 mg/ml - Solution for injection (cats, dogs), Metacam 5 mg/ml - Solution for injection (cattle, pigs), Metacam 5 mg/ml - Solution for injection (dogs)","Anorexia, Blood in faeces, Lethargy (see also Central nervous system depression in Neurological), Loose stool, Vomiting",1,1,
CA-DEBIAHP-2012CA00515,"<a target=""_blank""  href=""/xmlpserver/EVVET3 PW NEW/Subject Area Contents/Public Website/Report (PDF)/AER.xdo?_xpf=&_xpt=1&_params%2FOracle%20BI%20EE%3A%3ADefaultApp%3A%3AEVVET3%20PR%20NEW%2FAER%3A%3Adimension%2FAER%20Id%3A%3Aattribute%3A%3Anoaggr%3A%3Axsd%3Adouble=361562&_xt=AER&_xf=pdf""> AER </a>",2013-04-30 00:00:00,Veterinarian,Canada,MALE,Dog,Shepherd Dog - German,"Metacam 0.5 mg/ml - Oral suspension (cats, guinea pigs), Metacam 0.5 mg/ml - Oral suspension (dogs), Metacam 1.5 mg/ml - Oral suspension (dogs), Metacam 15 mg/ml - Oral suspension (horses), Metacam 15 mg/ml - Oral suspension (pigs), Metacam 5 mg/ml - Solution for injection (cats, dogs), Metacam 5 mg/ml - Solution for injection (cattle, pigs), Metacam 5 mg/ml - Solution for injection (dogs)","Anorexia, Diarrhoea, Vomiting",1,1,
CA-DEBIAHP-2012CA00550,"<a target=""_blank""  href=""/xmlpserver/EVVET3 PW NEW/Subject Area Contents/Public Website/Report (PDF)/AER.xdo?_xpf=&_xpt=1&_params%2FOracle%20BI%20EE%3A%3ADefaultApp%3A%3AEVVET3%20PR%20NEW%2FAER%3A%3Adimension%2FAER%20Id%3A%3Aattribute%3A%3Anoaggr%3A%3Axsd%3Adouble=361563&_xt=AER&_xf=pdf""> AER </a>",2013-04-30 00:00:00,Veterinarian,Canada,MALE,Dog,Retriever - Labrador,"Metacam 0.5 mg/ml - Oral suspension (cats, guinea pigs), Metacam 0.5 mg/ml - Oral suspension (dogs), Metacam 1.5 mg/ml - Oral suspension (dogs), Metacam 15 mg/ml - Oral suspension (horses), Metacam 15 mg/ml - Oral suspension (pigs), Metacam 5 mg/ml - Solution for injection (cats, dogs), Metacam 5 mg/ml - Solution for injection (cattle, pigs), Metacam 5 mg/ml - Solution for injection (dogs)","Facial swelling (see also Skin), Pruritus",1,1,
CA-DEBIAHP-2012CA00600,"<a target=""_blank""  href=""/xmlpserver/EVVET3 PW NEW/Subject Area Contents/Public Website/Report (PDF)/AER.xdo?_xpf=&_xpt=1&_params%2FOracle%20BI%20EE%3A%3ADefaultApp%3A%3AEVVET3%20PR%20NEW%2FAER%3A%3Adimension%2FAER%20Id%3A%3Aattribute%3A%3Anoaggr%3A%3Axsd%3Adouble=361564&_xt=AER&_xf=pdf""> AER </a>",2013-04-30 00:00:00,Veterinarian,Canada,MALE,Dog,Retriever - Labrador,"Metacam 0.5 mg/ml - Oral suspension (cats, guinea pigs), Metacam 0.5 mg/ml - Oral suspension (dogs), Metacam 1.5 mg/ml - Oral suspension (dogs), Metacam 15 mg/ml - Oral suspension (horses), Metacam 15 mg/ml - Oral suspension (pigs), Vanguard Plus 5 vakcina A.U.V., Vanguard Plus 5, liofilizat i rozpuszczalnik do sporządzania zawiesiny do wstrzykiwań dla psów",Vomiting,1,1,
CA-DEBIAHP-2012CA00608,"<a target=""_blank""  href=""/xmlpserver/EVVET3 PW NEW/Subject Area Contents/Public Website/Report (PDF)/AER.xdo?_xpf=&_xpt=1&_params%2FOracle%20BI%20EE%3A%3ADefaultApp%3A%3AEVVET3%20PR%20NEW%2FAER%3A%3Adimension%2FAER%20Id%3A%3Aattribute%3A%3Anoaggr%3A%3Axsd%3Adouble=361565&_xt=AER&_xf=pdf""> AER </a>",2013-04-30 00:00:00,Veterinarian,Canada,MALE,Dog,Boxer (German Boxer),"Metacam 0.5 mg/ml - Oral suspension (cats, guinea pigs), Metacam 0.5 mg/ml - Oral suspension (dogs), Metacam 1.5 mg/ml - Oral suspension (dogs), Metacam 15 mg/ml - Oral suspension (horses), Metacam 15 mg/ml - Oral suspension (pigs)",Vomiting,1,1,
CA-DEBIAHP-2012CA00671,"<a target=""_blank""  href=""/xmlpserver/EVVET3 PW NEW/Subject Area Contents/Public Website/Report (PDF)/AER.xdo?_xpf=&_xpt=1&_params%2FOracle%20BI%20EE%3A%3ADefaultApp%3A%3AEVVET3%20PR%20NEW%2FAER%3A%3Adimension%2FAER%20Id%3A%3Aattribute%3A%3Anoaggr%3A%3Axsd%3Adouble=361566&_xt=AER&_xf=pdf""> AER </a>",2013-04-30 00:00:00,Veterinarian,Canada,FEMALE,Dog,Terrier - Bull - Staffordshire,"Metacam 0.5 mg/ml - Oral suspension (cats, guinea pigs), Metacam 0.5 mg/ml - Oral suspension (dogs), Metacam 1.5 mg/ml - Oral suspension (dogs), Metacam 15 mg/ml - Oral suspension (horses), Metacam 15 mg/ml - Oral suspension (pigs)",Lethargy (see also Central nervous system depression in Neurological),1,1,
CA-DEBIAHP-2012CA00796,"<a target=""_blank""  href=""/xmlpserver/EVVET3 PW NEW/Subject Area Contents/Public Website/Report (PDF)/AER.xdo?_xpf=&_xpt=1&_params%2FOracle%20BI%20EE%3A%3ADefaultApp%3A%3AEVVET3%20PR%20NEW%2FAER%3A%3Adimension%2FAER%20Id%3A%3Aattribute%3A%3Anoaggr%3A%3Axsd%3Adouble=360074&_xt=AER&_xf=pdf""> AER </a>",2013-04-15 00:00:00,Veterinarian,Canada,MALE,Dog,Shih Tzu,"Metacam 1 mg - Chewable tablet (dogs), Metacam 5 mg/ml - Solution for injection (cats, dogs), Metacam 5 mg/ml - Solution for injection (cattle, pigs), Metacam 5 mg/ml - Solution for injection (dogs), Torbugesic 10 mg/ml Solution for Injection, Torbugesic Vet 10 mg/ml solution injectable pour chevaux, chiens et chats, Torbugesic Vet. 10 mg/ml injektionsvæske, opløsning, Torbuphanol Vet 10 mg/ml solution for injection for injection for horses, dogs and cats","Bloody diarrhoea, Colitis, Diarrhoea, Tarry or black stool (see also haemorrhagic diarrhoea), Vomiting",1,1,
CA-DEBIAHP-2012CA00850,"<a target=""_blank""  href=""/xmlpserver/EVVET3 PW NEW/Subject Area Contents/Public Website/Report (PDF)/AER.xdo?_xpf=&_xpt=1&_params%2FOracle%20BI%20EE%3A%3ADefaultApp%3A%3AEVVET3%20PR%20NEW%2FAER%3A%3Adimension%2FAER%20Id%3A%3Aattribute%3A%3Anoaggr%3A%3Axsd%3Adouble=361567&_xt=AER&_xf=pdf""> AER </a>",2013-04-30 00:00:00,Veterinarian,Canada,FEMALE,Dog,Poodle - Miniature,"Diazepam 10 mg, tabletten voor honden en katten, Diazepam 2 mg, tabletten voor honden en katten, Diazepam 5 mg, tabletten voor honden en katten, Diazepam 5 mg/ml, oplossing voor injectie voor honden en katten, Ketamin 10 % šķīdums injekcijām suņiem un kaķiem, Ketamin 10%, Ketamin 100 mg/ml, Ketamine 10% oplossing voor injectie voor honden en katten, Ketamine 10% pro inj., oplossing voor injectie voor honden en katten, Ketamine 10% šķīdums injekcijām suņiem un kaķiem, Ketamine 10%, oplossing voor injectie voor honden en katten, Metacam 0.5 mg/ml - Oral suspension (cats, guinea pigs), Metacam 0.5 mg/ml - Oral suspension (dogs), Metacam 1.5 mg/ml - Oral suspension (dogs), Metacam 15 mg/ml - Oral suspension (horses), Metacam 15 mg/ml - Oral suspension (pigs), Metacam 5 mg/ml - Solution for injection (cats, dogs), Metacam 5 mg/ml - Solution for injection (cattle, pigs), Metacam 5 mg/ml - Solution for injection (dogs), ZIAPAM 5 mg/ml, solution for injection for dogs and cats, КЕТАМИН 10 %","Diarrhoea, Vomiting",1,1,
CA-DEBIAHP-2012CA00864,"<a target=""_blank""  href=""/xmlpserver/EVVET3 PW NEW/Subject Area Contents/Public Website/Report (PDF)/AER.xdo?_xpf=&_xpt=1&_params%2FOracle%20BI%20EE%3A%3ADefaultApp%3A%3AEVVET3%20PR%20NEW%2FAER%3A%3Adimension%2FAER%20Id%3A%3Aattribute%3A%3Anoaggr%3A%3Axsd%3Adouble=361568&_xt=AER&_xf=pdf""> AER </a>",2013-04-30 00:00:00,Veterinarian,Canada,MALE,Dog,"Dog (other), Hound - Swiss - (Lucerne Hound (Luzerner Laufhund), Schwyz Hound (Schweizer Laufhund), Bernese Hound, Jura Hound)","Metacam 0.5 mg/ml - Oral suspension (cats, guinea pigs), Metacam 0.5 mg/ml - Oral suspension (dogs), Metacam 1.5 mg/ml - Oral suspension (dogs), Metacam 15 mg/ml - Oral suspension (horses), Metacam 15 mg/ml - Oral suspension (pigs)","Anorexia, Diarrhoea, Lethargy (see also Central nervous system depression in Neurological), Vomiting",1,1,
CA-DEBIAHP-2012CA00866,"<a target=""_blank""  href=""/xmlpserver/EVVET3 PW NEW/Subject Area Contents/Public Website/Report (PDF)/AER.xdo?_xpf=&_xpt=1&_params%2FOracle%20BI%20EE%3A%3ADefaultApp%3A%3AEVVET3%20PR%20NEW%2FAER%3A%3Adimension%2FAER%20Id%3A%3Aattribute%3A%3Anoaggr%3A%3Axsd%3Adouble=346958&_xt=AER&_xf=pdf""> AER </a>",2013-01-09 00:00:00,Veterinarian,Canada,FEMALE,Dog,Retriever - Golden,"Metacam 2.5 mg - Chewable tablet (dogs), Metacam 5 mg/ml - Solution for injection (cats, dogs), Metacam 5 mg/ml - Solution for injection (cattle, pigs), Metacam 5 mg/ml - Solution for injection (dogs), Torbugesic 10 mg/ml Solution for Injection, Torbugesic Vet 10 mg/ml solution injectable pour chevaux, chiens et chats, Torbugesic Vet. 10 mg/ml injektionsvæske, opløsning, Torbuphanol Vet 10 mg/ml solution for injection for injection for horses, dogs and cats","Acute renal failure, Anorexia, Dehydration, Diarrhoea, Elevated blood urea nitrogen (BUN), Elevated creatinine, Haematuria, Hypercalcaemia, Hyperkalaemia, Hyperphosphataemia, Lethargy (see also Central nervous system depression in Neurological), Pancreatitis NOS, Polydipsia, Polyuria, Urinary tract infection, Vomiting",1,1,
CA-DEBIAHP-2012CA00869,"<a target=""_blank""  href=""/xmlpserver/EVVET3 PW NEW/Subject Area Contents/Public Website/Report (PDF)/AER.xdo?_xpf=&_xpt=1&_params%2FOracle%20BI%20EE%3A%3ADefaultApp%3A%3AEVVET3%20PR%20NEW%2FAER%3A%3Adimension%2FAER%20Id%3A%3Aattribute%3A%3Anoaggr%3A%3Axsd%3Adouble=361569&_xt=AER&_xf=pdf""> AER </a>",2013-04-30 00:00:00,Veterinarian,Canada,MALE,Dog,Terrier - Boston,"Fuxien vet 1000 mg/g inhalaatiohöyry, neste, ISOFLURANE-Vet 1000 mg/g liquido per inalazione per cani e gatti, ISOFLURIN 1000mg/g ΥΓΡΟ ΓΙΑ ΕΙΣΠΝΕΟΜΕΝΟΥΣ ΑΤΜΟΥΣ, Isoflurane 100% Inhalation Vapour, Liquid, Isoflurane 1000 mg/g Inhalation Vapour, liquid., MARAVET AMOXICILLIN, Metacam 0.5 mg/ml - Oral suspension (cats, guinea pigs), Metacam 0.5 mg/ml - Oral suspension (dogs), Metacam 1.5 mg/ml - Oral suspension (dogs), Metacam 15 mg/ml - Oral suspension (horses), Metacam 15 mg/ml - Oral suspension (pigs), Prednisolon forte pro inj.",Tarry or black stool (see also haemorrhagic diarrhoea),1,1,
CA-DEBIAHP-2012CA00874,"<a target=""_blank""  href=""/xmlpserver/EVVET3 PW NEW/Subject Area Contents/Public Website/Report (PDF)/AER.xdo?_xpf=&_xpt=1&_params%2FOracle%20BI%20EE%3A%3ADefaultApp%3A%3AEVVET3%20PR%20NEW%2FAER%3A%3Adimension%2FAER%20Id%3A%3Aattribute%3A%3Anoaggr%3A%3Axsd%3Adouble=361570&_xt=AER&_xf=pdf""> AER </a>",2013-04-30 00:00:00,Veterinarian,Canada,MALE,Dog,Crossbred Canine/dog,"AURIZON, AURIZON EAR DROPS, SUSPENSION, Aurizon (3 mg + 10 mg + 1 mg)/ml Krople do uszu, zawiesina, Aurizon Vet. 3+10+0,9 mg/ml øredråber, suspension, Aurizon ausu pilieni, suspensija suņiem, Aurizon, kapi za uho, suspenzija, za pse, Aurizon, ušní kapky, Metacam 0.5 mg/ml - Oral suspension (cats, guinea pigs), Metacam 0.5 mg/ml - Oral suspension (dogs), Metacam 1.5 mg/ml - Oral suspension (dogs), Metacam 15 mg/ml - Oral suspension (horses), Metacam 15 mg/ml - Oral suspension (pigs), Metacam 5 mg/ml - Solution for injection (cats, dogs), Metacam 5 mg/ml - Solution for injection (cattle, pigs), Metacam 5 mg/ml - Solution for injection (dogs), АУРИЗОН ВЕТ, капки за уши, суспензия за кучета","Abdominal discomfort, Anorexia, Bloody diarrhoea, Dehydration, Diarrhoea, Restlessness, Vomiting",1,1,
CA-DEBIAHP-2012CA00895,"<a target=""_blank""  href=""/xmlpserver/EVVET3 PW NEW/Subject Area Contents/Public Website/Report (PDF)/AER.xdo?_xpf=&_xpt=1&_params%2FOracle%20BI%20EE%3A%3ADefaultApp%3A%3AEVVET3%20PR%20NEW%2FAER%3A%3Adimension%2FAER%20Id%3A%3Aattribute%3A%3Anoaggr%3A%3Axsd%3Adouble=361571&_xt=AER&_xf=pdf""> AER </a>",2013-04-30 00:00:00,Veterinarian,Canada,MALE,Dog,Terrier - Jack Russell,"Metacam 0.5 mg/ml - Oral suspension (cats, guinea pigs), Metacam 0.5 mg/ml - Oral suspension (dogs), Metacam 1.5 mg/ml - Oral suspension (dogs), Metacam 15 mg/ml - Oral suspension (horses), Metacam 15 mg/ml - Oral suspension (pigs)","Anorexia, Seizure NOS, Vomiting",1,1,
CA-DEBIAHP-2012CA00951,"<a target=""_blank""  href=""/xmlpserver/EVVET3 PW NEW/Subject Area Contents/Public Website/Report (PDF)/AER.xdo?_xpf=&_xpt=1&_params%2FOracle%20BI%20EE%3A%3ADefaultApp%3A%3AEVVET3%20PR%20NEW%2FAER%3A%3Adimension%2FAER%20Id%3A%3Aattribute%3A%3Anoaggr%3A%3Axsd%3Adouble=361572&_xt=AER&_xf=pdf""> AER </a>",2013-04-30 00:00:00,Veterinarian,Canada,MALE,Dog,Boxer (German Boxer),"Metacam 0.5 mg/ml - Oral suspension (cats, guinea pigs), Metacam 0.5 mg/ml - Oral suspension (dogs), Metacam 1.5 mg/ml - Oral suspension (dogs), Metacam 15 mg/ml - Oral suspension (horses), Metacam 15 mg/ml - Oral suspension (pigs)","Anorexia, Bloody diarrhoea, Dehydration, Lethargy (see also Central nervous system depression in Neurological), Other abnormal test result NOS, Tenesmus, Vomiting",1,1,
CA-DEBIAHP-2012CA01008,"<a target=""_blank""  href=""/xmlpserver/EVVET3 PW NEW/Subject Area Contents/Public Website/Report (PDF)/AER.xdo?_xpf=&_xpt=1&_params%2FOracle%20BI%20EE%3A%3ADefaultApp%3A%3AEVVET3%20PR%20NEW%2FAER%3A%3Adimension%2FAER%20Id%3A%3Aattribute%3A%3Anoaggr%3A%3Axsd%3Adouble=357427&_xt=AER&_xf=pdf""> AER </a>",2013-03-15 00:00:00,Veterinarian,Canada,FEMALE,Dog,"Dog (other), Hound - Swiss - (Lucerne Hound (Luzerner Laufhund), Schwyz Hound (Schweizer Laufhund), Bernese Hound, Jura Hound)","BORGAL 200 mg/ml + 40 mg/ml SOLUCION INYECTABLE, BORGAL 200 mg/ml + 40 mg/ml raztopina za injiciranje, BORGAL 200 mg/ml + 40 mg/ml, soluție injectabilă pentru bovine, porci, cai și oi, BORGAL 24 %, BORGAL 24%, BORGAL 24%, ενέσιμο διάλυμα για βοοειδή και άλογα, BORGAL LÖSUNG 200 mg/ml + 40 mg/ml Injektionslösung für Rinder, Schweine, Pferde, Meerschweinchen, Forellenbrut und Zierfische, Borgal, Borgal 200 mg/ 40 mg/ml - Injektionslösung für Tiere, Borgal 200 mg/ml + 40 mg/ml solution for injection., Borgal 200 mg/ml + 40 mg/ml ενέσιμο διάλυμα για βοοειδή και άλογα, Borgal 200 mg/ml - 40 mg/ml Solution injectable, Borgal 200/40 mg/ml injekčný roztok, Borgal 24% (200 mg + 40 mg)/ml Roztwór do wstrzykiwań, Borgal Vet. 200+40 mg/ml injektionsvæske, opløsning, Borgal vet injektioneste, liuos, Borgal vet. injeksjonsvæske, oppløsning, Borgal, 200/40mg/ml, Injekční roztok, Metacam 20 mg/ml - Solution for injection (cattle, pigs, horses), Боргал 24%","Injection site lesion, Injection site necrosis",1,1,
CA-DEBIAHP-2012CA01029,"<a target=""_blank""  href=""/xmlpserver/EVVET3 PW NEW/Subject Area Contents/Public Website/Report (PDF)/AER.xdo?_xpf=&_xpt=1&_params%2FOracle%20BI%20EE%3A%3ADefaultApp%3A%3AEVVET3%20PR%20NEW%2FAER%3A%3Adimension%2FAER%20Id%3A%3Aattribute%3A%3Anoaggr%3A%3Axsd%3Adouble=361573&_xt=AER&_xf=pdf""> AER </a>",2013-04-30 00:00:00,Veterinarian,Canada,MALE,Dog,Crossbred Canine/dog,"ALFAXAN 10 mg/ml solution for injection for dogs and cats, ANTISEDAN, ANTISEDAN 5 mg/ml SOLUCIÓN INYECTABLE PARA PERROS Y GATOS, ANTISEDAN 5 mg/ml raztopina za injiciranje za pse in mačke, ANTISEDAN 5MG/ML ΕΝΕΣΙΜΟ ΔΙΑΛΥΜΑ, ANTISEDAN SOLUTION INJECTABLE POUR CHIENS ET CHATS, ANTISEDAN, 5 mg/mL, otopina za injekciju, za pse i mačke, Antisedan 5 mg/ 1 ml, roztwór do wstrzykiwań dla psów i kotów, Antisedan 5 mg/ml  Injektionslösung für Hunde und Katzen, Antisedan 5 mg/ml - Injektionslösung für Hunde und Katzen, Antisedan 5 mg/ml Oplossing voor injectie, Antisedan 5 mg/ml Solution injectable, Antisedan 5 mg/ml injekčný roztok pre psy a mačky, Antisedan 5 mg/ml oldatos injekció kutya és macska részére.A.U.V., Antisedan 5 mg/ml solution for injection, Antisedan 5 mg/ml solução injetável para cães e gatos, Antisedan Vet 5 mg/ml injekcinis tirpalas, Antisedan Vet 5 mg/ml šķīdums injekcijām, Antisedan Vet, 5 mg/ml süstelahus, Antisedan Vet. 5 mg/ml injektionsvæske, opløsning, Antisedan vet 5 mg/ml injektioneste, liuos, Antisedan vet. 5 mg/ml Injektionsvätska, lösning, Antisedan vet. 5 mg/ml Stungulyf, lausn Handa hundum og köttum., Antisedan vet. 5 mg/ml injeksjonsvæske, oppløsning, til hund og katt, Antisedan vet., 5 mg/ml, Injektionsvätska, lösning, Antisedan, 5 mg/ml oplossing voor injectie voor honden en katten, Antisedan, 5mg/ml, Injekční roztok, DOMITOR 1 mg/ml raztopina za injiciranje za pse in mačke, DOMITOR 1 mg/ml ενέσιμο διάλυμα για σκύλους και γάτες, DOMITOR 1 mg/ml, soluție injectabilă pentru câini și pisici, DOMITOR, 1 mg/mL, otopina za injekciju za pse i mačke, DOMITOR, 1mg/ml, Injekční roztok, DOMITOR, SOLUTION INJECTABLE, Dexdomitor 0.1 mg/ml - Solution for injection, Dexdomitor 0.5 mg/ml - Solution for injection, Domitor, Domitor 1 mg/1 ml, roztwór do wstrzykiwań dla psów i kotów, Domitor 1 mg/ml - Injektionslösung für Hunde und Katzen, Domitor 1 mg/ml Oplossing voor injectie, Domitor 1 mg/ml Solution injectable, Domitor 1 mg/ml injekčný roztok, Domitor 1 mg/ml oldatos injekció kutyáknak és macskáknak A.U.V., Domitor 1 mg/ml solution for injection, Domitor 1 mg/ml soluzione iniettabile per cani e gatti, Domitor Vet 1 mg/ml injekcinis tirpalas, Domitor Vet 1 mg/ml šķīdums injekcijām, Domitor Vet, 1 mg/ml süstelahus, Domitor Vet. 1 mg/ml injektionsvæske, opløsning, Domitor vet 1 mg/ml injektioneste, liuos, Domitor vet. 1 mg/ml Injektionsvätska, lösning, Domitor vet. 1 mg/ml injeksjonsvæske, oppløsning til hund og katt, Metacam 0.5 mg/ml - Oral suspension (cats, guinea pigs), Metacam 0.5 mg/ml - Oral suspension (dogs), Metacam 1.5 mg/ml - Oral suspension (dogs), Metacam 15 mg/ml - Oral suspension (horses), Metacam 15 mg/ml - Oral suspension (pigs), Metacam 5 mg/ml - Solution for injection (cats, dogs), Metacam 5 mg/ml - Solution for injection (cattle, pigs), Metacam 5 mg/ml - Solution for injection (dogs), Torbugesic 10 mg/ml Solution for Injection, Torbugesic Vet 10 mg/ml solution injectable pour chevaux, chiens et chats, Torbugesic Vet. 10 mg/ml injektionsvæske, opløsning, Torbuphanol Vet 10 mg/ml solution for injection for injection for horses, dogs and cats, АНТИСЕДАН ВЕТ 5 mg/ml инжекционен разтвор, Домитор Вет 1 mg/ml инжекционен разтвор за кучета и котки","Tarry or black stool (see also haemorrhagic diarrhoea), Vomiting",1,1,
CA-DEBIAHP-2012CA01038,"<a target=""_blank""  href=""/xmlpserver/EVVET3 PW NEW/Subject Area Contents/Public Website/Report (PDF)/AER.xdo?_xpf=&_xpt=1&_params%2FOracle%20BI%20EE%3A%3ADefaultApp%3A%3AEVVET3%20PR%20NEW%2FAER%3A%3Adimension%2FAER%20Id%3A%3Aattribute%3A%3Anoaggr%3A%3Axsd%3Adouble=361574&_xt=AER&_xf=pdf""> AER </a>",2013-04-30 00:00:00,Veterinarian,Canada,FEMALE,Dog,Dachshund - Miniature,"Metacam 0.5 mg/ml - Oral suspension (cats, guinea pigs), Metacam 0.5 mg/ml - Oral suspension (dogs), Metacam 1.5 mg/ml - Oral suspension (dogs), Metacam 15 mg/ml - Oral suspension (horses), Metacam 15 mg/ml - Oral suspension (pigs)","Erythema (for urticaria see Immune SOC), Facial swelling (see also Skin), Lethargy (see also Central nervous system depression in Neurological), Urticaria",1,1,
CA-DEBIAHP-2012CA01039,"<a target=""_blank""  href=""/xmlpserver/EVVET3 PW NEW/Subject Area Contents/Public Website/Report (PDF)/AER.xdo?_xpf=&_xpt=1&_params%2FOracle%20BI%20EE%3A%3ADefaultApp%3A%3AEVVET3%20PR%20NEW%2FAER%3A%3Adimension%2FAER%20Id%3A%3Aattribute%3A%3Anoaggr%3A%3Axsd%3Adouble=361575&_xt=AER&_xf=pdf""> AER </a>",2013-04-30 00:00:00,Veterinarian,Canada,FEMALE,Dog,Shepherd Dog - Australian,"Anarthron 100 mg/ml Solution for Injection, Cartrophen Vet 100 mg/ml Solution for Injection., Cartrophen Vet. 100 mg/ml injektionsvæske, opløsning, Cartrophen vet, Cartrophen vet. 100 mg/ml Injektionsvätska, lösning, Cartrophen vet. 100 mg/ml injektioneste, liuos, Metacam 0.5 mg/ml - Oral suspension (cats, guinea pigs), Metacam 0.5 mg/ml - Oral suspension (dogs), Metacam 1.5 mg/ml - Oral suspension (dogs), Metacam 15 mg/ml - Oral suspension (horses), Metacam 15 mg/ml - Oral suspension (pigs), Stronghold 120 mg - Spot-on solution (12% - dogs), Stronghold 15 mg - Spot-on solution (6% - cats and dogs), Stronghold 240 mg - Spot-on solution (12% - dogs), Stronghold 30 mg - Spot-on solution (12% - dogs), Stronghold 360 mg - Spot-on solution (12% - dogs), Stronghold 45 mg - Spot-on solution (6% - cats), Stronghold 60 mg - Spot-on solution (12% - dogs), Stronghold 60 mg - Spot-on solution (6% - cats)","Anorexia, Bloody diarrhoea, Hyperthermia",1,1,
CA-DEBIAHP-2012CA01086,"<a target=""_blank""  href=""/xmlpserver/EVVET3 PW NEW/Subject Area Contents/Public Website/Report (PDF)/AER.xdo?_xpf=&_xpt=1&_params%2FOracle%20BI%20EE%3A%3ADefaultApp%3A%3AEVVET3%20PR%20NEW%2FAER%3A%3Adimension%2FAER%20Id%3A%3Aattribute%3A%3Anoaggr%3A%3Axsd%3Adouble=361576&_xt=AER&_xf=pdf""> AER </a>",2013-04-30 00:00:00,Veterinarian,Canada,FEMALE,Dog,Collie - Border,"Metacam 0.5 mg/ml - Oral suspension (cats, guinea pigs), Metacam 0.5 mg/ml - Oral suspension (dogs), Metacam 1.5 mg/ml - Oral suspension (dogs), Metacam 15 mg/ml - Oral suspension (horses), Metacam 15 mg/ml - Oral suspension (pigs), Metacam 5 mg/ml - Solution for injection (cats, dogs), Metacam 5 mg/ml - Solution for injection (cattle, pigs), Metacam 5 mg/ml - Solution for injection (dogs)","Anorexia, Blood in faeces, Lethargy (see also Central nervous system depression in Neurological), Vomiting, Weight loss",1,1,
CA-DEBIAHP-2012CA01102,"<a target=""_blank""  href=""/xmlpserver/EVVET3 PW NEW/Subject Area Contents/Public Website/Report (PDF)/AER.xdo?_xpf=&_xpt=1&_params%2FOracle%20BI%20EE%3A%3ADefaultApp%3A%3AEVVET3%20PR%20NEW%2FAER%3A%3Adimension%2FAER%20Id%3A%3Aattribute%3A%3Anoaggr%3A%3Axsd%3Adouble=361577&_xt=AER&_xf=pdf""> AER </a>",2013-04-30 00:00:00,Veterinarian,Canada,MALE,Dog,Retriever - Labrador,"Metacam 0.5 mg/ml - Oral suspension (cats, guinea pigs), Metacam 0.5 mg/ml - Oral suspension (dogs), Metacam 1.5 mg/ml - Oral suspension (dogs), Metacam 15 mg/ml - Oral suspension (horses), Metacam 15 mg/ml - Oral suspension (pigs), Metacam 5 mg/ml - Solution for injection (cats, dogs), Metacam 5 mg/ml - Solution for injection (cattle, pigs), Metacam 5 mg/ml - Solution for injection (dogs)","Erythema (for urticaria see Immune SOC), Generalised itching",1,1,
CA-DEBIAHP-2012CA01127,"<a target=""_blank""  href=""/xmlpserver/EVVET3 PW NEW/Subject Area Contents/Public Website/Report (PDF)/AER.xdo?_xpf=&_xpt=1&_params%2FOracle%20BI%20EE%3A%3ADefaultApp%3A%3AEVVET3%20PR%20NEW%2FAER%3A%3Adimension%2FAER%20Id%3A%3Aattribute%3A%3Anoaggr%3A%3Axsd%3Adouble=361578&_xt=AER&_xf=pdf""> AER </a>",2013-04-30 00:00:00,Veterinarian,Canada,MALE,Dog,Retriever - Labrador,"Metacam 0.5 mg/ml - Oral suspension (cats, guinea pigs), Metacam 0.5 mg/ml - Oral suspension (dogs), Metacam 1.5 mg/ml - Oral suspension (dogs), Metacam 15 mg/ml - Oral suspension (horses), Metacam 15 mg/ml - Oral suspension (pigs), Metacam 5 mg/ml - Solution for injection (cats, dogs), Metacam 5 mg/ml - Solution for injection (cattle, pigs), Metacam 5 mg/ml - Solution for injection (dogs)","Alopecia local, Erythema (for urticaria see Immune SOC)",1,1,
CA-DEBIAHP-2012CA01167,"<a target=""_blank""  href=""/xmlpserver/EVVET3 PW NEW/Subject Area Contents/Public Website/Report (PDF)/AER.xdo?_xpf=&_xpt=1&_params%2FOracle%20BI%20EE%3A%3ADefaultApp%3A%3AEVVET3%20PR%20NEW%2FAER%3A%3Adimension%2FAER%20Id%3A%3Aattribute%3A%3Anoaggr%3A%3Axsd%3Adouble=361579&_xt=AER&_xf=pdf""> AER </a>",2013-04-30 00:00:00,Veterinarian,Canada,MALE,Dog,Chihuahua,"Metacam 0.5 mg/ml - Oral suspension (cats, guinea pigs), Metacam 0.5 mg/ml - Oral suspension (dogs), Metacam 1.5 mg/ml - Oral suspension (dogs), Metacam 15 mg/ml - Oral suspension (horses), Metacam 15 mg/ml - Oral suspension (pigs), Metacam 5 mg/ml - Solution for injection (cats, dogs), Metacam 5 mg/ml - Solution for injection (cattle, pigs), Metacam 5 mg/ml - Solution for injection (dogs)","Diarrhoea, Facial swelling (see also Skin)",1,1,
CA-DEBIAHP-2012CA01194,"<a target=""_blank""  href=""/xmlpserver/EVVET3 PW NEW/Subject Area Contents/Public Website/Report (PDF)/AER.xdo?_xpf=&_xpt=1&_params%2FOracle%20BI%20EE%3A%3ADefaultApp%3A%3AEVVET3%20PR%20NEW%2FAER%3A%3Adimension%2FAER%20Id%3A%3Aattribute%3A%3Anoaggr%3A%3Axsd%3Adouble=361580&_xt=AER&_xf=pdf""> AER </a>",2013-04-30 00:00:00,Veterinarian,Canada,MALE,Dog,Bichon Frise,"CLAVASEPTIN 40+10 MG ΔΙΣΚΙΟ, CLAVASEPTIN 400+100MG ΔΙΣΚΙΟ, CLAVASEPTIN 500MG PALATABLE TABLETS FOR DOGS, CLAVASEPTIN 50MG PALATABLE TABLETS FOR DOGS AND CATS, CLAVASEPTIN 600+150MG ΔΙΣΚΙΟ, CLAVASEPTIN 62.5 MG PALATABLE TABLETS FOR DOGS AND CATS, CLAVASEPTIN P 250 MG TABLETS FOR DOGS, CLAVASEPTIN P 62,5 MG ΔΙΣΚΙΟ, CLAVASEPTIN P 750 MG TABLETS FOR DOGS, Clavaseptin 250 mg okusne tablete za pse, Clavaseptin 250 mg, tabletid koertele, Clavaseptin 50 mg, tabletid koertele ja kassidele, Clavaseptin 500 mg, tabletid koertele, Clavaseptin 600 mg/150 mg tabletter för hund, Clavaseptin 750 mg Tabletten für Hunde, Clavaseptin 750 mg okusne tablete za pse, Clavaseptin 750 mg palatable tablets for dogs, Metacam 0.5 mg/ml - Oral suspension (cats, guinea pigs), Metacam 0.5 mg/ml - Oral suspension (dogs), Metacam 1.5 mg/ml - Oral suspension (dogs), Metacam 15 mg/ml - Oral suspension (horses), Metacam 15 mg/ml - Oral suspension (pigs), Metacam 5 mg/ml - Solution for injection (cats, dogs), Metacam 5 mg/ml - Solution for injection (cattle, pigs), Metacam 5 mg/ml - Solution for injection (dogs)","Purulent lesion(s), Skin necrosis",1,1,
CA-DEBIAHP-2012CA01315,"<a target=""_blank""  href=""/xmlpserver/EVVET3 PW NEW/Subject Area Contents/Public Website/Report (PDF)/AER.xdo?_xpf=&_xpt=1&_params%2FOracle%20BI%20EE%3A%3ADefaultApp%3A%3AEVVET3%20PR%20NEW%2FAER%3A%3Adimension%2FAER%20Id%3A%3Aattribute%3A%3Anoaggr%3A%3Axsd%3Adouble=353933&_xt=AER&_xf=pdf""> AER </a>",2013-02-21 00:00:00,Veterinarian,Canada,MALE,Dog,Terrier - Yorkshire,"DOMITOR 1 mg/ml raztopina za injiciranje za pse in mačke, DOMITOR 1 mg/ml ενέσιμο διάλυμα για σκύλους και γάτες, DOMITOR 1 mg/ml, soluție injectabilă pentru câini și pisici, DOMITOR, 1 mg/mL, otopina za injekciju za pse i mačke, DOMITOR, 1mg/ml, Injekční roztok, DOMITOR, SOLUTION INJECTABLE, Domitor, Domitor 1 mg/1 ml, roztwór do wstrzykiwań dla psów i kotów, Domitor 1 mg/ml - Injektionslösung für Hunde und Katzen, Domitor 1 mg/ml Oplossing voor injectie, Domitor 1 mg/ml Solution injectable, Domitor 1 mg/ml injekčný roztok, Domitor 1 mg/ml oldatos injekció kutyáknak és macskáknak A.U.V., Domitor 1 mg/ml solution for injection, Domitor 1 mg/ml soluzione iniettabile per cani e gatti, Domitor Vet 1 mg/ml injekcinis tirpalas, Domitor Vet 1 mg/ml šķīdums injekcijām, Domitor Vet, 1 mg/ml süstelahus, Domitor Vet. 1 mg/ml injektionsvæske, opløsning, Domitor vet 1 mg/ml injektioneste, liuos, Domitor vet. 1 mg/ml Injektionsvätska, lösning, Domitor vet. 1 mg/ml injeksjonsvæske, oppløsning til hund og katt, Metacam 0.5 mg/ml - Oral suspension (cats, guinea pigs), Metacam 0.5 mg/ml - Oral suspension (dogs), Metacam 1.5 mg/ml - Oral suspension (dogs), Metacam 15 mg/ml - Oral suspension (horses), Metacam 15 mg/ml - Oral suspension (pigs), Metacam 5 mg/ml - Solution for injection (cats, dogs), Metacam 5 mg/ml - Solution for injection (cattle, pigs), Metacam 5 mg/ml - Solution for injection (dogs), Домитор Вет 1 mg/ml инжекционен разтвор за кучета и котки","Anorexia, Ataxia, Death by euthanasia, Decreased body temperature, Dehydration, Dilated renal pelvis, Drinking a lot, Elevated renal parameters, Lethargy (see also Central nervous system depression in Neurological), Pale mucous membrane, Renal disorder NOS, Vomiting",1,1,1
CA-DEBIAHP-2012CA01320,"<a target=""_blank""  href=""/xmlpserver/EVVET3 PW NEW/Subject Area Contents/Public Website/Report (PDF)/AER.xdo?_xpf=&_xpt=1&_params%2FOracle%20BI%20EE%3A%3ADefaultApp%3A%3AEVVET3%20PR%20NEW%2FAER%3A%3Adimension%2FAER%20Id%3A%3Aattribute%3A%3Anoaggr%3A%3Axsd%3Adouble=361581&_xt=AER&_xf=pdf""> AER </a>",2013-04-30 00:00:00,Veterinarian,Canada,FEMALE,Dog,Retriever - Golden,"Metacam 0.5 mg/ml - Oral suspension (cats, guinea pigs), Metacam 0.5 mg/ml - Oral suspension (dogs), Metacam 1.5 mg/ml - Oral suspension (dogs), Metacam 15 mg/ml - Oral suspension (horses), Metacam 15 mg/ml - Oral suspension (pigs)","Anorexia, Lethargy (see also Central nervous system depression in Neurological)",1,1,
CA-DEBIAHP-2012CA01321,"<a target=""_blank""  href=""/xmlpserver/EVVET3 PW NEW/Subject Area Contents/Public Website/Report (PDF)/AER.xdo?_xpf=&_xpt=1&_params%2FOracle%20BI%20EE%3A%3ADefaultApp%3A%3AEVVET3%20PR%20NEW%2FAER%3A%3Adimension%2FAER%20Id%3A%3Aattribute%3A%3Anoaggr%3A%3Axsd%3Adouble=362963&_xt=AER&_xf=pdf""> AER </a>",2013-05-16 00:00:00,Veterinarian,Canada,FEMALE,Dog,Doberman Pinscher,"ADEQUAN IM 500 MG/5 ML SOLUTION FOR INJECTION, Adequan, Adequan 100 mg/ml Solution for Injection, Adequan 250 mg/ml Solution for Injection, Dexdomitor 0.1 mg/ml - Solution for injection, Dexdomitor 0.5 mg/ml - Solution for injection, Diazepam 10 mg, tabletten voor honden en katten, Diazepam 2 mg, tabletten voor honden en katten, Diazepam 5 mg, tabletten voor honden en katten, Diazepam 5 mg/ml, oplossing voor injectie voor honden en katten, Ketalin 100 mg/ml oplossing voor injectie voor honden en katten, Metacam 5 mg/ml - Solution for injection (cats, dogs), Metacam 5 mg/ml - Solution for injection (cattle, pigs), Metacam 5 mg/ml - Solution for injection (dogs), Torbugesic 10 mg/ml Solution for Injection, Torbugesic Vet 10 mg/ml solution injectable pour chevaux, chiens et chats, Torbugesic Vet. 10 mg/ml injektionsvæske, opløsning, Torbuphanol Vet 10 mg/ml solution for injection for injection for horses, dogs and cats, ZIAPAM 5 mg/ml, solution for injection for dogs and cats","Injection site erythema, Injection site pyoderma, Injection site scab, Injection site serous discharge, Injection site swelling",1,1,
CA-DEBIAHP-2012CA01326,"<a target=""_blank""  href=""/xmlpserver/EVVET3 PW NEW/Subject Area Contents/Public Website/Report (PDF)/AER.xdo?_xpf=&_xpt=1&_params%2FOracle%20BI%20EE%3A%3ADefaultApp%3A%3AEVVET3%20PR%20NEW%2FAER%3A%3Adimension%2FAER%20Id%3A%3Aattribute%3A%3Anoaggr%3A%3Axsd%3Adouble=361582&_xt=AER&_xf=pdf""> AER </a>",2013-04-30 00:00:00,Veterinarian,Canada,FEMALE,Dog,Crossbred Canine/dog,"ACEPROMAZINE 10%/AGROSEED CANDILIDIS ενέσιμο διάλυμα 10 mg/ml για σκύλο και γάτα, Atropine 0,1% pro inj., 1 mg/ml oplossing voor injectie voor honden en katten., Metacam 0.5 mg/ml - Oral suspension (cats, guinea pigs), Metacam 0.5 mg/ml - Oral suspension (dogs), Metacam 1.5 mg/ml - Oral suspension (dogs), Metacam 15 mg/ml - Oral suspension (horses), Metacam 15 mg/ml - Oral suspension (pigs), Metacam 5 mg/ml - Solution for injection (cats, dogs), Metacam 5 mg/ml - Solution for injection (cattle, pigs), Metacam 5 mg/ml - Solution for injection (dogs), Torbugesic 10 mg/ml Solution for Injection, Torbugesic Vet 10 mg/ml solution injectable pour chevaux, chiens et chats, Torbugesic Vet. 10 mg/ml injektionsvæske, opløsning, Torbuphanol Vet 10 mg/ml solution for injection for injection for horses, dogs and cats","Injection site alopecia, Injection site crust, Injection site pain, Injection site serous discharge",1,1,
CA-DEBIAHP-2012CA01338,"<a target=""_blank""  href=""/xmlpserver/EVVET3 PW NEW/Subject Area Contents/Public Website/Report (PDF)/AER.xdo?_xpf=&_xpt=1&_params%2FOracle%20BI%20EE%3A%3ADefaultApp%3A%3AEVVET3%20PR%20NEW%2FAER%3A%3Adimension%2FAER%20Id%3A%3Aattribute%3A%3Anoaggr%3A%3Axsd%3Adouble=361583&_xt=AER&_xf=pdf""> AER </a>",2013-04-30 00:00:00,Veterinarian,Canada,MALE,Dog,Crossbred Canine/dog,"Metacam 0.5 mg/ml - Oral suspension (cats, guinea pigs), Metacam 0.5 mg/ml - Oral suspension (dogs), Metacam 1.5 mg/ml - Oral suspension (dogs), Metacam 15 mg/ml - Oral suspension (horses), Metacam 15 mg/ml - Oral suspension (pigs)","Anal irritation, Anorexia, Anxiety, Diarrhoea, Lethargy (see also Central nervous system depression in Neurological), Not drinking",1,1,
CA-DEBIAHP-2012CA01350,"<a target=""_blank""  href=""/xmlpserver/EVVET3 PW NEW/Subject Area Contents/Public Website/Report (PDF)/AER.xdo?_xpf=&_xpt=1&_params%2FOracle%20BI%20EE%3A%3ADefaultApp%3A%3AEVVET3%20PR%20NEW%2FAER%3A%3Adimension%2FAER%20Id%3A%3Aattribute%3A%3Anoaggr%3A%3Axsd%3Adouble=357429&_xt=AER&_xf=pdf""> AER </a>",2013-03-15 00:00:00,Veterinarian,Canada,FEMALE,Dog,"Deutsche Dogge, Great Dane","Ketamin 10 % šķīdums injekcijām suņiem un kaķiem, Ketamin 10%, Ketamin 100 mg/ml, Ketamine 10% oplossing voor injectie voor honden en katten, Ketamine 10% pro inj., oplossing voor injectie voor honden en katten, Ketamine 10% šķīdums injekcijām suņiem un kaķiem, Ketamine 10%, oplossing voor injectie voor honden en katten, Metacam 20 mg/ml - Solution for injection (cattle, pigs, horses), Torbugesic 10 mg/ml Solution for Injection, Torbugesic Vet 10 mg/ml solution injectable pour chevaux, chiens et chats, Torbugesic Vet. 10 mg/ml injektionsvæske, opløsning, Torbuphanol Vet 10 mg/ml solution for injection for injection for horses, dogs and cats, Xylazine 2 %, injectable solution, Xylazine 2 %, injekcinis tirpalas galvijams, arkliams, katėms ir šunims, Xylazine 2% 20 mg/ml šķīdums injekcijām liellopiem, zirgiem, aitām, suņiem, kaķiem, Xylazine 2%, süstelahus, Xylazine 20 mg/mL,  otopina za injekciju za konje, goveda, pse i mačke, Xylazine 500 mg 100%, poeder voor oplossing voor parenteraal gebruik, КЕТАМИН 10 %","Generalised skin slough, Injection site necrosis, Injection site serous discharge",1,1,
CA-DEBIAHP-2012CA01407,"<a target=""_blank""  href=""/xmlpserver/EVVET3 PW NEW/Subject Area Contents/Public Website/Report (PDF)/AER.xdo?_xpf=&_xpt=1&_params%2FOracle%20BI%20EE%3A%3ADefaultApp%3A%3AEVVET3%20PR%20NEW%2FAER%3A%3Adimension%2FAER%20Id%3A%3Aattribute%3A%3Anoaggr%3A%3Axsd%3Adouble=362964&_xt=AER&_xf=pdf""> AER </a>",2013-05-16 00:00:00,Veterinarian,Canada,FEMALE,Dog,Shih Tzu,"Metacam 5 mg/ml - Solution for injection (cats, dogs), Metacam 5 mg/ml - Solution for injection (cattle, pigs), Metacam 5 mg/ml - Solution for injection (dogs), RABISIN SUSPENSION INJECTABLE, RABISIN injekčná suspenzia, RABISIN suspenzija za injiciranje, RABISIN vet, injeksjonsvæske, suspensjon Vaksine mot rabies til dyr (inaktivert), RABISIN, Injekční suspenze, RABISIN, injekcinė suspensija, RABISIN, sospensione iniettabile per cani, gatti, equini, bovini, ovini, RABISIN, suspensie injectabilă, RABISIN, ενέσιμο εναιώρημα, RABISIN, ≥ 2,09 log10 OD50 i ≥ 1 I.J., suspenzija za injekciju za pse, mačke, pitome vretice, konje, govedo i ovce, ROMPUN, ROMPUN 2 %, ROMPUN 20MG/ML ΕΝΕΣΙΜΟ ΔΙΑΛΥΜΑ, Rabisin, Rabisin  Suspensie voor injectie, Rabisin Glikoproteiny wirusa wścieklizny nie mniej niż 1IU Zawiesina do wstrzykiwań, Rabisin Injektionssuspension für Hunde, Katzen, Marderartige, Pferde, Rinder und Schafe, Rabisin Vet. injektionsvæske, suspension, Rabisin suspensija injekcijām liellopiem, zirgiem, aitām, suņiem, kaķiem un mājas seskiem, Rabisin suspension injectable, Rabisin suspensão injectável, Rabisin vakcina A.U.V., Rabisin vet injektioneste, suspensio, Rabisin vet.  Injektionsvätska, suspension, Rabisin, Injektionssuspension für Hunde, Katzen, Marderartige, Pferde, Rinder und Schafe, Rabisin, suspensie voor injectie voor hond, kat en rund, Rabisin, süstesuspensioon, Rompun 2%, Rompun 2% 20 mg/ml Oplossing voor injectie, Rompun 2% 20 mg/ml Solution injectable, Rompun 20 mg/ml Injektionslösung für Tiere, Rompun 20 mg/ml solução injetável para bovinos, cavalos, cães e gatos., Rompun Vet. 2 % injektionsvæske, opløsning, Rompun vet 20 mg/ml injektioneste, liuos, Rompun vet. 20 mg/ml Injektionsvätska, lösning, Rompun vet. 20 mg/ml injeksjonsvæske, oppløsning, Rompun vet. 20 mg/ml stungulyf, lausn, Torbugesic 10 mg/ml Solution for Injection, Torbugesic Vet 10 mg/ml solution injectable pour chevaux, chiens et chats, Torbugesic Vet. 10 mg/ml injektionsvæske, opløsning, Torbuphanol Vet 10 mg/ml solution for injection for injection for horses, dogs and cats, Vanguard Plus 5 vakcina A.U.V., Vanguard Plus 5, liofilizat i rozpuszczalnik do sporządzania zawiesiny do wstrzykiwań dla psów, РАБИЗИН","Injection site swelling, Injection site weeping (see also Skin)",1,1,
CA-DEBIAHP-2012CA01409,"<a target=""_blank""  href=""/xmlpserver/EVVET3 PW NEW/Subject Area Contents/Public Website/Report (PDF)/AER.xdo?_xpf=&_xpt=1&_params%2FOracle%20BI%20EE%3A%3ADefaultApp%3A%3AEVVET3%20PR%20NEW%2FAER%3A%3Adimension%2FAER%20Id%3A%3Aattribute%3A%3Anoaggr%3A%3Axsd%3Adouble=359651&_xt=AER&_xf=pdf""> AER </a>",2013-04-10 00:00:00,Veterinarian,Canada,FEMALE,Dog,Shepherd Dog - German,"Metacam 0.5 mg/ml - Oral suspension (cats, guinea pigs), Metacam 0.5 mg/ml - Oral suspension (dogs), Metacam 1.5 mg/ml - Oral suspension (dogs), Metacam 15 mg/ml - Oral suspension (horses), Metacam 15 mg/ml - Oral suspension (pigs)","Anaemia NOS, Cushings disease NOS, Death by euthanasia, Distension of abdomen, Elevated liver enzymes NOS, Hepatic tumour, Panting, Tarry or black stool (see also haemorrhagic diarrhoea), Weakness",1,1,1
CA-DEBIAHP-2012CA01434,"<a target=""_blank""  href=""/xmlpserver/EVVET3 PW NEW/Subject Area Contents/Public Website/Report (PDF)/AER.xdo?_xpf=&_xpt=1&_params%2FOracle%20BI%20EE%3A%3ADefaultApp%3A%3AEVVET3%20PR%20NEW%2FAER%3A%3Adimension%2FAER%20Id%3A%3Aattribute%3A%3Anoaggr%3A%3Axsd%3Adouble=361584&_xt=AER&_xf=pdf""> AER </a>",2013-04-30 00:00:00,Veterinarian,Canada,FEMALE,Dog,Terrier - Jack Russell,"Anarthron 100 mg/ml Solution for Injection, Cartrophen Vet 100 mg/ml Solution for Injection., Cartrophen Vet. 100 mg/ml injektionsvæske, opløsning, Cartrophen vet, Cartrophen vet. 100 mg/ml Injektionsvätska, lösning, Cartrophen vet. 100 mg/ml injektioneste, liuos, Metacam 0.5 mg/ml - Oral suspension (cats, guinea pigs), Metacam 0.5 mg/ml - Oral suspension (dogs), Metacam 1.5 mg/ml - Oral suspension (dogs), Metacam 15 mg/ml - Oral suspension (horses), Metacam 15 mg/ml - Oral suspension (pigs)","Anorexia, Elevated liver enzymes NOS, Lethargy (see also Central nervous system depression in Neurological), Vomiting",1,1,
CA-DEBIAHP-2012CA01437,"<a target=""_blank""  href=""/xmlpserver/EVVET3 PW NEW/Subject Area Contents/Public Website/Report (PDF)/AER.xdo?_xpf=&_xpt=1&_params%2FOracle%20BI%20EE%3A%3ADefaultApp%3A%3AEVVET3%20PR%20NEW%2FAER%3A%3Adimension%2FAER%20Id%3A%3Aattribute%3A%3Anoaggr%3A%3Axsd%3Adouble=361585&_xt=AER&_xf=pdf""> AER </a>",2013-04-30 00:00:00,Veterinarian,Canada,MALE,Dog,Crossbred Canine/dog,"ALFAXAN 10 mg/ml solution for injection for dogs and cats, Combiclav Intramammary Suspension for Lactating Cows, Convenia 80 mg/ml  - Powder and solvent for solution for injection, Metacam 0.5 mg/ml - Oral suspension (cats, guinea pigs), Metacam 0.5 mg/ml - Oral suspension (dogs), Metacam 1.5 mg/ml - Oral suspension (dogs), Metacam 15 mg/ml - Oral suspension (horses), Metacam 15 mg/ml - Oral suspension (pigs), Metacam 5 mg/ml - Solution for injection (cats, dogs), Metacam 5 mg/ml - Solution for injection (cattle, pigs), Metacam 5 mg/ml - Solution for injection (dogs), NOROCLAV 250 mg, comprimate, NOROCLAV INJECTION, NOROCLAV injekčná suspenzia, NOROCLAV, 200/50mg, Tableta, NOROCLAV, 40/10mg, Tableta, NOROCLAV, injekcinė suspensija, Noroclav 140/35 mg/ml szuszpenziós injekció szarvasmarhák és kutyák számáraA.U.V., Noroclav 200/50 mg tablety, Noroclav 250 mg Tablets for dogs, Noroclav 250 mg tabletta kutyák részére A.U.V., Noroclav 250 mg, tabletid koertele ja kassidele, Noroclav 40/10 mg tablety, Noroclav 400/100 Ízesített tabletta kutyák részére A.U.V., Noroclav 50 mg Tablets for Dogs and Cats, Noroclav 50 mg tabletta kutyák és macskák részére A.U.V., Noroclav 50 mg, tabletid koertele ja kassidele, Noroclav 500 mg Palatable Tablets for Dogs, Noroclav 500 mg, tabletid koertele, Noroclav Injection for Cattle and Dogs, Noroclav Injection, 140 mg + 35 mg/ml süstesuspensioon veistele, Noroclav Intramammary Suspension for Lactating Cows, Noroclav Suspension zur intramammären Anwendung bei laktierenden Kühen, Noroclav suspensija ievadīšanai tesmenī laktējošām govīm, Noroclav, Injekční suspenze, Synuclav Suspension for Injection, Torbugesic 10 mg/ml Solution for Injection, Torbugesic Vet 10 mg/ml solution injectable pour chevaux, chiens et chats, Torbugesic Vet. 10 mg/ml injektionsvæske, opløsning, Torbuphanol Vet 10 mg/ml solution for injection for injection for horses, dogs and cats, Нороклав 50 мг, 250 мг таблетки",Seizure NOS,1,1,
CA-DEBIAHP-2012CA01441,"<a target=""_blank""  href=""/xmlpserver/EVVET3 PW NEW/Subject Area Contents/Public Website/Report (PDF)/AER.xdo?_xpf=&_xpt=1&_params%2FOracle%20BI%20EE%3A%3ADefaultApp%3A%3AEVVET3%20PR%20NEW%2FAER%3A%3Adimension%2FAER%20Id%3A%3Aattribute%3A%3Anoaggr%3A%3Axsd%3Adouble=359670&_xt=AER&_xf=pdf""> AER </a>",2013-04-10 00:00:00,Veterinarian,Canada,FEMALE,Dog,Retriever - Golden,"CLAVASEPTIN 40+10 MG ΔΙΣΚΙΟ, CLAVASEPTIN 400+100MG ΔΙΣΚΙΟ, CLAVASEPTIN 500MG PALATABLE TABLETS FOR DOGS, CLAVASEPTIN 50MG PALATABLE TABLETS FOR DOGS AND CATS, CLAVASEPTIN 600+150MG ΔΙΣΚΙΟ, CLAVASEPTIN 62.5 MG PALATABLE TABLETS FOR DOGS AND CATS, CLAVASEPTIN P 250 MG TABLETS FOR DOGS, CLAVASEPTIN P 62,5 MG ΔΙΣΚΙΟ, CLAVASEPTIN P 750 MG TABLETS FOR DOGS, Clavaseptin 250 mg okusne tablete za pse, Clavaseptin 250 mg, tabletid koertele, Clavaseptin 50 mg, tabletid koertele ja kassidele, Clavaseptin 500 mg, tabletid koertele, Clavaseptin 600 mg/150 mg tabletter för hund, Clavaseptin 750 mg Tabletten für Hunde, Clavaseptin 750 mg okusne tablete za pse, Clavaseptin 750 mg palatable tablets for dogs, Metacam 0.5 mg/ml - Oral suspension (cats, guinea pigs), Metacam 0.5 mg/ml - Oral suspension (dogs), Metacam 1.5 mg/ml - Oral suspension (dogs), Metacam 15 mg/ml - Oral suspension (horses), Metacam 15 mg/ml - Oral suspension (pigs), Metacam 5 mg/ml - Solution for injection (cats, dogs), Metacam 5 mg/ml - Solution for injection (cattle, pigs), Metacam 5 mg/ml - Solution for injection (dogs)","Anorexia, Elevated blood urea nitrogen (BUN), Elevated creatinine, Lethargy (see also Central nervous system depression in Neurological), Leukocytosis NOS, Neutrophilia, Vomiting",1,1,
CA-DEBIAHP-2012CA01442,"<a target=""_blank""  href=""/xmlpserver/EVVET3 PW NEW/Subject Area Contents/Public Website/Report (PDF)/AER.xdo?_xpf=&_xpt=1&_params%2FOracle%20BI%20EE%3A%3ADefaultApp%3A%3AEVVET3%20PR%20NEW%2FAER%3A%3Adimension%2FAER%20Id%3A%3Aattribute%3A%3Anoaggr%3A%3Axsd%3Adouble=362965&_xt=AER&_xf=pdf""> AER </a>",2013-05-16 00:00:00,Veterinarian,Canada,FEMALE,Dog,Schnauzer (unspecified),"Metacam 5 mg/ml - Solution for injection (cats, dogs), Metacam 5 mg/ml - Solution for injection (cattle, pigs), Metacam 5 mg/ml - Solution for injection (dogs)","Generalised skin slough, Injection site hair loss, Injection site necrosis, Injection site pain, Injection site scab",1,1,
CA-DEBIAHP-2012CA01448,"<a target=""_blank""  href=""/xmlpserver/EVVET3 PW NEW/Subject Area Contents/Public Website/Report (PDF)/AER.xdo?_xpf=&_xpt=1&_params%2FOracle%20BI%20EE%3A%3ADefaultApp%3A%3AEVVET3%20PR%20NEW%2FAER%3A%3Adimension%2FAER%20Id%3A%3Aattribute%3A%3Anoaggr%3A%3Axsd%3Adouble=378962&_xt=AER&_xf=pdf""> AER </a>",2013-11-15 00:00:00,Veterinarian,Canada,MALE,Dog,Schnauzer - Miniature,"CEPHALEXIN 180 mg/ml suspenzija za injiciranje, Dexdomitor 0.1 mg/ml - Solution for injection, Dexdomitor 0.5 mg/ml - Solution for injection, Ketalin 100 mg/ml oplossing voor injectie voor honden en katten, Metacam 0.5 mg/ml - Oral suspension (cats, guinea pigs), Metacam 0.5 mg/ml - Oral suspension (dogs), Metacam 1.5 mg/ml - Oral suspension (dogs), Metacam 15 mg/ml - Oral suspension (horses), Metacam 15 mg/ml - Oral suspension (pigs), Metacam 5 mg/ml - Solution for injection (cats, dogs), Metacam 5 mg/ml - Solution for injection (cattle, pigs), Metacam 5 mg/ml - Solution for injection (dogs)","Generalised skin slough, Injection site hair loss, Injection site necrosis, Injection site pain, Injection site weeping (see also Skin), Unrelated death",1,1,
CA-DEBIAHP-2012CA01453,"<a target=""_blank""  href=""/xmlpserver/EVVET3 PW NEW/Subject Area Contents/Public Website/Report (PDF)/AER.xdo?_xpf=&_xpt=1&_params%2FOracle%20BI%20EE%3A%3ADefaultApp%3A%3AEVVET3%20PR%20NEW%2FAER%3A%3Adimension%2FAER%20Id%3A%3Aattribute%3A%3Anoaggr%3A%3Axsd%3Adouble=350607&_xt=AER&_xf=pdf""> AER </a>",2013-01-30 00:00:00,Veterinarian,Canada,MALE,Dog,"Hound - Swiss - (Lucerne Hound (Luzerner Laufhund), Schwyz Hound (Schweizer Laufhund), Bernese Hound, Jura Hound)","Metacam 0.5 mg/ml - Oral suspension (cats, guinea pigs), Metacam 0.5 mg/ml - Oral suspension (dogs), Metacam 1.5 mg/ml - Oral suspension (dogs), Metacam 15 mg/ml - Oral suspension (horses), Metacam 15 mg/ml - Oral suspension (pigs)","Abdominal discomfort, Abnormal breathing, Anorexia, Death by euthanasia, Decubitus, Diarrhoea, Distension of abdomen, Elevated liver enzymes NOS, Fever, Fluid in abdomen NOS, Gastric ulcer, Hypoproteinaemia, Lethargy (see also Central nervous system depression in Neurological), Leukocytosis NOS, Lymphopenia, Neutrophilia, Not drinking, Pale mucous membrane, Tarry or black stool (see also haemorrhagic diarrhoea), Vomiting, Weakness, Weight loss",1,1,1
CA-DEBIAHP-2013CA00015,"<a target=""_blank""  href=""/xmlpserver/EVVET3 PW NEW/Subject Area Contents/Public Website/Report (PDF)/AER.xdo?_xpf=&_xpt=1&_params%2FOracle%20BI%20EE%3A%3ADefaultApp%3A%3AEVVET3%20PR%20NEW%2FAER%3A%3Adimension%2FAER%20Id%3A%3Aattribute%3A%3Anoaggr%3A%3Axsd%3Adouble=349223&_xt=AER&_xf=pdf""> AER </a>",2013-01-23 00:00:00,Veterinarian,Canada,FEMALE,Dog,Shepherd Dog - German,"Metacam 0.5 mg/ml - Oral suspension (cats, guinea pigs), Metacam 0.5 mg/ml - Oral suspension (dogs), Metacam 1.5 mg/ml - Oral suspension (dogs), Metacam 15 mg/ml - Oral suspension (horses), Metacam 15 mg/ml - Oral suspension (pigs), Metacam 5 mg/ml - Solution for injection (cats, dogs), Metacam 5 mg/ml - Solution for injection (cattle, pigs), Metacam 5 mg/ml - Solution for injection (dogs), Torbugesic 10 mg/ml Solution for Injection, Torbugesic Vet 10 mg/ml solution injectable pour chevaux, chiens et chats, Torbugesic Vet. 10 mg/ml injektionsvæske, opløsning, Torbuphanol Vet 10 mg/ml solution for injection for injection for horses, dogs and cats","Anorexia, Elevated blood urea nitrogen (BUN), Elevated creatinine, Haematuria, Hyperphosphataemia, Polydipsia, Polyuria, Renal failure, Urine abnormalities NOS",1,1,
CA-DEBIAHP-2013CA00018,"<a target=""_blank""  href=""/xmlpserver/EVVET3 PW NEW/Subject Area Contents/Public Website/Report (PDF)/AER.xdo?_xpf=&_xpt=1&_params%2FOracle%20BI%20EE%3A%3ADefaultApp%3A%3AEVVET3%20PR%20NEW%2FAER%3A%3Adimension%2FAER%20Id%3A%3Aattribute%3A%3Anoaggr%3A%3Axsd%3Adouble=347415&_xt=AER&_xf=pdf""> AER </a>",2013-01-11 00:00:00,Veterinarian,Canada,MALE,Dog,Crossbred Canine/dog,"Metacam 0.5 mg/ml - Oral suspension (cats, guinea pigs), Metacam 0.5 mg/ml - Oral suspension (dogs), Metacam 1.5 mg/ml - Oral suspension (dogs), Metacam 15 mg/ml - Oral suspension (horses), Metacam 15 mg/ml - Oral suspension (pigs), SYNULOX (200+50)MG/TAB ΔΙΣΚΙΟ, SYNULOX (40+10)MG/TAB ΔΙΣΚΙΟ, SYNULOX 140 mg/ml + 35 mg/ml suspensión inyectable, SYNULOX 200 mg/50 mg tablety pre psy a mačky, SYNULOX 200/50 mg COMPRIMIDOS APETITOSOS PARA PERROS, SYNULOX 250 COMPRIMES POUR CHIENS, SYNULOX 250 mg, SYNULOX 250 mg kramtomosios tabletės šunims ir katėms, SYNULOX 250 mg tablete za pse in mačke, SYNULOX 250mg, δισκία για σκύλους και γάτες, SYNULOX 40 mg/10 mg tablety pre psy a mačky, SYNULOX 40 mg/ml + 10 mg/ml POLVO PARA GOTAS ORALES EN SUSPENSION, SYNULOX 40/10 MG COMPRIMIDOS APETITOSOS PARA PERROS Y GATOS, SYNULOX 400 mg/100 mg tablety pre psy, SYNULOX 400/100 mg COMPRIMIDOS APETITOSOS PARA PERROS, SYNULOX 50 COMPRIMES POUR CHIENS ET CHATS, SYNULOX 50 mg, SYNULOX 50 mg kramtomosios tabletės šunims ir katėms, SYNULOX 50 mg tablete za pse in mačke, SYNULOX 500 COMPRIMES POUR CHIENS, SYNULOX 500 mg kramtomosios tabletės šunims, SYNULOX 500 mg tablete za pse, SYNULOX 500 mg, kramtomosios tabletės šunims, SYNULOX 500MG/TAB ΔΙΣΚΙΟ, SYNULOX 50mg, δισκία για σκύλους και γάτες, SYNULOX OGIVETTES POUR VEAUX, SYNULOX SUSPENSION INJECTABLE POUR BOVINS, SYNULOX VET 140 mg/ml injektioneste, suspensio koiralle, kissalle ja sialle, SYNULOX suspensão injetável para suínos, bovinos, cães e gatos, SYNULOX vet 200 mg/50 mg tabletti, koiralle ja kissalle, SYNULOX vet 40 mg/10 mg tabletti, koiralle ja kissalle, SYNULOX vet 400 mg/100 mg tabletti, koiralle, SYNULOX, 400/100mg, Tableta, Synulox 250 mg Comprimés Appétents, Synulox 250 mg Smakelijke tabletten, Synulox 250 mg tabletes suņiem un kaķiem, Synulox 250 mg, tabletid koertele ja kassidele, Synulox 250 mg, таблетки за кучета и котки, Synulox 250mg (200 mg/50 mg)  Tabletten für Hunde, Synulox 50 mg Comprimés Appétents, Synulox 50 mg Smakelijke Tabletten, Synulox 50 mg tabletes suņiem un kaķiem, Synulox 50 mg, tabletid koertele ja kassidele, Synulox 50 mg, таблетки за кучета и котки, Synulox 500 mg Bolus 400 mg - 100 mg Omhulde tablet, Synulox 500 mg Comprimés Appétents, Synulox 500 mg Smakelijke Tabletten, Synulox 500 mg tabletes suņiem, Synulox 500 mg, tabletid koertele, Synulox 500mg (400 mg/100 mg) Tabletten für Hunde, Synulox 50mg (40 mg/10 mg) Tabletten für Hunde und Katzen, Synulox Bolus 500 mg, 400 mg + 100 mg comprimés enrobés pour veaux, Synulox Lactating Cow Intramammary suspension., Synulox Tabletki 250 mg, Synulox Tabletki 250 mg (200+50) mg/tablete; tabletes suņiem, Synulox Tabletki 50 mg, Synulox Tabletki 50 mg (40+10) mg/ tablete; tabletes suņiem un kaķiem, Synulox Tabletki 500 mg, Synulox Vet. til hund og kat 200 + 50 mg tabletter, Synulox Vet. til hund og kat 40 + 10 mg tabletter, Synulox Vet. til hund tabletter 400 + 100 mg, Synulox Vet. til kalve 400 + 100 mg tabletter, Synulox comprimidos palatáveis 250 mg para cães e gatos, Synulox comprimidos palatáveis 50 mg para cães e gatos, Synulox comprimidos palatáveis 500 mg para cães, Synulox vet 40 mg/ml jauhe oraalisuspensiota varten koiralle ja kissalle, Synulox vet. 200 mg tabletter for hund og katt, Synulox vet. 200 mg/50 mg Tablett, Synulox vet. 40 mg tabletter for hund og katt, Synulox vet. 40 mg/10 mg Tablett, Synulox vet. 400 mg tabletter for hund, Synulox vet. 400 mg/100 mg Tablett, Synulox, 200/50mg, Tableta, Synulox, 40/10mg, Tableta, Synulox-Kalb 400 mg/100 mg Filmtabletten für Rinder (Kälber)","Abdominal pain, Anorexia, Death by euthanasia, Dehydration, Gastric perforation, Hypothermia, Jaundice, Lethargy (see also Central nervous system depression in Neurological), Low blood pressure, Peritonitis, Tachycardia, Tarry or black stool (see also haemorrhagic diarrhoea), Vomiting, Weakness, Weight loss",1,1,1
CA-DEBIAHP-2013CA00020,"<a target=""_blank""  href=""/xmlpserver/EVVET3 PW NEW/Subject Area Contents/Public Website/Report (PDF)/AER.xdo?_xpf=&_xpt=1&_params%2FOracle%20BI%20EE%3A%3ADefaultApp%3A%3AEVVET3%20PR%20NEW%2FAER%3A%3Adimension%2FAER%20Id%3A%3Aattribute%3A%3Anoaggr%3A%3Axsd%3Adouble=353943&_xt=AER&_xf=pdf""> AER </a>",2013-02-21 00:00:00,Veterinarian,Canada,MALE,Dog,Griffon - French Wire-haired Pointing,"Metacam 0.5 mg/ml - Oral suspension (cats, guinea pigs), Metacam 0.5 mg/ml - Oral suspension (dogs), Metacam 1.5 mg/ml - Oral suspension (dogs), Metacam 15 mg/ml - Oral suspension (horses), Metacam 15 mg/ml - Oral suspension (pigs), Metacam 5 mg/ml - Solution for injection (cats, dogs), Metacam 5 mg/ml - Solution for injection (cattle, pigs), Metacam 5 mg/ml - Solution for injection (dogs)","Anorexia, Decreased urine concentration, Dehydration, Drinking a lot, Elevated blood urea nitrogen (BUN), Elevated creatinine, Frequent urination, Haematuria, Hyperphosphataemia, Lethargy (see also Central nervous system depression in Neurological), Leukocytosis NOS, Lymphopenia, Neutrophilia, Other abnormal test result NOS, Vomiting, Weight loss",1,1,
CA-DEBIAHP-2013CA00023,"<a target=""_blank""  href=""/xmlpserver/EVVET3 PW NEW/Subject Area Contents/Public Website/Report (PDF)/AER.xdo?_xpf=&_xpt=1&_params%2FOracle%20BI%20EE%3A%3ADefaultApp%3A%3AEVVET3%20PR%20NEW%2FAER%3A%3Adimension%2FAER%20Id%3A%3Aattribute%3A%3Anoaggr%3A%3Axsd%3Adouble=348130&_xt=AER&_xf=pdf""> AER </a>",2013-01-16 00:00:00,Veterinarian,Canada,FEMALE,Dog,Terrier - Cairn,"Metacam 0.5 mg/ml - Oral suspension (cats, guinea pigs), Metacam 0.5 mg/ml - Oral suspension (dogs), Metacam 1.5 mg/ml - Oral suspension (dogs), Metacam 15 mg/ml - Oral suspension (horses), Metacam 15 mg/ml - Oral suspension (pigs), Metacam 5 mg/ml - Solution for injection (cats, dogs), Metacam 5 mg/ml - Solution for injection (cattle, pigs), Metacam 5 mg/ml - Solution for injection (dogs)","Anorexia, Chronic renal failure, Other abnormal test result NOS, Polydipsia, Polyuria",1,1,
CA-DEBIAHP-2013CA00049,"<a target=""_blank""  href=""/xmlpserver/EVVET3 PW NEW/Subject Area Contents/Public Website/Report (PDF)/AER.xdo?_xpf=&_xpt=1&_params%2FOracle%20BI%20EE%3A%3ADefaultApp%3A%3AEVVET3%20PR%20NEW%2FAER%3A%3Adimension%2FAER%20Id%3A%3Aattribute%3A%3Anoaggr%3A%3Axsd%3Adouble=348132&_xt=AER&_xf=pdf""> AER </a>",2013-01-16 00:00:00,Veterinarian,Canada,FEMALE,Dog,"Hound - Swiss - (Lucerne Hound (Luzerner Laufhund), Schwyz Hound (Schweizer Laufhund), Bernese Hound, Jura Hound)","Dexdomitor 0.1 mg/ml - Solution for injection, Dexdomitor 0.5 mg/ml - Solution for injection, Metacam 5 mg/ml - Solution for injection (cats, dogs), Metacam 5 mg/ml - Solution for injection (cattle, pigs), Metacam 5 mg/ml - Solution for injection (dogs), Torbugesic 10 mg/ml Solution for Injection, Torbugesic Vet 10 mg/ml solution injectable pour chevaux, chiens et chats, Torbugesic Vet. 10 mg/ml injektionsvæske, opløsning, Torbuphanol Vet 10 mg/ml solution for injection for injection for horses, dogs and cats","Bloody diarrhoea, Haemorrhagic gastroenteritis",1,1,
CA-DEBIAHP-2013CA00081,"<a target=""_blank""  href=""/xmlpserver/EVVET3 PW NEW/Subject Area Contents/Public Website/Report (PDF)/AER.xdo?_xpf=&_xpt=1&_params%2FOracle%20BI%20EE%3A%3ADefaultApp%3A%3AEVVET3%20PR%20NEW%2FAER%3A%3Adimension%2FAER%20Id%3A%3Aattribute%3A%3Anoaggr%3A%3Axsd%3Adouble=350546&_xt=AER&_xf=pdf""> AER </a>",2013-01-30 00:00:00,Veterinarian,Canada,MALE,Dog,Shih Tzu,"Metacam 0.5 mg/ml - Oral suspension (cats, guinea pigs), Metacam 0.5 mg/ml - Oral suspension (dogs), Metacam 1.5 mg/ml - Oral suspension (dogs), Metacam 15 mg/ml - Oral suspension (horses), Metacam 15 mg/ml - Oral suspension (pigs)","Abnormal ultrasound finding, Adrenal gland disorder NOS, Anorexia, Cholelithiasis, Decreased urine concentration, Dehydration, Elevated blood urea nitrogen (BUN), Elevated creatinine, Elevated liver enzymes NOS, Hepatopathy, Hyperphosphataemia, Hypertension, Lethargy (see also Central nervous system depression in Neurological), Nephropathy, Urine abnormalities NOS, Vomiting",1,1,
CA-DEBIAHP-2013CA00083,"<a target=""_blank""  href=""/xmlpserver/EVVET3 PW NEW/Subject Area Contents/Public Website/Report (PDF)/AER.xdo?_xpf=&_xpt=1&_params%2FOracle%20BI%20EE%3A%3ADefaultApp%3A%3AEVVET3%20PR%20NEW%2FAER%3A%3Adimension%2FAER%20Id%3A%3Aattribute%3A%3Anoaggr%3A%3Axsd%3Adouble=378710&_xt=AER&_xf=pdf""> AER </a>",2013-11-13 00:00:00,Veterinarian,Canada,FEMALE,Dog,Terrier - Yorkshire,"Metacam 0.5 mg/ml - Oral suspension (cats, guinea pigs), Metacam 0.5 mg/ml - Oral suspension (dogs), Metacam 1.5 mg/ml - Oral suspension (dogs), Metacam 15 mg/ml - Oral suspension (horses), Metacam 15 mg/ml - Oral suspension (pigs)","Corneal oedema, Dry eye, Keratoconjunctivitis sicca, Ocular discharge, Pruritus",1,1,
CA-DEBIAHP-2013CA00092,"<a target=""_blank""  href=""/xmlpserver/EVVET3 PW NEW/Subject Area Contents/Public Website/Report (PDF)/AER.xdo?_xpf=&_xpt=1&_params%2FOracle%20BI%20EE%3A%3ADefaultApp%3A%3AEVVET3%20PR%20NEW%2FAER%3A%3Adimension%2FAER%20Id%3A%3Aattribute%3A%3Anoaggr%3A%3Axsd%3Adouble=361588&_xt=AER&_xf=pdf""> AER </a>",2013-04-30 00:00:00,Veterinarian,Canada,MALE,Dog,Crossbred Canine/dog,"Fuxien vet 1000 mg/g inhalaatiohöyry, neste, ISOFLURANE-Vet 1000 mg/g liquido per inalazione per cani e gatti, ISOFLURIN 1000mg/g ΥΓΡΟ ΓΙΑ ΕΙΣΠΝΕΟΜΕΝΟΥΣ ΑΤΜΟΥΣ, Isoflurane 100% Inhalation Vapour, Liquid, Isoflurane 1000 mg/g Inhalation Vapour, liquid., Metacam 0.5 mg/ml - Oral suspension (cats, guinea pigs), Metacam 0.5 mg/ml - Oral suspension (dogs), Metacam 1.5 mg/ml - Oral suspension (dogs), Metacam 15 mg/ml - Oral suspension (horses), Metacam 15 mg/ml - Oral suspension (pigs), Metacam 5 mg/ml - Solution for injection (cats, dogs), Metacam 5 mg/ml - Solution for injection (cattle, pigs), Metacam 5 mg/ml - Solution for injection (dogs), Torbugesic 10 mg/ml Solution for Injection, Torbugesic Vet 10 mg/ml solution injectable pour chevaux, chiens et chats, Torbugesic Vet. 10 mg/ml injektionsvæske, opløsning, Torbuphanol Vet 10 mg/ml solution for injection for injection for horses, dogs and cats","Abdominal pain, Bloody diarrhoea, Breathing difficulty, Pinnal erythema",1,1,
CA-DEBIAHP-2013CA00103,"<a target=""_blank""  href=""/xmlpserver/EVVET3 PW NEW/Subject Area Contents/Public Website/Report (PDF)/AER.xdo?_xpf=&_xpt=1&_params%2FOracle%20BI%20EE%3A%3ADefaultApp%3A%3AEVVET3%20PR%20NEW%2FAER%3A%3Adimension%2FAER%20Id%3A%3Aattribute%3A%3Anoaggr%3A%3Axsd%3Adouble=354725&_xt=AER&_xf=pdf""> AER </a>",2013-02-27 00:00:00,Veterinarian,Canada,FEMALE,Dog,Retriever - Golden,"Diazepam 10 mg, tabletten voor honden en katten, Diazepam 2 mg, tabletten voor honden en katten, Diazepam 5 mg, tabletten voor honden en katten, Diazepam 5 mg/ml, oplossing voor injectie voor honden en katten, Fuxien vet 1000 mg/g inhalaatiohöyry, neste, ISOFLURANE-Vet 1000 mg/g liquido per inalazione per cani e gatti, ISOFLURIN 1000mg/g ΥΓΡΟ ΓΙΑ ΕΙΣΠΝΕΟΜΕΝΟΥΣ ΑΤΜΟΥΣ, Isoflurane 100% Inhalation Vapour, Liquid, Isoflurane 1000 mg/g Inhalation Vapour, liquid., Metacam 0.5 mg/ml - Oral suspension (cats, guinea pigs), Metacam 0.5 mg/ml - Oral suspension (dogs), Metacam 1.5 mg/ml - Oral suspension (dogs), Metacam 15 mg/ml - Oral suspension (horses), Metacam 15 mg/ml - Oral suspension (pigs), Metacam 5 mg/ml - Solution for injection (cats, dogs), Metacam 5 mg/ml - Solution for injection (cattle, pigs), Metacam 5 mg/ml - Solution for injection (dogs), Tramadog 50 mg tablet for dogs, ZIAPAM 5 mg/ml, solution for injection for dogs and cats","Acute renal failure, Anorexia, Decreased urine concentration, Dehydration, Elevated renal parameters, Lethargy (see also Central nervous system depression in Neurological), Limb weakness, Other abnormal test result NOS, Vomiting, Weight loss",1,1,
CA-DEBIAHP-2013CA00129,"<a target=""_blank""  href=""/xmlpserver/EVVET3 PW NEW/Subject Area Contents/Public Website/Report (PDF)/AER.xdo?_xpf=&_xpt=1&_params%2FOracle%20BI%20EE%3A%3ADefaultApp%3A%3AEVVET3%20PR%20NEW%2FAER%3A%3Adimension%2FAER%20Id%3A%3Aattribute%3A%3Anoaggr%3A%3Axsd%3Adouble=361590&_xt=AER&_xf=pdf""> AER </a>",2013-04-30 00:00:00,Veterinarian,Canada,FEMALE,Dog,Griffon - Brussels,"Metacam 0.5 mg/ml - Oral suspension (cats, guinea pigs), Metacam 0.5 mg/ml - Oral suspension (dogs), Metacam 1.5 mg/ml - Oral suspension (dogs), Metacam 15 mg/ml - Oral suspension (horses), Metacam 15 mg/ml - Oral suspension (pigs)",Diarrhoea,1,1,
CA-DEBIAHP-2013CA00130,"<a target=""_blank""  href=""/xmlpserver/EVVET3 PW NEW/Subject Area Contents/Public Website/Report (PDF)/AER.xdo?_xpf=&_xpt=1&_params%2FOracle%20BI%20EE%3A%3ADefaultApp%3A%3AEVVET3%20PR%20NEW%2FAER%3A%3Adimension%2FAER%20Id%3A%3Aattribute%3A%3Anoaggr%3A%3Axsd%3Adouble=361591&_xt=AER&_xf=pdf""> AER </a>",2013-04-30 00:00:00,Veterinarian,Canada,MALE,Dog,Sheepdog - Shetland,"Metacam 0.5 mg/ml - Oral suspension (cats, guinea pigs), Metacam 0.5 mg/ml - Oral suspension (dogs), Metacam 1.5 mg/ml - Oral suspension (dogs), Metacam 15 mg/ml - Oral suspension (horses), Metacam 15 mg/ml - Oral suspension (pigs)","Anorexia, Blood in vomit, Lethargy (see also Central nervous system depression in Neurological)",1,1,
CA-DEBIAHP-2013CA00156,"<a target=""_blank""  href=""/xmlpserver/EVVET3 PW NEW/Subject Area Contents/Public Website/Report (PDF)/AER.xdo?_xpf=&_xpt=1&_params%2FOracle%20BI%20EE%3A%3ADefaultApp%3A%3AEVVET3%20PR%20NEW%2FAER%3A%3Adimension%2FAER%20Id%3A%3Aattribute%3A%3Anoaggr%3A%3Axsd%3Adouble=353291&_xt=AER&_xf=pdf""> AER </a>",2013-02-18 00:00:00,Veterinarian,Canada,MALE,Dog,Bulldog,"Metacam 5 mg/ml - Solution for injection (cats, dogs), Metacam 5 mg/ml - Solution for injection (cattle, pigs), Metacam 5 mg/ml - Solution for injection (dogs)","Bradycardia, Collapse NOS (see also Cardio-vascular and Neurological disorders), Lethargy (see also Central nervous system depression in Neurological), Pale mucous membrane",1,1,
CA-DEBIAHP-2013CA00205,"<a target=""_blank""  href=""/xmlpserver/EVVET3 PW NEW/Subject Area Contents/Public Website/Report (PDF)/AER.xdo?_xpf=&_xpt=1&_params%2FOracle%20BI%20EE%3A%3ADefaultApp%3A%3AEVVET3%20PR%20NEW%2FAER%3A%3Adimension%2FAER%20Id%3A%3Aattribute%3A%3Anoaggr%3A%3Axsd%3Adouble=356615&_xt=AER&_xf=pdf""> AER </a>",2013-03-11 00:00:00,Veterinarian,Canada,MALE,Dog,Alaskan Malamute,"Metacam 0.5 mg/ml - Oral suspension (cats, guinea pigs), Metacam 0.5 mg/ml - Oral suspension (dogs), Metacam 1.5 mg/ml - Oral suspension (dogs), Metacam 15 mg/ml - Oral suspension (horses), Metacam 15 mg/ml - Oral suspension (pigs), Metacam 5 mg/ml - Solution for injection (cats, dogs), Metacam 5 mg/ml - Solution for injection (cattle, pigs), Metacam 5 mg/ml - Solution for injection (dogs), Torbugesic 10 mg/ml Solution for Injection, Torbugesic Vet 10 mg/ml solution injectable pour chevaux, chiens et chats, Torbugesic Vet. 10 mg/ml injektionsvæske, opløsning, Torbuphanol Vet 10 mg/ml solution for injection for injection for horses, dogs and cats","Death, Duodenal ulcer, Gastric ulcer, Lethargy (see also Central nervous system depression in Neurological), Leukocytosis NOS, Liver disorder NOS, Lymphopenia, Neutrophilia, Oesophageal ulcer, Peritonitis, Pyrexia, Valvular disorder, Vomiting",1,1,
CA-DEBIAHP-2013CA00206,"<a target=""_blank""  href=""/xmlpserver/EVVET3 PW NEW/Subject Area Contents/Public Website/Report (PDF)/AER.xdo?_xpf=&_xpt=1&_params%2FOracle%20BI%20EE%3A%3ADefaultApp%3A%3AEVVET3%20PR%20NEW%2FAER%3A%3Adimension%2FAER%20Id%3A%3Aattribute%3A%3Anoaggr%3A%3Axsd%3Adouble=354719&_xt=AER&_xf=pdf""> AER </a>",2013-02-27 00:00:00,Veterinarian,Canada,FEMALE,Dog,Crossbred Canine/dog,"Metacam 0.5 mg/ml - Oral suspension (cats, guinea pigs), Metacam 0.5 mg/ml - Oral suspension (dogs), Metacam 1.5 mg/ml - Oral suspension (dogs), Metacam 15 mg/ml - Oral suspension (horses), Metacam 15 mg/ml - Oral suspension (pigs), SYNULOX (200+50)MG/TAB ΔΙΣΚΙΟ, SYNULOX (40+10)MG/TAB ΔΙΣΚΙΟ, SYNULOX 140 mg/ml + 35 mg/ml suspensión inyectable, SYNULOX 200 mg/50 mg tablety pre psy a mačky, SYNULOX 200/50 mg COMPRIMIDOS APETITOSOS PARA PERROS, SYNULOX 250 COMPRIMES POUR CHIENS, SYNULOX 250 mg, SYNULOX 250 mg kramtomosios tabletės šunims ir katėms, SYNULOX 250 mg tablete za pse in mačke, SYNULOX 250mg, δισκία για σκύλους και γάτες, SYNULOX 40 mg/10 mg tablety pre psy a mačky, SYNULOX 40 mg/ml + 10 mg/ml POLVO PARA GOTAS ORALES EN SUSPENSION, SYNULOX 40/10 MG COMPRIMIDOS APETITOSOS PARA PERROS Y GATOS, SYNULOX 400 mg/100 mg tablety pre psy, SYNULOX 400/100 mg COMPRIMIDOS APETITOSOS PARA PERROS, SYNULOX 50 COMPRIMES POUR CHIENS ET CHATS, SYNULOX 50 mg, SYNULOX 50 mg kramtomosios tabletės šunims ir katėms, SYNULOX 50 mg tablete za pse in mačke, SYNULOX 500 COMPRIMES POUR CHIENS, SYNULOX 500 mg kramtomosios tabletės šunims, SYNULOX 500 mg tablete za pse, SYNULOX 500 mg, kramtomosios tabletės šunims, SYNULOX 500MG/TAB ΔΙΣΚΙΟ, SYNULOX 50mg, δισκία για σκύλους και γάτες, SYNULOX OGIVETTES POUR VEAUX, SYNULOX SUSPENSION INJECTABLE POUR BOVINS, SYNULOX VET 140 mg/ml injektioneste, suspensio koiralle, kissalle ja sialle, SYNULOX suspensão injetável para suínos, bovinos, cães e gatos, SYNULOX vet 200 mg/50 mg tabletti, koiralle ja kissalle, SYNULOX vet 40 mg/10 mg tabletti, koiralle ja kissalle, SYNULOX vet 400 mg/100 mg tabletti, koiralle, SYNULOX, 400/100mg, Tableta, Synulox 250 mg Comprimés Appétents, Synulox 250 mg Smakelijke tabletten, Synulox 250 mg tabletes suņiem un kaķiem, Synulox 250 mg, tabletid koertele ja kassidele, Synulox 250 mg, таблетки за кучета и котки, Synulox 250mg (200 mg/50 mg)  Tabletten für Hunde, Synulox 50 mg Comprimés Appétents, Synulox 50 mg Smakelijke Tabletten, Synulox 50 mg tabletes suņiem un kaķiem, Synulox 50 mg, tabletid koertele ja kassidele, Synulox 50 mg, таблетки за кучета и котки, Synulox 500 mg Bolus 400 mg - 100 mg Omhulde tablet, Synulox 500 mg Comprimés Appétents, Synulox 500 mg Smakelijke Tabletten, Synulox 500 mg tabletes suņiem, Synulox 500 mg, tabletid koertele, Synulox 500mg (400 mg/100 mg) Tabletten für Hunde, Synulox 50mg (40 mg/10 mg) Tabletten für Hunde und Katzen, Synulox Bolus 500 mg, 400 mg + 100 mg comprimés enrobés pour veaux, Synulox Lactating Cow Intramammary suspension., Synulox Tabletki 250 mg, Synulox Tabletki 250 mg (200+50) mg/tablete; tabletes suņiem, Synulox Tabletki 50 mg, Synulox Tabletki 50 mg (40+10) mg/ tablete; tabletes suņiem un kaķiem, Synulox Tabletki 500 mg, Synulox Vet. til hund og kat 200 + 50 mg tabletter, Synulox Vet. til hund og kat 40 + 10 mg tabletter, Synulox Vet. til hund tabletter 400 + 100 mg, Synulox Vet. til kalve 400 + 100 mg tabletter, Synulox comprimidos palatáveis 250 mg para cães e gatos, Synulox comprimidos palatáveis 50 mg para cães e gatos, Synulox comprimidos palatáveis 500 mg para cães, Synulox vet 40 mg/ml jauhe oraalisuspensiota varten koiralle ja kissalle, Synulox vet. 200 mg tabletter for hund og katt, Synulox vet. 200 mg/50 mg Tablett, Synulox vet. 40 mg tabletter for hund og katt, Synulox vet. 40 mg/10 mg Tablett, Synulox vet. 400 mg tabletter for hund, Synulox vet. 400 mg/100 mg Tablett, Synulox, 200/50mg, Tableta, Synulox, 40/10mg, Tableta, Synulox-Kalb 400 mg/100 mg Filmtabletten für Rinder (Kälber)","Abdominal pain, Anaemia NOS, Anorexia, Blood in urine, Crystalluria, Duodenal ulcer, Elevated liver enzymes NOS, Elevated renal parameters, Lethargy (see also Central nervous system depression in Neurological), Lymphopenia, Peritonitis, Proteinuria, Urinary tract infection, Vomiting",1,1,
CA-DEBIAHP-2013CA00208,"<a target=""_blank""  href=""/xmlpserver/EVVET3 PW NEW/Subject Area Contents/Public Website/Report (PDF)/AER.xdo?_xpf=&_xpt=1&_params%2FOracle%20BI%20EE%3A%3ADefaultApp%3A%3AEVVET3%20PR%20NEW%2FAER%3A%3Adimension%2FAER%20Id%3A%3Aattribute%3A%3Anoaggr%3A%3Axsd%3Adouble=361592&_xt=AER&_xf=pdf""> AER </a>",2013-04-30 00:00:00,Veterinarian,Canada,FEMALE,Dog,Terrier - Yorkshire,"Interceptor Flavor 11.5 mg tablets for dogs, Interceptor Flavor 2,3 mg tablets for dogs, Interceptor Flavor 23 mg tablets for dogs, Interceptor Flavor 5.75 mg tablets for dogs, Interceptor vet. 11,5 mg tabletter til hund, Metacam 0.5 mg/ml - Oral suspension (cats, guinea pigs), Metacam 0.5 mg/ml - Oral suspension (dogs), Metacam 1.5 mg/ml - Oral suspension (dogs), Metacam 15 mg/ml - Oral suspension (horses), Metacam 15 mg/ml - Oral suspension (pigs)",Elevated liver enzymes NOS,1,1,
CA-DEBIAHP-2013CA00214,"<a target=""_blank""  href=""/xmlpserver/EVVET3 PW NEW/Subject Area Contents/Public Website/Report (PDF)/AER.xdo?_xpf=&_xpt=1&_params%2FOracle%20BI%20EE%3A%3ADefaultApp%3A%3AEVVET3%20PR%20NEW%2FAER%3A%3Adimension%2FAER%20Id%3A%3Aattribute%3A%3Anoaggr%3A%3Axsd%3Adouble=355776&_xt=AER&_xf=pdf""> AER </a>",2013-03-05 00:00:00,Veterinarian,Canada,MALE,Dog,Retriever - Golden,"MIPREPOL, oily suspension for dogs and cats, Metacam 0.5 mg/ml - Oral suspension (cats, guinea pigs), Metacam 0.5 mg/ml - Oral suspension (dogs), Metacam 1.5 mg/ml - Oral suspension (dogs), Metacam 15 mg/ml - Oral suspension (horses), Metacam 15 mg/ml - Oral suspension (pigs), SUROLAN, SUROLAN (23MG+5MG+0,5293MG)/ML ΩΤΙΚΕΣ ΣΤΑΓΟΝΕΣ, ΕΝΑΙΩΡΗΜΑ, SUROLAN DROPS 23mg/ml, 5500IU/ml, 5mg/ml ωτικές σταγόνες σε εναιώρημα και δερματικό εναιώρημα για σκύλους και γάτες, SUROLAN sospensione oleosa per cani e gatti, SUROLAN ušné kvapky a dermálna suspenzia, SUROLAN, Kožní/ušní kapky, suspenze, SUROLAN, kapi za uho i suspenzija za kožu za pse i mačke, SUROLAN, picături auriculate si suspensie cutanată, SUROLAN, suspensija šunims ir katėms, SUROLAN, капки за уши и суспензия за кожа за кучета и котки, Surolan, Surolan  Oordruppels, suspensie, Surolan (23 mg + 0,5293 mg + 5 mg )/ml Krople do uszu, zawiesina, Surolan 5,0 mg/0,5293 mg/23,0 mg/ml, Ohrentropfen, Suspension zur Anwendung auf der Haut für Hunde und Katzen, Surolan Ear Drops and Cutaneous Suspension, Surolan Vet. 5 + 23 + 0,529 mg/ml øredråber, suspension og kutansuspension, Surolan külsőleges szuszpenzió A.U.V., Surolan suspensija ārīgai lietošanai suņiem un kaķiem, Surolan vet.  Örondroppar/kutan suspension, Surolan vet., örondroppar/kutan suspension, Surolan, nahasuspensioon koertele ja kassidele, Surolan, suspensie voor cutaan gebruik, bij honden en katten, Surolan, suspension pour application cutanée/suspension auriculaire en gouttes pour chiens et chats","Anorexia, Heart murmur, Lethargy (see also Central nervous system depression in Neurological), Pale mucous membrane, Tarry or black stool (see also haemorrhagic diarrhoea), Unable to stand",1,1,1
CA-DEBIAHP-2013CA00217,"<a target=""_blank""  href=""/xmlpserver/EVVET3 PW NEW/Subject Area Contents/Public Website/Report (PDF)/AER.xdo?_xpf=&_xpt=1&_params%2FOracle%20BI%20EE%3A%3ADefaultApp%3A%3AEVVET3%20PR%20NEW%2FAER%3A%3Adimension%2FAER%20Id%3A%3Aattribute%3A%3Anoaggr%3A%3Axsd%3Adouble=356349&_xt=AER&_xf=pdf""> AER </a>",2013-03-08 00:00:00,Veterinarian,Canada,MALE,Dog,Bulldog,"ANTISEDAN, ANTISEDAN 5 mg/ml SOLUCIÓN INYECTABLE PARA PERROS Y GATOS, ANTISEDAN 5 mg/ml raztopina za injiciranje za pse in mačke, ANTISEDAN 5MG/ML ΕΝΕΣΙΜΟ ΔΙΑΛΥΜΑ, ANTISEDAN SOLUTION INJECTABLE POUR CHIENS ET CHATS, ANTISEDAN, 5 mg/mL, otopina za injekciju, za pse i mačke, Antisedan 5 mg/ 1 ml, roztwór do wstrzykiwań dla psów i kotów, Antisedan 5 mg/ml  Injektionslösung für Hunde und Katzen, Antisedan 5 mg/ml - Injektionslösung für Hunde und Katzen, Antisedan 5 mg/ml Oplossing voor injectie, Antisedan 5 mg/ml Solution injectable, Antisedan 5 mg/ml injekčný roztok pre psy a mačky, Antisedan 5 mg/ml oldatos injekció kutya és macska részére.A.U.V., Antisedan 5 mg/ml solution for injection, Antisedan 5 mg/ml solução injetável para cães e gatos, Antisedan Vet 5 mg/ml injekcinis tirpalas, Antisedan Vet 5 mg/ml šķīdums injekcijām, Antisedan Vet, 5 mg/ml süstelahus, Antisedan Vet. 5 mg/ml injektionsvæske, opløsning, Antisedan vet 5 mg/ml injektioneste, liuos, Antisedan vet. 5 mg/ml Injektionsvätska, lösning, Antisedan vet. 5 mg/ml Stungulyf, lausn Handa hundum og köttum., Antisedan vet. 5 mg/ml injeksjonsvæske, oppløsning, til hund og katt, Antisedan vet., 5 mg/ml, Injektionsvätska, lösning, Antisedan, 5 mg/ml oplossing voor injectie voor honden en katten, Antisedan, 5mg/ml, Injekční roztok, Dexdomitor 0.1 mg/ml - Solution for injection, Dexdomitor 0.5 mg/ml - Solution for injection, Metacam 0.5 mg/ml - Oral suspension (cats, guinea pigs), Metacam 0.5 mg/ml - Oral suspension (dogs), Metacam 1.5 mg/ml - Oral suspension (dogs), Metacam 15 mg/ml - Oral suspension (horses), Metacam 15 mg/ml - Oral suspension (pigs), Metacam 5 mg/ml - Solution for injection (cats, dogs), Metacam 5 mg/ml - Solution for injection (cattle, pigs), Metacam 5 mg/ml - Solution for injection (dogs), Torbugesic 10 mg/ml Solution for Injection, Torbugesic Vet 10 mg/ml solution injectable pour chevaux, chiens et chats, Torbugesic Vet. 10 mg/ml injektionsvæske, opløsning, Torbuphanol Vet 10 mg/ml solution for injection for injection for horses, dogs and cats, АНТИСЕДАН ВЕТ 5 mg/ml инжекционен разтвор",Lethargy (see also Central nervous system depression in Neurological),1,1,
CA-DEBIAHP-2013CA00222,"<a target=""_blank""  href=""/xmlpserver/EVVET3 PW NEW/Subject Area Contents/Public Website/Report (PDF)/AER.xdo?_xpf=&_xpt=1&_params%2FOracle%20BI%20EE%3A%3ADefaultApp%3A%3AEVVET3%20PR%20NEW%2FAER%3A%3Adimension%2FAER%20Id%3A%3Aattribute%3A%3Anoaggr%3A%3Axsd%3Adouble=355787&_xt=AER&_xf=pdf""> AER </a>",2013-03-05 00:00:00,Veterinarian,Canada,FEMALE,Dog,Retriever - Labrador,"Metacam 0.5 mg/ml - Oral suspension (cats, guinea pigs), Metacam 0.5 mg/ml - Oral suspension (dogs), Metacam 1.5 mg/ml - Oral suspension (dogs), Metacam 15 mg/ml - Oral suspension (horses), Metacam 15 mg/ml - Oral suspension (pigs), Thyrocep Vet 200 microgram Tablets for dogs and cats, Thyrocep Vet 400 microgram Tablets for dogs and cats, Thyrocep Vet 600 microgram Tablets for dogs and cats, Thyrocep Vet 800 microgram Tablets for dogs and cats, Thyrotab 800 Mikrogramm Tabletten für Hunde und Katzen",Diarrhoea,1,1,
CA-DEBIAHP-2013CA00269,"<a target=""_blank""  href=""/xmlpserver/EVVET3 PW NEW/Subject Area Contents/Public Website/Report (PDF)/AER.xdo?_xpf=&_xpt=1&_params%2FOracle%20BI%20EE%3A%3ADefaultApp%3A%3AEVVET3%20PR%20NEW%2FAER%3A%3Adimension%2FAER%20Id%3A%3Aattribute%3A%3Anoaggr%3A%3Axsd%3Adouble=357355&_xt=AER&_xf=pdf""> AER </a>",2013-03-14 00:00:00,Veterinarian,Canada,MALE,Dog,Retriever - Golden,"ANTISEDAN, ANTISEDAN 5 mg/ml SOLUCIÓN INYECTABLE PARA PERROS Y GATOS, ANTISEDAN 5 mg/ml raztopina za injiciranje za pse in mačke, ANTISEDAN 5MG/ML ΕΝΕΣΙΜΟ ΔΙΑΛΥΜΑ, ANTISEDAN SOLUTION INJECTABLE POUR CHIENS ET CHATS, ANTISEDAN, 5 mg/mL, otopina za injekciju, za pse i mačke, Antisedan 5 mg/ 1 ml, roztwór do wstrzykiwań dla psów i kotów, Antisedan 5 mg/ml  Injektionslösung für Hunde und Katzen, Antisedan 5 mg/ml - Injektionslösung für Hunde und Katzen, Antisedan 5 mg/ml Oplossing voor injectie, Antisedan 5 mg/ml Solution injectable, Antisedan 5 mg/ml injekčný roztok pre psy a mačky, Antisedan 5 mg/ml oldatos injekció kutya és macska részére.A.U.V., Antisedan 5 mg/ml solution for injection, Antisedan 5 mg/ml solução injetável para cães e gatos, Antisedan Vet 5 mg/ml injekcinis tirpalas, Antisedan Vet 5 mg/ml šķīdums injekcijām, Antisedan Vet, 5 mg/ml süstelahus, Antisedan Vet. 5 mg/ml injektionsvæske, opløsning, Antisedan vet 5 mg/ml injektioneste, liuos, Antisedan vet. 5 mg/ml Injektionsvätska, lösning, Antisedan vet. 5 mg/ml Stungulyf, lausn Handa hundum og köttum., Antisedan vet. 5 mg/ml injeksjonsvæske, oppløsning, til hund og katt, Antisedan vet., 5 mg/ml, Injektionsvätska, lösning, Antisedan, 5 mg/ml oplossing voor injectie voor honden en katten, Antisedan, 5mg/ml, Injekční roztok, Dexdomitor 0.1 mg/ml - Solution for injection, Dexdomitor 0.5 mg/ml - Solution for injection, Metacam 0.5 mg/ml - Oral suspension (cats, guinea pigs), Metacam 0.5 mg/ml - Oral suspension (dogs), Metacam 1.5 mg/ml - Oral suspension (dogs), Metacam 15 mg/ml - Oral suspension (horses), Metacam 15 mg/ml - Oral suspension (pigs), Torbugesic 10 mg/ml Solution for Injection, Torbugesic Vet 10 mg/ml solution injectable pour chevaux, chiens et chats, Torbugesic Vet. 10 mg/ml injektionsvæske, opløsning, Torbuphanol Vet 10 mg/ml solution for injection for injection for horses, dogs and cats, АНТИСЕДАН ВЕТ 5 mg/ml инжекционен разтвор","Bloody diarrhoea, Diarrhoea, Vomiting",1,1,
CA-DEBIAHP-2013CA00274,"<a target=""_blank""  href=""/xmlpserver/EVVET3 PW NEW/Subject Area Contents/Public Website/Report (PDF)/AER.xdo?_xpf=&_xpt=1&_params%2FOracle%20BI%20EE%3A%3ADefaultApp%3A%3AEVVET3%20PR%20NEW%2FAER%3A%3Adimension%2FAER%20Id%3A%3Aattribute%3A%3Anoaggr%3A%3Axsd%3Adouble=379531&_xt=AER&_xf=pdf""> AER </a>",2013-11-20 00:00:00,Veterinarian,Canada,FEMALE,Dog,Poodle - Toy,"Metacam 0.5 mg/ml - Oral suspension (cats, guinea pigs), Metacam 0.5 mg/ml - Oral suspension (dogs), Metacam 1.5 mg/ml - Oral suspension (dogs), Metacam 15 mg/ml - Oral suspension (horses), Metacam 15 mg/ml - Oral suspension (pigs)","Anaemia NOS, Blood in faeces, Lethargy (see also Central nervous system depression in Neurological), Pale mucous membrane, Panleukopenia, Thrombocytopenia, Vomiting, Weight loss",1,1,
CA-DEBIAHP-2013CA00278,"<a target=""_blank""  href=""/xmlpserver/EVVET3 PW NEW/Subject Area Contents/Public Website/Report (PDF)/AER.xdo?_xpf=&_xpt=1&_params%2FOracle%20BI%20EE%3A%3ADefaultApp%3A%3AEVVET3%20PR%20NEW%2FAER%3A%3Adimension%2FAER%20Id%3A%3Aattribute%3A%3Anoaggr%3A%3Axsd%3Adouble=358752&_xt=AER&_xf=pdf""> AER </a>",2013-03-28 00:00:00,Veterinarian,Canada,MALE,Dog,Retriever - Labrador,"Metacam 0.5 mg/ml - Oral suspension (cats, guinea pigs), Metacam 0.5 mg/ml - Oral suspension (dogs), Metacam 1.5 mg/ml - Oral suspension (dogs), Metacam 15 mg/ml - Oral suspension (horses), Metacam 15 mg/ml - Oral suspension (pigs), Metacam 5 mg/ml - Solution for injection (cats, dogs), Metacam 5 mg/ml - Solution for injection (cattle, pigs), Metacam 5 mg/ml - Solution for injection (dogs), Tramadog 50 mg tablet for dogs","Anorexia, Bloody diarrhoea, Death, Lethargy (see also Central nervous system depression in Neurological), Tarry or black stool (see also haemorrhagic diarrhoea), Unable to stand, Vomiting",1,1,
CA-DEBIAHP-2013CA00296,"<a target=""_blank""  href=""/xmlpserver/EVVET3 PW NEW/Subject Area Contents/Public Website/Report (PDF)/AER.xdo?_xpf=&_xpt=1&_params%2FOracle%20BI%20EE%3A%3ADefaultApp%3A%3AEVVET3%20PR%20NEW%2FAER%3A%3Adimension%2FAER%20Id%3A%3Aattribute%3A%3Anoaggr%3A%3Axsd%3Adouble=358233&_xt=AER&_xf=pdf""> AER </a>",2013-03-22 00:00:00,Veterinarian,Canada,FEMALE,Dog,Beagle,"Metacam 5 mg/ml - Solution for injection (cats, dogs), Metacam 5 mg/ml - Solution for injection (cattle, pigs), Metacam 5 mg/ml - Solution for injection (dogs), Torbugesic 10 mg/ml Solution for Injection, Torbugesic Vet 10 mg/ml solution injectable pour chevaux, chiens et chats, Torbugesic Vet. 10 mg/ml injektionsvæske, opløsning, Torbuphanol Vet 10 mg/ml solution for injection for injection for horses, dogs and cats","Abdominal pain, Anorexia, Bloody diarrhoea, Tarry or black stool (see also haemorrhagic diarrhoea), Vomiting",1,1,
CA-DEBIAHP-2013CA00297,"<a target=""_blank""  href=""/xmlpserver/EVVET3 PW NEW/Subject Area Contents/Public Website/Report (PDF)/AER.xdo?_xpf=&_xpt=1&_params%2FOracle%20BI%20EE%3A%3ADefaultApp%3A%3AEVVET3%20PR%20NEW%2FAER%3A%3Adimension%2FAER%20Id%3A%3Aattribute%3A%3Anoaggr%3A%3Axsd%3Adouble=359110&_xt=AER&_xf=pdf""> AER </a>",2013-04-03 00:00:00,Veterinarian,Canada,MALE,Dog,Mountain Dog - Bernese,"Metacam 0.5 mg/ml - Oral suspension (cats, guinea pigs), Metacam 0.5 mg/ml - Oral suspension (dogs), Metacam 1.5 mg/ml - Oral suspension (dogs), Metacam 15 mg/ml - Oral suspension (horses), Metacam 15 mg/ml - Oral suspension (pigs)","Hyperexcitation, Restlessness, Vomiting",1,1,
CA-DEBIAHP-2013CA00304,"<a target=""_blank""  href=""/xmlpserver/EVVET3 PW NEW/Subject Area Contents/Public Website/Report (PDF)/AER.xdo?_xpf=&_xpt=1&_params%2FOracle%20BI%20EE%3A%3ADefaultApp%3A%3AEVVET3%20PR%20NEW%2FAER%3A%3Adimension%2FAER%20Id%3A%3Aattribute%3A%3Anoaggr%3A%3Axsd%3Adouble=379114&_xt=AER&_xf=pdf""> AER </a>",2013-11-15 00:00:00,Veterinarian,Canada,MALE,Dog,Schnauzer (unspecified),"Metacam 0.5 mg/ml - Oral suspension (cats, guinea pigs), Metacam 0.5 mg/ml - Oral suspension (dogs), Metacam 1.5 mg/ml - Oral suspension (dogs), Metacam 15 mg/ml - Oral suspension (horses), Metacam 15 mg/ml - Oral suspension (pigs)","Acute renal failure, Anorexia, Digestive tract disorder NOS, Elevated blood urea nitrogen (BUN), Elevated creatinine",1,1,
CA-DEBIAHP-2013CA00317,"<a target=""_blank""  href=""/xmlpserver/EVVET3 PW NEW/Subject Area Contents/Public Website/Report (PDF)/AER.xdo?_xpf=&_xpt=1&_params%2FOracle%20BI%20EE%3A%3ADefaultApp%3A%3AEVVET3%20PR%20NEW%2FAER%3A%3Adimension%2FAER%20Id%3A%3Aattribute%3A%3Anoaggr%3A%3Axsd%3Adouble=358739&_xt=AER&_xf=pdf""> AER </a>",2013-03-28 00:00:00,Veterinarian,Canada,FEMALE,Dog,Beagle,"Dexdomitor 0.1 mg/ml - Solution for injection, Dexdomitor 0.5 mg/ml - Solution for injection, Metacam 5 mg/ml - Solution for injection (cats, dogs), Metacam 5 mg/ml - Solution for injection (cattle, pigs), Metacam 5 mg/ml - Solution for injection (dogs), Torbugesic 10 mg/ml Solution for Injection, Torbugesic Vet 10 mg/ml solution injectable pour chevaux, chiens et chats, Torbugesic Vet. 10 mg/ml injektionsvæske, opløsning, Torbuphanol Vet 10 mg/ml solution for injection for injection for horses, dogs and cats","Inappropriate urination, Tarry or black stool (see also haemorrhagic diarrhoea), Vomiting, Weight loss",1,1,
CA-DEBIAHP-2013CA00320,"<a target=""_blank""  href=""/xmlpserver/EVVET3 PW NEW/Subject Area Contents/Public Website/Report (PDF)/AER.xdo?_xpf=&_xpt=1&_params%2FOracle%20BI%20EE%3A%3ADefaultApp%3A%3AEVVET3%20PR%20NEW%2FAER%3A%3Adimension%2FAER%20Id%3A%3Aattribute%3A%3Anoaggr%3A%3Axsd%3Adouble=373433&_xt=AER&_xf=pdf""> AER </a>",2013-09-17 00:00:00,Veterinarian,Canada,MALE,Dog,Retriever - Labrador,"MIPREPOL, oily suspension for dogs and cats, Metacam 0.5 mg/ml - Oral suspension (cats, guinea pigs), Metacam 0.5 mg/ml - Oral suspension (dogs), Metacam 1.5 mg/ml - Oral suspension (dogs), Metacam 15 mg/ml - Oral suspension (horses), Metacam 15 mg/ml - Oral suspension (pigs), SUROLAN, SUROLAN (23MG+5MG+0,5293MG)/ML ΩΤΙΚΕΣ ΣΤΑΓΟΝΕΣ, ΕΝΑΙΩΡΗΜΑ, SUROLAN DROPS 23mg/ml, 5500IU/ml, 5mg/ml ωτικές σταγόνες σε εναιώρημα και δερματικό εναιώρημα για σκύλους και γάτες, SUROLAN sospensione oleosa per cani e gatti, SUROLAN ušné kvapky a dermálna suspenzia, SUROLAN, Kožní/ušní kapky, suspenze, SUROLAN, kapi za uho i suspenzija za kožu za pse i mačke, SUROLAN, picături auriculate si suspensie cutanată, SUROLAN, suspensija šunims ir katėms, SUROLAN, капки за уши и суспензия за кожа за кучета и котки, Surolan, Surolan  Oordruppels, suspensie, Surolan (23 mg + 0,5293 mg + 5 mg )/ml Krople do uszu, zawiesina, Surolan 5,0 mg/0,5293 mg/23,0 mg/ml, Ohrentropfen, Suspension zur Anwendung auf der Haut für Hunde und Katzen, Surolan Ear Drops and Cutaneous Suspension, Surolan Vet. 5 + 23 + 0,529 mg/ml øredråber, suspension og kutansuspension, Surolan külsőleges szuszpenzió A.U.V., Surolan suspensija ārīgai lietošanai suņiem un kaķiem, Surolan vet.  Örondroppar/kutan suspension, Surolan vet., örondroppar/kutan suspension, Surolan, nahasuspensioon koertele ja kassidele, Surolan, suspensie voor cutaan gebruik, bij honden en katten, Surolan, suspension pour application cutanée/suspension auriculaire en gouttes pour chiens et chats","Abdominal pain, Gastric perforation, Lethargy (see also Central nervous system depression in Neurological), Vomiting",1,1,
CA-DEBIAHP-2013CA00339,"<a target=""_blank""  href=""/xmlpserver/EVVET3 PW NEW/Subject Area Contents/Public Website/Report (PDF)/AER.xdo?_xpf=&_xpt=1&_params%2FOracle%20BI%20EE%3A%3ADefaultApp%3A%3AEVVET3%20PR%20NEW%2FAER%3A%3Adimension%2FAER%20Id%3A%3Aattribute%3A%3Anoaggr%3A%3Axsd%3Adouble=359644&_xt=AER&_xf=pdf""> AER </a>",2013-04-10 00:00:00,Veterinarian,Canada,MALE,Dog,Rottweiler,"DUPLOCILLINE, Metacam 2.5 mg - Chewable tablet (dogs), Metacam 5 mg/ml - Solution for injection (cats, dogs), Metacam 5 mg/ml - Solution for injection (cattle, pigs), Metacam 5 mg/ml - Solution for injection (dogs)","Anorexia, Decreased urine concentration, Elevated blood urea nitrogen (BUN), Elevated creatinine, Elevated total bilirubin, Hyperphosphataemia, Polydipsia, Polyuria, Vomiting",1,1,
CA-DEBIAHP-2013CA00341,"<a target=""_blank""  href=""/xmlpserver/EVVET3 PW NEW/Subject Area Contents/Public Website/Report (PDF)/AER.xdo?_xpf=&_xpt=1&_params%2FOracle%20BI%20EE%3A%3ADefaultApp%3A%3AEVVET3%20PR%20NEW%2FAER%3A%3Adimension%2FAER%20Id%3A%3Aattribute%3A%3Anoaggr%3A%3Axsd%3Adouble=359116&_xt=AER&_xf=pdf""> AER </a>",2013-04-04 00:00:00,Veterinarian,Canada,FEMALE,Dog,Rottweiler,"Metacam 0.5 mg/ml - Oral suspension (cats, guinea pigs), Metacam 0.5 mg/ml - Oral suspension (dogs), Metacam 1.5 mg/ml - Oral suspension (dogs), Metacam 15 mg/ml - Oral suspension (horses), Metacam 15 mg/ml - Oral suspension (pigs)","Anorexia, Blood in vomit, Bloody diarrhoea, Lethargy (see also Central nervous system depression in Neurological)",1,1,
CA-DEBIAHP-2013CA00370,"<a target=""_blank""  href=""/xmlpserver/EVVET3 PW NEW/Subject Area Contents/Public Website/Report (PDF)/AER.xdo?_xpf=&_xpt=1&_params%2FOracle%20BI%20EE%3A%3ADefaultApp%3A%3AEVVET3%20PR%20NEW%2FAER%3A%3Adimension%2FAER%20Id%3A%3Aattribute%3A%3Anoaggr%3A%3Axsd%3Adouble=360507&_xt=AER&_xf=pdf""> AER </a>",2013-04-19 00:00:00,Veterinarian,Canada,FEMALE,Dog,Chihuahua,"Metacam 0.5 mg/ml - Oral suspension (cats, guinea pigs), Metacam 0.5 mg/ml - Oral suspension (dogs), Metacam 1.5 mg/ml - Oral suspension (dogs), Metacam 15 mg/ml - Oral suspension (horses), Metacam 15 mg/ml - Oral suspension (pigs), Metacam 5 mg/ml - Solution for injection (cats, dogs), Metacam 5 mg/ml - Solution for injection (cattle, pigs), Metacam 5 mg/ml - Solution for injection (dogs), Torbugesic 10 mg/ml Solution for Injection, Torbugesic Vet 10 mg/ml solution injectable pour chevaux, chiens et chats, Torbugesic Vet. 10 mg/ml injektionsvæske, opløsning, Torbuphanol Vet 10 mg/ml solution for injection for injection for horses, dogs and cats","Anorexia, Blood in vomit, Bloody diarrhoea, Hypocalcaemic condition, Hypoproteinaemia, Pancreatitis NOS",1,1,
CA-DEBIAHP-2013CA00409,"<a target=""_blank""  href=""/xmlpserver/EVVET3 PW NEW/Subject Area Contents/Public Website/Report (PDF)/AER.xdo?_xpf=&_xpt=1&_params%2FOracle%20BI%20EE%3A%3ADefaultApp%3A%3AEVVET3%20PR%20NEW%2FAER%3A%3Adimension%2FAER%20Id%3A%3Aattribute%3A%3Anoaggr%3A%3Axsd%3Adouble=360788&_xt=AER&_xf=pdf""> AER </a>",2013-04-23 00:00:00,Veterinarian,Canada,FEMALE,Dog,Bichon Frise,"ALFAXAN 10 mg/ml solution for injection for dogs and cats, Metacam 0.5 mg/ml - Oral suspension (cats, guinea pigs), Metacam 0.5 mg/ml - Oral suspension (dogs), Metacam 1.5 mg/ml - Oral suspension (dogs), Metacam 15 mg/ml - Oral suspension (horses), Metacam 15 mg/ml - Oral suspension (pigs), Torbugesic 10 mg/ml Solution for Injection, Torbugesic Vet 10 mg/ml solution injectable pour chevaux, chiens et chats, Torbugesic Vet. 10 mg/ml injektionsvæske, opløsning, Torbuphanol Vet 10 mg/ml solution for injection for injection for horses, dogs and cats","Abdominal discomfort, Anorexia, Blood in vomit, Dehydration, Diarrhoea, Lethargy (see also Central nervous system depression in Neurological)",1,1,
CA-DEBIAHP-2013CA00411,"<a target=""_blank""  href=""/xmlpserver/EVVET3 PW NEW/Subject Area Contents/Public Website/Report (PDF)/AER.xdo?_xpf=&_xpt=1&_params%2FOracle%20BI%20EE%3A%3ADefaultApp%3A%3AEVVET3%20PR%20NEW%2FAER%3A%3Adimension%2FAER%20Id%3A%3Aattribute%3A%3Anoaggr%3A%3Axsd%3Adouble=382575&_xt=AER&_xf=pdf""> AER </a>",2013-12-17 00:00:00,Veterinarian,Canada,MALE,Dog,Terrier - Yorkshire,"ACEPROMAZINE 10%/AGROSEED CANDILIDIS ενέσιμο διάλυμα 10 mg/ml για σκύλο και γάτα, Metacam 0.5 mg/ml - Oral suspension (dogs), VETERGESIC MULTIDOSE, 0.3MG/ML, SOLUTION FOR INJECTION FOR DOGS AND CATS","Injection site alopecia, Injection site erythema",1,1,
CA-DEBIAHP-2013CA00437,"<a target=""_blank""  href=""/xmlpserver/EVVET3 PW NEW/Subject Area Contents/Public Website/Report (PDF)/AER.xdo?_xpf=&_xpt=1&_params%2FOracle%20BI%20EE%3A%3ADefaultApp%3A%3AEVVET3%20PR%20NEW%2FAER%3A%3Adimension%2FAER%20Id%3A%3Aattribute%3A%3Anoaggr%3A%3Axsd%3Adouble=361209&_xt=AER&_xf=pdf""> AER </a>",2013-04-29 00:00:00,Veterinarian,Canada,FEMALE,Dog,Retriever - Labrador,"Metacam 0.5 mg/ml - Oral suspension (cats, guinea pigs), Metacam 0.5 mg/ml - Oral suspension (dogs), Metacam 1.5 mg/ml - Oral suspension (dogs), Metacam 15 mg/ml - Oral suspension (horses), Metacam 15 mg/ml - Oral suspension (pigs)","Anxiety, Trembling",1,1,
CA-DEBIAHP-2013CA00455,"<a target=""_blank""  href=""/xmlpserver/EVVET3 PW NEW/Subject Area Contents/Public Website/Report (PDF)/AER.xdo?_xpf=&_xpt=1&_params%2FOracle%20BI%20EE%3A%3ADefaultApp%3A%3AEVVET3%20PR%20NEW%2FAER%3A%3Adimension%2FAER%20Id%3A%3Aattribute%3A%3Anoaggr%3A%3Axsd%3Adouble=361210&_xt=AER&_xf=pdf""> AER </a>",2013-04-29 00:00:00,Veterinarian,Canada,MALE,Dog,Retriever - Golden,"Metacam 0.5 mg/ml - Oral suspension (cats, guinea pigs), Metacam 0.5 mg/ml - Oral suspension (dogs), Metacam 1.5 mg/ml - Oral suspension (dogs), Metacam 15 mg/ml - Oral suspension (horses), Metacam 15 mg/ml - Oral suspension (pigs)",Vomiting,1,1,
CA-DEBIAHP-2013CA00466,"<a target=""_blank""  href=""/xmlpserver/EVVET3 PW NEW/Subject Area Contents/Public Website/Report (PDF)/AER.xdo?_xpf=&_xpt=1&_params%2FOracle%20BI%20EE%3A%3ADefaultApp%3A%3AEVVET3%20PR%20NEW%2FAER%3A%3Adimension%2FAER%20Id%3A%3Aattribute%3A%3Anoaggr%3A%3Axsd%3Adouble=361108&_xt=AER&_xf=pdf""> AER </a>",2013-04-26 00:00:00,Veterinarian,Canada,FEMALE,Dog,Retriever - Golden,"ACEPROMAZINE 10%/AGROSEED CANDILIDIS ενέσιμο διάλυμα 10 mg/ml για σκύλο και γάτα, BRONCHI-SHIELD, Metacam 5 mg/ml - Solution for injection (cats, dogs), Metacam 5 mg/ml - Solution for injection (cattle, pigs), Metacam 5 mg/ml - Solution for injection (dogs), Stronghold 120 mg - Spot-on solution (12% - dogs), Stronghold 15 mg - Spot-on solution (6% - cats and dogs), Stronghold 240 mg - Spot-on solution (12% - dogs), Stronghold 30 mg - Spot-on solution (12% - dogs), Stronghold 360 mg - Spot-on solution (12% - dogs), Stronghold 45 mg - Spot-on solution (6% - cats), Stronghold 60 mg - Spot-on solution (12% - dogs), Stronghold 60 mg - Spot-on solution (6% - cats), VERSICAN PLUS BB IN LYOPHILISAT ET SOLVANT POUR GOUTTES NASALES, SUSPENSION POUR CHIENS, Versican Plus Bb IN, Lyophilisat et solvant pour suspension nasale en gouttes, pour chiens","Application site swelling, Eyelid oedema",1,1,
CA-DEBIAHP-2013CA00479,"<a target=""_blank""  href=""/xmlpserver/EVVET3 PW NEW/Subject Area Contents/Public Website/Report (PDF)/AER.xdo?_xpf=&_xpt=1&_params%2FOracle%20BI%20EE%3A%3ADefaultApp%3A%3AEVVET3%20PR%20NEW%2FAER%3A%3Adimension%2FAER%20Id%3A%3Aattribute%3A%3Anoaggr%3A%3Axsd%3Adouble=363513&_xt=AER&_xf=pdf""> AER </a>",2013-05-22 00:00:00,Veterinarian,Canada,FEMALE,Dog,Shar Pei,"Metacam 5 mg/ml - Solution for injection (cats, dogs), Metacam 5 mg/ml - Solution for injection (cattle, pigs), Metacam 5 mg/ml - Solution for injection (dogs)","Decreased urine concentration, Elevated blood urea nitrogen (BUN), Polydipsia, Polyuria",1,1,
CA-DEBIAHP-2013CA00499,"<a target=""_blank""  href=""/xmlpserver/EVVET3 PW NEW/Subject Area Contents/Public Website/Report (PDF)/AER.xdo?_xpf=&_xpt=1&_params%2FOracle%20BI%20EE%3A%3ADefaultApp%3A%3AEVVET3%20PR%20NEW%2FAER%3A%3Adimension%2FAER%20Id%3A%3Aattribute%3A%3Anoaggr%3A%3Axsd%3Adouble=362243&_xt=AER&_xf=pdf""> AER </a>",2013-05-03 00:00:00,Veterinarian,Canada,MALE,Dog,Retriever - Labrador,"Metacam 0.5 mg/ml - Oral suspension (cats, guinea pigs), Metacam 0.5 mg/ml - Oral suspension (dogs), Metacam 1.5 mg/ml - Oral suspension (dogs), Metacam 15 mg/ml - Oral suspension (horses), Metacam 15 mg/ml - Oral suspension (pigs), Metacam 5 mg/ml - Solution for injection (cats, dogs), Metacam 5 mg/ml - Solution for injection (cattle, pigs), Metacam 5 mg/ml - Solution for injection (dogs)",Bloody diarrhoea,1,1,
CA-DEBIAHP-2013CA00510,"<a target=""_blank""  href=""/xmlpserver/EVVET3 PW NEW/Subject Area Contents/Public Website/Report (PDF)/AER.xdo?_xpf=&_xpt=1&_params%2FOracle%20BI%20EE%3A%3ADefaultApp%3A%3AEVVET3%20PR%20NEW%2FAER%3A%3Adimension%2FAER%20Id%3A%3Aattribute%3A%3Anoaggr%3A%3Axsd%3Adouble=374016&_xt=AER&_xf=pdf""> AER </a>",2013-09-23 00:00:00,Veterinarian,Canada,MALE,Dog,Dog (other),"DUPLOCILLINE, Metacam 0.5 mg/ml - Oral suspension (cats, guinea pigs), Metacam 0.5 mg/ml - Oral suspension (dogs), Metacam 1.5 mg/ml - Oral suspension (dogs), Metacam 15 mg/ml - Oral suspension (horses), Metacam 15 mg/ml - Oral suspension (pigs), Metacam 5 mg/ml - Solution for injection (cats, dogs), Metacam 5 mg/ml - Solution for injection (cattle, pigs), Metacam 5 mg/ml - Solution for injection (dogs)","Acute renal failure, Anorexia, Cough, Death by euthanasia, Decreased urine concentration, Elevated blood urea nitrogen (BUN), Elevated creatinine, Haematuria, Proteinuria, Vomiting",1,1,1
CA-DEBIAHP-2013CA00511,"<a target=""_blank""  href=""/xmlpserver/EVVET3 PW NEW/Subject Area Contents/Public Website/Report (PDF)/AER.xdo?_xpf=&_xpt=1&_params%2FOracle%20BI%20EE%3A%3ADefaultApp%3A%3AEVVET3%20PR%20NEW%2FAER%3A%3Adimension%2FAER%20Id%3A%3Aattribute%3A%3Anoaggr%3A%3Axsd%3Adouble=362463&_xt=AER&_xf=pdf""> AER </a>",2013-05-07 00:00:00,Veterinarian,Canada,MALE,Dog,Dog (other),"Metacam 0.5 mg/ml - Oral suspension (cats, guinea pigs), Metacam 0.5 mg/ml - Oral suspension (dogs), Metacam 1.5 mg/ml - Oral suspension (dogs), Metacam 15 mg/ml - Oral suspension (horses), Metacam 15 mg/ml - Oral suspension (pigs)","Bloody diarrhoea, Diarrhoea, Fever, Intussusception, Leukopenia NOS, Lymphopenia, Vomiting",1,1,
CA-DEBIAHP-2013CA00521,"<a target=""_blank""  href=""/xmlpserver/EVVET3 PW NEW/Subject Area Contents/Public Website/Report (PDF)/AER.xdo?_xpf=&_xpt=1&_params%2FOracle%20BI%20EE%3A%3ADefaultApp%3A%3AEVVET3%20PR%20NEW%2FAER%3A%3Adimension%2FAER%20Id%3A%3Aattribute%3A%3Anoaggr%3A%3Axsd%3Adouble=363419&_xt=AER&_xf=pdf""> AER </a>",2013-05-21 00:00:00,Veterinarian,Canada,MALE,Dog,Boxer (German Boxer),"Metacam 0.5 mg/ml - Oral suspension (cats, guinea pigs), Metacam 0.5 mg/ml - Oral suspension (dogs), Metacam 1.5 mg/ml - Oral suspension (dogs), Metacam 15 mg/ml - Oral suspension (horses), Metacam 15 mg/ml - Oral suspension (pigs)","Anorexia, Erythema (for urticaria see Immune SOC), Lethargy (see also Central nervous system depression in Neurological), Skin ulcer",1,1,
CA-DEBIAHP-2013CA00522,"<a target=""_blank""  href=""/xmlpserver/EVVET3 PW NEW/Subject Area Contents/Public Website/Report (PDF)/AER.xdo?_xpf=&_xpt=1&_params%2FOracle%20BI%20EE%3A%3ADefaultApp%3A%3AEVVET3%20PR%20NEW%2FAER%3A%3Adimension%2FAER%20Id%3A%3Aattribute%3A%3Anoaggr%3A%3Axsd%3Adouble=363493&_xt=AER&_xf=pdf""> AER </a>",2013-05-22 00:00:00,Veterinarian,Canada,FEMALE,Dog,Shih Tzu,"Metacam 0.5 mg/ml - Oral suspension (cats, guinea pigs), Metacam 0.5 mg/ml - Oral suspension (dogs), Metacam 1.5 mg/ml - Oral suspension (dogs), Metacam 15 mg/ml - Oral suspension (horses), Metacam 15 mg/ml - Oral suspension (pigs)",Vomiting,1,1,
CA-DEBIAHP-2013CA00528,"<a target=""_blank""  href=""/xmlpserver/EVVET3 PW NEW/Subject Area Contents/Public Website/Report (PDF)/AER.xdo?_xpf=&_xpt=1&_params%2FOracle%20BI%20EE%3A%3ADefaultApp%3A%3AEVVET3%20PR%20NEW%2FAER%3A%3Adimension%2FAER%20Id%3A%3Aattribute%3A%3Anoaggr%3A%3Axsd%3Adouble=365495&_xt=AER&_xf=pdf""> AER </a>",2013-06-14 00:00:00,Veterinarian,Canada,FEMALE,Dog,Shih Tzu,"Metacam 0.5 mg/ml - Oral suspension (cats, guinea pigs), Metacam 0.5 mg/ml - Oral suspension (dogs), Metacam 1.5 mg/ml - Oral suspension (dogs), Metacam 15 mg/ml - Oral suspension (horses), Metacam 15 mg/ml - Oral suspension (pigs)","Anorexia, Collapse (see also Cardio-vascular and Systemic disorders), Diarrhoea, Erythema (for urticaria see Immune SOC), Icterus, Immune mediated haemolytic anaemia, Lethargy (see also Central nervous system depression in Neurological), Leukocytosis NOS, Neutrophilia, Pale mucous membrane, Pruritus, Thrombocytopenia, Urticaria, Vomiting",1,1,
CA-DEBIAHP-2013CA00548,"<a target=""_blank""  href=""/xmlpserver/EVVET3 PW NEW/Subject Area Contents/Public Website/Report (PDF)/AER.xdo?_xpf=&_xpt=1&_params%2FOracle%20BI%20EE%3A%3ADefaultApp%3A%3AEVVET3%20PR%20NEW%2FAER%3A%3Adimension%2FAER%20Id%3A%3Aattribute%3A%3Anoaggr%3A%3Axsd%3Adouble=363474&_xt=AER&_xf=pdf""> AER </a>",2013-05-21 00:00:00,Veterinarian,Canada,FEMALE,Dog,Papillon - Spaniel - Continental Toy (with erect ears or with dropped ears (Phaléne)),"ADEQUAN IM 500 MG/5 ML SOLUTION FOR INJECTION, Adequan, Adequan 100 mg/ml Solution for Injection, Adequan 250 mg/ml Solution for Injection, Metacam 0.5 mg/ml - Oral suspension (cats, guinea pigs), Metacam 0.5 mg/ml - Oral suspension (dogs), Metacam 1.5 mg/ml - Oral suspension (dogs), Metacam 15 mg/ml - Oral suspension (horses), Metacam 15 mg/ml - Oral suspension (pigs)","Dehydration, Diarrhoea, Elevated liver enzymes NOS, Haemorrhagic diarrhoea, Vomiting",1,1,
CA-DEBIAHP-2013CA00555,"<a target=""_blank""  href=""/xmlpserver/EVVET3 PW NEW/Subject Area Contents/Public Website/Report (PDF)/AER.xdo?_xpf=&_xpt=1&_params%2FOracle%20BI%20EE%3A%3ADefaultApp%3A%3AEVVET3%20PR%20NEW%2FAER%3A%3Adimension%2FAER%20Id%3A%3Aattribute%3A%3Anoaggr%3A%3Axsd%3Adouble=362874&_xt=AER&_xf=pdf""> AER </a>",2013-05-16 00:00:00,Veterinarian,Canada,FEMALE,Dog,Retriever - Golden,"CEPHALEXIN 180 mg/ml suspenzija za injiciranje, Cartrophen vet, Metacam 0.5 mg/ml - Oral suspension (cats, guinea pigs), Metacam 0.5 mg/ml - Oral suspension (dogs), Metacam 1.5 mg/ml - Oral suspension (dogs), Metacam 15 mg/ml - Oral suspension (horses), Metacam 15 mg/ml - Oral suspension (pigs), Torbugesic 10 mg/ml Solution for Injection, Torbugesic Vet 10 mg/ml solution injectable pour chevaux, chiens et chats, Torbugesic Vet. 10 mg/ml injektionsvæske, opløsning, Torbuphanol Vet 10 mg/ml solution for injection for injection for horses, dogs and cats, Tramadog 50 mg tablet for dogs","Anorexia, Death, Gastric ulcer, Vomiting",1,1,
CA-DEBIAHP-2013CA00584,"<a target=""_blank""  href=""/xmlpserver/EVVET3 PW NEW/Subject Area Contents/Public Website/Report (PDF)/AER.xdo?_xpf=&_xpt=1&_params%2FOracle%20BI%20EE%3A%3ADefaultApp%3A%3AEVVET3%20PR%20NEW%2FAER%3A%3Adimension%2FAER%20Id%3A%3Aattribute%3A%3Anoaggr%3A%3Axsd%3Adouble=363465&_xt=AER&_xf=pdf""> AER </a>",2013-05-21 00:00:00,Veterinarian,Canada,MALE,Dog,Crossbred Canine/dog,"Metacam 0.5 mg/ml - Oral suspension (cats, guinea pigs), Metacam 0.5 mg/ml - Oral suspension (dogs), Metacam 1.5 mg/ml - Oral suspension (dogs), Metacam 15 mg/ml - Oral suspension (horses), Metacam 15 mg/ml - Oral suspension (pigs)","Increased respiratory rate, Lethargy (see also Central nervous system depression in Neurological), Loose stool, Tachypnoea",1,1,
CA-DEBIAHP-2013CA00586,"<a target=""_blank""  href=""/xmlpserver/EVVET3 PW NEW/Subject Area Contents/Public Website/Report (PDF)/AER.xdo?_xpf=&_xpt=1&_params%2FOracle%20BI%20EE%3A%3ADefaultApp%3A%3AEVVET3%20PR%20NEW%2FAER%3A%3Adimension%2FAER%20Id%3A%3Aattribute%3A%3Anoaggr%3A%3Axsd%3Adouble=363621&_xt=AER&_xf=pdf""> AER </a>",2013-05-23 00:00:00,Veterinarian,Canada,MALE,Dog,Shih Tzu,"Metacam 0.5 mg/ml - Oral suspension (cats, guinea pigs), Metacam 0.5 mg/ml - Oral suspension (dogs), Metacam 1.5 mg/ml - Oral suspension (dogs), Metacam 15 mg/ml - Oral suspension (horses), Metacam 15 mg/ml - Oral suspension (pigs)",Hyperexcitation,1,1,
CA-DEBIAHP-2013CA00634,"<a target=""_blank""  href=""/xmlpserver/EVVET3 PW NEW/Subject Area Contents/Public Website/Report (PDF)/AER.xdo?_xpf=&_xpt=1&_params%2FOracle%20BI%20EE%3A%3ADefaultApp%3A%3AEVVET3%20PR%20NEW%2FAER%3A%3Adimension%2FAER%20Id%3A%3Aattribute%3A%3Anoaggr%3A%3Axsd%3Adouble=365728&_xt=AER&_xf=pdf""> AER </a>",2013-06-17 00:00:00,Veterinarian,Canada,MALE,Dog,Crossbred Canine/dog,"ALFAXAN 10 mg/ml solution for injection for dogs and cats, LIDOCAINE 2% (w/w) injekčný roztok, LIDOCAINE, 2%, Injekční roztok, Lidocaine 2 inj. (+noradrenaline), injectievloeistof voor honden en katten, Lidocaine 20 mg/ml + adrenaline 10 mcg/ml, oplossing voor injectie voor honden en katten, Lidocaine 4% inj. oplossing voor injectie voor honden en katten, Metacam 5 mg/ml - Solution for injection (cats, dogs), Metacam 5 mg/ml - Solution for injection (cattle, pigs), Metacam 5 mg/ml - Solution for injection (dogs)","Bradycardia, Circulatory collapse (see also Neurological and Systemic disorders), Hypothermia, Injection site oedema, Pale mucous membrane",1,1,
CA-DEBIAHP-2013CA00739,"<a target=""_blank""  href=""/xmlpserver/EVVET3 PW NEW/Subject Area Contents/Public Website/Report (PDF)/AER.xdo?_xpf=&_xpt=1&_params%2FOracle%20BI%20EE%3A%3ADefaultApp%3A%3AEVVET3%20PR%20NEW%2FAER%3A%3Adimension%2FAER%20Id%3A%3Aattribute%3A%3Anoaggr%3A%3Axsd%3Adouble=366671&_xt=AER&_xf=pdf""> AER </a>",2013-06-28 00:00:00,Veterinarian,Canada,FEMALE,Dog,Shar Pei,"MIPREPOL, oily suspension for dogs and cats, Metacam 0.5 mg/ml - Oral suspension (cats, guinea pigs), Metacam 0.5 mg/ml - Oral suspension (dogs), Metacam 1.5 mg/ml - Oral suspension (dogs), Metacam 15 mg/ml - Oral suspension (horses), Metacam 15 mg/ml - Oral suspension (pigs), SUROLAN, SUROLAN (23MG+5MG+0,5293MG)/ML ΩΤΙΚΕΣ ΣΤΑΓΟΝΕΣ, ΕΝΑΙΩΡΗΜΑ, SUROLAN DROPS 23mg/ml, 5500IU/ml, 5mg/ml ωτικές σταγόνες σε εναιώρημα και δερματικό εναιώρημα για σκύλους και γάτες, SUROLAN sospensione oleosa per cani e gatti, SUROLAN ušné kvapky a dermálna suspenzia, SUROLAN, Kožní/ušní kapky, suspenze, SUROLAN, kapi za uho i suspenzija za kožu za pse i mačke, SUROLAN, picături auriculate si suspensie cutanată, SUROLAN, suspensija šunims ir katėms, SUROLAN, капки за уши и суспензия за кожа за кучета и котки, Surolan, Surolan  Oordruppels, suspensie, Surolan (23 mg + 0,5293 mg + 5 mg )/ml Krople do uszu, zawiesina, Surolan 5,0 mg/0,5293 mg/23,0 mg/ml, Ohrentropfen, Suspension zur Anwendung auf der Haut für Hunde und Katzen, Surolan Ear Drops and Cutaneous Suspension, Surolan Vet. 5 + 23 + 0,529 mg/ml øredråber, suspension og kutansuspension, Surolan külsőleges szuszpenzió A.U.V., Surolan suspensija ārīgai lietošanai suņiem un kaķiem, Surolan vet.  Örondroppar/kutan suspension, Surolan vet., örondroppar/kutan suspension, Surolan, nahasuspensioon koertele ja kassidele, Surolan, suspensie voor cutaan gebruik, bij honden en katten, Surolan, suspension pour application cutanée/suspension auriculaire en gouttes pour chiens et chats","Anorexia, Death by euthanasia, Gastric perforation, Vomiting",1,1,1
CA-DEBIAHP-2013CA00741,"<a target=""_blank""  href=""/xmlpserver/EVVET3 PW NEW/Subject Area Contents/Public Website/Report (PDF)/AER.xdo?_xpf=&_xpt=1&_params%2FOracle%20BI%20EE%3A%3ADefaultApp%3A%3AEVVET3%20PR%20NEW%2FAER%3A%3Adimension%2FAER%20Id%3A%3Aattribute%3A%3Anoaggr%3A%3Axsd%3Adouble=365814&_xt=AER&_xf=pdf""> AER </a>",2013-06-18 00:00:00,Veterinarian,Canada,FEMALE,Dog,Rottweiler,"Metacam 0.5 mg/ml - Oral suspension (cats, guinea pigs), Metacam 0.5 mg/ml - Oral suspension (dogs), Metacam 1.5 mg/ml - Oral suspension (dogs), Metacam 15 mg/ml - Oral suspension (horses), Metacam 15 mg/ml - Oral suspension (pigs)",Vomiting,1,1,
CA-DEBIAHP-2013CA00745,"<a target=""_blank""  href=""/xmlpserver/EVVET3 PW NEW/Subject Area Contents/Public Website/Report (PDF)/AER.xdo?_xpf=&_xpt=1&_params%2FOracle%20BI%20EE%3A%3ADefaultApp%3A%3AEVVET3%20PR%20NEW%2FAER%3A%3Adimension%2FAER%20Id%3A%3Aattribute%3A%3Anoaggr%3A%3Axsd%3Adouble=365960&_xt=AER&_xf=pdf""> AER </a>",2013-06-19 00:00:00,Veterinarian,Canada,FEMALE,Dog,Terrier - Boston,"Metacam 5 mg/ml - Solution for injection (cats, dogs), Metacam 5 mg/ml - Solution for injection (cattle, pigs), Metacam 5 mg/ml - Solution for injection (dogs)","Bradycardia, Cardiac arrest, Death, Lung oedema",1,1,
CA-DEBIAHP-2013CA00835,"<a target=""_blank""  href=""/xmlpserver/EVVET3 PW NEW/Subject Area Contents/Public Website/Report (PDF)/AER.xdo?_xpf=&_xpt=1&_params%2FOracle%20BI%20EE%3A%3ADefaultApp%3A%3AEVVET3%20PR%20NEW%2FAER%3A%3Adimension%2FAER%20Id%3A%3Aattribute%3A%3Anoaggr%3A%3Axsd%3Adouble=367220&_xt=AER&_xf=pdf""> AER </a>",2013-07-05 00:00:00,Veterinarian,Canada,FEMALE,Dog,Rottweiler,"Metacam 0.5 mg/ml - Oral suspension (cats, guinea pigs), Metacam 0.5 mg/ml - Oral suspension (dogs), Metacam 1.5 mg/ml - Oral suspension (dogs), Metacam 15 mg/ml - Oral suspension (horses), Metacam 15 mg/ml - Oral suspension (pigs)","Anorexia, Vomiting",1,1,
CA-DEBIAHP-2013CA00846,"<a target=""_blank""  href=""/xmlpserver/EVVET3 PW NEW/Subject Area Contents/Public Website/Report (PDF)/AER.xdo?_xpf=&_xpt=1&_params%2FOracle%20BI%20EE%3A%3ADefaultApp%3A%3AEVVET3%20PR%20NEW%2FAER%3A%3Adimension%2FAER%20Id%3A%3Aattribute%3A%3Anoaggr%3A%3Axsd%3Adouble=367953&_xt=AER&_xf=pdf""> AER </a>",2013-07-15 00:00:00,Veterinarian,Canada,FEMALE,Dog,Mastiff,"Metacam 0.5 mg/ml - Oral suspension (cats, guinea pigs), Metacam 0.5 mg/ml - Oral suspension (dogs), Metacam 1.5 mg/ml - Oral suspension (dogs), Metacam 15 mg/ml - Oral suspension (horses), Metacam 15 mg/ml - Oral suspension (pigs), Metacam 5 mg/ml - Solution for injection (cats, dogs), Metacam 5 mg/ml - Solution for injection (cattle, pigs), Metacam 5 mg/ml - Solution for injection (dogs), Torbugesic 10 mg/ml Solution for Injection, Torbugesic Vet 10 mg/ml solution injectable pour chevaux, chiens et chats, Torbugesic Vet. 10 mg/ml injektionsvæske, opløsning, Torbuphanol Vet 10 mg/ml solution for injection for injection for horses, dogs and cats","Acute renal failure, Anorexia, Elevated blood urea nitrogen (BUN), Elevated creatinine, Polydipsia, Polyuria, Vomiting",1,1,
CA-DEBIAHP-2013CA00863,"<a target=""_blank""  href=""/xmlpserver/EVVET3 PW NEW/Subject Area Contents/Public Website/Report (PDF)/AER.xdo?_xpf=&_xpt=1&_params%2FOracle%20BI%20EE%3A%3ADefaultApp%3A%3AEVVET3%20PR%20NEW%2FAER%3A%3Adimension%2FAER%20Id%3A%3Aattribute%3A%3Anoaggr%3A%3Axsd%3Adouble=368090&_xt=AER&_xf=pdf""> AER </a>",2013-07-16 00:00:00,Veterinarian,Canada,MALE,Dog,Dog (other),"Metacam 0.5 mg/ml - Oral suspension (cats, guinea pigs), Metacam 0.5 mg/ml - Oral suspension (dogs), Metacam 1.5 mg/ml - Oral suspension (dogs), Metacam 15 mg/ml - Oral suspension (horses), Metacam 15 mg/ml - Oral suspension (pigs), Metacam 5 mg/ml - Solution for injection (cats, dogs), Metacam 5 mg/ml - Solution for injection (cattle, pigs), Metacam 5 mg/ml - Solution for injection (dogs), Tramadog 50 mg tablet for dogs","Acute renal failure, Decreased appetite, Dehydration, Elevated blood urea nitrogen (BUN), Elevated creatinine, Lethargy (see also Central nervous system depression in Neurological), Leukocytosis NOS, Polydipsia, Polyuria, Vomiting",1,1,
CA-DEBIAHP-2013CA00891,"<a target=""_blank""  href=""/xmlpserver/EVVET3 PW NEW/Subject Area Contents/Public Website/Report (PDF)/AER.xdo?_xpf=&_xpt=1&_params%2FOracle%20BI%20EE%3A%3ADefaultApp%3A%3AEVVET3%20PR%20NEW%2FAER%3A%3Adimension%2FAER%20Id%3A%3Aattribute%3A%3Anoaggr%3A%3Axsd%3Adouble=368849&_xt=AER&_xf=pdf""> AER </a>",2013-07-25 00:00:00,Veterinarian,Canada,FEMALE,Dog,Poodle - Miniature,"Metacam 0.5 mg/ml - Oral suspension (cats, guinea pigs), Metacam 0.5 mg/ml - Oral suspension (dogs), Metacam 1.5 mg/ml - Oral suspension (dogs), Metacam 15 mg/ml - Oral suspension (horses), Metacam 15 mg/ml - Oral suspension (pigs)","Anorexia, Diarrhoea",1,1,
CA-DEBIAHP-2013CA00897,"<a target=""_blank""  href=""/xmlpserver/EVVET3 PW NEW/Subject Area Contents/Public Website/Report (PDF)/AER.xdo?_xpf=&_xpt=1&_params%2FOracle%20BI%20EE%3A%3ADefaultApp%3A%3AEVVET3%20PR%20NEW%2FAER%3A%3Adimension%2FAER%20Id%3A%3Aattribute%3A%3Anoaggr%3A%3Axsd%3Adouble=368914&_xt=AER&_xf=pdf""> AER </a>",2013-07-25 00:00:00,Veterinarian,Canada,FEMALE,Dog,Boxer (German Boxer),"Metacam 0.5 mg/ml - Oral suspension (cats, guinea pigs), Metacam 0.5 mg/ml - Oral suspension (dogs), Metacam 1.5 mg/ml - Oral suspension (dogs), Metacam 15 mg/ml - Oral suspension (horses), Metacam 15 mg/ml - Oral suspension (pigs)","Death by euthanasia, Elevated liver enzymes NOS, Elevated renal parameters, Metastatic neoplasia, Other abnormal test result NOS, Polydipsia, Polyuria",1,1,1
CA-DEBIAHP-2013CA00898,"<a target=""_blank""  href=""/xmlpserver/EVVET3 PW NEW/Subject Area Contents/Public Website/Report (PDF)/AER.xdo?_xpf=&_xpt=1&_params%2FOracle%20BI%20EE%3A%3ADefaultApp%3A%3AEVVET3%20PR%20NEW%2FAER%3A%3Adimension%2FAER%20Id%3A%3Aattribute%3A%3Anoaggr%3A%3Axsd%3Adouble=369470&_xt=AER&_xf=pdf""> AER </a>",2013-08-01 00:00:00,Veterinarian,Canada,FEMALE,Dog,Retriever - Golden,"Metacam 0.5 mg/ml - Oral suspension (cats, guinea pigs), Metacam 0.5 mg/ml - Oral suspension (dogs), Metacam 1.5 mg/ml - Oral suspension (dogs), Metacam 15 mg/ml - Oral suspension (horses), Metacam 15 mg/ml - Oral suspension (pigs), Metacam 5 mg/ml - Solution for injection (cats, dogs), Metacam 5 mg/ml - Solution for injection (cattle, pigs), Metacam 5 mg/ml - Solution for injection (dogs)","Acute renal failure, Blood in urine, Drooling, Lethargy (see also Central nervous system depression in Neurological), Other abnormal test result NOS, Polydipsia, Polyuria, Vomiting",1,1,
CA-DEBIAHP-2013CA00900,"<a target=""_blank""  href=""/xmlpserver/EVVET3 PW NEW/Subject Area Contents/Public Website/Report (PDF)/AER.xdo?_xpf=&_xpt=1&_params%2FOracle%20BI%20EE%3A%3ADefaultApp%3A%3AEVVET3%20PR%20NEW%2FAER%3A%3Adimension%2FAER%20Id%3A%3Aattribute%3A%3Anoaggr%3A%3Axsd%3Adouble=368916&_xt=AER&_xf=pdf""> AER </a>",2013-07-25 00:00:00,Veterinarian,Canada,FEMALE,Dog,Dog (other),"Metacam 0.5 mg/ml - Oral suspension (cats, guinea pigs), Metacam 0.5 mg/ml - Oral suspension (dogs), Metacam 1.5 mg/ml - Oral suspension (dogs), Metacam 15 mg/ml - Oral suspension (horses), Metacam 15 mg/ml - Oral suspension (pigs)",Vomiting,1,1,
CA-DEBIAHP-2013CA00926,"<a target=""_blank""  href=""/xmlpserver/EVVET3 PW NEW/Subject Area Contents/Public Website/Report (PDF)/AER.xdo?_xpf=&_xpt=1&_params%2FOracle%20BI%20EE%3A%3ADefaultApp%3A%3AEVVET3%20PR%20NEW%2FAER%3A%3Adimension%2FAER%20Id%3A%3Aattribute%3A%3Anoaggr%3A%3Axsd%3Adouble=369310&_xt=AER&_xf=pdf""> AER </a>",2013-07-31 00:00:00,Veterinarian,Canada,MALE,Dog,Beagle,"Metacam 0.5 mg/ml - Oral suspension (cats, guinea pigs), Metacam 0.5 mg/ml - Oral suspension (dogs), Metacam 1.5 mg/ml - Oral suspension (dogs), Metacam 15 mg/ml - Oral suspension (horses), Metacam 15 mg/ml - Oral suspension (pigs), Metacam 5 mg/ml - Solution for injection (cats, dogs), Metacam 5 mg/ml - Solution for injection (cattle, pigs), Metacam 5 mg/ml - Solution for injection (dogs)","Dehydration, Diarrhoea, Vomiting",1,1,
CA-DEBIAHP-2013CA00933,"<a target=""_blank""  href=""/xmlpserver/EVVET3 PW NEW/Subject Area Contents/Public Website/Report (PDF)/AER.xdo?_xpf=&_xpt=1&_params%2FOracle%20BI%20EE%3A%3ADefaultApp%3A%3AEVVET3%20PR%20NEW%2FAER%3A%3Adimension%2FAER%20Id%3A%3Aattribute%3A%3Anoaggr%3A%3Axsd%3Adouble=369940&_xt=AER&_xf=pdf""> AER </a>",2013-08-07 00:00:00,Veterinarian,Canada,FEMALE,Dog,Retriever - Labrador,"DOMITOR 1 mg/ml raztopina za injiciranje za pse in mačke, DOMITOR 1 mg/ml ενέσιμο διάλυμα για σκύλους και γάτες, DOMITOR 1 mg/ml, soluție injectabilă pentru câini și pisici, DOMITOR, 1 mg/mL, otopina za injekciju za pse i mačke, DOMITOR, 1mg/ml, Injekční roztok, DOMITOR, SOLUTION INJECTABLE, Domitor, Domitor 1 mg/1 ml, roztwór do wstrzykiwań dla psów i kotów, Domitor 1 mg/ml - Injektionslösung für Hunde und Katzen, Domitor 1 mg/ml Oplossing voor injectie, Domitor 1 mg/ml Solution injectable, Domitor 1 mg/ml injekčný roztok, Domitor 1 mg/ml oldatos injekció kutyáknak és macskáknak A.U.V., Domitor 1 mg/ml solution for injection, Domitor 1 mg/ml soluzione iniettabile per cani e gatti, Domitor Vet 1 mg/ml injekcinis tirpalas, Domitor Vet 1 mg/ml šķīdums injekcijām, Domitor Vet, 1 mg/ml süstelahus, Domitor Vet. 1 mg/ml injektionsvæske, opløsning, Domitor vet 1 mg/ml injektioneste, liuos, Domitor vet. 1 mg/ml Injektionsvätska, lösning, Domitor vet. 1 mg/ml injeksjonsvæske, oppløsning til hund og katt, Metacam 0.5 mg/ml - Oral suspension (cats, guinea pigs), Metacam 0.5 mg/ml - Oral suspension (dogs), Metacam 1.5 mg/ml - Oral suspension (dogs), Metacam 15 mg/ml - Oral suspension (horses), Metacam 15 mg/ml - Oral suspension (pigs), Metacam 5 mg/ml - Solution for injection (cats, dogs), Metacam 5 mg/ml - Solution for injection (cattle, pigs), Metacam 5 mg/ml - Solution for injection (dogs), Домитор Вет 1 mg/ml инжекционен разтвор за кучета и котки","Abnormal radiograph finding, Abnormal ultrasound finding, Anorexia, Death by euthanasia, Gastric ulcer, Lethargy (see also Central nervous system depression in Neurological), Other abnormal test result NOS, Peritonitis, Vomiting",1,1,1
CA-DEBIAHP-2013CA00953,"<a target=""_blank""  href=""/xmlpserver/EVVET3 PW NEW/Subject Area Contents/Public Website/Report (PDF)/AER.xdo?_xpf=&_xpt=1&_params%2FOracle%20BI%20EE%3A%3ADefaultApp%3A%3AEVVET3%20PR%20NEW%2FAER%3A%3Adimension%2FAER%20Id%3A%3Aattribute%3A%3Anoaggr%3A%3Axsd%3Adouble=370549&_xt=AER&_xf=pdf""> AER </a>",2013-08-14 00:00:00,Veterinarian,Canada,MALE,Dog,Mountain Dog - Bernese,"Metacam 0.5 mg/ml - Oral suspension (cats, guinea pigs), Metacam 0.5 mg/ml - Oral suspension (dogs), Metacam 1.5 mg/ml - Oral suspension (dogs), Metacam 15 mg/ml - Oral suspension (horses), Metacam 15 mg/ml - Oral suspension (pigs), Metacam 5 mg/ml - Solution for injection (cats, dogs), Metacam 5 mg/ml - Solution for injection (cattle, pigs), Metacam 5 mg/ml - Solution for injection (dogs)",Weakness,1,1,
CA-DEBIAHP-2013CA00954,"<a target=""_blank""  href=""/xmlpserver/EVVET3 PW NEW/Subject Area Contents/Public Website/Report (PDF)/AER.xdo?_xpf=&_xpt=1&_params%2FOracle%20BI%20EE%3A%3ADefaultApp%3A%3AEVVET3%20PR%20NEW%2FAER%3A%3Adimension%2FAER%20Id%3A%3Aattribute%3A%3Anoaggr%3A%3Axsd%3Adouble=369962&_xt=AER&_xf=pdf""> AER </a>",2013-08-07 00:00:00,Veterinarian,Canada,UNKNOWN,Dog,Dog (other),"Metacam 5 mg/ml - Solution for injection (cats, dogs), Metacam 5 mg/ml - Solution for injection (cattle, pigs), Metacam 5 mg/ml - Solution for injection (dogs)","Agitation, Injection site lump, Injection site reaction NOS, Uncoded sign",2,2,
CA-DEBIAHP-2013CA00957,"<a target=""_blank""  href=""/xmlpserver/EVVET3 PW NEW/Subject Area Contents/Public Website/Report (PDF)/AER.xdo?_xpf=&_xpt=1&_params%2FOracle%20BI%20EE%3A%3ADefaultApp%3A%3AEVVET3%20PR%20NEW%2FAER%3A%3Adimension%2FAER%20Id%3A%3Aattribute%3A%3Anoaggr%3A%3Axsd%3Adouble=371953&_xt=AER&_xf=pdf""> AER </a>",2013-08-28 00:00:00,Veterinarian,Canada,FEMALE,Dog,Terrier - Boston,"Metacam 0.5 mg/ml - Oral suspension (cats, guinea pigs), Metacam 0.5 mg/ml - Oral suspension (dogs), Metacam 1.5 mg/ml - Oral suspension (dogs), Metacam 15 mg/ml - Oral suspension (horses), Metacam 15 mg/ml - Oral suspension (pigs), Metacam 5 mg/ml - Solution for injection (cats, dogs), Metacam 5 mg/ml - Solution for injection (cattle, pigs), Metacam 5 mg/ml - Solution for injection (dogs)","Anorexia, Cardiorespiratory arrest, Death, Lethargy (see also Central nervous system depression in Neurological), Loose stool, Low platelet count, Other abnormal test result NOS, Tarry or black stool (see also haemorrhagic diarrhoea)",1,1,
CA-DEBIAHP-2013CA00973,"<a target=""_blank""  href=""/xmlpserver/EVVET3 PW NEW/Subject Area Contents/Public Website/Report (PDF)/AER.xdo?_xpf=&_xpt=1&_params%2FOracle%20BI%20EE%3A%3ADefaultApp%3A%3AEVVET3%20PR%20NEW%2FAER%3A%3Adimension%2FAER%20Id%3A%3Aattribute%3A%3Anoaggr%3A%3Axsd%3Adouble=371118&_xt=AER&_xf=pdf""> AER </a>",2013-08-20 00:00:00,Veterinarian,Canada,MALE,Dog,Poodle - Standard,"Metacam 0.5 mg/ml - Oral suspension (cats, guinea pigs), Metacam 0.5 mg/ml - Oral suspension (dogs), Metacam 1.5 mg/ml - Oral suspension (dogs), Metacam 15 mg/ml - Oral suspension (horses), Metacam 15 mg/ml - Oral suspension (pigs), Metacam 5 mg/ml - Solution for injection (cats, dogs), Metacam 5 mg/ml - Solution for injection (cattle, pigs), Metacam 5 mg/ml - Solution for injection (dogs)","Anorexia, Loose stool, Vomiting",1,1,
CA-DEBIAHP-2013CA00981,"<a target=""_blank""  href=""/xmlpserver/EVVET3 PW NEW/Subject Area Contents/Public Website/Report (PDF)/AER.xdo?_xpf=&_xpt=1&_params%2FOracle%20BI%20EE%3A%3ADefaultApp%3A%3AEVVET3%20PR%20NEW%2FAER%3A%3Adimension%2FAER%20Id%3A%3Aattribute%3A%3Anoaggr%3A%3Axsd%3Adouble=370790&_xt=AER&_xf=pdf""> AER </a>",2013-08-16 00:00:00,Veterinarian,Canada,FEMALE,Dog,Retriever - Golden,"Metacam 0.5 mg/ml - Oral suspension (cats, guinea pigs), Metacam 0.5 mg/ml - Oral suspension (dogs), Metacam 1.5 mg/ml - Oral suspension (dogs), Metacam 15 mg/ml - Oral suspension (horses), Metacam 15 mg/ml - Oral suspension (pigs)","Eyelid oedema, Lethargy (see also Central nervous system depression in Neurological), Pinnal erythema, Pruritus, Vomiting",1,1,
CA-DEBIAHP-2013CA00991,"<a target=""_blank""  href=""/xmlpserver/EVVET3 PW NEW/Subject Area Contents/Public Website/Report (PDF)/AER.xdo?_xpf=&_xpt=1&_params%2FOracle%20BI%20EE%3A%3ADefaultApp%3A%3AEVVET3%20PR%20NEW%2FAER%3A%3Adimension%2FAER%20Id%3A%3Aattribute%3A%3Anoaggr%3A%3Axsd%3Adouble=371122&_xt=AER&_xf=pdf""> AER </a>",2013-08-21 00:00:00,Veterinarian,Canada,FEMALE,Dog,Spaniel - Cocker American,"Dexdomitor 0.5 mg/ml - Solution for injection, Metacam 0.5 mg/ml - Oral suspension (cats, guinea pigs), Metacam 0.5 mg/ml - Oral suspension (dogs), Metacam 1.5 mg/ml - Oral suspension (dogs), Metacam 15 mg/ml - Oral suspension (horses), Metacam 15 mg/ml - Oral suspension (pigs), Torbugesic 10 mg/ml Solution for Injection, Torbugesic Vet 10 mg/ml solution injectable pour chevaux, chiens et chats, Torbugesic Vet. 10 mg/ml injektionsvæske, opløsning, Torbuphanol Vet 10 mg/ml solution for injection for injection for horses, dogs and cats","Anorexia, Dehydration, Haemorrhagic diarrhoea, Vomiting",1,1,
CA-DEBIAHP-2013CA01002,"<a target=""_blank""  href=""/xmlpserver/EVVET3 PW NEW/Subject Area Contents/Public Website/Report (PDF)/AER.xdo?_xpf=&_xpt=1&_params%2FOracle%20BI%20EE%3A%3ADefaultApp%3A%3AEVVET3%20PR%20NEW%2FAER%3A%3Adimension%2FAER%20Id%3A%3Aattribute%3A%3Anoaggr%3A%3Axsd%3Adouble=371166&_xt=AER&_xf=pdf""> AER </a>",2013-08-21 00:00:00,Veterinarian,Canada,MALE,Dog,Retriever - Golden,"Metacam 0.5 mg/ml - Oral suspension (cats, guinea pigs), Metacam 0.5 mg/ml - Oral suspension (dogs), Metacam 1.5 mg/ml - Oral suspension (dogs), Metacam 15 mg/ml - Oral suspension (horses), Metacam 15 mg/ml - Oral suspension (pigs)",Vomiting,1,1,
CA-DEBIAHP-2013CA01066,"<a target=""_blank""  href=""/xmlpserver/EVVET3 PW NEW/Subject Area Contents/Public Website/Report (PDF)/AER.xdo?_xpf=&_xpt=1&_params%2FOracle%20BI%20EE%3A%3ADefaultApp%3A%3AEVVET3%20PR%20NEW%2FAER%3A%3Adimension%2FAER%20Id%3A%3Aattribute%3A%3Anoaggr%3A%3Axsd%3Adouble=380856&_xt=AER&_xf=pdf""> AER </a>",2013-12-03 00:00:00,Veterinarian,Canada,FEMALE,Dog,Maltese,"ADVANTIX 400 mg + 2000 mg SOLUCION SPOT-ON PARA PERROS (> 25 kg ≤ 40 kg), ADVANTIX soluţie spot-on pentru câini cu greutatea de la 10 kg până la 25 kg, ADVANTIX soluţie spot-on pentru câini cu greutatea de la 25 kg până la 40 kg, ADVANTIX soluţie spot-on pentru câini cu greutatea de la 4 kg până la 10 kg, ADVANTIX soluţie spot-on pentru câini cu greutatea de peste 40 kg până la 60 kg, ADVANTIX soluţie spot-on pentru câini cu greutatea până la 4 kg, Advantix 100 mg + 500 mg šķīdums pilināšanai suņiem (> 4 kg ≤ 10 kg), Advantix 250 mg + 1250 mg šķīdums pilināšanai suņiem (> 10 kg ≤ 25 kg), Advantix 40 mg + 200 mg šķīdums pilināšanai suņiem (≤ 4 kg), Advantix 400 mg + 2000 mg šķīdums pilināšanai suņiem (> 10 kg ≤ 25 kg), Advantix 600 mg + 3000 mg šķīdums pilināšanai uz ādas suņiem (> 40 kg ≤ 60 kg), Advantix Spot-on solution for dogs over 10 kg up to 25 kg, Advantix Spot-on solution for dogs over 25 kg up to 40 kg, Advantix Spot-on solution for dogs over 4 kg up to 10 kg, Advantix Spot-on solution for dogs over 40 kg to 60 kg, Advantix Spot-on solution for dogs up to 4 kg, Advantix, täpilahus koertele kuni 4 kg, Advantix, täpilahus koertele üle 10 kg kuni 25 kg, Advantix, täpilahus koertele üle 25 kg kuni 40 kg, Advantix, täpilahus koertele üle 4 kg kuni 10 kg, Advantix, täpilahus koertele üle 40 kg kuni 60 kg, Advantix, užlašinamasis tirpalas > 10–25 kg svorio šunims, Advantix, užlašinamasis tirpalas > 25–40 kg svorio šunims, Advantix, užlašinamasis tirpalas > 4-10 kg svorio šunims, Advantix, užlašinamasis tirpalas > 40–60 kg svorio šunims, Advantix, užlašinamasis tirpalas ≤ 4 kg svorio šunims, Metacam 5 mg/ml - Solution for injection (cats, dogs), Metacam 5 mg/ml - Solution for injection (cattle, pigs), Metacam 5 mg/ml - Solution for injection (dogs)","Erythema (for urticaria see Immune SOC), Lethargy (see also Central nervous system depression in Neurological), Vomiting",1,1,
CA-DEBIAHP-2013CA01067,"<a target=""_blank""  href=""/xmlpserver/EVVET3 PW NEW/Subject Area Contents/Public Website/Report (PDF)/AER.xdo?_xpf=&_xpt=1&_params%2FOracle%20BI%20EE%3A%3ADefaultApp%3A%3AEVVET3%20PR%20NEW%2FAER%3A%3Adimension%2FAER%20Id%3A%3Aattribute%3A%3Anoaggr%3A%3Axsd%3Adouble=372042&_xt=AER&_xf=pdf""> AER </a>",2013-08-30 00:00:00,Veterinarian,Canada,MALE,Dog,Shih Tzu,"ANTISEDAN, ANTISEDAN 5 mg/ml SOLUCIÓN INYECTABLE PARA PERROS Y GATOS, ANTISEDAN 5 mg/ml raztopina za injiciranje za pse in mačke, ANTISEDAN 5MG/ML ΕΝΕΣΙΜΟ ΔΙΑΛΥΜΑ, ANTISEDAN SOLUTION INJECTABLE POUR CHIENS ET CHATS, ANTISEDAN, 5 mg/mL, otopina za injekciju, za pse i mačke, Antisedan 5 mg/ 1 ml, roztwór do wstrzykiwań dla psów i kotów, Antisedan 5 mg/ml  Injektionslösung für Hunde und Katzen, Antisedan 5 mg/ml - Injektionslösung für Hunde und Katzen, Antisedan 5 mg/ml Oplossing voor injectie, Antisedan 5 mg/ml Solution injectable, Antisedan 5 mg/ml injekčný roztok pre psy a mačky, Antisedan 5 mg/ml oldatos injekció kutya és macska részére.A.U.V., Antisedan 5 mg/ml solution for injection, Antisedan 5 mg/ml solução injetável para cães e gatos, Antisedan Vet 5 mg/ml injekcinis tirpalas, Antisedan Vet 5 mg/ml šķīdums injekcijām, Antisedan Vet, 5 mg/ml süstelahus, Antisedan Vet. 5 mg/ml injektionsvæske, opløsning, Antisedan vet 5 mg/ml injektioneste, liuos, Antisedan vet. 5 mg/ml Injektionsvätska, lösning, Antisedan vet. 5 mg/ml Stungulyf, lausn Handa hundum og köttum., Antisedan vet. 5 mg/ml injeksjonsvæske, oppløsning, til hund og katt, Antisedan vet., 5 mg/ml, Injektionsvätska, lösning, Antisedan, 5 mg/ml oplossing voor injectie voor honden en katten, Antisedan, 5mg/ml, Injekční roztok, Dexdomitor 0.1 mg/ml - Solution for injection, Dexdomitor 0.5 mg/ml - Solution for injection, Metacam 5 mg/ml - Solution for injection (cats, dogs), Metacam 5 mg/ml - Solution for injection (cattle, pigs), Metacam 5 mg/ml - Solution for injection (dogs), Torbugesic 10 mg/ml Solution for Injection, Torbugesic Vet 10 mg/ml solution injectable pour chevaux, chiens et chats, Torbugesic Vet. 10 mg/ml injektionsvæske, opløsning, Torbuphanol Vet 10 mg/ml solution for injection for injection for horses, dogs and cats, АНТИСЕДАН ВЕТ 5 mg/ml инжекционен разтвор","Decreased heart rate, Prolonged capillary refill time, Pupil disorder, Reduced responses",1,1,
CA-DEBIAHP-2013CA01068,"<a target=""_blank""  href=""/xmlpserver/EVVET3 PW NEW/Subject Area Contents/Public Website/Report (PDF)/AER.xdo?_xpf=&_xpt=1&_params%2FOracle%20BI%20EE%3A%3ADefaultApp%3A%3AEVVET3%20PR%20NEW%2FAER%3A%3Adimension%2FAER%20Id%3A%3Aattribute%3A%3Anoaggr%3A%3Axsd%3Adouble=372432&_xt=AER&_xf=pdf""> AER </a>",2013-09-04 00:00:00,Veterinarian,Canada,MALE,Dog,Saint Bernard Dog,"Fuxien vet 1000 mg/g inhalaatiohöyry, neste, ISOFLURANE-Vet 1000 mg/g liquido per inalazione per cani e gatti, ISOFLURIN 1000mg/g ΥΓΡΟ ΓΙΑ ΕΙΣΠΝΕΟΜΕΝΟΥΣ ΑΤΜΟΥΣ, Isoflurane 100% Inhalation Vapour, Liquid, Isoflurane 1000 mg/g Inhalation Vapour, liquid., Metacam 0.5 mg/ml - Oral suspension (cats, guinea pigs), Metacam 0.5 mg/ml - Oral suspension (dogs), Metacam 1.5 mg/ml - Oral suspension (dogs), Metacam 15 mg/ml - Oral suspension (horses), Metacam 15 mg/ml - Oral suspension (pigs), Metacam 5 mg/ml - Solution for injection (cats, dogs), Metacam 5 mg/ml - Solution for injection (cattle, pigs), Metacam 5 mg/ml - Solution for injection (dogs)","Collapse (see also Cardio-vascular and Systemic disorders), Death, Duodenal ulcer, Intestinal perforation, Lethargy (see also Central nervous system depression in Neurological), Peritonitis, Thrombosis",1,1,
CA-DEBIAHP-2013CA01071,"<a target=""_blank""  href=""/xmlpserver/EVVET3 PW NEW/Subject Area Contents/Public Website/Report (PDF)/AER.xdo?_xpf=&_xpt=1&_params%2FOracle%20BI%20EE%3A%3ADefaultApp%3A%3AEVVET3%20PR%20NEW%2FAER%3A%3Adimension%2FAER%20Id%3A%3Aattribute%3A%3Anoaggr%3A%3Axsd%3Adouble=372427&_xt=AER&_xf=pdf""> AER </a>",2013-09-04 00:00:00,Veterinarian,Canada,MALE,Dog,Collie - Border,"Metacam 0.5 mg/ml - Oral suspension (cats, guinea pigs), Metacam 0.5 mg/ml - Oral suspension (dogs), Metacam 1.5 mg/ml - Oral suspension (dogs), Metacam 15 mg/ml - Oral suspension (horses), Metacam 15 mg/ml - Oral suspension (pigs)",Lack of efficacy - NOS,1,1,
CA-DEBIAHP-2013CA01078,"<a target=""_blank""  href=""/xmlpserver/EVVET3 PW NEW/Subject Area Contents/Public Website/Report (PDF)/AER.xdo?_xpf=&_xpt=1&_params%2FOracle%20BI%20EE%3A%3ADefaultApp%3A%3AEVVET3%20PR%20NEW%2FAER%3A%3Adimension%2FAER%20Id%3A%3Aattribute%3A%3Anoaggr%3A%3Axsd%3Adouble=374805&_xt=AER&_xf=pdf""> AER </a>",2013-10-03 00:00:00,Veterinarian,Canada,MALE,Dog,Rottweiler,"ALFAXAN 10 mg/ml solution for injection for dogs and cats, Metacam 0.5 mg/ml - Oral suspension (cats, guinea pigs), Metacam 0.5 mg/ml - Oral suspension (dogs), Metacam 1.5 mg/ml - Oral suspension (dogs), Metacam 15 mg/ml - Oral suspension (horses), Metacam 15 mg/ml - Oral suspension (pigs), Metacam 5 mg/ml - Solution for injection (cats, dogs), Metacam 5 mg/ml - Solution for injection (cattle, pigs), Metacam 5 mg/ml - Solution for injection (dogs), Previcox 227 mg - Chewable tablet, Previcox 57 mg - Chewable tablet, Previcox 8.2 mg/g - Oral paste","Anorexia, Death, Decreased urine concentration, Dehydration, Elevated creatinine, Gastric ulcer, Leukocytosis NOS, Neutrophilia, Urine abnormalities NOS, Vomiting",1,1,
CA-DEBIAHP-2013CA01098,"<a target=""_blank""  href=""/xmlpserver/EVVET3 PW NEW/Subject Area Contents/Public Website/Report (PDF)/AER.xdo?_xpf=&_xpt=1&_params%2FOracle%20BI%20EE%3A%3ADefaultApp%3A%3AEVVET3%20PR%20NEW%2FAER%3A%3Adimension%2FAER%20Id%3A%3Aattribute%3A%3Anoaggr%3A%3Axsd%3Adouble=372723&_xt=AER&_xf=pdf""> AER </a>",2013-09-09 00:00:00,Veterinarian,Canada,MALE,Dog,Coton de Tuléar,"CLAVASEPTIN 40+10 MG ΔΙΣΚΙΟ, CLAVASEPTIN 400+100MG ΔΙΣΚΙΟ, CLAVASEPTIN 500MG PALATABLE TABLETS FOR DOGS, CLAVASEPTIN 50MG PALATABLE TABLETS FOR DOGS AND CATS, CLAVASEPTIN 600+150MG ΔΙΣΚΙΟ, CLAVASEPTIN 62.5 MG PALATABLE TABLETS FOR DOGS AND CATS, CLAVASEPTIN P 250 MG TABLETS FOR DOGS, CLAVASEPTIN P 62,5 MG ΔΙΣΚΙΟ, CLAVASEPTIN P 750 MG TABLETS FOR DOGS, Clavaseptin 250 mg okusne tablete za pse, Clavaseptin 250 mg, tabletid koertele, Clavaseptin 50 mg, tabletid koertele ja kassidele, Clavaseptin 500 mg, tabletid koertele, Clavaseptin 600 mg/150 mg tabletter för hund, Clavaseptin 750 mg Tabletten für Hunde, Clavaseptin 750 mg okusne tablete za pse, Clavaseptin 750 mg palatable tablets for dogs, Metacam 0.5 mg/ml - Oral suspension (cats, guinea pigs), Metacam 0.5 mg/ml - Oral suspension (dogs), Metacam 1.5 mg/ml - Oral suspension (dogs), Metacam 15 mg/ml - Oral suspension (horses), Metacam 15 mg/ml - Oral suspension (pigs)","Anorexia, Vomiting",1,1,
CA-DEBIAHP-2013CA01103,"<a target=""_blank""  href=""/xmlpserver/EVVET3 PW NEW/Subject Area Contents/Public Website/Report (PDF)/AER.xdo?_xpf=&_xpt=1&_params%2FOracle%20BI%20EE%3A%3ADefaultApp%3A%3AEVVET3%20PR%20NEW%2FAER%3A%3Adimension%2FAER%20Id%3A%3Aattribute%3A%3Anoaggr%3A%3Axsd%3Adouble=374760&_xt=AER&_xf=pdf""> AER </a>",2013-10-02 00:00:00,Veterinarian,Canada,FEMALE,Dog,Collie - Border,"Dexdomitor 0.1 mg/ml - Solution for injection, Dexdomitor 0.5 mg/ml - Solution for injection, Metacam 5 mg/ml - Solution for injection (cats, dogs), Metacam 5 mg/ml - Solution for injection (cattle, pigs), Metacam 5 mg/ml - Solution for injection (dogs), Torbugesic 10 mg/ml Solution for Injection, Torbugesic Vet 10 mg/ml solution injectable pour chevaux, chiens et chats, Torbugesic Vet. 10 mg/ml injektionsvæske, opløsning, Torbuphanol Vet 10 mg/ml solution for injection for injection for horses, dogs and cats","Anorexia, Decreased urine concentration, Dehydration, Elevated blood urea nitrogen (BUN), Elevated creatinine, Haematuria, Renal insufficiency, Vomiting",1,1,
CA-DEBIAHP-2013CA01149,"<a target=""_blank""  href=""/xmlpserver/EVVET3 PW NEW/Subject Area Contents/Public Website/Report (PDF)/AER.xdo?_xpf=&_xpt=1&_params%2FOracle%20BI%20EE%3A%3ADefaultApp%3A%3AEVVET3%20PR%20NEW%2FAER%3A%3Adimension%2FAER%20Id%3A%3Aattribute%3A%3Anoaggr%3A%3Axsd%3Adouble=374361&_xt=AER&_xf=pdf""> AER </a>",2013-09-26 00:00:00,Veterinarian,Canada,MALE,Dog,Crossbred Canine/dog,"Metacam 0.5 mg/ml - Oral suspension (cats, guinea pigs), Metacam 0.5 mg/ml - Oral suspension (dogs), Metacam 1.5 mg/ml - Oral suspension (dogs), Metacam 15 mg/ml - Oral suspension (horses), Metacam 15 mg/ml - Oral suspension (pigs)","Bloody diarrhoea, Lethargy (see also Central nervous system depression in Neurological), Vomiting",1,1,
CA-DEBIAHP-2013CA01200,"<a target=""_blank""  href=""/xmlpserver/EVVET3 PW NEW/Subject Area Contents/Public Website/Report (PDF)/AER.xdo?_xpf=&_xpt=1&_params%2FOracle%20BI%20EE%3A%3ADefaultApp%3A%3AEVVET3%20PR%20NEW%2FAER%3A%3Adimension%2FAER%20Id%3A%3Aattribute%3A%3Anoaggr%3A%3Axsd%3Adouble=375555&_xt=AER&_xf=pdf""> AER </a>",2013-10-09 00:00:00,Veterinarian,Canada,FEMALE,Dog,Doberman Pinscher,"ALFAXAN 10 mg/ml solution for injection for dogs and cats, BAYTRIL 0,5% W/V ΠΟΣΙΜΟ ΔΙΑΛΥΜΑ, BAYTRIL 0,5% πόσιμο διάλυμα ενροφλοξακίνης για ορνίθια και γαλοπούλες, BAYTRIL 10 % SOLUTION BUVABLE, BAYTRIL 10 % SOLUTION INJECTABLE, BAYTRIL 10% W/V ΠΟΣΙΜΟ ΔΙΑΛΥΜΑ, BAYTRIL 100 mg/ml - soluţie orală, BAYTRIL 100 mg/ml SOLUCION INYECTABLE, BAYTRIL 100 mg/ml soluție injectabilă, BAYTRIL 15 mg δισκία για γάτες και σκύλους, BAYTRIL 150 mg δισκία για γάτες και σκύλους, BAYTRIL 2,5 % SOLUTION BUVABLE, BAYTRIL 2,5 % SOLUTION INJECTABLE, BAYTRIL 2,5% W/V ΕΝΕΣΙΜΟ ΔΙΑΛΥΜΑ, BAYTRIL 2,5% W/V ΠΟΣΙΜΟ ΔΙΑΛΥΜΑ, BAYTRIL 25 mg/ml SOLUCION INYECTABLE, BAYTRIL 25 mg/ml SOLUCION ORAL, BAYTRIL 5 % SOLUTION INJECTABLE, BAYTRIL 5 mg/ml SOLUCION ORAL, BAYTRIL 50 mg δισκία για γάτες και σκύλους, BAYTRIL 50 mg/ml SOLUCION INYECTABLE, BAYTRIL 50mg/ml ενέσιμο διάλυμα, BAYTRIL, 25mg/ml, Injekční roztok, BAYTRIL, 5% ενέσιμο διάλυμα για μόσχους, χοίρους, πρόβατα, αίγες, σκύλους και γάτες, BAYTRIL, 50mg/ml, Injekční roztok, Baytril  100 mg/ml Oplossing voor injectie, Baytril  100 mg/ml Solution injectable, Baytril - Das Original - 100 mg/ml Injektionslösung, Baytril - Das Original - 25 mg/ml Injektionslösung, Baytril - Das Original - 50 mg/ml Injektionslösung, Baytril 0,5 % solução oral para leitões, Baytril 0,5%, Baytril 10 % solução oral, Baytril 10%, Baytril 10% O.L., Baytril 10% Oral Solution, Baytril 100 mg/mL, otopina za injekciju, za goveda, ovce, koze i svinje, Baytril 100 mg/mL, otopina za primjenu u vodi za piće, za kokoši, purane i kuniće, Baytril 100 mg/ml - Injektionslösung für Tiere, Baytril 100 mg/ml - Lösung zum Eingeben für Hühner, Puten und Kaninchen, Baytril 100 mg/ml Oplossing voor gebruik in drinkwater, Baytril 100 mg/ml Solution buvable, Baytril 100 mg/ml Solution for Injection, Baytril 100 mg/ml koncentrat za peroralno raztopino za piščance, purane in kunce, Baytril 100 mg/ml oldat ivóvízbe keveréshez A.U.V., Baytril 100 mg/ml oplossing voor gebruik in drinkwater voor kippen, kalkoenen en konijnen, Baytril 100 mg/ml oplossing voor injectie, Baytril 100 mg/ml raztopina za injiciranje, Baytril 100 mg/ml solution for injection, Baytril 100 mg/ml soluzione iniettabile, Baytril 100 mg/ml solução injetável, Baytril 150 mg tabletta A.U.V., Baytril 2,5%, 25 mg/mL, otopina za injekciju za pse, mačke, prasad, kuniće, glodavce, gmazove i ukrasne ptice, Baytril 25 mg/ml - Injektionslösung für Tiere, Baytril 25 mg/ml - Lösung zum Eingeben für Kälber und Lämmer, Baytril 25 mg/ml Lösung zum Eingeben für Rinder (Kälber), Baytril 25 mg/ml Oplossing voor injectie, Baytril 25 mg/ml Oral Solution, Baytril 25 mg/ml Solution injectable, Baytril 25 mg/ml injekčný roztok, Baytril 25 mg/ml oldatos injekció A.U.V., Baytril 25 mg/ml oplossing voor injectie, Baytril 25 mg/ml roztwór do wstrzykiwań, Baytril 25 mg/ml solution for injection, Baytril 25 mg/ml soluzione iniettabile, Baytril 25 mg/ml soluzione iniettabile per cani, gatti, roditori e conigli da compagnia, rettili e uccelli ornamentali, Baytril 25 mg/ml soluzione orale per vitelli, ovini, caprini, suini, Baytril 25 mg/ml solução injetável, Baytril 5 mg/ml - Lösung zum Eingeben für Schweine, Baytril 5 mg/ml belsőleges oldat sertések részére A.U.V., Baytril 50 mg tabletta A.U.V., Baytril 50 mg/mL, otopina za injekciju, za telad, ovce, koze, svinje, pse i mačke, Baytril 50 mg/ml - Injektionslösung für Tiere, Baytril 50 mg/ml Oplossing voor injectie, Baytril 50 mg/ml Solution for Injection, Baytril 50 mg/ml Solution injectable, Baytril 50 mg/ml injekčný roztok, Baytril 50 mg/ml oldatos injekció A.U.V., Baytril 50 mg/ml oplossing voor injectie, Baytril 50 mg/ml raztopina za injiciranje, Baytril 50 mg/ml soluzione iniettabile, Baytril 50 mg/ml solução injetável, Baytril 50 mg/ml soluție injectabilă, Baytril Direct 100 mg/ml Injektionslösung für Rinder und Schweine, Baytril Piglet Doser 0.5% Oral Solution, Baytril Vet. 100 mg/ml injektionsvæske, opløsning, Baytril Vet. 150 mg tabletter, Baytril Vet. 25 mg/ml oral opløs","Anaemia NOS, Disorientation, Fluid in abdomen NOS, High blood pressure, Hypoalbuminaemia, Hypotension, Hypothermia, Lethargy (see also Central nervous system depression in Neurological), Pale mucous membrane, Pyrexia, Tachycardia, Thrombocytopenia, Vocalisation",1,1,1
CA-DEBIAHP-2013CA01203,"<a target=""_blank""  href=""/xmlpserver/EVVET3 PW NEW/Subject Area Contents/Public Website/Report (PDF)/AER.xdo?_xpf=&_xpt=1&_params%2FOracle%20BI%20EE%3A%3ADefaultApp%3A%3AEVVET3%20PR%20NEW%2FAER%3A%3Adimension%2FAER%20Id%3A%3Aattribute%3A%3Anoaggr%3A%3Axsd%3Adouble=376024&_xt=AER&_xf=pdf""> AER </a>",2013-10-15 00:00:00,Veterinarian,Canada,FEMALE,Dog,Retriever - Labrador,"Metacam 5 mg/ml - Solution for injection (cats, dogs), Metacam 5 mg/ml - Solution for injection (cattle, pigs), Metacam 5 mg/ml - Solution for injection (dogs)",Injection site mass NOS,1,1,
CA-DEBIAHP-2013CA01211,"<a target=""_blank""  href=""/xmlpserver/EVVET3 PW NEW/Subject Area Contents/Public Website/Report (PDF)/AER.xdo?_xpf=&_xpt=1&_params%2FOracle%20BI%20EE%3A%3ADefaultApp%3A%3AEVVET3%20PR%20NEW%2FAER%3A%3Adimension%2FAER%20Id%3A%3Aattribute%3A%3Anoaggr%3A%3Axsd%3Adouble=376563&_xt=AER&_xf=pdf""> AER </a>",2013-10-22 00:00:00,Veterinarian,Canada,FEMALE,Dog,Poodle - Miniature,"Metacam 0.5 mg/ml - Oral suspension (cats, guinea pigs), Metacam 0.5 mg/ml - Oral suspension (dogs), Metacam 1.5 mg/ml - Oral suspension (dogs), Metacam 15 mg/ml - Oral suspension (horses), Metacam 15 mg/ml - Oral suspension (pigs)","Anorexia, Blood in vomit, Death by euthanasia, Dehydration, Elevated blood urea nitrogen (BUN), Leukocytosis NOS, Pale mucous membrane, Regenerative anaemia, Skin petechiae, Swollen lymph node, Thrombocytopenia, Weakness",1,1,1
CA-DEBIAHP-2013CA01217,"<a target=""_blank""  href=""/xmlpserver/EVVET3 PW NEW/Subject Area Contents/Public Website/Report (PDF)/AER.xdo?_xpf=&_xpt=1&_params%2FOracle%20BI%20EE%3A%3ADefaultApp%3A%3AEVVET3%20PR%20NEW%2FAER%3A%3Adimension%2FAER%20Id%3A%3Aattribute%3A%3Anoaggr%3A%3Axsd%3Adouble=376115&_xt=AER&_xf=pdf""> AER </a>",2013-10-16 00:00:00,Veterinarian,Canada,MALE,Dog,Pug,"Metacam 0.5 mg/ml - Oral suspension (cats, guinea pigs), Metacam 0.5 mg/ml - Oral suspension (dogs), Metacam 1.5 mg/ml - Oral suspension (dogs), Metacam 15 mg/ml - Oral suspension (horses), Metacam 15 mg/ml - Oral suspension (pigs)","Allergic pruritus, Facial oedema, Urticaria",1,1,
CA-DEBIAHP-2013CA01227,"<a target=""_blank""  href=""/xmlpserver/EVVET3 PW NEW/Subject Area Contents/Public Website/Report (PDF)/AER.xdo?_xpf=&_xpt=1&_params%2FOracle%20BI%20EE%3A%3ADefaultApp%3A%3AEVVET3%20PR%20NEW%2FAER%3A%3Adimension%2FAER%20Id%3A%3Aattribute%3A%3Anoaggr%3A%3Axsd%3Adouble=376718&_xt=AER&_xf=pdf""> AER </a>",2013-10-23 00:00:00,Veterinarian,Canada,FEMALE,Dog,Poodle - Miniature,"Cartrophen vet, Diazepam 10 mg, tabletten voor honden en katten, Diazepam 2 mg, tabletten voor honden en katten, Diazepam 5 mg, tabletten voor honden en katten, Diazepam 5 mg/ml, oplossing voor injectie voor honden en katten, Fuxien vet 1000 mg/g inhalaatiohöyry, neste, ISOFLURANE-Vet 1000 mg/g liquido per inalazione per cani e gatti, ISOFLURIN 1000mg/g ΥΓΡΟ ΓΙΑ ΕΙΣΠΝΕΟΜΕΝΟΥΣ ΑΤΜΟΥΣ, Isoflurane 100% Inhalation Vapour, Liquid, Isoflurane 1000 mg/g Inhalation Vapour, liquid., Metacam 0.5 mg/ml - Oral suspension (cats, guinea pigs), Metacam 0.5 mg/ml - Oral suspension (dogs), Metacam 1.5 mg/ml - Oral suspension (dogs), Metacam 15 mg/ml - Oral suspension (horses), Metacam 15 mg/ml - Oral suspension (pigs), Metacam 5 mg/ml - Solution for injection (cats, dogs), Metacam 5 mg/ml - Solution for injection (cattle, pigs), Metacam 5 mg/ml - Solution for injection (dogs), ZIAPAM 5 mg/ml, solution for injection for dogs and cats","Anorexia, Bruising, Death by euthanasia, Immune mediated haemolytic anaemia, Lethargy (see also Central nervous system depression in Neurological), Melaena, Pale mucous membrane, Vomiting",1,1,1
CA-DEBIAHP-2013CA01234,"<a target=""_blank""  href=""/xmlpserver/EVVET3 PW NEW/Subject Area Contents/Public Website/Report (PDF)/AER.xdo?_xpf=&_xpt=1&_params%2FOracle%20BI%20EE%3A%3ADefaultApp%3A%3AEVVET3%20PR%20NEW%2FAER%3A%3Adimension%2FAER%20Id%3A%3Aattribute%3A%3Anoaggr%3A%3Axsd%3Adouble=379647&_xt=AER&_xf=pdf""> AER </a>",2013-11-20 00:00:00,Veterinarian,Canada,FEMALE,Dog,Dog (other),"Metacam 0.5 mg/ml - Oral suspension (cats, guinea pigs), Metacam 0.5 mg/ml - Oral suspension (dogs), Metacam 1.5 mg/ml - Oral suspension (dogs), Metacam 15 mg/ml - Oral suspension (horses), Metacam 15 mg/ml - Oral suspension (pigs)","Anorexia, Death by euthanasia, Dehydration, Diarrhoea, Elevated blood urea nitrogen (BUN), Elevated liver enzymes NOS, Low platelet count, Not drinking, Not eating, Other abnormal test result NOS, Pancreas endocrine disorder NOS, Regenerative anaemia, Tachypnoea, Tarry or black stool (see also haemorrhagic diarrhoea)",1,1,1
CA-DEBIAHP-2013CA01236,"<a target=""_blank""  href=""/xmlpserver/EVVET3 PW NEW/Subject Area Contents/Public Website/Report (PDF)/AER.xdo?_xpf=&_xpt=1&_params%2FOracle%20BI%20EE%3A%3ADefaultApp%3A%3AEVVET3%20PR%20NEW%2FAER%3A%3Adimension%2FAER%20Id%3A%3Aattribute%3A%3Anoaggr%3A%3Axsd%3Adouble=378741&_xt=AER&_xf=pdf""> AER </a>",2013-11-13 00:00:00,Veterinarian,Canada,FEMALE,Dog,Crossbred Canine/dog,"BAYTRIL 0,5% W/V ΠΟΣΙΜΟ ΔΙΑΛΥΜΑ, BAYTRIL 0,5% πόσιμο διάλυμα ενροφλοξακίνης για ορνίθια και γαλοπούλες, BAYTRIL 10 % SOLUTION BUVABLE, BAYTRIL 10 % SOLUTION INJECTABLE, BAYTRIL 10% W/V ΠΟΣΙΜΟ ΔΙΑΛΥΜΑ, BAYTRIL 100 mg/ml - soluţie orală, BAYTRIL 100 mg/ml SOLUCION INYECTABLE, BAYTRIL 100 mg/ml soluție injectabilă, BAYTRIL 15 mg δισκία για γάτες και σκύλους, BAYTRIL 150 mg δισκία για γάτες και σκύλους, BAYTRIL 2,5 % SOLUTION BUVABLE, BAYTRIL 2,5 % SOLUTION INJECTABLE, BAYTRIL 2,5% W/V ΕΝΕΣΙΜΟ ΔΙΑΛΥΜΑ, BAYTRIL 2,5% W/V ΠΟΣΙΜΟ ΔΙΑΛΥΜΑ, BAYTRIL 25 mg/ml SOLUCION INYECTABLE, BAYTRIL 25 mg/ml SOLUCION ORAL, BAYTRIL 5 % SOLUTION INJECTABLE, BAYTRIL 5 mg/ml SOLUCION ORAL, BAYTRIL 50 mg δισκία για γάτες και σκύλους, BAYTRIL 50 mg/ml SOLUCION INYECTABLE, BAYTRIL 50mg/ml ενέσιμο διάλυμα, BAYTRIL, 25mg/ml, Injekční roztok, BAYTRIL, 5% ενέσιμο διάλυμα για μόσχους, χοίρους, πρόβατα, αίγες, σκύλους και γάτες, BAYTRIL, 50mg/ml, Injekční roztok, Baytril  100 mg/ml Oplossing voor injectie, Baytril  100 mg/ml Solution injectable, Baytril - Das Original - 100 mg/ml Injektionslösung, Baytril - Das Original - 25 mg/ml Injektionslösung, Baytril - Das Original - 50 mg/ml Injektionslösung, Baytril 0,5 % solução oral para leitões, Baytril 0,5%, Baytril 10 % solução oral, Baytril 10%, Baytril 10% O.L., Baytril 10% Oral Solution, Baytril 100 mg/mL, otopina za injekciju, za goveda, ovce, koze i svinje, Baytril 100 mg/mL, otopina za primjenu u vodi za piće, za kokoši, purane i kuniće, Baytril 100 mg/ml - Injektionslösung für Tiere, Baytril 100 mg/ml - Lösung zum Eingeben für Hühner, Puten und Kaninchen, Baytril 100 mg/ml Oplossing voor gebruik in drinkwater, Baytril 100 mg/ml Solution buvable, Baytril 100 mg/ml Solution for Injection, Baytril 100 mg/ml koncentrat za peroralno raztopino za piščance, purane in kunce, Baytril 100 mg/ml oldat ivóvízbe keveréshez A.U.V., Baytril 100 mg/ml oplossing voor gebruik in drinkwater voor kippen, kalkoenen en konijnen, Baytril 100 mg/ml oplossing voor injectie, Baytril 100 mg/ml raztopina za injiciranje, Baytril 100 mg/ml solution for injection, Baytril 100 mg/ml soluzione iniettabile, Baytril 100 mg/ml solução injetável, Baytril 150 mg tabletta A.U.V., Baytril 2,5%, 25 mg/mL, otopina za injekciju za pse, mačke, prasad, kuniće, glodavce, gmazove i ukrasne ptice, Baytril 25 mg/ml - Injektionslösung für Tiere, Baytril 25 mg/ml - Lösung zum Eingeben für Kälber und Lämmer, Baytril 25 mg/ml Lösung zum Eingeben für Rinder (Kälber), Baytril 25 mg/ml Oplossing voor injectie, Baytril 25 mg/ml Oral Solution, Baytril 25 mg/ml Solution injectable, Baytril 25 mg/ml injekčný roztok, Baytril 25 mg/ml oldatos injekció A.U.V., Baytril 25 mg/ml oplossing voor injectie, Baytril 25 mg/ml roztwór do wstrzykiwań, Baytril 25 mg/ml solution for injection, Baytril 25 mg/ml soluzione iniettabile, Baytril 25 mg/ml soluzione iniettabile per cani, gatti, roditori e conigli da compagnia, rettili e uccelli ornamentali, Baytril 25 mg/ml soluzione orale per vitelli, ovini, caprini, suini, Baytril 25 mg/ml solução injetável, Baytril 5 mg/ml - Lösung zum Eingeben für Schweine, Baytril 5 mg/ml belsőleges oldat sertések részére A.U.V., Baytril 50 mg tabletta A.U.V., Baytril 50 mg/mL, otopina za injekciju, za telad, ovce, koze, svinje, pse i mačke, Baytril 50 mg/ml - Injektionslösung für Tiere, Baytril 50 mg/ml Oplossing voor injectie, Baytril 50 mg/ml Solution for Injection, Baytril 50 mg/ml Solution injectable, Baytril 50 mg/ml injekčný roztok, Baytril 50 mg/ml oldatos injekció A.U.V., Baytril 50 mg/ml oplossing voor injectie, Baytril 50 mg/ml raztopina za injiciranje, Baytril 50 mg/ml soluzione iniettabile, Baytril 50 mg/ml solução injetável, Baytril 50 mg/ml soluție injectabilă, Baytril Direct 100 mg/ml Injektionslösung für Rinder und Schweine, Baytril Piglet Doser 0.5% Oral Solution, Baytril Vet. 100 mg/ml injektionsvæske, opløsning, Baytril Vet. 150 mg tabletter, Baytril Vet. 25 mg/ml oral opløsning, Baytril Vet. 50 mg tabletter, Baytril Vet. 50 mg/ml i","Generalised skin slough, Hyperpigmentation, Other abnormal test result NOS, Skin inflammation NOS, Skin sore, Uncoded sign",1,1,
CA-DEBIAHP-2013CA01257,"<a target=""_blank""  href=""/xmlpserver/EVVET3 PW NEW/Subject Area Contents/Public Website/Report (PDF)/AER.xdo?_xpf=&_xpt=1&_params%2FOracle%20BI%20EE%3A%3ADefaultApp%3A%3AEVVET3%20PR%20NEW%2FAER%3A%3Adimension%2FAER%20Id%3A%3Aattribute%3A%3Anoaggr%3A%3Axsd%3Adouble=377863&_xt=AER&_xf=pdf""> AER </a>",2013-11-05 00:00:00,Veterinarian,Canada,MALE,Dog,Retriever - Labrador,"ANTISEDAN, ANTISEDAN 5 mg/ml SOLUCIÓN INYECTABLE PARA PERROS Y GATOS, ANTISEDAN 5 mg/ml raztopina za injiciranje za pse in mačke, ANTISEDAN 5MG/ML ΕΝΕΣΙΜΟ ΔΙΑΛΥΜΑ, ANTISEDAN SOLUTION INJECTABLE POUR CHIENS ET CHATS, ANTISEDAN, 5 mg/mL, otopina za injekciju, za pse i mačke, Antisedan 5 mg/ 1 ml, roztwór do wstrzykiwań dla psów i kotów, Antisedan 5 mg/ml  Injektionslösung für Hunde und Katzen, Antisedan 5 mg/ml - Injektionslösung für Hunde und Katzen, Antisedan 5 mg/ml Oplossing voor injectie, Antisedan 5 mg/ml Solution injectable, Antisedan 5 mg/ml injekčný roztok pre psy a mačky, Antisedan 5 mg/ml oldatos injekció kutya és macska részére.A.U.V., Antisedan 5 mg/ml solution for injection, Antisedan 5 mg/ml solução injetável para cães e gatos, Antisedan Vet 5 mg/ml injekcinis tirpalas, Antisedan Vet 5 mg/ml šķīdums injekcijām, Antisedan Vet, 5 mg/ml süstelahus, Antisedan Vet. 5 mg/ml injektionsvæske, opløsning, Antisedan vet 5 mg/ml injektioneste, liuos, Antisedan vet. 5 mg/ml Injektionsvätska, lösning, Antisedan vet. 5 mg/ml Stungulyf, lausn Handa hundum og köttum., Antisedan vet. 5 mg/ml injeksjonsvæske, oppløsning, til hund og katt, Antisedan vet., 5 mg/ml, Injektionsvätska, lösning, Antisedan, 5 mg/ml oplossing voor injectie voor honden en katten, Antisedan, 5mg/ml, Injekční roztok, DOMITOR 1 mg/ml raztopina za injiciranje za pse in mačke, DOMITOR 1 mg/ml ενέσιμο διάλυμα για σκύλους και γάτες, DOMITOR 1 mg/ml, soluție injectabilă pentru câini și pisici, DOMITOR, 1 mg/mL, otopina za injekciju za pse i mačke, DOMITOR, 1mg/ml, Injekční roztok, DOMITOR, SOLUTION INJECTABLE, Domitor, Domitor 1 mg/1 ml, roztwór do wstrzykiwań dla psów i kotów, Domitor 1 mg/ml - Injektionslösung für Hunde und Katzen, Domitor 1 mg/ml Oplossing voor injectie, Domitor 1 mg/ml Solution injectable, Domitor 1 mg/ml injekčný roztok, Domitor 1 mg/ml oldatos injekció kutyáknak és macskáknak A.U.V., Domitor 1 mg/ml solution for injection, Domitor 1 mg/ml soluzione iniettabile per cani e gatti, Domitor Vet 1 mg/ml injekcinis tirpalas, Domitor Vet 1 mg/ml šķīdums injekcijām, Domitor Vet, 1 mg/ml süstelahus, Domitor Vet. 1 mg/ml injektionsvæske, opløsning, Domitor vet 1 mg/ml injektioneste, liuos, Domitor vet. 1 mg/ml Injektionsvätska, lösning, Domitor vet. 1 mg/ml injeksjonsvæske, oppløsning til hund og katt, Metacam 0.5 mg/ml - Oral suspension (cats, guinea pigs), Metacam 0.5 mg/ml - Oral suspension (dogs), Metacam 1.5 mg/ml - Oral suspension (dogs), Metacam 15 mg/ml - Oral suspension (horses), Metacam 15 mg/ml - Oral suspension (pigs), Metacam 5 mg/ml - Solution for injection (cats, dogs), Metacam 5 mg/ml - Solution for injection (cattle, pigs), Metacam 5 mg/ml - Solution for injection (dogs), Torbugesic 10 mg/ml Solution for Injection, Torbugesic Vet 10 mg/ml solution injectable pour chevaux, chiens et chats, Torbugesic Vet. 10 mg/ml injektionsvæske, opløsning, Torbuphanol Vet 10 mg/ml solution for injection for injection for horses, dogs and cats, Tramadog 50 mg tablet for dogs, АНТИСЕДАН ВЕТ 5 mg/ml инжекционен разтвор, Домитор Вет 1 mg/ml инжекционен разтвор за кучета и котки","Anorexia, Bloody diarrhoea, Lethargy (see also Central nervous system depression in Neurological), Vomiting",1,1,
CA-DEBIAHP-2013CA01310,"<a target=""_blank""  href=""/xmlpserver/EVVET3 PW NEW/Subject Area Contents/Public Website/Report (PDF)/AER.xdo?_xpf=&_xpt=1&_params%2FOracle%20BI%20EE%3A%3ADefaultApp%3A%3AEVVET3%20PR%20NEW%2FAER%3A%3Adimension%2FAER%20Id%3A%3Aattribute%3A%3Anoaggr%3A%3Axsd%3Adouble=379216&_xt=AER&_xf=pdf""> AER </a>",2013-11-18 00:00:00,Veterinarian,Canada,FEMALE,Dog,Retriever - Golden,"Metacam 0.5 mg/ml - Oral suspension (cats, guinea pigs), Metacam 0.5 mg/ml - Oral suspension (dogs), Metacam 1.5 mg/ml - Oral suspension (dogs), Metacam 15 mg/ml - Oral suspension (horses), Metacam 15 mg/ml - Oral suspension (pigs)",Facial oedema,1,1,
CA-DEBIAHP-2013CA01323,"<a target=""_blank""  href=""/xmlpserver/EVVET3 PW NEW/Subject Area Contents/Public Website/Report (PDF)/AER.xdo?_xpf=&_xpt=1&_params%2FOracle%20BI%20EE%3A%3ADefaultApp%3A%3AEVVET3%20PR%20NEW%2FAER%3A%3Adimension%2FAER%20Id%3A%3Aattribute%3A%3Anoaggr%3A%3Axsd%3Adouble=379431&_xt=AER&_xf=pdf""> AER </a>",2013-11-19 00:00:00,Veterinarian,Canada,FEMALE,Dog,Chihuahua,"ALFAXAN 10 mg/ml solution for injection for dogs and cats, Dexdomitor 0.1 mg/ml - Solution for injection, Dexdomitor 0.5 mg/ml - Solution for injection, Metacam 0.5 mg/ml - Oral suspension (cats, guinea pigs), Metacam 0.5 mg/ml - Oral suspension (dogs), Metacam 1.5 mg/ml - Oral suspension (dogs), Metacam 15 mg/ml - Oral suspension (horses), Metacam 15 mg/ml - Oral suspension (pigs), Metacam 5 mg/ml - Solution for injection (cats, dogs), Metacam 5 mg/ml - Solution for injection (cattle, pigs), Metacam 5 mg/ml - Solution for injection (dogs)","Lethargy (see also Central nervous system depression in Neurological), Shaking, Vocalisation, Vomiting",1,1,
CA-DEBIAHP-2013CA01328,"<a target=""_blank""  href=""/xmlpserver/EVVET3 PW NEW/Subject Area Contents/Public Website/Report (PDF)/AER.xdo?_xpf=&_xpt=1&_params%2FOracle%20BI%20EE%3A%3ADefaultApp%3A%3AEVVET3%20PR%20NEW%2FAER%3A%3Adimension%2FAER%20Id%3A%3Aattribute%3A%3Anoaggr%3A%3Axsd%3Adouble=378536&_xt=AER&_xf=pdf""> AER </a>",2013-11-12 00:00:00,Veterinarian,Canada,MALE,Dog,Mountain Dog - Bernese,"Metacam 0.5 mg/ml - Oral suspension (cats, guinea pigs), Metacam 0.5 mg/ml - Oral suspension (dogs), Metacam 1.5 mg/ml - Oral suspension (dogs), Metacam 15 mg/ml - Oral suspension (horses), Metacam 15 mg/ml - Oral suspension (pigs)","Anorexia, Bloody diarrhoea, Elevated liver enzymes NOS, Lethargy (see also Central nervous system depression in Neurological), Not drinking, Other abnormal test result NOS, Reluctant to move, Vomiting",1,1,
CA-DEBIAHP-2013CA01337,"<a target=""_blank""  href=""/xmlpserver/EVVET3 PW NEW/Subject Area Contents/Public Website/Report (PDF)/AER.xdo?_xpf=&_xpt=1&_params%2FOracle%20BI%20EE%3A%3ADefaultApp%3A%3AEVVET3%20PR%20NEW%2FAER%3A%3Adimension%2FAER%20Id%3A%3Aattribute%3A%3Anoaggr%3A%3Axsd%3Adouble=379142&_xt=AER&_xf=pdf""> AER </a>",2013-11-15 00:00:00,Veterinarian,Canada,FEMALE,Dog,Retriever - Labrador,"Metacam 0.5 mg/ml - Oral suspension (cats, guinea pigs), Metacam 0.5 mg/ml - Oral suspension (dogs), Metacam 1.5 mg/ml - Oral suspension (dogs), Metacam 15 mg/ml - Oral suspension (horses), Metacam 15 mg/ml - Oral suspension (pigs)","Anaemia NOS, Bloody diarrhoea, Diarrhoea, Hyperphosphataemia, Other abnormal test result NOS",1,1,
CA-DEBIAHP-2013CA01356,"<a target=""_blank""  href=""/xmlpserver/EVVET3 PW NEW/Subject Area Contents/Public Website/Report (PDF)/AER.xdo?_xpf=&_xpt=1&_params%2FOracle%20BI%20EE%3A%3ADefaultApp%3A%3AEVVET3%20PR%20NEW%2FAER%3A%3Adimension%2FAER%20Id%3A%3Aattribute%3A%3Anoaggr%3A%3Axsd%3Adouble=379836&_xt=AER&_xf=pdf""> AER </a>",2013-11-23 00:00:00,Veterinarian,Canada,MALE,Dog,Terrier - Jack Russell,"Metacam 0.5 mg/ml - Oral suspension (cats, guinea pigs), Metacam 0.5 mg/ml - Oral suspension (dogs), Metacam 1.5 mg/ml - Oral suspension (dogs), Metacam 15 mg/ml - Oral suspension (horses), Metacam 15 mg/ml - Oral suspension (pigs)","Ataxia, Biting -aggression (see also Skin and appendages disorders), Hyperactivity, Lethargy (see also Central nervous system depression in Neurological), Trembling",1,1,
CA-DEBIAHP-2013CA01390,"<a target=""_blank""  href=""/xmlpserver/EVVET3 PW NEW/Subject Area Contents/Public Website/Report (PDF)/AER.xdo?_xpf=&_xpt=1&_params%2FOracle%20BI%20EE%3A%3ADefaultApp%3A%3AEVVET3%20PR%20NEW%2FAER%3A%3Adimension%2FAER%20Id%3A%3Aattribute%3A%3Anoaggr%3A%3Axsd%3Adouble=380816&_xt=AER&_xf=pdf""> AER </a>",2013-12-02 00:00:00,Veterinarian,Canada,FEMALE,Dog,Rottweiler,"Metacam 0.5 mg/ml - Oral suspension (cats, guinea pigs), Metacam 0.5 mg/ml - Oral suspension (dogs), Metacam 1.5 mg/ml - Oral suspension (dogs), Metacam 15 mg/ml - Oral suspension (horses), Metacam 15 mg/ml - Oral suspension (pigs)","Abdominal effusion, Duodenal ulcer, Sudden death",1,1,
CA-DEBIAHP-2013CA01400,"<a target=""_blank""  href=""/xmlpserver/EVVET3 PW NEW/Subject Area Contents/Public Website/Report (PDF)/AER.xdo?_xpf=&_xpt=1&_params%2FOracle%20BI%20EE%3A%3ADefaultApp%3A%3AEVVET3%20PR%20NEW%2FAER%3A%3Adimension%2FAER%20Id%3A%3Aattribute%3A%3Anoaggr%3A%3Axsd%3Adouble=380448&_xt=AER&_xf=pdf""> AER </a>",2013-11-27 00:00:00,Veterinarian,Canada,MALE,Dog,Mountain Dog - Bernese,"Metacam 0.5 mg/ml - Oral suspension (cats, guinea pigs), Metacam 0.5 mg/ml - Oral suspension (dogs), Metacam 1.5 mg/ml - Oral suspension (dogs), Metacam 15 mg/ml - Oral suspension (horses), Metacam 15 mg/ml - Oral suspension (pigs)",Lethargy (see also Central nervous system depression in Neurological),1,1,
CA-DEBIAHP-2013CA01420,"<a target=""_blank""  href=""/xmlpserver/EVVET3 PW NEW/Subject Area Contents/Public Website/Report (PDF)/AER.xdo?_xpf=&_xpt=1&_params%2FOracle%20BI%20EE%3A%3ADefaultApp%3A%3AEVVET3%20PR%20NEW%2FAER%3A%3Adimension%2FAER%20Id%3A%3Aattribute%3A%3Anoaggr%3A%3Axsd%3Adouble=381202&_xt=AER&_xf=pdf""> AER </a>",2013-12-04 00:00:00,Veterinarian,Canada,FEMALE,Dog,Pointing Dog - Hungarian Wire-haired (Vizsla),"Fuxien vet 1000 mg/g inhalaatiohöyry, neste, ISOFLURANE-Vet 1000 mg/g liquido per inalazione per cani e gatti, ISOFLURIN 1000mg/g ΥΓΡΟ ΓΙΑ ΕΙΣΠΝΕΟΜΕΝΟΥΣ ΑΤΜΟΥΣ, Isoflurane 100% Inhalation Vapour, Liquid, Isoflurane 1000 mg/g Inhalation Vapour, liquid., Metacam 0.5 mg/ml - Oral suspension (cats, guinea pigs), Metacam 0.5 mg/ml - Oral suspension (dogs), Metacam 1.5 mg/ml - Oral suspension (dogs), Metacam 15 mg/ml - Oral suspension (horses), Metacam 15 mg/ml - Oral suspension (pigs), Metacam 5 mg/ml - Solution for injection (cats, dogs), Metacam 5 mg/ml - Solution for injection (cattle, pigs), Metacam 5 mg/ml - Solution for injection (dogs)","Diarrhoea, Not eating, Tarry or black stool (see also haemorrhagic diarrhoea)",1,1,
CA-DEBIAHP-2013CA01425,"<a target=""_blank""  href=""/xmlpserver/EVVET3 PW NEW/Subject Area Contents/Public Website/Report (PDF)/AER.xdo?_xpf=&_xpt=1&_params%2FOracle%20BI%20EE%3A%3ADefaultApp%3A%3AEVVET3%20PR%20NEW%2FAER%3A%3Adimension%2FAER%20Id%3A%3Aattribute%3A%3Anoaggr%3A%3Axsd%3Adouble=381444&_xt=AER&_xf=pdf""> AER </a>",2013-12-09 00:00:00,Veterinarian,Canada,FEMALE,Dog,Shepherd Dog - German,"BAYTRIL 0,5% W/V ΠΟΣΙΜΟ ΔΙΑΛΥΜΑ, BAYTRIL 0,5% πόσιμο διάλυμα ενροφλοξακίνης για ορνίθια και γαλοπούλες, BAYTRIL 10 % SOLUTION BUVABLE, BAYTRIL 10 % SOLUTION INJECTABLE, BAYTRIL 10% W/V ΠΟΣΙΜΟ ΔΙΑΛΥΜΑ, BAYTRIL 100 mg/ml - soluţie orală, BAYTRIL 100 mg/ml SOLUCION INYECTABLE, BAYTRIL 100 mg/ml soluție injectabilă, BAYTRIL 15 mg δισκία για γάτες και σκύλους, BAYTRIL 150 mg δισκία για γάτες και σκύλους, BAYTRIL 2,5 % SOLUTION BUVABLE, BAYTRIL 2,5 % SOLUTION INJECTABLE, BAYTRIL 2,5% W/V ΕΝΕΣΙΜΟ ΔΙΑΛΥΜΑ, BAYTRIL 2,5% W/V ΠΟΣΙΜΟ ΔΙΑΛΥΜΑ, BAYTRIL 25 mg/ml SOLUCION INYECTABLE, BAYTRIL 25 mg/ml SOLUCION ORAL, BAYTRIL 5 % SOLUTION INJECTABLE, BAYTRIL 5 mg/ml SOLUCION ORAL, BAYTRIL 50 mg δισκία για γάτες και σκύλους, BAYTRIL 50 mg/ml SOLUCION INYECTABLE, BAYTRIL 50mg/ml ενέσιμο διάλυμα, BAYTRIL, 25mg/ml, Injekční roztok, BAYTRIL, 5% ενέσιμο διάλυμα για μόσχους, χοίρους, πρόβατα, αίγες, σκύλους και γάτες, BAYTRIL, 50mg/ml, Injekční roztok, Baytril  100 mg/ml Oplossing voor injectie, Baytril  100 mg/ml Solution injectable, Baytril - Das Original - 100 mg/ml Injektionslösung, Baytril - Das Original - 25 mg/ml Injektionslösung, Baytril - Das Original - 50 mg/ml Injektionslösung, Baytril 0,5 % solução oral para leitões, Baytril 0,5%, Baytril 10 % solução oral, Baytril 10%, Baytril 10% O.L., Baytril 10% Oral Solution, Baytril 100 mg/mL, otopina za injekciju, za goveda, ovce, koze i svinje, Baytril 100 mg/mL, otopina za primjenu u vodi za piće, za kokoši, purane i kuniće, Baytril 100 mg/ml - Injektionslösung für Tiere, Baytril 100 mg/ml - Lösung zum Eingeben für Hühner, Puten und Kaninchen, Baytril 100 mg/ml Oplossing voor gebruik in drinkwater, Baytril 100 mg/ml Solution buvable, Baytril 100 mg/ml Solution for Injection, Baytril 100 mg/ml koncentrat za peroralno raztopino za piščance, purane in kunce, Baytril 100 mg/ml oldat ivóvízbe keveréshez A.U.V., Baytril 100 mg/ml oplossing voor gebruik in drinkwater voor kippen, kalkoenen en konijnen, Baytril 100 mg/ml oplossing voor injectie, Baytril 100 mg/ml raztopina za injiciranje, Baytril 100 mg/ml solution for injection, Baytril 100 mg/ml soluzione iniettabile, Baytril 100 mg/ml solução injetável, Baytril 150 mg tabletta A.U.V., Baytril 2,5%, 25 mg/mL, otopina za injekciju za pse, mačke, prasad, kuniće, glodavce, gmazove i ukrasne ptice, Baytril 25 mg/ml - Injektionslösung für Tiere, Baytril 25 mg/ml - Lösung zum Eingeben für Kälber und Lämmer, Baytril 25 mg/ml Lösung zum Eingeben für Rinder (Kälber), Baytril 25 mg/ml Oplossing voor injectie, Baytril 25 mg/ml Oral Solution, Baytril 25 mg/ml Solution injectable, Baytril 25 mg/ml injekčný roztok, Baytril 25 mg/ml oldatos injekció A.U.V., Baytril 25 mg/ml oplossing voor injectie, Baytril 25 mg/ml roztwór do wstrzykiwań, Baytril 25 mg/ml solution for injection, Baytril 25 mg/ml soluzione iniettabile, Baytril 25 mg/ml soluzione iniettabile per cani, gatti, roditori e conigli da compagnia, rettili e uccelli ornamentali, Baytril 25 mg/ml soluzione orale per vitelli, ovini, caprini, suini, Baytril 25 mg/ml solução injetável, Baytril 5 mg/ml - Lösung zum Eingeben für Schweine, Baytril 5 mg/ml belsőleges oldat sertések részére A.U.V., Baytril 50 mg tabletta A.U.V., Baytril 50 mg/mL, otopina za injekciju, za telad, ovce, koze, svinje, pse i mačke, Baytril 50 mg/ml - Injektionslösung für Tiere, Baytril 50 mg/ml Oplossing voor injectie, Baytril 50 mg/ml Solution for Injection, Baytril 50 mg/ml Solution injectable, Baytril 50 mg/ml injekčný roztok, Baytril 50 mg/ml oldatos injekció A.U.V., Baytril 50 mg/ml oplossing voor injectie, Baytril 50 mg/ml raztopina za injiciranje, Baytril 50 mg/ml soluzione iniettabile, Baytril 50 mg/ml solução injetável, Baytril 50 mg/ml soluție injectabilă, Baytril Direct 100 mg/ml Injektionslösung für Rinder und Schweine, Baytril Piglet Doser 0.5% Oral Solution, Baytril Vet. 100 mg/ml injektionsvæske, opløsning, Baytril Vet. 150 mg tabletter, Baytril Vet. 25 mg/ml oral opløsning, Baytril Vet. 50 mg tabletter, Baytril Vet. 50 mg/ml i","Abnormal ultrasound finding, Acute renal failure, Anorexia, Other abnormal test result NOS, Pancreas disorder, Vomiting",1,1,
CA-DEBIAHP-2013CA01435,"<a target=""_blank""  href=""/xmlpserver/EVVET3 PW NEW/Subject Area Contents/Public Website/Report (PDF)/AER.xdo?_xpf=&_xpt=1&_params%2FOracle%20BI%20EE%3A%3ADefaultApp%3A%3AEVVET3%20PR%20NEW%2FAER%3A%3Adimension%2FAER%20Id%3A%3Aattribute%3A%3Anoaggr%3A%3Axsd%3Adouble=381014&_xt=AER&_xf=pdf""> AER </a>",2013-12-03 00:00:00,Veterinarian,Canada,FEMALE,Dog,Crossbred Canine/dog,"Metacam 0.5 mg/ml - Oral suspension (cats, guinea pigs), Metacam 0.5 mg/ml - Oral suspension (dogs), Metacam 1.5 mg/ml - Oral suspension (dogs), Metacam 15 mg/ml - Oral suspension (horses), Metacam 15 mg/ml - Oral suspension (pigs)","Anorexia, Diarrhoea, Lethargy (see also Central nervous system depression in Neurological), Tarry or black stool (see also haemorrhagic diarrhoea), Vomiting",1,1,
CA-DEBIAHP-2013CA01501,"<a target=""_blank""  href=""/xmlpserver/EVVET3 PW NEW/Subject Area Contents/Public Website/Report (PDF)/AER.xdo?_xpf=&_xpt=1&_params%2FOracle%20BI%20EE%3A%3ADefaultApp%3A%3AEVVET3%20PR%20NEW%2FAER%3A%3Adimension%2FAER%20Id%3A%3Aattribute%3A%3Anoaggr%3A%3Axsd%3Adouble=383135&_xt=AER&_xf=pdf""> AER </a>",2013-12-24 00:00:00,Veterinarian,Canada,FEMALE,Dog,Crossbred Canine/dog,"Metacam 0.5 mg/ml - Oral suspension (cats, guinea pigs), Metacam 0.5 mg/ml - Oral suspension (dogs), Metacam 1.5 mg/ml - Oral suspension (dogs), Metacam 15 mg/ml - Oral suspension (horses), Metacam 15 mg/ml - Oral suspension (pigs)","Bloody diarrhoea, Dehydration, General pain (see other SOCs for specific pain), Haemorrhagic diarrhoea, Lethargy (see also Central nervous system depression in Neurological), Vomiting",1,1,
CA-DEBIAHP-2013CA01504,"<a target=""_blank""  href=""/xmlpserver/EVVET3 PW NEW/Subject Area Contents/Public Website/Report (PDF)/AER.xdo?_xpf=&_xpt=1&_params%2FOracle%20BI%20EE%3A%3ADefaultApp%3A%3AEVVET3%20PR%20NEW%2FAER%3A%3Adimension%2FAER%20Id%3A%3Aattribute%3A%3Anoaggr%3A%3Axsd%3Adouble=383133&_xt=AER&_xf=pdf""> AER </a>",2013-12-24 00:00:00,Veterinarian,Canada,MALE,Dog,Terrier - Jack Russell,"Cerenia 10 mg/ml  - Solution for injection, Cerenia 16 mg  - Tablet, Cerenia 160 mg  - Tablet, Cerenia 24 mg  - Tablet, Cerenia 60 mg - Tablet, Metacam 0.5 mg/ml - Oral suspension (dogs), SYNULOX (200+50)MG/TAB ΔΙΣΚΙΟ, SYNULOX (40+10)MG/TAB ΔΙΣΚΙΟ, SYNULOX 140 mg/ml + 35 mg/ml suspensión inyectable, SYNULOX 200 mg/50 mg tablety pre psy a mačky, SYNULOX 200/50 mg COMPRIMIDOS APETITOSOS PARA PERROS, SYNULOX 250 COMPRIMES POUR CHIENS, SYNULOX 250 mg, SYNULOX 250 mg kramtomosios tabletės šunims ir katėms, SYNULOX 250 mg tablete za pse in mačke, SYNULOX 250mg, δισκία για σκύλους και γάτες, SYNULOX 40 mg/10 mg tablety pre psy a mačky, SYNULOX 40 mg/ml + 10 mg/ml POLVO PARA GOTAS ORALES EN SUSPENSION, SYNULOX 40/10 MG COMPRIMIDOS APETITOSOS PARA PERROS Y GATOS, SYNULOX 400 mg/100 mg tablety pre psy, SYNULOX 400/100 mg COMPRIMIDOS APETITOSOS PARA PERROS, SYNULOX 50 COMPRIMES POUR CHIENS ET CHATS, SYNULOX 50 mg, SYNULOX 50 mg kramtomosios tabletės šunims ir katėms, SYNULOX 50 mg tablete za pse in mačke, SYNULOX 500 COMPRIMES POUR CHIENS, SYNULOX 500 mg kramtomosios tabletės šunims, SYNULOX 500 mg tablete za pse, SYNULOX 500 mg, kramtomosios tabletės šunims, SYNULOX 500MG/TAB ΔΙΣΚΙΟ, SYNULOX 50mg, δισκία για σκύλους και γάτες, SYNULOX OGIVETTES POUR VEAUX, SYNULOX SUSPENSION INJECTABLE POUR BOVINS, SYNULOX VET 140 mg/ml injektioneste, suspensio koiralle, kissalle ja sialle, SYNULOX suspensão injetável para suínos, bovinos, cães e gatos, SYNULOX vet 200 mg/50 mg tabletti, koiralle ja kissalle, SYNULOX vet 40 mg/10 mg tabletti, koiralle ja kissalle, SYNULOX vet 400 mg/100 mg tabletti, koiralle, SYNULOX, 400/100mg, Tableta, Synulox 250 mg Comprimés Appétents, Synulox 250 mg Smakelijke tabletten, Synulox 250 mg tabletes suņiem un kaķiem, Synulox 250 mg, tabletid koertele ja kassidele, Synulox 250 mg, таблетки за кучета и котки, Synulox 250mg (200 mg/50 mg)  Tabletten für Hunde, Synulox 50 mg Comprimés Appétents, Synulox 50 mg Smakelijke Tabletten, Synulox 50 mg tabletes suņiem un kaķiem, Synulox 50 mg, tabletid koertele ja kassidele, Synulox 50 mg, таблетки за кучета и котки, Synulox 500 mg Bolus 400 mg - 100 mg Omhulde tablet, Synulox 500 mg Comprimés Appétents, Synulox 500 mg Smakelijke Tabletten, Synulox 500 mg tabletes suņiem, Synulox 500 mg, tabletid koertele, Synulox 500mg (400 mg/100 mg) Tabletten für Hunde, Synulox 50mg (40 mg/10 mg) Tabletten für Hunde und Katzen, Synulox Bolus 500 mg, 400 mg + 100 mg comprimés enrobés pour veaux, Synulox Lactating Cow Intramammary suspension., Synulox Tabletki 250 mg, Synulox Tabletki 250 mg (200+50) mg/tablete; tabletes suņiem, Synulox Tabletki 50 mg, Synulox Tabletki 50 mg (40+10) mg/ tablete; tabletes suņiem un kaķiem, Synulox Tabletki 500 mg, Synulox Vet. til hund og kat 200 + 50 mg tabletter, Synulox Vet. til hund og kat 40 + 10 mg tabletter, Synulox Vet. til hund tabletter 400 + 100 mg, Synulox Vet. til kalve 400 + 100 mg tabletter, Synulox comprimidos palatáveis 250 mg para cães e gatos, Synulox comprimidos palatáveis 50 mg para cães e gatos, Synulox comprimidos palatáveis 500 mg para cães, Synulox vet 40 mg/ml jauhe oraalisuspensiota varten koiralle ja kissalle, Synulox vet. 200 mg tabletter for hund og katt, Synulox vet. 200 mg/50 mg Tablett, Synulox vet. 40 mg tabletter for hund og katt, Synulox vet. 40 mg/10 mg Tablett, Synulox vet. 400 mg tabletter for hund, Synulox vet. 400 mg/100 mg Tablett, Synulox, 200/50mg, Tableta, Synulox, 40/10mg, Tableta, Synulox-Kalb 400 mg/100 mg Filmtabletten für Rinder (Kälber)","Acute renal failure, Anorexia, Cardiac enlargement, Death by euthanasia, Diarrhoea, Elevated blood urea nitrogen (BUN), Elevated creatinine, Elevated liver enzymes NOS, Endocarditis, Hepatic fibrosis, Hyperkalaemia, Hyperphosphataemia, Leukocytosis NOS, Neutrophilia, Vomiting",1,1,1
CA-FRMERIAL-13CA001623,"<a target=""_blank""  href=""/xmlpserver/EVVET3 PW NEW/Subject Area Contents/Public Website/Report (PDF)/AER.xdo?_xpf=&_xpt=1&_params%2FOracle%20BI%20EE%3A%3ADefaultApp%3A%3AEVVET3%20PR%20NEW%2FAER%3A%3Adimension%2FAER%20Id%3A%3Aattribute%3A%3Anoaggr%3A%3Axsd%3Adouble=374727&_xt=AER&_xf=pdf""> AER </a>",2013-10-02 00:00:00,Other health care professional,Canada,FEMALE,Dog,Retriever - Labrador,"Metacam 0.5 mg/ml - Oral suspension (cats, guinea pigs), Metacam 0.5 mg/ml - Oral suspension (dogs), Metacam 1 mg - Chewable tablet (dogs), Metacam 1.5 mg/ml - Oral suspension (dogs), Metacam 15 mg/ml - Oral suspension (horses), Metacam 15 mg/ml - Oral suspension (pigs), Metacam 2 mg/ml - Solution for injection (cats), Metacam 2.5 mg - Chewable tablet (dogs), Metacam 20 mg/ml - Solution for injection (cattle, pigs, horses), Metacam 40 mg/ml - Solution for injection (cattle, horses), Metacam 5 mg/ml - Solution for injection (cats, dogs), Metacam 5 mg/ml - Solution for injection (cattle, pigs), Metacam 5 mg/ml - Solution for injection (dogs), Previcox 227 mg - Chewable tablet, Tramadog 50 mg tablet for dogs","Behavioural disorder NOS, Death by euthanasia, General pain (see other SOCs for specific pain), Lethargy (see also Central nervous system depression in Neurological), Not eating, Reluctant to move, Staggering, Tarry or black stool (see also haemorrhagic diarrhoea), Vomiting",1,1,1
CA-NAH-CA201300775,"<a target=""_blank""  href=""/xmlpserver/EVVET3 PW NEW/Subject Area Contents/Public Website/Report (PDF)/AER.xdo?_xpf=&_xpt=1&_params%2FOracle%20BI%20EE%3A%3ADefaultApp%3A%3AEVVET3%20PR%20NEW%2FAER%3A%3Adimension%2FAER%20Id%3A%3Aattribute%3A%3Anoaggr%3A%3Axsd%3Adouble=363275&_xt=AER&_xf=pdf""> AER </a>",2013-05-13 00:00:00,Veterinarian,Canada,MALE,Dog,Retriever - Labrador,"ATOPICA 10 mg soft capsules for dogs, ATOPICA 100 MG/ML SOLUTION BUVABLE POUR CHATS ET CHIENS, ATOPICA 25 mg CAPSULAS BLANDAS PARA PERROS, ATOPICA 25 mg capsules molles pour chiens, ATOPICA 50 mg capsules molles pour chiens, Atopica 10 mg soft capsules for dogs, Atopica 100 mg soft capsules for dogs, Atopica 100 mg/ml oral solution for cats and dogs, Atopica 25 mg soft capsules for dogs, Atopica 50 mg soft capsules for dogs, Atopica Vet. 50 mg kapseli, pehmeä, Atopica vet., 100 mg, Kapsel, mjuk, Atopica vet., 100 mg, mjuka kapslar, Atopica vet., 50 mg, Kapsel, mjuk, Metacam 0.5 mg/ml - Oral suspension (cats, guinea pigs), Metacam 0.5 mg/ml - Oral suspension (dogs), Metacam 1 mg - Chewable tablet (dogs), Metacam 1.5 mg/ml - Oral suspension (dogs), Metacam 15 mg/ml - Oral suspension (horses), Metacam 15 mg/ml - Oral suspension (pigs), Metacam 2 mg/ml - Solution for injection (cats), Metacam 2.5 mg - Chewable tablet (dogs), Metacam 20 mg/ml - Solution for injection (cattle, pigs, horses), Metacam 40 mg/ml - Solution for injection (cattle, horses), Metacam 5 mg/ml - Solution for injection (cats, dogs), Metacam 5 mg/ml - Solution for injection (cattle, pigs), Metacam 5 mg/ml - Solution for injection (dogs), Tramadog 50 mg tablet for dogs","Digestive tract neoplasm NOS, Skin and/or appendage neoplasm NOS",1,1,
CA-UKPFIZAH-2013-CA-01176,"<a target=""_blank""  href=""/xmlpserver/EVVET3 PW NEW/Subject Area Contents/Public Website/Report (PDF)/AER.xdo?_xpf=&_xpt=1&_params%2FOracle%20BI%20EE%3A%3ADefaultApp%3A%3AEVVET3%20PR%20NEW%2FAER%3A%3Adimension%2FAER%20Id%3A%3Aattribute%3A%3Anoaggr%3A%3Axsd%3Adouble=364418&_xt=AER&_xf=pdf""> AER </a>",2013-06-03 00:00:00,Veterinarian,Canada,FEMALE,Dog,Terrier - Yorkshire,"Convenia 80 mg/ml  - Powder and solvent for solution for injection, Ketavet 100 mg/ml Solution for Injection for Dogs, Cats and Horses, Metacam 2 mg/ml - Solution for injection (cats), Metacam 20 mg/ml - Solution for injection (cattle, pigs, horses), Metacam 40 mg/ml - Solution for injection (cattle, horses), Metacam 5 mg/ml - Solution for injection (cats, dogs), Metacam 5 mg/ml - Solution for injection (cattle, pigs), Metacam 5 mg/ml - Solution for injection (dogs)","Injection site alopecia, Injection site inflammation, Injection site itching, Injection site necrosis, Itching",1,1,
CA-UKPFIZAH-2013-CA-01668,"<a target=""_blank""  href=""/xmlpserver/EVVET3 PW NEW/Subject Area Contents/Public Website/Report (PDF)/AER.xdo?_xpf=&_xpt=1&_params%2FOracle%20BI%20EE%3A%3ADefaultApp%3A%3AEVVET3%20PR%20NEW%2FAER%3A%3Adimension%2FAER%20Id%3A%3Aattribute%3A%3Anoaggr%3A%3Axsd%3Adouble=368050&_xt=AER&_xf=pdf""> AER </a>",2013-07-16 00:00:00,Veterinarian,Canada,FEMALE,Dog,Shar Pei,"ANTISEDAN, ANTISEDAN 5 mg/ml SOLUCIÓN INYECTABLE PARA PERROS Y GATOS, ANTISEDAN 5 mg/ml raztopina za injiciranje za pse in mačke, ANTISEDAN 5MG/ML ΕΝΕΣΙΜΟ ΔΙΑΛΥΜΑ, ANTISEDAN SOLUTION INJECTABLE POUR CHIENS ET CHATS, ANTISEDAN, 5 mg/mL, otopina za injekciju, za pse i mačke, Antisedan 5 mg/ 1 ml, roztwór do wstrzykiwań dla psów i kotów, Antisedan 5 mg/ml  Injektionslösung für Hunde und Katzen, Antisedan 5 mg/ml - Injektionslösung für Hunde und Katzen, Antisedan 5 mg/ml Oplossing voor injectie, Antisedan 5 mg/ml Solution injectable, Antisedan 5 mg/ml injekčný roztok pre psy a mačky, Antisedan 5 mg/ml oldatos injekció kutya és macska részére.A.U.V., Antisedan 5 mg/ml solution for injection, Antisedan 5 mg/ml solução injetável para cães e gatos, Antisedan Vet 5 mg/ml injekcinis tirpalas, Antisedan Vet 5 mg/ml šķīdums injekcijām, Antisedan Vet, 5 mg/ml süstelahus, Antisedan Vet. 5 mg/ml injektionsvæske, opløsning, Antisedan vet 5 mg/ml injektioneste, liuos, Antisedan vet. 5 mg/ml Injektionsvätska, lösning, Antisedan vet. 5 mg/ml Stungulyf, lausn Handa hundum og köttum., Antisedan vet. 5 mg/ml injeksjonsvæske, oppløsning, til hund og katt, Antisedan vet., 5 mg/ml, Injektionsvätska, lösning, Antisedan, 5 mg/ml oplossing voor injectie voor honden en katten, Antisedan, 5mg/ml, Injekční roztok, Dexdomitor 0.1 mg/ml - Solution for injection, Dexdomitor 0.5 mg/ml - Solution for injection, Metacam 0.5 mg/ml - Oral suspension (cats, guinea pigs), Metacam 0.5 mg/ml - Oral suspension (dogs), Metacam 1 mg - Chewable tablet (dogs), Metacam 1.5 mg/ml - Oral suspension (dogs), Metacam 15 mg/ml - Oral suspension (horses), Metacam 15 mg/ml - Oral suspension (pigs), Metacam 2 mg/ml - Solution for injection (cats), Metacam 2.5 mg - Chewable tablet (dogs), Metacam 20 mg/ml - Solution for injection (cattle, pigs, horses), Metacam 40 mg/ml - Solution for injection (cattle, horses), Metacam 5 mg/ml - Solution for injection (cats, dogs), Metacam 5 mg/ml - Solution for injection (cattle, pigs), Metacam 5 mg/ml - Solution for injection (dogs), Torbugesic 10 mg/ml Solution for Injection, Torbugesic Vet 10 mg/ml solution injectable pour chevaux, chiens et chats, Torbugesic Vet. 10 mg/ml injektionsvæske, opløsning, Torbuphanol Vet 10 mg/ml solution for injection for injection for horses, dogs and cats, АНТИСЕДАН ВЕТ 5 mg/ml инжекционен разтвор","Decreased appetite, Liver disorder NOS, Weight loss",1,1,
CA-ZZELANCORG-CA201300853,"<a target=""_blank""  href=""/xmlpserver/EVVET3 PW NEW/Subject Area Contents/Public Website/Report (PDF)/AER.xdo?_xpf=&_xpt=1&_params%2FOracle%20BI%20EE%3A%3ADefaultApp%3A%3AEVVET3%20PR%20NEW%2FAER%3A%3Adimension%2FAER%20Id%3A%3Aattribute%3A%3Anoaggr%3A%3Axsd%3Adouble=373154&_xt=AER&_xf=pdf""> AER </a>",2013-09-13 00:00:00,Veterinarian,Canada,FEMALE,Dog,"Dog (other), Hound - Swiss - (Lucerne Hound (Luzerner Laufhund), Schwyz Hound (Schweizer Laufhund), Bernese Hound, Jura Hound)","MIPREPOL, oily suspension for dogs and cats, Metacam 0.5 mg/ml - Oral suspension (cats, guinea pigs), Metacam 0.5 mg/ml - Oral suspension (dogs), Metacam 1 mg - Chewable tablet (dogs), Metacam 1.5 mg/ml - Oral suspension (dogs), Metacam 15 mg/ml - Oral suspension (horses), Metacam 15 mg/ml - Oral suspension (pigs), Metacam 2 mg/ml - Solution for injection (cats), Metacam 2.5 mg - Chewable tablet (dogs), Metacam 20 mg/ml - Solution for injection (cattle, pigs, horses), Metacam 40 mg/ml - Solution for injection (cattle, horses), Metacam 5 mg/ml - Solution for injection (cats, dogs), Metacam 5 mg/ml - Solution for injection (cattle, pigs), Metacam 5 mg/ml - Solution for injection (dogs), SUROLAN, SUROLAN (23MG+5MG+0,5293MG)/ML ΩΤΙΚΕΣ ΣΤΑΓΟΝΕΣ, ΕΝΑΙΩΡΗΜΑ, SUROLAN DROPS 23mg/ml, 5500IU/ml, 5mg/ml ωτικές σταγόνες σε εναιώρημα και δερματικό εναιώρημα για σκύλους και γάτες, SUROLAN sospensione oleosa per cani e gatti, SUROLAN ušné kvapky a dermálna suspenzia, SUROLAN, Kožní/ušní kapky, suspenze, SUROLAN, kapi za uho i suspenzija za kožu za pse i mačke, SUROLAN, picături auriculate si suspensie cutanată, SUROLAN, suspensija šunims ir katėms, SUROLAN, капки за уши и суспензия за кожа за кучета и котки, Surolan, Surolan  Oordruppels, suspensie, Surolan (23 mg + 0,5293 mg + 5 mg )/ml Krople do uszu, zawiesina, Surolan 5,0 mg/0,5293 mg/23,0 mg/ml, Ohrentropfen, Suspension zur Anwendung auf der Haut für Hunde und Katzen, Surolan Ear Drops and Cutaneous Suspension, Surolan Vet. 5 + 23 + 0,529 mg/ml øredråber, suspension og kutansuspension, Surolan külsőleges szuszpenzió A.U.V., Surolan suspensija ārīgai lietošanai suņiem un kaķiem, Surolan vet.  Örondroppar/kutan suspension, Surolan vet., örondroppar/kutan suspension, Surolan, nahasuspensioon koertele ja kassidele, Surolan, suspensie voor cutaan gebruik, bij honden en katten, Surolan, suspension pour application cutanée/suspension auriculaire en gouttes pour chiens et chats",Deafness,1,1,
CA-ZZELANCORG-CA201300966,"<a target=""_blank""  href=""/xmlpserver/EVVET3 PW NEW/Subject Area Contents/Public Website/Report (PDF)/AER.xdo?_xpf=&_xpt=1&_params%2FOracle%20BI%20EE%3A%3ADefaultApp%3A%3AEVVET3%20PR%20NEW%2FAER%3A%3Adimension%2FAER%20Id%3A%3Aattribute%3A%3Anoaggr%3A%3Axsd%3Adouble=377679&_xt=AER&_xf=pdf""> AER </a>",2013-11-01 00:00:00,Veterinarian,Canada,FEMALE,Dog,Collie - Border,"Anarthron 100 mg/ml Solution for Injection, Cartrophen Vet 100 mg/ml Solution for Injection., Cartrophen Vet. 100 mg/ml injektionsvæske, opløsning, Cartrophen vet, Cartrophen vet. 100 mg/ml Injektionsvätska, lösning, Cartrophen vet. 100 mg/ml injektioneste, liuos, Metacam 0.5 mg/ml - Oral suspension (cats, guinea pigs), Metacam 0.5 mg/ml - Oral suspension (dogs), Metacam 1 mg - Chewable tablet (dogs), Metacam 1.5 mg/ml - Oral suspension (dogs), Metacam 15 mg/ml - Oral suspension (horses), Metacam 15 mg/ml - Oral suspension (pigs), Metacam 2 mg/ml - Solution for injection (cats), Metacam 2.5 mg - Chewable tablet (dogs), Metacam 20 mg/ml - Solution for injection (cattle, pigs, horses), Metacam 40 mg/ml - Solution for injection (cattle, horses), Metacam 5 mg/ml - Solution for injection (cats, dogs), Metacam 5 mg/ml - Solution for injection (cattle, pigs), Metacam 5 mg/ml - Solution for injection (dogs)","Elevated blood urea nitrogen (BUN), Seizure NOS",1,6,
CH-DEBIAHP-2011CH00006,"<a target=""_blank""  href=""/xmlpserver/EVVET3 PW NEW/Subject Area Contents/Public Website/Report (PDF)/AER.xdo?_xpf=&_xpt=1&_params%2FOracle%20BI%20EE%3A%3ADefaultApp%3A%3AEVVET3%20PR%20NEW%2FAER%3A%3Adimension%2FAER%20Id%3A%3Aattribute%3A%3Anoaggr%3A%3Axsd%3Adouble=361533&_xt=AER&_xf=pdf""> AER </a>",2013-04-30 00:00:00,Veterinarian,Switzerland,MALE,Dog,"Dog (other), Hound - Swiss - (Lucerne Hound (Luzerner Laufhund), Schwyz Hound (Schweizer Laufhund), Bernese Hound, Jura Hound)","DFV DOXIVET 200 mg/ml, solution for use in drinking water for pigs and chickens, DFV DOXIVET 500 mg/g, powder for use in drinking water for pigs and chickens, Doxycycline 100 mg tablet, voor honden en katten, Doxycycline 15 mg tabletten voor honden en katten, Doxycycline 20% W.O., Doxycycline 20% W.O. poeder voor toediening via drinkwater voor vleeskuikens, Doxycycline 50% WSP, 500 mg/g, prašak za primjenu u vodi za piće/mliječnoj zamjenici, za goveda, svinje i kokoši, Doxycycline 500 mg/kg, poeder voor gebruik in drinkwater voor varken en kip, Doxycycline 75 mg tabletten voor honden, Doxycycline tabletten 20 mg voor honden en katten, Metacam 1.5 mg/ml - Oral suspension (dogs), Доксициклин 20% водоразтворим прах, Доксициклин 200 водоразтворим прах","Diarrhoea, Vomiting",1,1,
CH-DEBIAHP-2011CH00007,"<a target=""_blank""  href=""/xmlpserver/EVVET3 PW NEW/Subject Area Contents/Public Website/Report (PDF)/AER.xdo?_xpf=&_xpt=1&_params%2FOracle%20BI%20EE%3A%3ADefaultApp%3A%3AEVVET3%20PR%20NEW%2FAER%3A%3Adimension%2FAER%20Id%3A%3Aattribute%3A%3Anoaggr%3A%3Axsd%3Adouble=361534&_xt=AER&_xf=pdf""> AER </a>",2013-04-30 00:00:00,Veterinarian,Switzerland,MALE,Dog,"Dog (other), Hound - Swiss - (Lucerne Hound (Luzerner Laufhund), Schwyz Hound (Schweizer Laufhund), Bernese Hound, Jura Hound)",Metacam 1.5 mg/ml - Oral suspension (dogs),"Diarrhoea, Vomiting",1,1,
DE-BVL-2013-4425,"<a target=""_blank""  href=""/xmlpserver/EVVET3 PW NEW/Subject Area Contents/Public Website/Report (PDF)/AER.xdo?_xpf=&_xpt=1&_params%2FOracle%20BI%20EE%3A%3ADefaultApp%3A%3AEVVET3%20PR%20NEW%2FAER%3A%3Adimension%2FAER%20Id%3A%3Aattribute%3A%3Anoaggr%3A%3Axsd%3Adouble=372672&_xt=AER&_xf=pdf""> AER </a>",2013-09-09 00:00:00,Veterinarian,Germany,FEMALE,Dog,Retriever - Labrador,"Metacam 1 mg - Chewable tablet (dogs), Metacam 2.5 mg - Chewable tablet (dogs)",Reverse sneezing,1,1,
DE-DEBIAHP-2010DE00068,"<a target=""_blank""  href=""/xmlpserver/EVVET3 PW NEW/Subject Area Contents/Public Website/Report (PDF)/AER.xdo?_xpf=&_xpt=1&_params%2FOracle%20BI%20EE%3A%3ADefaultApp%3A%3AEVVET3%20PR%20NEW%2FAER%3A%3Adimension%2FAER%20Id%3A%3Aattribute%3A%3Anoaggr%3A%3Axsd%3Adouble=360185&_xt=AER&_xf=pdf""> AER </a>",2013-04-16 00:00:00,Veterinarian,Germany,FEMALE,Dog,Crossbred Canine/dog,"MARAVET AMOXICILLIN, Metacam 5 mg/ml - Solution for injection (cats, dogs), Metacam 5 mg/ml - Solution for injection (cattle, pigs), Metacam 5 mg/ml - Solution for injection (dogs)","Ecchymosis, Injection site swelling, Oedema NOS (see other SOCs for specific oedemas), Pruritus, Skin petechiae",1,1,
DE-DEBIAHP-2010DE00098,"<a target=""_blank""  href=""/xmlpserver/EVVET3 PW NEW/Subject Area Contents/Public Website/Report (PDF)/AER.xdo?_xpf=&_xpt=1&_params%2FOracle%20BI%20EE%3A%3ADefaultApp%3A%3AEVVET3%20PR%20NEW%2FAER%3A%3Adimension%2FAER%20Id%3A%3Aattribute%3A%3Anoaggr%3A%3Axsd%3Adouble=360665&_xt=AER&_xf=pdf""> AER </a>",2013-04-23 00:00:00,Veterinarian,Germany,FEMALE,Dog,Retriever - Golden,Metacam 2.5 mg - Chewable tablet (dogs),"Eruption, Peeling skin, Pruritus",1,1,
DE-DEBIAHP-2011DE00005,"<a target=""_blank""  href=""/xmlpserver/EVVET3 PW NEW/Subject Area Contents/Public Website/Report (PDF)/AER.xdo?_xpf=&_xpt=1&_params%2FOracle%20BI%20EE%3A%3ADefaultApp%3A%3AEVVET3%20PR%20NEW%2FAER%3A%3Adimension%2FAER%20Id%3A%3Aattribute%3A%3Anoaggr%3A%3Axsd%3Adouble=361530&_xt=AER&_xf=pdf""> AER </a>",2013-04-30 00:00:00,Veterinarian,Germany,FEMALE,Dog,"Dog (other), Hound - Swiss - (Lucerne Hound (Luzerner Laufhund), Schwyz Hound (Schweizer Laufhund), Bernese Hound, Jura Hound)","Metacam 1.5 mg/ml - Oral suspension (dogs), Metacam 5 mg/ml - Solution for injection (cats, dogs), Metacam 5 mg/ml - Solution for injection (cattle, pigs), Metacam 5 mg/ml - Solution for injection (dogs)","Blood in vomit, Diarrhoea, Vomiting",1,1,
DE-DEBIAHP-2011DE00027,"<a target=""_blank""  href=""/xmlpserver/EVVET3 PW NEW/Subject Area Contents/Public Website/Report (PDF)/AER.xdo?_xpf=&_xpt=1&_params%2FOracle%20BI%20EE%3A%3ADefaultApp%3A%3AEVVET3%20PR%20NEW%2FAER%3A%3Adimension%2FAER%20Id%3A%3Aattribute%3A%3Anoaggr%3A%3Axsd%3Adouble=361531&_xt=AER&_xf=pdf""> AER </a>",2013-04-30 00:00:00,Veterinarian,Germany,MALE,Dog,"Dog (other), Hound - Swiss - (Lucerne Hound (Luzerner Laufhund), Schwyz Hound (Schweizer Laufhund), Bernese Hound, Jura Hound)",Metacam 1.5 mg/ml - Oral suspension (dogs),Urinary incontinence,1,1,
DE-DEBIAHP-2011DE00075,"<a target=""_blank""  href=""/xmlpserver/EVVET3 PW NEW/Subject Area Contents/Public Website/Report (PDF)/AER.xdo?_xpf=&_xpt=1&_params%2FOracle%20BI%20EE%3A%3ADefaultApp%3A%3AEVVET3%20PR%20NEW%2FAER%3A%3Adimension%2FAER%20Id%3A%3Aattribute%3A%3Anoaggr%3A%3Axsd%3Adouble=360669&_xt=AER&_xf=pdf""> AER </a>",2013-04-23 00:00:00,Veterinarian,Germany,MALE,Dog,"Dog (other), Hound - Swiss - (Lucerne Hound (Luzerner Laufhund), Schwyz Hound (Schweizer Laufhund), Bernese Hound, Jura Hound)",Metacam 2.5 mg - Chewable tablet (dogs),Diarrhoea,1,1,
DE-DEBIAHP-2011DE00082,"<a target=""_blank""  href=""/xmlpserver/EVVET3 PW NEW/Subject Area Contents/Public Website/Report (PDF)/AER.xdo?_xpf=&_xpt=1&_params%2FOracle%20BI%20EE%3A%3ADefaultApp%3A%3AEVVET3%20PR%20NEW%2FAER%3A%3Adimension%2FAER%20Id%3A%3Aattribute%3A%3Anoaggr%3A%3Axsd%3Adouble=361535&_xt=AER&_xf=pdf""> AER </a>",2013-04-30 00:00:00,Veterinarian,Germany,MALE,Dog,Dachshund - Standard Wire-haired,"Metacam 1.5 mg/ml - Oral suspension (dogs), Metacam 5 mg/ml - Solution for injection (cats, dogs), Metacam 5 mg/ml - Solution for injection (cattle, pigs), Metacam 5 mg/ml - Solution for injection (dogs), Vetmedin 1.25mg","Dry skin, Hair loss NOS, Otitis externa, Reddening of the skin",1,1,
DE-DEBIAHP-2011DE00091,"<a target=""_blank""  href=""/xmlpserver/EVVET3 PW NEW/Subject Area Contents/Public Website/Report (PDF)/AER.xdo?_xpf=&_xpt=1&_params%2FOracle%20BI%20EE%3A%3ADefaultApp%3A%3AEVVET3%20PR%20NEW%2FAER%3A%3Adimension%2FAER%20Id%3A%3Aattribute%3A%3Anoaggr%3A%3Axsd%3Adouble=360072&_xt=AER&_xf=pdf""> AER </a>",2013-04-15 00:00:00,Veterinarian,Germany,FEMALE,Dog,Bulldog,Metacam 1 mg - Chewable tablet (dogs),Blood in vomit,1,1,
DE-DEBIAHP-2012DE00011,"<a target=""_blank""  href=""/xmlpserver/EVVET3 PW NEW/Subject Area Contents/Public Website/Report (PDF)/AER.xdo?_xpf=&_xpt=1&_params%2FOracle%20BI%20EE%3A%3ADefaultApp%3A%3AEVVET3%20PR%20NEW%2FAER%3A%3Adimension%2FAER%20Id%3A%3Aattribute%3A%3Anoaggr%3A%3Axsd%3Adouble=361538&_xt=AER&_xf=pdf""> AER </a>",2013-04-30 00:00:00,Veterinarian,Germany,FEMALE,Dog,"Dog (other), Hound - Swiss - (Lucerne Hound (Luzerner Laufhund), Schwyz Hound (Schweizer Laufhund), Bernese Hound, Jura Hound)",Metacam 1.5 mg/ml - Oral suspension (dogs),Diarrhoea,1,1,
DE-DEBIAHP-2012DE00025,"<a target=""_blank""  href=""/xmlpserver/EVVET3 PW NEW/Subject Area Contents/Public Website/Report (PDF)/AER.xdo?_xpf=&_xpt=1&_params%2FOracle%20BI%20EE%3A%3ADefaultApp%3A%3AEVVET3%20PR%20NEW%2FAER%3A%3Adimension%2FAER%20Id%3A%3Aattribute%3A%3Anoaggr%3A%3Axsd%3Adouble=361540&_xt=AER&_xf=pdf""> AER </a>",2013-04-30 00:00:00,Veterinarian,Germany,FEMALE,Dog,Siberian Husky,Metacam 1.5 mg/ml - Oral suspension (dogs),Bloody diarrhoea,1,1,
DE-DEBIAHP-2012DE00033,"<a target=""_blank""  href=""/xmlpserver/EVVET3 PW NEW/Subject Area Contents/Public Website/Report (PDF)/AER.xdo?_xpf=&_xpt=1&_params%2FOracle%20BI%20EE%3A%3ADefaultApp%3A%3AEVVET3%20PR%20NEW%2FAER%3A%3Adimension%2FAER%20Id%3A%3Aattribute%3A%3Anoaggr%3A%3Axsd%3Adouble=361541&_xt=AER&_xf=pdf""> AER </a>",2013-04-30 00:00:00,Veterinarian,Germany,FEMALE,Dog,"Dog (other), Hound - Swiss - (Lucerne Hound (Luzerner Laufhund), Schwyz Hound (Schweizer Laufhund), Bernese Hound, Jura Hound)",Metacam 1.5 mg/ml - Oral suspension (dogs),Convulsion,1,1,
DE-DEBIAHP-2012DE00076,"<a target=""_blank""  href=""/xmlpserver/EVVET3 PW NEW/Subject Area Contents/Public Website/Report (PDF)/AER.xdo?_xpf=&_xpt=1&_params%2FOracle%20BI%20EE%3A%3ADefaultApp%3A%3AEVVET3%20PR%20NEW%2FAER%3A%3Adimension%2FAER%20Id%3A%3Aattribute%3A%3Anoaggr%3A%3Axsd%3Adouble=357426&_xt=AER&_xf=pdf""> AER </a>",2013-03-15 00:00:00,Veterinarian,Germany,MALE,Dog,"Dog (other), Hound - Swiss - (Lucerne Hound (Luzerner Laufhund), Schwyz Hound (Schweizer Laufhund), Bernese Hound, Jura Hound)","Metacam 20 mg/ml - Solution for injection (cattle, pigs, horses)","Abdominal pain, Blood and lymphatic system disorder NOS, Diarrhoea, Elevated renal parameters, Impaired gastric function, Pancreas disorder, Tarry or black stool (see also haemorrhagic diarrhoea)",1,1,
DE-DEBIAHP-2012DE00088,"<a target=""_blank""  href=""/xmlpserver/EVVET3 PW NEW/Subject Area Contents/Public Website/Report (PDF)/AER.xdo?_xpf=&_xpt=1&_params%2FOracle%20BI%20EE%3A%3ADefaultApp%3A%3AEVVET3%20PR%20NEW%2FAER%3A%3Adimension%2FAER%20Id%3A%3Aattribute%3A%3Anoaggr%3A%3Axsd%3Adouble=361546&_xt=AER&_xf=pdf""> AER </a>",2013-04-30 00:00:00,Veterinarian,Germany,FEMALE,Dog,Terrier - Jack Russell,"Metacam 1.5 mg/ml - Oral suspension (dogs), Vetmedin 5 mg Kautabletten für Hunde","Pemphigus foliaceus, Pyoderma",1,1,
DE-DEBIAHP-2012DE00100,"<a target=""_blank""  href=""/xmlpserver/EVVET3 PW NEW/Subject Area Contents/Public Website/Report (PDF)/AER.xdo?_xpf=&_xpt=1&_params%2FOracle%20BI%20EE%3A%3ADefaultApp%3A%3AEVVET3%20PR%20NEW%2FAER%3A%3Adimension%2FAER%20Id%3A%3Aattribute%3A%3Anoaggr%3A%3Axsd%3Adouble=361548&_xt=AER&_xf=pdf""> AER </a>",2013-04-30 00:00:00,Veterinarian,Germany,UNKNOWN,Dog,Mountain Dog - Bernese,"Metacam 1.5 mg/ml - Oral suspension (dogs), Metacam 5 mg/ml - Solution for injection (cats, dogs), Metacam 5 mg/ml - Solution for injection (cattle, pigs), Metacam 5 mg/ml - Solution for injection (dogs)",Swelling around eye (see also Immune system disorders),1,1,
DE-DEBIAHP-2013DE00023,"<a target=""_blank""  href=""/xmlpserver/EVVET3 PW NEW/Subject Area Contents/Public Website/Report (PDF)/AER.xdo?_xpf=&_xpt=1&_params%2FOracle%20BI%20EE%3A%3ADefaultApp%3A%3AEVVET3%20PR%20NEW%2FAER%3A%3Adimension%2FAER%20Id%3A%3Aattribute%3A%3Anoaggr%3A%3Axsd%3Adouble=370864&_xt=AER&_xf=pdf""> AER </a>",2013-08-19 00:00:00,Veterinarian,Germany,UNKNOWN,Dog,Retriever - Labrador,"Metacam 15 mg/ml - Oral suspension (horses), Metacam 15 mg/ml - Oral suspension (pigs)","Anaemia NOS, Bloody diarrhoea",1,1,
DE-DEBIAHP-2013DE00030,"<a target=""_blank""  href=""/xmlpserver/EVVET3 PW NEW/Subject Area Contents/Public Website/Report (PDF)/AER.xdo?_xpf=&_xpt=1&_params%2FOracle%20BI%20EE%3A%3ADefaultApp%3A%3AEVVET3%20PR%20NEW%2FAER%3A%3Adimension%2FAER%20Id%3A%3Aattribute%3A%3Anoaggr%3A%3Axsd%3Adouble=366498&_xt=AER&_xf=pdf""> AER </a>",2013-06-27 00:00:00,Veterinarian,Germany,FEMALE,Dog,Terrier - Airedale,"Metacam 0.5 mg/ml - Oral suspension (cats, guinea pigs), Metacam 0.5 mg/ml - Oral suspension (dogs), Metacam 1 mg - Chewable tablet (dogs), Metacam 1.5 mg/ml - Oral suspension (dogs), Metacam 15 mg/ml - Oral suspension (horses), Metacam 15 mg/ml - Oral suspension (pigs), Metacam 2 mg/ml - Solution for injection (cats), Metacam 2.5 mg - Chewable tablet (dogs), Metacam 20 mg/ml - Solution for injection (cattle, pigs, horses), Metacam 40 mg/ml - Solution for injection (cattle, horses), Metacam 5 mg/ml - Solution for injection (cats, dogs), Metacam 5 mg/ml - Solution for injection (cattle, pigs), Metacam 5 mg/ml - Solution for injection (dogs)","Polyuria, Urinary incontinence",1,1,
DE-DEBIAHP-2013DE00045,"<a target=""_blank""  href=""/xmlpserver/EVVET3 PW NEW/Subject Area Contents/Public Website/Report (PDF)/AER.xdo?_xpf=&_xpt=1&_params%2FOracle%20BI%20EE%3A%3ADefaultApp%3A%3AEVVET3%20PR%20NEW%2FAER%3A%3Adimension%2FAER%20Id%3A%3Aattribute%3A%3Anoaggr%3A%3Axsd%3Adouble=365741&_xt=AER&_xf=pdf""> AER </a>",2013-06-18 00:00:00,Veterinarian,Germany,MALE,Dog,Dog (other),"Metacam 0.5 mg/ml - Oral suspension (cats, guinea pigs), Metacam 0.5 mg/ml - Oral suspension (dogs), Metacam 1 mg - Chewable tablet (dogs), Metacam 1.5 mg/ml - Oral suspension (dogs), Metacam 15 mg/ml - Oral suspension (horses), Metacam 15 mg/ml - Oral suspension (pigs), Metacam 2 mg/ml - Solution for injection (cats), Metacam 2.5 mg - Chewable tablet (dogs), Metacam 20 mg/ml - Solution for injection (cattle, pigs, horses), Metacam 40 mg/ml - Solution for injection (cattle, horses), Metacam 5 mg/ml - Solution for injection (cats, dogs), Metacam 5 mg/ml - Solution for injection (cattle, pigs), Metacam 5 mg/ml - Solution for injection (dogs)","Apathy, Bloody diarrhoea, Emesis",1,1,
DE-DEBIAHP-2013DE00066,"<a target=""_blank""  href=""/xmlpserver/EVVET3 PW NEW/Subject Area Contents/Public Website/Report (PDF)/AER.xdo?_xpf=&_xpt=1&_params%2FOracle%20BI%20EE%3A%3ADefaultApp%3A%3AEVVET3%20PR%20NEW%2FAER%3A%3Adimension%2FAER%20Id%3A%3Aattribute%3A%3Anoaggr%3A%3Axsd%3Adouble=374676&_xt=AER&_xf=pdf""> AER </a>",2013-10-01 00:00:00,Veterinarian,Germany,FEMALE,Dog,Terrier - Airedale,"DUPHAMOX  LA, 150.0mg/ml, Injekční suspenze, DUPHAMOX LA, Duphamox LA 150 mg/ml Injektionssuspension für Rinder, Schweine, Schafe, Hunde, Katzen, Duphamox LA 150 mg/ml Suspensie voor injectie, Duphamox LA 150 mg/ml injekčná suspenzia, Duphamox Long Acting, 150mg/ml, solution injectable pour bovins, ovins et porcins, Metacam 5 mg/ml - Solution for injection (cats, dogs), Metacam 5 mg/ml - Solution for injection (cattle, pigs), Metacam 5 mg/ml - Solution for injection (dogs)","Bloody diarrhoea, Collapse (see also Cardio-vascular and Systemic disorders), Dyspnoea, Loss of consciousness, Pancreatitis NOS, Vomiting",1,1,
DE-DEBIAHP-2013DE00078,"<a target=""_blank""  href=""/xmlpserver/EVVET3 PW NEW/Subject Area Contents/Public Website/Report (PDF)/AER.xdo?_xpf=&_xpt=1&_params%2FOracle%20BI%20EE%3A%3ADefaultApp%3A%3AEVVET3%20PR%20NEW%2FAER%3A%3Adimension%2FAER%20Id%3A%3Aattribute%3A%3Anoaggr%3A%3Axsd%3Adouble=373381&_xt=AER&_xf=pdf""> AER </a>",2013-09-17 00:00:00,Veterinarian,Germany,UNKNOWN,Dog,Rottweiler,Metacam 2.5 mg - Chewable tablet (dogs),"Apathy, Vomiting",1,1,
DE-DEBIAHP-2013DE00079,"<a target=""_blank""  href=""/xmlpserver/EVVET3 PW NEW/Subject Area Contents/Public Website/Report (PDF)/AER.xdo?_xpf=&_xpt=1&_params%2FOracle%20BI%20EE%3A%3ADefaultApp%3A%3AEVVET3%20PR%20NEW%2FAER%3A%3Adimension%2FAER%20Id%3A%3Aattribute%3A%3Anoaggr%3A%3Axsd%3Adouble=373382&_xt=AER&_xf=pdf""> AER </a>",2013-09-17 00:00:00,Veterinarian,Germany,UNKNOWN,Dog,Chihuahua,Metacam 1 mg - Chewable tablet (dogs),"Apathy, Vomiting",1,1,
DE-DEBIAHP-2013DE00107,"<a target=""_blank""  href=""/xmlpserver/EVVET3 PW NEW/Subject Area Contents/Public Website/Report (PDF)/AER.xdo?_xpf=&_xpt=1&_params%2FOracle%20BI%20EE%3A%3ADefaultApp%3A%3AEVVET3%20PR%20NEW%2FAER%3A%3Adimension%2FAER%20Id%3A%3Aattribute%3A%3Anoaggr%3A%3Axsd%3Adouble=372553&_xt=AER&_xf=pdf""> AER </a>",2013-09-06 00:00:00,Veterinarian,Germany,MALE,Dog,Dog (other),"Metacam 15 mg/ml - Oral suspension (horses), Metacam 15 mg/ml - Oral suspension (pigs)","Apathy, Blood and lymphatic system disorder NOS, Diarrhoea, Emesis, Hypoproteinaemia, Melaena, Neutrophilia, Regenerative anaemia, Tarry or black stool (see also haemorrhagic diarrhoea)",1,1,
DE-DEBIAHP-2013DE00132,"<a target=""_blank""  href=""/xmlpserver/EVVET3 PW NEW/Subject Area Contents/Public Website/Report (PDF)/AER.xdo?_xpf=&_xpt=1&_params%2FOracle%20BI%20EE%3A%3ADefaultApp%3A%3AEVVET3%20PR%20NEW%2FAER%3A%3Adimension%2FAER%20Id%3A%3Aattribute%3A%3Anoaggr%3A%3Axsd%3Adouble=376488&_xt=AER&_xf=pdf""> AER </a>",2013-10-22 00:00:00,Veterinarian,Germany,FEMALE,Dog,Schnauzer - Giant,"Metacam 0.5 mg/ml - Oral suspension (cats, guinea pigs), Metacam 0.5 mg/ml - Oral suspension (dogs), Metacam 1 mg - Chewable tablet (dogs), Metacam 1.5 mg/ml - Oral suspension (dogs), Metacam 15 mg/ml - Oral suspension (horses), Metacam 15 mg/ml - Oral suspension (pigs), Metacam 2 mg/ml - Solution for injection (cats), Metacam 2.5 mg - Chewable tablet (dogs), Metacam 20 mg/ml - Solution for injection (cattle, pigs, horses), Metacam 40 mg/ml - Solution for injection (cattle, horses), Metacam 5 mg/ml - Solution for injection (cats, dogs), Metacam 5 mg/ml - Solution for injection (cattle, pigs), Metacam 5 mg/ml - Solution for injection (dogs)","Eczema, Licking, Pruritus",1,1,
DE-DEBIAHP-2013DE00174,"<a target=""_blank""  href=""/xmlpserver/EVVET3 PW NEW/Subject Area Contents/Public Website/Report (PDF)/AER.xdo?_xpf=&_xpt=1&_params%2FOracle%20BI%20EE%3A%3ADefaultApp%3A%3AEVVET3%20PR%20NEW%2FAER%3A%3Adimension%2FAER%20Id%3A%3Aattribute%3A%3Anoaggr%3A%3Axsd%3Adouble=381179&_xt=AER&_xf=pdf""> AER </a>",2013-12-04 00:00:00,Animal owner,Germany,UNKNOWN,Dog,Dog (other),"Metacam 0.5 mg/ml - Oral suspension (cats, guinea pigs), Metacam 0.5 mg/ml - Oral suspension (dogs), Metacam 1 mg - Chewable tablet (dogs), Metacam 1.5 mg/ml - Oral suspension (dogs), Metacam 15 mg/ml - Oral suspension (horses), Metacam 15 mg/ml - Oral suspension (pigs), Metacam 2 mg/ml - Solution for injection (cats), Metacam 2.5 mg - Chewable tablet (dogs), Metacam 20 mg/ml - Solution for injection (cattle, pigs, horses), Metacam 40 mg/ml - Solution for injection (cattle, horses), Metacam 5 mg/ml - Solution for injection (cats, dogs), Metacam 5 mg/ml - Solution for injection (cattle, pigs), Metacam 5 mg/ml - Solution for injection (dogs)","Diarrhoea, Inappetence, Melaena, Tarry or black stool (see also haemorrhagic diarrhoea)",1,1,
DE-NLINTVINT-2013-DE-00300,"<a target=""_blank""  href=""/xmlpserver/EVVET3 PW NEW/Subject Area Contents/Public Website/Report (PDF)/AER.xdo?_xpf=&_xpt=1&_params%2FOracle%20BI%20EE%3A%3ADefaultApp%3A%3AEVVET3%20PR%20NEW%2FAER%3A%3Adimension%2FAER%20Id%3A%3Aattribute%3A%3Anoaggr%3A%3Axsd%3Adouble=362405&_xt=AER&_xf=pdf""> AER </a>",2013-05-07 00:00:00,Animal owner,Germany,FEMALE,Dog,Collie - Bearded,"Metacam 0.5 mg/ml - Oral suspension (cats, guinea pigs), Metacam 0.5 mg/ml - Oral suspension (dogs), Metacam 1 mg - Chewable tablet (dogs), Metacam 1.5 mg/ml - Oral suspension (dogs), Metacam 15 mg/ml - Oral suspension (horses), Metacam 15 mg/ml - Oral suspension (pigs), Metacam 2 mg/ml - Solution for injection (cats), Metacam 2.5 mg - Chewable tablet (dogs), Metacam 20 mg/ml - Solution for injection (cattle, pigs, horses), Metacam 40 mg/ml - Solution for injection (cattle, horses), Metacam 5 mg/ml - Solution for injection (cats, dogs), Metacam 5 mg/ml - Solution for injection (cattle, pigs), Metacam 5 mg/ml - Solution for injection (dogs), Nobivac LT, Nobivac SHPPi Lyophilisat und Lösungsmittel zur Herstellung einer Injektionssuspension für Hunde, Nobivac SHPPi, Lyophilisat und Lösungsmittel zur Herstellung einer Injektionssuspension für Hunde, VETALGIN, VETALGIN 500MGML, ενέσιμο διάλυμα δια ενδομυική ή ενδοφλέβια χορήγηση για ίππους, βοοειδή, χοίρους και σκύλους, VETALGIN, 500mg/ml, Injekční roztok, Vetalgin, Vetalgin  Oplossing voor injectie, Vetalgin 500 mg/ml - Injektionslösung für Tiere, Vetalgin 500 mg/ml oplossing voor injectie, Vetalgin 500 mg/ml solution injectable, Vetalgin 500 mg/ml solução injetável para bovinos, suínos, equinos e cães, Vetalgin Vet. 500 mg/ml injektionsvæske, opløsning, Vetalgin injekció, Vetalgin vet. 500 mg/ml Injektionsvätska, lösning, Vetalgin vet. 500 mg/ml injeksjonsvæske, oppløsning til hest, storfe, gris og hund","Ataxia, Blepharospasm, Decreased activity, Head tilt - ear disorder, Miosis, Neurological signs NOS, Other abnormal test result NOS, Prolapse of the nictitating membrane, Strabismus, Uncoded sign, Unsteady gait, Weakness",1,1,
DE-ZZELANCORG-DE201300081,"<a target=""_blank""  href=""/xmlpserver/EVVET3 PW NEW/Subject Area Contents/Public Website/Report (PDF)/AER.xdo?_xpf=&_xpt=1&_params%2FOracle%20BI%20EE%3A%3ADefaultApp%3A%3AEVVET3%20PR%20NEW%2FAER%3A%3Adimension%2FAER%20Id%3A%3Aattribute%3A%3Anoaggr%3A%3Axsd%3Adouble=367673&_xt=AER&_xf=pdf""> AER </a>",2013-07-12 00:00:00,Veterinarian,Germany,UNKNOWN,Dog,Saint Bernard Dog,"MIPREPOL, oily suspension for dogs and cats, Metacam 0.5 mg/ml - Oral suspension (cats, guinea pigs), Metacam 0.5 mg/ml - Oral suspension (dogs), Metacam 1 mg - Chewable tablet (dogs), Metacam 1.5 mg/ml - Oral suspension (dogs), Metacam 15 mg/ml - Oral suspension (horses), Metacam 15 mg/ml - Oral suspension (pigs), Metacam 2 mg/ml - Solution for injection (cats), Metacam 2.5 mg - Chewable tablet (dogs), Metacam 20 mg/ml - Solution for injection (cattle, pigs, horses), Metacam 40 mg/ml - Solution for injection (cattle, horses), Metacam 5 mg/ml - Solution for injection (cats, dogs), Metacam 5 mg/ml - Solution for injection (cattle, pigs), Metacam 5 mg/ml - Solution for injection (dogs), SUROLAN, SUROLAN (23MG+5MG+0,5293MG)/ML ΩΤΙΚΕΣ ΣΤΑΓΟΝΕΣ, ΕΝΑΙΩΡΗΜΑ, SUROLAN DROPS 23mg/ml, 5500IU/ml, 5mg/ml ωτικές σταγόνες σε εναιώρημα και δερματικό εναιώρημα για σκύλους και γάτες, SUROLAN sospensione oleosa per cani e gatti, SUROLAN ušné kvapky a dermálna suspenzia, SUROLAN, Kožní/ušní kapky, suspenze, SUROLAN, kapi za uho i suspenzija za kožu za pse i mačke, SUROLAN, picături auriculate si suspensie cutanată, SUROLAN, suspensija šunims ir katėms, SUROLAN, капки за уши и суспензия за кожа за кучета и котки, Surolan, Surolan  Oordruppels, suspensie, Surolan (23 mg + 0,5293 mg + 5 mg )/ml Krople do uszu, zawiesina, Surolan 5,0 mg/0,5293 mg/23,0 mg/ml, Ohrentropfen, Suspension zur Anwendung auf der Haut für Hunde und Katzen, Surolan Ear Drops and Cutaneous Suspension, Surolan Vet. 5 + 23 + 0,529 mg/ml øredråber, suspension og kutansuspension, Surolan külsőleges szuszpenzió A.U.V., Surolan suspensija ārīgai lietošanai suņiem un kaķiem, Surolan vet.  Örondroppar/kutan suspension, Surolan vet., örondroppar/kutan suspension, Surolan, nahasuspensioon koertele ja kassidele, Surolan, suspensie voor cutaan gebruik, bij honden en katten, Surolan, suspension pour application cutanée/suspension auriculaire en gouttes pour chiens et chats",Deafness,1,1,
DK-DEBIAHP-2010DK00013,"<a target=""_blank""  href=""/xmlpserver/EVVET3 PW NEW/Subject Area Contents/Public Website/Report (PDF)/AER.xdo?_xpf=&_xpt=1&_params%2FOracle%20BI%20EE%3A%3ADefaultApp%3A%3AEVVET3%20PR%20NEW%2FAER%3A%3Adimension%2FAER%20Id%3A%3Aattribute%3A%3Anoaggr%3A%3Axsd%3Adouble=361388&_xt=AER&_xf=pdf""> AER </a>",2013-04-30 00:00:00,Veterinarian,Denmark,MALE,Dog,Retriever - Labrador,Metacam 1.5 mg/ml - Oral suspension (dogs),"Anorexia, Elevated renal parameters, Vomiting",1,1,
DK-DEBIAHP-2010DK00016,"<a target=""_blank""  href=""/xmlpserver/EVVET3 PW NEW/Subject Area Contents/Public Website/Report (PDF)/AER.xdo?_xpf=&_xpt=1&_params%2FOracle%20BI%20EE%3A%3ADefaultApp%3A%3AEVVET3%20PR%20NEW%2FAER%3A%3Adimension%2FAER%20Id%3A%3Aattribute%3A%3Anoaggr%3A%3Axsd%3Adouble=361389&_xt=AER&_xf=pdf""> AER </a>",2013-04-30 00:00:00,Veterinarian,Denmark,MALE,Dog,Crossbred Canine/dog,"Metacam 1.5 mg/ml - Oral suspension (dogs), Metacam 5 mg/ml - Solution for injection (cats, dogs), Metacam 5 mg/ml - Solution for injection (cattle, pigs), Metacam 5 mg/ml - Solution for injection (dogs)","Abdominal pain, Fever, Inappetence, Vomiting",1,1,1
DK-DEBIAHP-2010DK00026,"<a target=""_blank""  href=""/xmlpserver/EVVET3 PW NEW/Subject Area Contents/Public Website/Report (PDF)/AER.xdo?_xpf=&_xpt=1&_params%2FOracle%20BI%20EE%3A%3ADefaultApp%3A%3AEVVET3%20PR%20NEW%2FAER%3A%3Adimension%2FAER%20Id%3A%3Aattribute%3A%3Anoaggr%3A%3Axsd%3Adouble=360572&_xt=AER&_xf=pdf""> AER </a>",2013-04-22 00:00:00,Veterinarian,Denmark,MALE,Dog,Dog (other),"Atropine 0,1% pro inj., 1 mg/ml oplossing voor injectie voor honden en katten., Metacam 5 mg/ml - Solution for injection (cats, dogs), Metacam 5 mg/ml - Solution for injection (cattle, pigs), Metacam 5 mg/ml - Solution for injection (dogs), Plegicil Vet. 10 mg/ml injektionsvæske, opløsning, Plegicil vet. 10 mg/ml Injektionsvätska, lösning, Relaquine 35 mg/ml oral gel for horses, SYNULOX (200+50)MG/TAB ΔΙΣΚΙΟ, SYNULOX (40+10)MG/TAB ΔΙΣΚΙΟ, SYNULOX 140 mg/ml + 35 mg/ml suspensión inyectable, SYNULOX 200 mg/50 mg tablety pre psy a mačky, SYNULOX 200/50 mg COMPRIMIDOS APETITOSOS PARA PERROS, SYNULOX 250 COMPRIMES POUR CHIENS, SYNULOX 250 mg, SYNULOX 250 mg kramtomosios tabletės šunims ir katėms, SYNULOX 250 mg tablete za pse in mačke, SYNULOX 250mg, δισκία για σκύλους και γάτες, SYNULOX 40 mg/10 mg tablety pre psy a mačky, SYNULOX 40 mg/ml + 10 mg/ml POLVO PARA GOTAS ORALES EN SUSPENSION, SYNULOX 40/10 MG COMPRIMIDOS APETITOSOS PARA PERROS Y GATOS, SYNULOX 400 mg/100 mg tablety pre psy, SYNULOX 400/100 mg COMPRIMIDOS APETITOSOS PARA PERROS, SYNULOX 50 COMPRIMES POUR CHIENS ET CHATS, SYNULOX 50 mg, SYNULOX 50 mg kramtomosios tabletės šunims ir katėms, SYNULOX 50 mg tablete za pse in mačke, SYNULOX 500 COMPRIMES POUR CHIENS, SYNULOX 500 mg kramtomosios tabletės šunims, SYNULOX 500 mg tablete za pse, SYNULOX 500 mg, kramtomosios tabletės šunims, SYNULOX 500MG/TAB ΔΙΣΚΙΟ, SYNULOX 50mg, δισκία για σκύλους και γάτες, SYNULOX OGIVETTES POUR VEAUX, SYNULOX SUSPENSION INJECTABLE POUR BOVINS, SYNULOX VET 140 mg/ml injektioneste, suspensio koiralle, kissalle ja sialle, SYNULOX suspensão injetável para suínos, bovinos, cães e gatos, SYNULOX vet 200 mg/50 mg tabletti, koiralle ja kissalle, SYNULOX vet 40 mg/10 mg tabletti, koiralle ja kissalle, SYNULOX vet 400 mg/100 mg tabletti, koiralle, SYNULOX, 400/100mg, Tableta, Synulox 250 mg Comprimés Appétents, Synulox 250 mg Smakelijke tabletten, Synulox 250 mg tabletes suņiem un kaķiem, Synulox 250 mg, tabletid koertele ja kassidele, Synulox 250 mg, таблетки за кучета и котки, Synulox 250mg (200 mg/50 mg)  Tabletten für Hunde, Synulox 50 mg Comprimés Appétents, Synulox 50 mg Smakelijke Tabletten, Synulox 50 mg tabletes suņiem un kaķiem, Synulox 50 mg, tabletid koertele ja kassidele, Synulox 50 mg, таблетки за кучета и котки, Synulox 500 mg Bolus 400 mg - 100 mg Omhulde tablet, Synulox 500 mg Comprimés Appétents, Synulox 500 mg Smakelijke Tabletten, Synulox 500 mg tabletes suņiem, Synulox 500 mg, tabletid koertele, Synulox 500mg (400 mg/100 mg) Tabletten für Hunde, Synulox 50mg (40 mg/10 mg) Tabletten für Hunde und Katzen, Synulox Bolus 500 mg, 400 mg + 100 mg comprimés enrobés pour veaux, Synulox Lactating Cow Intramammary suspension., Synulox Tabletki 250 mg, Synulox Tabletki 250 mg (200+50) mg/tablete; tabletes suņiem, Synulox Tabletki 50 mg, Synulox Tabletki 50 mg (40+10) mg/ tablete; tabletes suņiem un kaķiem, Synulox Tabletki 500 mg, Synulox Vet. til hund og kat 200 + 50 mg tabletter, Synulox Vet. til hund og kat 40 + 10 mg tabletter, Synulox Vet. til hund tabletter 400 + 100 mg, Synulox Vet. til kalve 400 + 100 mg tabletter, Synulox comprimidos palatáveis 250 mg para cães e gatos, Synulox comprimidos palatáveis 50 mg para cães e gatos, Synulox comprimidos palatáveis 500 mg para cães, Synulox vet 40 mg/ml jauhe oraalisuspensiota varten koiralle ja kissalle, Synulox vet. 200 mg tabletter for hund og katt, Synulox vet. 200 mg/50 mg Tablett, Synulox vet. 40 mg tabletter for hund og katt, Synulox vet. 40 mg/10 mg Tablett, Synulox vet. 400 mg tabletter for hund, Synulox vet. 400 mg/100 mg Tablett, Synulox, 200/50mg, Tableta, Synulox, 40/10mg, Tableta, Synulox-Kalb 400 mg/100 mg Filmtabletten für Rinder (Kälber)","Anorexia, Emesis, Haematemesis, Lethargy (see also Central nervous system depression in Neurological)",1,1,
DK-DEBIAHP-2011DK00031,"<a target=""_blank""  href=""/xmlpserver/EVVET3 PW NEW/Subject Area Contents/Public Website/Report (PDF)/AER.xdo?_xpf=&_xpt=1&_params%2FOracle%20BI%20EE%3A%3ADefaultApp%3A%3AEVVET3%20PR%20NEW%2FAER%3A%3Adimension%2FAER%20Id%3A%3Aattribute%3A%3Anoaggr%3A%3Axsd%3Adouble=363164&_xt=AER&_xf=pdf""> AER </a>",2013-05-17 00:00:00,Veterinarian,Denmark,MALE,Dog,Dog (other),"Metacam 5 mg/ml - Solution for injection (cats, dogs), Metacam 5 mg/ml - Solution for injection (cattle, pigs), Metacam 5 mg/ml - Solution for injection (dogs)","Anaphylactic-type reaction, Tachypnoea, Vomiting",1,1,
DK-DEBIAHP-2011DK00049,"<a target=""_blank""  href=""/xmlpserver/EVVET3 PW NEW/Subject Area Contents/Public Website/Report (PDF)/AER.xdo?_xpf=&_xpt=1&_params%2FOracle%20BI%20EE%3A%3ADefaultApp%3A%3AEVVET3%20PR%20NEW%2FAER%3A%3Adimension%2FAER%20Id%3A%3Aattribute%3A%3Anoaggr%3A%3Axsd%3Adouble=360671&_xt=AER&_xf=pdf""> AER </a>",2013-04-23 00:00:00,Veterinarian,Denmark,FEMALE,Dog,Chow Chow,Metacam 2.5 mg - Chewable tablet (dogs),Partial lack of efficacy,1,1,
DK-DEBIAHP-2011DK00051,"<a target=""_blank""  href=""/xmlpserver/EVVET3 PW NEW/Subject Area Contents/Public Website/Report (PDF)/AER.xdo?_xpf=&_xpt=1&_params%2FOracle%20BI%20EE%3A%3ADefaultApp%3A%3AEVVET3%20PR%20NEW%2FAER%3A%3Adimension%2FAER%20Id%3A%3Aattribute%3A%3Anoaggr%3A%3Axsd%3Adouble=360672&_xt=AER&_xf=pdf""> AER </a>",2013-04-23 00:00:00,Veterinarian,Denmark,FEMALE,Dog,Spaniel - King Charles,Metacam 2.5 mg - Chewable tablet (dogs),Lack of efficacy - NOS,1,1,
DK-DEBIAHP-2012DK00006,"<a target=""_blank""  href=""/xmlpserver/EVVET3 PW NEW/Subject Area Contents/Public Website/Report (PDF)/AER.xdo?_xpf=&_xpt=1&_params%2FOracle%20BI%20EE%3A%3ADefaultApp%3A%3AEVVET3%20PR%20NEW%2FAER%3A%3Adimension%2FAER%20Id%3A%3Aattribute%3A%3Anoaggr%3A%3Axsd%3Adouble=361394&_xt=AER&_xf=pdf""> AER </a>",2013-04-30 00:00:00,Veterinarian,Denmark,MALE,Dog,Collie - Border,Metacam 1.5 mg/ml - Oral suspension (dogs),"Breathing difficulty, Cyanosis, Decreased body temperature",1,1,
DK-DEBIAHP-2012DK00014,"<a target=""_blank""  href=""/xmlpserver/EVVET3 PW NEW/Subject Area Contents/Public Website/Report (PDF)/AER.xdo?_xpf=&_xpt=1&_params%2FOracle%20BI%20EE%3A%3ADefaultApp%3A%3AEVVET3%20PR%20NEW%2FAER%3A%3Adimension%2FAER%20Id%3A%3Aattribute%3A%3Anoaggr%3A%3Axsd%3Adouble=361395&_xt=AER&_xf=pdf""> AER </a>",2013-04-30 00:00:00,Veterinarian,Denmark,FEMALE,Dog,Spitz - German Pomeranian,Metacam 1.5 mg/ml - Oral suspension (dogs),"Diarrhoea, Emesis",1,1,
DK-DEBIAHP-2012DK00015,"<a target=""_blank""  href=""/xmlpserver/EVVET3 PW NEW/Subject Area Contents/Public Website/Report (PDF)/AER.xdo?_xpf=&_xpt=1&_params%2FOracle%20BI%20EE%3A%3ADefaultApp%3A%3AEVVET3%20PR%20NEW%2FAER%3A%3Adimension%2FAER%20Id%3A%3Aattribute%3A%3Anoaggr%3A%3Axsd%3Adouble=361396&_xt=AER&_xf=pdf""> AER </a>",2013-04-30 00:00:00,Veterinarian,Denmark,MALE,Dog,Dachshund - Standard Wire-haired,"Metacam 1.5 mg/ml - Oral suspension (dogs), Metacam 5 mg/ml - Solution for injection (cats, dogs), Metacam 5 mg/ml - Solution for injection (cattle, pigs), Metacam 5 mg/ml - Solution for injection (dogs)","Anorexia, Haemorrhagic diarrhoea",1,1,
DK-DEBIAHP-2012DK00018,"<a target=""_blank""  href=""/xmlpserver/EVVET3 PW NEW/Subject Area Contents/Public Website/Report (PDF)/AER.xdo?_xpf=&_xpt=1&_params%2FOracle%20BI%20EE%3A%3ADefaultApp%3A%3AEVVET3%20PR%20NEW%2FAER%3A%3Adimension%2FAER%20Id%3A%3Aattribute%3A%3Anoaggr%3A%3Axsd%3Adouble=360698&_xt=AER&_xf=pdf""> AER </a>",2013-04-23 00:00:00,Veterinarian,Denmark,FEMALE,Dog,Pinscher - Miniature,"Betamox 150 mg/ml - Injektionssuspension für Tiere, Betamox 150 mg/ml Suspension for Injection, Betamox Injection, Betamox Injection, 150 mg /ml Ενέσιμο Εναιώρημα, Betamox Vet. 150 mg/ml injektionsvæske, suspension, Betamox vet 150 mg/ml injektioneste, suspensio, Metacam 15 mg/ml - Oral suspension (horses), Metacam 15 mg/ml - Oral suspension (pigs)","Abdominal pain, Anorexia, Emesis, Lethargy (see also Central nervous system depression in Neurological)",1,1,
DK-DEBIAHP-2013DK00008,"<a target=""_blank""  href=""/xmlpserver/EVVET3 PW NEW/Subject Area Contents/Public Website/Report (PDF)/AER.xdo?_xpf=&_xpt=1&_params%2FOracle%20BI%20EE%3A%3ADefaultApp%3A%3AEVVET3%20PR%20NEW%2FAER%3A%3Adimension%2FAER%20Id%3A%3Aattribute%3A%3Anoaggr%3A%3Axsd%3Adouble=368154&_xt=AER&_xf=pdf""> AER </a>",2013-07-17 00:00:00,Veterinarian,Denmark,MALE,Dog,"Deutsche Dogge, Great Dane","Metacam 15 mg/ml - Oral suspension (horses), Metacam 15 mg/ml - Oral suspension (pigs)","Decreased appetite, Diarrhoea, Malaise, Vomiting",1,1,
DK-DEBIAHP-2013DK00016,"<a target=""_blank""  href=""/xmlpserver/EVVET3 PW NEW/Subject Area Contents/Public Website/Report (PDF)/AER.xdo?_xpf=&_xpt=1&_params%2FOracle%20BI%20EE%3A%3ADefaultApp%3A%3AEVVET3%20PR%20NEW%2FAER%3A%3Adimension%2FAER%20Id%3A%3Aattribute%3A%3Anoaggr%3A%3Axsd%3Adouble=369924&_xt=AER&_xf=pdf""> AER </a>",2013-08-07 00:00:00,Veterinarian,Denmark,MALE,Dog,Chihuahua,"Metacam 1.5 mg/ml - Oral suspension (dogs), Metacam 5 mg/ml - Solution for injection (cats, dogs), Metacam 5 mg/ml - Solution for injection (cattle, pigs), Metacam 5 mg/ml - Solution for injection (dogs)","Acute renal failure, Anorexia, Blood in vomit, Bloody diarrhoea, Depression, Lethargy (see also Central nervous system depression in Neurological)",1,1,
ES-AGEMEDV-ADR-0463-2013,"<a target=""_blank""  href=""/xmlpserver/EVVET3 PW NEW/Subject Area Contents/Public Website/Report (PDF)/AER.xdo?_xpf=&_xpt=1&_params%2FOracle%20BI%20EE%3A%3ADefaultApp%3A%3AEVVET3%20PR%20NEW%2FAER%3A%3Adimension%2FAER%20Id%3A%3Aattribute%3A%3Anoaggr%3A%3Axsd%3Adouble=370200&_xt=AER&_xf=pdf""> AER </a>",2013-08-12 00:00:00,Veterinarian,Spain,MALE,Dog,Warren Hound - Ibizan,Metacam 1.5 mg/ml - Oral suspension (dogs),"Diarrhoea, Pruritic rash, Vomiting",1,1,
ES-AGEMEDV-ADR-0483-2013,"<a target=""_blank""  href=""/xmlpserver/EVVET3 PW NEW/Subject Area Contents/Public Website/Report (PDF)/AER.xdo?_xpf=&_xpt=1&_params%2FOracle%20BI%20EE%3A%3ADefaultApp%3A%3AEVVET3%20PR%20NEW%2FAER%3A%3Adimension%2FAER%20Id%3A%3Aattribute%3A%3Anoaggr%3A%3Axsd%3Adouble=372572&_xt=AER&_xf=pdf""> AER </a>",2013-09-06 00:00:00,Veterinarian,Spain,FEMALE,Dog,Boxer (German Boxer),"ANTISEDAN, ANTISEDAN 5 mg/ml SOLUCIÓN INYECTABLE PARA PERROS Y GATOS, ANTISEDAN 5 mg/ml raztopina za injiciranje za pse in mačke, ANTISEDAN 5MG/ML ΕΝΕΣΙΜΟ ΔΙΑΛΥΜΑ, ANTISEDAN SOLUTION INJECTABLE POUR CHIENS ET CHATS, ANTISEDAN, 5 mg/mL, otopina za injekciju, za pse i mačke, Antisedan 5 mg/ 1 ml, roztwór do wstrzykiwań dla psów i kotów, Antisedan 5 mg/ml  Injektionslösung für Hunde und Katzen, Antisedan 5 mg/ml - Injektionslösung für Hunde und Katzen, Antisedan 5 mg/ml Oplossing voor injectie, Antisedan 5 mg/ml Solution injectable, Antisedan 5 mg/ml injekčný roztok pre psy a mačky, Antisedan 5 mg/ml oldatos injekció kutya és macska részére.A.U.V., Antisedan 5 mg/ml solution for injection, Antisedan 5 mg/ml solução injetável para cães e gatos, Antisedan Vet 5 mg/ml injekcinis tirpalas, Antisedan Vet 5 mg/ml šķīdums injekcijām, Antisedan Vet, 5 mg/ml süstelahus, Antisedan Vet. 5 mg/ml injektionsvæske, opløsning, Antisedan vet 5 mg/ml injektioneste, liuos, Antisedan vet. 5 mg/ml Injektionsvätska, lösning, Antisedan vet. 5 mg/ml Stungulyf, lausn Handa hundum og köttum., Antisedan vet. 5 mg/ml injeksjonsvæske, oppløsning, til hund og katt, Antisedan vet., 5 mg/ml, Injektionsvätska, lösning, Antisedan, 5 mg/ml oplossing voor injectie voor honden en katten, Antisedan, 5mg/ml, Injekční roztok, Dexdomitor 0.5 mg/ml - Solution for injection, Metacam 5 mg/ml - Solution for injection (cats, dogs), Metacam 5 mg/ml - Solution for injection (cattle, pigs), Metacam 5 mg/ml - Solution for injection (dogs), Vetofol 10mg/ml Emulsion for Injection for cats and dogs, АНТИСЕДАН ВЕТ 5 mg/ml инжекционен разтвор","Apnoea, Cardiorespiratory arrest, Death, Disorientation, Lethargy (see also Central nervous system depression in Neurological)",1,1,1
ES-AGEMEDV-ADR-0484-2013,"<a target=""_blank""  href=""/xmlpserver/EVVET3 PW NEW/Subject Area Contents/Public Website/Report (PDF)/AER.xdo?_xpf=&_xpt=1&_params%2FOracle%20BI%20EE%3A%3ADefaultApp%3A%3AEVVET3%20PR%20NEW%2FAER%3A%3Adimension%2FAER%20Id%3A%3Aattribute%3A%3Anoaggr%3A%3Axsd%3Adouble=372573&_xt=AER&_xf=pdf""> AER </a>",2013-09-06 00:00:00,Veterinarian,Spain,MALE,Dog,Terrier - West Highland White,"Convenia 80 mg/ml  - Powder and solvent for solution for injection, Metacam 5 mg/ml - Solution for injection (cats, dogs), Metacam 5 mg/ml - Solution for injection (cattle, pigs), Metacam 5 mg/ml - Solution for injection (dogs), Vetofol 10mg/ml Emulsion for Injection for cats and dogs","Apathy, Vomiting",1,1,
ES-AGEMEDV-ADR-0485-2013,"<a target=""_blank""  href=""/xmlpserver/EVVET3 PW NEW/Subject Area Contents/Public Website/Report (PDF)/AER.xdo?_xpf=&_xpt=1&_params%2FOracle%20BI%20EE%3A%3ADefaultApp%3A%3AEVVET3%20PR%20NEW%2FAER%3A%3Adimension%2FAER%20Id%3A%3Aattribute%3A%3Anoaggr%3A%3Axsd%3Adouble=372574&_xt=AER&_xf=pdf""> AER </a>",2013-09-06 00:00:00,Veterinarian,Spain,MALE,Dog,Poodle - Toy,"ANTISEDAN, ANTISEDAN 5 mg/ml SOLUCIÓN INYECTABLE PARA PERROS Y GATOS, ANTISEDAN 5 mg/ml raztopina za injiciranje za pse in mačke, ANTISEDAN 5MG/ML ΕΝΕΣΙΜΟ ΔΙΑΛΥΜΑ, ANTISEDAN SOLUTION INJECTABLE POUR CHIENS ET CHATS, ANTISEDAN, 5 mg/mL, otopina za injekciju, za pse i mačke, Antisedan 5 mg/ 1 ml, roztwór do wstrzykiwań dla psów i kotów, Antisedan 5 mg/ml  Injektionslösung für Hunde und Katzen, Antisedan 5 mg/ml - Injektionslösung für Hunde und Katzen, Antisedan 5 mg/ml Oplossing voor injectie, Antisedan 5 mg/ml Solution injectable, Antisedan 5 mg/ml injekčný roztok pre psy a mačky, Antisedan 5 mg/ml oldatos injekció kutya és macska részére.A.U.V., Antisedan 5 mg/ml solution for injection, Antisedan 5 mg/ml solução injetável para cães e gatos, Antisedan Vet 5 mg/ml injekcinis tirpalas, Antisedan Vet 5 mg/ml šķīdums injekcijām, Antisedan Vet, 5 mg/ml süstelahus, Antisedan Vet. 5 mg/ml injektionsvæske, opløsning, Antisedan vet 5 mg/ml injektioneste, liuos, Antisedan vet. 5 mg/ml Injektionsvätska, lösning, Antisedan vet. 5 mg/ml Stungulyf, lausn Handa hundum og köttum., Antisedan vet. 5 mg/ml injeksjonsvæske, oppløsning, til hund og katt, Antisedan vet., 5 mg/ml, Injektionsvätska, lösning, Antisedan, 5 mg/ml oplossing voor injectie voor honden en katten, Antisedan, 5mg/ml, Injekční roztok, Dexdomitor 0.5 mg/ml - Solution for injection, Metacam 5 mg/ml - Solution for injection (cats, dogs), Metacam 5 mg/ml - Solution for injection (cattle, pigs), Metacam 5 mg/ml - Solution for injection (dogs), Morphasol 4 mg/ml solution for injection for dogs and cats, Vetofol 10mg/ml Emulsion for Injection for cats and dogs, АНТИСЕДАН ВЕТ 5 mg/ml инжекционен разтвор","Anaphylactic-type reaction, Bloody diarrhoea, Death, Dilated pupils, Incoordination, Vomiting",1,1,1
ES-AGEMEDV-ADR-0610-2012,"<a target=""_blank""  href=""/xmlpserver/EVVET3 PW NEW/Subject Area Contents/Public Website/Report (PDF)/AER.xdo?_xpf=&_xpt=1&_params%2FOracle%20BI%20EE%3A%3ADefaultApp%3A%3AEVVET3%20PR%20NEW%2FAER%3A%3Adimension%2FAER%20Id%3A%3Aattribute%3A%3Anoaggr%3A%3Axsd%3Adouble=352516&_xt=AER&_xf=pdf""> AER </a>",2013-02-12 00:00:00,Veterinarian,Spain,MALE,Dog,Mastiff,"Metacam 5 mg/ml - Solution for injection (cats, dogs), Metacam 5 mg/ml - Solution for injection (cattle, pigs), Metacam 5 mg/ml - Solution for injection (dogs)","Abdominal pain, Acidosis, Azotaemia, Coagulopathy, Death by euthanasia, Hypoproteinaemia, Oliguria, Peritonitis, Pyloric ulcer, Pyrexia, Tachycardia",1,1,1
ES-DEBIAHP-2011ES00011,"<a target=""_blank""  href=""/xmlpserver/EVVET3 PW NEW/Subject Area Contents/Public Website/Report (PDF)/AER.xdo?_xpf=&_xpt=1&_params%2FOracle%20BI%20EE%3A%3ADefaultApp%3A%3AEVVET3%20PR%20NEW%2FAER%3A%3Adimension%2FAER%20Id%3A%3Aattribute%3A%3Anoaggr%3A%3Axsd%3Adouble=357422&_xt=AER&_xf=pdf""> AER </a>",2013-03-15 00:00:00,Veterinarian,Spain,FEMALE,Dog,Retriever - Golden,"Metacam 20 mg/ml - Solution for injection (cattle, pigs, horses)","Injection site alopecia, Injection site crust",1,1,
ES-DEBIAHP-2011ES00012,"<a target=""_blank""  href=""/xmlpserver/EVVET3 PW NEW/Subject Area Contents/Public Website/Report (PDF)/AER.xdo?_xpf=&_xpt=1&_params%2FOracle%20BI%20EE%3A%3ADefaultApp%3A%3AEVVET3%20PR%20NEW%2FAER%3A%3Adimension%2FAER%20Id%3A%3Aattribute%3A%3Anoaggr%3A%3Axsd%3Adouble=357423&_xt=AER&_xf=pdf""> AER </a>",2013-03-15 00:00:00,Veterinarian,Spain,FEMALE,Dog,Retriever - Golden,"Metacam 20 mg/ml - Solution for injection (cattle, pigs, horses)","Injection site alopecia, Injection site scab",1,1,
ES-DEBIAHP-2012ES00002,"<a target=""_blank""  href=""/xmlpserver/EVVET3 PW NEW/Subject Area Contents/Public Website/Report (PDF)/AER.xdo?_xpf=&_xpt=1&_params%2FOracle%20BI%20EE%3A%3ADefaultApp%3A%3AEVVET3%20PR%20NEW%2FAER%3A%3Adimension%2FAER%20Id%3A%3Aattribute%3A%3Anoaggr%3A%3Axsd%3Adouble=361539&_xt=AER&_xf=pdf""> AER </a>",2013-04-30 00:00:00,Veterinarian,Spain,FEMALE,Dog,Schnauzer (unspecified),Metacam 1.5 mg/ml - Oral suspension (dogs),Emesis,1,1,
ES-DEBIAHP-2012ES00011,"<a target=""_blank""  href=""/xmlpserver/EVVET3 PW NEW/Subject Area Contents/Public Website/Report (PDF)/AER.xdo?_xpf=&_xpt=1&_params%2FOracle%20BI%20EE%3A%3ADefaultApp%3A%3AEVVET3%20PR%20NEW%2FAER%3A%3Adimension%2FAER%20Id%3A%3Aattribute%3A%3Anoaggr%3A%3Axsd%3Adouble=363177&_xt=AER&_xf=pdf""> AER </a>",2013-05-17 00:00:00,Veterinarian,Spain,FEMALE,Dog,Poodle - Miniature,"Metacam 5 mg/ml - Solution for injection (cats, dogs), Metacam 5 mg/ml - Solution for injection (cattle, pigs), Metacam 5 mg/ml - Solution for injection (dogs)","Blood and lymphatic system disorder NOS, Falling, Seizure NOS, Syncope",1,1,
ES-DEBIAHP-2013ES00002,"<a target=""_blank""  href=""/xmlpserver/EVVET3 PW NEW/Subject Area Contents/Public Website/Report (PDF)/AER.xdo?_xpf=&_xpt=1&_params%2FOracle%20BI%20EE%3A%3ADefaultApp%3A%3AEVVET3%20PR%20NEW%2FAER%3A%3Adimension%2FAER%20Id%3A%3Aattribute%3A%3Anoaggr%3A%3Axsd%3Adouble=361678&_xt=AER&_xf=pdf""> AER </a>",2013-04-30 00:00:00,Veterinarian,Spain,MALE,Dog,Retriever - Labrador,"Metacam 5 mg/ml - Solution for injection (cats, dogs), Metacam 5 mg/ml - Solution for injection (cattle, pigs), Metacam 5 mg/ml - Solution for injection (dogs)","Death, Mydriasis, Panting, Slow heart rate",1,1,
ES-DEBIAHP-2013ES00008,"<a target=""_blank""  href=""/xmlpserver/EVVET3 PW NEW/Subject Area Contents/Public Website/Report (PDF)/AER.xdo?_xpf=&_xpt=1&_params%2FOracle%20BI%20EE%3A%3ADefaultApp%3A%3AEVVET3%20PR%20NEW%2FAER%3A%3Adimension%2FAER%20Id%3A%3Aattribute%3A%3Anoaggr%3A%3Axsd%3Adouble=369423&_xt=AER&_xf=pdf""> AER </a>",2013-08-01 00:00:00,Veterinarian,Spain,MALE,Dog,Crossbred Canine/dog,Metacam 1.5 mg/ml - Oral suspension (dogs),"Anorexia, Apathy, Elevated blood urea nitrogen (BUN), Elevated creatinine, Vomiting",1,1,
FI-DEBIAHP-2011FI00004,"<a target=""_blank""  href=""/xmlpserver/EVVET3 PW NEW/Subject Area Contents/Public Website/Report (PDF)/AER.xdo?_xpf=&_xpt=1&_params%2FOracle%20BI%20EE%3A%3ADefaultApp%3A%3AEVVET3%20PR%20NEW%2FAER%3A%3Adimension%2FAER%20Id%3A%3Aattribute%3A%3Anoaggr%3A%3Axsd%3Adouble=363163&_xt=AER&_xf=pdf""> AER </a>",2013-05-17 00:00:00,Veterinarian,Finland,MALE,Dog,Shepherd Dog - German,"Metacam 5 mg/ml - Solution for injection (cats, dogs), Metacam 5 mg/ml - Solution for injection (cattle, pigs), Metacam 5 mg/ml - Solution for injection (dogs)","Dullness, Unable to rise",1,1,
FI-DEBIAHP-2012FI00022,"<a target=""_blank""  href=""/xmlpserver/EVVET3 PW NEW/Subject Area Contents/Public Website/Report (PDF)/AER.xdo?_xpf=&_xpt=1&_params%2FOracle%20BI%20EE%3A%3ADefaultApp%3A%3AEVVET3%20PR%20NEW%2FAER%3A%3Adimension%2FAER%20Id%3A%3Aattribute%3A%3Anoaggr%3A%3Axsd%3Adouble=361398&_xt=AER&_xf=pdf""> AER </a>",2013-04-30 00:00:00,Veterinarian,Finland,FEMALE,Dog,"Dog (other), Hound - Swiss - (Lucerne Hound (Luzerner Laufhund), Schwyz Hound (Schweizer Laufhund), Bernese Hound, Jura Hound)","Metacam 1.5 mg/ml - Oral suspension (dogs), SYNULOX (200+50)MG/TAB ΔΙΣΚΙΟ, SYNULOX (40+10)MG/TAB ΔΙΣΚΙΟ, SYNULOX 140 mg/ml + 35 mg/ml suspensión inyectable, SYNULOX 200 mg/50 mg tablety pre psy a mačky, SYNULOX 200/50 mg COMPRIMIDOS APETITOSOS PARA PERROS, SYNULOX 250 COMPRIMES POUR CHIENS, SYNULOX 250 mg, SYNULOX 250 mg kramtomosios tabletės šunims ir katėms, SYNULOX 250 mg tablete za pse in mačke, SYNULOX 250mg, δισκία για σκύλους και γάτες, SYNULOX 40 mg/10 mg tablety pre psy a mačky, SYNULOX 40 mg/ml + 10 mg/ml POLVO PARA GOTAS ORALES EN SUSPENSION, SYNULOX 40/10 MG COMPRIMIDOS APETITOSOS PARA PERROS Y GATOS, SYNULOX 400 mg/100 mg tablety pre psy, SYNULOX 400/100 mg COMPRIMIDOS APETITOSOS PARA PERROS, SYNULOX 50 COMPRIMES POUR CHIENS ET CHATS, SYNULOX 50 mg, SYNULOX 50 mg kramtomosios tabletės šunims ir katėms, SYNULOX 50 mg tablete za pse in mačke, SYNULOX 500 COMPRIMES POUR CHIENS, SYNULOX 500 mg kramtomosios tabletės šunims, SYNULOX 500 mg tablete za pse, SYNULOX 500 mg, kramtomosios tabletės šunims, SYNULOX 500MG/TAB ΔΙΣΚΙΟ, SYNULOX 50mg, δισκία για σκύλους και γάτες, SYNULOX OGIVETTES POUR VEAUX, SYNULOX SUSPENSION INJECTABLE POUR BOVINS, SYNULOX VET 140 mg/ml injektioneste, suspensio koiralle, kissalle ja sialle, SYNULOX suspensão injetável para suínos, bovinos, cães e gatos, SYNULOX vet 200 mg/50 mg tabletti, koiralle ja kissalle, SYNULOX vet 40 mg/10 mg tabletti, koiralle ja kissalle, SYNULOX vet 400 mg/100 mg tabletti, koiralle, SYNULOX, 400/100mg, Tableta, Synulox 250 mg Comprimés Appétents, Synulox 250 mg Smakelijke tabletten, Synulox 250 mg tabletes suņiem un kaķiem, Synulox 250 mg, tabletid koertele ja kassidele, Synulox 250 mg, таблетки за кучета и котки, Synulox 250mg (200 mg/50 mg)  Tabletten für Hunde, Synulox 50 mg Comprimés Appétents, Synulox 50 mg Smakelijke Tabletten, Synulox 50 mg tabletes suņiem un kaķiem, Synulox 50 mg, tabletid koertele ja kassidele, Synulox 50 mg, таблетки за кучета и котки, Synulox 500 mg Bolus 400 mg - 100 mg Omhulde tablet, Synulox 500 mg Comprimés Appétents, Synulox 500 mg Smakelijke Tabletten, Synulox 500 mg tabletes suņiem, Synulox 500 mg, tabletid koertele, Synulox 500mg (400 mg/100 mg) Tabletten für Hunde, Synulox 50mg (40 mg/10 mg) Tabletten für Hunde und Katzen, Synulox Bolus 500 mg, 400 mg + 100 mg comprimés enrobés pour veaux, Synulox Lactating Cow Intramammary suspension., Synulox Tabletki 250 mg, Synulox Tabletki 250 mg (200+50) mg/tablete; tabletes suņiem, Synulox Tabletki 50 mg, Synulox Tabletki 50 mg (40+10) mg/ tablete; tabletes suņiem un kaķiem, Synulox Tabletki 500 mg, Synulox Vet. til hund og kat 200 + 50 mg tabletter, Synulox Vet. til hund og kat 40 + 10 mg tabletter, Synulox Vet. til hund tabletter 400 + 100 mg, Synulox Vet. til kalve 400 + 100 mg tabletter, Synulox comprimidos palatáveis 250 mg para cães e gatos, Synulox comprimidos palatáveis 50 mg para cães e gatos, Synulox comprimidos palatáveis 500 mg para cães, Synulox vet 40 mg/ml jauhe oraalisuspensiota varten koiralle ja kissalle, Synulox vet. 200 mg tabletter for hund og katt, Synulox vet. 200 mg/50 mg Tablett, Synulox vet. 40 mg tabletter for hund og katt, Synulox vet. 40 mg/10 mg Tablett, Synulox vet. 400 mg tabletter for hund, Synulox vet. 400 mg/100 mg Tablett, Synulox, 200/50mg, Tableta, Synulox, 40/10mg, Tableta, Synulox-Kalb 400 mg/100 mg Filmtabletten für Rinder (Kälber)",Lethargy (see also Central nervous system depression in Neurological),1,1,
FI-FIMEA-20130170,"<a target=""_blank""  href=""/xmlpserver/EVVET3 PW NEW/Subject Area Contents/Public Website/Report (PDF)/AER.xdo?_xpf=&_xpt=1&_params%2FOracle%20BI%20EE%3A%3ADefaultApp%3A%3AEVVET3%20PR%20NEW%2FAER%3A%3Adimension%2FAER%20Id%3A%3Aattribute%3A%3Anoaggr%3A%3Axsd%3Adouble=372565&_xt=AER&_xf=pdf""> AER </a>",2013-09-06 00:00:00,Veterinarian,Finland,MALE,Dog,Mixed (Dog),"DOMITOR 1 mg/ml raztopina za injiciranje za pse in mačke, DOMITOR 1 mg/ml ενέσιμο διάλυμα για σκύλους και γάτες, DOMITOR 1 mg/ml, soluție injectabilă pentru câini și pisici, DOMITOR, 1 mg/mL, otopina za injekciju za pse i mačke, DOMITOR, 1mg/ml, Injekční roztok, DOMITOR, SOLUTION INJECTABLE, Dolorex 10 mg/ml Solution for Injection for horse, dog and cat, Domitor, Domitor 1 mg/1 ml, roztwór do wstrzykiwań dla psów i kotów, Domitor 1 mg/ml - Injektionslösung für Hunde und Katzen, Domitor 1 mg/ml Oplossing voor injectie, Domitor 1 mg/ml Solution injectable, Domitor 1 mg/ml injekčný roztok, Domitor 1 mg/ml oldatos injekció kutyáknak és macskáknak A.U.V., Domitor 1 mg/ml solution for injection, Domitor 1 mg/ml soluzione iniettabile per cani e gatti, Domitor Vet 1 mg/ml injekcinis tirpalas, Domitor Vet 1 mg/ml šķīdums injekcijām, Domitor Vet, 1 mg/ml süstelahus, Domitor Vet. 1 mg/ml injektionsvæske, opløsning, Domitor vet 1 mg/ml injektioneste, liuos, Domitor vet. 1 mg/ml Injektionsvätska, lösning, Domitor vet. 1 mg/ml injeksjonsvæske, oppløsning til hund og katt, Metacam 0.5 mg/ml - Oral suspension (cats, guinea pigs), Metacam 0.5 mg/ml - Oral suspension (dogs), Metacam 1 mg - Chewable tablet (dogs), Metacam 1.5 mg/ml - Oral suspension (dogs), Metacam 15 mg/ml - Oral suspension (horses), Metacam 15 mg/ml - Oral suspension (pigs), Metacam 2 mg/ml - Solution for injection (cats), Metacam 2.5 mg - Chewable tablet (dogs), Metacam 20 mg/ml - Solution for injection (cattle, pigs, horses), Metacam 40 mg/ml - Solution for injection (cattle, horses), Metacam 5 mg/ml - Solution for injection (cats, dogs), Metacam 5 mg/ml - Solution for injection (cattle, pigs), Metacam 5 mg/ml - Solution for injection (dogs), VETERGESIC MULTIDOSE, 0.3MG/ML, SOLUTION FOR INJECTION FOR DOGS AND CATS, Vetofol 10 mg/ml Emulsion for Injection for Cats and Dogs, Vetofol 10 mg/ml emúlziós injekció A.U.V., Vetofol 10mg/ml Emulsion for Injection for cats and dogs, Домитор Вет 1 mg/ml инжекционен разтвор за кучета и котки","Facial swelling (see also Skin), Hypotension, Pharyngeal oedema, Urticaria",1,1,
FR-AM-2013-0018,"<a target=""_blank""  href=""/xmlpserver/EVVET3 PW NEW/Subject Area Contents/Public Website/Report (PDF)/AER.xdo?_xpf=&_xpt=1&_params%2FOracle%20BI%20EE%3A%3ADefaultApp%3A%3AEVVET3%20PR%20NEW%2FAER%3A%3Adimension%2FAER%20Id%3A%3Aattribute%3A%3Anoaggr%3A%3Axsd%3Adouble=358660&_xt=AER&_xf=pdf""> AER </a>",2013-03-28 00:00:00,Unknown,France,MALE,Dog,Unknown,"Metacam 0.5 mg/ml - Oral suspension (cats, guinea pigs), Metacam 0.5 mg/ml - Oral suspension (dogs), Metacam 1 mg - Chewable tablet (dogs), Metacam 1.5 mg/ml - Oral suspension (dogs), Metacam 15 mg/ml - Oral suspension (horses), Metacam 15 mg/ml - Oral suspension (pigs), Metacam 2 mg/ml - Solution for injection (cats), Metacam 2.5 mg - Chewable tablet (dogs), Metacam 20 mg/ml - Solution for injection (cattle, pigs, horses), Metacam 40 mg/ml - Solution for injection (cattle, horses), Metacam 5 mg/ml - Solution for injection (cats, dogs), Metacam 5 mg/ml - Solution for injection (cattle, pigs), Metacam 5 mg/ml - Solution for injection (dogs), Morphasol 4 mg/ml solution for injection for dogs and cats, ZOLETIL 100, ZOLETIL 100 (50 MG/ML + 50 MG/ML) LYOPHILISATE AND SOLVENT FOR SOLUTION FOR INJECTION FOR DOGS AND CATS, ZOLETIL 100 (50 mg/mL + 50 mg/mL), ZOLETIL 100 (50 mg/ml+50 mg/ml) Liofilizado e solvente para solução injetável para cães e gatos, ZOLETIL 100, ΚΟΝΙΣ ΚΑΙ ΔΙΑΛΥΤΗΣ ΓΙΑ ΕΝΕΣΙΜΟ ΔΙΑΛΥΜΑ, Zoletil 100 (50 mg/ml tiletamin és 50 mg/ml zolazepam) liofilizátum és oldószer oldatos injekcióhoz A.U.V., Zoletil 100 - 250 mg Lyophilisat et solvant pour solution injectable, Zoletil 100 250 mg - 250 mg Lyophilisat et solvant pour solution injectable, Zoletil 100 Vet. 50 + 50 mg/ml pulver og solvens til injektionsvæske, opløsning, Zoletil 100 liofilizāts un šķīdinātājs šķīduma injekcijām pagatavošanai suņiem un kaķiem, Zoletil 100 lyofilizát a rozpúšťadlo na prípravu injekčného roztoku, Zoletil 100, 250 mg + 250 mg, liofilizatas ir tirpiklis injekciniam tirpalui ruošti šunims ir katėms, Zoletil 100, süstelahuse pulber ja lahusti, koertele ja kassidele, Zoletil, 100, Prášek a rozpouštědlo pro injekční roztok, ЗОЛЕТИЛ 100","Apnoea, Cardiac arrest, Death, Oedema NOS (see other SOCs for specific oedemas), Respiratory arrest",1,1,1
FR-ANMV-12 CPVL 00950,"<a target=""_blank""  href=""/xmlpserver/EVVET3 PW NEW/Subject Area Contents/Public Website/Report (PDF)/AER.xdo?_xpf=&_xpt=1&_params%2FOracle%20BI%20EE%3A%3ADefaultApp%3A%3AEVVET3%20PR%20NEW%2FAER%3A%3Adimension%2FAER%20Id%3A%3Aattribute%3A%3Anoaggr%3A%3Axsd%3Adouble=352155&_xt=AER&_xf=pdf""> AER </a>",2013-02-08 00:00:00,Veterinarian,France,FEMALE,Dog,Pug,"CaniLeish (--) - Lyophilisate and solvent for suspension for injection, Metacam 5 mg/ml - Solution for injection (cats, dogs), Metacam 5 mg/ml - Solution for injection (cattle, pigs), Metacam 5 mg/ml - Solution for injection (dogs)","Anaphylactic-type reaction, Bradycardia, Vomiting",1,1,
FR-ANMV-12 CPVL 02024,"<a target=""_blank""  href=""/xmlpserver/EVVET3 PW NEW/Subject Area Contents/Public Website/Report (PDF)/AER.xdo?_xpf=&_xpt=1&_params%2FOracle%20BI%20EE%3A%3ADefaultApp%3A%3AEVVET3%20PR%20NEW%2FAER%3A%3Adimension%2FAER%20Id%3A%3Aattribute%3A%3Anoaggr%3A%3Axsd%3Adouble=354421&_xt=AER&_xf=pdf""> AER </a>",2013-02-25 00:00:00,Veterinarian,France,MALE,Dog,Retriever - Labrador,Metacam 1.5 mg/ml - Oral suspension (dogs),"Hind limb paralysis, Spasm",1,1,
FR-ANMV-12 CPVL 02289,"<a target=""_blank""  href=""/xmlpserver/EVVET3 PW NEW/Subject Area Contents/Public Website/Report (PDF)/AER.xdo?_xpf=&_xpt=1&_params%2FOracle%20BI%20EE%3A%3ADefaultApp%3A%3AEVVET3%20PR%20NEW%2FAER%3A%3Adimension%2FAER%20Id%3A%3Aattribute%3A%3Anoaggr%3A%3Axsd%3Adouble=354628&_xt=AER&_xf=pdf""> AER </a>",2013-02-26 00:00:00,Veterinarian,France,UNKNOWN,Dog,Unknown,Metacam 1.5 mg/ml - Oral suspension (dogs),Cutaneous oedema,1,1,
FR-ANMV-13 CPVL 00265,"<a target=""_blank""  href=""/xmlpserver/EVVET3 PW NEW/Subject Area Contents/Public Website/Report (PDF)/AER.xdo?_xpf=&_xpt=1&_params%2FOracle%20BI%20EE%3A%3ADefaultApp%3A%3AEVVET3%20PR%20NEW%2FAER%3A%3Adimension%2FAER%20Id%3A%3Aattribute%3A%3Anoaggr%3A%3Axsd%3Adouble=360762&_xt=AER&_xf=pdf""> AER </a>",2013-04-23 00:00:00,Veterinarian,France,MALE,Dog,Brittany,"ARA 3000 BETA, Buprecare 0.3 mg/ml Solution for Injection for Dogs and Cats, Metacam 5 mg/ml - Solution for injection (cats, dogs), Metacam 5 mg/ml - Solution for injection (cattle, pigs), Metacam 5 mg/ml - Solution for injection (dogs), Previcox 57 mg - Chewable tablet","Anorexia, Blood in faeces, Chewing - oral cavity disorder (see also Pruritus), Diarrhoea, Hypersalivation, Nausea, Vomiting",1,1,
FR-ANMV-13 CPVL 00314,"<a target=""_blank""  href=""/xmlpserver/EVVET3 PW NEW/Subject Area Contents/Public Website/Report (PDF)/AER.xdo?_xpf=&_xpt=1&_params%2FOracle%20BI%20EE%3A%3ADefaultApp%3A%3AEVVET3%20PR%20NEW%2FAER%3A%3Adimension%2FAER%20Id%3A%3Aattribute%3A%3Anoaggr%3A%3Axsd%3Adouble=364078&_xt=AER&_xf=pdf""> AER </a>",2013-05-30 00:00:00,Veterinarian,France,MALE,Dog,Collie - Border,"DOMITOR 1 mg/ml raztopina za injiciranje za pse in mačke, DOMITOR 1 mg/ml ενέσιμο διάλυμα για σκύλους και γάτες, DOMITOR 1 mg/ml, soluție injectabilă pentru câini și pisici, DOMITOR, 1 mg/mL, otopina za injekciju za pse i mačke, DOMITOR, 1mg/ml, Injekční roztok, DOMITOR, SOLUTION INJECTABLE, DUPHAMOX  LA, 150.0mg/ml, Injekční suspenze, DUPHAMOX LA, Domitor, Domitor 1 mg/1 ml, roztwór do wstrzykiwań dla psów i kotów, Domitor 1 mg/ml - Injektionslösung für Hunde und Katzen, Domitor 1 mg/ml Oplossing voor injectie, Domitor 1 mg/ml Solution injectable, Domitor 1 mg/ml injekčný roztok, Domitor 1 mg/ml oldatos injekció kutyáknak és macskáknak A.U.V., Domitor 1 mg/ml solution for injection, Domitor 1 mg/ml soluzione iniettabile per cani e gatti, Domitor Vet 1 mg/ml injekcinis tirpalas, Domitor Vet 1 mg/ml šķīdums injekcijām, Domitor Vet, 1 mg/ml süstelahus, Domitor Vet. 1 mg/ml injektionsvæske, opløsning, Domitor vet 1 mg/ml injektioneste, liuos, Domitor vet. 1 mg/ml Injektionsvätska, lösning, Domitor vet. 1 mg/ml injeksjonsvæske, oppløsning til hund og katt, Duphamox LA 150 mg/ml Injektionssuspension für Rinder, Schweine, Schafe, Hunde, Katzen, Duphamox LA 150 mg/ml Suspensie voor injectie, Duphamox LA 150 mg/ml injekčná suspenzia, Duphamox Long Acting, 150mg/ml, solution injectable pour bovins, ovins et porcins, IMALGENE 1000, IMALGENE 1000 100MG/ML ΕΝΕΣΙΜΟ ΔΙΑΛΥΜΑ, Imalgene 1000 100 mg/ ml solução injetável para cães e gatos, Metacam 5 mg/ml - Solution for injection (cats, dogs), Metacam 5 mg/ml - Solution for injection (cattle, pigs), Metacam 5 mg/ml - Solution for injection (dogs), Morphasol 4 mg/ml solution for injection for dogs and cats, Домитор Вет 1 mg/ml инжекционен разтвор за кучета и котки","Hyperthermia, Prolonged anaesthesia, Prolonged capillary refill time, Tachycardia, Tachypnoea",1,1,
FR-ANMV-13 CPVL 00728,"<a target=""_blank""  href=""/xmlpserver/EVVET3 PW NEW/Subject Area Contents/Public Website/Report (PDF)/AER.xdo?_xpf=&_xpt=1&_params%2FOracle%20BI%20EE%3A%3ADefaultApp%3A%3AEVVET3%20PR%20NEW%2FAER%3A%3Adimension%2FAER%20Id%3A%3Aattribute%3A%3Anoaggr%3A%3Axsd%3Adouble=361680&_xt=AER&_xf=pdf""> AER </a>",2013-04-30 00:00:00,Veterinarian,France,MALE,Dog,Boxer (German Boxer),"Metacam 2.5 mg - Chewable tablet (dogs), Metacam 5 mg/ml - Solution for injection (cats, dogs), Metacam 5 mg/ml - Solution for injection (cattle, pigs), Metacam 5 mg/ml - Solution for injection (dogs), Suprelorin 9.4 mg  - Implant","Anaemia NOS, Death, Thrombocytopenia",1,1,1
FR-ANMV-13 CPVL 01100,"<a target=""_blank""  href=""/xmlpserver/EVVET3 PW NEW/Subject Area Contents/Public Website/Report (PDF)/AER.xdo?_xpf=&_xpt=1&_params%2FOracle%20BI%20EE%3A%3ADefaultApp%3A%3AEVVET3%20PR%20NEW%2FAER%3A%3Adimension%2FAER%20Id%3A%3Aattribute%3A%3Anoaggr%3A%3Axsd%3Adouble=365492&_xt=AER&_xf=pdf""> AER </a>",2013-06-14 00:00:00,Unknown,France,FEMALE,Dog,Retriever - Labrador,"CARBESIA, CARBESIA SOLUTION INJECTABLE POUR BOVINS ET CHIENS, Metacam 5 mg/ml - Solution for injection (cats, dogs), Metacam 5 mg/ml - Solution for injection (cattle, pigs), Metacam 5 mg/ml - Solution for injection (dogs)","Death, Recumbency, Vomiting",1,1,1
FR-ANMV-13 CPVL 01134,"<a target=""_blank""  href=""/xmlpserver/EVVET3 PW NEW/Subject Area Contents/Public Website/Report (PDF)/AER.xdo?_xpf=&_xpt=1&_params%2FOracle%20BI%20EE%3A%3ADefaultApp%3A%3AEVVET3%20PR%20NEW%2FAER%3A%3Adimension%2FAER%20Id%3A%3Aattribute%3A%3Anoaggr%3A%3Axsd%3Adouble=367167&_xt=AER&_xf=pdf""> AER </a>",2013-07-05 00:00:00,Veterinarian,France,MALE,Dog,Spaniel - Cocker English,Metacam 1.5 mg/ml - Oral suspension (dogs),"Apathy, Death by euthanasia, Dehydration, Elevated serum alkaline phosphatase (ALP), Hypothermia, Lateral recumbency, Vomiting",1,1,1
FR-ANMV-13 CPVL 01204,"<a target=""_blank""  href=""/xmlpserver/EVVET3 PW NEW/Subject Area Contents/Public Website/Report (PDF)/AER.xdo?_xpf=&_xpt=1&_params%2FOracle%20BI%20EE%3A%3ADefaultApp%3A%3AEVVET3%20PR%20NEW%2FAER%3A%3Adimension%2FAER%20Id%3A%3Aattribute%3A%3Anoaggr%3A%3Axsd%3Adouble=368839&_xt=AER&_xf=pdf""> AER </a>",2013-07-25 00:00:00,Veterinarian,France,FEMALE,Dog,Pointing Dog - German Short-haired,"EMEPRID 1 MG/ML ORAL SOLUTION FOR DOGS AND CATS, Metacam 2 mg/ml - Solution for injection (cats), Metacam 20 mg/ml - Solution for injection (cattle, pigs, horses), Metacam 40 mg/ml - Solution for injection (cattle, horses), Metacam 5 mg/ml - Solution for injection (cats, dogs), Metacam 5 mg/ml - Solution for injection (cattle, pigs), Metacam 5 mg/ml - Solution for injection (dogs), PHOSPHALUVET GEL ORAL",Facial swelling (see also Skin),1,1,
FR-ANMV-13 CPVL 01279,"<a target=""_blank""  href=""/xmlpserver/EVVET3 PW NEW/Subject Area Contents/Public Website/Report (PDF)/AER.xdo?_xpf=&_xpt=1&_params%2FOracle%20BI%20EE%3A%3ADefaultApp%3A%3AEVVET3%20PR%20NEW%2FAER%3A%3Adimension%2FAER%20Id%3A%3Aattribute%3A%3Anoaggr%3A%3Axsd%3Adouble=372712&_xt=AER&_xf=pdf""> AER </a>",2013-09-09 00:00:00,Veterinarian,France,MALE,Dog,Rottweiler,"Cimalgex 80 mg - Chewable tablet, Metacam 1.5 mg/ml - Oral suspension (dogs)",Panting,1,1,
FR-ANMV-13 CPVL 01344,"<a target=""_blank""  href=""/xmlpserver/EVVET3 PW NEW/Subject Area Contents/Public Website/Report (PDF)/AER.xdo?_xpf=&_xpt=1&_params%2FOracle%20BI%20EE%3A%3ADefaultApp%3A%3AEVVET3%20PR%20NEW%2FAER%3A%3Adimension%2FAER%20Id%3A%3Aattribute%3A%3Anoaggr%3A%3Axsd%3Adouble=375753&_xt=AER&_xf=pdf""> AER </a>",2013-10-11 00:00:00,Veterinarian,France,FEMALE,Dog,Collie - Bearded,"Butador 10 mg/ml solution for injection for horses, dogs and cats, Butomidor 10 mg/ml Injektionslösung für Pferde, Hunde und Katzen, CLAMOXYL L.A. Инжекционен, CLAMOXYL L.A., Injekční suspenze, CLAMOXYL LA, CLAMOXYL LA Sospensione iniettabile, 150 mg/ml , per cani e gatti, CLAMOXYL LA ΕΝΕΣΙΜΟ ΕΝΑΙΩΡΗΜΑ, Clamoxyl L.A. 150 mg/ml Zawiesina do wstrzykiwań, Clamoxyl LA, Clamoxyl LA 150 mg/ ml suspensão injetável para bovinos, ovinos, caprinos, suínos, cães e gatos, Clamoxyl LA 150 mg/ml injekčná suspenzia, Dexdomitor 0.5 mg/ml - Solution for injection, Metacam 5 mg/ml - Solution for injection (cats, dogs), Metacam 5 mg/ml - Solution for injection (cattle, pigs), Metacam 5 mg/ml - Solution for injection (dogs), Narcostop 5 mg/ml, solution for injection for cats and dogs","Head tilt - ear disorder, Impaired vision, Nystagmus, Vomiting",1,1,
FR-ANMV-13 CPVL 01742,"<a target=""_blank""  href=""/xmlpserver/EVVET3 PW NEW/Subject Area Contents/Public Website/Report (PDF)/AER.xdo?_xpf=&_xpt=1&_params%2FOracle%20BI%20EE%3A%3ADefaultApp%3A%3AEVVET3%20PR%20NEW%2FAER%3A%3Adimension%2FAER%20Id%3A%3Aattribute%3A%3Anoaggr%3A%3Axsd%3Adouble=373946&_xt=AER&_xf=pdf""> AER </a>",2013-09-23 00:00:00,Veterinarian,France,MALE,Dog,Unknown,"DEXADRESON, DEXADRESON 2 MG/ML SOLUTION INJECTABLE POUR CHEVAUX BOVINS CAPRINS PORCINS CHIENS ET CHATS, DEXADRESON 2 mg/ml injekčný roztok, DEXADRESON 2MG/ML ΕΝΕΣΙΜΟ ΔΙΑΛΥΜΑ, DEXADRESON, 2 mg/ml Soluzione iniettabile per cavalli non destinati alla produzione di alimenti per il consumo umano, cani e gatti, DEXADRESON, 2 mg/ml Soluzione iniettabile per cavalli, bovini, suini, capre, cani e gatti, Dexadreson 2 mg/ml oldatos injekció szarvasmarhák,lovak,sertések,kutyák és macskák részére A.U.V., Dexadreson 2 mg/ml solution for injection, Dexadreson 2 mg/ml, ενέσιμο διάλυμα, Dexadreson 2,0 mg/ml oplossing voor injectie voor hond en kat, Dexadreson 2,0 mg/ml oplossing voor injectie voor rund, Dexadreson Vet. 2 mg/ml injektionsvæske, opløsning, Dexadreson, 2mg/ml, Injekční roztok, Dexadreson® vet., solution for injection, Metacam 5 mg/ml - Solution for injection (cats, dogs), Metacam 5 mg/ml - Solution for injection (cattle, pigs), Metacam 5 mg/ml - Solution for injection (dogs), Previcox 227 mg - Chewable tablet","Abdominal pain, Apathy, Elevated blood urea nitrogen (BUN), Elevated creatinine, Elevated serum alkaline phosphatase (ALP), Gastric perforation, Peritonitis, Pyloric ulcer, Vomiting",1,1,
FR-ANMV-13 CPVL 01797,"<a target=""_blank""  href=""/xmlpserver/EVVET3 PW NEW/Subject Area Contents/Public Website/Report (PDF)/AER.xdo?_xpf=&_xpt=1&_params%2FOracle%20BI%20EE%3A%3ADefaultApp%3A%3AEVVET3%20PR%20NEW%2FAER%3A%3Adimension%2FAER%20Id%3A%3Aattribute%3A%3Anoaggr%3A%3Axsd%3Adouble=374451&_xt=AER&_xf=pdf""> AER </a>",2013-09-27 00:00:00,Veterinarian,France,MIXED,Dog,Bulldog - French,"Metacam 5 mg/ml - Solution for injection (cats, dogs), Metacam 5 mg/ml - Solution for injection (cattle, pigs), Metacam 5 mg/ml - Solution for injection (dogs)",Unexplained death,3,6,3
FR-ANMV-13 CPVL 01850,"<a target=""_blank""  href=""/xmlpserver/EVVET3 PW NEW/Subject Area Contents/Public Website/Report (PDF)/AER.xdo?_xpf=&_xpt=1&_params%2FOracle%20BI%20EE%3A%3ADefaultApp%3A%3AEVVET3%20PR%20NEW%2FAER%3A%3Adimension%2FAER%20Id%3A%3Aattribute%3A%3Anoaggr%3A%3Axsd%3Adouble=381423&_xt=AER&_xf=pdf""> AER </a>",2013-12-06 00:00:00,Veterinarian,France,FEMALE,Dog,Dog (other),"CLAMOXYL L.A. Инжекционен, CLAMOXYL L.A., Injekční suspenze, CLAMOXYL LA, CLAMOXYL LA Sospensione iniettabile, 150 mg/ml , per cani e gatti, CLAMOXYL LA ΕΝΕΣΙΜΟ ΕΝΑΙΩΡΗΜΑ, Clamoxyl L.A. 150 mg/ml Zawiesina do wstrzykiwań, Clamoxyl LA, Clamoxyl LA 150 mg/ ml suspensão injetável para bovinos, ovinos, caprinos, suínos, cães e gatos, Clamoxyl LA 150 mg/ml injekčná suspenzia, DOMITOR 1 mg/ml raztopina za injiciranje za pse in mačke, DOMITOR 1 mg/ml ενέσιμο διάλυμα για σκύλους και γάτες, DOMITOR 1 mg/ml, soluție injectabilă pentru câini și pisici, DOMITOR, 1 mg/mL, otopina za injekciju za pse i mačke, DOMITOR, 1mg/ml, Injekční roztok, DOMITOR, SOLUTION INJECTABLE, Domitor, Domitor 1 mg/1 ml, roztwór do wstrzykiwań dla psów i kotów, Domitor 1 mg/ml - Injektionslösung für Hunde und Katzen, Domitor 1 mg/ml Oplossing voor injectie, Domitor 1 mg/ml Solution injectable, Domitor 1 mg/ml injekčný roztok, Domitor 1 mg/ml oldatos injekció kutyáknak és macskáknak A.U.V., Domitor 1 mg/ml solution for injection, Domitor 1 mg/ml soluzione iniettabile per cani e gatti, Domitor Vet 1 mg/ml injekcinis tirpalas, Domitor Vet 1 mg/ml šķīdums injekcijām, Domitor Vet, 1 mg/ml süstelahus, Domitor Vet. 1 mg/ml injektionsvæske, opløsning, Domitor vet 1 mg/ml injektioneste, liuos, Domitor vet. 1 mg/ml Injektionsvätska, lösning, Domitor vet. 1 mg/ml injeksjonsvæske, oppløsning til hund og katt, IMALGENE 1000, IMALGENE 1000 100MG/ML ΕΝΕΣΙΜΟ ΔΙΑΛΥΜΑ, Imalgene 1000 100 mg/ ml solução injetável para cães e gatos, Metacam 5 mg/ml - Solution for injection (cats, dogs), Metacam 5 mg/ml - Solution for injection (cattle, pigs), Metacam 5 mg/ml - Solution for injection (dogs), Домитор Вет 1 mg/ml инжекционен разтвор за кучета и котки","Abnormal radiograph finding, Megaoesophagus, Regurgitation, Vomiting",2,3,
FR-ANMV-13 CPVL 01935,"<a target=""_blank""  href=""/xmlpserver/EVVET3 PW NEW/Subject Area Contents/Public Website/Report (PDF)/AER.xdo?_xpf=&_xpt=1&_params%2FOracle%20BI%20EE%3A%3ADefaultApp%3A%3AEVVET3%20PR%20NEW%2FAER%3A%3Adimension%2FAER%20Id%3A%3Aattribute%3A%3Anoaggr%3A%3Axsd%3Adouble=380108&_xt=AER&_xf=pdf""> AER </a>",2013-11-26 00:00:00,Veterinarian,France,FEMALE,Dog,Crossbred Canine/dog,"Metacam 1.5 mg/ml - Oral suspension (dogs), Metacam 5 mg/ml - Solution for injection (cats, dogs), Metacam 5 mg/ml - Solution for injection (cattle, pigs), Metacam 5 mg/ml - Solution for injection (dogs)","Polydipsia, Polyuria, Urinary incontinence",1,1,
FR-ANMV-13 CPVL 01936,"<a target=""_blank""  href=""/xmlpserver/EVVET3 PW NEW/Subject Area Contents/Public Website/Report (PDF)/AER.xdo?_xpf=&_xpt=1&_params%2FOracle%20BI%20EE%3A%3ADefaultApp%3A%3AEVVET3%20PR%20NEW%2FAER%3A%3Adimension%2FAER%20Id%3A%3Aattribute%3A%3Anoaggr%3A%3Axsd%3Adouble=380110&_xt=AER&_xf=pdf""> AER </a>",2013-11-26 00:00:00,Veterinarian,France,FEMALE,Dog,Shepherd Dog - German,"Metacam 1.5 mg/ml - Oral suspension (dogs), Metacam 5 mg/ml - Solution for injection (cats, dogs), Metacam 5 mg/ml - Solution for injection (cattle, pigs), Metacam 5 mg/ml - Solution for injection (dogs), RILEXINE COMPRIMES 300 MG, RILEXINE COMPRIMES 600 MG","Polydipsia, Polyuria",1,1,
FR-ANMV-13 CPVL 01997,"<a target=""_blank""  href=""/xmlpserver/EVVET3 PW NEW/Subject Area Contents/Public Website/Report (PDF)/AER.xdo?_xpf=&_xpt=1&_params%2FOracle%20BI%20EE%3A%3ADefaultApp%3A%3AEVVET3%20PR%20NEW%2FAER%3A%3Adimension%2FAER%20Id%3A%3Aattribute%3A%3Anoaggr%3A%3Axsd%3Adouble=378040&_xt=AER&_xf=pdf""> AER </a>",2013-11-07 00:00:00,Veterinarian,France,MALE,Dog,Shih Tzu,Metacam 1.5 mg/ml - Oral suspension (dogs),"Anaemia NOS, Ataxia, Coma, Death, Muscle tremor, Renal failure",1,1,1
FR-ANMV-13 CPVL 02096,"<a target=""_blank""  href=""/xmlpserver/EVVET3 PW NEW/Subject Area Contents/Public Website/Report (PDF)/AER.xdo?_xpf=&_xpt=1&_params%2FOracle%20BI%20EE%3A%3ADefaultApp%3A%3AEVVET3%20PR%20NEW%2FAER%3A%3Adimension%2FAER%20Id%3A%3Aattribute%3A%3Anoaggr%3A%3Axsd%3Adouble=382073&_xt=AER&_xf=pdf""> AER </a>",2013-12-12 00:00:00,Veterinarian,France,FEMALE,Dog,Brittany,"Activyl Tick Plus 150 mg/ml indoxacarb + 480 mg/ml permethrin - Spot-on solution, Metacam 1.5 mg/ml - Oral suspension (dogs)","Abnormal pupil light reflex, Adipsia, Anorexia, Apathy, Depressed ocular reflex, Vomiting",1,1,
FR-DEBIAHP-2010FR00072,"<a target=""_blank""  href=""/xmlpserver/EVVET3 PW NEW/Subject Area Contents/Public Website/Report (PDF)/AER.xdo?_xpf=&_xpt=1&_params%2FOracle%20BI%20EE%3A%3ADefaultApp%3A%3AEVVET3%20PR%20NEW%2FAER%3A%3Adimension%2FAER%20Id%3A%3Aattribute%3A%3Anoaggr%3A%3Axsd%3Adouble=360165&_xt=AER&_xf=pdf""> AER </a>",2013-04-16 00:00:00,Other health care professional,France,UNKNOWN,Dog,Dog (other),"EMEPRID 1 MG/ML ORAL SOLUTION FOR DOGS AND CATS, EMEPRID 5 MG/ML SOLUTION FOR INJECTION FOR DOGS AND CATS, EMEPRID COMPRIMES, Metacam 5 mg/ml - Solution for injection (cats, dogs), Metacam 5 mg/ml - Solution for injection (cattle, pigs), Metacam 5 mg/ml - Solution for injection (dogs)","Agitation, Muscle tremor, Paresis, Pruritus, Stupor",1,1,
FR-DEBIAHP-2010FR00084,"<a target=""_blank""  href=""/xmlpserver/EVVET3 PW NEW/Subject Area Contents/Public Website/Report (PDF)/AER.xdo?_xpf=&_xpt=1&_params%2FOracle%20BI%20EE%3A%3ADefaultApp%3A%3AEVVET3%20PR%20NEW%2FAER%3A%3Adimension%2FAER%20Id%3A%3Aattribute%3A%3Anoaggr%3A%3Axsd%3Adouble=362060&_xt=AER&_xf=pdf""> AER </a>",2013-05-03 00:00:00,Other health care professional,France,MALE,Dog,Crossbred Canine/dog,Metacam 1.5 mg/ml - Oral suspension (dogs),"Agitation, Depression",1,1,
FR-DEBIAHP-2010FR00092,"<a target=""_blank""  href=""/xmlpserver/EVVET3 PW NEW/Subject Area Contents/Public Website/Report (PDF)/AER.xdo?_xpf=&_xpt=1&_params%2FOracle%20BI%20EE%3A%3ADefaultApp%3A%3AEVVET3%20PR%20NEW%2FAER%3A%3Adimension%2FAER%20Id%3A%3Aattribute%3A%3Anoaggr%3A%3Axsd%3Adouble=362061&_xt=AER&_xf=pdf""> AER </a>",2013-05-03 00:00:00,Other health care professional,France,FEMALE,Dog,Retriever - Labrador,Metacam 1.5 mg/ml - Oral suspension (dogs),"Haemorrhagic diarrhoea, Inappetence, Leukopenia NOS, Renal failure, Vomiting",1,1,
FR-DEBIAHP-2010FR00094,"<a target=""_blank""  href=""/xmlpserver/EVVET3 PW NEW/Subject Area Contents/Public Website/Report (PDF)/AER.xdo?_xpf=&_xpt=1&_params%2FOracle%20BI%20EE%3A%3ADefaultApp%3A%3AEVVET3%20PR%20NEW%2FAER%3A%3Adimension%2FAER%20Id%3A%3Aattribute%3A%3Anoaggr%3A%3Axsd%3Adouble=360175&_xt=AER&_xf=pdf""> AER </a>",2013-04-16 00:00:00,Veterinarian,France,UNKNOWN,Dog,Retriever - Labrador,"FORTEKOR 2,5 COMPRIMES POUR CHATS ET CHIENS, FORTEKOR 2,5 compresse per cani di piccola taglia e gatti, FORTEKOR 2,5 mg comprimés pour chiens et chats, FORTEKOR 20 Compresse rivestite con film per cani, FORTEKOR 5 Compresse rivestite con film per cani e gatti, FORTEKOR F 20 COMPRIMES POUR CHIENS, FORTEKOR F 5 COMPRIMES POUR CHATS ET CHIENS, Fortekor 2,5 mg  Tablet, Fortekor 2,5 mg, tabletten voor honden en katten, Fortekor 2.5 mg tablets for cats and dogs, Fortekor Gourmet 2,5 mg, Fortekor Vet. 2,5 mg tabletter, Fortekor Vet. 20 mg tabletter, Fortekor Vet. 5 mg tabletter, Fortekor vet. 2,5 mg Tablett, Fortekor vet. 2,5 mg tabletit kissoille ja koirille, Fortekor vet. 2,5 mg, tabletter til hund og katt, Fortekor vet. 20 mg Tablett, Fortekor vet. 20 mg tabletit koirille, Fortekor vet. 20 mg, tabletter til hund, Fortekor vet. 5 mg Tablett, Fortekor vet. 5 mg tabletit kissoille ja koirille, Fortekor vet. 5 mg, tabletter til hund og katt, Metacam 1.5 mg/ml - Oral suspension (dogs)","Depression, Diarrhoea, Pancreas endocrine disorder NOS, Prostate hyperplasia, Vomiting",1,1,
FR-DEBIAHP-2010FR00096,"<a target=""_blank""  href=""/xmlpserver/EVVET3 PW NEW/Subject Area Contents/Public Website/Report (PDF)/AER.xdo?_xpf=&_xpt=1&_params%2FOracle%20BI%20EE%3A%3ADefaultApp%3A%3AEVVET3%20PR%20NEW%2FAER%3A%3Adimension%2FAER%20Id%3A%3Aattribute%3A%3Anoaggr%3A%3Axsd%3Adouble=362062&_xt=AER&_xf=pdf""> AER </a>",2013-05-03 00:00:00,Veterinarian,France,MALE,Dog,Retriever - Labrador,Metacam 1.5 mg/ml - Oral suspension (dogs),Red blood cell disorder,1,1,
FR-DEBIAHP-2010FR00097,"<a target=""_blank""  href=""/xmlpserver/EVVET3 PW NEW/Subject Area Contents/Public Website/Report (PDF)/AER.xdo?_xpf=&_xpt=1&_params%2FOracle%20BI%20EE%3A%3ADefaultApp%3A%3AEVVET3%20PR%20NEW%2FAER%3A%3Adimension%2FAER%20Id%3A%3Aattribute%3A%3Anoaggr%3A%3Axsd%3Adouble=363198&_xt=AER&_xf=pdf""> AER </a>",2013-05-17 00:00:00,Veterinarian,France,FEMALE,Dog,Dog (other),"Metacam 5 mg/ml - Solution for injection (cats, dogs), Metacam 5 mg/ml - Solution for injection (cattle, pigs), Metacam 5 mg/ml - Solution for injection (dogs)","Haematemesis, Sudden death",1,1,
FR-DEBIAHP-2010FR00098,"<a target=""_blank""  href=""/xmlpserver/EVVET3 PW NEW/Subject Area Contents/Public Website/Report (PDF)/AER.xdo?_xpf=&_xpt=1&_params%2FOracle%20BI%20EE%3A%3ADefaultApp%3A%3AEVVET3%20PR%20NEW%2FAER%3A%3Adimension%2FAER%20Id%3A%3Aattribute%3A%3Anoaggr%3A%3Axsd%3Adouble=362067&_xt=AER&_xf=pdf""> AER </a>",2013-05-03 00:00:00,Veterinarian,France,FEMALE,Dog,Rottweiler,"Metacam 1.5 mg/ml - Oral suspension (dogs), Metacam 5 mg/ml - Solution for injection (cats, dogs), Metacam 5 mg/ml - Solution for injection (cattle, pigs), Metacam 5 mg/ml - Solution for injection (dogs)","Emesis, Haemorrhagic diarrhoea, Sudden death",1,1,
FR-DEBIAHP-2010FR00099,"<a target=""_blank""  href=""/xmlpserver/EVVET3 PW NEW/Subject Area Contents/Public Website/Report (PDF)/AER.xdo?_xpf=&_xpt=1&_params%2FOracle%20BI%20EE%3A%3ADefaultApp%3A%3AEVVET3%20PR%20NEW%2FAER%3A%3Adimension%2FAER%20Id%3A%3Aattribute%3A%3Anoaggr%3A%3Axsd%3Adouble=360176&_xt=AER&_xf=pdf""> AER </a>",2013-04-16 00:00:00,Other health care professional,France,FEMALE,Dog,Retriever - Labrador,"Metacam 1.5 mg/ml - Oral suspension (dogs), Metacam 5 mg/ml - Solution for injection (cats, dogs), Metacam 5 mg/ml - Solution for injection (cattle, pigs), Metacam 5 mg/ml - Solution for injection (dogs), VETERGESIC MULTIDOSE, 0.3MG/ML, SOLUTION FOR INJECTION FOR DOGS AND CATS","Anorexia, Elevated renal parameters, Polypnoea",1,1,
FR-DEBIAHP-2010FR00112,"<a target=""_blank""  href=""/xmlpserver/EVVET3 PW NEW/Subject Area Contents/Public Website/Report (PDF)/AER.xdo?_xpf=&_xpt=1&_params%2FOracle%20BI%20EE%3A%3ADefaultApp%3A%3AEVVET3%20PR%20NEW%2FAER%3A%3Adimension%2FAER%20Id%3A%3Aattribute%3A%3Anoaggr%3A%3Axsd%3Adouble=363199&_xt=AER&_xf=pdf""> AER </a>",2013-05-17 00:00:00,Veterinarian,France,MALE,Dog,Spaniel - King Charles,"Metacam 5 mg/ml - Solution for injection (cats, dogs), Metacam 5 mg/ml - Solution for injection (cattle, pigs), Metacam 5 mg/ml - Solution for injection (dogs)","Loss of consciousness, Seizure NOS",1,1,
FR-DEBIAHP-2010FR00116,"<a target=""_blank""  href=""/xmlpserver/EVVET3 PW NEW/Subject Area Contents/Public Website/Report (PDF)/AER.xdo?_xpf=&_xpt=1&_params%2FOracle%20BI%20EE%3A%3ADefaultApp%3A%3AEVVET3%20PR%20NEW%2FAER%3A%3Adimension%2FAER%20Id%3A%3Aattribute%3A%3Anoaggr%3A%3Axsd%3Adouble=362075&_xt=AER&_xf=pdf""> AER </a>",2013-05-03 00:00:00,Veterinarian,France,UNKNOWN,Dog,Dog (other),Metacam 1.5 mg/ml - Oral suspension (dogs),"Death, Digestive tract neoplasm NOS, Vomiting",1,1,
FR-DEBIAHP-2010FR00118,"<a target=""_blank""  href=""/xmlpserver/EVVET3 PW NEW/Subject Area Contents/Public Website/Report (PDF)/AER.xdo?_xpf=&_xpt=1&_params%2FOracle%20BI%20EE%3A%3ADefaultApp%3A%3AEVVET3%20PR%20NEW%2FAER%3A%3Adimension%2FAER%20Id%3A%3Aattribute%3A%3Anoaggr%3A%3Axsd%3Adouble=360188&_xt=AER&_xf=pdf""> AER </a>",2013-04-16 00:00:00,Veterinarian,France,FEMALE,Dog,Dog (other),"DUPHAMOX  LA, 150.0mg/ml, Injekční suspenze, DUPHAMOX LA, Duphamox LA 150 mg/ml Injektionssuspension für Rinder, Schweine, Schafe, Hunde, Katzen, Duphamox LA 150 mg/ml Suspensie voor injectie, Duphamox LA 150 mg/ml injekčná suspenzia, Duphamox Long Acting, 150mg/ml, solution injectable pour bovins, ovins et porcins, Metacam 5 mg/ml - Solution for injection (cats, dogs), Metacam 5 mg/ml - Solution for injection (cattle, pigs), Metacam 5 mg/ml - Solution for injection (dogs)","Ataxia, Falling, Head tilt - ear disorder",1,1,
FR-DEBIAHP-2010FR00122,"<a target=""_blank""  href=""/xmlpserver/EVVET3 PW NEW/Subject Area Contents/Public Website/Report (PDF)/AER.xdo?_xpf=&_xpt=1&_params%2FOracle%20BI%20EE%3A%3ADefaultApp%3A%3AEVVET3%20PR%20NEW%2FAER%3A%3Adimension%2FAER%20Id%3A%3Aattribute%3A%3Anoaggr%3A%3Axsd%3Adouble=360065&_xt=AER&_xf=pdf""> AER </a>",2013-04-15 00:00:00,Veterinarian,France,FEMALE,Dog,Terrier - Fox Wire,"DUPLOCILLINE, Metacam 1 mg - Chewable tablet (dogs), Metacam 5 mg/ml - Solution for injection (cats, dogs), Metacam 5 mg/ml - Solution for injection (cattle, pigs), Metacam 5 mg/ml - Solution for injection (dogs)","Anorexia, Apathy, Diarrhoea, Renal failure",1,1,
FR-DEBIAHP-2011FR00023,"<a target=""_blank""  href=""/xmlpserver/EVVET3 PW NEW/Subject Area Contents/Public Website/Report (PDF)/AER.xdo?_xpf=&_xpt=1&_params%2FOracle%20BI%20EE%3A%3ADefaultApp%3A%3AEVVET3%20PR%20NEW%2FAER%3A%3Adimension%2FAER%20Id%3A%3Aattribute%3A%3Anoaggr%3A%3Axsd%3Adouble=362316&_xt=AER&_xf=pdf""> AER </a>",2013-05-06 00:00:00,Veterinarian,France,MALE,Dog,Mountain Dog - Bernese,Metacam 1.5 mg/ml - Oral suspension (dogs),Haematuria,1,1,
FR-DEBIAHP-2011FR00026,"<a target=""_blank""  href=""/xmlpserver/EVVET3 PW NEW/Subject Area Contents/Public Website/Report (PDF)/AER.xdo?_xpf=&_xpt=1&_params%2FOracle%20BI%20EE%3A%3ADefaultApp%3A%3AEVVET3%20PR%20NEW%2FAER%3A%3Adimension%2FAER%20Id%3A%3Aattribute%3A%3Anoaggr%3A%3Axsd%3Adouble=362082&_xt=AER&_xf=pdf""> AER </a>",2013-05-03 00:00:00,Veterinarian,France,FEMALE,Dog,Newfoundland,Metacam 1.5 mg/ml - Oral suspension (dogs),"Dehydration, Haemorrhagic diarrhoea, Vomiting",1,1,
FR-DEBIAHP-2011FR00028,"<a target=""_blank""  href=""/xmlpserver/EVVET3 PW NEW/Subject Area Contents/Public Website/Report (PDF)/AER.xdo?_xpf=&_xpt=1&_params%2FOracle%20BI%20EE%3A%3ADefaultApp%3A%3AEVVET3%20PR%20NEW%2FAER%3A%3Adimension%2FAER%20Id%3A%3Aattribute%3A%3Anoaggr%3A%3Axsd%3Adouble=362083&_xt=AER&_xf=pdf""> AER </a>",2013-05-03 00:00:00,Veterinarian,France,UNKNOWN,Dog,Dog (other),Metacam 1.5 mg/ml - Oral suspension (dogs),Haematuria,1,1,
FR-DEBIAHP-2011FR00029,"<a target=""_blank""  href=""/xmlpserver/EVVET3 PW NEW/Subject Area Contents/Public Website/Report (PDF)/AER.xdo?_xpf=&_xpt=1&_params%2FOracle%20BI%20EE%3A%3ADefaultApp%3A%3AEVVET3%20PR%20NEW%2FAER%3A%3Adimension%2FAER%20Id%3A%3Aattribute%3A%3Anoaggr%3A%3Axsd%3Adouble=362084&_xt=AER&_xf=pdf""> AER </a>",2013-05-03 00:00:00,Veterinarian,France,UNKNOWN,Dog,Dog (other),Metacam 1.5 mg/ml - Oral suspension (dogs),Haemorrhagic gastritis,1,1,
FR-DEBIAHP-2011FR00040,"<a target=""_blank""  href=""/xmlpserver/EVVET3 PW NEW/Subject Area Contents/Public Website/Report (PDF)/AER.xdo?_xpf=&_xpt=1&_params%2FOracle%20BI%20EE%3A%3ADefaultApp%3A%3AEVVET3%20PR%20NEW%2FAER%3A%3Adimension%2FAER%20Id%3A%3Aattribute%3A%3Anoaggr%3A%3Axsd%3Adouble=363160&_xt=AER&_xf=pdf""> AER </a>",2013-05-17 00:00:00,Veterinarian,France,FEMALE,Dog,Shepherd Dog - German,"Butador 10 mg/ml solution for injection for horses, dogs and cats, Butomidor 10 mg/ml Injektionslösung für Pferde, Hunde und Katzen, CLAMOXYL 50G/100G ΚΟΝΙΣ ΓΙΑ ΠΟΣΙΜΟ ΔΙΑΛΥΜΑ, CLAMOXYL COMPRIME INTRA-UTERIN POUR BOVINS, CLAMOXYL COMPRIMES A 400 MG, CLAMOXYL Palatable Tablets 200 mg, CLAMOXYL Palatable Tablets 40 mg, CLAMOXYL Palatable Tablets 400 mg, CLAMOXYL SUSPENSION, CLAMOXYL Soluble Powder 50/100g, κόνις για πόσιμο διάλυμα ,ορνίθια κρεοπαραγωγής., Clamoxyl 200 mg 200 mg Tablet, Clamoxyl 200 mg, comprimés appétents pour chiens et chats, Clamoxyl Vet. 150 mg/ml injektionsvæske, suspension, Clamoxyl Vet. 200 mg tabletter, Clamoxyl vet. 150 mg/ml injeksjonsvæske, suspensjon til hund, katt, storfe inkludert kalv og svin., Clamoxyl vet. 200 mg tabletter, Ketamin 10 % šķīdums injekcijām suņiem un kaķiem, Ketamin 10%, Ketamin 100 mg/ml, Ketamine 10% oplossing voor injectie voor honden en katten, Ketamine 10% pro inj., oplossing voor injectie voor honden en katten, Ketamine 10% šķīdums injekcijām suņiem un kaķiem, Ketamine 10%, oplossing voor injectie voor honden en katten, Metacam 5 mg/ml - Solution for injection (cats, dogs), Metacam 5 mg/ml - Solution for injection (cattle, pigs), Metacam 5 mg/ml - Solution for injection (dogs), PAXMAN SOLUTION INJECTABLE POUR BOVINS, CHEVAUX, CHIENS ET CHATS, КЕТАМИН 10 %","Hyperventilation, Nasal discharge, Respiratory distress",1,1,
FR-DEBIAHP-2011FR00044,"<a target=""_blank""  href=""/xmlpserver/EVVET3 PW NEW/Subject Area Contents/Public Website/Report (PDF)/AER.xdo?_xpf=&_xpt=1&_params%2FOracle%20BI%20EE%3A%3ADefaultApp%3A%3AEVVET3%20PR%20NEW%2FAER%3A%3Adimension%2FAER%20Id%3A%3Aattribute%3A%3Anoaggr%3A%3Axsd%3Adouble=360068&_xt=AER&_xf=pdf""> AER </a>",2013-04-15 00:00:00,Veterinarian,France,UNKNOWN,Dog,Spaniel - King Charles,"Metacam 1 mg - Chewable tablet (dogs), Vetmedin 1,25 mg Kautabletten für Hunde",Vomiting,1,1,
FR-DEBIAHP-2011FR00046,"<a target=""_blank""  href=""/xmlpserver/EVVET3 PW NEW/Subject Area Contents/Public Website/Report (PDF)/AER.xdo?_xpf=&_xpt=1&_params%2FOracle%20BI%20EE%3A%3ADefaultApp%3A%3AEVVET3%20PR%20NEW%2FAER%3A%3Adimension%2FAER%20Id%3A%3Aattribute%3A%3Anoaggr%3A%3Axsd%3Adouble=360071&_xt=AER&_xf=pdf""> AER </a>",2013-04-15 00:00:00,Veterinarian,France,UNKNOWN,Dog,"Dog (other), Hound - Swiss - (Lucerne Hound (Luzerner Laufhund), Schwyz Hound (Schweizer Laufhund), Bernese Hound, Jura Hound)","Metacam 1 mg - Chewable tablet (dogs), Metacam 5 mg/ml - Solution for injection (cats, dogs), Metacam 5 mg/ml - Solution for injection (cattle, pigs), Metacam 5 mg/ml - Solution for injection (dogs)","Agitation, Vomiting",1,1,
FR-DEBIAHP-2011FR00153,"<a target=""_blank""  href=""/xmlpserver/EVVET3 PW NEW/Subject Area Contents/Public Website/Report (PDF)/AER.xdo?_xpf=&_xpt=1&_params%2FOracle%20BI%20EE%3A%3ADefaultApp%3A%3AEVVET3%20PR%20NEW%2FAER%3A%3Adimension%2FAER%20Id%3A%3Aattribute%3A%3Anoaggr%3A%3Axsd%3Adouble=362085&_xt=AER&_xf=pdf""> AER </a>",2013-05-03 00:00:00,Veterinarian,France,FEMALE,Dog,Retriever - Labrador,Metacam 1.5 mg/ml - Oral suspension (dogs),"Digestive tract disorder NOS, Pododermatitis, Pyoderma, Vomiting",1,1,
FR-DEBIAHP-2012FR00038,"<a target=""_blank""  href=""/xmlpserver/EVVET3 PW NEW/Subject Area Contents/Public Website/Report (PDF)/AER.xdo?_xpf=&_xpt=1&_params%2FOracle%20BI%20EE%3A%3ADefaultApp%3A%3AEVVET3%20PR%20NEW%2FAER%3A%3Adimension%2FAER%20Id%3A%3Aattribute%3A%3Anoaggr%3A%3Axsd%3Adouble=360674&_xt=AER&_xf=pdf""> AER </a>",2013-04-23 00:00:00,Veterinarian,France,FEMALE,Dog,"Dog (other), Hound - Swiss - (Lucerne Hound (Luzerner Laufhund), Schwyz Hound (Schweizer Laufhund), Bernese Hound, Jura Hound)",Metacam 2.5 mg - Chewable tablet (dogs),Aggression,1,1,
FR-DEBIAHP-2012FR00077,"<a target=""_blank""  href=""/xmlpserver/EVVET3 PW NEW/Subject Area Contents/Public Website/Report (PDF)/AER.xdo?_xpf=&_xpt=1&_params%2FOracle%20BI%20EE%3A%3ADefaultApp%3A%3AEVVET3%20PR%20NEW%2FAER%3A%3Adimension%2FAER%20Id%3A%3Aattribute%3A%3Anoaggr%3A%3Axsd%3Adouble=363180&_xt=AER&_xf=pdf""> AER </a>",2013-05-17 00:00:00,Veterinarian,France,FEMALE,Dog,Bulldog,"Metacam 5 mg/ml - Solution for injection (cats, dogs), Metacam 5 mg/ml - Solution for injection (cattle, pigs), Metacam 5 mg/ml - Solution for injection (dogs)","Eyelid oedema, Quincke's oedema",1,1,
FR-DEBIAHP-2012FR00078,"<a target=""_blank""  href=""/xmlpserver/EVVET3 PW NEW/Subject Area Contents/Public Website/Report (PDF)/AER.xdo?_xpf=&_xpt=1&_params%2FOracle%20BI%20EE%3A%3ADefaultApp%3A%3AEVVET3%20PR%20NEW%2FAER%3A%3Adimension%2FAER%20Id%3A%3Aattribute%3A%3Anoaggr%3A%3Axsd%3Adouble=362086&_xt=AER&_xf=pdf""> AER </a>",2013-05-03 00:00:00,Veterinarian,France,FEMALE,Dog,Retriever - Labrador,"Metacam 1.5 mg/ml - Oral suspension (dogs), Metacam 5 mg/ml - Solution for injection (cats, dogs), Metacam 5 mg/ml - Solution for injection (cattle, pigs), Metacam 5 mg/ml - Solution for injection (dogs), PEN-HISTA-STREP, SYNULOX (200+50)MG/TAB ΔΙΣΚΙΟ, SYNULOX (40+10)MG/TAB ΔΙΣΚΙΟ, SYNULOX 140 mg/ml + 35 mg/ml suspensión inyectable, SYNULOX 200 mg/50 mg tablety pre psy a mačky, SYNULOX 200/50 mg COMPRIMIDOS APETITOSOS PARA PERROS, SYNULOX 250 COMPRIMES POUR CHIENS, SYNULOX 250 mg, SYNULOX 250 mg kramtomosios tabletės šunims ir katėms, SYNULOX 250 mg tablete za pse in mačke, SYNULOX 250mg, δισκία για σκύλους και γάτες, SYNULOX 40 mg/10 mg tablety pre psy a mačky, SYNULOX 40 mg/ml + 10 mg/ml POLVO PARA GOTAS ORALES EN SUSPENSION, SYNULOX 40/10 MG COMPRIMIDOS APETITOSOS PARA PERROS Y GATOS, SYNULOX 400 mg/100 mg tablety pre psy, SYNULOX 400/100 mg COMPRIMIDOS APETITOSOS PARA PERROS, SYNULOX 50 COMPRIMES POUR CHIENS ET CHATS, SYNULOX 50 mg, SYNULOX 50 mg kramtomosios tabletės šunims ir katėms, SYNULOX 50 mg tablete za pse in mačke, SYNULOX 500 COMPRIMES POUR CHIENS, SYNULOX 500 mg kramtomosios tabletės šunims, SYNULOX 500 mg tablete za pse, SYNULOX 500 mg, kramtomosios tabletės šunims, SYNULOX 500MG/TAB ΔΙΣΚΙΟ, SYNULOX 50mg, δισκία για σκύλους και γάτες, SYNULOX OGIVETTES POUR VEAUX, SYNULOX SUSPENSION INJECTABLE POUR BOVINS, SYNULOX VET 140 mg/ml injektioneste, suspensio koiralle, kissalle ja sialle, SYNULOX suspensão injetável para suínos, bovinos, cães e gatos, SYNULOX vet 200 mg/50 mg tabletti, koiralle ja kissalle, SYNULOX vet 40 mg/10 mg tabletti, koiralle ja kissalle, SYNULOX vet 400 mg/100 mg tabletti, koiralle, SYNULOX, 400/100mg, Tableta, Synulox 250 mg Comprimés Appétents, Synulox 250 mg Smakelijke tabletten, Synulox 250 mg tabletes suņiem un kaķiem, Synulox 250 mg, tabletid koertele ja kassidele, Synulox 250 mg, таблетки за кучета и котки, Synulox 250mg (200 mg/50 mg)  Tabletten für Hunde, Synulox 50 mg Comprimés Appétents, Synulox 50 mg Smakelijke Tabletten, Synulox 50 mg tabletes suņiem un kaķiem, Synulox 50 mg, tabletid koertele ja kassidele, Synulox 50 mg, таблетки за кучета и котки, Synulox 500 mg Bolus 400 mg - 100 mg Omhulde tablet, Synulox 500 mg Comprimés Appétents, Synulox 500 mg Smakelijke Tabletten, Synulox 500 mg tabletes suņiem, Synulox 500 mg, tabletid koertele, Synulox 500mg (400 mg/100 mg) Tabletten für Hunde, Synulox 50mg (40 mg/10 mg) Tabletten für Hunde und Katzen, Synulox Bolus 500 mg, 400 mg + 100 mg comprimés enrobés pour veaux, Synulox Lactating Cow Intramammary suspension., Synulox Tabletki 250 mg, Synulox Tabletki 250 mg (200+50) mg/tablete; tabletes suņiem, Synulox Tabletki 50 mg, Synulox Tabletki 50 mg (40+10) mg/ tablete; tabletes suņiem un kaķiem, Synulox Tabletki 500 mg, Synulox Vet. til hund og kat 200 + 50 mg tabletter, Synulox Vet. til hund og kat 40 + 10 mg tabletter, Synulox Vet. til hund tabletter 400 + 100 mg, Synulox Vet. til kalve 400 + 100 mg tabletter, Synulox comprimidos palatáveis 250 mg para cães e gatos, Synulox comprimidos palatáveis 50 mg para cães e gatos, Synulox comprimidos palatáveis 500 mg para cães, Synulox vet 40 mg/ml jauhe oraalisuspensiota varten koiralle ja kissalle, Synulox vet. 200 mg tabletter for hund og katt, Synulox vet. 200 mg/50 mg Tablett, Synulox vet. 40 mg tabletter for hund og katt, Synulox vet. 40 mg/10 mg Tablett, Synulox vet. 400 mg tabletter for hund, Synulox vet. 400 mg/100 mg Tablett, Synulox, 200/50mg, Tableta, Synulox, 40/10mg, Tableta, Synulox-Kalb 400 mg/100 mg Filmtabletten für Rinder (Kälber)","Decreased appetite, Renal insufficiency, Vomiting",1,1,
FR-DEBIAHP-2012FR00091,"<a target=""_blank""  href=""/xmlpserver/EVVET3 PW NEW/Subject Area Contents/Public Website/Report (PDF)/AER.xdo?_xpf=&_xpt=1&_params%2FOracle%20BI%20EE%3A%3ADefaultApp%3A%3AEVVET3%20PR%20NEW%2FAER%3A%3Adimension%2FAER%20Id%3A%3Aattribute%3A%3Anoaggr%3A%3Axsd%3Adouble=360073&_xt=AER&_xf=pdf""> AER </a>",2013-04-15 00:00:00,Veterinarian,France,UNKNOWN,Dog,"Dog (other), Hound - Swiss - (Lucerne Hound (Luzerner Laufhund), Schwyz Hound (Schweizer Laufhund), Bernese Hound, Jura Hound)",Metacam 1 mg - Chewable tablet (dogs),Scratching,1,1,
FR-DEBIAHP-2012FR00111,"<a target=""_blank""  href=""/xmlpserver/EVVET3 PW NEW/Subject Area Contents/Public Website/Report (PDF)/AER.xdo?_xpf=&_xpt=1&_params%2FOracle%20BI%20EE%3A%3ADefaultApp%3A%3AEVVET3%20PR%20NEW%2FAER%3A%3Adimension%2FAER%20Id%3A%3Aattribute%3A%3Anoaggr%3A%3Axsd%3Adouble=362090&_xt=AER&_xf=pdf""> AER </a>",2013-05-03 00:00:00,Veterinarian,France,MALE,Dog,Shepherd Dog - Belgian Tervueren,Metacam 1.5 mg/ml - Oral suspension (dogs),Pyoderma,1,1,
FR-DEBIAHP-2012FR00139,"<a target=""_blank""  href=""/xmlpserver/EVVET3 PW NEW/Subject Area Contents/Public Website/Report (PDF)/AER.xdo?_xpf=&_xpt=1&_params%2FOracle%20BI%20EE%3A%3ADefaultApp%3A%3AEVVET3%20PR%20NEW%2FAER%3A%3Adimension%2FAER%20Id%3A%3Aattribute%3A%3Anoaggr%3A%3Axsd%3Adouble=362087&_xt=AER&_xf=pdf""> AER </a>",2013-05-03 00:00:00,Veterinarian,France,MALE,Dog,Spitz - American Eskimo Dog,Metacam 1.5 mg/ml - Oral suspension (dogs),Pemphigus foliaceus,1,1,
FR-DEBIAHP-2012FR00159,"<a target=""_blank""  href=""/xmlpserver/EVVET3 PW NEW/Subject Area Contents/Public Website/Report (PDF)/AER.xdo?_xpf=&_xpt=1&_params%2FOracle%20BI%20EE%3A%3ADefaultApp%3A%3AEVVET3%20PR%20NEW%2FAER%3A%3Adimension%2FAER%20Id%3A%3Aattribute%3A%3Anoaggr%3A%3Axsd%3Adouble=362088&_xt=AER&_xf=pdf""> AER </a>",2013-05-03 00:00:00,Veterinarian,France,MALE,Dog,Poodle - Standard,"KARSIVAN 100 COMPRIMES PELLICULES POUR CHIENS, KARSIVAN 100 RO, comprimate filmate pentru câini, KARSIVAN 100 mg, compresse per cani, KARSIVAN 50, KARSIVAN 50 COMPRIMES PELLICULES POUR CHIENS, KARSIVAN 50 mg COMPRIMIDOS RECUBIERTOS CON PELICULA PARA PERROS, KARSIVAN 50 mg, compresse per cani, Karsivan 100 apvalkotās tabletes iekšķīgai lietošanai suņiem, Karsivan 100 mg, Karsivan 100 mg filmom obalené tablety pre psy, Karsivan 100 mg filmsko obložene tablete za pse, Karsivan 100 mg tabletta A.U.V., Karsivan 100 mg, Filmtabletten für Hunde, Karsivan 100, 100 mg tabletės šunims, Karsivan 100, 100 mg õhukese polümeerikattega tabletid koertele, Karsivan 50 apvalkotās tabletes iekšķīgai lietošanai suņiem, Karsivan 50 mg, Karsivan 50 mg Omhulde tablet, Karsivan 50 mg Tabletka powlekana, Karsivan 50 mg apvalkotās tabletes, Karsivan 50 mg comprimés enrobés, Karsivan 50 mg filmom obalené tablety pre psy, Karsivan 50 mg filmsko obložene tablete za pse, Karsivan 50 mg tabletta A.U.V., Karsivan 50 mg, Filmtabletten für Hunde, Karsivan 50, 50 mg tabletės šunims, Karsivan 50, comprimidos revestidos para cães., Karsivan vet. 100 mg tabletter, filmdrasjerte, Karsivan vet. 50 mg tabletter, filmdrasjerte, Karsivan, 100mg, Potahované tablety, Karsivan, 50mg, Potahované tablety, Metacam 1.5 mg/ml - Oral suspension (dogs), PRILENAL 1 MG, TABLETS, PRILENAL 10 MG, TABLETS, PRILENAL 10MG/TAB ΔΙΣΚΙΟ, PRILENAL 2.5 MG, TABLETS, PRILENAL 20 MG, TABLETS, PRILENAL 20MG/TAB ΔΙΣΚΙΟ, PRILENAL 30 - 60 KG, PRILENAL 5 MG, TABLETS, PRILENAL 8 - 15 KG","Abnormal movement NOS, Dermatitis, Excoriation, Not sleeping, Pruritus, Skin inflammation NOS",1,1,
FR-DEBIAHP-2013FR00004,"<a target=""_blank""  href=""/xmlpserver/EVVET3 PW NEW/Subject Area Contents/Public Website/Report (PDF)/AER.xdo?_xpf=&_xpt=1&_params%2FOracle%20BI%20EE%3A%3ADefaultApp%3A%3AEVVET3%20PR%20NEW%2FAER%3A%3Adimension%2FAER%20Id%3A%3Aattribute%3A%3Anoaggr%3A%3Axsd%3Adouble=350047&_xt=AER&_xf=pdf""> AER </a>",2013-01-28 00:00:00,Veterinarian,France,FEMALE,Dog,Crossbred Canine/dog,"KESIUM 200 MG / 50 MG CHEWABLE TABLETS FOR DOGS, KESIUM 200 MG / 50 MG COMPRIMES A CROQUER POUR CHIENS, KESIUM 200 MG/50 MG ΜΑΣΩΜΕΝΟ ΔΙΣΚΙΟ, KESIUM 40 MG / 10 MG CHEWABLE TABLETS FOR CATS AND DOGS, KESIUM 40 MG / 10 MG COMPRIMES A CROQUER POUR CHATS ET CHIENS, KESIUM 40 MG/10 MG ΜΑΣΩΜΕΝΟ ΔΙΣΚΙΟ, KESIUM 400 MG / 100 MG CHEWABLE TABLETS FOR DOGS, KESIUM 400 MG/100 MG ΜΑΣΩΜΕΝΟ ΔΙΣΚΙΟ, KESIUM 50 MG / 12,5 MG CHEWABLE TABLETS FOR CATS AND DOGS, KESIUM 50 MG/12,5 MG ΜΑΣΩΜΕΝΟ ΔΙΣΚΙΟ, KESIUM 500 MG / 125 MG CHEWABLE TABLETS FOR DOGS, KESIUM 500 MG / 125 MG COMPRIMES A CROQUER POUR CHIENS, KESIUM 500 MG / 125 MG ΜΑΣΩΜΕΝΟ ΔΙΣΚΙΟ, Kesium 200 mg / 50 mg Chewable tablets for dogs, Kesium 40+10 mg tyggetabletter, Kesium 400 mg / 100 mg comprimidos mastigáveis para cães., Metacam 2.5 mg - Chewable tablet (dogs), Metacam 5 mg/ml - Solution for injection (cats, dogs), Metacam 5 mg/ml - Solution for injection (cattle, pigs), Metacam 5 mg/ml - Solution for injection (dogs)","Anaemia NOS, Death by euthanasia, Hyperthermia, Leukocytosis NOS, Nasal bleeding, Oral bleeding, Thrombocytopenia, Weakness",1,1,1
FR-DEBIAHP-2013FR00027,"<a target=""_blank""  href=""/xmlpserver/EVVET3 PW NEW/Subject Area Contents/Public Website/Report (PDF)/AER.xdo?_xpf=&_xpt=1&_params%2FOracle%20BI%20EE%3A%3ADefaultApp%3A%3AEVVET3%20PR%20NEW%2FAER%3A%3Adimension%2FAER%20Id%3A%3Aattribute%3A%3Anoaggr%3A%3Axsd%3Adouble=359896&_xt=AER&_xf=pdf""> AER </a>",2013-04-12 00:00:00,Veterinarian,France,UNKNOWN,Dog,Crossbred Canine/dog,"Metacam 5 mg/ml - Solution for injection (cats, dogs), Metacam 5 mg/ml - Solution for injection (cattle, pigs), Metacam 5 mg/ml - Solution for injection (dogs)",Injection site abscess,1,1,
FR-DEBIAHP-2013FR00042,"<a target=""_blank""  href=""/xmlpserver/EVVET3 PW NEW/Subject Area Contents/Public Website/Report (PDF)/AER.xdo?_xpf=&_xpt=1&_params%2FOracle%20BI%20EE%3A%3ADefaultApp%3A%3AEVVET3%20PR%20NEW%2FAER%3A%3Adimension%2FAER%20Id%3A%3Aattribute%3A%3Anoaggr%3A%3Axsd%3Adouble=363903&_xt=AER&_xf=pdf""> AER </a>",2013-05-28 00:00:00,Veterinarian,France,FEMALE,Dog,Newfoundland,"Metacam 1 mg - Chewable tablet (dogs), Metacam 2.5 mg - Chewable tablet (dogs)","Apathy, Death, Hepatic insufficiency, Renal insufficiency",1,1,1
FR-DEBIAHP-2013FR00049,"<a target=""_blank""  href=""/xmlpserver/EVVET3 PW NEW/Subject Area Contents/Public Website/Report (PDF)/AER.xdo?_xpf=&_xpt=1&_params%2FOracle%20BI%20EE%3A%3ADefaultApp%3A%3AEVVET3%20PR%20NEW%2FAER%3A%3Adimension%2FAER%20Id%3A%3Aattribute%3A%3Anoaggr%3A%3Axsd%3Adouble=364328&_xt=AER&_xf=pdf""> AER </a>",2013-06-03 00:00:00,Veterinarian,France,FEMALE,Dog,Dog (other),"Metacam 5 mg/ml - Solution for injection (cats, dogs), Metacam 5 mg/ml - Solution for injection (cattle, pigs), Metacam 5 mg/ml - Solution for injection (dogs)","Death, Renal insufficiency",1,1,1
FR-DEBIAHP-2013FR00050,"<a target=""_blank""  href=""/xmlpserver/EVVET3 PW NEW/Subject Area Contents/Public Website/Report (PDF)/AER.xdo?_xpf=&_xpt=1&_params%2FOracle%20BI%20EE%3A%3ADefaultApp%3A%3AEVVET3%20PR%20NEW%2FAER%3A%3Adimension%2FAER%20Id%3A%3Aattribute%3A%3Anoaggr%3A%3Axsd%3Adouble=365051&_xt=AER&_xf=pdf""> AER </a>",2013-06-10 00:00:00,Veterinarian,France,FEMALE,Dog,Bulldog - French,"Metacam 1.5 mg/ml - Oral suspension (dogs), PROPALIN, PROPALIN 40 mg/ml sirup za pse, PROPALIN 5% ΣΙΡΟΠΙ, PROPALIN, 40mg/ml, Sirup, Propalin 40 mg/ml xarope, Propalin Syrup, Propalin siirup, 40 mg/ml suukaudne siirup koertele, Propalin, 50 mg/mL, sirup, za pse, Propalin, 50 mg/ml, oplossing voor oraal gebruik voor honden","Eye haemorrhage, Glaucoma, Impaired vision, Vomiting",1,1,
FR-DEBIAHP-2013FR00079,"<a target=""_blank""  href=""/xmlpserver/EVVET3 PW NEW/Subject Area Contents/Public Website/Report (PDF)/AER.xdo?_xpf=&_xpt=1&_params%2FOracle%20BI%20EE%3A%3ADefaultApp%3A%3AEVVET3%20PR%20NEW%2FAER%3A%3Adimension%2FAER%20Id%3A%3Aattribute%3A%3Anoaggr%3A%3Axsd%3Adouble=369461&_xt=AER&_xf=pdf""> AER </a>",2013-08-01 00:00:00,Veterinarian,France,MALE,Dog,Terrier - Bull - Staffordshire,Metacam 2.5 mg - Chewable tablet (dogs),"Anaphylaxis, Pruritus, Urticaria",1,1,
FR-DEBIAHP-2013FR00108,"<a target=""_blank""  href=""/xmlpserver/EVVET3 PW NEW/Subject Area Contents/Public Website/Report (PDF)/AER.xdo?_xpf=&_xpt=1&_params%2FOracle%20BI%20EE%3A%3ADefaultApp%3A%3AEVVET3%20PR%20NEW%2FAER%3A%3Adimension%2FAER%20Id%3A%3Aattribute%3A%3Anoaggr%3A%3Axsd%3Adouble=376305&_xt=AER&_xf=pdf""> AER </a>",2013-10-18 00:00:00,Veterinarian,France,FEMALE,Dog,Retriever - Golden,"BRONCHO-SEDATYL, DEXADRESON, DEXADRESON 2 MG/ML SOLUTION INJECTABLE POUR CHEVAUX BOVINS CAPRINS PORCINS CHIENS ET CHATS, DEXADRESON 2 mg/ml injekčný roztok, DEXADRESON 2MG/ML ΕΝΕΣΙΜΟ ΔΙΑΛΥΜΑ, DEXADRESON, 2 mg/ml Soluzione iniettabile per cavalli non destinati alla produzione di alimenti per il consumo umano, cani e gatti, DEXADRESON, 2 mg/ml Soluzione iniettabile per cavalli, bovini, suini, capre, cani e gatti, Dexadreson 2 mg/ml oldatos injekció szarvasmarhák,lovak,sertések,kutyák és macskák részére A.U.V., Dexadreson 2 mg/ml solution for injection, Dexadreson 2 mg/ml, ενέσιμο διάλυμα, Dexadreson 2,0 mg/ml oplossing voor injectie voor hond en kat, Dexadreson 2,0 mg/ml oplossing voor injectie voor rund, Dexadreson Vet. 2 mg/ml injektionsvæske, opløsning, Dexadreson, 2mg/ml, Injekční roztok, Dexadreson® vet., solution for injection, Metacam 2.5 mg - Chewable tablet (dogs)","Death, Profuse bleeding, Vomiting",1,1,1
FR-DEBIAHP-2013FR00129,"<a target=""_blank""  href=""/xmlpserver/EVVET3 PW NEW/Subject Area Contents/Public Website/Report (PDF)/AER.xdo?_xpf=&_xpt=1&_params%2FOracle%20BI%20EE%3A%3ADefaultApp%3A%3AEVVET3%20PR%20NEW%2FAER%3A%3Adimension%2FAER%20Id%3A%3Aattribute%3A%3Anoaggr%3A%3Axsd%3Adouble=376597&_xt=AER&_xf=pdf""> AER </a>",2013-10-23 00:00:00,Veterinarian,France,FEMALE,Dog,Retriever - Golden,"Metacam 5 mg/ml - Solution for injection (cats, dogs), Metacam 5 mg/ml - Solution for injection (cattle, pigs), Metacam 5 mg/ml - Solution for injection (dogs)","Pruritus, Pyoderma, Urticarial erythema",1,1,
FR-DEBIAHP-2013FR00151,"<a target=""_blank""  href=""/xmlpserver/EVVET3 PW NEW/Subject Area Contents/Public Website/Report (PDF)/AER.xdo?_xpf=&_xpt=1&_params%2FOracle%20BI%20EE%3A%3ADefaultApp%3A%3AEVVET3%20PR%20NEW%2FAER%3A%3Adimension%2FAER%20Id%3A%3Aattribute%3A%3Anoaggr%3A%3Axsd%3Adouble=378985&_xt=AER&_xf=pdf""> AER </a>",2013-11-15 00:00:00,Veterinarian,France,MALE,Dog,Retriever - Labrador,Metacam 1.5 mg/ml - Oral suspension (dogs),"Duodenitis, Gastric ulcer, Gastritis, Vomiting, Weight loss",1,1,
GB-DEBIAHP-2010UK00090,"<a target=""_blank""  href=""/xmlpserver/EVVET3 PW NEW/Subject Area Contents/Public Website/Report (PDF)/AER.xdo?_xpf=&_xpt=1&_params%2FOracle%20BI%20EE%3A%3ADefaultApp%3A%3AEVVET3%20PR%20NEW%2FAER%3A%3Adimension%2FAER%20Id%3A%3Aattribute%3A%3Anoaggr%3A%3Axsd%3Adouble=361432&_xt=AER&_xf=pdf""> AER </a>",2013-04-30 00:00:00,Veterinarian,United Kingdom,MALE,Dog,Retriever - Labrador,"Metacam 1.5 mg/ml - Oral suspension (dogs), Metacam 5 mg/ml - Solution for injection (cats, dogs), Metacam 5 mg/ml - Solution for injection (cattle, pigs), Metacam 5 mg/ml - Solution for injection (dogs)","Itching, Reddening of the skin",1,1,
GB-DEBIAHP-2010UK00095,"<a target=""_blank""  href=""/xmlpserver/EVVET3 PW NEW/Subject Area Contents/Public Website/Report (PDF)/AER.xdo?_xpf=&_xpt=1&_params%2FOracle%20BI%20EE%3A%3ADefaultApp%3A%3AEVVET3%20PR%20NEW%2FAER%3A%3Adimension%2FAER%20Id%3A%3Aattribute%3A%3Anoaggr%3A%3Axsd%3Adouble=362077&_xt=AER&_xf=pdf""> AER </a>",2013-05-03 00:00:00,Veterinarian,United Kingdom,FEMALE,Dog,Spaniel - Springer English,"Metacam 1.5 mg/ml - Oral suspension (dogs), Metacam 5 mg/ml - Solution for injection (cats, dogs), Metacam 5 mg/ml - Solution for injection (cattle, pigs), Metacam 5 mg/ml - Solution for injection (dogs)",Bloody diarrhoea,1,1,
GB-DEBIAHP-2010UK00098,"<a target=""_blank""  href=""/xmlpserver/EVVET3 PW NEW/Subject Area Contents/Public Website/Report (PDF)/AER.xdo?_xpf=&_xpt=1&_params%2FOracle%20BI%20EE%3A%3ADefaultApp%3A%3AEVVET3%20PR%20NEW%2FAER%3A%3Adimension%2FAER%20Id%3A%3Aattribute%3A%3Anoaggr%3A%3Axsd%3Adouble=361433&_xt=AER&_xf=pdf""> AER </a>",2013-04-30 00:00:00,Veterinarian,United Kingdom,MALE,Dog,Retriever - Labrador,"Metacam 1.5 mg/ml - Oral suspension (dogs), Metacam 5 mg/ml - Solution for injection (cats, dogs), Metacam 5 mg/ml - Solution for injection (cattle, pigs), Metacam 5 mg/ml - Solution for injection (dogs)",Vomiting,1,1,
GB-DEBIAHP-2010UK00103,"<a target=""_blank""  href=""/xmlpserver/EVVET3 PW NEW/Subject Area Contents/Public Website/Report (PDF)/AER.xdo?_xpf=&_xpt=1&_params%2FOracle%20BI%20EE%3A%3ADefaultApp%3A%3AEVVET3%20PR%20NEW%2FAER%3A%3Adimension%2FAER%20Id%3A%3Aattribute%3A%3Anoaggr%3A%3Axsd%3Adouble=360178&_xt=AER&_xf=pdf""> AER </a>",2013-04-16 00:00:00,Veterinarian,United Kingdom,MALE,Dog,Setter - Irish Red,"LEVENTA 1MG/ML ΠΟΣΙΜΟ ΔΙΑΛΥΜΑ, Leventa 1 mg/ml oral solution for dogs, Metacam 1.5 mg/ml - Oral suspension (dogs)","Lethargy (see also Central nervous system depression in Neurological), Non-regenerative anaemia, Pale mucous membrane, Tarry or black stool (see also haemorrhagic diarrhoea)",1,1,
GB-DEBIAHP-2010UK00104,"<a target=""_blank""  href=""/xmlpserver/EVVET3 PW NEW/Subject Area Contents/Public Website/Report (PDF)/AER.xdo?_xpf=&_xpt=1&_params%2FOracle%20BI%20EE%3A%3ADefaultApp%3A%3AEVVET3%20PR%20NEW%2FAER%3A%3Adimension%2FAER%20Id%3A%3Aattribute%3A%3Anoaggr%3A%3Axsd%3Adouble=361434&_xt=AER&_xf=pdf""> AER </a>",2013-04-30 00:00:00,Veterinarian,United Kingdom,MALE,Dog,Spaniel - Springer English,Metacam 1.5 mg/ml - Oral suspension (dogs),Thrombocytopenia,1,1,
GB-DEBIAHP-2010UK00105,"<a target=""_blank""  href=""/xmlpserver/EVVET3 PW NEW/Subject Area Contents/Public Website/Report (PDF)/AER.xdo?_xpf=&_xpt=1&_params%2FOracle%20BI%20EE%3A%3ADefaultApp%3A%3AEVVET3%20PR%20NEW%2FAER%3A%3Adimension%2FAER%20Id%3A%3Aattribute%3A%3Anoaggr%3A%3Axsd%3Adouble=360180&_xt=AER&_xf=pdf""> AER </a>",2013-04-16 00:00:00,Veterinarian,United Kingdom,MALE,Dog,Terrier - Jack Russell,"Metacam 1.5 mg/ml - Oral suspension (dogs), Metacam 5 mg/ml - Solution for injection (cats, dogs), Metacam 5 mg/ml - Solution for injection (cattle, pigs), Metacam 5 mg/ml - Solution for injection (dogs), VETERGESIC MULTIDOSE, 0.3MG/ML, SOLUTION FOR INJECTION FOR DOGS AND CATS","Lethargy (see also Central nervous system depression in Neurological), Not eating, Tarry or black stool (see also haemorrhagic diarrhoea)",1,1,
GB-DEBIAHP-2010UK00106,"<a target=""_blank""  href=""/xmlpserver/EVVET3 PW NEW/Subject Area Contents/Public Website/Report (PDF)/AER.xdo?_xpf=&_xpt=1&_params%2FOracle%20BI%20EE%3A%3ADefaultApp%3A%3AEVVET3%20PR%20NEW%2FAER%3A%3Adimension%2FAER%20Id%3A%3Aattribute%3A%3Anoaggr%3A%3Axsd%3Adouble=360182&_xt=AER&_xf=pdf""> AER </a>",2013-04-16 00:00:00,Veterinarian,United Kingdom,MALE,Dog,Spaniel - Springer English,"Metacam 1.5 mg/ml - Oral suspension (dogs), VANGUARD 7, VANGUARD 7 liofilizado y suspension para suspension inyectable para perros, VANGUARD 7 sospensione iniettabile per cani, VANGUARD 7, liofilizat i suspenzija za suspenziju za injekciju, za pse, VANGUARD 7, ΚΟΝΙΣ ΓΙΑ ΕΝΕΣΙΜΟ ΕΝΑΙΩΡΗΜΑ, VANGUARD 7., Vanguard 7, Vanguard 7 pó e solvente para suspensão injetável, Vanguard 7 λυοφιλοποιημένο υλικό και εναιώρημα για την παρασκευή ενέσιμου εναιωρήματος για  σκύλους από την ηλικία των 6 εβδομάδων","Bloody diarrhoea, Diarrhoea, Lethargy (see also Central nervous system depression in Neurological), Tarry or black stool (see also haemorrhagic diarrhoea), Vomiting",1,1,
GB-DEBIAHP-2010UK00107,"<a target=""_blank""  href=""/xmlpserver/EVVET3 PW NEW/Subject Area Contents/Public Website/Report (PDF)/AER.xdo?_xpf=&_xpt=1&_params%2FOracle%20BI%20EE%3A%3ADefaultApp%3A%3AEVVET3%20PR%20NEW%2FAER%3A%3Adimension%2FAER%20Id%3A%3Aattribute%3A%3Anoaggr%3A%3Axsd%3Adouble=361435&_xt=AER&_xf=pdf""> AER </a>",2013-04-30 00:00:00,Veterinarian,United Kingdom,FEMALE,Dog,Crossbred Canine/dog,"Metacam 1.5 mg/ml - Oral suspension (dogs), Metacam 5 mg/ml - Solution for injection (cats, dogs), Metacam 5 mg/ml - Solution for injection (cattle, pigs), Metacam 5 mg/ml - Solution for injection (dogs)","Diarrhoea, Inappetence, Lethargy (see also Central nervous system depression in Neurological), Tarry or black stool (see also haemorrhagic diarrhoea), Vomiting",1,1,
GB-DEBIAHP-2010UK00111,"<a target=""_blank""  href=""/xmlpserver/EVVET3 PW NEW/Subject Area Contents/Public Website/Report (PDF)/AER.xdo?_xpf=&_xpt=1&_params%2FOracle%20BI%20EE%3A%3ADefaultApp%3A%3AEVVET3%20PR%20NEW%2FAER%3A%3Adimension%2FAER%20Id%3A%3Aattribute%3A%3Anoaggr%3A%3Axsd%3Adouble=360063&_xt=AER&_xf=pdf""> AER </a>",2013-04-15 00:00:00,Veterinarian,United Kingdom,MALE,Dog,Crossbred Canine/dog,"Metacam 1 mg - Chewable tablet (dogs), Metacam 5 mg/ml - Solution for injection (cats, dogs), Metacam 5 mg/ml - Solution for injection (cattle, pigs), Metacam 5 mg/ml - Solution for injection (dogs), VETERGESIC MULTIDOSE, 0.3MG/ML, SOLUTION FOR INJECTION FOR DOGS AND CATS",Vomiting,1,1,
GB-DEBIAHP-2010UK00118,"<a target=""_blank""  href=""/xmlpserver/EVVET3 PW NEW/Subject Area Contents/Public Website/Report (PDF)/AER.xdo?_xpf=&_xpt=1&_params%2FOracle%20BI%20EE%3A%3ADefaultApp%3A%3AEVVET3%20PR%20NEW%2FAER%3A%3Adimension%2FAER%20Id%3A%3Aattribute%3A%3Anoaggr%3A%3Axsd%3Adouble=361436&_xt=AER&_xf=pdf""> AER </a>",2013-04-30 00:00:00,Veterinarian,United Kingdom,MALE,Dog,Crossbred Canine/dog,Metacam 1.5 mg/ml - Oral suspension (dogs),Emesis,1,1,
GB-DEBIAHP-2010UK00121,"<a target=""_blank""  href=""/xmlpserver/EVVET3 PW NEW/Subject Area Contents/Public Website/Report (PDF)/AER.xdo?_xpf=&_xpt=1&_params%2FOracle%20BI%20EE%3A%3ADefaultApp%3A%3AEVVET3%20PR%20NEW%2FAER%3A%3Adimension%2FAER%20Id%3A%3Aattribute%3A%3Anoaggr%3A%3Axsd%3Adouble=360189&_xt=AER&_xf=pdf""> AER </a>",2013-04-16 00:00:00,Veterinarian,United Kingdom,FEMALE,Dog,Terrier - West Highland White,"ACEPROMAZINE 10%/AGROSEED CANDILIDIS ενέσιμο διάλυμα 10 mg/ml για σκύλο και γάτα, Metacam 5 mg/ml - Solution for injection (cats, dogs), Metacam 5 mg/ml - Solution for injection (cattle, pigs), Metacam 5 mg/ml - Solution for injection (dogs), VETERGESIC MULTIDOSE, 0.3MG/ML, SOLUTION FOR INJECTION FOR DOGS AND CATS",Uraemia,1,1,
GB-DEBIAHP-2010UK00137,"<a target=""_blank""  href=""/xmlpserver/EVVET3 PW NEW/Subject Area Contents/Public Website/Report (PDF)/AER.xdo?_xpf=&_xpt=1&_params%2FOracle%20BI%20EE%3A%3ADefaultApp%3A%3AEVVET3%20PR%20NEW%2FAER%3A%3Adimension%2FAER%20Id%3A%3Aattribute%3A%3Anoaggr%3A%3Axsd%3Adouble=361437&_xt=AER&_xf=pdf""> AER </a>",2013-04-30 00:00:00,Veterinarian,United Kingdom,MALE,Dog,Poodle - Toy,Metacam 1.5 mg/ml - Oral suspension (dogs),"Emesis, Inappetence, Lethargy (see also Central nervous system depression in Neurological), Melaena",1,1,
GB-DEBIAHP-2010UK00139,"<a target=""_blank""  href=""/xmlpserver/EVVET3 PW NEW/Subject Area Contents/Public Website/Report (PDF)/AER.xdo?_xpf=&_xpt=1&_params%2FOracle%20BI%20EE%3A%3ADefaultApp%3A%3AEVVET3%20PR%20NEW%2FAER%3A%3Adimension%2FAER%20Id%3A%3Aattribute%3A%3Anoaggr%3A%3Axsd%3Adouble=361438&_xt=AER&_xf=pdf""> AER </a>",2013-04-30 00:00:00,Veterinarian,United Kingdom,FEMALE,Dog,Terrier - Yorkshire,Metacam 1.5 mg/ml - Oral suspension (dogs),Vomiting,1,1,
GB-DEBIAHP-2010UK00140,"<a target=""_blank""  href=""/xmlpserver/EVVET3 PW NEW/Subject Area Contents/Public Website/Report (PDF)/AER.xdo?_xpf=&_xpt=1&_params%2FOracle%20BI%20EE%3A%3ADefaultApp%3A%3AEVVET3%20PR%20NEW%2FAER%3A%3Adimension%2FAER%20Id%3A%3Aattribute%3A%3Anoaggr%3A%3Axsd%3Adouble=361439&_xt=AER&_xf=pdf""> AER </a>",2013-04-30 00:00:00,Veterinarian,United Kingdom,FEMALE,Dog,Boxer (German Boxer),Metacam 1.5 mg/ml - Oral suspension (dogs),Vomiting,1,1,
GB-DEBIAHP-2010UK00149,"<a target=""_blank""  href=""/xmlpserver/EVVET3 PW NEW/Subject Area Contents/Public Website/Report (PDF)/AER.xdo?_xpf=&_xpt=1&_params%2FOracle%20BI%20EE%3A%3ADefaultApp%3A%3AEVVET3%20PR%20NEW%2FAER%3A%3Adimension%2FAER%20Id%3A%3Aattribute%3A%3Anoaggr%3A%3Axsd%3Adouble=361441&_xt=AER&_xf=pdf""> AER </a>",2013-04-30 00:00:00,Other health care professional,United Kingdom,FEMALE,Dog,Shih Tzu,Metacam 1.5 mg/ml - Oral suspension (dogs),Vomiting,1,1,
GB-DEBIAHP-2010UK00154,"<a target=""_blank""  href=""/xmlpserver/EVVET3 PW NEW/Subject Area Contents/Public Website/Report (PDF)/AER.xdo?_xpf=&_xpt=1&_params%2FOracle%20BI%20EE%3A%3ADefaultApp%3A%3AEVVET3%20PR%20NEW%2FAER%3A%3Adimension%2FAER%20Id%3A%3Aattribute%3A%3Anoaggr%3A%3Axsd%3Adouble=361442&_xt=AER&_xf=pdf""> AER </a>",2013-04-30 00:00:00,Veterinarian,United Kingdom,MALE,Dog,Poodle - Standard,Metacam 1.5 mg/ml - Oral suspension (dogs),"Diarrhoea, Haemorrhagic diarrhoea, Restlessness",1,1,
GB-DEBIAHP-2010UK00159,"<a target=""_blank""  href=""/xmlpserver/EVVET3 PW NEW/Subject Area Contents/Public Website/Report (PDF)/AER.xdo?_xpf=&_xpt=1&_params%2FOracle%20BI%20EE%3A%3ADefaultApp%3A%3AEVVET3%20PR%20NEW%2FAER%3A%3Adimension%2FAER%20Id%3A%3Aattribute%3A%3Anoaggr%3A%3Axsd%3Adouble=360564&_xt=AER&_xf=pdf""> AER </a>",2013-04-22 00:00:00,Veterinarian,United Kingdom,MALE,Dog,Retriever - Labrador,"Fuxien vet 1000 mg/g inhalaatiohöyry, neste, ISOFLURANE-Vet 1000 mg/g liquido per inalazione per cani e gatti, ISOFLURIN 1000mg/g ΥΓΡΟ ΓΙΑ ΕΙΣΠΝΕΟΜΕΝΟΥΣ ΑΤΜΟΥΣ, Isoflurane 100% Inhalation Vapour, Liquid, Isoflurane 1000 mg/g Inhalation Vapour, liquid., Metacam 1.5 mg/ml - Oral suspension (dogs), Metacam 5 mg/ml - Solution for injection (cats, dogs), Metacam 5 mg/ml - Solution for injection (cattle, pigs), Metacam 5 mg/ml - Solution for injection (dogs)",Haemorrhagic diarrhoea,1,1,
GB-DEBIAHP-2010UK00160,"<a target=""_blank""  href=""/xmlpserver/EVVET3 PW NEW/Subject Area Contents/Public Website/Report (PDF)/AER.xdo?_xpf=&_xpt=1&_params%2FOracle%20BI%20EE%3A%3ADefaultApp%3A%3AEVVET3%20PR%20NEW%2FAER%3A%3Adimension%2FAER%20Id%3A%3Aattribute%3A%3Anoaggr%3A%3Axsd%3Adouble=363152&_xt=AER&_xf=pdf""> AER </a>",2013-05-17 00:00:00,Veterinarian,United Kingdom,FEMALE,Dog,Deerhound - Scottish,"Metacam 5 mg/ml - Solution for injection (cats, dogs), Metacam 5 mg/ml - Solution for injection (cattle, pigs), Metacam 5 mg/ml - Solution for injection (dogs)",Haemorrhagic diarrhoea,1,1,
GB-DEBIAHP-2010UK00161,"<a target=""_blank""  href=""/xmlpserver/EVVET3 PW NEW/Subject Area Contents/Public Website/Report (PDF)/AER.xdo?_xpf=&_xpt=1&_params%2FOracle%20BI%20EE%3A%3ADefaultApp%3A%3AEVVET3%20PR%20NEW%2FAER%3A%3Adimension%2FAER%20Id%3A%3Aattribute%3A%3Anoaggr%3A%3Axsd%3Adouble=360565&_xt=AER&_xf=pdf""> AER </a>",2013-04-22 00:00:00,Veterinarian,United Kingdom,MALE,Dog,Spaniel - Cocker American,"Metacam 1.5 mg/ml - Oral suspension (dogs), Metacam 5 mg/ml - Solution for injection (cats, dogs), Metacam 5 mg/ml - Solution for injection (cattle, pigs), Metacam 5 mg/ml - Solution for injection (dogs)",Haemorrhagic diarrhoea,1,1,
GB-DEBIAHP-2010UK00162,"<a target=""_blank""  href=""/xmlpserver/EVVET3 PW NEW/Subject Area Contents/Public Website/Report (PDF)/AER.xdo?_xpf=&_xpt=1&_params%2FOracle%20BI%20EE%3A%3ADefaultApp%3A%3AEVVET3%20PR%20NEW%2FAER%3A%3Adimension%2FAER%20Id%3A%3Aattribute%3A%3Anoaggr%3A%3Axsd%3Adouble=363151&_xt=AER&_xf=pdf""> AER </a>",2013-05-17 00:00:00,Veterinarian,United Kingdom,FEMALE,Dog,Boxer (German Boxer),"Metacam 5 mg/ml - Solution for injection (cats, dogs), Metacam 5 mg/ml - Solution for injection (cattle, pigs), Metacam 5 mg/ml - Solution for injection (dogs)","Diarrhoea, Vomiting",1,1,
GB-DEBIAHP-2010UK00182,"<a target=""_blank""  href=""/xmlpserver/EVVET3 PW NEW/Subject Area Contents/Public Website/Report (PDF)/AER.xdo?_xpf=&_xpt=1&_params%2FOracle%20BI%20EE%3A%3ADefaultApp%3A%3AEVVET3%20PR%20NEW%2FAER%3A%3Adimension%2FAER%20Id%3A%3Aattribute%3A%3Anoaggr%3A%3Axsd%3Adouble=361443&_xt=AER&_xf=pdf""> AER </a>",2013-04-30 00:00:00,Veterinarian,United Kingdom,MALE,Dog,"Dog (other), Hound - Swiss - (Lucerne Hound (Luzerner Laufhund), Schwyz Hound (Schweizer Laufhund), Bernese Hound, Jura Hound)",Metacam 1.5 mg/ml - Oral suspension (dogs),Blood in faeces,1,1,
GB-DEBIAHP-2010UK00184,"<a target=""_blank""  href=""/xmlpserver/EVVET3 PW NEW/Subject Area Contents/Public Website/Report (PDF)/AER.xdo?_xpf=&_xpt=1&_params%2FOracle%20BI%20EE%3A%3ADefaultApp%3A%3AEVVET3%20PR%20NEW%2FAER%3A%3Adimension%2FAER%20Id%3A%3Aattribute%3A%3Anoaggr%3A%3Axsd%3Adouble=361444&_xt=AER&_xf=pdf""> AER </a>",2013-04-30 00:00:00,Veterinarian,United Kingdom,FEMALE,Dog,Collie - Border,Metacam 1.5 mg/ml - Oral suspension (dogs),Haemorrhagic diarrhoea,1,1,
GB-DEBIAHP-2010UK00185,"<a target=""_blank""  href=""/xmlpserver/EVVET3 PW NEW/Subject Area Contents/Public Website/Report (PDF)/AER.xdo?_xpf=&_xpt=1&_params%2FOracle%20BI%20EE%3A%3ADefaultApp%3A%3AEVVET3%20PR%20NEW%2FAER%3A%3Adimension%2FAER%20Id%3A%3Aattribute%3A%3Anoaggr%3A%3Axsd%3Adouble=360571&_xt=AER&_xf=pdf""> AER </a>",2013-04-22 00:00:00,Other health care professional,United Kingdom,MALE,Dog,Retriever - Labrador,"Metacam 1.5 mg/ml - Oral suspension (dogs), Metacam 5 mg/ml - Solution for injection (cats, dogs), Metacam 5 mg/ml - Solution for injection (cattle, pigs), Metacam 5 mg/ml - Solution for injection (dogs)","Bloody diarrhoea, Lethargy (see also Central nervous system depression in Neurological), Vomiting",1,1,
GB-DEBIAHP-2010UK00201,"<a target=""_blank""  href=""/xmlpserver/EVVET3 PW NEW/Subject Area Contents/Public Website/Report (PDF)/AER.xdo?_xpf=&_xpt=1&_params%2FOracle%20BI%20EE%3A%3ADefaultApp%3A%3AEVVET3%20PR%20NEW%2FAER%3A%3Adimension%2FAER%20Id%3A%3Aattribute%3A%3Anoaggr%3A%3Axsd%3Adouble=361445&_xt=AER&_xf=pdf""> AER </a>",2013-04-30 00:00:00,Veterinarian,United Kingdom,FEMALE,Dog,Dachshund - Standard Wire-haired,Metacam 1.5 mg/ml - Oral suspension (dogs),"Diarrhoea, Melaena",1,1,
GB-DEBIAHP-2010UK00204,"<a target=""_blank""  href=""/xmlpserver/EVVET3 PW NEW/Subject Area Contents/Public Website/Report (PDF)/AER.xdo?_xpf=&_xpt=1&_params%2FOracle%20BI%20EE%3A%3ADefaultApp%3A%3AEVVET3%20PR%20NEW%2FAER%3A%3Adimension%2FAER%20Id%3A%3Aattribute%3A%3Anoaggr%3A%3Axsd%3Adouble=360573&_xt=AER&_xf=pdf""> AER </a>",2013-04-22 00:00:00,Veterinarian,United Kingdom,MALE,Dog,Retriever - Labrador,Metacam 1.5 mg/ml - Oral suspension (dogs),"Liver failure, Vomiting",1,1,
GB-DEBIAHP-2010UK00205,"<a target=""_blank""  href=""/xmlpserver/EVVET3 PW NEW/Subject Area Contents/Public Website/Report (PDF)/AER.xdo?_xpf=&_xpt=1&_params%2FOracle%20BI%20EE%3A%3ADefaultApp%3A%3AEVVET3%20PR%20NEW%2FAER%3A%3Adimension%2FAER%20Id%3A%3Aattribute%3A%3Anoaggr%3A%3Axsd%3Adouble=361446&_xt=AER&_xf=pdf""> AER </a>",2013-04-30 00:00:00,Veterinarian,United Kingdom,FEMALE,Dog,"Dog (other), Hound - Swiss - (Lucerne Hound (Luzerner Laufhund), Schwyz Hound (Schweizer Laufhund), Bernese Hound, Jura Hound)",Metacam 1.5 mg/ml - Oral suspension (dogs),Partial lack of efficacy,1,1,
GB-DEBIAHP-2010UK00210,"<a target=""_blank""  href=""/xmlpserver/EVVET3 PW NEW/Subject Area Contents/Public Website/Report (PDF)/AER.xdo?_xpf=&_xpt=1&_params%2FOracle%20BI%20EE%3A%3ADefaultApp%3A%3AEVVET3%20PR%20NEW%2FAER%3A%3Adimension%2FAER%20Id%3A%3Aattribute%3A%3Anoaggr%3A%3Axsd%3Adouble=361447&_xt=AER&_xf=pdf""> AER </a>",2013-04-30 00:00:00,Other health care professional,United Kingdom,FEMALE,Dog,Spaniel - Springer English,Metacam 1.5 mg/ml - Oral suspension (dogs),"Conjunctivitis, Lameness, Lethargy (see also Central nervous system depression in Neurological), Oral bleeding, Polyphagia, Skin necrosis, Stomatitis, Vasculitis, Weakness",1,1,
GB-DEBIAHP-2010UK00216,"<a target=""_blank""  href=""/xmlpserver/EVVET3 PW NEW/Subject Area Contents/Public Website/Report (PDF)/AER.xdo?_xpf=&_xpt=1&_params%2FOracle%20BI%20EE%3A%3ADefaultApp%3A%3AEVVET3%20PR%20NEW%2FAER%3A%3Adimension%2FAER%20Id%3A%3Aattribute%3A%3Anoaggr%3A%3Axsd%3Adouble=361448&_xt=AER&_xf=pdf""> AER </a>",2013-04-30 00:00:00,Other health care professional,United Kingdom,FEMALE,Dog,Siberian Husky,Metacam 1.5 mg/ml - Oral suspension (dogs),"Crust, Dermatosis NOS",1,1,
GB-DEBIAHP-2010UK00217,"<a target=""_blank""  href=""/xmlpserver/EVVET3 PW NEW/Subject Area Contents/Public Website/Report (PDF)/AER.xdo?_xpf=&_xpt=1&_params%2FOracle%20BI%20EE%3A%3ADefaultApp%3A%3AEVVET3%20PR%20NEW%2FAER%3A%3Adimension%2FAER%20Id%3A%3Aattribute%3A%3Anoaggr%3A%3Axsd%3Adouble=360578&_xt=AER&_xf=pdf""> AER </a>",2013-04-22 00:00:00,Veterinarian,United Kingdom,FEMALE,Dog,Shepherd Dog - German,"Metacam 1.5 mg/ml - Oral suspension (dogs), SYNULOX (200+50)MG/TAB ΔΙΣΚΙΟ, SYNULOX (40+10)MG/TAB ΔΙΣΚΙΟ, SYNULOX 140 mg/ml + 35 mg/ml suspensión inyectable, SYNULOX 200 mg/50 mg tablety pre psy a mačky, SYNULOX 200/50 mg COMPRIMIDOS APETITOSOS PARA PERROS, SYNULOX 250 COMPRIMES POUR CHIENS, SYNULOX 250 mg, SYNULOX 250 mg kramtomosios tabletės šunims ir katėms, SYNULOX 250 mg tablete za pse in mačke, SYNULOX 250mg, δισκία για σκύλους και γάτες, SYNULOX 40 mg/10 mg tablety pre psy a mačky, SYNULOX 40 mg/ml + 10 mg/ml POLVO PARA GOTAS ORALES EN SUSPENSION, SYNULOX 40/10 MG COMPRIMIDOS APETITOSOS PARA PERROS Y GATOS, SYNULOX 400 mg/100 mg tablety pre psy, SYNULOX 400/100 mg COMPRIMIDOS APETITOSOS PARA PERROS, SYNULOX 50 COMPRIMES POUR CHIENS ET CHATS, SYNULOX 50 mg, SYNULOX 50 mg kramtomosios tabletės šunims ir katėms, SYNULOX 50 mg tablete za pse in mačke, SYNULOX 500 COMPRIMES POUR CHIENS, SYNULOX 500 mg kramtomosios tabletės šunims, SYNULOX 500 mg tablete za pse, SYNULOX 500 mg, kramtomosios tabletės šunims, SYNULOX 500MG/TAB ΔΙΣΚΙΟ, SYNULOX 50mg, δισκία για σκύλους και γάτες, SYNULOX OGIVETTES POUR VEAUX, SYNULOX SUSPENSION INJECTABLE POUR BOVINS, SYNULOX VET 140 mg/ml injektioneste, suspensio koiralle, kissalle ja sialle, SYNULOX suspensão injetável para suínos, bovinos, cães e gatos, SYNULOX vet 200 mg/50 mg tabletti, koiralle ja kissalle, SYNULOX vet 40 mg/10 mg tabletti, koiralle ja kissalle, SYNULOX vet 400 mg/100 mg tabletti, koiralle, SYNULOX, 400/100mg, Tableta, Synulox 250 mg Comprimés Appétents, Synulox 250 mg Smakelijke tabletten, Synulox 250 mg tabletes suņiem un kaķiem, Synulox 250 mg, tabletid koertele ja kassidele, Synulox 250 mg, таблетки за кучета и котки, Synulox 250mg (200 mg/50 mg)  Tabletten für Hunde, Synulox 50 mg Comprimés Appétents, Synulox 50 mg Smakelijke Tabletten, Synulox 50 mg tabletes suņiem un kaķiem, Synulox 50 mg, tabletid koertele ja kassidele, Synulox 50 mg, таблетки за кучета и котки, Synulox 500 mg Bolus 400 mg - 100 mg Omhulde tablet, Synulox 500 mg Comprimés Appétents, Synulox 500 mg Smakelijke Tabletten, Synulox 500 mg tabletes suņiem, Synulox 500 mg, tabletid koertele, Synulox 500mg (400 mg/100 mg) Tabletten für Hunde, Synulox 50mg (40 mg/10 mg) Tabletten für Hunde und Katzen, Synulox Bolus 500 mg, 400 mg + 100 mg comprimés enrobés pour veaux, Synulox Lactating Cow Intramammary suspension., Synulox Tabletki 250 mg, Synulox Tabletki 250 mg (200+50) mg/tablete; tabletes suņiem, Synulox Tabletki 50 mg, Synulox Tabletki 50 mg (40+10) mg/ tablete; tabletes suņiem un kaķiem, Synulox Tabletki 500 mg, Synulox Vet. til hund og kat 200 + 50 mg tabletter, Synulox Vet. til hund og kat 40 + 10 mg tabletter, Synulox Vet. til hund tabletter 400 + 100 mg, Synulox Vet. til kalve 400 + 100 mg tabletter, Synulox comprimidos palatáveis 250 mg para cães e gatos, Synulox comprimidos palatáveis 50 mg para cães e gatos, Synulox comprimidos palatáveis 500 mg para cães, Synulox vet 40 mg/ml jauhe oraalisuspensiota varten koiralle ja kissalle, Synulox vet. 200 mg tabletter for hund og katt, Synulox vet. 200 mg/50 mg Tablett, Synulox vet. 40 mg tabletter for hund og katt, Synulox vet. 40 mg/10 mg Tablett, Synulox vet. 400 mg tabletter for hund, Synulox vet. 400 mg/100 mg Tablett, Synulox, 200/50mg, Tableta, Synulox, 40/10mg, Tableta, Synulox-Kalb 400 mg/100 mg Filmtabletten für Rinder (Kälber)",Vomiting,1,1,
GB-DEBIAHP-2010UK00218,"<a target=""_blank""  href=""/xmlpserver/EVVET3 PW NEW/Subject Area Contents/Public Website/Report (PDF)/AER.xdo?_xpf=&_xpt=1&_params%2FOracle%20BI%20EE%3A%3ADefaultApp%3A%3AEVVET3%20PR%20NEW%2FAER%3A%3Adimension%2FAER%20Id%3A%3Aattribute%3A%3Anoaggr%3A%3Axsd%3Adouble=360579&_xt=AER&_xf=pdf""> AER </a>",2013-04-22 00:00:00,Veterinarian,United Kingdom,FEMALE,Dog,Boxer (German Boxer),"Metacam 1.5 mg/ml - Oral suspension (dogs), Urilin 40 mg/ml syrup for dogs, Vetmedin 5 mg capsule per cani, Vetmedin 5 mg capsules, Vetmedin 5mg","Erythema (for urticaria see Immune SOC), Moist dermatitis, Otitis externa, Skin lesion NOS, Urinary incontinence",1,1,
GB-DEBIAHP-2010UK00220,"<a target=""_blank""  href=""/xmlpserver/EVVET3 PW NEW/Subject Area Contents/Public Website/Report (PDF)/AER.xdo?_xpf=&_xpt=1&_params%2FOracle%20BI%20EE%3A%3ADefaultApp%3A%3AEVVET3%20PR%20NEW%2FAER%3A%3Adimension%2FAER%20Id%3A%3Aattribute%3A%3Anoaggr%3A%3Axsd%3Adouble=361449&_xt=AER&_xf=pdf""> AER </a>",2013-04-30 00:00:00,Other health care professional,United Kingdom,MALE,Dog,Terrier - Yorkshire,Metacam 1.5 mg/ml - Oral suspension (dogs),"Alopecia local, Blood dyscrasia NOS, Crust, Dermatitis, Pruritus",1,1,
GB-DEBIAHP-2010UK00224,"<a target=""_blank""  href=""/xmlpserver/EVVET3 PW NEW/Subject Area Contents/Public Website/Report (PDF)/AER.xdo?_xpf=&_xpt=1&_params%2FOracle%20BI%20EE%3A%3ADefaultApp%3A%3AEVVET3%20PR%20NEW%2FAER%3A%3Adimension%2FAER%20Id%3A%3Aattribute%3A%3Anoaggr%3A%3Axsd%3Adouble=360666&_xt=AER&_xf=pdf""> AER </a>",2013-04-23 00:00:00,Other health care professional,United Kingdom,FEMALE,Dog,Crossbred Canine/dog,"Metacam 2.5 mg - Chewable tablet (dogs), Metacam 5 mg/ml - Solution for injection (cats, dogs), Metacam 5 mg/ml - Solution for injection (cattle, pigs), Metacam 5 mg/ml - Solution for injection (dogs)","Leukopenia NOS, Neutropenia, Thrombocytopenia, Vomiting",1,1,
GB-DEBIAHP-2010UK00225,"<a target=""_blank""  href=""/xmlpserver/EVVET3 PW NEW/Subject Area Contents/Public Website/Report (PDF)/AER.xdo?_xpf=&_xpt=1&_params%2FOracle%20BI%20EE%3A%3ADefaultApp%3A%3AEVVET3%20PR%20NEW%2FAER%3A%3Adimension%2FAER%20Id%3A%3Aattribute%3A%3Anoaggr%3A%3Axsd%3Adouble=360580&_xt=AER&_xf=pdf""> AER </a>",2013-04-22 00:00:00,Other health care professional,United Kingdom,FEMALE,Dog,Schnauzer - Miniature,"Loxicom 0.5 mg/ml  - Oral suspension (cats), Loxicom 0.5 mg/ml  - Oral suspension (dogs), Loxicom 1 mg  - Chewable tablet (dogs), Loxicom 1.5 mg/ml  - Oral suspension (dogs), Loxicom 2.5 mg  - Chewable tablet (dogs), Loxicom 20 mg/ml - Solution for injection (cattle, pigs, horses), Loxicom 5 mg/ml  - Solution for injection (cats, dogs), Loxicom 50 mg/g  - Oral paste (horses), Metacam 1.5 mg/ml - Oral suspension (dogs)","Dehydration, Haematemesis, Haematochezia, Inappetence, Melaena, Vomiting",1,1,
GB-DEBIAHP-2010UK00226,"<a target=""_blank""  href=""/xmlpserver/EVVET3 PW NEW/Subject Area Contents/Public Website/Report (PDF)/AER.xdo?_xpf=&_xpt=1&_params%2FOracle%20BI%20EE%3A%3ADefaultApp%3A%3AEVVET3%20PR%20NEW%2FAER%3A%3Adimension%2FAER%20Id%3A%3Aattribute%3A%3Anoaggr%3A%3Axsd%3Adouble=360609&_xt=AER&_xf=pdf""> AER </a>",2013-04-22 00:00:00,Other health care professional,United Kingdom,MALE,Dog,Terrier - Yorkshire,"CARPROGESIC 20 mg COMPRIMIDOS PARA PERROS, CARPROGESIC 50 mg COMPRIMIDOS PARA PERROS, Carprogesic 20 mg Tablets for dogs, Carprogesic 20 mg comprimidos para cães, Carprogesic 50 mg Tablets for dogs, Carprogesic 50 mg comprimidos para cães, Carprogesic 50 mg/ml Small Animal Solution for Injection for Cats and Dogs, Incurin 1 mg - Tablet, Metacam 1.5 mg/ml - Oral suspension (dogs), Norocarp 50 mg/ml Solution for Injection for Cattle","Diarrhoea, Haematemesis, Lethargy (see also Central nervous system depression in Neurological), Vomiting",1,1,
GB-DEBIAHP-2011UK00002,"<a target=""_blank""  href=""/xmlpserver/EVVET3 PW NEW/Subject Area Contents/Public Website/Report (PDF)/AER.xdo?_xpf=&_xpt=1&_params%2FOracle%20BI%20EE%3A%3ADefaultApp%3A%3AEVVET3%20PR%20NEW%2FAER%3A%3Adimension%2FAER%20Id%3A%3Aattribute%3A%3Anoaggr%3A%3Axsd%3Adouble=361625&_xt=AER&_xf=pdf""> AER </a>",2013-04-30 00:00:00,Veterinarian,United Kingdom,MALE,Dog,Rottweiler,Metacam 1.5 mg/ml - Oral suspension (dogs),Emesis,1,1,
GB-DEBIAHP-2011UK00003,"<a target=""_blank""  href=""/xmlpserver/EVVET3 PW NEW/Subject Area Contents/Public Website/Report (PDF)/AER.xdo?_xpf=&_xpt=1&_params%2FOracle%20BI%20EE%3A%3ADefaultApp%3A%3AEVVET3%20PR%20NEW%2FAER%3A%3Adimension%2FAER%20Id%3A%3Aattribute%3A%3Anoaggr%3A%3Axsd%3Adouble=361626&_xt=AER&_xf=pdf""> AER </a>",2013-04-30 00:00:00,Veterinarian,United Kingdom,FEMALE,Dog,Rottweiler,Metacam 1.5 mg/ml - Oral suspension (dogs),Emesis,1,1,
GB-DEBIAHP-2011UK00006,"<a target=""_blank""  href=""/xmlpserver/EVVET3 PW NEW/Subject Area Contents/Public Website/Report (PDF)/AER.xdo?_xpf=&_xpt=1&_params%2FOracle%20BI%20EE%3A%3ADefaultApp%3A%3AEVVET3%20PR%20NEW%2FAER%3A%3Adimension%2FAER%20Id%3A%3Aattribute%3A%3Anoaggr%3A%3Axsd%3Adouble=363167&_xt=AER&_xf=pdf""> AER </a>",2013-05-17 00:00:00,Veterinarian,United Kingdom,MALE,Dog,Shih Tzu,"Metacam 5 mg/ml - Solution for injection (cats, dogs), Metacam 5 mg/ml - Solution for injection (cattle, pigs), Metacam 5 mg/ml - Solution for injection (dogs)","Distress, Injection site abscess, Lethargy (see also Central nervous system depression in Neurological), Leukocytosis NOS",1,1,
GB-DEBIAHP-2011UK00009,"<a target=""_blank""  href=""/xmlpserver/EVVET3 PW NEW/Subject Area Contents/Public Website/Report (PDF)/AER.xdo?_xpf=&_xpt=1&_params%2FOracle%20BI%20EE%3A%3ADefaultApp%3A%3AEVVET3%20PR%20NEW%2FAER%3A%3Adimension%2FAER%20Id%3A%3Aattribute%3A%3Anoaggr%3A%3Axsd%3Adouble=360667&_xt=AER&_xf=pdf""> AER </a>",2013-04-23 00:00:00,Veterinarian,United Kingdom,FEMALE,Dog,Pointing Dog - German Short-haired,Metacam 2.5 mg - Chewable tablet (dogs),Emesis,1,1,
GB-DEBIAHP-2011UK00018,"<a target=""_blank""  href=""/xmlpserver/EVVET3 PW NEW/Subject Area Contents/Public Website/Report (PDF)/AER.xdo?_xpf=&_xpt=1&_params%2FOracle%20BI%20EE%3A%3ADefaultApp%3A%3AEVVET3%20PR%20NEW%2FAER%3A%3Adimension%2FAER%20Id%3A%3Aattribute%3A%3Anoaggr%3A%3Axsd%3Adouble=360613&_xt=AER&_xf=pdf""> AER </a>",2013-04-22 00:00:00,Other health care professional,United Kingdom,MALE,Dog,Rottweiler,"CEFASEPTIN 300 MG TABLETS FOR DOGS, CEFASEPTIN 75 MG COMPRIMES POUR CHIENS ET CHATS, CEFASEPTIN 75 MG TABLETS FOR DOGS AND CATS, CEFASEPTIN 750 MG COMPRIMES POUR CHIENS, CEFASEPTIN 750 MG TABLETS FOR DOGS, CEFASEPTIN P 300 MG ΔΙΣΚΙΟ, CEFASEPTIN P 750MG ΔΙΣΚΙΟ, CEFASEPTIN P 75MG ΔΙΣΚΙΟ, Cefaseptin 75 mg comprimés pour chiens et chats, Cefaseptin 75 mg tabletki dla psów, Metacam 1.5 mg/ml - Oral suspension (dogs)","Elevated renal parameters, Vomiting",1,1,
GB-DEBIAHP-2011UK00033,"<a target=""_blank""  href=""/xmlpserver/EVVET3 PW NEW/Subject Area Contents/Public Website/Report (PDF)/AER.xdo?_xpf=&_xpt=1&_params%2FOracle%20BI%20EE%3A%3ADefaultApp%3A%3AEVVET3%20PR%20NEW%2FAER%3A%3Adimension%2FAER%20Id%3A%3Aattribute%3A%3Anoaggr%3A%3Axsd%3Adouble=361627&_xt=AER&_xf=pdf""> AER </a>",2013-04-30 00:00:00,Veterinarian,United Kingdom,FEMALE,Dog,Shepherd Dog - German,Metacam 1.5 mg/ml - Oral suspension (dogs),"Elevated liver enzymes NOS, Icterus, Lethargy (see also Central nervous system depression in Neurological), Vomiting",1,1,
GB-DEBIAHP-2011UK00038,"<a target=""_blank""  href=""/xmlpserver/EVVET3 PW NEW/Subject Area Contents/Public Website/Report (PDF)/AER.xdo?_xpf=&_xpt=1&_params%2FOracle%20BI%20EE%3A%3ADefaultApp%3A%3AEVVET3%20PR%20NEW%2FAER%3A%3Adimension%2FAER%20Id%3A%3Aattribute%3A%3Anoaggr%3A%3Axsd%3Adouble=360668&_xt=AER&_xf=pdf""> AER </a>",2013-04-23 00:00:00,Other health care professional,United Kingdom,FEMALE,Dog,Crossbred Canine/dog,Metacam 2.5 mg - Chewable tablet (dogs),Uncoded sign,1,1,
GB-DEBIAHP-2011UK00051,"<a target=""_blank""  href=""/xmlpserver/EVVET3 PW NEW/Subject Area Contents/Public Website/Report (PDF)/AER.xdo?_xpf=&_xpt=1&_params%2FOracle%20BI%20EE%3A%3ADefaultApp%3A%3AEVVET3%20PR%20NEW%2FAER%3A%3Adimension%2FAER%20Id%3A%3Aattribute%3A%3Anoaggr%3A%3Axsd%3Adouble=360614&_xt=AER&_xf=pdf""> AER </a>",2013-04-22 00:00:00,Veterinarian,United Kingdom,FEMALE,Dog,Poodle - Miniature,"ANTIROBE 150 MG GELULES POUR CHIENS, ANTIROBE 150MG/CAP ΚΑΨΑΚΙΟ, ΣΚΛΗΡΟ, ANTIROBE 25 MG GELULES POUR CHIENS, ANTIROBE 300 MG GELULES POUR CHIENS, ANTIROBE 300MG/CAP ΚΑΨΑΚΙΟ, ΣΚΛΗΡΟ, ANTIROBE 75 MG GELULES POUR CHIENS, ANTIROBE 75MG/CAP ΚΑΨΑΚΙΟ, ΣΚΛΗΡΟ, ANTIROBE Capsule da 150 mg per cani, ANTIROBE Capsule da 25 mg per cani e gatti, ANTIROBE Capsule da 300 mg per cani, ANTIROBE Capsule da 75 mg per cani e gatti, ANTIROBE GOUTTES SOLUTION BUVABLE POUR CHIEN ET CHAT, Antirobe 150 mg - Kapseln  für Hunde, Antirobe 150 mg Capsule, hard, Antirobe 150 mg capsules pour chiens, Antirobe 25 mg - Kapseln  für Hunde, Antirobe 25 mg Capsule, hard, Antirobe 25 mg capsules voor honden en katten, Antirobe 25 mg, capsules pour chiens et chats, Antirobe 300 mg - Kapseln für Hunde, Antirobe 300 mg Capsule, hard, Antirobe 300 mg, Capsules pour chiens, Antirobe 75 mg - Kapseln  für Hunde, Antirobe 75 mg Capsule, hard, Antirobe 75 mg, capsules pour chiens, Antirobe Vet. 150 mg kapsler, hårde, Antirobe Vet. 25 mg kapsler, hårde, Antirobe Vet. 300 mg kapsler, hårde, Antirobe Vet. 75 mg kapsler, hårde, Antirobe vet. 150 mg Kapsel, hård, Antirobe vet. 150 mg kapsel, hard til hund, Antirobe vet. 150 mg kapseli, kova koiralle, Antirobe vet. 25 mg Kapsel, hård, Antirobe vet. 25 mg kapseli, kova koiralle ja kissalle, Antirobe vet. 25 mg, kapsel, hard til hund og katt, Antirobe vet. 300 mg Kapsel, hård, Antirobe vet. 300 mg kapseli, kova koiralle, Antirobe vet. 75 mg Kapsel, hård, Antirobe vet. 75 mg kapseli, kova koiralle ja kissalle, Antirobe vet. 75 mg, kapsel, hard til hund og katt, Metacam 1.5 mg/ml - Oral suspension (dogs)",Vomiting,1,1,
GB-DEBIAHP-2011UK00057,"<a target=""_blank""  href=""/xmlpserver/EVVET3 PW NEW/Subject Area Contents/Public Website/Report (PDF)/AER.xdo?_xpf=&_xpt=1&_params%2FOracle%20BI%20EE%3A%3ADefaultApp%3A%3AEVVET3%20PR%20NEW%2FAER%3A%3Adimension%2FAER%20Id%3A%3Aattribute%3A%3Anoaggr%3A%3Axsd%3Adouble=361628&_xt=AER&_xf=pdf""> AER </a>",2013-04-30 00:00:00,Veterinarian,United Kingdom,MALE,Dog,Collie - Border,Metacam 1.5 mg/ml - Oral suspension (dogs),Elevated liver enzymes NOS,1,1,
GB-DEBIAHP-2011UK00059,"<a target=""_blank""  href=""/xmlpserver/EVVET3 PW NEW/Subject Area Contents/Public Website/Report (PDF)/AER.xdo?_xpf=&_xpt=1&_params%2FOracle%20BI%20EE%3A%3ADefaultApp%3A%3AEVVET3%20PR%20NEW%2FAER%3A%3Adimension%2FAER%20Id%3A%3Aattribute%3A%3Anoaggr%3A%3Axsd%3Adouble=363165&_xt=AER&_xf=pdf""> AER </a>",2013-05-17 00:00:00,Veterinarian,United Kingdom,MALE,Dog,Terrier - Bull - Staffordshire,"Metacam 5 mg/ml - Solution for injection (cats, dogs), Metacam 5 mg/ml - Solution for injection (cattle, pigs), Metacam 5 mg/ml - Solution for injection (dogs)","Injection site swelling, Lethargy (see also Central nervous system depression in Neurological)",1,1,
GB-DEBIAHP-2011UK00062,"<a target=""_blank""  href=""/xmlpserver/EVVET3 PW NEW/Subject Area Contents/Public Website/Report (PDF)/AER.xdo?_xpf=&_xpt=1&_params%2FOracle%20BI%20EE%3A%3ADefaultApp%3A%3AEVVET3%20PR%20NEW%2FAER%3A%3Adimension%2FAER%20Id%3A%3Aattribute%3A%3Anoaggr%3A%3Axsd%3Adouble=361629&_xt=AER&_xf=pdf""> AER </a>",2013-04-30 00:00:00,Veterinarian,United Kingdom,MALE,Dog,Crossbred Canine/dog,Metacam 1.5 mg/ml - Oral suspension (dogs),"Elevated liver enzymes NOS, Elevated renal parameters, Excessive thirst",1,1,
GB-DEBIAHP-2011UK00072,"<a target=""_blank""  href=""/xmlpserver/EVVET3 PW NEW/Subject Area Contents/Public Website/Report (PDF)/AER.xdo?_xpf=&_xpt=1&_params%2FOracle%20BI%20EE%3A%3ADefaultApp%3A%3AEVVET3%20PR%20NEW%2FAER%3A%3Adimension%2FAER%20Id%3A%3Aattribute%3A%3Anoaggr%3A%3Axsd%3Adouble=360615&_xt=AER&_xf=pdf""> AER </a>",2013-04-22 00:00:00,Veterinarian,United Kingdom,FEMALE,Dog,Boxer (German Boxer),"DUPHAMOX  LA, 150.0mg/ml, Injekční suspenze, DUPHAMOX LA, Duphamox LA 150 mg/ml Injektionssuspension für Rinder, Schweine, Schafe, Hunde, Katzen, Duphamox LA 150 mg/ml Suspensie voor injectie, Duphamox LA 150 mg/ml injekčná suspenzia, Duphamox Long Acting, 150mg/ml, solution injectable pour bovins, ovins et porcins, Metacam 5 mg/ml - Solution for injection (cats, dogs), Metacam 5 mg/ml - Solution for injection (cattle, pigs), Metacam 5 mg/ml - Solution for injection (dogs)",Alopecia local,1,1,
GB-DEBIAHP-2011UK00073,"<a target=""_blank""  href=""/xmlpserver/EVVET3 PW NEW/Subject Area Contents/Public Website/Report (PDF)/AER.xdo?_xpf=&_xpt=1&_params%2FOracle%20BI%20EE%3A%3ADefaultApp%3A%3AEVVET3%20PR%20NEW%2FAER%3A%3Adimension%2FAER%20Id%3A%3Aattribute%3A%3Anoaggr%3A%3Axsd%3Adouble=361358&_xt=AER&_xf=pdf""> AER </a>",2013-04-30 00:00:00,Veterinarian,United Kingdom,MALE,Dog,Maltese,"Metacam 1.5 mg/ml - Oral suspension (dogs), Metacam 5 mg/ml - Solution for injection (cats, dogs), Metacam 5 mg/ml - Solution for injection (cattle, pigs), Metacam 5 mg/ml - Solution for injection (dogs)","Emesis, Haemorrhagic diarrhoea",1,1,
GB-DEBIAHP-2011UK00079,"<a target=""_blank""  href=""/xmlpserver/EVVET3 PW NEW/Subject Area Contents/Public Website/Report (PDF)/AER.xdo?_xpf=&_xpt=1&_params%2FOracle%20BI%20EE%3A%3ADefaultApp%3A%3AEVVET3%20PR%20NEW%2FAER%3A%3Adimension%2FAER%20Id%3A%3Aattribute%3A%3Anoaggr%3A%3Axsd%3Adouble=360620&_xt=AER&_xf=pdf""> AER </a>",2013-04-22 00:00:00,Veterinarian,United Kingdom,MALE,Dog,Terrier - Jack Russell,"FORTEKOR 2,5 COMPRIMES POUR CHATS ET CHIENS, FORTEKOR 2,5 compresse per cani di piccola taglia e gatti, FORTEKOR 2,5 mg comprimés pour chiens et chats, FORTEKOR 20 Compresse rivestite con film per cani, FORTEKOR 5 Compresse rivestite con film per cani e gatti, FORTEKOR F 20 COMPRIMES POUR CHIENS, FORTEKOR F 5 COMPRIMES POUR CHATS ET CHIENS, Fortekor 2,5 mg  Tablet, Fortekor 2,5 mg, tabletten voor honden en katten, Fortekor 2.5 mg tablets for cats and dogs, Fortekor Gourmet 2,5 mg, Fortekor Vet. 2,5 mg tabletter, Fortekor Vet. 20 mg tabletter, Fortekor Vet. 5 mg tabletter, Fortekor vet. 2,5 mg Tablett, Fortekor vet. 2,5 mg tabletit kissoille ja koirille, Fortekor vet. 2,5 mg, tabletter til hund og katt, Fortekor vet. 20 mg Tablett, Fortekor vet. 20 mg tabletit koirille, Fortekor vet. 20 mg, tabletter til hund, Fortekor vet. 5 mg Tablett, Fortekor vet. 5 mg tabletit kissoille ja koirille, Fortekor vet. 5 mg, tabletter til hund og katt, Metacam 1.5 mg/ml - Oral suspension (dogs)","Abdominal pain, Haematemesis, Haemorrhagic diarrhoea, Lethargy (see also Central nervous system depression in Neurological)",1,1,
GB-DEBIAHP-2011UK00082,"<a target=""_blank""  href=""/xmlpserver/EVVET3 PW NEW/Subject Area Contents/Public Website/Report (PDF)/AER.xdo?_xpf=&_xpt=1&_params%2FOracle%20BI%20EE%3A%3ADefaultApp%3A%3AEVVET3%20PR%20NEW%2FAER%3A%3Adimension%2FAER%20Id%3A%3Aattribute%3A%3Anoaggr%3A%3Axsd%3Adouble=361630&_xt=AER&_xf=pdf""> AER </a>",2013-04-30 00:00:00,Veterinarian,United Kingdom,UNKNOWN,Dog,"Dog (other), Hound - Swiss - (Lucerne Hound (Luzerner Laufhund), Schwyz Hound (Schweizer Laufhund), Bernese Hound, Jura Hound)",Metacam 1.5 mg/ml - Oral suspension (dogs),Haemorrhagic diarrhoea,1,1,
GB-DEBIAHP-2011UK00104,"<a target=""_blank""  href=""/xmlpserver/EVVET3 PW NEW/Subject Area Contents/Public Website/Report (PDF)/AER.xdo?_xpf=&_xpt=1&_params%2FOracle%20BI%20EE%3A%3ADefaultApp%3A%3AEVVET3%20PR%20NEW%2FAER%3A%3Adimension%2FAER%20Id%3A%3Aattribute%3A%3Anoaggr%3A%3Axsd%3Adouble=361360&_xt=AER&_xf=pdf""> AER </a>",2013-04-30 00:00:00,Veterinarian,United Kingdom,MALE,Dog,Shih Tzu,"Metacam 1.5 mg/ml - Oral suspension (dogs), Metacam 5 mg/ml - Solution for injection (cats, dogs), Metacam 5 mg/ml - Solution for injection (cattle, pigs), Metacam 5 mg/ml - Solution for injection (dogs)","Bloody diarrhoea, Emesis",1,1,
GB-DEBIAHP-2011UK00105,"<a target=""_blank""  href=""/xmlpserver/EVVET3 PW NEW/Subject Area Contents/Public Website/Report (PDF)/AER.xdo?_xpf=&_xpt=1&_params%2FOracle%20BI%20EE%3A%3ADefaultApp%3A%3AEVVET3%20PR%20NEW%2FAER%3A%3Adimension%2FAER%20Id%3A%3Aattribute%3A%3Anoaggr%3A%3Axsd%3Adouble=361631&_xt=AER&_xf=pdf""> AER </a>",2013-04-30 00:00:00,Veterinarian,United Kingdom,FEMALE,Dog,Collie - Border,Metacam 1.5 mg/ml - Oral suspension (dogs),"Blood and lymphatic system disorder NOS, Diarrhoea, Lethargy (see also Central nervous system depression in Neurological)",1,1,
GB-DEBIAHP-2011UK00109,"<a target=""_blank""  href=""/xmlpserver/EVVET3 PW NEW/Subject Area Contents/Public Website/Report (PDF)/AER.xdo?_xpf=&_xpt=1&_params%2FOracle%20BI%20EE%3A%3ADefaultApp%3A%3AEVVET3%20PR%20NEW%2FAER%3A%3Adimension%2FAER%20Id%3A%3Aattribute%3A%3Anoaggr%3A%3Axsd%3Adouble=361632&_xt=AER&_xf=pdf""> AER </a>",2013-04-30 00:00:00,Veterinarian,United Kingdom,MALE,Dog,"Dog (other), Hound - Swiss - (Lucerne Hound (Luzerner Laufhund), Schwyz Hound (Schweizer Laufhund), Bernese Hound, Jura Hound)",Metacam 1.5 mg/ml - Oral suspension (dogs),Emesis,1,1,
GB-DEBIAHP-2011UK00110,"<a target=""_blank""  href=""/xmlpserver/EVVET3 PW NEW/Subject Area Contents/Public Website/Report (PDF)/AER.xdo?_xpf=&_xpt=1&_params%2FOracle%20BI%20EE%3A%3ADefaultApp%3A%3AEVVET3%20PR%20NEW%2FAER%3A%3Adimension%2FAER%20Id%3A%3Aattribute%3A%3Anoaggr%3A%3Axsd%3Adouble=361633&_xt=AER&_xf=pdf""> AER </a>",2013-04-30 00:00:00,Veterinarian,United Kingdom,MALE,Dog,Shepherd Dog - German,Metacam 1.5 mg/ml - Oral suspension (dogs),"Diarrhoea, Pruritus, Respiratory signs",1,1,
GB-DEBIAHP-2011UK00112,"<a target=""_blank""  href=""/xmlpserver/EVVET3 PW NEW/Subject Area Contents/Public Website/Report (PDF)/AER.xdo?_xpf=&_xpt=1&_params%2FOracle%20BI%20EE%3A%3ADefaultApp%3A%3AEVVET3%20PR%20NEW%2FAER%3A%3Adimension%2FAER%20Id%3A%3Aattribute%3A%3Anoaggr%3A%3Axsd%3Adouble=361361&_xt=AER&_xf=pdf""> AER </a>",2013-04-30 00:00:00,Veterinarian,United Kingdom,FEMALE,Dog,Terrier - Yorkshire,"Metacam 1.5 mg/ml - Oral suspension (dogs), Metacam 5 mg/ml - Solution for injection (cats, dogs), Metacam 5 mg/ml - Solution for injection (cattle, pigs), Metacam 5 mg/ml - Solution for injection (dogs)",Emesis,1,1,
GB-DEBIAHP-2011UK00113,"<a target=""_blank""  href=""/xmlpserver/EVVET3 PW NEW/Subject Area Contents/Public Website/Report (PDF)/AER.xdo?_xpf=&_xpt=1&_params%2FOracle%20BI%20EE%3A%3ADefaultApp%3A%3AEVVET3%20PR%20NEW%2FAER%3A%3Adimension%2FAER%20Id%3A%3Aattribute%3A%3Anoaggr%3A%3Axsd%3Adouble=363166&_xt=AER&_xf=pdf""> AER </a>",2013-05-17 00:00:00,Veterinarian,United Kingdom,MALE,Dog,Chihuahua,"Metacam 5 mg/ml - Solution for injection (cats, dogs), Metacam 5 mg/ml - Solution for injection (cattle, pigs), Metacam 5 mg/ml - Solution for injection (dogs)","Erythema (for urticaria see Immune SOC), Urticaria",1,1,
GB-DEBIAHP-2011UK00114,"<a target=""_blank""  href=""/xmlpserver/EVVET3 PW NEW/Subject Area Contents/Public Website/Report (PDF)/AER.xdo?_xpf=&_xpt=1&_params%2FOracle%20BI%20EE%3A%3ADefaultApp%3A%3AEVVET3%20PR%20NEW%2FAER%3A%3Adimension%2FAER%20Id%3A%3Aattribute%3A%3Anoaggr%3A%3Axsd%3Adouble=361634&_xt=AER&_xf=pdf""> AER </a>",2013-04-30 00:00:00,Veterinarian,United Kingdom,MALE,Dog,Retriever - Labrador,Metacam 1.5 mg/ml - Oral suspension (dogs),Elevated liver enzymes NOS,1,1,
GB-DEBIAHP-2011UK00115,"<a target=""_blank""  href=""/xmlpserver/EVVET3 PW NEW/Subject Area Contents/Public Website/Report (PDF)/AER.xdo?_xpf=&_xpt=1&_params%2FOracle%20BI%20EE%3A%3ADefaultApp%3A%3AEVVET3%20PR%20NEW%2FAER%3A%3Adimension%2FAER%20Id%3A%3Aattribute%3A%3Anoaggr%3A%3Axsd%3Adouble=361635&_xt=AER&_xf=pdf""> AER </a>",2013-04-30 00:00:00,Animal owner,United Kingdom,MALE,Dog,"Dog (other), Hound - Swiss - (Lucerne Hound (Luzerner Laufhund), Schwyz Hound (Schweizer Laufhund), Bernese Hound, Jura Hound)","Metacam 1.5 mg/ml - Oral suspension (dogs), RILEXINE 200 MG/G ORAL PASTE, RILEXINE 200 mg/seringă suspensie intramamară pentru vaci, RILEXINE 200MG/G ΣΤΟΜΑΤΙΚΗ ΠΑΣΤΑ, RILEXINE 600 mg COMPRIMIDOS MASTICABLES, RILEXINE 600 mg tablety pre psy, RILEXINE 600 mg, tabletės šunims, RILEXINE 75 mg COMPRIMIDOS MASTICABLES, RILEXINE 75 mg tablety pre psy a mačky, RILEXINE 75 mg, tabletės katėms ir šunims, RILEXINE COMPRIMES 300 MG, RILEXINE COMPRIMES 600 MG, RILEXINE COMPRIMES 75 MG, RILEXINE POUDRE INJECTABLE 1 G, RILEXINE SUSPENSION INJECTABLE, RILEXINE TRAITEMENT SUSPENSION INTRAMAMMAIRE, RILEXINE vet. 300 mg tabletti, RILEXINE vet. 600 mg tabletti, RILEXINE vet. 75 mg tabletti, RILEXINE, 150 mg/ml, injekcinė suspensija galvijams, RILEXINE, 200mg, Intramamární suspenze, RILEXINE, 300mg, Tableta, RILEXINE, 600.0mg, Tableta, RILEXINE, 75mg, Tableta, Rilexine 150 mg/ml injekčná suspenzia, Rilexine 150 mg/ml suspensija injekcijām liellopiem, Rilexine 200 suspensija ievadīšanai tesmenī liellopiem, Rilexine 300, Rilexine 300mg, Rilexine 600, Rilexine 600 mg - Tabletten für Hunde, Rilexine 600 mg Tablets for dogs, Rilexine 600 mg comprimidos palatáveis para cães e gatos, Rilexine 600 mg smakelijke tabletten voor honden, Rilexine 600 mg tabletes suņiem, Rilexine 600 mg ízesített tabletta kutyáknak A.U.V., Rilexine 600 mg, tablete, za pse, Rilexine 600mg, Rilexine 75, Rilexine 75 mg - Tabletten für Hunde und Katzen, Rilexine 75 mg Tablets for dogs and cats, Rilexine 75 mg comprimidos palatáveis para cães e gatos, Rilexine 75 mg smakelijke tabletten voor honden en katten, Rilexine 75 mg tabletes suņiem un kaķiem, Rilexine 75 mg ízesített tabletta kutyáknak és macskáknak A.U.V., Rilexine 75 mg, Tabletten für Hunde und Katzen, Rilexine 75 mg, tablete, za pse i mačke, Rilexine Vet. 20 mg/ml intramammær suspension, Rilexine smaczne tabletki 300 mg Tabletka, Rilexine smaczne tabletki 600 mg Tabletka, Rilexine smaczne tabletki 75 mg Tabletka, Rilexine, 150 mg/ml, süstesuspensioon veistele, Rilexine, 300 mg tabletid koertele, Rilexine, 375mg, Intramamární suspenze, Rilexine, 600 mg tabletid koertele, Rilexine, 75 mg tabletid kassidele ja koertele, РИЛЕКСИН  15 % инж.",Vomiting,1,1,
GB-DEBIAHP-2011UK00118,"<a target=""_blank""  href=""/xmlpserver/EVVET3 PW NEW/Subject Area Contents/Public Website/Report (PDF)/AER.xdo?_xpf=&_xpt=1&_params%2FOracle%20BI%20EE%3A%3ADefaultApp%3A%3AEVVET3%20PR%20NEW%2FAER%3A%3Adimension%2FAER%20Id%3A%3Aattribute%3A%3Anoaggr%3A%3Axsd%3Adouble=361362&_xt=AER&_xf=pdf""> AER </a>",2013-04-30 00:00:00,Veterinarian,United Kingdom,FEMALE,Dog,Dog (other),"BAYTRIL 0,5% W/V ΠΟΣΙΜΟ ΔΙΑΛΥΜΑ, BAYTRIL 0,5% πόσιμο διάλυμα ενροφλοξακίνης για ορνίθια και γαλοπούλες, BAYTRIL 10 % SOLUTION BUVABLE, BAYTRIL 10 % SOLUTION INJECTABLE, BAYTRIL 10% W/V ΠΟΣΙΜΟ ΔΙΑΛΥΜΑ, BAYTRIL 100 mg/ml - soluţie orală, BAYTRIL 100 mg/ml SOLUCION INYECTABLE, BAYTRIL 100 mg/ml soluție injectabilă, BAYTRIL 15 mg δισκία για γάτες και σκύλους, BAYTRIL 150 mg δισκία για γάτες και σκύλους, BAYTRIL 2,5 % SOLUTION BUVABLE, BAYTRIL 2,5 % SOLUTION INJECTABLE, BAYTRIL 2,5% W/V ΕΝΕΣΙΜΟ ΔΙΑΛΥΜΑ, BAYTRIL 2,5% W/V ΠΟΣΙΜΟ ΔΙΑΛΥΜΑ, BAYTRIL 25 mg/ml SOLUCION INYECTABLE, BAYTRIL 25 mg/ml SOLUCION ORAL, BAYTRIL 5 % SOLUTION INJECTABLE, BAYTRIL 5 mg/ml SOLUCION ORAL, BAYTRIL 50 mg δισκία για γάτες και σκύλους, BAYTRIL 50 mg/ml SOLUCION INYECTABLE, BAYTRIL 50mg/ml ενέσιμο διάλυμα, BAYTRIL, 25mg/ml, Injekční roztok, BAYTRIL, 5% ενέσιμο διάλυμα για μόσχους, χοίρους, πρόβατα, αίγες, σκύλους και γάτες, BAYTRIL, 50mg/ml, Injekční roztok, Baytril  100 mg/ml Oplossing voor injectie, Baytril  100 mg/ml Solution injectable, Baytril - Das Original - 100 mg/ml Injektionslösung, Baytril - Das Original - 25 mg/ml Injektionslösung, Baytril - Das Original - 50 mg/ml Injektionslösung, Baytril 0,5 % solução oral para leitões, Baytril 0,5%, Baytril 10 % solução oral, Baytril 10%, Baytril 10% O.L., Baytril 10% Oral Solution, Baytril 100 mg/mL, otopina za injekciju, za goveda, ovce, koze i svinje, Baytril 100 mg/mL, otopina za primjenu u vodi za piće, za kokoši, purane i kuniće, Baytril 100 mg/ml - Injektionslösung für Tiere, Baytril 100 mg/ml - Lösung zum Eingeben für Hühner, Puten und Kaninchen, Baytril 100 mg/ml Oplossing voor gebruik in drinkwater, Baytril 100 mg/ml Solution buvable, Baytril 100 mg/ml Solution for Injection, Baytril 100 mg/ml koncentrat za peroralno raztopino za piščance, purane in kunce, Baytril 100 mg/ml oldat ivóvízbe keveréshez A.U.V., Baytril 100 mg/ml oplossing voor gebruik in drinkwater voor kippen, kalkoenen en konijnen, Baytril 100 mg/ml oplossing voor injectie, Baytril 100 mg/ml raztopina za injiciranje, Baytril 100 mg/ml solution for injection, Baytril 100 mg/ml soluzione iniettabile, Baytril 100 mg/ml solução injetável, Baytril 150 mg tabletta A.U.V., Baytril 2,5%, 25 mg/mL, otopina za injekciju za pse, mačke, prasad, kuniće, glodavce, gmazove i ukrasne ptice, Baytril 25 mg/ml - Injektionslösung für Tiere, Baytril 25 mg/ml - Lösung zum Eingeben für Kälber und Lämmer, Baytril 25 mg/ml Lösung zum Eingeben für Rinder (Kälber), Baytril 25 mg/ml Oplossing voor injectie, Baytril 25 mg/ml Oral Solution, Baytril 25 mg/ml Solution injectable, Baytril 25 mg/ml injekčný roztok, Baytril 25 mg/ml oldatos injekció A.U.V., Baytril 25 mg/ml oplossing voor injectie, Baytril 25 mg/ml roztwór do wstrzykiwań, Baytril 25 mg/ml solution for injection, Baytril 25 mg/ml soluzione iniettabile, Baytril 25 mg/ml soluzione iniettabile per cani, gatti, roditori e conigli da compagnia, rettili e uccelli ornamentali, Baytril 25 mg/ml soluzione orale per vitelli, ovini, caprini, suini, Baytril 25 mg/ml solução injetável, Baytril 5 mg/ml - Lösung zum Eingeben für Schweine, Baytril 5 mg/ml belsőleges oldat sertések részére A.U.V., Baytril 50 mg tabletta A.U.V., Baytril 50 mg/mL, otopina za injekciju, za telad, ovce, koze, svinje, pse i mačke, Baytril 50 mg/ml - Injektionslösung für Tiere, Baytril 50 mg/ml Oplossing voor injectie, Baytril 50 mg/ml Solution for Injection, Baytril 50 mg/ml Solution injectable, Baytril 50 mg/ml injekčný roztok, Baytril 50 mg/ml oldatos injekció A.U.V., Baytril 50 mg/ml oplossing voor injectie, Baytril 50 mg/ml raztopina za injiciranje, Baytril 50 mg/ml soluzione iniettabile, Baytril 50 mg/ml solução injetável, Baytril 50 mg/ml soluție injectabilă, Baytril Direct 100 mg/ml Injektionslösung für Rinder und Schweine, Baytril Piglet Doser 0.5% Oral Solution, Baytril Vet. 100 mg/ml injektionsvæske, opløsning, Baytril Vet. 150 mg tabletter, Baytril Vet. 25 mg/ml oral opløsning, Baytril Vet. 50 mg tabletter, Baytril Vet. 50 mg/ml i",Emesis,1,1,
GB-DEBIAHP-2011UK00120,"<a target=""_blank""  href=""/xmlpserver/EVVET3 PW NEW/Subject Area Contents/Public Website/Report (PDF)/AER.xdo?_xpf=&_xpt=1&_params%2FOracle%20BI%20EE%3A%3ADefaultApp%3A%3AEVVET3%20PR%20NEW%2FAER%3A%3Adimension%2FAER%20Id%3A%3Aattribute%3A%3Anoaggr%3A%3Axsd%3Adouble=361636&_xt=AER&_xf=pdf""> AER </a>",2013-04-30 00:00:00,Animal owner,United Kingdom,MALE,Dog,"Dog (other), Hound - Swiss - (Lucerne Hound (Luzerner Laufhund), Schwyz Hound (Schweizer Laufhund), Bernese Hound, Jura Hound)",Metacam 1.5 mg/ml - Oral suspension (dogs),"Abdominal pain, Emesis, Inappetence, Lethargy (see also Central nervous system depression in Neurological)",1,1,
GB-DEBIAHP-2011UK00125,"<a target=""_blank""  href=""/xmlpserver/EVVET3 PW NEW/Subject Area Contents/Public Website/Report (PDF)/AER.xdo?_xpf=&_xpt=1&_params%2FOracle%20BI%20EE%3A%3ADefaultApp%3A%3AEVVET3%20PR%20NEW%2FAER%3A%3Adimension%2FAER%20Id%3A%3Aattribute%3A%3Anoaggr%3A%3Axsd%3Adouble=361637&_xt=AER&_xf=pdf""> AER </a>",2013-04-30 00:00:00,Veterinarian,United Kingdom,FEMALE,Dog,Terrier - West Highland White,Metacam 1.5 mg/ml - Oral suspension (dogs),Elevated liver enzymes NOS,1,1,
GB-DEBIAHP-2011UK00126,"<a target=""_blank""  href=""/xmlpserver/EVVET3 PW NEW/Subject Area Contents/Public Website/Report (PDF)/AER.xdo?_xpf=&_xpt=1&_params%2FOracle%20BI%20EE%3A%3ADefaultApp%3A%3AEVVET3%20PR%20NEW%2FAER%3A%3Adimension%2FAER%20Id%3A%3Aattribute%3A%3Anoaggr%3A%3Axsd%3Adouble=361638&_xt=AER&_xf=pdf""> AER </a>",2013-04-30 00:00:00,Veterinarian,United Kingdom,FEMALE,Dog,Siberian Husky,"Clavaseptin 250 mg, tabletid koertele, Metacam 1.5 mg/ml - Oral suspension (dogs)","Decreased activity, Localised pain NOS (see other SOCs for specific pain), Reddening of the skin, Skin inflammation NOS, Skin necrosis, Skin ulcer",1,1,
GB-DEBIAHP-2011UK00131,"<a target=""_blank""  href=""/xmlpserver/EVVET3 PW NEW/Subject Area Contents/Public Website/Report (PDF)/AER.xdo?_xpf=&_xpt=1&_params%2FOracle%20BI%20EE%3A%3ADefaultApp%3A%3AEVVET3%20PR%20NEW%2FAER%3A%3Adimension%2FAER%20Id%3A%3Aattribute%3A%3Anoaggr%3A%3Axsd%3Adouble=361639&_xt=AER&_xf=pdf""> AER </a>",2013-04-30 00:00:00,Veterinarian,United Kingdom,FEMALE,Dog,Spaniel - King Charles,"ACEPROMAZINE 10%/AGROSEED CANDILIDIS ενέσιμο διάλυμα 10 mg/ml για σκύλο και γάτα, Metacam 1.5 mg/ml - Oral suspension (dogs), Metacam 5 mg/ml - Solution for injection (cats, dogs), Metacam 5 mg/ml - Solution for injection (cattle, pigs), Metacam 5 mg/ml - Solution for injection (dogs), VETERGESIC MULTIDOSE, 0.3MG/ML, SOLUTION FOR INJECTION FOR DOGS AND CATS","Anorexia, Haematemesis, Haemorrhagic diarrhoea, Hypothermia, Lethargy (see also Central nervous system depression in Neurological)",1,1,
GB-DEBIAHP-2011UK00136,"<a target=""_blank""  href=""/xmlpserver/EVVET3 PW NEW/Subject Area Contents/Public Website/Report (PDF)/AER.xdo?_xpf=&_xpt=1&_params%2FOracle%20BI%20EE%3A%3ADefaultApp%3A%3AEVVET3%20PR%20NEW%2FAER%3A%3Adimension%2FAER%20Id%3A%3Aattribute%3A%3Anoaggr%3A%3Axsd%3Adouble=361640&_xt=AER&_xf=pdf""> AER </a>",2013-04-30 00:00:00,Animal owner,United Kingdom,MALE,Dog,Collie - Border,Metacam 1.5 mg/ml - Oral suspension (dogs),Skin swelling,1,1,
GB-DEBIAHP-2011UK00139,"<a target=""_blank""  href=""/xmlpserver/EVVET3 PW NEW/Subject Area Contents/Public Website/Report (PDF)/AER.xdo?_xpf=&_xpt=1&_params%2FOracle%20BI%20EE%3A%3ADefaultApp%3A%3AEVVET3%20PR%20NEW%2FAER%3A%3Adimension%2FAER%20Id%3A%3Aattribute%3A%3Anoaggr%3A%3Axsd%3Adouble=361641&_xt=AER&_xf=pdf""> AER </a>",2013-04-30 00:00:00,Veterinarian,United Kingdom,MALE,Dog,"Dog (other), Hound - Swiss - (Lucerne Hound (Luzerner Laufhund), Schwyz Hound (Schweizer Laufhund), Bernese Hound, Jura Hound)",Metacam 1.5 mg/ml - Oral suspension (dogs),Elevated liver enzymes NOS,1,1,
GB-DEBIAHP-2011UK00141,"<a target=""_blank""  href=""/xmlpserver/EVVET3 PW NEW/Subject Area Contents/Public Website/Report (PDF)/AER.xdo?_xpf=&_xpt=1&_params%2FOracle%20BI%20EE%3A%3ADefaultApp%3A%3AEVVET3%20PR%20NEW%2FAER%3A%3Adimension%2FAER%20Id%3A%3Aattribute%3A%3Anoaggr%3A%3Axsd%3Adouble=363168&_xt=AER&_xf=pdf""> AER </a>",2013-05-17 00:00:00,Veterinarian,United Kingdom,MALE,Dog,Spaniel - Cocker American,"Metacam 5 mg/ml - Solution for injection (cats, dogs), Metacam 5 mg/ml - Solution for injection (cattle, pigs), Metacam 5 mg/ml - Solution for injection (dogs)","Facial oedema, Itching",1,1,
GB-DEBIAHP-2011UK00142,"<a target=""_blank""  href=""/xmlpserver/EVVET3 PW NEW/Subject Area Contents/Public Website/Report (PDF)/AER.xdo?_xpf=&_xpt=1&_params%2FOracle%20BI%20EE%3A%3ADefaultApp%3A%3AEVVET3%20PR%20NEW%2FAER%3A%3Adimension%2FAER%20Id%3A%3Aattribute%3A%3Anoaggr%3A%3Axsd%3Adouble=360070&_xt=AER&_xf=pdf""> AER </a>",2013-04-15 00:00:00,Veterinarian,United Kingdom,FEMALE,Dog,"Dog (other), Hound - Swiss - (Lucerne Hound (Luzerner Laufhund), Schwyz Hound (Schweizer Laufhund), Bernese Hound, Jura Hound)","Metacam 1 mg - Chewable tablet (dogs), Metacam 1.5 mg/ml - Oral suspension (dogs), Metacam 5 mg/ml - Solution for injection (cats, dogs), Metacam 5 mg/ml - Solution for injection (cattle, pigs), Metacam 5 mg/ml - Solution for injection (dogs)","Melaena, Mucous stool, Vomiting",1,1,
GB-DEBIAHP-2011UK00150,"<a target=""_blank""  href=""/xmlpserver/EVVET3 PW NEW/Subject Area Contents/Public Website/Report (PDF)/AER.xdo?_xpf=&_xpt=1&_params%2FOracle%20BI%20EE%3A%3ADefaultApp%3A%3AEVVET3%20PR%20NEW%2FAER%3A%3Adimension%2FAER%20Id%3A%3Aattribute%3A%3Anoaggr%3A%3Axsd%3Adouble=361642&_xt=AER&_xf=pdf""> AER </a>",2013-04-30 00:00:00,Veterinarian,United Kingdom,MALE,Dog,Retriever - Labrador,Metacam 1.5 mg/ml - Oral suspension (dogs),"Elevated liver enzymes NOS, Panting",1,1,
GB-DEBIAHP-2011UK00151,"<a target=""_blank""  href=""/xmlpserver/EVVET3 PW NEW/Subject Area Contents/Public Website/Report (PDF)/AER.xdo?_xpf=&_xpt=1&_params%2FOracle%20BI%20EE%3A%3ADefaultApp%3A%3AEVVET3%20PR%20NEW%2FAER%3A%3Adimension%2FAER%20Id%3A%3Aattribute%3A%3Anoaggr%3A%3Axsd%3Adouble=361643&_xt=AER&_xf=pdf""> AER </a>",2013-04-30 00:00:00,Veterinarian,United Kingdom,FEMALE,Dog,Crossbred Canine/dog,Metacam 1.5 mg/ml - Oral suspension (dogs),Diarrhoea,1,1,
GB-DEBIAHP-2011UK00156,"<a target=""_blank""  href=""/xmlpserver/EVVET3 PW NEW/Subject Area Contents/Public Website/Report (PDF)/AER.xdo?_xpf=&_xpt=1&_params%2FOracle%20BI%20EE%3A%3ADefaultApp%3A%3AEVVET3%20PR%20NEW%2FAER%3A%3Adimension%2FAER%20Id%3A%3Aattribute%3A%3Anoaggr%3A%3Axsd%3Adouble=363169&_xt=AER&_xf=pdf""> AER </a>",2013-05-17 00:00:00,Veterinarian,United Kingdom,FEMALE,Dog,Weimaraner,"Metacam 5 mg/ml - Solution for injection (cats, dogs), Metacam 5 mg/ml - Solution for injection (cattle, pigs), Metacam 5 mg/ml - Solution for injection (dogs)",Facial swelling (see also Skin),1,1,
GB-DEBIAHP-2011UK00157,"<a target=""_blank""  href=""/xmlpserver/EVVET3 PW NEW/Subject Area Contents/Public Website/Report (PDF)/AER.xdo?_xpf=&_xpt=1&_params%2FOracle%20BI%20EE%3A%3ADefaultApp%3A%3AEVVET3%20PR%20NEW%2FAER%3A%3Adimension%2FAER%20Id%3A%3Aattribute%3A%3Anoaggr%3A%3Axsd%3Adouble=361644&_xt=AER&_xf=pdf""> AER </a>",2013-04-30 00:00:00,Veterinarian,United Kingdom,MALE,Dog,"Dog (other), Hound - Swiss - (Lucerne Hound (Luzerner Laufhund), Schwyz Hound (Schweizer Laufhund), Bernese Hound, Jura Hound)","Metacam 1.5 mg/ml - Oral suspension (dogs), Metacam 5 mg/ml - Solution for injection (cats, dogs), Metacam 5 mg/ml - Solution for injection (cattle, pigs), Metacam 5 mg/ml - Solution for injection (dogs), Vetmedin 5 mg capsule per cani, Vetmedin 5mg","Conjunctival oedema, Pyoderma",1,1,
GB-DEBIAHP-2011UK00163,"<a target=""_blank""  href=""/xmlpserver/EVVET3 PW NEW/Subject Area Contents/Public Website/Report (PDF)/AER.xdo?_xpf=&_xpt=1&_params%2FOracle%20BI%20EE%3A%3ADefaultApp%3A%3AEVVET3%20PR%20NEW%2FAER%3A%3Adimension%2FAER%20Id%3A%3Aattribute%3A%3Anoaggr%3A%3Axsd%3Adouble=361645&_xt=AER&_xf=pdf""> AER </a>",2013-04-30 00:00:00,Veterinarian,United Kingdom,MALE,Dog,Spitz - German Pomeranian,Metacam 1.5 mg/ml - Oral suspension (dogs),Vomiting,1,1,
GB-DEBIAHP-2011UK00167,"<a target=""_blank""  href=""/xmlpserver/EVVET3 PW NEW/Subject Area Contents/Public Website/Report (PDF)/AER.xdo?_xpf=&_xpt=1&_params%2FOracle%20BI%20EE%3A%3ADefaultApp%3A%3AEVVET3%20PR%20NEW%2FAER%3A%3Adimension%2FAER%20Id%3A%3Aattribute%3A%3Anoaggr%3A%3Axsd%3Adouble=361646&_xt=AER&_xf=pdf""> AER </a>",2013-04-30 00:00:00,Veterinarian,United Kingdom,FEMALE,Dog,Shepherd Dog - German,Metacam 1.5 mg/ml - Oral suspension (dogs),"Anorexia, Inappropriate urination, Moist dermatitis, Recumbency",1,1,
GB-DEBIAHP-2011UK00170,"<a target=""_blank""  href=""/xmlpserver/EVVET3 PW NEW/Subject Area Contents/Public Website/Report (PDF)/AER.xdo?_xpf=&_xpt=1&_params%2FOracle%20BI%20EE%3A%3ADefaultApp%3A%3AEVVET3%20PR%20NEW%2FAER%3A%3Adimension%2FAER%20Id%3A%3Aattribute%3A%3Anoaggr%3A%3Axsd%3Adouble=361647&_xt=AER&_xf=pdf""> AER </a>",2013-04-30 00:00:00,Veterinarian,United Kingdom,FEMALE,Dog,Spaniel - Cocker American,"Metacam 1.5 mg/ml - Oral suspension (dogs), OPTIMMUNE, OPTIMMUNE 2 mg/g POMADA OFTALMICA PARA PERROS, OPTIMMUNE 2 mg/g očná masť pre psy, OPTIMMUNE 2 mg/g, unguento oftalmico per cani, OPTIMMUNE POMMADE OPHTALMIQUE POUR CHIENS, OPTIMMUNE, 2mg, Oční mast, Optimmune 2 mg/g Eye Ointment, Optimmune 2 mg/g maść do oczu dla psów, Optimmune 2,0 mg/g Augensalbe für Hunde, Optimmune Augensalbe, Optimmune Vet. 2 mg/g øjensalve, Optimmune szemkenőcs A.U.V., Optimmune vet 2 mg/g silmävoide koirille, Optimmune vet. 2 mg/g øyesalve til hund",Conjunctivitis,1,1,
GB-DEBIAHP-2011UK00173,"<a target=""_blank""  href=""/xmlpserver/EVVET3 PW NEW/Subject Area Contents/Public Website/Report (PDF)/AER.xdo?_xpf=&_xpt=1&_params%2FOracle%20BI%20EE%3A%3ADefaultApp%3A%3AEVVET3%20PR%20NEW%2FAER%3A%3Adimension%2FAER%20Id%3A%3Aattribute%3A%3Anoaggr%3A%3Axsd%3Adouble=361648&_xt=AER&_xf=pdf""> AER </a>",2013-04-30 00:00:00,Veterinarian,United Kingdom,MALE,Dog,Spaniel - King Charles,Metacam 1.5 mg/ml - Oral suspension (dogs),"Heart murmur, Increased heart rate, Lethargy (see also Central nervous system depression in Neurological), Panting",1,1,
GB-DEBIAHP-2011UK00175,"<a target=""_blank""  href=""/xmlpserver/EVVET3 PW NEW/Subject Area Contents/Public Website/Report (PDF)/AER.xdo?_xpf=&_xpt=1&_params%2FOracle%20BI%20EE%3A%3ADefaultApp%3A%3AEVVET3%20PR%20NEW%2FAER%3A%3Adimension%2FAER%20Id%3A%3Aattribute%3A%3Anoaggr%3A%3Axsd%3Adouble=361649&_xt=AER&_xf=pdf""> AER </a>",2013-04-30 00:00:00,Other health care professional,United Kingdom,MALE,Dog,Retriever - Labrador,Metacam 1.5 mg/ml - Oral suspension (dogs),Diarrhoea,1,1,
GB-DEBIAHP-2011UK00177,"<a target=""_blank""  href=""/xmlpserver/EVVET3 PW NEW/Subject Area Contents/Public Website/Report (PDF)/AER.xdo?_xpf=&_xpt=1&_params%2FOracle%20BI%20EE%3A%3ADefaultApp%3A%3AEVVET3%20PR%20NEW%2FAER%3A%3Adimension%2FAER%20Id%3A%3Aattribute%3A%3Anoaggr%3A%3Axsd%3Adouble=361650&_xt=AER&_xf=pdf""> AER </a>",2013-04-30 00:00:00,Animal owner,United Kingdom,MALE,Dog,"Dog (other), Hound - Swiss - (Lucerne Hound (Luzerner Laufhund), Schwyz Hound (Schweizer Laufhund), Bernese Hound, Jura Hound)",Metacam 1.5 mg/ml - Oral suspension (dogs),Haematemesis,1,1,
GB-DEBIAHP-2011UK00178,"<a target=""_blank""  href=""/xmlpserver/EVVET3 PW NEW/Subject Area Contents/Public Website/Report (PDF)/AER.xdo?_xpf=&_xpt=1&_params%2FOracle%20BI%20EE%3A%3ADefaultApp%3A%3AEVVET3%20PR%20NEW%2FAER%3A%3Adimension%2FAER%20Id%3A%3Aattribute%3A%3Anoaggr%3A%3Axsd%3Adouble=363170&_xt=AER&_xf=pdf""> AER </a>",2013-05-17 00:00:00,Veterinarian,United Kingdom,FEMALE,Dog,Terrier - Jack Russell,"Metacam 5 mg/ml - Solution for injection (cats, dogs), Metacam 5 mg/ml - Solution for injection (cattle, pigs), Metacam 5 mg/ml - Solution for injection (dogs)","Facial oedema, Pruritus, Urticaria",1,1,
GB-DEBIAHP-2011UK00182,"<a target=""_blank""  href=""/xmlpserver/EVVET3 PW NEW/Subject Area Contents/Public Website/Report (PDF)/AER.xdo?_xpf=&_xpt=1&_params%2FOracle%20BI%20EE%3A%3ADefaultApp%3A%3AEVVET3%20PR%20NEW%2FAER%3A%3Adimension%2FAER%20Id%3A%3Aattribute%3A%3Anoaggr%3A%3Axsd%3Adouble=361651&_xt=AER&_xf=pdf""> AER </a>",2013-04-30 00:00:00,Veterinarian,United Kingdom,MALE,Dog,"Dog (other), Hound - Swiss - (Lucerne Hound (Luzerner Laufhund), Schwyz Hound (Schweizer Laufhund), Bernese Hound, Jura Hound)",Metacam 1.5 mg/ml - Oral suspension (dogs),Emesis,1,1,
GB-DEBIAHP-2011UK00183,"<a target=""_blank""  href=""/xmlpserver/EVVET3 PW NEW/Subject Area Contents/Public Website/Report (PDF)/AER.xdo?_xpf=&_xpt=1&_params%2FOracle%20BI%20EE%3A%3ADefaultApp%3A%3AEVVET3%20PR%20NEW%2FAER%3A%3Adimension%2FAER%20Id%3A%3Aattribute%3A%3Anoaggr%3A%3Axsd%3Adouble=361652&_xt=AER&_xf=pdf""> AER </a>",2013-04-30 00:00:00,Veterinarian,United Kingdom,FEMALE,Dog,"Dog (other), Hound - Swiss - (Lucerne Hound (Luzerner Laufhund), Schwyz Hound (Schweizer Laufhund), Bernese Hound, Jura Hound)",Metacam 1.5 mg/ml - Oral suspension (dogs),Elevated renal parameters,1,1,
GB-DEBIAHP-2011UK00205,"<a target=""_blank""  href=""/xmlpserver/EVVET3 PW NEW/Subject Area Contents/Public Website/Report (PDF)/AER.xdo?_xpf=&_xpt=1&_params%2FOracle%20BI%20EE%3A%3ADefaultApp%3A%3AEVVET3%20PR%20NEW%2FAER%3A%3Adimension%2FAER%20Id%3A%3Aattribute%3A%3Anoaggr%3A%3Axsd%3Adouble=361653&_xt=AER&_xf=pdf""> AER </a>",2013-04-30 00:00:00,Veterinarian,United Kingdom,MALE,Dog,Setter - Gordon,"Metacam 1.5 mg/ml - Oral suspension (dogs), Metacam 5 mg/ml - Solution for injection (cats, dogs), Metacam 5 mg/ml - Solution for injection (cattle, pigs), Metacam 5 mg/ml - Solution for injection (dogs)","Distress, Panting",1,1,
GB-DEBIAHP-2011UK00210,"<a target=""_blank""  href=""/xmlpserver/EVVET3 PW NEW/Subject Area Contents/Public Website/Report (PDF)/AER.xdo?_xpf=&_xpt=1&_params%2FOracle%20BI%20EE%3A%3ADefaultApp%3A%3AEVVET3%20PR%20NEW%2FAER%3A%3Adimension%2FAER%20Id%3A%3Aattribute%3A%3Anoaggr%3A%3Axsd%3Adouble=361654&_xt=AER&_xf=pdf""> AER </a>",2013-04-30 00:00:00,Other health care professional,United Kingdom,FEMALE,Dog,Poodle - Standard,Metacam 1.5 mg/ml - Oral suspension (dogs),"Dehydration, Diarrhoea, Lethargy (see also Central nervous system depression in Neurological), Vomiting",1,1,
GB-DEBIAHP-2011UK00218,"<a target=""_blank""  href=""/xmlpserver/EVVET3 PW NEW/Subject Area Contents/Public Website/Report (PDF)/AER.xdo?_xpf=&_xpt=1&_params%2FOracle%20BI%20EE%3A%3ADefaultApp%3A%3AEVVET3%20PR%20NEW%2FAER%3A%3Adimension%2FAER%20Id%3A%3Aattribute%3A%3Anoaggr%3A%3Axsd%3Adouble=361655&_xt=AER&_xf=pdf""> AER </a>",2013-04-30 00:00:00,Veterinarian,United Kingdom,FEMALE,Dog,Spaniel - Springer English,"Fuxien vet 1000 mg/g inhalaatiohöyry, neste, ISOFLURANE-Vet 1000 mg/g liquido per inalazione per cani e gatti, ISOFLURIN 1000mg/g ΥΓΡΟ ΓΙΑ ΕΙΣΠΝΕΟΜΕΝΟΥΣ ΑΤΜΟΥΣ, Isoflurane 100% Inhalation Vapour, Liquid, Isoflurane 1000 mg/g Inhalation Vapour, liquid., Metacam 1.5 mg/ml - Oral suspension (dogs), Metacam 5 mg/ml - Solution for injection (cats, dogs), Metacam 5 mg/ml - Solution for injection (cattle, pigs), Metacam 5 mg/ml - Solution for injection (dogs), SEDATOR, 1.0 mg/ml, solution for injection for cats and dogs, SYNULOX (200+50)MG/TAB ΔΙΣΚΙΟ, SYNULOX (40+10)MG/TAB ΔΙΣΚΙΟ, SYNULOX 140 mg/ml + 35 mg/ml suspensión inyectable, SYNULOX 200 mg/50 mg tablety pre psy a mačky, SYNULOX 200/50 mg COMPRIMIDOS APETITOSOS PARA PERROS, SYNULOX 250 COMPRIMES POUR CHIENS, SYNULOX 250 mg, SYNULOX 250 mg kramtomosios tabletės šunims ir katėms, SYNULOX 250 mg tablete za pse in mačke, SYNULOX 250mg, δισκία για σκύλους και γάτες, SYNULOX 40 mg/10 mg tablety pre psy a mačky, SYNULOX 40 mg/ml + 10 mg/ml POLVO PARA GOTAS ORALES EN SUSPENSION, SYNULOX 40/10 MG COMPRIMIDOS APETITOSOS PARA PERROS Y GATOS, SYNULOX 400 mg/100 mg tablety pre psy, SYNULOX 400/100 mg COMPRIMIDOS APETITOSOS PARA PERROS, SYNULOX 50 COMPRIMES POUR CHIENS ET CHATS, SYNULOX 50 mg, SYNULOX 50 mg kramtomosios tabletės šunims ir katėms, SYNULOX 50 mg tablete za pse in mačke, SYNULOX 500 COMPRIMES POUR CHIENS, SYNULOX 500 mg kramtomosios tabletės šunims, SYNULOX 500 mg tablete za pse, SYNULOX 500 mg, kramtomosios tabletės šunims, SYNULOX 500MG/TAB ΔΙΣΚΙΟ, SYNULOX 50mg, δισκία για σκύλους και γάτες, SYNULOX OGIVETTES POUR VEAUX, SYNULOX SUSPENSION INJECTABLE POUR BOVINS, SYNULOX VET 140 mg/ml injektioneste, suspensio koiralle, kissalle ja sialle, SYNULOX suspensão injetável para suínos, bovinos, cães e gatos, SYNULOX vet 200 mg/50 mg tabletti, koiralle ja kissalle, SYNULOX vet 40 mg/10 mg tabletti, koiralle ja kissalle, SYNULOX vet 400 mg/100 mg tabletti, koiralle, SYNULOX, 400/100mg, Tableta, Sedator, 1.0 mg/ml, solution for injection for cats and dogs, Synulox 250 mg Comprimés Appétents, Synulox 250 mg Smakelijke tabletten, Synulox 250 mg tabletes suņiem un kaķiem, Synulox 250 mg, tabletid koertele ja kassidele, Synulox 250 mg, таблетки за кучета и котки, Synulox 250mg (200 mg/50 mg)  Tabletten für Hunde, Synulox 50 mg Comprimés Appétents, Synulox 50 mg Smakelijke Tabletten, Synulox 50 mg tabletes suņiem un kaķiem, Synulox 50 mg, tabletid koertele ja kassidele, Synulox 50 mg, таблетки за кучета и котки, Synulox 500 mg Bolus 400 mg - 100 mg Omhulde tablet, Synulox 500 mg Comprimés Appétents, Synulox 500 mg Smakelijke Tabletten, Synulox 500 mg tabletes suņiem, Synulox 500 mg, tabletid koertele, Synulox 500mg (400 mg/100 mg) Tabletten für Hunde, Synulox 50mg (40 mg/10 mg) Tabletten für Hunde und Katzen, Synulox Bolus 500 mg, 400 mg + 100 mg comprimés enrobés pour veaux, Synulox Lactating Cow Intramammary suspension., Synulox Tabletki 250 mg, Synulox Tabletki 250 mg (200+50) mg/tablete; tabletes suņiem, Synulox Tabletki 50 mg, Synulox Tabletki 50 mg (40+10) mg/ tablete; tabletes suņiem un kaķiem, Synulox Tabletki 500 mg, Synulox Vet. til hund og kat 200 + 50 mg tabletter, Synulox Vet. til hund og kat 40 + 10 mg tabletter, Synulox Vet. til hund tabletter 400 + 100 mg, Synulox Vet. til kalve 400 + 100 mg tabletter, Synulox comprimidos palatáveis 250 mg para cães e gatos, Synulox comprimidos palatáveis 50 mg para cães e gatos, Synulox comprimidos palatáveis 500 mg para cães, Synulox vet 40 mg/ml jauhe oraalisuspensiota varten koiralle ja kissalle, Synulox vet. 200 mg tabletter for hund og katt, Synulox vet. 200 mg/50 mg Tablett, Synulox vet. 40 mg tabletter for hund og katt, Synulox vet. 40 mg/10 mg Tablett, Synulox vet. 400 mg tabletter for hund, Synulox vet. 400 mg/100 mg Tablett, Synulox, 200/50mg, Tableta, Synulox, 40/10mg, Tableta, Synulox-Kalb 400 mg/100 mg Filmtabletten für Rinder (Kälber)","Depression, Elevated liver enzymes NOS, Jaundice, Vomiting",1,1,
GB-DEBIAHP-2011UK00223,"<a target=""_blank""  href=""/xmlpserver/EVVET3 PW NEW/Subject Area Contents/Public Website/Report (PDF)/AER.xdo?_xpf=&_xpt=1&_params%2FOracle%20BI%20EE%3A%3ADefaultApp%3A%3AEVVET3%20PR%20NEW%2FAER%3A%3Adimension%2FAER%20Id%3A%3Aattribute%3A%3Anoaggr%3A%3Axsd%3Adouble=361656&_xt=AER&_xf=pdf""> AER </a>",2013-04-30 00:00:00,Veterinarian,United Kingdom,MALE,Dog,Retriever - Labrador,Metacam 1.5 mg/ml - Oral suspension (dogs),Diarrhoea,1,1,
GB-DEBIAHP-2011UK00224,"<a target=""_blank""  href=""/xmlpserver/EVVET3 PW NEW/Subject Area Contents/Public Website/Report (PDF)/AER.xdo?_xpf=&_xpt=1&_params%2FOracle%20BI%20EE%3A%3ADefaultApp%3A%3AEVVET3%20PR%20NEW%2FAER%3A%3Adimension%2FAER%20Id%3A%3Aattribute%3A%3Anoaggr%3A%3Axsd%3Adouble=361363&_xt=AER&_xf=pdf""> AER </a>",2013-04-30 00:00:00,Veterinarian,United Kingdom,FEMALE,Dog,Pug,"Metacam 5 mg/ml - Solution for injection (cats, dogs), Metacam 5 mg/ml - Solution for injection (cattle, pigs), Metacam 5 mg/ml - Solution for injection (dogs)","Abdominal pain, Emesis",1,1,
GB-DEBIAHP-2011UK00230,"<a target=""_blank""  href=""/xmlpserver/EVVET3 PW NEW/Subject Area Contents/Public Website/Report (PDF)/AER.xdo?_xpf=&_xpt=1&_params%2FOracle%20BI%20EE%3A%3ADefaultApp%3A%3AEVVET3%20PR%20NEW%2FAER%3A%3Adimension%2FAER%20Id%3A%3Aattribute%3A%3Anoaggr%3A%3Axsd%3Adouble=361364&_xt=AER&_xf=pdf""> AER </a>",2013-04-30 00:00:00,Veterinarian,United Kingdom,FEMALE,Dog,Terrier - Bull - Staffordshire,"Metacam 1.5 mg/ml - Oral suspension (dogs), Metacam 5 mg/ml - Solution for injection (cats, dogs), Metacam 5 mg/ml - Solution for injection (cattle, pigs), Metacam 5 mg/ml - Solution for injection (dogs), SYNULOX (200+50)MG/TAB ΔΙΣΚΙΟ, SYNULOX (40+10)MG/TAB ΔΙΣΚΙΟ, SYNULOX 140 mg/ml + 35 mg/ml suspensión inyectable, SYNULOX 200 mg/50 mg tablety pre psy a mačky, SYNULOX 200/50 mg COMPRIMIDOS APETITOSOS PARA PERROS, SYNULOX 250 COMPRIMES POUR CHIENS, SYNULOX 250 mg, SYNULOX 250 mg kramtomosios tabletės šunims ir katėms, SYNULOX 250 mg tablete za pse in mačke, SYNULOX 250mg, δισκία για σκύλους και γάτες, SYNULOX 40 mg/10 mg tablety pre psy a mačky, SYNULOX 40 mg/ml + 10 mg/ml POLVO PARA GOTAS ORALES EN SUSPENSION, SYNULOX 40/10 MG COMPRIMIDOS APETITOSOS PARA PERROS Y GATOS, SYNULOX 400 mg/100 mg tablety pre psy, SYNULOX 400/100 mg COMPRIMIDOS APETITOSOS PARA PERROS, SYNULOX 50 COMPRIMES POUR CHIENS ET CHATS, SYNULOX 50 mg, SYNULOX 50 mg kramtomosios tabletės šunims ir katėms, SYNULOX 50 mg tablete za pse in mačke, SYNULOX 500 COMPRIMES POUR CHIENS, SYNULOX 500 mg kramtomosios tabletės šunims, SYNULOX 500 mg tablete za pse, SYNULOX 500 mg, kramtomosios tabletės šunims, SYNULOX 500MG/TAB ΔΙΣΚΙΟ, SYNULOX 50mg, δισκία για σκύλους και γάτες, SYNULOX OGIVETTES POUR VEAUX, SYNULOX SUSPENSION INJECTABLE POUR BOVINS, SYNULOX VET 140 mg/ml injektioneste, suspensio koiralle, kissalle ja sialle, SYNULOX suspensão injetável para suínos, bovinos, cães e gatos, SYNULOX vet 200 mg/50 mg tabletti, koiralle ja kissalle, SYNULOX vet 40 mg/10 mg tabletti, koiralle ja kissalle, SYNULOX vet 400 mg/100 mg tabletti, koiralle, SYNULOX, 400/100mg, Tableta, Synulox 250 mg Comprimés Appétents, Synulox 250 mg Smakelijke tabletten, Synulox 250 mg tabletes suņiem un kaķiem, Synulox 250 mg, tabletid koertele ja kassidele, Synulox 250 mg, таблетки за кучета и котки, Synulox 250mg (200 mg/50 mg)  Tabletten für Hunde, Synulox 50 mg Comprimés Appétents, Synulox 50 mg Smakelijke Tabletten, Synulox 50 mg tabletes suņiem un kaķiem, Synulox 50 mg, tabletid koertele ja kassidele, Synulox 50 mg, таблетки за кучета и котки, Synulox 500 mg Bolus 400 mg - 100 mg Omhulde tablet, Synulox 500 mg Comprimés Appétents, Synulox 500 mg Smakelijke Tabletten, Synulox 500 mg tabletes suņiem, Synulox 500 mg, tabletid koertele, Synulox 500mg (400 mg/100 mg) Tabletten für Hunde, Synulox 50mg (40 mg/10 mg) Tabletten für Hunde und Katzen, Synulox Bolus 500 mg, 400 mg + 100 mg comprimés enrobés pour veaux, Synulox Lactating Cow Intramammary suspension., Synulox Tabletki 250 mg, Synulox Tabletki 250 mg (200+50) mg/tablete; tabletes suņiem, Synulox Tabletki 50 mg, Synulox Tabletki 50 mg (40+10) mg/ tablete; tabletes suņiem un kaķiem, Synulox Tabletki 500 mg, Synulox Vet. til hund og kat 200 + 50 mg tabletter, Synulox Vet. til hund og kat 40 + 10 mg tabletter, Synulox Vet. til hund tabletter 400 + 100 mg, Synulox Vet. til kalve 400 + 100 mg tabletter, Synulox comprimidos palatáveis 250 mg para cães e gatos, Synulox comprimidos palatáveis 50 mg para cães e gatos, Synulox comprimidos palatáveis 500 mg para cães, Synulox vet 40 mg/ml jauhe oraalisuspensiota varten koiralle ja kissalle, Synulox vet. 200 mg tabletter for hund og katt, Synulox vet. 200 mg/50 mg Tablett, Synulox vet. 40 mg tabletter for hund og katt, Synulox vet. 40 mg/10 mg Tablett, Synulox vet. 400 mg tabletter for hund, Synulox vet. 400 mg/100 mg Tablett, Synulox, 200/50mg, Tableta, Synulox, 40/10mg, Tableta, Synulox-Kalb 400 mg/100 mg Filmtabletten für Rinder (Kälber), Tramadog 50 mg tablet for dogs","Cutaneous oedema, Emesis, Rash",1,1,
GB-DEBIAHP-2011UK00232,"<a target=""_blank""  href=""/xmlpserver/EVVET3 PW NEW/Subject Area Contents/Public Website/Report (PDF)/AER.xdo?_xpf=&_xpt=1&_params%2FOracle%20BI%20EE%3A%3ADefaultApp%3A%3AEVVET3%20PR%20NEW%2FAER%3A%3Adimension%2FAER%20Id%3A%3Aattribute%3A%3Anoaggr%3A%3Axsd%3Adouble=361657&_xt=AER&_xf=pdf""> AER </a>",2013-04-30 00:00:00,Veterinarian,United Kingdom,MALE,Dog,Retriever - Flat-coated,Metacam 1.5 mg/ml - Oral suspension (dogs),"Retching, Sleepiness - neurological disorder",1,1,
GB-DEBIAHP-2011UK00239,"<a target=""_blank""  href=""/xmlpserver/EVVET3 PW NEW/Subject Area Contents/Public Website/Report (PDF)/AER.xdo?_xpf=&_xpt=1&_params%2FOracle%20BI%20EE%3A%3ADefaultApp%3A%3AEVVET3%20PR%20NEW%2FAER%3A%3Adimension%2FAER%20Id%3A%3Aattribute%3A%3Anoaggr%3A%3Axsd%3Adouble=361658&_xt=AER&_xf=pdf""> AER </a>",2013-04-30 00:00:00,Animal owner,United Kingdom,MALE,Dog,"Dog (other), Hound - Swiss - (Lucerne Hound (Luzerner Laufhund), Schwyz Hound (Schweizer Laufhund), Bernese Hound, Jura Hound)",Metacam 1.5 mg/ml - Oral suspension (dogs),"Cough, Lethargy (see also Central nervous system depression in Neurological), Nasal discharge, Pyrexia, Sneezing, Tracheitis",1,1,
GB-DEBIAHP-2011UK00280,"<a target=""_blank""  href=""/xmlpserver/EVVET3 PW NEW/Subject Area Contents/Public Website/Report (PDF)/AER.xdo?_xpf=&_xpt=1&_params%2FOracle%20BI%20EE%3A%3ADefaultApp%3A%3AEVVET3%20PR%20NEW%2FAER%3A%3Adimension%2FAER%20Id%3A%3Aattribute%3A%3Anoaggr%3A%3Axsd%3Adouble=361659&_xt=AER&_xf=pdf""> AER </a>",2013-04-30 00:00:00,Veterinarian,United Kingdom,FEMALE,Dog,Crossbred Canine/dog,Metacam 1.5 mg/ml - Oral suspension (dogs),Skin lesion NOS,1,1,
GB-DEBIAHP-2011UK00292,"<a target=""_blank""  href=""/xmlpserver/EVVET3 PW NEW/Subject Area Contents/Public Website/Report (PDF)/AER.xdo?_xpf=&_xpt=1&_params%2FOracle%20BI%20EE%3A%3ADefaultApp%3A%3AEVVET3%20PR%20NEW%2FAER%3A%3Adimension%2FAER%20Id%3A%3Aattribute%3A%3Anoaggr%3A%3Axsd%3Adouble=361367&_xt=AER&_xf=pdf""> AER </a>",2013-04-30 00:00:00,Veterinarian,United Kingdom,MALE,Dog,Chihuahua,"Metacam 1.5 mg/ml - Oral suspension (dogs), Metacam 5 mg/ml - Solution for injection (cats, dogs), Metacam 5 mg/ml - Solution for injection (cattle, pigs), Metacam 5 mg/ml - Solution for injection (dogs)","Emesis, Lethargy (see also Central nervous system depression in Neurological)",1,1,
GB-DEBIAHP-2011UK00293,"<a target=""_blank""  href=""/xmlpserver/EVVET3 PW NEW/Subject Area Contents/Public Website/Report (PDF)/AER.xdo?_xpf=&_xpt=1&_params%2FOracle%20BI%20EE%3A%3ADefaultApp%3A%3AEVVET3%20PR%20NEW%2FAER%3A%3Adimension%2FAER%20Id%3A%3Aattribute%3A%3Anoaggr%3A%3Axsd%3Adouble=361660&_xt=AER&_xf=pdf""> AER </a>",2013-04-30 00:00:00,Veterinarian,United Kingdom,MALE,Dog,Collie - Border,Metacam 1.5 mg/ml - Oral suspension (dogs),Epistaxis,1,1,
GB-DEBIAHP-2011UK00302,"<a target=""_blank""  href=""/xmlpserver/EVVET3 PW NEW/Subject Area Contents/Public Website/Report (PDF)/AER.xdo?_xpf=&_xpt=1&_params%2FOracle%20BI%20EE%3A%3ADefaultApp%3A%3AEVVET3%20PR%20NEW%2FAER%3A%3Adimension%2FAER%20Id%3A%3Aattribute%3A%3Anoaggr%3A%3Axsd%3Adouble=361661&_xt=AER&_xf=pdf""> AER </a>",2013-04-30 00:00:00,Veterinarian,United Kingdom,FEMALE,Dog,Terrier - Jack Russell,Metacam 1.5 mg/ml - Oral suspension (dogs),"Diarrhoea, Elevated liver enzymes NOS",1,1,
GB-DEBIAHP-2011UK00304,"<a target=""_blank""  href=""/xmlpserver/EVVET3 PW NEW/Subject Area Contents/Public Website/Report (PDF)/AER.xdo?_xpf=&_xpt=1&_params%2FOracle%20BI%20EE%3A%3ADefaultApp%3A%3AEVVET3%20PR%20NEW%2FAER%3A%3Adimension%2FAER%20Id%3A%3Aattribute%3A%3Anoaggr%3A%3Axsd%3Adouble=361662&_xt=AER&_xf=pdf""> AER </a>",2013-04-30 00:00:00,Veterinarian,United Kingdom,MALE,Dog,"Dog (other), Hound - Swiss - (Lucerne Hound (Luzerner Laufhund), Schwyz Hound (Schweizer Laufhund), Bernese Hound, Jura Hound)",Metacam 1.5 mg/ml - Oral suspension (dogs),"Blood in faeces, Loose stool",1,1,
GB-DEBIAHP-2011UK00305,"<a target=""_blank""  href=""/xmlpserver/EVVET3 PW NEW/Subject Area Contents/Public Website/Report (PDF)/AER.xdo?_xpf=&_xpt=1&_params%2FOracle%20BI%20EE%3A%3ADefaultApp%3A%3AEVVET3%20PR%20NEW%2FAER%3A%3Adimension%2FAER%20Id%3A%3Aattribute%3A%3Anoaggr%3A%3Axsd%3Adouble=361663&_xt=AER&_xf=pdf""> AER </a>",2013-04-30 00:00:00,Veterinarian,United Kingdom,FEMALE,Dog,Terrier - Fox Smooth,Metacam 1.5 mg/ml - Oral suspension (dogs),"Anorexia, Haematemesis",1,1,
GB-DEBIAHP-2011UK00324,"<a target=""_blank""  href=""/xmlpserver/EVVET3 PW NEW/Subject Area Contents/Public Website/Report (PDF)/AER.xdo?_xpf=&_xpt=1&_params%2FOracle%20BI%20EE%3A%3ADefaultApp%3A%3AEVVET3%20PR%20NEW%2FAER%3A%3Adimension%2FAER%20Id%3A%3Aattribute%3A%3Anoaggr%3A%3Axsd%3Adouble=361664&_xt=AER&_xf=pdf""> AER </a>",2013-04-30 00:00:00,Veterinarian,United Kingdom,MALE,Dog,Retriever - Labrador,"Metacam 1.5 mg/ml - Oral suspension (dogs), VETMEDIN 0,75 MG/ML SOLUTION INJECTABLE POUR CHIENS, VETMEDIN 2,5 mg capsule pentru câini, VETMEDIN 2,5 mg kietos kapsulės šunims, VETMEDIN 5 MG GELULES POUR CHIENS, VETMEDIN 5 mg capsule pentru câini, VETMEDIN 5 mg kietos kapsulės šunims, VETMEDIN 5 mg, 5mg, Tvrdá tobolka, VETMEDIN, 2.5mg, Tvrdá tobolka, Vetmedin 0,75 mg/ml Injektionslösung für Hunde, Vetmedin 0.75 mg/ml ενέσιμο διάλυμα για σκύλους, Vetmedin 1,25 mg - Kapseln für Hunde, Vetmedin 1,25 mg Kautabletten für Hunde, Vetmedin 1,25 mg capsule per cani, Vetmedin 1,25 mg gélules pour chiens, Vetmedin 1,25 mg kapszula kutyáknak A.U.V., Vetmedin 1,5 mg/ml Lösung zum Eingeben für Hunde, Vetmedin 1.25 mg Capsule, hard, Vetmedin 1.25 mg capsules for dogs, Vetmedin 1.25mg, Vetmedin 10 mg  Kapsułka, twarda, Vetmedin 10 mg Kapseln für Hunde, Vetmedin 10 mg Kautabletten für Hunde, Vetmedin 2,5 mg - Kapseln für Hunde, Vetmedin 2,5 mg Kapsułka, twarda, Vetmedin 2,5 mg Kautabletten für Hunde, Vetmedin 2,5 mg capsule per cani, Vetmedin 2,5 mg kapsulas suņiem, Vetmedin 2,5 mg kapsuly pre psy, Vetmedin 2,5 mg kapszula kutyáknak A.U.V., Vetmedin 2,5 mg, kõvakapslid koertele, Vetmedin 2,5mg, Vetmedin 2.5 mg Capsule, hard, Vetmedin 2.5 mg capsules for dogs, Vetmedin 2.5 mg gélules pour chiens, Vetmedin 5 mg - Kapseln für Hunde, Vetmedin 5 mg Capsule, hard, Vetmedin 5 mg Kapsułki twarde, Vetmedin 5 mg Kautabletten für Hunde, Vetmedin 5 mg capsule per cani, Vetmedin 5 mg capsules, Vetmedin 5 mg capsules for dogs, Vetmedin 5 mg gélules pour chiens, Vetmedin 5 mg kapsulas suņiem, Vetmedin 5 mg kapsuly pre psy, Vetmedin 5 mg kapszula kutyáknak A.U.V., Vetmedin 5 mg, kõvakapslid koertele., Vetmedin 5mg, Vetmedin Chew 1,25 mg Kautabletten für Hunde, Vetmedin Chew 10 mg Kautabletten für Hunde, Vetmedin Chew 2,5 mg Kautabletten für Hunde, Vetmedin Chew 5 mg Kautabletten für Hunde, Vetmedin Vet. 10 mg tyggetabletter, Vetmedin Vet. 5 mg tyggetabletter, Vetmedin vet., 5 mg, Tuggtablett",Diarrhoea,1,1,
GB-DEBIAHP-2011UK00325,"<a target=""_blank""  href=""/xmlpserver/EVVET3 PW NEW/Subject Area Contents/Public Website/Report (PDF)/AER.xdo?_xpf=&_xpt=1&_params%2FOracle%20BI%20EE%3A%3ADefaultApp%3A%3AEVVET3%20PR%20NEW%2FAER%3A%3Adimension%2FAER%20Id%3A%3Aattribute%3A%3Anoaggr%3A%3Axsd%3Adouble=361665&_xt=AER&_xf=pdf""> AER </a>",2013-04-30 00:00:00,Veterinarian,United Kingdom,MALE,Dog,Chihuahua,"FORTEKOR 2,5 COMPRIMES POUR CHATS ET CHIENS, FORTEKOR 2,5 compresse per cani di piccola taglia e gatti, FORTEKOR 2,5 mg comprimés pour chiens et chats, FORTEKOR 20 Compresse rivestite con film per cani, FORTEKOR 5 Compresse rivestite con film per cani e gatti, FORTEKOR F 20 COMPRIMES POUR CHIENS, FORTEKOR F 5 COMPRIMES POUR CHATS ET CHIENS, FUROSEMIDE 5%/AGROSEED CANDILIDIS ενέσιμο διάλυμα 50 mg/ml για σκύλο και γάτα, Fortekor 2,5 mg  Tablet, Fortekor 2,5 mg, tabletten voor honden en katten, Fortekor 2.5 mg tablets for cats and dogs, Fortekor Gourmet 2,5 mg, Fortekor Vet. 2,5 mg tabletter, Fortekor Vet. 20 mg tabletter, Fortekor Vet. 5 mg tabletter, Fortekor vet. 2,5 mg Tablett, Fortekor vet. 2,5 mg tabletit kissoille ja koirille, Fortekor vet. 2,5 mg, tabletter til hund og katt, Fortekor vet. 20 mg Tablett, Fortekor vet. 20 mg tabletit koirille, Fortekor vet. 20 mg, tabletter til hund, Fortekor vet. 5 mg Tablett, Fortekor vet. 5 mg tabletit kissoille ja koirille, Fortekor vet. 5 mg, tabletter til hund og katt, Furosemide 40 mg, tabletten voor honden en katten., Furosemide 5% 50 mg/ml šķīdums injekcijām liellopiem, zirgiem, suņiem un kaķiem, Furosemide 5% pro inj., 50 mg/ml oplossing voor injectie, Furosemide 5%, injekcinis tirpalas galvijams, arkliams, šunims ir katėms, Metacam 1.5 mg/ml - Oral suspension (dogs), VETMEDIN 0,75 MG/ML SOLUTION INJECTABLE POUR CHIENS, VETMEDIN 2,5 mg capsule pentru câini, VETMEDIN 2,5 mg kietos kapsulės šunims, VETMEDIN 5 MG GELULES POUR CHIENS, VETMEDIN 5 mg capsule pentru câini, VETMEDIN 5 mg kietos kapsulės šunims, VETMEDIN 5 mg, 5mg, Tvrdá tobolka, VETMEDIN, 2.5mg, Tvrdá tobolka, Vetmedin 0,75 mg/ml Injektionslösung für Hunde, Vetmedin 0.75 mg/ml ενέσιμο διάλυμα για σκύλους, Vetmedin 1,25 mg - Kapseln für Hunde, Vetmedin 1,25 mg Kautabletten für Hunde, Vetmedin 1,25 mg capsule per cani, Vetmedin 1,25 mg gélules pour chiens, Vetmedin 1,25 mg kapszula kutyáknak A.U.V., Vetmedin 1,5 mg/ml Lösung zum Eingeben für Hunde, Vetmedin 1.25 mg Capsule, hard, Vetmedin 1.25 mg capsules for dogs, Vetmedin 1.25mg, Vetmedin 10 mg  Kapsułka, twarda, Vetmedin 10 mg Kapseln für Hunde, Vetmedin 10 mg Kautabletten für Hunde, Vetmedin 2,5 mg - Kapseln für Hunde, Vetmedin 2,5 mg Kapsułka, twarda, Vetmedin 2,5 mg Kautabletten für Hunde, Vetmedin 2,5 mg capsule per cani, Vetmedin 2,5 mg kapsulas suņiem, Vetmedin 2,5 mg kapsuly pre psy, Vetmedin 2,5 mg kapszula kutyáknak A.U.V., Vetmedin 2,5 mg, kõvakapslid koertele, Vetmedin 2,5mg, Vetmedin 2.5 mg Capsule, hard, Vetmedin 2.5 mg capsules for dogs, Vetmedin 2.5 mg gélules pour chiens, Vetmedin 5 mg - Kapseln für Hunde, Vetmedin 5 mg Capsule, hard, Vetmedin 5 mg Kapsułki twarde, Vetmedin 5 mg Kautabletten für Hunde, Vetmedin 5 mg capsule per cani, Vetmedin 5 mg capsules, Vetmedin 5 mg capsules for dogs, Vetmedin 5 mg gélules pour chiens, Vetmedin 5 mg kapsulas suņiem, Vetmedin 5 mg kapsuly pre psy, Vetmedin 5 mg kapszula kutyáknak A.U.V., Vetmedin 5 mg, kõvakapslid koertele., Vetmedin 5mg, Vetmedin Chew 1,25 mg Kautabletten für Hunde, Vetmedin Chew 10 mg Kautabletten für Hunde, Vetmedin Chew 2,5 mg Kautabletten für Hunde, Vetmedin Chew 5 mg Kautabletten für Hunde, Vetmedin Vet. 10 mg tyggetabletter, Vetmedin Vet. 5 mg tyggetabletter, Vetmedin vet., 5 mg, Tuggtablett, Фуроземид 5 %",Emesis,1,1,
GB-DEBIAHP-2011UK00327,"<a target=""_blank""  href=""/xmlpserver/EVVET3 PW NEW/Subject Area Contents/Public Website/Report (PDF)/AER.xdo?_xpf=&_xpt=1&_params%2FOracle%20BI%20EE%3A%3ADefaultApp%3A%3AEVVET3%20PR%20NEW%2FAER%3A%3Adimension%2FAER%20Id%3A%3Aattribute%3A%3Anoaggr%3A%3Axsd%3Adouble=361666&_xt=AER&_xf=pdf""> AER </a>",2013-04-30 00:00:00,Veterinarian,United Kingdom,MALE,Dog,Spaniel - Cocker American,"Metacam 1.5 mg/ml - Oral suspension (dogs), Metacam 5 mg/ml - Solution for injection (cats, dogs), Metacam 5 mg/ml - Solution for injection (cattle, pigs), Metacam 5 mg/ml - Solution for injection (dogs)",Haemorrhagic diarrhoea,1,1,
GB-DEBIAHP-2011UK00328,"<a target=""_blank""  href=""/xmlpserver/EVVET3 PW NEW/Subject Area Contents/Public Website/Report (PDF)/AER.xdo?_xpf=&_xpt=1&_params%2FOracle%20BI%20EE%3A%3ADefaultApp%3A%3AEVVET3%20PR%20NEW%2FAER%3A%3Adimension%2FAER%20Id%3A%3Aattribute%3A%3Anoaggr%3A%3Axsd%3Adouble=361667&_xt=AER&_xf=pdf""> AER </a>",2013-04-30 00:00:00,Veterinarian,United Kingdom,MALE,Dog,Dachshund - Standard Wire-haired,"Metacam 1.5 mg/ml - Oral suspension (dogs), Metacam 5 mg/ml - Solution for injection (cats, dogs), Metacam 5 mg/ml - Solution for injection (cattle, pigs), Metacam 5 mg/ml - Solution for injection (dogs)",Vomiting,1,1,
GB-DEBIAHP-2011UK00337,"<a target=""_blank""  href=""/xmlpserver/EVVET3 PW NEW/Subject Area Contents/Public Website/Report (PDF)/AER.xdo?_xpf=&_xpt=1&_params%2FOracle%20BI%20EE%3A%3ADefaultApp%3A%3AEVVET3%20PR%20NEW%2FAER%3A%3Adimension%2FAER%20Id%3A%3Aattribute%3A%3Anoaggr%3A%3Axsd%3Adouble=361668&_xt=AER&_xf=pdf""> AER </a>",2013-04-30 00:00:00,Veterinarian,United Kingdom,MALE,Dog,"Dog (other), Hound - Swiss - (Lucerne Hound (Luzerner Laufhund), Schwyz Hound (Schweizer Laufhund), Bernese Hound, Jura Hound)","Metacam 1.5 mg/ml - Oral suspension (dogs), Metacam 5 mg/ml - Solution for injection (cats, dogs), Metacam 5 mg/ml - Solution for injection (cattle, pigs), Metacam 5 mg/ml - Solution for injection (dogs)",Diarrhoea,1,1,
GB-DEBIAHP-2011UK00339,"<a target=""_blank""  href=""/xmlpserver/EVVET3 PW NEW/Subject Area Contents/Public Website/Report (PDF)/AER.xdo?_xpf=&_xpt=1&_params%2FOracle%20BI%20EE%3A%3ADefaultApp%3A%3AEVVET3%20PR%20NEW%2FAER%3A%3Adimension%2FAER%20Id%3A%3Aattribute%3A%3Anoaggr%3A%3Axsd%3Adouble=361669&_xt=AER&_xf=pdf""> AER </a>",2013-04-30 00:00:00,Veterinarian,United Kingdom,FEMALE,Dog,Beagle,"Metacam 1.5 mg/ml - Oral suspension (dogs), Metacam 5 mg/ml - Solution for injection (cats, dogs), Metacam 5 mg/ml - Solution for injection (cattle, pigs), Metacam 5 mg/ml - Solution for injection (dogs)",Diarrhoea,3,4,
GB-DEBIAHP-2011UK00345,"<a target=""_blank""  href=""/xmlpserver/EVVET3 PW NEW/Subject Area Contents/Public Website/Report (PDF)/AER.xdo?_xpf=&_xpt=1&_params%2FOracle%20BI%20EE%3A%3ADefaultApp%3A%3AEVVET3%20PR%20NEW%2FAER%3A%3Adimension%2FAER%20Id%3A%3Aattribute%3A%3Anoaggr%3A%3Axsd%3Adouble=363171&_xt=AER&_xf=pdf""> AER </a>",2013-05-17 00:00:00,Veterinarian,United Kingdom,FEMALE,Dog,Retriever - Labrador,"Metacam 5 mg/ml - Solution for injection (cats, dogs), Metacam 5 mg/ml - Solution for injection (cattle, pigs), Metacam 5 mg/ml - Solution for injection (dogs)",Urticaria,1,1,
GB-DEBIAHP-2011UK00346,"<a target=""_blank""  href=""/xmlpserver/EVVET3 PW NEW/Subject Area Contents/Public Website/Report (PDF)/AER.xdo?_xpf=&_xpt=1&_params%2FOracle%20BI%20EE%3A%3ADefaultApp%3A%3AEVVET3%20PR%20NEW%2FAER%3A%3Adimension%2FAER%20Id%3A%3Aattribute%3A%3Anoaggr%3A%3Axsd%3Adouble=361670&_xt=AER&_xf=pdf""> AER </a>",2013-04-30 00:00:00,Veterinarian,United Kingdom,MALE,Dog,Retriever - Golden,"Metacam 1.5 mg/ml - Oral suspension (dogs), Vanguard Pup, Vivitonin 100 mg film-coated tablets, Vivitonin 50 mg film-coated tablets",Emesis,1,1,
GB-DEBIAHP-2011UK00348,"<a target=""_blank""  href=""/xmlpserver/EVVET3 PW NEW/Subject Area Contents/Public Website/Report (PDF)/AER.xdo?_xpf=&_xpt=1&_params%2FOracle%20BI%20EE%3A%3ADefaultApp%3A%3AEVVET3%20PR%20NEW%2FAER%3A%3Adimension%2FAER%20Id%3A%3Aattribute%3A%3Anoaggr%3A%3Axsd%3Adouble=361671&_xt=AER&_xf=pdf""> AER </a>",2013-04-30 00:00:00,Veterinarian,United Kingdom,MALE,Dog,Retriever - Flat-coated,Metacam 1.5 mg/ml - Oral suspension (dogs),"Anaemia NOS, Emesis, Hypoproteinaemia, Pallor",1,1,
GB-DEBIAHP-2011UK00357,"<a target=""_blank""  href=""/xmlpserver/EVVET3 PW NEW/Subject Area Contents/Public Website/Report (PDF)/AER.xdo?_xpf=&_xpt=1&_params%2FOracle%20BI%20EE%3A%3ADefaultApp%3A%3AEVVET3%20PR%20NEW%2FAER%3A%3Adimension%2FAER%20Id%3A%3Aattribute%3A%3Anoaggr%3A%3Axsd%3Adouble=361672&_xt=AER&_xf=pdf""> AER </a>",2013-04-30 00:00:00,Other health care professional,United Kingdom,FEMALE,Dog,Shepherd Dog - German,"Metacam 1.5 mg/ml - Oral suspension (dogs), Metacam 5 mg/ml - Solution for injection (cats, dogs), Metacam 5 mg/ml - Solution for injection (cattle, pigs), Metacam 5 mg/ml - Solution for injection (dogs)","Haemorrhagic diarrhoea, Not eating",1,1,
GB-DEBIAHP-2011UK00358,"<a target=""_blank""  href=""/xmlpserver/EVVET3 PW NEW/Subject Area Contents/Public Website/Report (PDF)/AER.xdo?_xpf=&_xpt=1&_params%2FOracle%20BI%20EE%3A%3ADefaultApp%3A%3AEVVET3%20PR%20NEW%2FAER%3A%3Adimension%2FAER%20Id%3A%3Aattribute%3A%3Anoaggr%3A%3Axsd%3Adouble=361673&_xt=AER&_xf=pdf""> AER </a>",2013-04-30 00:00:00,Other health care professional,United Kingdom,MALE,Dog,Crossbred Canine/dog,"Metacam 1.5 mg/ml - Oral suspension (dogs), Metacam 5 mg/ml - Solution for injection (cats, dogs), Metacam 5 mg/ml - Solution for injection (cattle, pigs), Metacam 5 mg/ml - Solution for injection (dogs)","Haemorrhagic diarrhoea, Vomiting",1,1,
GB-DEBIAHP-2011UK00359,"<a target=""_blank""  href=""/xmlpserver/EVVET3 PW NEW/Subject Area Contents/Public Website/Report (PDF)/AER.xdo?_xpf=&_xpt=1&_params%2FOracle%20BI%20EE%3A%3ADefaultApp%3A%3AEVVET3%20PR%20NEW%2FAER%3A%3Adimension%2FAER%20Id%3A%3Aattribute%3A%3Anoaggr%3A%3Axsd%3Adouble=361674&_xt=AER&_xf=pdf""> AER </a>",2013-04-30 00:00:00,Other health care professional,United Kingdom,FEMALE,Dog,Dalmatian,"Metacam 1.5 mg/ml - Oral suspension (dogs), Metacam 5 mg/ml - Solution for injection (cats, dogs), Metacam 5 mg/ml - Solution for injection (cattle, pigs), Metacam 5 mg/ml - Solution for injection (dogs)","Haemorrhagic diarrhoea, Not eating, Vomiting",1,1,
GB-DEBIAHP-2011UK00360,"<a target=""_blank""  href=""/xmlpserver/EVVET3 PW NEW/Subject Area Contents/Public Website/Report (PDF)/AER.xdo?_xpf=&_xpt=1&_params%2FOracle%20BI%20EE%3A%3ADefaultApp%3A%3AEVVET3%20PR%20NEW%2FAER%3A%3Adimension%2FAER%20Id%3A%3Aattribute%3A%3Anoaggr%3A%3Axsd%3Adouble=361675&_xt=AER&_xf=pdf""> AER </a>",2013-04-30 00:00:00,Other health care professional,United Kingdom,FEMALE,Dog,Retriever - Labrador,"Metacam 1.5 mg/ml - Oral suspension (dogs), Metacam 5 mg/ml - Solution for injection (cats, dogs), Metacam 5 mg/ml - Solution for injection (cattle, pigs), Metacam 5 mg/ml - Solution for injection (dogs)","Diarrhoea, Not eating, Polyuria",1,1,
GB-DEBIAHP-2011UK00365,"<a target=""_blank""  href=""/xmlpserver/EVVET3 PW NEW/Subject Area Contents/Public Website/Report (PDF)/AER.xdo?_xpf=&_xpt=1&_params%2FOracle%20BI%20EE%3A%3ADefaultApp%3A%3AEVVET3%20PR%20NEW%2FAER%3A%3Adimension%2FAER%20Id%3A%3Aattribute%3A%3Anoaggr%3A%3Axsd%3Adouble=361676&_xt=AER&_xf=pdf""> AER </a>",2013-04-30 00:00:00,Veterinarian,United Kingdom,MALE,Dog,Shih Tzu,Metacam 1.5 mg/ml - Oral suspension (dogs),Vomiting,1,1,
GB-DEBIAHP-2012UK00002,"<a target=""_blank""  href=""/xmlpserver/EVVET3 PW NEW/Subject Area Contents/Public Website/Report (PDF)/AER.xdo?_xpf=&_xpt=1&_params%2FOracle%20BI%20EE%3A%3ADefaultApp%3A%3AEVVET3%20PR%20NEW%2FAER%3A%3Adimension%2FAER%20Id%3A%3Aattribute%3A%3Anoaggr%3A%3Axsd%3Adouble=362089&_xt=AER&_xf=pdf""> AER </a>",2013-05-03 00:00:00,Veterinarian,United Kingdom,MALE,Dog,Dachshund - Standard Wire-haired,"Metacam 1.5 mg/ml - Oral suspension (dogs), Metacam 5 mg/ml - Solution for injection (cats, dogs), Metacam 5 mg/ml - Solution for injection (cattle, pigs), Metacam 5 mg/ml - Solution for injection (dogs)","Abdominal discomfort, Diarrhoea, Haemorrhagic diarrhoea, Lethargy (see also Central nervous system depression in Neurological), Tachycardia, Vomiting",1,1,
GB-DEBIAHP-2012UK00023,"<a target=""_blank""  href=""/xmlpserver/EVVET3 PW NEW/Subject Area Contents/Public Website/Report (PDF)/AER.xdo?_xpf=&_xpt=1&_params%2FOracle%20BI%20EE%3A%3ADefaultApp%3A%3AEVVET3%20PR%20NEW%2FAER%3A%3Adimension%2FAER%20Id%3A%3Aattribute%3A%3Anoaggr%3A%3Axsd%3Adouble=362091&_xt=AER&_xf=pdf""> AER </a>",2013-05-03 00:00:00,Veterinarian,United Kingdom,FEMALE,Dog,Crossbred Canine/dog,"CALMIVET, CALMIVET 17mg/tab δισκίο για σκύλους και γάτες, CALMIVET COMPRIMES, CALMIVET GRANULES, CALMIVET SOLUTION INJECTABLE, CALMIVET, SOLUTION INJECTABLE, Calmivet 5 mg/ml solução injetável para equinos, cães e gatos, Fuxien vet 1000 mg/g inhalaatiohöyry, neste, ISOFLURANE-Vet 1000 mg/g liquido per inalazione per cani e gatti, ISOFLURIN 1000mg/g ΥΓΡΟ ΓΙΑ ΕΙΣΠΝΕΟΜΕΝΟΥΣ ΑΤΜΟΥΣ, Isoflurane 100% Inhalation Vapour, Liquid, Isoflurane 1000 mg/g Inhalation Vapour, liquid., Metacam 1.5 mg/ml - Oral suspension (dogs), Metacam 5 mg/ml - Solution for injection (cats, dogs), Metacam 5 mg/ml - Solution for injection (cattle, pigs), Metacam 5 mg/ml - Solution for injection (dogs), VETERGESIC MULTIDOSE, 0.3MG/ML, SOLUTION FOR INJECTION FOR DOGS AND CATS",Elevated renal parameters,1,1,
GB-DEBIAHP-2012UK00024,"<a target=""_blank""  href=""/xmlpserver/EVVET3 PW NEW/Subject Area Contents/Public Website/Report (PDF)/AER.xdo?_xpf=&_xpt=1&_params%2FOracle%20BI%20EE%3A%3ADefaultApp%3A%3AEVVET3%20PR%20NEW%2FAER%3A%3Adimension%2FAER%20Id%3A%3Aattribute%3A%3Anoaggr%3A%3Axsd%3Adouble=360673&_xt=AER&_xf=pdf""> AER </a>",2013-04-23 00:00:00,Animal owner,United Kingdom,FEMALE,Dog,Retriever - Labrador,Metacam 2.5 mg - Chewable tablet (dogs),"Decreased appetite, Diarrhoea, Emesis, Lethargy (see also Central nervous system depression in Neurological)",1,1,
GB-DEBIAHP-2012UK00025,"<a target=""_blank""  href=""/xmlpserver/EVVET3 PW NEW/Subject Area Contents/Public Website/Report (PDF)/AER.xdo?_xpf=&_xpt=1&_params%2FOracle%20BI%20EE%3A%3ADefaultApp%3A%3AEVVET3%20PR%20NEW%2FAER%3A%3Adimension%2FAER%20Id%3A%3Aattribute%3A%3Anoaggr%3A%3Axsd%3Adouble=363187&_xt=AER&_xf=pdf""> AER </a>",2013-05-17 00:00:00,Veterinarian,United Kingdom,FEMALE,Dog,Spaniel - Springer English,"Metacam 5 mg/ml - Solution for injection (cats, dogs), Metacam 5 mg/ml - Solution for injection (cattle, pigs), Metacam 5 mg/ml - Solution for injection (dogs)",Injection site lesion,1,1,
GB-DEBIAHP-2012UK00026,"<a target=""_blank""  href=""/xmlpserver/EVVET3 PW NEW/Subject Area Contents/Public Website/Report (PDF)/AER.xdo?_xpf=&_xpt=1&_params%2FOracle%20BI%20EE%3A%3ADefaultApp%3A%3AEVVET3%20PR%20NEW%2FAER%3A%3Adimension%2FAER%20Id%3A%3Aattribute%3A%3Anoaggr%3A%3Axsd%3Adouble=362094&_xt=AER&_xf=pdf""> AER </a>",2013-05-03 00:00:00,Veterinarian,United Kingdom,FEMALE,Dog,Griffon - Brussels,Metacam 1.5 mg/ml - Oral suspension (dogs),Elevated alanine aminotransferase (ALT),1,1,
GB-DEBIAHP-2012UK00029,"<a target=""_blank""  href=""/xmlpserver/EVVET3 PW NEW/Subject Area Contents/Public Website/Report (PDF)/AER.xdo?_xpf=&_xpt=1&_params%2FOracle%20BI%20EE%3A%3ADefaultApp%3A%3AEVVET3%20PR%20NEW%2FAER%3A%3Adimension%2FAER%20Id%3A%3Aattribute%3A%3Anoaggr%3A%3Axsd%3Adouble=362093&_xt=AER&_xf=pdf""> AER </a>",2013-05-03 00:00:00,Veterinarian,United Kingdom,FEMALE,Dog,Collie - Border,Metacam 1.5 mg/ml - Oral suspension (dogs),"Muscle stiffness, Rigidity, Tachycardia",1,1,
GB-DEBIAHP-2012UK00034,"<a target=""_blank""  href=""/xmlpserver/EVVET3 PW NEW/Subject Area Contents/Public Website/Report (PDF)/AER.xdo?_xpf=&_xpt=1&_params%2FOracle%20BI%20EE%3A%3ADefaultApp%3A%3AEVVET3%20PR%20NEW%2FAER%3A%3Adimension%2FAER%20Id%3A%3Aattribute%3A%3Anoaggr%3A%3Axsd%3Adouble=360630&_xt=AER&_xf=pdf""> AER </a>",2013-04-22 00:00:00,Veterinarian,United Kingdom,FEMALE,Dog,Collie - Border,"Metacam 1.5 mg/ml - Oral suspension (dogs), Metacam 5 mg/ml - Solution for injection (cats, dogs), Metacam 5 mg/ml - Solution for injection (cattle, pigs), Metacam 5 mg/ml - Solution for injection (dogs)","Cough, Lymphadenitis, Pyrexia",1,1,
GB-DEBIAHP-2012UK00035,"<a target=""_blank""  href=""/xmlpserver/EVVET3 PW NEW/Subject Area Contents/Public Website/Report (PDF)/AER.xdo?_xpf=&_xpt=1&_params%2FOracle%20BI%20EE%3A%3ADefaultApp%3A%3AEVVET3%20PR%20NEW%2FAER%3A%3Adimension%2FAER%20Id%3A%3Aattribute%3A%3Anoaggr%3A%3Axsd%3Adouble=362097&_xt=AER&_xf=pdf""> AER </a>",2013-05-03 00:00:00,Veterinarian,United Kingdom,MALE,Dog,Siberian Husky,"Metacam 1.5 mg/ml - Oral suspension (dogs), SYNULOX (200+50)MG/TAB ΔΙΣΚΙΟ, SYNULOX (40+10)MG/TAB ΔΙΣΚΙΟ, SYNULOX 140 mg/ml + 35 mg/ml suspensión inyectable, SYNULOX 200 mg/50 mg tablety pre psy a mačky, SYNULOX 200/50 mg COMPRIMIDOS APETITOSOS PARA PERROS, SYNULOX 250 COMPRIMES POUR CHIENS, SYNULOX 250 mg, SYNULOX 250 mg kramtomosios tabletės šunims ir katėms, SYNULOX 250 mg tablete za pse in mačke, SYNULOX 250mg, δισκία για σκύλους και γάτες, SYNULOX 40 mg/10 mg tablety pre psy a mačky, SYNULOX 40 mg/ml + 10 mg/ml POLVO PARA GOTAS ORALES EN SUSPENSION, SYNULOX 40/10 MG COMPRIMIDOS APETITOSOS PARA PERROS Y GATOS, SYNULOX 400 mg/100 mg tablety pre psy, SYNULOX 400/100 mg COMPRIMIDOS APETITOSOS PARA PERROS, SYNULOX 50 COMPRIMES POUR CHIENS ET CHATS, SYNULOX 50 mg, SYNULOX 50 mg kramtomosios tabletės šunims ir katėms, SYNULOX 50 mg tablete za pse in mačke, SYNULOX 500 COMPRIMES POUR CHIENS, SYNULOX 500 mg kramtomosios tabletės šunims, SYNULOX 500 mg tablete za pse, SYNULOX 500 mg, kramtomosios tabletės šunims, SYNULOX 500MG/TAB ΔΙΣΚΙΟ, SYNULOX 50mg, δισκία για σκύλους και γάτες, SYNULOX OGIVETTES POUR VEAUX, SYNULOX SUSPENSION INJECTABLE POUR BOVINS, SYNULOX VET 140 mg/ml injektioneste, suspensio koiralle, kissalle ja sialle, SYNULOX suspensão injetável para suínos, bovinos, cães e gatos, SYNULOX vet 200 mg/50 mg tabletti, koiralle ja kissalle, SYNULOX vet 40 mg/10 mg tabletti, koiralle ja kissalle, SYNULOX vet 400 mg/100 mg tabletti, koiralle, SYNULOX, 400/100mg, Tableta, Synulox 250 mg Comprimés Appétents, Synulox 250 mg Smakelijke tabletten, Synulox 250 mg tabletes suņiem un kaķiem, Synulox 250 mg, tabletid koertele ja kassidele, Synulox 250 mg, таблетки за кучета и котки, Synulox 250mg (200 mg/50 mg)  Tabletten für Hunde, Synulox 50 mg Comprimés Appétents, Synulox 50 mg Smakelijke Tabletten, Synulox 50 mg tabletes suņiem un kaķiem, Synulox 50 mg, tabletid koertele ja kassidele, Synulox 50 mg, таблетки за кучета и котки, Synulox 500 mg Bolus 400 mg - 100 mg Omhulde tablet, Synulox 500 mg Comprimés Appétents, Synulox 500 mg Smakelijke Tabletten, Synulox 500 mg tabletes suņiem, Synulox 500 mg, tabletid koertele, Synulox 500mg (400 mg/100 mg) Tabletten für Hunde, Synulox 50mg (40 mg/10 mg) Tabletten für Hunde und Katzen, Synulox Bolus 500 mg, 400 mg + 100 mg comprimés enrobés pour veaux, Synulox Lactating Cow Intramammary suspension., Synulox Tabletki 250 mg, Synulox Tabletki 250 mg (200+50) mg/tablete; tabletes suņiem, Synulox Tabletki 50 mg, Synulox Tabletki 50 mg (40+10) mg/ tablete; tabletes suņiem un kaķiem, Synulox Tabletki 500 mg, Synulox Vet. til hund og kat 200 + 50 mg tabletter, Synulox Vet. til hund og kat 40 + 10 mg tabletter, Synulox Vet. til hund tabletter 400 + 100 mg, Synulox Vet. til kalve 400 + 100 mg tabletter, Synulox comprimidos palatáveis 250 mg para cães e gatos, Synulox comprimidos palatáveis 50 mg para cães e gatos, Synulox comprimidos palatáveis 500 mg para cães, Synulox vet 40 mg/ml jauhe oraalisuspensiota varten koiralle ja kissalle, Synulox vet. 200 mg tabletter for hund og katt, Synulox vet. 200 mg/50 mg Tablett, Synulox vet. 40 mg tabletter for hund og katt, Synulox vet. 40 mg/10 mg Tablett, Synulox vet. 400 mg tabletter for hund, Synulox vet. 400 mg/100 mg Tablett, Synulox, 200/50mg, Tableta, Synulox, 40/10mg, Tableta, Synulox-Kalb 400 mg/100 mg Filmtabletten für Rinder (Kälber)",Seizure NOS,1,1,
GB-DEBIAHP-2012UK00043,"<a target=""_blank""  href=""/xmlpserver/EVVET3 PW NEW/Subject Area Contents/Public Website/Report (PDF)/AER.xdo?_xpf=&_xpt=1&_params%2FOracle%20BI%20EE%3A%3ADefaultApp%3A%3AEVVET3%20PR%20NEW%2FAER%3A%3Adimension%2FAER%20Id%3A%3Aattribute%3A%3Anoaggr%3A%3Axsd%3Adouble=362095&_xt=AER&_xf=pdf""> AER </a>",2013-05-03 00:00:00,Veterinarian,United Kingdom,MALE,Dog,Retriever - Labrador,Metacam 1.5 mg/ml - Oral suspension (dogs),"Haemorrhagic diarrhoea, Inappetence, Vomiting",1,1,
GB-DEBIAHP-2012UK00045,"<a target=""_blank""  href=""/xmlpserver/EVVET3 PW NEW/Subject Area Contents/Public Website/Report (PDF)/AER.xdo?_xpf=&_xpt=1&_params%2FOracle%20BI%20EE%3A%3ADefaultApp%3A%3AEVVET3%20PR%20NEW%2FAER%3A%3Adimension%2FAER%20Id%3A%3Aattribute%3A%3Anoaggr%3A%3Axsd%3Adouble=362101&_xt=AER&_xf=pdf""> AER </a>",2013-05-03 00:00:00,Veterinarian,United Kingdom,FEMALE,Dog,Collie - Border,Metacam 1.5 mg/ml - Oral suspension (dogs),"Ataxia, Head tilt - ear disorder",1,1,
GB-DEBIAHP-2012UK00050,"<a target=""_blank""  href=""/xmlpserver/EVVET3 PW NEW/Subject Area Contents/Public Website/Report (PDF)/AER.xdo?_xpf=&_xpt=1&_params%2FOracle%20BI%20EE%3A%3ADefaultApp%3A%3AEVVET3%20PR%20NEW%2FAER%3A%3Adimension%2FAER%20Id%3A%3Aattribute%3A%3Anoaggr%3A%3Axsd%3Adouble=362098&_xt=AER&_xf=pdf""> AER </a>",2013-05-03 00:00:00,Veterinarian,United Kingdom,FEMALE,Dog,Collie - Border,Metacam 1.5 mg/ml - Oral suspension (dogs),Emesis,1,1,
GB-DEBIAHP-2012UK00062,"<a target=""_blank""  href=""/xmlpserver/EVVET3 PW NEW/Subject Area Contents/Public Website/Report (PDF)/AER.xdo?_xpf=&_xpt=1&_params%2FOracle%20BI%20EE%3A%3ADefaultApp%3A%3AEVVET3%20PR%20NEW%2FAER%3A%3Adimension%2FAER%20Id%3A%3Aattribute%3A%3Anoaggr%3A%3Axsd%3Adouble=362103&_xt=AER&_xf=pdf""> AER </a>",2013-05-03 00:00:00,Veterinarian,United Kingdom,MALE,Dog,Spaniel - King Charles,"Metacam 1.5 mg/ml - Oral suspension (dogs), VETMEDIN 0,75 MG/ML SOLUTION INJECTABLE POUR CHIENS, VETMEDIN 2,5 mg capsule pentru câini, VETMEDIN 2,5 mg kietos kapsulės šunims, VETMEDIN 5 MG GELULES POUR CHIENS, VETMEDIN 5 mg capsule pentru câini, VETMEDIN 5 mg kietos kapsulės šunims, VETMEDIN 5 mg, 5mg, Tvrdá tobolka, VETMEDIN, 2.5mg, Tvrdá tobolka, Vetmedin 0,75 mg/ml Injektionslösung für Hunde, Vetmedin 0.75 mg/ml ενέσιμο διάλυμα για σκύλους, Vetmedin 1,25 mg - Kapseln für Hunde, Vetmedin 1,25 mg Kautabletten für Hunde, Vetmedin 1,25 mg capsule per cani, Vetmedin 1,25 mg gélules pour chiens, Vetmedin 1,25 mg kapszula kutyáknak A.U.V., Vetmedin 1,5 mg/ml Lösung zum Eingeben für Hunde, Vetmedin 1.25 mg Capsule, hard, Vetmedin 1.25 mg capsules for dogs, Vetmedin 1.25mg, Vetmedin 10 mg  Kapsułka, twarda, Vetmedin 10 mg Kapseln für Hunde, Vetmedin 10 mg Kautabletten für Hunde, Vetmedin 2,5 mg - Kapseln für Hunde, Vetmedin 2,5 mg Kapsułka, twarda, Vetmedin 2,5 mg Kautabletten für Hunde, Vetmedin 2,5 mg capsule per cani, Vetmedin 2,5 mg kapsulas suņiem, Vetmedin 2,5 mg kapsuly pre psy, Vetmedin 2,5 mg kapszula kutyáknak A.U.V., Vetmedin 2,5 mg, kõvakapslid koertele, Vetmedin 2,5mg, Vetmedin 2.5 mg Capsule, hard, Vetmedin 2.5 mg capsules for dogs, Vetmedin 2.5 mg gélules pour chiens, Vetmedin 5 mg - Kapseln für Hunde, Vetmedin 5 mg Capsule, hard, Vetmedin 5 mg Kapsułki twarde, Vetmedin 5 mg Kautabletten für Hunde, Vetmedin 5 mg capsule per cani, Vetmedin 5 mg capsules, Vetmedin 5 mg capsules for dogs, Vetmedin 5 mg gélules pour chiens, Vetmedin 5 mg kapsulas suņiem, Vetmedin 5 mg kapsuly pre psy, Vetmedin 5 mg kapszula kutyáknak A.U.V., Vetmedin 5 mg, kõvakapslid koertele., Vetmedin 5mg, Vetmedin Chew 1,25 mg Kautabletten für Hunde, Vetmedin Chew 10 mg Kautabletten für Hunde, Vetmedin Chew 2,5 mg Kautabletten für Hunde, Vetmedin Chew 5 mg Kautabletten für Hunde, Vetmedin Vet. 10 mg tyggetabletter, Vetmedin Vet. 5 mg tyggetabletter, Vetmedin vet., 5 mg, Tuggtablett, Vetoryl 10 mg hard capsules for dogs, Vetoryl 10 mg kapsler, hårde, Vetoryl 120 mg chewable tablets for dogs, Vetoryl 120 mg hard capsules for dogs, Vetoryl 20 mg chewable tablets for dogs, Vetoryl 20 mg hard capsules for dogs, Vetoryl 30 mg chewable tablets for dogs, Vetoryl 30 mg hard capsules for dogs, Vetoryl 5 mg hard capsules for dogs, Vetoryl 60 mg chewable tablets for dogs, Vetoryl 60 mg hard capsules for dogs, Vetoryl, 30 mg, Kapsel, hård","Polydipsia, Polyphagia",1,1,
GB-DEBIAHP-2012UK00063,"<a target=""_blank""  href=""/xmlpserver/EVVET3 PW NEW/Subject Area Contents/Public Website/Report (PDF)/AER.xdo?_xpf=&_xpt=1&_params%2FOracle%20BI%20EE%3A%3ADefaultApp%3A%3AEVVET3%20PR%20NEW%2FAER%3A%3Adimension%2FAER%20Id%3A%3Aattribute%3A%3Anoaggr%3A%3Axsd%3Adouble=362102&_xt=AER&_xf=pdf""> AER </a>",2013-05-03 00:00:00,Veterinarian,United Kingdom,MALE,Dog,Retriever - Labrador,Metacam 1.5 mg/ml - Oral suspension (dogs),"Anorexia, Vomiting",1,1,
GB-DEBIAHP-2012UK00069,"<a target=""_blank""  href=""/xmlpserver/EVVET3 PW NEW/Subject Area Contents/Public Website/Report (PDF)/AER.xdo?_xpf=&_xpt=1&_params%2FOracle%20BI%20EE%3A%3ADefaultApp%3A%3AEVVET3%20PR%20NEW%2FAER%3A%3Adimension%2FAER%20Id%3A%3Aattribute%3A%3Anoaggr%3A%3Axsd%3Adouble=362104&_xt=AER&_xf=pdf""> AER </a>",2013-05-03 00:00:00,Veterinarian,United Kingdom,MALE,Dog,Crossbred Canine/dog,"Metacam 1.5 mg/ml - Oral suspension (dogs), Metacam 5 mg/ml - Solution for injection (cats, dogs), Metacam 5 mg/ml - Solution for injection (cattle, pigs), Metacam 5 mg/ml - Solution for injection (dogs)",Pancreatitis NOS,1,1,
GB-DEBIAHP-2012UK00073,"<a target=""_blank""  href=""/xmlpserver/EVVET3 PW NEW/Subject Area Contents/Public Website/Report (PDF)/AER.xdo?_xpf=&_xpt=1&_params%2FOracle%20BI%20EE%3A%3ADefaultApp%3A%3AEVVET3%20PR%20NEW%2FAER%3A%3Adimension%2FAER%20Id%3A%3Aattribute%3A%3Anoaggr%3A%3Axsd%3Adouble=362106&_xt=AER&_xf=pdf""> AER </a>",2013-05-03 00:00:00,Veterinarian,United Kingdom,MALE,Dog,Retriever - Labrador,Metacam 1.5 mg/ml - Oral suspension (dogs),Emesis,1,1,
GB-DEBIAHP-2012UK00074,"<a target=""_blank""  href=""/xmlpserver/EVVET3 PW NEW/Subject Area Contents/Public Website/Report (PDF)/AER.xdo?_xpf=&_xpt=1&_params%2FOracle%20BI%20EE%3A%3ADefaultApp%3A%3AEVVET3%20PR%20NEW%2FAER%3A%3Adimension%2FAER%20Id%3A%3Aattribute%3A%3Anoaggr%3A%3Axsd%3Adouble=361368&_xt=AER&_xf=pdf""> AER </a>",2013-04-30 00:00:00,Veterinarian,United Kingdom,FEMALE,Dog,Terrier - Norfolk,"Metacam 1.5 mg/ml - Oral suspension (dogs), Metacam 5 mg/ml - Solution for injection (cats, dogs), Metacam 5 mg/ml - Solution for injection (cattle, pigs), Metacam 5 mg/ml - Solution for injection (dogs), PRILACTONE NEXT 10 MG CHEWABLE TABLETS FOR DOGS, PRILACTONE NEXT 100 MG CHEWABLE TABLETS FOR DOGS, PRILACTONE NEXT 50 MG CHEWABLE TABLETS FOR DOGS, SYNULOX (200+50)MG/TAB ΔΙΣΚΙΟ, SYNULOX (40+10)MG/TAB ΔΙΣΚΙΟ, SYNULOX 140 mg/ml + 35 mg/ml suspensión inyectable, SYNULOX 200 mg/50 mg tablety pre psy a mačky, SYNULOX 200/50 mg COMPRIMIDOS APETITOSOS PARA PERROS, SYNULOX 250 COMPRIMES POUR CHIENS, SYNULOX 250 mg, SYNULOX 250 mg kramtomosios tabletės šunims ir katėms, SYNULOX 250 mg tablete za pse in mačke, SYNULOX 250mg, δισκία για σκύλους και γάτες, SYNULOX 40 mg/10 mg tablety pre psy a mačky, SYNULOX 40 mg/ml + 10 mg/ml POLVO PARA GOTAS ORALES EN SUSPENSION, SYNULOX 40/10 MG COMPRIMIDOS APETITOSOS PARA PERROS Y GATOS, SYNULOX 400 mg/100 mg tablety pre psy, SYNULOX 400/100 mg COMPRIMIDOS APETITOSOS PARA PERROS, SYNULOX 50 COMPRIMES POUR CHIENS ET CHATS, SYNULOX 50 mg, SYNULOX 50 mg kramtomosios tabletės šunims ir katėms, SYNULOX 50 mg tablete za pse in mačke, SYNULOX 500 COMPRIMES POUR CHIENS, SYNULOX 500 mg kramtomosios tabletės šunims, SYNULOX 500 mg tablete za pse, SYNULOX 500 mg, kramtomosios tabletės šunims, SYNULOX 500MG/TAB ΔΙΣΚΙΟ, SYNULOX 50mg, δισκία για σκύλους και γάτες, SYNULOX OGIVETTES POUR VEAUX, SYNULOX SUSPENSION INJECTABLE POUR BOVINS, SYNULOX VET 140 mg/ml injektioneste, suspensio koiralle, kissalle ja sialle, SYNULOX suspensão injetável para suínos, bovinos, cães e gatos, SYNULOX vet 200 mg/50 mg tabletti, koiralle ja kissalle, SYNULOX vet 40 mg/10 mg tabletti, koiralle ja kissalle, SYNULOX vet 400 mg/100 mg tabletti, koiralle, SYNULOX, 400/100mg, Tableta, Synulox 250 mg Comprimés Appétents, Synulox 250 mg Smakelijke tabletten, Synulox 250 mg tabletes suņiem un kaķiem, Synulox 250 mg, tabletid koertele ja kassidele, Synulox 250 mg, таблетки за кучета и котки, Synulox 250mg (200 mg/50 mg)  Tabletten für Hunde, Synulox 50 mg Comprimés Appétents, Synulox 50 mg Smakelijke Tabletten, Synulox 50 mg tabletes suņiem un kaķiem, Synulox 50 mg, tabletid koertele ja kassidele, Synulox 50 mg, таблетки за кучета и котки, Synulox 500 mg Bolus 400 mg - 100 mg Omhulde tablet, Synulox 500 mg Comprimés Appétents, Synulox 500 mg Smakelijke Tabletten, Synulox 500 mg tabletes suņiem, Synulox 500 mg, tabletid koertele, Synulox 500mg (400 mg/100 mg) Tabletten für Hunde, Synulox 50mg (40 mg/10 mg) Tabletten für Hunde und Katzen, Synulox Bolus 500 mg, 400 mg + 100 mg comprimés enrobés pour veaux, Synulox Lactating Cow Intramammary suspension., Synulox Tabletki 250 mg, Synulox Tabletki 250 mg (200+50) mg/tablete; tabletes suņiem, Synulox Tabletki 50 mg, Synulox Tabletki 50 mg (40+10) mg/ tablete; tabletes suņiem un kaķiem, Synulox Tabletki 500 mg, Synulox Vet. til hund og kat 200 + 50 mg tabletter, Synulox Vet. til hund og kat 40 + 10 mg tabletter, Synulox Vet. til hund tabletter 400 + 100 mg, Synulox Vet. til kalve 400 + 100 mg tabletter, Synulox comprimidos palatáveis 250 mg para cães e gatos, Synulox comprimidos palatáveis 50 mg para cães e gatos, Synulox comprimidos palatáveis 500 mg para cães, Synulox vet 40 mg/ml jauhe oraalisuspensiota varten koiralle ja kissalle, Synulox vet. 200 mg tabletter for hund og katt, Synulox vet. 200 mg/50 mg Tablett, Synulox vet. 40 mg tabletter for hund og katt, Synulox vet. 40 mg/10 mg Tablett, Synulox vet. 400 mg tabletter for hund, Synulox vet. 400 mg/100 mg Tablett, Synulox, 200/50mg, Tableta, Synulox, 40/10mg, Tableta, Synulox-Kalb 400 mg/100 mg Filmtabletten für Rinder (Kälber), VETMEDIN 0,75 MG/ML SOLUTION INJECTABLE POUR CHIENS, VETMEDIN 2,5 mg capsule pentru câini, VETMEDIN 2,5 mg kietos kapsulės šunims, VETMEDIN 5 MG GELULES POUR CHIENS, VETMEDIN 5 mg capsule pentru câini, VETMEDIN 5 mg kietos kapsulės šunims, VETMEDIN 5 mg, 5mg, Tvrdá tobolka, VETMEDIN, 2.5mg, Tvrdá tobolka, Vetmedin 0,75","Elevated blood urea nitrogen (BUN), Elevated liver enzymes NOS, Emesis",1,1,
GB-DEBIAHP-2012UK00076,"<a target=""_blank""  href=""/xmlpserver/EVVET3 PW NEW/Subject Area Contents/Public Website/Report (PDF)/AER.xdo?_xpf=&_xpt=1&_params%2FOracle%20BI%20EE%3A%3ADefaultApp%3A%3AEVVET3%20PR%20NEW%2FAER%3A%3Adimension%2FAER%20Id%3A%3Aattribute%3A%3Anoaggr%3A%3Axsd%3Adouble=362105&_xt=AER&_xf=pdf""> AER </a>",2013-05-03 00:00:00,Veterinarian,United Kingdom,FEMALE,Dog,Shih Tzu,"Metacam 1.5 mg/ml - Oral suspension (dogs), Metacam 5 mg/ml - Solution for injection (cats, dogs), Metacam 5 mg/ml - Solution for injection (cattle, pigs), Metacam 5 mg/ml - Solution for injection (dogs)",Elevated liver enzymes NOS,1,1,
GB-DEBIAHP-2012UK00091,"<a target=""_blank""  href=""/xmlpserver/EVVET3 PW NEW/Subject Area Contents/Public Website/Report (PDF)/AER.xdo?_xpf=&_xpt=1&_params%2FOracle%20BI%20EE%3A%3ADefaultApp%3A%3AEVVET3%20PR%20NEW%2FAER%3A%3Adimension%2FAER%20Id%3A%3Aattribute%3A%3Anoaggr%3A%3Axsd%3Adouble=362108&_xt=AER&_xf=pdf""> AER </a>",2013-05-03 00:00:00,Veterinarian,United Kingdom,MALE,Dog,Retriever - Labrador,Metacam 1.5 mg/ml - Oral suspension (dogs),"Disorientation, Muscle tremor, Stiff gait",1,1,
GB-DEBIAHP-2012UK00095,"<a target=""_blank""  href=""/xmlpserver/EVVET3 PW NEW/Subject Area Contents/Public Website/Report (PDF)/AER.xdo?_xpf=&_xpt=1&_params%2FOracle%20BI%20EE%3A%3ADefaultApp%3A%3AEVVET3%20PR%20NEW%2FAER%3A%3Adimension%2FAER%20Id%3A%3Aattribute%3A%3Anoaggr%3A%3Axsd%3Adouble=362107&_xt=AER&_xf=pdf""> AER </a>",2013-05-03 00:00:00,Other health care professional,United Kingdom,FEMALE,Dog,Shepherd Dog - German,Metacam 1.5 mg/ml - Oral suspension (dogs),Partial lack of efficacy,1,1,
GB-DEBIAHP-2012UK00108,"<a target=""_blank""  href=""/xmlpserver/EVVET3 PW NEW/Subject Area Contents/Public Website/Report (PDF)/AER.xdo?_xpf=&_xpt=1&_params%2FOracle%20BI%20EE%3A%3ADefaultApp%3A%3AEVVET3%20PR%20NEW%2FAER%3A%3Adimension%2FAER%20Id%3A%3Aattribute%3A%3Anoaggr%3A%3Axsd%3Adouble=360676&_xt=AER&_xf=pdf""> AER </a>",2013-04-23 00:00:00,Veterinarian,United Kingdom,MALE,Dog,Rottweiler,Metacam 2.5 mg - Chewable tablet (dogs),"Haemorrhagic diarrhoea, Vomiting",1,1,
GB-DEBIAHP-2012UK00120,"<a target=""_blank""  href=""/xmlpserver/EVVET3 PW NEW/Subject Area Contents/Public Website/Report (PDF)/AER.xdo?_xpf=&_xpt=1&_params%2FOracle%20BI%20EE%3A%3ADefaultApp%3A%3AEVVET3%20PR%20NEW%2FAER%3A%3Adimension%2FAER%20Id%3A%3Aattribute%3A%3Anoaggr%3A%3Axsd%3Adouble=361369&_xt=AER&_xf=pdf""> AER </a>",2013-04-30 00:00:00,Veterinarian,United Kingdom,FEMALE,Dog,Poodle - Toy,"Metacam 1.5 mg/ml - Oral suspension (dogs), Metacam 5 mg/ml - Solution for injection (cats, dogs), Metacam 5 mg/ml - Solution for injection (cattle, pigs), Metacam 5 mg/ml - Solution for injection (dogs), SYNULOX (200+50)MG/TAB ΔΙΣΚΙΟ, SYNULOX (40+10)MG/TAB ΔΙΣΚΙΟ, SYNULOX 140 mg/ml + 35 mg/ml suspensión inyectable, SYNULOX 200 mg/50 mg tablety pre psy a mačky, SYNULOX 200/50 mg COMPRIMIDOS APETITOSOS PARA PERROS, SYNULOX 250 COMPRIMES POUR CHIENS, SYNULOX 250 mg, SYNULOX 250 mg kramtomosios tabletės šunims ir katėms, SYNULOX 250 mg tablete za pse in mačke, SYNULOX 250mg, δισκία για σκύλους και γάτες, SYNULOX 40 mg/10 mg tablety pre psy a mačky, SYNULOX 40 mg/ml + 10 mg/ml POLVO PARA GOTAS ORALES EN SUSPENSION, SYNULOX 40/10 MG COMPRIMIDOS APETITOSOS PARA PERROS Y GATOS, SYNULOX 400 mg/100 mg tablety pre psy, SYNULOX 400/100 mg COMPRIMIDOS APETITOSOS PARA PERROS, SYNULOX 50 COMPRIMES POUR CHIENS ET CHATS, SYNULOX 50 mg, SYNULOX 50 mg kramtomosios tabletės šunims ir katėms, SYNULOX 50 mg tablete za pse in mačke, SYNULOX 500 COMPRIMES POUR CHIENS, SYNULOX 500 mg kramtomosios tabletės šunims, SYNULOX 500 mg tablete za pse, SYNULOX 500 mg, kramtomosios tabletės šunims, SYNULOX 500MG/TAB ΔΙΣΚΙΟ, SYNULOX 50mg, δισκία για σκύλους και γάτες, SYNULOX OGIVETTES POUR VEAUX, SYNULOX SUSPENSION INJECTABLE POUR BOVINS, SYNULOX VET 140 mg/ml injektioneste, suspensio koiralle, kissalle ja sialle, SYNULOX suspensão injetável para suínos, bovinos, cães e gatos, SYNULOX vet 200 mg/50 mg tabletti, koiralle ja kissalle, SYNULOX vet 40 mg/10 mg tabletti, koiralle ja kissalle, SYNULOX vet 400 mg/100 mg tabletti, koiralle, SYNULOX, 400/100mg, Tableta, Synulox 250 mg Comprimés Appétents, Synulox 250 mg Smakelijke tabletten, Synulox 250 mg tabletes suņiem un kaķiem, Synulox 250 mg, tabletid koertele ja kassidele, Synulox 250 mg, таблетки за кучета и котки, Synulox 250mg (200 mg/50 mg)  Tabletten für Hunde, Synulox 50 mg Comprimés Appétents, Synulox 50 mg Smakelijke Tabletten, Synulox 50 mg tabletes suņiem un kaķiem, Synulox 50 mg, tabletid koertele ja kassidele, Synulox 50 mg, таблетки за кучета и котки, Synulox 500 mg Bolus 400 mg - 100 mg Omhulde tablet, Synulox 500 mg Comprimés Appétents, Synulox 500 mg Smakelijke Tabletten, Synulox 500 mg tabletes suņiem, Synulox 500 mg, tabletid koertele, Synulox 500mg (400 mg/100 mg) Tabletten für Hunde, Synulox 50mg (40 mg/10 mg) Tabletten für Hunde und Katzen, Synulox Bolus 500 mg, 400 mg + 100 mg comprimés enrobés pour veaux, Synulox Lactating Cow Intramammary suspension., Synulox Tabletki 250 mg, Synulox Tabletki 250 mg (200+50) mg/tablete; tabletes suņiem, Synulox Tabletki 50 mg, Synulox Tabletki 50 mg (40+10) mg/ tablete; tabletes suņiem un kaķiem, Synulox Tabletki 500 mg, Synulox Vet. til hund og kat 200 + 50 mg tabletter, Synulox Vet. til hund og kat 40 + 10 mg tabletter, Synulox Vet. til hund tabletter 400 + 100 mg, Synulox Vet. til kalve 400 + 100 mg tabletter, Synulox comprimidos palatáveis 250 mg para cães e gatos, Synulox comprimidos palatáveis 50 mg para cães e gatos, Synulox comprimidos palatáveis 500 mg para cães, Synulox vet 40 mg/ml jauhe oraalisuspensiota varten koiralle ja kissalle, Synulox vet. 200 mg tabletter for hund og katt, Synulox vet. 200 mg/50 mg Tablett, Synulox vet. 40 mg tabletter for hund og katt, Synulox vet. 40 mg/10 mg Tablett, Synulox vet. 400 mg tabletter for hund, Synulox vet. 400 mg/100 mg Tablett, Synulox, 200/50mg, Tableta, Synulox, 40/10mg, Tableta, Synulox-Kalb 400 mg/100 mg Filmtabletten für Rinder (Kälber)",Emesis,1,1,
GB-DEBIAHP-2012UK00146,"<a target=""_blank""  href=""/xmlpserver/EVVET3 PW NEW/Subject Area Contents/Public Website/Report (PDF)/AER.xdo?_xpf=&_xpt=1&_params%2FOracle%20BI%20EE%3A%3ADefaultApp%3A%3AEVVET3%20PR%20NEW%2FAER%3A%3Adimension%2FAER%20Id%3A%3Aattribute%3A%3Anoaggr%3A%3Axsd%3Adouble=363188&_xt=AER&_xf=pdf""> AER </a>",2013-05-17 00:00:00,Veterinarian,United Kingdom,FEMALE,Dog,Dalmatian,"Metacam 5 mg/ml - Solution for injection (cats, dogs), Metacam 5 mg/ml - Solution for injection (cattle, pigs), Metacam 5 mg/ml - Solution for injection (dogs)","Haematemesis, Hypersalivation",1,1,
GB-DEBIAHP-2012UK00151,"<a target=""_blank""  href=""/xmlpserver/EVVET3 PW NEW/Subject Area Contents/Public Website/Report (PDF)/AER.xdo?_xpf=&_xpt=1&_params%2FOracle%20BI%20EE%3A%3ADefaultApp%3A%3AEVVET3%20PR%20NEW%2FAER%3A%3Adimension%2FAER%20Id%3A%3Aattribute%3A%3Anoaggr%3A%3Axsd%3Adouble=362109&_xt=AER&_xf=pdf""> AER </a>",2013-05-03 00:00:00,Other health care professional,United Kingdom,MALE,Dog,Retriever - Labrador,Metacam 1.5 mg/ml - Oral suspension (dogs),"Abdominal pain, Colitis, Haematuria, Lethargy (see also Central nervous system depression in Neurological), Pale mucous membrane, Prostate hyperplasia, Pyrexia",1,1,
GB-DEBIAHP-2012UK00152,"<a target=""_blank""  href=""/xmlpserver/EVVET3 PW NEW/Subject Area Contents/Public Website/Report (PDF)/AER.xdo?_xpf=&_xpt=1&_params%2FOracle%20BI%20EE%3A%3ADefaultApp%3A%3AEVVET3%20PR%20NEW%2FAER%3A%3Adimension%2FAER%20Id%3A%3Aattribute%3A%3Anoaggr%3A%3Axsd%3Adouble=363189&_xt=AER&_xf=pdf""> AER </a>",2013-05-17 00:00:00,Veterinarian,United Kingdom,MALE,Dog,Crossbred Canine/dog,"Metacam 5 mg/ml - Solution for injection (cats, dogs), Metacam 5 mg/ml - Solution for injection (cattle, pigs), Metacam 5 mg/ml - Solution for injection (dogs)",Injection site swelling,1,1,
GB-DEBIAHP-2012UK00165,"<a target=""_blank""  href=""/xmlpserver/EVVET3 PW NEW/Subject Area Contents/Public Website/Report (PDF)/AER.xdo?_xpf=&_xpt=1&_params%2FOracle%20BI%20EE%3A%3ADefaultApp%3A%3AEVVET3%20PR%20NEW%2FAER%3A%3Adimension%2FAER%20Id%3A%3Aattribute%3A%3Anoaggr%3A%3Axsd%3Adouble=362110&_xt=AER&_xf=pdf""> AER </a>",2013-05-03 00:00:00,Animal owner,United Kingdom,MALE,Dog,Newfoundland,"Metacam 1.5 mg/ml - Oral suspension (dogs), Tramadog 50 mg tablet for dogs",Diarrhoea,1,1,
GB-DEBIAHP-2012UK00166,"<a target=""_blank""  href=""/xmlpserver/EVVET3 PW NEW/Subject Area Contents/Public Website/Report (PDF)/AER.xdo?_xpf=&_xpt=1&_params%2FOracle%20BI%20EE%3A%3ADefaultApp%3A%3AEVVET3%20PR%20NEW%2FAER%3A%3Adimension%2FAER%20Id%3A%3Aattribute%3A%3Anoaggr%3A%3Axsd%3Adouble=362112&_xt=AER&_xf=pdf""> AER </a>",2013-05-03 00:00:00,Veterinarian,United Kingdom,FEMALE,Dog,Collie - Border,Metacam 1.5 mg/ml - Oral suspension (dogs),"Elevated liver enzymes NOS, Elevated renal parameters",1,1,
GB-DEBIAHP-2012UK00170,"<a target=""_blank""  href=""/xmlpserver/EVVET3 PW NEW/Subject Area Contents/Public Website/Report (PDF)/AER.xdo?_xpf=&_xpt=1&_params%2FOracle%20BI%20EE%3A%3ADefaultApp%3A%3AEVVET3%20PR%20NEW%2FAER%3A%3Adimension%2FAER%20Id%3A%3Aattribute%3A%3Anoaggr%3A%3Axsd%3Adouble=362113&_xt=AER&_xf=pdf""> AER </a>",2013-05-03 00:00:00,Animal owner,United Kingdom,UNKNOWN,Dog,Dog (other),Metacam 1.5 mg/ml - Oral suspension (dogs),Elevated renal parameters,1,1,
GB-DEBIAHP-2012UK00175,"<a target=""_blank""  href=""/xmlpserver/EVVET3 PW NEW/Subject Area Contents/Public Website/Report (PDF)/AER.xdo?_xpf=&_xpt=1&_params%2FOracle%20BI%20EE%3A%3ADefaultApp%3A%3AEVVET3%20PR%20NEW%2FAER%3A%3Adimension%2FAER%20Id%3A%3Aattribute%3A%3Anoaggr%3A%3Axsd%3Adouble=362114&_xt=AER&_xf=pdf""> AER </a>",2013-05-03 00:00:00,Veterinarian,United Kingdom,FEMALE,Dog,Collie - Border,Metacam 1.5 mg/ml - Oral suspension (dogs),Facial swelling (see also Skin),1,1,
GB-DEBIAHP-2012UK00198,"<a target=""_blank""  href=""/xmlpserver/EVVET3 PW NEW/Subject Area Contents/Public Website/Report (PDF)/AER.xdo?_xpf=&_xpt=1&_params%2FOracle%20BI%20EE%3A%3ADefaultApp%3A%3AEVVET3%20PR%20NEW%2FAER%3A%3Adimension%2FAER%20Id%3A%3Aattribute%3A%3Anoaggr%3A%3Axsd%3Adouble=364839&_xt=AER&_xf=pdf""> AER </a>",2013-06-06 00:00:00,Other health care professional,United Kingdom,MALE,Dog,Sheepdog - Old English,"Metacam 1.5 mg/ml - Oral suspension (dogs), Metacam 5 mg/ml - Solution for injection (cats, dogs), Metacam 5 mg/ml - Solution for injection (cattle, pigs), Metacam 5 mg/ml - Solution for injection (dogs)","Cholangiohepatitis, Death, Haemorrhagic gastroenteritis",1,1,1
GB-DEBIAHP-2012UK00201,"<a target=""_blank""  href=""/xmlpserver/EVVET3 PW NEW/Subject Area Contents/Public Website/Report (PDF)/AER.xdo?_xpf=&_xpt=1&_params%2FOracle%20BI%20EE%3A%3ADefaultApp%3A%3AEVVET3%20PR%20NEW%2FAER%3A%3Adimension%2FAER%20Id%3A%3Aattribute%3A%3Anoaggr%3A%3Axsd%3Adouble=362092&_xt=AER&_xf=pdf""> AER </a>",2013-05-03 00:00:00,Veterinarian,United Kingdom,FEMALE,Dog,Terrier - Bull - Staffordshire,Metacam 1.5 mg/ml - Oral suspension (dogs),"Blood in faeces, Drinking a lot, Elevated liver enzymes NOS",1,1,
GB-DEBIAHP-2012UK00208,"<a target=""_blank""  href=""/xmlpserver/EVVET3 PW NEW/Subject Area Contents/Public Website/Report (PDF)/AER.xdo?_xpf=&_xpt=1&_params%2FOracle%20BI%20EE%3A%3ADefaultApp%3A%3AEVVET3%20PR%20NEW%2FAER%3A%3Adimension%2FAER%20Id%3A%3Aattribute%3A%3Anoaggr%3A%3Axsd%3Adouble=362115&_xt=AER&_xf=pdf""> AER </a>",2013-05-03 00:00:00,Animal owner,United Kingdom,FEMALE,Dog,Shepherd Dog - German,"Metacam 1.5 mg/ml - Oral suspension (dogs), Metacam 5 mg/ml - Solution for injection (cats, dogs), Metacam 5 mg/ml - Solution for injection (cattle, pigs), Metacam 5 mg/ml - Solution for injection (dogs)",Diarrhoea,1,1,
GB-DEBIAHP-2012UK00214,"<a target=""_blank""  href=""/xmlpserver/EVVET3 PW NEW/Subject Area Contents/Public Website/Report (PDF)/AER.xdo?_xpf=&_xpt=1&_params%2FOracle%20BI%20EE%3A%3ADefaultApp%3A%3AEVVET3%20PR%20NEW%2FAER%3A%3Adimension%2FAER%20Id%3A%3Aattribute%3A%3Anoaggr%3A%3Axsd%3Adouble=362116&_xt=AER&_xf=pdf""> AER </a>",2013-05-03 00:00:00,Veterinarian,United Kingdom,MALE,Dog,Spaniel - King Charles Cavalier,"ANTIROBE 150 MG GELULES POUR CHIENS, ANTIROBE 150MG/CAP ΚΑΨΑΚΙΟ, ΣΚΛΗΡΟ, ANTIROBE 25 MG GELULES POUR CHIENS, ANTIROBE 300 MG GELULES POUR CHIENS, ANTIROBE 300MG/CAP ΚΑΨΑΚΙΟ, ΣΚΛΗΡΟ, ANTIROBE 75 MG GELULES POUR CHIENS, ANTIROBE 75MG/CAP ΚΑΨΑΚΙΟ, ΣΚΛΗΡΟ, ANTIROBE Capsule da 150 mg per cani, ANTIROBE Capsule da 25 mg per cani e gatti, ANTIROBE Capsule da 300 mg per cani, ANTIROBE Capsule da 75 mg per cani e gatti, ANTIROBE GOUTTES SOLUTION BUVABLE POUR CHIEN ET CHAT, Antirobe 150 mg - Kapseln  für Hunde, Antirobe 150 mg Capsule, hard, Antirobe 150 mg capsules pour chiens, Antirobe 25 mg - Kapseln  für Hunde, Antirobe 25 mg Capsule, hard, Antirobe 25 mg capsules voor honden en katten, Antirobe 25 mg, capsules pour chiens et chats, Antirobe 300 mg - Kapseln für Hunde, Antirobe 300 mg Capsule, hard, Antirobe 300 mg, Capsules pour chiens, Antirobe 75 mg - Kapseln  für Hunde, Antirobe 75 mg Capsule, hard, Antirobe 75 mg, capsules pour chiens, Antirobe Vet. 150 mg kapsler, hårde, Antirobe Vet. 25 mg kapsler, hårde, Antirobe Vet. 300 mg kapsler, hårde, Antirobe Vet. 75 mg kapsler, hårde, Antirobe vet. 150 mg Kapsel, hård, Antirobe vet. 150 mg kapsel, hard til hund, Antirobe vet. 150 mg kapseli, kova koiralle, Antirobe vet. 25 mg Kapsel, hård, Antirobe vet. 25 mg kapseli, kova koiralle ja kissalle, Antirobe vet. 25 mg, kapsel, hard til hund og katt, Antirobe vet. 300 mg Kapsel, hård, Antirobe vet. 300 mg kapseli, kova koiralle, Antirobe vet. 75 mg Kapsel, hård, Antirobe vet. 75 mg kapseli, kova koiralle ja kissalle, Antirobe vet. 75 mg, kapsel, hard til hund og katt, Metacam 1.5 mg/ml - Oral suspension (dogs), Metacam 5 mg/ml - Solution for injection (cats, dogs), Metacam 5 mg/ml - Solution for injection (cattle, pigs), Metacam 5 mg/ml - Solution for injection (dogs)","Diarrhoea, Facial swelling (see also Skin), Vomiting",1,1,
GB-DEBIAHP-2012UK00217,"<a target=""_blank""  href=""/xmlpserver/EVVET3 PW NEW/Subject Area Contents/Public Website/Report (PDF)/AER.xdo?_xpf=&_xpt=1&_params%2FOracle%20BI%20EE%3A%3ADefaultApp%3A%3AEVVET3%20PR%20NEW%2FAER%3A%3Adimension%2FAER%20Id%3A%3Aattribute%3A%3Anoaggr%3A%3Axsd%3Adouble=362117&_xt=AER&_xf=pdf""> AER </a>",2013-05-03 00:00:00,Other health care professional,United Kingdom,MALE,Dog,Crossbred Canine/dog,"Metacam 1.5 mg/ml - Oral suspension (dogs), Vivitonin 100 mg film-coated tablets, Vivitonin 50 mg film-coated tablets",Ataxia,1,1,
GB-DEBIAHP-2012UK00219,"<a target=""_blank""  href=""/xmlpserver/EVVET3 PW NEW/Subject Area Contents/Public Website/Report (PDF)/AER.xdo?_xpf=&_xpt=1&_params%2FOracle%20BI%20EE%3A%3ADefaultApp%3A%3AEVVET3%20PR%20NEW%2FAER%3A%3Adimension%2FAER%20Id%3A%3Aattribute%3A%3Anoaggr%3A%3Axsd%3Adouble=362121&_xt=AER&_xf=pdf""> AER </a>",2013-05-03 00:00:00,Other health care professional,United Kingdom,FEMALE,Dog,Crossbred Canine/dog,"DOMITOR 1 mg/ml raztopina za injiciranje za pse in mačke, DOMITOR 1 mg/ml ενέσιμο διάλυμα για σκύλους και γάτες, DOMITOR 1 mg/ml, soluție injectabilă pentru câini și pisici, DOMITOR, 1 mg/mL, otopina za injekciju za pse i mačke, DOMITOR, 1mg/ml, Injekční roztok, DOMITOR, SOLUTION INJECTABLE, Domitor, Domitor 1 mg/1 ml, roztwór do wstrzykiwań dla psów i kotów, Domitor 1 mg/ml - Injektionslösung für Hunde und Katzen, Domitor 1 mg/ml Oplossing voor injectie, Domitor 1 mg/ml Solution injectable, Domitor 1 mg/ml injekčný roztok, Domitor 1 mg/ml oldatos injekció kutyáknak és macskáknak A.U.V., Domitor 1 mg/ml solution for injection, Domitor 1 mg/ml soluzione iniettabile per cani e gatti, Domitor Vet 1 mg/ml injekcinis tirpalas, Domitor Vet 1 mg/ml šķīdums injekcijām, Domitor Vet, 1 mg/ml süstelahus, Domitor Vet. 1 mg/ml injektionsvæske, opløsning, Domitor vet 1 mg/ml injektioneste, liuos, Domitor vet. 1 mg/ml Injektionsvätska, lösning, Domitor vet. 1 mg/ml injeksjonsvæske, oppløsning til hund og katt, Fuxien vet 1000 mg/g inhalaatiohöyry, neste, ISOFLURANE-Vet 1000 mg/g liquido per inalazione per cani e gatti, ISOFLURIN 1000mg/g ΥΓΡΟ ΓΙΑ ΕΙΣΠΝΕΟΜΕΝΟΥΣ ΑΤΜΟΥΣ, Isoflurane 100% Inhalation Vapour, Liquid, Isoflurane 1000 mg/g Inhalation Vapour, liquid., Metacam 1.5 mg/ml - Oral suspension (dogs), Metacam 5 mg/ml - Solution for injection (cats, dogs), Metacam 5 mg/ml - Solution for injection (cattle, pigs), Metacam 5 mg/ml - Solution for injection (dogs), Torbugesic 10 mg/ml Solution for Injection, Torbugesic Vet 10 mg/ml solution injectable pour chevaux, chiens et chats, Torbugesic Vet. 10 mg/ml injektionsvæske, opløsning, Torbuphanol Vet 10 mg/ml solution for injection for injection for horses, dogs and cats, Домитор Вет 1 mg/ml инжекционен разтвор за кучета и котки","Anorexia, Elevated renal parameters, Lethargy (see also Central nervous system depression in Neurological), Vomiting",1,1,
GB-DEBIAHP-2012UK00229,"<a target=""_blank""  href=""/xmlpserver/EVVET3 PW NEW/Subject Area Contents/Public Website/Report (PDF)/AER.xdo?_xpf=&_xpt=1&_params%2FOracle%20BI%20EE%3A%3ADefaultApp%3A%3AEVVET3%20PR%20NEW%2FAER%3A%3Adimension%2FAER%20Id%3A%3Aattribute%3A%3Anoaggr%3A%3Axsd%3Adouble=362118&_xt=AER&_xf=pdf""> AER </a>",2013-05-03 00:00:00,Veterinarian,United Kingdom,MALE,Dog,Terrier - Australian,"Metacam 1.5 mg/ml - Oral suspension (dogs), Metacam 5 mg/ml - Solution for injection (cats, dogs), Metacam 5 mg/ml - Solution for injection (cattle, pigs), Metacam 5 mg/ml - Solution for injection (dogs), Prednisolon forte pro inj.","Disorientation, Fit, Inappropriate urination",1,1,
GB-DEBIAHP-2012UK00233,"<a target=""_blank""  href=""/xmlpserver/EVVET3 PW NEW/Subject Area Contents/Public Website/Report (PDF)/AER.xdo?_xpf=&_xpt=1&_params%2FOracle%20BI%20EE%3A%3ADefaultApp%3A%3AEVVET3%20PR%20NEW%2FAER%3A%3Adimension%2FAER%20Id%3A%3Aattribute%3A%3Anoaggr%3A%3Axsd%3Adouble=362099&_xt=AER&_xf=pdf""> AER </a>",2013-05-03 00:00:00,Veterinarian,United Kingdom,MALE,Dog,Terrier - Australian,"CANINSULIN 40 UI/ml SUSPENSION INYECTABLE PARA PERROS Y GATOS, CANINSULIN 40 UI/ml suspensie injectabilă pentru câini și pisici, CANINSULIN 40 UI/ml, sospensione iniettabile per cani e gatti, CANINSULIN 40 i.e./ml suspenzija za injiciranje, CANINSULIN 40IU/ML ΕΝΕΣΙΜΟ ΕΝΑΙΩΡΗΜΑ, CANINSULIN SUSPENSION INJECTABLE POUR CHIENS ET CHATS, Caninsulin 40 IU/ml Suspensie voor injectie, Caninsulin 40 IU/ml Suspension for Injection, Caninsulin 40 IU/ml injekčná suspenzia pre psy a mačky, Caninsulin 40 IU/ml suspensija injekcijām suņiem un kaķiem, Caninsulin 40 NE/ml szuszpenziós injekció kutyák és macskák részére, Caninsulin 40 j.m./ml Zawiesina do wstrzykiwań, Caninsulin Vet. 40 IE/ml injektionsvæske, suspension, Caninsulin vet. 40 TV/ml, injekcinė suspensija šunims ir katėms, Caninsulin, 40 I.E./ml, Caninsulin, 40 I.E./ml, Injektionssuspension für Hunde und Katzen, Caninsulin, 40 I.U./ml, suspension injectable, pour chiens et chats, Caninsulin, 40 IE/ml suspensie voor injectie voor hond en kat, Caninsulin, 40 ui/ml suspensão injetável para cães e gatos, Caninsulin, 40IU/ml, Injekční suspenze, Caninsulin® vet. 40 IU/ml, suspension for injection, Metacam 1.5 mg/ml - Oral suspension (dogs)",Hyperglycaemia,1,1,
GB-DEBIAHP-2012UK00235,"<a target=""_blank""  href=""/xmlpserver/EVVET3 PW NEW/Subject Area Contents/Public Website/Report (PDF)/AER.xdo?_xpf=&_xpt=1&_params%2FOracle%20BI%20EE%3A%3ADefaultApp%3A%3AEVVET3%20PR%20NEW%2FAER%3A%3Adimension%2FAER%20Id%3A%3Aattribute%3A%3Anoaggr%3A%3Axsd%3Adouble=363192&_xt=AER&_xf=pdf""> AER </a>",2013-05-17 00:00:00,Veterinarian,United Kingdom,MALE,Dog,Chihuahua,"Metacam 5 mg/ml - Solution for injection (cats, dogs), Metacam 5 mg/ml - Solution for injection (cattle, pigs), Metacam 5 mg/ml - Solution for injection (dogs)","Lethargy (see also Central nervous system depression in Neurological), Sleepiness - neurological disorder",1,1,
GB-DEBIAHP-2012UK00237,"<a target=""_blank""  href=""/xmlpserver/EVVET3 PW NEW/Subject Area Contents/Public Website/Report (PDF)/AER.xdo?_xpf=&_xpt=1&_params%2FOracle%20BI%20EE%3A%3ADefaultApp%3A%3AEVVET3%20PR%20NEW%2FAER%3A%3Adimension%2FAER%20Id%3A%3Aattribute%3A%3Anoaggr%3A%3Axsd%3Adouble=363190&_xt=AER&_xf=pdf""> AER </a>",2013-05-17 00:00:00,Veterinarian,United Kingdom,FEMALE,Dog,Terrier - West Highland White,"Metacam 5 mg/ml - Solution for injection (cats, dogs), Metacam 5 mg/ml - Solution for injection (cattle, pigs), Metacam 5 mg/ml - Solution for injection (dogs), PROPALIN, PROPALIN 40 mg/ml sirup za pse, PROPALIN 5% ΣΙΡΟΠΙ, PROPALIN, 40mg/ml, Sirup, Propalin 40 mg/ml xarope, Propalin Syrup, Propalin siirup, 40 mg/ml suukaudne siirup koertele, Propalin, 50 mg/mL, sirup, za pse, Propalin, 50 mg/ml, oplossing voor oraal gebruik voor honden","Decreased urine concentration, Polydipsia, Polyuria",1,1,
GB-DEBIAHP-2012UK00250,"<a target=""_blank""  href=""/xmlpserver/EVVET3 PW NEW/Subject Area Contents/Public Website/Report (PDF)/AER.xdo?_xpf=&_xpt=1&_params%2FOracle%20BI%20EE%3A%3ADefaultApp%3A%3AEVVET3%20PR%20NEW%2FAER%3A%3Adimension%2FAER%20Id%3A%3Aattribute%3A%3Anoaggr%3A%3Axsd%3Adouble=363191&_xt=AER&_xf=pdf""> AER </a>",2013-05-17 00:00:00,Veterinarian,United Kingdom,FEMALE,Dog,Chihuahua,"Metacam 5 mg/ml - Solution for injection (cats, dogs), Metacam 5 mg/ml - Solution for injection (cattle, pigs), Metacam 5 mg/ml - Solution for injection (dogs)",Injection site swelling,1,1,
GB-DEBIAHP-2012UK00258,"<a target=""_blank""  href=""/xmlpserver/EVVET3 PW NEW/Subject Area Contents/Public Website/Report (PDF)/AER.xdo?_xpf=&_xpt=1&_params%2FOracle%20BI%20EE%3A%3ADefaultApp%3A%3AEVVET3%20PR%20NEW%2FAER%3A%3Adimension%2FAER%20Id%3A%3Aattribute%3A%3Anoaggr%3A%3Axsd%3Adouble=362100&_xt=AER&_xf=pdf""> AER </a>",2013-05-03 00:00:00,Veterinarian,United Kingdom,MALE,Dog,Retriever - Golden,Metacam 1.5 mg/ml - Oral suspension (dogs),Pruritus,1,1,
GB-DEBIAHP-2012UK00259,"<a target=""_blank""  href=""/xmlpserver/EVVET3 PW NEW/Subject Area Contents/Public Website/Report (PDF)/AER.xdo?_xpf=&_xpt=1&_params%2FOracle%20BI%20EE%3A%3ADefaultApp%3A%3AEVVET3%20PR%20NEW%2FAER%3A%3Adimension%2FAER%20Id%3A%3Aattribute%3A%3Anoaggr%3A%3Axsd%3Adouble=362120&_xt=AER&_xf=pdf""> AER </a>",2013-05-03 00:00:00,Veterinarian,United Kingdom,MALE,Dog,Affenpinscher,"Metacam 1.5 mg/ml - Oral suspension (dogs), VETMEDIN 0,75 MG/ML SOLUTION INJECTABLE POUR CHIENS, VETMEDIN 2,5 mg capsule pentru câini, VETMEDIN 2,5 mg kietos kapsulės šunims, VETMEDIN 5 MG GELULES POUR CHIENS, VETMEDIN 5 mg capsule pentru câini, VETMEDIN 5 mg kietos kapsulės šunims, VETMEDIN 5 mg, 5mg, Tvrdá tobolka, VETMEDIN, 2.5mg, Tvrdá tobolka, Vetmedin 0,75 mg/ml Injektionslösung für Hunde, Vetmedin 0.75 mg/ml ενέσιμο διάλυμα για σκύλους, Vetmedin 1,25 mg - Kapseln für Hunde, Vetmedin 1,25 mg Kautabletten für Hunde, Vetmedin 1,25 mg capsule per cani, Vetmedin 1,25 mg gélules pour chiens, Vetmedin 1,25 mg kapszula kutyáknak A.U.V., Vetmedin 1,5 mg/ml Lösung zum Eingeben für Hunde, Vetmedin 1.25 mg Capsule, hard, Vetmedin 1.25 mg capsules for dogs, Vetmedin 1.25mg, Vetmedin 10 mg  Kapsułka, twarda, Vetmedin 10 mg Kapseln für Hunde, Vetmedin 10 mg Kautabletten für Hunde, Vetmedin 2,5 mg - Kapseln für Hunde, Vetmedin 2,5 mg Kapsułka, twarda, Vetmedin 2,5 mg Kautabletten für Hunde, Vetmedin 2,5 mg capsule per cani, Vetmedin 2,5 mg kapsulas suņiem, Vetmedin 2,5 mg kapsuly pre psy, Vetmedin 2,5 mg kapszula kutyáknak A.U.V., Vetmedin 2,5 mg, kõvakapslid koertele, Vetmedin 2,5mg, Vetmedin 2.5 mg Capsule, hard, Vetmedin 2.5 mg capsules for dogs, Vetmedin 2.5 mg gélules pour chiens, Vetmedin 5 mg - Kapseln für Hunde, Vetmedin 5 mg Capsule, hard, Vetmedin 5 mg Kapsułki twarde, Vetmedin 5 mg Kautabletten für Hunde, Vetmedin 5 mg capsule per cani, Vetmedin 5 mg capsules, Vetmedin 5 mg capsules for dogs, Vetmedin 5 mg gélules pour chiens, Vetmedin 5 mg kapsulas suņiem, Vetmedin 5 mg kapsuly pre psy, Vetmedin 5 mg kapszula kutyáknak A.U.V., Vetmedin 5 mg, kõvakapslid koertele., Vetmedin 5mg, Vetmedin Chew 1,25 mg Kautabletten für Hunde, Vetmedin Chew 10 mg Kautabletten für Hunde, Vetmedin Chew 2,5 mg Kautabletten für Hunde, Vetmedin Chew 5 mg Kautabletten für Hunde, Vetmedin Vet. 10 mg tyggetabletter, Vetmedin Vet. 5 mg tyggetabletter, Vetmedin vet., 5 mg, Tuggtablett",Pruritus,1,1,
GB-DEBIAHP-2012UK00270,"<a target=""_blank""  href=""/xmlpserver/EVVET3 PW NEW/Subject Area Contents/Public Website/Report (PDF)/AER.xdo?_xpf=&_xpt=1&_params%2FOracle%20BI%20EE%3A%3ADefaultApp%3A%3AEVVET3%20PR%20NEW%2FAER%3A%3Adimension%2FAER%20Id%3A%3Aattribute%3A%3Anoaggr%3A%3Axsd%3Adouble=363194&_xt=AER&_xf=pdf""> AER </a>",2013-05-17 00:00:00,Other health care professional,United Kingdom,FEMALE,Dog,Retriever - Labrador,"BAYTRIL 0,5% W/V ΠΟΣΙΜΟ ΔΙΑΛΥΜΑ, BAYTRIL 0,5% πόσιμο διάλυμα ενροφλοξακίνης για ορνίθια και γαλοπούλες, BAYTRIL 10 % SOLUTION BUVABLE, BAYTRIL 10 % SOLUTION INJECTABLE, BAYTRIL 10% W/V ΠΟΣΙΜΟ ΔΙΑΛΥΜΑ, BAYTRIL 100 mg/ml - soluţie orală, BAYTRIL 100 mg/ml SOLUCION INYECTABLE, BAYTRIL 100 mg/ml soluție injectabilă, BAYTRIL 15 mg δισκία για γάτες και σκύλους, BAYTRIL 150 mg δισκία για γάτες και σκύλους, BAYTRIL 2,5 % SOLUTION BUVABLE, BAYTRIL 2,5 % SOLUTION INJECTABLE, BAYTRIL 2,5% W/V ΕΝΕΣΙΜΟ ΔΙΑΛΥΜΑ, BAYTRIL 2,5% W/V ΠΟΣΙΜΟ ΔΙΑΛΥΜΑ, BAYTRIL 25 mg/ml SOLUCION INYECTABLE, BAYTRIL 25 mg/ml SOLUCION ORAL, BAYTRIL 5 % SOLUTION INJECTABLE, BAYTRIL 5 mg/ml SOLUCION ORAL, BAYTRIL 50 mg δισκία για γάτες και σκύλους, BAYTRIL 50 mg/ml SOLUCION INYECTABLE, BAYTRIL 50mg/ml ενέσιμο διάλυμα, BAYTRIL, 25mg/ml, Injekční roztok, BAYTRIL, 5% ενέσιμο διάλυμα για μόσχους, χοίρους, πρόβατα, αίγες, σκύλους και γάτες, BAYTRIL, 50mg/ml, Injekční roztok, Baytril  100 mg/ml Oplossing voor injectie, Baytril  100 mg/ml Solution injectable, Baytril - Das Original - 100 mg/ml Injektionslösung, Baytril - Das Original - 25 mg/ml Injektionslösung, Baytril - Das Original - 50 mg/ml Injektionslösung, Baytril 0,5 % solução oral para leitões, Baytril 0,5%, Baytril 10 % solução oral, Baytril 10%, Baytril 10% O.L., Baytril 10% Oral Solution, Baytril 100 mg/mL, otopina za injekciju, za goveda, ovce, koze i svinje, Baytril 100 mg/mL, otopina za primjenu u vodi za piće, za kokoši, purane i kuniće, Baytril 100 mg/ml - Injektionslösung für Tiere, Baytril 100 mg/ml - Lösung zum Eingeben für Hühner, Puten und Kaninchen, Baytril 100 mg/ml Oplossing voor gebruik in drinkwater, Baytril 100 mg/ml Solution buvable, Baytril 100 mg/ml Solution for Injection, Baytril 100 mg/ml koncentrat za peroralno raztopino za piščance, purane in kunce, Baytril 100 mg/ml oldat ivóvízbe keveréshez A.U.V., Baytril 100 mg/ml oplossing voor gebruik in drinkwater voor kippen, kalkoenen en konijnen, Baytril 100 mg/ml oplossing voor injectie, Baytril 100 mg/ml raztopina za injiciranje, Baytril 100 mg/ml solution for injection, Baytril 100 mg/ml soluzione iniettabile, Baytril 100 mg/ml solução injetável, Baytril 150 mg tabletta A.U.V., Baytril 2,5%, 25 mg/mL, otopina za injekciju za pse, mačke, prasad, kuniće, glodavce, gmazove i ukrasne ptice, Baytril 25 mg/ml - Injektionslösung für Tiere, Baytril 25 mg/ml - Lösung zum Eingeben für Kälber und Lämmer, Baytril 25 mg/ml Lösung zum Eingeben für Rinder (Kälber), Baytril 25 mg/ml Oplossing voor injectie, Baytril 25 mg/ml Oral Solution, Baytril 25 mg/ml Solution injectable, Baytril 25 mg/ml injekčný roztok, Baytril 25 mg/ml oldatos injekció A.U.V., Baytril 25 mg/ml oplossing voor injectie, Baytril 25 mg/ml roztwór do wstrzykiwań, Baytril 25 mg/ml solution for injection, Baytril 25 mg/ml soluzione iniettabile, Baytril 25 mg/ml soluzione iniettabile per cani, gatti, roditori e conigli da compagnia, rettili e uccelli ornamentali, Baytril 25 mg/ml soluzione orale per vitelli, ovini, caprini, suini, Baytril 25 mg/ml solução injetável, Baytril 5 mg/ml - Lösung zum Eingeben für Schweine, Baytril 5 mg/ml belsőleges oldat sertések részére A.U.V., Baytril 50 mg tabletta A.U.V., Baytril 50 mg/mL, otopina za injekciju, za telad, ovce, koze, svinje, pse i mačke, Baytril 50 mg/ml - Injektionslösung für Tiere, Baytril 50 mg/ml Oplossing voor injectie, Baytril 50 mg/ml Solution for Injection, Baytril 50 mg/ml Solution injectable, Baytril 50 mg/ml injekčný roztok, Baytril 50 mg/ml oldatos injekció A.U.V., Baytril 50 mg/ml oplossing voor injectie, Baytril 50 mg/ml raztopina za injiciranje, Baytril 50 mg/ml soluzione iniettabile, Baytril 50 mg/ml solução injetável, Baytril 50 mg/ml soluție injectabilă, Baytril Direct 100 mg/ml Injektionslösung für Rinder und Schweine, Baytril Piglet Doser 0.5% Oral Solution, Baytril Vet. 100 mg/ml injektionsvæske, opløsning, Baytril Vet. 150 mg tabletter, Baytril Vet. 25 mg/ml oral opløsning, Baytril Vet. 50 mg tabletter, Baytril Vet. 50 mg/ml i",Dyspnoea,1,1,
GB-DEBIAHP-2012UK00274,"<a target=""_blank""  href=""/xmlpserver/EVVET3 PW NEW/Subject Area Contents/Public Website/Report (PDF)/AER.xdo?_xpf=&_xpt=1&_params%2FOracle%20BI%20EE%3A%3ADefaultApp%3A%3AEVVET3%20PR%20NEW%2FAER%3A%3Adimension%2FAER%20Id%3A%3Aattribute%3A%3Anoaggr%3A%3Axsd%3Adouble=362122&_xt=AER&_xf=pdf""> AER </a>",2013-05-03 00:00:00,Veterinarian,United Kingdom,MALE,Dog,Rottweiler,Metacam 1.5 mg/ml - Oral suspension (dogs),"Hypothyroidism, Lethargy (see also Central nervous system depression in Neurological), Weight gain",1,1,
GB-DEBIAHP-2012UK00275,"<a target=""_blank""  href=""/xmlpserver/EVVET3 PW NEW/Subject Area Contents/Public Website/Report (PDF)/AER.xdo?_xpf=&_xpt=1&_params%2FOracle%20BI%20EE%3A%3ADefaultApp%3A%3AEVVET3%20PR%20NEW%2FAER%3A%3Adimension%2FAER%20Id%3A%3Aattribute%3A%3Anoaggr%3A%3Axsd%3Adouble=363196&_xt=AER&_xf=pdf""> AER </a>",2013-05-17 00:00:00,Veterinarian,United Kingdom,MALE,Dog,Greyhound,"Metacam 5 mg/ml - Solution for injection (cats, dogs), Metacam 5 mg/ml - Solution for injection (cattle, pigs), Metacam 5 mg/ml - Solution for injection (dogs), VETERGESIC MULTIDOSE, 0.3MG/ML, SOLUTION FOR INJECTION FOR DOGS AND CATS",Elevated creatinine,1,1,
GB-DEBIAHP-2012UK00286,"<a target=""_blank""  href=""/xmlpserver/EVVET3 PW NEW/Subject Area Contents/Public Website/Report (PDF)/AER.xdo?_xpf=&_xpt=1&_params%2FOracle%20BI%20EE%3A%3ADefaultApp%3A%3AEVVET3%20PR%20NEW%2FAER%3A%3Adimension%2FAER%20Id%3A%3Aattribute%3A%3Anoaggr%3A%3Axsd%3Adouble=362123&_xt=AER&_xf=pdf""> AER </a>",2013-05-03 00:00:00,Veterinarian,United Kingdom,MALE,Dog,Shepherd Dog - German,Metacam 1.5 mg/ml - Oral suspension (dogs),Ataxia,1,1,
GB-DEBIAHP-2012UK00288,"<a target=""_blank""  href=""/xmlpserver/EVVET3 PW NEW/Subject Area Contents/Public Website/Report (PDF)/AER.xdo?_xpf=&_xpt=1&_params%2FOracle%20BI%20EE%3A%3ADefaultApp%3A%3AEVVET3%20PR%20NEW%2FAER%3A%3Adimension%2FAER%20Id%3A%3Aattribute%3A%3Anoaggr%3A%3Axsd%3Adouble=362125&_xt=AER&_xf=pdf""> AER </a>",2013-05-03 00:00:00,Veterinarian,United Kingdom,FEMALE,Dog,Bulldog,Metacam 1.5 mg/ml - Oral suspension (dogs),Facial oedema,1,1,
GB-DEBIAHP-2012UK00289,"<a target=""_blank""  href=""/xmlpserver/EVVET3 PW NEW/Subject Area Contents/Public Website/Report (PDF)/AER.xdo?_xpf=&_xpt=1&_params%2FOracle%20BI%20EE%3A%3ADefaultApp%3A%3AEVVET3%20PR%20NEW%2FAER%3A%3Adimension%2FAER%20Id%3A%3Aattribute%3A%3Anoaggr%3A%3Axsd%3Adouble=362126&_xt=AER&_xf=pdf""> AER </a>",2013-05-03 00:00:00,Veterinarian,United Kingdom,FEMALE,Dog,Crossbred Canine/dog,Metacam 1.5 mg/ml - Oral suspension (dogs),"Mucosa petechiae, Pyoderma",1,1,
GB-DEBIAHP-2012UK00290,"<a target=""_blank""  href=""/xmlpserver/EVVET3 PW NEW/Subject Area Contents/Public Website/Report (PDF)/AER.xdo?_xpf=&_xpt=1&_params%2FOracle%20BI%20EE%3A%3ADefaultApp%3A%3AEVVET3%20PR%20NEW%2FAER%3A%3Adimension%2FAER%20Id%3A%3Aattribute%3A%3Anoaggr%3A%3Axsd%3Adouble=362127&_xt=AER&_xf=pdf""> AER </a>",2013-05-03 00:00:00,Veterinarian,United Kingdom,MALE,Dog,Shepherd Dog - German,Metacam 1.5 mg/ml - Oral suspension (dogs),Furunculosis,1,1,
GB-DEBIAHP-2012UK00303,"<a target=""_blank""  href=""/xmlpserver/EVVET3 PW NEW/Subject Area Contents/Public Website/Report (PDF)/AER.xdo?_xpf=&_xpt=1&_params%2FOracle%20BI%20EE%3A%3ADefaultApp%3A%3AEVVET3%20PR%20NEW%2FAER%3A%3Adimension%2FAER%20Id%3A%3Aattribute%3A%3Anoaggr%3A%3Axsd%3Adouble=362128&_xt=AER&_xf=pdf""> AER </a>",2013-05-03 00:00:00,Veterinarian,United Kingdom,FEMALE,Dog,Boxer (German Boxer),"Metacam 1.5 mg/ml - Oral suspension (dogs), Soloxine 0.1 mg Tablet, Soloxine 0.2 mg Tablet, Soloxine 0.3 mg Tablet, Soloxine 0.5 mg Tablet, Soloxine 0.8 mg Tablet",Panting,1,1,
GB-DEBIAHP-2012UK00312,"<a target=""_blank""  href=""/xmlpserver/EVVET3 PW NEW/Subject Area Contents/Public Website/Report (PDF)/AER.xdo?_xpf=&_xpt=1&_params%2FOracle%20BI%20EE%3A%3ADefaultApp%3A%3AEVVET3%20PR%20NEW%2FAER%3A%3Adimension%2FAER%20Id%3A%3Aattribute%3A%3Anoaggr%3A%3Axsd%3Adouble=362129&_xt=AER&_xf=pdf""> AER </a>",2013-05-03 00:00:00,Other health care professional,United Kingdom,MALE,Dog,Terrier - West Highland White,Metacam 1.5 mg/ml - Oral suspension (dogs),Elevated blood urea nitrogen (BUN),1,1,
GB-DEBIAHP-2012UK00313,"<a target=""_blank""  href=""/xmlpserver/EVVET3 PW NEW/Subject Area Contents/Public Website/Report (PDF)/AER.xdo?_xpf=&_xpt=1&_params%2FOracle%20BI%20EE%3A%3ADefaultApp%3A%3AEVVET3%20PR%20NEW%2FAER%3A%3Adimension%2FAER%20Id%3A%3Aattribute%3A%3Anoaggr%3A%3Axsd%3Adouble=362130&_xt=AER&_xf=pdf""> AER </a>",2013-05-03 00:00:00,Veterinarian,United Kingdom,MALE,Dog,Spaniel - King Charles,"Metacam 1.5 mg/ml - Oral suspension (dogs), VETMEDIN 0,75 MG/ML SOLUTION INJECTABLE POUR CHIENS, VETMEDIN 2,5 mg capsule pentru câini, VETMEDIN 2,5 mg kietos kapsulės šunims, VETMEDIN 5 MG GELULES POUR CHIENS, VETMEDIN 5 mg capsule pentru câini, VETMEDIN 5 mg kietos kapsulės šunims, VETMEDIN 5 mg, 5mg, Tvrdá tobolka, VETMEDIN, 2.5mg, Tvrdá tobolka, Vetmedin 0,75 mg/ml Injektionslösung für Hunde, Vetmedin 0.75 mg/ml ενέσιμο διάλυμα για σκύλους, Vetmedin 1,25 mg - Kapseln für Hunde, Vetmedin 1,25 mg Kautabletten für Hunde, Vetmedin 1,25 mg capsule per cani, Vetmedin 1,25 mg gélules pour chiens, Vetmedin 1,25 mg kapszula kutyáknak A.U.V., Vetmedin 1,5 mg/ml Lösung zum Eingeben für Hunde, Vetmedin 1.25 mg Capsule, hard, Vetmedin 1.25 mg capsules for dogs, Vetmedin 1.25mg, Vetmedin 10 mg  Kapsułka, twarda, Vetmedin 10 mg Kapseln für Hunde, Vetmedin 10 mg Kautabletten für Hunde, Vetmedin 2,5 mg - Kapseln für Hunde, Vetmedin 2,5 mg Kapsułka, twarda, Vetmedin 2,5 mg Kautabletten für Hunde, Vetmedin 2,5 mg capsule per cani, Vetmedin 2,5 mg kapsulas suņiem, Vetmedin 2,5 mg kapsuly pre psy, Vetmedin 2,5 mg kapszula kutyáknak A.U.V., Vetmedin 2,5 mg, kõvakapslid koertele, Vetmedin 2,5mg, Vetmedin 2.5 mg Capsule, hard, Vetmedin 2.5 mg capsules for dogs, Vetmedin 2.5 mg gélules pour chiens, Vetmedin 5 mg - Kapseln für Hunde, Vetmedin 5 mg Capsule, hard, Vetmedin 5 mg Kapsułki twarde, Vetmedin 5 mg Kautabletten für Hunde, Vetmedin 5 mg capsule per cani, Vetmedin 5 mg capsules, Vetmedin 5 mg capsules for dogs, Vetmedin 5 mg gélules pour chiens, Vetmedin 5 mg kapsulas suņiem, Vetmedin 5 mg kapsuly pre psy, Vetmedin 5 mg kapszula kutyáknak A.U.V., Vetmedin 5 mg, kõvakapslid koertele., Vetmedin 5mg, Vetmedin Chew 1,25 mg Kautabletten für Hunde, Vetmedin Chew 10 mg Kautabletten für Hunde, Vetmedin Chew 2,5 mg Kautabletten für Hunde, Vetmedin Chew 5 mg Kautabletten für Hunde, Vetmedin Vet. 10 mg tyggetabletter, Vetmedin Vet. 5 mg tyggetabletter, Vetmedin vet., 5 mg, Tuggtablett",Other abnormal test result NOS,1,1,
GB-DEBIAHP-2012UK00314,"<a target=""_blank""  href=""/xmlpserver/EVVET3 PW NEW/Subject Area Contents/Public Website/Report (PDF)/AER.xdo?_xpf=&_xpt=1&_params%2FOracle%20BI%20EE%3A%3ADefaultApp%3A%3AEVVET3%20PR%20NEW%2FAER%3A%3Adimension%2FAER%20Id%3A%3Aattribute%3A%3Anoaggr%3A%3Axsd%3Adouble=362131&_xt=AER&_xf=pdf""> AER </a>",2013-05-03 00:00:00,Veterinarian,United Kingdom,FEMALE,Dog,Shepherd Dog - German,Metacam 1.5 mg/ml - Oral suspension (dogs),"Haematemesis, Lethargy (see also Central nervous system depression in Neurological)",1,1,
GB-DEBIAHP-2012UK00318,"<a target=""_blank""  href=""/xmlpserver/EVVET3 PW NEW/Subject Area Contents/Public Website/Report (PDF)/AER.xdo?_xpf=&_xpt=1&_params%2FOracle%20BI%20EE%3A%3ADefaultApp%3A%3AEVVET3%20PR%20NEW%2FAER%3A%3Adimension%2FAER%20Id%3A%3Aattribute%3A%3Anoaggr%3A%3Axsd%3Adouble=362132&_xt=AER&_xf=pdf""> AER </a>",2013-05-03 00:00:00,Veterinarian,United Kingdom,FEMALE,Dog,Retriever - Labrador,"Metacam 1.5 mg/ml - Oral suspension (dogs), Metacam 5 mg/ml - Solution for injection (cats, dogs), Metacam 5 mg/ml - Solution for injection (cattle, pigs), Metacam 5 mg/ml - Solution for injection (dogs)",Anaemia NOS,1,1,
GB-DEBIAHP-2012UK00320,"<a target=""_blank""  href=""/xmlpserver/EVVET3 PW NEW/Subject Area Contents/Public Website/Report (PDF)/AER.xdo?_xpf=&_xpt=1&_params%2FOracle%20BI%20EE%3A%3ADefaultApp%3A%3AEVVET3%20PR%20NEW%2FAER%3A%3Adimension%2FAER%20Id%3A%3Aattribute%3A%3Anoaggr%3A%3Axsd%3Adouble=362133&_xt=AER&_xf=pdf""> AER </a>",2013-05-03 00:00:00,Veterinarian,United Kingdom,MALE,Dog,Spaniel - Cocker American,"Metacam 1.5 mg/ml - Oral suspension (dogs), Metacam 5 mg/ml - Solution for injection (cats, dogs), Metacam 5 mg/ml - Solution for injection (cattle, pigs), Metacam 5 mg/ml - Solution for injection (dogs)",Haematuria,1,1,
GB-DEBIAHP-2012UK00324,"<a target=""_blank""  href=""/xmlpserver/EVVET3 PW NEW/Subject Area Contents/Public Website/Report (PDF)/AER.xdo?_xpf=&_xpt=1&_params%2FOracle%20BI%20EE%3A%3ADefaultApp%3A%3AEVVET3%20PR%20NEW%2FAER%3A%3Adimension%2FAER%20Id%3A%3Aattribute%3A%3Anoaggr%3A%3Axsd%3Adouble=362137&_xt=AER&_xf=pdf""> AER </a>",2013-05-03 00:00:00,Veterinarian,United Kingdom,MALE,Dog,Rottweiler,Metacam 1.5 mg/ml - Oral suspension (dogs),Elevated liver enzymes NOS,1,1,
GB-DEBIAHP-2012UK00328,"<a target=""_blank""  href=""/xmlpserver/EVVET3 PW NEW/Subject Area Contents/Public Website/Report (PDF)/AER.xdo?_xpf=&_xpt=1&_params%2FOracle%20BI%20EE%3A%3ADefaultApp%3A%3AEVVET3%20PR%20NEW%2FAER%3A%3Adimension%2FAER%20Id%3A%3Aattribute%3A%3Anoaggr%3A%3Axsd%3Adouble=362138&_xt=AER&_xf=pdf""> AER </a>",2013-05-03 00:00:00,Veterinarian,United Kingdom,FEMALE,Dog,Terrier - Jack Russell,Metacam 1.5 mg/ml - Oral suspension (dogs),"Dehydration, Elevated renal parameters, Vomiting",1,1,
GB-DEBIAHP-2012UK00330,"<a target=""_blank""  href=""/xmlpserver/EVVET3 PW NEW/Subject Area Contents/Public Website/Report (PDF)/AER.xdo?_xpf=&_xpt=1&_params%2FOracle%20BI%20EE%3A%3ADefaultApp%3A%3AEVVET3%20PR%20NEW%2FAER%3A%3Adimension%2FAER%20Id%3A%3Aattribute%3A%3Anoaggr%3A%3Axsd%3Adouble=360631&_xt=AER&_xf=pdf""> AER </a>",2013-04-22 00:00:00,Veterinarian,United Kingdom,FEMALE,Dog,Lhasa Apso,Metacam 1.5 mg/ml - Oral suspension (dogs),Vomiting,1,1,
GB-DEBIAHP-2012UK00332,"<a target=""_blank""  href=""/xmlpserver/EVVET3 PW NEW/Subject Area Contents/Public Website/Report (PDF)/AER.xdo?_xpf=&_xpt=1&_params%2FOracle%20BI%20EE%3A%3ADefaultApp%3A%3AEVVET3%20PR%20NEW%2FAER%3A%3Adimension%2FAER%20Id%3A%3Aattribute%3A%3Anoaggr%3A%3Axsd%3Adouble=362143&_xt=AER&_xf=pdf""> AER </a>",2013-05-03 00:00:00,Veterinarian,United Kingdom,MALE,Dog,Retriever - Flat-coated,"Metacam 1.5 mg/ml - Oral suspension (dogs), Tramadog 50 mg tablet for dogs",Decreased urine concentration,1,1,
GB-DEBIAHP-2012UK00335,"<a target=""_blank""  href=""/xmlpserver/EVVET3 PW NEW/Subject Area Contents/Public Website/Report (PDF)/AER.xdo?_xpf=&_xpt=1&_params%2FOracle%20BI%20EE%3A%3ADefaultApp%3A%3AEVVET3%20PR%20NEW%2FAER%3A%3Adimension%2FAER%20Id%3A%3Aattribute%3A%3Anoaggr%3A%3Axsd%3Adouble=364499&_xt=AER&_xf=pdf""> AER </a>",2013-06-03 00:00:00,Veterinarian,United Kingdom,MALE,Dog,Retriever - Labrador,Metacam 1.5 mg/ml - Oral suspension (dogs),Haematuria,1,1,
GB-DEBIAHP-2012UK00339,"<a target=""_blank""  href=""/xmlpserver/EVVET3 PW NEW/Subject Area Contents/Public Website/Report (PDF)/AER.xdo?_xpf=&_xpt=1&_params%2FOracle%20BI%20EE%3A%3ADefaultApp%3A%3AEVVET3%20PR%20NEW%2FAER%3A%3Adimension%2FAER%20Id%3A%3Aattribute%3A%3Anoaggr%3A%3Axsd%3Adouble=362140&_xt=AER&_xf=pdf""> AER </a>",2013-05-03 00:00:00,Veterinarian,United Kingdom,FEMALE,Dog,Collie - Border,"Metacam 1.5 mg/ml - Oral suspension (dogs), Metacam 5 mg/ml - Solution for injection (cats, dogs), Metacam 5 mg/ml - Solution for injection (cattle, pigs), Metacam 5 mg/ml - Solution for injection (dogs)","Diarrhoea, Haemorrhagic diarrhoea",1,1,
GB-DEBIAHP-2012UK00343,"<a target=""_blank""  href=""/xmlpserver/EVVET3 PW NEW/Subject Area Contents/Public Website/Report (PDF)/AER.xdo?_xpf=&_xpt=1&_params%2FOracle%20BI%20EE%3A%3ADefaultApp%3A%3AEVVET3%20PR%20NEW%2FAER%3A%3Adimension%2FAER%20Id%3A%3Aattribute%3A%3Anoaggr%3A%3Axsd%3Adouble=362146&_xt=AER&_xf=pdf""> AER </a>",2013-05-03 00:00:00,Veterinarian,United Kingdom,FEMALE,Dog,Dog (other),Metacam 1.5 mg/ml - Oral suspension (dogs),Elevated liver enzymes NOS,1,1,
GB-DEBIAHP-2012UK00344,"<a target=""_blank""  href=""/xmlpserver/EVVET3 PW NEW/Subject Area Contents/Public Website/Report (PDF)/AER.xdo?_xpf=&_xpt=1&_params%2FOracle%20BI%20EE%3A%3ADefaultApp%3A%3AEVVET3%20PR%20NEW%2FAER%3A%3Adimension%2FAER%20Id%3A%3Aattribute%3A%3Anoaggr%3A%3Axsd%3Adouble=362145&_xt=AER&_xf=pdf""> AER </a>",2013-05-03 00:00:00,Veterinarian,United Kingdom,FEMALE,Dog,Retriever - Labrador,Metacam 1.5 mg/ml - Oral suspension (dogs),Elevated liver enzymes NOS,1,1,
GB-DEBIAHP-2012UK00345,"<a target=""_blank""  href=""/xmlpserver/EVVET3 PW NEW/Subject Area Contents/Public Website/Report (PDF)/AER.xdo?_xpf=&_xpt=1&_params%2FOracle%20BI%20EE%3A%3ADefaultApp%3A%3AEVVET3%20PR%20NEW%2FAER%3A%3Adimension%2FAER%20Id%3A%3Aattribute%3A%3Anoaggr%3A%3Axsd%3Adouble=363197&_xt=AER&_xf=pdf""> AER </a>",2013-05-17 00:00:00,Veterinarian,United Kingdom,FEMALE,Dog,Chihuahua,"Metacam 5 mg/ml - Solution for injection (cats, dogs), Metacam 5 mg/ml - Solution for injection (cattle, pigs), Metacam 5 mg/ml - Solution for injection (dogs)","Injection site panniculitis, Skin swelling",1,1,
GB-DEBIAHP-2012UK00347,"<a target=""_blank""  href=""/xmlpserver/EVVET3 PW NEW/Subject Area Contents/Public Website/Report (PDF)/AER.xdo?_xpf=&_xpt=1&_params%2FOracle%20BI%20EE%3A%3ADefaultApp%3A%3AEVVET3%20PR%20NEW%2FAER%3A%3Adimension%2FAER%20Id%3A%3Aattribute%3A%3Anoaggr%3A%3Axsd%3Adouble=362144&_xt=AER&_xf=pdf""> AER </a>",2013-05-03 00:00:00,Animal owner,United Kingdom,FEMALE,Dog,Spaniel - Springer English,Metacam 1.5 mg/ml - Oral suspension (dogs),"Decreased appetite, Lethargy (see also Central nervous system depression in Neurological), Pyrexia",1,1,
GB-DEBIAHP-2012UK00354,"<a target=""_blank""  href=""/xmlpserver/EVVET3 PW NEW/Subject Area Contents/Public Website/Report (PDF)/AER.xdo?_xpf=&_xpt=1&_params%2FOracle%20BI%20EE%3A%3ADefaultApp%3A%3AEVVET3%20PR%20NEW%2FAER%3A%3Adimension%2FAER%20Id%3A%3Aattribute%3A%3Anoaggr%3A%3Axsd%3Adouble=364838&_xt=AER&_xf=pdf""> AER </a>",2013-06-06 00:00:00,Other health care professional,United Kingdom,FEMALE,Dog,Retriever - Labrador,"Metacam 1.5 mg/ml - Oral suspension (dogs), Metacam 5 mg/ml - Solution for injection (cats, dogs), Metacam 5 mg/ml - Solution for injection (cattle, pigs), Metacam 5 mg/ml - Solution for injection (dogs)","Anorexia, Death by euthanasia, Elevated renal parameters, Elevated total bilirubin, Enteritis, Haemorrhagic diarrhoea, Hyperkalaemia, Hypoproteinaemia, Interstitial nephritis, Jaundice, Lethargy (see also Central nervous system depression in Neurological), Leukopenia NOS, Lymphopenia, Neutropenia, Vomiting",1,1,1
GB-DEBIAHP-2012UK00363,"<a target=""_blank""  href=""/xmlpserver/EVVET3 PW NEW/Subject Area Contents/Public Website/Report (PDF)/AER.xdo?_xpf=&_xpt=1&_params%2FOracle%20BI%20EE%3A%3ADefaultApp%3A%3AEVVET3%20PR%20NEW%2FAER%3A%3Adimension%2FAER%20Id%3A%3Aattribute%3A%3Anoaggr%3A%3Axsd%3Adouble=362147&_xt=AER&_xf=pdf""> AER </a>",2013-05-03 00:00:00,Veterinarian,United Kingdom,MALE,Dog,Retriever - Labrador,"CANAURAL, CANAURAL (5mg+5mg+2.5mg+100000IU)/g ΩΤΙΚΕΣ ΣΤΑΓΟΝΕΣ, ΕΝΑΙΩΡΗΜΑ, CANAURAL GOTAS OTICAS EN SUSPENSION PARA PERROS Y GATOS, CANAURAL ausų lašai, suspensija šunims ir katėms, Canaural  Oordruppels, suspensie, Canaural Ohrentropfen, Suspension für Hunde und Katzen, Canaural ausu pilieni, suspensija suņiem un kaķiem, Canaural ear drops, suspension for dogs and cats, Canaural eyrnadropar, dreifa, Canaural suspensão cutânea para cães e gatos, Canaural vet.   Örondroppar, suspension, Canaural vet. korvatipat, suspensio koirille ja kissoille, Canaural vet. øredråper, suspensjon til hund og katt., Canaural øredråber, Canaural, kõrvatilgad, suspensioon koertele ja kassidele, Canaural, suspension pour instillation auriculaire pour chats et chiens, Cortavance 0.584 mg/ml - Cutaneous spray, solution, Metacam 1.5 mg/ml - Oral suspension (dogs)","Confusion, Distress, Vocalisation",1,1,
GB-DEBIAHP-2012UK00364,"<a target=""_blank""  href=""/xmlpserver/EVVET3 PW NEW/Subject Area Contents/Public Website/Report (PDF)/AER.xdo?_xpf=&_xpt=1&_params%2FOracle%20BI%20EE%3A%3ADefaultApp%3A%3AEVVET3%20PR%20NEW%2FAER%3A%3Adimension%2FAER%20Id%3A%3Aattribute%3A%3Anoaggr%3A%3Axsd%3Adouble=360679&_xt=AER&_xf=pdf""> AER </a>",2013-04-23 00:00:00,Veterinarian,United Kingdom,FEMALE,Dog,Shepherd Dog - German,Metacam 2.5 mg - Chewable tablet (dogs),Diarrhoea,1,1,
GB-DEBIAHP-2012UK00365,"<a target=""_blank""  href=""/xmlpserver/EVVET3 PW NEW/Subject Area Contents/Public Website/Report (PDF)/AER.xdo?_xpf=&_xpt=1&_params%2FOracle%20BI%20EE%3A%3ADefaultApp%3A%3AEVVET3%20PR%20NEW%2FAER%3A%3Adimension%2FAER%20Id%3A%3Aattribute%3A%3Anoaggr%3A%3Axsd%3Adouble=362135&_xt=AER&_xf=pdf""> AER </a>",2013-05-03 00:00:00,Veterinarian,United Kingdom,MALE,Dog,Terrier - Jack Russell,Metacam 1.5 mg/ml - Oral suspension (dogs),"Elevated liver enzymes NOS, Stumbling gait",1,1,
GB-DEBIAHP-2012UK00366,"<a target=""_blank""  href=""/xmlpserver/EVVET3 PW NEW/Subject Area Contents/Public Website/Report (PDF)/AER.xdo?_xpf=&_xpt=1&_params%2FOracle%20BI%20EE%3A%3ADefaultApp%3A%3AEVVET3%20PR%20NEW%2FAER%3A%3Adimension%2FAER%20Id%3A%3Aattribute%3A%3Anoaggr%3A%3Axsd%3Adouble=362136&_xt=AER&_xf=pdf""> AER </a>",2013-05-03 00:00:00,Veterinarian,United Kingdom,FEMALE,Dog,Shih Tzu,"Metacam 1.5 mg/ml - Oral suspension (dogs), Metacam 5 mg/ml - Solution for injection (cats, dogs), Metacam 5 mg/ml - Solution for injection (cattle, pigs), Metacam 5 mg/ml - Solution for injection (dogs), SYNULOX (200+50)MG/TAB ΔΙΣΚΙΟ, SYNULOX (40+10)MG/TAB ΔΙΣΚΙΟ, SYNULOX 140 mg/ml + 35 mg/ml suspensión inyectable, SYNULOX 200 mg/50 mg tablety pre psy a mačky, SYNULOX 200/50 mg COMPRIMIDOS APETITOSOS PARA PERROS, SYNULOX 250 COMPRIMES POUR CHIENS, SYNULOX 250 mg, SYNULOX 250 mg kramtomosios tabletės šunims ir katėms, SYNULOX 250 mg tablete za pse in mačke, SYNULOX 250mg, δισκία για σκύλους και γάτες, SYNULOX 40 mg/10 mg tablety pre psy a mačky, SYNULOX 40 mg/ml + 10 mg/ml POLVO PARA GOTAS ORALES EN SUSPENSION, SYNULOX 40/10 MG COMPRIMIDOS APETITOSOS PARA PERROS Y GATOS, SYNULOX 400 mg/100 mg tablety pre psy, SYNULOX 400/100 mg COMPRIMIDOS APETITOSOS PARA PERROS, SYNULOX 50 COMPRIMES POUR CHIENS ET CHATS, SYNULOX 50 mg, SYNULOX 50 mg kramtomosios tabletės šunims ir katėms, SYNULOX 50 mg tablete za pse in mačke, SYNULOX 500 COMPRIMES POUR CHIENS, SYNULOX 500 mg kramtomosios tabletės šunims, SYNULOX 500 mg tablete za pse, SYNULOX 500 mg, kramtomosios tabletės šunims, SYNULOX 500MG/TAB ΔΙΣΚΙΟ, SYNULOX 50mg, δισκία για σκύλους και γάτες, SYNULOX OGIVETTES POUR VEAUX, SYNULOX SUSPENSION INJECTABLE POUR BOVINS, SYNULOX VET 140 mg/ml injektioneste, suspensio koiralle, kissalle ja sialle, SYNULOX suspensão injetável para suínos, bovinos, cães e gatos, SYNULOX vet 200 mg/50 mg tabletti, koiralle ja kissalle, SYNULOX vet 40 mg/10 mg tabletti, koiralle ja kissalle, SYNULOX vet 400 mg/100 mg tabletti, koiralle, SYNULOX, 400/100mg, Tableta, Synulox 250 mg Comprimés Appétents, Synulox 250 mg Smakelijke tabletten, Synulox 250 mg tabletes suņiem un kaķiem, Synulox 250 mg, tabletid koertele ja kassidele, Synulox 250 mg, таблетки за кучета и котки, Synulox 250mg (200 mg/50 mg)  Tabletten für Hunde, Synulox 50 mg Comprimés Appétents, Synulox 50 mg Smakelijke Tabletten, Synulox 50 mg tabletes suņiem un kaķiem, Synulox 50 mg, tabletid koertele ja kassidele, Synulox 50 mg, таблетки за кучета и котки, Synulox 500 mg Bolus 400 mg - 100 mg Omhulde tablet, Synulox 500 mg Comprimés Appétents, Synulox 500 mg Smakelijke Tabletten, Synulox 500 mg tabletes suņiem, Synulox 500 mg, tabletid koertele, Synulox 500mg (400 mg/100 mg) Tabletten für Hunde, Synulox 50mg (40 mg/10 mg) Tabletten für Hunde und Katzen, Synulox Bolus 500 mg, 400 mg + 100 mg comprimés enrobés pour veaux, Synulox Lactating Cow Intramammary suspension., Synulox Tabletki 250 mg, Synulox Tabletki 250 mg (200+50) mg/tablete; tabletes suņiem, Synulox Tabletki 50 mg, Synulox Tabletki 50 mg (40+10) mg/ tablete; tabletes suņiem un kaķiem, Synulox Tabletki 500 mg, Synulox Vet. til hund og kat 200 + 50 mg tabletter, Synulox Vet. til hund og kat 40 + 10 mg tabletter, Synulox Vet. til hund tabletter 400 + 100 mg, Synulox Vet. til kalve 400 + 100 mg tabletter, Synulox comprimidos palatáveis 250 mg para cães e gatos, Synulox comprimidos palatáveis 50 mg para cães e gatos, Synulox comprimidos palatáveis 500 mg para cães, Synulox vet 40 mg/ml jauhe oraalisuspensiota varten koiralle ja kissalle, Synulox vet. 200 mg tabletter for hund og katt, Synulox vet. 200 mg/50 mg Tablett, Synulox vet. 40 mg tabletter for hund og katt, Synulox vet. 40 mg/10 mg Tablett, Synulox vet. 400 mg tabletter for hund, Synulox vet. 400 mg/100 mg Tablett, Synulox, 200/50mg, Tableta, Synulox, 40/10mg, Tableta, Synulox-Kalb 400 mg/100 mg Filmtabletten für Rinder (Kälber)",Vomiting,1,1,
GB-DEBIAHP-2012UK00367,"<a target=""_blank""  href=""/xmlpserver/EVVET3 PW NEW/Subject Area Contents/Public Website/Report (PDF)/AER.xdo?_xpf=&_xpt=1&_params%2FOracle%20BI%20EE%3A%3ADefaultApp%3A%3AEVVET3%20PR%20NEW%2FAER%3A%3Adimension%2FAER%20Id%3A%3Aattribute%3A%3Anoaggr%3A%3Axsd%3Adouble=362139&_xt=AER&_xf=pdf""> AER </a>",2013-05-03 00:00:00,Veterinarian,United Kingdom,MALE,Dog,Retriever - Labrador,Metacam 1.5 mg/ml - Oral suspension (dogs),"Gastritis, Vomiting",1,1,
GB-DEBIAHP-2012UK00369,"<a target=""_blank""  href=""/xmlpserver/EVVET3 PW NEW/Subject Area Contents/Public Website/Report (PDF)/AER.xdo?_xpf=&_xpt=1&_params%2FOracle%20BI%20EE%3A%3ADefaultApp%3A%3AEVVET3%20PR%20NEW%2FAER%3A%3Adimension%2FAER%20Id%3A%3Aattribute%3A%3Anoaggr%3A%3Axsd%3Adouble=360940&_xt=AER&_xf=pdf""> AER </a>",2013-04-25 00:00:00,Veterinarian,United Kingdom,MALE,Dog,Rottweiler,"Metacam 5 mg/ml - Solution for injection (cats, dogs), Metacam 5 mg/ml - Solution for injection (cattle, pigs), Metacam 5 mg/ml - Solution for injection (dogs)","Diarrhoea, Vomiting",1,1,
GB-DEBIAHP-2012UK00370,"<a target=""_blank""  href=""/xmlpserver/EVVET3 PW NEW/Subject Area Contents/Public Website/Report (PDF)/AER.xdo?_xpf=&_xpt=1&_params%2FOracle%20BI%20EE%3A%3ADefaultApp%3A%3AEVVET3%20PR%20NEW%2FAER%3A%3Adimension%2FAER%20Id%3A%3Aattribute%3A%3Anoaggr%3A%3Axsd%3Adouble=362142&_xt=AER&_xf=pdf""> AER </a>",2013-05-03 00:00:00,Veterinarian,United Kingdom,FEMALE,Dog,Crossbred Canine/dog,Metacam 1.5 mg/ml - Oral suspension (dogs),Vomiting,1,1,
GB-DEBIAHP-2012UK00375,"<a target=""_blank""  href=""/xmlpserver/EVVET3 PW NEW/Subject Area Contents/Public Website/Report (PDF)/AER.xdo?_xpf=&_xpt=1&_params%2FOracle%20BI%20EE%3A%3ADefaultApp%3A%3AEVVET3%20PR%20NEW%2FAER%3A%3Adimension%2FAER%20Id%3A%3Aattribute%3A%3Anoaggr%3A%3Axsd%3Adouble=362141&_xt=AER&_xf=pdf""> AER </a>",2013-05-03 00:00:00,Veterinarian,United Kingdom,FEMALE,Dog,Retriever - Labrador,"Metacam 1.5 mg/ml - Oral suspension (dogs), Metacam 5 mg/ml - Solution for injection (cats, dogs), Metacam 5 mg/ml - Solution for injection (cattle, pigs), Metacam 5 mg/ml - Solution for injection (dogs)","Decreased appetite, Diarrhoea, Haemorrhagic diarrhoea, Vomiting",1,1,
GB-DEBIAHP-2012UK00384,"<a target=""_blank""  href=""/xmlpserver/EVVET3 PW NEW/Subject Area Contents/Public Website/Report (PDF)/AER.xdo?_xpf=&_xpt=1&_params%2FOracle%20BI%20EE%3A%3ADefaultApp%3A%3AEVVET3%20PR%20NEW%2FAER%3A%3Adimension%2FAER%20Id%3A%3Aattribute%3A%3Anoaggr%3A%3Axsd%3Adouble=362149&_xt=AER&_xf=pdf""> AER </a>",2013-05-03 00:00:00,Veterinarian,United Kingdom,FEMALE,Dog,Retriever - Labrador,Metacam 1.5 mg/ml - Oral suspension (dogs),"Hair modification NOS, Lethargy (see also Central nervous system depression in Neurological), Lymphadenopathy",1,1,
GB-DEBIAHP-2012UK00387,"<a target=""_blank""  href=""/xmlpserver/EVVET3 PW NEW/Subject Area Contents/Public Website/Report (PDF)/AER.xdo?_xpf=&_xpt=1&_params%2FOracle%20BI%20EE%3A%3ADefaultApp%3A%3AEVVET3%20PR%20NEW%2FAER%3A%3Adimension%2FAER%20Id%3A%3Aattribute%3A%3Anoaggr%3A%3Axsd%3Adouble=362150&_xt=AER&_xf=pdf""> AER </a>",2013-05-03 00:00:00,Other health care professional,United Kingdom,FEMALE,Dog,Dog (other),"Metacam 1.5 mg/ml - Oral suspension (dogs), VETMEDIN 0,75 MG/ML SOLUTION INJECTABLE POUR CHIENS, VETMEDIN 2,5 mg capsule pentru câini, VETMEDIN 2,5 mg kietos kapsulės šunims, VETMEDIN 5 MG GELULES POUR CHIENS, VETMEDIN 5 mg capsule pentru câini, VETMEDIN 5 mg kietos kapsulės šunims, VETMEDIN 5 mg, 5mg, Tvrdá tobolka, VETMEDIN, 2.5mg, Tvrdá tobolka, Vetmedin 0,75 mg/ml Injektionslösung für Hunde, Vetmedin 0.75 mg/ml ενέσιμο διάλυμα για σκύλους, Vetmedin 1,25 mg - Kapseln für Hunde, Vetmedin 1,25 mg Kautabletten für Hunde, Vetmedin 1,25 mg capsule per cani, Vetmedin 1,25 mg gélules pour chiens, Vetmedin 1,25 mg kapszula kutyáknak A.U.V., Vetmedin 1,5 mg/ml Lösung zum Eingeben für Hunde, Vetmedin 1.25 mg Capsule, hard, Vetmedin 1.25 mg capsules for dogs, Vetmedin 1.25mg, Vetmedin 10 mg  Kapsułka, twarda, Vetmedin 10 mg Kapseln für Hunde, Vetmedin 10 mg Kautabletten für Hunde, Vetmedin 2,5 mg - Kapseln für Hunde, Vetmedin 2,5 mg Kapsułka, twarda, Vetmedin 2,5 mg Kautabletten für Hunde, Vetmedin 2,5 mg capsule per cani, Vetmedin 2,5 mg kapsulas suņiem, Vetmedin 2,5 mg kapsuly pre psy, Vetmedin 2,5 mg kapszula kutyáknak A.U.V., Vetmedin 2,5 mg, kõvakapslid koertele, Vetmedin 2,5mg, Vetmedin 2.5 mg Capsule, hard, Vetmedin 2.5 mg capsules for dogs, Vetmedin 2.5 mg gélules pour chiens, Vetmedin 5 mg - Kapseln für Hunde, Vetmedin 5 mg Capsule, hard, Vetmedin 5 mg Kapsułki twarde, Vetmedin 5 mg Kautabletten für Hunde, Vetmedin 5 mg capsule per cani, Vetmedin 5 mg capsules, Vetmedin 5 mg capsules for dogs, Vetmedin 5 mg gélules pour chiens, Vetmedin 5 mg kapsulas suņiem, Vetmedin 5 mg kapsuly pre psy, Vetmedin 5 mg kapszula kutyáknak A.U.V., Vetmedin 5 mg, kõvakapslid koertele., Vetmedin 5mg, Vetmedin Chew 1,25 mg Kautabletten für Hunde, Vetmedin Chew 10 mg Kautabletten für Hunde, Vetmedin Chew 2,5 mg Kautabletten für Hunde, Vetmedin Chew 5 mg Kautabletten für Hunde, Vetmedin Vet. 10 mg tyggetabletter, Vetmedin Vet. 5 mg tyggetabletter, Vetmedin vet., 5 mg, Tuggtablett","Drinking a lot, Vomiting",1,1,
GB-DEBIAHP-2012UK00388,"<a target=""_blank""  href=""/xmlpserver/EVVET3 PW NEW/Subject Area Contents/Public Website/Report (PDF)/AER.xdo?_xpf=&_xpt=1&_params%2FOracle%20BI%20EE%3A%3ADefaultApp%3A%3AEVVET3%20PR%20NEW%2FAER%3A%3Adimension%2FAER%20Id%3A%3Aattribute%3A%3Anoaggr%3A%3Axsd%3Adouble=362153&_xt=AER&_xf=pdf""> AER </a>",2013-05-03 00:00:00,Veterinarian,United Kingdom,MALE,Dog,Greyhound,Metacam 1.5 mg/ml - Oral suspension (dogs),Pancreatitis NOS,1,1,
GB-DEBIAHP-2012UK00389,"<a target=""_blank""  href=""/xmlpserver/EVVET3 PW NEW/Subject Area Contents/Public Website/Report (PDF)/AER.xdo?_xpf=&_xpt=1&_params%2FOracle%20BI%20EE%3A%3ADefaultApp%3A%3AEVVET3%20PR%20NEW%2FAER%3A%3Adimension%2FAER%20Id%3A%3Aattribute%3A%3Anoaggr%3A%3Axsd%3Adouble=362012&_xt=AER&_xf=pdf""> AER </a>",2013-05-02 00:00:00,Other health care professional,United Kingdom,FEMALE,Dog,Spaniel - King Charles Cavalier,"Metacam 0.5 mg/ml - Oral suspension (cats, guinea pigs), Metacam 0.5 mg/ml - Oral suspension (dogs)","Drinking a lot, Elevated liver enzymes NOS, Inappetence, Pancreatitis NOS, Urinary incontinence",1,1,
GB-DEBIAHP-2012UK00390,"<a target=""_blank""  href=""/xmlpserver/EVVET3 PW NEW/Subject Area Contents/Public Website/Report (PDF)/AER.xdo?_xpf=&_xpt=1&_params%2FOracle%20BI%20EE%3A%3ADefaultApp%3A%3AEVVET3%20PR%20NEW%2FAER%3A%3Adimension%2FAER%20Id%3A%3Aattribute%3A%3Anoaggr%3A%3Axsd%3Adouble=362148&_xt=AER&_xf=pdf""> AER </a>",2013-05-03 00:00:00,Veterinarian,United Kingdom,FEMALE,Dog,Greyhound,Metacam 1.5 mg/ml - Oral suspension (dogs),Skin lesion NOS,1,1,
GB-DEBIAHP-2012UK00394,"<a target=""_blank""  href=""/xmlpserver/EVVET3 PW NEW/Subject Area Contents/Public Website/Report (PDF)/AER.xdo?_xpf=&_xpt=1&_params%2FOracle%20BI%20EE%3A%3ADefaultApp%3A%3AEVVET3%20PR%20NEW%2FAER%3A%3Adimension%2FAER%20Id%3A%3Aattribute%3A%3Anoaggr%3A%3Axsd%3Adouble=362151&_xt=AER&_xf=pdf""> AER </a>",2013-05-03 00:00:00,Animal owner,United Kingdom,FEMALE,Dog,Spaniel - Springer English,Metacam 1.5 mg/ml - Oral suspension (dogs),"Inappetence, Lethargy (see also Central nervous system depression in Neurological)",1,1,
GB-DEBIAHP-2012UK00396,"<a target=""_blank""  href=""/xmlpserver/EVVET3 PW NEW/Subject Area Contents/Public Website/Report (PDF)/AER.xdo?_xpf=&_xpt=1&_params%2FOracle%20BI%20EE%3A%3ADefaultApp%3A%3AEVVET3%20PR%20NEW%2FAER%3A%3Adimension%2FAER%20Id%3A%3Aattribute%3A%3Anoaggr%3A%3Axsd%3Adouble=360076&_xt=AER&_xf=pdf""> AER </a>",2013-04-15 00:00:00,Animal owner,United Kingdom,MALE,Dog,Spaniel - Springer English,Metacam 1 mg - Chewable tablet (dogs),"Anorexia, Haematemesis, Lethargy (see also Central nervous system depression in Neurological), Melaena, Seizure NOS, Weight loss",1,1,
GB-DEBIAHP-2012UK00407,"<a target=""_blank""  href=""/xmlpserver/EVVET3 PW NEW/Subject Area Contents/Public Website/Report (PDF)/AER.xdo?_xpf=&_xpt=1&_params%2FOracle%20BI%20EE%3A%3ADefaultApp%3A%3AEVVET3%20PR%20NEW%2FAER%3A%3Adimension%2FAER%20Id%3A%3Aattribute%3A%3Anoaggr%3A%3Axsd%3Adouble=362152&_xt=AER&_xf=pdf""> AER </a>",2013-05-03 00:00:00,Veterinarian,United Kingdom,FEMALE,Dog,Terrier - West Highland White,"Metacam 1.5 mg/ml - Oral suspension (dogs), VETMEDIN 0,75 MG/ML SOLUTION INJECTABLE POUR CHIENS, VETMEDIN 2,5 mg capsule pentru câini, VETMEDIN 2,5 mg kietos kapsulės šunims, VETMEDIN 5 MG GELULES POUR CHIENS, VETMEDIN 5 mg capsule pentru câini, VETMEDIN 5 mg kietos kapsulės šunims, VETMEDIN 5 mg, 5mg, Tvrdá tobolka, VETMEDIN, 2.5mg, Tvrdá tobolka, Vetmedin 0,75 mg/ml Injektionslösung für Hunde, Vetmedin 0.75 mg/ml ενέσιμο διάλυμα για σκύλους, Vetmedin 1,25 mg - Kapseln für Hunde, Vetmedin 1,25 mg Kautabletten für Hunde, Vetmedin 1,25 mg capsule per cani, Vetmedin 1,25 mg gélules pour chiens, Vetmedin 1,25 mg kapszula kutyáknak A.U.V., Vetmedin 1,5 mg/ml Lösung zum Eingeben für Hunde, Vetmedin 1.25 mg Capsule, hard, Vetmedin 1.25 mg capsules for dogs, Vetmedin 1.25mg, Vetmedin 10 mg  Kapsułka, twarda, Vetmedin 10 mg Kapseln für Hunde, Vetmedin 10 mg Kautabletten für Hunde, Vetmedin 2,5 mg - Kapseln für Hunde, Vetmedin 2,5 mg Kapsułka, twarda, Vetmedin 2,5 mg Kautabletten für Hunde, Vetmedin 2,5 mg capsule per cani, Vetmedin 2,5 mg kapsulas suņiem, Vetmedin 2,5 mg kapsuly pre psy, Vetmedin 2,5 mg kapszula kutyáknak A.U.V., Vetmedin 2,5 mg, kõvakapslid koertele, Vetmedin 2,5mg, Vetmedin 2.5 mg Capsule, hard, Vetmedin 2.5 mg capsules for dogs, Vetmedin 2.5 mg gélules pour chiens, Vetmedin 5 mg - Kapseln für Hunde, Vetmedin 5 mg Capsule, hard, Vetmedin 5 mg Kapsułki twarde, Vetmedin 5 mg Kautabletten für Hunde, Vetmedin 5 mg capsule per cani, Vetmedin 5 mg capsules, Vetmedin 5 mg capsules for dogs, Vetmedin 5 mg gélules pour chiens, Vetmedin 5 mg kapsulas suņiem, Vetmedin 5 mg kapsuly pre psy, Vetmedin 5 mg kapszula kutyáknak A.U.V., Vetmedin 5 mg, kõvakapslid koertele., Vetmedin 5mg, Vetmedin Chew 1,25 mg Kautabletten für Hunde, Vetmedin Chew 10 mg Kautabletten für Hunde, Vetmedin Chew 2,5 mg Kautabletten für Hunde, Vetmedin Chew 5 mg Kautabletten für Hunde, Vetmedin Vet. 10 mg tyggetabletter, Vetmedin Vet. 5 mg tyggetabletter, Vetmedin vet., 5 mg, Tuggtablett","Anorexia, Diarrhoea, Lethargy (see also Central nervous system depression in Neurological)",1,1,
GB-DEBIAHP-2012UK00411,"<a target=""_blank""  href=""/xmlpserver/EVVET3 PW NEW/Subject Area Contents/Public Website/Report (PDF)/AER.xdo?_xpf=&_xpt=1&_params%2FOracle%20BI%20EE%3A%3ADefaultApp%3A%3AEVVET3%20PR%20NEW%2FAER%3A%3Adimension%2FAER%20Id%3A%3Aattribute%3A%3Anoaggr%3A%3Axsd%3Adouble=362154&_xt=AER&_xf=pdf""> AER </a>",2013-05-03 00:00:00,Veterinarian,United Kingdom,FEMALE,Dog,Retriever - Labrador,Metacam 1.5 mg/ml - Oral suspension (dogs),Elevated liver enzymes NOS,1,1,
GB-DEBIAHP-2012UK00416,"<a target=""_blank""  href=""/xmlpserver/EVVET3 PW NEW/Subject Area Contents/Public Website/Report (PDF)/AER.xdo?_xpf=&_xpt=1&_params%2FOracle%20BI%20EE%3A%3ADefaultApp%3A%3AEVVET3%20PR%20NEW%2FAER%3A%3Adimension%2FAER%20Id%3A%3Aattribute%3A%3Anoaggr%3A%3Axsd%3Adouble=362155&_xt=AER&_xf=pdf""> AER </a>",2013-05-03 00:00:00,Veterinarian,United Kingdom,FEMALE,Dog,Retriever - Labrador,Metacam 1.5 mg/ml - Oral suspension (dogs),Lack of efficacy - NOS,1,1,
GB-DEBIAHP-2012UK00418,"<a target=""_blank""  href=""/xmlpserver/EVVET3 PW NEW/Subject Area Contents/Public Website/Report (PDF)/AER.xdo?_xpf=&_xpt=1&_params%2FOracle%20BI%20EE%3A%3ADefaultApp%3A%3AEVVET3%20PR%20NEW%2FAER%3A%3Adimension%2FAER%20Id%3A%3Aattribute%3A%3Anoaggr%3A%3Axsd%3Adouble=355629&_xt=AER&_xf=pdf""> AER </a>",2013-03-05 00:00:00,Veterinarian,United Kingdom,MALE,Dog,Retriever - Golden,"Metacam 15 mg/ml - Oral suspension (horses), Metacam 15 mg/ml - Oral suspension (pigs)","Anaemia NOS, Exocrine pancreatic insufficiency, Leukocytosis NOS, Vomiting, Weight loss",1,1,
GB-DEBIAHP-2012UK00427,"<a target=""_blank""  href=""/xmlpserver/EVVET3 PW NEW/Subject Area Contents/Public Website/Report (PDF)/AER.xdo?_xpf=&_xpt=1&_params%2FOracle%20BI%20EE%3A%3ADefaultApp%3A%3AEVVET3%20PR%20NEW%2FAER%3A%3Adimension%2FAER%20Id%3A%3Aattribute%3A%3Anoaggr%3A%3Axsd%3Adouble=362156&_xt=AER&_xf=pdf""> AER </a>",2013-05-03 00:00:00,Veterinarian,United Kingdom,FEMALE,Dog,Dog (other),Metacam 1.5 mg/ml - Oral suspension (dogs),Elevated renal parameters,1,1,
GB-DEBIAHP-2012UK00428,"<a target=""_blank""  href=""/xmlpserver/EVVET3 PW NEW/Subject Area Contents/Public Website/Report (PDF)/AER.xdo?_xpf=&_xpt=1&_params%2FOracle%20BI%20EE%3A%3ADefaultApp%3A%3AEVVET3%20PR%20NEW%2FAER%3A%3Adimension%2FAER%20Id%3A%3Aattribute%3A%3Anoaggr%3A%3Axsd%3Adouble=362605&_xt=AER&_xf=pdf""> AER </a>",2013-05-10 00:00:00,Animal owner,United Kingdom,MALE,Dog,Crossbred Canine/dog,Metacam 1.5 mg/ml - Oral suspension (dogs),Rash,1,1,
GB-DEBIAHP-2012UK00430,"<a target=""_blank""  href=""/xmlpserver/EVVET3 PW NEW/Subject Area Contents/Public Website/Report (PDF)/AER.xdo?_xpf=&_xpt=1&_params%2FOracle%20BI%20EE%3A%3ADefaultApp%3A%3AEVVET3%20PR%20NEW%2FAER%3A%3Adimension%2FAER%20Id%3A%3Aattribute%3A%3Anoaggr%3A%3Axsd%3Adouble=346103&_xt=AER&_xf=pdf""> AER </a>",2013-01-03 00:00:00,Other health care professional,United Kingdom,FEMALE,Dog,Spaniel - Cocker American,"Metacam 1.5 mg/ml - Oral suspension (dogs), Metacam 5 mg/ml - Solution for injection (cats, dogs), Metacam 5 mg/ml - Solution for injection (cattle, pigs), Metacam 5 mg/ml - Solution for injection (dogs)","Acute renal failure, Anorexia, Lethargy (see also Central nervous system depression in Neurological), Vomiting",1,1,
GB-DEBIAHP-2013UK00003,"<a target=""_blank""  href=""/xmlpserver/EVVET3 PW NEW/Subject Area Contents/Public Website/Report (PDF)/AER.xdo?_xpf=&_xpt=1&_params%2FOracle%20BI%20EE%3A%3ADefaultApp%3A%3AEVVET3%20PR%20NEW%2FAER%3A%3Adimension%2FAER%20Id%3A%3Aattribute%3A%3Anoaggr%3A%3Axsd%3Adouble=348500&_xt=AER&_xf=pdf""> AER </a>",2013-01-18 00:00:00,Other health care professional,United Kingdom,MALE,Dog,Unknown,"Metacam 1.5 mg/ml - Oral suspension (dogs), Metacam 5 mg/ml - Solution for injection (cats, dogs), Metacam 5 mg/ml - Solution for injection (cattle, pigs), Metacam 5 mg/ml - Solution for injection (dogs)","Anorexia, Diarrhoea, Lethargy (see also Central nervous system depression in Neurological), Leukocytosis NOS, Neutrophilia, Pyrexia, Vomiting, Weight loss",1,1,
GB-DEBIAHP-2013UK00004,"<a target=""_blank""  href=""/xmlpserver/EVVET3 PW NEW/Subject Area Contents/Public Website/Report (PDF)/AER.xdo?_xpf=&_xpt=1&_params%2FOracle%20BI%20EE%3A%3ADefaultApp%3A%3AEVVET3%20PR%20NEW%2FAER%3A%3Adimension%2FAER%20Id%3A%3Aattribute%3A%3Anoaggr%3A%3Axsd%3Adouble=348501&_xt=AER&_xf=pdf""> AER </a>",2013-01-18 00:00:00,Other health care professional,United Kingdom,MALE,Dog,Schnauzer - Miniature,"Metacam 1.5 mg/ml - Oral suspension (dogs), Metacam 5 mg/ml - Solution for injection (cats, dogs), Metacam 5 mg/ml - Solution for injection (cattle, pigs), Metacam 5 mg/ml - Solution for injection (dogs)","Abdominal pain, Anaemia NOS, Collapse (see also Cardio-vascular and Systemic disorders), Death by euthanasia, Dehydration, Depression, Diarrhoea, Melaena, Pale mucous membrane, Renal failure, Vomiting",1,1,1
GB-DEBIAHP-2013UK00005,"<a target=""_blank""  href=""/xmlpserver/EVVET3 PW NEW/Subject Area Contents/Public Website/Report (PDF)/AER.xdo?_xpf=&_xpt=1&_params%2FOracle%20BI%20EE%3A%3ADefaultApp%3A%3AEVVET3%20PR%20NEW%2FAER%3A%3Adimension%2FAER%20Id%3A%3Aattribute%3A%3Anoaggr%3A%3Axsd%3Adouble=349574&_xt=AER&_xf=pdf""> AER </a>",2013-01-24 00:00:00,Other health care professional,United Kingdom,UNKNOWN,Dog,Retriever - Labrador,Metacam 1.5 mg/ml - Oral suspension (dogs),"Gastric ulcer, Peritonitis",1,1,
GB-DEBIAHP-2013UK00010,"<a target=""_blank""  href=""/xmlpserver/EVVET3 PW NEW/Subject Area Contents/Public Website/Report (PDF)/AER.xdo?_xpf=&_xpt=1&_params%2FOracle%20BI%20EE%3A%3ADefaultApp%3A%3AEVVET3%20PR%20NEW%2FAER%3A%3Adimension%2FAER%20Id%3A%3Aattribute%3A%3Anoaggr%3A%3Axsd%3Adouble=349577&_xt=AER&_xf=pdf""> AER </a>",2013-01-24 00:00:00,Other health care professional,United Kingdom,FEMALE,Dog,Terrier - Border,"Metacam 1.5 mg/ml - Oral suspension (dogs), Metacam 5 mg/ml - Solution for injection (cats, dogs), Metacam 5 mg/ml - Solution for injection (cattle, pigs), Metacam 5 mg/ml - Solution for injection (dogs)","Anorexia, Elevated renal parameters, Lethargy (see also Central nervous system depression in Neurological), Polydipsia, Polyuria, Renal failure",1,1,
GB-DEBIAHP-2013UK00012,"<a target=""_blank""  href=""/xmlpserver/EVVET3 PW NEW/Subject Area Contents/Public Website/Report (PDF)/AER.xdo?_xpf=&_xpt=1&_params%2FOracle%20BI%20EE%3A%3ADefaultApp%3A%3AEVVET3%20PR%20NEW%2FAER%3A%3Adimension%2FAER%20Id%3A%3Aattribute%3A%3Anoaggr%3A%3Axsd%3Adouble=350807&_xt=AER&_xf=pdf""> AER </a>",2013-01-31 00:00:00,Other health care professional,United Kingdom,FEMALE,Dog,Pug,"Metacam 1.5 mg/ml - Oral suspension (dogs), Metacam 5 mg/ml - Solution for injection (cats, dogs), Metacam 5 mg/ml - Solution for injection (cattle, pigs), Metacam 5 mg/ml - Solution for injection (dogs)","Anorexia, Dehydration, Diarrhoea, Elevated liver enzymes NOS, Elevated renal parameters, Fever, Haemorrhagic diarrhoea, Hypoglycaemia, Hypoproteinaemia, Limb weakness, Musculoskeletal pain, Neutropenia, Recumbency, Respiratory sound, Tachycardia, Tense abdomen, Urinary incontinence, Vomiting, Weakness, Weight loss",1,1,
GB-DEBIAHP-2013UK00016,"<a target=""_blank""  href=""/xmlpserver/EVVET3 PW NEW/Subject Area Contents/Public Website/Report (PDF)/AER.xdo?_xpf=&_xpt=1&_params%2FOracle%20BI%20EE%3A%3ADefaultApp%3A%3AEVVET3%20PR%20NEW%2FAER%3A%3Adimension%2FAER%20Id%3A%3Aattribute%3A%3Anoaggr%3A%3Axsd%3Adouble=350808&_xt=AER&_xf=pdf""> AER </a>",2013-01-31 00:00:00,Other health care professional,United Kingdom,FEMALE,Dog,Retriever - Labrador,"Metacam 1.5 mg/ml - Oral suspension (dogs), Metacam 5 mg/ml - Solution for injection (cats, dogs), Metacam 5 mg/ml - Solution for injection (cattle, pigs), Metacam 5 mg/ml - Solution for injection (dogs)","Abdominal pain, Death by euthanasia, Gastric perforation, General illness, Malaise",1,1,1
GB-DEBIAHP-2013UK00018,"<a target=""_blank""  href=""/xmlpserver/EVVET3 PW NEW/Subject Area Contents/Public Website/Report (PDF)/AER.xdo?_xpf=&_xpt=1&_params%2FOracle%20BI%20EE%3A%3ADefaultApp%3A%3AEVVET3%20PR%20NEW%2FAER%3A%3Adimension%2FAER%20Id%3A%3Aattribute%3A%3Anoaggr%3A%3Axsd%3Adouble=362157&_xt=AER&_xf=pdf""> AER </a>",2013-05-03 00:00:00,Veterinarian,United Kingdom,MALE,Dog,Collie - Border,"ACEPROMAZINE 10%/AGROSEED CANDILIDIS ενέσιμο διάλυμα 10 mg/ml για σκύλο και γάτα, Metacam 1.5 mg/ml - Oral suspension (dogs), Metacam 5 mg/ml - Solution for injection (cats, dogs), Metacam 5 mg/ml - Solution for injection (cattle, pigs), Metacam 5 mg/ml - Solution for injection (dogs), VETERGESIC MULTIDOSE, 0.3MG/ML, SOLUTION FOR INJECTION FOR DOGS AND CATS",Diarrhoea,1,1,
GB-DEBIAHP-2013UK00019,"<a target=""_blank""  href=""/xmlpserver/EVVET3 PW NEW/Subject Area Contents/Public Website/Report (PDF)/AER.xdo?_xpf=&_xpt=1&_params%2FOracle%20BI%20EE%3A%3ADefaultApp%3A%3AEVVET3%20PR%20NEW%2FAER%3A%3Adimension%2FAER%20Id%3A%3Aattribute%3A%3Anoaggr%3A%3Axsd%3Adouble=362158&_xt=AER&_xf=pdf""> AER </a>",2013-05-03 00:00:00,Veterinarian,United Kingdom,FEMALE,Dog,Collie - Border,Metacam 1.5 mg/ml - Oral suspension (dogs),Drinking a lot,1,1,
GB-DEBIAHP-2013UK00024,"<a target=""_blank""  href=""/xmlpserver/EVVET3 PW NEW/Subject Area Contents/Public Website/Report (PDF)/AER.xdo?_xpf=&_xpt=1&_params%2FOracle%20BI%20EE%3A%3ADefaultApp%3A%3AEVVET3%20PR%20NEW%2FAER%3A%3Adimension%2FAER%20Id%3A%3Aattribute%3A%3Anoaggr%3A%3Axsd%3Adouble=351837&_xt=AER&_xf=pdf""> AER </a>",2013-02-07 00:00:00,Other health care professional,United Kingdom,MALE,Dog,Weimaraner,Metacam 1.5 mg/ml - Oral suspension (dogs),"Abdominal pain, Circulatory shock, Collapse (see also Cardio-vascular and Systemic disorders), Death by euthanasia, Haemorrhagic diarrhoea, Vomiting, Weakness",1,1,1
GB-DEBIAHP-2013UK00036,"<a target=""_blank""  href=""/xmlpserver/EVVET3 PW NEW/Subject Area Contents/Public Website/Report (PDF)/AER.xdo?_xpf=&_xpt=1&_params%2FOracle%20BI%20EE%3A%3ADefaultApp%3A%3AEVVET3%20PR%20NEW%2FAER%3A%3Adimension%2FAER%20Id%3A%3Aattribute%3A%3Anoaggr%3A%3Axsd%3Adouble=362160&_xt=AER&_xf=pdf""> AER </a>",2013-05-03 00:00:00,Veterinarian,United Kingdom,FEMALE,Dog,Doberman Pinscher,Metacam 1.5 mg/ml - Oral suspension (dogs),Elevated liver enzymes NOS,1,1,
GB-DEBIAHP-2013UK00041,"<a target=""_blank""  href=""/xmlpserver/EVVET3 PW NEW/Subject Area Contents/Public Website/Report (PDF)/AER.xdo?_xpf=&_xpt=1&_params%2FOracle%20BI%20EE%3A%3ADefaultApp%3A%3AEVVET3%20PR%20NEW%2FAER%3A%3Adimension%2FAER%20Id%3A%3Aattribute%3A%3Anoaggr%3A%3Axsd%3Adouble=355603&_xt=AER&_xf=pdf""> AER </a>",2013-03-04 00:00:00,Other health care professional,United Kingdom,MALE,Dog,Terrier - Cairn,Metacam 1.5 mg/ml - Oral suspension (dogs),Unexplained death,1,1,1
GB-DEBIAHP-2013UK00063,"<a target=""_blank""  href=""/xmlpserver/EVVET3 PW NEW/Subject Area Contents/Public Website/Report (PDF)/AER.xdo?_xpf=&_xpt=1&_params%2FOracle%20BI%20EE%3A%3ADefaultApp%3A%3AEVVET3%20PR%20NEW%2FAER%3A%3Adimension%2FAER%20Id%3A%3Aattribute%3A%3Anoaggr%3A%3Axsd%3Adouble=356631&_xt=AER&_xf=pdf""> AER </a>",2013-03-11 00:00:00,Other health care professional,United Kingdom,MALE,Dog,Spaniel - Cocker American,"Metacam 5 mg/ml - Solution for injection (cats, dogs), Metacam 5 mg/ml - Solution for injection (cattle, pigs), Metacam 5 mg/ml - Solution for injection (dogs)","Acute renal failure, Anorexia, Anuria, Death by euthanasia, Icterus, Jaundice, Lethargy (see also Central nervous system depression in Neurological), Skin necrosis, Vomiting",1,1,1
GB-DEBIAHP-2013UK00070,"<a target=""_blank""  href=""/xmlpserver/EVVET3 PW NEW/Subject Area Contents/Public Website/Report (PDF)/AER.xdo?_xpf=&_xpt=1&_params%2FOracle%20BI%20EE%3A%3ADefaultApp%3A%3AEVVET3%20PR%20NEW%2FAER%3A%3Adimension%2FAER%20Id%3A%3Aattribute%3A%3Anoaggr%3A%3Axsd%3Adouble=357220&_xt=AER&_xf=pdf""> AER </a>",2013-03-14 00:00:00,Other health care professional,United Kingdom,MALE,Dog,Retriever - Labrador,Metacam 1.5 mg/ml - Oral suspension (dogs),Deafness NOS,1,1,
GB-DEBIAHP-2013UK00072,"<a target=""_blank""  href=""/xmlpserver/EVVET3 PW NEW/Subject Area Contents/Public Website/Report (PDF)/AER.xdo?_xpf=&_xpt=1&_params%2FOracle%20BI%20EE%3A%3ADefaultApp%3A%3AEVVET3%20PR%20NEW%2FAER%3A%3Adimension%2FAER%20Id%3A%3Aattribute%3A%3Anoaggr%3A%3Axsd%3Adouble=362159&_xt=AER&_xf=pdf""> AER </a>",2013-05-03 00:00:00,Veterinarian,United Kingdom,MALE,Dog,Crossbred Canine/dog,"Metacam 1.5 mg/ml - Oral suspension (dogs), Metacam 5 mg/ml - Solution for injection (cats, dogs), Metacam 5 mg/ml - Solution for injection (cattle, pigs), Metacam 5 mg/ml - Solution for injection (dogs)","Diarrhoea, Lethargy (see also Central nervous system depression in Neurological), Vomiting",1,1,
GB-DEBIAHP-2013UK00076,"<a target=""_blank""  href=""/xmlpserver/EVVET3 PW NEW/Subject Area Contents/Public Website/Report (PDF)/AER.xdo?_xpf=&_xpt=1&_params%2FOracle%20BI%20EE%3A%3ADefaultApp%3A%3AEVVET3%20PR%20NEW%2FAER%3A%3Adimension%2FAER%20Id%3A%3Aattribute%3A%3Anoaggr%3A%3Axsd%3Adouble=357219&_xt=AER&_xf=pdf""> AER </a>",2013-03-14 00:00:00,Other health care professional,United Kingdom,MALE,Dog,Terrier - Jack Russell,Metacam 1.5 mg/ml - Oral suspension (dogs),"Anaemia NOS, Elevated alanine aminotransferase (ALT), Elevated renal parameters, Neutrophilia, Pancreatitis NOS, Vomiting",1,1,
GB-DEBIAHP-2013UK00081,"<a target=""_blank""  href=""/xmlpserver/EVVET3 PW NEW/Subject Area Contents/Public Website/Report (PDF)/AER.xdo?_xpf=&_xpt=1&_params%2FOracle%20BI%20EE%3A%3ADefaultApp%3A%3AEVVET3%20PR%20NEW%2FAER%3A%3Adimension%2FAER%20Id%3A%3Aattribute%3A%3Anoaggr%3A%3Axsd%3Adouble=357976&_xt=AER&_xf=pdf""> AER </a>",2013-03-20 00:00:00,Other health care professional,United Kingdom,MALE,Dog,Bichon Frise,"Metacam 1.5 mg/ml - Oral suspension (dogs), Metacam 5 mg/ml - Solution for injection (cats, dogs), Metacam 5 mg/ml - Solution for injection (cattle, pigs), Metacam 5 mg/ml - Solution for injection (dogs)","Death by euthanasia, Elevated renal parameters, Gastritis, Haemorrhagic diarrhoea, Interstitial nephritis, Vomiting",1,1,1
GB-DEBIAHP-2013UK00100,"<a target=""_blank""  href=""/xmlpserver/EVVET3 PW NEW/Subject Area Contents/Public Website/Report (PDF)/AER.xdo?_xpf=&_xpt=1&_params%2FOracle%20BI%20EE%3A%3ADefaultApp%3A%3AEVVET3%20PR%20NEW%2FAER%3A%3Adimension%2FAER%20Id%3A%3Aattribute%3A%3Anoaggr%3A%3Axsd%3Adouble=360319&_xt=AER&_xf=pdf""> AER </a>",2013-04-18 00:00:00,Other health care professional,United Kingdom,MALE,Dog,Retriever - Labrador,Metacam 1.5 mg/ml - Oral suspension (dogs),"Anaemia NOS, Collapse NOS (see also Cardio-vascular and Neurological disorders), Facial oedema, Haemorrhagic diarrhoea",1,1,
GB-DEBIAHP-2013UK00109,"<a target=""_blank""  href=""/xmlpserver/EVVET3 PW NEW/Subject Area Contents/Public Website/Report (PDF)/AER.xdo?_xpf=&_xpt=1&_params%2FOracle%20BI%20EE%3A%3ADefaultApp%3A%3AEVVET3%20PR%20NEW%2FAER%3A%3Adimension%2FAER%20Id%3A%3Aattribute%3A%3Anoaggr%3A%3Axsd%3Adouble=360320&_xt=AER&_xf=pdf""> AER </a>",2013-04-18 00:00:00,Other health care professional,United Kingdom,FEMALE,Dog,Shih Tzu,Metacam 1.5 mg/ml - Oral suspension (dogs),"Anorexia, Apathy, Behavioural disorder NOS, Breathing difficulty, Death",1,1,1
GB-DEBIAHP-2013UK00116,"<a target=""_blank""  href=""/xmlpserver/EVVET3 PW NEW/Subject Area Contents/Public Website/Report (PDF)/AER.xdo?_xpf=&_xpt=1&_params%2FOracle%20BI%20EE%3A%3ADefaultApp%3A%3AEVVET3%20PR%20NEW%2FAER%3A%3Adimension%2FAER%20Id%3A%3Aattribute%3A%3Anoaggr%3A%3Axsd%3Adouble=362165&_xt=AER&_xf=pdf""> AER </a>",2013-05-03 00:00:00,Other health care professional,United Kingdom,FEMALE,Dog,Terrier - West Highland White,Metacam 1.5 mg/ml - Oral suspension (dogs),"Circulatory collapse (see also Neurological and Systemic disorders), Death by euthanasia, Elevated liver enzymes NOS, Elevated renal parameters, Haemorrhagic diarrhoea, Hyperkalaemia, Hypoglycaemia, Seizure NOS",1,1,1
GB-DEBIAHP-2013UK00124,"<a target=""_blank""  href=""/xmlpserver/EVVET3 PW NEW/Subject Area Contents/Public Website/Report (PDF)/AER.xdo?_xpf=&_xpt=1&_params%2FOracle%20BI%20EE%3A%3ADefaultApp%3A%3AEVVET3%20PR%20NEW%2FAER%3A%3Adimension%2FAER%20Id%3A%3Aattribute%3A%3Anoaggr%3A%3Axsd%3Adouble=362670&_xt=AER&_xf=pdf""> AER </a>",2013-05-13 00:00:00,Other health care professional,United Kingdom,FEMALE,Dog,Terrier - Bull - Staffordshire,Metacam 1.5 mg/ml - Oral suspension (dogs),"Neutropenia, Skin and/or appendage neoplasm NOS",1,1,
GB-DEBIAHP-2013UK00126,"<a target=""_blank""  href=""/xmlpserver/EVVET3 PW NEW/Subject Area Contents/Public Website/Report (PDF)/AER.xdo?_xpf=&_xpt=1&_params%2FOracle%20BI%20EE%3A%3ADefaultApp%3A%3AEVVET3%20PR%20NEW%2FAER%3A%3Adimension%2FAER%20Id%3A%3Aattribute%3A%3Anoaggr%3A%3Axsd%3Adouble=378218&_xt=AER&_xf=pdf""> AER </a>",2013-11-08 00:00:00,Other health care professional,United Kingdom,MALE,Dog,Retriever - Labrador,"Antisedan 5 mg/ml solution for injection, Domitor 1 mg/ml solution for injection, Domitor 1 mg/ml soluzione iniettabile per cani e gatti, Metacam 1.5 mg/ml - Oral suspension (dogs), Metacam 5 mg/ml - Solution for injection (cats, dogs), Metacam 5 mg/ml - Solution for injection (cattle, pigs), Metacam 5 mg/ml - Solution for injection (dogs), Torbugesic 10 mg/ml Solution for Injection","Collapse (see also Cardio-vascular and Systemic disorders), Congested mucous membrane, Dehydration, Elevated temperature, General pain (see other SOCs for specific pain), Haemorrhagic diarrhoea, Melaena",1,1,
GB-DEBIAHP-2013UK00127,"<a target=""_blank""  href=""/xmlpserver/EVVET3 PW NEW/Subject Area Contents/Public Website/Report (PDF)/AER.xdo?_xpf=&_xpt=1&_params%2FOracle%20BI%20EE%3A%3ADefaultApp%3A%3AEVVET3%20PR%20NEW%2FAER%3A%3Adimension%2FAER%20Id%3A%3Aattribute%3A%3Anoaggr%3A%3Axsd%3Adouble=362169&_xt=AER&_xf=pdf""> AER </a>",2013-05-03 00:00:00,Other health care professional,United Kingdom,MALE,Dog,Unknown,Metacam 1.5 mg/ml - Oral suspension (dogs),"Diarrhoea, Tarry or black stool (see also haemorrhagic diarrhoea), Vomiting",1,1,
GB-DEBIAHP-2013UK00129,"<a target=""_blank""  href=""/xmlpserver/EVVET3 PW NEW/Subject Area Contents/Public Website/Report (PDF)/AER.xdo?_xpf=&_xpt=1&_params%2FOracle%20BI%20EE%3A%3ADefaultApp%3A%3AEVVET3%20PR%20NEW%2FAER%3A%3Adimension%2FAER%20Id%3A%3Aattribute%3A%3Anoaggr%3A%3Axsd%3Adouble=362226&_xt=AER&_xf=pdf""> AER </a>",2013-05-03 00:00:00,Other health care professional,United Kingdom,MALE,Dog,Schnauzer - Miniature,"Metacam 1.5 mg/ml - Oral suspension (dogs), Metacam 5 mg/ml - Solution for injection (cats, dogs), Metacam 5 mg/ml - Solution for injection (cattle, pigs), Metacam 5 mg/ml - Solution for injection (dogs)","Haemorrhagic gastroenteritis, Vomiting",1,1,
GB-DEBIAHP-2013UK00195,"<a target=""_blank""  href=""/xmlpserver/EVVET3 PW NEW/Subject Area Contents/Public Website/Report (PDF)/AER.xdo?_xpf=&_xpt=1&_params%2FOracle%20BI%20EE%3A%3ADefaultApp%3A%3AEVVET3%20PR%20NEW%2FAER%3A%3Adimension%2FAER%20Id%3A%3Aattribute%3A%3Anoaggr%3A%3Axsd%3Adouble=363347&_xt=AER&_xf=pdf""> AER </a>",2013-05-21 00:00:00,Other health care professional,United Kingdom,FEMALE,Dog,Retriever - Golden,Metacam 1.5 mg/ml - Oral suspension (dogs),"Chronic renal failure, Elevated renal parameters, Non-regenerative anaemia",1,1,
GB-DEBIAHP-2013UK00212,"<a target=""_blank""  href=""/xmlpserver/EVVET3 PW NEW/Subject Area Contents/Public Website/Report (PDF)/AER.xdo?_xpf=&_xpt=1&_params%2FOracle%20BI%20EE%3A%3ADefaultApp%3A%3AEVVET3%20PR%20NEW%2FAER%3A%3Adimension%2FAER%20Id%3A%3Aattribute%3A%3Anoaggr%3A%3Axsd%3Adouble=364741&_xt=AER&_xf=pdf""> AER </a>",2013-06-05 00:00:00,Other health care professional,United Kingdom,FEMALE,Dog,Retriever - Labrador,"Metacam 1.5 mg/ml - Oral suspension (dogs), Metacam 5 mg/ml - Solution for injection (cats, dogs), Metacam 5 mg/ml - Solution for injection (cattle, pigs), Metacam 5 mg/ml - Solution for injection (dogs), SevoFlo 100%  - Inhalation vapour, liquid","Acute renal failure, Anorexia, Death, Diarrhoea, Gastroenteritis, Vomiting",1,1,1
GB-DEBIAHP-2013UK00240,"<a target=""_blank""  href=""/xmlpserver/EVVET3 PW NEW/Subject Area Contents/Public Website/Report (PDF)/AER.xdo?_xpf=&_xpt=1&_params%2FOracle%20BI%20EE%3A%3ADefaultApp%3A%3AEVVET3%20PR%20NEW%2FAER%3A%3Adimension%2FAER%20Id%3A%3Aattribute%3A%3Anoaggr%3A%3Axsd%3Adouble=365372&_xt=AER&_xf=pdf""> AER </a>",2013-06-12 00:00:00,Other health care professional,United Kingdom,MALE,Dog,Retriever - Labrador,Metacam 1.5 mg/ml - Oral suspension (dogs),"Abdominal pain, Anaemia NOS, Anorexia, Lethargy (see also Central nervous system depression in Neurological), Melaena, Vomiting",1,1,
GB-DEBIAHP-2013UK00241,"<a target=""_blank""  href=""/xmlpserver/EVVET3 PW NEW/Subject Area Contents/Public Website/Report (PDF)/AER.xdo?_xpf=&_xpt=1&_params%2FOracle%20BI%20EE%3A%3ADefaultApp%3A%3AEVVET3%20PR%20NEW%2FAER%3A%3Adimension%2FAER%20Id%3A%3Aattribute%3A%3Anoaggr%3A%3Axsd%3Adouble=371380&_xt=AER&_xf=pdf""> AER </a>",2013-08-22 00:00:00,Other health care professional,United Kingdom,FEMALE,Dog,Spaniel - King Charles Cavalier,"Metacam 1.5 mg/ml - Oral suspension (dogs), NOBIVAC DHPPI ΚΟΝΙΣ ΚΑΙ ΔΙΑΛΥΤΗΣ ΓΙΑ ΕΝΕΣΙΜΟ ΕΝΑΙΩΡΗΜΑ, NOBIVAC DHPPi, NOBIVAC DHPPi LIOFILIZADO Y DISOLVENTE PARA SUSPENSION INYECTABLE PARA PERROS, NOBIVAC DHPPi, liofilizat i otapalo za suspenziju za injekciju, za pse, NOBIVAC DHPPi, liofilizatas ir skiediklis injekcinei suspensijai ruošti šunims, Nobivac DHPPI  Lyofilisaat voor suspensie voor injectie, Nobivac DHPPi, Nobivac DHPPi Liofilizat i rozpuszczalnik do sporządzania zawiesiny do wstrzykiwań, Nobivac DHPPi Vet. lyofilisat og solvens til injektionsvæske, suspension, Nobivac DHPPi Vet. lyophilisate and solvent for suspension for injection for dogs, Nobivac DHPPi liofilizado e solvente para suspensão injetável para cães, Nobivac DHPPi liofilizāts un šķīdinātājs suspensijas injekcijām pagatavošanai suņiem, Nobivac DHPPi lyofilizát a rozpúšťadlo na injekčnú suspenziu pre psy, Nobivac DHPPi lyophilisat et solvant pour suspension injectable, Nobivac DHPPi vakcina A.U.V., Nobivac DHPPi vet.   Pulver och vätska till injektionsvätska, suspension, Nobivac DHPPi vet. injektiokuiva-aine ja liuotin, suspensiota varten, Nobivac DHPPi vet. lyofilisat og væske til injekssjonsvæske, suspensjon til hund, Nobivac DHPPi vet., Pulver och vätska till injektionsvätska, suspension, Nobivac DHPPi, Lyofilizát pro injekční suspenzi, Nobivac DHPPi, liofilizatas ir skiediklis injekcinei suspensijai ruošti šunims, Nobivac DHPPi, lyofilisaat en suspendeervloeistof voor suspensie voor injectie voor honden, Nobivac DHPPi, süstesuspensiooni lüofilisaat ja lahusti koertele, Nobivac Lepto 2 Suspension for Injection for Dogs","Death, Fit, Haemorrhagic gastroenteritis, Large intestine ulcer, Lethargy (see also Central nervous system depression in Neurological), Trembling, Ulceration NOS, Vomiting",1,1,1
GB-DEBIAHP-2013UK00243,"<a target=""_blank""  href=""/xmlpserver/EVVET3 PW NEW/Subject Area Contents/Public Website/Report (PDF)/AER.xdo?_xpf=&_xpt=1&_params%2FOracle%20BI%20EE%3A%3ADefaultApp%3A%3AEVVET3%20PR%20NEW%2FAER%3A%3Adimension%2FAER%20Id%3A%3Aattribute%3A%3Anoaggr%3A%3Axsd%3Adouble=365408&_xt=AER&_xf=pdf""> AER </a>",2013-06-12 00:00:00,Other health care professional,United Kingdom,FEMALE,Dog,Shepherd Dog - German,"Metacam 1.5 mg/ml - Oral suspension (dogs), Metacam 5 mg/ml - Solution for injection (cats, dogs), Metacam 5 mg/ml - Solution for injection (cattle, pigs), Metacam 5 mg/ml - Solution for injection (dogs)","Acute renal failure, Anorexia, Diarrhoea, Elevated renal parameters, Haemorrhagic diarrhoea, Hyperphosphataemia, Lethargy (see also Central nervous system depression in Neurological)",1,1,
GB-DEBIAHP-2013UK00245,"<a target=""_blank""  href=""/xmlpserver/EVVET3 PW NEW/Subject Area Contents/Public Website/Report (PDF)/AER.xdo?_xpf=&_xpt=1&_params%2FOracle%20BI%20EE%3A%3ADefaultApp%3A%3AEVVET3%20PR%20NEW%2FAER%3A%3Adimension%2FAER%20Id%3A%3Aattribute%3A%3Anoaggr%3A%3Axsd%3Adouble=365407&_xt=AER&_xf=pdf""> AER </a>",2013-06-12 00:00:00,Veterinarian,United Kingdom,FEMALE,Dog,Spaniel - King Charles Cavalier,"Metacam 1.5 mg/ml - Oral suspension (dogs), Metacam 5 mg/ml - Solution for injection (cats, dogs), Metacam 5 mg/ml - Solution for injection (cattle, pigs), Metacam 5 mg/ml - Solution for injection (dogs)","Anorexia, Diarrhoea, Haemorrhagic diarrhoea, Lethargy (see also Central nervous system depression in Neurological), Vomiting",1,1,
GB-DEBIAHP-2013UK00256,"<a target=""_blank""  href=""/xmlpserver/EVVET3 PW NEW/Subject Area Contents/Public Website/Report (PDF)/AER.xdo?_xpf=&_xpt=1&_params%2FOracle%20BI%20EE%3A%3ADefaultApp%3A%3AEVVET3%20PR%20NEW%2FAER%3A%3Adimension%2FAER%20Id%3A%3Aattribute%3A%3Anoaggr%3A%3Axsd%3Adouble=367513&_xt=AER&_xf=pdf""> AER </a>",2013-07-10 00:00:00,Other health care professional,United Kingdom,MALE,Dog,Retriever - Labrador,"Metacam 1.5 mg/ml - Oral suspension (dogs), Metacam 5 mg/ml - Solution for injection (cats, dogs), Metacam 5 mg/ml - Solution for injection (cattle, pigs), Metacam 5 mg/ml - Solution for injection (dogs)","Bloody diarrhoea, Decreased activity, Elevated temperature, Haemorrhagic gastroenteritis, Oral ulceration, Vomiting",1,1,
GB-DEBIAHP-2013UK00258,"<a target=""_blank""  href=""/xmlpserver/EVVET3 PW NEW/Subject Area Contents/Public Website/Report (PDF)/AER.xdo?_xpf=&_xpt=1&_params%2FOracle%20BI%20EE%3A%3ADefaultApp%3A%3AEVVET3%20PR%20NEW%2FAER%3A%3Adimension%2FAER%20Id%3A%3Aattribute%3A%3Anoaggr%3A%3Axsd%3Adouble=368611&_xt=AER&_xf=pdf""> AER </a>",2013-07-23 00:00:00,Other health care professional,United Kingdom,MALE,Dog,Dog (other),Metacam 1.5 mg/ml - Oral suspension (dogs),"Anorexia, Death by euthanasia, Elevated renal parameters, Hypercalcaemia, Hyperphosphataemia, Lethargy (see also Central nervous system depression in Neurological), Off colour, Polydipsia, Weight loss",1,1,1
GB-DEBIAHP-2013UK00263,"<a target=""_blank""  href=""/xmlpserver/EVVET3 PW NEW/Subject Area Contents/Public Website/Report (PDF)/AER.xdo?_xpf=&_xpt=1&_params%2FOracle%20BI%20EE%3A%3ADefaultApp%3A%3AEVVET3%20PR%20NEW%2FAER%3A%3Adimension%2FAER%20Id%3A%3Aattribute%3A%3Anoaggr%3A%3Axsd%3Adouble=371195&_xt=AER&_xf=pdf""> AER </a>",2013-08-21 00:00:00,Other health care professional,United Kingdom,FEMALE,Dog,Collie - Border,"Metacam 1.5 mg/ml - Oral suspension (dogs), Pexion 400 mg  - Tablet","Death by euthanasia, Hind limb ataxia, Proprioception loss",1,1,1
GB-DEBIAHP-2013UK00278,"<a target=""_blank""  href=""/xmlpserver/EVVET3 PW NEW/Subject Area Contents/Public Website/Report (PDF)/AER.xdo?_xpf=&_xpt=1&_params%2FOracle%20BI%20EE%3A%3ADefaultApp%3A%3AEVVET3%20PR%20NEW%2FAER%3A%3Adimension%2FAER%20Id%3A%3Aattribute%3A%3Anoaggr%3A%3Axsd%3Adouble=368612&_xt=AER&_xf=pdf""> AER </a>",2013-07-23 00:00:00,Other health care professional,United Kingdom,MALE,Dog,Retriever - Labrador,Metacam 1.5 mg/ml - Oral suspension (dogs),Deafness,1,1,
GB-DEBIAHP-2013UK00279,"<a target=""_blank""  href=""/xmlpserver/EVVET3 PW NEW/Subject Area Contents/Public Website/Report (PDF)/AER.xdo?_xpf=&_xpt=1&_params%2FOracle%20BI%20EE%3A%3ADefaultApp%3A%3AEVVET3%20PR%20NEW%2FAER%3A%3Adimension%2FAER%20Id%3A%3Aattribute%3A%3Anoaggr%3A%3Axsd%3Adouble=368613&_xt=AER&_xf=pdf""> AER </a>",2013-07-23 00:00:00,Other health care professional,United Kingdom,FEMALE,Dog,Collie - Border,Metacam 1.5 mg/ml - Oral suspension (dogs),Epileptic seizure,1,1,
GB-DEBIAHP-2013UK00304,"<a target=""_blank""  href=""/xmlpserver/EVVET3 PW NEW/Subject Area Contents/Public Website/Report (PDF)/AER.xdo?_xpf=&_xpt=1&_params%2FOracle%20BI%20EE%3A%3ADefaultApp%3A%3AEVVET3%20PR%20NEW%2FAER%3A%3Adimension%2FAER%20Id%3A%3Aattribute%3A%3Anoaggr%3A%3Axsd%3Adouble=370461&_xt=AER&_xf=pdf""> AER </a>",2013-08-14 00:00:00,Other health care professional,United Kingdom,MALE,Dog,Schnauzer - Miniature,"Metacam 1 mg - Chewable tablet (dogs), Metacam 5 mg/ml - Solution for injection (cats, dogs), Metacam 5 mg/ml - Solution for injection (cattle, pigs), Metacam 5 mg/ml - Solution for injection (dogs)","Haemorrhagic diarrhoea, Lethargy (see also Central nervous system depression in Neurological), Vomiting",1,1,
GB-DEBIAHP-2013UK00307,"<a target=""_blank""  href=""/xmlpserver/EVVET3 PW NEW/Subject Area Contents/Public Website/Report (PDF)/AER.xdo?_xpf=&_xpt=1&_params%2FOracle%20BI%20EE%3A%3ADefaultApp%3A%3AEVVET3%20PR%20NEW%2FAER%3A%3Adimension%2FAER%20Id%3A%3Aattribute%3A%3Anoaggr%3A%3Axsd%3Adouble=369646&_xt=AER&_xf=pdf""> AER </a>",2013-08-05 00:00:00,Other health care professional,United Kingdom,MALE,Dog,Shepherd Dog - German,"Metacam 1.5 mg/ml - Oral suspension (dogs), Metacam 5 mg/ml - Solution for injection (cats, dogs), Metacam 5 mg/ml - Solution for injection (cattle, pigs), Metacam 5 mg/ml - Solution for injection (dogs)","Anaemia NOS, Ecchymosis, Elevated temperature, Lethargy (see also Central nervous system depression in Neurological), Low platelet count, Neutrophilia",1,1,
GB-DEBIAHP-2013UK00311,"<a target=""_blank""  href=""/xmlpserver/EVVET3 PW NEW/Subject Area Contents/Public Website/Report (PDF)/AER.xdo?_xpf=&_xpt=1&_params%2FOracle%20BI%20EE%3A%3ADefaultApp%3A%3AEVVET3%20PR%20NEW%2FAER%3A%3Adimension%2FAER%20Id%3A%3Aattribute%3A%3Anoaggr%3A%3Axsd%3Adouble=380020&_xt=AER&_xf=pdf""> AER </a>",2013-11-25 00:00:00,Other health care professional,United Kingdom,MALE,Dog,Spaniel - Springer English,"Metacam 1.5 mg/ml - Oral suspension (dogs), Pexion 400 mg  - Tablet","Apathy, Ataxia, Lethargy (see also Central nervous system depression in Neurological)",1,1,
GB-DEBIAHP-2013UK00314,"<a target=""_blank""  href=""/xmlpserver/EVVET3 PW NEW/Subject Area Contents/Public Website/Report (PDF)/AER.xdo?_xpf=&_xpt=1&_params%2FOracle%20BI%20EE%3A%3ADefaultApp%3A%3AEVVET3%20PR%20NEW%2FAER%3A%3Adimension%2FAER%20Id%3A%3Aattribute%3A%3Anoaggr%3A%3Axsd%3Adouble=370457&_xt=AER&_xf=pdf""> AER </a>",2013-08-14 00:00:00,Other health care professional,United Kingdom,FEMALE,Dog,Hound - Basset,Metacam 1.5 mg/ml - Oral suspension (dogs),"Death by euthanasia, Decreased appetite, Diarrhoea, Elevated renal parameters, Localised oedema (not application site), Tooth disorder, Vomiting",1,1,1
GB-DEBIAHP-2013UK00324,"<a target=""_blank""  href=""/xmlpserver/EVVET3 PW NEW/Subject Area Contents/Public Website/Report (PDF)/AER.xdo?_xpf=&_xpt=1&_params%2FOracle%20BI%20EE%3A%3ADefaultApp%3A%3AEVVET3%20PR%20NEW%2FAER%3A%3Adimension%2FAER%20Id%3A%3Aattribute%3A%3Anoaggr%3A%3Axsd%3Adouble=370460&_xt=AER&_xf=pdf""> AER </a>",2013-08-14 00:00:00,Other health care professional,United Kingdom,FEMALE,Dog,Collie - Border,"Metacam 1.5 mg/ml - Oral suspension (dogs), Metacam 5 mg/ml - Solution for injection (cats, dogs), Metacam 5 mg/ml - Solution for injection (cattle, pigs), Metacam 5 mg/ml - Solution for injection (dogs)","Blood in faeces, Haemorrhagic diarrhoea, Vomiting",1,1,
GB-DEBIAHP-2013UK00347,"<a target=""_blank""  href=""/xmlpserver/EVVET3 PW NEW/Subject Area Contents/Public Website/Report (PDF)/AER.xdo?_xpf=&_xpt=1&_params%2FOracle%20BI%20EE%3A%3ADefaultApp%3A%3AEVVET3%20PR%20NEW%2FAER%3A%3Adimension%2FAER%20Id%3A%3Aattribute%3A%3Anoaggr%3A%3Axsd%3Adouble=371177&_xt=AER&_xf=pdf""> AER </a>",2013-08-21 00:00:00,Other health care professional,United Kingdom,FEMALE,Dog,Dog (other),Metacam 1.5 mg/ml - Oral suspension (dogs),Milk production decrease,1,1,
GB-DEBIAHP-2013UK00359,"<a target=""_blank""  href=""/xmlpserver/EVVET3 PW NEW/Subject Area Contents/Public Website/Report (PDF)/AER.xdo?_xpf=&_xpt=1&_params%2FOracle%20BI%20EE%3A%3ADefaultApp%3A%3AEVVET3%20PR%20NEW%2FAER%3A%3Adimension%2FAER%20Id%3A%3Aattribute%3A%3Anoaggr%3A%3Axsd%3Adouble=375259&_xt=AER&_xf=pdf""> AER </a>",2013-10-08 00:00:00,Other health care professional,United Kingdom,MALE,Dog,Dog (other),"CLAVASEPTIN 500MG PALATABLE TABLETS FOR DOGS, CLAVASEPTIN P 250 MG TABLETS FOR DOGS, Metacam 1.5 mg/ml - Oral suspension (dogs)","Collapse (see also Cardio-vascular and Systemic disorders), Death, Foam in the nose, Respiratory distress",1,1,1
GB-DEBIAHP-2013UK00409,"<a target=""_blank""  href=""/xmlpserver/EVVET3 PW NEW/Subject Area Contents/Public Website/Report (PDF)/AER.xdo?_xpf=&_xpt=1&_params%2FOracle%20BI%20EE%3A%3ADefaultApp%3A%3AEVVET3%20PR%20NEW%2FAER%3A%3Adimension%2FAER%20Id%3A%3Aattribute%3A%3Anoaggr%3A%3Axsd%3Adouble=375258&_xt=AER&_xf=pdf""> AER </a>",2013-10-08 00:00:00,Other health care professional,United Kingdom,FEMALE,Dog,Crossbred Canine/dog,Metacam 1.5 mg/ml - Oral suspension (dogs),Tonic-clonic seizure,1,1,
GB-DEBIAHP-2013UK00420,"<a target=""_blank""  href=""/xmlpserver/EVVET3 PW NEW/Subject Area Contents/Public Website/Report (PDF)/AER.xdo?_xpf=&_xpt=1&_params%2FOracle%20BI%20EE%3A%3ADefaultApp%3A%3AEVVET3%20PR%20NEW%2FAER%3A%3Adimension%2FAER%20Id%3A%3Aattribute%3A%3Anoaggr%3A%3Axsd%3Adouble=377406&_xt=AER&_xf=pdf""> AER </a>",2013-10-30 00:00:00,Other health care professional,United Kingdom,MALE,Dog,Dog (other),"Aludex 50 g/l Concentrate for cutaneous solution, Metacam 5 mg/ml - Solution for injection (cats, dogs), Metacam 5 mg/ml - Solution for injection (cattle, pigs), Metacam 5 mg/ml - Solution for injection (dogs)","Anaphylaxis, Ataxia, Circulatory collapse (see also Neurological and Systemic disorders), Inappropriate defecation, Pale mucous membrane, Syncope, Vomiting",1,1,
GB-DEBIAHP-2013UK00454,"<a target=""_blank""  href=""/xmlpserver/EVVET3 PW NEW/Subject Area Contents/Public Website/Report (PDF)/AER.xdo?_xpf=&_xpt=1&_params%2FOracle%20BI%20EE%3A%3ADefaultApp%3A%3AEVVET3%20PR%20NEW%2FAER%3A%3Adimension%2FAER%20Id%3A%3Aattribute%3A%3Anoaggr%3A%3Axsd%3Adouble=377041&_xt=AER&_xf=pdf""> AER </a>",2013-10-28 00:00:00,Other health care professional,United Kingdom,MALE,Dog,Pointing Dog - Hungarian Wire-haired (Vizsla),"Metacam 1.5 mg/ml - Oral suspension (dogs), Metacam 5 mg/ml - Solution for injection (cats, dogs), Metacam 5 mg/ml - Solution for injection (cattle, pigs), Metacam 5 mg/ml - Solution for injection (dogs)",Haematemesis,1,1,
GB-DEBIAHP-2013UK00484,"<a target=""_blank""  href=""/xmlpserver/EVVET3 PW NEW/Subject Area Contents/Public Website/Report (PDF)/AER.xdo?_xpf=&_xpt=1&_params%2FOracle%20BI%20EE%3A%3ADefaultApp%3A%3AEVVET3%20PR%20NEW%2FAER%3A%3Adimension%2FAER%20Id%3A%3Aattribute%3A%3Anoaggr%3A%3Axsd%3Adouble=378193&_xt=AER&_xf=pdf""> AER </a>",2013-11-08 00:00:00,Other health care professional,United Kingdom,MALE,Dog,Collie - Border,"Metacam 1.5 mg/ml - Oral suspension (dogs), Pexion 400 mg  - Tablet","Epileptic seizure, Lack of efficacy - NOS",1,1,
GB-DEBIAHP-2013UK00537,"<a target=""_blank""  href=""/xmlpserver/EVVET3 PW NEW/Subject Area Contents/Public Website/Report (PDF)/AER.xdo?_xpf=&_xpt=1&_params%2FOracle%20BI%20EE%3A%3ADefaultApp%3A%3AEVVET3%20PR%20NEW%2FAER%3A%3Adimension%2FAER%20Id%3A%3Aattribute%3A%3Anoaggr%3A%3Axsd%3Adouble=380568&_xt=AER&_xf=pdf""> AER </a>",2013-11-28 00:00:00,Other health care professional,United Kingdom,MALE,Dog,Retriever - Labrador,"Metacam 5 mg/ml - Solution for injection (cats, dogs), Metacam 5 mg/ml - Solution for injection (cattle, pigs), Metacam 5 mg/ml - Solution for injection (dogs), Vetmedin 0,75 mg/ml Injektionslösung für Hunde, Vetmedin 5 mg capsule per cani, Vetmedin 5mg","Cardiac disorder NOS, Death, Diarrhoea, Dyspnoea, Emesis",1,1,1
GB-DEBIAHP-2013UK00569,"<a target=""_blank""  href=""/xmlpserver/EVVET3 PW NEW/Subject Area Contents/Public Website/Report (PDF)/AER.xdo?_xpf=&_xpt=1&_params%2FOracle%20BI%20EE%3A%3ADefaultApp%3A%3AEVVET3%20PR%20NEW%2FAER%3A%3Adimension%2FAER%20Id%3A%3Aattribute%3A%3Anoaggr%3A%3Axsd%3Adouble=382416&_xt=AER&_xf=pdf""> AER </a>",2013-12-16 00:00:00,Other health care professional,United Kingdom,MALE,Dog,Pug,"Metacam 1.5 mg/ml - Oral suspension (dogs), Metacam 5 mg/ml - Solution for injection (cats, dogs), Metacam 5 mg/ml - Solution for injection (cattle, pigs), Metacam 5 mg/ml - Solution for injection (dogs)","Breathing difficulty, Cardiac arrest, Collapse (see also Cardio-vascular and Systemic disorders), Death",1,1,1
GB-DEBIAHP-2013UK00574,"<a target=""_blank""  href=""/xmlpserver/EVVET3 PW NEW/Subject Area Contents/Public Website/Report (PDF)/AER.xdo?_xpf=&_xpt=1&_params%2FOracle%20BI%20EE%3A%3ADefaultApp%3A%3AEVVET3%20PR%20NEW%2FAER%3A%3Adimension%2FAER%20Id%3A%3Aattribute%3A%3Anoaggr%3A%3Axsd%3Adouble=382343&_xt=AER&_xf=pdf""> AER </a>",2013-12-16 00:00:00,Other health care professional,United Kingdom,MALE,Dog,Collie - Border,"Metacam 1.5 mg/ml - Oral suspension (dogs), Pexion 400 mg  - Tablet",Epileptic seizure,1,1,
GB-DEBIAHP-2013UK00606,"<a target=""_blank""  href=""/xmlpserver/EVVET3 PW NEW/Subject Area Contents/Public Website/Report (PDF)/AER.xdo?_xpf=&_xpt=1&_params%2FOracle%20BI%20EE%3A%3ADefaultApp%3A%3AEVVET3%20PR%20NEW%2FAER%3A%3Adimension%2FAER%20Id%3A%3Aattribute%3A%3Anoaggr%3A%3Axsd%3Adouble=380440&_xt=AER&_xf=pdf""> AER </a>",2013-11-27 00:00:00,Other health care professional,United Kingdom,MALE,Dog,Spitz - German Pomeranian,"Metacam 1.5 mg/ml - Oral suspension (dogs), Metacam 5 mg/ml - Solution for injection (cats, dogs), Metacam 5 mg/ml - Solution for injection (cattle, pigs), Metacam 5 mg/ml - Solution for injection (dogs)","Haemorrhagic diarrhoea, Listless, Tarry or black stool (see also haemorrhagic diarrhoea), Vomiting",1,1,
GB-DEBIAHP-2013UK00643,"<a target=""_blank""  href=""/xmlpserver/EVVET3 PW NEW/Subject Area Contents/Public Website/Report (PDF)/AER.xdo?_xpf=&_xpt=1&_params%2FOracle%20BI%20EE%3A%3ADefaultApp%3A%3AEVVET3%20PR%20NEW%2FAER%3A%3Adimension%2FAER%20Id%3A%3Aattribute%3A%3Anoaggr%3A%3Axsd%3Adouble=383444&_xt=AER&_xf=pdf""> AER </a>",2013-12-27 00:00:00,Other health care professional,United Kingdom,FEMALE,Dog,Dachshund - Miniature,"Metacam 1.5 mg/ml - Oral suspension (dogs), Metacam 5 mg/ml - Solution for injection (cats, dogs), Metacam 5 mg/ml - Solution for injection (cattle, pigs), Metacam 5 mg/ml - Solution for injection (dogs)","Abdominal pain, Decreased appetite, Melaena, Vomiting",1,1,
GB-DEBIAHP-2013UK00647,"<a target=""_blank""  href=""/xmlpserver/EVVET3 PW NEW/Subject Area Contents/Public Website/Report (PDF)/AER.xdo?_xpf=&_xpt=1&_params%2FOracle%20BI%20EE%3A%3ADefaultApp%3A%3AEVVET3%20PR%20NEW%2FAER%3A%3Adimension%2FAER%20Id%3A%3Aattribute%3A%3Anoaggr%3A%3Axsd%3Adouble=383353&_xt=AER&_xf=pdf""> AER </a>",2013-12-27 00:00:00,Other health care professional,United Kingdom,MALE,Dog,Crossbred Canine/dog,"Metacam 1.5 mg/ml - Oral suspension (dogs), Metacam 5 mg/ml - Solution for injection (cats, dogs), Metacam 5 mg/ml - Solution for injection (cattle, pigs), Metacam 5 mg/ml - Solution for injection (dogs)","Abdominal pain, Haematemesis, Haemorrhagic diarrhoea, Inappetence, Pyrexia, Tachycardia",1,1,
GB-FRMERIAL-13UK000298,"<a target=""_blank""  href=""/xmlpserver/EVVET3 PW NEW/Subject Area Contents/Public Website/Report (PDF)/AER.xdo?_xpf=&_xpt=1&_params%2FOracle%20BI%20EE%3A%3ADefaultApp%3A%3AEVVET3%20PR%20NEW%2FAER%3A%3Adimension%2FAER%20Id%3A%3Aattribute%3A%3Anoaggr%3A%3Axsd%3Adouble=362932&_xt=AER&_xf=pdf""> AER </a>",2013-05-16 00:00:00,Other health care professional,United Kingdom,MALE,Dog,Ridgeback - Rhodesian,"Metacam 1.5 mg/ml - Oral suspension (dogs), Metacam 5 mg/ml - Solution for injection (cats, dogs), Metacam 5 mg/ml - Solution for injection (cattle, pigs), Metacam 5 mg/ml - Solution for injection (dogs), Nobivac Lepto 2 Suspension for Injection for Dogs, Nobivac Pi Vet. lyofilisat og solvens til injektionsvæske, suspension, Nobivac Pi vet., Frystorkat pulver och vätska till injektionsvätska, suspension, Nobivac Pi λυοφιλοποιημένo υλικό και διαλύτης για ενέσιμο εναιώρημα για σκύλους, Nobivac Pi, Lyophilisate and Solvent for Suspension for Injection for Dogs, Nobivac Pi, liofilizatas ir skiediklis injekcinei suspensijai ruošti šunims, Previcox 227 mg - Chewable tablet","Abnormal movement NOS, Anaemia NOS, Hypersalivation, Hypoalbuminaemia, Hypocalcaemic condition, Hypoproteinaemia, Hypothyroidism, Lethargy (see also Central nervous system depression in Neurological), Leukopenia NOS, Listless, Neutropenia, Other abnormal test result NOS, Thrombocytopenia, Unable to stand",1,1,
GB-OPAH-UK20130013,"<a target=""_blank""  href=""/xmlpserver/EVVET3 PW NEW/Subject Area Contents/Public Website/Report (PDF)/AER.xdo?_xpf=&_xpt=1&_params%2FOracle%20BI%20EE%3A%3ADefaultApp%3A%3AEVVET3%20PR%20NEW%2FAER%3A%3Adimension%2FAER%20Id%3A%3Aattribute%3A%3Anoaggr%3A%3Axsd%3Adouble=370442&_xt=AER&_xf=pdf""> AER </a>",2013-08-14 00:00:00,Other health care professional,United Kingdom,MALE,Dog,Terrier - Norfolk,"Dolorex 10 mg/ml Solution for Injection for horse, dog and cat, Domitor 1 mg/ml solution for injection, Domitor 1 mg/ml soluzione iniettabile per cani e gatti, Metacam 5 mg/ml - Solution for injection (cats, dogs), Metacam 5 mg/ml - Solution for injection (cattle, pigs), Metacam 5 mg/ml - Solution for injection (dogs)","Agitation, Bradycardia, Breathing difficulty, Constricted pupils, Dullness, Hyporeflexia, Palpebral disorder NOS, Panting",1,1,
GB-OPAH-UK20130029,"<a target=""_blank""  href=""/xmlpserver/EVVET3 PW NEW/Subject Area Contents/Public Website/Report (PDF)/AER.xdo?_xpf=&_xpt=1&_params%2FOracle%20BI%20EE%3A%3ADefaultApp%3A%3AEVVET3%20PR%20NEW%2FAER%3A%3Adimension%2FAER%20Id%3A%3Aattribute%3A%3Anoaggr%3A%3Axsd%3Adouble=382365&_xt=AER&_xf=pdf""> AER </a>",2013-12-17 00:00:00,Other health care professional,United Kingdom,MALE,Dog,Terrier - Jack Russell,"Comfortan 10 mg/ml solution for injection for dogs and cats, Dexdomitor 0.1 mg/ml - Solution for injection, IsoFlo 100% w/w Inhalation Vapour, Liquid, Metacam 5 mg/ml - Solution for injection (cats, dogs), Metacam 5 mg/ml - Solution for injection (cattle, pigs), Metacam 5 mg/ml - Solution for injection (dogs), VETERGESIC MULTIDOSE, 0.3MG/ML, SOLUTION FOR INJECTION FOR DOGS AND CATS","Bradycardia, Bradypnoea, Hypothermia, Pain NOS",1,23,
GB-UKNBROOKT-2013-UK-NOR-00071,"<a target=""_blank""  href=""/xmlpserver/EVVET3 PW NEW/Subject Area Contents/Public Website/Report (PDF)/AER.xdo?_xpf=&_xpt=1&_params%2FOracle%20BI%20EE%3A%3ADefaultApp%3A%3AEVVET3%20PR%20NEW%2FAER%3A%3Adimension%2FAER%20Id%3A%3Aattribute%3A%3Anoaggr%3A%3Axsd%3Adouble=365755&_xt=AER&_xf=pdf""> AER </a>",2013-06-18 00:00:00,Other health care professional,United Kingdom,FEMALE,Dog,Spaniel - Cocker American,"Metacam 5 mg/ml - Solution for injection (cats, dogs), Metacam 5 mg/ml - Solution for injection (cattle, pigs), Metacam 5 mg/ml - Solution for injection (dogs), Noroclav Injection for Cattle and Dogs","Anorexia, Death, Emesis, Endocarditis, Myocarditis",1,1,1
GB-UKPFIZAH-2013-UK-01048,"<a target=""_blank""  href=""/xmlpserver/EVVET3 PW NEW/Subject Area Contents/Public Website/Report (PDF)/AER.xdo?_xpf=&_xpt=1&_params%2FOracle%20BI%20EE%3A%3ADefaultApp%3A%3AEVVET3%20PR%20NEW%2FAER%3A%3Adimension%2FAER%20Id%3A%3Aattribute%3A%3Anoaggr%3A%3Axsd%3Adouble=367869&_xt=AER&_xf=pdf""> AER </a>",2013-07-15 00:00:00,Other health care professional,United Kingdom,FEMALE,Dog,Retriever - Labrador,"Metacam 5 mg/ml - Solution for injection (cats, dogs), Metacam 5 mg/ml - Solution for injection (cattle, pigs), Metacam 5 mg/ml - Solution for injection (dogs), Trocoxil 30 mg  - Chewable tablet","Death by euthanasia, Intestinal perforation, Malaise, Peritonitis",1,1,1
IE-DEBIAHP-2010IE00009,"<a target=""_blank""  href=""/xmlpserver/EVVET3 PW NEW/Subject Area Contents/Public Website/Report (PDF)/AER.xdo?_xpf=&_xpt=1&_params%2FOracle%20BI%20EE%3A%3ADefaultApp%3A%3AEVVET3%20PR%20NEW%2FAER%3A%3Adimension%2FAER%20Id%3A%3Aattribute%3A%3Anoaggr%3A%3Axsd%3Adouble=361440&_xt=AER&_xf=pdf""> AER </a>",2013-04-30 00:00:00,Veterinarian,Ireland,MALE,Dog,Spaniel - Cocker American,"Metacam 1.5 mg/ml - Oral suspension (dogs), Vetmedin 1.25mg","Ataxia, Incoordination",1,1,
IE-DEBIAHP-2011IE00007,"<a target=""_blank""  href=""/xmlpserver/EVVET3 PW NEW/Subject Area Contents/Public Website/Report (PDF)/AER.xdo?_xpf=&_xpt=1&_params%2FOracle%20BI%20EE%3A%3ADefaultApp%3A%3AEVVET3%20PR%20NEW%2FAER%3A%3Adimension%2FAER%20Id%3A%3Aattribute%3A%3Anoaggr%3A%3Axsd%3Adouble=361600&_xt=AER&_xf=pdf""> AER </a>",2013-04-30 00:00:00,Veterinarian,Ireland,FEMALE,Dog,Dog (other),Metacam 1.5 mg/ml - Oral suspension (dogs),Cystitis,1,1,
IE-DEBIAHP-2011IE00011,"<a target=""_blank""  href=""/xmlpserver/EVVET3 PW NEW/Subject Area Contents/Public Website/Report (PDF)/AER.xdo?_xpf=&_xpt=1&_params%2FOracle%20BI%20EE%3A%3ADefaultApp%3A%3AEVVET3%20PR%20NEW%2FAER%3A%3Adimension%2FAER%20Id%3A%3Aattribute%3A%3Anoaggr%3A%3Axsd%3Adouble=363086&_xt=AER&_xf=pdf""> AER </a>",2013-05-17 00:00:00,Veterinarian,Ireland,MALE,Dog,Spitz - German Pomeranian,"Combiclav Intramammary Suspension for Lactating Cows, Metacam 2.5 mg - Chewable tablet (dogs), Metacam 5 mg/ml - Solution for injection (cats, dogs), Metacam 5 mg/ml - Solution for injection (cattle, pigs), Metacam 5 mg/ml - Solution for injection (dogs), NOROCLAV 250 mg, comprimate, NOROCLAV INJECTION, NOROCLAV injekčná suspenzia, NOROCLAV, 200/50mg, Tableta, NOROCLAV, 40/10mg, Tableta, NOROCLAV, injekcinė suspensija, Noroclav 140/35 mg/ml szuszpenziós injekció szarvasmarhák és kutyák számáraA.U.V., Noroclav 200/50 mg tablety, Noroclav 250 mg Tablets for dogs, Noroclav 250 mg tabletta kutyák részére A.U.V., Noroclav 250 mg, tabletid koertele ja kassidele, Noroclav 40/10 mg tablety, Noroclav 400/100 Ízesített tabletta kutyák részére A.U.V., Noroclav 50 mg Tablets for Dogs and Cats, Noroclav 50 mg tabletta kutyák és macskák részére A.U.V., Noroclav 50 mg, tabletid koertele ja kassidele, Noroclav 500 mg Palatable Tablets for Dogs, Noroclav 500 mg, tabletid koertele, Noroclav Injection for Cattle and Dogs, Noroclav Injection, 140 mg + 35 mg/ml süstesuspensioon veistele, Noroclav Intramammary Suspension for Lactating Cows, Noroclav Suspension zur intramammären Anwendung bei laktierenden Kühen, Noroclav suspensija ievadīšanai tesmenī laktējošām govīm, Noroclav, Injekční suspenze, Synuclav Suspension for Injection, Нороклав 50 мг, 250 мг таблетки",Emesis,1,1,
IE-DEBIAHP-2011IE00013,"<a target=""_blank""  href=""/xmlpserver/EVVET3 PW NEW/Subject Area Contents/Public Website/Report (PDF)/AER.xdo?_xpf=&_xpt=1&_params%2FOracle%20BI%20EE%3A%3ADefaultApp%3A%3AEVVET3%20PR%20NEW%2FAER%3A%3Adimension%2FAER%20Id%3A%3Aattribute%3A%3Anoaggr%3A%3Axsd%3Adouble=361604&_xt=AER&_xf=pdf""> AER </a>",2013-04-30 00:00:00,Veterinarian,Ireland,MALE,Dog,Retriever - Golden,Metacam 1.5 mg/ml - Oral suspension (dogs),"Emesis, Haemorrhagic diarrhoea, Weakness",1,1,
IE-DEBIAHP-2012IE00002,"<a target=""_blank""  href=""/xmlpserver/EVVET3 PW NEW/Subject Area Contents/Public Website/Report (PDF)/AER.xdo?_xpf=&_xpt=1&_params%2FOracle%20BI%20EE%3A%3ADefaultApp%3A%3AEVVET3%20PR%20NEW%2FAER%3A%3Adimension%2FAER%20Id%3A%3Aattribute%3A%3Anoaggr%3A%3Axsd%3Adouble=363186&_xt=AER&_xf=pdf""> AER </a>",2013-05-17 00:00:00,Veterinarian,Ireland,FEMALE,Dog,"Rottweiler, Siberian Husky, Terrier - Jack Russell","Metacam 5 mg/ml - Solution for injection (cats, dogs), Metacam 5 mg/ml - Solution for injection (cattle, pigs), Metacam 5 mg/ml - Solution for injection (dogs)","Anorexia, Depression, Lethargy (see also Central nervous system depression in Neurological), Vomiting",6,6,
IE-DEBIAHP-2012IE00004,"<a target=""_blank""  href=""/xmlpserver/EVVET3 PW NEW/Subject Area Contents/Public Website/Report (PDF)/AER.xdo?_xpf=&_xpt=1&_params%2FOracle%20BI%20EE%3A%3ADefaultApp%3A%3AEVVET3%20PR%20NEW%2FAER%3A%3Adimension%2FAER%20Id%3A%3Aattribute%3A%3Anoaggr%3A%3Axsd%3Adouble=361602&_xt=AER&_xf=pdf""> AER </a>",2013-04-30 00:00:00,Veterinarian,Ireland,MALE,Dog,Whippet,Metacam 1.5 mg/ml - Oral suspension (dogs),Skin ulcer,1,1,
IE-DEBIAHP-2013IE00002,"<a target=""_blank""  href=""/xmlpserver/EVVET3 PW NEW/Subject Area Contents/Public Website/Report (PDF)/AER.xdo?_xpf=&_xpt=1&_params%2FOracle%20BI%20EE%3A%3ADefaultApp%3A%3AEVVET3%20PR%20NEW%2FAER%3A%3Adimension%2FAER%20Id%3A%3Aattribute%3A%3Anoaggr%3A%3Axsd%3Adouble=351631&_xt=AER&_xf=pdf""> AER </a>",2013-02-06 00:00:00,Veterinarian,Ireland,FEMALE,Dog,Retriever - Labrador,"Metacam 1 mg - Chewable tablet (dogs), Metacam 5 mg/ml - Solution for injection (cats, dogs), Metacam 5 mg/ml - Solution for injection (cattle, pigs), Metacam 5 mg/ml - Solution for injection (dogs)","Abdominal discomfort, Abdominal pain, Circulatory shock, Death, Duodenal ulcer, Peritonitis, Vomiting",1,1,
IE-DEBIAHP-2013IE00005,"<a target=""_blank""  href=""/xmlpserver/EVVET3 PW NEW/Subject Area Contents/Public Website/Report (PDF)/AER.xdo?_xpf=&_xpt=1&_params%2FOracle%20BI%20EE%3A%3ADefaultApp%3A%3AEVVET3%20PR%20NEW%2FAER%3A%3Adimension%2FAER%20Id%3A%3Aattribute%3A%3Anoaggr%3A%3Axsd%3Adouble=360112&_xt=AER&_xf=pdf""> AER </a>",2013-04-16 00:00:00,Veterinarian,Ireland,MALE,Dog,Terrier - Jack Russell,Metacam 1.5 mg/ml - Oral suspension (dogs),"Anorexia, Depression, Polydipsia, Polyuria, Vomiting",1,1,
IT-DEBIAHP-2012IT00002,"<a target=""_blank""  href=""/xmlpserver/EVVET3 PW NEW/Subject Area Contents/Public Website/Report (PDF)/AER.xdo?_xpf=&_xpt=1&_params%2FOracle%20BI%20EE%3A%3ADefaultApp%3A%3AEVVET3%20PR%20NEW%2FAER%3A%3Adimension%2FAER%20Id%3A%3Aattribute%3A%3Anoaggr%3A%3Axsd%3Adouble=361542&_xt=AER&_xf=pdf""> AER </a>",2013-04-30 00:00:00,Animal owner,Italy,FEMALE,Dog,Crossbred Canine/dog,Metacam 1.5 mg/ml - Oral suspension (dogs),Facial swelling (see also Skin),1,1,
IT-DEBIAHP-2012IT00003,"<a target=""_blank""  href=""/xmlpserver/EVVET3 PW NEW/Subject Area Contents/Public Website/Report (PDF)/AER.xdo?_xpf=&_xpt=1&_params%2FOracle%20BI%20EE%3A%3ADefaultApp%3A%3AEVVET3%20PR%20NEW%2FAER%3A%3Adimension%2FAER%20Id%3A%3Aattribute%3A%3Anoaggr%3A%3Axsd%3Adouble=361543&_xt=AER&_xf=pdf""> AER </a>",2013-04-30 00:00:00,Veterinarian,Italy,MALE,Dog,Crossbred Canine/dog,Metacam 1.5 mg/ml - Oral suspension (dogs),"Emesis, Seizure NOS",1,1,
JP-DEBIAHP-2011JP00006,"<a target=""_blank""  href=""/xmlpserver/EVVET3 PW NEW/Subject Area Contents/Public Website/Report (PDF)/AER.xdo?_xpf=&_xpt=1&_params%2FOracle%20BI%20EE%3A%3ADefaultApp%3A%3AEVVET3%20PR%20NEW%2FAER%3A%3Adimension%2FAER%20Id%3A%3Aattribute%3A%3Anoaggr%3A%3Axsd%3Adouble=361536&_xt=AER&_xf=pdf""> AER </a>",2013-04-30 00:00:00,Veterinarian,Japan,UNKNOWN,Dog,Shih Tzu,Metacam 1.5 mg/ml - Oral suspension (dogs),"Death, Renal insufficiency, Vomiting",1,1,
JP-DEBIAHP-2013JP00003,"<a target=""_blank""  href=""/xmlpserver/EVVET3 PW NEW/Subject Area Contents/Public Website/Report (PDF)/AER.xdo?_xpf=&_xpt=1&_params%2FOracle%20BI%20EE%3A%3ADefaultApp%3A%3AEVVET3%20PR%20NEW%2FAER%3A%3Adimension%2FAER%20Id%3A%3Aattribute%3A%3Anoaggr%3A%3Axsd%3Adouble=357137&_xt=AER&_xf=pdf""> AER </a>",2013-03-13 00:00:00,Veterinarian,Japan,MALE,Dog,Poodle - Toy,"Metacam 5 mg/ml - Solution for injection (cats, dogs), Metacam 5 mg/ml - Solution for injection (cattle, pigs), Metacam 5 mg/ml - Solution for injection (dogs)","Bloody diarrhoea, Death by euthanasia, Hypothermia, Vomiting",1,1,1
JP-DEBIAHP-2013JP00005,"<a target=""_blank""  href=""/xmlpserver/EVVET3 PW NEW/Subject Area Contents/Public Website/Report (PDF)/AER.xdo?_xpf=&_xpt=1&_params%2FOracle%20BI%20EE%3A%3ADefaultApp%3A%3AEVVET3%20PR%20NEW%2FAER%3A%3Adimension%2FAER%20Id%3A%3Aattribute%3A%3Anoaggr%3A%3Axsd%3Adouble=357263&_xt=AER&_xf=pdf""> AER </a>",2013-03-14 00:00:00,Veterinarian,Japan,MALE,Dog,"Hound - Swiss - (Lucerne Hound (Luzerner Laufhund), Schwyz Hound (Schweizer Laufhund), Bernese Hound, Jura Hound)",Metacam 2.5 mg - Chewable tablet (dogs),Drooling,1,1,
JP-DEBIAHP-2013JP00007,"<a target=""_blank""  href=""/xmlpserver/EVVET3 PW NEW/Subject Area Contents/Public Website/Report (PDF)/AER.xdo?_xpf=&_xpt=1&_params%2FOracle%20BI%20EE%3A%3ADefaultApp%3A%3AEVVET3%20PR%20NEW%2FAER%3A%3Adimension%2FAER%20Id%3A%3Aattribute%3A%3Anoaggr%3A%3Axsd%3Adouble=358449&_xt=AER&_xf=pdf""> AER </a>",2013-03-26 00:00:00,Other health care professional,Japan,FEMALE,Dog,Shiba Inu,"Metacam 2.5 mg - Chewable tablet (dogs), Metacam 5 mg/ml - Solution for injection (cats, dogs), Metacam 5 mg/ml - Solution for injection (cattle, pigs), Metacam 5 mg/ml - Solution for injection (dogs)","Death, Jaundice, Pancreatitis NOS, Peritonitis",1,1,
JP-DEBIAHP-2013JP00010,"<a target=""_blank""  href=""/xmlpserver/EVVET3 PW NEW/Subject Area Contents/Public Website/Report (PDF)/AER.xdo?_xpf=&_xpt=1&_params%2FOracle%20BI%20EE%3A%3ADefaultApp%3A%3AEVVET3%20PR%20NEW%2FAER%3A%3Adimension%2FAER%20Id%3A%3Aattribute%3A%3Anoaggr%3A%3Axsd%3Adouble=361897&_xt=AER&_xf=pdf""> AER </a>",2013-05-02 00:00:00,Veterinarian,Japan,FEMALE,Dog,Beagle,"Metacam 5 mg/ml - Solution for injection (cats, dogs), Metacam 5 mg/ml - Solution for injection (cattle, pigs), Metacam 5 mg/ml - Solution for injection (dogs)","Convulsion, Falling, Hypersalivation, Pruritus, Reddening of the skin",1,1,
NL-DEBIAHP-2010NL00013,"<a target=""_blank""  href=""/xmlpserver/EVVET3 PW NEW/Subject Area Contents/Public Website/Report (PDF)/AER.xdo?_xpf=&_xpt=1&_params%2FOracle%20BI%20EE%3A%3ADefaultApp%3A%3AEVVET3%20PR%20NEW%2FAER%3A%3Adimension%2FAER%20Id%3A%3Aattribute%3A%3Anoaggr%3A%3Axsd%3Adouble=360193&_xt=AER&_xf=pdf""> AER </a>",2013-04-16 00:00:00,Veterinarian,Netherlands,MALE,Dog,Crossbred Canine/dog,"Anabolin 'Forte' pro inj., 50 mg/ml oplossing voor injectie voor hond en kat, Metacam 1.5 mg/ml - Oral suspension (dogs), Metacam 5 mg/ml - Solution for injection (cats, dogs), Metacam 5 mg/ml - Solution for injection (cattle, pigs), Metacam 5 mg/ml - Solution for injection (dogs), VANGUARD 7, VANGUARD 7 liofilizado y suspension para suspension inyectable para perros, VANGUARD 7 sospensione iniettabile per cani, VANGUARD 7, liofilizat i suspenzija za suspenziju za injekciju, za pse, VANGUARD 7, ΚΟΝΙΣ ΓΙΑ ΕΝΕΣΙΜΟ ΕΝΑΙΩΡΗΜΑ, VANGUARD 7., Vanguard 7, Vanguard 7 pó e solvente para suspensão injetável, Vanguard 7 λυοφιλοποιημένο υλικό και εναιώρημα για την παρασκευή ενέσιμου εναιωρήματος για  σκύλους από την ηλικία των 6 εβδομάδων","Anorexia, Death by euthanasia, Dehydration, Elevated renal parameters, Hyperaemia, Lethargy (see also Central nervous system depression in Neurological), Tachycardia, Vomiting",1,1,1
NL-DEBIAHP-2010NL00017,"<a target=""_blank""  href=""/xmlpserver/EVVET3 PW NEW/Subject Area Contents/Public Website/Report (PDF)/AER.xdo?_xpf=&_xpt=1&_params%2FOracle%20BI%20EE%3A%3ADefaultApp%3A%3AEVVET3%20PR%20NEW%2FAER%3A%3Adimension%2FAER%20Id%3A%3Aattribute%3A%3Anoaggr%3A%3Axsd%3Adouble=360574&_xt=AER&_xf=pdf""> AER </a>",2013-04-22 00:00:00,Veterinarian,Netherlands,MALE,Dog,Rottweiler,Metacam 1.5 mg/ml - Oral suspension (dogs),Emesis,1,1,
NL-DEBIAHP-2011NL00022,"<a target=""_blank""  href=""/xmlpserver/EVVET3 PW NEW/Subject Area Contents/Public Website/Report (PDF)/AER.xdo?_xpf=&_xpt=1&_params%2FOracle%20BI%20EE%3A%3ADefaultApp%3A%3AEVVET3%20PR%20NEW%2FAER%3A%3Adimension%2FAER%20Id%3A%3Aattribute%3A%3Anoaggr%3A%3Axsd%3Adouble=361603&_xt=AER&_xf=pdf""> AER </a>",2013-04-30 00:00:00,Other health care professional,Netherlands,UNKNOWN,Dog,Shepherd Dog - German,Metacam 1.5 mg/ml - Oral suspension (dogs),Lack of efficacy - NOS,1,1,
NL-DEBIAHP-2011NL00023,"<a target=""_blank""  href=""/xmlpserver/EVVET3 PW NEW/Subject Area Contents/Public Website/Report (PDF)/AER.xdo?_xpf=&_xpt=1&_params%2FOracle%20BI%20EE%3A%3ADefaultApp%3A%3AEVVET3%20PR%20NEW%2FAER%3A%3Adimension%2FAER%20Id%3A%3Aattribute%3A%3Anoaggr%3A%3Axsd%3Adouble=361537&_xt=AER&_xf=pdf""> AER </a>",2013-04-30 00:00:00,Veterinarian,Netherlands,MALE,Dog,Terrier - Bull - Staffordshire,Metacam 1.5 mg/ml - Oral suspension (dogs),Facial swelling (see also Skin),1,1,
NL-DEBIAHP-2012NL00022,"<a target=""_blank""  href=""/xmlpserver/EVVET3 PW NEW/Subject Area Contents/Public Website/Report (PDF)/AER.xdo?_xpf=&_xpt=1&_params%2FOracle%20BI%20EE%3A%3ADefaultApp%3A%3AEVVET3%20PR%20NEW%2FAER%3A%3Adimension%2FAER%20Id%3A%3Aattribute%3A%3Anoaggr%3A%3Axsd%3Adouble=361544&_xt=AER&_xf=pdf""> AER </a>",2013-04-30 00:00:00,Veterinarian,Netherlands,MALE,Dog,Retriever - Golden,Metacam 1.5 mg/ml - Oral suspension (dogs),Pruritus,1,1,
NL-DEBIAHP-2012NL00025,"<a target=""_blank""  href=""/xmlpserver/EVVET3 PW NEW/Subject Area Contents/Public Website/Report (PDF)/AER.xdo?_xpf=&_xpt=1&_params%2FOracle%20BI%20EE%3A%3ADefaultApp%3A%3AEVVET3%20PR%20NEW%2FAER%3A%3Adimension%2FAER%20Id%3A%3Aattribute%3A%3Anoaggr%3A%3Axsd%3Adouble=360677&_xt=AER&_xf=pdf""> AER </a>",2013-04-23 00:00:00,Veterinarian,Netherlands,MALE,Dog,Shepherd Dog - German,"Metacam 2.5 mg - Chewable tablet (dogs), Metacam 5 mg/ml - Solution for injection (cats, dogs), Metacam 5 mg/ml - Solution for injection (cattle, pigs), Metacam 5 mg/ml - Solution for injection (dogs)","Depressed reflexes, Torticollis",1,1,
NL-DEBIAHP-2012NL00028,"<a target=""_blank""  href=""/xmlpserver/EVVET3 PW NEW/Subject Area Contents/Public Website/Report (PDF)/AER.xdo?_xpf=&_xpt=1&_params%2FOracle%20BI%20EE%3A%3ADefaultApp%3A%3AEVVET3%20PR%20NEW%2FAER%3A%3Adimension%2FAER%20Id%3A%3Aattribute%3A%3Anoaggr%3A%3Axsd%3Adouble=363183&_xt=AER&_xf=pdf""> AER </a>",2013-05-17 00:00:00,Other health care professional,Netherlands,FEMALE,Dog,Retriever - Labrador,"Cerenia 10 mg/ml  - Solution for injection, Cerenia 16 mg  - Tablet, Cerenia 160 mg  - Tablet, Cerenia 24 mg  - Tablet, Cerenia 60 mg - Tablet, Metacam 5 mg/ml - Solution for injection (cats, dogs), Metacam 5 mg/ml - Solution for injection (cattle, pigs), Metacam 5 mg/ml - Solution for injection (dogs)",Localised oedema (not application site),1,1,
NL-DEBIAHP-2012NL00029,"<a target=""_blank""  href=""/xmlpserver/EVVET3 PW NEW/Subject Area Contents/Public Website/Report (PDF)/AER.xdo?_xpf=&_xpt=1&_params%2FOracle%20BI%20EE%3A%3ADefaultApp%3A%3AEVVET3%20PR%20NEW%2FAER%3A%3Adimension%2FAER%20Id%3A%3Aattribute%3A%3Anoaggr%3A%3Axsd%3Adouble=363185&_xt=AER&_xf=pdf""> AER </a>",2013-05-17 00:00:00,Other health care professional,Netherlands,MALE,Dog,Dog (other),"Metacam 5 mg/ml - Solution for injection (cats, dogs), Metacam 5 mg/ml - Solution for injection (cattle, pigs), Metacam 5 mg/ml - Solution for injection (dogs)",Localised oedema (not application site),1,1,
NL-DEBIAHP-2012NL00032,"<a target=""_blank""  href=""/xmlpserver/EVVET3 PW NEW/Subject Area Contents/Public Website/Report (PDF)/AER.xdo?_xpf=&_xpt=1&_params%2FOracle%20BI%20EE%3A%3ADefaultApp%3A%3AEVVET3%20PR%20NEW%2FAER%3A%3Adimension%2FAER%20Id%3A%3Aattribute%3A%3Anoaggr%3A%3Axsd%3Adouble=364497&_xt=AER&_xf=pdf""> AER </a>",2013-06-03 00:00:00,Animal owner,Netherlands,FEMALE,Dog,Terrier - Tibetan,Metacam 1.5 mg/ml - Oral suspension (dogs),Diarrhoea,1,1,
NL-DEBIAHP-2012NL00044,"<a target=""_blank""  href=""/xmlpserver/EVVET3 PW NEW/Subject Area Contents/Public Website/Report (PDF)/AER.xdo?_xpf=&_xpt=1&_params%2FOracle%20BI%20EE%3A%3ADefaultApp%3A%3AEVVET3%20PR%20NEW%2FAER%3A%3Adimension%2FAER%20Id%3A%3Aattribute%3A%3Anoaggr%3A%3Axsd%3Adouble=361547&_xt=AER&_xf=pdf""> AER </a>",2013-04-30 00:00:00,Veterinarian,Netherlands,MALE,Dog,Retriever - Labrador,"Metacam 1.5 mg/ml - Oral suspension (dogs), Metacam 5 mg/ml - Solution for injection (cats, dogs), Metacam 5 mg/ml - Solution for injection (cattle, pigs), Metacam 5 mg/ml - Solution for injection (dogs)",Vomiting,1,1,
NL-DEBIAHP-2012NL00045,"<a target=""_blank""  href=""/xmlpserver/EVVET3 PW NEW/Subject Area Contents/Public Website/Report (PDF)/AER.xdo?_xpf=&_xpt=1&_params%2FOracle%20BI%20EE%3A%3ADefaultApp%3A%3AEVVET3%20PR%20NEW%2FAER%3A%3Adimension%2FAER%20Id%3A%3Aattribute%3A%3Anoaggr%3A%3Axsd%3Adouble=364498&_xt=AER&_xf=pdf""> AER </a>",2013-06-03 00:00:00,Veterinarian,Netherlands,MALE,Dog,Lhasa Apso,"Carporal 100 mg tabletten voor honden, Carporal 160 mg tablets for dogs, Carporal 20 mg, tabletten voor honden, Carporal 40 mg tablets for dogs, Carporal 50 mg, tabletten voor honden, Carporal 50 mg/ml oplossing voor injectie voor runderen, Carporal VET. 160 mg tablets for dogs, Carporal VET. 40 mg tablets for dogs, Metacam 1.5 mg/ml - Oral suspension (dogs)","Anorexia, Cough, Diarrhoea, Lethargy (see also Central nervous system depression in Neurological)",1,1,
NL-DEBIAHP-2013NL00008,"<a target=""_blank""  href=""/xmlpserver/EVVET3 PW NEW/Subject Area Contents/Public Website/Report (PDF)/AER.xdo?_xpf=&_xpt=1&_params%2FOracle%20BI%20EE%3A%3ADefaultApp%3A%3AEVVET3%20PR%20NEW%2FAER%3A%3Adimension%2FAER%20Id%3A%3Aattribute%3A%3Anoaggr%3A%3Axsd%3Adouble=361063&_xt=AER&_xf=pdf""> AER </a>",2013-04-26 00:00:00,Veterinarian,Netherlands,FEMALE,Dog,Chihuahua,"Metacam 1.5 mg/ml - Oral suspension (dogs), Metacam 5 mg/ml - Solution for injection (cats, dogs), Metacam 5 mg/ml - Solution for injection (cattle, pigs), Metacam 5 mg/ml - Solution for injection (dogs)",Death,1,1,1
NL-DEBIAHP-2013NL00009,"<a target=""_blank""  href=""/xmlpserver/EVVET3 PW NEW/Subject Area Contents/Public Website/Report (PDF)/AER.xdo?_xpf=&_xpt=1&_params%2FOracle%20BI%20EE%3A%3ADefaultApp%3A%3AEVVET3%20PR%20NEW%2FAER%3A%3Adimension%2FAER%20Id%3A%3Aattribute%3A%3Anoaggr%3A%3Axsd%3Adouble=362487&_xt=AER&_xf=pdf""> AER </a>",2013-05-08 00:00:00,Other health care professional,Netherlands,FEMALE,Dog,Dog (other),"Metacam 1.5 mg/ml - Oral suspension (dogs), Metacam 5 mg/ml - Solution for injection (cats, dogs), Metacam 5 mg/ml - Solution for injection (cattle, pigs), Metacam 5 mg/ml - Solution for injection (dogs)",Epileptic seizure,1,1,
NL-DEBIAHP-2013NL00023,"<a target=""_blank""  href=""/xmlpserver/EVVET3 PW NEW/Subject Area Contents/Public Website/Report (PDF)/AER.xdo?_xpf=&_xpt=1&_params%2FOracle%20BI%20EE%3A%3ADefaultApp%3A%3AEVVET3%20PR%20NEW%2FAER%3A%3Adimension%2FAER%20Id%3A%3Aattribute%3A%3Anoaggr%3A%3Axsd%3Adouble=374250&_xt=AER&_xf=pdf""> AER </a>",2013-09-25 00:00:00,Veterinarian,Netherlands,FEMALE,Dog,Spitz - German Pomeranian,"Cerenia 10 mg/ml  - Solution for injection, Metacam 1 mg - Chewable tablet (dogs)","Blood in vomit, Bloody diarrhoea, Death, Shock",1,1,1
NL-NLBBD-2013-3473,"<a target=""_blank""  href=""/xmlpserver/EVVET3 PW NEW/Subject Area Contents/Public Website/Report (PDF)/AER.xdo?_xpf=&_xpt=1&_params%2FOracle%20BI%20EE%3A%3ADefaultApp%3A%3AEVVET3%20PR%20NEW%2FAER%3A%3Adimension%2FAER%20Id%3A%3Aattribute%3A%3Anoaggr%3A%3Axsd%3Adouble=376044&_xt=AER&_xf=pdf""> AER </a>",2013-10-15 00:00:00,Veterinarian,Netherlands,MALE,Dog,Pointing Dog - Frisian,Metacam 1.5 mg/ml - Oral suspension (dogs),"Abnormal breathing, Fever, Lethargy (see also Central nervous system depression in Neurological)",1,1,
NL-VETOQUINOL-7602/7843/NL  NL20130204 / 13 VTQL 00039,"<a target=""_blank""  href=""/xmlpserver/EVVET3 PW NEW/Subject Area Contents/Public Website/Report (PDF)/AER.xdo?_xpf=&_xpt=1&_params%2FOracle%20BI%20EE%3A%3ADefaultApp%3A%3AEVVET3%20PR%20NEW%2FAER%3A%3Adimension%2FAER%20Id%3A%3Aattribute%3A%3Anoaggr%3A%3Axsd%3Adouble=359485&_xt=AER&_xf=pdf""> AER </a>",2013-04-09 00:00:00,Veterinarian,Netherlands,MALE,Dog,Retriever - Labrador,"Cimalgex 30 mg - Chewable tablet, Cimalgex 8 mg - Chewable tablet, Cimalgex 80 mg - Chewable tablet, Metacam 0.5 mg/ml - Oral suspension (cats, guinea pigs), Metacam 0.5 mg/ml - Oral suspension (dogs), Metacam 1.5 mg/ml - Oral suspension (dogs), Metacam 15 mg/ml - Oral suspension (horses), Metacam 15 mg/ml - Oral suspension (pigs)","Death, Decreased respiratory rate, Gastric ulcer, Miscellaneous eating disorder NOS, Pale mucous membrane, Peritonitis, Renal failure, Somnolence, Ulceration NOS, Vomiting, Weak pulse",1,1,1
NO-DEBIAHP-2010NO00004,"<a target=""_blank""  href=""/xmlpserver/EVVET3 PW NEW/Subject Area Contents/Public Website/Report (PDF)/AER.xdo?_xpf=&_xpt=1&_params%2FOracle%20BI%20EE%3A%3ADefaultApp%3A%3AEVVET3%20PR%20NEW%2FAER%3A%3Adimension%2FAER%20Id%3A%3Aattribute%3A%3Anoaggr%3A%3Axsd%3Adouble=360066&_xt=AER&_xf=pdf""> AER </a>",2013-04-15 00:00:00,Veterinarian,Norway,MALE,Dog,"Dog (other), Hound - Swiss - (Lucerne Hound (Luzerner Laufhund), Schwyz Hound (Schweizer Laufhund), Bernese Hound, Jura Hound)","FORTEKOR 2,5 COMPRIMES POUR CHATS ET CHIENS, FORTEKOR 2,5 compresse per cani di piccola taglia e gatti, FORTEKOR 2,5 mg comprimés pour chiens et chats, FORTEKOR 20 Compresse rivestite con film per cani, FORTEKOR 5 Compresse rivestite con film per cani e gatti, FORTEKOR F 20 COMPRIMES POUR CHIENS, FORTEKOR F 5 COMPRIMES POUR CHATS ET CHIENS, Fortekor 2,5 mg  Tablet, Fortekor 2,5 mg, tabletten voor honden en katten, Fortekor 2.5 mg tablets for cats and dogs, Fortekor Gourmet 2,5 mg, Fortekor Vet. 2,5 mg tabletter, Fortekor Vet. 20 mg tabletter, Fortekor Vet. 5 mg tabletter, Fortekor vet. 2,5 mg Tablett, Fortekor vet. 2,5 mg tabletit kissoille ja koirille, Fortekor vet. 2,5 mg, tabletter til hund og katt, Fortekor vet. 20 mg Tablett, Fortekor vet. 20 mg tabletit koirille, Fortekor vet. 20 mg, tabletter til hund, Fortekor vet. 5 mg Tablett, Fortekor vet. 5 mg tabletit kissoille ja koirille, Fortekor vet. 5 mg, tabletter til hund og katt, Metacam 1 mg - Chewable tablet (dogs), Metacam 5 mg/ml - Solution for injection (cats, dogs), Metacam 5 mg/ml - Solution for injection (cattle, pigs), Metacam 5 mg/ml - Solution for injection (dogs), Vetmedin 1,5 mg/ml Lösung zum Eingeben für Hunde","Abdominal pain, Blood in vomit, Flatulence, Haematemesis",1,1,
NO-NONOMA-2013-00249,"<a target=""_blank""  href=""/xmlpserver/EVVET3 PW NEW/Subject Area Contents/Public Website/Report (PDF)/AER.xdo?_xpf=&_xpt=1&_params%2FOracle%20BI%20EE%3A%3ADefaultApp%3A%3AEVVET3%20PR%20NEW%2FAER%3A%3Adimension%2FAER%20Id%3A%3Aattribute%3A%3Anoaggr%3A%3Axsd%3Adouble=348812&_xt=AER&_xf=pdf""> AER </a>",2013-01-21 00:00:00,Veterinarian,Norway,FEMALE,Dog,Setter - English,Metacam 1 mg - Chewable tablet (dogs),"Dehydration, Enteritis, Melaena",1,1,
NO-NONOMA-2013-2438,"<a target=""_blank""  href=""/xmlpserver/EVVET3 PW NEW/Subject Area Contents/Public Website/Report (PDF)/AER.xdo?_xpf=&_xpt=1&_params%2FOracle%20BI%20EE%3A%3ADefaultApp%3A%3AEVVET3%20PR%20NEW%2FAER%3A%3Adimension%2FAER%20Id%3A%3Aattribute%3A%3Anoaggr%3A%3Axsd%3Adouble=355107&_xt=AER&_xf=pdf""> AER </a>",2013-03-01 00:00:00,Veterinarian,Norway,FEMALE,Dog,Mountain Dog - Bernese,"Metacam 2.5 mg - Chewable tablet (dogs), SYNULOX (200+50)MG/TAB ΔΙΣΚΙΟ, SYNULOX (40+10)MG/TAB ΔΙΣΚΙΟ, SYNULOX 140 mg/ml + 35 mg/ml suspensión inyectable, SYNULOX 200 mg/50 mg tablety pre psy a mačky, SYNULOX 200/50 mg COMPRIMIDOS APETITOSOS PARA PERROS, SYNULOX 250 COMPRIMES POUR CHIENS, SYNULOX 250 mg, SYNULOX 250 mg kramtomosios tabletės šunims ir katėms, SYNULOX 250 mg tablete za pse in mačke, SYNULOX 250mg, δισκία για σκύλους και γάτες, SYNULOX 40 mg/10 mg tablety pre psy a mačky, SYNULOX 40 mg/ml + 10 mg/ml POLVO PARA GOTAS ORALES EN SUSPENSION, SYNULOX 40/10 MG COMPRIMIDOS APETITOSOS PARA PERROS Y GATOS, SYNULOX 400 mg/100 mg tablety pre psy, SYNULOX 400/100 mg COMPRIMIDOS APETITOSOS PARA PERROS, SYNULOX 50 COMPRIMES POUR CHIENS ET CHATS, SYNULOX 50 mg, SYNULOX 50 mg kramtomosios tabletės šunims ir katėms, SYNULOX 50 mg tablete za pse in mačke, SYNULOX 500 COMPRIMES POUR CHIENS, SYNULOX 500 mg kramtomosios tabletės šunims, SYNULOX 500 mg tablete za pse, SYNULOX 500 mg, kramtomosios tabletės šunims, SYNULOX 500MG/TAB ΔΙΣΚΙΟ, SYNULOX 50mg, δισκία για σκύλους και γάτες, SYNULOX OGIVETTES POUR VEAUX, SYNULOX SUSPENSION INJECTABLE POUR BOVINS, SYNULOX VET 140 mg/ml injektioneste, suspensio koiralle, kissalle ja sialle, SYNULOX suspensão injetável para suínos, bovinos, cães e gatos, SYNULOX vet 200 mg/50 mg tabletti, koiralle ja kissalle, SYNULOX vet 40 mg/10 mg tabletti, koiralle ja kissalle, SYNULOX vet 400 mg/100 mg tabletti, koiralle, SYNULOX, 400/100mg, Tableta, Synulox 250 mg Comprimés Appétents, Synulox 250 mg Smakelijke tabletten, Synulox 250 mg tabletes suņiem un kaķiem, Synulox 250 mg, tabletid koertele ja kassidele, Synulox 250 mg, таблетки за кучета и котки, Synulox 250mg (200 mg/50 mg)  Tabletten für Hunde, Synulox 50 mg Comprimés Appétents, Synulox 50 mg Smakelijke Tabletten, Synulox 50 mg tabletes suņiem un kaķiem, Synulox 50 mg, tabletid koertele ja kassidele, Synulox 50 mg, таблетки за кучета и котки, Synulox 500 mg Bolus 400 mg - 100 mg Omhulde tablet, Synulox 500 mg Comprimés Appétents, Synulox 500 mg Smakelijke Tabletten, Synulox 500 mg tabletes suņiem, Synulox 500 mg, tabletid koertele, Synulox 500mg (400 mg/100 mg) Tabletten für Hunde, Synulox 50mg (40 mg/10 mg) Tabletten für Hunde und Katzen, Synulox Bolus 500 mg, 400 mg + 100 mg comprimés enrobés pour veaux, Synulox Lactating Cow Intramammary suspension., Synulox Tabletki 250 mg, Synulox Tabletki 250 mg (200+50) mg/tablete; tabletes suņiem, Synulox Tabletki 50 mg, Synulox Tabletki 50 mg (40+10) mg/ tablete; tabletes suņiem un kaķiem, Synulox Tabletki 500 mg, Synulox Vet. til hund og kat 200 + 50 mg tabletter, Synulox Vet. til hund og kat 40 + 10 mg tabletter, Synulox Vet. til hund tabletter 400 + 100 mg, Synulox Vet. til kalve 400 + 100 mg tabletter, Synulox comprimidos palatáveis 250 mg para cães e gatos, Synulox comprimidos palatáveis 50 mg para cães e gatos, Synulox comprimidos palatáveis 500 mg para cães, Synulox vet 40 mg/ml jauhe oraalisuspensiota varten koiralle ja kissalle, Synulox vet. 200 mg tabletter for hund og katt, Synulox vet. 200 mg/50 mg Tablett, Synulox vet. 40 mg tabletter for hund og katt, Synulox vet. 40 mg/10 mg Tablett, Synulox vet. 400 mg tabletter for hund, Synulox vet. 400 mg/100 mg Tablett, Synulox, 200/50mg, Tableta, Synulox, 40/10mg, Tableta, Synulox-Kalb 400 mg/100 mg Filmtabletten für Rinder (Kälber)","Abnormal breathing, Anxiety, Behavioural disorder NOS, Restlessness",1,1,
NO-NONOMA-2013-3296,"<a target=""_blank""  href=""/xmlpserver/EVVET3 PW NEW/Subject Area Contents/Public Website/Report (PDF)/AER.xdo?_xpf=&_xpt=1&_params%2FOracle%20BI%20EE%3A%3ADefaultApp%3A%3AEVVET3%20PR%20NEW%2FAER%3A%3Adimension%2FAER%20Id%3A%3Aattribute%3A%3Anoaggr%3A%3Axsd%3Adouble=360703&_xt=AER&_xf=pdf""> AER </a>",2013-04-23 00:00:00,Veterinarian,Norway,MALE,Dog,Retriever - Golden,"Metacam 2.5 mg - Chewable tablet (dogs), Metacam 5 mg/ml - Solution for injection (cats, dogs), Metacam 5 mg/ml - Solution for injection (cattle, pigs), Metacam 5 mg/ml - Solution for injection (dogs)",Diarrhoea,1,1,
NO-NONOMA-2013-5811,"<a target=""_blank""  href=""/xmlpserver/EVVET3 PW NEW/Subject Area Contents/Public Website/Report (PDF)/AER.xdo?_xpf=&_xpt=1&_params%2FOracle%20BI%20EE%3A%3ADefaultApp%3A%3AEVVET3%20PR%20NEW%2FAER%3A%3Adimension%2FAER%20Id%3A%3Aattribute%3A%3Anoaggr%3A%3Axsd%3Adouble=365035&_xt=AER&_xf=pdf""> AER </a>",2013-06-10 00:00:00,Veterinarian,Norway,FEMALE,Dog,Setter - English,"Metacam 1 mg - Chewable tablet (dogs), Metacam 5 mg/ml - Solution for injection (cats, dogs), Metacam 5 mg/ml - Solution for injection (cattle, pigs), Metacam 5 mg/ml - Solution for injection (dogs)","Appetite loss, Bloody diarrhoea, Lethargy (see also Central nervous system depression in Neurological), Vomiting",1,1,
NZ-DEBIAHP-2011NZ00004,"<a target=""_blank""  href=""/xmlpserver/EVVET3 PW NEW/Subject Area Contents/Public Website/Report (PDF)/AER.xdo?_xpf=&_xpt=1&_params%2FOracle%20BI%20EE%3A%3ADefaultApp%3A%3AEVVET3%20PR%20NEW%2FAER%3A%3Adimension%2FAER%20Id%3A%3Aattribute%3A%3Anoaggr%3A%3Axsd%3Adouble=361532&_xt=AER&_xf=pdf""> AER </a>",2013-04-30 00:00:00,Veterinarian,New Zealand,FEMALE,Dog,Retriever - Golden,"Metacam 0.5 mg/ml - Oral suspension (cats, guinea pigs), Metacam 0.5 mg/ml - Oral suspension (dogs), Metacam 1.5 mg/ml - Oral suspension (dogs), Metacam 15 mg/ml - Oral suspension (horses), Metacam 15 mg/ml - Oral suspension (pigs)","Abdominal pain, Gastric ulcer, Peritonitis",1,1,
NZ-DEBIAHP-2012NZ00004,"<a target=""_blank""  href=""/xmlpserver/EVVET3 PW NEW/Subject Area Contents/Public Website/Report (PDF)/AER.xdo?_xpf=&_xpt=1&_params%2FOracle%20BI%20EE%3A%3ADefaultApp%3A%3AEVVET3%20PR%20NEW%2FAER%3A%3Adimension%2FAER%20Id%3A%3Aattribute%3A%3Anoaggr%3A%3Axsd%3Adouble=361545&_xt=AER&_xf=pdf""> AER </a>",2013-04-30 00:00:00,Veterinarian,New Zealand,FEMALE,Dog,Retriever - Labrador,"Metacam 0.5 mg/ml - Oral suspension (cats, guinea pigs), Metacam 0.5 mg/ml - Oral suspension (dogs), Metacam 1.5 mg/ml - Oral suspension (dogs), Metacam 15 mg/ml - Oral suspension (horses), Metacam 15 mg/ml - Oral suspension (pigs)",Vomiting,1,1,
NZ-DEBIAHP-2013NZ00003,"<a target=""_blank""  href=""/xmlpserver/EVVET3 PW NEW/Subject Area Contents/Public Website/Report (PDF)/AER.xdo?_xpf=&_xpt=1&_params%2FOracle%20BI%20EE%3A%3ADefaultApp%3A%3AEVVET3%20PR%20NEW%2FAER%3A%3Adimension%2FAER%20Id%3A%3Aattribute%3A%3Anoaggr%3A%3Axsd%3Adouble=382625&_xt=AER&_xf=pdf""> AER </a>",2013-12-18 00:00:00,Veterinarian,New Zealand,MALE,Dog,Pointing Dog - German Short-haired,"Metacam 0.5 mg/ml - Oral suspension (cats, guinea pigs), Metacam 0.5 mg/ml - Oral suspension (dogs), Metacam 1.5 mg/ml - Oral suspension (dogs), Metacam 15 mg/ml - Oral suspension (horses), Metacam 15 mg/ml - Oral suspension (pigs), Tramadog 50 mg tablet for dogs","Anorexia, Chronic renal failure, Death by euthanasia, Gastric ulceration NOS, Melaena, Seizure NOS",1,1,1
NZ-DEBIAHP-2013NZ00004,"<a target=""_blank""  href=""/xmlpserver/EVVET3 PW NEW/Subject Area Contents/Public Website/Report (PDF)/AER.xdo?_xpf=&_xpt=1&_params%2FOracle%20BI%20EE%3A%3ADefaultApp%3A%3AEVVET3%20PR%20NEW%2FAER%3A%3Adimension%2FAER%20Id%3A%3Aattribute%3A%3Anoaggr%3A%3Axsd%3Adouble=379802&_xt=AER&_xf=pdf""> AER </a>",2013-11-22 00:00:00,Veterinarian,New Zealand,MALE,Dog,Boxer (German Boxer),"Metacam 0.5 mg/ml - Oral suspension (cats, guinea pigs), Metacam 0.5 mg/ml - Oral suspension (dogs)","Death, Endocarditis, Hepatitis, Nasal bleeding, Nephritis, Pleuritis, Septicaemia",1,1,
NZ-ZZELANCORG-NZ201200179,"<a target=""_blank""  href=""/xmlpserver/EVVET3 PW NEW/Subject Area Contents/Public Website/Report (PDF)/AER.xdo?_xpf=&_xpt=1&_params%2FOracle%20BI%20EE%3A%3ADefaultApp%3A%3AEVVET3%20PR%20NEW%2FAER%3A%3Adimension%2FAER%20Id%3A%3Aattribute%3A%3Anoaggr%3A%3Axsd%3Adouble=347830&_xt=AER&_xf=pdf""> AER </a>",2013-01-15 00:00:00,Animal owner,New Zealand,FEMALE,Dog,Retriever - Labrador,"Comfortis 1620 mg  - Chewable tablet, Metacam 0.5 mg/ml - Oral suspension (cats, guinea pigs), Metacam 0.5 mg/ml - Oral suspension (dogs), Metacam 1.5 mg/ml - Oral suspension (dogs), Metacam 15 mg/ml - Oral suspension (horses), Metacam 15 mg/ml - Oral suspension (pigs)","Death by euthanasia, Emesis",1,1,1
SE-DEBIAHP-2010SE00037,"<a target=""_blank""  href=""/xmlpserver/EVVET3 PW NEW/Subject Area Contents/Public Website/Report (PDF)/AER.xdo?_xpf=&_xpt=1&_params%2FOracle%20BI%20EE%3A%3ADefaultApp%3A%3AEVVET3%20PR%20NEW%2FAER%3A%3Adimension%2FAER%20Id%3A%3Aattribute%3A%3Anoaggr%3A%3Axsd%3Adouble=360064&_xt=AER&_xf=pdf""> AER </a>",2013-04-15 00:00:00,Other health care professional,Sweden,FEMALE,Dog,Spaniel - Springer English,"Metacam 1 mg - Chewable tablet (dogs), Metacam 5 mg/ml - Solution for injection (cats, dogs), Metacam 5 mg/ml - Solution for injection (cattle, pigs), Metacam 5 mg/ml - Solution for injection (dogs)","Haemorrhagic diarrhoea, Inappetence, Renal failure, Vomiting",1,1,
SE-DEBIAHP-2011SE00002,"<a target=""_blank""  href=""/xmlpserver/EVVET3 PW NEW/Subject Area Contents/Public Website/Report (PDF)/AER.xdo?_xpf=&_xpt=1&_params%2FOracle%20BI%20EE%3A%3ADefaultApp%3A%3AEVVET3%20PR%20NEW%2FAER%3A%3Adimension%2FAER%20Id%3A%3Aattribute%3A%3Anoaggr%3A%3Axsd%3Adouble=361390&_xt=AER&_xf=pdf""> AER </a>",2013-04-30 00:00:00,Animal owner,Sweden,UNKNOWN,Dog,Spaniel - Cocker English,Metacam 1.5 mg/ml - Oral suspension (dogs),"Behavioural disorder NOS, Hypersensitivity to pain, Lethargy (see also Central nervous system depression in Neurological), Leukopenia NOS",1,1,
SE-DEBIAHP-2011SE00033,"<a target=""_blank""  href=""/xmlpserver/EVVET3 PW NEW/Subject Area Contents/Public Website/Report (PDF)/AER.xdo?_xpf=&_xpt=1&_params%2FOracle%20BI%20EE%3A%3ADefaultApp%3A%3AEVVET3%20PR%20NEW%2FAER%3A%3Adimension%2FAER%20Id%3A%3Aattribute%3A%3Anoaggr%3A%3Axsd%3Adouble=361392&_xt=AER&_xf=pdf""> AER </a>",2013-04-30 00:00:00,Veterinarian,Sweden,MALE,Dog,Boxer (German Boxer),"Metacam 1.5 mg/ml - Oral suspension (dogs), Metacam 5 mg/ml - Solution for injection (cats, dogs), Metacam 5 mg/ml - Solution for injection (cattle, pigs), Metacam 5 mg/ml - Solution for injection (dogs)","Diarrhoea, Hyperventilation, Lethargy (see also Central nervous system depression in Neurological), Vomiting",1,1,
SE-DEBIAHP-2011SE00034,"<a target=""_blank""  href=""/xmlpserver/EVVET3 PW NEW/Subject Area Contents/Public Website/Report (PDF)/AER.xdo?_xpf=&_xpt=1&_params%2FOracle%20BI%20EE%3A%3ADefaultApp%3A%3AEVVET3%20PR%20NEW%2FAER%3A%3Adimension%2FAER%20Id%3A%3Aattribute%3A%3Anoaggr%3A%3Axsd%3Adouble=361393&_xt=AER&_xf=pdf""> AER </a>",2013-04-30 00:00:00,Other health care professional,Sweden,MALE,Dog,Schnauzer (unspecified),Metacam 1.5 mg/ml - Oral suspension (dogs),Lack of efficacy - NOS,1,1,
SE-DEBIAHP-2013SE00014,"<a target=""_blank""  href=""/xmlpserver/EVVET3 PW NEW/Subject Area Contents/Public Website/Report (PDF)/AER.xdo?_xpf=&_xpt=1&_params%2FOracle%20BI%20EE%3A%3ADefaultApp%3A%3AEVVET3%20PR%20NEW%2FAER%3A%3Adimension%2FAER%20Id%3A%3Aattribute%3A%3Anoaggr%3A%3Axsd%3Adouble=365753&_xt=AER&_xf=pdf""> AER </a>",2013-06-18 00:00:00,Veterinarian,Sweden,MALE,Dog,Ridgeback - Rhodesian,"Dexdomitor 0.1 mg/ml - Solution for injection, Dexdomitor 0.5 mg/ml - Solution for injection, Metacam 2.5 mg - Chewable tablet (dogs), Metacam 5 mg/ml - Solution for injection (cats, dogs), Metacam 5 mg/ml - Solution for injection (cattle, pigs), Metacam 5 mg/ml - Solution for injection (dogs), PropoFlo Plus, 10mg/ml, Emulsion for Injection, PropoVet Multidose 10 mg/ml injeksjonsvæske, emulsjon til hund og katt., PropoVet Multidose, 10 mg/ml, émulsion injectable pour chiens et chats, Propovet multidose 10 mg/ml emulsão injetável para cães e gatos","Anorexia, Dehydration, Depression, Emesis, Haemorrhagic diarrhoea",1,1,
SE-DEBIAHP-2013SE00015,"<a target=""_blank""  href=""/xmlpserver/EVVET3 PW NEW/Subject Area Contents/Public Website/Report (PDF)/AER.xdo?_xpf=&_xpt=1&_params%2FOracle%20BI%20EE%3A%3ADefaultApp%3A%3AEVVET3%20PR%20NEW%2FAER%3A%3Adimension%2FAER%20Id%3A%3Aattribute%3A%3Anoaggr%3A%3Axsd%3Adouble=365691&_xt=AER&_xf=pdf""> AER </a>",2013-06-17 00:00:00,Veterinarian,Sweden,FEMALE,Dog,Retriever - Flat-coated,"ANTISEDAN, ANTISEDAN 5 mg/ml SOLUCIÓN INYECTABLE PARA PERROS Y GATOS, ANTISEDAN 5 mg/ml raztopina za injiciranje za pse in mačke, ANTISEDAN 5MG/ML ΕΝΕΣΙΜΟ ΔΙΑΛΥΜΑ, ANTISEDAN SOLUTION INJECTABLE POUR CHIENS ET CHATS, ANTISEDAN, 5 mg/mL, otopina za injekciju, za pse i mačke, Antisedan 5 mg/ 1 ml, roztwór do wstrzykiwań dla psów i kotów, Antisedan 5 mg/ml  Injektionslösung für Hunde und Katzen, Antisedan 5 mg/ml - Injektionslösung für Hunde und Katzen, Antisedan 5 mg/ml Oplossing voor injectie, Antisedan 5 mg/ml Solution injectable, Antisedan 5 mg/ml injekčný roztok pre psy a mačky, Antisedan 5 mg/ml oldatos injekció kutya és macska részére.A.U.V., Antisedan 5 mg/ml solution for injection, Antisedan 5 mg/ml solução injetável para cães e gatos, Antisedan Vet 5 mg/ml injekcinis tirpalas, Antisedan Vet 5 mg/ml šķīdums injekcijām, Antisedan Vet, 5 mg/ml süstelahus, Antisedan Vet. 5 mg/ml injektionsvæske, opløsning, Antisedan vet 5 mg/ml injektioneste, liuos, Antisedan vet. 5 mg/ml Injektionsvätska, lösning, Antisedan vet. 5 mg/ml Stungulyf, lausn Handa hundum og köttum., Antisedan vet. 5 mg/ml injeksjonsvæske, oppløsning, til hund og katt, Antisedan vet., 5 mg/ml, Injektionsvätska, lösning, Antisedan, 5 mg/ml oplossing voor injectie voor honden en katten, Antisedan, 5mg/ml, Injekční roztok, DOLOREX, Dexdomitor 0.1 mg/ml - Solution for injection, Dexdomitor 0.5 mg/ml - Solution for injection, Dolorex 10 mg/ml Solution for Injection for horse, dog and cat, Dolorex 10 mg/ml ενέσιμο διάλυμα για άλογο, σκύλο και γάτα, Metacam 2.5 mg - Chewable tablet (dogs), Metacam 5 mg/ml - Solution for injection (cats, dogs), Metacam 5 mg/ml - Solution for injection (cattle, pigs), Metacam 5 mg/ml - Solution for injection (dogs), АНТИСЕДАН ВЕТ 5 mg/ml инжекционен разтвор","Abdominal pain, Diarrhoea, Haematemesis, Haemorrhagic diarrhoea, Lethargy (see also Central nervous system depression in Neurological), Pale mucous membrane",1,1,
SE-DEBIAHP-2013SE00016,"<a target=""_blank""  href=""/xmlpserver/EVVET3 PW NEW/Subject Area Contents/Public Website/Report (PDF)/AER.xdo?_xpf=&_xpt=1&_params%2FOracle%20BI%20EE%3A%3ADefaultApp%3A%3AEVVET3%20PR%20NEW%2FAER%3A%3Adimension%2FAER%20Id%3A%3Aattribute%3A%3Anoaggr%3A%3Axsd%3Adouble=363916&_xt=AER&_xf=pdf""> AER </a>",2013-05-28 00:00:00,Veterinarian,Sweden,UNKNOWN,Dog,Dog (other),"Dexdomitor 0.1 mg/ml - Solution for injection, Dexdomitor 0.5 mg/ml - Solution for injection, Metacam 1 mg - Chewable tablet (dogs), NOBIVAC DHPPI ΚΟΝΙΣ ΚΑΙ ΔΙΑΛΥΤΗΣ ΓΙΑ ΕΝΕΣΙΜΟ ΕΝΑΙΩΡΗΜΑ, NOBIVAC DHPPi, NOBIVAC DHPPi LIOFILIZADO Y DISOLVENTE PARA SUSPENSION INYECTABLE PARA PERROS, NOBIVAC DHPPi, liofilizat i otapalo za suspenziju za injekciju, za pse, NOBIVAC DHPPi, liofilizatas ir skiediklis injekcinei suspensijai ruošti šunims, Nobivac DHPPI  Lyofilisaat voor suspensie voor injectie, Nobivac DHPPi, Nobivac DHPPi Liofilizat i rozpuszczalnik do sporządzania zawiesiny do wstrzykiwań, Nobivac DHPPi Vet. lyofilisat og solvens til injektionsvæske, suspension, Nobivac DHPPi Vet. lyophilisate and solvent for suspension for injection for dogs, Nobivac DHPPi liofilizado e solvente para suspensão injetável para cães, Nobivac DHPPi liofilizāts un šķīdinātājs suspensijas injekcijām pagatavošanai suņiem, Nobivac DHPPi lyofilizát a rozpúšťadlo na injekčnú suspenziu pre psy, Nobivac DHPPi lyophilisat et solvant pour suspension injectable, Nobivac DHPPi vakcina A.U.V., Nobivac DHPPi vet.   Pulver och vätska till injektionsvätska, suspension, Nobivac DHPPi vet. injektiokuiva-aine ja liuotin, suspensiota varten, Nobivac DHPPi vet. lyofilisat og væske til injekssjonsvæske, suspensjon til hund, Nobivac DHPPi vet., Pulver och vätska till injektionsvätska, suspension, Nobivac DHPPi, Lyofilizát pro injekční suspenzi, Nobivac DHPPi, liofilizatas ir skiediklis injekcinei suspensijai ruošti šunims, Nobivac DHPPi, lyofilisaat en suspendeervloeistof voor suspensie voor injectie voor honden, Nobivac DHPPi, süstesuspensiooni lüofilisaat ja lahusti koertele, PropoFlo Plus, 10mg/ml, Emulsion for Injection, PropoVet Multidose 10 mg/ml injeksjonsvæske, emulsjon til hund og katt., PropoVet Multidose, 10 mg/ml, émulsion injectable pour chiens et chats, Propovet multidose 10 mg/ml emulsão injetável para cães e gatos","Decreased appetite, Haematemesis, Haemorrhagic diarrhoea",1,1,
SE-DEBIAHP-2013SE00021,"<a target=""_blank""  href=""/xmlpserver/EVVET3 PW NEW/Subject Area Contents/Public Website/Report (PDF)/AER.xdo?_xpf=&_xpt=1&_params%2FOracle%20BI%20EE%3A%3ADefaultApp%3A%3AEVVET3%20PR%20NEW%2FAER%3A%3Adimension%2FAER%20Id%3A%3Aattribute%3A%3Anoaggr%3A%3Axsd%3Adouble=365680&_xt=AER&_xf=pdf""> AER </a>",2013-06-17 00:00:00,Veterinarian,Sweden,FEMALE,Dog,Terrier - Yorkshire,"Metacam 1 mg - Chewable tablet (dogs), Metacam 5 mg/ml - Solution for injection (cats, dogs), Metacam 5 mg/ml - Solution for injection (cattle, pigs), Metacam 5 mg/ml - Solution for injection (dogs)","Decreased appetite, Haemorrhagic diarrhoea, Vomiting",1,1,
SE-DEBIAHP-2013SE00028,"<a target=""_blank""  href=""/xmlpserver/EVVET3 PW NEW/Subject Area Contents/Public Website/Report (PDF)/AER.xdo?_xpf=&_xpt=1&_params%2FOracle%20BI%20EE%3A%3ADefaultApp%3A%3AEVVET3%20PR%20NEW%2FAER%3A%3Adimension%2FAER%20Id%3A%3Aattribute%3A%3Anoaggr%3A%3Axsd%3Adouble=366320&_xt=AER&_xf=pdf""> AER </a>",2013-06-25 00:00:00,Veterinarian,Sweden,MALE,Dog,Retriever - Flat-coated,"Metacam 2.5 mg - Chewable tablet (dogs), Metacam 5 mg/ml - Solution for injection (cats, dogs), Metacam 5 mg/ml - Solution for injection (cattle, pigs), Metacam 5 mg/ml - Solution for injection (dogs)","Blood in vomit, Loose stool",1,1,
SE-DEBIAHP-2013SE00031,"<a target=""_blank""  href=""/xmlpserver/EVVET3 PW NEW/Subject Area Contents/Public Website/Report (PDF)/AER.xdo?_xpf=&_xpt=1&_params%2FOracle%20BI%20EE%3A%3ADefaultApp%3A%3AEVVET3%20PR%20NEW%2FAER%3A%3Adimension%2FAER%20Id%3A%3Aattribute%3A%3Anoaggr%3A%3Axsd%3Adouble=366317&_xt=AER&_xf=pdf""> AER </a>",2013-06-25 00:00:00,Veterinarian,Sweden,FEMALE,Dog,Spitz - German Pomeranian,Metacam 1.5 mg/ml - Oral suspension (dogs),"Bloody diarrhoea, Death, Haemorrhagic diarrhoea, Hind limb paralysis, Lethargy (see also Central nervous system depression in Neurological), Vomiting",1,1,
SE-DEBIAHP-2013SE00040,"<a target=""_blank""  href=""/xmlpserver/EVVET3 PW NEW/Subject Area Contents/Public Website/Report (PDF)/AER.xdo?_xpf=&_xpt=1&_params%2FOracle%20BI%20EE%3A%3ADefaultApp%3A%3AEVVET3%20PR%20NEW%2FAER%3A%3Adimension%2FAER%20Id%3A%3Aattribute%3A%3Anoaggr%3A%3Axsd%3Adouble=372846&_xt=AER&_xf=pdf""> AER </a>",2013-09-10 00:00:00,Veterinarian,Sweden,MALE,Dog,Poodle - Miniature,"Metacam 1.5 mg/ml - Oral suspension (dogs), RONAXAN 100 MG COMPRIMES POUR CHIENS ET CHATS, RONAXAN 100 mg COMPRIMIDOS, RONAXAN 100 mg comprimate pentru câini și pisici, RONAXAN 100 mg tablety pre psy a mačky, RONAXAN 100MG/TAB ΔΙΣΚΙΟ, RONAXAN 20 MG COMPRIMES POUR CHIENS ET CHATS, RONAXAN 20 mg COMPRIMIDOS, RONAXAN 20 mg comprimate pentru câini și pisici, RONAXAN 20 mg tablety pre psy a mačky, RONAXAN 20MG/TAB ΔΙΣΚΙΟ, RONAXAN 250 MG COMPRIMES POUR CHIENS, RONAXAN 250 MG/TAB ΔΙΣΚΙΟ, RONAXAN 250 mg comprimate pentru câini, RONAXAN 50 mg/g prášok na perorálny roztok, RONAXAN 500 MG/G POUDRE POUR SOLUTION BUVABLE, RONAXAN 500 mg/g prášok na prípravu perorálneho roztoku, RONAXAN CONCENTRE 20 % POUDRE POUR SOLUTION BUVABLE, RONAXAN DOXYCYCLINE 20 POULET, RONAXAN, 100mg, Tableta, RONAXAN, 20mg, Tableta, RONAXAN, 500mg/g, Prášek pro perorální roztok, Ronaxan 100, Ronaxan 100 mg Tablet, Ronaxan 100 mg compresse per cani e gatti, Ronaxan 100 mg comprimidos para cães, Ronaxan 100 mg comprimés pour chiens et chats, Ronaxan 100 mg tablets for dogs and cats, Ronaxan 100 mg, tablete, za pse i mačke, Ronaxan 20 mg Tablet, Ronaxan 20 mg compresse per cani e gatti, Ronaxan 20 mg comprimidos para cães e gatos, Ronaxan 20 mg comprimés pour chats et chiens, Ronaxan 20 mg tablets for dogs and cats, Ronaxan 250 mg compresse per cani, Ronaxan 250 mg comprimidos para cães, Ronaxan 250 mg, tablete, za pse, Ronaxan 500 mg/g por ivóvízbe/tejpótlóba keveréshez szarvasmarhák, sertések és házityúkok részére A.U.V., Ronaxan Vet. 100 mg tabletter, Ronaxan Vet. 100 mg tabletter til hund og katt, Ronaxan Vet. 20 mg tabletter, Ronaxan Vet. 20 mg tabletter til hund og katt, Ronaxan vet. 100 mg Tablett, Ronaxan vet. 20 mg Tablett","Appetite loss, Elevated liver enzymes NOS",1,1,
SE-DEBIAHP-2013SE00061,"<a target=""_blank""  href=""/xmlpserver/EVVET3 PW NEW/Subject Area Contents/Public Website/Report (PDF)/AER.xdo?_xpf=&_xpt=1&_params%2FOracle%20BI%20EE%3A%3ADefaultApp%3A%3AEVVET3%20PR%20NEW%2FAER%3A%3Adimension%2FAER%20Id%3A%3Aattribute%3A%3Anoaggr%3A%3Axsd%3Adouble=382879&_xt=AER&_xf=pdf""> AER </a>",2013-12-19 00:00:00,Veterinarian,Sweden,UNKNOWN,Dog,Sheepdog - Shetland,Metacam 1.5 mg/ml - Oral suspension (dogs),General illness,1,1,
SE-DEBIAHP-2013SE00064,"<a target=""_blank""  href=""/xmlpserver/EVVET3 PW NEW/Subject Area Contents/Public Website/Report (PDF)/AER.xdo?_xpf=&_xpt=1&_params%2FOracle%20BI%20EE%3A%3ADefaultApp%3A%3AEVVET3%20PR%20NEW%2FAER%3A%3Adimension%2FAER%20Id%3A%3Aattribute%3A%3Anoaggr%3A%3Axsd%3Adouble=382957&_xt=AER&_xf=pdf""> AER </a>",2013-12-23 00:00:00,Veterinarian,Sweden,FEMALE,Dog,Terrier - Jack Russell,"Metacam 1.5 mg/ml - Oral suspension (dogs), Metacam 5 mg/ml - Solution for injection (cats, dogs), Metacam 5 mg/ml - Solution for injection (cattle, pigs), Metacam 5 mg/ml - Solution for injection (dogs)",Vomiting,1,1,
SE-DEBIAHP-2013SE00068,"<a target=""_blank""  href=""/xmlpserver/EVVET3 PW NEW/Subject Area Contents/Public Website/Report (PDF)/AER.xdo?_xpf=&_xpt=1&_params%2FOracle%20BI%20EE%3A%3ADefaultApp%3A%3AEVVET3%20PR%20NEW%2FAER%3A%3Adimension%2FAER%20Id%3A%3Aattribute%3A%3Anoaggr%3A%3Axsd%3Adouble=382819&_xt=AER&_xf=pdf""> AER </a>",2013-12-19 00:00:00,Veterinarian,Sweden,MALE,Dog,Sheepdog - Shetland,Metacam 1.5 mg/ml - Oral suspension (dogs),"Diarrhoea, Inappetence, Vomiting",1,1,
SE-SEMPAV-2012-269,"<a target=""_blank""  href=""/xmlpserver/EVVET3 PW NEW/Subject Area Contents/Public Website/Report (PDF)/AER.xdo?_xpf=&_xpt=1&_params%2FOracle%20BI%20EE%3A%3ADefaultApp%3A%3AEVVET3%20PR%20NEW%2FAER%3A%3Adimension%2FAER%20Id%3A%3Aattribute%3A%3Anoaggr%3A%3Axsd%3Adouble=379231&_xt=AER&_xf=pdf""> AER </a>",2013-11-18 00:00:00,Veterinarian,Sweden,FEMALE,Dog,Crossbred Canine/dog,Metacam 1.5 mg/ml - Oral suspension (dogs),"Death by euthanasia, Diarrhoea, Dullness, Flaccid paralysis, Rectal bleeding, Staggering, Vomiting",1,1,1
SE-SEMPAV-2013-011,"<a target=""_blank""  href=""/xmlpserver/EVVET3 PW NEW/Subject Area Contents/Public Website/Report (PDF)/AER.xdo?_xpf=&_xpt=1&_params%2FOracle%20BI%20EE%3A%3ADefaultApp%3A%3AEVVET3%20PR%20NEW%2FAER%3A%3Adimension%2FAER%20Id%3A%3Aattribute%3A%3Anoaggr%3A%3Axsd%3Adouble=351216&_xt=AER&_xf=pdf""> AER </a>",2013-02-04 00:00:00,Veterinarian,Sweden,MALE,Dog,Spitz - German Pomeranian,"Metacam 0.5 mg/ml - Oral suspension (cats, guinea pigs), Metacam 0.5 mg/ml - Oral suspension (dogs), Metacam 1 mg - Chewable tablet (dogs), Metacam 1.5 mg/ml - Oral suspension (dogs), Metacam 15 mg/ml - Oral suspension (horses), Metacam 15 mg/ml - Oral suspension (pigs), Metacam 2 mg/ml - Solution for injection (cats), Metacam 2.5 mg - Chewable tablet (dogs), Metacam 20 mg/ml - Solution for injection (cattle, pigs, horses), Metacam 40 mg/ml - Solution for injection (cattle, horses), Metacam 5 mg/ml - Solution for injection (cats, dogs), Metacam 5 mg/ml - Solution for injection (cattle, pigs), Metacam 5 mg/ml - Solution for injection (dogs)","Abdominal pain, Acidosis, Bloody diarrhoea, Death, Vomiting",1,1,1
SE-SEMPAV-2013-048,"<a target=""_blank""  href=""/xmlpserver/EVVET3 PW NEW/Subject Area Contents/Public Website/Report (PDF)/AER.xdo?_xpf=&_xpt=1&_params%2FOracle%20BI%20EE%3A%3ADefaultApp%3A%3AEVVET3%20PR%20NEW%2FAER%3A%3Adimension%2FAER%20Id%3A%3Aattribute%3A%3Anoaggr%3A%3Axsd%3Adouble=356527&_xt=AER&_xf=pdf""> AER </a>",2013-03-11 00:00:00,Veterinarian,Sweden,FEMALE,Dog,"Deutsche Dogge, Great Dane","AMOXIVAL 20 % POUDRE ORALE VOLAILLE, AMOXIVAL 200 MG COMPRIMES POUR CHIEN ET CHAT, AMOXIVAL 40 FELIN COMPRIMES, AMOXIVAL 400 MG COMPRIMES POUR CHIEN, AMOXIVAL AMOXICILLINE 40 PREMELANGE MEDICAMENTEUX VOLAILLES, AMOXIVAL VET 200 mg tablets for dogs, AMOXIVAL VET 400 mg tablets for dogs, Metacam 0.5 mg/ml - Oral suspension (cats, guinea pigs), Metacam 0.5 mg/ml - Oral suspension (dogs), Metacam 1 mg - Chewable tablet (dogs), Metacam 1.5 mg/ml - Oral suspension (dogs), Metacam 15 mg/ml - Oral suspension (horses), Metacam 15 mg/ml - Oral suspension (pigs), Metacam 2 mg/ml - Solution for injection (cats), Metacam 2.5 mg - Chewable tablet (dogs), Metacam 20 mg/ml - Solution for injection (cattle, pigs, horses), Metacam 40 mg/ml - Solution for injection (cattle, horses), Metacam 5 mg/ml - Solution for injection (cats, dogs), Metacam 5 mg/ml - Solution for injection (cattle, pigs), Metacam 5 mg/ml - Solution for injection (dogs)","Abdominal pain, Death by euthanasia, Duodenal ulcer, Fever, Hypersalivation, Inappetence, Peritonitis, Tarry or black stool (see also haemorrhagic diarrhoea), Vomiting",1,1,1
SE-SEMPAV-2013-169,"<a target=""_blank""  href=""/xmlpserver/EVVET3 PW NEW/Subject Area Contents/Public Website/Report (PDF)/AER.xdo?_xpf=&_xpt=1&_params%2FOracle%20BI%20EE%3A%3ADefaultApp%3A%3AEVVET3%20PR%20NEW%2FAER%3A%3Adimension%2FAER%20Id%3A%3Aattribute%3A%3Anoaggr%3A%3Axsd%3Adouble=366249&_xt=AER&_xf=pdf""> AER </a>",2013-06-24 00:00:00,Veterinarian,Sweden,MALE,Dog,Leonberger,"Cimalgex 30 mg - Chewable tablet, Cimalgex 8 mg - Chewable tablet, Cimalgex 80 mg - Chewable tablet, Metacam 0.5 mg/ml - Oral suspension (cats, guinea pigs), Metacam 0.5 mg/ml - Oral suspension (dogs), Metacam 1 mg - Chewable tablet (dogs), Metacam 1.5 mg/ml - Oral suspension (dogs), Metacam 15 mg/ml - Oral suspension (horses), Metacam 15 mg/ml - Oral suspension (pigs), Metacam 2 mg/ml - Solution for injection (cats), Metacam 2.5 mg - Chewable tablet (dogs), Metacam 20 mg/ml - Solution for injection (cattle, pigs, horses), Metacam 40 mg/ml - Solution for injection (cattle, horses), Metacam 5 mg/ml - Solution for injection (cats, dogs), Metacam 5 mg/ml - Solution for injection (cattle, pigs), Metacam 5 mg/ml - Solution for injection (dogs)","Blood in faeces, Vomiting",1,1,
SE-SEMPAV-2013-200,"<a target=""_blank""  href=""/xmlpserver/EVVET3 PW NEW/Subject Area Contents/Public Website/Report (PDF)/AER.xdo?_xpf=&_xpt=1&_params%2FOracle%20BI%20EE%3A%3ADefaultApp%3A%3AEVVET3%20PR%20NEW%2FAER%3A%3Adimension%2FAER%20Id%3A%3Aattribute%3A%3Anoaggr%3A%3Axsd%3Adouble=370872&_xt=AER&_xf=pdf""> AER </a>",2013-08-19 00:00:00,Animal owner,Sweden,MALE,Dog,Dog (other),Metacam 1.5 mg/ml - Oral suspension (dogs),"Anaphylactic shock, Anorexia, Apathy, Blood in vomit, Bloody diarrhoea, Diarrhoea, Septicaemia",1,1,
SE-SEMPAV-2013-398,"<a target=""_blank""  href=""/xmlpserver/EVVET3 PW NEW/Subject Area Contents/Public Website/Report (PDF)/AER.xdo?_xpf=&_xpt=1&_params%2FOracle%20BI%20EE%3A%3ADefaultApp%3A%3AEVVET3%20PR%20NEW%2FAER%3A%3Adimension%2FAER%20Id%3A%3Aattribute%3A%3Anoaggr%3A%3Axsd%3Adouble=383325&_xt=AER&_xf=pdf""> AER </a>",2013-12-27 00:00:00,Veterinarian,Sweden,MALE,Dog,Terrier - West Highland White,Metacam 1.5 mg/ml - Oral suspension (dogs),"Bloody diarrhoea, Hyperaemic mucous membrane, Vomiting",1,1,
SE-SEMPAV-2013-401,"<a target=""_blank""  href=""/xmlpserver/EVVET3 PW NEW/Subject Area Contents/Public Website/Report (PDF)/AER.xdo?_xpf=&_xpt=1&_params%2FOracle%20BI%20EE%3A%3ADefaultApp%3A%3AEVVET3%20PR%20NEW%2FAER%3A%3Adimension%2FAER%20Id%3A%3Aattribute%3A%3Anoaggr%3A%3Axsd%3Adouble=383723&_xt=AER&_xf=pdf""> AER </a>",2013-12-30 00:00:00,Veterinarian,Sweden,MALE,Dog,Chihuahua,"Metacam 0.5 mg/ml - Oral suspension (cats, guinea pigs), Metacam 0.5 mg/ml - Oral suspension (dogs), Metacam 1 mg - Chewable tablet (dogs), Metacam 1.5 mg/ml - Oral suspension (dogs), Metacam 15 mg/ml - Oral suspension (horses), Metacam 15 mg/ml - Oral suspension (pigs), Metacam 2 mg/ml - Solution for injection (cats), Metacam 2.5 mg - Chewable tablet (dogs), Metacam 20 mg/ml - Solution for injection (cattle, pigs, horses), Metacam 40 mg/ml - Solution for injection (cattle, horses), Metacam 5 mg/ml - Solution for injection (cats, dogs), Metacam 5 mg/ml - Solution for injection (cattle, pigs), Metacam 5 mg/ml - Solution for injection (dogs)","Bacterial skin infection NOS, Lichenification, Localised itching, Skin ulcer",1,1,
SE-UKPFIZAH-2012-SE-00037,"<a target=""_blank""  href=""/xmlpserver/EVVET3 PW NEW/Subject Area Contents/Public Website/Report (PDF)/AER.xdo?_xpf=&_xpt=1&_params%2FOracle%20BI%20EE%3A%3ADefaultApp%3A%3AEVVET3%20PR%20NEW%2FAER%3A%3Adimension%2FAER%20Id%3A%3Aattribute%3A%3Anoaggr%3A%3Axsd%3Adouble=353450&_xt=AER&_xf=pdf""> AER </a>",2013-02-19 00:00:00,Veterinarian,Sweden,MALE,Dog,Shepherd Dog - German,"Metacam 2 mg/ml - Solution for injection (cats), Metacam 20 mg/ml - Solution for injection (cattle, pigs, horses), Metacam 40 mg/ml - Solution for injection (cattle, horses), Metacam 5 mg/ml - Solution for injection (cats, dogs), Metacam 5 mg/ml - Solution for injection (cattle, pigs), Metacam 5 mg/ml - Solution for injection (dogs), Rimadyl Palatable Tablets da 50 mg per cani","Death by euthanasia, Polydipsia, Polyuria, Tense abdomen",1,1,1
UK-VMD-0256/13,"<a target=""_blank""  href=""/xmlpserver/EVVET3 PW NEW/Subject Area Contents/Public Website/Report (PDF)/AER.xdo?_xpf=&_xpt=1&_params%2FOracle%20BI%20EE%3A%3ADefaultApp%3A%3AEVVET3%20PR%20NEW%2FAER%3A%3Adimension%2FAER%20Id%3A%3Aattribute%3A%3Anoaggr%3A%3Axsd%3Adouble=350521&_xt=AER&_xf=pdf""> AER </a>",2013-01-30 00:00:00,Veterinarian,United Kingdom,MALE,Dog,Weimaraner,"Metacam 1.5 mg/ml - Oral suspension (dogs), Vetofol 10 mg/ml Emulsion for Injection for Cats and Dogs, Vetofol 10mg/ml Emulsion for Injection for cats and dogs","Agitation, Constipation, Death by euthanasia, General pain (see other SOCs for specific pain), Haemorrhagic diarrhoea, Recumbency, Weakness",1,1,1
UK-VMD-0809/13,"<a target=""_blank""  href=""/xmlpserver/EVVET3 PW NEW/Subject Area Contents/Public Website/Report (PDF)/AER.xdo?_xpf=&_xpt=1&_params%2FOracle%20BI%20EE%3A%3ADefaultApp%3A%3AEVVET3%20PR%20NEW%2FAER%3A%3Adimension%2FAER%20Id%3A%3Aattribute%3A%3Anoaggr%3A%3Axsd%3Adouble=351857&_xt=AER&_xf=pdf""> AER </a>",2013-02-07 00:00:00,Veterinarian,United Kingdom,FEMALE,Dog,Retriever - Labrador,Metacam 1.5 mg/ml - Oral suspension (dogs),"Coma, Death, Hepatitis, Liver failure, Vomiting",1,1,1
UK-VMD-0968/13,"<a target=""_blank""  href=""/xmlpserver/EVVET3 PW NEW/Subject Area Contents/Public Website/Report (PDF)/AER.xdo?_xpf=&_xpt=1&_params%2FOracle%20BI%20EE%3A%3ADefaultApp%3A%3AEVVET3%20PR%20NEW%2FAER%3A%3Adimension%2FAER%20Id%3A%3Aattribute%3A%3Anoaggr%3A%3Axsd%3Adouble=356630&_xt=AER&_xf=pdf""> AER </a>",2013-03-11 00:00:00,Veterinarian,United Kingdom,FEMALE,Dog,Retriever - Labrador,Metacam 1.5 mg/ml - Oral suspension (dogs),"Anorexia, Death by euthanasia, Gastroenteritis, Haemorrhagic diarrhoea, Vomiting",1,1,1
UK-VMD-1471/13,"<a target=""_blank""  href=""/xmlpserver/EVVET3 PW NEW/Subject Area Contents/Public Website/Report (PDF)/AER.xdo?_xpf=&_xpt=1&_params%2FOracle%20BI%20EE%3A%3ADefaultApp%3A%3AEVVET3%20PR%20NEW%2FAER%3A%3Adimension%2FAER%20Id%3A%3Aattribute%3A%3Anoaggr%3A%3Axsd%3Adouble=362855&_xt=AER&_xf=pdf""> AER </a>",2013-05-15 00:00:00,Veterinarian,United Kingdom,FEMALE,Dog,Retriever - Labrador,"Dimazon Vet. 50 mg/ml injektionsvæske, opløsning, Metacam 1.5 mg/ml - Oral suspension (dogs)","Death by euthanasia, Elevated alanine aminotransferase (ALT), Elevated blood urea nitrogen (BUN), Elevated creatinine, Renal failure, Vomiting",1,1,1
UK-VMD-2735/13,"<a target=""_blank""  href=""/xmlpserver/EVVET3 PW NEW/Subject Area Contents/Public Website/Report (PDF)/AER.xdo?_xpf=&_xpt=1&_params%2FOracle%20BI%20EE%3A%3ADefaultApp%3A%3AEVVET3%20PR%20NEW%2FAER%3A%3Adimension%2FAER%20Id%3A%3Aattribute%3A%3Anoaggr%3A%3Axsd%3Adouble=369385&_xt=AER&_xf=pdf""> AER </a>",2013-08-01 00:00:00,Veterinarian,United Kingdom,MALE,Dog,Crossbred Canine/dog,Metacam 1.5 mg/ml - Oral suspension (dogs),"Ataxia, Blood in vomit, Bloody diarrhoea, Death by euthanasia, Decreased body temperature",1,1,1
UK-VMD-2847/13,"<a target=""_blank""  href=""/xmlpserver/EVVET3 PW NEW/Subject Area Contents/Public Website/Report (PDF)/AER.xdo?_xpf=&_xpt=1&_params%2FOracle%20BI%20EE%3A%3ADefaultApp%3A%3AEVVET3%20PR%20NEW%2FAER%3A%3Adimension%2FAER%20Id%3A%3Aattribute%3A%3Anoaggr%3A%3Axsd%3Adouble=369648&_xt=AER&_xf=pdf""> AER </a>",2013-08-05 00:00:00,Veterinarian,United Kingdom,MALE,Dog,Siberian Husky,"Metacam 5 mg/ml - Solution for injection (cats, dogs), Metacam 5 mg/ml - Solution for injection (cattle, pigs), Metacam 5 mg/ml - Solution for injection (dogs)",Tonic seizure,1,1,
UK-VMD-3687/13,"<a target=""_blank""  href=""/xmlpserver/EVVET3 PW NEW/Subject Area Contents/Public Website/Report (PDF)/AER.xdo?_xpf=&_xpt=1&_params%2FOracle%20BI%20EE%3A%3ADefaultApp%3A%3AEVVET3%20PR%20NEW%2FAER%3A%3Adimension%2FAER%20Id%3A%3Aattribute%3A%3Anoaggr%3A%3Axsd%3Adouble=381886&_xt=AER&_xf=pdf""> AER </a>",2013-12-10 00:00:00,Veterinarian,United Kingdom,MALE,Dog,Crossbred Canine/dog,Metacam 1.5 mg/ml - Oral suspension (dogs),"Diarrhoea, Tonic-clonic seizure, Vomiting",1,1,
US-ABBOTTAH-CPT1300001599,"<a target=""_blank""  href=""/xmlpserver/EVVET3 PW NEW/Subject Area Contents/Public Website/Report (PDF)/AER.xdo?_xpf=&_xpt=1&_params%2FOracle%20BI%20EE%3A%3ADefaultApp%3A%3AEVVET3%20PR%20NEW%2FAER%3A%3Adimension%2FAER%20Id%3A%3Aattribute%3A%3Anoaggr%3A%3Axsd%3Adouble=350507&_xt=AER&_xf=pdf""> AER </a>",2013-01-30 00:00:00,Veterinarian,United States,FEMALE,Dog,Crossbred Canine/dog,"ACEPROMAZINE 10%/AGROSEED CANDILIDIS ενέσιμο διάλυμα 10 mg/ml για σκύλο και γάτα, Fuxien vet 1000 mg/g inhalaatiohöyry, neste, ISOFLURANE-Vet 1000 mg/g liquido per inalazione per cani e gatti, ISOFLURIN 1000mg/g ΥΓΡΟ ΓΙΑ ΕΙΣΠΝΕΟΜΕΝΟΥΣ ΑΤΜΟΥΣ, Isoflurane 100% Inhalation Vapour, Liquid, Isoflurane 1000 mg/g Inhalation Vapour, liquid., MARAVET AMOXICILLIN, Metacam 0.5 mg/ml - Oral suspension (cats, guinea pigs), Metacam 0.5 mg/ml - Oral suspension (dogs), Metacam 1 mg - Chewable tablet (dogs), Metacam 1.5 mg/ml - Oral suspension (dogs), Metacam 15 mg/ml - Oral suspension (horses), Metacam 15 mg/ml - Oral suspension (pigs), Metacam 2 mg/ml - Solution for injection (cats), Metacam 2.5 mg - Chewable tablet (dogs), Metacam 20 mg/ml - Solution for injection (cattle, pigs, horses), Metacam 40 mg/ml - Solution for injection (cattle, horses), Metacam 5 mg/ml - Solution for injection (cats, dogs), Metacam 5 mg/ml - Solution for injection (cattle, pigs), Metacam 5 mg/ml - Solution for injection (dogs), PropoFlo Plus, 10mg/ml, Emulsion for Injection","Death, Pulmonary oedema, Respiratory arrest",1,1,1
US-DEBIAHP-2010US06210,"<a target=""_blank""  href=""/xmlpserver/EVVET3 PW NEW/Subject Area Contents/Public Website/Report (PDF)/AER.xdo?_xpf=&_xpt=1&_params%2FOracle%20BI%20EE%3A%3ADefaultApp%3A%3AEVVET3%20PR%20NEW%2FAER%3A%3Adimension%2FAER%20Id%3A%3Aattribute%3A%3Anoaggr%3A%3Axsd%3Adouble=361078&_xt=AER&_xf=pdf""> AER </a>",2013-04-26 00:00:00,Animal owner,United States,FEMALE,Dog,Collie - Border,"FRONTLINE 0,25G/100ML ΑΕΡΟΛΥΜΑ ΓΙΑ ΤΟΠΙΚΗ ΧΡΗΣΗ, FRONTLINE 134 mg, solutie spot on pentru caine M, FRONTLINE 268 mg, solutie spot on pentru caine L, FRONTLINE 402 mg, solutie spot on pentru câine XL, FRONTLINE 50 mg, solutie spot on pentru pisica, FRONTLINE 67 mg, solutie spot on pentru caine S, FRONTLINE L, užlašinamasis tirpalas šunims, FRONTLINE M, užlašinamasis tirpalas šunims, FRONTLINE S, užlašinamasis tirpalas šunims, FRONTLINE SPOT ON CANI 100 mg/ml, FRONTLINE SPOT ON CHIEN L, FRONTLINE SPOT ON CHIEN M, FRONTLINE SPOT ON CHIEN S, FRONTLINE SPOT ON DOG  2-10 kg, FRONTLINE SPOT ON DOG, L, Roztok pro nakapání na kůži - spot-on, FRONTLINE SPOT ON DOG, M, Roztok pro nakapání na kůži - spot-on, FRONTLINE SPOT ON DOG, XL, Roztok pro nakapání na kůži - spot-on, FRONTLINE SPOT ON GATO, FRONTLINE SPOT ON GATTI 100 mg/ml, FRONTLINE SPOT ON PERRO 10-20 KG, FRONTLINE SPOT ON PERRO 2-10 KG, FRONTLINE SPOT ON PERRO 20-40 KG, FRONTLINE SPOT ON PERRO > 40 KG, FRONTLINE SPOT ON pro kočky, Roztok pro nakapání na kůži - spot-on, FRONTLINE SPOT PRO PSY, S, Roztok pro nakapání na kůži - spot-on, FRONTLINE SPOT- ON DOG (10-20KG) SOLUTION 10% W/V, FRONTLINE SPOT-ON CAT, FRONTLINE SPOT-ON CHAT, FRONTLINE SPOT-ON CHIEN XL, FRONTLINE SPOT-ON DOG (20-40KG) SOLUTION 10%W/V, FRONTLINE SPRAY (fipronil 0,25%), FRONTLINE SPRAY 2,5 mg/ml SOLUCION PARA PULVERIZACION CUTANEA, FRONTLINE SPRAY POMPE 0,5 ML, FRONTLINE SPRAY POMPE 1,5 ML, FRONTLINE SPRAY, 2.5mg/ml, Kožní sprej, roztok, FRONTLINE SPRAY, sprej za kožu, otopina, za pse i mačke, FRONTLINE Spot-on CAT, 50 mg/0,5 mL, otopina za nakapavanje, za mačke, FRONTLINE Spot-on Dog L, 268 mg/2,68 mL, otopina za nakapavanje, za pse, FRONTLINE Spot-on Dog M, 134 mg/1,34 mL, otopina za nakapavanje, za pse, FRONTLINE Spot-on Dog S, 67 mg/0,67 mL, otopina za nakapavanje, za pse, FRONTLINE Spot-on Dog XL, 402,00 mg/4,02 mL, otopina za nakapavanje, za pse, FRONTLINE Spray, 0.25g/100ml, Αερόλυμα για τοπική χρήση για σκύλους και γάτες, FRONTLINE XL, užlašinamasis tirpalas šunims, FRONTLINE kožni nanos, raztopina za male pse, FRONTLINE kožni nanos, raztopina za mačke, FRONTLINE kožni nanos, raztopina za srednje velike pse, FRONTLINE kožni nanos, raztopina za velike pse, FRONTLINE kožni nanos, raztopina za zelo velike pse, FRONTLINE spot-on pre mačky, FRONTLINE spot-on pre psy (M), FRONTLINE spot-on pre psy (S), FRONTLINE spot-on pre psy (XL), FRONTLINE spot-on pre psy L, FRONTLINE spray 2,5 mg/ml pentru câini şi pisici, FRONTLINE, odos purškalas, tirpalas, FRONTLINE, užlašinamasis tirpalas katėms, Frontline 0,25 g/100 ml külsőleges oldatos spray A.U.V., Frontline 0,5 ml - Pumpspray für Hunde und Katzen, Frontline 1,5 ml - Pumpspray für Hunde und Katzen, Frontline 134 mg/1,34 ml rácsepegtető oldat kutyáknak (M), Frontline 268 mg/2,68 ml rácsepegtető oldat kutyáknak (L), Frontline 402 mg/4,02 ml rácsepegtető oldat kutyáknak (XL), Frontline 50 mg spot on oplossing voor katten, Frontline 50 mg/ 0,5 ml rácsepegtető oldat macskáknak, Frontline 67 mg/0,67 ml rácsepegtető oldat kutyáknak S, Frontline Pour-On Vet. 100 mg/ml kutanopløsning, Frontline Spot On Cat, Frontline Spot On Dog, Frontline Spot On, 134 mg täpilahus koertele, Frontline Spot On, 268 mg täpilahus koertele, Frontline Spot On, 402 mg täpilahus koertele, Frontline Spot On, 50 mg täpilahus kassidele, Frontline Spot On, 67 mg täpilahus koertele, Frontline Spot on Hund L, Frontline Spot on Hund L 268 mg Lösung zum Auftropfen auf die Haut für Hunde, Frontline Spot on Hund M, Frontline Spot on Hund M 134 mg Lösung zum Auftropfen auf die Haut für Hunde, Frontline Spot on Hund S, Frontline Spot on Hund S 67 mg Lösung zum Auftropfen auf die Haut für Hunde, Frontline Spot on Katze, Frontline Spot on Katze 50 mg Lösung zum Auftropfen auf die Haut für Katzen, Frontline Spot-On 50 mg/0,50 ml Roztwór do nakrapiania, Frontline Spot-On L 268 mg/ 2,68 ml Roztwór do nakrapiania, Frontline Spot-On M 134 mg / 1,34 ml Roztwór do nakrapiania, Frontline Spot-On S 67 mg Roztwór do n",Alopecia general,1,1,
US-DEBIAHP-2010US06943,"<a target=""_blank""  href=""/xmlpserver/EVVET3 PW NEW/Subject Area Contents/Public Website/Report (PDF)/AER.xdo?_xpf=&_xpt=1&_params%2FOracle%20BI%20EE%3A%3ADefaultApp%3A%3AEVVET3%20PR%20NEW%2FAER%3A%3Adimension%2FAER%20Id%3A%3Aattribute%3A%3Anoaggr%3A%3Axsd%3Adouble=361839&_xt=AER&_xf=pdf""> AER </a>",2013-05-01 00:00:00,Animal owner,United States,MALE,Dog,Dog (other),Metacam 1.5 mg/ml - Oral suspension (dogs),Lack of efficacy - NOS,1,1,
US-DEBIAHP-2010US07257,"<a target=""_blank""  href=""/xmlpserver/EVVET3 PW NEW/Subject Area Contents/Public Website/Report (PDF)/AER.xdo?_xpf=&_xpt=1&_params%2FOracle%20BI%20EE%3A%3ADefaultApp%3A%3AEVVET3%20PR%20NEW%2FAER%3A%3Adimension%2FAER%20Id%3A%3Aattribute%3A%3Anoaggr%3A%3Axsd%3Adouble=361077&_xt=AER&_xf=pdf""> AER </a>",2013-04-26 00:00:00,Animal owner,United States,MALE,Dog,Spaniel - Springer English,Metacam 1.5 mg/ml - Oral suspension (dogs),Vomiting,1,1,
US-DEBIAHP-2010US07333,"<a target=""_blank""  href=""/xmlpserver/EVVET3 PW NEW/Subject Area Contents/Public Website/Report (PDF)/AER.xdo?_xpf=&_xpt=1&_params%2FOracle%20BI%20EE%3A%3ADefaultApp%3A%3AEVVET3%20PR%20NEW%2FAER%3A%3Adimension%2FAER%20Id%3A%3Aattribute%3A%3Anoaggr%3A%3Axsd%3Adouble=361415&_xt=AER&_xf=pdf""> AER </a>",2013-04-30 00:00:00,Animal owner,United States,MALE,Dog,Terrier - Boston,Metacam 1.5 mg/ml - Oral suspension (dogs),Lack of efficacy - NOS,1,1,
US-DEBIAHP-2010US07637,"<a target=""_blank""  href=""/xmlpserver/EVVET3 PW NEW/Subject Area Contents/Public Website/Report (PDF)/AER.xdo?_xpf=&_xpt=1&_params%2FOracle%20BI%20EE%3A%3ADefaultApp%3A%3AEVVET3%20PR%20NEW%2FAER%3A%3Adimension%2FAER%20Id%3A%3Aattribute%3A%3Anoaggr%3A%3Axsd%3Adouble=361416&_xt=AER&_xf=pdf""> AER </a>",2013-04-30 00:00:00,Animal owner,United States,UNKNOWN,Dog,"Dog (other), Hound - Swiss - (Lucerne Hound (Luzerner Laufhund), Schwyz Hound (Schweizer Laufhund), Bernese Hound, Jura Hound)",Metacam 1.5 mg/ml - Oral suspension (dogs),"Behavioural disorder NOS, Lethargy (see also Central nervous system depression in Neurological)",1,1,
US-DEBIAHP-2010US07755,"<a target=""_blank""  href=""/xmlpserver/EVVET3 PW NEW/Subject Area Contents/Public Website/Report (PDF)/AER.xdo?_xpf=&_xpt=1&_params%2FOracle%20BI%20EE%3A%3ADefaultApp%3A%3AEVVET3%20PR%20NEW%2FAER%3A%3Adimension%2FAER%20Id%3A%3Aattribute%3A%3Anoaggr%3A%3Axsd%3Adouble=361920&_xt=AER&_xf=pdf""> AER </a>",2013-05-02 00:00:00,Animal owner,United States,MALE,Dog,Chihuahua,"Metacam 0.5 mg/ml - Oral suspension (cats, guinea pigs), Metacam 0.5 mg/ml - Oral suspension (dogs)",Pruritus,1,1,
US-DEBIAHP-2010US08048,"<a target=""_blank""  href=""/xmlpserver/EVVET3 PW NEW/Subject Area Contents/Public Website/Report (PDF)/AER.xdo?_xpf=&_xpt=1&_params%2FOracle%20BI%20EE%3A%3ADefaultApp%3A%3AEVVET3%20PR%20NEW%2FAER%3A%3Adimension%2FAER%20Id%3A%3Aattribute%3A%3Anoaggr%3A%3Axsd%3Adouble=361417&_xt=AER&_xf=pdf""> AER </a>",2013-04-30 00:00:00,Animal owner,United States,MALE,Dog,Rottweiler,Metacam 1.5 mg/ml - Oral suspension (dogs),Swelling NOS,1,1,
US-DEBIAHP-2010US08123,"<a target=""_blank""  href=""/xmlpserver/EVVET3 PW NEW/Subject Area Contents/Public Website/Report (PDF)/AER.xdo?_xpf=&_xpt=1&_params%2FOracle%20BI%20EE%3A%3ADefaultApp%3A%3AEVVET3%20PR%20NEW%2FAER%3A%3Adimension%2FAER%20Id%3A%3Aattribute%3A%3Anoaggr%3A%3Axsd%3Adouble=361418&_xt=AER&_xf=pdf""> AER </a>",2013-04-30 00:00:00,Animal owner,United States,MALE,Dog,Chihuahua,Metacam 1.5 mg/ml - Oral suspension (dogs),Anorexia,1,1,
US-DEBIAHP-2010US08145,"<a target=""_blank""  href=""/xmlpserver/EVVET3 PW NEW/Subject Area Contents/Public Website/Report (PDF)/AER.xdo?_xpf=&_xpt=1&_params%2FOracle%20BI%20EE%3A%3ADefaultApp%3A%3AEVVET3%20PR%20NEW%2FAER%3A%3Adimension%2FAER%20Id%3A%3Aattribute%3A%3Anoaggr%3A%3Axsd%3Adouble=361419&_xt=AER&_xf=pdf""> AER </a>",2013-04-30 00:00:00,Animal owner,United States,FEMALE,Dog,Collie - Border,Metacam 1.5 mg/ml - Oral suspension (dogs),"Adipsia, Anorexia, Diarrhoea, Listless, Vomiting",1,1,
US-DEBIAHP-2010US08798,"<a target=""_blank""  href=""/xmlpserver/EVVET3 PW NEW/Subject Area Contents/Public Website/Report (PDF)/AER.xdo?_xpf=&_xpt=1&_params%2FOracle%20BI%20EE%3A%3ADefaultApp%3A%3AEVVET3%20PR%20NEW%2FAER%3A%3Adimension%2FAER%20Id%3A%3Aattribute%3A%3Anoaggr%3A%3Axsd%3Adouble=361420&_xt=AER&_xf=pdf""> AER </a>",2013-04-30 00:00:00,Animal owner,United States,MALE,Dog,Maltese,Metacam 1.5 mg/ml - Oral suspension (dogs),Diarrhoea,1,1,
US-DEBIAHP-2010US09202,"<a target=""_blank""  href=""/xmlpserver/EVVET3 PW NEW/Subject Area Contents/Public Website/Report (PDF)/AER.xdo?_xpf=&_xpt=1&_params%2FOracle%20BI%20EE%3A%3ADefaultApp%3A%3AEVVET3%20PR%20NEW%2FAER%3A%3Adimension%2FAER%20Id%3A%3Aattribute%3A%3Anoaggr%3A%3Axsd%3Adouble=361080&_xt=AER&_xf=pdf""> AER </a>",2013-04-26 00:00:00,Animal owner,United States,FEMALE,Dog,Pug,Metacam 1.5 mg/ml - Oral suspension (dogs),"Alopecia local, Pruritus",1,1,
US-DEBIAHP-2010US09883,"<a target=""_blank""  href=""/xmlpserver/EVVET3 PW NEW/Subject Area Contents/Public Website/Report (PDF)/AER.xdo?_xpf=&_xpt=1&_params%2FOracle%20BI%20EE%3A%3ADefaultApp%3A%3AEVVET3%20PR%20NEW%2FAER%3A%3Adimension%2FAER%20Id%3A%3Aattribute%3A%3Anoaggr%3A%3Axsd%3Adouble=361922&_xt=AER&_xf=pdf""> AER </a>",2013-05-02 00:00:00,Animal owner,United States,FEMALE,Dog,Chihuahua,"Metacam 0.5 mg/ml - Oral suspension (cats, guinea pigs), Metacam 0.5 mg/ml - Oral suspension (dogs)","Facial swelling (see also Skin), Lethargy (see also Central nervous system depression in Neurological)",1,1,
US-DEBIAHP-2010US09912,"<a target=""_blank""  href=""/xmlpserver/EVVET3 PW NEW/Subject Area Contents/Public Website/Report (PDF)/AER.xdo?_xpf=&_xpt=1&_params%2FOracle%20BI%20EE%3A%3ADefaultApp%3A%3AEVVET3%20PR%20NEW%2FAER%3A%3Adimension%2FAER%20Id%3A%3Aattribute%3A%3Anoaggr%3A%3Axsd%3Adouble=361421&_xt=AER&_xf=pdf""> AER </a>",2013-04-30 00:00:00,Animal owner,United States,MALE,Dog,Crossbred Canine/dog,Metacam 1.5 mg/ml - Oral suspension (dogs),Lethargy (see also Central nervous system depression in Neurological),1,1,
US-DEBIAHP-2010US10083,"<a target=""_blank""  href=""/xmlpserver/EVVET3 PW NEW/Subject Area Contents/Public Website/Report (PDF)/AER.xdo?_xpf=&_xpt=1&_params%2FOracle%20BI%20EE%3A%3ADefaultApp%3A%3AEVVET3%20PR%20NEW%2FAER%3A%3Adimension%2FAER%20Id%3A%3Aattribute%3A%3Anoaggr%3A%3Axsd%3Adouble=361422&_xt=AER&_xf=pdf""> AER </a>",2013-04-30 00:00:00,Animal owner,United States,FEMALE,Dog,Chow Chow,Metacam 1.5 mg/ml - Oral suspension (dogs),"Abdominal pain, Diarrhoea, Inappetence, Weight loss",1,1,
US-DEBIAHP-2010US10176,"<a target=""_blank""  href=""/xmlpserver/EVVET3 PW NEW/Subject Area Contents/Public Website/Report (PDF)/AER.xdo?_xpf=&_xpt=1&_params%2FOracle%20BI%20EE%3A%3ADefaultApp%3A%3AEVVET3%20PR%20NEW%2FAER%3A%3Adimension%2FAER%20Id%3A%3Aattribute%3A%3Anoaggr%3A%3Axsd%3Adouble=361423&_xt=AER&_xf=pdf""> AER </a>",2013-04-30 00:00:00,Animal owner,United States,MALE,Dog,Sheepdog - Shetland,Metacam 1.5 mg/ml - Oral suspension (dogs),Lack of efficacy - NOS,1,1,
US-DEBIAHP-2010US10525,"<a target=""_blank""  href=""/xmlpserver/EVVET3 PW NEW/Subject Area Contents/Public Website/Report (PDF)/AER.xdo?_xpf=&_xpt=1&_params%2FOracle%20BI%20EE%3A%3ADefaultApp%3A%3AEVVET3%20PR%20NEW%2FAER%3A%3Adimension%2FAER%20Id%3A%3Aattribute%3A%3Anoaggr%3A%3Axsd%3Adouble=361424&_xt=AER&_xf=pdf""> AER </a>",2013-04-30 00:00:00,Animal owner,United States,FEMALE,Dog,Shih Tzu,Metacam 1.5 mg/ml - Oral suspension (dogs),Vomiting,1,1,
US-DEBIAHP-2010US10756,"<a target=""_blank""  href=""/xmlpserver/EVVET3 PW NEW/Subject Area Contents/Public Website/Report (PDF)/AER.xdo?_xpf=&_xpt=1&_params%2FOracle%20BI%20EE%3A%3ADefaultApp%3A%3AEVVET3%20PR%20NEW%2FAER%3A%3Adimension%2FAER%20Id%3A%3Aattribute%3A%3Anoaggr%3A%3Axsd%3Adouble=361425&_xt=AER&_xf=pdf""> AER </a>",2013-04-30 00:00:00,Other health care professional,United States,UNKNOWN,Dog,"Dog (other), Hound - Swiss - (Lucerne Hound (Luzerner Laufhund), Schwyz Hound (Schweizer Laufhund), Bernese Hound, Jura Hound)",Metacam 1.5 mg/ml - Oral suspension (dogs),Lack of efficacy - NOS,1,1,
US-DEBIAHP-2010US10996,"<a target=""_blank""  href=""/xmlpserver/EVVET3 PW NEW/Subject Area Contents/Public Website/Report (PDF)/AER.xdo?_xpf=&_xpt=1&_params%2FOracle%20BI%20EE%3A%3ADefaultApp%3A%3AEVVET3%20PR%20NEW%2FAER%3A%3Adimension%2FAER%20Id%3A%3Aattribute%3A%3Anoaggr%3A%3Axsd%3Adouble=361079&_xt=AER&_xf=pdf""> AER </a>",2013-04-26 00:00:00,Animal owner,United States,MALE,Dog,Dachshund - Miniature,Metacam 1.5 mg/ml - Oral suspension (dogs),"Ataxia, Diarrhoea, Lethargy (see also Central nervous system depression in Neurological)",1,1,
US-DEBIAHP-2010US11356,"<a target=""_blank""  href=""/xmlpserver/EVVET3 PW NEW/Subject Area Contents/Public Website/Report (PDF)/AER.xdo?_xpf=&_xpt=1&_params%2FOracle%20BI%20EE%3A%3ADefaultApp%3A%3AEVVET3%20PR%20NEW%2FAER%3A%3Adimension%2FAER%20Id%3A%3Aattribute%3A%3Anoaggr%3A%3Axsd%3Adouble=361426&_xt=AER&_xf=pdf""> AER </a>",2013-04-30 00:00:00,Animal owner,United States,MALE,Dog,"Dog (other), Hound - Swiss - (Lucerne Hound (Luzerner Laufhund), Schwyz Hound (Schweizer Laufhund), Bernese Hound, Jura Hound)",Metacam 1.5 mg/ml - Oral suspension (dogs),Diarrhoea,1,1,
US-DEBIAHP-2010US11372,"<a target=""_blank""  href=""/xmlpserver/EVVET3 PW NEW/Subject Area Contents/Public Website/Report (PDF)/AER.xdo?_xpf=&_xpt=1&_params%2FOracle%20BI%20EE%3A%3ADefaultApp%3A%3AEVVET3%20PR%20NEW%2FAER%3A%3Adimension%2FAER%20Id%3A%3Aattribute%3A%3Anoaggr%3A%3Axsd%3Adouble=361427&_xt=AER&_xf=pdf""> AER </a>",2013-04-30 00:00:00,Veterinarian,United States,MALE,Dog,Retriever - Golden,Metacam 1.5 mg/ml - Oral suspension (dogs),"Emesis, Lethargy (see also Central nervous system depression in Neurological)",1,1,
US-DEBIAHP-2010US11695,"<a target=""_blank""  href=""/xmlpserver/EVVET3 PW NEW/Subject Area Contents/Public Website/Report (PDF)/AER.xdo?_xpf=&_xpt=1&_params%2FOracle%20BI%20EE%3A%3ADefaultApp%3A%3AEVVET3%20PR%20NEW%2FAER%3A%3Adimension%2FAER%20Id%3A%3Aattribute%3A%3Anoaggr%3A%3Axsd%3Adouble=361081&_xt=AER&_xf=pdf""> AER </a>",2013-04-26 00:00:00,Animal owner,United States,FEMALE,Dog,Doberman Pinscher,Metacam 1.5 mg/ml - Oral suspension (dogs),"Limb weakness, Listless, Recumbency",1,1,
US-DEBIAHP-2010US12278,"<a target=""_blank""  href=""/xmlpserver/EVVET3 PW NEW/Subject Area Contents/Public Website/Report (PDF)/AER.xdo?_xpf=&_xpt=1&_params%2FOracle%20BI%20EE%3A%3ADefaultApp%3A%3AEVVET3%20PR%20NEW%2FAER%3A%3Adimension%2FAER%20Id%3A%3Aattribute%3A%3Anoaggr%3A%3Axsd%3Adouble=361090&_xt=AER&_xf=pdf""> AER </a>",2013-04-26 00:00:00,Animal owner,United States,MALE,Dog,Dog (other),"Metacam 0.5 mg/ml - Oral suspension (cats, guinea pigs), Metacam 0.5 mg/ml - Oral suspension (dogs)","Facial swelling (see also Skin), Hyperaemic mucous membrane, Pruritus",1,1,
US-DEBIAHP-2010US13173,"<a target=""_blank""  href=""/xmlpserver/EVVET3 PW NEW/Subject Area Contents/Public Website/Report (PDF)/AER.xdo?_xpf=&_xpt=1&_params%2FOracle%20BI%20EE%3A%3ADefaultApp%3A%3AEVVET3%20PR%20NEW%2FAER%3A%3Adimension%2FAER%20Id%3A%3Aattribute%3A%3Anoaggr%3A%3Axsd%3Adouble=361430&_xt=AER&_xf=pdf""> AER </a>",2013-04-30 00:00:00,Animal owner,United States,FEMALE,Dog,"Dog (other), Hound - Swiss - (Lucerne Hound (Luzerner Laufhund), Schwyz Hound (Schweizer Laufhund), Bernese Hound, Jura Hound)",Metacam 1.5 mg/ml - Oral suspension (dogs),Aggression,1,1,
US-DEBIAHP-2010US13335,"<a target=""_blank""  href=""/xmlpserver/EVVET3 PW NEW/Subject Area Contents/Public Website/Report (PDF)/AER.xdo?_xpf=&_xpt=1&_params%2FOracle%20BI%20EE%3A%3ADefaultApp%3A%3AEVVET3%20PR%20NEW%2FAER%3A%3Adimension%2FAER%20Id%3A%3Aattribute%3A%3Anoaggr%3A%3Axsd%3Adouble=364020&_xt=AER&_xf=pdf""> AER </a>",2013-05-29 00:00:00,Veterinarian,United States,MALE,Dog,Bichon Frise,"Metacam 0.5 mg/ml - Oral suspension (cats, guinea pigs), Metacam 0.5 mg/ml - Oral suspension (dogs)","Aggression, Inappetence",1,1,
US-DEBIAHP-2010US13413,"<a target=""_blank""  href=""/xmlpserver/EVVET3 PW NEW/Subject Area Contents/Public Website/Report (PDF)/AER.xdo?_xpf=&_xpt=1&_params%2FOracle%20BI%20EE%3A%3ADefaultApp%3A%3AEVVET3%20PR%20NEW%2FAER%3A%3Adimension%2FAER%20Id%3A%3Aattribute%3A%3Anoaggr%3A%3Axsd%3Adouble=361924&_xt=AER&_xf=pdf""> AER </a>",2013-05-02 00:00:00,Animal owner,United States,MALE,Dog,Crossbred Canine/dog,"Metacam 0.5 mg/ml - Oral suspension (cats, guinea pigs), Metacam 0.5 mg/ml - Oral suspension (dogs)",Weight loss,1,1,
US-DEBIAHP-2010US13449,"<a target=""_blank""  href=""/xmlpserver/EVVET3 PW NEW/Subject Area Contents/Public Website/Report (PDF)/AER.xdo?_xpf=&_xpt=1&_params%2FOracle%20BI%20EE%3A%3ADefaultApp%3A%3AEVVET3%20PR%20NEW%2FAER%3A%3Adimension%2FAER%20Id%3A%3Aattribute%3A%3Anoaggr%3A%3Axsd%3Adouble=361092&_xt=AER&_xf=pdf""> AER </a>",2013-04-26 00:00:00,Animal owner,United States,FEMALE,Dog,Crossbred Canine/dog,"Metacam 0.5 mg/ml - Oral suspension (cats, guinea pigs), Metacam 0.5 mg/ml - Oral suspension (dogs)","Anorexia, Shaking",1,1,
US-DEBIAHP-2010US13534,"<a target=""_blank""  href=""/xmlpserver/EVVET3 PW NEW/Subject Area Contents/Public Website/Report (PDF)/AER.xdo?_xpf=&_xpt=1&_params%2FOracle%20BI%20EE%3A%3ADefaultApp%3A%3AEVVET3%20PR%20NEW%2FAER%3A%3Adimension%2FAER%20Id%3A%3Aattribute%3A%3Anoaggr%3A%3Axsd%3Adouble=361091&_xt=AER&_xf=pdf""> AER </a>",2013-04-26 00:00:00,Animal owner,United States,MALE,Dog,Bichon Frise,"BAYTRIL 0,5% W/V ΠΟΣΙΜΟ ΔΙΑΛΥΜΑ, BAYTRIL 0,5% πόσιμο διάλυμα ενροφλοξακίνης για ορνίθια και γαλοπούλες, BAYTRIL 10 % SOLUTION BUVABLE, BAYTRIL 10 % SOLUTION INJECTABLE, BAYTRIL 10% W/V ΠΟΣΙΜΟ ΔΙΑΛΥΜΑ, BAYTRIL 100 mg/ml - soluţie orală, BAYTRIL 100 mg/ml SOLUCION INYECTABLE, BAYTRIL 100 mg/ml soluție injectabilă, BAYTRIL 15 mg δισκία για γάτες και σκύλους, BAYTRIL 150 mg δισκία για γάτες και σκύλους, BAYTRIL 2,5 % SOLUTION BUVABLE, BAYTRIL 2,5 % SOLUTION INJECTABLE, BAYTRIL 2,5% W/V ΕΝΕΣΙΜΟ ΔΙΑΛΥΜΑ, BAYTRIL 2,5% W/V ΠΟΣΙΜΟ ΔΙΑΛΥΜΑ, BAYTRIL 25 mg/ml SOLUCION INYECTABLE, BAYTRIL 25 mg/ml SOLUCION ORAL, BAYTRIL 5 % SOLUTION INJECTABLE, BAYTRIL 5 mg/ml SOLUCION ORAL, BAYTRIL 50 mg δισκία για γάτες και σκύλους, BAYTRIL 50 mg/ml SOLUCION INYECTABLE, BAYTRIL 50mg/ml ενέσιμο διάλυμα, BAYTRIL, 25mg/ml, Injekční roztok, BAYTRIL, 5% ενέσιμο διάλυμα για μόσχους, χοίρους, πρόβατα, αίγες, σκύλους και γάτες, BAYTRIL, 50mg/ml, Injekční roztok, Baytril  100 mg/ml Oplossing voor injectie, Baytril  100 mg/ml Solution injectable, Baytril - Das Original - 100 mg/ml Injektionslösung, Baytril - Das Original - 25 mg/ml Injektionslösung, Baytril - Das Original - 50 mg/ml Injektionslösung, Baytril 0,5 % solução oral para leitões, Baytril 0,5%, Baytril 10 % solução oral, Baytril 10%, Baytril 10% O.L., Baytril 10% Oral Solution, Baytril 100 mg/mL, otopina za injekciju, za goveda, ovce, koze i svinje, Baytril 100 mg/mL, otopina za primjenu u vodi za piće, za kokoši, purane i kuniće, Baytril 100 mg/ml - Injektionslösung für Tiere, Baytril 100 mg/ml - Lösung zum Eingeben für Hühner, Puten und Kaninchen, Baytril 100 mg/ml Oplossing voor gebruik in drinkwater, Baytril 100 mg/ml Solution buvable, Baytril 100 mg/ml Solution for Injection, Baytril 100 mg/ml koncentrat za peroralno raztopino za piščance, purane in kunce, Baytril 100 mg/ml oldat ivóvízbe keveréshez A.U.V., Baytril 100 mg/ml oplossing voor gebruik in drinkwater voor kippen, kalkoenen en konijnen, Baytril 100 mg/ml oplossing voor injectie, Baytril 100 mg/ml raztopina za injiciranje, Baytril 100 mg/ml solution for injection, Baytril 100 mg/ml soluzione iniettabile, Baytril 100 mg/ml solução injetável, Baytril 150 mg tabletta A.U.V., Baytril 2,5%, 25 mg/mL, otopina za injekciju za pse, mačke, prasad, kuniće, glodavce, gmazove i ukrasne ptice, Baytril 25 mg/ml - Injektionslösung für Tiere, Baytril 25 mg/ml - Lösung zum Eingeben für Kälber und Lämmer, Baytril 25 mg/ml Lösung zum Eingeben für Rinder (Kälber), Baytril 25 mg/ml Oplossing voor injectie, Baytril 25 mg/ml Oral Solution, Baytril 25 mg/ml Solution injectable, Baytril 25 mg/ml injekčný roztok, Baytril 25 mg/ml oldatos injekció A.U.V., Baytril 25 mg/ml oplossing voor injectie, Baytril 25 mg/ml roztwór do wstrzykiwań, Baytril 25 mg/ml solution for injection, Baytril 25 mg/ml soluzione iniettabile, Baytril 25 mg/ml soluzione iniettabile per cani, gatti, roditori e conigli da compagnia, rettili e uccelli ornamentali, Baytril 25 mg/ml soluzione orale per vitelli, ovini, caprini, suini, Baytril 25 mg/ml solução injetável, Baytril 5 mg/ml - Lösung zum Eingeben für Schweine, Baytril 5 mg/ml belsőleges oldat sertések részére A.U.V., Baytril 50 mg tabletta A.U.V., Baytril 50 mg/mL, otopina za injekciju, za telad, ovce, koze, svinje, pse i mačke, Baytril 50 mg/ml - Injektionslösung für Tiere, Baytril 50 mg/ml Oplossing voor injectie, Baytril 50 mg/ml Solution for Injection, Baytril 50 mg/ml Solution injectable, Baytril 50 mg/ml injekčný roztok, Baytril 50 mg/ml oldatos injekció A.U.V., Baytril 50 mg/ml oplossing voor injectie, Baytril 50 mg/ml raztopina za injiciranje, Baytril 50 mg/ml soluzione iniettabile, Baytril 50 mg/ml solução injetável, Baytril 50 mg/ml soluție injectabilă, Baytril Direct 100 mg/ml Injektionslösung für Rinder und Schweine, Baytril Piglet Doser 0.5% Oral Solution, Baytril Vet. 100 mg/ml injektionsvæske, opløsning, Baytril Vet. 150 mg tabletter, Baytril Vet. 25 mg/ml oral opløsning, Baytril Vet. 50 mg tabletter, Baytril Vet. 50 mg/ml i","Anorexia, Ataxia, Crying, Inappropriate urination, Neurological signs NOS, Uncoded sign",1,1,
US-DEBIAHP-2010US13977,"<a target=""_blank""  href=""/xmlpserver/EVVET3 PW NEW/Subject Area Contents/Public Website/Report (PDF)/AER.xdo?_xpf=&_xpt=1&_params%2FOracle%20BI%20EE%3A%3ADefaultApp%3A%3AEVVET3%20PR%20NEW%2FAER%3A%3Adimension%2FAER%20Id%3A%3Aattribute%3A%3Anoaggr%3A%3Axsd%3Adouble=361094&_xt=AER&_xf=pdf""> AER </a>",2013-04-26 00:00:00,Animal owner,United States,MALE,Dog,Dog (other),Metacam 1.5 mg/ml - Oral suspension (dogs),Dyspnoea,1,1,
US-DEBIAHP-2010US14051,"<a target=""_blank""  href=""/xmlpserver/EVVET3 PW NEW/Subject Area Contents/Public Website/Report (PDF)/AER.xdo?_xpf=&_xpt=1&_params%2FOracle%20BI%20EE%3A%3ADefaultApp%3A%3AEVVET3%20PR%20NEW%2FAER%3A%3Adimension%2FAER%20Id%3A%3Aattribute%3A%3Anoaggr%3A%3Axsd%3Adouble=361096&_xt=AER&_xf=pdf""> AER </a>",2013-04-26 00:00:00,Veterinarian,United States,FEMALE,Dog,Bulldog,Metacam 1.5 mg/ml - Oral suspension (dogs),Lack of efficacy - NOS,1,1,
US-DEBIAHP-2010US14102,"<a target=""_blank""  href=""/xmlpserver/EVVET3 PW NEW/Subject Area Contents/Public Website/Report (PDF)/AER.xdo?_xpf=&_xpt=1&_params%2FOracle%20BI%20EE%3A%3ADefaultApp%3A%3AEVVET3%20PR%20NEW%2FAER%3A%3Adimension%2FAER%20Id%3A%3Aattribute%3A%3Anoaggr%3A%3Axsd%3Adouble=363156&_xt=AER&_xf=pdf""> AER </a>",2013-05-17 00:00:00,Veterinarian,United States,FEMALE,Dog,Dog (other),"Metacam 5 mg/ml - Solution for injection (cats, dogs), Metacam 5 mg/ml - Solution for injection (cattle, pigs), Metacam 5 mg/ml - Solution for injection (dogs)",Lack of efficacy - NOS,1,1,
US-DEBIAHP-2010US14472,"<a target=""_blank""  href=""/xmlpserver/EVVET3 PW NEW/Subject Area Contents/Public Website/Report (PDF)/AER.xdo?_xpf=&_xpt=1&_params%2FOracle%20BI%20EE%3A%3ADefaultApp%3A%3AEVVET3%20PR%20NEW%2FAER%3A%3Adimension%2FAER%20Id%3A%3Aattribute%3A%3Anoaggr%3A%3Axsd%3Adouble=361095&_xt=AER&_xf=pdf""> AER </a>",2013-04-26 00:00:00,Animal owner,United States,MALE,Dog,Dog (other),Metacam 1.5 mg/ml - Oral suspension (dogs),Lethargy (see also Central nervous system depression in Neurological),1,1,
US-DEBIAHP-2010US14547,"<a target=""_blank""  href=""/xmlpserver/EVVET3 PW NEW/Subject Area Contents/Public Website/Report (PDF)/AER.xdo?_xpf=&_xpt=1&_params%2FOracle%20BI%20EE%3A%3ADefaultApp%3A%3AEVVET3%20PR%20NEW%2FAER%3A%3Adimension%2FAER%20Id%3A%3Aattribute%3A%3Anoaggr%3A%3Axsd%3Adouble=361097&_xt=AER&_xf=pdf""> AER </a>",2013-04-26 00:00:00,Veterinarian,United States,FEMALE,Dog,Mountain Dog - Bernese,Metacam 1.5 mg/ml - Oral suspension (dogs),Lack of efficacy - NOS,1,1,
US-DEBIAHP-2010US14636,"<a target=""_blank""  href=""/xmlpserver/EVVET3 PW NEW/Subject Area Contents/Public Website/Report (PDF)/AER.xdo?_xpf=&_xpt=1&_params%2FOracle%20BI%20EE%3A%3ADefaultApp%3A%3AEVVET3%20PR%20NEW%2FAER%3A%3Adimension%2FAER%20Id%3A%3Aattribute%3A%3Anoaggr%3A%3Axsd%3Adouble=361098&_xt=AER&_xf=pdf""> AER </a>",2013-04-26 00:00:00,Animal owner,United States,MALE,Dog,Maltese,Metacam 1.5 mg/ml - Oral suspension (dogs),Bloody diarrhoea,1,1,
US-DEBIAHP-2011US00211,"<a target=""_blank""  href=""/xmlpserver/EVVET3 PW NEW/Subject Area Contents/Public Website/Report (PDF)/AER.xdo?_xpf=&_xpt=1&_params%2FOracle%20BI%20EE%3A%3ADefaultApp%3A%3AEVVET3%20PR%20NEW%2FAER%3A%3Adimension%2FAER%20Id%3A%3Aattribute%3A%3Anoaggr%3A%3Axsd%3Adouble=361450&_xt=AER&_xf=pdf""> AER </a>",2013-04-30 00:00:00,Animal owner,United States,FEMALE,Dog,"Dog (other), Hound - Swiss - (Lucerne Hound (Luzerner Laufhund), Schwyz Hound (Schweizer Laufhund), Bernese Hound, Jura Hound)",Metacam 1.5 mg/ml - Oral suspension (dogs),Lack of efficacy - NOS,1,1,
US-DEBIAHP-2011US00625,"<a target=""_blank""  href=""/xmlpserver/EVVET3 PW NEW/Subject Area Contents/Public Website/Report (PDF)/AER.xdo?_xpf=&_xpt=1&_params%2FOracle%20BI%20EE%3A%3ADefaultApp%3A%3AEVVET3%20PR%20NEW%2FAER%3A%3Adimension%2FAER%20Id%3A%3Aattribute%3A%3Anoaggr%3A%3Axsd%3Adouble=361451&_xt=AER&_xf=pdf""> AER </a>",2013-04-30 00:00:00,Animal owner,United States,FEMALE,Dog,Pug,Metacam 1.5 mg/ml - Oral suspension (dogs),Cough,1,1,
US-DEBIAHP-2011US01141,"<a target=""_blank""  href=""/xmlpserver/EVVET3 PW NEW/Subject Area Contents/Public Website/Report (PDF)/AER.xdo?_xpf=&_xpt=1&_params%2FOracle%20BI%20EE%3A%3ADefaultApp%3A%3AEVVET3%20PR%20NEW%2FAER%3A%3Adimension%2FAER%20Id%3A%3Aattribute%3A%3Anoaggr%3A%3Axsd%3Adouble=361452&_xt=AER&_xf=pdf""> AER </a>",2013-04-30 00:00:00,Other health care professional,United States,UNKNOWN,Dog,"Dog (other), Hound - Swiss - (Lucerne Hound (Luzerner Laufhund), Schwyz Hound (Schweizer Laufhund), Bernese Hound, Jura Hound)",Metacam 1.5 mg/ml - Oral suspension (dogs),Lack of efficacy - NOS,1,1,
US-DEBIAHP-2011US01429,"<a target=""_blank""  href=""/xmlpserver/EVVET3 PW NEW/Subject Area Contents/Public Website/Report (PDF)/AER.xdo?_xpf=&_xpt=1&_params%2FOracle%20BI%20EE%3A%3ADefaultApp%3A%3AEVVET3%20PR%20NEW%2FAER%3A%3Adimension%2FAER%20Id%3A%3Aattribute%3A%3Anoaggr%3A%3Axsd%3Adouble=361100&_xt=AER&_xf=pdf""> AER </a>",2013-04-26 00:00:00,Animal owner,United States,FEMALE,Dog,"Deutsche Dogge, Great Dane",Metacam 1.5 mg/ml - Oral suspension (dogs),"Behavioural disorder NOS, Lethargy (see also Central nervous system depression in Neurological), Not drinking, Panting, Shaking",1,1,
US-DEBIAHP-2011US01906,"<a target=""_blank""  href=""/xmlpserver/EVVET3 PW NEW/Subject Area Contents/Public Website/Report (PDF)/AER.xdo?_xpf=&_xpt=1&_params%2FOracle%20BI%20EE%3A%3ADefaultApp%3A%3AEVVET3%20PR%20NEW%2FAER%3A%3Adimension%2FAER%20Id%3A%3Aattribute%3A%3Anoaggr%3A%3Axsd%3Adouble=361453&_xt=AER&_xf=pdf""> AER </a>",2013-04-30 00:00:00,Animal owner,United States,FEMALE,Dog,Siberian Husky,Metacam 1.5 mg/ml - Oral suspension (dogs),"Constipation, Listless, Not drinking, Not eating",1,1,
US-DEBIAHP-2011US02387,"<a target=""_blank""  href=""/xmlpserver/EVVET3 PW NEW/Subject Area Contents/Public Website/Report (PDF)/AER.xdo?_xpf=&_xpt=1&_params%2FOracle%20BI%20EE%3A%3ADefaultApp%3A%3AEVVET3%20PR%20NEW%2FAER%3A%3Adimension%2FAER%20Id%3A%3Aattribute%3A%3Anoaggr%3A%3Axsd%3Adouble=361598&_xt=AER&_xf=pdf""> AER </a>",2013-04-30 00:00:00,Other health care professional,United States,FEMALE,Dog,Bichon Frise,Metacam 1.5 mg/ml - Oral suspension (dogs),Vomiting,1,1,
US-DEBIAHP-2011US02719,"<a target=""_blank""  href=""/xmlpserver/EVVET3 PW NEW/Subject Area Contents/Public Website/Report (PDF)/AER.xdo?_xpf=&_xpt=1&_params%2FOracle%20BI%20EE%3A%3ADefaultApp%3A%3AEVVET3%20PR%20NEW%2FAER%3A%3Adimension%2FAER%20Id%3A%3Aattribute%3A%3Anoaggr%3A%3Axsd%3Adouble=363172&_xt=AER&_xf=pdf""> AER </a>",2013-05-17 00:00:00,Other health care professional,United States,MALE,Dog,Pekingese,"Metacam 5 mg/ml - Solution for injection (cats, dogs), Metacam 5 mg/ml - Solution for injection (cattle, pigs), Metacam 5 mg/ml - Solution for injection (dogs)",Lack of efficacy - NOS,1,1,1
US-DEBIAHP-2011US02795,"<a target=""_blank""  href=""/xmlpserver/EVVET3 PW NEW/Subject Area Contents/Public Website/Report (PDF)/AER.xdo?_xpf=&_xpt=1&_params%2FOracle%20BI%20EE%3A%3ADefaultApp%3A%3AEVVET3%20PR%20NEW%2FAER%3A%3Adimension%2FAER%20Id%3A%3Aattribute%3A%3Anoaggr%3A%3Axsd%3Adouble=363173&_xt=AER&_xf=pdf""> AER </a>",2013-05-17 00:00:00,Other health care professional,United States,FEMALE,Dog,Terrier - Yorkshire,"Metacam 5 mg/ml - Solution for injection (cats, dogs), Metacam 5 mg/ml - Solution for injection (cattle, pigs), Metacam 5 mg/ml - Solution for injection (dogs)",Lack of efficacy - NOS,1,1,
US-DEBIAHP-2011US02963,"<a target=""_blank""  href=""/xmlpserver/EVVET3 PW NEW/Subject Area Contents/Public Website/Report (PDF)/AER.xdo?_xpf=&_xpt=1&_params%2FOracle%20BI%20EE%3A%3ADefaultApp%3A%3AEVVET3%20PR%20NEW%2FAER%3A%3Adimension%2FAER%20Id%3A%3Aattribute%3A%3Anoaggr%3A%3Axsd%3Adouble=363175&_xt=AER&_xf=pdf""> AER </a>",2013-05-17 00:00:00,Veterinarian,United States,MALE,Dog,Crossbred Canine/dog,"Metacam 5 mg/ml - Solution for injection (cats, dogs), Metacam 5 mg/ml - Solution for injection (cattle, pigs), Metacam 5 mg/ml - Solution for injection (dogs)",Lack of efficacy - NOS,1,1,
US-DEBIAHP-2011US03016,"<a target=""_blank""  href=""/xmlpserver/EVVET3 PW NEW/Subject Area Contents/Public Website/Report (PDF)/AER.xdo?_xpf=&_xpt=1&_params%2FOracle%20BI%20EE%3A%3ADefaultApp%3A%3AEVVET3%20PR%20NEW%2FAER%3A%3Adimension%2FAER%20Id%3A%3Aattribute%3A%3Anoaggr%3A%3Axsd%3Adouble=361101&_xt=AER&_xf=pdf""> AER </a>",2013-04-26 00:00:00,Animal owner,United States,FEMALE,Dog,Shih Tzu,"Metacam 0.5 mg/ml - Oral suspension (cats, guinea pigs), Metacam 0.5 mg/ml - Oral suspension (dogs)",Unable to stand,1,1,
US-DEBIAHP-2011US03783,"<a target=""_blank""  href=""/xmlpserver/EVVET3 PW NEW/Subject Area Contents/Public Website/Report (PDF)/AER.xdo?_xpf=&_xpt=1&_params%2FOracle%20BI%20EE%3A%3ADefaultApp%3A%3AEVVET3%20PR%20NEW%2FAER%3A%3Adimension%2FAER%20Id%3A%3Aattribute%3A%3Anoaggr%3A%3Axsd%3Adouble=361454&_xt=AER&_xf=pdf""> AER </a>",2013-04-30 00:00:00,Animal owner,United States,MALE,Dog,Crossbred Canine/dog,Metacam 1.5 mg/ml - Oral suspension (dogs),Inappropriate urination,1,1,
US-DEBIAHP-2011US04342,"<a target=""_blank""  href=""/xmlpserver/EVVET3 PW NEW/Subject Area Contents/Public Website/Report (PDF)/AER.xdo?_xpf=&_xpt=1&_params%2FOracle%20BI%20EE%3A%3ADefaultApp%3A%3AEVVET3%20PR%20NEW%2FAER%3A%3Adimension%2FAER%20Id%3A%3Aattribute%3A%3Anoaggr%3A%3Axsd%3Adouble=361455&_xt=AER&_xf=pdf""> AER </a>",2013-04-30 00:00:00,Animal owner,United States,MALE,Dog,Terrier - Bull - Staffordshire,Metacam 1.5 mg/ml - Oral suspension (dogs),"Panting, Restlessness",1,1,
US-DEBIAHP-2011US04492,"<a target=""_blank""  href=""/xmlpserver/EVVET3 PW NEW/Subject Area Contents/Public Website/Report (PDF)/AER.xdo?_xpf=&_xpt=1&_params%2FOracle%20BI%20EE%3A%3ADefaultApp%3A%3AEVVET3%20PR%20NEW%2FAER%3A%3Adimension%2FAER%20Id%3A%3Aattribute%3A%3Anoaggr%3A%3Axsd%3Adouble=361456&_xt=AER&_xf=pdf""> AER </a>",2013-04-30 00:00:00,Animal owner,United States,FEMALE,Dog,Chihuahua,Metacam 1.5 mg/ml - Oral suspension (dogs),Weight gain,1,1,
US-DEBIAHP-2011US04708,"<a target=""_blank""  href=""/xmlpserver/EVVET3 PW NEW/Subject Area Contents/Public Website/Report (PDF)/AER.xdo?_xpf=&_xpt=1&_params%2FOracle%20BI%20EE%3A%3ADefaultApp%3A%3AEVVET3%20PR%20NEW%2FAER%3A%3Adimension%2FAER%20Id%3A%3Aattribute%3A%3Anoaggr%3A%3Axsd%3Adouble=361457&_xt=AER&_xf=pdf""> AER </a>",2013-04-30 00:00:00,Animal owner,United States,FEMALE,Dog,Boxer (German Boxer),Metacam 1.5 mg/ml - Oral suspension (dogs),Vomiting,1,1,
US-DEBIAHP-2011US04801,"<a target=""_blank""  href=""/xmlpserver/EVVET3 PW NEW/Subject Area Contents/Public Website/Report (PDF)/AER.xdo?_xpf=&_xpt=1&_params%2FOracle%20BI%20EE%3A%3ADefaultApp%3A%3AEVVET3%20PR%20NEW%2FAER%3A%3Adimension%2FAER%20Id%3A%3Aattribute%3A%3Anoaggr%3A%3Axsd%3Adouble=361458&_xt=AER&_xf=pdf""> AER </a>",2013-04-30 00:00:00,Animal owner,United States,FEMALE,Dog,Hound - Basset,Metacam 1.5 mg/ml - Oral suspension (dogs),Lack of efficacy - NOS,1,1,
US-DEBIAHP-2011US05185,"<a target=""_blank""  href=""/xmlpserver/EVVET3 PW NEW/Subject Area Contents/Public Website/Report (PDF)/AER.xdo?_xpf=&_xpt=1&_params%2FOracle%20BI%20EE%3A%3ADefaultApp%3A%3AEVVET3%20PR%20NEW%2FAER%3A%3Adimension%2FAER%20Id%3A%3Aattribute%3A%3Anoaggr%3A%3Axsd%3Adouble=361459&_xt=AER&_xf=pdf""> AER </a>",2013-04-30 00:00:00,Animal owner,United States,MALE,Dog,Pug,Metacam 1.5 mg/ml - Oral suspension (dogs),"Lethargy (see also Central nervous system depression in Neurological), Reluctant to move",1,1,
US-DEBIAHP-2011US05220,"<a target=""_blank""  href=""/xmlpserver/EVVET3 PW NEW/Subject Area Contents/Public Website/Report (PDF)/AER.xdo?_xpf=&_xpt=1&_params%2FOracle%20BI%20EE%3A%3ADefaultApp%3A%3AEVVET3%20PR%20NEW%2FAER%3A%3Adimension%2FAER%20Id%3A%3Aattribute%3A%3Anoaggr%3A%3Axsd%3Adouble=361926&_xt=AER&_xf=pdf""> AER </a>",2013-05-02 00:00:00,Animal owner,United States,UNKNOWN,Dog,"Dog (other), Hound - Swiss - (Lucerne Hound (Luzerner Laufhund), Schwyz Hound (Schweizer Laufhund), Bernese Hound, Jura Hound)","Metacam 0.5 mg/ml - Oral suspension (cats, guinea pigs), Metacam 0.5 mg/ml - Oral suspension (dogs)",Lethargy (see also Central nervous system depression in Neurological),1,1,
US-DEBIAHP-2011US05401,"<a target=""_blank""  href=""/xmlpserver/EVVET3 PW NEW/Subject Area Contents/Public Website/Report (PDF)/AER.xdo?_xpf=&_xpt=1&_params%2FOracle%20BI%20EE%3A%3ADefaultApp%3A%3AEVVET3%20PR%20NEW%2FAER%3A%3Adimension%2FAER%20Id%3A%3Aattribute%3A%3Anoaggr%3A%3Axsd%3Adouble=361460&_xt=AER&_xf=pdf""> AER </a>",2013-04-30 00:00:00,Animal owner,United States,MALE,Dog,Retriever - Golden,Metacam 1.5 mg/ml - Oral suspension (dogs),Panting,1,1,
US-DEBIAHP-2011US05826,"<a target=""_blank""  href=""/xmlpserver/EVVET3 PW NEW/Subject Area Contents/Public Website/Report (PDF)/AER.xdo?_xpf=&_xpt=1&_params%2FOracle%20BI%20EE%3A%3ADefaultApp%3A%3AEVVET3%20PR%20NEW%2FAER%3A%3Adimension%2FAER%20Id%3A%3Aattribute%3A%3Anoaggr%3A%3Axsd%3Adouble=361461&_xt=AER&_xf=pdf""> AER </a>",2013-04-30 00:00:00,Animal owner,United States,MALE,Dog,Akita,Metacam 1.5 mg/ml - Oral suspension (dogs),"Laboured breathing, Pain NOS",1,1,
US-DEBIAHP-2011US05961,"<a target=""_blank""  href=""/xmlpserver/EVVET3 PW NEW/Subject Area Contents/Public Website/Report (PDF)/AER.xdo?_xpf=&_xpt=1&_params%2FOracle%20BI%20EE%3A%3ADefaultApp%3A%3AEVVET3%20PR%20NEW%2FAER%3A%3Adimension%2FAER%20Id%3A%3Aattribute%3A%3Anoaggr%3A%3Axsd%3Adouble=361462&_xt=AER&_xf=pdf""> AER </a>",2013-04-30 00:00:00,Animal owner,United States,FEMALE,Dog,Terrier - Bull - Staffordshire,Metacam 1.5 mg/ml - Oral suspension (dogs),"Diarrhoea, Hearing affected",1,1,
US-DEBIAHP-2011US06698,"<a target=""_blank""  href=""/xmlpserver/EVVET3 PW NEW/Subject Area Contents/Public Website/Report (PDF)/AER.xdo?_xpf=&_xpt=1&_params%2FOracle%20BI%20EE%3A%3ADefaultApp%3A%3AEVVET3%20PR%20NEW%2FAER%3A%3Adimension%2FAER%20Id%3A%3Aattribute%3A%3Anoaggr%3A%3Axsd%3Adouble=361463&_xt=AER&_xf=pdf""> AER </a>",2013-04-30 00:00:00,Animal owner,United States,FEMALE,Dog,Chihuahua,Metacam 1.5 mg/ml - Oral suspension (dogs),"Drinking a lot, Panting, Weight loss",1,1,
US-DEBIAHP-2011US06821,"<a target=""_blank""  href=""/xmlpserver/EVVET3 PW NEW/Subject Area Contents/Public Website/Report (PDF)/AER.xdo?_xpf=&_xpt=1&_params%2FOracle%20BI%20EE%3A%3ADefaultApp%3A%3AEVVET3%20PR%20NEW%2FAER%3A%3Adimension%2FAER%20Id%3A%3Aattribute%3A%3Anoaggr%3A%3Axsd%3Adouble=361464&_xt=AER&_xf=pdf""> AER </a>",2013-04-30 00:00:00,Animal owner,United States,MALE,Dog,Retriever - Labrador,"Metacam 1.5 mg/ml - Oral suspension (dogs), Metacam 5 mg/ml - Solution for injection (cats, dogs), Metacam 5 mg/ml - Solution for injection (cattle, pigs), Metacam 5 mg/ml - Solution for injection (dogs)",Lack of efficacy - NOS,1,1,
US-DEBIAHP-2011US07336,"<a target=""_blank""  href=""/xmlpserver/EVVET3 PW NEW/Subject Area Contents/Public Website/Report (PDF)/AER.xdo?_xpf=&_xpt=1&_params%2FOracle%20BI%20EE%3A%3ADefaultApp%3A%3AEVVET3%20PR%20NEW%2FAER%3A%3Adimension%2FAER%20Id%3A%3Aattribute%3A%3Anoaggr%3A%3Axsd%3Adouble=361465&_xt=AER&_xf=pdf""> AER </a>",2013-04-30 00:00:00,Animal owner,United States,FEMALE,Dog,Chihuahua,Metacam 1.5 mg/ml - Oral suspension (dogs),Bloody diarrhoea,1,1,
US-DEBIAHP-2011US07483,"<a target=""_blank""  href=""/xmlpserver/EVVET3 PW NEW/Subject Area Contents/Public Website/Report (PDF)/AER.xdo?_xpf=&_xpt=1&_params%2FOracle%20BI%20EE%3A%3ADefaultApp%3A%3AEVVET3%20PR%20NEW%2FAER%3A%3Adimension%2FAER%20Id%3A%3Aattribute%3A%3Anoaggr%3A%3Axsd%3Adouble=361466&_xt=AER&_xf=pdf""> AER </a>",2013-04-30 00:00:00,Animal owner,United States,FEMALE,Dog,"Dog (other), Hound - Swiss - (Lucerne Hound (Luzerner Laufhund), Schwyz Hound (Schweizer Laufhund), Bernese Hound, Jura Hound)",Metacam 1.5 mg/ml - Oral suspension (dogs),Unable to rise,1,1,
US-DEBIAHP-2011US08846,"<a target=""_blank""  href=""/xmlpserver/EVVET3 PW NEW/Subject Area Contents/Public Website/Report (PDF)/AER.xdo?_xpf=&_xpt=1&_params%2FOracle%20BI%20EE%3A%3ADefaultApp%3A%3AEVVET3%20PR%20NEW%2FAER%3A%3Adimension%2FAER%20Id%3A%3Aattribute%3A%3Anoaggr%3A%3Axsd%3Adouble=361927&_xt=AER&_xf=pdf""> AER </a>",2013-05-02 00:00:00,Unknown,United States,UNKNOWN,Dog,"Dog (other), Hound - Swiss - (Lucerne Hound (Luzerner Laufhund), Schwyz Hound (Schweizer Laufhund), Bernese Hound, Jura Hound)","Metacam 0.5 mg/ml - Oral suspension (cats, guinea pigs), Metacam 0.5 mg/ml - Oral suspension (dogs)",Lack of efficacy - NOS,1,1,
US-DEBIAHP-2011US09072,"<a target=""_blank""  href=""/xmlpserver/EVVET3 PW NEW/Subject Area Contents/Public Website/Report (PDF)/AER.xdo?_xpf=&_xpt=1&_params%2FOracle%20BI%20EE%3A%3ADefaultApp%3A%3AEVVET3%20PR%20NEW%2FAER%3A%3Adimension%2FAER%20Id%3A%3Aattribute%3A%3Anoaggr%3A%3Axsd%3Adouble=361467&_xt=AER&_xf=pdf""> AER </a>",2013-04-30 00:00:00,Animal owner,United States,FEMALE,Dog,"Dog (other), Hound - Swiss - (Lucerne Hound (Luzerner Laufhund), Schwyz Hound (Schweizer Laufhund), Bernese Hound, Jura Hound)",Metacam 1.5 mg/ml - Oral suspension (dogs),Diarrhoea,1,1,
US-DEBIAHP-2011US09161,"<a target=""_blank""  href=""/xmlpserver/EVVET3 PW NEW/Subject Area Contents/Public Website/Report (PDF)/AER.xdo?_xpf=&_xpt=1&_params%2FOracle%20BI%20EE%3A%3ADefaultApp%3A%3AEVVET3%20PR%20NEW%2FAER%3A%3Adimension%2FAER%20Id%3A%3Aattribute%3A%3Anoaggr%3A%3Axsd%3Adouble=361468&_xt=AER&_xf=pdf""> AER </a>",2013-04-30 00:00:00,Animal owner,United States,MALE,Dog,"Dog (other), Hound - Swiss - (Lucerne Hound (Luzerner Laufhund), Schwyz Hound (Schweizer Laufhund), Bernese Hound, Jura Hound)",Metacam 1.5 mg/ml - Oral suspension (dogs),Diarrhoea,1,1,
US-DEBIAHP-2011US09474,"<a target=""_blank""  href=""/xmlpserver/EVVET3 PW NEW/Subject Area Contents/Public Website/Report (PDF)/AER.xdo?_xpf=&_xpt=1&_params%2FOracle%20BI%20EE%3A%3ADefaultApp%3A%3AEVVET3%20PR%20NEW%2FAER%3A%3Adimension%2FAER%20Id%3A%3Aattribute%3A%3Anoaggr%3A%3Axsd%3Adouble=361469&_xt=AER&_xf=pdf""> AER </a>",2013-04-30 00:00:00,Animal owner,United States,MALE,Dog,Spaniel - Cocker American,Metacam 1.5 mg/ml - Oral suspension (dogs),"Hyperactivity, Panting, Restlessness, Uncoded sign",1,1,
US-DEBIAHP-2011US10592,"<a target=""_blank""  href=""/xmlpserver/EVVET3 PW NEW/Subject Area Contents/Public Website/Report (PDF)/AER.xdo?_xpf=&_xpt=1&_params%2FOracle%20BI%20EE%3A%3ADefaultApp%3A%3AEVVET3%20PR%20NEW%2FAER%3A%3Adimension%2FAER%20Id%3A%3Aattribute%3A%3Anoaggr%3A%3Axsd%3Adouble=361597&_xt=AER&_xf=pdf""> AER </a>",2013-04-30 00:00:00,Other health care professional,United States,MALE,Dog,Retriever - Golden,Metacam 1.5 mg/ml - Oral suspension (dogs),Lack of efficacy - NOS,1,1,
US-DEBIAHP-2011US10793,"<a target=""_blank""  href=""/xmlpserver/EVVET3 PW NEW/Subject Area Contents/Public Website/Report (PDF)/AER.xdo?_xpf=&_xpt=1&_params%2FOracle%20BI%20EE%3A%3ADefaultApp%3A%3AEVVET3%20PR%20NEW%2FAER%3A%3Adimension%2FAER%20Id%3A%3Aattribute%3A%3Anoaggr%3A%3Axsd%3Adouble=363719&_xt=AER&_xf=pdf""> AER </a>",2013-05-24 00:00:00,Animal owner,United States,MALE,Dog,Dog (other),Metacam 1.5 mg/ml - Oral suspension (dogs),Lack of efficacy - NOS,1,1,
US-DEBIAHP-2011US11137,"<a target=""_blank""  href=""/xmlpserver/EVVET3 PW NEW/Subject Area Contents/Public Website/Report (PDF)/AER.xdo?_xpf=&_xpt=1&_params%2FOracle%20BI%20EE%3A%3ADefaultApp%3A%3AEVVET3%20PR%20NEW%2FAER%3A%3Adimension%2FAER%20Id%3A%3Aattribute%3A%3Anoaggr%3A%3Axsd%3Adouble=361471&_xt=AER&_xf=pdf""> AER </a>",2013-04-30 00:00:00,Animal owner,United States,MALE,Dog,Pointing Dog - German Short-haired,Metacam 1.5 mg/ml - Oral suspension (dogs),"Dilated pupils, Piloerection",1,1,
US-DEBIAHP-2011US11246,"<a target=""_blank""  href=""/xmlpserver/EVVET3 PW NEW/Subject Area Contents/Public Website/Report (PDF)/AER.xdo?_xpf=&_xpt=1&_params%2FOracle%20BI%20EE%3A%3ADefaultApp%3A%3AEVVET3%20PR%20NEW%2FAER%3A%3Adimension%2FAER%20Id%3A%3Aattribute%3A%3Anoaggr%3A%3Axsd%3Adouble=361472&_xt=AER&_xf=pdf""> AER </a>",2013-04-30 00:00:00,Animal owner,United States,MALE,Dog,Setter - English,Metacam 1.5 mg/ml - Oral suspension (dogs),"Behavioural disorder NOS, Polyuria, Tenesmus",1,1,
US-DEBIAHP-2011US11665,"<a target=""_blank""  href=""/xmlpserver/EVVET3 PW NEW/Subject Area Contents/Public Website/Report (PDF)/AER.xdo?_xpf=&_xpt=1&_params%2FOracle%20BI%20EE%3A%3ADefaultApp%3A%3AEVVET3%20PR%20NEW%2FAER%3A%3Adimension%2FAER%20Id%3A%3Aattribute%3A%3Anoaggr%3A%3Axsd%3Adouble=361473&_xt=AER&_xf=pdf""> AER </a>",2013-04-30 00:00:00,Animal owner,United States,MALE,Dog,"Dog (other), Hound - Swiss - (Lucerne Hound (Luzerner Laufhund), Schwyz Hound (Schweizer Laufhund), Bernese Hound, Jura Hound)",Metacam 1.5 mg/ml - Oral suspension (dogs),"Abnormal urine odour, Polydipsia, Polyuria, Skin tumour NOS",1,1,
US-DEBIAHP-2011US12131,"<a target=""_blank""  href=""/xmlpserver/EVVET3 PW NEW/Subject Area Contents/Public Website/Report (PDF)/AER.xdo?_xpf=&_xpt=1&_params%2FOracle%20BI%20EE%3A%3ADefaultApp%3A%3AEVVET3%20PR%20NEW%2FAER%3A%3Adimension%2FAER%20Id%3A%3Aattribute%3A%3Anoaggr%3A%3Axsd%3Adouble=361474&_xt=AER&_xf=pdf""> AER </a>",2013-04-30 00:00:00,Animal owner,United States,FEMALE,Dog,"Dog (other), Hound - Swiss - (Lucerne Hound (Luzerner Laufhund), Schwyz Hound (Schweizer Laufhund), Bernese Hound, Jura Hound)","Metacam 1.5 mg/ml - Oral suspension (dogs), SYNULOX (200+50)MG/TAB ΔΙΣΚΙΟ, SYNULOX (40+10)MG/TAB ΔΙΣΚΙΟ, SYNULOX 140 mg/ml + 35 mg/ml suspensión inyectable, SYNULOX 200 mg/50 mg tablety pre psy a mačky, SYNULOX 200/50 mg COMPRIMIDOS APETITOSOS PARA PERROS, SYNULOX 250 COMPRIMES POUR CHIENS, SYNULOX 250 mg, SYNULOX 250 mg kramtomosios tabletės šunims ir katėms, SYNULOX 250 mg tablete za pse in mačke, SYNULOX 250mg, δισκία για σκύλους και γάτες, SYNULOX 40 mg/10 mg tablety pre psy a mačky, SYNULOX 40 mg/ml + 10 mg/ml POLVO PARA GOTAS ORALES EN SUSPENSION, SYNULOX 40/10 MG COMPRIMIDOS APETITOSOS PARA PERROS Y GATOS, SYNULOX 400 mg/100 mg tablety pre psy, SYNULOX 400/100 mg COMPRIMIDOS APETITOSOS PARA PERROS, SYNULOX 50 COMPRIMES POUR CHIENS ET CHATS, SYNULOX 50 mg, SYNULOX 50 mg kramtomosios tabletės šunims ir katėms, SYNULOX 50 mg tablete za pse in mačke, SYNULOX 500 COMPRIMES POUR CHIENS, SYNULOX 500 mg kramtomosios tabletės šunims, SYNULOX 500 mg tablete za pse, SYNULOX 500 mg, kramtomosios tabletės šunims, SYNULOX 500MG/TAB ΔΙΣΚΙΟ, SYNULOX 50mg, δισκία για σκύλους και γάτες, SYNULOX OGIVETTES POUR VEAUX, SYNULOX SUSPENSION INJECTABLE POUR BOVINS, SYNULOX VET 140 mg/ml injektioneste, suspensio koiralle, kissalle ja sialle, SYNULOX suspensão injetável para suínos, bovinos, cães e gatos, SYNULOX vet 200 mg/50 mg tabletti, koiralle ja kissalle, SYNULOX vet 40 mg/10 mg tabletti, koiralle ja kissalle, SYNULOX vet 400 mg/100 mg tabletti, koiralle, SYNULOX, 400/100mg, Tableta, Synulox 250 mg Comprimés Appétents, Synulox 250 mg Smakelijke tabletten, Synulox 250 mg tabletes suņiem un kaķiem, Synulox 250 mg, tabletid koertele ja kassidele, Synulox 250 mg, таблетки за кучета и котки, Synulox 250mg (200 mg/50 mg)  Tabletten für Hunde, Synulox 50 mg Comprimés Appétents, Synulox 50 mg Smakelijke Tabletten, Synulox 50 mg tabletes suņiem un kaķiem, Synulox 50 mg, tabletid koertele ja kassidele, Synulox 50 mg, таблетки за кучета и котки, Synulox 500 mg Bolus 400 mg - 100 mg Omhulde tablet, Synulox 500 mg Comprimés Appétents, Synulox 500 mg Smakelijke Tabletten, Synulox 500 mg tabletes suņiem, Synulox 500 mg, tabletid koertele, Synulox 500mg (400 mg/100 mg) Tabletten für Hunde, Synulox 50mg (40 mg/10 mg) Tabletten für Hunde und Katzen, Synulox Bolus 500 mg, 400 mg + 100 mg comprimés enrobés pour veaux, Synulox Lactating Cow Intramammary suspension., Synulox Tabletki 250 mg, Synulox Tabletki 250 mg (200+50) mg/tablete; tabletes suņiem, Synulox Tabletki 50 mg, Synulox Tabletki 50 mg (40+10) mg/ tablete; tabletes suņiem un kaķiem, Synulox Tabletki 500 mg, Synulox Vet. til hund og kat 200 + 50 mg tabletter, Synulox Vet. til hund og kat 40 + 10 mg tabletter, Synulox Vet. til hund tabletter 400 + 100 mg, Synulox Vet. til kalve 400 + 100 mg tabletter, Synulox comprimidos palatáveis 250 mg para cães e gatos, Synulox comprimidos palatáveis 50 mg para cães e gatos, Synulox comprimidos palatáveis 500 mg para cães, Synulox vet 40 mg/ml jauhe oraalisuspensiota varten koiralle ja kissalle, Synulox vet. 200 mg tabletter for hund og katt, Synulox vet. 200 mg/50 mg Tablett, Synulox vet. 40 mg tabletter for hund og katt, Synulox vet. 40 mg/10 mg Tablett, Synulox vet. 400 mg tabletter for hund, Synulox vet. 400 mg/100 mg Tablett, Synulox, 200/50mg, Tableta, Synulox, 40/10mg, Tableta, Synulox-Kalb 400 mg/100 mg Filmtabletten für Rinder (Kälber)",Diarrhoea,1,1,
US-DEBIAHP-2012US00088,"<a target=""_blank""  href=""/xmlpserver/EVVET3 PW NEW/Subject Area Contents/Public Website/Report (PDF)/AER.xdo?_xpf=&_xpt=1&_params%2FOracle%20BI%20EE%3A%3ADefaultApp%3A%3AEVVET3%20PR%20NEW%2FAER%3A%3Adimension%2FAER%20Id%3A%3Aattribute%3A%3Anoaggr%3A%3Axsd%3Adouble=361476&_xt=AER&_xf=pdf""> AER </a>",2013-04-30 00:00:00,Animal owner,United States,MALE,Dog,Retriever - Golden,Metacam 1.5 mg/ml - Oral suspension (dogs),Hyperactivity,1,1,
US-DEBIAHP-2012US00114,"<a target=""_blank""  href=""/xmlpserver/EVVET3 PW NEW/Subject Area Contents/Public Website/Report (PDF)/AER.xdo?_xpf=&_xpt=1&_params%2FOracle%20BI%20EE%3A%3ADefaultApp%3A%3AEVVET3%20PR%20NEW%2FAER%3A%3Adimension%2FAER%20Id%3A%3Aattribute%3A%3Anoaggr%3A%3Axsd%3Adouble=364684&_xt=AER&_xf=pdf""> AER </a>",2013-06-04 00:00:00,Veterinarian,United States,MALE,Dog,Terrier - Boston,"Metacam 0.5 mg/ml - Oral suspension (cats, guinea pigs), Metacam 0.5 mg/ml - Oral suspension (dogs), Metacam 5 mg/ml - Solution for injection (cats, dogs), Metacam 5 mg/ml - Solution for injection (cattle, pigs), Metacam 5 mg/ml - Solution for injection (dogs)","Anorexia, Elevated blood urea nitrogen (BUN), Elevated liver enzymes NOS, Generalised skin slough, Hyperglycaemia, Hypoproteinaemia, Other abnormal test result NOS, Purulent lesion(s), Seroma, Skin necrosis, Swelling NOS",1,1,
US-DEBIAHP-2012US00205,"<a target=""_blank""  href=""/xmlpserver/EVVET3 PW NEW/Subject Area Contents/Public Website/Report (PDF)/AER.xdo?_xpf=&_xpt=1&_params%2FOracle%20BI%20EE%3A%3ADefaultApp%3A%3AEVVET3%20PR%20NEW%2FAER%3A%3Adimension%2FAER%20Id%3A%3Aattribute%3A%3Anoaggr%3A%3Axsd%3Adouble=361477&_xt=AER&_xf=pdf""> AER </a>",2013-04-30 00:00:00,Animal owner,United States,MALE,Dog,Terrier - Lakeland,Metacam 1.5 mg/ml - Oral suspension (dogs),"Excessive thirst, Itching",1,1,
US-DEBIAHP-2012US00210,"<a target=""_blank""  href=""/xmlpserver/EVVET3 PW NEW/Subject Area Contents/Public Website/Report (PDF)/AER.xdo?_xpf=&_xpt=1&_params%2FOracle%20BI%20EE%3A%3ADefaultApp%3A%3AEVVET3%20PR%20NEW%2FAER%3A%3Adimension%2FAER%20Id%3A%3Aattribute%3A%3Anoaggr%3A%3Axsd%3Adouble=361478&_xt=AER&_xf=pdf""> AER </a>",2013-04-30 00:00:00,Animal owner,United States,MALE,Dog,Dog (other),Metacam 1.5 mg/ml - Oral suspension (dogs),"Disorientation, Lethargy (see also Central nervous system depression in Neurological)",1,1,
US-DEBIAHP-2012US00358,"<a target=""_blank""  href=""/xmlpserver/EVVET3 PW NEW/Subject Area Contents/Public Website/Report (PDF)/AER.xdo?_xpf=&_xpt=1&_params%2FOracle%20BI%20EE%3A%3ADefaultApp%3A%3AEVVET3%20PR%20NEW%2FAER%3A%3Adimension%2FAER%20Id%3A%3Aattribute%3A%3Anoaggr%3A%3Axsd%3Adouble=361479&_xt=AER&_xf=pdf""> AER </a>",2013-04-30 00:00:00,Animal owner,United States,FEMALE,Dog,Retriever - Chesapeake Bay,Metacam 1.5 mg/ml - Oral suspension (dogs),Lack of efficacy - NOS,1,1,
US-DEBIAHP-2012US01040,"<a target=""_blank""  href=""/xmlpserver/EVVET3 PW NEW/Subject Area Contents/Public Website/Report (PDF)/AER.xdo?_xpf=&_xpt=1&_params%2FOracle%20BI%20EE%3A%3ADefaultApp%3A%3AEVVET3%20PR%20NEW%2FAER%3A%3Adimension%2FAER%20Id%3A%3Aattribute%3A%3Anoaggr%3A%3Axsd%3Adouble=361480&_xt=AER&_xf=pdf""> AER </a>",2013-04-30 00:00:00,Other health care professional,United States,MALE,Dog,Retriever - Labrador,"Metacam 1.5 mg/ml - Oral suspension (dogs), Tramadog 50 mg tablet for dogs",Lack of efficacy - NOS,1,1,
US-DEBIAHP-2012US01167,"<a target=""_blank""  href=""/xmlpserver/EVVET3 PW NEW/Subject Area Contents/Public Website/Report (PDF)/AER.xdo?_xpf=&_xpt=1&_params%2FOracle%20BI%20EE%3A%3ADefaultApp%3A%3AEVVET3%20PR%20NEW%2FAER%3A%3Adimension%2FAER%20Id%3A%3Aattribute%3A%3Anoaggr%3A%3Axsd%3Adouble=361481&_xt=AER&_xf=pdf""> AER </a>",2013-04-30 00:00:00,Veterinarian,United States,FEMALE,Dog,Retriever - Labrador,"ADEQUAN IM 500 MG/5 ML SOLUTION FOR INJECTION, Adequan, Adequan 100 mg/ml Solution for Injection, Adequan 250 mg/ml Solution for Injection, Metacam 1.5 mg/ml - Oral suspension (dogs), Tramadog 50 mg tablet for dogs",Lack of efficacy - NOS,1,1,
US-DEBIAHP-2012US01221,"<a target=""_blank""  href=""/xmlpserver/EVVET3 PW NEW/Subject Area Contents/Public Website/Report (PDF)/AER.xdo?_xpf=&_xpt=1&_params%2FOracle%20BI%20EE%3A%3ADefaultApp%3A%3AEVVET3%20PR%20NEW%2FAER%3A%3Adimension%2FAER%20Id%3A%3Aattribute%3A%3Anoaggr%3A%3Axsd%3Adouble=361482&_xt=AER&_xf=pdf""> AER </a>",2013-04-30 00:00:00,Veterinarian,United States,FEMALE,Dog,Terrier - West Highland White,"Metacam 1.5 mg/ml - Oral suspension (dogs), Tramadog 50 mg tablet for dogs",Nasal bleeding,1,1,
US-DEBIAHP-2012US01336,"<a target=""_blank""  href=""/xmlpserver/EVVET3 PW NEW/Subject Area Contents/Public Website/Report (PDF)/AER.xdo?_xpf=&_xpt=1&_params%2FOracle%20BI%20EE%3A%3ADefaultApp%3A%3AEVVET3%20PR%20NEW%2FAER%3A%3Adimension%2FAER%20Id%3A%3Aattribute%3A%3Anoaggr%3A%3Axsd%3Adouble=361483&_xt=AER&_xf=pdf""> AER </a>",2013-04-30 00:00:00,Animal owner,United States,MALE,Dog,Poodle - Toy,Metacam 1.5 mg/ml - Oral suspension (dogs),Blood in faeces,1,1,
US-DEBIAHP-2012US01579,"<a target=""_blank""  href=""/xmlpserver/EVVET3 PW NEW/Subject Area Contents/Public Website/Report (PDF)/AER.xdo?_xpf=&_xpt=1&_params%2FOracle%20BI%20EE%3A%3ADefaultApp%3A%3AEVVET3%20PR%20NEW%2FAER%3A%3Adimension%2FAER%20Id%3A%3Aattribute%3A%3Anoaggr%3A%3Axsd%3Adouble=361485&_xt=AER&_xf=pdf""> AER </a>",2013-04-30 00:00:00,Animal owner,United States,MALE,Dog,Poodle - Miniature,Metacam 1.5 mg/ml - Oral suspension (dogs),Hyperactivity,1,1,
US-DEBIAHP-2012US01663,"<a target=""_blank""  href=""/xmlpserver/EVVET3 PW NEW/Subject Area Contents/Public Website/Report (PDF)/AER.xdo?_xpf=&_xpt=1&_params%2FOracle%20BI%20EE%3A%3ADefaultApp%3A%3AEVVET3%20PR%20NEW%2FAER%3A%3Adimension%2FAER%20Id%3A%3Aattribute%3A%3Anoaggr%3A%3Axsd%3Adouble=361928&_xt=AER&_xf=pdf""> AER </a>",2013-05-02 00:00:00,Animal owner,United States,FEMALE,Dog,Shih Tzu,"Metacam 0.5 mg/ml - Oral suspension (cats, guinea pigs), Metacam 0.5 mg/ml - Oral suspension (dogs), SYNULOX (200+50)MG/TAB ΔΙΣΚΙΟ, SYNULOX (40+10)MG/TAB ΔΙΣΚΙΟ, SYNULOX 140 mg/ml + 35 mg/ml suspensión inyectable, SYNULOX 200 mg/50 mg tablety pre psy a mačky, SYNULOX 200/50 mg COMPRIMIDOS APETITOSOS PARA PERROS, SYNULOX 250 COMPRIMES POUR CHIENS, SYNULOX 250 mg, SYNULOX 250 mg kramtomosios tabletės šunims ir katėms, SYNULOX 250 mg tablete za pse in mačke, SYNULOX 250mg, δισκία για σκύλους και γάτες, SYNULOX 40 mg/10 mg tablety pre psy a mačky, SYNULOX 40 mg/ml + 10 mg/ml POLVO PARA GOTAS ORALES EN SUSPENSION, SYNULOX 40/10 MG COMPRIMIDOS APETITOSOS PARA PERROS Y GATOS, SYNULOX 400 mg/100 mg tablety pre psy, SYNULOX 400/100 mg COMPRIMIDOS APETITOSOS PARA PERROS, SYNULOX 50 COMPRIMES POUR CHIENS ET CHATS, SYNULOX 50 mg, SYNULOX 50 mg kramtomosios tabletės šunims ir katėms, SYNULOX 50 mg tablete za pse in mačke, SYNULOX 500 COMPRIMES POUR CHIENS, SYNULOX 500 mg kramtomosios tabletės šunims, SYNULOX 500 mg tablete za pse, SYNULOX 500 mg, kramtomosios tabletės šunims, SYNULOX 500MG/TAB ΔΙΣΚΙΟ, SYNULOX 50mg, δισκία για σκύλους και γάτες, SYNULOX OGIVETTES POUR VEAUX, SYNULOX SUSPENSION INJECTABLE POUR BOVINS, SYNULOX VET 140 mg/ml injektioneste, suspensio koiralle, kissalle ja sialle, SYNULOX suspensão injetável para suínos, bovinos, cães e gatos, SYNULOX vet 200 mg/50 mg tabletti, koiralle ja kissalle, SYNULOX vet 40 mg/10 mg tabletti, koiralle ja kissalle, SYNULOX vet 400 mg/100 mg tabletti, koiralle, SYNULOX, 400/100mg, Tableta, Synulox 250 mg Comprimés Appétents, Synulox 250 mg Smakelijke tabletten, Synulox 250 mg tabletes suņiem un kaķiem, Synulox 250 mg, tabletid koertele ja kassidele, Synulox 250 mg, таблетки за кучета и котки, Synulox 250mg (200 mg/50 mg)  Tabletten für Hunde, Synulox 50 mg Comprimés Appétents, Synulox 50 mg Smakelijke Tabletten, Synulox 50 mg tabletes suņiem un kaķiem, Synulox 50 mg, tabletid koertele ja kassidele, Synulox 50 mg, таблетки за кучета и котки, Synulox 500 mg Bolus 400 mg - 100 mg Omhulde tablet, Synulox 500 mg Comprimés Appétents, Synulox 500 mg Smakelijke Tabletten, Synulox 500 mg tabletes suņiem, Synulox 500 mg, tabletid koertele, Synulox 500mg (400 mg/100 mg) Tabletten für Hunde, Synulox 50mg (40 mg/10 mg) Tabletten für Hunde und Katzen, Synulox Bolus 500 mg, 400 mg + 100 mg comprimés enrobés pour veaux, Synulox Lactating Cow Intramammary suspension., Synulox Tabletki 250 mg, Synulox Tabletki 250 mg (200+50) mg/tablete; tabletes suņiem, Synulox Tabletki 50 mg, Synulox Tabletki 50 mg (40+10) mg/ tablete; tabletes suņiem un kaķiem, Synulox Tabletki 500 mg, Synulox Vet. til hund og kat 200 + 50 mg tabletter, Synulox Vet. til hund og kat 40 + 10 mg tabletter, Synulox Vet. til hund tabletter 400 + 100 mg, Synulox Vet. til kalve 400 + 100 mg tabletter, Synulox comprimidos palatáveis 250 mg para cães e gatos, Synulox comprimidos palatáveis 50 mg para cães e gatos, Synulox comprimidos palatáveis 500 mg para cães, Synulox vet 40 mg/ml jauhe oraalisuspensiota varten koiralle ja kissalle, Synulox vet. 200 mg tabletter for hund og katt, Synulox vet. 200 mg/50 mg Tablett, Synulox vet. 40 mg tabletter for hund og katt, Synulox vet. 40 mg/10 mg Tablett, Synulox vet. 400 mg tabletter for hund, Synulox vet. 400 mg/100 mg Tablett, Synulox, 200/50mg, Tableta, Synulox, 40/10mg, Tableta, Synulox-Kalb 400 mg/100 mg Filmtabletten für Rinder (Kälber), Tramadog 50 mg tablet for dogs",Lack of efficacy - NOS,1,1,
US-DEBIAHP-2012US01694,"<a target=""_blank""  href=""/xmlpserver/EVVET3 PW NEW/Subject Area Contents/Public Website/Report (PDF)/AER.xdo?_xpf=&_xpt=1&_params%2FOracle%20BI%20EE%3A%3ADefaultApp%3A%3AEVVET3%20PR%20NEW%2FAER%3A%3Adimension%2FAER%20Id%3A%3Aattribute%3A%3Anoaggr%3A%3Axsd%3Adouble=361486&_xt=AER&_xf=pdf""> AER </a>",2013-04-30 00:00:00,Animal owner,United States,FEMALE,Dog,Retriever - Golden,Metacam 1.5 mg/ml - Oral suspension (dogs),Partial lack of efficacy,1,1,
US-DEBIAHP-2012US02581,"<a target=""_blank""  href=""/xmlpserver/EVVET3 PW NEW/Subject Area Contents/Public Website/Report (PDF)/AER.xdo?_xpf=&_xpt=1&_params%2FOracle%20BI%20EE%3A%3ADefaultApp%3A%3AEVVET3%20PR%20NEW%2FAER%3A%3Adimension%2FAER%20Id%3A%3Aattribute%3A%3Anoaggr%3A%3Axsd%3Adouble=361487&_xt=AER&_xf=pdf""> AER </a>",2013-04-30 00:00:00,Animal owner,United States,FEMALE,Dog,Spitz - German Pomeranian,"Metacam 1.5 mg/ml - Oral suspension (dogs), SYNULOX (200+50)MG/TAB ΔΙΣΚΙΟ, SYNULOX (40+10)MG/TAB ΔΙΣΚΙΟ, SYNULOX 140 mg/ml + 35 mg/ml suspensión inyectable, SYNULOX 200 mg/50 mg tablety pre psy a mačky, SYNULOX 200/50 mg COMPRIMIDOS APETITOSOS PARA PERROS, SYNULOX 250 COMPRIMES POUR CHIENS, SYNULOX 250 mg, SYNULOX 250 mg kramtomosios tabletės šunims ir katėms, SYNULOX 250 mg tablete za pse in mačke, SYNULOX 250mg, δισκία για σκύλους και γάτες, SYNULOX 40 mg/10 mg tablety pre psy a mačky, SYNULOX 40 mg/ml + 10 mg/ml POLVO PARA GOTAS ORALES EN SUSPENSION, SYNULOX 40/10 MG COMPRIMIDOS APETITOSOS PARA PERROS Y GATOS, SYNULOX 400 mg/100 mg tablety pre psy, SYNULOX 400/100 mg COMPRIMIDOS APETITOSOS PARA PERROS, SYNULOX 50 COMPRIMES POUR CHIENS ET CHATS, SYNULOX 50 mg, SYNULOX 50 mg kramtomosios tabletės šunims ir katėms, SYNULOX 50 mg tablete za pse in mačke, SYNULOX 500 COMPRIMES POUR CHIENS, SYNULOX 500 mg kramtomosios tabletės šunims, SYNULOX 500 mg tablete za pse, SYNULOX 500 mg, kramtomosios tabletės šunims, SYNULOX 500MG/TAB ΔΙΣΚΙΟ, SYNULOX 50mg, δισκία για σκύλους και γάτες, SYNULOX OGIVETTES POUR VEAUX, SYNULOX SUSPENSION INJECTABLE POUR BOVINS, SYNULOX VET 140 mg/ml injektioneste, suspensio koiralle, kissalle ja sialle, SYNULOX suspensão injetável para suínos, bovinos, cães e gatos, SYNULOX vet 200 mg/50 mg tabletti, koiralle ja kissalle, SYNULOX vet 40 mg/10 mg tabletti, koiralle ja kissalle, SYNULOX vet 400 mg/100 mg tabletti, koiralle, SYNULOX, 400/100mg, Tableta, Synulox 250 mg Comprimés Appétents, Synulox 250 mg Smakelijke tabletten, Synulox 250 mg tabletes suņiem un kaķiem, Synulox 250 mg, tabletid koertele ja kassidele, Synulox 250 mg, таблетки за кучета и котки, Synulox 250mg (200 mg/50 mg)  Tabletten für Hunde, Synulox 50 mg Comprimés Appétents, Synulox 50 mg Smakelijke Tabletten, Synulox 50 mg tabletes suņiem un kaķiem, Synulox 50 mg, tabletid koertele ja kassidele, Synulox 50 mg, таблетки за кучета и котки, Synulox 500 mg Bolus 400 mg - 100 mg Omhulde tablet, Synulox 500 mg Comprimés Appétents, Synulox 500 mg Smakelijke Tabletten, Synulox 500 mg tabletes suņiem, Synulox 500 mg, tabletid koertele, Synulox 500mg (400 mg/100 mg) Tabletten für Hunde, Synulox 50mg (40 mg/10 mg) Tabletten für Hunde und Katzen, Synulox Bolus 500 mg, 400 mg + 100 mg comprimés enrobés pour veaux, Synulox Lactating Cow Intramammary suspension., Synulox Tabletki 250 mg, Synulox Tabletki 250 mg (200+50) mg/tablete; tabletes suņiem, Synulox Tabletki 50 mg, Synulox Tabletki 50 mg (40+10) mg/ tablete; tabletes suņiem un kaķiem, Synulox Tabletki 500 mg, Synulox Vet. til hund og kat 200 + 50 mg tabletter, Synulox Vet. til hund og kat 40 + 10 mg tabletter, Synulox Vet. til hund tabletter 400 + 100 mg, Synulox Vet. til kalve 400 + 100 mg tabletter, Synulox comprimidos palatáveis 250 mg para cães e gatos, Synulox comprimidos palatáveis 50 mg para cães e gatos, Synulox comprimidos palatáveis 500 mg para cães, Synulox vet 40 mg/ml jauhe oraalisuspensiota varten koiralle ja kissalle, Synulox vet. 200 mg tabletter for hund og katt, Synulox vet. 200 mg/50 mg Tablett, Synulox vet. 40 mg tabletter for hund og katt, Synulox vet. 40 mg/10 mg Tablett, Synulox vet. 400 mg tabletter for hund, Synulox vet. 400 mg/100 mg Tablett, Synulox, 200/50mg, Tableta, Synulox, 40/10mg, Tableta, Synulox-Kalb 400 mg/100 mg Filmtabletten für Rinder (Kälber)",Sneezing,2,2,
US-DEBIAHP-2012US03301,"<a target=""_blank""  href=""/xmlpserver/EVVET3 PW NEW/Subject Area Contents/Public Website/Report (PDF)/AER.xdo?_xpf=&_xpt=1&_params%2FOracle%20BI%20EE%3A%3ADefaultApp%3A%3AEVVET3%20PR%20NEW%2FAER%3A%3Adimension%2FAER%20Id%3A%3Aattribute%3A%3Anoaggr%3A%3Axsd%3Adouble=361488&_xt=AER&_xf=pdf""> AER </a>",2013-04-30 00:00:00,Animal owner,United States,MALE,Dog,Lhasa Apso,Metacam 1.5 mg/ml - Oral suspension (dogs),Inappetence,1,1,
US-DEBIAHP-2012US03485,"<a target=""_blank""  href=""/xmlpserver/EVVET3 PW NEW/Subject Area Contents/Public Website/Report (PDF)/AER.xdo?_xpf=&_xpt=1&_params%2FOracle%20BI%20EE%3A%3ADefaultApp%3A%3AEVVET3%20PR%20NEW%2FAER%3A%3Adimension%2FAER%20Id%3A%3Aattribute%3A%3Anoaggr%3A%3Axsd%3Adouble=361489&_xt=AER&_xf=pdf""> AER </a>",2013-04-30 00:00:00,Animal owner,United States,FEMALE,Dog,Retriever - Labrador,"Metacam 1.5 mg/ml - Oral suspension (dogs), Proin 15 mg chewable tablets for dogs, Proin 50 mg chewable tablets for dogs",Lack of efficacy - NOS,1,1,
US-DEBIAHP-2012US09375,"<a target=""_blank""  href=""/xmlpserver/EVVET3 PW NEW/Subject Area Contents/Public Website/Report (PDF)/AER.xdo?_xpf=&_xpt=1&_params%2FOracle%20BI%20EE%3A%3ADefaultApp%3A%3AEVVET3%20PR%20NEW%2FAER%3A%3Adimension%2FAER%20Id%3A%3Aattribute%3A%3Anoaggr%3A%3Axsd%3Adouble=361490&_xt=AER&_xf=pdf""> AER </a>",2013-04-30 00:00:00,Other health care professional,United States,MALE,Dog,Shih Tzu,Metacam 1.5 mg/ml - Oral suspension (dogs),"Anorexia, Diarrhoea, Pinnae disorder, Vomiting",1,1,
US-DEBIAHP-2012US12725,"<a target=""_blank""  href=""/xmlpserver/EVVET3 PW NEW/Subject Area Contents/Public Website/Report (PDF)/AER.xdo?_xpf=&_xpt=1&_params%2FOracle%20BI%20EE%3A%3ADefaultApp%3A%3AEVVET3%20PR%20NEW%2FAER%3A%3Adimension%2FAER%20Id%3A%3Aattribute%3A%3Anoaggr%3A%3Axsd%3Adouble=355931&_xt=AER&_xf=pdf""> AER </a>",2013-03-06 00:00:00,Other health care professional,United States,FEMALE,Dog,Mountain Dog - Bernese,Metacam 1.5 mg/ml - Oral suspension (dogs),Pruritus,1,1,
US-DEBIAHP-2012US13698,"<a target=""_blank""  href=""/xmlpserver/EVVET3 PW NEW/Subject Area Contents/Public Website/Report (PDF)/AER.xdo?_xpf=&_xpt=1&_params%2FOracle%20BI%20EE%3A%3ADefaultApp%3A%3AEVVET3%20PR%20NEW%2FAER%3A%3Adimension%2FAER%20Id%3A%3Aattribute%3A%3Anoaggr%3A%3Axsd%3Adouble=346800&_xt=AER&_xf=pdf""> AER </a>",2013-01-08 00:00:00,Veterinarian,United States,FEMALE,Dog,Bichon Frise,"Metacam 0.5 mg/ml - Oral suspension (cats, guinea pigs), Metacam 0.5 mg/ml - Oral suspension (dogs)","Hyphaemia, Thrombocytopenia",1,1,
US-DEBIAHP-2012US14074,"<a target=""_blank""  href=""/xmlpserver/EVVET3 PW NEW/Subject Area Contents/Public Website/Report (PDF)/AER.xdo?_xpf=&_xpt=1&_params%2FOracle%20BI%20EE%3A%3ADefaultApp%3A%3AEVVET3%20PR%20NEW%2FAER%3A%3Adimension%2FAER%20Id%3A%3Aattribute%3A%3Anoaggr%3A%3Axsd%3Adouble=360087&_xt=AER&_xf=pdf""> AER </a>",2013-04-15 00:00:00,Other health care professional,United States,FEMALE,Dog,Retriever - Golden,Metacam 1.5 mg/ml - Oral suspension (dogs),"Diarrhoea, Emesis",1,1,
US-DEBIAHP-2012US14089,"<a target=""_blank""  href=""/xmlpserver/EVVET3 PW NEW/Subject Area Contents/Public Website/Report (PDF)/AER.xdo?_xpf=&_xpt=1&_params%2FOracle%20BI%20EE%3A%3ADefaultApp%3A%3AEVVET3%20PR%20NEW%2FAER%3A%3Adimension%2FAER%20Id%3A%3Aattribute%3A%3Anoaggr%3A%3Axsd%3Adouble=358478&_xt=AER&_xf=pdf""> AER </a>",2013-03-26 00:00:00,Veterinarian,United States,MALE,Dog,Corgi - Welsh Pembroke,Metacam 1.5 mg/ml - Oral suspension (dogs),"Anaemia NOS, Decreased appetite, Elevated alanine aminotransferase (ALT), Fever, Leukocytosis NOS, Other abnormal test result NOS, Pyoderma, Vomiting",1,1,
US-DEBIAHP-2012US14268,"<a target=""_blank""  href=""/xmlpserver/EVVET3 PW NEW/Subject Area Contents/Public Website/Report (PDF)/AER.xdo?_xpf=&_xpt=1&_params%2FOracle%20BI%20EE%3A%3ADefaultApp%3A%3AEVVET3%20PR%20NEW%2FAER%3A%3Adimension%2FAER%20Id%3A%3Aattribute%3A%3Anoaggr%3A%3Axsd%3Adouble=346773&_xt=AER&_xf=pdf""> AER </a>",2013-01-08 00:00:00,Veterinarian,United States,MALE,Dog,Spitz - German Pomeranian,Metacam 1.5 mg/ml - Oral suspension (dogs),"Acute renal failure, Bloody diarrhoea, Impaired consciousness, Not eating, Shock",1,1,
US-DEBIAHP-2012US14562,"<a target=""_blank""  href=""/xmlpserver/EVVET3 PW NEW/Subject Area Contents/Public Website/Report (PDF)/AER.xdo?_xpf=&_xpt=1&_params%2FOracle%20BI%20EE%3A%3ADefaultApp%3A%3AEVVET3%20PR%20NEW%2FAER%3A%3Adimension%2FAER%20Id%3A%3Aattribute%3A%3Anoaggr%3A%3Axsd%3Adouble=356702&_xt=AER&_xf=pdf""> AER </a>",2013-03-11 00:00:00,Veterinarian,United States,FEMALE,Dog,Crossbred Canine/dog,Metacam 1.5 mg/ml - Oral suspension (dogs),"Elevated alanine aminotransferase (ALT), Emesis",1,1,
US-DEBIAHP-2012US15124,"<a target=""_blank""  href=""/xmlpserver/EVVET3 PW NEW/Subject Area Contents/Public Website/Report (PDF)/AER.xdo?_xpf=&_xpt=1&_params%2FOracle%20BI%20EE%3A%3ADefaultApp%3A%3AEVVET3%20PR%20NEW%2FAER%3A%3Adimension%2FAER%20Id%3A%3Aattribute%3A%3Anoaggr%3A%3Axsd%3Adouble=347361&_xt=AER&_xf=pdf""> AER </a>",2013-01-11 00:00:00,Veterinarian,United States,FEMALE,Dog,Terrier - Airedale,Metacam 1.5 mg/ml - Oral suspension (dogs),"Anorexia, Death by euthanasia, Elevated blood urea nitrogen (BUN), Elevated creatinine, Hyperphosphataemia, Lethargy (see also Central nervous system depression in Neurological), Vomiting",1,1,1
US-DEBIAHP-2012US15136,"<a target=""_blank""  href=""/xmlpserver/EVVET3 PW NEW/Subject Area Contents/Public Website/Report (PDF)/AER.xdo?_xpf=&_xpt=1&_params%2FOracle%20BI%20EE%3A%3ADefaultApp%3A%3AEVVET3%20PR%20NEW%2FAER%3A%3Adimension%2FAER%20Id%3A%3Aattribute%3A%3Anoaggr%3A%3Axsd%3Adouble=351634&_xt=AER&_xf=pdf""> AER </a>",2013-02-06 00:00:00,Animal owner,United States,FEMALE,Dog,Chin,"Metacam 0.5 mg/ml - Oral suspension (cats, guinea pigs), Metacam 0.5 mg/ml - Oral suspension (dogs)",Lack of efficacy - NOS,1,1,
US-DEBIAHP-2012US15521,"<a target=""_blank""  href=""/xmlpserver/EVVET3 PW NEW/Subject Area Contents/Public Website/Report (PDF)/AER.xdo?_xpf=&_xpt=1&_params%2FOracle%20BI%20EE%3A%3ADefaultApp%3A%3AEVVET3%20PR%20NEW%2FAER%3A%3Adimension%2FAER%20Id%3A%3Aattribute%3A%3Anoaggr%3A%3Axsd%3Adouble=358182&_xt=AER&_xf=pdf""> AER </a>",2013-03-21 00:00:00,Veterinarian,United States,FEMALE,Dog,Retriever - Flat-coated,Metacam 1.5 mg/ml - Oral suspension (dogs),"Dry coat, General hair loss",1,1,
US-DEBIAHP-2012US15621,"<a target=""_blank""  href=""/xmlpserver/EVVET3 PW NEW/Subject Area Contents/Public Website/Report (PDF)/AER.xdo?_xpf=&_xpt=1&_params%2FOracle%20BI%20EE%3A%3ADefaultApp%3A%3AEVVET3%20PR%20NEW%2FAER%3A%3Adimension%2FAER%20Id%3A%3Aattribute%3A%3Anoaggr%3A%3Axsd%3Adouble=358183&_xt=AER&_xf=pdf""> AER </a>",2013-03-21 00:00:00,Veterinarian,United States,FEMALE,Dog,Dachshund - Standard Wire-haired,Metacam 1.5 mg/ml - Oral suspension (dogs),"Collapse NOS (see also Cardio-vascular and Neurological disorders), Tachycardia, Weakness",1,1,
US-DEBIAHP-2012US15738,"<a target=""_blank""  href=""/xmlpserver/EVVET3 PW NEW/Subject Area Contents/Public Website/Report (PDF)/AER.xdo?_xpf=&_xpt=1&_params%2FOracle%20BI%20EE%3A%3ADefaultApp%3A%3AEVVET3%20PR%20NEW%2FAER%3A%3Adimension%2FAER%20Id%3A%3Aattribute%3A%3Anoaggr%3A%3Axsd%3Adouble=347716&_xt=AER&_xf=pdf""> AER </a>",2013-01-14 00:00:00,Other health care professional,United States,MALE,Dog,Retriever - Labrador,Metacam 1.5 mg/ml - Oral suspension (dogs),"Halitosis, Oral ulceration, Stomatitis",1,1,
US-DEBIAHP-2012US15776,"<a target=""_blank""  href=""/xmlpserver/EVVET3 PW NEW/Subject Area Contents/Public Website/Report (PDF)/AER.xdo?_xpf=&_xpt=1&_params%2FOracle%20BI%20EE%3A%3ADefaultApp%3A%3AEVVET3%20PR%20NEW%2FAER%3A%3Adimension%2FAER%20Id%3A%3Aattribute%3A%3Anoaggr%3A%3Axsd%3Adouble=346331&_xt=AER&_xf=pdf""> AER </a>",2013-01-04 00:00:00,Veterinarian,United States,FEMALE,Dog,Retriever - Labrador,Metacam 1.5 mg/ml - Oral suspension (dogs),Pruritus,1,1,
US-DEBIAHP-2012US15789,"<a target=""_blank""  href=""/xmlpserver/EVVET3 PW NEW/Subject Area Contents/Public Website/Report (PDF)/AER.xdo?_xpf=&_xpt=1&_params%2FOracle%20BI%20EE%3A%3ADefaultApp%3A%3AEVVET3%20PR%20NEW%2FAER%3A%3Adimension%2FAER%20Id%3A%3Aattribute%3A%3Anoaggr%3A%3Axsd%3Adouble=346782&_xt=AER&_xf=pdf""> AER </a>",2013-01-08 00:00:00,Other health care professional,United States,UNKNOWN,Dog,Poodle - Standard,Metacam 1.5 mg/ml - Oral suspension (dogs),"Gastric perforation, Gastric volvulus, Listless, Restlessness, Septicaemia",1,1,
US-DEBIAHP-2012US15810,"<a target=""_blank""  href=""/xmlpserver/EVVET3 PW NEW/Subject Area Contents/Public Website/Report (PDF)/AER.xdo?_xpf=&_xpt=1&_params%2FOracle%20BI%20EE%3A%3ADefaultApp%3A%3AEVVET3%20PR%20NEW%2FAER%3A%3Adimension%2FAER%20Id%3A%3Aattribute%3A%3Anoaggr%3A%3Axsd%3Adouble=346537&_xt=AER&_xf=pdf""> AER </a>",2013-01-07 00:00:00,Veterinarian,United States,MALE,Dog,Dog (other),Metacam 1.5 mg/ml - Oral suspension (dogs),"Erythema (for urticaria see Immune SOC), Pruritus",1,1,
US-DEBIAHP-2012US15816,"<a target=""_blank""  href=""/xmlpserver/EVVET3 PW NEW/Subject Area Contents/Public Website/Report (PDF)/AER.xdo?_xpf=&_xpt=1&_params%2FOracle%20BI%20EE%3A%3ADefaultApp%3A%3AEVVET3%20PR%20NEW%2FAER%3A%3Adimension%2FAER%20Id%3A%3Aattribute%3A%3Anoaggr%3A%3Axsd%3Adouble=348378&_xt=AER&_xf=pdf""> AER </a>",2013-01-17 00:00:00,Veterinarian,United States,FEMALE,Dog,Chihuahua,"Metacam 0.5 mg/ml - Oral suspension (cats, guinea pigs), Metacam 0.5 mg/ml - Oral suspension (dogs)","Death, Dyspnoea, Pain NOS, Uncoded sign, Vocalisation",1,1,
US-DEBIAHP-2012US15820,"<a target=""_blank""  href=""/xmlpserver/EVVET3 PW NEW/Subject Area Contents/Public Website/Report (PDF)/AER.xdo?_xpf=&_xpt=1&_params%2FOracle%20BI%20EE%3A%3ADefaultApp%3A%3AEVVET3%20PR%20NEW%2FAER%3A%3Adimension%2FAER%20Id%3A%3Aattribute%3A%3Anoaggr%3A%3Axsd%3Adouble=358184&_xt=AER&_xf=pdf""> AER </a>",2013-03-21 00:00:00,Other health care professional,United States,FEMALE,Dog,Chihuahua,Metacam 1.5 mg/ml - Oral suspension (dogs),"Anorexia, Elevated blood urea nitrogen (BUN), Hypercalcaemia, Hyperphosphataemia, Hypothermia, Reduced responses, Seizure NOS, Twitching",1,1,
US-DEBIAHP-2012US15866,"<a target=""_blank""  href=""/xmlpserver/EVVET3 PW NEW/Subject Area Contents/Public Website/Report (PDF)/AER.xdo?_xpf=&_xpt=1&_params%2FOracle%20BI%20EE%3A%3ADefaultApp%3A%3AEVVET3%20PR%20NEW%2FAER%3A%3Adimension%2FAER%20Id%3A%3Aattribute%3A%3Anoaggr%3A%3Axsd%3Adouble=346789&_xt=AER&_xf=pdf""> AER </a>",2013-01-09 00:00:00,Other health care professional,United States,UNKNOWN,Dog,"Hound - Swiss - (Lucerne Hound (Luzerner Laufhund), Schwyz Hound (Schweizer Laufhund), Bernese Hound, Jura Hound)",Metacam 1.5 mg/ml - Oral suspension (dogs),Diarrhoea,1,1,
US-DEBIAHP-2013US00031,"<a target=""_blank""  href=""/xmlpserver/EVVET3 PW NEW/Subject Area Contents/Public Website/Report (PDF)/AER.xdo?_xpf=&_xpt=1&_params%2FOracle%20BI%20EE%3A%3ADefaultApp%3A%3AEVVET3%20PR%20NEW%2FAER%3A%3Adimension%2FAER%20Id%3A%3Aattribute%3A%3Anoaggr%3A%3Axsd%3Adouble=347708&_xt=AER&_xf=pdf""> AER </a>",2013-01-14 00:00:00,Other health care professional,United States,FEMALE,Dog,Terrier - Yorkshire,Metacam 1.5 mg/ml - Oral suspension (dogs),Other abnormal test result NOS,1,1,
US-DEBIAHP-2013US00097,"<a target=""_blank""  href=""/xmlpserver/EVVET3 PW NEW/Subject Area Contents/Public Website/Report (PDF)/AER.xdo?_xpf=&_xpt=1&_params%2FOracle%20BI%20EE%3A%3ADefaultApp%3A%3AEVVET3%20PR%20NEW%2FAER%3A%3Adimension%2FAER%20Id%3A%3Aattribute%3A%3Anoaggr%3A%3Axsd%3Adouble=354057&_xt=AER&_xf=pdf""> AER </a>",2013-02-22 00:00:00,Veterinarian,United States,MALE,Dog,Terrier - Boston,Metacam 1.5 mg/ml - Oral suspension (dogs),"Dyspnoea, Facial swelling (see also Skin), Pyrexia, Urticaria",1,1,
US-DEBIAHP-2013US00098,"<a target=""_blank""  href=""/xmlpserver/EVVET3 PW NEW/Subject Area Contents/Public Website/Report (PDF)/AER.xdo?_xpf=&_xpt=1&_params%2FOracle%20BI%20EE%3A%3ADefaultApp%3A%3AEVVET3%20PR%20NEW%2FAER%3A%3Adimension%2FAER%20Id%3A%3Aattribute%3A%3Anoaggr%3A%3Axsd%3Adouble=347637&_xt=AER&_xf=pdf""> AER </a>",2013-01-15 00:00:00,Veterinarian,United States,MALE,Dog,Papillon - Spaniel - Continental Toy (with erect ears or with dropped ears (Phaléne)),"Metacam 5 mg/ml - Solution for injection (cats, dogs), Metacam 5 mg/ml - Solution for injection (cattle, pigs), Metacam 5 mg/ml - Solution for injection (dogs)","Otitis externa, Swelling NOS",1,1,
US-DEBIAHP-2013US00132,"<a target=""_blank""  href=""/xmlpserver/EVVET3 PW NEW/Subject Area Contents/Public Website/Report (PDF)/AER.xdo?_xpf=&_xpt=1&_params%2FOracle%20BI%20EE%3A%3ADefaultApp%3A%3AEVVET3%20PR%20NEW%2FAER%3A%3Adimension%2FAER%20Id%3A%3Aattribute%3A%3Anoaggr%3A%3Axsd%3Adouble=347635&_xt=AER&_xf=pdf""> AER </a>",2013-01-14 00:00:00,Veterinarian,United States,MALE,Dog,Terrier - Cairn,Metacam 1.5 mg/ml - Oral suspension (dogs),"Anorexia, Diarrhoea, Elevated blood urea nitrogen (BUN), Elevated creatinine, Vomiting",1,1,
US-DEBIAHP-2013US00146,"<a target=""_blank""  href=""/xmlpserver/EVVET3 PW NEW/Subject Area Contents/Public Website/Report (PDF)/AER.xdo?_xpf=&_xpt=1&_params%2FOracle%20BI%20EE%3A%3ADefaultApp%3A%3AEVVET3%20PR%20NEW%2FAER%3A%3Adimension%2FAER%20Id%3A%3Aattribute%3A%3Anoaggr%3A%3Axsd%3Adouble=348366&_xt=AER&_xf=pdf""> AER </a>",2013-01-17 00:00:00,Veterinarian,United States,MALE,Dog,Terrier - Welsh,"Metacam 5 mg/ml - Solution for injection (cats, dogs), Metacam 5 mg/ml - Solution for injection (cattle, pigs), Metacam 5 mg/ml - Solution for injection (dogs)","Death, Elevated alanine aminotransferase (ALT), Elevated blood urea nitrogen (BUN), Elevated creatinine, Elevated serum alkaline phosphatase (ALP), Hypercalcaemia, Hyperphosphataemia, Lethargy (see also Central nervous system depression in Neurological), Leukocytosis NOS, Other abnormal test result NOS",1,1,
US-DEBIAHP-2013US00154,"<a target=""_blank""  href=""/xmlpserver/EVVET3 PW NEW/Subject Area Contents/Public Website/Report (PDF)/AER.xdo?_xpf=&_xpt=1&_params%2FOracle%20BI%20EE%3A%3ADefaultApp%3A%3AEVVET3%20PR%20NEW%2FAER%3A%3Adimension%2FAER%20Id%3A%3Aattribute%3A%3Anoaggr%3A%3Axsd%3Adouble=348131&_xt=AER&_xf=pdf""> AER </a>",2013-01-16 00:00:00,Veterinarian,United States,MALE,Dog,"Hound - Swiss - (Lucerne Hound (Luzerner Laufhund), Schwyz Hound (Schweizer Laufhund), Bernese Hound, Jura Hound)",Metacam 1.5 mg/ml - Oral suspension (dogs),Aggression,1,1,
US-DEBIAHP-2013US00173,"<a target=""_blank""  href=""/xmlpserver/EVVET3 PW NEW/Subject Area Contents/Public Website/Report (PDF)/AER.xdo?_xpf=&_xpt=1&_params%2FOracle%20BI%20EE%3A%3ADefaultApp%3A%3AEVVET3%20PR%20NEW%2FAER%3A%3Adimension%2FAER%20Id%3A%3Aattribute%3A%3Anoaggr%3A%3Axsd%3Adouble=350063&_xt=AER&_xf=pdf""> AER </a>",2013-01-28 00:00:00,Animal owner,United States,FEMALE,Dog,"Hound - Swiss - (Lucerne Hound (Luzerner Laufhund), Schwyz Hound (Schweizer Laufhund), Bernese Hound, Jura Hound)",Metacam 1.5 mg/ml - Oral suspension (dogs),"Low platelet count, Oral bleeding",1,1,
US-DEBIAHP-2013US00317,"<a target=""_blank""  href=""/xmlpserver/EVVET3 PW NEW/Subject Area Contents/Public Website/Report (PDF)/AER.xdo?_xpf=&_xpt=1&_params%2FOracle%20BI%20EE%3A%3ADefaultApp%3A%3AEVVET3%20PR%20NEW%2FAER%3A%3Adimension%2FAER%20Id%3A%3Aattribute%3A%3Anoaggr%3A%3Axsd%3Adouble=354059&_xt=AER&_xf=pdf""> AER </a>",2013-02-22 00:00:00,Animal owner,United States,MALE,Dog,Terrier - West Highland White,"Metacam 1.5 mg/ml - Oral suspension (dogs), Tramadog 50 mg tablet for dogs","Elevated blood urea nitrogen (BUN), Emesis",1,1,
US-DEBIAHP-2013US00338,"<a target=""_blank""  href=""/xmlpserver/EVVET3 PW NEW/Subject Area Contents/Public Website/Report (PDF)/AER.xdo?_xpf=&_xpt=1&_params%2FOracle%20BI%20EE%3A%3ADefaultApp%3A%3AEVVET3%20PR%20NEW%2FAER%3A%3Adimension%2FAER%20Id%3A%3Aattribute%3A%3Anoaggr%3A%3Axsd%3Adouble=348907&_xt=AER&_xf=pdf""> AER </a>",2013-01-22 00:00:00,Veterinarian,United States,MALE,Dog,Retriever - Golden,Metacam 1.5 mg/ml - Oral suspension (dogs),"Elevated alanine aminotransferase (ALT), Elevated liver enzymes NOS",1,1,
US-DEBIAHP-2013US00391,"<a target=""_blank""  href=""/xmlpserver/EVVET3 PW NEW/Subject Area Contents/Public Website/Report (PDF)/AER.xdo?_xpf=&_xpt=1&_params%2FOracle%20BI%20EE%3A%3ADefaultApp%3A%3AEVVET3%20PR%20NEW%2FAER%3A%3Adimension%2FAER%20Id%3A%3Aattribute%3A%3Anoaggr%3A%3Axsd%3Adouble=348933&_xt=AER&_xf=pdf""> AER </a>",2013-01-22 00:00:00,Veterinarian,United States,MALE,Dog,Dachshund - Standard Wire-haired,Metacam 1.5 mg/ml - Oral suspension (dogs),Elevated alanine aminotransferase (ALT),1,1,
US-DEBIAHP-2013US00426,"<a target=""_blank""  href=""/xmlpserver/EVVET3 PW NEW/Subject Area Contents/Public Website/Report (PDF)/AER.xdo?_xpf=&_xpt=1&_params%2FOracle%20BI%20EE%3A%3ADefaultApp%3A%3AEVVET3%20PR%20NEW%2FAER%3A%3Adimension%2FAER%20Id%3A%3Aattribute%3A%3Anoaggr%3A%3Axsd%3Adouble=349224&_xt=AER&_xf=pdf""> AER </a>",2013-01-23 00:00:00,Animal owner,United States,MALE,Dog,"Hound - Swiss - (Lucerne Hound (Luzerner Laufhund), Schwyz Hound (Schweizer Laufhund), Bernese Hound, Jura Hound)",Metacam 1.5 mg/ml - Oral suspension (dogs),"Alopecia general, Hair modification NOS",1,1,
US-DEBIAHP-2013US00465,"<a target=""_blank""  href=""/xmlpserver/EVVET3 PW NEW/Subject Area Contents/Public Website/Report (PDF)/AER.xdo?_xpf=&_xpt=1&_params%2FOracle%20BI%20EE%3A%3ADefaultApp%3A%3AEVVET3%20PR%20NEW%2FAER%3A%3Adimension%2FAER%20Id%3A%3Aattribute%3A%3Anoaggr%3A%3Axsd%3Adouble=353017&_xt=AER&_xf=pdf""> AER </a>",2013-02-15 00:00:00,Veterinarian,United States,MALE,Dog,"Hound - Swiss - (Lucerne Hound (Luzerner Laufhund), Schwyz Hound (Schweizer Laufhund), Bernese Hound, Jura Hound)","Metacam 1.5 mg/ml - Oral suspension (dogs), Metacam 5 mg/ml - Solution for injection (cats, dogs), Metacam 5 mg/ml - Solution for injection (cattle, pigs), Metacam 5 mg/ml - Solution for injection (dogs)","Abnormal menace reflex test, Anorexia, Ataxia, Blindness, Chewing - oral cavity disorder (see also Pruritus), Death by euthanasia, Dilated pupils, Elevated alanine aminotransferase (ALT), Elevated bile acids, Elevated blood urea nitrogen (BUN), Elevated creatinine, Elevated serum alkaline phosphatase (ALP), Head tilt - ear disorder, High blood pressure, Hyperphosphataemia, Lethargy (see also Central nervous system depression in Neurological), Tachycardia",1,1,1
US-DEBIAHP-2013US00657,"<a target=""_blank""  href=""/xmlpserver/EVVET3 PW NEW/Subject Area Contents/Public Website/Report (PDF)/AER.xdo?_xpf=&_xpt=1&_params%2FOracle%20BI%20EE%3A%3ADefaultApp%3A%3AEVVET3%20PR%20NEW%2FAER%3A%3Adimension%2FAER%20Id%3A%3Aattribute%3A%3Anoaggr%3A%3Axsd%3Adouble=350414&_xt=AER&_xf=pdf""> AER </a>",2013-01-29 00:00:00,Other health care professional,United States,FEMALE,Dog,Shepherd Dog - German,Metacam 1.5 mg/ml - Oral suspension (dogs),Pruritus,1,1,
US-DEBIAHP-2013US00667,"<a target=""_blank""  href=""/xmlpserver/EVVET3 PW NEW/Subject Area Contents/Public Website/Report (PDF)/AER.xdo?_xpf=&_xpt=1&_params%2FOracle%20BI%20EE%3A%3ADefaultApp%3A%3AEVVET3%20PR%20NEW%2FAER%3A%3Adimension%2FAER%20Id%3A%3Aattribute%3A%3Anoaggr%3A%3Axsd%3Adouble=350200&_xt=AER&_xf=pdf""> AER </a>",2013-01-28 00:00:00,Veterinarian,United States,FEMALE,Dog,Spitz - German Pomeranian,Metacam 1.5 mg/ml - Oral suspension (dogs),Death,1,1,
US-DEBIAHP-2013US00725,"<a target=""_blank""  href=""/xmlpserver/EVVET3 PW NEW/Subject Area Contents/Public Website/Report (PDF)/AER.xdo?_xpf=&_xpt=1&_params%2FOracle%20BI%20EE%3A%3ADefaultApp%3A%3AEVVET3%20PR%20NEW%2FAER%3A%3Adimension%2FAER%20Id%3A%3Aattribute%3A%3Anoaggr%3A%3Axsd%3Adouble=352416&_xt=AER&_xf=pdf""> AER </a>",2013-02-11 00:00:00,Veterinarian,United States,MALE,Dog,Schnauzer - Miniature,"Metacam 1.5 mg/ml - Oral suspension (dogs), SYNULOX (200+50)MG/TAB ΔΙΣΚΙΟ, SYNULOX (40+10)MG/TAB ΔΙΣΚΙΟ, SYNULOX 140 mg/ml + 35 mg/ml suspensión inyectable, SYNULOX 200 mg/50 mg tablety pre psy a mačky, SYNULOX 200/50 mg COMPRIMIDOS APETITOSOS PARA PERROS, SYNULOX 250 COMPRIMES POUR CHIENS, SYNULOX 250 mg, SYNULOX 250 mg kramtomosios tabletės šunims ir katėms, SYNULOX 250 mg tablete za pse in mačke, SYNULOX 250mg, δισκία για σκύλους και γάτες, SYNULOX 40 mg/10 mg tablety pre psy a mačky, SYNULOX 40 mg/ml + 10 mg/ml POLVO PARA GOTAS ORALES EN SUSPENSION, SYNULOX 40/10 MG COMPRIMIDOS APETITOSOS PARA PERROS Y GATOS, SYNULOX 400 mg/100 mg tablety pre psy, SYNULOX 400/100 mg COMPRIMIDOS APETITOSOS PARA PERROS, SYNULOX 50 COMPRIMES POUR CHIENS ET CHATS, SYNULOX 50 mg, SYNULOX 50 mg kramtomosios tabletės šunims ir katėms, SYNULOX 50 mg tablete za pse in mačke, SYNULOX 500 COMPRIMES POUR CHIENS, SYNULOX 500 mg kramtomosios tabletės šunims, SYNULOX 500 mg tablete za pse, SYNULOX 500 mg, kramtomosios tabletės šunims, SYNULOX 500MG/TAB ΔΙΣΚΙΟ, SYNULOX 50mg, δισκία για σκύλους και γάτες, SYNULOX OGIVETTES POUR VEAUX, SYNULOX SUSPENSION INJECTABLE POUR BOVINS, SYNULOX VET 140 mg/ml injektioneste, suspensio koiralle, kissalle ja sialle, SYNULOX suspensão injetável para suínos, bovinos, cães e gatos, SYNULOX vet 200 mg/50 mg tabletti, koiralle ja kissalle, SYNULOX vet 40 mg/10 mg tabletti, koiralle ja kissalle, SYNULOX vet 400 mg/100 mg tabletti, koiralle, SYNULOX, 400/100mg, Tableta, Synulox 250 mg Comprimés Appétents, Synulox 250 mg Smakelijke tabletten, Synulox 250 mg tabletes suņiem un kaķiem, Synulox 250 mg, tabletid koertele ja kassidele, Synulox 250 mg, таблетки за кучета и котки, Synulox 250mg (200 mg/50 mg)  Tabletten für Hunde, Synulox 50 mg Comprimés Appétents, Synulox 50 mg Smakelijke Tabletten, Synulox 50 mg tabletes suņiem un kaķiem, Synulox 50 mg, tabletid koertele ja kassidele, Synulox 50 mg, таблетки за кучета и котки, Synulox 500 mg Bolus 400 mg - 100 mg Omhulde tablet, Synulox 500 mg Comprimés Appétents, Synulox 500 mg Smakelijke Tabletten, Synulox 500 mg tabletes suņiem, Synulox 500 mg, tabletid koertele, Synulox 500mg (400 mg/100 mg) Tabletten für Hunde, Synulox 50mg (40 mg/10 mg) Tabletten für Hunde und Katzen, Synulox Bolus 500 mg, 400 mg + 100 mg comprimés enrobés pour veaux, Synulox Lactating Cow Intramammary suspension., Synulox Tabletki 250 mg, Synulox Tabletki 250 mg (200+50) mg/tablete; tabletes suņiem, Synulox Tabletki 50 mg, Synulox Tabletki 50 mg (40+10) mg/ tablete; tabletes suņiem un kaķiem, Synulox Tabletki 500 mg, Synulox Vet. til hund og kat 200 + 50 mg tabletter, Synulox Vet. til hund og kat 40 + 10 mg tabletter, Synulox Vet. til hund tabletter 400 + 100 mg, Synulox Vet. til kalve 400 + 100 mg tabletter, Synulox comprimidos palatáveis 250 mg para cães e gatos, Synulox comprimidos palatáveis 50 mg para cães e gatos, Synulox comprimidos palatáveis 500 mg para cães, Synulox vet 40 mg/ml jauhe oraalisuspensiota varten koiralle ja kissalle, Synulox vet. 200 mg tabletter for hund og katt, Synulox vet. 200 mg/50 mg Tablett, Synulox vet. 40 mg tabletter for hund og katt, Synulox vet. 40 mg/10 mg Tablett, Synulox vet. 400 mg tabletter for hund, Synulox vet. 400 mg/100 mg Tablett, Synulox, 200/50mg, Tableta, Synulox, 40/10mg, Tableta, Synulox-Kalb 400 mg/100 mg Filmtabletten für Rinder (Kälber), Tramadog 50 mg tablet for dogs","Appetite loss, Chewing - oral cavity disorder (see also Pruritus), Chronic renal failure, Death by euthanasia, Decreased urine concentration, Elevated alanine aminotransferase (ALT), Elevated blood urea nitrogen (BUN), Elevated creatinine, Elevated serum alkaline phosphatase (ALP), Eosinophilia, Excessive chewing, licking and/or grooming, Haematuria, Haemoglobinuria, Hyperparathyroidism, Hyperphosphataemia, Hypocalcaemic condition, Lethargy (see also Central nervous system depression in Neurological), Lymphopenia, Musculoskeletal disorder NOS, Other abnormal test result NOS, Proteinuria, Regenerative anaemia, Vomiting, Weakness, Weight loss",1,1,1
US-DEBIAHP-2013US00818,"<a target=""_blank""  href=""/xmlpserver/EVVET3 PW NEW/Subject Area Contents/Public Website/Report (PDF)/AER.xdo?_xpf=&_xpt=1&_params%2FOracle%20BI%20EE%3A%3ADefaultApp%3A%3AEVVET3%20PR%20NEW%2FAER%3A%3Adimension%2FAER%20Id%3A%3Aattribute%3A%3Anoaggr%3A%3Axsd%3Adouble=358187&_xt=AER&_xf=pdf""> AER </a>",2013-03-21 00:00:00,Animal owner,United States,FEMALE,Dog,Pug,Metacam 1.5 mg/ml - Oral suspension (dogs),"Anorexia, Rash, Urticaria, Vomiting",1,1,
US-DEBIAHP-2013US00821,"<a target=""_blank""  href=""/xmlpserver/EVVET3 PW NEW/Subject Area Contents/Public Website/Report (PDF)/AER.xdo?_xpf=&_xpt=1&_params%2FOracle%20BI%20EE%3A%3ADefaultApp%3A%3AEVVET3%20PR%20NEW%2FAER%3A%3Adimension%2FAER%20Id%3A%3Aattribute%3A%3Anoaggr%3A%3Axsd%3Adouble=352028&_xt=AER&_xf=pdf""> AER </a>",2013-02-07 00:00:00,Veterinarian,United States,FEMALE,Dog,Retriever - Golden,"Metacam 1.5 mg/ml - Oral suspension (dogs), Soloxine 0.1 mg Tablet, Soloxine 0.2 mg Tablet, Soloxine 0.3 mg Tablet, Soloxine 0.5 mg Tablet, Soloxine 0.8 mg Tablet","Blood in urine, Drinking a lot, Urine abnormalities NOS",1,1,
US-DEBIAHP-2013US00887,"<a target=""_blank""  href=""/xmlpserver/EVVET3 PW NEW/Subject Area Contents/Public Website/Report (PDF)/AER.xdo?_xpf=&_xpt=1&_params%2FOracle%20BI%20EE%3A%3ADefaultApp%3A%3AEVVET3%20PR%20NEW%2FAER%3A%3Adimension%2FAER%20Id%3A%3Aattribute%3A%3Anoaggr%3A%3Axsd%3Adouble=351450&_xt=AER&_xf=pdf""> AER </a>",2013-02-05 00:00:00,Other health care professional,United States,FEMALE,Dog,Boxer (German Boxer),Metacam 1.5 mg/ml - Oral suspension (dogs),"Anaemia NOS, Lethargy (see also Central nervous system depression in Neurological), Lymphopenia, Neoplasia NOS, Neutrophilia, Pale mucous membrane, Thrombocytopenia",1,1,
US-DEBIAHP-2013US01044,"<a target=""_blank""  href=""/xmlpserver/EVVET3 PW NEW/Subject Area Contents/Public Website/Report (PDF)/AER.xdo?_xpf=&_xpt=1&_params%2FOracle%20BI%20EE%3A%3ADefaultApp%3A%3AEVVET3%20PR%20NEW%2FAER%3A%3Adimension%2FAER%20Id%3A%3Aattribute%3A%3Anoaggr%3A%3Axsd%3Adouble=354483&_xt=AER&_xf=pdf""> AER </a>",2013-02-25 00:00:00,Veterinarian,United States,FEMALE,Dog,Terrier - Yorkshire,"Ketamin 10 % šķīdums injekcijām suņiem un kaķiem, Ketamin 10%, Ketamin 100 mg/ml, Ketamine 10% oplossing voor injectie voor honden en katten, Ketamine 10% pro inj., oplossing voor injectie voor honden en katten, Ketamine 10% šķīdums injekcijām suņiem un kaķiem, Ketamine 10%, oplossing voor injectie voor honden en katten, Metacam 1.5 mg/ml - Oral suspension (dogs), Metacam 5 mg/ml - Solution for injection (cats, dogs), Metacam 5 mg/ml - Solution for injection (cattle, pigs), Metacam 5 mg/ml - Solution for injection (dogs), КЕТАМИН 10 %","Anorexia, Elevated blood urea nitrogen (BUN), Elevated creatinine, Polydipsia, Vomiting",1,1,
US-DEBIAHP-2013US01088,"<a target=""_blank""  href=""/xmlpserver/EVVET3 PW NEW/Subject Area Contents/Public Website/Report (PDF)/AER.xdo?_xpf=&_xpt=1&_params%2FOracle%20BI%20EE%3A%3ADefaultApp%3A%3AEVVET3%20PR%20NEW%2FAER%3A%3Adimension%2FAER%20Id%3A%3Aattribute%3A%3Anoaggr%3A%3Axsd%3Adouble=352200&_xt=AER&_xf=pdf""> AER </a>",2013-02-08 00:00:00,Veterinarian,United States,FEMALE,Dog,Bichon Frise,Metacam 1.5 mg/ml - Oral suspension (dogs),Emesis,1,1,
US-DEBIAHP-2013US01092,"<a target=""_blank""  href=""/xmlpserver/EVVET3 PW NEW/Subject Area Contents/Public Website/Report (PDF)/AER.xdo?_xpf=&_xpt=1&_params%2FOracle%20BI%20EE%3A%3ADefaultApp%3A%3AEVVET3%20PR%20NEW%2FAER%3A%3Adimension%2FAER%20Id%3A%3Aattribute%3A%3Anoaggr%3A%3Axsd%3Adouble=352506&_xt=AER&_xf=pdf""> AER </a>",2013-02-11 00:00:00,Other health care professional,United States,MALE,Dog,Shih Tzu,"Metacam 1.5 mg/ml - Oral suspension (dogs), RABISIN SUSPENSION INJECTABLE, RABISIN injekčná suspenzia, RABISIN suspenzija za injiciranje, RABISIN vet, injeksjonsvæske, suspensjon Vaksine mot rabies til dyr (inaktivert), RABISIN, Injekční suspenze, RABISIN, injekcinė suspensija, RABISIN, sospensione iniettabile per cani, gatti, equini, bovini, ovini, RABISIN, suspensie injectabilă, RABISIN, ενέσιμο εναιώρημα, RABISIN, ≥ 2,09 log10 OD50 i ≥ 1 I.J., suspenzija za injekciju za pse, mačke, pitome vretice, konje, govedo i ovce, Rabisin, Rabisin  Suspensie voor injectie, Rabisin Glikoproteiny wirusa wścieklizny nie mniej niż 1IU Zawiesina do wstrzykiwań, Rabisin Injektionssuspension für Hunde, Katzen, Marderartige, Pferde, Rinder und Schafe, Rabisin Vet. injektionsvæske, suspension, Rabisin suspensija injekcijām liellopiem, zirgiem, aitām, suņiem, kaķiem un mājas seskiem, Rabisin suspension injectable, Rabisin suspensão injectável, Rabisin vakcina A.U.V., Rabisin vet injektioneste, suspensio, Rabisin vet.  Injektionsvätska, suspension, Rabisin, Injektionssuspension für Hunde, Katzen, Marderartige, Pferde, Rinder und Schafe, Rabisin, suspensie voor injectie voor hond, kat en rund, Rabisin, süstesuspensioon, РАБИЗИН","Circulatory shock, Digestive tract disorder NOS, Facial oedema, Facial swelling (see also Skin), Pale mucous membrane",1,1,
US-DEBIAHP-2013US01166,"<a target=""_blank""  href=""/xmlpserver/EVVET3 PW NEW/Subject Area Contents/Public Website/Report (PDF)/AER.xdo?_xpf=&_xpt=1&_params%2FOracle%20BI%20EE%3A%3ADefaultApp%3A%3AEVVET3%20PR%20NEW%2FAER%3A%3Adimension%2FAER%20Id%3A%3Aattribute%3A%3Anoaggr%3A%3Axsd%3Adouble=354710&_xt=AER&_xf=pdf""> AER </a>",2013-02-27 00:00:00,Veterinarian,United States,MALE,Dog,Saint Bernard Dog,Metacam 1.5 mg/ml - Oral suspension (dogs),"Anorexia, Death by euthanasia, Elevated alanine aminotransferase (ALT), Elevated liver enzymes NOS, Elevated total bilirubin, Hepato-biliary disorder NOS, Jaundice, Lethargy (see also Central nervous system depression in Neurological), Liver disorder NOS, Lymphadenopathy, Pancreatitis NOS, Urine abnormalities NOS",1,1,1
US-DEBIAHP-2013US01398,"<a target=""_blank""  href=""/xmlpserver/EVVET3 PW NEW/Subject Area Contents/Public Website/Report (PDF)/AER.xdo?_xpf=&_xpt=1&_params%2FOracle%20BI%20EE%3A%3ADefaultApp%3A%3AEVVET3%20PR%20NEW%2FAER%3A%3Adimension%2FAER%20Id%3A%3Aattribute%3A%3Anoaggr%3A%3Axsd%3Adouble=353455&_xt=AER&_xf=pdf""> AER </a>",2013-02-19 00:00:00,Other health care professional,United States,FEMALE,Dog,Chihuahua,"Metacam 0.5 mg/ml - Oral suspension (cats, guinea pigs), Metacam 0.5 mg/ml - Oral suspension (dogs)","Ataxia, Pale mucous membrane",1,1,
US-DEBIAHP-2013US01477,"<a target=""_blank""  href=""/xmlpserver/EVVET3 PW NEW/Subject Area Contents/Public Website/Report (PDF)/AER.xdo?_xpf=&_xpt=1&_params%2FOracle%20BI%20EE%3A%3ADefaultApp%3A%3AEVVET3%20PR%20NEW%2FAER%3A%3Adimension%2FAER%20Id%3A%3Aattribute%3A%3Anoaggr%3A%3Axsd%3Adouble=353458&_xt=AER&_xf=pdf""> AER </a>",2013-02-19 00:00:00,Other health care professional,United States,MALE,Dog,Terrier - Boston,"BAYTRIL 0,5% W/V ΠΟΣΙΜΟ ΔΙΑΛΥΜΑ, BAYTRIL 0,5% πόσιμο διάλυμα ενροφλοξακίνης για ορνίθια και γαλοπούλες, BAYTRIL 10 % SOLUTION BUVABLE, BAYTRIL 10 % SOLUTION INJECTABLE, BAYTRIL 10% W/V ΠΟΣΙΜΟ ΔΙΑΛΥΜΑ, BAYTRIL 100 mg/ml - soluţie orală, BAYTRIL 100 mg/ml SOLUCION INYECTABLE, BAYTRIL 100 mg/ml soluție injectabilă, BAYTRIL 15 mg δισκία για γάτες και σκύλους, BAYTRIL 150 mg δισκία για γάτες και σκύλους, BAYTRIL 2,5 % SOLUTION BUVABLE, BAYTRIL 2,5 % SOLUTION INJECTABLE, BAYTRIL 2,5% W/V ΕΝΕΣΙΜΟ ΔΙΑΛΥΜΑ, BAYTRIL 2,5% W/V ΠΟΣΙΜΟ ΔΙΑΛΥΜΑ, BAYTRIL 25 mg/ml SOLUCION INYECTABLE, BAYTRIL 25 mg/ml SOLUCION ORAL, BAYTRIL 5 % SOLUTION INJECTABLE, BAYTRIL 5 mg/ml SOLUCION ORAL, BAYTRIL 50 mg δισκία για γάτες και σκύλους, BAYTRIL 50 mg/ml SOLUCION INYECTABLE, BAYTRIL 50mg/ml ενέσιμο διάλυμα, BAYTRIL, 25mg/ml, Injekční roztok, BAYTRIL, 5% ενέσιμο διάλυμα για μόσχους, χοίρους, πρόβατα, αίγες, σκύλους και γάτες, BAYTRIL, 50mg/ml, Injekční roztok, Baytril  100 mg/ml Oplossing voor injectie, Baytril  100 mg/ml Solution injectable, Baytril - Das Original - 100 mg/ml Injektionslösung, Baytril - Das Original - 25 mg/ml Injektionslösung, Baytril - Das Original - 50 mg/ml Injektionslösung, Baytril 0,5 % solução oral para leitões, Baytril 0,5%, Baytril 10 % solução oral, Baytril 10%, Baytril 10% O.L., Baytril 10% Oral Solution, Baytril 100 mg/mL, otopina za injekciju, za goveda, ovce, koze i svinje, Baytril 100 mg/mL, otopina za primjenu u vodi za piće, za kokoši, purane i kuniće, Baytril 100 mg/ml - Injektionslösung für Tiere, Baytril 100 mg/ml - Lösung zum Eingeben für Hühner, Puten und Kaninchen, Baytril 100 mg/ml Oplossing voor gebruik in drinkwater, Baytril 100 mg/ml Solution buvable, Baytril 100 mg/ml Solution for Injection, Baytril 100 mg/ml koncentrat za peroralno raztopino za piščance, purane in kunce, Baytril 100 mg/ml oldat ivóvízbe keveréshez A.U.V., Baytril 100 mg/ml oplossing voor gebruik in drinkwater voor kippen, kalkoenen en konijnen, Baytril 100 mg/ml oplossing voor injectie, Baytril 100 mg/ml raztopina za injiciranje, Baytril 100 mg/ml solution for injection, Baytril 100 mg/ml soluzione iniettabile, Baytril 100 mg/ml solução injetável, Baytril 150 mg tabletta A.U.V., Baytril 2,5%, 25 mg/mL, otopina za injekciju za pse, mačke, prasad, kuniće, glodavce, gmazove i ukrasne ptice, Baytril 25 mg/ml - Injektionslösung für Tiere, Baytril 25 mg/ml - Lösung zum Eingeben für Kälber und Lämmer, Baytril 25 mg/ml Lösung zum Eingeben für Rinder (Kälber), Baytril 25 mg/ml Oplossing voor injectie, Baytril 25 mg/ml Oral Solution, Baytril 25 mg/ml Solution injectable, Baytril 25 mg/ml injekčný roztok, Baytril 25 mg/ml oldatos injekció A.U.V., Baytril 25 mg/ml oplossing voor injectie, Baytril 25 mg/ml roztwór do wstrzykiwań, Baytril 25 mg/ml solution for injection, Baytril 25 mg/ml soluzione iniettabile, Baytril 25 mg/ml soluzione iniettabile per cani, gatti, roditori e conigli da compagnia, rettili e uccelli ornamentali, Baytril 25 mg/ml soluzione orale per vitelli, ovini, caprini, suini, Baytril 25 mg/ml solução injetável, Baytril 5 mg/ml - Lösung zum Eingeben für Schweine, Baytril 5 mg/ml belsőleges oldat sertések részére A.U.V., Baytril 50 mg tabletta A.U.V., Baytril 50 mg/mL, otopina za injekciju, za telad, ovce, koze, svinje, pse i mačke, Baytril 50 mg/ml - Injektionslösung für Tiere, Baytril 50 mg/ml Oplossing voor injectie, Baytril 50 mg/ml Solution for Injection, Baytril 50 mg/ml Solution injectable, Baytril 50 mg/ml injekčný roztok, Baytril 50 mg/ml oldatos injekció A.U.V., Baytril 50 mg/ml oplossing voor injectie, Baytril 50 mg/ml raztopina za injiciranje, Baytril 50 mg/ml soluzione iniettabile, Baytril 50 mg/ml solução injetável, Baytril 50 mg/ml soluție injectabilă, Baytril Direct 100 mg/ml Injektionslösung für Rinder und Schweine, Baytril Piglet Doser 0.5% Oral Solution, Baytril Vet. 100 mg/ml injektionsvæske, opløsning, Baytril Vet. 150 mg tabletter, Baytril Vet. 25 mg/ml oral opløsning, Baytril Vet. 50 mg tabletter, Baytril Vet. 50 mg/ml i",Vomiting,1,1,
US-DEBIAHP-2013US01657,"<a target=""_blank""  href=""/xmlpserver/EVVET3 PW NEW/Subject Area Contents/Public Website/Report (PDF)/AER.xdo?_xpf=&_xpt=1&_params%2FOracle%20BI%20EE%3A%3ADefaultApp%3A%3AEVVET3%20PR%20NEW%2FAER%3A%3Adimension%2FAER%20Id%3A%3Aattribute%3A%3Anoaggr%3A%3Axsd%3Adouble=354491&_xt=AER&_xf=pdf""> AER </a>",2013-02-25 00:00:00,Animal owner,United States,FEMALE,Dog,"Hound - Swiss - (Lucerne Hound (Luzerner Laufhund), Schwyz Hound (Schweizer Laufhund), Bernese Hound, Jura Hound)","Metacam 0.5 mg/ml - Oral suspension (cats, guinea pigs), Metacam 0.5 mg/ml - Oral suspension (dogs)","Colitis, Seizure NOS",1,1,
US-DEBIAHP-2013US01677,"<a target=""_blank""  href=""/xmlpserver/EVVET3 PW NEW/Subject Area Contents/Public Website/Report (PDF)/AER.xdo?_xpf=&_xpt=1&_params%2FOracle%20BI%20EE%3A%3ADefaultApp%3A%3AEVVET3%20PR%20NEW%2FAER%3A%3Adimension%2FAER%20Id%3A%3Aattribute%3A%3Anoaggr%3A%3Axsd%3Adouble=354494&_xt=AER&_xf=pdf""> AER </a>",2013-02-25 00:00:00,Veterinarian,United States,FEMALE,Dog,Lhasa Apso,Metacam 1.5 mg/ml - Oral suspension (dogs),"Death by euthanasia, Dullness, Elevated blood urea nitrogen (BUN), Elevated creatinine, Elevated serum alkaline phosphatase (ALP), Hyperphosphataemia, Lethargy (see also Central nervous system depression in Neurological), Other abnormal test result NOS, Pain NOS",1,1,1
US-DEBIAHP-2013US01734,"<a target=""_blank""  href=""/xmlpserver/EVVET3 PW NEW/Subject Area Contents/Public Website/Report (PDF)/AER.xdo?_xpf=&_xpt=1&_params%2FOracle%20BI%20EE%3A%3ADefaultApp%3A%3AEVVET3%20PR%20NEW%2FAER%3A%3Adimension%2FAER%20Id%3A%3Aattribute%3A%3Anoaggr%3A%3Axsd%3Adouble=355446&_xt=AER&_xf=pdf""> AER </a>",2013-03-04 00:00:00,Veterinarian,United States,FEMALE,Dog,Shepherd Dog - German,Metacam 1.5 mg/ml - Oral suspension (dogs),"Incoordination, Lethargy (see also Central nervous system depression in Neurological)",1,1,
US-DEBIAHP-2013US01807,"<a target=""_blank""  href=""/xmlpserver/EVVET3 PW NEW/Subject Area Contents/Public Website/Report (PDF)/AER.xdo?_xpf=&_xpt=1&_params%2FOracle%20BI%20EE%3A%3ADefaultApp%3A%3AEVVET3%20PR%20NEW%2FAER%3A%3Adimension%2FAER%20Id%3A%3Aattribute%3A%3Anoaggr%3A%3Axsd%3Adouble=359003&_xt=AER&_xf=pdf""> AER </a>",2013-03-25 00:00:00,Veterinarian,United States,MALE,Dog,Spaniel - Cocker American,Metacam 1.5 mg/ml - Oral suspension (dogs),Elevated serum alkaline phosphatase (ALP),1,1,
US-DEBIAHP-2013US01899,"<a target=""_blank""  href=""/xmlpserver/EVVET3 PW NEW/Subject Area Contents/Public Website/Report (PDF)/AER.xdo?_xpf=&_xpt=1&_params%2FOracle%20BI%20EE%3A%3ADefaultApp%3A%3AEVVET3%20PR%20NEW%2FAER%3A%3Adimension%2FAER%20Id%3A%3Aattribute%3A%3Anoaggr%3A%3Axsd%3Adouble=355790&_xt=AER&_xf=pdf""> AER </a>",2013-03-05 00:00:00,Animal owner,United States,MALE,Dog,Pinscher - Miniature,"Metacam 1.5 mg/ml - Oral suspension (dogs), Vetoryl 10 mg hard capsules for dogs, Vetoryl 10 mg kapsler, hårde, Vetoryl 120 mg chewable tablets for dogs, Vetoryl 120 mg hard capsules for dogs, Vetoryl 20 mg chewable tablets for dogs, Vetoryl 20 mg hard capsules for dogs, Vetoryl 30 mg chewable tablets for dogs, Vetoryl 30 mg hard capsules for dogs, Vetoryl 5 mg hard capsules for dogs, Vetoryl 60 mg chewable tablets for dogs, Vetoryl 60 mg hard capsules for dogs, Vetoryl, 30 mg, Kapsel, hård","Bloody diarrhoea, Neurological signs NOS",1,1,
US-DEBIAHP-2013US01960,"<a target=""_blank""  href=""/xmlpserver/EVVET3 PW NEW/Subject Area Contents/Public Website/Report (PDF)/AER.xdo?_xpf=&_xpt=1&_params%2FOracle%20BI%20EE%3A%3ADefaultApp%3A%3AEVVET3%20PR%20NEW%2FAER%3A%3Adimension%2FAER%20Id%3A%3Aattribute%3A%3Anoaggr%3A%3Axsd%3Adouble=356218&_xt=AER&_xf=pdf""> AER </a>",2013-03-07 00:00:00,Veterinarian,United States,MALE,Dog,Crossbred Canine/dog,"Metacam 0.5 mg/ml - Oral suspension (cats, guinea pigs), Metacam 0.5 mg/ml - Oral suspension (dogs)","Anorexia, Diarrhoea, Emesis, Haematemesis",1,1,
US-DEBIAHP-2013US01989,"<a target=""_blank""  href=""/xmlpserver/EVVET3 PW NEW/Subject Area Contents/Public Website/Report (PDF)/AER.xdo?_xpf=&_xpt=1&_params%2FOracle%20BI%20EE%3A%3ADefaultApp%3A%3AEVVET3%20PR%20NEW%2FAER%3A%3Adimension%2FAER%20Id%3A%3Aattribute%3A%3Anoaggr%3A%3Axsd%3Adouble=358475&_xt=AER&_xf=pdf""> AER </a>",2013-03-26 00:00:00,Veterinarian,United States,FEMALE,Dog,Shepherd Dog - German,Metacam 1.5 mg/ml - Oral suspension (dogs),"Elevated alanine aminotransferase (ALT), Elevated aspartate aminotransferase (AST), Elevated serum alkaline phosphatase (ALP)",1,1,
US-DEBIAHP-2013US02010,"<a target=""_blank""  href=""/xmlpserver/EVVET3 PW NEW/Subject Area Contents/Public Website/Report (PDF)/AER.xdo?_xpf=&_xpt=1&_params%2FOracle%20BI%20EE%3A%3ADefaultApp%3A%3AEVVET3%20PR%20NEW%2FAER%3A%3Adimension%2FAER%20Id%3A%3Aattribute%3A%3Anoaggr%3A%3Axsd%3Adouble=356354&_xt=AER&_xf=pdf""> AER </a>",2013-03-08 00:00:00,Veterinarian,United States,UNKNOWN,Dog,"Hound - Swiss - (Lucerne Hound (Luzerner Laufhund), Schwyz Hound (Schweizer Laufhund), Bernese Hound, Jura Hound)","Metacam 0.5 mg/ml - Oral suspension (cats, guinea pigs), Metacam 0.5 mg/ml - Oral suspension (dogs), Metacam 1.5 mg/ml - Oral suspension (dogs)","Bloody diarrhoea, Mucous stool",1,1,
US-DEBIAHP-2013US02054,"<a target=""_blank""  href=""/xmlpserver/EVVET3 PW NEW/Subject Area Contents/Public Website/Report (PDF)/AER.xdo?_xpf=&_xpt=1&_params%2FOracle%20BI%20EE%3A%3ADefaultApp%3A%3AEVVET3%20PR%20NEW%2FAER%3A%3Adimension%2FAER%20Id%3A%3Aattribute%3A%3Anoaggr%3A%3Axsd%3Adouble=356353&_xt=AER&_xf=pdf""> AER </a>",2013-03-08 00:00:00,Other health care professional,United States,MALE,Dog,Spaniel - King Charles Cavalier,"Metacam 5 mg/ml - Solution for injection (cats, dogs), Metacam 5 mg/ml - Solution for injection (cattle, pigs), Metacam 5 mg/ml - Solution for injection (dogs), Tramadog 50 mg tablet for dogs","Discus prolapse, Hyperglycaemia, Limb weakness, Localised pain NOS (see other SOCs for specific pain)",1,1,
US-DEBIAHP-2013US02199,"<a target=""_blank""  href=""/xmlpserver/EVVET3 PW NEW/Subject Area Contents/Public Website/Report (PDF)/AER.xdo?_xpf=&_xpt=1&_params%2FOracle%20BI%20EE%3A%3ADefaultApp%3A%3AEVVET3%20PR%20NEW%2FAER%3A%3Adimension%2FAER%20Id%3A%3Aattribute%3A%3Anoaggr%3A%3Axsd%3Adouble=358106&_xt=AER&_xf=pdf""> AER </a>",2013-03-20 00:00:00,Other health care professional,United States,MALE,Dog,Beagle,Metacam 1.5 mg/ml - Oral suspension (dogs),Bloody diarrhoea,1,1,
US-DEBIAHP-2013US02340,"<a target=""_blank""  href=""/xmlpserver/EVVET3 PW NEW/Subject Area Contents/Public Website/Report (PDF)/AER.xdo?_xpf=&_xpt=1&_params%2FOracle%20BI%20EE%3A%3ADefaultApp%3A%3AEVVET3%20PR%20NEW%2FAER%3A%3Adimension%2FAER%20Id%3A%3Aattribute%3A%3Anoaggr%3A%3Axsd%3Adouble=357792&_xt=AER&_xf=pdf""> AER </a>",2013-03-18 00:00:00,Animal owner,United States,FEMALE,Dog,Maltese,"Metacam 0.5 mg/ml - Oral suspension (cats, guinea pigs), Metacam 0.5 mg/ml - Oral suspension (dogs)","Blood clot, Death, Liver disorder NOS, Neurological signs NOS",1,1,
US-DEBIAHP-2013US02360,"<a target=""_blank""  href=""/xmlpserver/EVVET3 PW NEW/Subject Area Contents/Public Website/Report (PDF)/AER.xdo?_xpf=&_xpt=1&_params%2FOracle%20BI%20EE%3A%3ADefaultApp%3A%3AEVVET3%20PR%20NEW%2FAER%3A%3Adimension%2FAER%20Id%3A%3Aattribute%3A%3Anoaggr%3A%3Axsd%3Adouble=357522&_xt=AER&_xf=pdf""> AER </a>",2013-03-15 00:00:00,Animal owner,United States,MALE,Dog,Dachshund - Standard Wire-haired,"Metacam 0.5 mg/ml - Oral suspension (cats, guinea pigs), Metacam 0.5 mg/ml - Oral suspension (dogs)","Bloody diarrhoea, Not eating, Vomiting",1,1,
US-DEBIAHP-2013US02449,"<a target=""_blank""  href=""/xmlpserver/EVVET3 PW NEW/Subject Area Contents/Public Website/Report (PDF)/AER.xdo?_xpf=&_xpt=1&_params%2FOracle%20BI%20EE%3A%3ADefaultApp%3A%3AEVVET3%20PR%20NEW%2FAER%3A%3Adimension%2FAER%20Id%3A%3Aattribute%3A%3Anoaggr%3A%3Axsd%3Adouble=357862&_xt=AER&_xf=pdf""> AER </a>",2013-03-19 00:00:00,Animal owner,United States,MALE,Dog,Chihuahua,"Metacam 0.5 mg/ml - Oral suspension (cats, guinea pigs), Metacam 0.5 mg/ml - Oral suspension (dogs)",Death,1,1,
US-DEBIAHP-2013US02460,"<a target=""_blank""  href=""/xmlpserver/EVVET3 PW NEW/Subject Area Contents/Public Website/Report (PDF)/AER.xdo?_xpf=&_xpt=1&_params%2FOracle%20BI%20EE%3A%3ADefaultApp%3A%3AEVVET3%20PR%20NEW%2FAER%3A%3Adimension%2FAER%20Id%3A%3Aattribute%3A%3Anoaggr%3A%3Axsd%3Adouble=357880&_xt=AER&_xf=pdf""> AER </a>",2013-03-19 00:00:00,Other health care professional,United States,FEMALE,Dog,Chihuahua,Metacam 1.5 mg/ml - Oral suspension (dogs),"Decreased appetite, Elevated blood urea nitrogen (BUN), Elevated creatinine, Hyperkalaemia, Hyperphosphataemia, Vomiting",1,1,
US-DEBIAHP-2013US02484,"<a target=""_blank""  href=""/xmlpserver/EVVET3 PW NEW/Subject Area Contents/Public Website/Report (PDF)/AER.xdo?_xpf=&_xpt=1&_params%2FOracle%20BI%20EE%3A%3ADefaultApp%3A%3AEVVET3%20PR%20NEW%2FAER%3A%3Adimension%2FAER%20Id%3A%3Aattribute%3A%3Anoaggr%3A%3Axsd%3Adouble=357879&_xt=AER&_xf=pdf""> AER </a>",2013-03-19 00:00:00,Other health care professional,United States,MALE,Dog,Spitz - German Pomeranian,"Metacam 0.5 mg/ml - Oral suspension (cats, guinea pigs), Metacam 0.5 mg/ml - Oral suspension (dogs)",Hair coat discolouration,1,1,
US-DEBIAHP-2013US02510,"<a target=""_blank""  href=""/xmlpserver/EVVET3 PW NEW/Subject Area Contents/Public Website/Report (PDF)/AER.xdo?_xpf=&_xpt=1&_params%2FOracle%20BI%20EE%3A%3ADefaultApp%3A%3AEVVET3%20PR%20NEW%2FAER%3A%3Adimension%2FAER%20Id%3A%3Aattribute%3A%3Anoaggr%3A%3Axsd%3Adouble=357790&_xt=AER&_xf=pdf""> AER </a>",2013-03-18 00:00:00,Animal owner,United States,FEMALE,Dog,Rottweiler,Metacam 1.5 mg/ml - Oral suspension (dogs),"Flatulence, Vomiting",1,1,
US-DEBIAHP-2013US02525,"<a target=""_blank""  href=""/xmlpserver/EVVET3 PW NEW/Subject Area Contents/Public Website/Report (PDF)/AER.xdo?_xpf=&_xpt=1&_params%2FOracle%20BI%20EE%3A%3ADefaultApp%3A%3AEVVET3%20PR%20NEW%2FAER%3A%3Adimension%2FAER%20Id%3A%3Aattribute%3A%3Anoaggr%3A%3Axsd%3Adouble=357886&_xt=AER&_xf=pdf""> AER </a>",2013-03-19 00:00:00,Animal owner,United States,MALE,Dog,"Hound - Swiss - (Lucerne Hound (Luzerner Laufhund), Schwyz Hound (Schweizer Laufhund), Bernese Hound, Jura Hound)","Metacam 1.5 mg/ml - Oral suspension (dogs), Vetoryl 10 mg hard capsules for dogs, Vetoryl 10 mg kapsler, hårde, Vetoryl 120 mg chewable tablets for dogs, Vetoryl 120 mg hard capsules for dogs, Vetoryl 20 mg chewable tablets for dogs, Vetoryl 20 mg hard capsules for dogs, Vetoryl 30 mg chewable tablets for dogs, Vetoryl 30 mg hard capsules for dogs, Vetoryl 5 mg hard capsules for dogs, Vetoryl 60 mg chewable tablets for dogs, Vetoryl 60 mg hard capsules for dogs, Vetoryl, 30 mg, Kapsel, hård","Neurological signs NOS, Panting",1,1,
US-DEBIAHP-2013US02607,"<a target=""_blank""  href=""/xmlpserver/EVVET3 PW NEW/Subject Area Contents/Public Website/Report (PDF)/AER.xdo?_xpf=&_xpt=1&_params%2FOracle%20BI%20EE%3A%3ADefaultApp%3A%3AEVVET3%20PR%20NEW%2FAER%3A%3Adimension%2FAER%20Id%3A%3Aattribute%3A%3Anoaggr%3A%3Axsd%3Adouble=361015&_xt=AER&_xf=pdf""> AER </a>",2013-04-25 00:00:00,Veterinarian,United States,FEMALE,Dog,Maltese,Metacam 1.5 mg/ml - Oral suspension (dogs),Lack of efficacy - NOS,1,1,
US-DEBIAHP-2013US02685,"<a target=""_blank""  href=""/xmlpserver/EVVET3 PW NEW/Subject Area Contents/Public Website/Report (PDF)/AER.xdo?_xpf=&_xpt=1&_params%2FOracle%20BI%20EE%3A%3ADefaultApp%3A%3AEVVET3%20PR%20NEW%2FAER%3A%3Adimension%2FAER%20Id%3A%3Aattribute%3A%3Anoaggr%3A%3Axsd%3Adouble=357987&_xt=AER&_xf=pdf""> AER </a>",2013-03-20 00:00:00,Animal owner,United States,MALE,Dog,Crossbred Canine/dog,"ANTISEDAN, ANTISEDAN 5 mg/ml SOLUCIÓN INYECTABLE PARA PERROS Y GATOS, ANTISEDAN 5 mg/ml raztopina za injiciranje za pse in mačke, ANTISEDAN 5MG/ML ΕΝΕΣΙΜΟ ΔΙΑΛΥΜΑ, ANTISEDAN SOLUTION INJECTABLE POUR CHIENS ET CHATS, ANTISEDAN, 5 mg/mL, otopina za injekciju, za pse i mačke, Antisedan 5 mg/ 1 ml, roztwór do wstrzykiwań dla psów i kotów, Antisedan 5 mg/ml  Injektionslösung für Hunde und Katzen, Antisedan 5 mg/ml - Injektionslösung für Hunde und Katzen, Antisedan 5 mg/ml Oplossing voor injectie, Antisedan 5 mg/ml Solution injectable, Antisedan 5 mg/ml injekčný roztok pre psy a mačky, Antisedan 5 mg/ml oldatos injekció kutya és macska részére.A.U.V., Antisedan 5 mg/ml solution for injection, Antisedan 5 mg/ml solução injetável para cães e gatos, Antisedan Vet 5 mg/ml injekcinis tirpalas, Antisedan Vet 5 mg/ml šķīdums injekcijām, Antisedan Vet, 5 mg/ml süstelahus, Antisedan Vet. 5 mg/ml injektionsvæske, opløsning, Antisedan vet 5 mg/ml injektioneste, liuos, Antisedan vet. 5 mg/ml Injektionsvätska, lösning, Antisedan vet. 5 mg/ml Stungulyf, lausn Handa hundum og köttum., Antisedan vet. 5 mg/ml injeksjonsvæske, oppløsning, til hund og katt, Antisedan vet., 5 mg/ml, Injektionsvätska, lösning, Antisedan, 5 mg/ml oplossing voor injectie voor honden en katten, Antisedan, 5mg/ml, Injekční roztok, Dexdomitor 0.1 mg/ml - Solution for injection, Dexdomitor 0.5 mg/ml - Solution for injection, Metacam 0.5 mg/ml - Oral suspension (cats, guinea pigs), Metacam 0.5 mg/ml - Oral suspension (dogs), Metacam 5 mg/ml - Solution for injection (cats, dogs), Metacam 5 mg/ml - Solution for injection (cattle, pigs), Metacam 5 mg/ml - Solution for injection (dogs), SYNULOX (200+50)MG/TAB ΔΙΣΚΙΟ, SYNULOX (40+10)MG/TAB ΔΙΣΚΙΟ, SYNULOX 140 mg/ml + 35 mg/ml suspensión inyectable, SYNULOX 200 mg/50 mg tablety pre psy a mačky, SYNULOX 200/50 mg COMPRIMIDOS APETITOSOS PARA PERROS, SYNULOX 250 COMPRIMES POUR CHIENS, SYNULOX 250 mg, SYNULOX 250 mg kramtomosios tabletės šunims ir katėms, SYNULOX 250 mg tablete za pse in mačke, SYNULOX 250mg, δισκία για σκύλους και γάτες, SYNULOX 40 mg/10 mg tablety pre psy a mačky, SYNULOX 40 mg/ml + 10 mg/ml POLVO PARA GOTAS ORALES EN SUSPENSION, SYNULOX 40/10 MG COMPRIMIDOS APETITOSOS PARA PERROS Y GATOS, SYNULOX 400 mg/100 mg tablety pre psy, SYNULOX 400/100 mg COMPRIMIDOS APETITOSOS PARA PERROS, SYNULOX 50 COMPRIMES POUR CHIENS ET CHATS, SYNULOX 50 mg, SYNULOX 50 mg kramtomosios tabletės šunims ir katėms, SYNULOX 50 mg tablete za pse in mačke, SYNULOX 500 COMPRIMES POUR CHIENS, SYNULOX 500 mg kramtomosios tabletės šunims, SYNULOX 500 mg tablete za pse, SYNULOX 500 mg, kramtomosios tabletės šunims, SYNULOX 500MG/TAB ΔΙΣΚΙΟ, SYNULOX 50mg, δισκία για σκύλους και γάτες, SYNULOX OGIVETTES POUR VEAUX, SYNULOX SUSPENSION INJECTABLE POUR BOVINS, SYNULOX VET 140 mg/ml injektioneste, suspensio koiralle, kissalle ja sialle, SYNULOX suspensão injetável para suínos, bovinos, cães e gatos, SYNULOX vet 200 mg/50 mg tabletti, koiralle ja kissalle, SYNULOX vet 40 mg/10 mg tabletti, koiralle ja kissalle, SYNULOX vet 400 mg/100 mg tabletti, koiralle, SYNULOX, 400/100mg, Tableta, Synulox 250 mg Comprimés Appétents, Synulox 250 mg Smakelijke tabletten, Synulox 250 mg tabletes suņiem un kaķiem, Synulox 250 mg, tabletid koertele ja kassidele, Synulox 250 mg, таблетки за кучета и котки, Synulox 250mg (200 mg/50 mg)  Tabletten für Hunde, Synulox 50 mg Comprimés Appétents, Synulox 50 mg Smakelijke Tabletten, Synulox 50 mg tabletes suņiem un kaķiem, Synulox 50 mg, tabletid koertele ja kassidele, Synulox 50 mg, таблетки за кучета и котки, Synulox 500 mg Bolus 400 mg - 100 mg Omhulde tablet, Synulox 500 mg Comprimés Appétents, Synulox 500 mg Smakelijke Tabletten, Synulox 500 mg tabletes suņiem, Synulox 500 mg, tabletid koertele, Synulox 500mg (400 mg/100 mg) Tabletten für Hunde, Synulox 50mg (40 mg/10 mg) Tabletten für Hunde und Katzen, Synulox Bolus 500 mg, 400 mg + 100 mg comprimés enrobés pour veaux, Synulox Lactating Cow Intramammary suspension., Synulox T","Ataxia, Death, Laboured breathing, Lethargy (see also Central nervous system depression in Neurological), Weakness",1,1,
US-DEBIAHP-2013US02734,"<a target=""_blank""  href=""/xmlpserver/EVVET3 PW NEW/Subject Area Contents/Public Website/Report (PDF)/AER.xdo?_xpf=&_xpt=1&_params%2FOracle%20BI%20EE%3A%3ADefaultApp%3A%3AEVVET3%20PR%20NEW%2FAER%3A%3Adimension%2FAER%20Id%3A%3Aattribute%3A%3Anoaggr%3A%3Axsd%3Adouble=360302&_xt=AER&_xf=pdf""> AER </a>",2013-04-17 00:00:00,Veterinarian,United States,FEMALE,Dog,Maltese,"Metacam 0.5 mg/ml - Oral suspension (cats, guinea pigs), Metacam 0.5 mg/ml - Oral suspension (dogs)","Bloody diarrhoea, Bruising, Death by euthanasia, Elevated liver enzymes NOS, Itching, Lethargy (see also Central nervous system depression in Neurological), Thrombocytopenia",1,1,1
US-DEBIAHP-2013US02736,"<a target=""_blank""  href=""/xmlpserver/EVVET3 PW NEW/Subject Area Contents/Public Website/Report (PDF)/AER.xdo?_xpf=&_xpt=1&_params%2FOracle%20BI%20EE%3A%3ADefaultApp%3A%3AEVVET3%20PR%20NEW%2FAER%3A%3Adimension%2FAER%20Id%3A%3Aattribute%3A%3Anoaggr%3A%3Axsd%3Adouble=358108&_xt=AER&_xf=pdf""> AER </a>",2013-03-20 00:00:00,Animal owner,United States,FEMALE,Dog,Boxer (German Boxer),Metacam 1.5 mg/ml - Oral suspension (dogs),Elevated liver enzymes NOS,1,1,
US-DEBIAHP-2013US02861,"<a target=""_blank""  href=""/xmlpserver/EVVET3 PW NEW/Subject Area Contents/Public Website/Report (PDF)/AER.xdo?_xpf=&_xpt=1&_params%2FOracle%20BI%20EE%3A%3ADefaultApp%3A%3AEVVET3%20PR%20NEW%2FAER%3A%3Adimension%2FAER%20Id%3A%3Aattribute%3A%3Anoaggr%3A%3Axsd%3Adouble=358555&_xt=AER&_xf=pdf""> AER </a>",2013-03-27 00:00:00,Other health care professional,United States,FEMALE,Dog,Maltese,Metacam 1.5 mg/ml - Oral suspension (dogs),"Erythema (for urticaria see Immune SOC), Facial oedema, Pruritus",1,1,
US-DEBIAHP-2013US02952,"<a target=""_blank""  href=""/xmlpserver/EVVET3 PW NEW/Subject Area Contents/Public Website/Report (PDF)/AER.xdo?_xpf=&_xpt=1&_params%2FOracle%20BI%20EE%3A%3ADefaultApp%3A%3AEVVET3%20PR%20NEW%2FAER%3A%3Adimension%2FAER%20Id%3A%3Aattribute%3A%3Anoaggr%3A%3Axsd%3Adouble=358467&_xt=AER&_xf=pdf""> AER </a>",2013-03-26 00:00:00,Animal owner,United States,UNKNOWN,Dog,Dog (other),"Metacam 0.5 mg/ml - Oral suspension (cats, guinea pigs), Metacam 0.5 mg/ml - Oral suspension (dogs)",Urine abnormalities NOS,1,1,
US-DEBIAHP-2013US03106,"<a target=""_blank""  href=""/xmlpserver/EVVET3 PW NEW/Subject Area Contents/Public Website/Report (PDF)/AER.xdo?_xpf=&_xpt=1&_params%2FOracle%20BI%20EE%3A%3ADefaultApp%3A%3AEVVET3%20PR%20NEW%2FAER%3A%3Adimension%2FAER%20Id%3A%3Aattribute%3A%3Anoaggr%3A%3Axsd%3Adouble=358102&_xt=AER&_xf=pdf""> AER </a>",2013-03-20 00:00:00,Veterinarian,United States,MALE,Dog,Schnauzer - Miniature,"DOLOREX, Dolorex 10 mg/ml Solution for Injection for horse, dog and cat, Dolorex 10 mg/ml ενέσιμο διάλυμα για άλογο, σκύλο και γάτα, Metacam 1.5 mg/ml - Oral suspension (dogs), Metacam 5 mg/ml - Solution for injection (cats, dogs), Metacam 5 mg/ml - Solution for injection (cattle, pigs), Metacam 5 mg/ml - Solution for injection (dogs)","Erythema (for urticaria see Immune SOC), Injection site alopecia, Localised pain NOS (see other SOCs for specific pain), Otitis externa, Vasculitis",1,1,
US-DEBIAHP-2013US03158,"<a target=""_blank""  href=""/xmlpserver/EVVET3 PW NEW/Subject Area Contents/Public Website/Report (PDF)/AER.xdo?_xpf=&_xpt=1&_params%2FOracle%20BI%20EE%3A%3ADefaultApp%3A%3AEVVET3%20PR%20NEW%2FAER%3A%3Adimension%2FAER%20Id%3A%3Aattribute%3A%3Anoaggr%3A%3Axsd%3Adouble=358834&_xt=AER&_xf=pdf""> AER </a>",2013-04-01 00:00:00,Veterinarian,United States,MALE,Dog,Dog (other),Metacam 1.5 mg/ml - Oral suspension (dogs),Vomiting,1,1,
US-DEBIAHP-2013US03180,"<a target=""_blank""  href=""/xmlpserver/EVVET3 PW NEW/Subject Area Contents/Public Website/Report (PDF)/AER.xdo?_xpf=&_xpt=1&_params%2FOracle%20BI%20EE%3A%3ADefaultApp%3A%3AEVVET3%20PR%20NEW%2FAER%3A%3Adimension%2FAER%20Id%3A%3Aattribute%3A%3Anoaggr%3A%3Axsd%3Adouble=358842&_xt=AER&_xf=pdf""> AER </a>",2013-04-01 00:00:00,Veterinarian,United States,MALE,Dog,Spitz - German Pomeranian,"Metacam 1.5 mg/ml - Oral suspension (dogs), Tramadog 50 mg tablet for dogs","Abdominal pain, Death, Decreased appetite, Gastric perforation, Gastric ulcer, Liver disorder NOS",1,1,
US-DEBIAHP-2013US03240,"<a target=""_blank""  href=""/xmlpserver/EVVET3 PW NEW/Subject Area Contents/Public Website/Report (PDF)/AER.xdo?_xpf=&_xpt=1&_params%2FOracle%20BI%20EE%3A%3ADefaultApp%3A%3AEVVET3%20PR%20NEW%2FAER%3A%3Adimension%2FAER%20Id%3A%3Aattribute%3A%3Anoaggr%3A%3Axsd%3Adouble=359588&_xt=AER&_xf=pdf""> AER </a>",2013-04-09 00:00:00,Veterinarian,United States,MALE,Dog,Retriever - Labrador,"CLINDAMYCIN 75 mg tablety, Clindamycin 75mg, Clindamycin, 75mg, Tableta, Loxicom 20 mg/ml - Solution for injection (cattle, pigs, horses), Loxicom 5 mg/ml  - Solution for injection (cats, dogs), Metacam 1.5 mg/ml - Oral suspension (dogs)","Anorexia, Blood in vomit",1,1,
US-DEBIAHP-2013US03248,"<a target=""_blank""  href=""/xmlpserver/EVVET3 PW NEW/Subject Area Contents/Public Website/Report (PDF)/AER.xdo?_xpf=&_xpt=1&_params%2FOracle%20BI%20EE%3A%3ADefaultApp%3A%3AEVVET3%20PR%20NEW%2FAER%3A%3Adimension%2FAER%20Id%3A%3Aattribute%3A%3Anoaggr%3A%3Axsd%3Adouble=358975&_xt=AER&_xf=pdf""> AER </a>",2013-04-02 00:00:00,Other health care professional,United States,FEMALE,Dog,Retriever - Golden,Metacam 1.5 mg/ml - Oral suspension (dogs),Neurological signs NOS,1,1,
US-DEBIAHP-2013US03320,"<a target=""_blank""  href=""/xmlpserver/EVVET3 PW NEW/Subject Area Contents/Public Website/Report (PDF)/AER.xdo?_xpf=&_xpt=1&_params%2FOracle%20BI%20EE%3A%3ADefaultApp%3A%3AEVVET3%20PR%20NEW%2FAER%3A%3Adimension%2FAER%20Id%3A%3Aattribute%3A%3Anoaggr%3A%3Axsd%3Adouble=358972&_xt=AER&_xf=pdf""> AER </a>",2013-04-02 00:00:00,Veterinarian,United States,UNKNOWN,Dog,Dog (other),"Metacam 5 mg/ml - Solution for injection (cats, dogs), Metacam 5 mg/ml - Solution for injection (cattle, pigs), Metacam 5 mg/ml - Solution for injection (dogs)","General pain (see other SOCs for specific pain), Joint swelling",1,1,
US-DEBIAHP-2013US03361,"<a target=""_blank""  href=""/xmlpserver/EVVET3 PW NEW/Subject Area Contents/Public Website/Report (PDF)/AER.xdo?_xpf=&_xpt=1&_params%2FOracle%20BI%20EE%3A%3ADefaultApp%3A%3AEVVET3%20PR%20NEW%2FAER%3A%3Adimension%2FAER%20Id%3A%3Aattribute%3A%3Anoaggr%3A%3Axsd%3Adouble=361841&_xt=AER&_xf=pdf""> AER </a>",2013-05-01 00:00:00,Animal owner,United States,FEMALE,Dog,Spitz - German Pomeranian,"Metacam 0.5 mg/ml - Oral suspension (cats, guinea pigs), Metacam 0.5 mg/ml - Oral suspension (dogs)","Abdominal cavity disorder NOS, Abnormal radiograph finding, Appetite loss, Crust, Leukocytosis NOS",1,1,
US-DEBIAHP-2013US03408,"<a target=""_blank""  href=""/xmlpserver/EVVET3 PW NEW/Subject Area Contents/Public Website/Report (PDF)/AER.xdo?_xpf=&_xpt=1&_params%2FOracle%20BI%20EE%3A%3ADefaultApp%3A%3AEVVET3%20PR%20NEW%2FAER%3A%3Adimension%2FAER%20Id%3A%3Aattribute%3A%3Anoaggr%3A%3Axsd%3Adouble=359209&_xt=AER&_xf=pdf""> AER </a>",2013-04-04 00:00:00,Other health care professional,United States,MALE,Dog,Bichon Frise,Metacam 1.5 mg/ml - Oral suspension (dogs),"Diarrhoea, Shaking, Vomiting",2,2,
US-DEBIAHP-2013US03542,"<a target=""_blank""  href=""/xmlpserver/EVVET3 PW NEW/Subject Area Contents/Public Website/Report (PDF)/AER.xdo?_xpf=&_xpt=1&_params%2FOracle%20BI%20EE%3A%3ADefaultApp%3A%3AEVVET3%20PR%20NEW%2FAER%3A%3Adimension%2FAER%20Id%3A%3Aattribute%3A%3Anoaggr%3A%3Axsd%3Adouble=359589&_xt=AER&_xf=pdf""> AER </a>",2013-04-09 00:00:00,Animal owner,United States,MALE,Dog,Dog (other),Metacam 1.5 mg/ml - Oral suspension (dogs),"Anorexia, Blood in urine, Death by euthanasia, Dehydration, Diabetes, Diabetic ketoacidosis, Diabetic ketonuria, Drinking a lot, Elevated blood urea nitrogen (BUN), Elevated creatinine, Frequent urination, Glucosuria, Hyperphosphataemia, Other abnormal test result NOS, Vomiting",1,1,1
US-DEBIAHP-2013US03562,"<a target=""_blank""  href=""/xmlpserver/EVVET3 PW NEW/Subject Area Contents/Public Website/Report (PDF)/AER.xdo?_xpf=&_xpt=1&_params%2FOracle%20BI%20EE%3A%3ADefaultApp%3A%3AEVVET3%20PR%20NEW%2FAER%3A%3Adimension%2FAER%20Id%3A%3Aattribute%3A%3Anoaggr%3A%3Axsd%3Adouble=359576&_xt=AER&_xf=pdf""> AER </a>",2013-04-09 00:00:00,Veterinarian,United States,MALE,Dog,Chihuahua,Metacam 1.5 mg/ml - Oral suspension (dogs),Vomiting,1,1,
US-DEBIAHP-2013US03569,"<a target=""_blank""  href=""/xmlpserver/EVVET3 PW NEW/Subject Area Contents/Public Website/Report (PDF)/AER.xdo?_xpf=&_xpt=1&_params%2FOracle%20BI%20EE%3A%3ADefaultApp%3A%3AEVVET3%20PR%20NEW%2FAER%3A%3Adimension%2FAER%20Id%3A%3Aattribute%3A%3Anoaggr%3A%3Axsd%3Adouble=359449&_xt=AER&_xf=pdf""> AER </a>",2013-04-08 00:00:00,Animal owner,United States,MALE,Dog,Boxer (German Boxer),Metacam 1.5 mg/ml - Oral suspension (dogs),Lethargy (see also Central nervous system depression in Neurological),1,1,
US-DEBIAHP-2013US03629,"<a target=""_blank""  href=""/xmlpserver/EVVET3 PW NEW/Subject Area Contents/Public Website/Report (PDF)/AER.xdo?_xpf=&_xpt=1&_params%2FOracle%20BI%20EE%3A%3ADefaultApp%3A%3AEVVET3%20PR%20NEW%2FAER%3A%3Adimension%2FAER%20Id%3A%3Aattribute%3A%3Anoaggr%3A%3Axsd%3Adouble=359593&_xt=AER&_xf=pdf""> AER </a>",2013-04-09 00:00:00,Animal owner,United States,FEMALE,Dog,Beagle,Metacam 1.5 mg/ml - Oral suspension (dogs),"Anorexia, Diarrhoea, Intestinal perforation, Other abnormal test result NOS, Thrombocytopenia, Vomiting",1,1,
US-DEBIAHP-2013US03685,"<a target=""_blank""  href=""/xmlpserver/EVVET3 PW NEW/Subject Area Contents/Public Website/Report (PDF)/AER.xdo?_xpf=&_xpt=1&_params%2FOracle%20BI%20EE%3A%3ADefaultApp%3A%3AEVVET3%20PR%20NEW%2FAER%3A%3Adimension%2FAER%20Id%3A%3Aattribute%3A%3Anoaggr%3A%3Axsd%3Adouble=359650&_xt=AER&_xf=pdf""> AER </a>",2013-04-10 00:00:00,Veterinarian,United States,MALE,Dog,Dog (other),Metacam 1.5 mg/ml - Oral suspension (dogs),"Localised oedema (not application site), Localised pain NOS (see other SOCs for specific pain)",1,1,
US-DEBIAHP-2013US03699,"<a target=""_blank""  href=""/xmlpserver/EVVET3 PW NEW/Subject Area Contents/Public Website/Report (PDF)/AER.xdo?_xpf=&_xpt=1&_params%2FOracle%20BI%20EE%3A%3ADefaultApp%3A%3AEVVET3%20PR%20NEW%2FAER%3A%3Adimension%2FAER%20Id%3A%3Aattribute%3A%3Anoaggr%3A%3Axsd%3Adouble=359825&_xt=AER&_xf=pdf""> AER </a>",2013-04-11 00:00:00,Veterinarian,United States,MALE,Dog,Weimaraner,Metacam 1.5 mg/ml - Oral suspension (dogs),Claw / hoof / nail disorder NOS,1,1,
US-DEBIAHP-2013US03745,"<a target=""_blank""  href=""/xmlpserver/EVVET3 PW NEW/Subject Area Contents/Public Website/Report (PDF)/AER.xdo?_xpf=&_xpt=1&_params%2FOracle%20BI%20EE%3A%3ADefaultApp%3A%3AEVVET3%20PR%20NEW%2FAER%3A%3Adimension%2FAER%20Id%3A%3Aattribute%3A%3Anoaggr%3A%3Axsd%3Adouble=360653&_xt=AER&_xf=pdf""> AER </a>",2013-04-22 00:00:00,Veterinarian,United States,FEMALE,Dog,Retriever - Labrador,Metacam 1.5 mg/ml - Oral suspension (dogs),"Decreased appetite, Elevated blood urea nitrogen (BUN), Elevated creatinine, Lethargy (see also Central nervous system depression in Neurological), Polydipsia, Polyuria, Vomiting",1,1,
US-DEBIAHP-2013US03747,"<a target=""_blank""  href=""/xmlpserver/EVVET3 PW NEW/Subject Area Contents/Public Website/Report (PDF)/AER.xdo?_xpf=&_xpt=1&_params%2FOracle%20BI%20EE%3A%3ADefaultApp%3A%3AEVVET3%20PR%20NEW%2FAER%3A%3Adimension%2FAER%20Id%3A%3Aattribute%3A%3Anoaggr%3A%3Axsd%3Adouble=362227&_xt=AER&_xf=pdf""> AER </a>",2013-05-03 00:00:00,Veterinarian,United States,FEMALE,Dog,Shih Tzu,"Dexdomitor 0.1 mg/ml - Solution for injection, Dexdomitor 0.5 mg/ml - Solution for injection, Loxicom 20 mg/ml - Solution for injection (cattle, pigs, horses), Loxicom 5 mg/ml  - Solution for injection (cats, dogs), Metacam 1.5 mg/ml - Oral suspension (dogs)","Decreased appetite, Elevated bile acids, Elevated blood urea nitrogen (BUN), Elevated creatinine, Elevated serum alkaline phosphatase (ALP), Neutrophilia, Other abnormal test result NOS, Urolithiasis, Vomiting",1,1,
US-DEBIAHP-2013US03807,"<a target=""_blank""  href=""/xmlpserver/EVVET3 PW NEW/Subject Area Contents/Public Website/Report (PDF)/AER.xdo?_xpf=&_xpt=1&_params%2FOracle%20BI%20EE%3A%3ADefaultApp%3A%3AEVVET3%20PR%20NEW%2FAER%3A%3Adimension%2FAER%20Id%3A%3Aattribute%3A%3Anoaggr%3A%3Axsd%3Adouble=360045&_xt=AER&_xf=pdf""> AER </a>",2013-04-15 00:00:00,Animal owner,United States,MALE,Dog,Maltese,Metacam 1.5 mg/ml - Oral suspension (dogs),Blood in faeces,1,1,
US-DEBIAHP-2013US03926,"<a target=""_blank""  href=""/xmlpserver/EVVET3 PW NEW/Subject Area Contents/Public Website/Report (PDF)/AER.xdo?_xpf=&_xpt=1&_params%2FOracle%20BI%20EE%3A%3ADefaultApp%3A%3AEVVET3%20PR%20NEW%2FAER%3A%3Adimension%2FAER%20Id%3A%3Aattribute%3A%3Anoaggr%3A%3Axsd%3Adouble=360439&_xt=AER&_xf=pdf""> AER </a>",2013-04-18 00:00:00,Veterinarian,United States,MALE,Dog,Dog (other),"Loxicom 0.5 mg/ml  - Oral suspension (cats), Loxicom 0.5 mg/ml  - Oral suspension (dogs), Loxicom 1 mg  - Chewable tablet (dogs), Loxicom 1.5 mg/ml  - Oral suspension (dogs), Loxicom 2.5 mg  - Chewable tablet (dogs), Loxicom 20 mg/ml - Solution for injection (cattle, pigs, horses), Loxicom 5 mg/ml  - Solution for injection (cats, dogs), Loxicom 50 mg/g  - Oral paste (horses), Metacam 1.5 mg/ml - Oral suspension (dogs)","Abnormal radiograph finding, Anaemia NOS, Anorexia, Bone and joint disorder NOS, Elevated liver enzymes NOS, Hyperphosphataemia, Lameness, Lethargy (see also Central nervous system depression in Neurological), Other abnormal test result NOS, Proprioception deficit, Pyrexia, Recumbency, Vomiting",1,1,
US-DEBIAHP-2013US03966,"<a target=""_blank""  href=""/xmlpserver/EVVET3 PW NEW/Subject Area Contents/Public Website/Report (PDF)/AER.xdo?_xpf=&_xpt=1&_params%2FOracle%20BI%20EE%3A%3ADefaultApp%3A%3AEVVET3%20PR%20NEW%2FAER%3A%3Adimension%2FAER%20Id%3A%3Aattribute%3A%3Anoaggr%3A%3Axsd%3Adouble=360085&_xt=AER&_xf=pdf""> AER </a>",2013-04-15 00:00:00,Animal owner,United States,MALE,Dog,Rottweiler,Metacam 1.5 mg/ml - Oral suspension (dogs),Weight gain,1,1,
US-DEBIAHP-2013US04011,"<a target=""_blank""  href=""/xmlpserver/EVVET3 PW NEW/Subject Area Contents/Public Website/Report (PDF)/AER.xdo?_xpf=&_xpt=1&_params%2FOracle%20BI%20EE%3A%3ADefaultApp%3A%3AEVVET3%20PR%20NEW%2FAER%3A%3Adimension%2FAER%20Id%3A%3Aattribute%3A%3Anoaggr%3A%3Axsd%3Adouble=360443&_xt=AER&_xf=pdf""> AER </a>",2013-04-18 00:00:00,Other health care professional,United States,MALE,Dog,Sheepdog - Old English,Metacam 1.5 mg/ml - Oral suspension (dogs),"Anaemia NOS, Elevated alanine aminotransferase (ALT), Elevated blood urea nitrogen (BUN), Weight loss",1,1,
US-DEBIAHP-2013US04103,"<a target=""_blank""  href=""/xmlpserver/EVVET3 PW NEW/Subject Area Contents/Public Website/Report (PDF)/AER.xdo?_xpf=&_xpt=1&_params%2FOracle%20BI%20EE%3A%3ADefaultApp%3A%3AEVVET3%20PR%20NEW%2FAER%3A%3Adimension%2FAER%20Id%3A%3Aattribute%3A%3Anoaggr%3A%3Axsd%3Adouble=363054&_xt=AER&_xf=pdf""> AER </a>",2013-05-16 00:00:00,Veterinarian,United States,FEMALE,Dog,Rottweiler,Metacam 1.5 mg/ml - Oral suspension (dogs),"Cough, Fever, Laboured breathing, Lethargy (see also Central nervous system depression in Neurological), Lymphadenopathy, Oedema of the extremities (see also other SOCs for most applicable oedema), Other abnormal test result NOS, Ulceration NOS, Vasculitis, Weakness",1,1,
US-DEBIAHP-2013US04123,"<a target=""_blank""  href=""/xmlpserver/EVVET3 PW NEW/Subject Area Contents/Public Website/Report (PDF)/AER.xdo?_xpf=&_xpt=1&_params%2FOracle%20BI%20EE%3A%3ADefaultApp%3A%3AEVVET3%20PR%20NEW%2FAER%3A%3Adimension%2FAER%20Id%3A%3Aattribute%3A%3Anoaggr%3A%3Axsd%3Adouble=360442&_xt=AER&_xf=pdf""> AER </a>",2013-04-18 00:00:00,Animal owner,United States,FEMALE,Dog,Retriever - Labrador,Metacam 1.5 mg/ml - Oral suspension (dogs),"Abnormal stool colouration, Bloody diarrhoea, Vomiting",1,1,
US-DEBIAHP-2013US04140,"<a target=""_blank""  href=""/xmlpserver/EVVET3 PW NEW/Subject Area Contents/Public Website/Report (PDF)/AER.xdo?_xpf=&_xpt=1&_params%2FOracle%20BI%20EE%3A%3ADefaultApp%3A%3AEVVET3%20PR%20NEW%2FAER%3A%3Adimension%2FAER%20Id%3A%3Aattribute%3A%3Anoaggr%3A%3Axsd%3Adouble=360432&_xt=AER&_xf=pdf""> AER </a>",2013-04-18 00:00:00,Other health care professional,United States,MALE,Dog,Spaniel - Springer English,Metacam 1.5 mg/ml - Oral suspension (dogs),"Decreased appetite, Diarrhoea, Vomiting",1,1,
US-DEBIAHP-2013US04186,"<a target=""_blank""  href=""/xmlpserver/EVVET3 PW NEW/Subject Area Contents/Public Website/Report (PDF)/AER.xdo?_xpf=&_xpt=1&_params%2FOracle%20BI%20EE%3A%3ADefaultApp%3A%3AEVVET3%20PR%20NEW%2FAER%3A%3Adimension%2FAER%20Id%3A%3Aattribute%3A%3Anoaggr%3A%3Axsd%3Adouble=360652&_xt=AER&_xf=pdf""> AER </a>",2013-04-22 00:00:00,Veterinarian,United States,MALE,Dog,Chihuahua,"Metacam 0.5 mg/ml - Oral suspension (cats, guinea pigs), Metacam 0.5 mg/ml - Oral suspension (dogs)","Dehydration, Other abnormal test result NOS, Vomiting",1,1,
US-DEBIAHP-2013US04204,"<a target=""_blank""  href=""/xmlpserver/EVVET3 PW NEW/Subject Area Contents/Public Website/Report (PDF)/AER.xdo?_xpf=&_xpt=1&_params%2FOracle%20BI%20EE%3A%3ADefaultApp%3A%3AEVVET3%20PR%20NEW%2FAER%3A%3Adimension%2FAER%20Id%3A%3Aattribute%3A%3Anoaggr%3A%3Axsd%3Adouble=360887&_xt=AER&_xf=pdf""> AER </a>",2013-04-24 00:00:00,Animal owner,United States,FEMALE,Dog,Shih Tzu,"Metacam 0.5 mg/ml - Oral suspension (cats, guinea pigs), Metacam 0.5 mg/ml - Oral suspension (dogs)","Death, Increased respiratory rate, Other coagulation investigation abnormality",1,1,
US-DEBIAHP-2013US04333,"<a target=""_blank""  href=""/xmlpserver/EVVET3 PW NEW/Subject Area Contents/Public Website/Report (PDF)/AER.xdo?_xpf=&_xpt=1&_params%2FOracle%20BI%20EE%3A%3ADefaultApp%3A%3AEVVET3%20PR%20NEW%2FAER%3A%3Adimension%2FAER%20Id%3A%3Aattribute%3A%3Anoaggr%3A%3Axsd%3Adouble=361107&_xt=AER&_xf=pdf""> AER </a>",2013-04-26 00:00:00,Other health care professional,United States,MALE,Dog,Terrier - Yorkshire,"Metacam 0.5 mg/ml - Oral suspension (cats, guinea pigs), Metacam 0.5 mg/ml - Oral suspension (dogs)",Diarrhoea,1,1,
US-DEBIAHP-2013US04359,"<a target=""_blank""  href=""/xmlpserver/EVVET3 PW NEW/Subject Area Contents/Public Website/Report (PDF)/AER.xdo?_xpf=&_xpt=1&_params%2FOracle%20BI%20EE%3A%3ADefaultApp%3A%3AEVVET3%20PR%20NEW%2FAER%3A%3Adimension%2FAER%20Id%3A%3Aattribute%3A%3Anoaggr%3A%3Axsd%3Adouble=376713&_xt=AER&_xf=pdf""> AER </a>",2013-10-23 00:00:00,Veterinarian,United States,MALE,Dog,Bulldog,Metacam 1.5 mg/ml - Oral suspension (dogs),"Haematuria, Inappropriate urination",1,1,
US-DEBIAHP-2013US04378,"<a target=""_blank""  href=""/xmlpserver/EVVET3 PW NEW/Subject Area Contents/Public Website/Report (PDF)/AER.xdo?_xpf=&_xpt=1&_params%2FOracle%20BI%20EE%3A%3ADefaultApp%3A%3AEVVET3%20PR%20NEW%2FAER%3A%3Adimension%2FAER%20Id%3A%3Aattribute%3A%3Anoaggr%3A%3Axsd%3Adouble=360437&_xt=AER&_xf=pdf""> AER </a>",2013-04-18 00:00:00,Other health care professional,United States,MALE,Dog,Lhasa Apso,Metacam 1.5 mg/ml - Oral suspension (dogs),"Diarrhoea, Facial swelling (see also Skin), Vomiting",1,1,
US-DEBIAHP-2013US04518,"<a target=""_blank""  href=""/xmlpserver/EVVET3 PW NEW/Subject Area Contents/Public Website/Report (PDF)/AER.xdo?_xpf=&_xpt=1&_params%2FOracle%20BI%20EE%3A%3ADefaultApp%3A%3AEVVET3%20PR%20NEW%2FAER%3A%3Adimension%2FAER%20Id%3A%3Aattribute%3A%3Anoaggr%3A%3Axsd%3Adouble=363449&_xt=AER&_xf=pdf""> AER </a>",2013-05-21 00:00:00,Veterinarian,United States,FEMALE,Dog,Dog (other),"Loxicom 0.5 mg/ml  - Oral suspension (cats), Loxicom 0.5 mg/ml  - Oral suspension (dogs), Loxicom 1 mg  - Chewable tablet (dogs), Loxicom 1.5 mg/ml  - Oral suspension (dogs), Loxicom 2.5 mg  - Chewable tablet (dogs), Loxicom 20 mg/ml - Solution for injection (cattle, pigs, horses), Loxicom 5 mg/ml  - Solution for injection (cats, dogs), Loxicom 50 mg/g  - Oral paste (horses), Metacam 0.5 mg/ml - Oral suspension (cats, guinea pigs), Metacam 0.5 mg/ml - Oral suspension (dogs)","Decreased urine concentration, Elevated blood urea nitrogen (BUN), Elevated creatinine, Glucosuria, Hyperphosphataemia, Vomiting",1,1,
US-DEBIAHP-2013US04539,"<a target=""_blank""  href=""/xmlpserver/EVVET3 PW NEW/Subject Area Contents/Public Website/Report (PDF)/AER.xdo?_xpf=&_xpt=1&_params%2FOracle%20BI%20EE%3A%3ADefaultApp%3A%3AEVVET3%20PR%20NEW%2FAER%3A%3Adimension%2FAER%20Id%3A%3Aattribute%3A%3Anoaggr%3A%3Axsd%3Adouble=361614&_xt=AER&_xf=pdf""> AER </a>",2013-04-30 00:00:00,Veterinarian,United States,FEMALE,Dog,Greyhound,Metacam 1.5 mg/ml - Oral suspension (dogs),"Ecchymosis, Haematuria, Other abnormal test result NOS, Purulent lesion(s), Skin petechiae, Skin ulcer, Swelling NOS, Thrombocytopenia",1,1,
US-DEBIAHP-2013US04563,"<a target=""_blank""  href=""/xmlpserver/EVVET3 PW NEW/Subject Area Contents/Public Website/Report (PDF)/AER.xdo?_xpf=&_xpt=1&_params%2FOracle%20BI%20EE%3A%3ADefaultApp%3A%3AEVVET3%20PR%20NEW%2FAER%3A%3Adimension%2FAER%20Id%3A%3Aattribute%3A%3Anoaggr%3A%3Axsd%3Adouble=361916&_xt=AER&_xf=pdf""> AER </a>",2013-05-02 00:00:00,Veterinarian,United States,MALE,Dog,Terrier - Jack Russell,"BRONCHI-SHIELD, Metacam 1.5 mg/ml - Oral suspension (dogs), VERSICAN PLUS BB IN LYOPHILISAT ET SOLVANT POUR GOUTTES NASALES, SUSPENSION POUR CHIENS, Versican Plus Bb IN, Lyophilisat et solvant pour suspension nasale en gouttes, pour chiens",Cough,1,1,
US-DEBIAHP-2013US04595,"<a target=""_blank""  href=""/xmlpserver/EVVET3 PW NEW/Subject Area Contents/Public Website/Report (PDF)/AER.xdo?_xpf=&_xpt=1&_params%2FOracle%20BI%20EE%3A%3ADefaultApp%3A%3AEVVET3%20PR%20NEW%2FAER%3A%3Adimension%2FAER%20Id%3A%3Aattribute%3A%3Anoaggr%3A%3Axsd%3Adouble=361620&_xt=AER&_xf=pdf""> AER </a>",2013-04-30 00:00:00,Veterinarian,United States,FEMALE,Dog,Retriever - Labrador,Metacam 1.5 mg/ml - Oral suspension (dogs),Vomiting,1,1,
US-DEBIAHP-2013US04665,"<a target=""_blank""  href=""/xmlpserver/EVVET3 PW NEW/Subject Area Contents/Public Website/Report (PDF)/AER.xdo?_xpf=&_xpt=1&_params%2FOracle%20BI%20EE%3A%3ADefaultApp%3A%3AEVVET3%20PR%20NEW%2FAER%3A%3Adimension%2FAER%20Id%3A%3Aattribute%3A%3Anoaggr%3A%3Axsd%3Adouble=362504&_xt=AER&_xf=pdf""> AER </a>",2013-05-08 00:00:00,Veterinarian,United States,FEMALE,Dog,Shepherd Dog - German,"Metacam 1.5 mg/ml - Oral suspension (dogs), Tramadog 50 mg tablet for dogs","Reddening of the skin, Scratching, Skin lesion NOS",1,1,
US-DEBIAHP-2013US04670,"<a target=""_blank""  href=""/xmlpserver/EVVET3 PW NEW/Subject Area Contents/Public Website/Report (PDF)/AER.xdo?_xpf=&_xpt=1&_params%2FOracle%20BI%20EE%3A%3ADefaultApp%3A%3AEVVET3%20PR%20NEW%2FAER%3A%3Adimension%2FAER%20Id%3A%3Aattribute%3A%3Anoaggr%3A%3Axsd%3Adouble=362038&_xt=AER&_xf=pdf""> AER </a>",2013-05-02 00:00:00,Animal owner,United States,FEMALE,Dog,Retriever - Labrador,Metacam 1.5 mg/ml - Oral suspension (dogs),Chewing - oral cavity disorder (see also Pruritus),1,1,
US-DEBIAHP-2013US04751,"<a target=""_blank""  href=""/xmlpserver/EVVET3 PW NEW/Subject Area Contents/Public Website/Report (PDF)/AER.xdo?_xpf=&_xpt=1&_params%2FOracle%20BI%20EE%3A%3ADefaultApp%3A%3AEVVET3%20PR%20NEW%2FAER%3A%3Adimension%2FAER%20Id%3A%3Aattribute%3A%3Anoaggr%3A%3Axsd%3Adouble=362311&_xt=AER&_xf=pdf""> AER </a>",2013-05-06 00:00:00,Animal owner,United States,FEMALE,Dog,Retriever - Labrador,Metacam 1.5 mg/ml - Oral suspension (dogs),Bloody diarrhoea,1,1,
US-DEBIAHP-2013US04855,"<a target=""_blank""  href=""/xmlpserver/EVVET3 PW NEW/Subject Area Contents/Public Website/Report (PDF)/AER.xdo?_xpf=&_xpt=1&_params%2FOracle%20BI%20EE%3A%3ADefaultApp%3A%3AEVVET3%20PR%20NEW%2FAER%3A%3Adimension%2FAER%20Id%3A%3Aattribute%3A%3Anoaggr%3A%3Axsd%3Adouble=362575&_xt=AER&_xf=pdf""> AER </a>",2013-05-09 00:00:00,Veterinarian,United States,FEMALE,Dog,Terrier - Yorkshire,"Metacam 0.5 mg/ml - Oral suspension (cats, guinea pigs), Metacam 0.5 mg/ml - Oral suspension (dogs)","Erythema (for urticaria see Immune SOC), Low platelet count, Other abnormal test result NOS, Pruritus",1,1,
US-DEBIAHP-2013US04880,"<a target=""_blank""  href=""/xmlpserver/EVVET3 PW NEW/Subject Area Contents/Public Website/Report (PDF)/AER.xdo?_xpf=&_xpt=1&_params%2FOracle%20BI%20EE%3A%3ADefaultApp%3A%3AEVVET3%20PR%20NEW%2FAER%3A%3Adimension%2FAER%20Id%3A%3Aattribute%3A%3Anoaggr%3A%3Axsd%3Adouble=362465&_xt=AER&_xf=pdf""> AER </a>",2013-05-07 00:00:00,Animal owner,United States,MALE,Dog,Siberian Husky,"ADEQUAN IM 500 MG/5 ML SOLUTION FOR INJECTION, Adequan, Adequan 100 mg/ml Solution for Injection, Adequan 250 mg/ml Solution for Injection, Metacam 1.5 mg/ml - Oral suspension (dogs)","Abdominal pain, Behavioural disorder NOS, Death, Diarrhoea, Emesis, Intestinal perforation, Large intestine ulcer, Peritonitis, Seizure NOS",1,1,
US-DEBIAHP-2013US04890,"<a target=""_blank""  href=""/xmlpserver/EVVET3 PW NEW/Subject Area Contents/Public Website/Report (PDF)/AER.xdo?_xpf=&_xpt=1&_params%2FOracle%20BI%20EE%3A%3ADefaultApp%3A%3AEVVET3%20PR%20NEW%2FAER%3A%3Adimension%2FAER%20Id%3A%3Aattribute%3A%3Anoaggr%3A%3Axsd%3Adouble=362466&_xt=AER&_xf=pdf""> AER </a>",2013-05-07 00:00:00,Other health care professional,United States,MALE,Dog,Sheepdog - Old English,Metacam 1.5 mg/ml - Oral suspension (dogs),"Diarrhoea, Shaking, Vomiting",1,1,
US-DEBIAHP-2013US04895,"<a target=""_blank""  href=""/xmlpserver/EVVET3 PW NEW/Subject Area Contents/Public Website/Report (PDF)/AER.xdo?_xpf=&_xpt=1&_params%2FOracle%20BI%20EE%3A%3ADefaultApp%3A%3AEVVET3%20PR%20NEW%2FAER%3A%3Adimension%2FAER%20Id%3A%3Aattribute%3A%3Anoaggr%3A%3Axsd%3Adouble=369252&_xt=AER&_xf=pdf""> AER </a>",2013-07-30 00:00:00,Other health care professional,United States,MALE,Dog,Corgi - Welsh Pembroke,Metacam 1.5 mg/ml - Oral suspension (dogs),"Abnormal pupil light reflex, Blindness, Eye disorder NOS (for Photophobia see neurological)",1,1,
US-DEBIAHP-2013US05120,"<a target=""_blank""  href=""/xmlpserver/EVVET3 PW NEW/Subject Area Contents/Public Website/Report (PDF)/AER.xdo?_xpf=&_xpt=1&_params%2FOracle%20BI%20EE%3A%3ADefaultApp%3A%3AEVVET3%20PR%20NEW%2FAER%3A%3Adimension%2FAER%20Id%3A%3Aattribute%3A%3Anoaggr%3A%3Axsd%3Adouble=363944&_xt=AER&_xf=pdf""> AER </a>",2013-05-28 00:00:00,Veterinarian,United States,FEMALE,Dog,Retriever - Labrador,Metacam 1.5 mg/ml - Oral suspension (dogs),"Diarrhoea, Vomiting",1,1,
US-DEBIAHP-2013US05198,"<a target=""_blank""  href=""/xmlpserver/EVVET3 PW NEW/Subject Area Contents/Public Website/Report (PDF)/AER.xdo?_xpf=&_xpt=1&_params%2FOracle%20BI%20EE%3A%3ADefaultApp%3A%3AEVVET3%20PR%20NEW%2FAER%3A%3Adimension%2FAER%20Id%3A%3Aattribute%3A%3Anoaggr%3A%3Axsd%3Adouble=362822&_xt=AER&_xf=pdf""> AER </a>",2013-05-14 00:00:00,Other health care professional,United States,MALE,Dog,Mastiff,Metacam 1.5 mg/ml - Oral suspension (dogs),"Abnormal radiograph finding, Anorexia, Dehydration, Depression, Gastric ulcer, Leukocytosis NOS, Neutrophilia, Other abnormal test result NOS, Vomiting",1,1,
US-DEBIAHP-2013US05206,"<a target=""_blank""  href=""/xmlpserver/EVVET3 PW NEW/Subject Area Contents/Public Website/Report (PDF)/AER.xdo?_xpf=&_xpt=1&_params%2FOracle%20BI%20EE%3A%3ADefaultApp%3A%3AEVVET3%20PR%20NEW%2FAER%3A%3Adimension%2FAER%20Id%3A%3Aattribute%3A%3Anoaggr%3A%3Axsd%3Adouble=363053&_xt=AER&_xf=pdf""> AER </a>",2013-05-16 00:00:00,Veterinarian,United States,MALE,Dog,Dog (other),Metacam 1.5 mg/ml - Oral suspension (dogs),Hallucination,2,2,
US-DEBIAHP-2013US05272,"<a target=""_blank""  href=""/xmlpserver/EVVET3 PW NEW/Subject Area Contents/Public Website/Report (PDF)/AER.xdo?_xpf=&_xpt=1&_params%2FOracle%20BI%20EE%3A%3ADefaultApp%3A%3AEVVET3%20PR%20NEW%2FAER%3A%3Adimension%2FAER%20Id%3A%3Aattribute%3A%3Anoaggr%3A%3Axsd%3Adouble=363276&_xt=AER&_xf=pdf""> AER </a>",2013-05-20 00:00:00,Veterinarian,United States,FEMALE,Dog,Poodle - Miniature,"Dexamethasone 2 mg/mL, Dexamethasone 2 mg/ml, Dexamethasone 2 mg/ml 2 mg/ml šķīdums injekcijām zirgiem, liellopiem, aitām, kazām, cūkām, suņiem un kaķiem, Dexamethasone 2 mg/ml solution for injection for dogs, cats, cattle and horses, Dexamethasone pro inj, 2 mg/ml oplossing voor injectie voor honden en katten, Metacam 1.5 mg/ml - Oral suspension (dogs), OTOMAX EAR DROPS SUSPENSION, OTOMAX ear drops, OTOMAX ušná suspenzia pre psy, OTOMAX, Ušní kapky, suspenze, OTOMAX, kapi za uho, suspenzija, za pse, Otomax (2640 j.m. + 0,88 mg + 8,8 mg)/ml Zawiesina do uszu, Otomax 2640 NE / 0,88 mg / 8,8 mg / ml szuszpenziós fülcsepp kutyák számára, Otomax gotas auriculares, suspensão, Otomax kapljice za uho, suspenzija, ДЕКСАМЕТАЗОН 2 mg/ml инжекционен разтвор","Death, Encephalopathy NOS, Fever, Hyperglycaemia, Hypersalivation, Hypoproteinaemia, Other abnormal test result NOS, Pulmonary oedema, Seizure NOS",1,1,
US-DEBIAHP-2013US05275,"<a target=""_blank""  href=""/xmlpserver/EVVET3 PW NEW/Subject Area Contents/Public Website/Report (PDF)/AER.xdo?_xpf=&_xpt=1&_params%2FOracle%20BI%20EE%3A%3ADefaultApp%3A%3AEVVET3%20PR%20NEW%2FAER%3A%3Adimension%2FAER%20Id%3A%3Aattribute%3A%3Anoaggr%3A%3Axsd%3Adouble=363274&_xt=AER&_xf=pdf""> AER </a>",2013-05-20 00:00:00,Other health care professional,United States,FEMALE,Dog,Chihuahua,"Metacam 0.5 mg/ml - Oral suspension (cats, guinea pigs), Metacam 0.5 mg/ml - Oral suspension (dogs)",Loose stool,1,1,
US-DEBIAHP-2013US05278,"<a target=""_blank""  href=""/xmlpserver/EVVET3 PW NEW/Subject Area Contents/Public Website/Report (PDF)/AER.xdo?_xpf=&_xpt=1&_params%2FOracle%20BI%20EE%3A%3ADefaultApp%3A%3AEVVET3%20PR%20NEW%2FAER%3A%3Adimension%2FAER%20Id%3A%3Aattribute%3A%3Anoaggr%3A%3Axsd%3Adouble=363277&_xt=AER&_xf=pdf""> AER </a>",2013-05-20 00:00:00,Animal owner,United States,FEMALE,Dog,Setter - English,Metacam 1.5 mg/ml - Oral suspension (dogs),Vomiting,1,1,
US-DEBIAHP-2013US05304,"<a target=""_blank""  href=""/xmlpserver/EVVET3 PW NEW/Subject Area Contents/Public Website/Report (PDF)/AER.xdo?_xpf=&_xpt=1&_params%2FOracle%20BI%20EE%3A%3ADefaultApp%3A%3AEVVET3%20PR%20NEW%2FAER%3A%3Adimension%2FAER%20Id%3A%3Aattribute%3A%3Anoaggr%3A%3Axsd%3Adouble=363291&_xt=AER&_xf=pdf""> AER </a>",2013-05-20 00:00:00,Animal owner,United States,FEMALE,Dog,Retriever - Labrador,Metacam 1.5 mg/ml - Oral suspension (dogs),Deafness,1,1,
US-DEBIAHP-2013US05352,"<a target=""_blank""  href=""/xmlpserver/EVVET3 PW NEW/Subject Area Contents/Public Website/Report (PDF)/AER.xdo?_xpf=&_xpt=1&_params%2FOracle%20BI%20EE%3A%3ADefaultApp%3A%3AEVVET3%20PR%20NEW%2FAER%3A%3Adimension%2FAER%20Id%3A%3Aattribute%3A%3Anoaggr%3A%3Axsd%3Adouble=363471&_xt=AER&_xf=pdf""> AER </a>",2013-05-21 00:00:00,Animal owner,United States,MALE,Dog,Schnauzer - Miniature,"Metacam 0.5 mg/ml - Oral suspension (cats, guinea pigs), Metacam 0.5 mg/ml - Oral suspension (dogs)",Excessive thirst,1,1,
US-DEBIAHP-2013US05360,"<a target=""_blank""  href=""/xmlpserver/EVVET3 PW NEW/Subject Area Contents/Public Website/Report (PDF)/AER.xdo?_xpf=&_xpt=1&_params%2FOracle%20BI%20EE%3A%3ADefaultApp%3A%3AEVVET3%20PR%20NEW%2FAER%3A%3Adimension%2FAER%20Id%3A%3Aattribute%3A%3Anoaggr%3A%3Axsd%3Adouble=363318&_xt=AER&_xf=pdf""> AER </a>",2013-05-20 00:00:00,Veterinarian,United States,FEMALE,Dog,Retriever - Golden,Metacam 1.5 mg/ml - Oral suspension (dogs),Hyperactivity,1,1,
US-DEBIAHP-2013US05402,"<a target=""_blank""  href=""/xmlpserver/EVVET3 PW NEW/Subject Area Contents/Public Website/Report (PDF)/AER.xdo?_xpf=&_xpt=1&_params%2FOracle%20BI%20EE%3A%3ADefaultApp%3A%3AEVVET3%20PR%20NEW%2FAER%3A%3Adimension%2FAER%20Id%3A%3Aattribute%3A%3Anoaggr%3A%3Axsd%3Adouble=363622&_xt=AER&_xf=pdf""> AER </a>",2013-05-23 00:00:00,Other health care professional,United States,FEMALE,Dog,Terrier - Yorkshire,Metacam 1.5 mg/ml - Oral suspension (dogs),Panting,1,1,
US-DEBIAHP-2013US05580,"<a target=""_blank""  href=""/xmlpserver/EVVET3 PW NEW/Subject Area Contents/Public Website/Report (PDF)/AER.xdo?_xpf=&_xpt=1&_params%2FOracle%20BI%20EE%3A%3ADefaultApp%3A%3AEVVET3%20PR%20NEW%2FAER%3A%3Adimension%2FAER%20Id%3A%3Aattribute%3A%3Anoaggr%3A%3Axsd%3Adouble=363534&_xt=AER&_xf=pdf""> AER </a>",2013-05-22 00:00:00,Other health care professional,United States,FEMALE,Dog,Crossbred Canine/dog,Metacam 1.5 mg/ml - Oral suspension (dogs),Lethargy (see also Central nervous system depression in Neurological),1,1,
US-DEBIAHP-2013US05636,"<a target=""_blank""  href=""/xmlpserver/EVVET3 PW NEW/Subject Area Contents/Public Website/Report (PDF)/AER.xdo?_xpf=&_xpt=1&_params%2FOracle%20BI%20EE%3A%3ADefaultApp%3A%3AEVVET3%20PR%20NEW%2FAER%3A%3Adimension%2FAER%20Id%3A%3Aattribute%3A%3Anoaggr%3A%3Axsd%3Adouble=363713&_xt=AER&_xf=pdf""> AER </a>",2013-05-24 00:00:00,Other health care professional,United States,FEMALE,Dog,Poodle - Toy,"Metacam 0.5 mg/ml - Oral suspension (cats, guinea pigs), Metacam 0.5 mg/ml - Oral suspension (dogs)",Reddening of the skin,1,1,
US-DEBIAHP-2013US05679,"<a target=""_blank""  href=""/xmlpserver/EVVET3 PW NEW/Subject Area Contents/Public Website/Report (PDF)/AER.xdo?_xpf=&_xpt=1&_params%2FOracle%20BI%20EE%3A%3ADefaultApp%3A%3AEVVET3%20PR%20NEW%2FAER%3A%3Adimension%2FAER%20Id%3A%3Aattribute%3A%3Anoaggr%3A%3Axsd%3Adouble=363730&_xt=AER&_xf=pdf""> AER </a>",2013-05-24 00:00:00,Other health care professional,United States,MALE,Dog,Shepherd Dog - German,Metacam 1.5 mg/ml - Oral suspension (dogs),Diarrhoea,1,1,
US-DEBIAHP-2013US05692,"<a target=""_blank""  href=""/xmlpserver/EVVET3 PW NEW/Subject Area Contents/Public Website/Report (PDF)/AER.xdo?_xpf=&_xpt=1&_params%2FOracle%20BI%20EE%3A%3ADefaultApp%3A%3AEVVET3%20PR%20NEW%2FAER%3A%3Adimension%2FAER%20Id%3A%3Aattribute%3A%3Anoaggr%3A%3Axsd%3Adouble=363945&_xt=AER&_xf=pdf""> AER </a>",2013-05-28 00:00:00,Veterinarian,United States,FEMALE,Dog,"Cattle Dog - Australian (blue heeler, red heeler, Queensland cattledog)",Metacam 1.5 mg/ml - Oral suspension (dogs),"Blood in vomit, Bloody diarrhoea, Not eating",1,1,
US-DEBIAHP-2013US05809,"<a target=""_blank""  href=""/xmlpserver/EVVET3 PW NEW/Subject Area Contents/Public Website/Report (PDF)/AER.xdo?_xpf=&_xpt=1&_params%2FOracle%20BI%20EE%3A%3ADefaultApp%3A%3AEVVET3%20PR%20NEW%2FAER%3A%3Adimension%2FAER%20Id%3A%3Aattribute%3A%3Anoaggr%3A%3Axsd%3Adouble=363949&_xt=AER&_xf=pdf""> AER </a>",2013-05-28 00:00:00,Animal owner,United States,UNKNOWN,Dog,Dog (other),Metacam 1.5 mg/ml - Oral suspension (dogs),Death,1,1,
US-DEBIAHP-2013US05818,"<a target=""_blank""  href=""/xmlpserver/EVVET3 PW NEW/Subject Area Contents/Public Website/Report (PDF)/AER.xdo?_xpf=&_xpt=1&_params%2FOracle%20BI%20EE%3A%3ADefaultApp%3A%3AEVVET3%20PR%20NEW%2FAER%3A%3Adimension%2FAER%20Id%3A%3Aattribute%3A%3Anoaggr%3A%3Axsd%3Adouble=363947&_xt=AER&_xf=pdf""> AER </a>",2013-05-28 00:00:00,Veterinarian,United States,FEMALE,Dog,Collie - Border,Metacam 1.5 mg/ml - Oral suspension (dogs),Vomiting,1,1,
US-DEBIAHP-2013US05856,"<a target=""_blank""  href=""/xmlpserver/EVVET3 PW NEW/Subject Area Contents/Public Website/Report (PDF)/AER.xdo?_xpf=&_xpt=1&_params%2FOracle%20BI%20EE%3A%3ADefaultApp%3A%3AEVVET3%20PR%20NEW%2FAER%3A%3Adimension%2FAER%20Id%3A%3Aattribute%3A%3Anoaggr%3A%3Axsd%3Adouble=364492&_xt=AER&_xf=pdf""> AER </a>",2013-06-03 00:00:00,Veterinarian,United States,FEMALE,Dog,Rottweiler,Metacam 1.5 mg/ml - Oral suspension (dogs),"Autoimmune disorder NOS, Prolonged bleeding NOS",1,1,
US-DEBIAHP-2013US05894,"<a target=""_blank""  href=""/xmlpserver/EVVET3 PW NEW/Subject Area Contents/Public Website/Report (PDF)/AER.xdo?_xpf=&_xpt=1&_params%2FOracle%20BI%20EE%3A%3ADefaultApp%3A%3AEVVET3%20PR%20NEW%2FAER%3A%3Adimension%2FAER%20Id%3A%3Aattribute%3A%3Anoaggr%3A%3Axsd%3Adouble=364083&_xt=AER&_xf=pdf""> AER </a>",2013-05-30 00:00:00,Veterinarian,United States,FEMALE,Dog,Chihuahua,"Metacam 1.5 mg/ml - Oral suspension (dogs), Metacam 5 mg/ml - Solution for injection (cats, dogs), Metacam 5 mg/ml - Solution for injection (cattle, pigs), Metacam 5 mg/ml - Solution for injection (dogs)","Death, Dyspnoea, Panting, Seizure NOS, Vomiting",1,1,
US-DEBIAHP-2013US05912,"<a target=""_blank""  href=""/xmlpserver/EVVET3 PW NEW/Subject Area Contents/Public Website/Report (PDF)/AER.xdo?_xpf=&_xpt=1&_params%2FOracle%20BI%20EE%3A%3ADefaultApp%3A%3AEVVET3%20PR%20NEW%2FAER%3A%3Adimension%2FAER%20Id%3A%3Aattribute%3A%3Anoaggr%3A%3Axsd%3Adouble=364265&_xt=AER&_xf=pdf""> AER </a>",2013-05-31 00:00:00,Veterinarian,United States,UNKNOWN,Dog,Dog (other),"Metacam 0.5 mg/ml - Oral suspension (cats, guinea pigs), Metacam 0.5 mg/ml - Oral suspension (dogs)",Epistaxis,1,1,
US-DEBIAHP-2013US06037,"<a target=""_blank""  href=""/xmlpserver/EVVET3 PW NEW/Subject Area Contents/Public Website/Report (PDF)/AER.xdo?_xpf=&_xpt=1&_params%2FOracle%20BI%20EE%3A%3ADefaultApp%3A%3AEVVET3%20PR%20NEW%2FAER%3A%3Adimension%2FAER%20Id%3A%3Aattribute%3A%3Anoaggr%3A%3Axsd%3Adouble=364514&_xt=AER&_xf=pdf""> AER </a>",2013-06-03 00:00:00,Veterinarian,United States,MALE,Dog,Crossbred Canine/dog,"Metacam 0.5 mg/ml - Oral suspension (cats, guinea pigs), Metacam 0.5 mg/ml - Oral suspension (dogs)","Anorexia, Diarrhoea, Tarry or black stool (see also haemorrhagic diarrhoea), Vomiting",1,1,
US-DEBIAHP-2013US06046,"<a target=""_blank""  href=""/xmlpserver/EVVET3 PW NEW/Subject Area Contents/Public Website/Report (PDF)/AER.xdo?_xpf=&_xpt=1&_params%2FOracle%20BI%20EE%3A%3ADefaultApp%3A%3AEVVET3%20PR%20NEW%2FAER%3A%3Adimension%2FAER%20Id%3A%3Aattribute%3A%3Anoaggr%3A%3Axsd%3Adouble=364685&_xt=AER&_xf=pdf""> AER </a>",2013-06-04 00:00:00,Veterinarian,United States,FEMALE,Dog,Dog (other),"Metacam 0.5 mg/ml - Oral suspension (cats, guinea pigs), Metacam 0.5 mg/ml - Oral suspension (dogs)","Anaemia NOS, Anorexia, Bruising, Death by euthanasia, Elevated temperature, Leukocytosis NOS, Low platelet count",1,1,1
US-DEBIAHP-2013US06121,"<a target=""_blank""  href=""/xmlpserver/EVVET3 PW NEW/Subject Area Contents/Public Website/Report (PDF)/AER.xdo?_xpf=&_xpt=1&_params%2FOracle%20BI%20EE%3A%3ADefaultApp%3A%3AEVVET3%20PR%20NEW%2FAER%3A%3Adimension%2FAER%20Id%3A%3Aattribute%3A%3Anoaggr%3A%3Axsd%3Adouble=365106&_xt=AER&_xf=pdf""> AER </a>",2013-06-10 00:00:00,Veterinarian,United States,FEMALE,Dog,Saint Bernard Dog,Metacam 1.5 mg/ml - Oral suspension (dogs),"Anorexia, Blood in vomit, Diarrhoea, Dry mucous membrane, Elevated blood urea nitrogen (BUN), Elevated creatinine, Elevated serum alkaline phosphatase (ALP), Lethargy (see also Central nervous system depression in Neurological), Neutropenia, Other abnormal test result NOS, Pyrexia, Weight loss",1,1,
US-DEBIAHP-2013US06190,"<a target=""_blank""  href=""/xmlpserver/EVVET3 PW NEW/Subject Area Contents/Public Website/Report (PDF)/AER.xdo?_xpf=&_xpt=1&_params%2FOracle%20BI%20EE%3A%3ADefaultApp%3A%3AEVVET3%20PR%20NEW%2FAER%3A%3Adimension%2FAER%20Id%3A%3Aattribute%3A%3Anoaggr%3A%3Axsd%3Adouble=365503&_xt=AER&_xf=pdf""> AER </a>",2013-06-14 00:00:00,Veterinarian,United States,FEMALE,Dog,Brittany,Metacam 1.5 mg/ml - Oral suspension (dogs),"Behavioural disorder NOS, Dehydration, Elevated blood urea nitrogen (BUN), Elevated creatinine, Lethargy (see also Central nervous system depression in Neurological), Regenerative anaemia, Weight loss",1,1,
US-DEBIAHP-2013US06195,"<a target=""_blank""  href=""/xmlpserver/EVVET3 PW NEW/Subject Area Contents/Public Website/Report (PDF)/AER.xdo?_xpf=&_xpt=1&_params%2FOracle%20BI%20EE%3A%3ADefaultApp%3A%3AEVVET3%20PR%20NEW%2FAER%3A%3Adimension%2FAER%20Id%3A%3Aattribute%3A%3Anoaggr%3A%3Axsd%3Adouble=364982&_xt=AER&_xf=pdf""> AER </a>",2013-06-07 00:00:00,Veterinarian,United States,FEMALE,Dog,Dog (other),"Metacam 0.5 mg/ml - Oral suspension (cats, guinea pigs), Metacam 0.5 mg/ml - Oral suspension (dogs)","Death, Loss of consciousness",1,1,
US-DEBIAHP-2013US06199,"<a target=""_blank""  href=""/xmlpserver/EVVET3 PW NEW/Subject Area Contents/Public Website/Report (PDF)/AER.xdo?_xpf=&_xpt=1&_params%2FOracle%20BI%20EE%3A%3ADefaultApp%3A%3AEVVET3%20PR%20NEW%2FAER%3A%3Adimension%2FAER%20Id%3A%3Aattribute%3A%3Anoaggr%3A%3Axsd%3Adouble=364919&_xt=AER&_xf=pdf""> AER </a>",2013-06-06 00:00:00,Veterinarian,United States,FEMALE,Dog,Poodle - Toy,"Metacam 0.5 mg/ml - Oral suspension (cats, guinea pigs), Metacam 0.5 mg/ml - Oral suspension (dogs), Vetmedin 1,25 mg Kautabletten für Hunde","Bruising, Nasal bleeding",1,1,
US-DEBIAHP-2013US06201,"<a target=""_blank""  href=""/xmlpserver/EVVET3 PW NEW/Subject Area Contents/Public Website/Report (PDF)/AER.xdo?_xpf=&_xpt=1&_params%2FOracle%20BI%20EE%3A%3ADefaultApp%3A%3AEVVET3%20PR%20NEW%2FAER%3A%3Adimension%2FAER%20Id%3A%3Aattribute%3A%3Anoaggr%3A%3Axsd%3Adouble=365504&_xt=AER&_xf=pdf""> AER </a>",2013-06-14 00:00:00,Veterinarian,United States,MALE,Dog,Terrier - Bull - Staffordshire,Metacam 1.5 mg/ml - Oral suspension (dogs),Blood in urine,1,1,
US-DEBIAHP-2013US06226,"<a target=""_blank""  href=""/xmlpserver/EVVET3 PW NEW/Subject Area Contents/Public Website/Report (PDF)/AER.xdo?_xpf=&_xpt=1&_params%2FOracle%20BI%20EE%3A%3ADefaultApp%3A%3AEVVET3%20PR%20NEW%2FAER%3A%3Adimension%2FAER%20Id%3A%3Aattribute%3A%3Anoaggr%3A%3Axsd%3Adouble=365103&_xt=AER&_xf=pdf""> AER </a>",2013-06-10 00:00:00,Veterinarian,United States,FEMALE,Dog,Dog (other),Metacam 1.5 mg/ml - Oral suspension (dogs),Partial deafness,1,1,
US-DEBIAHP-2013US06260,"<a target=""_blank""  href=""/xmlpserver/EVVET3 PW NEW/Subject Area Contents/Public Website/Report (PDF)/AER.xdo?_xpf=&_xpt=1&_params%2FOracle%20BI%20EE%3A%3ADefaultApp%3A%3AEVVET3%20PR%20NEW%2FAER%3A%3Adimension%2FAER%20Id%3A%3Aattribute%3A%3Anoaggr%3A%3Axsd%3Adouble=365109&_xt=AER&_xf=pdf""> AER </a>",2013-06-10 00:00:00,Animal owner,United States,MALE,Dog,Dog (other),Metacam 1.5 mg/ml - Oral suspension (dogs),Lethargy (see also Central nervous system depression in Neurological),1,1,
US-DEBIAHP-2013US06267,"<a target=""_blank""  href=""/xmlpserver/EVVET3 PW NEW/Subject Area Contents/Public Website/Report (PDF)/AER.xdo?_xpf=&_xpt=1&_params%2FOracle%20BI%20EE%3A%3ADefaultApp%3A%3AEVVET3%20PR%20NEW%2FAER%3A%3Adimension%2FAER%20Id%3A%3Aattribute%3A%3Anoaggr%3A%3Axsd%3Adouble=365210&_xt=AER&_xf=pdf""> AER </a>",2013-06-11 00:00:00,Other health care professional,United States,MALE,Dog,Chihuahua,"Metacam 5 mg/ml - Solution for injection (cats, dogs), Metacam 5 mg/ml - Solution for injection (cattle, pigs), Metacam 5 mg/ml - Solution for injection (dogs)","Injection site hair loss, Injection site panniculitis",1,1,
US-DEBIAHP-2013US06335,"<a target=""_blank""  href=""/xmlpserver/EVVET3 PW NEW/Subject Area Contents/Public Website/Report (PDF)/AER.xdo?_xpf=&_xpt=1&_params%2FOracle%20BI%20EE%3A%3ADefaultApp%3A%3AEVVET3%20PR%20NEW%2FAER%3A%3Adimension%2FAER%20Id%3A%3Aattribute%3A%3Anoaggr%3A%3Axsd%3Adouble=365350&_xt=AER&_xf=pdf""> AER </a>",2013-06-13 00:00:00,Veterinarian,United States,FEMALE,Dog,Dog (other),Metacam 1.5 mg/ml - Oral suspension (dogs),Vomiting,1,1,
US-DEBIAHP-2013US06343,"<a target=""_blank""  href=""/xmlpserver/EVVET3 PW NEW/Subject Area Contents/Public Website/Report (PDF)/AER.xdo?_xpf=&_xpt=1&_params%2FOracle%20BI%20EE%3A%3ADefaultApp%3A%3AEVVET3%20PR%20NEW%2FAER%3A%3Adimension%2FAER%20Id%3A%3Aattribute%3A%3Anoaggr%3A%3Axsd%3Adouble=365942&_xt=AER&_xf=pdf""> AER </a>",2013-06-19 00:00:00,Veterinarian,United States,FEMALE,Dog,Collie - Border,Metacam 1.5 mg/ml - Oral suspension (dogs),"Anaemia NOS, Death, Decreased appetite, Impaired swallowing, Leukopenia NOS, Oral ulceration, Tongue ulceration",1,1,
US-DEBIAHP-2013US06408,"<a target=""_blank""  href=""/xmlpserver/EVVET3 PW NEW/Subject Area Contents/Public Website/Report (PDF)/AER.xdo?_xpf=&_xpt=1&_params%2FOracle%20BI%20EE%3A%3ADefaultApp%3A%3AEVVET3%20PR%20NEW%2FAER%3A%3Adimension%2FAER%20Id%3A%3Aattribute%3A%3Anoaggr%3A%3Axsd%3Adouble=365344&_xt=AER&_xf=pdf""> AER </a>",2013-06-13 00:00:00,Veterinarian,United States,MALE,Dog,Terrier - Yorkshire,"Metacam 0.5 mg/ml - Oral suspension (cats, guinea pigs), Metacam 0.5 mg/ml - Oral suspension (dogs)","Abnormal radiograph finding, Anaemia NOS, Blood in vomit, Elevated blood urea nitrogen (BUN), Gastric ulcer",1,1,
US-DEBIAHP-2013US06433,"<a target=""_blank""  href=""/xmlpserver/EVVET3 PW NEW/Subject Area Contents/Public Website/Report (PDF)/AER.xdo?_xpf=&_xpt=1&_params%2FOracle%20BI%20EE%3A%3ADefaultApp%3A%3AEVVET3%20PR%20NEW%2FAER%3A%3Adimension%2FAER%20Id%3A%3Aattribute%3A%3Anoaggr%3A%3Axsd%3Adouble=365198&_xt=AER&_xf=pdf""> AER </a>",2013-06-11 00:00:00,Animal owner,United States,MALE,Dog,Dachshund - Standard Wire-haired,Metacam 1.5 mg/ml - Oral suspension (dogs),Lack of efficacy - NOS,1,1,
US-DEBIAHP-2013US06466,"<a target=""_blank""  href=""/xmlpserver/EVVET3 PW NEW/Subject Area Contents/Public Website/Report (PDF)/AER.xdo?_xpf=&_xpt=1&_params%2FOracle%20BI%20EE%3A%3ADefaultApp%3A%3AEVVET3%20PR%20NEW%2FAER%3A%3Adimension%2FAER%20Id%3A%3Aattribute%3A%3Anoaggr%3A%3Axsd%3Adouble=365254&_xt=AER&_xf=pdf""> AER </a>",2013-06-12 00:00:00,Veterinarian,United States,UNKNOWN,Dog,Terrier - Yorkshire,"Metacam 0.5 mg/ml - Oral suspension (cats, guinea pigs), Metacam 0.5 mg/ml - Oral suspension (dogs)",Gingival disorder,1,1,
US-DEBIAHP-2013US06514,"<a target=""_blank""  href=""/xmlpserver/EVVET3 PW NEW/Subject Area Contents/Public Website/Report (PDF)/AER.xdo?_xpf=&_xpt=1&_params%2FOracle%20BI%20EE%3A%3ADefaultApp%3A%3AEVVET3%20PR%20NEW%2FAER%3A%3Adimension%2FAER%20Id%3A%3Aattribute%3A%3Anoaggr%3A%3Axsd%3Adouble=365357&_xt=AER&_xf=pdf""> AER </a>",2013-06-13 00:00:00,Animal owner,United States,UNKNOWN,Dog,Dog (other),Metacam 1.5 mg/ml - Oral suspension (dogs),Hind limb paralysis,1,1,
US-DEBIAHP-2013US06575,"<a target=""_blank""  href=""/xmlpserver/EVVET3 PW NEW/Subject Area Contents/Public Website/Report (PDF)/AER.xdo?_xpf=&_xpt=1&_params%2FOracle%20BI%20EE%3A%3ADefaultApp%3A%3AEVVET3%20PR%20NEW%2FAER%3A%3Adimension%2FAER%20Id%3A%3Aattribute%3A%3Anoaggr%3A%3Axsd%3Adouble=365356&_xt=AER&_xf=pdf""> AER </a>",2013-06-13 00:00:00,Other health care professional,United States,MALE,Dog,Retriever - Labrador,Metacam 1.5 mg/ml - Oral suspension (dogs),"Bloody diarrhoea, Decreased appetite, Loose stool",1,1,
US-DEBIAHP-2013US06626,"<a target=""_blank""  href=""/xmlpserver/EVVET3 PW NEW/Subject Area Contents/Public Website/Report (PDF)/AER.xdo?_xpf=&_xpt=1&_params%2FOracle%20BI%20EE%3A%3ADefaultApp%3A%3AEVVET3%20PR%20NEW%2FAER%3A%3Adimension%2FAER%20Id%3A%3Aattribute%3A%3Anoaggr%3A%3Axsd%3Adouble=365721&_xt=AER&_xf=pdf""> AER </a>",2013-06-17 00:00:00,Other health care professional,United States,FEMALE,Dog,Retriever - Labrador,Metacam 1.5 mg/ml - Oral suspension (dogs),Disorientation,1,1,
US-DEBIAHP-2013US06660,"<a target=""_blank""  href=""/xmlpserver/EVVET3 PW NEW/Subject Area Contents/Public Website/Report (PDF)/AER.xdo?_xpf=&_xpt=1&_params%2FOracle%20BI%20EE%3A%3ADefaultApp%3A%3AEVVET3%20PR%20NEW%2FAER%3A%3Adimension%2FAER%20Id%3A%3Aattribute%3A%3Anoaggr%3A%3Axsd%3Adouble=365817&_xt=AER&_xf=pdf""> AER </a>",2013-06-18 00:00:00,Animal owner,United States,FEMALE,Dog,Bichon Frise,Metacam 1.5 mg/ml - Oral suspension (dogs),Lack of efficacy - NOS,1,1,
US-DEBIAHP-2013US06707,"<a target=""_blank""  href=""/xmlpserver/EVVET3 PW NEW/Subject Area Contents/Public Website/Report (PDF)/AER.xdo?_xpf=&_xpt=1&_params%2FOracle%20BI%20EE%3A%3ADefaultApp%3A%3AEVVET3%20PR%20NEW%2FAER%3A%3Adimension%2FAER%20Id%3A%3Aattribute%3A%3Anoaggr%3A%3Axsd%3Adouble=366105&_xt=AER&_xf=pdf""> AER </a>",2013-06-20 00:00:00,Veterinarian,United States,MALE,Dog,Terrier - West Highland White,Metacam 1.5 mg/ml - Oral suspension (dogs),"Anorexia, Behavioural disorder NOS, Blindness, Dilated pupils, Disorientation",1,1,
US-DEBIAHP-2013US06712,"<a target=""_blank""  href=""/xmlpserver/EVVET3 PW NEW/Subject Area Contents/Public Website/Report (PDF)/AER.xdo?_xpf=&_xpt=1&_params%2FOracle%20BI%20EE%3A%3ADefaultApp%3A%3AEVVET3%20PR%20NEW%2FAER%3A%3Adimension%2FAER%20Id%3A%3Aattribute%3A%3Anoaggr%3A%3Axsd%3Adouble=365816&_xt=AER&_xf=pdf""> AER </a>",2013-06-18 00:00:00,Veterinarian,United States,FEMALE,Dog,Dog (other),Metacam 1.5 mg/ml - Oral suspension (dogs),Elevated creatinine,1,1,
US-DEBIAHP-2013US06963,"<a target=""_blank""  href=""/xmlpserver/EVVET3 PW NEW/Subject Area Contents/Public Website/Report (PDF)/AER.xdo?_xpf=&_xpt=1&_params%2FOracle%20BI%20EE%3A%3ADefaultApp%3A%3AEVVET3%20PR%20NEW%2FAER%3A%3Adimension%2FAER%20Id%3A%3Aattribute%3A%3Anoaggr%3A%3Axsd%3Adouble=366487&_xt=AER&_xf=pdf""> AER </a>",2013-06-26 00:00:00,Animal owner,United States,MALE,Dog,Retriever - Labrador,Metacam 1.5 mg/ml - Oral suspension (dogs),Diarrhoea,1,1,
US-DEBIAHP-2013US06968,"<a target=""_blank""  href=""/xmlpserver/EVVET3 PW NEW/Subject Area Contents/Public Website/Report (PDF)/AER.xdo?_xpf=&_xpt=1&_params%2FOracle%20BI%20EE%3A%3ADefaultApp%3A%3AEVVET3%20PR%20NEW%2FAER%3A%3Adimension%2FAER%20Id%3A%3Aattribute%3A%3Anoaggr%3A%3Axsd%3Adouble=367579&_xt=AER&_xf=pdf""> AER </a>",2013-07-10 00:00:00,Other health care professional,United States,MALE,Dog,Hound - Basset,Metacam 1.5 mg/ml - Oral suspension (dogs),"Abnormal breathing, Death by euthanasia, Diarrhoea, Lethargy (see also Central nervous system depression in Neurological), Melaena, Nasal bleeding, Non-regenerative anaemia, Other abnormal test result NOS, Skin petechiae, Thrombocytopenia, Vomiting",1,1,1
US-DEBIAHP-2013US07006,"<a target=""_blank""  href=""/xmlpserver/EVVET3 PW NEW/Subject Area Contents/Public Website/Report (PDF)/AER.xdo?_xpf=&_xpt=1&_params%2FOracle%20BI%20EE%3A%3ADefaultApp%3A%3AEVVET3%20PR%20NEW%2FAER%3A%3Adimension%2FAER%20Id%3A%3Aattribute%3A%3Anoaggr%3A%3Axsd%3Adouble=369333&_xt=AER&_xf=pdf""> AER </a>",2013-07-31 00:00:00,Animal owner,United States,FEMALE,Dog,Collie - Border,Metacam 1.5 mg/ml - Oral suspension (dogs),"Decreased appetite, Polydipsia, Vomiting",1,1,
US-DEBIAHP-2013US07094,"<a target=""_blank""  href=""/xmlpserver/EVVET3 PW NEW/Subject Area Contents/Public Website/Report (PDF)/AER.xdo?_xpf=&_xpt=1&_params%2FOracle%20BI%20EE%3A%3ADefaultApp%3A%3AEVVET3%20PR%20NEW%2FAER%3A%3Adimension%2FAER%20Id%3A%3Aattribute%3A%3Anoaggr%3A%3Axsd%3Adouble=366919&_xt=AER&_xf=pdf""> AER </a>",2013-07-02 00:00:00,Veterinarian,United States,MALE,Dog,Pointing Dog - German Short-haired,Metacam 1.5 mg/ml - Oral suspension (dogs),"Decreased appetite, Diarrhoea, Lethargy (see also Central nervous system depression in Neurological), Vomiting",1,1,
US-DEBIAHP-2013US07186,"<a target=""_blank""  href=""/xmlpserver/EVVET3 PW NEW/Subject Area Contents/Public Website/Report (PDF)/AER.xdo?_xpf=&_xpt=1&_params%2FOracle%20BI%20EE%3A%3ADefaultApp%3A%3AEVVET3%20PR%20NEW%2FAER%3A%3Adimension%2FAER%20Id%3A%3Aattribute%3A%3Anoaggr%3A%3Axsd%3Adouble=366867&_xt=AER&_xf=pdf""> AER </a>",2013-07-01 00:00:00,Veterinarian,United States,MALE,Dog,Retriever - Golden,Metacam 1.5 mg/ml - Oral suspension (dogs),"Elevated alanine aminotransferase (ALT), Elevated serum alkaline phosphatase (ALP)",1,1,
US-DEBIAHP-2013US07210,"<a target=""_blank""  href=""/xmlpserver/EVVET3 PW NEW/Subject Area Contents/Public Website/Report (PDF)/AER.xdo?_xpf=&_xpt=1&_params%2FOracle%20BI%20EE%3A%3ADefaultApp%3A%3AEVVET3%20PR%20NEW%2FAER%3A%3Adimension%2FAER%20Id%3A%3Aattribute%3A%3Anoaggr%3A%3Axsd%3Adouble=367584&_xt=AER&_xf=pdf""> AER </a>",2013-07-11 00:00:00,Other health care professional,United States,MALE,Dog,Bichon Frise,Metacam 1.5 mg/ml - Oral suspension (dogs),"Abnormal radiograph finding, Anorexia, Impaired swallowing, Vomiting",1,1,
US-DEBIAHP-2013US07233,"<a target=""_blank""  href=""/xmlpserver/EVVET3 PW NEW/Subject Area Contents/Public Website/Report (PDF)/AER.xdo?_xpf=&_xpt=1&_params%2FOracle%20BI%20EE%3A%3ADefaultApp%3A%3AEVVET3%20PR%20NEW%2FAER%3A%3Adimension%2FAER%20Id%3A%3Aattribute%3A%3Anoaggr%3A%3Axsd%3Adouble=366921&_xt=AER&_xf=pdf""> AER </a>",2013-07-02 00:00:00,Animal owner,United States,FEMALE,Dog,Terrier - Yorkshire,"Metacam 0.5 mg/ml - Oral suspension (cats, guinea pigs), Metacam 0.5 mg/ml - Oral suspension (dogs)",Lethargy (see also Central nervous system depression in Neurological),1,1,
US-DEBIAHP-2013US07248,"<a target=""_blank""  href=""/xmlpserver/EVVET3 PW NEW/Subject Area Contents/Public Website/Report (PDF)/AER.xdo?_xpf=&_xpt=1&_params%2FOracle%20BI%20EE%3A%3ADefaultApp%3A%3AEVVET3%20PR%20NEW%2FAER%3A%3Adimension%2FAER%20Id%3A%3Aattribute%3A%3Anoaggr%3A%3Axsd%3Adouble=366883&_xt=AER&_xf=pdf""> AER </a>",2013-07-01 00:00:00,Veterinarian,United States,FEMALE,Dog,Retriever - Labrador,Metacam 1.5 mg/ml - Oral suspension (dogs),"Diarrhoea, Not drinking, Not eating, Vomiting",1,1,
US-DEBIAHP-2013US07327,"<a target=""_blank""  href=""/xmlpserver/EVVET3 PW NEW/Subject Area Contents/Public Website/Report (PDF)/AER.xdo?_xpf=&_xpt=1&_params%2FOracle%20BI%20EE%3A%3ADefaultApp%3A%3AEVVET3%20PR%20NEW%2FAER%3A%3Adimension%2FAER%20Id%3A%3Aattribute%3A%3Anoaggr%3A%3Axsd%3Adouble=370267&_xt=AER&_xf=pdf""> AER </a>",2013-08-12 00:00:00,Veterinarian,United States,FEMALE,Dog,Terrier - Yorkshire,"Metacam 0.5 mg/ml - Oral suspension (cats, guinea pigs), Metacam 0.5 mg/ml - Oral suspension (dogs)","Anaemia NOS, Anorexia, Blood in vomit, Hypoglycaemia, Lethargy (see also Central nervous system depression in Neurological), Leukocytosis NOS, Melaena, Other abnormal test result NOS, Pale mucous membrane, Pyrexia",1,1,
US-DEBIAHP-2013US07338,"<a target=""_blank""  href=""/xmlpserver/EVVET3 PW NEW/Subject Area Contents/Public Website/Report (PDF)/AER.xdo?_xpf=&_xpt=1&_params%2FOracle%20BI%20EE%3A%3ADefaultApp%3A%3AEVVET3%20PR%20NEW%2FAER%3A%3Adimension%2FAER%20Id%3A%3Aattribute%3A%3Anoaggr%3A%3Axsd%3Adouble=367035&_xt=AER&_xf=pdf""> AER </a>",2013-07-03 00:00:00,Other health care professional,United States,MALE,Dog,Retriever - Labrador,Metacam 1.5 mg/ml - Oral suspension (dogs),"Diarrhoea, Vomiting",1,1,
US-DEBIAHP-2013US07371,"<a target=""_blank""  href=""/xmlpserver/EVVET3 PW NEW/Subject Area Contents/Public Website/Report (PDF)/AER.xdo?_xpf=&_xpt=1&_params%2FOracle%20BI%20EE%3A%3ADefaultApp%3A%3AEVVET3%20PR%20NEW%2FAER%3A%3Adimension%2FAER%20Id%3A%3Aattribute%3A%3Anoaggr%3A%3Axsd%3Adouble=366925&_xt=AER&_xf=pdf""> AER </a>",2013-07-02 00:00:00,Veterinarian,United States,MALE,Dog,Collie - Border,"Convenia 80 mg/ml  - Powder and solvent for solution for injection, Metacam 1.5 mg/ml - Oral suspension (dogs)","Abnormal radiograph finding, Dehydration, Diarrhoea, Other abnormal test result NOS, Vomiting",1,1,
US-DEBIAHP-2013US07394,"<a target=""_blank""  href=""/xmlpserver/EVVET3 PW NEW/Subject Area Contents/Public Website/Report (PDF)/AER.xdo?_xpf=&_xpt=1&_params%2FOracle%20BI%20EE%3A%3ADefaultApp%3A%3AEVVET3%20PR%20NEW%2FAER%3A%3Adimension%2FAER%20Id%3A%3Aattribute%3A%3Anoaggr%3A%3Axsd%3Adouble=367368&_xt=AER&_xf=pdf""> AER </a>",2013-07-08 00:00:00,Animal owner,United States,FEMALE,Dog,Chihuahua,"Metacam 0.5 mg/ml - Oral suspension (cats, guinea pigs), Metacam 0.5 mg/ml - Oral suspension (dogs)","Anorexia, Blood in vomit, Bloody diarrhoea, Dehydration, Other abnormal test result NOS, Vomiting",1,1,
US-DEBIAHP-2013US07400,"<a target=""_blank""  href=""/xmlpserver/EVVET3 PW NEW/Subject Area Contents/Public Website/Report (PDF)/AER.xdo?_xpf=&_xpt=1&_params%2FOracle%20BI%20EE%3A%3ADefaultApp%3A%3AEVVET3%20PR%20NEW%2FAER%3A%3Adimension%2FAER%20Id%3A%3Aattribute%3A%3Anoaggr%3A%3Axsd%3Adouble=367360&_xt=AER&_xf=pdf""> AER </a>",2013-07-08 00:00:00,Animal owner,United States,MALE,Dog,Retriever - Labrador,Metacam 1.5 mg/ml - Oral suspension (dogs),"Death by euthanasia, Elevated blood urea nitrogen (BUN), Elevated creatinine, Leukocytosis NOS, Renal failure, Vomiting",1,1,1
US-DEBIAHP-2013US07448,"<a target=""_blank""  href=""/xmlpserver/EVVET3 PW NEW/Subject Area Contents/Public Website/Report (PDF)/AER.xdo?_xpf=&_xpt=1&_params%2FOracle%20BI%20EE%3A%3ADefaultApp%3A%3AEVVET3%20PR%20NEW%2FAER%3A%3Adimension%2FAER%20Id%3A%3Aattribute%3A%3Anoaggr%3A%3Axsd%3Adouble=367365&_xt=AER&_xf=pdf""> AER </a>",2013-07-08 00:00:00,Veterinarian,United States,FEMALE,Dog,Retriever - Golden,Metacam 1.5 mg/ml - Oral suspension (dogs),"Diarrhoea, Vomiting",1,1,
US-DEBIAHP-2013US07667,"<a target=""_blank""  href=""/xmlpserver/EVVET3 PW NEW/Subject Area Contents/Public Website/Report (PDF)/AER.xdo?_xpf=&_xpt=1&_params%2FOracle%20BI%20EE%3A%3ADefaultApp%3A%3AEVVET3%20PR%20NEW%2FAER%3A%3Adimension%2FAER%20Id%3A%3Aattribute%3A%3Anoaggr%3A%3Axsd%3Adouble=367582&_xt=AER&_xf=pdf""> AER </a>",2013-07-10 00:00:00,Animal owner,United States,UNKNOWN,Dog,Siberian Husky,Metacam 1.5 mg/ml - Oral suspension (dogs),Hot spot (pyotraumatic dermatitis),1,2,
US-DEBIAHP-2013US07761,"<a target=""_blank""  href=""/xmlpserver/EVVET3 PW NEW/Subject Area Contents/Public Website/Report (PDF)/AER.xdo?_xpf=&_xpt=1&_params%2FOracle%20BI%20EE%3A%3ADefaultApp%3A%3AEVVET3%20PR%20NEW%2FAER%3A%3Adimension%2FAER%20Id%3A%3Aattribute%3A%3Anoaggr%3A%3Axsd%3Adouble=368098&_xt=AER&_xf=pdf""> AER </a>",2013-07-16 00:00:00,Other health care professional,United States,MALE,Dog,Chihuahua,Metacam 1.5 mg/ml - Oral suspension (dogs),"Anorexia, Vomiting",1,1,
US-DEBIAHP-2013US07878,"<a target=""_blank""  href=""/xmlpserver/EVVET3 PW NEW/Subject Area Contents/Public Website/Report (PDF)/AER.xdo?_xpf=&_xpt=1&_params%2FOracle%20BI%20EE%3A%3ADefaultApp%3A%3AEVVET3%20PR%20NEW%2FAER%3A%3Adimension%2FAER%20Id%3A%3Aattribute%3A%3Anoaggr%3A%3Axsd%3Adouble=368284&_xt=AER&_xf=pdf""> AER </a>",2013-07-18 00:00:00,Veterinarian,United States,FEMALE,Dog,Retriever - Labrador,Metacam 1.5 mg/ml - Oral suspension (dogs),Vomiting,1,1,
US-DEBIAHP-2013US07920,"<a target=""_blank""  href=""/xmlpserver/EVVET3 PW NEW/Subject Area Contents/Public Website/Report (PDF)/AER.xdo?_xpf=&_xpt=1&_params%2FOracle%20BI%20EE%3A%3ADefaultApp%3A%3AEVVET3%20PR%20NEW%2FAER%3A%3Adimension%2FAER%20Id%3A%3Aattribute%3A%3Anoaggr%3A%3Axsd%3Adouble=368179&_xt=AER&_xf=pdf""> AER </a>",2013-07-17 00:00:00,Veterinarian,United States,MALE,Dog,Bichon Frise,Metacam 1.5 mg/ml - Oral suspension (dogs),Elevated blood urea nitrogen (BUN),1,1,
US-DEBIAHP-2013US07951,"<a target=""_blank""  href=""/xmlpserver/EVVET3 PW NEW/Subject Area Contents/Public Website/Report (PDF)/AER.xdo?_xpf=&_xpt=1&_params%2FOracle%20BI%20EE%3A%3ADefaultApp%3A%3AEVVET3%20PR%20NEW%2FAER%3A%3Adimension%2FAER%20Id%3A%3Aattribute%3A%3Anoaggr%3A%3Axsd%3Adouble=368580&_xt=AER&_xf=pdf""> AER </a>",2013-07-22 00:00:00,Animal owner,United States,MALE,Dog,Siberian Husky,Metacam 1.5 mg/ml - Oral suspension (dogs),"Facial swelling (see also Skin), Lethargy (see also Central nervous system depression in Neurological)",1,1,
US-DEBIAHP-2013US08026,"<a target=""_blank""  href=""/xmlpserver/EVVET3 PW NEW/Subject Area Contents/Public Website/Report (PDF)/AER.xdo?_xpf=&_xpt=1&_params%2FOracle%20BI%20EE%3A%3ADefaultApp%3A%3AEVVET3%20PR%20NEW%2FAER%3A%3Adimension%2FAER%20Id%3A%3Aattribute%3A%3Anoaggr%3A%3Axsd%3Adouble=371181&_xt=AER&_xf=pdf""> AER </a>",2013-08-21 00:00:00,Veterinarian,United States,FEMALE,Dog,Shih Tzu,Metacam 1.5 mg/ml - Oral suspension (dogs),"Crust, Injection site alopecia",1,1,
US-DEBIAHP-2013US08067,"<a target=""_blank""  href=""/xmlpserver/EVVET3 PW NEW/Subject Area Contents/Public Website/Report (PDF)/AER.xdo?_xpf=&_xpt=1&_params%2FOracle%20BI%20EE%3A%3ADefaultApp%3A%3AEVVET3%20PR%20NEW%2FAER%3A%3Adimension%2FAER%20Id%3A%3Aattribute%3A%3Anoaggr%3A%3Axsd%3Adouble=369008&_xt=AER&_xf=pdf""> AER </a>",2013-07-26 00:00:00,Veterinarian,United States,MALE,Dog,"Deutsche Dogge, Great Dane",Metacam 1.5 mg/ml - Oral suspension (dogs),"Abnormal radiograph finding, Abnormal ultrasound finding, Acid-base disorder, Anorexia, Blood in urine, Cyanosis, Death by euthanasia, Dehydration, Depression, Diarrhoea, Discoloured urine, Dyspnoea, Elevated aspartate aminotransferase (AST), Elevated blood urea nitrogen (BUN), Elevated serum alkaline phosphatase (ALP), Elevated total bilirubin, Febrile, Haematochezia, Hyperglycaemia, Hyperphosphataemia, Hypersalivation, Hypoglycaemia, Hypotension, Hypothyroidism, Icterus, Laboured breathing, Lack of efficacy - NOS, Leukocytosis NOS, Nasal discharge, Other abnormal test result NOS, Pale mucous membrane, Pulmonary disorder NOS, Pulmonary thromboembolism, Tachypnoea, Thrombocytopenia, Urine abnormalities NOS, Vomiting, Weight loss",1,1,1
US-DEBIAHP-2013US08076,"<a target=""_blank""  href=""/xmlpserver/EVVET3 PW NEW/Subject Area Contents/Public Website/Report (PDF)/AER.xdo?_xpf=&_xpt=1&_params%2FOracle%20BI%20EE%3A%3ADefaultApp%3A%3AEVVET3%20PR%20NEW%2FAER%3A%3Adimension%2FAER%20Id%3A%3Aattribute%3A%3Anoaggr%3A%3Axsd%3Adouble=368592&_xt=AER&_xf=pdf""> AER </a>",2013-07-22 00:00:00,Animal owner,United States,MALE,Dog,Retriever - Golden,Metacam 1.5 mg/ml - Oral suspension (dogs),Vomiting,1,1,
US-DEBIAHP-2013US08149,"<a target=""_blank""  href=""/xmlpserver/EVVET3 PW NEW/Subject Area Contents/Public Website/Report (PDF)/AER.xdo?_xpf=&_xpt=1&_params%2FOracle%20BI%20EE%3A%3ADefaultApp%3A%3AEVVET3%20PR%20NEW%2FAER%3A%3Adimension%2FAER%20Id%3A%3Aattribute%3A%3Anoaggr%3A%3Axsd%3Adouble=368374&_xt=AER&_xf=pdf""> AER </a>",2013-07-19 00:00:00,Veterinarian,United States,MALE,Dog,Retriever - Labrador,Metacam 1.5 mg/ml - Oral suspension (dogs),Facial swelling (see also Skin),1,1,
US-DEBIAHP-2013US08150,"<a target=""_blank""  href=""/xmlpserver/EVVET3 PW NEW/Subject Area Contents/Public Website/Report (PDF)/AER.xdo?_xpf=&_xpt=1&_params%2FOracle%20BI%20EE%3A%3ADefaultApp%3A%3AEVVET3%20PR%20NEW%2FAER%3A%3Adimension%2FAER%20Id%3A%3Aattribute%3A%3Anoaggr%3A%3Axsd%3Adouble=368664&_xt=AER&_xf=pdf""> AER </a>",2013-07-23 00:00:00,Veterinarian,United States,FEMALE,Dog,Retriever - Labrador,Metacam 1.5 mg/ml - Oral suspension (dogs),Facial swelling (see also Skin),1,1,
US-DEBIAHP-2013US08222,"<a target=""_blank""  href=""/xmlpserver/EVVET3 PW NEW/Subject Area Contents/Public Website/Report (PDF)/AER.xdo?_xpf=&_xpt=1&_params%2FOracle%20BI%20EE%3A%3ADefaultApp%3A%3AEVVET3%20PR%20NEW%2FAER%3A%3Adimension%2FAER%20Id%3A%3Aattribute%3A%3Anoaggr%3A%3Axsd%3Adouble=368665&_xt=AER&_xf=pdf""> AER </a>",2013-07-23 00:00:00,Veterinarian,United States,FEMALE,Dog,Shepherd Dog - German,Metacam 1.5 mg/ml - Oral suspension (dogs),Hearing affected,1,1,
US-DEBIAHP-2013US08231,"<a target=""_blank""  href=""/xmlpserver/EVVET3 PW NEW/Subject Area Contents/Public Website/Report (PDF)/AER.xdo?_xpf=&_xpt=1&_params%2FOracle%20BI%20EE%3A%3ADefaultApp%3A%3AEVVET3%20PR%20NEW%2FAER%3A%3Adimension%2FAER%20Id%3A%3Aattribute%3A%3Anoaggr%3A%3Axsd%3Adouble=370878&_xt=AER&_xf=pdf""> AER </a>",2013-08-19 00:00:00,Veterinarian,United States,FEMALE,Dog,Shih Tzu,Metacam 1.5 mg/ml - Oral suspension (dogs),"Anorexia, Death by euthanasia, Diarrhoea, Elevated blood urea nitrogen (BUN), Elevated creatinine, Hyperkalaemia, Hyperphosphataemia, Vomiting",1,1,1
US-DEBIAHP-2013US08319,"<a target=""_blank""  href=""/xmlpserver/EVVET3 PW NEW/Subject Area Contents/Public Website/Report (PDF)/AER.xdo?_xpf=&_xpt=1&_params%2FOracle%20BI%20EE%3A%3ADefaultApp%3A%3AEVVET3%20PR%20NEW%2FAER%3A%3Adimension%2FAER%20Id%3A%3Aattribute%3A%3Anoaggr%3A%3Axsd%3Adouble=368915&_xt=AER&_xf=pdf""> AER </a>",2013-07-25 00:00:00,Veterinarian,United States,FEMALE,Dog,Spitz - German Pomeranian,Metacam 1.5 mg/ml - Oral suspension (dogs),"Blood clot, Immune mediated thrombocytopenia, Other abnormal test result NOS",1,1,
US-DEBIAHP-2013US08337,"<a target=""_blank""  href=""/xmlpserver/EVVET3 PW NEW/Subject Area Contents/Public Website/Report (PDF)/AER.xdo?_xpf=&_xpt=1&_params%2FOracle%20BI%20EE%3A%3ADefaultApp%3A%3AEVVET3%20PR%20NEW%2FAER%3A%3Adimension%2FAER%20Id%3A%3Aattribute%3A%3Anoaggr%3A%3Axsd%3Adouble=369146&_xt=AER&_xf=pdf""> AER </a>",2013-07-29 00:00:00,Animal owner,United States,FEMALE,Dog,Rottweiler,"Metacam 1.5 mg/ml - Oral suspension (dogs), RIMADYL 100 mg COMPRIMIDOS MASTICABLES PARA PERROS, RIMADYL 100 mg comprimate pentru câini, RIMADYL 100 mg, kramtomosios tabletės šunims, RIMADYL 100MG/TAB ΜΑΣΩΜΕΝΟ ΔΙΣΚΙΟ, RIMADYL 20 mg COMPRIMIDOS MASTICABLES PARA PERROS, RIMADYL 20 mg, kramtomosios tabletės šunims, RIMADYL 20MG/TAB ΜΑΣΩΜΕΝΟ ΔΙΣΚΙΟ, RIMADYL 50 mg COMPRIMIDOS MASTICABLES PARA PERROS, RIMADYL 50 mg comprimate pentru câini, RIMADYL 50 mg, kramtomosios tabletės šunims, RIMADYL 50MG/TAB ΜΑΣΩΜΕΝΟ ΔΙΣΚΙΟ, RIMADYL 50mg/ml ενέσιμο διάλυμα για σκύλους και γάτες, RIMADYL CATTLE 50 mg/ml, injekcinis tirpalas galvijams, RIMADYL Cattle 50 mg/ml Solution for Injection, RIMADYL INJECTABLE SOLUTION INJECTABLE POUR CHATS ET CHIENS, RIMADYL Injection 50mg/ml Διαυγές αποστειρωμένο ενέσιμο διάλυμα για σκύλους και γάτες, RIMADYL SMAKELIJKE TABLETTEN 100 mg voor honden, RIMADYL SMAKELIJKE TABLETTEN 50 mg voor honden, RIMADYL VET 50 mg/ml injektioneste, liuos, RIMADYL vet 100 mg purutabletti, RIMADYL vet 20 mg purutabletti, RIMADYL vet 50 mg purutabletti, Rimadyl 100 mg - Kautabletten für Hunde, Rimadyl 100 mg Comprimés Appétents 100 mg Tablet, Rimadyl 100 mg Kautablette für Hunde, Rimadyl 100 mg comprimidos mastigáveis para cães, Rimadyl 100 mg comprimés appétents, 100 mg, comprimés pour chiens, Rimadyl 100 mg okusne, žvečljive tablete za pse, Rimadyl 100 mg tabletes suņiem, Rimadyl 100 mg ízesített tabletta A.U.V., Rimadyl 20 mg - Kautabletten für Hunde, Rimadyl 20 mg Comprimés Appétents 20 mg Comprimé, Rimadyl 20 mg Comprimés Appétents 20 mg Tablet, Rimadyl 20 mg Kautablette für Hunde, Rimadyl 20 mg okusne, žvečljive tablete za pse, Rimadyl 20 mg ízesített tabletta A.U.V., Rimadyl 20 mg таблетки за кучета/Rimadyl 50 mg таблетки за кучета/Rimadyl 100 mg таблетки за кучета, Rimadyl 50 mg - Kautabletten für Hunde, Rimadyl 50 mg Comprimés Appétents 50 mg Tablet, Rimadyl 50 mg Kautablette für Hunde, Rimadyl 50 mg comprimidos mastigáveis para cães, Rimadyl 50 mg comprimés appétents, 50 mg, comprimés pour chiens, Rimadyl 50 mg košļājamās tabletes suņiem, Rimadyl 50 mg okusne, žvečljive tablete za pse, Rimadyl 50 mg ízesített tabletta A.U.V., Rimadyl 50 mg/ml - Injektionslösung für Hunde und Katzen, Rimadyl 50 mg/ml injekčný roztok, Rimadyl 50mg/ml Injektionslösung für Hunde und Katzen, Rimadyl Cattle, 50 mg/mL, otopina za injekciju, za goveda, Rimadyl Iniettabile 50 mg/ml, soluzione iniettabile per cane e gatto., Rimadyl Palatable 100 mg tablety pre psy, Rimadyl Palatable 20 mg tablety pre psy, Rimadyl Palatable 50 mg tablety pre psy, Rimadyl Palatable Tablets 100, Rimadyl Palatable Tablets 100 mg, Rimadyl Palatable Tablets 100 mg tabletes suņiem, Rimadyl Palatable Tablets 20 mg, Rimadyl Palatable Tablets 20 mg tabletes suņiem, Rimadyl Palatable Tablets 50, Rimadyl Palatable Tablets 50 mg, Rimadyl Palatable Tablets 50 mg tabletes suņiem, Rimadyl Palatable Tablets da 100 mg per cani, Rimadyl Palatable Tablets da 20 mg per cani, Rimadyl Palatable Tablets da 50 mg per cani, Rimadyl Palatable, 100mg, Žvýkací tableta, Rimadyl Palatable, 20mg, Žvýkací tableta, Rimadyl Palatable, 50mg, Žvýkací tableta, Rimadyl Solution for Injection for dogs and cats 50 mg/ml, Rimadyl Vet. 100 mg tyggetabletter, Rimadyl Vet. 20 mg tyggetabletter, Rimadyl Vet. 50 mg tyggetabletter, Rimadyl cattle 50 mg/ml oplossing voor injectie, Rimadyl injectievloeistof, 50 mg/ml voor honden en katten, Rimadyl smakelijke tabletten 100 mg voor honden, Rimadyl smakelijke tabletten 20 mg voor honden, Rimadyl smakelijke tabletten 50 mg voor honden, Rimadyl vet. 100 mg Tuggtablett, Rimadyl vet. 100 mg tyggetabletter, Rimadyl vet. 20 mg Tuggtablett, Rimadyl vet. 20 mg tyggetabletter, Rimadyl vet. 50 mg Tuggtablett, Rimadyl vet. 50 mg tyggetabletter, Rimadyl vet., 100 mg, Tuggtablett, Rimadyl Μασώμενο Δισκίο 100mg για σκύλους, Rimadyl Μασώμενο Δισκίο 20mg για σκύλους, Rimadyl Μασώμενο Δισκίο 50mg για σκύλους, Rimadyl, 100 mg närimistablett koertele, Rimadyl, 20 mg närimistablett koertele,","Disorientation, Unexplained death",1,1,
US-DEBIAHP-2013US08448,"<a target=""_blank""  href=""/xmlpserver/EVVET3 PW NEW/Subject Area Contents/Public Website/Report (PDF)/AER.xdo?_xpf=&_xpt=1&_params%2FOracle%20BI%20EE%3A%3ADefaultApp%3A%3AEVVET3%20PR%20NEW%2FAER%3A%3Adimension%2FAER%20Id%3A%3Aattribute%3A%3Anoaggr%3A%3Axsd%3Adouble=372372&_xt=AER&_xf=pdf""> AER </a>",2013-09-03 00:00:00,Veterinarian,United States,FEMALE,Dog,Hound - Basset,Metacam 1.5 mg/ml - Oral suspension (dogs),"Pruritus, Regurgitation",1,1,
US-DEBIAHP-2013US08466,"<a target=""_blank""  href=""/xmlpserver/EVVET3 PW NEW/Subject Area Contents/Public Website/Report (PDF)/AER.xdo?_xpf=&_xpt=1&_params%2FOracle%20BI%20EE%3A%3ADefaultApp%3A%3AEVVET3%20PR%20NEW%2FAER%3A%3Adimension%2FAER%20Id%3A%3Aattribute%3A%3Anoaggr%3A%3Axsd%3Adouble=369150&_xt=AER&_xf=pdf""> AER </a>",2013-07-29 00:00:00,Other health care professional,United States,MALE,Dog,Chihuahua,"Metacam 0.5 mg/ml - Oral suspension (cats, guinea pigs), Metacam 0.5 mg/ml - Oral suspension (dogs)","Anorexia, Death by euthanasia, Elevated blood urea nitrogen (BUN), Elevated creatinine, Hyperphosphataemia, Lethargy (see also Central nervous system depression in Neurological), Leukopenia NOS",1,1,1
US-DEBIAHP-2013US08648,"<a target=""_blank""  href=""/xmlpserver/EVVET3 PW NEW/Subject Area Contents/Public Website/Report (PDF)/AER.xdo?_xpf=&_xpt=1&_params%2FOracle%20BI%20EE%3A%3ADefaultApp%3A%3AEVVET3%20PR%20NEW%2FAER%3A%3Adimension%2FAER%20Id%3A%3Aattribute%3A%3Anoaggr%3A%3Axsd%3Adouble=371104&_xt=AER&_xf=pdf""> AER </a>",2013-08-20 00:00:00,Veterinarian,United States,FEMALE,Dog,Retriever - Labrador,Metacam 1.5 mg/ml - Oral suspension (dogs),"Adrenal gland disorder NOS, Anorexia, Diarrhoea, Elevated serum alkaline phosphatase (ALP), Eye redness, Fever, Leukocytosis NOS, Listless, Ocular discharge, Prolonged capillary refill time, Septicaemia, Tachycardia, Tachypnoea, Vomiting",1,1,
US-DEBIAHP-2013US08885,"<a target=""_blank""  href=""/xmlpserver/EVVET3 PW NEW/Subject Area Contents/Public Website/Report (PDF)/AER.xdo?_xpf=&_xpt=1&_params%2FOracle%20BI%20EE%3A%3ADefaultApp%3A%3AEVVET3%20PR%20NEW%2FAER%3A%3Adimension%2FAER%20Id%3A%3Aattribute%3A%3Anoaggr%3A%3Axsd%3Adouble=370397&_xt=AER&_xf=pdf""> AER </a>",2013-08-13 00:00:00,Veterinarian,United States,MALE,Dog,Retriever - Labrador,Metacam 1.5 mg/ml - Oral suspension (dogs),"Anaemia NOS, Anorexia, Lethargy (see also Central nervous system depression in Neurological), Pale mucous membrane, Pyrexia",1,1,
US-DEBIAHP-2013US08949,"<a target=""_blank""  href=""/xmlpserver/EVVET3 PW NEW/Subject Area Contents/Public Website/Report (PDF)/AER.xdo?_xpf=&_xpt=1&_params%2FOracle%20BI%20EE%3A%3ADefaultApp%3A%3AEVVET3%20PR%20NEW%2FAER%3A%3Adimension%2FAER%20Id%3A%3Aattribute%3A%3Anoaggr%3A%3Axsd%3Adouble=370536&_xt=AER&_xf=pdf""> AER </a>",2013-08-14 00:00:00,Veterinarian,United States,MALE,Dog,Shepherd Dog - Australian,Metacam 1.5 mg/ml - Oral suspension (dogs),Partial lack of efficacy,1,1,
US-DEBIAHP-2013US08962,"<a target=""_blank""  href=""/xmlpserver/EVVET3 PW NEW/Subject Area Contents/Public Website/Report (PDF)/AER.xdo?_xpf=&_xpt=1&_params%2FOracle%20BI%20EE%3A%3ADefaultApp%3A%3AEVVET3%20PR%20NEW%2FAER%3A%3Adimension%2FAER%20Id%3A%3Aattribute%3A%3Anoaggr%3A%3Axsd%3Adouble=370545&_xt=AER&_xf=pdf""> AER </a>",2013-08-14 00:00:00,Veterinarian,United States,FEMALE,Dog,Shih Tzu,"Cerenia 10 mg/ml  - Solution for injection, Cerenia 16 mg  - Tablet, Cerenia 160 mg  - Tablet, Cerenia 24 mg  - Tablet, Cerenia 60 mg - Tablet, Convenia 80 mg/ml  - Powder and solvent for solution for injection, Metacam 0.5 mg/ml - Oral suspension (cats, guinea pigs), Metacam 0.5 mg/ml - Oral suspension (dogs), Tramadog 50 mg tablet for dogs",Lethargy (see also Central nervous system depression in Neurological),1,1,
US-DEBIAHP-2013US09048,"<a target=""_blank""  href=""/xmlpserver/EVVET3 PW NEW/Subject Area Contents/Public Website/Report (PDF)/AER.xdo?_xpf=&_xpt=1&_params%2FOracle%20BI%20EE%3A%3ADefaultApp%3A%3AEVVET3%20PR%20NEW%2FAER%3A%3Adimension%2FAER%20Id%3A%3Aattribute%3A%3Anoaggr%3A%3Axsd%3Adouble=370612&_xt=AER&_xf=pdf""> AER </a>",2013-08-15 00:00:00,Veterinarian,United States,MALE,Dog,Terrier - Scottish,"Metacam 0.5 mg/ml - Oral suspension (cats, guinea pigs), Metacam 0.5 mg/ml - Oral suspension (dogs)","Appetite loss, Blood in faeces",1,1,
US-DEBIAHP-2013US09125,"<a target=""_blank""  href=""/xmlpserver/EVVET3 PW NEW/Subject Area Contents/Public Website/Report (PDF)/AER.xdo?_xpf=&_xpt=1&_params%2FOracle%20BI%20EE%3A%3ADefaultApp%3A%3AEVVET3%20PR%20NEW%2FAER%3A%3Adimension%2FAER%20Id%3A%3Aattribute%3A%3Anoaggr%3A%3Axsd%3Adouble=370879&_xt=AER&_xf=pdf""> AER </a>",2013-08-19 00:00:00,Animal owner,United States,FEMALE,Dog,Retriever - Labrador,Metacam 1.5 mg/ml - Oral suspension (dogs),"Itching, Vomiting",1,1,
US-DEBIAHP-2013US09197,"<a target=""_blank""  href=""/xmlpserver/EVVET3 PW NEW/Subject Area Contents/Public Website/Report (PDF)/AER.xdo?_xpf=&_xpt=1&_params%2FOracle%20BI%20EE%3A%3ADefaultApp%3A%3AEVVET3%20PR%20NEW%2FAER%3A%3Adimension%2FAER%20Id%3A%3Aattribute%3A%3Anoaggr%3A%3Axsd%3Adouble=371120&_xt=AER&_xf=pdf""> AER </a>",2013-08-20 00:00:00,Animal owner,United States,FEMALE,Dog,Poodle - Toy,"Metacam 0.5 mg/ml - Oral suspension (cats, guinea pigs), Metacam 0.5 mg/ml - Oral suspension (dogs)","Death, Loose stool, Panting, Shaking",1,1,
US-DEBIAHP-2013US09371,"<a target=""_blank""  href=""/xmlpserver/EVVET3 PW NEW/Subject Area Contents/Public Website/Report (PDF)/AER.xdo?_xpf=&_xpt=1&_params%2FOracle%20BI%20EE%3A%3ADefaultApp%3A%3AEVVET3%20PR%20NEW%2FAER%3A%3Adimension%2FAER%20Id%3A%3Aattribute%3A%3Anoaggr%3A%3Axsd%3Adouble=372513&_xt=AER&_xf=pdf""> AER </a>",2013-09-05 00:00:00,Veterinarian,United States,MALE,Dog,Shepherd Dog - German,"Metacam 1.5 mg/ml - Oral suspension (dogs), Metacam 5 mg/ml - Solution for injection (cats, dogs), Metacam 5 mg/ml - Solution for injection (cattle, pigs), Metacam 5 mg/ml - Solution for injection (dogs), SYNULOX (200+50)MG/TAB ΔΙΣΚΙΟ, SYNULOX (40+10)MG/TAB ΔΙΣΚΙΟ, SYNULOX 140 mg/ml + 35 mg/ml suspensión inyectable, SYNULOX 200 mg/50 mg tablety pre psy a mačky, SYNULOX 200/50 mg COMPRIMIDOS APETITOSOS PARA PERROS, SYNULOX 250 COMPRIMES POUR CHIENS, SYNULOX 250 mg, SYNULOX 250 mg kramtomosios tabletės šunims ir katėms, SYNULOX 250 mg tablete za pse in mačke, SYNULOX 250mg, δισκία για σκύλους και γάτες, SYNULOX 40 mg/10 mg tablety pre psy a mačky, SYNULOX 40 mg/ml + 10 mg/ml POLVO PARA GOTAS ORALES EN SUSPENSION, SYNULOX 40/10 MG COMPRIMIDOS APETITOSOS PARA PERROS Y GATOS, SYNULOX 400 mg/100 mg tablety pre psy, SYNULOX 400/100 mg COMPRIMIDOS APETITOSOS PARA PERROS, SYNULOX 50 COMPRIMES POUR CHIENS ET CHATS, SYNULOX 50 mg, SYNULOX 50 mg kramtomosios tabletės šunims ir katėms, SYNULOX 50 mg tablete za pse in mačke, SYNULOX 500 COMPRIMES POUR CHIENS, SYNULOX 500 mg kramtomosios tabletės šunims, SYNULOX 500 mg tablete za pse, SYNULOX 500 mg, kramtomosios tabletės šunims, SYNULOX 500MG/TAB ΔΙΣΚΙΟ, SYNULOX 50mg, δισκία για σκύλους και γάτες, SYNULOX OGIVETTES POUR VEAUX, SYNULOX SUSPENSION INJECTABLE POUR BOVINS, SYNULOX VET 140 mg/ml injektioneste, suspensio koiralle, kissalle ja sialle, SYNULOX suspensão injetável para suínos, bovinos, cães e gatos, SYNULOX vet 200 mg/50 mg tabletti, koiralle ja kissalle, SYNULOX vet 40 mg/10 mg tabletti, koiralle ja kissalle, SYNULOX vet 400 mg/100 mg tabletti, koiralle, SYNULOX, 400/100mg, Tableta, Synulox 250 mg Comprimés Appétents, Synulox 250 mg Smakelijke tabletten, Synulox 250 mg tabletes suņiem un kaķiem, Synulox 250 mg, tabletid koertele ja kassidele, Synulox 250 mg, таблетки за кучета и котки, Synulox 250mg (200 mg/50 mg)  Tabletten für Hunde, Synulox 50 mg Comprimés Appétents, Synulox 50 mg Smakelijke Tabletten, Synulox 50 mg tabletes suņiem un kaķiem, Synulox 50 mg, tabletid koertele ja kassidele, Synulox 50 mg, таблетки за кучета и котки, Synulox 500 mg Bolus 400 mg - 100 mg Omhulde tablet, Synulox 500 mg Comprimés Appétents, Synulox 500 mg Smakelijke Tabletten, Synulox 500 mg tabletes suņiem, Synulox 500 mg, tabletid koertele, Synulox 500mg (400 mg/100 mg) Tabletten für Hunde, Synulox 50mg (40 mg/10 mg) Tabletten für Hunde und Katzen, Synulox Bolus 500 mg, 400 mg + 100 mg comprimés enrobés pour veaux, Synulox Lactating Cow Intramammary suspension., Synulox Tabletki 250 mg, Synulox Tabletki 250 mg (200+50) mg/tablete; tabletes suņiem, Synulox Tabletki 50 mg, Synulox Tabletki 50 mg (40+10) mg/ tablete; tabletes suņiem un kaķiem, Synulox Tabletki 500 mg, Synulox Vet. til hund og kat 200 + 50 mg tabletter, Synulox Vet. til hund og kat 40 + 10 mg tabletter, Synulox Vet. til hund tabletter 400 + 100 mg, Synulox Vet. til kalve 400 + 100 mg tabletter, Synulox comprimidos palatáveis 250 mg para cães e gatos, Synulox comprimidos palatáveis 50 mg para cães e gatos, Synulox comprimidos palatáveis 500 mg para cães, Synulox vet 40 mg/ml jauhe oraalisuspensiota varten koiralle ja kissalle, Synulox vet. 200 mg tabletter for hund og katt, Synulox vet. 200 mg/50 mg Tablett, Synulox vet. 40 mg tabletter for hund og katt, Synulox vet. 40 mg/10 mg Tablett, Synulox vet. 400 mg tabletter for hund, Synulox vet. 400 mg/100 mg Tablett, Synulox, 200/50mg, Tableta, Synulox, 40/10mg, Tableta, Synulox-Kalb 400 mg/100 mg Filmtabletten für Rinder (Kälber), Torbugesic 10 mg/ml Solution for Injection, Torbugesic Vet 10 mg/ml solution injectable pour chevaux, chiens et chats, Torbugesic Vet. 10 mg/ml injektionsvæske, opløsning, Torbuphanol Vet 10 mg/ml solution for injection for injection for horses, dogs and cats","Anorexia, Death, Gastric ulcer, Peritonitis, Tarry or black stool (see also haemorrhagic diarrhoea), Vomiting",1,1,
US-DEBIAHP-2013US09573,"<a target=""_blank""  href=""/xmlpserver/EVVET3 PW NEW/Subject Area Contents/Public Website/Report (PDF)/AER.xdo?_xpf=&_xpt=1&_params%2FOracle%20BI%20EE%3A%3ADefaultApp%3A%3AEVVET3%20PR%20NEW%2FAER%3A%3Adimension%2FAER%20Id%3A%3Aattribute%3A%3Anoaggr%3A%3Axsd%3Adouble=371387&_xt=AER&_xf=pdf""> AER </a>",2013-08-22 00:00:00,Other health care professional,United States,MALE,Dog,Chihuahua,"Metacam 0.5 mg/ml - Oral suspension (cats, guinea pigs), Metacam 0.5 mg/ml - Oral suspension (dogs)",Cough,1,1,
US-DEBIAHP-2013US09575,"<a target=""_blank""  href=""/xmlpserver/EVVET3 PW NEW/Subject Area Contents/Public Website/Report (PDF)/AER.xdo?_xpf=&_xpt=1&_params%2FOracle%20BI%20EE%3A%3ADefaultApp%3A%3AEVVET3%20PR%20NEW%2FAER%3A%3Adimension%2FAER%20Id%3A%3Aattribute%3A%3Anoaggr%3A%3Axsd%3Adouble=371944&_xt=AER&_xf=pdf""> AER </a>",2013-08-28 00:00:00,Animal owner,United States,MALE,Dog,Retriever - Labrador,Metacam 1.5 mg/ml - Oral suspension (dogs),Decreased activity,1,1,
US-DEBIAHP-2013US09604,"<a target=""_blank""  href=""/xmlpserver/EVVET3 PW NEW/Subject Area Contents/Public Website/Report (PDF)/AER.xdo?_xpf=&_xpt=1&_params%2FOracle%20BI%20EE%3A%3ADefaultApp%3A%3AEVVET3%20PR%20NEW%2FAER%3A%3Adimension%2FAER%20Id%3A%3Aattribute%3A%3Anoaggr%3A%3Axsd%3Adouble=372034&_xt=AER&_xf=pdf""> AER </a>",2013-08-29 00:00:00,Animal owner,United States,FEMALE,Dog,Terrier - Jack Russell,"Metacam 0.5 mg/ml - Oral suspension (cats, guinea pigs), Metacam 0.5 mg/ml - Oral suspension (dogs)",Panting,1,1,
US-DEBIAHP-2013US09758,"<a target=""_blank""  href=""/xmlpserver/EVVET3 PW NEW/Subject Area Contents/Public Website/Report (PDF)/AER.xdo?_xpf=&_xpt=1&_params%2FOracle%20BI%20EE%3A%3ADefaultApp%3A%3AEVVET3%20PR%20NEW%2FAER%3A%3Adimension%2FAER%20Id%3A%3Aattribute%3A%3Anoaggr%3A%3Axsd%3Adouble=372382&_xt=AER&_xf=pdf""> AER </a>",2013-09-03 00:00:00,Veterinarian,United States,FEMALE,Dog,Chow Chow,"Metacam 1.5 mg/ml - Oral suspension (dogs), RABISIN SUSPENSION INJECTABLE, RABISIN injekčná suspenzia, RABISIN suspenzija za injiciranje, RABISIN vet, injeksjonsvæske, suspensjon Vaksine mot rabies til dyr (inaktivert), RABISIN, Injekční suspenze, RABISIN, injekcinė suspensija, RABISIN, sospensione iniettabile per cani, gatti, equini, bovini, ovini, RABISIN, suspensie injectabilă, RABISIN, ενέσιμο εναιώρημα, RABISIN, ≥ 2,09 log10 OD50 i ≥ 1 I.J., suspenzija za injekciju za pse, mačke, pitome vretice, konje, govedo i ovce, Rabisin, Rabisin  Suspensie voor injectie, Rabisin Glikoproteiny wirusa wścieklizny nie mniej niż 1IU Zawiesina do wstrzykiwań, Rabisin Injektionssuspension für Hunde, Katzen, Marderartige, Pferde, Rinder und Schafe, Rabisin Vet. injektionsvæske, suspension, Rabisin suspensija injekcijām liellopiem, zirgiem, aitām, suņiem, kaķiem un mājas seskiem, Rabisin suspension injectable, Rabisin suspensão injectável, Rabisin vakcina A.U.V., Rabisin vet injektioneste, suspensio, Rabisin vet.  Injektionsvätska, suspension, Rabisin, Injektionssuspension für Hunde, Katzen, Marderartige, Pferde, Rinder und Schafe, Rabisin, suspensie voor injectie voor hond, kat en rund, Rabisin, süstesuspensioon, Vanguard Plus 5, liofilizat i rozpuszczalnik do sporządzania zawiesiny do wstrzykiwań dla psów, РАБИЗИН","Agitation, Diarrhoea, Disorientation, Vomiting",1,1,
US-DEBIAHP-2013US09850,"<a target=""_blank""  href=""/xmlpserver/EVVET3 PW NEW/Subject Area Contents/Public Website/Report (PDF)/AER.xdo?_xpf=&_xpt=1&_params%2FOracle%20BI%20EE%3A%3ADefaultApp%3A%3AEVVET3%20PR%20NEW%2FAER%3A%3Adimension%2FAER%20Id%3A%3Aattribute%3A%3Anoaggr%3A%3Axsd%3Adouble=372429&_xt=AER&_xf=pdf""> AER </a>",2013-09-04 00:00:00,Animal owner,United States,FEMALE,Dog,Chihuahua,Metacam 1.5 mg/ml - Oral suspension (dogs),Vomiting,1,1,
US-DEBIAHP-2013US10044,"<a target=""_blank""  href=""/xmlpserver/EVVET3 PW NEW/Subject Area Contents/Public Website/Report (PDF)/AER.xdo?_xpf=&_xpt=1&_params%2FOracle%20BI%20EE%3A%3ADefaultApp%3A%3AEVVET3%20PR%20NEW%2FAER%3A%3Adimension%2FAER%20Id%3A%3Aattribute%3A%3Anoaggr%3A%3Axsd%3Adouble=374360&_xt=AER&_xf=pdf""> AER </a>",2013-09-26 00:00:00,Veterinarian,United States,MALE,Dog,Terrier - West Highland White,"Metacam 0.5 mg/ml - Oral suspension (cats, guinea pigs), Metacam 0.5 mg/ml - Oral suspension (dogs)","Decreased appetite, Elevated blood urea nitrogen (BUN), Elevated creatinine",1,1,
US-DEBIAHP-2013US10277,"<a target=""_blank""  href=""/xmlpserver/EVVET3 PW NEW/Subject Area Contents/Public Website/Report (PDF)/AER.xdo?_xpf=&_xpt=1&_params%2FOracle%20BI%20EE%3A%3ADefaultApp%3A%3AEVVET3%20PR%20NEW%2FAER%3A%3Adimension%2FAER%20Id%3A%3Aattribute%3A%3Anoaggr%3A%3Axsd%3Adouble=373323&_xt=AER&_xf=pdf""> AER </a>",2013-09-12 00:00:00,Animal owner,United States,MALE,Dog,Shepherd Dog - Australian,"Metacam 0.5 mg/ml - Oral suspension (cats, guinea pigs), Metacam 0.5 mg/ml - Oral suspension (dogs)",Epileptic seizure,1,1,
US-DEBIAHP-2013US10407,"<a target=""_blank""  href=""/xmlpserver/EVVET3 PW NEW/Subject Area Contents/Public Website/Report (PDF)/AER.xdo?_xpf=&_xpt=1&_params%2FOracle%20BI%20EE%3A%3ADefaultApp%3A%3AEVVET3%20PR%20NEW%2FAER%3A%3Adimension%2FAER%20Id%3A%3Aattribute%3A%3Anoaggr%3A%3Axsd%3Adouble=373421&_xt=AER&_xf=pdf""> AER </a>",2013-09-17 00:00:00,Veterinarian,United States,FEMALE,Dog,Dachshund - Standard Wire-haired,"Metacam 1.5 mg/ml - Oral suspension (dogs), Posatex 8.5 mg/ml orbifloxacin + 0.9 mg/ml mometasone furoate + 0.9 mg/ml posaconazole - Ear drops, suspension","Lethargy (see also Central nervous system depression in Neurological), Localised rash, Tarry or black stool (see also haemorrhagic diarrhoea)",1,1,
US-DEBIAHP-2013US10732,"<a target=""_blank""  href=""/xmlpserver/EVVET3 PW NEW/Subject Area Contents/Public Website/Report (PDF)/AER.xdo?_xpf=&_xpt=1&_params%2FOracle%20BI%20EE%3A%3ADefaultApp%3A%3AEVVET3%20PR%20NEW%2FAER%3A%3Adimension%2FAER%20Id%3A%3Aattribute%3A%3Anoaggr%3A%3Axsd%3Adouble=374265&_xt=AER&_xf=pdf""> AER </a>",2013-09-25 00:00:00,Other health care professional,United States,UNKNOWN,Dog,Crossbred Canine/dog,"Metacam 0.5 mg/ml - Oral suspension (cats, guinea pigs), Metacam 0.5 mg/ml - Oral suspension (dogs)","Diarrhoea, Emesis",1,1,
US-DEBIAHP-2013US10815,"<a target=""_blank""  href=""/xmlpserver/EVVET3 PW NEW/Subject Area Contents/Public Website/Report (PDF)/AER.xdo?_xpf=&_xpt=1&_params%2FOracle%20BI%20EE%3A%3ADefaultApp%3A%3AEVVET3%20PR%20NEW%2FAER%3A%3Adimension%2FAER%20Id%3A%3Aattribute%3A%3Anoaggr%3A%3Axsd%3Adouble=374267&_xt=AER&_xf=pdf""> AER </a>",2013-09-25 00:00:00,Animal owner,United States,MALE,Dog,Terrier - West Highland White,Metacam 1.5 mg/ml - Oral suspension (dogs),Bloody diarrhoea,1,1,
US-DEBIAHP-2013US10878,"<a target=""_blank""  href=""/xmlpserver/EVVET3 PW NEW/Subject Area Contents/Public Website/Report (PDF)/AER.xdo?_xpf=&_xpt=1&_params%2FOracle%20BI%20EE%3A%3ADefaultApp%3A%3AEVVET3%20PR%20NEW%2FAER%3A%3Adimension%2FAER%20Id%3A%3Aattribute%3A%3Anoaggr%3A%3Axsd%3Adouble=374784&_xt=AER&_xf=pdf""> AER </a>",2013-10-02 00:00:00,Veterinarian,United States,FEMALE,Dog,Shepherd Dog - Australian,Metacam 1.5 mg/ml - Oral suspension (dogs),"Blood in urine, Decreased red blood cell count, Elevated serum alkaline phosphatase (ALP)",1,1,
US-DEBIAHP-2013US10882,"<a target=""_blank""  href=""/xmlpserver/EVVET3 PW NEW/Subject Area Contents/Public Website/Report (PDF)/AER.xdo?_xpf=&_xpt=1&_params%2FOracle%20BI%20EE%3A%3ADefaultApp%3A%3AEVVET3%20PR%20NEW%2FAER%3A%3Adimension%2FAER%20Id%3A%3Aattribute%3A%3Anoaggr%3A%3Axsd%3Adouble=374612&_xt=AER&_xf=pdf""> AER </a>",2013-09-30 00:00:00,Other health care professional,United States,FEMALE,Dog,Poodle - Toy,"Metacam 0.5 mg/ml - Oral suspension (cats, guinea pigs), Metacam 0.5 mg/ml - Oral suspension (dogs)","Decreased appetite, Diarrhoea, Lethargy (see also Central nervous system depression in Neurological)",1,1,
US-DEBIAHP-2013US10883,"<a target=""_blank""  href=""/xmlpserver/EVVET3 PW NEW/Subject Area Contents/Public Website/Report (PDF)/AER.xdo?_xpf=&_xpt=1&_params%2FOracle%20BI%20EE%3A%3ADefaultApp%3A%3AEVVET3%20PR%20NEW%2FAER%3A%3Adimension%2FAER%20Id%3A%3Aattribute%3A%3Anoaggr%3A%3Axsd%3Adouble=374266&_xt=AER&_xf=pdf""> AER </a>",2013-09-25 00:00:00,Veterinarian,United States,FEMALE,Dog,Terrier - Boston,"Fuxien vet 1000 mg/g inhalaatiohöyry, neste, ISOFLURANE-Vet 1000 mg/g liquido per inalazione per cani e gatti, ISOFLURIN 1000mg/g ΥΓΡΟ ΓΙΑ ΕΙΣΠΝΕΟΜΕΝΟΥΣ ΑΤΜΟΥΣ, Isoflurane 100% Inhalation Vapour, Liquid, Isoflurane 1000 mg/g Inhalation Vapour, liquid., Metacam 1.5 mg/ml - Oral suspension (dogs)","Angioedema, Lethargy (see also Central nervous system depression in Neurological), Urticaria",1,1,
US-DEBIAHP-2013US10885,"<a target=""_blank""  href=""/xmlpserver/EVVET3 PW NEW/Subject Area Contents/Public Website/Report (PDF)/AER.xdo?_xpf=&_xpt=1&_params%2FOracle%20BI%20EE%3A%3ADefaultApp%3A%3AEVVET3%20PR%20NEW%2FAER%3A%3Adimension%2FAER%20Id%3A%3Aattribute%3A%3Anoaggr%3A%3Axsd%3Adouble=374579&_xt=AER&_xf=pdf""> AER </a>",2013-09-30 00:00:00,Other health care professional,United States,FEMALE,Dog,Bichon Frise,"Metacam 0.5 mg/ml - Oral suspension (cats, guinea pigs), Metacam 0.5 mg/ml - Oral suspension (dogs)","Diarrhoea, Vomiting",1,1,
US-DEBIAHP-2013US10887,"<a target=""_blank""  href=""/xmlpserver/EVVET3 PW NEW/Subject Area Contents/Public Website/Report (PDF)/AER.xdo?_xpf=&_xpt=1&_params%2FOracle%20BI%20EE%3A%3ADefaultApp%3A%3AEVVET3%20PR%20NEW%2FAER%3A%3Adimension%2FAER%20Id%3A%3Aattribute%3A%3Anoaggr%3A%3Axsd%3Adouble=374581&_xt=AER&_xf=pdf""> AER </a>",2013-09-30 00:00:00,Other health care professional,United States,FEMALE,Dog,Bichon Frise,Metacam 1.5 mg/ml - Oral suspension (dogs),Diarrhoea,1,1,
US-DEBIAHP-2013US11079,"<a target=""_blank""  href=""/xmlpserver/EVVET3 PW NEW/Subject Area Contents/Public Website/Report (PDF)/AER.xdo?_xpf=&_xpt=1&_params%2FOracle%20BI%20EE%3A%3ADefaultApp%3A%3AEVVET3%20PR%20NEW%2FAER%3A%3Adimension%2FAER%20Id%3A%3Aattribute%3A%3Anoaggr%3A%3Axsd%3Adouble=374866&_xt=AER&_xf=pdf""> AER </a>",2013-10-03 00:00:00,Animal owner,United States,MALE,Dog,Retriever - Labrador,"ADEQUAN IM 500 MG/5 ML SOLUTION FOR INJECTION, Adequan, Adequan 100 mg/ml Solution for Injection, Adequan 250 mg/ml Solution for Injection, Metacam 1.5 mg/ml - Oral suspension (dogs)",Ataxia,1,1,
US-DEBIAHP-2013US11142,"<a target=""_blank""  href=""/xmlpserver/EVVET3 PW NEW/Subject Area Contents/Public Website/Report (PDF)/AER.xdo?_xpf=&_xpt=1&_params%2FOracle%20BI%20EE%3A%3ADefaultApp%3A%3AEVVET3%20PR%20NEW%2FAER%3A%3Adimension%2FAER%20Id%3A%3Aattribute%3A%3Anoaggr%3A%3Axsd%3Adouble=375075&_xt=AER&_xf=pdf""> AER </a>",2013-10-04 00:00:00,Animal owner,United States,MALE,Dog,Dog (other),"Metacam 1.5 mg/ml - Oral suspension (dogs), Tramadog 50 mg tablet for dogs","Blood in urine, Urinary tract infection",1,1,
US-DEBIAHP-2013US11185,"<a target=""_blank""  href=""/xmlpserver/EVVET3 PW NEW/Subject Area Contents/Public Website/Report (PDF)/AER.xdo?_xpf=&_xpt=1&_params%2FOracle%20BI%20EE%3A%3ADefaultApp%3A%3AEVVET3%20PR%20NEW%2FAER%3A%3Adimension%2FAER%20Id%3A%3Aattribute%3A%3Anoaggr%3A%3Axsd%3Adouble=377987&_xt=AER&_xf=pdf""> AER </a>",2013-11-06 00:00:00,Veterinarian,United States,FEMALE,Dog,Dog (other),Metacam 1.5 mg/ml - Oral suspension (dogs),"Anaemia NOS, Anorexia, Ascites, Elevated liver enzymes NOS, Elevated total bilirubin, Jaundice, Liver failure, Small liver, Vomiting",1,1,
US-DEBIAHP-2013US11241,"<a target=""_blank""  href=""/xmlpserver/EVVET3 PW NEW/Subject Area Contents/Public Website/Report (PDF)/AER.xdo?_xpf=&_xpt=1&_params%2FOracle%20BI%20EE%3A%3ADefaultApp%3A%3AEVVET3%20PR%20NEW%2FAER%3A%3Adimension%2FAER%20Id%3A%3Aattribute%3A%3Anoaggr%3A%3Axsd%3Adouble=374702&_xt=AER&_xf=pdf""> AER </a>",2013-10-01 00:00:00,Veterinarian,United States,MALE,Dog,Lhasa Apso,Metacam 1.5 mg/ml - Oral suspension (dogs),"Facial swelling (see also Skin), Vomiting",1,1,
US-DEBIAHP-2013US11309,"<a target=""_blank""  href=""/xmlpserver/EVVET3 PW NEW/Subject Area Contents/Public Website/Report (PDF)/AER.xdo?_xpf=&_xpt=1&_params%2FOracle%20BI%20EE%3A%3ADefaultApp%3A%3AEVVET3%20PR%20NEW%2FAER%3A%3Adimension%2FAER%20Id%3A%3Aattribute%3A%3Anoaggr%3A%3Axsd%3Adouble=375399&_xt=AER&_xf=pdf""> AER </a>",2013-10-08 00:00:00,Animal owner,United States,MALE,Dog,Rottweiler,Metacam 1.5 mg/ml - Oral suspension (dogs),"Death, Gastric ulceration NOS, Renal failure",1,1,
US-DEBIAHP-2013US11316,"<a target=""_blank""  href=""/xmlpserver/EVVET3 PW NEW/Subject Area Contents/Public Website/Report (PDF)/AER.xdo?_xpf=&_xpt=1&_params%2FOracle%20BI%20EE%3A%3ADefaultApp%3A%3AEVVET3%20PR%20NEW%2FAER%3A%3Adimension%2FAER%20Id%3A%3Aattribute%3A%3Anoaggr%3A%3Axsd%3Adouble=375668&_xt=AER&_xf=pdf""> AER </a>",2013-10-10 00:00:00,Veterinarian,United States,MALE,Dog,Retriever - Labrador,Metacam 1.5 mg/ml - Oral suspension (dogs),Elevated blood urea nitrogen (BUN),1,1,
US-DEBIAHP-2013US11331,"<a target=""_blank""  href=""/xmlpserver/EVVET3 PW NEW/Subject Area Contents/Public Website/Report (PDF)/AER.xdo?_xpf=&_xpt=1&_params%2FOracle%20BI%20EE%3A%3ADefaultApp%3A%3AEVVET3%20PR%20NEW%2FAER%3A%3Adimension%2FAER%20Id%3A%3Aattribute%3A%3Anoaggr%3A%3Axsd%3Adouble=375669&_xt=AER&_xf=pdf""> AER </a>",2013-10-10 00:00:00,Veterinarian,United States,FEMALE,Dog,Dachshund - Standard Wire-haired,Metacam 1.5 mg/ml - Oral suspension (dogs),"Anaemia NOS, Anorexia, Haemorrhagic gastroenteritis, Increased heart rate, Pale mucous membrane, Tarry or black stool (see also haemorrhagic diarrhoea)",1,1,
US-DEBIAHP-2013US11337,"<a target=""_blank""  href=""/xmlpserver/EVVET3 PW NEW/Subject Area Contents/Public Website/Report (PDF)/AER.xdo?_xpf=&_xpt=1&_params%2FOracle%20BI%20EE%3A%3ADefaultApp%3A%3AEVVET3%20PR%20NEW%2FAER%3A%3Adimension%2FAER%20Id%3A%3Aattribute%3A%3Anoaggr%3A%3Axsd%3Adouble=375938&_xt=AER&_xf=pdf""> AER </a>",2013-10-14 00:00:00,Other health care professional,United States,MALE,Dog,Corgi - Welsh Pembroke,Metacam 1.5 mg/ml - Oral suspension (dogs),"Diarrhoea, Leukocytosis NOS, Vomiting",1,1,
US-DEBIAHP-2013US11607,"<a target=""_blank""  href=""/xmlpserver/EVVET3 PW NEW/Subject Area Contents/Public Website/Report (PDF)/AER.xdo?_xpf=&_xpt=1&_params%2FOracle%20BI%20EE%3A%3ADefaultApp%3A%3AEVVET3%20PR%20NEW%2FAER%3A%3Adimension%2FAER%20Id%3A%3Aattribute%3A%3Anoaggr%3A%3Axsd%3Adouble=376056&_xt=AER&_xf=pdf""> AER </a>",2013-10-15 00:00:00,Other health care professional,United States,MALE,Dog,Retriever - Labrador,Metacam 1.5 mg/ml - Oral suspension (dogs),"Anorexia, Diarrhoea, Elevated blood urea nitrogen (BUN), Elevated creatinine, Pyrexia, Urine abnormalities NOS, Vomiting",1,1,
US-DEBIAHP-2013US11713,"<a target=""_blank""  href=""/xmlpserver/EVVET3 PW NEW/Subject Area Contents/Public Website/Report (PDF)/AER.xdo?_xpf=&_xpt=1&_params%2FOracle%20BI%20EE%3A%3ADefaultApp%3A%3AEVVET3%20PR%20NEW%2FAER%3A%3Adimension%2FAER%20Id%3A%3Aattribute%3A%3Anoaggr%3A%3Axsd%3Adouble=376093&_xt=AER&_xf=pdf""> AER </a>",2013-10-16 00:00:00,Other health care professional,United States,FEMALE,Dog,Borzoi,Metacam 1.5 mg/ml - Oral suspension (dogs),Injection site swelling,1,1,
US-DEBIAHP-2013US11742,"<a target=""_blank""  href=""/xmlpserver/EVVET3 PW NEW/Subject Area Contents/Public Website/Report (PDF)/AER.xdo?_xpf=&_xpt=1&_params%2FOracle%20BI%20EE%3A%3ADefaultApp%3A%3AEVVET3%20PR%20NEW%2FAER%3A%3Adimension%2FAER%20Id%3A%3Aattribute%3A%3Anoaggr%3A%3Axsd%3Adouble=377788&_xt=AER&_xf=pdf""> AER </a>",2013-11-04 00:00:00,Other health care professional,United States,FEMALE,Dog,Pug,"BRONCHI-SHIELD, Metacam 1.5 mg/ml - Oral suspension (dogs), VERSICAN PLUS BB IN LYOPHILISAT ET SOLVANT POUR GOUTTES NASALES, SUSPENSION POUR CHIENS, Versican Plus Bb IN, Lyophilisat et solvant pour suspension nasale en gouttes, pour chiens","Anorexia, Ataxia, Circling - neurological disorder (see also Behavioural disorders), Facial swelling (see also Skin), Lethargy (see also Central nervous system depression in Neurological), Neurological symptoms NOS, Seizure NOS",1,1,
US-DEBIAHP-2013US11862,"<a target=""_blank""  href=""/xmlpserver/EVVET3 PW NEW/Subject Area Contents/Public Website/Report (PDF)/AER.xdo?_xpf=&_xpt=1&_params%2FOracle%20BI%20EE%3A%3ADefaultApp%3A%3AEVVET3%20PR%20NEW%2FAER%3A%3Adimension%2FAER%20Id%3A%3Aattribute%3A%3Anoaggr%3A%3Axsd%3Adouble=376571&_xt=AER&_xf=pdf""> AER </a>",2013-10-22 00:00:00,Animal owner,United States,MALE,Dog,Shih Tzu,Metacam 1.5 mg/ml - Oral suspension (dogs),Elevated liver enzymes NOS,1,1,
US-DEBIAHP-2013US11920,"<a target=""_blank""  href=""/xmlpserver/EVVET3 PW NEW/Subject Area Contents/Public Website/Report (PDF)/AER.xdo?_xpf=&_xpt=1&_params%2FOracle%20BI%20EE%3A%3ADefaultApp%3A%3AEVVET3%20PR%20NEW%2FAER%3A%3Adimension%2FAER%20Id%3A%3Aattribute%3A%3Anoaggr%3A%3Axsd%3Adouble=376723&_xt=AER&_xf=pdf""> AER </a>",2013-10-23 00:00:00,Veterinarian,United States,FEMALE,Dog,Terrier - Jack Russell,Metacam 1.5 mg/ml - Oral suspension (dogs),"Glucosuria, Hyperglycaemia",1,1,
US-DEBIAHP-2013US11932,"<a target=""_blank""  href=""/xmlpserver/EVVET3 PW NEW/Subject Area Contents/Public Website/Report (PDF)/AER.xdo?_xpf=&_xpt=1&_params%2FOracle%20BI%20EE%3A%3ADefaultApp%3A%3AEVVET3%20PR%20NEW%2FAER%3A%3Adimension%2FAER%20Id%3A%3Aattribute%3A%3Anoaggr%3A%3Axsd%3Adouble=376720&_xt=AER&_xf=pdf""> AER </a>",2013-10-23 00:00:00,Animal owner,United States,UNKNOWN,Dog,Retriever - Golden,"Metacam 0.5 mg/ml - Oral suspension (cats, guinea pigs), Metacam 0.5 mg/ml - Oral suspension (dogs)",Tooth disorder,1,1,
US-DEBIAHP-2013US11969,"<a target=""_blank""  href=""/xmlpserver/EVVET3 PW NEW/Subject Area Contents/Public Website/Report (PDF)/AER.xdo?_xpf=&_xpt=1&_params%2FOracle%20BI%20EE%3A%3ADefaultApp%3A%3AEVVET3%20PR%20NEW%2FAER%3A%3Adimension%2FAER%20Id%3A%3Aattribute%3A%3Anoaggr%3A%3Axsd%3Adouble=376991&_xt=AER&_xf=pdf""> AER </a>",2013-10-25 00:00:00,Veterinarian,United States,MALE,Dog,Dog (other),Metacam 1.5 mg/ml - Oral suspension (dogs),"Decreased red blood cell count, Leukopenia NOS",1,1,
US-DEBIAHP-2013US11981,"<a target=""_blank""  href=""/xmlpserver/EVVET3 PW NEW/Subject Area Contents/Public Website/Report (PDF)/AER.xdo?_xpf=&_xpt=1&_params%2FOracle%20BI%20EE%3A%3ADefaultApp%3A%3AEVVET3%20PR%20NEW%2FAER%3A%3Adimension%2FAER%20Id%3A%3Aattribute%3A%3Anoaggr%3A%3Axsd%3Adouble=376985&_xt=AER&_xf=pdf""> AER </a>",2013-10-25 00:00:00,Other health care professional,United States,FEMALE,Dog,Terrier - Yorkshire,Metacam 1.5 mg/ml - Oral suspension (dogs),"Seizure NOS, Stumbling gait, Tachycardia, Weakness",1,1,
US-DEBIAHP-2013US12063,"<a target=""_blank""  href=""/xmlpserver/EVVET3 PW NEW/Subject Area Contents/Public Website/Report (PDF)/AER.xdo?_xpf=&_xpt=1&_params%2FOracle%20BI%20EE%3A%3ADefaultApp%3A%3AEVVET3%20PR%20NEW%2FAER%3A%3Adimension%2FAER%20Id%3A%3Aattribute%3A%3Anoaggr%3A%3Axsd%3Adouble=377270&_xt=AER&_xf=pdf""> AER </a>",2013-10-29 00:00:00,Veterinarian,United States,MALE,Dog,Crossbred Canine/dog,"Metacam 0.5 mg/ml - Oral suspension (cats, guinea pigs), Metacam 0.5 mg/ml - Oral suspension (dogs)","Anorexia, Behavioural disorder NOS, Dehydration, Febrile, Hot spot (pyotraumatic dermatitis), Itching, Lethargy (see also Central nervous system depression in Neurological), Reddening of the skin",1,1,
US-DEBIAHP-2013US12068,"<a target=""_blank""  href=""/xmlpserver/EVVET3 PW NEW/Subject Area Contents/Public Website/Report (PDF)/AER.xdo?_xpf=&_xpt=1&_params%2FOracle%20BI%20EE%3A%3ADefaultApp%3A%3AEVVET3%20PR%20NEW%2FAER%3A%3Adimension%2FAER%20Id%3A%3Aattribute%3A%3Anoaggr%3A%3Axsd%3Adouble=377605&_xt=AER&_xf=pdf""> AER </a>",2013-10-31 00:00:00,Veterinarian,United States,UNKNOWN,Dog,Dog (other),"Metacam 0.5 mg/ml - Oral suspension (cats, guinea pigs), Metacam 0.5 mg/ml - Oral suspension (dogs)","Death, Lethargy (see also Central nervous system depression in Neurological), Pancreatitis NOS",1,1,
US-DEBIAHP-2013US12115,"<a target=""_blank""  href=""/xmlpserver/EVVET3 PW NEW/Subject Area Contents/Public Website/Report (PDF)/AER.xdo?_xpf=&_xpt=1&_params%2FOracle%20BI%20EE%3A%3ADefaultApp%3A%3AEVVET3%20PR%20NEW%2FAER%3A%3Adimension%2FAER%20Id%3A%3Aattribute%3A%3Anoaggr%3A%3Axsd%3Adouble=377235&_xt=AER&_xf=pdf""> AER </a>",2013-10-29 00:00:00,Veterinarian,United States,FEMALE,Dog,Maltese,"Metacam 0.5 mg/ml - Oral suspension (cats, guinea pigs), Metacam 0.5 mg/ml - Oral suspension (dogs)","Blood in vomit, Flatulence, Mucous stool, Tarry or black stool (see also haemorrhagic diarrhoea)",1,1,
US-DEBIAHP-2013US12224,"<a target=""_blank""  href=""/xmlpserver/EVVET3 PW NEW/Subject Area Contents/Public Website/Report (PDF)/AER.xdo?_xpf=&_xpt=1&_params%2FOracle%20BI%20EE%3A%3ADefaultApp%3A%3AEVVET3%20PR%20NEW%2FAER%3A%3Adimension%2FAER%20Id%3A%3Aattribute%3A%3Anoaggr%3A%3Axsd%3Adouble=381199&_xt=AER&_xf=pdf""> AER </a>",2013-12-04 00:00:00,Other health care professional,United States,MALE,Dog,Terrier - Yorkshire,Metacam 1.5 mg/ml - Oral suspension (dogs),"Anorexia, Death, Diarrhoea, Dyspnoea, Fluid in thorax, Gastric ulceration NOS, Haemorrhagic gastritis, Intestinal haemorrhage, Lethargy (see also Central nervous system depression in Neurological), Pleural inflammation, Pyrexia, Vomiting",1,1,
US-DEBIAHP-2013US12225,"<a target=""_blank""  href=""/xmlpserver/EVVET3 PW NEW/Subject Area Contents/Public Website/Report (PDF)/AER.xdo?_xpf=&_xpt=1&_params%2FOracle%20BI%20EE%3A%3ADefaultApp%3A%3AEVVET3%20PR%20NEW%2FAER%3A%3Adimension%2FAER%20Id%3A%3Aattribute%3A%3Anoaggr%3A%3Axsd%3Adouble=377785&_xt=AER&_xf=pdf""> AER </a>",2013-11-04 00:00:00,Other health care professional,United States,FEMALE,Dog,Terrier - Yorkshire,Metacam 1.5 mg/ml - Oral suspension (dogs),"Ataxia, Facial oedema, Urticaria, Vomiting",1,1,
US-DEBIAHP-2013US12226,"<a target=""_blank""  href=""/xmlpserver/EVVET3 PW NEW/Subject Area Contents/Public Website/Report (PDF)/AER.xdo?_xpf=&_xpt=1&_params%2FOracle%20BI%20EE%3A%3ADefaultApp%3A%3AEVVET3%20PR%20NEW%2FAER%3A%3Adimension%2FAER%20Id%3A%3Aattribute%3A%3Anoaggr%3A%3Axsd%3Adouble=377889&_xt=AER&_xf=pdf""> AER </a>",2013-11-05 00:00:00,Other health care professional,United States,MALE,Dog,Maltese,Metacam 1.5 mg/ml - Oral suspension (dogs),"Facial oedema, Pruritus",1,1,
US-DEBIAHP-2013US12266,"<a target=""_blank""  href=""/xmlpserver/EVVET3 PW NEW/Subject Area Contents/Public Website/Report (PDF)/AER.xdo?_xpf=&_xpt=1&_params%2FOracle%20BI%20EE%3A%3ADefaultApp%3A%3AEVVET3%20PR%20NEW%2FAER%3A%3Adimension%2FAER%20Id%3A%3Aattribute%3A%3Anoaggr%3A%3Axsd%3Adouble=377890&_xt=AER&_xf=pdf""> AER </a>",2013-11-05 00:00:00,Animal owner,United States,FEMALE,Dog,Retriever - Labrador,Metacam 1.5 mg/ml - Oral suspension (dogs),"Abnormal stool colouration, Dry skin, Erythematous rash, Pruritus",1,1,
US-DEBIAHP-2013US12287,"<a target=""_blank""  href=""/xmlpserver/EVVET3 PW NEW/Subject Area Contents/Public Website/Report (PDF)/AER.xdo?_xpf=&_xpt=1&_params%2FOracle%20BI%20EE%3A%3ADefaultApp%3A%3AEVVET3%20PR%20NEW%2FAER%3A%3Adimension%2FAER%20Id%3A%3Aattribute%3A%3Anoaggr%3A%3Axsd%3Adouble=377887&_xt=AER&_xf=pdf""> AER </a>",2013-11-05 00:00:00,Veterinarian,United States,FEMALE,Dog,Spitz - German Pomeranian,"Metacam 0.5 mg/ml - Oral suspension (cats, guinea pigs), Metacam 0.5 mg/ml - Oral suspension (dogs)",Elevated alanine aminotransferase (ALT),1,1,
US-DEBIAHP-2013US12297,"<a target=""_blank""  href=""/xmlpserver/EVVET3 PW NEW/Subject Area Contents/Public Website/Report (PDF)/AER.xdo?_xpf=&_xpt=1&_params%2FOracle%20BI%20EE%3A%3ADefaultApp%3A%3AEVVET3%20PR%20NEW%2FAER%3A%3Adimension%2FAER%20Id%3A%3Aattribute%3A%3Anoaggr%3A%3Axsd%3Adouble=377888&_xt=AER&_xf=pdf""> AER </a>",2013-11-05 00:00:00,Animal owner,United States,MALE,Dog,Shepherd Dog - German,Metacam 1.5 mg/ml - Oral suspension (dogs),Perineal fistula,1,1,
US-DEBIAHP-2013US12821,"<a target=""_blank""  href=""/xmlpserver/EVVET3 PW NEW/Subject Area Contents/Public Website/Report (PDF)/AER.xdo?_xpf=&_xpt=1&_params%2FOracle%20BI%20EE%3A%3ADefaultApp%3A%3AEVVET3%20PR%20NEW%2FAER%3A%3Adimension%2FAER%20Id%3A%3Aattribute%3A%3Anoaggr%3A%3Axsd%3Adouble=379001&_xt=AER&_xf=pdf""> AER </a>",2013-11-15 00:00:00,Veterinarian,United States,FEMALE,Dog,Schnauzer (unspecified),"Metacam 0.5 mg/ml - Oral suspension (cats, guinea pigs), Metacam 0.5 mg/ml - Oral suspension (dogs)",Urinary incontinence,1,1,
US-DEBIAHP-2013US12836,"<a target=""_blank""  href=""/xmlpserver/EVVET3 PW NEW/Subject Area Contents/Public Website/Report (PDF)/AER.xdo?_xpf=&_xpt=1&_params%2FOracle%20BI%20EE%3A%3ADefaultApp%3A%3AEVVET3%20PR%20NEW%2FAER%3A%3Adimension%2FAER%20Id%3A%3Aattribute%3A%3Anoaggr%3A%3Axsd%3Adouble=379323&_xt=AER&_xf=pdf""> AER </a>",2013-11-18 00:00:00,Veterinarian,United States,FEMALE,Dog,Terrier - Boston,"Metacam 0.5 mg/ml - Oral suspension (cats, guinea pigs), Metacam 0.5 mg/ml - Oral suspension (dogs)","Anaemia NOS, Death by euthanasia, Elevated alanine aminotransferase (ALT), Generalised skin slough, Hypoproteinaemia, Lethargy (see also Central nervous system depression in Neurological), Low platelet count, Seizure NOS, Toxic epidermal necrolysis",1,1,1
US-DEBIAHP-2013US12877,"<a target=""_blank""  href=""/xmlpserver/EVVET3 PW NEW/Subject Area Contents/Public Website/Report (PDF)/AER.xdo?_xpf=&_xpt=1&_params%2FOracle%20BI%20EE%3A%3ADefaultApp%3A%3AEVVET3%20PR%20NEW%2FAER%3A%3Adimension%2FAER%20Id%3A%3Aattribute%3A%3Anoaggr%3A%3Axsd%3Adouble=379343&_xt=AER&_xf=pdf""> AER </a>",2013-11-18 00:00:00,Veterinarian,United States,FEMALE,Dog,Retriever - Labrador,Metacam 1.5 mg/ml - Oral suspension (dogs),Tarry or black stool (see also haemorrhagic diarrhoea),1,1,
US-DEBIAHP-2013US12887,"<a target=""_blank""  href=""/xmlpserver/EVVET3 PW NEW/Subject Area Contents/Public Website/Report (PDF)/AER.xdo?_xpf=&_xpt=1&_params%2FOracle%20BI%20EE%3A%3ADefaultApp%3A%3AEVVET3%20PR%20NEW%2FAER%3A%3Adimension%2FAER%20Id%3A%3Aattribute%3A%3Anoaggr%3A%3Axsd%3Adouble=379345&_xt=AER&_xf=pdf""> AER </a>",2013-11-18 00:00:00,Veterinarian,United States,FEMALE,Dog,Retriever - Golden,Metacam 1.5 mg/ml - Oral suspension (dogs),Emesis,1,1,
US-DEBIAHP-2013US12898,"<a target=""_blank""  href=""/xmlpserver/EVVET3 PW NEW/Subject Area Contents/Public Website/Report (PDF)/AER.xdo?_xpf=&_xpt=1&_params%2FOracle%20BI%20EE%3A%3ADefaultApp%3A%3AEVVET3%20PR%20NEW%2FAER%3A%3Adimension%2FAER%20Id%3A%3Aattribute%3A%3Anoaggr%3A%3Axsd%3Adouble=379350&_xt=AER&_xf=pdf""> AER </a>",2013-11-18 00:00:00,Animal owner,United States,FEMALE,Dog,Maltese,"Metacam 0.5 mg/ml - Oral suspension (cats, guinea pigs), Metacam 0.5 mg/ml - Oral suspension (dogs)",Digestive tract disorder NOS,1,1,
US-DEBIAHP-2013US12961,"<a target=""_blank""  href=""/xmlpserver/EVVET3 PW NEW/Subject Area Contents/Public Website/Report (PDF)/AER.xdo?_xpf=&_xpt=1&_params%2FOracle%20BI%20EE%3A%3ADefaultApp%3A%3AEVVET3%20PR%20NEW%2FAER%3A%3Adimension%2FAER%20Id%3A%3Aattribute%3A%3Anoaggr%3A%3Axsd%3Adouble=381986&_xt=AER&_xf=pdf""> AER </a>",2013-12-11 00:00:00,Veterinarian,United States,MALE,Dog,Retriever - Labrador,Metacam 1.5 mg/ml - Oral suspension (dogs),"Anorexia, Blood in urine, Decreased urine concentration, Elevated blood urea nitrogen (BUN), Elevated creatinine, Hyperphosphataemia, Hypoalbuminaemia, Non-regenerative anaemia, Other abnormal test result NOS, Proteinuria, Weight loss",1,1,
US-DEBIAHP-2013US12968,"<a target=""_blank""  href=""/xmlpserver/EVVET3 PW NEW/Subject Area Contents/Public Website/Report (PDF)/AER.xdo?_xpf=&_xpt=1&_params%2FOracle%20BI%20EE%3A%3ADefaultApp%3A%3AEVVET3%20PR%20NEW%2FAER%3A%3Adimension%2FAER%20Id%3A%3Aattribute%3A%3Anoaggr%3A%3Axsd%3Adouble=379624&_xt=AER&_xf=pdf""> AER </a>",2013-11-20 00:00:00,Animal owner,United States,FEMALE,Dog,Retriever - Golden,Metacam 1.5 mg/ml - Oral suspension (dogs),Diarrhoea,1,1,
US-DEBIAHP-2013US13008,"<a target=""_blank""  href=""/xmlpserver/EVVET3 PW NEW/Subject Area Contents/Public Website/Report (PDF)/AER.xdo?_xpf=&_xpt=1&_params%2FOracle%20BI%20EE%3A%3ADefaultApp%3A%3AEVVET3%20PR%20NEW%2FAER%3A%3Adimension%2FAER%20Id%3A%3Aattribute%3A%3Anoaggr%3A%3Axsd%3Adouble=379770&_xt=AER&_xf=pdf""> AER </a>",2013-11-21 00:00:00,Veterinarian,United States,MALE,Dog,Shepherd Dog - German,Metacam 1.5 mg/ml - Oral suspension (dogs),"Diarrhoea, Vomiting",1,1,
US-DEBIAHP-2013US13027,"<a target=""_blank""  href=""/xmlpserver/EVVET3 PW NEW/Subject Area Contents/Public Website/Report (PDF)/AER.xdo?_xpf=&_xpt=1&_params%2FOracle%20BI%20EE%3A%3ADefaultApp%3A%3AEVVET3%20PR%20NEW%2FAER%3A%3Adimension%2FAER%20Id%3A%3Aattribute%3A%3Anoaggr%3A%3Axsd%3Adouble=380045&_xt=AER&_xf=pdf""> AER </a>",2013-11-25 00:00:00,Veterinarian,United States,MALE,Dog,Spitz - German Pomeranian,Metacam 1.5 mg/ml - Oral suspension (dogs),"Elevated blood urea nitrogen (BUN), Elevated creatinine",1,1,
US-DEBIAHP-2013US13081,"<a target=""_blank""  href=""/xmlpserver/EVVET3 PW NEW/Subject Area Contents/Public Website/Report (PDF)/AER.xdo?_xpf=&_xpt=1&_params%2FOracle%20BI%20EE%3A%3ADefaultApp%3A%3AEVVET3%20PR%20NEW%2FAER%3A%3Adimension%2FAER%20Id%3A%3Aattribute%3A%3Anoaggr%3A%3Axsd%3Adouble=379807&_xt=AER&_xf=pdf""> AER </a>",2013-11-22 00:00:00,Veterinarian,United States,UNKNOWN,Dog,Dachshund - Standard Wire-haired,Metacam 1.5 mg/ml - Oral suspension (dogs),"Death, Dehydration, Facial swelling (see also Skin), Laboured breathing, Lateral recumbency, Leukopenia NOS, Smelly breath",1,1,
US-DEBIAHP-2013US13095,"<a target=""_blank""  href=""/xmlpserver/EVVET3 PW NEW/Subject Area Contents/Public Website/Report (PDF)/AER.xdo?_xpf=&_xpt=1&_params%2FOracle%20BI%20EE%3A%3ADefaultApp%3A%3AEVVET3%20PR%20NEW%2FAER%3A%3Adimension%2FAER%20Id%3A%3Aattribute%3A%3Anoaggr%3A%3Axsd%3Adouble=380161&_xt=AER&_xf=pdf""> AER </a>",2013-11-26 00:00:00,Animal owner,United States,MALE,Dog,Maltese,"Metacam 0.5 mg/ml - Oral suspension (cats, guinea pigs), Metacam 0.5 mg/ml - Oral suspension (dogs)","Anxiety, Panting, Shaking",1,1,
US-DEBIAHP-2013US13133,"<a target=""_blank""  href=""/xmlpserver/EVVET3 PW NEW/Subject Area Contents/Public Website/Report (PDF)/AER.xdo?_xpf=&_xpt=1&_params%2FOracle%20BI%20EE%3A%3ADefaultApp%3A%3AEVVET3%20PR%20NEW%2FAER%3A%3Adimension%2FAER%20Id%3A%3Aattribute%3A%3Anoaggr%3A%3Axsd%3Adouble=379011&_xt=AER&_xf=pdf""> AER </a>",2013-11-15 00:00:00,Veterinarian,United States,MALE,Dog,Beagle,Metacam 1.5 mg/ml - Oral suspension (dogs),"Agitation, Dilated pupils",1,1,
US-DEBIAHP-2013US13180,"<a target=""_blank""  href=""/xmlpserver/EVVET3 PW NEW/Subject Area Contents/Public Website/Report (PDF)/AER.xdo?_xpf=&_xpt=1&_params%2FOracle%20BI%20EE%3A%3ADefaultApp%3A%3AEVVET3%20PR%20NEW%2FAER%3A%3Adimension%2FAER%20Id%3A%3Aattribute%3A%3Anoaggr%3A%3Axsd%3Adouble=381200&_xt=AER&_xf=pdf""> AER </a>",2013-12-04 00:00:00,Other health care professional,United States,MALE,Dog,Retriever - Golden,Metacam 1.5 mg/ml - Oral suspension (dogs),"Decreased red blood cell count, Elevated alanine aminotransferase (ALT), Hyperphosphataemia, Lethargy (see also Central nervous system depression in Neurological), Loose stool, Neutrophilia, Not eating, Other abnormal test result NOS, Thrombocytosis, Vomiting, Weight loss",1,1,
US-DEBIAHP-2013US13182,"<a target=""_blank""  href=""/xmlpserver/EVVET3 PW NEW/Subject Area Contents/Public Website/Report (PDF)/AER.xdo?_xpf=&_xpt=1&_params%2FOracle%20BI%20EE%3A%3ADefaultApp%3A%3AEVVET3%20PR%20NEW%2FAER%3A%3Adimension%2FAER%20Id%3A%3Aattribute%3A%3Anoaggr%3A%3Axsd%3Adouble=381770&_xt=AER&_xf=pdf""> AER </a>",2013-12-09 00:00:00,Other health care professional,United States,FEMALE,Dog,Terrier - Boston,"Metacam 0.5 mg/ml - Oral suspension (cats, guinea pigs), Metacam 0.5 mg/ml - Oral suspension (dogs)","Diarrhoea, Flatulence, Painful defecation",1,1,
US-DEBIAHP-2013US13324,"<a target=""_blank""  href=""/xmlpserver/EVVET3 PW NEW/Subject Area Contents/Public Website/Report (PDF)/AER.xdo?_xpf=&_xpt=1&_params%2FOracle%20BI%20EE%3A%3ADefaultApp%3A%3AEVVET3%20PR%20NEW%2FAER%3A%3Adimension%2FAER%20Id%3A%3Aattribute%3A%3Anoaggr%3A%3Axsd%3Adouble=383752&_xt=AER&_xf=pdf""> AER </a>",2013-12-31 00:00:00,Veterinarian,United States,MALE,Dog,Doberman Pinscher,"Metacam 1.5 mg/ml - Oral suspension (dogs), Soloxine 0.1 mg Tablet, Soloxine 0.2 mg Tablet, Soloxine 0.3 mg Tablet, Soloxine 0.5 mg Tablet, Soloxine 0.8 mg Tablet, Tramadog 50 mg tablet for dogs","Elevated alanine aminotransferase (ALT), Elevated serum alkaline phosphatase (ALP)",1,1,
US-DEBIAHP-2013US13325,"<a target=""_blank""  href=""/xmlpserver/EVVET3 PW NEW/Subject Area Contents/Public Website/Report (PDF)/AER.xdo?_xpf=&_xpt=1&_params%2FOracle%20BI%20EE%3A%3ADefaultApp%3A%3AEVVET3%20PR%20NEW%2FAER%3A%3Adimension%2FAER%20Id%3A%3Aattribute%3A%3Anoaggr%3A%3Axsd%3Adouble=380974&_xt=AER&_xf=pdf""> AER </a>",2013-12-02 00:00:00,Animal owner,United States,FEMALE,Dog,Dog (other),"Metacam 0.5 mg/ml - Oral suspension (cats, guinea pigs), Metacam 0.5 mg/ml - Oral suspension (dogs)","Diarrhoea, Vomiting",1,1,
US-DEBIAHP-2013US13380,"<a target=""_blank""  href=""/xmlpserver/EVVET3 PW NEW/Subject Area Contents/Public Website/Report (PDF)/AER.xdo?_xpf=&_xpt=1&_params%2FOracle%20BI%20EE%3A%3ADefaultApp%3A%3AEVVET3%20PR%20NEW%2FAER%3A%3Adimension%2FAER%20Id%3A%3Aattribute%3A%3Anoaggr%3A%3Axsd%3Adouble=381007&_xt=AER&_xf=pdf""> AER </a>",2013-12-03 00:00:00,Veterinarian,United States,FEMALE,Dog,Terrier - Yorkshire,Metacam 1.5 mg/ml - Oral suspension (dogs),"Head shake - ear disorder, Lethargy (see also Central nervous system depression in Neurological), Pale mucous membrane, Vocalisation, Vomiting",1,1,
US-DEBIAHP-2013US13447,"<a target=""_blank""  href=""/xmlpserver/EVVET3 PW NEW/Subject Area Contents/Public Website/Report (PDF)/AER.xdo?_xpf=&_xpt=1&_params%2FOracle%20BI%20EE%3A%3ADefaultApp%3A%3AEVVET3%20PR%20NEW%2FAER%3A%3Adimension%2FAER%20Id%3A%3Aattribute%3A%3Anoaggr%3A%3Axsd%3Adouble=379773&_xt=AER&_xf=pdf""> AER </a>",2013-11-21 00:00:00,Veterinarian,United States,MALE,Dog,Shepherd Dog - German,Metacam 1.5 mg/ml - Oral suspension (dogs),Corneal disorder NOS,1,1,
US-DEBIAHP-2013US13500,"<a target=""_blank""  href=""/xmlpserver/EVVET3 PW NEW/Subject Area Contents/Public Website/Report (PDF)/AER.xdo?_xpf=&_xpt=1&_params%2FOracle%20BI%20EE%3A%3ADefaultApp%3A%3AEVVET3%20PR%20NEW%2FAER%3A%3Adimension%2FAER%20Id%3A%3Aattribute%3A%3Anoaggr%3A%3Axsd%3Adouble=381476&_xt=AER&_xf=pdf""> AER </a>",2013-12-05 00:00:00,Veterinarian,United States,MALE,Dog,Poodle - Miniature,"Metacam 0.5 mg/ml - Oral suspension (cats, guinea pigs), Metacam 0.5 mg/ml - Oral suspension (dogs)","Dyspnoea, Tachypnoea",1,1,
US-DEBIAHP-2013US13503,"<a target=""_blank""  href=""/xmlpserver/EVVET3 PW NEW/Subject Area Contents/Public Website/Report (PDF)/AER.xdo?_xpf=&_xpt=1&_params%2FOracle%20BI%20EE%3A%3ADefaultApp%3A%3AEVVET3%20PR%20NEW%2FAER%3A%3Adimension%2FAER%20Id%3A%3Aattribute%3A%3Anoaggr%3A%3Axsd%3Adouble=381398&_xt=AER&_xf=pdf""> AER </a>",2013-12-05 00:00:00,Animal owner,United States,FEMALE,Dog,Beagle,Metacam 1.5 mg/ml - Oral suspension (dogs),Lethargy (see also Central nervous system depression in Neurological),1,1,
US-DEBIAHP-2013US13544,"<a target=""_blank""  href=""/xmlpserver/EVVET3 PW NEW/Subject Area Contents/Public Website/Report (PDF)/AER.xdo?_xpf=&_xpt=1&_params%2FOracle%20BI%20EE%3A%3ADefaultApp%3A%3AEVVET3%20PR%20NEW%2FAER%3A%3Adimension%2FAER%20Id%3A%3Aattribute%3A%3Anoaggr%3A%3Axsd%3Adouble=381401&_xt=AER&_xf=pdf""> AER </a>",2013-12-05 00:00:00,Veterinarian,United States,FEMALE,Dog,Dachshund - Miniature,Metacam 1.5 mg/ml - Oral suspension (dogs),"Hives (see also Skin), Vomiting",1,1,
US-DEBIAHP-2013US13608,"<a target=""_blank""  href=""/xmlpserver/EVVET3 PW NEW/Subject Area Contents/Public Website/Report (PDF)/AER.xdo?_xpf=&_xpt=1&_params%2FOracle%20BI%20EE%3A%3ADefaultApp%3A%3AEVVET3%20PR%20NEW%2FAER%3A%3Adimension%2FAER%20Id%3A%3Aattribute%3A%3Anoaggr%3A%3Axsd%3Adouble=381475&_xt=AER&_xf=pdf""> AER </a>",2013-12-05 00:00:00,Veterinarian,United States,FEMALE,Dog,Terrier - Yorkshire,Metacam 1.5 mg/ml - Oral suspension (dogs),"Death, Injection site swelling, Lethargy (see also Central nervous system depression in Neurological)",1,1,
US-DEBIAHP-2013US13761,"<a target=""_blank""  href=""/xmlpserver/EVVET3 PW NEW/Subject Area Contents/Public Website/Report (PDF)/AER.xdo?_xpf=&_xpt=1&_params%2FOracle%20BI%20EE%3A%3ADefaultApp%3A%3AEVVET3%20PR%20NEW%2FAER%3A%3Adimension%2FAER%20Id%3A%3Aattribute%3A%3Anoaggr%3A%3Axsd%3Adouble=382422&_xt=AER&_xf=pdf""> AER </a>",2013-12-16 00:00:00,Veterinarian,United States,FEMALE,Dog,Dog (other),Metacam 1.5 mg/ml - Oral suspension (dogs),"Polydipsia, Polyuria",1,1,
US-DEBIAHP-2013US13852,"<a target=""_blank""  href=""/xmlpserver/EVVET3 PW NEW/Subject Area Contents/Public Website/Report (PDF)/AER.xdo?_xpf=&_xpt=1&_params%2FOracle%20BI%20EE%3A%3ADefaultApp%3A%3AEVVET3%20PR%20NEW%2FAER%3A%3Adimension%2FAER%20Id%3A%3Aattribute%3A%3Anoaggr%3A%3Axsd%3Adouble=382354&_xt=AER&_xf=pdf""> AER </a>",2013-12-16 00:00:00,Veterinarian,United States,MALE,Dog,Boxer (German Boxer),Metacam 1.5 mg/ml - Oral suspension (dogs),"Death, Panting",1,1,
US-DEBIAHP-2013US13970,"<a target=""_blank""  href=""/xmlpserver/EVVET3 PW NEW/Subject Area Contents/Public Website/Report (PDF)/AER.xdo?_xpf=&_xpt=1&_params%2FOracle%20BI%20EE%3A%3ADefaultApp%3A%3AEVVET3%20PR%20NEW%2FAER%3A%3Adimension%2FAER%20Id%3A%3Aattribute%3A%3Anoaggr%3A%3Axsd%3Adouble=382656&_xt=AER&_xf=pdf""> AER </a>",2013-12-18 00:00:00,Veterinarian,United States,FEMALE,Dog,Chihuahua,"Metacam 0.5 mg/ml - Oral suspension (cats, guinea pigs), Metacam 0.5 mg/ml - Oral suspension (dogs)","Blood in vomit, Bloody diarrhoea, Electrolyte disorder, Elevated alanine aminotransferase (ALT), Leukopenia NOS, Loose stool, Not drinking, Not eating, Other abnormal test result NOS",1,1,
US-DEBIAHP-2013US14024,"<a target=""_blank""  href=""/xmlpserver/EVVET3 PW NEW/Subject Area Contents/Public Website/Report (PDF)/AER.xdo?_xpf=&_xpt=1&_params%2FOracle%20BI%20EE%3A%3ADefaultApp%3A%3AEVVET3%20PR%20NEW%2FAER%3A%3Adimension%2FAER%20Id%3A%3Aattribute%3A%3Anoaggr%3A%3Axsd%3Adouble=382922&_xt=AER&_xf=pdf""> AER </a>",2013-12-20 00:00:00,Animal owner,United States,FEMALE,Dog,Retriever - Labrador,Metacam 1.5 mg/ml - Oral suspension (dogs),"Abdominal pain, Lip licking, Shaking",1,1,
US-DEBIAHP-2013US14100,"<a target=""_blank""  href=""/xmlpserver/EVVET3 PW NEW/Subject Area Contents/Public Website/Report (PDF)/AER.xdo?_xpf=&_xpt=1&_params%2FOracle%20BI%20EE%3A%3ADefaultApp%3A%3AEVVET3%20PR%20NEW%2FAER%3A%3Adimension%2FAER%20Id%3A%3Aattribute%3A%3Anoaggr%3A%3Axsd%3Adouble=383087&_xt=AER&_xf=pdf""> AER </a>",2013-12-20 00:00:00,Animal owner,United States,FEMALE,Dog,Terrier - Yorkshire,"Metacam 0.5 mg/ml - Oral suspension (cats, guinea pigs), Metacam 0.5 mg/ml - Oral suspension (dogs)",Gagging,1,1,
US-DEBIAHP-2013US14288,"<a target=""_blank""  href=""/xmlpserver/EVVET3 PW NEW/Subject Area Contents/Public Website/Report (PDF)/AER.xdo?_xpf=&_xpt=1&_params%2FOracle%20BI%20EE%3A%3ADefaultApp%3A%3AEVVET3%20PR%20NEW%2FAER%3A%3Adimension%2FAER%20Id%3A%3Aattribute%3A%3Anoaggr%3A%3Axsd%3Adouble=383579&_xt=AER&_xf=pdf""> AER </a>",2013-12-27 00:00:00,Animal owner,United States,MALE,Dog,Sheepdog - Shetland,"Metacam 1.5 mg/ml - Oral suspension (dogs), Tramadog 50 mg tablet for dogs",Limping,1,1,
US-DEBIAHP-2013US14336,"<a target=""_blank""  href=""/xmlpserver/EVVET3 PW NEW/Subject Area Contents/Public Website/Report (PDF)/AER.xdo?_xpf=&_xpt=1&_params%2FOracle%20BI%20EE%3A%3ADefaultApp%3A%3AEVVET3%20PR%20NEW%2FAER%3A%3Adimension%2FAER%20Id%3A%3Aattribute%3A%3Anoaggr%3A%3Axsd%3Adouble=383738&_xt=AER&_xf=pdf""> AER </a>",2013-12-31 00:00:00,Other health care professional,United States,MALE,Dog,Dog (other),Metacam 1.5 mg/ml - Oral suspension (dogs),"Not eating, Weight loss",1,1,
US-DEBIAHP-2013US14384,"<a target=""_blank""  href=""/xmlpserver/EVVET3 PW NEW/Subject Area Contents/Public Website/Report (PDF)/AER.xdo?_xpf=&_xpt=1&_params%2FOracle%20BI%20EE%3A%3ADefaultApp%3A%3AEVVET3%20PR%20NEW%2FAER%3A%3Adimension%2FAER%20Id%3A%3Aattribute%3A%3Anoaggr%3A%3Axsd%3Adouble=383743&_xt=AER&_xf=pdf""> AER </a>",2013-12-31 00:00:00,Veterinarian,United States,FEMALE,Dog,Dog (other),Metacam 1.5 mg/ml - Oral suspension (dogs),"Abnormal radiograph finding, Death, Elevated liver enzymes NOS, Fever, Inappetence, Intestinal perforation, Lethargy (see also Central nervous system depression in Neurological)",1,1,
US-FRMERIAL-12US067904,"<a target=""_blank""  href=""/xmlpserver/EVVET3 PW NEW/Subject Area Contents/Public Website/Report (PDF)/AER.xdo?_xpf=&_xpt=1&_params%2FOracle%20BI%20EE%3A%3ADefaultApp%3A%3AEVVET3%20PR%20NEW%2FAER%3A%3Adimension%2FAER%20Id%3A%3Aattribute%3A%3Anoaggr%3A%3Axsd%3Adouble=346520&_xt=AER&_xf=pdf""> AER </a>",2013-01-07 00:00:00,Veterinarian,United States,MALE,Dog,Retriever - Labrador,"Metacam 0.5 mg/ml - Oral suspension (cats, guinea pigs), Metacam 0.5 mg/ml - Oral suspension (dogs), Metacam 1 mg - Chewable tablet (dogs), Metacam 1.5 mg/ml - Oral suspension (dogs), Metacam 15 mg/ml - Oral suspension (horses), Metacam 15 mg/ml - Oral suspension (pigs), Metacam 2 mg/ml - Solution for injection (cats), Metacam 2.5 mg - Chewable tablet (dogs), Metacam 20 mg/ml - Solution for injection (cattle, pigs, horses), Metacam 40 mg/ml - Solution for injection (cattle, horses), Metacam 5 mg/ml - Solution for injection (cats, dogs), Metacam 5 mg/ml - Solution for injection (cattle, pigs), Metacam 5 mg/ml - Solution for injection (dogs)","Hind limb ataxia, Lethargy (see also Central nervous system depression in Neurological), Urine abnormalities NOS, Vomiting",1,1,
US-FRMERIAL-13US092716,"<a target=""_blank""  href=""/xmlpserver/EVVET3 PW NEW/Subject Area Contents/Public Website/Report (PDF)/AER.xdo?_xpf=&_xpt=1&_params%2FOracle%20BI%20EE%3A%3ADefaultApp%3A%3AEVVET3%20PR%20NEW%2FAER%3A%3Adimension%2FAER%20Id%3A%3Aattribute%3A%3Anoaggr%3A%3Axsd%3Adouble=377789&_xt=AER&_xf=pdf""> AER </a>",2013-11-04 00:00:00,Veterinarian,United States,FEMALE,Dog,Terrier - Jack Russell,"Convenia 80 mg/ml  - Powder and solvent for solution for injection, Metacam 0.5 mg/ml - Oral suspension (cats, guinea pigs), Metacam 0.5 mg/ml - Oral suspension (dogs), Metacam 1 mg - Chewable tablet (dogs), Metacam 1.5 mg/ml - Oral suspension (dogs), Metacam 15 mg/ml - Oral suspension (horses), Metacam 15 mg/ml - Oral suspension (pigs), Metacam 2 mg/ml - Solution for injection (cats), Metacam 2.5 mg - Chewable tablet (dogs), Metacam 20 mg/ml - Solution for injection (cattle, pigs, horses), Metacam 40 mg/ml - Solution for injection (cattle, horses), Metacam 5 mg/ml - Solution for injection (cats, dogs), Metacam 5 mg/ml - Solution for injection (cattle, pigs), Metacam 5 mg/ml - Solution for injection (dogs)","Abnormal menace reflex test, Bradycardia, Disorientation, High blood pressure, Hypoproteinaemia, Inappetence, Restlessness, Urine abnormalities NOS, Weakness",1,1,
US-OPAH-US20130006,"<a target=""_blank""  href=""/xmlpserver/EVVET3 PW NEW/Subject Area Contents/Public Website/Report (PDF)/AER.xdo?_xpf=&_xpt=1&_params%2FOracle%20BI%20EE%3A%3ADefaultApp%3A%3AEVVET3%20PR%20NEW%2FAER%3A%3Adimension%2FAER%20Id%3A%3Aattribute%3A%3Anoaggr%3A%3Axsd%3Adouble=348380&_xt=AER&_xf=pdf""> AER </a>",2013-01-18 00:00:00,Other health care professional,United States,MALE,Dog,Schnauzer - Miniature,"Dexdomitor 0.1 mg/ml - Solution for injection, Dexdomitor 0.5 mg/ml - Solution for injection, Fuxien vet 1000 mg/g inhalaatiohöyry, neste, ISOFLURANE-Vet 1000 mg/g liquido per inalazione per cani e gatti, ISOFLURIN 1000mg/g ΥΓΡΟ ΓΙΑ ΕΙΣΠΝΕΟΜΕΝΟΥΣ ΑΤΜΟΥΣ, Isoflurane 100% Inhalation Vapour, Liquid, Isoflurane 1000 mg/g Inhalation Vapour, liquid., Ketamin 10 % šķīdums injekcijām suņiem un kaķiem, Ketamin 10%, Ketamin 100 mg/ml, Ketamine 10% oplossing voor injectie voor honden en katten, Ketamine 10% pro inj., oplossing voor injectie voor honden en katten, Ketamine 10% šķīdums injekcijām suņiem un kaķiem, Ketamine 10%, oplossing voor injectie voor honden en katten, Metacam 0.5 mg/ml - Oral suspension (cats, guinea pigs), Metacam 0.5 mg/ml - Oral suspension (dogs), Metacam 1 mg - Chewable tablet (dogs), Metacam 1.5 mg/ml - Oral suspension (dogs), Metacam 15 mg/ml - Oral suspension (horses), Metacam 15 mg/ml - Oral suspension (pigs), Metacam 2 mg/ml - Solution for injection (cats), Metacam 2.5 mg - Chewable tablet (dogs), Metacam 20 mg/ml - Solution for injection (cattle, pigs, horses), Metacam 40 mg/ml - Solution for injection (cattle, horses), Metacam 5 mg/ml - Solution for injection (cats, dogs), Metacam 5 mg/ml - Solution for injection (cattle, pigs), Metacam 5 mg/ml - Solution for injection (dogs), КЕТАМИН 10 %",Electrolyte disorder,1,1,
US-OPAH-US20130253,"<a target=""_blank""  href=""/xmlpserver/EVVET3 PW NEW/Subject Area Contents/Public Website/Report (PDF)/AER.xdo?_xpf=&_xpt=1&_params%2FOracle%20BI%20EE%3A%3ADefaultApp%3A%3AEVVET3%20PR%20NEW%2FAER%3A%3Adimension%2FAER%20Id%3A%3Aattribute%3A%3Anoaggr%3A%3Axsd%3Adouble=373576&_xt=AER&_xf=pdf""> AER </a>",2013-09-19 00:00:00,Other health care professional,United States,FEMALE,Dog,Chihuahua,"Dexdomitor 0.1 mg/ml - Solution for injection, Dexdomitor 0.5 mg/ml - Solution for injection, Ketamin 10 % šķīdums injekcijām suņiem un kaķiem, Ketamin 10%, Ketamin 100 mg/ml, Ketamine 10% oplossing voor injectie voor honden en katten, Ketamine 10% pro inj., oplossing voor injectie voor honden en katten, Ketamine 10% šķīdums injekcijām suņiem un kaķiem, Ketamine 10%, oplossing voor injectie voor honden en katten, Metacam 0.5 mg/ml - Oral suspension (cats, guinea pigs), Metacam 0.5 mg/ml - Oral suspension (dogs), Metacam 1 mg - Chewable tablet (dogs), Metacam 1.5 mg/ml - Oral suspension (dogs), Metacam 15 mg/ml - Oral suspension (horses), Metacam 15 mg/ml - Oral suspension (pigs), Metacam 2 mg/ml - Solution for injection (cats), Metacam 2.5 mg - Chewable tablet (dogs), Metacam 20 mg/ml - Solution for injection (cattle, pigs, horses), Metacam 40 mg/ml - Solution for injection (cattle, horses), Metacam 5 mg/ml - Solution for injection (cats, dogs), Metacam 5 mg/ml - Solution for injection (cattle, pigs), Metacam 5 mg/ml - Solution for injection (dogs), Torbugesic 10 mg/ml Solution for Injection, Torbugesic Vet 10 mg/ml solution injectable pour chevaux, chiens et chats, Torbugesic Vet. 10 mg/ml injektionsvæske, opløsning, Torbuphanol Vet 10 mg/ml solution for injection for injection for horses, dogs and cats, КЕТАМИН 10 %","Death, Dyspnoea, Not eating, Reduced responses, Sedation, Unable to rise",1,1,1
US-UKDECHRAP-2013-2507,"<a target=""_blank""  href=""/xmlpserver/EVVET3 PW NEW/Subject Area Contents/Public Website/Report (PDF)/AER.xdo?_xpf=&_xpt=1&_params%2FOracle%20BI%20EE%3A%3ADefaultApp%3A%3AEVVET3%20PR%20NEW%2FAER%3A%3Adimension%2FAER%20Id%3A%3Aattribute%3A%3Anoaggr%3A%3Axsd%3Adouble=366338&_xt=AER&_xf=pdf""> AER </a>",2013-06-25 00:00:00,Veterinarian,United States,FEMALE,Dog,Shepherd Dog - German,"Metacam 0.5 mg/ml - Oral suspension (cats, guinea pigs), Metacam 0.5 mg/ml - Oral suspension (dogs), Metacam 1 mg - Chewable tablet (dogs), Metacam 1.5 mg/ml - Oral suspension (dogs), Metacam 15 mg/ml - Oral suspension (horses), Metacam 15 mg/ml - Oral suspension (pigs), Metacam 2 mg/ml - Solution for injection (cats), Metacam 2.5 mg - Chewable tablet (dogs), Metacam 20 mg/ml - Solution for injection (cattle, pigs, horses), Metacam 40 mg/ml - Solution for injection (cattle, horses), Metacam 5 mg/ml - Solution for injection (cats, dogs), Metacam 5 mg/ml - Solution for injection (cattle, pigs), Metacam 5 mg/ml - Solution for injection (dogs), Soloxine 0.1 mg Tablet, Soloxine 0.2 mg Tablet, Soloxine 0.3 mg Tablet, Soloxine 0.5 mg Tablet, Soloxine 0.8 mg Tablet, Tramadog 50 mg tablet for dogs, Vitamine e oraal, 6,7 mg per ml, oplossing voor oraal gebruik.",Dry mouth,1,1,
US-UKPFIZAH-2012-US-42510,"<a target=""_blank""  href=""/xmlpserver/EVVET3 PW NEW/Subject Area Contents/Public Website/Report (PDF)/AER.xdo?_xpf=&_xpt=1&_params%2FOracle%20BI%20EE%3A%3ADefaultApp%3A%3AEVVET3%20PR%20NEW%2FAER%3A%3Adimension%2FAER%20Id%3A%3Aattribute%3A%3Anoaggr%3A%3Axsd%3Adouble=356068&_xt=AER&_xf=pdf""> AER </a>",2013-03-07 00:00:00,Other health care professional,United States,MALE,Dog,Dachshund - Standard Smooth-haired,"Cerenia 10 mg/ml  - Solution for injection, Cerenia 16 mg  - Tablet, Cerenia 160 mg  - Tablet, Cerenia 24 mg  - Tablet, Cerenia 60 mg - Tablet, DFV DOXIVET 200 mg/ml, solution for use in drinking water for pigs and chickens, DFV DOXIVET 500 mg/g, powder for use in drinking water for pigs and chickens, Doxycycline 100 mg tablet, voor honden en katten, Doxycycline 15 mg tabletten voor honden en katten, Doxycycline 20% W.O., Doxycycline 20% W.O. poeder voor toediening via drinkwater voor vleeskuikens, Doxycycline 50% WSP, 500 mg/g, prašak za primjenu u vodi za piće/mliječnoj zamjenici, za goveda, svinje i kokoši, Doxycycline 500 mg/kg, poeder voor gebruik in drinkwater voor varken en kip, Doxycycline 75 mg tabletten voor honden, Doxycycline tabletten 20 mg voor honden en katten, Metacam 0.5 mg/ml - Oral suspension (cats, guinea pigs), Metacam 0.5 mg/ml - Oral suspension (dogs), Metacam 1 mg - Chewable tablet (dogs), Metacam 1.5 mg/ml - Oral suspension (dogs), Metacam 15 mg/ml - Oral suspension (horses), Metacam 15 mg/ml - Oral suspension (pigs), Metacam 2 mg/ml - Solution for injection (cats), Metacam 2.5 mg - Chewable tablet (dogs), Metacam 20 mg/ml - Solution for injection (cattle, pigs, horses), Metacam 40 mg/ml - Solution for injection (cattle, horses), Metacam 5 mg/ml - Solution for injection (cats, dogs), Metacam 5 mg/ml - Solution for injection (cattle, pigs), Metacam 5 mg/ml - Solution for injection (dogs), SYNULOX (200+50)MG/TAB ΔΙΣΚΙΟ, SYNULOX (40+10)MG/TAB ΔΙΣΚΙΟ, SYNULOX 140 mg/ml + 35 mg/ml suspensión inyectable, SYNULOX 200 mg/50 mg tablety pre psy a mačky, SYNULOX 200/50 mg COMPRIMIDOS APETITOSOS PARA PERROS, SYNULOX 250 COMPRIMES POUR CHIENS, SYNULOX 250 mg, SYNULOX 250 mg kramtomosios tabletės šunims ir katėms, SYNULOX 250 mg tablete za pse in mačke, SYNULOX 250mg, δισκία για σκύλους και γάτες, SYNULOX 40 mg/10 mg tablety pre psy a mačky, SYNULOX 40 mg/ml + 10 mg/ml POLVO PARA GOTAS ORALES EN SUSPENSION, SYNULOX 40/10 MG COMPRIMIDOS APETITOSOS PARA PERROS Y GATOS, SYNULOX 400 mg/100 mg tablety pre psy, SYNULOX 400/100 mg COMPRIMIDOS APETITOSOS PARA PERROS, SYNULOX 50 COMPRIMES POUR CHIENS ET CHATS, SYNULOX 50 mg, SYNULOX 50 mg kramtomosios tabletės šunims ir katėms, SYNULOX 50 mg tablete za pse in mačke, SYNULOX 500 COMPRIMES POUR CHIENS, SYNULOX 500 mg kramtomosios tabletės šunims, SYNULOX 500 mg tablete za pse, SYNULOX 500 mg, kramtomosios tabletės šunims, SYNULOX 500MG/TAB ΔΙΣΚΙΟ, SYNULOX 50mg, δισκία για σκύλους και γάτες, SYNULOX OGIVETTES POUR VEAUX, SYNULOX SUSPENSION INJECTABLE POUR BOVINS, SYNULOX VET 140 mg/ml injektioneste, suspensio koiralle, kissalle ja sialle, SYNULOX suspensão injetável para suínos, bovinos, cães e gatos, SYNULOX vet 200 mg/50 mg tabletti, koiralle ja kissalle, SYNULOX vet 40 mg/10 mg tabletti, koiralle ja kissalle, SYNULOX vet 400 mg/100 mg tabletti, koiralle, SYNULOX, 400/100mg, Tableta, Synulox 250 mg Comprimés Appétents, Synulox 250 mg Smakelijke tabletten, Synulox 250 mg tabletes suņiem un kaķiem, Synulox 250 mg, tabletid koertele ja kassidele, Synulox 250 mg, таблетки за кучета и котки, Synulox 250mg (200 mg/50 mg)  Tabletten für Hunde, Synulox 50 mg Comprimés Appétents, Synulox 50 mg Smakelijke Tabletten, Synulox 50 mg tabletes suņiem un kaķiem, Synulox 50 mg, tabletid koertele ja kassidele, Synulox 50 mg, таблетки за кучета и котки, Synulox 500 mg Bolus 400 mg - 100 mg Omhulde tablet, Synulox 500 mg Comprimés Appétents, Synulox 500 mg Smakelijke Tabletten, Synulox 500 mg tabletes suņiem, Synulox 500 mg, tabletid koertele, Synulox 500mg (400 mg/100 mg) Tabletten für Hunde, Synulox 50mg (40 mg/10 mg) Tabletten für Hunde und Katzen, Synulox Bolus 500 mg, 400 mg + 100 mg comprimés enrobés pour veaux, Synulox Lactating Cow Intramammary suspension., Synulox Tabletki 250 mg, Synulox Tabletki 250 mg (200+50) mg/tablete; tabletes suņiem, Synulox Tabletki 50 mg, Synulox Tabletki 50 mg (40+10) mg/ tablete; tabletes suņiem un kaķiem, Synulox Tabletki 500 mg, Synulox Vet. til hund og ka","Abdominal pain, Abnormal radiograph finding, Abnormal ultrasound finding, Acute renal failure, Adipsia, Anorexia, Death by euthanasia, Decreased urine concentration, Dehydration, Diarrhoea, Digestive tract disorder NOS, Dilated renal pelvis, Elevated renal parameters, Emesis, Gall bladder & bile duct disorder NOS, Gastric distension, Hepatopathy, Hyperphosphataemia, Lack of efficacy - NOS, Leukocytosis NOS, Other abnormal test result NOS, Urine abnormalities NOS",1,1,1
US-UKPFIZAH-2013-US-28777,"<a target=""_blank""  href=""/xmlpserver/EVVET3 PW NEW/Subject Area Contents/Public Website/Report (PDF)/AER.xdo?_xpf=&_xpt=1&_params%2FOracle%20BI%20EE%3A%3ADefaultApp%3A%3AEVVET3%20PR%20NEW%2FAER%3A%3Adimension%2FAER%20Id%3A%3Aattribute%3A%3Anoaggr%3A%3Axsd%3Adouble=372169&_xt=AER&_xf=pdf""> AER </a>",2013-08-30 00:00:00,Other health care professional,United States,FEMALE,Dog,Spitz - German Pomeranian,"Convenia 80 mg/ml  - Powder and solvent for solution for injection, Metacam 0.5 mg/ml - Oral suspension (cats, guinea pigs), Metacam 0.5 mg/ml - Oral suspension (dogs), Metacam 1 mg - Chewable tablet (dogs), Metacam 1.5 mg/ml - Oral suspension (dogs), Metacam 15 mg/ml - Oral suspension (horses), Metacam 15 mg/ml - Oral suspension (pigs), Metacam 2 mg/ml - Solution for injection (cats), Metacam 2.5 mg - Chewable tablet (dogs), Metacam 20 mg/ml - Solution for injection (cattle, pigs, horses), Metacam 40 mg/ml - Solution for injection (cattle, horses), Metacam 5 mg/ml - Solution for injection (cats, dogs), Metacam 5 mg/ml - Solution for injection (cattle, pigs), Metacam 5 mg/ml - Solution for injection (dogs)","Cough, Death, Respiratory distress, Tracheal collapse",1,1,1
USA-BAYERBAH-2013-US0013790,"<a target=""_blank""  href=""/xmlpserver/EVVET3 PW NEW/Subject Area Contents/Public Website/Report (PDF)/AER.xdo?_xpf=&_xpt=1&_params%2FOracle%20BI%20EE%3A%3ADefaultApp%3A%3AEVVET3%20PR%20NEW%2FAER%3A%3Adimension%2FAER%20Id%3A%3Aattribute%3A%3Anoaggr%3A%3Axsd%3Adouble=363595&_xt=AER&_xf=pdf""> AER </a>",2013-05-23 00:00:00,Animal owner,United States,MALE,Dog,Retriever - Golden,"ADVANTIX 400 mg + 2000 mg SOLUCION SPOT-ON PARA PERROS (> 25 kg ≤ 40 kg), ADVANTIX soluţie spot-on pentru câini cu greutatea de la 10 kg până la 25 kg, ADVANTIX soluţie spot-on pentru câini cu greutatea de la 25 kg până la 40 kg, ADVANTIX soluţie spot-on pentru câini cu greutatea de la 4 kg până la 10 kg, ADVANTIX soluţie spot-on pentru câini cu greutatea de peste 40 kg până la 60 kg, ADVANTIX soluţie spot-on pentru câini cu greutatea până la 4 kg, Advantix 100 mg + 500 mg šķīdums pilināšanai suņiem (> 4 kg ≤ 10 kg), Advantix 250 mg + 1250 mg šķīdums pilināšanai suņiem (> 10 kg ≤ 25 kg), Advantix 40 mg + 200 mg šķīdums pilināšanai suņiem (≤ 4 kg), Advantix 400 mg + 2000 mg šķīdums pilināšanai suņiem (> 10 kg ≤ 25 kg), Advantix 600 mg + 3000 mg šķīdums pilināšanai uz ādas suņiem (> 40 kg ≤ 60 kg), Advantix Spot-on solution for dogs over 10 kg up to 25 kg, Advantix Spot-on solution for dogs over 25 kg up to 40 kg, Advantix Spot-on solution for dogs over 4 kg up to 10 kg, Advantix Spot-on solution for dogs over 40 kg to 60 kg, Advantix Spot-on solution for dogs up to 4 kg, Advantix, täpilahus koertele kuni 4 kg, Advantix, täpilahus koertele üle 10 kg kuni 25 kg, Advantix, täpilahus koertele üle 25 kg kuni 40 kg, Advantix, täpilahus koertele üle 4 kg kuni 10 kg, Advantix, täpilahus koertele üle 40 kg kuni 60 kg, Advantix, užlašinamasis tirpalas > 10–25 kg svorio šunims, Advantix, užlašinamasis tirpalas > 25–40 kg svorio šunims, Advantix, užlašinamasis tirpalas > 4-10 kg svorio šunims, Advantix, užlašinamasis tirpalas > 40–60 kg svorio šunims, Advantix, užlašinamasis tirpalas ≤ 4 kg svorio šunims, CEPHALEXIN 180 mg/ml suspenzija za injiciranje, Dexasone 2 mg/ml Roztwór do wstrzykiwań, Diazepam 10 mg, tabletten voor honden en katten, Diazepam 2 mg, tabletten voor honden en katten, Diazepam 5 mg, tabletten voor honden en katten, Diazepam 5 mg/ml, oplossing voor injectie voor honden en katten, Metacam 0.5 mg/ml - Oral suspension (cats, guinea pigs), Metacam 0.5 mg/ml - Oral suspension (dogs), Metacam 1 mg - Chewable tablet (dogs), Metacam 1.5 mg/ml - Oral suspension (dogs), Metacam 15 mg/ml - Oral suspension (horses), Metacam 15 mg/ml - Oral suspension (pigs), Metacam 2 mg/ml - Solution for injection (cats), Metacam 2.5 mg - Chewable tablet (dogs), Metacam 20 mg/ml - Solution for injection (cattle, pigs, horses), Metacam 40 mg/ml - Solution for injection (cattle, horses), Metacam 5 mg/ml - Solution for injection (cats, dogs), Metacam 5 mg/ml - Solution for injection (cattle, pigs), Metacam 5 mg/ml - Solution for injection (dogs), ZIAPAM 5 mg/ml, solution for injection for dogs and cats","Ataxia, Behavioural disorder NOS, Bradycardia, Fever, Hind limb ataxia, Hypersensitivity to movement, Hypomagnesaemic condition, Lethargy (see also Central nervous system depression in Neurological), Muscle tremor, Other abnormal test result NOS, Photosensitivity, Proprioception deficit, Seizure NOS",1,1,
USA-BAYERBAH-2013-US0025177,"<a target=""_blank""  href=""/xmlpserver/EVVET3 PW NEW/Subject Area Contents/Public Website/Report (PDF)/AER.xdo?_xpf=&_xpt=1&_params%2FOracle%20BI%20EE%3A%3ADefaultApp%3A%3AEVVET3%20PR%20NEW%2FAER%3A%3Adimension%2FAER%20Id%3A%3Aattribute%3A%3Anoaggr%3A%3Axsd%3Adouble=367095&_xt=AER&_xf=pdf""> AER </a>",2013-07-04 00:00:00,Veterinarian,United States,MALE,Dog,Retriever - Golden,"Metacam 0.5 mg/ml - Oral suspension (cats, guinea pigs), Metacam 0.5 mg/ml - Oral suspension (dogs), Metacam 1 mg - Chewable tablet (dogs), Metacam 1.5 mg/ml - Oral suspension (dogs), Metacam 15 mg/ml - Oral suspension (horses), Metacam 15 mg/ml - Oral suspension (pigs), Metacam 2 mg/ml - Solution for injection (cats), Metacam 2.5 mg - Chewable tablet (dogs), Metacam 20 mg/ml - Solution for injection (cattle, pigs, horses), Metacam 40 mg/ml - Solution for injection (cattle, horses), Metacam 5 mg/ml - Solution for injection (cats, dogs), Metacam 5 mg/ml - Solution for injection (cattle, pigs), Metacam 5 mg/ml - Solution for injection (dogs), Seresto 4.50 g + 2.03 g, collar for dogs > 8 kg, Tramadog 50 mg tablet for dogs","Anaemia NOS, Ataxia, Bone and joint disorder NOS, Collapse NOS (see also Cardio-vascular and Neurological disorders), Weakness",1,1,
USA-BAYERBAH-2013-US0048925,"<a target=""_blank""  href=""/xmlpserver/EVVET3 PW NEW/Subject Area Contents/Public Website/Report (PDF)/AER.xdo?_xpf=&_xpt=1&_params%2FOracle%20BI%20EE%3A%3ADefaultApp%3A%3AEVVET3%20PR%20NEW%2FAER%3A%3Adimension%2FAER%20Id%3A%3Aattribute%3A%3Anoaggr%3A%3Axsd%3Adouble=377645&_xt=AER&_xf=pdf""> AER </a>",2013-11-01 00:00:00,Animal owner,United States,FEMALE,Dog,Spaniel - Springer English,"Metacam 0.5 mg/ml - Oral suspension (cats, guinea pigs), Metacam 0.5 mg/ml - Oral suspension (dogs), Metacam 1 mg - Chewable tablet (dogs), Metacam 1.5 mg/ml - Oral suspension (dogs), Metacam 15 mg/ml - Oral suspension (horses), Metacam 15 mg/ml - Oral suspension (pigs), Metacam 2 mg/ml - Solution for injection (cats), Metacam 2.5 mg - Chewable tablet (dogs), Metacam 20 mg/ml - Solution for injection (cattle, pigs, horses), Metacam 40 mg/ml - Solution for injection (cattle, horses), Metacam 5 mg/ml - Solution for injection (cats, dogs), Metacam 5 mg/ml - Solution for injection (cattle, pigs), Metacam 5 mg/ml - Solution for injection (dogs), Proin 15 mg chewable tablets for dogs, Proin 50 mg chewable tablets for dogs, Seresto 4.50 g + 2.03 g, collar for dogs > 8 kg","Death by euthanasia, Seizure NOS",1,1,1
USA-PFZRCVMP-2013-US-05028,"<a target=""_blank""  href=""/xmlpserver/EVVET3 PW NEW/Subject Area Contents/Public Website/Report (PDF)/AER.xdo?_xpf=&_xpt=1&_params%2FOracle%20BI%20EE%3A%3ADefaultApp%3A%3AEVVET3%20PR%20NEW%2FAER%3A%3Adimension%2FAER%20Id%3A%3Aattribute%3A%3Anoaggr%3A%3Axsd%3Adouble=353858&_xt=AER&_xf=pdf""> AER </a>",2013-02-21 00:00:00,Veterinarian,United States,FEMALE,Dog,Lhasa Apso,"Metacam 0.5 mg/ml - Oral suspension (cats, guinea pigs), Metacam 0.5 mg/ml - Oral suspension (dogs), Metacam 1 mg - Chewable tablet (dogs), Metacam 1.5 mg/ml - Oral suspension (dogs), Metacam 15 mg/ml - Oral suspension (horses), Metacam 15 mg/ml - Oral suspension (pigs), Metacam 2 mg/ml - Solution for injection (cats), Metacam 2.5 mg - Chewable tablet (dogs), Metacam 20 mg/ml - Solution for injection (cattle, pigs, horses), Metacam 40 mg/ml - Solution for injection (cattle, horses), Metacam 5 mg/ml - Solution for injection (cats, dogs), Metacam 5 mg/ml - Solution for injection (cattle, pigs), Metacam 5 mg/ml - Solution for injection (dogs), Rimadyl vet. 100 mg Tuggtablett, Rimadyl vet. 20 mg Tuggtablett, Rimadyl vet. 50 mg Tuggtablett, Rimadyl vet., 100 mg, Tuggtablett","Death by euthanasia, Depression, Elevated renal parameters, Elevated serum alkaline phosphatase (ALP), Other abnormal test result NOS, Panting, Sedation",1,1,1
USA-PFZRCVMP-2013-US-14901,"<a target=""_blank""  href=""/xmlpserver/EVVET3 PW NEW/Subject Area Contents/Public Website/Report (PDF)/AER.xdo?_xpf=&_xpt=1&_params%2FOracle%20BI%20EE%3A%3ADefaultApp%3A%3AEVVET3%20PR%20NEW%2FAER%3A%3Adimension%2FAER%20Id%3A%3Aattribute%3A%3Anoaggr%3A%3Axsd%3Adouble=366253&_xt=AER&_xf=pdf""> AER </a>",2013-06-24 00:00:00,Veterinarian,United States,MALE,Dog,Boxer (German Boxer),"Cerenia 10 mg/ml  - Solution for injection, Metacam 0.5 mg/ml - Oral suspension (cats, guinea pigs), Metacam 0.5 mg/ml - Oral suspension (dogs), Metacam 1 mg - Chewable tablet (dogs), Metacam 1.5 mg/ml - Oral suspension (dogs), Metacam 15 mg/ml - Oral suspension (horses), Metacam 15 mg/ml - Oral suspension (pigs), Metacam 2 mg/ml - Solution for injection (cats), Metacam 2.5 mg - Chewable tablet (dogs), Metacam 20 mg/ml - Solution for injection (cattle, pigs, horses), Metacam 40 mg/ml - Solution for injection (cattle, horses), Metacam 5 mg/ml - Solution for injection (cats, dogs), Metacam 5 mg/ml - Solution for injection (cattle, pigs), Metacam 5 mg/ml - Solution for injection (dogs), VITAMIN K1 INJECTION, VITAMIVET K1 10 MG/ML SOLUTION FOR INJECTION FOR DOGS, VITAMIVET K1 50 MG FILM-COATED TABLETS FOR DOGS, Vanguard Plus 5 vakcina A.U.V., Vanguard Plus 5, liofilizat i rozpuszczalnik do sporządzania zawiesiny do wstrzykiwań dla psów, Vitamin K1 10 mg/ml Solution for Injection","Anaemia NOS, Blood in urine, Death by euthanasia, Lethargy (see also Central nervous system depression in Neurological), Pale mucous membrane, Systemic disorder NOS, Vomiting",1,1,1
USA-PFZRCVMP-2013-US-28828,"<a target=""_blank""  href=""/xmlpserver/EVVET3 PW NEW/Subject Area Contents/Public Website/Report (PDF)/AER.xdo?_xpf=&_xpt=1&_params%2FOracle%20BI%20EE%3A%3ADefaultApp%3A%3AEVVET3%20PR%20NEW%2FAER%3A%3Adimension%2FAER%20Id%3A%3Aattribute%3A%3Anoaggr%3A%3Axsd%3Adouble=377085&_xt=AER&_xf=pdf""> AER </a>",2013-10-28 00:00:00,Other health care professional,United States,UNKNOWN,Dog,Spitz - German Pomeranian,"Convenia 80 mg/ml  - Powder and solvent for solution for injection, Metacam 0.5 mg/ml - Oral suspension (cats, guinea pigs), Metacam 0.5 mg/ml - Oral suspension (dogs), Metacam 1 mg - Chewable tablet (dogs), Metacam 1.5 mg/ml - Oral suspension (dogs), Metacam 15 mg/ml - Oral suspension (horses), Metacam 15 mg/ml - Oral suspension (pigs), Metacam 2 mg/ml - Solution for injection (cats), Metacam 2.5 mg - Chewable tablet (dogs), Metacam 20 mg/ml - Solution for injection (cattle, pigs, horses), Metacam 40 mg/ml - Solution for injection (cattle, horses), Metacam 5 mg/ml - Solution for injection (cats, dogs), Metacam 5 mg/ml - Solution for injection (cattle, pigs), Metacam 5 mg/ml - Solution for injection (dogs)","Breathing difficulty, Death, Respiratory distress",1,1,1
USA-PFZRCVMP-2013-US-30719,"<a target=""_blank""  href=""/xmlpserver/EVVET3 PW NEW/Subject Area Contents/Public Website/Report (PDF)/AER.xdo?_xpf=&_xpt=1&_params%2FOracle%20BI%20EE%3A%3ADefaultApp%3A%3AEVVET3%20PR%20NEW%2FAER%3A%3Adimension%2FAER%20Id%3A%3Aattribute%3A%3Anoaggr%3A%3Axsd%3Adouble=378476&_xt=AER&_xf=pdf""> AER </a>",2013-11-12 00:00:00,Veterinarian,United States,FEMALE,Dog,Chihuahua,"Dexdomitor 0.1 mg/ml - Solution for injection, Dexdomitor 0.5 mg/ml - Solution for injection, Ketamin 10 % šķīdums injekcijām suņiem un kaķiem, Ketamin 10%, Ketamin 100 mg/ml, Ketamine 10% oplossing voor injectie voor honden en katten, Ketamine 10% pro inj., oplossing voor injectie voor honden en katten, Ketamine 10% šķīdums injekcijām suņiem un kaķiem, Ketamine 10%, oplossing voor injectie voor honden en katten, Metacam 0.5 mg/ml - Oral suspension (cats, guinea pigs), Metacam 0.5 mg/ml - Oral suspension (dogs), Metacam 1 mg - Chewable tablet (dogs), Metacam 1.5 mg/ml - Oral suspension (dogs), Metacam 15 mg/ml - Oral suspension (horses), Metacam 15 mg/ml - Oral suspension (pigs), Metacam 2 mg/ml - Solution for injection (cats), Metacam 2.5 mg - Chewable tablet (dogs), Metacam 20 mg/ml - Solution for injection (cattle, pigs, horses), Metacam 40 mg/ml - Solution for injection (cattle, horses), Metacam 5 mg/ml - Solution for injection (cats, dogs), Metacam 5 mg/ml - Solution for injection (cattle, pigs), Metacam 5 mg/ml - Solution for injection (dogs), Torbugesic 10 mg/ml Solution for Injection, КЕТАМИН 10 %","Anorexia, Death, Dyspnoea, Irregular breathing, Reduced responses, Sedation",1,1,1
USA-USBVFDAP-2013US03677,"<a target=""_blank""  href=""/xmlpserver/EVVET3 PW NEW/Subject Area Contents/Public Website/Report (PDF)/AER.xdo?_xpf=&_xpt=1&_params%2FOracle%20BI%20EE%3A%3ADefaultApp%3A%3AEVVET3%20PR%20NEW%2FAER%3A%3Adimension%2FAER%20Id%3A%3Aattribute%3A%3Anoaggr%3A%3Axsd%3Adouble=359824&_xt=AER&_xf=pdf""> AER </a>",2013-04-11 00:00:00,Veterinarian,United States,FEMALE,Dog,Chihuahua,Metacam 1.5 mg/ml - Oral suspension (dogs),Emesis,1,1,
USA-USBVFDAP-2013US06910,"<a target=""_blank""  href=""/xmlpserver/EVVET3 PW NEW/Subject Area Contents/Public Website/Report (PDF)/AER.xdo?_xpf=&_xpt=1&_params%2FOracle%20BI%20EE%3A%3ADefaultApp%3A%3AEVVET3%20PR%20NEW%2FAER%3A%3Adimension%2FAER%20Id%3A%3Aattribute%3A%3Anoaggr%3A%3Axsd%3Adouble=366383&_xt=AER&_xf=pdf""> AER </a>",2013-06-25 00:00:00,Veterinarian,United States,FEMALE,Dog,Dog (other),Metacam 1.5 mg/ml - Oral suspension (dogs),"Anorexia, Collapse NOS (see also Cardio-vascular and Neurological disorders), Death by euthanasia, Intestinal perforation, Lethargy (see also Central nervous system depression in Neurological)",1,1,1
USA-USMERIAL-13US026771,"<a target=""_blank""  href=""/xmlpserver/EVVET3 PW NEW/Subject Area Contents/Public Website/Report (PDF)/AER.xdo?_xpf=&_xpt=1&_params%2FOracle%20BI%20EE%3A%3ADefaultApp%3A%3AEVVET3%20PR%20NEW%2FAER%3A%3Adimension%2FAER%20Id%3A%3Aattribute%3A%3Anoaggr%3A%3Axsd%3Adouble=366909&_xt=AER&_xf=pdf""> AER </a>",2013-07-02 00:00:00,Animal owner,United States,FEMALE,Dog,Retriever - Golden,"CEPHALEXIN 180 mg/ml suspenzija za injiciranje, Metacam 0.5 mg/ml - Oral suspension (cats, guinea pigs), Metacam 0.5 mg/ml - Oral suspension (dogs), Metacam 1 mg - Chewable tablet (dogs), Metacam 1.5 mg/ml - Oral suspension (dogs), Metacam 15 mg/ml - Oral suspension (horses), Metacam 15 mg/ml - Oral suspension (pigs), Metacam 2 mg/ml - Solution for injection (cats), Metacam 2.5 mg - Chewable tablet (dogs), Metacam 20 mg/ml - Solution for injection (cattle, pigs, horses), Metacam 40 mg/ml - Solution for injection (cattle, horses), Metacam 5 mg/ml - Solution for injection (cats, dogs), Metacam 5 mg/ml - Solution for injection (cattle, pigs), Metacam 5 mg/ml - Solution for injection (dogs), Previcox 227 mg - Chewable tablet","Circling - neurological disorder (see also Behavioural disorders), Collapse NOS (see also Cardio-vascular and Neurological disorders), Hind limb paresis, Intestinal perforation, Pale mucous membrane, Vocalisation, Vomiting",1,1,
USA-USMERIAL-13US041401,"<a target=""_blank""  href=""/xmlpserver/EVVET3 PW NEW/Subject Area Contents/Public Website/Report (PDF)/AER.xdo?_xpf=&_xpt=1&_params%2FOracle%20BI%20EE%3A%3ADefaultApp%3A%3AEVVET3%20PR%20NEW%2FAER%3A%3Adimension%2FAER%20Id%3A%3Aattribute%3A%3Anoaggr%3A%3Axsd%3Adouble=366434&_xt=AER&_xf=pdf""> AER </a>",2013-06-26 00:00:00,Other health care professional,United States,FEMALE,Dog,Retriever - Golden,"ANTISEDAN, ANTISEDAN 5 mg/ml SOLUCIÓN INYECTABLE PARA PERROS Y GATOS, ANTISEDAN 5 mg/ml raztopina za injiciranje za pse in mačke, ANTISEDAN 5MG/ML ΕΝΕΣΙΜΟ ΔΙΑΛΥΜΑ, ANTISEDAN SOLUTION INJECTABLE POUR CHIENS ET CHATS, ANTISEDAN, 5 mg/mL, otopina za injekciju, za pse i mačke, Antisedan 5 mg/ 1 ml, roztwór do wstrzykiwań dla psów i kotów, Antisedan 5 mg/ml  Injektionslösung für Hunde und Katzen, Antisedan 5 mg/ml - Injektionslösung für Hunde und Katzen, Antisedan 5 mg/ml Oplossing voor injectie, Antisedan 5 mg/ml Solution injectable, Antisedan 5 mg/ml injekčný roztok pre psy a mačky, Antisedan 5 mg/ml oldatos injekció kutya és macska részére.A.U.V., Antisedan 5 mg/ml solution for injection, Antisedan 5 mg/ml solução injetável para cães e gatos, Antisedan Vet 5 mg/ml injekcinis tirpalas, Antisedan Vet 5 mg/ml šķīdums injekcijām, Antisedan Vet, 5 mg/ml süstelahus, Antisedan Vet. 5 mg/ml injektionsvæske, opløsning, Antisedan vet 5 mg/ml injektioneste, liuos, Antisedan vet. 5 mg/ml Injektionsvätska, lösning, Antisedan vet. 5 mg/ml Stungulyf, lausn Handa hundum og köttum., Antisedan vet. 5 mg/ml injeksjonsvæske, oppløsning, til hund og katt, Antisedan vet., 5 mg/ml, Injektionsvätska, lösning, Antisedan, 5 mg/ml oplossing voor injectie voor honden en katten, Antisedan, 5mg/ml, Injekční roztok, CEPHALEXIN 180 mg/ml suspenzija za injiciranje, DOMITOR 1 mg/ml raztopina za injiciranje za pse in mačke, DOMITOR 1 mg/ml ενέσιμο διάλυμα για σκύλους και γάτες, DOMITOR 1 mg/ml, soluție injectabilă pentru câini și pisici, DOMITOR, 1 mg/mL, otopina za injekciju za pse i mačke, DOMITOR, 1mg/ml, Injekční roztok, DOMITOR, SOLUTION INJECTABLE, Domitor, Domitor 1 mg/1 ml, roztwór do wstrzykiwań dla psów i kotów, Domitor 1 mg/ml - Injektionslösung für Hunde und Katzen, Domitor 1 mg/ml Oplossing voor injectie, Domitor 1 mg/ml Solution injectable, Domitor 1 mg/ml injekčný roztok, Domitor 1 mg/ml oldatos injekció kutyáknak és macskáknak A.U.V., Domitor 1 mg/ml solution for injection, Domitor 1 mg/ml soluzione iniettabile per cani e gatti, Domitor Vet 1 mg/ml injekcinis tirpalas, Domitor Vet 1 mg/ml šķīdums injekcijām, Domitor Vet, 1 mg/ml süstelahus, Domitor Vet. 1 mg/ml injektionsvæske, opløsning, Domitor vet 1 mg/ml injektioneste, liuos, Domitor vet. 1 mg/ml Injektionsvätska, lösning, Domitor vet. 1 mg/ml injeksjonsvæske, oppløsning til hund og katt, Metacam 0.5 mg/ml - Oral suspension (cats, guinea pigs), Metacam 0.5 mg/ml - Oral suspension (dogs), Metacam 1 mg - Chewable tablet (dogs), Metacam 1.5 mg/ml - Oral suspension (dogs), Metacam 15 mg/ml - Oral suspension (horses), Metacam 15 mg/ml - Oral suspension (pigs), Metacam 2 mg/ml - Solution for injection (cats), Metacam 2.5 mg - Chewable tablet (dogs), Metacam 20 mg/ml - Solution for injection (cattle, pigs, horses), Metacam 40 mg/ml - Solution for injection (cattle, horses), Metacam 5 mg/ml - Solution for injection (cats, dogs), Metacam 5 mg/ml - Solution for injection (cattle, pigs), Metacam 5 mg/ml - Solution for injection (dogs), Previcox 227 mg - Chewable tablet, АНТИСЕДАН ВЕТ 5 mg/ml инжекционен разтвор, Домитор Вет 1 mg/ml инжекционен разтвор за кучета и котки","Decreased urine concentration, Elevated blood urea nitrogen (BUN), Elevated creatinine, Elevated serum alkaline phosphatase (ALP), Hyperphosphataemia, Hypothyroidism, Lethargy (see also Central nervous system depression in Neurological), Leukocytosis NOS, Lymphopenia, Neutrophilia, Not drinking, Other abnormal test result NOS, Vomiting",1,1,
USA-USMERIAL-13US064895,"<a target=""_blank""  href=""/xmlpserver/EVVET3 PW NEW/Subject Area Contents/Public Website/Report (PDF)/AER.xdo?_xpf=&_xpt=1&_params%2FOracle%20BI%20EE%3A%3ADefaultApp%3A%3AEVVET3%20PR%20NEW%2FAER%3A%3Adimension%2FAER%20Id%3A%3Aattribute%3A%3Anoaggr%3A%3Axsd%3Adouble=371505&_xt=AER&_xf=pdf""> AER </a>",2013-08-23 00:00:00,Veterinarian,United States,MALE,Dog,Boxer (German Boxer),"IMMITICIDE, IMMITICIDE 25 mg/ml pó e solvente para solução injetável para cães, Metacam 0.5 mg/ml - Oral suspension (cats, guinea pigs), Metacam 0.5 mg/ml - Oral suspension (dogs), Metacam 1 mg - Chewable tablet (dogs), Metacam 1.5 mg/ml - Oral suspension (dogs), Metacam 15 mg/ml - Oral suspension (horses), Metacam 15 mg/ml - Oral suspension (pigs), Metacam 2 mg/ml - Solution for injection (cats), Metacam 2.5 mg - Chewable tablet (dogs), Metacam 20 mg/ml - Solution for injection (cattle, pigs, horses), Metacam 40 mg/ml - Solution for injection (cattle, horses), Metacam 5 mg/ml - Solution for injection (cats, dogs), Metacam 5 mg/ml - Solution for injection (cattle, pigs), Metacam 5 mg/ml - Solution for injection (dogs)",Circulatory collapse (see also Neurological and Systemic disorders),1,1,
USA-ZZELANCO-US201318925,"<a target=""_blank""  href=""/xmlpserver/EVVET3 PW NEW/Subject Area Contents/Public Website/Report (PDF)/AER.xdo?_xpf=&_xpt=1&_params%2FOracle%20BI%20EE%3A%3ADefaultApp%3A%3AEVVET3%20PR%20NEW%2FAER%3A%3Adimension%2FAER%20Id%3A%3Aattribute%3A%3Anoaggr%3A%3Axsd%3Adouble=369244&_xt=AER&_xf=pdf""> AER </a>",2013-07-30 00:00:00,Animal owner,United States,FEMALE,Dog,Rottweiler,"Comfortis 1620 mg  - Chewable tablet, Metacam 0.5 mg/ml - Oral suspension (cats, guinea pigs), Metacam 0.5 mg/ml - Oral suspension (dogs), Metacam 1 mg - Chewable tablet (dogs), Metacam 1.5 mg/ml - Oral suspension (dogs), Metacam 15 mg/ml - Oral suspension (horses), Metacam 15 mg/ml - Oral suspension (pigs), Metacam 2 mg/ml - Solution for injection (cats), Metacam 2.5 mg - Chewable tablet (dogs), Metacam 20 mg/ml - Solution for injection (cattle, pigs, horses), Metacam 40 mg/ml - Solution for injection (cattle, horses), Metacam 5 mg/ml - Solution for injection (cats, dogs), Metacam 5 mg/ml - Solution for injection (cattle, pigs), Metacam 5 mg/ml - Solution for injection (dogs), Proin 15 mg chewable tablets for dogs, Proin 50 mg chewable tablets for dogs","Death by euthanasia, Emesis, Itching, Lack of efficacy - NOS, Neoplasia NOS, Systemic disorder NOS",1,1,1
USA-ZZELANCO-US201338654,"<a target=""_blank""  href=""/xmlpserver/EVVET3 PW NEW/Subject Area Contents/Public Website/Report (PDF)/AER.xdo?_xpf=&_xpt=1&_params%2FOracle%20BI%20EE%3A%3ADefaultApp%3A%3AEVVET3%20PR%20NEW%2FAER%3A%3Adimension%2FAER%20Id%3A%3Aattribute%3A%3Anoaggr%3A%3Axsd%3Adouble=383712&_xt=AER&_xf=pdf""> AER </a>",2013-12-30 00:00:00,Animal owner,United States,FEMALE,Dog,Terrier - Yorkshire,"Comfortis 140 mg - Chewable tablet, Metacam 0.5 mg/ml - Oral suspension (cats, guinea pigs), Metacam 0.5 mg/ml - Oral suspension (dogs), Metacam 1 mg - Chewable tablet (dogs), Metacam 1.5 mg/ml - Oral suspension (dogs), Metacam 15 mg/ml - Oral suspension (horses), Metacam 15 mg/ml - Oral suspension (pigs), Metacam 2 mg/ml - Solution for injection (cats), Metacam 2.5 mg - Chewable tablet (dogs), Metacam 20 mg/ml - Solution for injection (cattle, pigs, horses), Metacam 40 mg/ml - Solution for injection (cattle, horses), Metacam 5 mg/ml - Solution for injection (cats, dogs), Metacam 5 mg/ml - Solution for injection (cattle, pigs), Metacam 5 mg/ml - Solution for injection (dogs)","Abdominal discomfort, Abnormal stool colouration, Blood in vomit, Bloody diarrhoea, Diarrhoea, Elevated blood urea nitrogen (BUN), Increased urine concentration, Lethargy (see also Central nervous system depression in Neurological), Not eating, Other abnormal test result NOS, Pallor, Pancreatitis NOS, Vomiting",1,1,
ZA-DEBIAHP-2013ZA00003,"<a target=""_blank""  href=""/xmlpserver/EVVET3 PW NEW/Subject Area Contents/Public Website/Report (PDF)/AER.xdo?_xpf=&_xpt=1&_params%2FOracle%20BI%20EE%3A%3ADefaultApp%3A%3AEVVET3%20PR%20NEW%2FAER%3A%3Adimension%2FAER%20Id%3A%3Aattribute%3A%3Anoaggr%3A%3Axsd%3Adouble=368327&_xt=AER&_xf=pdf""> AER </a>",2013-07-19 00:00:00,Veterinarian,South Africa,MALE,Dog,Rottweiler,Metacam 1.5 mg/ml - Oral suspension (dogs),"Blood in faeces, Vomiting",1,1,
ZA-DEBIAHP-2013ZA00004,"<a target=""_blank""  href=""/xmlpserver/EVVET3 PW NEW/Subject Area Contents/Public Website/Report (PDF)/AER.xdo?_xpf=&_xpt=1&_params%2FOracle%20BI%20EE%3A%3ADefaultApp%3A%3AEVVET3%20PR%20NEW%2FAER%3A%3Adimension%2FAER%20Id%3A%3Aattribute%3A%3Anoaggr%3A%3Axsd%3Adouble=377308&_xt=AER&_xf=pdf""> AER </a>",2013-10-30 00:00:00,Veterinarian,South Africa,UNKNOWN,Dog,Dog (other),Metacam 1.5 mg/ml - Oral suspension (dogs),Vomiting,1,1,