Case number,AER form,Received date,Reporter,Country,Gender,Species,Breed,Drug,Reaction,Animals affected,Animals treated,Animals died
AUS-BIAHPV1P-19AU001372,"<a target=""_blank""  href=""/xmlpserver/EVVET3 PW NEW/Subject Area Contents/Public Website/Report (PDF)/AER.xdo?_xpf=&_xpt=1&_params%2FOracle%20BI%20EE%3A%3ADefaultApp%3A%3AEVVET3%20PR%20NEW%2FAER%3A%3Adimension%2FAER%20Id%3A%3Aattribute%3A%3Anoaggr%3A%3Axsd%3Adouble=1368807&_xt=AER&_xf=pdf""> AER </a>",2019-12-24 00:00:00,Veterinarian,Australia,FEMALE,Dog,"Deutsche Dogge, Great Dane","CARDOTEK 30 PLUS 272 mcg / 652 mg COMPRIMIDOS MASTICABLES, NexGard Spectra 150 mg + 30 mg - Chewable tablet, Onsior 10 mg  - Tablet (dogs), Onsior 20 mg  - Tablet (dogs), Onsior 20 mg/ml  - Solution for injection (cats and dogs), Onsior 40 mg  - Tablet (dogs), Onsior 5 mg  - Tablet (dogs), Onsior 6 mg  - Tablet (cats)",Lack of efficacy (endoparasite) - heartworm,1,1,
AUS-MERCKMSD-2018-AU-00917,"<a target=""_blank""  href=""/xmlpserver/EVVET3 PW NEW/Subject Area Contents/Public Website/Report (PDF)/AER.xdo?_xpf=&_xpt=1&_params%2FOracle%20BI%20EE%3A%3ADefaultApp%3A%3AEVVET3%20PR%20NEW%2FAER%3A%3Adimension%2FAER%20Id%3A%3Aattribute%3A%3Anoaggr%3A%3Axsd%3Adouble=1274016&_xt=AER&_xf=pdf""> AER </a>",2019-02-06 00:00:00,Veterinarian,Australia,MALE,Dog,Crossbred Canine/dog,"CANINSULIN 40 UI/ml SUSPENSION INYECTABLE PARA PERROS Y GATOS, CANINSULIN 40 UI/ml suspensie injectabilă pentru câini și pisici, CANINSULIN 40 UI/ml, sospensione iniettabile per cani e gatti, CANINSULIN 40 i.e./ml suspenzija za injiciranje, CANINSULIN 40IU/ML ΕΝΕΣΙΜΟ ΕΝΑΙΩΡΗΜΑ, CANINSULIN SUSPENSION INJECTABLE POUR CHIENS ET CHATS, Caninsulin 40 IU/ml Suspensie voor injectie, Caninsulin 40 IU/ml Suspension for Injection, Caninsulin 40 IU/ml injekčná suspenzia pre psy a mačky, Caninsulin 40 IU/ml suspensija injekcijām suņiem un kaķiem, Caninsulin 40 NE/ml szuszpenziós injekció kutyák és macskák részére, Caninsulin 40 j.m./ml Zawiesina do wstrzykiwań, Caninsulin Vet. 40 IE/ml injektionsvæske, suspension, Caninsulin vet. 40 TV/ml, injekcinė suspensija šunims ir katėms, Caninsulin, 40 I.E./ml, Caninsulin, 40 I.E./ml, Injektionssuspension für Hunde und Katzen, Caninsulin, 40 I.U./ml, suspension injectable, pour chiens et chats, Caninsulin, 40 IE/ml suspensie voor injectie voor hond en kat, Caninsulin, 40 ui/ml suspensão injetável para cães e gatos, Caninsulin, 40IU/ml, Injekční suspenze, Caninsulin® vet. 40 IU/ml, suspension for injection, Onsior 10 mg  - Tablet (dogs), Onsior 20 mg  - Tablet (dogs), Onsior 20 mg/ml  - Solution for injection (cats and dogs), Onsior 40 mg  - Tablet (dogs), Onsior 5 mg  - Tablet (dogs), Onsior 6 mg  - Tablet (cats)","Cough, Death by euthanasia, Inappetence, Lethargy (see also Central nervous system depression in Neurological)",1,1,1
BE-FAGG-DVV-N2019-421,"<a target=""_blank""  href=""/xmlpserver/EVVET3 PW NEW/Subject Area Contents/Public Website/Report (PDF)/AER.xdo?_xpf=&_xpt=1&_params%2FOracle%20BI%20EE%3A%3ADefaultApp%3A%3AEVVET3%20PR%20NEW%2FAER%3A%3Adimension%2FAER%20Id%3A%3Aattribute%3A%3Anoaggr%3A%3Axsd%3Adouble=1332942&_xt=AER&_xf=pdf""> AER </a>",2019-08-26 00:00:00,Other health care professional,Belgium,FEMALE,Dog,Unknown,"Milteforan 20 mg/ml oral solution for dogs, Onsior 20 mg/ml  - Solution for injection (cats and dogs), Rimadyl Palatable Tablets da 100 mg per cani","Apathy, Blistering (see also Application site SOC), Papule, Pruritic rash",1,1,
BEL-ZZELANCO-BE2017_000021,"<a target=""_blank""  href=""/xmlpserver/EVVET3 PW NEW/Subject Area Contents/Public Website/Report (PDF)/AER.xdo?_xpf=&_xpt=1&_params%2FOracle%20BI%20EE%3A%3ADefaultApp%3A%3AEVVET3%20PR%20NEW%2FAER%3A%3Adimension%2FAER%20Id%3A%3Aattribute%3A%3Anoaggr%3A%3Axsd%3Adouble=1300838&_xt=AER&_xf=pdf""> AER </a>",2019-05-08 00:00:00,Veterinarian,Belgium,MALE,Dog,Doberman Pinscher,Onsior 40 mg  - Tablet (dogs),Sleepiness - systemic disorder,1,1,
BR-ZZELANCORG-BR2019_001529,"<a target=""_blank""  href=""/xmlpserver/EVVET3 PW NEW/Subject Area Contents/Public Website/Report (PDF)/AER.xdo?_xpf=&_xpt=1&_params%2FOracle%20BI%20EE%3A%3ADefaultApp%3A%3AEVVET3%20PR%20NEW%2FAER%3A%3Adimension%2FAER%20Id%3A%3Aattribute%3A%3Anoaggr%3A%3Axsd%3Adouble=1310829&_xt=AER&_xf=pdf""> AER </a>",2019-06-12 00:00:00,Veterinarian,Brazil,FEMALE,Dog,Spitz - German Pomeranian,Onsior 10 mg  - Tablet (dogs),"Anaphylaxis, Apathy, Appetite disorder NOS, Dyspnoea, Hypersalivation, Inappropriate defecation, Muscle tremor, Weight loss",1,1,
BRA-ZZELANCO-BR2019_003068,"<a target=""_blank""  href=""/xmlpserver/EVVET3 PW NEW/Subject Area Contents/Public Website/Report (PDF)/AER.xdo?_xpf=&_xpt=1&_params%2FOracle%20BI%20EE%3A%3ADefaultApp%3A%3AEVVET3%20PR%20NEW%2FAER%3A%3Adimension%2FAER%20Id%3A%3Aattribute%3A%3Anoaggr%3A%3Axsd%3Adouble=1353483&_xt=AER&_xf=pdf""> AER </a>",2019-11-05 00:00:00,Veterinarian,Brazil,MALE,Dog,Shih Tzu,Onsior 20 mg/ml  - Solution for injection (cats and dogs),"Blood loss NOS, Depression, Low blood pressure",1,1,
BRA-ZZELANCO-BR2019_003069,"<a target=""_blank""  href=""/xmlpserver/EVVET3 PW NEW/Subject Area Contents/Public Website/Report (PDF)/AER.xdo?_xpf=&_xpt=1&_params%2FOracle%20BI%20EE%3A%3ADefaultApp%3A%3AEVVET3%20PR%20NEW%2FAER%3A%3Adimension%2FAER%20Id%3A%3Aattribute%3A%3Anoaggr%3A%3Axsd%3Adouble=1352397&_xt=AER&_xf=pdf""> AER </a>",2019-10-31 00:00:00,Veterinarian,Brazil,MALE,Dog,Shih Tzu,Onsior 20 mg/ml  - Solution for injection (cats and dogs),"Blood loss NOS, Depression, Low blood pressure",1,1,
BRA-ZZELANCO-BR2019_003070,"<a target=""_blank""  href=""/xmlpserver/EVVET3 PW NEW/Subject Area Contents/Public Website/Report (PDF)/AER.xdo?_xpf=&_xpt=1&_params%2FOracle%20BI%20EE%3A%3ADefaultApp%3A%3AEVVET3%20PR%20NEW%2FAER%3A%3Adimension%2FAER%20Id%3A%3Aattribute%3A%3Anoaggr%3A%3Axsd%3Adouble=1352398&_xt=AER&_xf=pdf""> AER </a>",2019-10-31 00:00:00,Veterinarian,Brazil,FEMALE,Dog,"Dog (other), Hound - Swiss - (Lucerne Hound (Luzerner Laufhund), Schwyz Hound (Schweizer Laufhund), Bernese Hound, Jura Hound)",Onsior 20 mg/ml  - Solution for injection (cats and dogs),"Blood loss NOS, Death, Low blood pressure, Weakness",1,1,1
CAN-BIAHPV1P-18CA001524,"<a target=""_blank""  href=""/xmlpserver/EVVET3 PW NEW/Subject Area Contents/Public Website/Report (PDF)/AER.xdo?_xpf=&_xpt=1&_params%2FOracle%20BI%20EE%3A%3ADefaultApp%3A%3AEVVET3%20PR%20NEW%2FAER%3A%3Adimension%2FAER%20Id%3A%3Aattribute%3A%3Anoaggr%3A%3Axsd%3Adouble=1356462&_xt=AER&_xf=pdf""> AER </a>",2019-11-14 00:00:00,Animal owner,Canada,UNKNOWN,Dog,Dog (other),"Onsior 10 mg  - Tablet (dogs), Onsior 20 mg  - Tablet (dogs), Onsior 20 mg/ml  - Solution for injection (cats and dogs), Onsior 40 mg  - Tablet (dogs), Onsior 5 mg  - Tablet (dogs), Onsior 6 mg  - Tablet (cats), Previcox 57 mg - Chewable tablet","Elevated liver enzymes NOS, Inappetence, Walking difficulty",1,1,
CAN-BIAHPV1P-19CA000424,"<a target=""_blank""  href=""/xmlpserver/EVVET3 PW NEW/Subject Area Contents/Public Website/Report (PDF)/AER.xdo?_xpf=&_xpt=1&_params%2FOracle%20BI%20EE%3A%3ADefaultApp%3A%3AEVVET3%20PR%20NEW%2FAER%3A%3Adimension%2FAER%20Id%3A%3Aattribute%3A%3Anoaggr%3A%3Axsd%3Adouble=1286116&_xt=AER&_xf=pdf""> AER </a>",2019-03-15 00:00:00,Veterinarian,Canada,MALE,Dog,Chow Chow,"Metacam 0.5 mg/ml - Oral suspension (dogs), Onsior 10 mg  - Tablet (dogs), Onsior 20 mg  - Tablet (dogs), Onsior 20 mg/ml  - Solution for injection (cats and dogs), Onsior 40 mg  - Tablet (dogs), Onsior 5 mg  - Tablet (dogs), Onsior 6 mg  - Tablet (cats)","Abdominal effusion, Blood in faeces, Dullness, Fever, Inappetence, Lethargy (see also Central nervous system depression in Neurological), Loose stool, Nasal discharge, Panting, Peritonitis, Rapid pulse rate, Unable to stand, Uncoded sign",1,1,
CAN-BIAHPV1P-19CA001571,"<a target=""_blank""  href=""/xmlpserver/EVVET3 PW NEW/Subject Area Contents/Public Website/Report (PDF)/AER.xdo?_xpf=&_xpt=1&_params%2FOracle%20BI%20EE%3A%3ADefaultApp%3A%3AEVVET3%20PR%20NEW%2FAER%3A%3Adimension%2FAER%20Id%3A%3Aattribute%3A%3Anoaggr%3A%3Axsd%3Adouble=1315529&_xt=AER&_xf=pdf""> AER </a>",2019-06-27 00:00:00,Veterinarian,Canada,FEMALE,Dog,Maltese,"ACEPROMAZINE 10%/AGROSEED CANDILIDIS ενέσιμο διάλυμα 10 mg/ml για σκύλο και γάτα, BRONCHI-SHIELD, DUPLOCILLINE, Fuxien vet 1000 mg/g inhalaatiohöyry, neste, ISOFLURANE-Vet 1000 mg/g liquido per inalazione per cani e gatti, ISOFLURIN 1000mg/g ΥΓΡΟ ΓΙΑ ΕΙΣΠΝΕΟΜΕΝΟΥΣ ΑΤΜΟΥΣ, Isoflurane 100% Inhalation Vapour, Liquid, Isoflurane 1000 mg/g Inhalation Vapour, liquid., Ketamin 10 % šķīdums injekcijām suņiem un kaķiem, Ketamin 10%, Ketamin 100 mg/ml, Ketamine 10% oplossing voor injectie voor honden en katten, Ketamine 10% pro inj., oplossing voor injectie voor honden en katten, Ketamine 10% šķīdums injekcijām suņiem un kaķiem, Ketamine 10%, oplossing voor injectie voor honden en katten, Metacam 0.5 mg/ml - Oral suspension (dogs), Onsior 10 mg  - Tablet (dogs), Onsior 20 mg  - Tablet (dogs), Onsior 20 mg/ml  - Solution for injection (cats and dogs), Onsior 40 mg  - Tablet (dogs), Onsior 5 mg  - Tablet (dogs), Onsior 6 mg  - Tablet (cats), VERSICAN PLUS BB IN LYOPHILISAT ET SOLVANT POUR GOUTTES NASALES, SUSPENSION POUR CHIENS, Versican Plus Bb IN, Lyophilisat et solvant pour suspension nasale en gouttes, pour chiens, КЕТАМИН 10 %","Anorexia, Blood in vomit, Diarrhoea, Lethargy (see also Central nervous system depression in Neurological)",1,1,
CAN-ZZELANCO-CA2018_001394,"<a target=""_blank""  href=""/xmlpserver/EVVET3 PW NEW/Subject Area Contents/Public Website/Report (PDF)/AER.xdo?_xpf=&_xpt=1&_params%2FOracle%20BI%20EE%3A%3ADefaultApp%3A%3AEVVET3%20PR%20NEW%2FAER%3A%3Adimension%2FAER%20Id%3A%3Aattribute%3A%3Anoaggr%3A%3Axsd%3Adouble=1287875&_xt=AER&_xf=pdf""> AER </a>",2019-03-22 00:00:00,Veterinarian,Canada,FEMALE,Dog,Pinscher - Miniature,"Onsior 5 mg  - Tablet (dogs), Osurnia 10 mg/10 mg/1 mg - Ear gel","Corneal disorder NOS, Keratoconjunctivitis sicca, Nasal discharge",1,1,
CAN-ZZELANCO-CA2019_000294,"<a target=""_blank""  href=""/xmlpserver/EVVET3 PW NEW/Subject Area Contents/Public Website/Report (PDF)/AER.xdo?_xpf=&_xpt=1&_params%2FOracle%20BI%20EE%3A%3ADefaultApp%3A%3AEVVET3%20PR%20NEW%2FAER%3A%3Adimension%2FAER%20Id%3A%3Aattribute%3A%3Anoaggr%3A%3Axsd%3Adouble=1289939&_xt=AER&_xf=pdf""> AER </a>",2019-03-29 00:00:00,Other health care professional,Canada,MALE,Dog,Basenji,"CEFASEPTIN 300 MG TABLETS FOR DOGS, Dexdomitor 0.1 mg/ml - Solution for injection, Dexdomitor 0.5 mg/ml - Solution for injection, Onsior 20 mg  - Tablet (dogs)","Abnormal ultrasound finding, Acute renal failure, Decreased appetite, Decreased urine concentration, Elevated alanine aminotransferase (ALT), Elevated blood urea nitrogen (BUN), Elevated creatinine, Emesis, Hyperphosphataemia, Lethargy (see also Central nervous system depression in Neurological), Nausea, Polydipsia, Polyuria, Proteinuria",1,1,
CAN-ZZELANCO-CA2019_000303,"<a target=""_blank""  href=""/xmlpserver/EVVET3 PW NEW/Subject Area Contents/Public Website/Report (PDF)/AER.xdo?_xpf=&_xpt=1&_params%2FOracle%20BI%20EE%3A%3ADefaultApp%3A%3AEVVET3%20PR%20NEW%2FAER%3A%3Adimension%2FAER%20Id%3A%3Aattribute%3A%3Anoaggr%3A%3Axsd%3Adouble=1294301&_xt=AER&_xf=pdf""> AER </a>",2019-04-15 00:00:00,Veterinarian,Canada,MALE,Dog,Retriever - Labrador,Onsior 40 mg  - Tablet (dogs),"Decreased urine concentration, Elevated bile acids, Elevated liver enzymes NOS, Not eating, Polydipsia, Polyuria, Urinary tract infection, Urine leakage, Vomiting, Weakness",1,1,
CAN-ZZELANCO-CA2019_000337,"<a target=""_blank""  href=""/xmlpserver/EVVET3 PW NEW/Subject Area Contents/Public Website/Report (PDF)/AER.xdo?_xpf=&_xpt=1&_params%2FOracle%20BI%20EE%3A%3ADefaultApp%3A%3AEVVET3%20PR%20NEW%2FAER%3A%3Adimension%2FAER%20Id%3A%3Aattribute%3A%3Anoaggr%3A%3Axsd%3Adouble=1327511&_xt=AER&_xf=pdf""> AER </a>",2019-08-07 00:00:00,Veterinarian,Canada,MALE,Dog,Alaskan Malamute,Onsior 40 mg  - Tablet (dogs),"Abnormal red blood cell, Abnormal ultrasound finding, Anorexia, Decreased appetite, Elevated creatinine, Elevated liver enzymes NOS, Emesis (multiple), Enlarged lymph node (localised), Hyperglycaemia, Hypoproteinaemia, Icterus, Increased coagulation time, Neutrophilia, Other abnormal test result NOS, Polydipsia, Polyuria, Urine abnormalities NOS",1,1,
CAN-ZZELANCO-CA2019_000412,"<a target=""_blank""  href=""/xmlpserver/EVVET3 PW NEW/Subject Area Contents/Public Website/Report (PDF)/AER.xdo?_xpf=&_xpt=1&_params%2FOracle%20BI%20EE%3A%3ADefaultApp%3A%3AEVVET3%20PR%20NEW%2FAER%3A%3Adimension%2FAER%20Id%3A%3Aattribute%3A%3Anoaggr%3A%3Axsd%3Adouble=1297696&_xt=AER&_xf=pdf""> AER </a>",2019-04-26 00:00:00,Veterinarian,Canada,MALE,Dog,Dog (other),"Aurizon ausu pilieni, suspensija suņiem, NUFLOR 300 mg/ml, NUFLOR 300 mg/ml injekčný roztok pre hovädzí dobytok a ošípané, NUFLOR 300 mg/ml raztopina za injiciranje, NUFLOR 300 mg/ml solution for injection for cattle and sheep, NUFLOR Swine 300 mg/ml Solution for injection, NUFLOR, 300mg/ml, Injekční roztok, Nuflor 300 mg/ml  Injektionslösung für Rinder und Schafe, Nuflor 300 mg/ml oldatos injekció szarvasmarhák és sertések számára, Nuflor 300 mg/ml roztwór do wstrzykiwań dla bydła i świń, Nuflor 40 mg/g Premix for Medicated Feeding Stuff for Swine, Nuflor Minidose 450 mg/ml solution for injection for cattle, Nuflor Premix 40 mg/g Premix voor gemedicineerd voer, Onsior 20 mg  - Tablet (dogs), Osurnia 10 mg/10 mg/1 mg - Ear gel","Abnormal radiograph finding, Anorexia, Death by euthanasia, Diabetes mellitus, Glucosuria, Polydipsia, Polyuria, Urinary tract infection, Vomiting, Weakness",1,1,1
CAN-ZZELANCO-CA2019_000748,"<a target=""_blank""  href=""/xmlpserver/EVVET3 PW NEW/Subject Area Contents/Public Website/Report (PDF)/AER.xdo?_xpf=&_xpt=1&_params%2FOracle%20BI%20EE%3A%3ADefaultApp%3A%3AEVVET3%20PR%20NEW%2FAER%3A%3Adimension%2FAER%20Id%3A%3Aattribute%3A%3Anoaggr%3A%3Axsd%3Adouble=1332506&_xt=AER&_xf=pdf""> AER </a>",2019-08-23 00:00:00,Other health care professional,Canada,FEMALE,Dog,Dog (other),"Onsior 20 mg/ml  - Solution for injection (cats and dogs), Onsior 40 mg  - Tablet (dogs)","Abnormal ultrasound finding, Anorexia, Appetite loss, Dehydration, Elevated alanine aminotransferase (ALT), Elevated blood urea nitrogen (BUN), Elevated creatinine, Elevated total bilirubin, Lethargy (see also Central nervous system depression in Neurological), Other abnormal test result NOS, Pancreatitis NOS, Polydipsia, Polyuria, Vomiting",1,1,
CAN-ZZELANCO-CA2019_000803,"<a target=""_blank""  href=""/xmlpserver/EVVET3 PW NEW/Subject Area Contents/Public Website/Report (PDF)/AER.xdo?_xpf=&_xpt=1&_params%2FOracle%20BI%20EE%3A%3ADefaultApp%3A%3AEVVET3%20PR%20NEW%2FAER%3A%3Adimension%2FAER%20Id%3A%3Aattribute%3A%3Anoaggr%3A%3Axsd%3Adouble=1318494&_xt=AER&_xf=pdf""> AER </a>",2019-07-08 00:00:00,Veterinarian,Canada,MALE,Dog,Shih Tzu,Onsior 10 mg  - Tablet (dogs),"Fanconi syndrome, Glucosuria, Polydipsia, Polyuria, Urinary tract infection",1,1,
CAN-ZZELANCO-CA2019_000850,"<a target=""_blank""  href=""/xmlpserver/EVVET3 PW NEW/Subject Area Contents/Public Website/Report (PDF)/AER.xdo?_xpf=&_xpt=1&_params%2FOracle%20BI%20EE%3A%3ADefaultApp%3A%3AEVVET3%20PR%20NEW%2FAER%3A%3Adimension%2FAER%20Id%3A%3Aattribute%3A%3Anoaggr%3A%3Axsd%3Adouble=1320058&_xt=AER&_xf=pdf""> AER </a>",2019-07-12 00:00:00,Veterinarian,Canada,MALE,Dog,Shih Tzu,Onsior 10 mg  - Tablet (dogs),"Abdominal pain, Decreased appetite, Pancreatitis NOS, Trembling, Weight loss",1,1,
CAN-ZZELANCO-CA2019_000867,"<a target=""_blank""  href=""/xmlpserver/EVVET3 PW NEW/Subject Area Contents/Public Website/Report (PDF)/AER.xdo?_xpf=&_xpt=1&_params%2FOracle%20BI%20EE%3A%3ADefaultApp%3A%3AEVVET3%20PR%20NEW%2FAER%3A%3Adimension%2FAER%20Id%3A%3Aattribute%3A%3Anoaggr%3A%3Axsd%3Adouble=1330794&_xt=AER&_xf=pdf""> AER </a>",2019-08-19 00:00:00,Veterinarian,Canada,FEMALE,Dog,Poodle - Standard,"ADVANTIX 400 mg + 2000 mg SOLUCION SPOT-ON PARA PERROS (> 25 kg ≤ 40 kg), ADVANTIX soluţie spot-on pentru câini cu greutatea de la 10 kg până la 25 kg, ADVANTIX soluţie spot-on pentru câini cu greutatea de la 25 kg până la 40 kg, ADVANTIX soluţie spot-on pentru câini cu greutatea de la 4 kg până la 10 kg, ADVANTIX soluţie spot-on pentru câini cu greutatea de peste 40 kg până la 60 kg, ADVANTIX soluţie spot-on pentru câini cu greutatea până la 4 kg, Advantix 100 mg + 500 mg šķīdums pilināšanai suņiem (> 4 kg ≤ 10 kg), Advantix 250 mg + 1250 mg šķīdums pilināšanai suņiem (> 10 kg ≤ 25 kg), Advantix 40 mg + 200 mg šķīdums pilināšanai suņiem (≤ 4 kg), Advantix 400 mg + 2000 mg šķīdums pilināšanai suņiem (> 10 kg ≤ 25 kg), Advantix 600 mg + 3000 mg šķīdums pilināšanai uz ādas suņiem (> 40 kg ≤ 60 kg), Advantix Spot-on solution for dogs over 10 kg up to 25 kg, Advantix Spot-on solution for dogs over 25 kg up to 40 kg, Advantix Spot-on solution for dogs over 4 kg up to 10 kg, Advantix Spot-on solution for dogs over 40 kg to 60 kg, Advantix Spot-on solution for dogs up to 4 kg, Advantix, täpilahus koertele kuni 4 kg, Advantix, täpilahus koertele üle 10 kg kuni 25 kg, Advantix, täpilahus koertele üle 25 kg kuni 40 kg, Advantix, täpilahus koertele üle 4 kg kuni 10 kg, Advantix, täpilahus koertele üle 40 kg kuni 60 kg, Advantix, užlašinamasis tirpalas > 10–25 kg svorio šunims, Advantix, užlašinamasis tirpalas > 25–40 kg svorio šunims, Advantix, užlašinamasis tirpalas > 4-10 kg svorio šunims, Advantix, užlašinamasis tirpalas > 40–60 kg svorio šunims, Advantix, užlašinamasis tirpalas ≤ 4 kg svorio šunims, Onsior 40 mg  - Tablet (dogs)","Elevated liver enzymes NOS, Inappetence, Lethargy (see also Central nervous system depression in Neurological), Other abnormal test result NOS, Vomiting",1,1,
CAN-ZZELANCO-CA2019_001004,"<a target=""_blank""  href=""/xmlpserver/EVVET3 PW NEW/Subject Area Contents/Public Website/Report (PDF)/AER.xdo?_xpf=&_xpt=1&_params%2FOracle%20BI%20EE%3A%3ADefaultApp%3A%3AEVVET3%20PR%20NEW%2FAER%3A%3Adimension%2FAER%20Id%3A%3Aattribute%3A%3Anoaggr%3A%3Axsd%3Adouble=1328763&_xt=AER&_xf=pdf""> AER </a>",2019-08-12 00:00:00,Other health care professional,Canada,FEMALE,Dog,Shih Tzu,"ISATHAL 10 MG/G GEL OPHTALMIQUE POUR CHIENS, ISATHAL, 1% w/w οφθαλμικές σταγόνες, εναιώρημα για σκύλους, Isathal 10 mg/g Augentropfensuspension für Hunde, Isathal 10 mg/g eye drops, suspension for dogs, Isathal 10 mg/g eye drops, suspension for dogs, cats and rabbits, Isathal 10 mg/g ooggel voor honden en katten, Isathal Vet. 1 % silmätipat, suspensio koirille ja kissoille, Isathal Vet. 1%, øyedråper, suspensjon til hund og katt, Onsior 10 mg  - Tablet (dogs)","Bloody diarrhoea, Death, Discomfort NOS, Haemorrhagic diarrhoea",1,1,1
CAN-ZZELANCO-CA2019_001048,"<a target=""_blank""  href=""/xmlpserver/EVVET3 PW NEW/Subject Area Contents/Public Website/Report (PDF)/AER.xdo?_xpf=&_xpt=1&_params%2FOracle%20BI%20EE%3A%3ADefaultApp%3A%3AEVVET3%20PR%20NEW%2FAER%3A%3Adimension%2FAER%20Id%3A%3Aattribute%3A%3Anoaggr%3A%3Axsd%3Adouble=1349346&_xt=AER&_xf=pdf""> AER </a>",2019-10-21 00:00:00,Veterinarian,Canada,FEMALE,Dog,Retriever - Golden,"Galliprant 60 mg - Tablet, Onsior 10 mg  - Tablet (dogs), Onsior 20 mg  - Tablet (dogs), Onsior 20 mg/ml  - Solution for injection (cats and dogs), Onsior 40 mg  - Tablet (dogs), Onsior 5 mg  - Tablet (dogs), Onsior 6 mg  - Tablet (cats)","Elevated liver enzymes NOS, Elevated total bilirubin, Liver failure, Malaise, Not eating, Vomiting",1,1,
CAN-ZZELANCO-CA2019_001086,"<a target=""_blank""  href=""/xmlpserver/EVVET3 PW NEW/Subject Area Contents/Public Website/Report (PDF)/AER.xdo?_xpf=&_xpt=1&_params%2FOracle%20BI%20EE%3A%3ADefaultApp%3A%3AEVVET3%20PR%20NEW%2FAER%3A%3Adimension%2FAER%20Id%3A%3Aattribute%3A%3Anoaggr%3A%3Axsd%3Adouble=1333336&_xt=AER&_xf=pdf""> AER </a>",2019-08-27 00:00:00,Animal owner,Canada,FEMALE,Dog,Rottweiler,"Galliprant 60 mg - Tablet, Onsior 10 mg  - Tablet (dogs), Onsior 20 mg  - Tablet (dogs), Onsior 20 mg/ml  - Solution for injection (cats and dogs), Onsior 40 mg  - Tablet (dogs), Onsior 5 mg  - Tablet (dogs), Onsior 6 mg  - Tablet (cats)","Abnormal ultrasound finding, Anaemia NOS, Bradycardia, Febrile, Haemorrhagic diarrhoea, Hypoalbuminaemia, Lethargy (see also Central nervous system depression in Neurological), Low blood pressure, Not eating, Pale mucous membrane, Vomiting",1,1,
CAN-ZZELANCO-CA2019_001172,"<a target=""_blank""  href=""/xmlpserver/EVVET3 PW NEW/Subject Area Contents/Public Website/Report (PDF)/AER.xdo?_xpf=&_xpt=1&_params%2FOracle%20BI%20EE%3A%3ADefaultApp%3A%3AEVVET3%20PR%20NEW%2FAER%3A%3Adimension%2FAER%20Id%3A%3Aattribute%3A%3Anoaggr%3A%3Axsd%3Adouble=1358084&_xt=AER&_xf=pdf""> AER </a>",2019-11-20 00:00:00,Other health care professional,Canada,FEMALE,Dog,Dog (other),Onsior 20 mg  - Tablet (dogs),"Abnormal ultrasound finding, Bilirubinuria, Decreased appetite, Decreased urine concentration, Dehydration, Elevated creatinine, Elevated liver enzymes NOS, Elevated serum alkaline phosphatase (ALP), Enlarged lymph node (localised), Glucosuria, Haematuria, Icterus, Lethargy (see also Central nervous system depression in Neurological), Leukocytosis NOS, Non-regenerative anaemia, Other abnormal test result NOS, Prolonged activated partial thrombin time (APTT), Vomiting",1,1,
CAN-ZZELANCO-CA2019_001506,"<a target=""_blank""  href=""/xmlpserver/EVVET3 PW NEW/Subject Area Contents/Public Website/Report (PDF)/AER.xdo?_xpf=&_xpt=1&_params%2FOracle%20BI%20EE%3A%3ADefaultApp%3A%3AEVVET3%20PR%20NEW%2FAER%3A%3Adimension%2FAER%20Id%3A%3Aattribute%3A%3Anoaggr%3A%3Axsd%3Adouble=1364526&_xt=AER&_xf=pdf""> AER </a>",2019-12-11 00:00:00,Veterinarian,Canada,FEMALE,Dog,Schnauzer - Miniature,"ALFAXAN 10 mg/ml solution for injection for dogs and cats, Dexdomitor 0.1 mg/ml - Solution for injection, Dexdomitor 0.5 mg/ml - Solution for injection, Onsior 20 mg/ml  - Solution for injection (cats and dogs)","Abdominal discomfort, Abnormal ultrasound finding, Death by euthanasia, Dehydration, Distension of abdomen, Elevated liver enzymes NOS, Hepatitis, Hyperproteinaemia, Lethargy (see also Central nervous system depression in Neurological), Limb weakness, Loose stool, Not eating, Proprioception deficit, Tachycardia, Vomiting",1,1,1
CAN-ZZELANCO-CA2019_001569,"<a target=""_blank""  href=""/xmlpserver/EVVET3 PW NEW/Subject Area Contents/Public Website/Report (PDF)/AER.xdo?_xpf=&_xpt=1&_params%2FOracle%20BI%20EE%3A%3ADefaultApp%3A%3AEVVET3%20PR%20NEW%2FAER%3A%3Adimension%2FAER%20Id%3A%3Aattribute%3A%3Anoaggr%3A%3Axsd%3Adouble=1368444&_xt=AER&_xf=pdf""> AER </a>",2019-12-23 00:00:00,Veterinarian,Canada,FEMALE,Dog,Shih Tzu,"Dexdomitor 0.1 mg/ml - Solution for injection, Dexdomitor 0.5 mg/ml - Solution for injection, Onsior 20 mg/ml  - Solution for injection (cats and dogs), Onsior 5 mg  - Tablet (dogs), VETERGESIC MULTIDOSE, 0.3MG/ML, SOLUTION FOR INJECTION FOR DOGS AND CATS","Abnormal radiograph finding, Abnormal ultrasound finding, Diarrhoea, Dysphoria, Elevated serum alkaline phosphatase (ALP), Lack of efficacy - NOS, Monocytosis, Ptyalism, Thrombocytosis, Vomiting, Weight loss",1,1,
CH-UKPFIZAH-2019-CH-00039,"<a target=""_blank""  href=""/xmlpserver/EVVET3 PW NEW/Subject Area Contents/Public Website/Report (PDF)/AER.xdo?_xpf=&_xpt=1&_params%2FOracle%20BI%20EE%3A%3ADefaultApp%3A%3AEVVET3%20PR%20NEW%2FAER%3A%3Adimension%2FAER%20Id%3A%3Aattribute%3A%3Anoaggr%3A%3Axsd%3Adouble=1285496&_xt=AER&_xf=pdf""> AER </a>",2019-03-14 00:00:00,Veterinarian,Switzerland,FEMALE,Dog,Newfoundland,"Apoquel 5.4 mg - Film-coated tablet, Metacam 0.5 mg/ml - Oral suspension (cats, guinea pigs), Metacam 0.5 mg/ml - Oral suspension (dogs), Metacam 1 mg - Chewable tablet (dogs), Metacam 1.5 mg/ml - Oral suspension (dogs), Metacam 15 mg/ml - Oral suspension (horses), Metacam 15 mg/ml - Oral suspension (pigs), Metacam 2 mg/ml - Solution for injection (cats), Metacam 2.5 mg - Chewable tablet (dogs), Metacam 20 mg/ml - Solution for injection (cattle, pigs, horses), Metacam 40 mg/ml - Solution for injection (cattle, horses), Metacam 5 mg/ml - Solution for injection (cats, dogs), Metacam 5 mg/ml - Solution for injection (cattle, pigs), Metacam 5 mg/ml - Solution for injection (dogs), Onsior 10 mg  - Tablet (dogs), Onsior 20 mg  - Tablet (dogs), Onsior 20 mg/ml  - Solution for injection (cats and dogs), Onsior 40 mg  - Tablet (dogs), Onsior 5 mg  - Tablet (dogs), Onsior 6 mg  - Tablet (cats)","Muscle atrophy (see also Muscle wasting), Muscle wasting, Muscle weakness NOS",1,1,
DE-BVL-2019-05423,"<a target=""_blank""  href=""/xmlpserver/EVVET3 PW NEW/Subject Area Contents/Public Website/Report (PDF)/AER.xdo?_xpf=&_xpt=1&_params%2FOracle%20BI%20EE%3A%3ADefaultApp%3A%3AEVVET3%20PR%20NEW%2FAER%3A%3Adimension%2FAER%20Id%3A%3Aattribute%3A%3Anoaggr%3A%3Axsd%3Adouble=1289506&_xt=AER&_xf=pdf""> AER </a>",2019-03-29 00:00:00,Veterinarian,Germany,FEMALE,Dog,Boxer (German Boxer),Onsior 20 mg/ml  - Solution for injection (cats and dogs),"Bradycardia, Circulatory disorder NOS, Elevated creatinine, Glucosuria, Hyperglycaemia, Impaired consciousness, Irregular breathing, Lateral recumbency",1,1,
DE-BVL-2019-11674,"<a target=""_blank""  href=""/xmlpserver/EVVET3 PW NEW/Subject Area Contents/Public Website/Report (PDF)/AER.xdo?_xpf=&_xpt=1&_params%2FOracle%20BI%20EE%3A%3ADefaultApp%3A%3AEVVET3%20PR%20NEW%2FAER%3A%3Adimension%2FAER%20Id%3A%3Aattribute%3A%3Anoaggr%3A%3Axsd%3Adouble=1306915&_xt=AER&_xf=pdf""> AER </a>",2019-05-29 00:00:00,Veterinarian,Germany,MALE,Dog,Newfoundland,"Bravecto 1400 mg - Chewable tablet, Bravecto 500 mg - Chewable tablet, Onsior 10 mg  - Tablet (dogs), Onsior 20 mg  - Tablet (dogs), Onsior 20 mg/ml  - Solution for injection (cats and dogs), Onsior 40 mg  - Tablet (dogs), Onsior 5 mg  - Tablet (dogs), Onsior 6 mg  - Tablet (cats)",Unclassifiable adverse event,1,1,
DE-BVL-2019-21079,"<a target=""_blank""  href=""/xmlpserver/EVVET3 PW NEW/Subject Area Contents/Public Website/Report (PDF)/AER.xdo?_xpf=&_xpt=1&_params%2FOracle%20BI%20EE%3A%3ADefaultApp%3A%3AEVVET3%20PR%20NEW%2FAER%3A%3Adimension%2FAER%20Id%3A%3Aattribute%3A%3Anoaggr%3A%3Axsd%3Adouble=1352036&_xt=AER&_xf=pdf""> AER </a>",2019-10-30 00:00:00,Veterinarian,Germany,MALE,Dog,Shepherd Dog - German,"Bravecto 1400 mg - Chewable tablet, Cytopoint 10 mg/ml - Solution for injection, Cytopoint 20 mg/ml - Solution for injection, Cytopoint 30 mg/ml - Solution for injection, Cytopoint 40 mg/ml - Solution for injection, Onsior 40 mg  - Tablet (dogs), Tylan G 25%","Abnormal menace reflex test, Abnormal movement NOS, Abnormal posture NOS, Abnormal pupil light reflex, Attention-seeking behaviour, Behavioural disorder NOS, Breathing difficulty, Crying, Death by euthanasia, Decreased packed cell volume (PCV), Decreased red blood cell count, Depression, Digit amputation, Drooling, Elevated C-reactive protein, Epileptic seizure, Grand mal seizure, Inappropriate defecation, Lateral recumbency, Lip smacking, Loss of consciousness, Lymphopenia, Monocytosis, Other abnormal test result NOS, Polydipsia, Prolonged activated partial thrombin time (APTT), Reluctant to move, Restlessness, Stiffness NOS",1,1,1
DE-BVL-2019-27986,"<a target=""_blank""  href=""/xmlpserver/EVVET3 PW NEW/Subject Area Contents/Public Website/Report (PDF)/AER.xdo?_xpf=&_xpt=1&_params%2FOracle%20BI%20EE%3A%3ADefaultApp%3A%3AEVVET3%20PR%20NEW%2FAER%3A%3Adimension%2FAER%20Id%3A%3Aattribute%3A%3Anoaggr%3A%3Axsd%3Adouble=1346388&_xt=AER&_xf=pdf""> AER </a>",2019-10-10 00:00:00,Animal owner,Germany,MALE,Dog,Shepherd Dog - German,"Bravecto 1400 mg - Chewable tablet, Cytopoint 10 mg/ml - Solution for injection, Cytopoint 20 mg/ml - Solution for injection, Cytopoint 30 mg/ml - Solution for injection, Cytopoint 40 mg/ml - Solution for injection, Onsior 40 mg  - Tablet (dogs), Tylan G 25%","Abnormal menace reflex test, Abnormal movement NOS, Abnormal posture NOS, Attention-seeking behaviour, Behavioural disorder NOS, Breathing difficulty, Crying, Death by euthanasia, Depression, Drooling, Grand mal seizure, Inappropriate defecation, Lateral recumbency, Lip smacking, Loss of consciousness, Polydipsia, Reluctant to move, Restlessness, Stiffness NOS",1,1,1
DE-CP-2019-0101,"<a target=""_blank""  href=""/xmlpserver/EVVET3 PW NEW/Subject Area Contents/Public Website/Report (PDF)/AER.xdo?_xpf=&_xpt=1&_params%2FOracle%20BI%20EE%3A%3ADefaultApp%3A%3AEVVET3%20PR%20NEW%2FAER%3A%3Adimension%2FAER%20Id%3A%3Aattribute%3A%3Anoaggr%3A%3Axsd%3Adouble=1295273&_xt=AER&_xf=pdf""> AER </a>",2019-04-18 00:00:00,Veterinarian,Germany,FEMALE,Dog,Shepherd Dog - German,"Myodine 25 mg/ml solution for injection for dogs and cats, Onsior 40 mg  - Tablet (dogs)","Death by euthanasia, Decreased appetite, Decreased haemoglobin, Elevated liver enzymes NOS, Hepatic encephalopathy",1,1,1
DE-ZZELANCORG-DE2018_000353,"<a target=""_blank""  href=""/xmlpserver/EVVET3 PW NEW/Subject Area Contents/Public Website/Report (PDF)/AER.xdo?_xpf=&_xpt=1&_params%2FOracle%20BI%20EE%3A%3ADefaultApp%3A%3AEVVET3%20PR%20NEW%2FAER%3A%3Adimension%2FAER%20Id%3A%3Aattribute%3A%3Anoaggr%3A%3Axsd%3Adouble=1280980&_xt=AER&_xf=pdf""> AER </a>",2019-02-28 00:00:00,Veterinarian,Germany,MALE,Dog,"Crossbred Canine/dog, Dalmatian","Onsior 20 mg/ml  - Solution for injection (cats and dogs), TRAUMEEL USO VETERINARIO COMPRIMIDOS, TRAUMEEL USO VETERINARIO SOLUCION INYECTABLE, TRAUMEEL VET GEL, Traumeel - Gel für Tiere, Traumeel - Injektionslösung für Tiere, Traumeel Gel ad us. vet., Traumeel ad us. vet., Traumeel-Tabletten für Tiere, VETMEDIN 0,75 MG/ML SOLUTION INJECTABLE POUR CHIENS, VETMEDIN 2,5 mg capsule pentru câini, VETMEDIN 2,5 mg kietos kapsulės šunims, VETMEDIN 5 MG GELULES POUR CHIENS, VETMEDIN 5 mg capsule pentru câini, VETMEDIN 5 mg kietos kapsulės šunims, VETMEDIN 5 mg, 5mg, Tvrdá tobolka, VETMEDIN, 2.5mg, Tvrdá tobolka, Vetmedin 0,75 mg/ml Injektionslösung für Hunde, Vetmedin 0.75 mg/ml ενέσιμο διάλυμα για σκύλους, Vetmedin 1,25 mg - Kapseln für Hunde, Vetmedin 1,25 mg Kautabletten für Hunde, Vetmedin 1,25 mg capsule per cani, Vetmedin 1,25 mg gélules pour chiens, Vetmedin 1,25 mg kapszula kutyáknak A.U.V., Vetmedin 1,5 mg/ml Lösung zum Eingeben für Hunde, Vetmedin 1.25 mg Capsule, hard, Vetmedin 1.25 mg capsules for dogs, Vetmedin 1.25mg, Vetmedin 10 mg  Kapsułka, twarda, Vetmedin 10 mg Kapseln für Hunde, Vetmedin 10 mg Kautabletten für Hunde, Vetmedin 2,5 mg - Kapseln für Hunde, Vetmedin 2,5 mg Kapsułka, twarda, Vetmedin 2,5 mg Kautabletten für Hunde, Vetmedin 2,5 mg capsule per cani, Vetmedin 2,5 mg kapsulas suņiem, Vetmedin 2,5 mg kapsuly pre psy, Vetmedin 2,5 mg kapszula kutyáknak A.U.V., Vetmedin 2,5 mg, kõvakapslid koertele, Vetmedin 2,5mg, Vetmedin 2.5 mg Capsule, hard, Vetmedin 2.5 mg capsules for dogs, Vetmedin 2.5 mg gélules pour chiens, Vetmedin 5 mg - Kapseln für Hunde, Vetmedin 5 mg Capsule, hard, Vetmedin 5 mg Kapsułki twarde, Vetmedin 5 mg Kautabletten für Hunde, Vetmedin 5 mg capsule per cani, Vetmedin 5 mg capsules, Vetmedin 5 mg capsules for dogs, Vetmedin 5 mg gélules pour chiens, Vetmedin 5 mg kapsulas suņiem, Vetmedin 5 mg kapsuly pre psy, Vetmedin 5 mg kapszula kutyáknak A.U.V., Vetmedin 5 mg, kõvakapslid koertele., Vetmedin 5mg, Vetmedin Chew 1,25 mg Kautabletten für Hunde, Vetmedin Chew 10 mg Kautabletten für Hunde, Vetmedin Chew 2,5 mg Kautabletten für Hunde, Vetmedin Chew 5 mg Kautabletten für Hunde, Vetmedin Vet. 10 mg tyggetabletter, Vetmedin Vet. 5 mg tyggetabletter, Vetmedin vet., 5 mg, Tuggtablett","Balance problem, Behavioural disorder NOS, Deafness, Drowsiness - systemic disorder, Lumbar pain, Trembling, Weakness",1,1,
DE-ZZELANCORG-DE2019_000033,"<a target=""_blank""  href=""/xmlpserver/EVVET3 PW NEW/Subject Area Contents/Public Website/Report (PDF)/AER.xdo?_xpf=&_xpt=1&_params%2FOracle%20BI%20EE%3A%3ADefaultApp%3A%3AEVVET3%20PR%20NEW%2FAER%3A%3Adimension%2FAER%20Id%3A%3Aattribute%3A%3Anoaggr%3A%3Axsd%3Adouble=1281257&_xt=AER&_xf=pdf""> AER </a>",2019-03-01 00:00:00,Veterinarian,Germany,MALE,Dog,Terrier - Jack Russell,"Cerenia 10 mg/ml  - Solution for injection, Ketamin 10 % šķīdums injekcijām suņiem un kaķiem, Ketamin 10%, Ketamin 100 mg/ml, Ketamine 10% oplossing voor injectie voor honden en katten, Ketamine 10% pro inj., oplossing voor injectie voor honden en katten, Ketamine 10% šķīdums injekcijām suņiem un kaķiem, Ketamine 10%, oplossing voor injectie voor honden en katten, Onsior 20 mg/ml  - Solution for injection (cats and dogs), КЕТАМИН 10 %","Apathy, Coma, Death, Dyspnoea, Tremor of limb",1,1,1
DEU-ZZELANCO-DE2019_000293,"<a target=""_blank""  href=""/xmlpserver/EVVET3 PW NEW/Subject Area Contents/Public Website/Report (PDF)/AER.xdo?_xpf=&_xpt=1&_params%2FOracle%20BI%20EE%3A%3ADefaultApp%3A%3AEVVET3%20PR%20NEW%2FAER%3A%3Adimension%2FAER%20Id%3A%3Aattribute%3A%3Anoaggr%3A%3Axsd%3Adouble=1350780&_xt=AER&_xf=pdf""> AER </a>",2019-10-25 00:00:00,Veterinarian,Germany,FEMALE,Dog,Leonberger,"Onsior 40 mg  - Tablet (dogs), Prednisolon 5 mg","Death by euthanasia, Lack of efficacy - NOS",1,1,1
DEU-ZZELANCO-DE2019_000352,"<a target=""_blank""  href=""/xmlpserver/EVVET3 PW NEW/Subject Area Contents/Public Website/Report (PDF)/AER.xdo?_xpf=&_xpt=1&_params%2FOracle%20BI%20EE%3A%3ADefaultApp%3A%3AEVVET3%20PR%20NEW%2FAER%3A%3Adimension%2FAER%20Id%3A%3Aattribute%3A%3Anoaggr%3A%3Axsd%3Adouble=1367425&_xt=AER&_xf=pdf""> AER </a>",2019-12-19 00:00:00,Animal owner,Germany,UNKNOWN,Dog,Unknown,Onsior 20 mg/ml  - Solution for injection (cats and dogs),"Collapse (see also Cardio-vascular and Systemic disorders), Hypersalivation, Walking difficulty",1,1,
DK-DKMA-V20190081,"<a target=""_blank""  href=""/xmlpserver/EVVET3 PW NEW/Subject Area Contents/Public Website/Report (PDF)/AER.xdo?_xpf=&_xpt=1&_params%2FOracle%20BI%20EE%3A%3ADefaultApp%3A%3AEVVET3%20PR%20NEW%2FAER%3A%3Adimension%2FAER%20Id%3A%3Aattribute%3A%3Anoaggr%3A%3Axsd%3Adouble=1294433&_xt=AER&_xf=pdf""> AER </a>",2019-04-16 00:00:00,Veterinarian,Denmark,MALE,Dog,Unknown,Onsior 10 mg  - Tablet (dogs),"Lethargy (see also Central nervous system depression in Neurological), Reduced level of consciousness, Sleep disturbance NOS",1,1,
DK-DKMA-V20190160,"<a target=""_blank""  href=""/xmlpserver/EVVET3 PW NEW/Subject Area Contents/Public Website/Report (PDF)/AER.xdo?_xpf=&_xpt=1&_params%2FOracle%20BI%20EE%3A%3ADefaultApp%3A%3AEVVET3%20PR%20NEW%2FAER%3A%3Adimension%2FAER%20Id%3A%3Aattribute%3A%3Anoaggr%3A%3Axsd%3Adouble=1319493&_xt=AER&_xf=pdf""> AER </a>",2019-07-11 00:00:00,Animal owner,Denmark,MALE,Dog,Pekingese,Onsior 20 mg/ml  - Solution for injection (cats and dogs),Hot spot (pyotraumatic dermatitis),1,1,
DK-DKMA-V20190338,"<a target=""_blank""  href=""/xmlpserver/EVVET3 PW NEW/Subject Area Contents/Public Website/Report (PDF)/AER.xdo?_xpf=&_xpt=1&_params%2FOracle%20BI%20EE%3A%3ADefaultApp%3A%3AEVVET3%20PR%20NEW%2FAER%3A%3Adimension%2FAER%20Id%3A%3Aattribute%3A%3Anoaggr%3A%3Axsd%3Adouble=1364857&_xt=AER&_xf=pdf""> AER </a>",2019-12-12 00:00:00,Veterinarian,Denmark,MALE,Dog,Unknown,"Onsior 10 mg  - Tablet (dogs), Onsior 20 mg  - Tablet (dogs), Onsior 20 mg/ml  - Solution for injection (cats and dogs), Onsior 40 mg  - Tablet (dogs), Onsior 5 mg  - Tablet (dogs), Onsior 6 mg  - Tablet (cats)","Blood in faeces, Decreased appetite, Diarrhoea, Vomiting",1,1,
DK-FRVIRBAC-19 VBSA 00578,"<a target=""_blank""  href=""/xmlpserver/EVVET3 PW NEW/Subject Area Contents/Public Website/Report (PDF)/AER.xdo?_xpf=&_xpt=1&_params%2FOracle%20BI%20EE%3A%3ADefaultApp%3A%3AEVVET3%20PR%20NEW%2FAER%3A%3Adimension%2FAER%20Id%3A%3Aattribute%3A%3Anoaggr%3A%3Axsd%3Adouble=1281818&_xt=AER&_xf=pdf""> AER </a>",2019-03-02 00:00:00,Veterinarian,Denmark,FEMALE,Dog,Terrier - Border,"Alizin 30 mg/ml Solution for Injection, Alizin vet., 30 mg/ml, Injektionsvätska, lösning, Onsior 10 mg  - Tablet (dogs), Onsior 20 mg  - Tablet (dogs), Onsior 20 mg/ml  - Solution for injection (cats and dogs), Onsior 40 mg  - Tablet (dogs), Onsior 5 mg  - Tablet (dogs), Onsior 6 mg  - Tablet (cats)","Abdominal pain, Anorexia, Depression, Hyperthermia, Pyometra, Tremor, Weakness, Weight loss",1,1,
DNK-ZZELANCO-DK2019_000002,"<a target=""_blank""  href=""/xmlpserver/EVVET3 PW NEW/Subject Area Contents/Public Website/Report (PDF)/AER.xdo?_xpf=&_xpt=1&_params%2FOracle%20BI%20EE%3A%3ADefaultApp%3A%3AEVVET3%20PR%20NEW%2FAER%3A%3Adimension%2FAER%20Id%3A%3Aattribute%3A%3Anoaggr%3A%3Axsd%3Adouble=1279992&_xt=AER&_xf=pdf""> AER </a>",2019-02-27 00:00:00,Veterinarian,Denmark,MALE,Dog,Maltese,"Onsior 10 mg  - Tablet (dogs), Onsior 20 mg/ml  - Solution for injection (cats and dogs)",Death,1,1,1
ESP-BIAHPV1P-19ES000857,"<a target=""_blank""  href=""/xmlpserver/EVVET3 PW NEW/Subject Area Contents/Public Website/Report (PDF)/AER.xdo?_xpf=&_xpt=1&_params%2FOracle%20BI%20EE%3A%3ADefaultApp%3A%3AEVVET3%20PR%20NEW%2FAER%3A%3Adimension%2FAER%20Id%3A%3Aattribute%3A%3Anoaggr%3A%3Axsd%3Adouble=1369846&_xt=AER&_xf=pdf""> AER </a>",2019-12-30 00:00:00,Veterinarian,Spain,FEMALE,Dog,Chihuahua,"Onsior 6 mg  - Tablet (cats), RONAXAN 20 mg COMPRIMIDOS","Swollen face (see also Skin), Swollen vulva",1,1,
ESP-ZZELANCO-ES2019_000052,"<a target=""_blank""  href=""/xmlpserver/EVVET3 PW NEW/Subject Area Contents/Public Website/Report (PDF)/AER.xdo?_xpf=&_xpt=1&_params%2FOracle%20BI%20EE%3A%3ADefaultApp%3A%3AEVVET3%20PR%20NEW%2FAER%3A%3Adimension%2FAER%20Id%3A%3Aattribute%3A%3Anoaggr%3A%3Axsd%3Adouble=1339034&_xt=AER&_xf=pdf""> AER </a>",2019-09-16 00:00:00,Veterinarian,Spain,MALE,Dog,Dalmatian,Onsior 20 mg/ml  - Solution for injection (cats and dogs),Epileptic seizure,1,1,
ESP-ZZELANCO-ES2019_000123,"<a target=""_blank""  href=""/xmlpserver/EVVET3 PW NEW/Subject Area Contents/Public Website/Report (PDF)/AER.xdo?_xpf=&_xpt=1&_params%2FOracle%20BI%20EE%3A%3ADefaultApp%3A%3AEVVET3%20PR%20NEW%2FAER%3A%3Adimension%2FAER%20Id%3A%3Aattribute%3A%3Anoaggr%3A%3Axsd%3Adouble=1345419&_xt=AER&_xf=pdf""> AER </a>",2019-10-07 00:00:00,Veterinarian,Spain,UNKNOWN,Dog,Shepherd Dog - German,Onsior 40 mg  - Tablet (dogs),"Blood in vomit, Death, Inappetence",1,1,1
FI-FIMEA-20190107,"<a target=""_blank""  href=""/xmlpserver/EVVET3 PW NEW/Subject Area Contents/Public Website/Report (PDF)/AER.xdo?_xpf=&_xpt=1&_params%2FOracle%20BI%20EE%3A%3ADefaultApp%3A%3AEVVET3%20PR%20NEW%2FAER%3A%3Adimension%2FAER%20Id%3A%3Aattribute%3A%3Anoaggr%3A%3Axsd%3Adouble=1304039&_xt=AER&_xf=pdf""> AER </a>",2019-05-20 00:00:00,Veterinarian,Finland,MALE,Dog,Shepherd Dog - Dutch,"Barbivet vet 30 mg tabletti, Barbivet vet 60 mg tabletti, Libromide 325 mg Comprimés pour chiens, Libromide 325 mg tablets for dogs, Libromide 325 mg, comprimidos para cães, Onsior 10 mg  - Tablet (dogs), Onsior 20 mg  - Tablet (dogs), Onsior 20 mg/ml  - Solution for injection (cats and dogs), Onsior 40 mg  - Tablet (dogs), Onsior 5 mg  - Tablet (dogs), Onsior 6 mg  - Tablet (cats)","Reduced responses, Unable to rise",1,1,
FR-ANMV-19 CPVL 00178,"<a target=""_blank""  href=""/xmlpserver/EVVET3 PW NEW/Subject Area Contents/Public Website/Report (PDF)/AER.xdo?_xpf=&_xpt=1&_params%2FOracle%20BI%20EE%3A%3ADefaultApp%3A%3AEVVET3%20PR%20NEW%2FAER%3A%3Adimension%2FAER%20Id%3A%3Aattribute%3A%3Anoaggr%3A%3Axsd%3Adouble=1278138&_xt=AER&_xf=pdf""> AER </a>",2019-02-21 00:00:00,Veterinarian,France,FEMALE,Dog,Terrier - Bull - Staffordshire,"CEFASEPTIN 300 MG TABLETS FOR DOGS, Onsior 20 mg/ml  - Solution for injection (cats and dogs)",Vomiting,1,1,
FR-UKPFIZAH-2019-FR-00610,"<a target=""_blank""  href=""/xmlpserver/EVVET3 PW NEW/Subject Area Contents/Public Website/Report (PDF)/AER.xdo?_xpf=&_xpt=1&_params%2FOracle%20BI%20EE%3A%3ADefaultApp%3A%3AEVVET3%20PR%20NEW%2FAER%3A%3Adimension%2FAER%20Id%3A%3Aattribute%3A%3Anoaggr%3A%3Axsd%3Adouble=1345229&_xt=AER&_xf=pdf""> AER </a>",2019-10-07 00:00:00,Veterinarian,France,FEMALE,Dog,Terrier - Bull - Staffordshire,"DERMIPRED 5 COMPRIMES SECABLES POUR CHIENS ET CHATS, Onsior 10 mg  - Tablet (dogs), Versican Plus DHPPi/L4R (--) - Lyophilisate and suspension for suspension for injection","Acidosis, Anorexia, Azotaemia, Death, Depression, Dyspnoea, Elevated serum alkaline phosphatase (ALP), Hyperchloraemia, Hyperglycaemia, Hypernatraemia, Hyperphosphataemia, Joint swelling, Monocytosis, Neutrophilia, Other abnormal test result NOS, Stiff gait, Tarry or black stool (see also haemorrhagic diarrhoea), Thrombocytopenia",1,1,1
FRA-ZZELANCO-FR2019_000022,"<a target=""_blank""  href=""/xmlpserver/EVVET3 PW NEW/Subject Area Contents/Public Website/Report (PDF)/AER.xdo?_xpf=&_xpt=1&_params%2FOracle%20BI%20EE%3A%3ADefaultApp%3A%3AEVVET3%20PR%20NEW%2FAER%3A%3Adimension%2FAER%20Id%3A%3Aattribute%3A%3Anoaggr%3A%3Axsd%3Adouble=1285829&_xt=AER&_xf=pdf""> AER </a>",2019-03-15 00:00:00,Animal owner,France,FEMALE,Dog,Chinese Crested Dog – Hairless,"NELIO 2.5 MG TABLET FOR CATS, NELIO 20 MG TABLETS FOR DOGS, NELIO 20MG ΔΙΣΚΙΟ, NELIO 5 MG TABLET FOR CATS, NELIO 5 MG TABLET FOR DOGS, NELIO 5MG ΔΙΣΚΙΟ, Nelio 2.5 mg Tablet for Cats, Onsior 10 mg  - Tablet (dogs)","Appetite loss, Death by euthanasia, Metastatic tumour, Seizure NOS, Vocalisation",1,1,1
FRA-ZZELANCO-FR2019_000349,"<a target=""_blank""  href=""/xmlpserver/EVVET3 PW NEW/Subject Area Contents/Public Website/Report (PDF)/AER.xdo?_xpf=&_xpt=1&_params%2FOracle%20BI%20EE%3A%3ADefaultApp%3A%3AEVVET3%20PR%20NEW%2FAER%3A%3Adimension%2FAER%20Id%3A%3Aattribute%3A%3Anoaggr%3A%3Axsd%3Adouble=1346665&_xt=AER&_xf=pdf""> AER </a>",2019-10-11 00:00:00,Veterinarian,France,MALE,Dog,Beagle,"Onsior 10 mg  - Tablet (dogs), RILEXINE 200 MG/G ORAL PASTE, RILEXINE 200 mg/seringă suspensie intramamară pentru vaci, RILEXINE 200MG/G ΣΤΟΜΑΤΙΚΗ ΠΑΣΤΑ, RILEXINE 600 mg COMPRIMIDOS MASTICABLES, RILEXINE 600 mg tablety pre psy, RILEXINE 600 mg, tabletės šunims, RILEXINE 75 mg COMPRIMIDOS MASTICABLES, RILEXINE 75 mg tablety pre psy a mačky, RILEXINE 75 mg, tabletės katėms ir šunims, RILEXINE COMPRIMES 300 MG, RILEXINE COMPRIMES 600 MG, RILEXINE COMPRIMES 75 MG, RILEXINE POUDRE INJECTABLE 1 G, RILEXINE SUSPENSION INJECTABLE, RILEXINE TRAITEMENT SUSPENSION INTRAMAMMAIRE, RILEXINE vet. 300 mg tabletti, RILEXINE vet. 600 mg tabletti, RILEXINE vet. 75 mg tabletti, RILEXINE, 150 mg/ml, injekcinė suspensija galvijams, RILEXINE, 200mg, Intramamární suspenze, RILEXINE, 300mg, Tableta, RILEXINE, 600.0mg, Tableta, RILEXINE, 75mg, Tableta, Rilexine 150 mg/ml injekčná suspenzia, Rilexine 150 mg/ml suspensija injekcijām liellopiem, Rilexine 200 suspensija ievadīšanai tesmenī liellopiem, Rilexine 300, Rilexine 300mg, Rilexine 600, Rilexine 600 mg - Tabletten für Hunde, Rilexine 600 mg Tablets for dogs, Rilexine 600 mg comprimidos palatáveis para cães e gatos, Rilexine 600 mg smakelijke tabletten voor honden, Rilexine 600 mg tabletes suņiem, Rilexine 600 mg ízesített tabletta kutyáknak A.U.V., Rilexine 600 mg, tablete, za pse, Rilexine 600mg, Rilexine 75, Rilexine 75 mg - Tabletten für Hunde und Katzen, Rilexine 75 mg Tablets for dogs and cats, Rilexine 75 mg comprimidos palatáveis para cães e gatos, Rilexine 75 mg smakelijke tabletten voor honden en katten, Rilexine 75 mg tabletes suņiem un kaķiem, Rilexine 75 mg ízesített tabletta kutyáknak és macskáknak A.U.V., Rilexine 75 mg, Tabletten für Hunde und Katzen, Rilexine 75 mg, tablete, za pse i mačke, Rilexine Vet. 20 mg/ml intramammær suspension, Rilexine smaczne tabletki 300 mg Tabletka, Rilexine smaczne tabletki 600 mg Tabletka, Rilexine smaczne tabletki 75 mg Tabletka, Rilexine, 150 mg/ml, süstesuspensioon veistele, Rilexine, 300 mg tabletid koertele, Rilexine, 375mg, Intramamární suspenze, Rilexine, 600 mg tabletid koertele, Rilexine, 75 mg tabletid kassidele ja koertele, РИЛЕКСИН  15 % инж.","Aplastic anaemia, Death, Decreased activity, Decreased appetite, Elevated blood urea nitrogen (BUN), Elevated creatinine, Pancytopenia",1,1,1
FRA-ZZELANCO-FR2019_000478,"<a target=""_blank""  href=""/xmlpserver/EVVET3 PW NEW/Subject Area Contents/Public Website/Report (PDF)/AER.xdo?_xpf=&_xpt=1&_params%2FOracle%20BI%20EE%3A%3ADefaultApp%3A%3AEVVET3%20PR%20NEW%2FAER%3A%3Adimension%2FAER%20Id%3A%3Aattribute%3A%3Anoaggr%3A%3Axsd%3Adouble=1359870&_xt=AER&_xf=pdf""> AER </a>",2019-11-26 00:00:00,Veterinarian,France,FEMALE,Dog,Munsterlander - Large,"Galliprant 60 mg - Tablet, Onsior 10 mg  - Tablet (dogs), Onsior 20 mg  - Tablet (dogs), Onsior 20 mg/ml  - Solution for injection (cats and dogs), Onsior 40 mg  - Tablet (dogs), Onsior 5 mg  - Tablet (dogs), Onsior 6 mg  - Tablet (cats)","Anorexia, Diarrhoea, Other abnormal test result NOS, Pancreatitis NOS, Renal failure, Systemic disorder NOS, Vomiting, Weight loss",1,1,
GB-DEBIAHP-2017UK00217,"<a target=""_blank""  href=""/xmlpserver/EVVET3 PW NEW/Subject Area Contents/Public Website/Report (PDF)/AER.xdo?_xpf=&_xpt=1&_params%2FOracle%20BI%20EE%3A%3ADefaultApp%3A%3AEVVET3%20PR%20NEW%2FAER%3A%3Adimension%2FAER%20Id%3A%3Aattribute%3A%3Anoaggr%3A%3Axsd%3Adouble=1309472&_xt=AER&_xf=pdf""> AER </a>",2019-06-07 00:00:00,Veterinarian,United Kingdom,FEMALE,Dog,Lhasa Apso,"Metacam 1.5 mg/ml - Oral suspension (dogs), Onsior 10 mg  - Tablet (dogs)","Ataxia, Basophilia, Death by euthanasia, Decreased haemoglobin, Decreased packed cell volume (PCV), Dehydration, Diarrhoea, Disorder of red blood cell NOS, Dull, Elevated blood urea nitrogen (BUN), Elevated serum alkaline phosphatase (ALP), Hind limb paralysis, Hyperproteinaemia, Lack of efficacy - NOS, Medication error NOS, Pain NOS, Proprioception deficit, Stiffness NOS, Thrombocytosis, Walking difficulty",1,1,1
GB-UKDECHRAP-2018-18145,"<a target=""_blank""  href=""/xmlpserver/EVVET3 PW NEW/Subject Area Contents/Public Website/Report (PDF)/AER.xdo?_xpf=&_xpt=1&_params%2FOracle%20BI%20EE%3A%3ADefaultApp%3A%3AEVVET3%20PR%20NEW%2FAER%3A%3Adimension%2FAER%20Id%3A%3Aattribute%3A%3Anoaggr%3A%3Axsd%3Adouble=1281160&_xt=AER&_xf=pdf""> AER </a>",2019-02-28 00:00:00,Veterinarian,United Kingdom,MALE,Dog,Crossbred Canine/dog,Onsior 10 mg  - Tablet (dogs),"Elevated blood urea nitrogen (BUN), Elevated cholesterol (total), Elevated creatinine, Elevated protein:creatinine ratio, Elevated symmetrical dimethylarginine (SDMA), Hypercalcaemia, Hyperglycaemia, Hyperphosphataemia, Lens disorder NOS, Polydipsia, Polyuria, Proteinuria, Stumbling gait",1,1,
GB-UKPFIZAH-2019-UK-01035,"<a target=""_blank""  href=""/xmlpserver/EVVET3 PW NEW/Subject Area Contents/Public Website/Report (PDF)/AER.xdo?_xpf=&_xpt=1&_params%2FOracle%20BI%20EE%3A%3ADefaultApp%3A%3AEVVET3%20PR%20NEW%2FAER%3A%3Adimension%2FAER%20Id%3A%3Aattribute%3A%3Anoaggr%3A%3Axsd%3Adouble=1309562&_xt=AER&_xf=pdf""> AER </a>",2019-06-07 00:00:00,Veterinarian,United Kingdom,FEMALE,Dog,Crossbred Canine/dog,"Onsior 20 mg/ml  - Solution for injection (cats and dogs), SYNULOX RTU ενέσιμο εναιώρημα για βοοειδή, χοίρους, σκύλους και γάτες, SYNULOX RTU, injekcinė suspensija galvijams, kiaulėms, šunims ir katėms, Synulox RTU suspensija injekcijām liellopiem, cūkām, suņiem un kaķiem","Injection site necrosis, Injection site reaction NOS, Injection site weeping (see also Skin)",1,1,
GB-UKPFIZAH-2019-UK-02727,"<a target=""_blank""  href=""/xmlpserver/EVVET3 PW NEW/Subject Area Contents/Public Website/Report (PDF)/AER.xdo?_xpf=&_xpt=1&_params%2FOracle%20BI%20EE%3A%3ADefaultApp%3A%3AEVVET3%20PR%20NEW%2FAER%3A%3Adimension%2FAER%20Id%3A%3Aattribute%3A%3Anoaggr%3A%3Axsd%3Adouble=1369470&_xt=AER&_xf=pdf""> AER </a>",2019-12-27 00:00:00,Veterinarian,United Kingdom,FEMALE,Dog,Terrier - Airedale,"Onsior 20 mg  - Tablet (dogs), Synulox Palatable Tablets 250 mg","Behavioural disorder NOS, Facial swelling (see also Skin), Pyrexia",1,1,
GB-ZZELANCORG-UK2019_000063,"<a target=""_blank""  href=""/xmlpserver/EVVET3 PW NEW/Subject Area Contents/Public Website/Report (PDF)/AER.xdo?_xpf=&_xpt=1&_params%2FOracle%20BI%20EE%3A%3ADefaultApp%3A%3AEVVET3%20PR%20NEW%2FAER%3A%3Adimension%2FAER%20Id%3A%3Aattribute%3A%3Anoaggr%3A%3Axsd%3Adouble=1275362&_xt=AER&_xf=pdf""> AER </a>",2019-02-11 00:00:00,Veterinarian,United Kingdom,FEMALE,Dog,Unknown,Onsior 10 mg  - Tablet (dogs),Seizure NOS,1,1,
GB-ZZELANCORG-UK2019_000117,"<a target=""_blank""  href=""/xmlpserver/EVVET3 PW NEW/Subject Area Contents/Public Website/Report (PDF)/AER.xdo?_xpf=&_xpt=1&_params%2FOracle%20BI%20EE%3A%3ADefaultApp%3A%3AEVVET3%20PR%20NEW%2FAER%3A%3Adimension%2FAER%20Id%3A%3Aattribute%3A%3Anoaggr%3A%3Axsd%3Adouble=1304121&_xt=AER&_xf=pdf""> AER </a>",2019-05-20 00:00:00,Veterinarian,United Kingdom,MALE,Dog,Shih Tzu,Onsior 10 mg  - Tablet (dogs),"Abnormal red blood cell, Abnormal ultrasound finding, Bruising, Death by euthanasia, Diarrhoea, Ecchymosis, Elevated alanine aminotransferase (ALT), Elevated cholesterol (total), Elevated creatinine, Elevated gamma-glutamyl transferase (GGT), Elevated serum alkaline phosphatase (ALP), Elevated total bilirubin, Hyperphosphataemia, Inappetence, Jaundice, Lethargy (see also Central nervous system depression in Neurological), Multi-organ failure NOS, Other abnormal test result NOS, Polydipsia, Polyuria, Renal disorder NOS",1,1,1
GB-ZZELANCORG-UK2019_000127,"<a target=""_blank""  href=""/xmlpserver/EVVET3 PW NEW/Subject Area Contents/Public Website/Report (PDF)/AER.xdo?_xpf=&_xpt=1&_params%2FOracle%20BI%20EE%3A%3ADefaultApp%3A%3AEVVET3%20PR%20NEW%2FAER%3A%3Adimension%2FAER%20Id%3A%3Aattribute%3A%3Anoaggr%3A%3Axsd%3Adouble=1281162&_xt=AER&_xf=pdf""> AER </a>",2019-02-28 00:00:00,Veterinarian,United Kingdom,MALE,Dog,Terrier - Jack Russell,Onsior 10 mg  - Tablet (dogs),"Death by euthanasia, Diarrhoea, Vomiting",1,1,1
GB-ZZELANCORG-UK2019_000185,"<a target=""_blank""  href=""/xmlpserver/EVVET3 PW NEW/Subject Area Contents/Public Website/Report (PDF)/AER.xdo?_xpf=&_xpt=1&_params%2FOracle%20BI%20EE%3A%3ADefaultApp%3A%3AEVVET3%20PR%20NEW%2FAER%3A%3Adimension%2FAER%20Id%3A%3Aattribute%3A%3Anoaggr%3A%3Axsd%3Adouble=1300594&_xt=AER&_xf=pdf""> AER </a>",2019-05-07 00:00:00,Veterinarian,United Kingdom,MALE,Dog,Spaniel - Cocker English,"ACEPROMAZINE 10%/AGROSEED CANDILIDIS ενέσιμο διάλυμα 10 mg/ml για σκύλο και γάτα, Buprecare 0.3 mg/ml Solution for Injection for Dogs and Cats, Isoflurane 100% Inhalation Vapour, Liquid, Ketavet 100 mg/ml Solution for Injection for Dogs, Cats and Horses, Onsior 20 mg/ml  - Solution for injection (cats and dogs)",Seizure NOS,1,1,
GB-ZZELANCORG-UK2019_000349,"<a target=""_blank""  href=""/xmlpserver/EVVET3 PW NEW/Subject Area Contents/Public Website/Report (PDF)/AER.xdo?_xpf=&_xpt=1&_params%2FOracle%20BI%20EE%3A%3ADefaultApp%3A%3AEVVET3%20PR%20NEW%2FAER%3A%3Adimension%2FAER%20Id%3A%3Aattribute%3A%3Anoaggr%3A%3Axsd%3Adouble=1334641&_xt=AER&_xf=pdf""> AER </a>",2019-08-30 00:00:00,Veterinarian,United Kingdom,FEMALE,Dog,Retriever - Labrador,"CANIGEN L SUSPENSION INJECTABLE POUR CHIENS, Onsior 40 mg  - Tablet (dogs)","Appetite loss, Death by euthanasia, Depression, Diarrhoea, Elevated blood urea nitrogen (BUN), Elevated lipase, Elevated liver enzymes NOS, Emesis, Glucosuria, Haematuria, Lethargy (see also Central nervous system depression in Neurological), Pancreatitis NOS, Proteinuria, Urine abnormalities NOS",1,1,1
GBR-BIAHPV1P-19UK000115,"<a target=""_blank""  href=""/xmlpserver/EVVET3 PW NEW/Subject Area Contents/Public Website/Report (PDF)/AER.xdo?_xpf=&_xpt=1&_params%2FOracle%20BI%20EE%3A%3ADefaultApp%3A%3AEVVET3%20PR%20NEW%2FAER%3A%3Adimension%2FAER%20Id%3A%3Aattribute%3A%3Anoaggr%3A%3Axsd%3Adouble=1273844&_xt=AER&_xf=pdf""> AER </a>",2019-02-06 00:00:00,Veterinarian,United Kingdom,MALE,Dog,Dog (other),"NexGard Spectra 150 mg + 30 mg - Chewable tablet, NexGard Spectra 18.75 mg + 3.75 mg - Chewable tablet, NexGard Spectra 37.5 mg + 7.5 mg - Chewable tablet, NexGard Spectra 75 mg + 15 mg - Chewable tablet, NexGard Spectra 9.375 mg + 1.875 mg - Chewable tablet, Onsior 10 mg  - Tablet (dogs), Onsior 20 mg  - Tablet (dogs), Onsior 20 mg/ml  - Solution for injection (cats and dogs), Onsior 40 mg  - Tablet (dogs), Onsior 5 mg  - Tablet (dogs), Onsior 6 mg  - Tablet (cats)","Colitis, Diarrhoea, Tarry or black stool (see also haemorrhagic diarrhoea)",1,1,
GBR-BIAHPV1P-19UK000660,"<a target=""_blank""  href=""/xmlpserver/EVVET3 PW NEW/Subject Area Contents/Public Website/Report (PDF)/AER.xdo?_xpf=&_xpt=1&_params%2FOracle%20BI%20EE%3A%3ADefaultApp%3A%3AEVVET3%20PR%20NEW%2FAER%3A%3Adimension%2FAER%20Id%3A%3Aattribute%3A%3Anoaggr%3A%3Axsd%3Adouble=1287125&_xt=AER&_xf=pdf""> AER </a>",2019-03-21 00:00:00,Animal owner,United Kingdom,MALE,Dog,Greyhound,"FRONTLINE COMBO 134.00 MG / 120.60 MG SPOT-ON SOLUTION FOR DOG M, FRONTLINE COMBO 268.00 MG / 241.20 MG SPOT-ON SOLUTION FOR DOG L, FRONTLINE COMBO 402.00 MG / 361.80 MG SPOT-ON SOLUTION FOR DOG XL, FRONTLINE COMBO 50.00 MG / 60.00 MG SPOT-ON SOLUTION FOR CAT, FRONTLINE COMBO 67.00 MG / 60.30 MG SPOT-ON SOLUTION FOR DOG S, Onsior 10 mg  - Tablet (dogs), Onsior 20 mg  - Tablet (dogs), Onsior 20 mg/ml  - Solution for injection (cats and dogs), Onsior 40 mg  - Tablet (dogs), Onsior 5 mg  - Tablet (dogs), Onsior 6 mg  - Tablet (cats)","Decreased appetite, Diarrhoea, Distress, Pacing, Quiet, Sleepiness - systemic disorder",1,1,
GBR-BIAHPV1P-19UK000960,"<a target=""_blank""  href=""/xmlpserver/EVVET3 PW NEW/Subject Area Contents/Public Website/Report (PDF)/AER.xdo?_xpf=&_xpt=1&_params%2FOracle%20BI%20EE%3A%3ADefaultApp%3A%3AEVVET3%20PR%20NEW%2FAER%3A%3Adimension%2FAER%20Id%3A%3Aattribute%3A%3Anoaggr%3A%3Axsd%3Adouble=1292943&_xt=AER&_xf=pdf""> AER </a>",2019-04-10 00:00:00,Veterinarian,United Kingdom,FEMALE,Dog,Retriever - Golden,"Metacam 1.5 mg/ml - Oral suspension (dogs), Onsior 10 mg  - Tablet (dogs), Onsior 20 mg  - Tablet (dogs), Onsior 20 mg/ml  - Solution for injection (cats and dogs), Onsior 40 mg  - Tablet (dogs), Onsior 5 mg  - Tablet (dogs), Onsior 6 mg  - Tablet (cats), Tramadog 50 mg tablet for dogs",Bloody diarrhoea,1,1,
GBR-BIAHPV1P-19UK001203,"<a target=""_blank""  href=""/xmlpserver/EVVET3 PW NEW/Subject Area Contents/Public Website/Report (PDF)/AER.xdo?_xpf=&_xpt=1&_params%2FOracle%20BI%20EE%3A%3ADefaultApp%3A%3AEVVET3%20PR%20NEW%2FAER%3A%3Adimension%2FAER%20Id%3A%3Aattribute%3A%3Anoaggr%3A%3Axsd%3Adouble=1294829&_xt=AER&_xf=pdf""> AER </a>",2019-04-17 00:00:00,Veterinarian,United Kingdom,MALE,Dog,Shepherd Dog - German,"Onsior 10 mg  - Tablet (dogs), Onsior 20 mg  - Tablet (dogs), Onsior 20 mg/ml  - Solution for injection (cats and dogs), Onsior 40 mg  - Tablet (dogs), Onsior 5 mg  - Tablet (dogs), Onsior 6 mg  - Tablet (cats), Previcox 227 mg - Chewable tablet","Elevated alanine aminotransferase (ALT), Elevated blood urea nitrogen (BUN)",1,1,
GBR-BIAHPV1P-19UK002274,"<a target=""_blank""  href=""/xmlpserver/EVVET3 PW NEW/Subject Area Contents/Public Website/Report (PDF)/AER.xdo?_xpf=&_xpt=1&_params%2FOracle%20BI%20EE%3A%3ADefaultApp%3A%3AEVVET3%20PR%20NEW%2FAER%3A%3Adimension%2FAER%20Id%3A%3Aattribute%3A%3Anoaggr%3A%3Axsd%3Adouble=1329606&_xt=AER&_xf=pdf""> AER </a>",2019-08-14 00:00:00,Veterinarian,United Kingdom,FEMALE,Dog,Maltese,"Onsior 10 mg  - Tablet (dogs), Onsior 20 mg  - Tablet (dogs), Onsior 20 mg/ml  - Solution for injection (cats and dogs), Onsior 40 mg  - Tablet (dogs), Onsior 5 mg  - Tablet (dogs), Onsior 6 mg  - Tablet (cats), Pexion 100 mg  - Tablet, Prednisolone 1% 10 mg/ml Oplossing voor injectie, Prednisolone 2,5% suspensie voor injectie voor honden, Prednisolone 2.5 % Oplossing voor injectie, SYNULOX (200+50)MG/TAB ΔΙΣΚΙΟ, SYNULOX (40+10)MG/TAB ΔΙΣΚΙΟ, SYNULOX 140 mg/ml + 35 mg/ml suspensión inyectable, SYNULOX 200 mg/50 mg tablety pre psy a mačky, SYNULOX 200/50 mg COMPRIMIDOS APETITOSOS PARA PERROS, SYNULOX 250 COMPRIMES POUR CHIENS, SYNULOX 250 mg, SYNULOX 250 mg kramtomosios tabletės šunims ir katėms, SYNULOX 250 mg tablete za pse in mačke, SYNULOX 250mg, δισκία για σκύλους και γάτες, SYNULOX 40 mg/10 mg tablety pre psy a mačky, SYNULOX 40 mg/ml + 10 mg/ml POLVO PARA GOTAS ORALES EN SUSPENSION, SYNULOX 40/10 MG COMPRIMIDOS APETITOSOS PARA PERROS Y GATOS, SYNULOX 400 mg/100 mg tablety pre psy, SYNULOX 400/100 mg COMPRIMIDOS APETITOSOS PARA PERROS, SYNULOX 50 COMPRIMES POUR CHIENS ET CHATS, SYNULOX 50 mg, SYNULOX 50 mg kramtomosios tabletės šunims ir katėms, SYNULOX 50 mg tablete za pse in mačke, SYNULOX 500 COMPRIMES POUR CHIENS, SYNULOX 500 mg kramtomosios tabletės šunims, SYNULOX 500 mg tablete za pse, SYNULOX 500 mg, kramtomosios tabletės šunims, SYNULOX 500MG/TAB ΔΙΣΚΙΟ, SYNULOX 50mg, δισκία για σκύλους και γάτες, SYNULOX OGIVETTES POUR VEAUX, SYNULOX SUSPENSION INJECTABLE POUR BOVINS, SYNULOX VET 140 mg/ml injektioneste, suspensio koiralle, kissalle ja sialle, SYNULOX suspensão injetável para suínos, bovinos, cães e gatos, SYNULOX vet 200 mg/50 mg tabletti, koiralle ja kissalle, SYNULOX vet 40 mg/10 mg tabletti, koiralle ja kissalle, SYNULOX vet 400 mg/100 mg tabletti, koiralle, SYNULOX, 400/100mg, Tableta, Synulox 250 mg Comprimés Appétents, Synulox 250 mg Smakelijke tabletten, Synulox 250 mg tabletes suņiem un kaķiem, Synulox 250 mg, tabletid koertele ja kassidele, Synulox 250 mg, таблетки за кучета и котки, Synulox 250mg (200 mg/50 mg)  Tabletten für Hunde, Synulox 50 mg Comprimés Appétents, Synulox 50 mg Smakelijke Tabletten, Synulox 50 mg tabletes suņiem un kaķiem, Synulox 50 mg, tabletid koertele ja kassidele, Synulox 50 mg, таблетки за кучета и котки, Synulox 500 mg Bolus 400 mg - 100 mg Omhulde tablet, Synulox 500 mg Comprimés Appétents, Synulox 500 mg Smakelijke Tabletten, Synulox 500 mg tabletes suņiem, Synulox 500 mg, tabletid koertele, Synulox 500mg (400 mg/100 mg) Tabletten für Hunde, Synulox 50mg (40 mg/10 mg) Tabletten für Hunde und Katzen, Synulox Bolus 500 mg, 400 mg + 100 mg comprimés enrobés pour veaux, Synulox Lactating Cow Intramammary suspension., Synulox Tabletki 250 mg, Synulox Tabletki 250 mg (200+50) mg/tablete; tabletes suņiem, Synulox Tabletki 50 mg, Synulox Tabletki 50 mg (40+10) mg/ tablete; tabletes suņiem un kaķiem, Synulox Tabletki 500 mg, Synulox Vet. til hund og kat 200 + 50 mg tabletter, Synulox Vet. til hund og kat 40 + 10 mg tabletter, Synulox Vet. til hund tabletter 400 + 100 mg, Synulox Vet. til kalve 400 + 100 mg tabletter, Synulox comprimidos palatáveis 250 mg para cães e gatos, Synulox comprimidos palatáveis 50 mg para cães e gatos, Synulox comprimidos palatáveis 500 mg para cães, Synulox vet 40 mg/ml jauhe oraalisuspensiota varten koiralle ja kissalle, Synulox vet. 200 mg tabletter for hund og katt, Synulox vet. 200 mg/50 mg Tablett, Synulox vet. 40 mg tabletter for hund og katt, Synulox vet. 40 mg/10 mg Tablett, Synulox vet. 400 mg tabletter for hund, Synulox vet. 400 mg/100 mg Tablett, Synulox, 200/50mg, Tableta, Synulox, 40/10mg, Tableta, Synulox-Kalb 400 mg/100 mg Filmtabletten für Rinder (Kälber)","Elevated alanine aminotransferase (ALT), Elevated creatinine, Elevated serum alkaline phosphatase (ALP), Gingivitis, Hyperchloraemia, Mouth ulcer, Nasal discharge, Neutrophilia, Painful urination, Urinary bladder disorder NOS, Urinary retention, Vulvitis",1,1,
GBR-BIAHPV1P-19UK003438,"<a target=""_blank""  href=""/xmlpserver/EVVET3 PW NEW/Subject Area Contents/Public Website/Report (PDF)/AER.xdo?_xpf=&_xpt=1&_params%2FOracle%20BI%20EE%3A%3ADefaultApp%3A%3AEVVET3%20PR%20NEW%2FAER%3A%3Adimension%2FAER%20Id%3A%3Aattribute%3A%3Anoaggr%3A%3Axsd%3Adouble=1351915&_xt=AER&_xf=pdf""> AER </a>",2019-10-30 00:00:00,Veterinarian,United Kingdom,MALE,Dog,Dog (other),"NexGard Spectra 150 mg + 30 mg - Chewable tablet, NexGard Spectra 18.75 mg + 3.75 mg - Chewable tablet, NexGard Spectra 37.5 mg + 7.5 mg - Chewable tablet, NexGard Spectra 75 mg + 15 mg - Chewable tablet, NexGard Spectra 9.375 mg + 1.875 mg - Chewable tablet, Onsior 10 mg  - Tablet (dogs), Onsior 20 mg  - Tablet (dogs), Onsior 20 mg/ml  - Solution for injection (cats and dogs), Onsior 40 mg  - Tablet (dogs), Onsior 5 mg  - Tablet (dogs), Onsior 6 mg  - Tablet (cats)","Elevated alanine aminotransferase (ALT), Uncomfortable, Vocalisation",1,1,
GBR-BIAHPV1P-19UK003685,"<a target=""_blank""  href=""/xmlpserver/EVVET3 PW NEW/Subject Area Contents/Public Website/Report (PDF)/AER.xdo?_xpf=&_xpt=1&_params%2FOracle%20BI%20EE%3A%3ADefaultApp%3A%3AEVVET3%20PR%20NEW%2FAER%3A%3Adimension%2FAER%20Id%3A%3Aattribute%3A%3Anoaggr%3A%3Axsd%3Adouble=1359440&_xt=AER&_xf=pdf""> AER </a>",2019-11-25 00:00:00,Veterinarian,United Kingdom,FEMALE,Dog,Crossbred Canine/dog,"Cardalis 10 mg benazepril hydrochloride + 80 mg spironolactone - Chewable Tablet, Cardalis 2.5 mg benazepril hydrochloride + 20 mg spironolactone - Chewable Tablet, Cardalis 5 mg benazepril hydrochloride + 40 mg spironolactone - Chewable Tablet, Onsior 10 mg  - Tablet (dogs), Onsior 20 mg  - Tablet (dogs), Onsior 20 mg/ml  - Solution for injection (cats and dogs), Onsior 40 mg  - Tablet (dogs), Onsior 5 mg  - Tablet (dogs), Onsior 6 mg  - Tablet (cats), Vetmedin 5 mg capsules","Increased heart rate, Syncope, Vomiting",1,1,
GBR-MERCKMSD-2019-UK-00967,"<a target=""_blank""  href=""/xmlpserver/EVVET3 PW NEW/Subject Area Contents/Public Website/Report (PDF)/AER.xdo?_xpf=&_xpt=1&_params%2FOracle%20BI%20EE%3A%3ADefaultApp%3A%3AEVVET3%20PR%20NEW%2FAER%3A%3Adimension%2FAER%20Id%3A%3Aattribute%3A%3Anoaggr%3A%3Axsd%3Adouble=1285200&_xt=AER&_xf=pdf""> AER </a>",2019-03-13 00:00:00,Veterinarian,United Kingdom,MALE,Dog,Shih Tzu,"Nobivac L4 (--) - Suspension for injection, Onsior 20 mg  - Tablet (dogs)","Abnormal serum protein NOS, Anaemia NOS, Bruising, Collapse NOS (see also Cardio-vascular and Neurological disorders), Constipation, Decreased activity, Decreased haemoglobin, Decreased packed cell volume (PCV), Decreased red blood cell count, Disorder of red blood cell NOS, Elevated alanine aminotransferase (ALT), Food refusal, Hypoalbuminaemia, Leukocytosis NOS, Loss of consciousness, Monocytosis, Neutrophilia, Other abnormal test result NOS, Platelet disorder NOS, Quiet, Reluctant to move, Thrombocytopenia, Tremor, Urine leakage",1,1,
GBR-MERCKMSD-2019-UK-01645,"<a target=""_blank""  href=""/xmlpserver/EVVET3 PW NEW/Subject Area Contents/Public Website/Report (PDF)/AER.xdo?_xpf=&_xpt=1&_params%2FOracle%20BI%20EE%3A%3ADefaultApp%3A%3AEVVET3%20PR%20NEW%2FAER%3A%3Adimension%2FAER%20Id%3A%3Aattribute%3A%3Anoaggr%3A%3Axsd%3Adouble=1291554&_xt=AER&_xf=pdf""> AER </a>",2019-04-04 00:00:00,Veterinarian,United Kingdom,FEMALE,Dog,Terrier - Yorkshire,"Bravecto 250 mg  Chewable tablet, Bravecto 250 mg - Spot-on solution (dogs), MILBEMAX 12.5 MG/125 MG TABLETS FOR DOGS, Milquantel 12.5mg/125.0mg Tablets for Dogs, Onsior 10 mg  - Tablet (dogs)","Collapse NOS (see also Cardio-vascular and Neurological disorders), Death by euthanasia, Elevated alanine aminotransferase (ALT), Elevated serum alkaline phosphatase (ALP), Neurological signs NOS, Seizure NOS, Unresponsive to stimuli, Weight loss",1,1,1
GBR-ZZELANCO-UK2019_000357,"<a target=""_blank""  href=""/xmlpserver/EVVET3 PW NEW/Subject Area Contents/Public Website/Report (PDF)/AER.xdo?_xpf=&_xpt=1&_params%2FOracle%20BI%20EE%3A%3ADefaultApp%3A%3AEVVET3%20PR%20NEW%2FAER%3A%3Adimension%2FAER%20Id%3A%3Aattribute%3A%3Anoaggr%3A%3Axsd%3Adouble=1324201&_xt=AER&_xf=pdf""> AER </a>",2019-07-25 00:00:00,Other health care professional,United Kingdom,MALE,Dog,Retriever - Labrador,"Galliprant 100 mg - Tablet, Onsior 40 mg  - Tablet (dogs)","Abdominal pain, Anorexia, Diarrhoea, Lethargy (see also Central nervous system depression in Neurological)",1,1,
GBR-ZZELANCO-UK2019_000414,"<a target=""_blank""  href=""/xmlpserver/EVVET3 PW NEW/Subject Area Contents/Public Website/Report (PDF)/AER.xdo?_xpf=&_xpt=1&_params%2FOracle%20BI%20EE%3A%3ADefaultApp%3A%3AEVVET3%20PR%20NEW%2FAER%3A%3Adimension%2FAER%20Id%3A%3Aattribute%3A%3Anoaggr%3A%3Axsd%3Adouble=1307380&_xt=AER&_xf=pdf""> AER </a>",2019-05-30 00:00:00,Veterinarian,United Kingdom,MALE,Dog,Retriever - Labrador,Onsior 40 mg  - Tablet (dogs),"Death by euthanasia, Drinking a lot, Frequent urination",1,1,1
GBR-ZZELANCO-UK2019_000433,"<a target=""_blank""  href=""/xmlpserver/EVVET3 PW NEW/Subject Area Contents/Public Website/Report (PDF)/AER.xdo?_xpf=&_xpt=1&_params%2FOracle%20BI%20EE%3A%3ADefaultApp%3A%3AEVVET3%20PR%20NEW%2FAER%3A%3Adimension%2FAER%20Id%3A%3Aattribute%3A%3Anoaggr%3A%3Axsd%3Adouble=1310370&_xt=AER&_xf=pdf""> AER </a>",2019-06-11 00:00:00,Veterinarian,United Kingdom,FEMALE,Dog,Crossbred Canine/dog,Onsior 40 mg  - Tablet (dogs),"Abnormal ultrasound finding, Diarrhoea, Elevated liver enzymes NOS, Hepatopathy, Inappetence, Jaundice, Other abnormal test result NOS, Polydipsia, Polyuria, Splenomegaly, Vomiting",1,1,
GBR-ZZELANCO-UK2019_001276,"<a target=""_blank""  href=""/xmlpserver/EVVET3 PW NEW/Subject Area Contents/Public Website/Report (PDF)/AER.xdo?_xpf=&_xpt=1&_params%2FOracle%20BI%20EE%3A%3ADefaultApp%3A%3AEVVET3%20PR%20NEW%2FAER%3A%3Adimension%2FAER%20Id%3A%3Aattribute%3A%3Anoaggr%3A%3Axsd%3Adouble=1348130&_xt=AER&_xf=pdf""> AER </a>",2019-10-16 00:00:00,Veterinarian,United Kingdom,MALE,Dog,Terrier - Jack Russell,"ANTIROBE 150 MG GELULES POUR CHIENS, ANTIROBE 150MG/CAP ΚΑΨΑΚΙΟ, ΣΚΛΗΡΟ, ANTIROBE 25 MG GELULES POUR CHIENS, ANTIROBE 300 MG GELULES POUR CHIENS, ANTIROBE 300MG/CAP ΚΑΨΑΚΙΟ, ΣΚΛΗΡΟ, ANTIROBE 75 MG GELULES POUR CHIENS, ANTIROBE 75MG/CAP ΚΑΨΑΚΙΟ, ΣΚΛΗΡΟ, ANTIROBE Capsule da 150 mg per cani, ANTIROBE Capsule da 25 mg per cani e gatti, ANTIROBE Capsule da 300 mg per cani, ANTIROBE Capsule da 75 mg per cani e gatti, ANTIROBE GOUTTES SOLUTION BUVABLE POUR CHIEN ET CHAT, Antirobe 150 mg - Kapseln  für Hunde, Antirobe 150 mg Capsule, hard, Antirobe 150 mg capsules pour chiens, Antirobe 25 mg - Kapseln  für Hunde, Antirobe 25 mg Capsule, hard, Antirobe 25 mg capsules voor honden en katten, Antirobe 25 mg, capsules pour chiens et chats, Antirobe 300 mg - Kapseln für Hunde, Antirobe 300 mg Capsule, hard, Antirobe 300 mg, Capsules pour chiens, Antirobe 75 mg - Kapseln  für Hunde, Antirobe 75 mg Capsule, hard, Antirobe 75 mg, capsules pour chiens, Antirobe Vet. 150 mg kapsler, hårde, Antirobe Vet. 25 mg kapsler, hårde, Antirobe Vet. 300 mg kapsler, hårde, Antirobe Vet. 75 mg kapsler, hårde, Antirobe vet. 150 mg Kapsel, hård, Antirobe vet. 150 mg kapsel, hard til hund, Antirobe vet. 150 mg kapseli, kova koiralle, Antirobe vet. 25 mg Kapsel, hård, Antirobe vet. 25 mg kapseli, kova koiralle ja kissalle, Antirobe vet. 25 mg, kapsel, hard til hund og katt, Antirobe vet. 300 mg Kapsel, hård, Antirobe vet. 300 mg kapseli, kova koiralle, Antirobe vet. 75 mg Kapsel, hård, Antirobe vet. 75 mg kapseli, kova koiralle ja kissalle, Antirobe vet. 75 mg, kapsel, hard til hund og katt, Onsior 10 mg  - Tablet (dogs)","Blood in vomit, Death",1,1,1
IT-ITDGSVA11-IT-2018-444,"<a target=""_blank""  href=""/xmlpserver/EVVET3 PW NEW/Subject Area Contents/Public Website/Report (PDF)/AER.xdo?_xpf=&_xpt=1&_params%2FOracle%20BI%20EE%3A%3ADefaultApp%3A%3AEVVET3%20PR%20NEW%2FAER%3A%3Adimension%2FAER%20Id%3A%3Aattribute%3A%3Anoaggr%3A%3Axsd%3Adouble=1273430&_xt=AER&_xf=pdf""> AER </a>",2019-02-05 00:00:00,Veterinarian,Italy,MALE,Dog,Terrier - West Highland White,Onsior 20 mg  - Tablet (dogs),"Acute renal failure, Death, Dehydration, Diarrhoea, Vomiting",1,1,1
JP-ZZELANCORG-JP2019_000287,"<a target=""_blank""  href=""/xmlpserver/EVVET3 PW NEW/Subject Area Contents/Public Website/Report (PDF)/AER.xdo?_xpf=&_xpt=1&_params%2FOracle%20BI%20EE%3A%3ADefaultApp%3A%3AEVVET3%20PR%20NEW%2FAER%3A%3Adimension%2FAER%20Id%3A%3Aattribute%3A%3Anoaggr%3A%3Axsd%3Adouble=1291037&_xt=AER&_xf=pdf""> AER </a>",2019-04-03 00:00:00,Veterinarian,Japan,UNKNOWN,Dog,Poodle - Toy,Onsior 5 mg  - Tablet (dogs),"Death, Knuckling, Unable to stand",1,1,1
JP-ZZELANCORG-JP2019_000362,"<a target=""_blank""  href=""/xmlpserver/EVVET3 PW NEW/Subject Area Contents/Public Website/Report (PDF)/AER.xdo?_xpf=&_xpt=1&_params%2FOracle%20BI%20EE%3A%3ADefaultApp%3A%3AEVVET3%20PR%20NEW%2FAER%3A%3Adimension%2FAER%20Id%3A%3Aattribute%3A%3Anoaggr%3A%3Axsd%3Adouble=1294518&_xt=AER&_xf=pdf""> AER </a>",2019-04-16 00:00:00,Veterinarian,Japan,MALE,Dog,Bulldog - French,Onsior 10 mg  - Tablet (dogs),"Appetite loss, Death, Facial swelling (see also Skin), Granuloma",1,1,1
JP-ZZELANCORG-JP2019_000364,"<a target=""_blank""  href=""/xmlpserver/EVVET3 PW NEW/Subject Area Contents/Public Website/Report (PDF)/AER.xdo?_xpf=&_xpt=1&_params%2FOracle%20BI%20EE%3A%3ADefaultApp%3A%3AEVVET3%20PR%20NEW%2FAER%3A%3Adimension%2FAER%20Id%3A%3Aattribute%3A%3Anoaggr%3A%3Axsd%3Adouble=1296322&_xt=AER&_xf=pdf""> AER </a>",2019-04-23 00:00:00,Veterinarian,Japan,FEMALE,Dog,Chihuahua,Onsior 20 mg/ml  - Solution for injection (cats and dogs),"Bradycardia, Death, Elevated alanine aminotransferase (ALT), Elevated aspartate aminotransferase (AST), Hyperkalaemia, Hypoglycaemia, Hypotension, Hypothermia, Impaired consciousness",1,1,1
JP-ZZELANCORG-JP2019_000752,"<a target=""_blank""  href=""/xmlpserver/EVVET3 PW NEW/Subject Area Contents/Public Website/Report (PDF)/AER.xdo?_xpf=&_xpt=1&_params%2FOracle%20BI%20EE%3A%3ADefaultApp%3A%3AEVVET3%20PR%20NEW%2FAER%3A%3Adimension%2FAER%20Id%3A%3Aattribute%3A%3Anoaggr%3A%3Axsd%3Adouble=1316636&_xt=AER&_xf=pdf""> AER </a>",2019-07-01 00:00:00,Veterinarian,Japan,FEMALE,Dog,Poodle - Toy,"Atropine 0,1% pro inj., 1 mg/ml oplossing voor injectie voor honden en katten., Onsior 20 mg/ml  - Solution for injection (cats and dogs), Onsior 5 mg  - Tablet (dogs), АМПИЦИЛИН шприц-канюли",Purpura,1,1,
JP-ZZELANCORG-JP2019_000753,"<a target=""_blank""  href=""/xmlpserver/EVVET3 PW NEW/Subject Area Contents/Public Website/Report (PDF)/AER.xdo?_xpf=&_xpt=1&_params%2FOracle%20BI%20EE%3A%3ADefaultApp%3A%3AEVVET3%20PR%20NEW%2FAER%3A%3Adimension%2FAER%20Id%3A%3Aattribute%3A%3Anoaggr%3A%3Axsd%3Adouble=1317896&_xt=AER&_xf=pdf""> AER </a>",2019-07-04 00:00:00,Veterinarian,Japan,FEMALE,Dog,Dachshund - Miniature,Onsior 20 mg/ml  - Solution for injection (cats and dogs),"Haematuria, Purpura",1,1,
JPN-ZZELANCO-JP2019_001322,"<a target=""_blank""  href=""/xmlpserver/EVVET3 PW NEW/Subject Area Contents/Public Website/Report (PDF)/AER.xdo?_xpf=&_xpt=1&_params%2FOracle%20BI%20EE%3A%3ADefaultApp%3A%3AEVVET3%20PR%20NEW%2FAER%3A%3Adimension%2FAER%20Id%3A%3Aattribute%3A%3Anoaggr%3A%3Axsd%3Adouble=1363733&_xt=AER&_xf=pdf""> AER </a>",2019-12-09 00:00:00,Veterinarian,Japan,FEMALE,Dog,Dachshund - Miniature,Onsior 20 mg/ml  - Solution for injection (cats and dogs),"Anaemia NOS, Elevated blood urea nitrogen (BUN), Elevated creatinine",1,1,
NL-NLALF-488NL10067,"<a target=""_blank""  href=""/xmlpserver/EVVET3 PW NEW/Subject Area Contents/Public Website/Report (PDF)/AER.xdo?_xpf=&_xpt=1&_params%2FOracle%20BI%20EE%3A%3ADefaultApp%3A%3AEVVET3%20PR%20NEW%2FAER%3A%3Adimension%2FAER%20Id%3A%3Aattribute%3A%3Anoaggr%3A%3Axsd%3Adouble=1306106&_xt=AER&_xf=pdf""> AER </a>",2019-05-24 00:00:00,Other health care professional,Netherlands,MALE,Dog,Unknown,"Myodine 25 mg/ml solution for injection for dogs and cats, Nandrosol 25 mg/ml solution for injection for dogs and cats, Onsior 40 mg  - Tablet (dogs)","Lameness, Stiffness NOS",1,1,
NLD-MERCKMSD-2019-NL-00170,"<a target=""_blank""  href=""/xmlpserver/EVVET3 PW NEW/Subject Area Contents/Public Website/Report (PDF)/AER.xdo?_xpf=&_xpt=1&_params%2FOracle%20BI%20EE%3A%3ADefaultApp%3A%3AEVVET3%20PR%20NEW%2FAER%3A%3Adimension%2FAER%20Id%3A%3Aattribute%3A%3Anoaggr%3A%3Axsd%3Adouble=1309768&_xt=AER&_xf=pdf""> AER </a>",2019-06-07 00:00:00,Veterinarian,Netherlands,MALE,Dog,Crossbred Canine/dog,"Cavasan Oogzalf, Cerenia 10 mg/ml  - Solution for injection, Cerenia 16 mg  - Tablet, Cerenia 160 mg  - Tablet, Cerenia 24 mg  - Tablet, Cerenia 60 mg - Tablet, Metomotyl 10 mg tabletten met smaakstof voor honden, Metomotyl 10 mgchewable tablets for dogs, Metomotyl 2.5 mg/ml solution for injection for cats and dogs, Metomotyl 5 mg chewable tablets for dogs, Metomotyl 5 mg/ml solution for injection for cats and dogs, NOBI-VAC DHP Λυοφιλοποιημένο υλικό και διαλύτης για ενέσιμο εναιώρημα για σκύλους, NOBIVAC DHP LIOFILIZADO Y DISOLVENTE PARA SUSPENSION INYECTABLE PARA PERROS, NOBIVAC DHP ΚΟΝΙΣ ΚΑΙ ΔΙΑΛΥΤΗΣ ΓΙΑ ΕΝΕΣΙΜΟ ΕΝΑΙΩΡΗΜΑ, Nobivac DHP, Nobivac DHP  Lyofilisaat en oplosmiddel voor suspensie voor injectie, Nobivac DHP Liofilizat i rozpuszczalnik do sporządzania zawiesiny do wstrzykiwań, Nobivac DHP liofilizāts un šķīdinātājs suspensijas injekcijām pagatavošanai suņiem, Nobivac DHP lyofilizát a rozpúšťadlo na injekčnú suspenziu pre psy, Nobivac DHP lyophilisat et solvant pour suspension injectable, Nobivac DHP lyophilisate and solvent for suspension for injection for dogs, Nobivac DHP vakcina A.U.V., Nobivac DHP vet. injektiokuiva-aine ja liuotin, suspensiota varten, Nobivac DHP, Lyofilizát pro injekční suspenzi, Nobivac DHP, liofilizatas ir skiediklis injekcinei suspensijai ruošti šunims, Nobivac DHP, süstesuspensiooni lüofilisaat koertele, Nobivac DHP, vaccin viu liofilizat pentru suspensie injectabilă pentru câini, Onsior 10 mg  - Tablet (dogs), Onsior 20 mg  - Tablet (dogs), Onsior 40 mg  - Tablet (dogs), Onsior 5 mg  - Tablet (dogs), Onsior 6 mg  - Tablet (cats), Panacur KH 250 mg tabletten voor honden en katten, Prevomax 10 mg/ml - Solution for injection, RIMADYL 100 mg COMPRIMIDOS MASTICABLES PARA PERROS, RIMADYL 100 mg comprimate pentru câini, RIMADYL 100 mg, kramtomosios tabletės šunims, RIMADYL 100MG/TAB ΜΑΣΩΜΕΝΟ ΔΙΣΚΙΟ, RIMADYL 20 mg COMPRIMIDOS MASTICABLES PARA PERROS, RIMADYL 20 mg, kramtomosios tabletės šunims, RIMADYL 20MG/TAB ΜΑΣΩΜΕΝΟ ΔΙΣΚΙΟ, RIMADYL 50 mg COMPRIMIDOS MASTICABLES PARA PERROS, RIMADYL 50 mg comprimate pentru câini, RIMADYL 50 mg, kramtomosios tabletės šunims, RIMADYL 50MG/TAB ΜΑΣΩΜΕΝΟ ΔΙΣΚΙΟ, RIMADYL 50mg/ml ενέσιμο διάλυμα για σκύλους και γάτες, RIMADYL CATTLE 50 mg/ml, injekcinis tirpalas galvijams, RIMADYL Cattle 50 mg/ml Solution for Injection, RIMADYL INJECTABLE SOLUTION INJECTABLE POUR CHATS ET CHIENS, RIMADYL Injection 50mg/ml Διαυγές αποστειρωμένο ενέσιμο διάλυμα για σκύλους και γάτες, RIMADYL SMAKELIJKE TABLETTEN 100 mg voor honden, RIMADYL SMAKELIJKE TABLETTEN 50 mg voor honden, RIMADYL VET 50 mg/ml injektioneste, liuos, RIMADYL vet 100 mg purutabletti, RIMADYL vet 20 mg purutabletti, RIMADYL vet 50 mg purutabletti, Rimadyl 100 mg - Kautabletten für Hunde, Rimadyl 100 mg Comprimés Appétents 100 mg Tablet, Rimadyl 100 mg Kautablette für Hunde, Rimadyl 100 mg comprimidos mastigáveis para cães, Rimadyl 100 mg comprimés appétents, 100 mg, comprimés pour chiens, Rimadyl 100 mg okusne, žvečljive tablete za pse, Rimadyl 100 mg tabletes suņiem, Rimadyl 100 mg ízesített tabletta A.U.V., Rimadyl 20 mg - Kautabletten für Hunde, Rimadyl 20 mg Comprimés Appétents 20 mg Comprimé, Rimadyl 20 mg Comprimés Appétents 20 mg Tablet, Rimadyl 20 mg Kautablette für Hunde, Rimadyl 20 mg okusne, žvečljive tablete za pse, Rimadyl 20 mg ízesített tabletta A.U.V., Rimadyl 20 mg таблетки за кучета/Rimadyl 50 mg таблетки за кучета/Rimadyl 100 mg таблетки за кучета, Rimadyl 50 mg - Kautabletten für Hunde, Rimadyl 50 mg Comprimés Appétents 50 mg Tablet, Rimadyl 50 mg Kautablette für Hunde, Rimadyl 50 mg comprimidos mastigáveis para cães, Rimadyl 50 mg comprimés appétents, 50 mg, comprimés pour chiens, Rimadyl 50 mg košļājamās tabletes suņiem, Rimadyl 50 mg okusne, žvečljive tablete za pse, Rimadyl 50 mg ízesített tabletta A.U.V., Rimadyl 50 mg/ml - Injektionslösung für Hunde und Katzen, Rimadyl 50 mg/ml injekčný roztok, Rimadyl 50mg/ml Injektionslösung für Hunde und Katzen, Rimadyl Cattle, 50 mg/mL, otopina za injekc","Anorexia, Bone and joint disorder NOS, Cough, productive, Emesis (multiple), Enteritis, Lethargy (see also Central nervous system depression in Neurological), Licking, Limb weakness, Mucous stool, Partial anorexia, Tense abdomen, Voice alteration",1,1,
NO-NONOMA-2018-3130,"<a target=""_blank""  href=""/xmlpserver/EVVET3 PW NEW/Subject Area Contents/Public Website/Report (PDF)/AER.xdo?_xpf=&_xpt=1&_params%2FOracle%20BI%20EE%3A%3ADefaultApp%3A%3AEVVET3%20PR%20NEW%2FAER%3A%3Adimension%2FAER%20Id%3A%3Aattribute%3A%3Anoaggr%3A%3Axsd%3Adouble=1321057&_xt=AER&_xf=pdf""> AER </a>",2019-07-16 00:00:00,Veterinarian,Norway,MALE,Dog,Schnauzer (unspecified),"KARSIVAN 100 COMPRIMES PELLICULES POUR CHIENS, KARSIVAN 100 RO, comprimate filmate pentru câini, KARSIVAN 100 mg, compresse per cani, KARSIVAN 50, KARSIVAN 50 COMPRIMES PELLICULES POUR CHIENS, KARSIVAN 50 mg COMPRIMIDOS RECUBIERTOS CON PELICULA PARA PERROS, KARSIVAN 50 mg, compresse per cani, Karsivan 100 apvalkotās tabletes iekšķīgai lietošanai suņiem, Karsivan 100 mg, Karsivan 100 mg filmom obalené tablety pre psy, Karsivan 100 mg filmsko obložene tablete za pse, Karsivan 100 mg tabletta A.U.V., Karsivan 100 mg, Filmtabletten für Hunde, Karsivan 100, 100 mg tabletės šunims, Karsivan 100, 100 mg õhukese polümeerikattega tabletid koertele, Karsivan 50 apvalkotās tabletes iekšķīgai lietošanai suņiem, Karsivan 50 mg, Karsivan 50 mg Omhulde tablet, Karsivan 50 mg Tabletka powlekana, Karsivan 50 mg apvalkotās tabletes, Karsivan 50 mg comprimés enrobés, Karsivan 50 mg filmom obalené tablety pre psy, Karsivan 50 mg filmsko obložene tablete za pse, Karsivan 50 mg tabletta A.U.V., Karsivan 50 mg, Filmtabletten für Hunde, Karsivan 50, 50 mg tabletės šunims, Karsivan 50, comprimidos revestidos para cães., Karsivan vet. 100 mg tabletter, filmdrasjerte, Karsivan vet. 50 mg tabletter, filmdrasjerte, Karsivan, 100mg, Potahované tablety, Karsivan, 50mg, Potahované tablety, Onsior 40 mg  - Tablet (dogs)",General hair loss,1,1,
NO-NONOMA-2018-4902,"<a target=""_blank""  href=""/xmlpserver/EVVET3 PW NEW/Subject Area Contents/Public Website/Report (PDF)/AER.xdo?_xpf=&_xpt=1&_params%2FOracle%20BI%20EE%3A%3ADefaultApp%3A%3AEVVET3%20PR%20NEW%2FAER%3A%3Adimension%2FAER%20Id%3A%3Aattribute%3A%3Anoaggr%3A%3Axsd%3Adouble=1277103&_xt=AER&_xf=pdf""> AER </a>",2019-02-18 00:00:00,Veterinarian,Norway,MALE,Dog,Retriever - Labrador,"MITEX, MITEX ušné kvapky pre psy a mačky, MITEX, Ušní kapky, suspenze, Mitex Ohrentropfen und Suspension zur Anwendung auf der Haut für Hunde und Katzen, Onsior 20 mg/ml  - Solution for injection (cats and dogs), Previcox 227 mg - Chewable tablet, МИТЕКС капки за уши за кучета и котки","Hepatitis, Lethargy (see also Central nervous system depression in Neurological), Non-regenerative anaemia, Pale mucous membrane, Polydipsia, Polyuria, Pyrexia, Vomiting",1,1,
NO-NONOMA-2018-5404,"<a target=""_blank""  href=""/xmlpserver/EVVET3 PW NEW/Subject Area Contents/Public Website/Report (PDF)/AER.xdo?_xpf=&_xpt=1&_params%2FOracle%20BI%20EE%3A%3ADefaultApp%3A%3AEVVET3%20PR%20NEW%2FAER%3A%3Adimension%2FAER%20Id%3A%3Aattribute%3A%3Anoaggr%3A%3Axsd%3Adouble=1277106&_xt=AER&_xf=pdf""> AER </a>",2019-02-18 00:00:00,Veterinarian,Norway,MALE,Dog,Spaniel - King Charles Cavalier,"Onsior 20 mg  - Tablet (dogs), Onsior 20 mg/ml  - Solution for injection (cats and dogs)","Blood in faeces, Diarrhoea",1,1,
NO-UKPFIZAH-2019-NO-00011,"<a target=""_blank""  href=""/xmlpserver/EVVET3 PW NEW/Subject Area Contents/Public Website/Report (PDF)/AER.xdo?_xpf=&_xpt=1&_params%2FOracle%20BI%20EE%3A%3ADefaultApp%3A%3AEVVET3%20PR%20NEW%2FAER%3A%3Adimension%2FAER%20Id%3A%3Aattribute%3A%3Anoaggr%3A%3Axsd%3Adouble=1320961&_xt=AER&_xf=pdf""> AER </a>",2019-07-16 00:00:00,Veterinarian,Norway,MALE,Dog,Shepherd Dog - German,"Cytopoint 10 mg/ml - Solution for injection, Cytopoint 20 mg/ml - Solution for injection, Cytopoint 30 mg/ml - Solution for injection, Cytopoint 40 mg/ml - Solution for injection, Onsior 20 mg/ml  - Solution for injection (cats and dogs)","Adipsia, Anorexia, Asthenia, Muscle tremor",1,1,
NOR-MERCKMSD-2019-NO-00148,"<a target=""_blank""  href=""/xmlpserver/EVVET3 PW NEW/Subject Area Contents/Public Website/Report (PDF)/AER.xdo?_xpf=&_xpt=1&_params%2FOracle%20BI%20EE%3A%3ADefaultApp%3A%3AEVVET3%20PR%20NEW%2FAER%3A%3Adimension%2FAER%20Id%3A%3Aattribute%3A%3Anoaggr%3A%3Axsd%3Adouble=1359926&_xt=AER&_xf=pdf""> AER </a>",2019-11-26 00:00:00,Veterinarian,Norway,FEMALE,Dog,Alaskan Malamute,"Dexdomitor 0.1 mg/ml - Solution for injection, Dexdomitor 0.5 mg/ml - Solution for injection, MILBEMAX 12,5 mg/125 mg comprimate pentru câini, MILBEMAX 12.5 MG/125 MG CHEWABLE TABLETS FOR DOGS, MILBEMAX 12.5 MG/125 MG TABLETS FOR DOGS, MILBEMAX 16 MG/40 MG FILM-COATED TABLETS FOR CATS, MILBEMAX 16 mg/40 mg comprimate filmate pentru pisici, MILBEMAX 2,5 MG/25 MG COMPRIMES A CROQUER POUR PETITS CHIENS ET CHIOTS, MILBEMAX 2,5 mg/25 mg comprimate pentru câini de talie mică și căței, MILBEMAX 2.5 MG/25 MG CHEWABLE TABLETS FOR SMALL DOGS AND PUPPIES, MILBEMAX 2.5 MG/25 MG TABLETS FOR SMALL DOGS AND PUPPIES, MILBEMAX 4 MG/10 MG FILM-COATED TABLETS FOR SMALL CATS AND KITTENS, MILBEMAX 4 mg/10 mg comprimate filmate pentru pisici de talie mică și pisicuțe, MILBEMAX CHEWABLE TABLETS FOR SMALL DOGS AND PUPPIES, MILBEMAX Comprimés pelliculés pour chats, MILBEMAX Comprimés pelliculés pour petits chats et chatons, MILBEMAX comprimés pour chiens, MILBEMAX comprimés pour petits chiens et chiots, MILBEMAX comprimés à croquer pour chiens, MILBEMAX comprimés à croquer pour petits chiens et chiots, MILBEVET 12.5 MG/125 MG CHEWABLE TABLETS FOR DOGS, MILBEVET 2.5 MG/25 MG CHEWABLE TABLETS FOR SMALL DOGS AND PUPPIES, Milbemax 12,5 mg/125 mg kauwtabletten voor honden, Milbemax 16 mg+40 mg filmovertrukne tabletter, Milbemax 16 mg/40 mg filmomhulde tabletten voor katten, Milbemax Vet. til katte 16 mg+40 mg filmovertrukne tabletter, Nobivac Pi, Lyophilisate and Solvent for Suspension for Injection for Dogs, Onsior 10 mg  - Tablet (dogs), Onsior 20 mg  - Tablet (dogs), Onsior 20 mg/ml  - Solution for injection (cats and dogs), Onsior 40 mg  - Tablet (dogs), Onsior 5 mg  - Tablet (dogs), Onsior 6 mg  - Tablet (cats), Previcox 227 mg - Chewable tablet, Previcox 57 mg - Chewable tablet, Previcox 8.2 mg/g - Oral paste, RIMADYL 100 mg COMPRIMIDOS MASTICABLES PARA PERROS, RIMADYL 100 mg comprimate pentru câini, RIMADYL 100 mg, kramtomosios tabletės šunims, RIMADYL 100MG/TAB ΜΑΣΩΜΕΝΟ ΔΙΣΚΙΟ, RIMADYL 20 mg COMPRIMIDOS MASTICABLES PARA PERROS, RIMADYL 20 mg, kramtomosios tabletės šunims, RIMADYL 20MG/TAB ΜΑΣΩΜΕΝΟ ΔΙΣΚΙΟ, RIMADYL 50 mg COMPRIMIDOS MASTICABLES PARA PERROS, RIMADYL 50 mg comprimate pentru câini, RIMADYL 50 mg, kramtomosios tabletės šunims, RIMADYL 50MG/TAB ΜΑΣΩΜΕΝΟ ΔΙΣΚΙΟ, RIMADYL 50mg/ml ενέσιμο διάλυμα για σκύλους και γάτες, RIMADYL CATTLE 50 mg/ml, injekcinis tirpalas galvijams, RIMADYL Cattle 50 mg/ml Solution for Injection, RIMADYL INJECTABLE SOLUTION INJECTABLE POUR CHATS ET CHIENS, RIMADYL Injection 50mg/ml Διαυγές αποστειρωμένο ενέσιμο διάλυμα για σκύλους και γάτες, RIMADYL SMAKELIJKE TABLETTEN 100 mg voor honden, RIMADYL SMAKELIJKE TABLETTEN 50 mg voor honden, RIMADYL VET 50 mg/ml injektioneste, liuos, RIMADYL vet 100 mg purutabletti, RIMADYL vet 20 mg purutabletti, RIMADYL vet 50 mg purutabletti, Rimadyl 100 mg - Kautabletten für Hunde, Rimadyl 100 mg Comprimés Appétents 100 mg Tablet, Rimadyl 100 mg Kautablette für Hunde, Rimadyl 100 mg comprimidos mastigáveis para cães, Rimadyl 100 mg comprimés appétents, 100 mg, comprimés pour chiens, Rimadyl 100 mg okusne, žvečljive tablete za pse, Rimadyl 100 mg tabletes suņiem, Rimadyl 100 mg ízesített tabletta A.U.V., Rimadyl 20 mg - Kautabletten für Hunde, Rimadyl 20 mg Comprimés Appétents 20 mg Comprimé, Rimadyl 20 mg Comprimés Appétents 20 mg Tablet, Rimadyl 20 mg Kautablette für Hunde, Rimadyl 20 mg okusne, žvečljive tablete za pse, Rimadyl 20 mg ízesített tabletta A.U.V., Rimadyl 20 mg таблетки за кучета/Rimadyl 50 mg таблетки за кучета/Rimadyl 100 mg таблетки за кучета, Rimadyl 50 mg - Kautabletten für Hunde, Rimadyl 50 mg Comprimés Appétents 50 mg Tablet, Rimadyl 50 mg Kautablette für Hunde, Rimadyl 50 mg comprimidos mastigáveis para cães, Rimadyl 50 mg comprimés appétents, 50 mg, comprimés pour chiens, Rimadyl 50 mg košļājamās tabletes suņiem, Rimadyl 50 mg okusne, žvečljive tablete za pse, Rimadyl 50 mg ízesített tabletta A.U.V., Rimadyl 50 mg/ml - Injektionslösung für Hunde und Katzen, Rima","Sudden death, Trembling",1,1,1
SE-SEMPAV-2018-00458,"<a target=""_blank""  href=""/xmlpserver/EVVET3 PW NEW/Subject Area Contents/Public Website/Report (PDF)/AER.xdo?_xpf=&_xpt=1&_params%2FOracle%20BI%20EE%3A%3ADefaultApp%3A%3AEVVET3%20PR%20NEW%2FAER%3A%3Adimension%2FAER%20Id%3A%3Aattribute%3A%3Anoaggr%3A%3Axsd%3Adouble=1277817&_xt=AER&_xf=pdf""> AER </a>",2019-02-20 00:00:00,Veterinarian,Sweden,MALE,Dog,Collie - Border,"Alvegesic vet. 10 mg/ml Injektionslösung für Pferde, Hunde und Katzen, Atipam 5.0 mg/ml solution for injection for Cats and Dogs - atipamezole hydrochloride, Atipam, 5.0 mg/ml, solution for injection for cats and dogs, Comfortan 10 mg/ml solution for injection for dogs and cats, Dexdomitor 0.5 mg/ml - Solution for injection, Onsior 20 mg/ml  - Solution for injection (cats and dogs), Onsior 40 mg  - Tablet (dogs), VETRIMOXIN 150MG/ML ΕΝΕΣΙΜΟ ΕΝΑΙΩΡΗΜΑ, VETRIMOXIN 150MG/TAB ΔΙΣΚΙΟ, VETRIMOXIN 20MG/ML ΣΤΟΜΑΤΙΚΗ ΠΑΣΤΑ, VETRIMOXIN 48 HEURES, VETRIMOXIN 50, VETRIMOXIN 50 mg/g Premix for medicated feeding stuff for pigs, VETRIMOXIN 50, 50%, Prášek pro perorální roztok, VETRIMOXIN 500 mg/g prášok na perorálny roztok, VETRIMOXIN 500 mg/g, milteliai geriamajam tirpalui, VETRIMOXIN 500mg/g, pulveris iekšķīgi lietojama šķīduma pagatavošanai, VETRIMOXIN 50MG/G ΠΡΟΜΙΓΜΑ ΥΠΟ ΜΟΡΦΗ ΣΚΟΝΗΣ ΓΙΑ ΦΑΡΜΑΚΟΥΧΟ ΤΡΟΦΗ, VETRIMOXIN P.O., VETRIMOXIN POLVO, VETRIMOXIN δισκία 150 mg, για σκύλους και γάτες, VETRIMOXIN στοματική πάστα 20mg/ml για σκύλους και γάτες, VETRIMOXIN, 20 mg/ml, pasta per uso orale per cani e gatti, Vetrimoxin 150 mg Tablet, Vetrimoxin 300 mg Pasta voor oraal gebruik, Vetrimoxin 450 mg Tablet, Vetrimoxin 50 por belsőleges oldathoz A.U.V., Vetrimoxin 50, 50 g/100 g, proszek do sporządzania roztworu doustnego dla świń, bydła, kur i indyków, Vetrimoxin 50mg/g Premix for medicated feeding stuff for pigs, Vetrimoxin L.A. 150 mg/ml suspension for injection for cattle and pigs, Vetrimoxin vet. 150 mg Tablett, Vetrimoxin vet. 20 mg/g Oral pasta, Vetrimoxin vet. 450 mg Tablett, Vetrimoxin-Paste, Vetrimoxin-Paste forte, ВЕТРИМОКСИН 50",Injection site abscess,1,1,
SE-SEMPAV-2018-00643,"<a target=""_blank""  href=""/xmlpserver/EVVET3 PW NEW/Subject Area Contents/Public Website/Report (PDF)/AER.xdo?_xpf=&_xpt=1&_params%2FOracle%20BI%20EE%3A%3ADefaultApp%3A%3AEVVET3%20PR%20NEW%2FAER%3A%3Adimension%2FAER%20Id%3A%3Aattribute%3A%3Anoaggr%3A%3Axsd%3Adouble=1280030&_xt=AER&_xf=pdf""> AER </a>",2019-02-27 00:00:00,Veterinarian,Sweden,MALE,Dog,Coton de Tuléar,"Onsior 20 mg/ml  - Solution for injection (cats and dogs), VETRIMOXIN 150MG/ML ΕΝΕΣΙΜΟ ΕΝΑΙΩΡΗΜΑ, VETRIMOXIN 150MG/TAB ΔΙΣΚΙΟ, VETRIMOXIN 20MG/ML ΣΤΟΜΑΤΙΚΗ ΠΑΣΤΑ, VETRIMOXIN 48 HEURES, VETRIMOXIN 50, VETRIMOXIN 50 mg/g Premix for medicated feeding stuff for pigs, VETRIMOXIN 50, 50%, Prášek pro perorální roztok, VETRIMOXIN 500 mg/g prášok na perorálny roztok, VETRIMOXIN 500 mg/g, milteliai geriamajam tirpalui, VETRIMOXIN 500mg/g, pulveris iekšķīgi lietojama šķīduma pagatavošanai, VETRIMOXIN 50MG/G ΠΡΟΜΙΓΜΑ ΥΠΟ ΜΟΡΦΗ ΣΚΟΝΗΣ ΓΙΑ ΦΑΡΜΑΚΟΥΧΟ ΤΡΟΦΗ, VETRIMOXIN P.O., VETRIMOXIN POLVO, VETRIMOXIN δισκία 150 mg, για σκύλους και γάτες, VETRIMOXIN στοματική πάστα 20mg/ml για σκύλους και γάτες, VETRIMOXIN, 20 mg/ml, pasta per uso orale per cani e gatti, Vetrimoxin 150 mg Tablet, Vetrimoxin 300 mg Pasta voor oraal gebruik, Vetrimoxin 450 mg Tablet, Vetrimoxin 50 por belsőleges oldathoz A.U.V., Vetrimoxin 50, 50 g/100 g, proszek do sporządzania roztworu doustnego dla świń, bydła, kur i indyków, Vetrimoxin 50mg/g Premix for medicated feeding stuff for pigs, Vetrimoxin L.A. 150 mg/ml suspension for injection for cattle and pigs, Vetrimoxin vet. 150 mg Tablett, Vetrimoxin vet. 20 mg/g Oral pasta, Vetrimoxin vet. 450 mg Tablett, Vetrimoxin-Paste, Vetrimoxin-Paste forte, ВЕТРИМОКСИН 50",Injection site abscess,1,1,
SE-SEMPAV-2018-00680,"<a target=""_blank""  href=""/xmlpserver/EVVET3 PW NEW/Subject Area Contents/Public Website/Report (PDF)/AER.xdo?_xpf=&_xpt=1&_params%2FOracle%20BI%20EE%3A%3ADefaultApp%3A%3AEVVET3%20PR%20NEW%2FAER%3A%3Adimension%2FAER%20Id%3A%3Aattribute%3A%3Anoaggr%3A%3Axsd%3Adouble=1283940&_xt=AER&_xf=pdf""> AER </a>",2019-03-08 00:00:00,Veterinarian,Sweden,MALE,Dog,Unknown,"Onsior 20 mg/ml  - Solution for injection (cats and dogs), VETRIMOXIN 150MG/ML ΕΝΕΣΙΜΟ ΕΝΑΙΩΡΗΜΑ, VETRIMOXIN 150MG/TAB ΔΙΣΚΙΟ, VETRIMOXIN 20MG/ML ΣΤΟΜΑΤΙΚΗ ΠΑΣΤΑ, VETRIMOXIN 48 HEURES, VETRIMOXIN 50, VETRIMOXIN 50 mg/g Premix for medicated feeding stuff for pigs, VETRIMOXIN 50, 50%, Prášek pro perorální roztok, VETRIMOXIN 500 mg/g prášok na perorálny roztok, VETRIMOXIN 500 mg/g, milteliai geriamajam tirpalui, VETRIMOXIN 500mg/g, pulveris iekšķīgi lietojama šķīduma pagatavošanai, VETRIMOXIN 50MG/G ΠΡΟΜΙΓΜΑ ΥΠΟ ΜΟΡΦΗ ΣΚΟΝΗΣ ΓΙΑ ΦΑΡΜΑΚΟΥΧΟ ΤΡΟΦΗ, VETRIMOXIN P.O., VETRIMOXIN POLVO, VETRIMOXIN δισκία 150 mg, για σκύλους και γάτες, VETRIMOXIN στοματική πάστα 20mg/ml για σκύλους και γάτες, VETRIMOXIN, 20 mg/ml, pasta per uso orale per cani e gatti, Vetrimoxin 150 mg Tablet, Vetrimoxin 300 mg Pasta voor oraal gebruik, Vetrimoxin 450 mg Tablet, Vetrimoxin 50 por belsőleges oldathoz A.U.V., Vetrimoxin 50, 50 g/100 g, proszek do sporządzania roztworu doustnego dla świń, bydła, kur i indyków, Vetrimoxin 50mg/g Premix for medicated feeding stuff for pigs, Vetrimoxin L.A. 150 mg/ml suspension for injection for cattle and pigs, Vetrimoxin vet. 150 mg Tablett, Vetrimoxin vet. 20 mg/g Oral pasta, Vetrimoxin vet. 450 mg Tablett, Vetrimoxin-Paste, Vetrimoxin-Paste forte, ВЕТРИМОКСИН 50",Injection site abscess,1,1,
SE-SEMPAV-2019-00018,"<a target=""_blank""  href=""/xmlpserver/EVVET3 PW NEW/Subject Area Contents/Public Website/Report (PDF)/AER.xdo?_xpf=&_xpt=1&_params%2FOracle%20BI%20EE%3A%3ADefaultApp%3A%3AEVVET3%20PR%20NEW%2FAER%3A%3Adimension%2FAER%20Id%3A%3Aattribute%3A%3Anoaggr%3A%3Axsd%3Adouble=1270814&_xt=AER&_xf=pdf""> AER </a>",2019-01-28 00:00:00,Veterinarian,Sweden,FEMALE,Dog,Retriever - Golden,"Dexdomitor 0.5 mg/ml - Solution for injection, Onsior 40 mg  - Tablet (dogs), Torbugesic 10 mg/ml Solution for Injection, Torbugesic Vet 10 mg/ml solution injectable pour chevaux, chiens et chats, Torbugesic Vet. 10 mg/ml injektionsvæske, opløsning, Torbuphanol Vet 10 mg/ml solution for injection for injection for horses, dogs and cats","Bloody diarrhoea, Loose stool",1,1,
SE-SEMPAV-2019-00020,"<a target=""_blank""  href=""/xmlpserver/EVVET3 PW NEW/Subject Area Contents/Public Website/Report (PDF)/AER.xdo?_xpf=&_xpt=1&_params%2FOracle%20BI%20EE%3A%3ADefaultApp%3A%3AEVVET3%20PR%20NEW%2FAER%3A%3Adimension%2FAER%20Id%3A%3Aattribute%3A%3Anoaggr%3A%3Axsd%3Adouble=1294053&_xt=AER&_xf=pdf""> AER </a>",2019-04-15 00:00:00,Veterinarian,Sweden,MALE,Dog,Crossbred Canine/dog,"Isathalmic 1 % Ögonsalva, Onsior 40 mg  - Tablet (dogs), Ypozane 15 mg  - Tablet",Diarrhoea,1,1,
SE-SEMPAV-2019-00033,"<a target=""_blank""  href=""/xmlpserver/EVVET3 PW NEW/Subject Area Contents/Public Website/Report (PDF)/AER.xdo?_xpf=&_xpt=1&_params%2FOracle%20BI%20EE%3A%3ADefaultApp%3A%3AEVVET3%20PR%20NEW%2FAER%3A%3Adimension%2FAER%20Id%3A%3Aattribute%3A%3Anoaggr%3A%3Axsd%3Adouble=1293702&_xt=AER&_xf=pdf""> AER </a>",2019-04-12 00:00:00,Veterinarian,Sweden,MALE,Dog,Spaniel - Portuguese Water,"Clindabuc 200 226.67 mg Tablet, Clindabuc vet 200 mg Tablett, Clindabuc vet 75 mg Tablett, Clindabuc vet. 200 mg tabletti, Clindabuc vet. 75 mg tabletti, Onsior 20 mg  - Tablet (dogs)",Itching,1,1,
SE-SEMPAV-2019-00034,"<a target=""_blank""  href=""/xmlpserver/EVVET3 PW NEW/Subject Area Contents/Public Website/Report (PDF)/AER.xdo?_xpf=&_xpt=1&_params%2FOracle%20BI%20EE%3A%3ADefaultApp%3A%3AEVVET3%20PR%20NEW%2FAER%3A%3Adimension%2FAER%20Id%3A%3Aattribute%3A%3Anoaggr%3A%3Axsd%3Adouble=1274111&_xt=AER&_xf=pdf""> AER </a>",2019-02-07 00:00:00,Veterinarian,Sweden,MALE,Dog,Shih Tzu,"Isathalmic 1 % Ögonsalva, Onsior 20 mg/ml  - Solution for injection (cats and dogs)","Ataxia, Muscle tremor, Reduced level of consciousness, Slow heart rate",1,1,
SE-SEMPAV-2019-00040,"<a target=""_blank""  href=""/xmlpserver/EVVET3 PW NEW/Subject Area Contents/Public Website/Report (PDF)/AER.xdo?_xpf=&_xpt=1&_params%2FOracle%20BI%20EE%3A%3ADefaultApp%3A%3AEVVET3%20PR%20NEW%2FAER%3A%3Adimension%2FAER%20Id%3A%3Aattribute%3A%3Anoaggr%3A%3Axsd%3Adouble=1276338&_xt=AER&_xf=pdf""> AER </a>",2019-02-14 00:00:00,Veterinarian,Sweden,MALE,Dog,Crossbred Canine/dog,"NOBIVAC DHPPI ΚΟΝΙΣ ΚΑΙ ΔΙΑΛΥΤΗΣ ΓΙΑ ΕΝΕΣΙΜΟ ΕΝΑΙΩΡΗΜΑ, NOBIVAC DHPPi, NOBIVAC DHPPi LIOFILIZADO Y DISOLVENTE PARA SUSPENSION INYECTABLE PARA PERROS, NOBIVAC DHPPi, liofilizat i otapalo za suspenziju za injekciju, za pse, NOBIVAC DHPPi, liofilizatas ir skiediklis injekcinei suspensijai ruošti šunims, Nobivac DHPPI  Lyofilisaat voor suspensie voor injectie, Nobivac DHPPi, Nobivac DHPPi Liofilizat i rozpuszczalnik do sporządzania zawiesiny do wstrzykiwań, Nobivac DHPPi Vet. lyofilisat og solvens til injektionsvæske, suspension, Nobivac DHPPi Vet. lyophilisate and solvent for suspension for injection for dogs, Nobivac DHPPi liofilizado e solvente para suspensão injetável para cães, Nobivac DHPPi liofilizāts un šķīdinātājs suspensijas injekcijām pagatavošanai suņiem, Nobivac DHPPi lyofilizát a rozpúšťadlo na injekčnú suspenziu pre psy, Nobivac DHPPi lyophilisat et solvant pour suspension injectable, Nobivac DHPPi vakcina A.U.V., Nobivac DHPPi vet.   Pulver och vätska till injektionsvätska, suspension, Nobivac DHPPi vet. injektiokuiva-aine ja liuotin, suspensiota varten, Nobivac DHPPi vet. lyofilisat og væske til injekssjonsvæske, suspensjon til hund, Nobivac DHPPi vet., Pulver och vätska till injektionsvätska, suspension, Nobivac DHPPi, Lyofilizát pro injekční suspenzi, Nobivac DHPPi, liofilizatas ir skiediklis injekcinei suspensijai ruošti šunims, Nobivac DHPPi, lyofilisaat en suspendeervloeistof voor suspensie voor injectie voor honden, Nobivac DHPPi, süstesuspensiooni lüofilisaat ja lahusti koertele, Onsior 40 mg  - Tablet (dogs), Suprelorin 4.7 mg  - Implant, Ypozane 7.5 mg  - Tablet","Dry mucous membrane, Eosinophilia, Fever, Frequent urination, Hypersensitivity reaction, Hypoalbuminaemia, Keratoconjunctivitis sicca, Lethargy (see also Central nervous system depression in Neurological), Pinnal ulcer, Skin lesion NOS, Vomiting",1,1,
SE-SEMPAV-2019-00054,"<a target=""_blank""  href=""/xmlpserver/EVVET3 PW NEW/Subject Area Contents/Public Website/Report (PDF)/AER.xdo?_xpf=&_xpt=1&_params%2FOracle%20BI%20EE%3A%3ADefaultApp%3A%3AEVVET3%20PR%20NEW%2FAER%3A%3Adimension%2FAER%20Id%3A%3Aattribute%3A%3Anoaggr%3A%3Axsd%3Adouble=1277156&_xt=AER&_xf=pdf""> AER </a>",2019-02-18 00:00:00,Veterinarian,Sweden,MALE,Dog,Crossbred Canine/dog,Onsior 5 mg  - Tablet (dogs),"Diarrhoea, Nausea, Vomiting",1,1,
SE-SEMPAV-2019-00109,"<a target=""_blank""  href=""/xmlpserver/EVVET3 PW NEW/Subject Area Contents/Public Website/Report (PDF)/AER.xdo?_xpf=&_xpt=1&_params%2FOracle%20BI%20EE%3A%3ADefaultApp%3A%3AEVVET3%20PR%20NEW%2FAER%3A%3Adimension%2FAER%20Id%3A%3Aattribute%3A%3Anoaggr%3A%3Axsd%3Adouble=1321343&_xt=AER&_xf=pdf""> AER </a>",2019-07-17 00:00:00,Veterinarian,Sweden,FEMALE,Dog,Hovawart,"Onsior 40 mg  - Tablet (dogs), Prednisolone 1% 10 mg/ml Oplossing voor injectie, Prednisolone 2,5% suspensie voor injectie voor honden, Prednisolone 2.5 % Oplossing voor injectie","Localised itching, Skin hyperaemia",1,1,
SE-SEMPAV-2019-00271,"<a target=""_blank""  href=""/xmlpserver/EVVET3 PW NEW/Subject Area Contents/Public Website/Report (PDF)/AER.xdo?_xpf=&_xpt=1&_params%2FOracle%20BI%20EE%3A%3ADefaultApp%3A%3AEVVET3%20PR%20NEW%2FAER%3A%3Adimension%2FAER%20Id%3A%3Aattribute%3A%3Anoaggr%3A%3Axsd%3Adouble=1313685&_xt=AER&_xf=pdf""> AER </a>",2019-06-20 00:00:00,Veterinarian,Sweden,MALE,Dog,Shepherd Dog - German,Onsior 40 mg  - Tablet (dogs),"Diarrhoea, Vomiting",1,1,
SE-SEMPAV-2019-00321,"<a target=""_blank""  href=""/xmlpserver/EVVET3 PW NEW/Subject Area Contents/Public Website/Report (PDF)/AER.xdo?_xpf=&_xpt=1&_params%2FOracle%20BI%20EE%3A%3ADefaultApp%3A%3AEVVET3%20PR%20NEW%2FAER%3A%3Adimension%2FAER%20Id%3A%3Aattribute%3A%3Anoaggr%3A%3Axsd%3Adouble=1318200&_xt=AER&_xf=pdf""> AER </a>",2019-07-05 00:00:00,Animal owner,Sweden,MALE,Dog,Schnauzer - Miniature,Onsior 10 mg  - Tablet (dogs),"Bloody diarrhoea, Diarrhoea, Lethargy (see also Central nervous system depression in Neurological), Not drinking, Not eating, Vomiting",1,1,
SE-SEMPAV-2019-00395,"<a target=""_blank""  href=""/xmlpserver/EVVET3 PW NEW/Subject Area Contents/Public Website/Report (PDF)/AER.xdo?_xpf=&_xpt=1&_params%2FOracle%20BI%20EE%3A%3ADefaultApp%3A%3AEVVET3%20PR%20NEW%2FAER%3A%3Adimension%2FAER%20Id%3A%3Aattribute%3A%3Anoaggr%3A%3Axsd%3Adouble=1324708&_xt=AER&_xf=pdf""> AER </a>",2019-07-29 00:00:00,Veterinarian,Sweden,MALE,Dog,Spaniel - Tibetan,Onsior 10 mg  - Tablet (dogs),"Decreased appetite, Lethargy (see also Central nervous system depression in Neurological), Polydipsia, Urine leakage",1,1,
SE-SEMPAV-2019-00450,"<a target=""_blank""  href=""/xmlpserver/EVVET3 PW NEW/Subject Area Contents/Public Website/Report (PDF)/AER.xdo?_xpf=&_xpt=1&_params%2FOracle%20BI%20EE%3A%3ADefaultApp%3A%3AEVVET3%20PR%20NEW%2FAER%3A%3Adimension%2FAER%20Id%3A%3Aattribute%3A%3Anoaggr%3A%3Axsd%3Adouble=1352700&_xt=AER&_xf=pdf""> AER </a>",2019-11-01 00:00:00,Veterinarian,Sweden,MALE,Dog,Chihuahua,"FORTEKOR 2,5 COMPRIMES POUR CHATS ET CHIENS, FORTEKOR 2,5 compresse per cani di piccola taglia e gatti, FORTEKOR 2,5 mg comprimés pour chiens et chats, FORTEKOR 20 Compresse rivestite con film per cani, FORTEKOR 5 Compresse rivestite con film per cani e gatti, FORTEKOR F 20 COMPRIMES POUR CHIENS, FORTEKOR F 5 COMPRIMES POUR CHATS ET CHIENS, Fortekor 2,5 mg  Tablet, Fortekor 2,5 mg, tabletten voor honden en katten, Fortekor 2.5 mg tablets for cats and dogs, Fortekor Gourmet 2,5 mg, Fortekor Vet. 2,5 mg tabletter, Fortekor Vet. 20 mg tabletter, Fortekor Vet. 5 mg tabletter, Fortekor vet. 2,5 mg Tablett, Fortekor vet. 2,5 mg tabletit kissoille ja koirille, Fortekor vet. 2,5 mg, tabletter til hund og katt, Fortekor vet. 20 mg Tablett, Fortekor vet. 20 mg tabletit koirille, Fortekor vet. 20 mg, tabletter til hund, Fortekor vet. 5 mg Tablett, Fortekor vet. 5 mg tabletit kissoille ja koirille, Fortekor vet. 5 mg, tabletter til hund og katt, Onsior 5 mg  - Tablet (dogs), Vetmedin 1,5 mg/ml Lösung zum Eingeben für Hunde","General illness, Inappetence, Vomiting",1,1,
SE-SEMPAV-2019-00463,"<a target=""_blank""  href=""/xmlpserver/EVVET3 PW NEW/Subject Area Contents/Public Website/Report (PDF)/AER.xdo?_xpf=&_xpt=1&_params%2FOracle%20BI%20EE%3A%3ADefaultApp%3A%3AEVVET3%20PR%20NEW%2FAER%3A%3Adimension%2FAER%20Id%3A%3Aattribute%3A%3Anoaggr%3A%3Axsd%3Adouble=1340331&_xt=AER&_xf=pdf""> AER </a>",2019-09-19 00:00:00,Veterinarian,Sweden,FEMALE,Dog,Crossbred Canine/dog,Onsior 20 mg/ml  - Solution for injection (cats and dogs),"Anaphylactic shock, Flaccid muscles, Hind limb ataxia, Pale mucous membrane, Tachycardia, Unconscious",1,1,
SE-SEMPAV-2019-00484,"<a target=""_blank""  href=""/xmlpserver/EVVET3 PW NEW/Subject Area Contents/Public Website/Report (PDF)/AER.xdo?_xpf=&_xpt=1&_params%2FOracle%20BI%20EE%3A%3ADefaultApp%3A%3AEVVET3%20PR%20NEW%2FAER%3A%3Adimension%2FAER%20Id%3A%3Aattribute%3A%3Anoaggr%3A%3Axsd%3Adouble=1344607&_xt=AER&_xf=pdf""> AER </a>",2019-10-03 00:00:00,Other health care professional,Sweden,MALE,Dog,Terrier - Jack Russell,"Atipam 5.0 mg/ml solution for injection for Cats and Dogs - atipamezole hydrochloride, Atipam, 5.0 mg/ml, solution for injection for cats and dogs, Comfortan 10 mg/ml solution for injection for dogs and cats, Dexdomitor 0.1 mg/ml - Solution for injection, Dexdomitor 0.5 mg/ml - Solution for injection, NOBIVAC DHPPI ΚΟΝΙΣ ΚΑΙ ΔΙΑΛΥΤΗΣ ΓΙΑ ΕΝΕΣΙΜΟ ΕΝΑΙΩΡΗΜΑ, NOBIVAC DHPPi, NOBIVAC DHPPi LIOFILIZADO Y DISOLVENTE PARA SUSPENSION INYECTABLE PARA PERROS, NOBIVAC DHPPi, liofilizat i otapalo za suspenziju za injekciju, za pse, NOBIVAC DHPPi, liofilizatas ir skiediklis injekcinei suspensijai ruošti šunims, NOBIVAC KC ΛΥΟΦΙΛΟΠΟΙΗΜΕΝΟ ΥΛΙΚΟ ΚΑΙ ΔΙΑΛΥΤΗΣ ΓΙΑ ΡΙΝΙΚΕΣ ΣΤΑΓΟΝΕΣ, ΕΝΑΙΩΡΗΜΑ, Nobivac BbPi  Lyofilisaat en oplosmiddel voor suspensie voor nasaal gebruik, Nobivac DHPPI  Lyofilisaat voor suspensie voor injectie, Nobivac DHPPi, Nobivac DHPPi Liofilizat i rozpuszczalnik do sporządzania zawiesiny do wstrzykiwań, Nobivac DHPPi Vet. lyofilisat og solvens til injektionsvæske, suspension, Nobivac DHPPi Vet. lyophilisate and solvent for suspension for injection for dogs, Nobivac DHPPi liofilizado e solvente para suspensão injetável para cães, Nobivac DHPPi liofilizāts un šķīdinātājs suspensijas injekcijām pagatavošanai suņiem, Nobivac DHPPi lyofilizát a rozpúšťadlo na injekčnú suspenziu pre psy, Nobivac DHPPi lyophilisat et solvant pour suspension injectable, Nobivac DHPPi vakcina A.U.V., Nobivac DHPPi vet.   Pulver och vätska till injektionsvätska, suspension, Nobivac DHPPi vet. injektiokuiva-aine ja liuotin, suspensiota varten, Nobivac DHPPi vet. lyofilisat og væske til injekssjonsvæske, suspensjon til hund, Nobivac DHPPi vet., Pulver och vätska till injektionsvätska, suspension, Nobivac DHPPi, Lyofilizát pro injekční suspenzi, Nobivac DHPPi, liofilizatas ir skiediklis injekcinei suspensijai ruošti šunims, Nobivac DHPPi, lyofilisaat en suspendeervloeistof voor suspensie voor injectie voor honden, Nobivac DHPPi, süstesuspensiooni lüofilisaat ja lahusti koertele, Nobivac KC, Nobivac KC deguna pilieni, liofilizāts un šķīdinātājs suspensijas pagatavošanai suņiem, Nobivac KC nasal drops, lyophilisate and solvent for suspension for dogs, Nobivac KC nosies lašai, liofilizatas ir skiediklis suspensijai ruošti šunims, Nobivac KC nosové kvapky, lyofilizát a rozpúšťadlo na suspenziu pre psy, Nobivac KC vakcina A.U.V., Nobivac KC λυοφιλοποιημένο υλικό και διαλύτης για ρινικές σταγόνες, εναιώρημα για σκύλους, Nobivac KC, Lyofilizát a rozpouštědlo pro nosní suspenzi, Nobivac KC, ninatilgad, suspensiooni lüofilisaat ja lahusti, koertele, Onsior 10 mg  - Tablet (dogs), Onsior 20 mg  - Tablet (dogs), Onsior 20 mg/ml  - Solution for injection (cats and dogs), Onsior 40 mg  - Tablet (dogs), Onsior 5 mg  - Tablet (dogs), Onsior 6 mg  - Tablet (cats), НОБИВАК KC","Anaphylaxis, Circulatory shock, Pale mucous membrane, Tiredness",1,1,
SE-SEMPAV-2019-00521,"<a target=""_blank""  href=""/xmlpserver/EVVET3 PW NEW/Subject Area Contents/Public Website/Report (PDF)/AER.xdo?_xpf=&_xpt=1&_params%2FOracle%20BI%20EE%3A%3ADefaultApp%3A%3AEVVET3%20PR%20NEW%2FAER%3A%3Adimension%2FAER%20Id%3A%3Aattribute%3A%3Anoaggr%3A%3Axsd%3Adouble=1349859&_xt=AER&_xf=pdf""> AER </a>",2019-10-22 00:00:00,Veterinarian,Sweden,FEMALE,Dog,Dog (other),"ANTISEDAN, ANTISEDAN 5 mg/ml SOLUCIÓN INYECTABLE PARA PERROS Y GATOS, ANTISEDAN 5 mg/ml raztopina za injiciranje za pse in mačke, ANTISEDAN 5MG/ML ΕΝΕΣΙΜΟ ΔΙΑΛΥΜΑ, ANTISEDAN SOLUTION INJECTABLE POUR CHIENS ET CHATS, ANTISEDAN, 5 mg/mL, otopina za injekciju, za pse i mačke, Antisedan 5 mg/ 1 ml, roztwór do wstrzykiwań dla psów i kotów, Antisedan 5 mg/ml  Injektionslösung für Hunde und Katzen, Antisedan 5 mg/ml - Injektionslösung für Hunde und Katzen, Antisedan 5 mg/ml Oplossing voor injectie, Antisedan 5 mg/ml Solution injectable, Antisedan 5 mg/ml injekčný roztok pre psy a mačky, Antisedan 5 mg/ml oldatos injekció kutya és macska részére.A.U.V., Antisedan 5 mg/ml solution for injection, Antisedan 5 mg/ml solução injetável para cães e gatos, Antisedan Vet 5 mg/ml injekcinis tirpalas, Antisedan Vet 5 mg/ml šķīdums injekcijām, Antisedan Vet, 5 mg/ml süstelahus, Antisedan Vet. 5 mg/ml injektionsvæske, opløsning, Antisedan vet 5 mg/ml injektioneste, liuos, Antisedan vet. 5 mg/ml Injektionsvätska, lösning, Antisedan vet. 5 mg/ml Stungulyf, lausn Handa hundum og köttum., Antisedan vet. 5 mg/ml injeksjonsvæske, oppløsning, til hund og katt, Antisedan vet., 5 mg/ml, Injektionsvätska, lösning, Antisedan, 5 mg/ml oplossing voor injectie voor honden en katten, Antisedan, 5mg/ml, Injekční roztok, Cepetor, Cepetor 1 mg/ml Solution for Injection for Dog and Cat, Onsior 20 mg/ml  - Solution for injection (cats and dogs), Torbugesic 10 mg/ml Solution for Injection, Torbugesic Vet 10 mg/ml solution injectable pour chevaux, chiens et chats, Torbugesic Vet. 10 mg/ml injektionsvæske, opløsning, Torbuphanol Vet 10 mg/ml solution for injection for injection for horses, dogs and cats, АНТИСЕДАН ВЕТ 5 mg/ml инжекционен разтвор","Diarrhoea, Vomiting",1,1,
SE-SEMPAV-2019-00550,"<a target=""_blank""  href=""/xmlpserver/EVVET3 PW NEW/Subject Area Contents/Public Website/Report (PDF)/AER.xdo?_xpf=&_xpt=1&_params%2FOracle%20BI%20EE%3A%3ADefaultApp%3A%3AEVVET3%20PR%20NEW%2FAER%3A%3Adimension%2FAER%20Id%3A%3Aattribute%3A%3Anoaggr%3A%3Axsd%3Adouble=1363719&_xt=AER&_xf=pdf""> AER </a>",2019-12-09 00:00:00,Veterinarian,Sweden,MALE,Dog,Crossbred Canine/dog,Onsior 40 mg  - Tablet (dogs),Diarrhoea,1,1,
SE-SEMPAV-2019-00583,"<a target=""_blank""  href=""/xmlpserver/EVVET3 PW NEW/Subject Area Contents/Public Website/Report (PDF)/AER.xdo?_xpf=&_xpt=1&_params%2FOracle%20BI%20EE%3A%3ADefaultApp%3A%3AEVVET3%20PR%20NEW%2FAER%3A%3Adimension%2FAER%20Id%3A%3Aattribute%3A%3Anoaggr%3A%3Axsd%3Adouble=1366331&_xt=AER&_xf=pdf""> AER </a>",2019-12-17 00:00:00,Veterinarian,Sweden,MALE,Dog,Shepherd Dog - German,Onsior 40 mg  - Tablet (dogs),Generalised itching,1,1,
SE-UKDECHRAP-2017-01183,"<a target=""_blank""  href=""/xmlpserver/EVVET3 PW NEW/Subject Area Contents/Public Website/Report (PDF)/AER.xdo?_xpf=&_xpt=1&_params%2FOracle%20BI%20EE%3A%3ADefaultApp%3A%3AEVVET3%20PR%20NEW%2FAER%3A%3Adimension%2FAER%20Id%3A%3Aattribute%3A%3Anoaggr%3A%3Axsd%3Adouble=1290995&_xt=AER&_xf=pdf""> AER </a>",2019-04-03 00:00:00,Other health care professional,Sweden,MALE,Dog,Shepherd Dog - German,"Comfortan 10 mg/ml solution for injection for dogs and cats, Onsior 10 mg  - Tablet (dogs), Onsior 20 mg  - Tablet (dogs), Onsior 20 mg/ml  - Solution for injection (cats and dogs), Onsior 40 mg  - Tablet (dogs), Onsior 5 mg  - Tablet (dogs), Onsior 6 mg  - Tablet (cats)","Dry mucous membrane, Lateral recumbency, Miosis, Panting, Red mucosae, Unable to stand",1,1,
UK-VMD-0290/19,"<a target=""_blank""  href=""/xmlpserver/EVVET3 PW NEW/Subject Area Contents/Public Website/Report (PDF)/AER.xdo?_xpf=&_xpt=1&_params%2FOracle%20BI%20EE%3A%3ADefaultApp%3A%3AEVVET3%20PR%20NEW%2FAER%3A%3Adimension%2FAER%20Id%3A%3Aattribute%3A%3Anoaggr%3A%3Axsd%3Adouble=1271418&_xt=AER&_xf=pdf""> AER </a>",2019-01-25 00:00:00,Animal owner,United Kingdom,FEMALE,Dog,Unknown,Onsior 10 mg  - Tablet (dogs),"Diarrhoea, Sickness",1,1,
UK-VMD-0858/19,"<a target=""_blank""  href=""/xmlpserver/EVVET3 PW NEW/Subject Area Contents/Public Website/Report (PDF)/AER.xdo?_xpf=&_xpt=1&_params%2FOracle%20BI%20EE%3A%3ADefaultApp%3A%3AEVVET3%20PR%20NEW%2FAER%3A%3Adimension%2FAER%20Id%3A%3Aattribute%3A%3Anoaggr%3A%3Axsd%3Adouble=1276377&_xt=AER&_xf=pdf""> AER </a>",2019-02-14 00:00:00,Veterinarian,United Kingdom,FEMALE,Dog,Crossbred Canine/dog,Onsior 40 mg  - Tablet (dogs),Diarrhoea,1,1,
UK-VMD-10144/19,"<a target=""_blank""  href=""/xmlpserver/EVVET3 PW NEW/Subject Area Contents/Public Website/Report (PDF)/AER.xdo?_xpf=&_xpt=1&_params%2FOracle%20BI%20EE%3A%3ADefaultApp%3A%3AEVVET3%20PR%20NEW%2FAER%3A%3Adimension%2FAER%20Id%3A%3Aattribute%3A%3Anoaggr%3A%3Axsd%3Adouble=1368617&_xt=AER&_xf=pdf""> AER </a>",2019-12-23 00:00:00,Veterinarian,United Kingdom,FEMALE,Dog,Terrier - Fox Wire,Onsior 20 mg  - Tablet (dogs),"Death by euthanasia, Haemorrhagic diarrhoea, Lethargy (see also Central nervous system depression in Neurological), Pyrexia",1,1,1
UK-VMD-10281/19,"<a target=""_blank""  href=""/xmlpserver/EVVET3 PW NEW/Subject Area Contents/Public Website/Report (PDF)/AER.xdo?_xpf=&_xpt=1&_params%2FOracle%20BI%20EE%3A%3ADefaultApp%3A%3AEVVET3%20PR%20NEW%2FAER%3A%3Adimension%2FAER%20Id%3A%3Aattribute%3A%3Anoaggr%3A%3Axsd%3Adouble=1369478&_xt=AER&_xf=pdf""> AER </a>",2019-12-27 00:00:00,Veterinarian,United Kingdom,MALE,Dog,Retriever - Labrador,Onsior 40 mg  - Tablet (dogs),Vomiting,1,1,
UK-VMD-1718/19,"<a target=""_blank""  href=""/xmlpserver/EVVET3 PW NEW/Subject Area Contents/Public Website/Report (PDF)/AER.xdo?_xpf=&_xpt=1&_params%2FOracle%20BI%20EE%3A%3ADefaultApp%3A%3AEVVET3%20PR%20NEW%2FAER%3A%3Adimension%2FAER%20Id%3A%3Aattribute%3A%3Anoaggr%3A%3Axsd%3Adouble=1284723&_xt=AER&_xf=pdf""> AER </a>",2019-03-12 00:00:00,Veterinarian,United Kingdom,FEMALE,Dog,Crossbred Canine/dog,Onsior 20 mg  - Tablet (dogs),"Abdominal discomfort, Elevated alanine aminotransferase (ALT), Elevated gamma-glutamyl transferase (GGT), Elevated serum alkaline phosphatase (ALP), Elevated total bilirubin, Inappetence, Low platelet count, Polydipsia, Polyuria",1,1,
UK-VMD-2843/19,"<a target=""_blank""  href=""/xmlpserver/EVVET3 PW NEW/Subject Area Contents/Public Website/Report (PDF)/AER.xdo?_xpf=&_xpt=1&_params%2FOracle%20BI%20EE%3A%3ADefaultApp%3A%3AEVVET3%20PR%20NEW%2FAER%3A%3Adimension%2FAER%20Id%3A%3Aattribute%3A%3Anoaggr%3A%3Axsd%3Adouble=1293763&_xt=AER&_xf=pdf""> AER </a>",2019-04-12 00:00:00,Veterinarian,United Kingdom,FEMALE,Dog,Retriever - Labrador,Onsior 40 mg  - Tablet (dogs),"Death, Haemorrhagic gastroenteritis",1,1,1
UK-VMD-4322/19,"<a target=""_blank""  href=""/xmlpserver/EVVET3 PW NEW/Subject Area Contents/Public Website/Report (PDF)/AER.xdo?_xpf=&_xpt=1&_params%2FOracle%20BI%20EE%3A%3ADefaultApp%3A%3AEVVET3%20PR%20NEW%2FAER%3A%3Adimension%2FAER%20Id%3A%3Aattribute%3A%3Anoaggr%3A%3Axsd%3Adouble=1309538&_xt=AER&_xf=pdf""> AER </a>",2019-06-07 00:00:00,Veterinarian,United Kingdom,FEMALE,Dog,Crossbred Canine/dog,Onsior 40 mg  - Tablet (dogs),"Elevated liver enzymes NOS, Inappetence, Polydipsia, Polyuria",1,1,
UK-VMD-5480/19,"<a target=""_blank""  href=""/xmlpserver/EVVET3 PW NEW/Subject Area Contents/Public Website/Report (PDF)/AER.xdo?_xpf=&_xpt=1&_params%2FOracle%20BI%20EE%3A%3ADefaultApp%3A%3AEVVET3%20PR%20NEW%2FAER%3A%3Adimension%2FAER%20Id%3A%3Aattribute%3A%3Anoaggr%3A%3Axsd%3Adouble=1321436&_xt=AER&_xf=pdf""> AER </a>",2019-07-17 00:00:00,Unknown,United Kingdom,MALE,Dog,Crossbred Canine/dog,Onsior 5 mg  - Tablet (dogs),"Bloody diarrhoea, Death, Haemorrhagic gastroenteritis, Vomiting",1,1,1
UK-VMD-6330/19,"<a target=""_blank""  href=""/xmlpserver/EVVET3 PW NEW/Subject Area Contents/Public Website/Report (PDF)/AER.xdo?_xpf=&_xpt=1&_params%2FOracle%20BI%20EE%3A%3ADefaultApp%3A%3AEVVET3%20PR%20NEW%2FAER%3A%3Adimension%2FAER%20Id%3A%3Aattribute%3A%3Anoaggr%3A%3Axsd%3Adouble=1329868&_xt=AER&_xf=pdf""> AER </a>",2019-08-15 00:00:00,Veterinarian,United Kingdom,MALE,Dog,Retriever - Labrador,"Cartrophen vet. 100 mg/ml Injektionsvätska, lösning, Onsior 40 mg  - Tablet (dogs)","Abnormal breathing, Abnormal radiograph finding, Death by euthanasia, Lymphadenopathy, Pleural fluid, abnormal NOS",1,1,1
UK-VMD-6825/19,"<a target=""_blank""  href=""/xmlpserver/EVVET3 PW NEW/Subject Area Contents/Public Website/Report (PDF)/AER.xdo?_xpf=&_xpt=1&_params%2FOracle%20BI%20EE%3A%3ADefaultApp%3A%3AEVVET3%20PR%20NEW%2FAER%3A%3Adimension%2FAER%20Id%3A%3Aattribute%3A%3Anoaggr%3A%3Axsd%3Adouble=1335384&_xt=AER&_xf=pdf""> AER </a>",2019-09-02 00:00:00,Veterinarian,United Kingdom,FEMALE,Dog,Lhasa Apso,Onsior 10 mg  - Tablet (dogs),Vomiting,1,1,
US-UKPFIZAH-2019-US-69646,"<a target=""_blank""  href=""/xmlpserver/EVVET3 PW NEW/Subject Area Contents/Public Website/Report (PDF)/AER.xdo?_xpf=&_xpt=1&_params%2FOracle%20BI%20EE%3A%3ADefaultApp%3A%3AEVVET3%20PR%20NEW%2FAER%3A%3Adimension%2FAER%20Id%3A%3Aattribute%3A%3Anoaggr%3A%3Axsd%3Adouble=1369893&_xt=AER&_xf=pdf""> AER </a>",2019-12-30 00:00:00,Veterinarian,United States,FEMALE,Dog,Chihuahua,"Cerenia 10 mg/ml  - Solution for injection, Ketamin 10 % šķīdums injekcijām suņiem un kaķiem, Ketamin 10%, Ketamin 100 mg/ml, Ketamine 10% oplossing voor injectie voor honden en katten, Ketamine 10% pro inj., oplossing voor injectie voor honden en katten, Ketamine 10% šķīdums injekcijām suņiem un kaķiem, Ketamine 10%, oplossing voor injectie voor honden en katten, Onsior 10 mg  - Tablet (dogs), Onsior 20 mg  - Tablet (dogs), Onsior 20 mg/ml  - Solution for injection (cats and dogs), Onsior 40 mg  - Tablet (dogs), Onsior 5 mg  - Tablet (dogs), Onsior 6 mg  - Tablet (cats), КЕТАМИН 10 %","Cyanosis, Death, Lateral recumbency",1,1,1
USA-ZZELANCO-US2019_022809,"<a target=""_blank""  href=""/xmlpserver/EVVET3 PW NEW/Subject Area Contents/Public Website/Report (PDF)/AER.xdo?_xpf=&_xpt=1&_params%2FOracle%20BI%20EE%3A%3ADefaultApp%3A%3AEVVET3%20PR%20NEW%2FAER%3A%3Adimension%2FAER%20Id%3A%3Aattribute%3A%3Anoaggr%3A%3Axsd%3Adouble=1332860&_xt=AER&_xf=pdf""> AER </a>",2019-08-26 00:00:00,Veterinarian,United States,FEMALE,Dog,"Dog (other), Hound - Swiss - (Lucerne Hound (Luzerner Laufhund), Schwyz Hound (Schweizer Laufhund), Bernese Hound, Jura Hound)","Onsior 20 mg  - Tablet (dogs), Onsior 20 mg/ml  - Solution for injection (cats and dogs)","Death by euthanasia, Other abnormal test result NOS, Peeling skin, Purulent lesion(s), Toxic epidermal necrolysis, Ulceration NOS",1,1,1
USA-ZZELANCO-US2019_025991,"<a target=""_blank""  href=""/xmlpserver/EVVET3 PW NEW/Subject Area Contents/Public Website/Report (PDF)/AER.xdo?_xpf=&_xpt=1&_params%2FOracle%20BI%20EE%3A%3ADefaultApp%3A%3AEVVET3%20PR%20NEW%2FAER%3A%3Adimension%2FAER%20Id%3A%3Aattribute%3A%3Anoaggr%3A%3Axsd%3Adouble=1336687&_xt=AER&_xf=pdf""> AER </a>",2019-09-06 00:00:00,Veterinarian,United States,MALE,Dog,Dog (other),"Onsior 10 mg  - Tablet (dogs), Onsior 20 mg/ml  - Solution for injection (cats and dogs), Onsior 40 mg  - Tablet (dogs)",Urticaria,1,1,
USA-ZZELANCO-US2019_027875,"<a target=""_blank""  href=""/xmlpserver/EVVET3 PW NEW/Subject Area Contents/Public Website/Report (PDF)/AER.xdo?_xpf=&_xpt=1&_params%2FOracle%20BI%20EE%3A%3ADefaultApp%3A%3AEVVET3%20PR%20NEW%2FAER%3A%3Adimension%2FAER%20Id%3A%3Aattribute%3A%3Anoaggr%3A%3Axsd%3Adouble=1341695&_xt=AER&_xf=pdf""> AER </a>",2019-09-24 00:00:00,Veterinarian,United States,MALE,Dog,Terrier - Jack Russell,Onsior 20 mg/ml  - Solution for injection (cats and dogs),"Death, Uncomfortable",1,1,1
USA-ZZELANCO-US2019_030327,"<a target=""_blank""  href=""/xmlpserver/EVVET3 PW NEW/Subject Area Contents/Public Website/Report (PDF)/AER.xdo?_xpf=&_xpt=1&_params%2FOracle%20BI%20EE%3A%3ADefaultApp%3A%3AEVVET3%20PR%20NEW%2FAER%3A%3Adimension%2FAER%20Id%3A%3Aattribute%3A%3Anoaggr%3A%3Axsd%3Adouble=1346304&_xt=AER&_xf=pdf""> AER </a>",2019-10-10 00:00:00,Veterinarian,United States,MALE,Dog,Chihuahua,"BAYTRIL 0,5% W/V ΠΟΣΙΜΟ ΔΙΑΛΥΜΑ, BAYTRIL 0,5% πόσιμο διάλυμα ενροφλοξακίνης για ορνίθια και γαλοπούλες, BAYTRIL 10 % SOLUTION BUVABLE, BAYTRIL 10 % SOLUTION INJECTABLE, BAYTRIL 10% W/V ΠΟΣΙΜΟ ΔΙΑΛΥΜΑ, BAYTRIL 100 mg/ml - soluţie orală, BAYTRIL 100 mg/ml SOLUCION INYECTABLE, BAYTRIL 100 mg/ml soluție injectabilă, BAYTRIL 15 mg δισκία για γάτες και σκύλους, BAYTRIL 150 mg δισκία για γάτες και σκύλους, BAYTRIL 2,5 % SOLUTION BUVABLE, BAYTRIL 2,5 % SOLUTION INJECTABLE, BAYTRIL 2,5% W/V ΕΝΕΣΙΜΟ ΔΙΑΛΥΜΑ, BAYTRIL 2,5% W/V ΠΟΣΙΜΟ ΔΙΑΛΥΜΑ, BAYTRIL 25 mg/ml SOLUCION INYECTABLE, BAYTRIL 25 mg/ml SOLUCION ORAL, BAYTRIL 5 % SOLUTION INJECTABLE, BAYTRIL 5 mg/ml SOLUCION ORAL, BAYTRIL 50 mg δισκία για γάτες και σκύλους, BAYTRIL 50 mg/ml SOLUCION INYECTABLE, BAYTRIL 50mg/ml ενέσιμο διάλυμα, BAYTRIL, 25mg/ml, Injekční roztok, BAYTRIL, 5% ενέσιμο διάλυμα για μόσχους, χοίρους, πρόβατα, αίγες, σκύλους και γάτες, BAYTRIL, 50mg/ml, Injekční roztok, Baytril  100 mg/ml Oplossing voor injectie, Baytril  100 mg/ml Solution injectable, Baytril - Das Original - 100 mg/ml Injektionslösung, Baytril - Das Original - 25 mg/ml Injektionslösung, Baytril - Das Original - 50 mg/ml Injektionslösung, Baytril 0,5 % solução oral para leitões, Baytril 0,5%, Baytril 10 % solução oral, Baytril 10%, Baytril 10% O.L., Baytril 10% Oral Solution, Baytril 100 mg/mL, otopina za injekciju, za goveda, ovce, koze i svinje, Baytril 100 mg/mL, otopina za primjenu u vodi za piće, za kokoši, purane i kuniće, Baytril 100 mg/ml - Injektionslösung für Tiere, Baytril 100 mg/ml - Lösung zum Eingeben für Hühner, Puten und Kaninchen, Baytril 100 mg/ml Oplossing voor gebruik in drinkwater, Baytril 100 mg/ml Solution buvable, Baytril 100 mg/ml Solution for Injection, Baytril 100 mg/ml koncentrat za peroralno raztopino za piščance, purane in kunce, Baytril 100 mg/ml oldat ivóvízbe keveréshez A.U.V., Baytril 100 mg/ml oplossing voor gebruik in drinkwater voor kippen, kalkoenen en konijnen, Baytril 100 mg/ml oplossing voor injectie, Baytril 100 mg/ml raztopina za injiciranje, Baytril 100 mg/ml solution for injection, Baytril 100 mg/ml soluzione iniettabile, Baytril 100 mg/ml solução injetável, Baytril 150 mg tabletta A.U.V., Baytril 2,5%, 25 mg/mL, otopina za injekciju za pse, mačke, prasad, kuniće, glodavce, gmazove i ukrasne ptice, Baytril 25 mg/ml - Injektionslösung für Tiere, Baytril 25 mg/ml - Lösung zum Eingeben für Kälber und Lämmer, Baytril 25 mg/ml Lösung zum Eingeben für Rinder (Kälber), Baytril 25 mg/ml Oplossing voor injectie, Baytril 25 mg/ml Oral Solution, Baytril 25 mg/ml Solution injectable, Baytril 25 mg/ml injekčný roztok, Baytril 25 mg/ml oldatos injekció A.U.V., Baytril 25 mg/ml oplossing voor injectie, Baytril 25 mg/ml roztwór do wstrzykiwań, Baytril 25 mg/ml solution for injection, Baytril 25 mg/ml soluzione iniettabile, Baytril 25 mg/ml soluzione iniettabile per cani, gatti, roditori e conigli da compagnia, rettili e uccelli ornamentali, Baytril 25 mg/ml soluzione orale per vitelli, ovini, caprini, suini, Baytril 25 mg/ml solução injetável, Baytril 5 mg/ml - Lösung zum Eingeben für Schweine, Baytril 5 mg/ml belsőleges oldat sertések részére A.U.V., Baytril 50 mg tabletta A.U.V., Baytril 50 mg/mL, otopina za injekciju, za telad, ovce, koze, svinje, pse i mačke, Baytril 50 mg/ml - Injektionslösung für Tiere, Baytril 50 mg/ml Oplossing voor injectie, Baytril 50 mg/ml Solution for Injection, Baytril 50 mg/ml Solution injectable, Baytril 50 mg/ml injekčný roztok, Baytril 50 mg/ml oldatos injekció A.U.V., Baytril 50 mg/ml oplossing voor injectie, Baytril 50 mg/ml raztopina za injiciranje, Baytril 50 mg/ml soluzione iniettabile, Baytril 50 mg/ml solução injetável, Baytril 50 mg/ml soluție injectabilă, Baytril Direct 100 mg/ml Injektionslösung für Rinder und Schweine, Baytril Piglet Doser 0.5% Oral Solution, Baytril Vet. 100 mg/ml injektionsvæske, opløsning, Baytril Vet. 150 mg tabletter, Baytril Vet. 25 mg/ml oral opløsning, Baytril Vet. 50 mg tabletter, Baytril Vet. 50 mg/ml i","Bloody diarrhoea, Death, Dehydration, Elevated serum alkaline phosphatase (ALP), Hypoalbuminaemia, Leukopenia NOS, Necropsy performed, Other abnormal test result NOS",1,1,1
ZAF-MERCKMSD-2019-ZA-00100,"<a target=""_blank""  href=""/xmlpserver/EVVET3 PW NEW/Subject Area Contents/Public Website/Report (PDF)/AER.xdo?_xpf=&_xpt=1&_params%2FOracle%20BI%20EE%3A%3ADefaultApp%3A%3AEVVET3%20PR%20NEW%2FAER%3A%3Adimension%2FAER%20Id%3A%3Aattribute%3A%3Anoaggr%3A%3Axsd%3Adouble=1275921&_xt=AER&_xf=pdf""> AER </a>",2019-02-13 00:00:00,Veterinarian,South Africa,MALE,Dog,Rottweiler,"BUSCOPAN COMPOSITUM ad us. vet. 4 mg/ml + 500 mg/ml, oplossing voor injectie voor paarden, kalveren en honden, BUSCOPAN compositum injekčný roztok pre kone a teľatá, BUSCOPAN compositum raztopina za injiciranje za konje, govedo, prašiče in pse, BUSCOPAN compositum, soluţie injectabilă, Buscopan Compositum, Buscopan Compositum Solution for Injection, Buscopan Compositum Vet (0,4 g + 50 g)/100 ml Roztwór do wstrzykiwań, Buscopan Compositum ad us.vet. 4 mg/ml + 500 mg/ml, solution injectable pour chevaux, veaux et chiens, Buscopan compositum, Buscopan compositum - Injektionslösung für Tiere, Buscopan compositum 504 mg/ml ενέσιμο διάλυμα για άλογα, βοοειδή, χοίρους και σκύλους, Buscopan compositum injekció A.U.V., Buscopan compositum vet. injektioneste, liuos hevosille, Buscopan compositum, Injekční roztok, Buscopan compositum, injekcinis tirpalas arkliams ir galvijams (veršeliams), Buscopan compositum-injectie 4 mg/ml + 500 mg/ml oplossing voor injectie, Buscopan compositum-injectie I.M. 4 mg/ml + 500 mg/ml oplossing voor injectie voor runderen, varkens en honden, Cerenia 10 mg/ml  - Solution for injection, Cerenia 16 mg  - Tablet, Cerenia 160 mg  - Tablet, Cerenia 24 mg  - Tablet, Cerenia 60 mg - Tablet, MILBEMAX 12,5 mg/125 mg comprimate pentru câini, MILBEMAX 12.5 MG/125 MG CHEWABLE TABLETS FOR DOGS, MILBEMAX 12.5 MG/125 MG TABLETS FOR DOGS, MILBEMAX 16 MG/40 MG FILM-COATED TABLETS FOR CATS, MILBEMAX 16 mg/40 mg comprimate filmate pentru pisici, MILBEMAX 2,5 MG/25 MG COMPRIMES A CROQUER POUR PETITS CHIENS ET CHIOTS, MILBEMAX 2,5 mg/25 mg comprimate pentru câini de talie mică și căței, MILBEMAX 2.5 MG/25 MG CHEWABLE TABLETS FOR SMALL DOGS AND PUPPIES, MILBEMAX 2.5 MG/25 MG TABLETS FOR SMALL DOGS AND PUPPIES, MILBEMAX 4 MG/10 MG FILM-COATED TABLETS FOR SMALL CATS AND KITTENS, MILBEMAX 4 mg/10 mg comprimate filmate pentru pisici de talie mică și pisicuțe, MILBEMAX CHEWABLE TABLETS FOR SMALL DOGS AND PUPPIES, MILBEMAX Comprimés pelliculés pour chats, MILBEMAX Comprimés pelliculés pour petits chats et chatons, MILBEMAX comprimés pour chiens, MILBEMAX comprimés pour petits chiens et chiots, MILBEMAX comprimés à croquer pour chiens, MILBEMAX comprimés à croquer pour petits chiens et chiots, MILBEVET 12.5 MG/125 MG CHEWABLE TABLETS FOR DOGS, MILBEVET 2.5 MG/25 MG CHEWABLE TABLETS FOR SMALL DOGS AND PUPPIES, Milbemax 12,5 mg/125 mg kauwtabletten voor honden, Milbemax 16 mg+40 mg filmovertrukne tabletter, Milbemax 16 mg/40 mg filmomhulde tabletten voor katten, Milbemax Vet. til katte 16 mg+40 mg filmovertrukne tabletter, NOBI-VAC PUPPY D.P. ΚΟΝΙΣ ΚΑΙ ΔΙΑΛΥΤΗΣ ΓΙΑ ΕΝΕΣΙΜΟ ΕΝΑΙΩΡΗΜΑ, NOBI-VAC RABIES INJECTION, NOBIVAC PUPPY DP, NOBIVAC RABIES, NOBIVAC RABIES ΕΝΕΣΙΜΟ ΕΝΑΙΩΡΗΜΑ, NOBIVAC RABIES, injekcinė suspensija šunims, katėms, galvijams, avims, ožkoms, lapėms, šeškams ir arkliams, Nobivac Puppy DP, Nobivac Puppy DP Liofilizat i rozpuszczalnik do sporządzania zawiesiny do wstrzykiwań, Nobivac Puppy DP Vet. pulver og solvens til injektionsvæske, suspension, Nobivac Puppy DP liofilizāts un šķīdinātājs suspensijas injekcijām pagatavošanai suņiem, Nobivac Puppy DP lyofilizát a rozpúšťadlo na injekčnú suspenziu pre psy, Nobivac Puppy DP vakcina A.U.V., Nobivac Puppy DP, Lyofilizát pro injekční suspenzi, Nobivac Puppy DP, liofilizatas ir skiediklis injekcinei suspensijai ruošti šunims, Nobivac Puppy DP, suspensão injetável para cães (cachorros), Nobivac Puppy DP, süstesuspensiooni lüofilisaat koertele, Nobivac Rabies  Suspensie voor injectie, Nobivac Rabies Vet. injektionsvæske, suspension, Nobivac Rabies Zawiesina do wstrzykiwań, Nobivac Rabies injekčná suspenzia pre psy, mačky, hovädzí dobytok, ovce, kozy, líšky, fretky a kone, Nobivac Rabies suspensija injekcijām liellopiem, zirgiem, aitām, kazām, lapsām, mājas seskiem, suņiem un kaķiem, Nobivac Rabies suspension for injection for dogs and cats, Nobivac Rabies suspensão injetável para cães, gatos, bovinos e equinos, Nobivac Rabies vakcina A.U.V., Nobivac Rabies vet injektioneste, suspensio,","Allergic reaction, Lack of efficacy (virus) - NOS, Lack of efficacy (virus) - parvovirus (including feline panleukopenia)",1,1,